timestamp,turn,phase,nation,unit_id,unit_type,action_type,from_q,from_r,to_q,to_r,target_q,target_r,target_type,target_value_before,target_value_after,movement_mode,path_len,path_used,progressive_used,adaptive_frac,mp_before,mp_after,fuel_before,fuel_after,combat_dmg_dealt,combat_dmg_taken,enemy_adj_before,enemy_adj_after,threat_level,decision_reason,extra_tags,reason,skip_reason,target_search_candidates,target_search_best_score,target_search_best_distance,group_id,group_size,group_leader_pos,group_assignment_score,strategic_state,aggression_level,priority_level,target_is_free,fallback_used,enemy_distance,threat_assessment,coordination_mode,ai_memory_target,reassignment_count,tactical_mode,pathfinding_failures,valid_candidates,total_candidates,unit_mp_available,unit_fuel_available
2025-09-15T23:51:22.710597,,,Polska,TURN_START,,turn_begin,,,,,,,,,,,,,,,,,,,,,,,,,,AI Commander turn started for player 2,,,,,,,,,,,,,,,,,,,,,,,,
2025-09-15T23:51:23.033725,,grouping,Polska,GROUP_1,,group_formation,24,-9,24,-8,24,-8,,,,,,,,,,,,,,,,,,,,"Group 1: 3 units, score 0.00",,,,,1,3,"24,-9",0.0,,,,False,,,,advanced,,,,,,,,
2025-09-15T23:51:23.033725,,grouping,Polska,GROUP_3,,group_formation,28,2,28,3,28,3,,,,,,,,,,,,,,,,,,,,"Group 3: 1 units, score 0.00",,,,,3,1,"28,2",0.0,,,,False,,,,advanced,,,,,,,,
2025-09-15T23:51:23.033725,,grouping,Polska,GROUP_4,,group_formation,15,-7,15,-6,15,-6,,,,,,,,,,,,,,,,,,,,"Group 4: 1 units, score 0.00",,,,,4,1,"15,-7",0.0,,,,False,,,,advanced,,,,,,,,
2025-09-15T23:51:23.051306,,strategy,Polska,STRATEGY,,strategic_decision,,,,,,,,,,,,,,,,,,,,,,,,,,"Strategy: REASSIGNMENT, aggression 0.50, 4 groups, 0 reassignments",,,,,,,,,REASSIGNMENT,0.5,,,,,,adaptive,,0,dynamic_reassignment,,,,,
2025-09-15T23:51:23.065159,,strategy,Polska,STRATEGY,,strategic_decision,,,,,,,,,,,,,,,,,,,,,,,,,,"Strategy: REASSIGNMENT, aggression 0.50, 4 groups, 0 reassignments",,,,,,,,,REASSIGNMENT,0.5,,,,,,adaptive,,0,dynamic_reassignment,,,,,
2025-09-15T23:51:23.073539,,,Polska,TL_Kompania__2_Batalion_Pancerny,,adaptive_autonomous,24,-8,24,-8,,,,,,,,,,,,,,,,,,,,,,"Advanced auto mode: group 1 (strategy: TIED, aggr: 0.5)",,,,,,,,,,,,,,,,,,,,,,,,
2025-09-15T23:51:23.139700,,strategy,Polska,STRATEGY,,strategic_decision,,,,,,,,,,,,,,,,,,,,,,,,,,"Strategy: REASSIGNMENT, aggression 0.50, 1 groups, 0 reassignments",,,,,,,,,REASSIGNMENT,0.5,,,,,,adaptive,,0,dynamic_reassignment,,,,,
2025-09-15T23:51:23.157747,,target_selection,Polska,P_Pluton__2_Kompania_Grenadier_w,,target_analysis,,,,,27,5,,,,,,,,,,,,,,,,,,,,"Target analysis: 29 candidates, score -1.00",,29,-1,999,,,,,,,,,False,,,,,,,29,29,29,2,2
2025-09-15T23:51:23.168967,,,Polska,P_Pluton__2_Kompania_Grenadier_w,,adaptive_autonomous,27,5,27,5,,,,,,,,,,,,,,,,,,,,,,"Advanced auto mode: group 2 (strategy: TIED, aggr: 0.5)",,,,,,,,,,,,,,,,,,,,,,,,
2025-09-15T23:51:23.207184,,,Polska,P_Kompania__2_Pu_k_Piechoty,,adaptive_autonomous,28,3,28,3,,,,,,,,,,,,,,,,,,,,,,"Advanced auto mode: group 3 (strategy: TIED, aggr: 0.5)",,,,,,,,,,,,,,,,,,,,,,,,
2025-09-15T23:51:23.239201,,,Polska,TURN_END,,turn_summary,,,,,,,,,,,7,3,,,,,,,,,,,,advanced,opp=1;groups=4;adv=True,"Turn completed: 3/7 units moved, 4 groups (advanced)",,,,,,,,,,,,,,,,,,,,,,,,
2025-09-15T23:51:23.285512,,,Polska,TURN_START,,turn_begin,,,,,,,,,,,,,,,,,,,,,,,,,,AI Commander turn started for player 3,,,,,,,,,,,,,,,,,,,,,,,,
2025-09-15T23:51:23.893368,,grouping,Polska,GROUP_4,,group_formation,34,10,34,11,34,11,,,,,,,,,,,,,,,,,,,,"Group 4: 3 units, score 0.00",,,,,4,3,"34,10",0.0,,,,False,,,,advanced,,,,,,,,
2025-09-15T23:51:23.994700,,strategy,Polska,STRATEGY,,strategic_decision,,,,,,,,,,,,,,,,,,,,,,,,,,"Strategy: REASSIGNMENT, aggression 0.50, 4 groups, 0 reassignments",,,,,,,,,REASSIGNMENT,0.5,,,,,,adaptive,,0,dynamic_reassignment,,,,,
2025-09-15T23:51:24.096109,,strategy,Polska,STRATEGY,,strategic_decision,,,,,,,,,,,,,,,,,,,,,,,,,,"Strategy: REASSIGNMENT, aggression 0.50, 4 groups, 0 reassignments",,,,,,,,,REASSIGNMENT,0.5,,,,,,adaptive,,0,dynamic_reassignment,,,,,
2025-09-15T23:51:24.147716,,strategy,Polska,STRATEGY,,strategic_decision,,,,,,,,,,,,,,,,,,,,,,,,,,"Strategy: REASSIGNMENT, aggression 0.50, 1 groups, 0 reassignments",,,,,,,,,REASSIGNMENT,0.5,,,,,,adaptive,,0,dynamic_reassignment,,,,,
2025-09-15T23:51:24.209202,,target_selection,Polska,Z_Pluton__3_Batalion_Wsparcia,,target_analysis,,,,,10,26,,,,,,,,,,,,,,,,,,,,"Target analysis: 29 candidates, score -1.00",,29,-1,999,,,,,,,,,False,,,,,,,29,29,29,7,4
2025-09-15T23:51:24.255360,,strategy,Polska,STRATEGY,,strategic_decision,,,,,,,,,,,,,,,,,,,,,,,,,,"Strategy: REASSIGNMENT, aggression 0.50, 1 groups, 0 reassignments",,,,,,,,,REASSIGNMENT,0.5,,,,,,adaptive,,0,dynamic_reassignment,,,,,
2025-09-15T23:51:24.319405,,target_selection,Polska,Z_Pluton__3_Kompania_Zaopatrzeniowa,,target_analysis,,,,,20,19,,,,,,,,,,,,,,,,,,,,"Target analysis: 29 candidates, score -1.00",,29,-1,999,,,,,,,,,False,,,,,,,29,29,29,5,4
2025-09-15T23:51:24.338159,,strategy,Polska,STRATEGY,,strategic_decision,,,,,,,,,,,,,,,,,,,,,,,,,,"Strategy: REASSIGNMENT, aggression 0.50, 1 groups, 0 reassignments",,,,,,,,,REASSIGNMENT,0.5,,,,,,adaptive,,0,dynamic_reassignment,,,,,
2025-09-15T23:51:24.369180,,target_selection,Polska,P_Kompania__3_Batalion_Strzelc_w,,target_analysis,,,,,29,10,,,,,,,,,,,,,,,,,,,,"Target analysis: 29 candidates, score -1.00",,29,-1,999,,,,,,,,,False,,,,,,,29,29,29,7,2
2025-09-15T23:51:24.369180,,,Polska,P_Kompania__3_Batalion_Strzelc_w,,adaptive_autonomous,29,10,29,10,,,,,,,,,,,,,,,,,,,,,,"Advanced auto mode: group 3 (strategy: TIED, aggr: 0.5)",,,,,,,,,,,,,,,,,,,,,,,,
2025-09-15T23:51:24.438356,,,Polska,P_Pluton__3_Pu_k_Piechoty_20250913214024,,adaptive_autonomous,34,11,34,11,,,,,,,,,,,,,,,,,,,,,,"Advanced auto mode: group 4 (strategy: TIED, aggr: 0.5)",,,,,,,,,,,,,,,,,,,,,,,,
2025-09-15T23:51:24.486826,,,Polska,TURN_END,,turn_summary,,,,,,,,,,,9,2,,,,,,,,,,,,advanced,opp=0;groups=4;adv=True,"Turn completed: 2/9 units moved, 4 groups (advanced)",,,,,,,,,,,,,,,,,,,,,,,,
2025-09-15T23:51:24.593941,,,Niemcy,TURN_START,,turn_begin,,,,,,,,,,,,,,,,,,,,,,,,,,AI Commander turn started for player 5,,,,,,,,,,,,,,,,,,,,,,,,
2025-09-15T23:51:24.924439,,strategy,Niemcy,STRATEGY,,strategic_decision,,,,,,,,,,,,,,,,,,,,,,,,,,"Strategy: REASSIGNMENT, aggression 0.50, 2 groups, 0 reassignments",,,,,,,,,REASSIGNMENT,0.5,,,,,,adaptive,,0,dynamic_reassignment,,,,,
2025-09-15T23:51:24.940199,,strategy,Niemcy,STRATEGY,,strategic_decision,,,,,,,,,,,,,,,,,,,,,,,,,,"Strategy: REASSIGNMENT, aggression 0.50, 2 groups, 0 reassignments",,,,,,,,,REASSIGNMENT,0.5,,,,,,adaptive,,0,dynamic_reassignment,,,,,
2025-09-15T23:51:24.957996,,strategy,Niemcy,STRATEGY,,strategic_decision,,,,,,,,,,,,,,,,,,,,,,,,,,"Strategy: REASSIGNMENT, aggression 0.50, 1 groups, 0 reassignments",,,,,,,,,REASSIGNMENT,0.5,,,,,,adaptive,,0,dynamic_reassignment,,,,,
2025-09-15T23:51:24.983500,,target_selection,Niemcy,P_Pluton__5_Infanterie_Regiment,,target_analysis,,,,,35,-15,,,,,,,,,,,,,,,,,,,,"Target analysis: 29 candidates, score -1.00",,29,-1,999,,,,,,,,,False,,,,,,,29,29,29,6,2
2025-09-15T23:51:24.991171,,,Niemcy,P_Pluton__5_Infanterie_Regiment,,adaptive_autonomous,35,-15,35,-15,,,,,,,,,,,,,,,,,,,,,,"Advanced auto mode: group 1 (strategy: TIED, aggr: 0.5)",,,,,,,,,,,,,,,,,,,,,,,,
2025-09-15T23:51:25.038440,,,Niemcy,AC_Kompania__5_schwere_Artillerie,,adaptive_autonomous,36,-16,35,-15,,,,,,,,,,,,,,,,,,,,,,"Advanced auto mode: group 1 (strategy: TIED, aggr: 0.5)",,,,,,,,,,,,,,,,,,,,,,,,
2025-09-15T23:51:25.047650,,,Niemcy,AL_Batalion__5_Artillerie_Abteilung,,adaptive_autonomous,38,-17,35,-15,,,,,,,,,,,,,,,,,,,,,,"Advanced auto mode: group 1 (strategy: TIED, aggr: 0.5)",,,,,,,,,,,,,,,,,,,,,,,,
2025-09-15T23:51:25.059948,,strategy,Niemcy,STRATEGY,,strategic_decision,,,,,,,,,,,,,,,,,,,,,,,,,,"Strategy: REASSIGNMENT, aggression 0.50, 1 groups, 0 reassignments",,,,,,,,,REASSIGNMENT,0.5,,,,,,adaptive,,0,dynamic_reassignment,,,,,
2025-09-15T23:51:25.079155,,target_selection,Niemcy,P_Pluton__5_Sch_tzen_Kompanie_20250913214034,,target_analysis,,,,,40,-14,,,,,,,,,,,,,,,,,,,,"Target analysis: 29 candidates, score -1.00",,29,-1,999,,,,,,,,,False,,,,,,,29,29,29,2,2
2025-09-15T23:51:25.086316,,,Niemcy,TURN_END,,turn_summary,,,,,,,,,,,9,3,,,,,,,,,,,,advanced,opp=0;groups=2;adv=True,"Turn completed: 3/9 units moved, 2 groups (advanced)",,,,,,,,,,,,,,,,,,,,,,,,
2025-09-15T23:51:25.144876,,,Niemcy,TURN_START,,turn_begin,,,,,,,,,,,,,,,,,,,,,,,,,,AI Commander turn started for player 6,,,,,,,,,,,,,,,,,,,,,,,,
2025-09-15T23:51:25.286456,,,Niemcy,RESUPPLY_NEEDS,,resupply_analysis,,,,,,,,,,,,,,,,,,,,,,,,,,NEEDS_ANALYSIS PRE_RAID_OPTIMIZATION | TOTAL_FUEL_NEEDED: 1 | TOTAL_COMBAT_NEEDED: 0 | TOTAL_PE_NEEDED: 1 | BUDGET_AVAILABLE: 5 | UNITS_REQUIRING_HELP: 1,,,,,,,,,,,,,,,,,,,,,,,,
2025-09-15T23:51:25.286456,,,Niemcy,RESUPPLY_OPERATION,,resupply_summary,,,,,,,,,,,,,,,,,,,,,,,,,,RESUPPLY_SUMMARY PRE_RAID_OPTIMIZATION | TOTAL_PE_SPENT: 0 | UNITS_RESUPPLIED: 0/1 | BUDGET_ALLOCATED: 5 | PE_REMAINING: 11,,,,,,,,,,,,,,,,,,,,,,,,
2025-09-15T23:51:25.345009,,target_selection,Niemcy,Z_Pluton__6_Unterst_tzungs_Bataillon_20250913214051,,target_analysis,,,,,39,6,,,,,,,,,,,,,,,,,,,,"Target analysis: 29 candidates, score -1.00",,29,-1,999,,,,,,,,,False,,,,,,,29,29,29,11,3
2025-09-15T23:51:25.345009,,,Niemcy,Z_Pluton__6_Unterst_tzungs_Bataillon_20250913214051,,second_move,,,39,6,,,,,,,,,,,,,,,,,,,,,,second_chance after PRE_RAID_OPTIMIZATION,,,,,,,,,,,,,,,,,,,,,,,,
2025-09-15T23:51:25.360645,,,Niemcy,RESUPPLY_NEEDS,,resupply_analysis,,,,,,,,,,,,,,,,,,,,,,,,,,NEEDS_ANALYSIS PRE_RAID_OPTIMIZATION | TOTAL_FUEL_NEEDED: 3 | TOTAL_COMBAT_NEEDED: 0 | TOTAL_PE_NEEDED: 3 | BUDGET_AVAILABLE: 5 | UNITS_REQUIRING_HELP: 2,,,,,,,,,,,,,,,,,,,,,,,,
2025-09-15T23:51:25.360645,,,Niemcy,Z_Pluton__6_Unterst_tzungs_Bataillon_20250913214051,,resupply_detailed,39,6,39,6,,,,,,,,,,,,,,,,,,,,,,phase1 PRE_RAID_OPTIMIZATION | PE_SPENT: fuel=1 combat=0 total=1 | BEFORE: fuel=2 combat=4 | AFTER: fuel=3 combat=4,,,,,,,,,,,,,,,,,,,,,,,,
2025-09-15T23:51:25.360645,,,Niemcy,RESUPPLY_OPERATION,,resupply_summary,,,,,,,,,,,,,,,,,,,,,,,,,,RESUPPLY_SUMMARY PRE_RAID_OPTIMIZATION | TOTAL_PE_SPENT: 1 | UNITS_RESUPPLIED: 1/2 | BUDGET_ALLOCATED: 5 | PE_REMAINING: 10,,,,,,,,,,,,,,,,,,,,,,,,
2025-09-15T23:51:25.420414,,target_selection,Niemcy,Z_Pluton__6_Unterst_tzungs_Bataillon_20250913214051,,target_analysis,,,,,42,6,,,,,,,,,,,,,,,,,,,,"Target analysis: 29 candidates, score -1.00",,29,-1,999,,,,,,,,,False,,,,,,,29,29,29,6,3
2025-09-15T23:51:25.428059,,,Niemcy,Z_Pluton__6_Unterst_tzungs_Bataillon_20250913214051,,second_move,,,42,6,,,,,,,,,,,,,,,,,,,,,,second_chance after PRE_RAID_OPTIMIZATION,,,,,,,,,,,,,,,,,,,,,,,,
2025-09-15T23:51:25.438609,,target_selection,Niemcy,Z_Batalion__6_Versorgungs_Kompanie,,target_analysis,,,,,52,-13,,,,,,,,,,,,,,,,,,,,"Target analysis: 29 candidates, score 30.00",,29,30.0,1,,,,,,,,,False,,,,"(52, -13)",,,27,29,29,5,3
2025-09-15T23:51:25.438609,,,Niemcy,Z_Batalion__6_Versorgungs_Kompanie,,second_move,,,52,-13,,,,,,,,,,,,,,,,,,,,,,second_chance after PRE_RAID_OPTIMIZATION,,,,,,,,,,,,,,,,,,,,,,,,
2025-09-15T23:51:25.454499,,,Niemcy,RESUPPLY_NEEDS,,resupply_analysis,,,,,,,,,,,,,,,,,,,,,,,,,,NEEDS_ANALYSIS PRE_RAID_OPTIMIZATION | TOTAL_FUEL_NEEDED: 5 | TOTAL_COMBAT_NEEDED: 0 | TOTAL_PE_NEEDED: 5 | BUDGET_AVAILABLE: 5 | UNITS_REQUIRING_HELP: 3,,,,,,,,,,,,,,,,,,,,,,,,
2025-09-15T23:51:25.454499,,,Niemcy,Z_Pluton__6_Unterst_tzungs_Bataillon_20250913214051,,resupply_detailed,42,6,42,6,,,,,,,,,,,,,,,,,,,,,,phase1 PRE_RAID_OPTIMIZATION | PE_SPENT: fuel=1 combat=0 total=1 | BEFORE: fuel=2 combat=4 | AFTER: fuel=3 combat=4,,,,,,,,,,,,,,,,,,,,,,,,
2025-09-15T23:51:25.454499,,,Niemcy,Z_Batalion__6_Versorgungs_Kompanie,,resupply_detailed,52,-13,52,-13,,,,,,,,,,,,,,,,,,,,,,phase1 PRE_RAID_OPTIMIZATION | PE_SPENT: fuel=1 combat=0 total=1 | BEFORE: fuel=2 combat=7 | AFTER: fuel=3 combat=7,,,,,,,,,,,,,,,,,,,,,,,,
2025-09-15T23:51:25.454499,,,Niemcy,RESUPPLY_OPERATION,,resupply_summary,,,,,,,,,,,,,,,,,,,,,,,,,,RESUPPLY_SUMMARY PRE_RAID_OPTIMIZATION | TOTAL_PE_SPENT: 2 | UNITS_RESUPPLIED: 2/3 | BUDGET_ALLOCATED: 5 | PE_REMAINING: 8,,,,,,,,,,,,,,,,,,,,,,,,
2025-09-15T23:51:25.525312,,target_selection,Niemcy,Z_Pluton__6_Unterst_tzungs_Bataillon_20250913214051,,target_analysis,,,,,42,9,,,,,,,,,,,,,,,,,,,,"Target analysis: 29 candidates, score -1.00",,29,-1,999,,,,,,,,,False,,,,,,,29,29,29,5,3
2025-09-15T23:51:25.528698,,,Niemcy,Z_Pluton__6_Unterst_tzungs_Bataillon_20250913214051,,second_move,,,42,9,,,,,,,,,,,,,,,,,,,,,,second_chance after PRE_RAID_OPTIMIZATION,,,,,,,,,,,,,,,,,,,,,,,,
2025-09-15T23:51:25.548276,,target_selection,Niemcy,Z_Batalion__6_Versorgungs_Kompanie,,target_analysis,,,,,55,-13,,,,,,,,,,,,,,,,,,,,"Target analysis: 29 candidates, score -1.00",,29,-1,999,,,,,,,,,False,,,,,,,29,29,29,4,3
2025-09-15T23:51:25.553801,,,Niemcy,Z_Batalion__6_Versorgungs_Kompanie,,second_move,,,55,-13,,,,,,,,,,,,,,,,,,,,,,second_chance after PRE_RAID_OPTIMIZATION,,,,,,,,,,,,,,,,,,,,,,,,
2025-09-15T23:51:25.570356,,target_selection,Niemcy,Z_Pluton__6_Unterst_tzungs_Bataillon_20250913214048,,target_analysis,,,,,52,-13,,,,,,,,,,,,,,,,,,,,"Target analysis: 29 candidates, score 30.00",,29,30.0,1,,,,,,,,,False,,,,"(52, -13)",,,27,29,29,7,3
2025-09-15T23:51:25.570356,,,Niemcy,Z_Pluton__6_Unterst_tzungs_Bataillon_20250913214048,,second_move,,,52,-13,,,,,,,,,,,,,,,,,,,,,,second_chance after PRE_RAID_OPTIMIZATION,,,,,,,,,,,,,,,,,,,,,,,,
2025-09-15T23:51:25.587259,,,Niemcy,RESUPPLY_NEEDS,,resupply_analysis,,,,,,,,,,,,,,,,,,,,,,,,,,NEEDS_ANALYSIS PRE_RAID_OPTIMIZATION | TOTAL_FUEL_NEEDED: 7 | TOTAL_COMBAT_NEEDED: 0 | TOTAL_PE_NEEDED: 7 | BUDGET_AVAILABLE: 5 | UNITS_REQUIRING_HELP: 4,,,,,,,,,,,,,,,,,,,,,,,,
2025-09-15T23:51:25.587259,,,Niemcy,Z_Pluton__6_Unterst_tzungs_Bataillon_20250913214051,,resupply_detailed,42,9,42,9,,,,,,,,,,,,,,,,,,,,,,phase1 PRE_RAID_OPTIMIZATION | PE_SPENT: fuel=1 combat=0 total=1 | BEFORE: fuel=2 combat=4 | AFTER: fuel=3 combat=4,,,,,,,,,,,,,,,,,,,,,,,,
2025-09-15T23:51:25.587259,,,Niemcy,Z_Batalion__6_Versorgungs_Kompanie,,resupply_detailed,55,-13,55,-13,,,,,,,,,,,,,,,,,,,,,,phase1 PRE_RAID_OPTIMIZATION | PE_SPENT: fuel=1 combat=0 total=1 | BEFORE: fuel=2 combat=7 | AFTER: fuel=3 combat=7,,,,,,,,,,,,,,,,,,,,,,,,
2025-09-15T23:51:25.587259,,,Niemcy,Z_Pluton__6_Unterst_tzungs_Bataillon_20250913214048,,resupply_detailed,52,-13,52,-13,,,,,,,,,,,,,,,,,,,,,,phase1 PRE_RAID_OPTIMIZATION | PE_SPENT: fuel=1 combat=0 total=1 | BEFORE: fuel=2 combat=4 | AFTER: fuel=3 combat=4,,,,,,,,,,,,,,,,,,,,,,,,
2025-09-15T23:51:25.587259,,,Niemcy,RESUPPLY_OPERATION,,resupply_summary,,,,,,,,,,,,,,,,,,,,,,,,,,RESUPPLY_SUMMARY PRE_RAID_OPTIMIZATION | TOTAL_PE_SPENT: 3 | UNITS_RESUPPLIED: 3/4 | BUDGET_ALLOCATED: 5 | PE_REMAINING: 5,,,,,,,,,,,,,,,,,,,,,,,,
2025-09-15T23:51:25.637219,,target_selection,Niemcy,Z_Pluton__6_Unterst_tzungs_Bataillon_20250913214051,,target_analysis,,,,,39,12,,,,,,,,,,,,,,,,,,,,"Target analysis: 29 candidates, score -1.00",,29,-1,999,,,,,,,,,False,,,,,,,29,29,29,4,3
2025-09-15T23:51:25.645829,,,Niemcy,Z_Pluton__6_Unterst_tzungs_Bataillon_20250913214051,,second_move,,,39,12,,,,,,,,,,,,,,,,,,,,,,second_chance after PRE_RAID_OPTIMIZATION,,,,,,,,,,,,,,,,,,,,,,,,
2025-09-15T23:51:25.664734,,target_selection,Niemcy,Z_Batalion__6_Versorgungs_Kompanie,,target_analysis,,,,,55,-16,,,,,,,,,,,,,,,,,,,,"Target analysis: 29 candidates, score -1.00",,29,-1,999,,,,,,,,,False,,,,,,,29,29,29,3,3
2025-09-15T23:51:25.669153,,,Niemcy,Z_Batalion__6_Versorgungs_Kompanie,,second_move,,,55,-16,,,,,,,,,,,,,,,,,,,,,,second_chance after PRE_RAID_OPTIMIZATION,,,,,,,,,,,,,,,,,,,,,,,,
2025-09-15T23:51:25.673344,,target_selection,Niemcy,Z_Pluton__6_Unterst_tzungs_Bataillon_20250913214048,,target_analysis,,,,,51,-12,,,,,,,,,,,,,,,,,,,,"Target analysis: 29 candidates, score 30.00",,29,30.0,1,,,,,,,,,False,,,,"(51, -12)",,,28,29,29,6,3
2025-09-15T23:51:25.689190,,,Niemcy,Z_Pluton__6_Unterst_tzungs_Bataillon_20250913214048,,second_move,,,51,-12,,,,,,,,,,,,,,,,,,,,,,second_chance after PRE_RAID_OPTIMIZATION,,,,,,,,,,,,,,,,,,,,,,,,
2025-09-15T23:51:25.705314,,target_selection,Niemcy,Z_Pluton__6_Versorgungs_Kompanie,,target_analysis,,,,,52,-13,,,,,,,,,,,,,,,,,,,,"Target analysis: 29 candidates, score 30.00",,29,30.0,1,,,,,,,,,False,,,,"(52, -13)",,,27,29,29,7,3
2025-09-15T23:51:25.705314,,,Niemcy,Z_Pluton__6_Versorgungs_Kompanie,,second_move,,,52,-13,,,,,,,,,,,,,,,,,,,,,,second_chance after PRE_RAID_OPTIMIZATION,,,,,,,,,,,,,,,,,,,,,,,,
2025-09-15T23:51:25.824809,,strategy,Niemcy,STRATEGY,,strategic_decision,,,,,,,,,,,,,,,,,,,,,,,,,,"Strategy: REASSIGNMENT, aggression 0.50, 3 groups, 0 reassignments",,,,,,,,,REASSIGNMENT,0.5,,,,,,adaptive,,0,dynamic_reassignment,,,,,
2025-09-15T23:51:25.875860,,strategy,Niemcy,STRATEGY,,strategic_decision,,,,,,,,,,,,,,,,,,,,,,,,,,"Strategy: REASSIGNMENT, aggression 0.50, 3 groups, 0 reassignments",,,,,,,,,REASSIGNMENT,0.5,,,,,,adaptive,,0,dynamic_reassignment,,,,,
2025-09-15T23:51:25.891541,,strategy,Niemcy,STRATEGY,,strategic_decision,,,,,,,,,,,,,,,,,,,,,,,,,,"Strategy: REASSIGNMENT, aggression 0.50, 1 groups, 0 reassignments",,,,,,,,,REASSIGNMENT,0.5,,,,,,adaptive,,0,dynamic_reassignment,,,,,
2025-09-15T23:51:25.927380,,target_selection,Niemcy,P_Pluton__6_Sch_tzen_Kompanie,,target_analysis,,,,,36,4,,,,,,,,,,,,,,,,,,,,"Target analysis: 29 candidates, score -1.00",,29,-1,999,,,,,,,,,False,,,,,,,29,29,29,5,2
2025-09-15T23:51:25.927380,,,Niemcy,P_Pluton__6_Sch_tzen_Kompanie,,adaptive_autonomous,36,4,36,4,,,,,,,,,,,,,,,,,,,,,,"Advanced auto mode: group 1 (strategy: TIED, aggr: 0.5)",,,,,,,,,,,,,,,,,,,,,,,,
2025-09-15T23:51:25.982410,,strategy,Niemcy,STRATEGY,,strategic_decision,,,,,,,,,,,,,,,,,,,,,,,,,,"Strategy: REASSIGNMENT, aggression 0.50, 1 groups, 0 reassignments",,,,,,,,,REASSIGNMENT,0.5,,,,,,adaptive,,0,dynamic_reassignment,,,,,
2025-09-15T23:51:26.020718,,target_selection,Niemcy,P_Batalion__6_Infanterie_Regiment,,target_analysis,,,,,38,10,,,,,,,,,,,,,,,,,,,,"Target analysis: 29 candidates, score -1.00",,29,-1,999,,,,,,,,,False,,,,,,,29,29,29,5,2
2025-09-15T23:51:26.020718,,,Niemcy,P_Batalion__6_Infanterie_Regiment,,adaptive_autonomous,38,10,38,10,,,,,,,,,,,,,,,,,,,,,,"Advanced auto mode: group 2 (strategy: TIED, aggr: 0.5)",,,,,,,,,,,,,,,,,,,,,,,,
2025-09-15T23:51:26.037424,,strategy,Niemcy,STRATEGY,,strategic_decision,,,,,,,,,,,,,,,,,,,,,,,,,,"Strategy: REASSIGNMENT, aggression 0.50, 1 groups, 0 reassignments",,,,,,,,,REASSIGNMENT,0.5,,,,,,adaptive,,0,dynamic_reassignment,,,,,
2025-09-15T23:51:26.048823,,target_selection,Niemcy,P_Pluton__6_Grenadier_Bataillon,,target_analysis,,,,,49,-9,,,,,,,,,,,,,,,,,,,,"Target analysis: 29 candidates, score -1.00",,29,-1,999,,,,,,,,,False,,,,,,,29,29,29,5,2
2025-09-15T23:51:26.064496,,,Niemcy,P_Pluton__6_Grenadier_Bataillon,,adaptive_autonomous,49,-9,49,-9,,,,,,,,,,,,,,,,,,,,,,"Advanced auto mode: group 3 (strategy: TIED, aggr: 0.5)",,,,,,,,,,,,,,,,,,,,,,,,
2025-09-15T23:51:26.095528,,,Niemcy,TURN_END,,turn_summary,,,,,,,,,,,5,3,,,,,,,,,,,,advanced,opp=4;groups=3;adv=True,"Turn completed: 3/5 units moved, 3 groups (advanced)",,,,,,,,,,,,,,,,,,,,,,,,
2025-09-15T23:51:26.200815,,,Polska,TURN_START,,turn_begin,,,,,,,,,,,,,,,,,,,,,,,,,,AI Commander turn started for player 2,,,,,,,,,,,,,,,,,,,,,,,,
2025-09-15T23:51:26.204497,,,Polska,RESUPPLY_NEEDS,,resupply_analysis,,,,,,,,,,,,,,,,,,,,,,,,,,NEEDS_ANALYSIS PRE_RAID_OPTIMIZATION | TOTAL_FUEL_NEEDED: 6 | TOTAL_COMBAT_NEEDED: 0 | TOTAL_PE_NEEDED: 6 | BUDGET_AVAILABLE: 6 | UNITS_REQUIRING_HELP: 6,,,,,,,,,,,,,,,,,,,,,,,,
2025-09-15T23:51:26.204497,,,Polska,P_Pluton__2_Kompania_Grenadier_w,,resupply_detailed,27,5,27,5,,,,,,,,,,,,,,,,,,,,,,phase1 PRE_RAID_OPTIMIZATION | PE_SPENT: fuel=1 combat=0 total=1 | BEFORE: fuel=1 combat=8 | AFTER: fuel=2 combat=8,,,,,,,,,,,,,,,,,,,,,,,,
2025-09-15T23:51:26.204497,,,Polska,P_Kompania__2_Pu_k_Piechoty,,resupply_detailed,28,3,28,3,,,,,,,,,,,,,,,,,,,,,,phase1 PRE_RAID_OPTIMIZATION | PE_SPENT: fuel=1 combat=0 total=1 | BEFORE: fuel=1 combat=11 | AFTER: fuel=2 combat=11,,,,,,,,,,,,,,,,,,,,,,,,
2025-09-15T23:51:26.204497,,,Polska,RESUPPLY_OPERATION,,resupply_summary,,,,,,,,,,,,,,,,,,,,,,,,,,RESUPPLY_SUMMARY PRE_RAID_OPTIMIZATION | TOTAL_PE_SPENT: 2 | UNITS_RESUPPLIED: 2/6 | BUDGET_ALLOCATED: 6 | PE_REMAINING: 11,,,,,,,,,,,,,,,,,,,,,,,,
2025-09-15T23:51:26.219642,,target_selection,Polska,P_Pluton__2_Kompania_Grenadier_w,,target_analysis,,,,,27,4,,,,,,,,,,,,,,,,,,,,"Target analysis: 29 candidates, score 22.50",,29,22.5,1,,,,,,,,,False,,,,"(27, 4)",,,28,29,29,2,2
2025-09-15T23:51:26.219642,,,Polska,P_Pluton__2_Kompania_Grenadier_w,,second_move,,,27,4,,,,,,,,,,,,,,,,,,,,,,second_chance after PRE_RAID_OPTIMIZATION,,,,,,,,,,,,,,,,,,,,,,,,
2025-09-15T23:51:26.237600,,target_selection,Polska,P_Kompania__2_Pu_k_Piechoty,,target_analysis,,,,,28,1,,,,,,,,,,,,,,,,,,,,"Target analysis: 29 candidates, score -1.00",,29,-1,999,,,,,,,,,False,,,,,,,29,29,29,2,2
2025-09-15T23:51:26.249862,,,Polska,P_Kompania__2_Pu_k_Piechoty,,second_move,,,28,1,,,,,,,,,,,,,,,,,,,,,,second_chance after PRE_RAID_OPTIMIZATION,,,,,,,,,,,,,,,,,,,,,,,,
2025-09-15T23:51:26.254284,,target_selection,Polska,TL_Kompania__2_Batalion_Pancerny,,target_analysis,,,,,23,-7,,,,,,,,,,,,,,,,,,,,"Target analysis: 29 candidates, score 15.00",,29,15.0,1,,,,,,,,,False,,,,"(23, -7)",,,28,29,29,4,2
2025-09-15T23:51:26.267043,,,Polska,TL_Kompania__2_Batalion_Pancerny,,second_move,,,23,-7,,,,,,,,,,,,,,,,,,,,,,second_chance after PRE_RAID_OPTIMIZATION,,,,,,,,,,,,,,,,,,,,,,,,
2025-09-15T23:51:26.329696,,target_selection,Polska,Z_Pluton__2_Batalion_Wsparcia,,target_analysis,,,,,27,11,,,,,,,,,,,,,,,,,,,,"Target analysis: 29 candidates, score -1.00",,29,-1,999,,,,,,,,,False,,,,,,,29,29,29,8,3
2025-09-15T23:51:26.329696,,,Polska,Z_Pluton__2_Batalion_Wsparcia,,second_move,,,27,11,,,,,,,,,,,,,,,,,,,,,,second_chance after PRE_RAID_OPTIMIZATION,,,,,,,,,,,,,,,,,,,,,,,,
2025-09-15T23:51:26.354386,,target_selection,Polska,Z_Pluton__2_Oddzia_Rozpoznawczy,,target_analysis,,,,,28,3,,,,,,,,,,,,,,,,,,,,"Target analysis: 29 candidates, score 22.50",,29,22.5,1,,,,,,,,,False,,,,"(28, 3)",,,28,29,29,9,3
2025-09-15T23:51:26.361057,,,Polska,Z_Pluton__2_Oddzia_Rozpoznawczy,,second_move,,,28,3,,,,,,,,,,,,,,,,,,,,,,second_chance after PRE_RAID_OPTIMIZATION,,,,,,,,,,,,,,,,,,,,,,,,
2025-09-15T23:51:26.376710,,target_selection,Polska,Z_Batalion__2_Kompania_Zaopatrzeniowa,,target_analysis,,,,,24,-8,,,,,,,,,,,,,,,,,,,,"Target analysis: 29 candidates, score 30.00",,29,30.0,1,,,,,,,,,False,,,,"(24, -8)",,,28,29,29,6,3
2025-09-15T23:51:26.387620,,,Polska,Z_Batalion__2_Kompania_Zaopatrzeniowa,,second_move,,,24,-8,,,,,,,,,,,,,,,,,,,,,,second_chance after PRE_RAID_OPTIMIZATION,,,,,,,,,,,,,,,,,,,,,,,,
2025-09-15T23:51:26.521757,,,Polska,RESUPPLY_NEEDS,,resupply_analysis,,,,,,,,,,,,,,,,,,,,,,,,,,NEEDS_ANALYSIS MULTI_TURN_START | TOTAL_FUEL_NEEDED: 10 | TOTAL_COMBAT_NEEDED: 0 | TOTAL_PE_NEEDED: 10 | BUDGET_AVAILABLE: 8 | UNITS_REQUIRING_HELP: 6,,,,,,,,,,,,,,,,,,,,,,,,
2025-09-15T23:51:26.522871,,,Polska,TL_Kompania__2_Batalion_Pancerny,,resupply_detailed,23,-7,23,-7,,,,,,,,,,,,,,,,,,,,,,phase1 MULTI_TURN_START | PE_SPENT: fuel=1 combat=0 total=1 | BEFORE: fuel=1 combat=14 | AFTER: fuel=2 combat=14,,,,,,,,,,,,,,,,,,,,,,,,
2025-09-15T23:51:26.523887,,,Polska,P_Pluton__2_Kompania_Grenadier_w,,resupply_detailed,27,4,27,4,,,,,,,,,,,,,,,,,,,,,,phase1 MULTI_TURN_START | PE_SPENT: fuel=1 combat=0 total=1 | BEFORE: fuel=1 combat=8 | AFTER: fuel=2 combat=8,,,,,,,,,,,,,,,,,,,,,,,,
2025-09-15T23:51:26.525039,,,Polska,Z_Pluton__2_Batalion_Wsparcia,,resupply_detailed,27,11,27,11,,,,,,,,,,,,,,,,,,,,,,phase1 MULTI_TURN_START | PE_SPENT: fuel=1 combat=0 total=1 | BEFORE: fuel=2 combat=4 | AFTER: fuel=3 combat=4,,,,,,,,,,,,,,,,,,,,,,,,
2025-09-15T23:51:26.525039,,,Polska,P_Kompania__2_Pu_k_Piechoty,,resupply_detailed,28,1,28,1,,,,,,,,,,,,,,,,,,,,,,phase1 MULTI_TURN_START | PE_SPENT: fuel=1 combat=0 total=1 | BEFORE: fuel=1 combat=11 | AFTER: fuel=2 combat=11,,,,,,,,,,,,,,,,,,,,,,,,
2025-09-15T23:51:26.526044,,,Polska,Z_Pluton__2_Oddzia_Rozpoznawczy,,resupply_detailed,28,3,28,3,,,,,,,,,,,,,,,,,,,,,,phase1 MULTI_TURN_START | PE_SPENT: fuel=1 combat=0 total=1 | BEFORE: fuel=2 combat=4 | AFTER: fuel=3 combat=4,,,,,,,,,,,,,,,,,,,,,,,,
2025-09-15T23:51:26.527055,,,Polska,Z_Batalion__2_Kompania_Zaopatrzeniowa,,resupply_detailed,24,-8,24,-8,,,,,,,,,,,,,,,,,,,,,,phase1 MULTI_TURN_START | PE_SPENT: fuel=1 combat=0 total=1 | BEFORE: fuel=2 combat=7 | AFTER: fuel=3 combat=7,,,,,,,,,,,,,,,,,,,,,,,,
2025-09-15T23:51:26.528058,,,Polska,RESUPPLY_OPERATION,,resupply_summary,,,,,,,,,,,,,,,,,,,,,,,,,,RESUPPLY_SUMMARY MULTI_TURN_START | TOTAL_PE_SPENT: 6 | UNITS_RESUPPLIED: 6/6 | BUDGET_ALLOCATED: 8 | PE_REMAINING: 5,,,,,,,,,,,,,,,,,,,,,,,,
2025-09-15T23:51:26.532262,,target_selection,Polska,TL_Kompania__2_Batalion_Pancerny,,target_analysis,,,,,24,-7,,,,,,,,,,,,,,,,,,,,"Target analysis: 29 candidates, score 15.00",,29,15.0,1,,,,,,,,,False,,,,"(24, -7)",,,28,29,29,3,2
2025-09-15T23:51:26.550059,,,Polska,TL_Kompania__2_Batalion_Pancerny,,second_move,,,24,-7,,,,,,,,,,,,,,,,,,,,,,second_chance after MULTI_TURN_START,,,,,,,,,,,,,,,,,,,,,,,,
2025-09-15T23:51:26.563754,,target_selection,Polska,P_Pluton__2_Kompania_Grenadier_w,,target_analysis,,,,,27,5,,,,,,,,,,,,,,,,,,,,"Target analysis: 29 candidates, score -1.00",,29,-1,999,,,,,,,,,False,,,,,,,29,29,29,1,2
2025-09-15T23:51:26.563754,,,Polska,P_Pluton__2_Kompania_Grenadier_w,,second_move,,,27,5,,,,,,,,,,,,,,,,,,,,,,second_chance after MULTI_TURN_START,,,,,,,,,,,,,,,,,,,,,,,,
2025-09-15T23:51:26.613511,,target_selection,Polska,Z_Pluton__2_Batalion_Wsparcia,,target_analysis,,,,,27,14,,,,,,,,,,,,,,,,,,,,"Target analysis: 29 candidates, score -1.00",,29,-1,999,,,,,,,,,False,,,,,,,29,29,29,4,3
2025-09-15T23:51:26.613511,,,Polska,Z_Pluton__2_Batalion_Wsparcia,,second_move,,,27,14,,,,,,,,,,,,,,,,,,,,,,second_chance after MULTI_TURN_START,,,,,,,,,,,,,,,,,,,,,,,,
2025-09-15T23:51:26.631564,,target_selection,Polska,P_Kompania__2_Pu_k_Piechoty,,target_analysis,,,,,29,1,,,,,,,,,,,,,,,,,,,,"Target analysis: 29 candidates, score -1.00",,29,-1,999,,,,,,,,,False,,,,,,,29,29,29,1,2
2025-09-15T23:51:26.635734,,,Polska,P_Kompania__2_Pu_k_Piechoty,,second_move,,,29,1,,,,,,,,,,,,,,,,,,,,,,second_chance after MULTI_TURN_START,,,,,,,,,,,,,,,,,,,,,,,,
2025-09-15T23:51:26.659478,,target_selection,Polska,Z_Pluton__2_Oddzia_Rozpoznawczy,,target_analysis,,,,,27,4,,,,,,,,,,,,,,,,,,,,"Target analysis: 29 candidates, score 22.50",,29,22.5,1,,,,,,,,,False,,,,"(27, 4)",,,28,29,29,5,3
2025-09-15T23:51:26.664164,,,Polska,Z_Pluton__2_Oddzia_Rozpoznawczy,,second_move,,,27,4,,,,,,,,,,,,,,,,,,,,,,second_chance after MULTI_TURN_START,,,,,,,,,,,,,,,,,,,,,,,,
2025-09-15T23:51:26.688698,,target_selection,Polska,Z_Batalion__2_Kompania_Zaopatrzeniowa,,target_analysis,,,,,23,-7,,,,,,,,,,,,,,,,,,,,"Target analysis: 29 candidates, score 15.00",,29,15.0,1,,,,,,,,,False,,,,"(23, -7)",,,28,29,29,5,3
2025-09-15T23:51:26.688698,,,Polska,Z_Batalion__2_Kompania_Zaopatrzeniowa,,second_move,,,23,-7,,,,,,,,,,,,,,,,,,,,,,second_chance after MULTI_TURN_START,,,,,,,,,,,,,,,,,,,,,,,,
2025-09-15T23:51:27.079762,,grouping,Polska,GROUP_3,,group_formation,15,-7,15,-6,15,-6,,,,,,,,,,,,,,,,,,,,"Group 3: 1 units, score 0.00",,,,,3,1,"15,-7",0.0,,,,False,,,,advanced,,,,,,,,
2025-09-15T23:51:27.088546,,strategy,Polska,STRATEGY,,strategic_decision,,,,,,,,,,,,,,,,,,,,,,,,,,"Strategy: REASSIGNMENT, aggression 0.50, 3 groups, 0 reassignments",,,,,,,,,REASSIGNMENT,0.5,,,,,,adaptive,,0,dynamic_reassignment,,,,,
2025-09-15T23:51:27.105098,,strategy,Polska,STRATEGY,,strategic_decision,,,,,,,,,,,,,,,,,,,,,,,,,,"Strategy: REASSIGNMENT, aggression 0.50, 3 groups, 0 reassignments",,,,,,,,,REASSIGNMENT,0.5,,,,,,adaptive,,0,dynamic_reassignment,,,,,
2025-09-15T23:51:27.115273,,strategy,Polska,STRATEGY,,strategic_decision,,,,,,,,,,,,,,,,,,,,,,,,,,"Strategy: REASSIGNMENT, aggression 0.50, 1 groups, 0 reassignments",,,,,,,,,REASSIGNMENT,0.5,,,,,,adaptive,,0,dynamic_reassignment,,,,,
2025-09-15T23:51:27.158679,,strategy,Polska,STRATEGY,,strategic_decision,,,,,,,,,,,,,,,,,,,,,,,,,,"Strategy: REASSIGNMENT, aggression 0.50, 1 groups, 0 reassignments",,,,,,,,,REASSIGNMENT,0.5,,,,,,adaptive,,0,dynamic_reassignment,,,,,
2025-09-15T23:51:27.180716,,target_selection,Polska,P_Pluton__2_Kompania_Grenadier_w,,target_analysis,,,,,28,5,,,,,,,,,,,,,,,,,,,,"Target analysis: 29 candidates, score -1.00",,29,-1,999,,,,,,,,,False,,,,,,,29,29,29,2,1
2025-09-15T23:51:27.185143,,,Polska,P_Pluton__2_Kompania_Grenadier_w_20250913214010,,adaptive_autonomous,28,5,28,5,,,,,,,,,,,,,,,,,,,,,,"Advanced auto mode: group 2 (strategy: TIED, aggr: 0.5)",,,,,,,,,,,,,,,,,,,,,,,,
2025-09-15T23:51:27.189314,,,Polska,TURN_END,,turn_summary,,,,,,,,,,,9,1,,,,,,,,,,,,advanced,opp=0;groups=3;adv=True,"Turn completed: 1/9 units moved, 3 groups (advanced)",,,,,,,,,,,,,,,,,,,,,,,,
2025-09-15T23:51:27.238800,,,Polska,TURN_START,,turn_begin,,,,,,,,,,,,,,,,,,,,,,,,,,AI Commander turn started for player 3,,,,,,,,,,,,,,,,,,,,,,,,
2025-09-15T23:51:27.255135,,,Polska,RESUPPLY_NEEDS,,resupply_analysis,,,,,,,,,,,,,,,,,,,,,,,,,,NEEDS_ANALYSIS PRE_RAID_OPTIMIZATION | TOTAL_FUEL_NEEDED: 5 | TOTAL_COMBAT_NEEDED: 0 | TOTAL_PE_NEEDED: 5 | BUDGET_AVAILABLE: 6 | UNITS_REQUIRING_HELP: 4,,,,,,,,,,,,,,,,,,,,,,,,
2025-09-15T23:51:27.255135,,,Polska,P_Kompania__3_Batalion_Strzelc_w,,resupply_detailed,29,10,29,10,,,,,,,,,,,,,,,,,,,,,,phase1 PRE_RAID_OPTIMIZATION | PE_SPENT: fuel=1 combat=0 total=1 | BEFORE: fuel=0 combat=11 | AFTER: fuel=1 combat=11,,,,,,,,,,,,,,,,,,,,,,,,
2025-09-15T23:51:27.255135,,,Polska,P_Pluton__3_Pu_k_Piechoty,,resupply_detailed,30,8,30,8,,,,,,,,,,,,,,,,,,,,,,phase1 PRE_RAID_OPTIMIZATION | PE_SPENT: fuel=1 combat=0 total=1 | BEFORE: fuel=1 combat=8 | AFTER: fuel=2 combat=8,,,,,,,,,,,,,,,,,,,,,,,,
2025-09-15T23:51:27.255135,,,Polska,P_Pluton__3_Pu_k_Piechoty_20250913214024,,resupply_detailed,34,11,34,11,,,,,,,,,,,,,,,,,,,,,,phase1 PRE_RAID_OPTIMIZATION | PE_SPENT: fuel=1 combat=0 total=1 | BEFORE: fuel=1 combat=8 | AFTER: fuel=2 combat=8,,,,,,,,,,,,,,,,,,,,,,,,
2025-09-15T23:51:27.255135,,,Polska,RESUPPLY_OPERATION,,resupply_summary,,,,,,,,,,,,,,,,,,,,,,,,,,RESUPPLY_SUMMARY PRE_RAID_OPTIMIZATION | TOTAL_PE_SPENT: 3 | UNITS_RESUPPLIED: 3/4 | BUDGET_ALLOCATED: 6 | PE_REMAINING: 10,,,,,,,,,,,,,,,,,,,,,,,,
2025-09-15T23:51:27.271968,,target_selection,Polska,P_Kompania__3_Batalion_Strzelc_w,,target_analysis,,,,,30,10,,,,,,,,,,,,,,,,,,,,"Target analysis: 29 candidates, score -1.00",,29,-1,999,,,,,,,,,False,,,,,,,29,29,29,7,1
2025-09-15T23:51:27.271968,,,Polska,P_Kompania__3_Batalion_Strzelc_w,,second_move,,,30,10,,,,,,,,,,,,,,,,,,,,,,second_chance after PRE_RAID_OPTIMIZATION,,,,,,,,,,,,,,,,,,,,,,,,
2025-09-15T23:51:27.297412,,target_selection,Polska,P_Pluton__3_Pu_k_Piechoty,,target_analysis,,,,,32,6,,,,,,,,,,,,,,,,,,,,"Target analysis: 29 candidates, score 22.50",,29,22.5,2,,,,,,,,,False,,,,"(32, 6)",,,28,29,29,4,2
2025-09-15T23:51:27.305619,,,Polska,P_Pluton__3_Pu_k_Piechoty,,second_move,,,32,6,,,,,,,,,,,,,,,,,,,,,,second_chance after PRE_RAID_OPTIMIZATION,,,,,,,,,,,,,,,,,,,,,,,,
2025-09-15T23:51:27.328668,,target_selection,Polska,P_Pluton__3_Pu_k_Piechoty_20250913214024,,target_analysis,,,,,32,13,,,,,,,,,,,,,,,,,,,,"Target analysis: 29 candidates, score -1.00",,29,-1,999,,,,,,,,,False,,,,,,,29,29,29,4,2
2025-09-15T23:51:27.328668,,,Polska,P_Pluton__3_Pu_k_Piechoty_20250913214024,,second_move,,,32,13,,,,,,,,,,,,,,,,,,,,,,second_chance after PRE_RAID_OPTIMIZATION,,,,,,,,,,,,,,,,,,,,,,,,
2025-09-15T23:51:27.382897,,target_selection,Polska,Z_Kompania__3_Kompania_Zaopatrzeniowa,,target_analysis,,,,,33,11,,,,,,,,,,,,,,,,,,,,"Target analysis: 29 candidates, score -1.00",,29,-1,999,,,,,,,,,False,,,,,,,29,29,29,8,3
2025-09-15T23:51:27.386277,,,Polska,Z_Kompania__3_Kompania_Zaopatrzeniowa,,second_move,,,33,11,,,,,,,,,,,,,,,,,,,,,,second_chance after PRE_RAID_OPTIMIZATION,,,,,,,,,,,,,,,,,,,,,,,,
2025-09-15T23:51:27.486641,,,Polska,RESUPPLY_NEEDS,,resupply_analysis,,,,,,,,,,,,,,,,,,,,,,,,,,NEEDS_ANALYSIS PRE_RAID_OPTIMIZATION | TOTAL_FUEL_NEEDED: 6 | TOTAL_COMBAT_NEEDED: 0 | TOTAL_PE_NEEDED: 6 | BUDGET_AVAILABLE: 5 | UNITS_REQUIRING_HELP: 4,,,,,,,,,,,,,,,,,,,,,,,,
2025-09-15T23:51:27.489378,,,Polska,P_Kompania__3_Batalion_Strzelc_w,,resupply_detailed,30,10,30,10,,,,,,,,,,,,,,,,,,,,,,phase1 PRE_RAID_OPTIMIZATION | PE_SPENT: fuel=1 combat=0 total=1 | BEFORE: fuel=0 combat=11 | AFTER: fuel=1 combat=11,,,,,,,,,,,,,,,,,,,,,,,,
2025-09-15T23:51:27.490616,,,Polska,P_Pluton__3_Pu_k_Piechoty,,resupply_detailed,32,6,32,6,,,,,,,,,,,,,,,,,,,,,,phase1 PRE_RAID_OPTIMIZATION | PE_SPENT: fuel=1 combat=0 total=1 | BEFORE: fuel=1 combat=8 | AFTER: fuel=2 combat=8,,,,,,,,,,,,,,,,,,,,,,,,
2025-09-15T23:51:27.490616,,,Polska,P_Pluton__3_Pu_k_Piechoty_20250913214024,,resupply_detailed,32,13,32,13,,,,,,,,,,,,,,,,,,,,,,phase1 PRE_RAID_OPTIMIZATION | PE_SPENT: fuel=1 combat=0 total=1 | BEFORE: fuel=1 combat=8 | AFTER: fuel=2 combat=8,,,,,,,,,,,,,,,,,,,,,,,,
2025-09-15T23:51:27.491755,,,Polska,Z_Kompania__3_Kompania_Zaopatrzeniowa,,resupply_detailed,33,11,33,11,,,,,,,,,,,,,,,,,,,,,,phase1 PRE_RAID_OPTIMIZATION | PE_SPENT: fuel=1 combat=0 total=1 | BEFORE: fuel=2 combat=6 | AFTER: fuel=3 combat=6,,,,,,,,,,,,,,,,,,,,,,,,
2025-09-15T23:51:27.493007,,,Polska,RESUPPLY_OPERATION,,resupply_summary,,,,,,,,,,,,,,,,,,,,,,,,,,RESUPPLY_SUMMARY PRE_RAID_OPTIMIZATION | TOTAL_PE_SPENT: 4 | UNITS_RESUPPLIED: 4/4 | BUDGET_ALLOCATED: 5 | PE_REMAINING: 6,,,,,,,,,,,,,,,,,,,,,,,,
2025-09-15T23:51:27.512280,,target_selection,Polska,P_Kompania__3_Batalion_Strzelc_w,,target_analysis,,,,,31,10,,,,,,,,,,,,,,,,,,,,"Target analysis: 29 candidates, score -1.00",,29,-1,999,,,,,,,,,False,,,,,,,29,29,29,6,1
2025-09-15T23:51:27.520737,,,Polska,P_Kompania__3_Batalion_Strzelc_w,,second_move,,,31,10,,,,,,,,,,,,,,,,,,,,,,second_chance after PRE_RAID_OPTIMIZATION,,,,,,,,,,,,,,,,,,,,,,,,
2025-09-15T23:51:27.547205,,target_selection,Polska,P_Pluton__3_Pu_k_Piechoty,,target_analysis,,,,,33,5,,,,,,,,,,,,,,,,,,,,"Target analysis: 29 candidates, score 22.50",,29,22.5,1,,,,,,,,,False,,,,"(33, 5)",,,28,29,29,3,2
2025-09-15T23:51:27.550763,,,Polska,P_Pluton__3_Pu_k_Piechoty,,second_move,,,33,5,,,,,,,,,,,,,,,,,,,,,,second_chance after PRE_RAID_OPTIMIZATION,,,,,,,,,,,,,,,,,,,,,,,,
2025-09-15T23:51:27.574160,,target_selection,Polska,P_Pluton__3_Pu_k_Piechoty_20250913214024,,target_analysis,,,,,34,13,,,,,,,,,,,,,,,,,,,,"Target analysis: 29 candidates, score -1.00",,29,-1,999,,,,,,,,,False,,,,,,,29,29,29,3,2
2025-09-15T23:51:27.577929,,,Polska,P_Pluton__3_Pu_k_Piechoty_20250913214024,,second_move,,,34,13,,,,,,,,,,,,,,,,,,,,,,second_chance after PRE_RAID_OPTIMIZATION,,,,,,,,,,,,,,,,,,,,,,,,
2025-09-15T23:51:27.606242,,target_selection,Polska,Z_Kompania__3_Kompania_Zaopatrzeniowa,,target_analysis,,,,,34,11,,,,,,,,,,,,,,,,,,,,"Target analysis: 29 candidates, score 30.00",,29,30.0,1,,,,,,,,,False,,,,"(34, 11)",,,28,29,29,4,3
2025-09-15T23:51:27.610178,,,Polska,Z_Kompania__3_Kompania_Zaopatrzeniowa,,second_move,,,34,11,,,,,,,,,,,,,,,,,,,,,,second_chance after PRE_RAID_OPTIMIZATION,,,,,,,,,,,,,,,,,,,,,,,,
2025-09-15T23:51:27.959835,,,Polska,RESUPPLY_NEEDS,,resupply_analysis,,,,,,,,,,,,,,,,,,,,,,,,,,NEEDS_ANALYSIS MULTI_TURN_START | TOTAL_FUEL_NEEDED: 6 | TOTAL_COMBAT_NEEDED: 0 | TOTAL_PE_NEEDED: 6 | BUDGET_AVAILABLE: 5 | UNITS_REQUIRING_HELP: 4,,,,,,,,,,,,,,,,,,,,,,,,
2025-09-15T23:51:27.959835,,,Polska,P_Kompania__3_Batalion_Strzelc_w,,resupply_detailed,31,10,31,10,,,,,,,,,,,,,,,,,,,,,,phase1 MULTI_TURN_START | PE_SPENT: fuel=1 combat=0 total=1 | BEFORE: fuel=0 combat=11 | AFTER: fuel=1 combat=11,,,,,,,,,,,,,,,,,,,,,,,,
2025-09-15T23:51:27.959835,,,Polska,P_Pluton__3_Pu_k_Piechoty,,resupply_detailed,33,5,33,5,,,,,,,,,,,,,,,,,,,,,,phase1 MULTI_TURN_START | PE_SPENT: fuel=1 combat=0 total=1 | BEFORE: fuel=1 combat=8 | AFTER: fuel=2 combat=8,,,,,,,,,,,,,,,,,,,,,,,,
2025-09-15T23:51:27.959835,,,Polska,P_Pluton__3_Pu_k_Piechoty_20250913214024,,resupply_detailed,34,13,34,13,,,,,,,,,,,,,,,,,,,,,,phase1 MULTI_TURN_START | PE_SPENT: fuel=1 combat=0 total=1 | BEFORE: fuel=1 combat=8 | AFTER: fuel=2 combat=8,,,,,,,,,,,,,,,,,,,,,,,,
2025-09-15T23:51:27.959835,,,Polska,Z_Kompania__3_Kompania_Zaopatrzeniowa,,resupply_detailed,34,11,34,11,,,,,,,,,,,,,,,,,,,,,,phase1 MULTI_TURN_START | PE_SPENT: fuel=1 combat=0 total=1 | BEFORE: fuel=2 combat=6 | AFTER: fuel=3 combat=6,,,,,,,,,,,,,,,,,,,,,,,,
2025-09-15T23:51:27.974062,,,Polska,RESUPPLY_OPERATION,,resupply_summary,,,,,,,,,,,,,,,,,,,,,,,,,,RESUPPLY_SUMMARY MULTI_TURN_START | TOTAL_PE_SPENT: 4 | UNITS_RESUPPLIED: 4/4 | BUDGET_ALLOCATED: 5 | PE_REMAINING: 2,,,,,,,,,,,,,,,,,,,,,,,,
2025-09-15T23:51:27.994001,,target_selection,Polska,P_Kompania__3_Batalion_Strzelc_w,,target_analysis,,,,,32,10,,,,,,,,,,,,,,,,,,,,"Target analysis: 29 candidates, score -1.00",,29,-1,999,,,,,,,,,False,,,,,,,29,29,29,5,1
2025-09-15T23:51:27.996567,,,Polska,P_Kompania__3_Batalion_Strzelc_w,,second_move,,,32,10,,,,,,,,,,,,,,,,,,,,,,second_chance after MULTI_TURN_START,,,,,,,,,,,,,,,,,,,,,,,,
2025-09-15T23:51:28.023518,,target_selection,Polska,P_Pluton__3_Pu_k_Piechoty,,target_analysis,,,,,32,6,,,,,,,,,,,,,,,,,,,,"Target analysis: 29 candidates, score 22.50",,29,22.5,1,,,,,,,,,False,,,,"(32, 6)",,,28,29,29,2,2
2025-09-15T23:51:28.028920,,,Polska,P_Pluton__3_Pu_k_Piechoty,,second_move,,,32,6,,,,,,,,,,,,,,,,,,,,,,second_chance after MULTI_TURN_START,,,,,,,,,,,,,,,,,,,,,,,,
2025-09-15T23:51:28.051166,,target_selection,Polska,P_Pluton__3_Pu_k_Piechoty_20250913214024,,target_analysis,,,,,36,13,,,,,,,,,,,,,,,,,,,,"Target analysis: 29 candidates, score -1.00",,29,-1,999,,,,,,,,,False,,,,,,,29,29,29,2,2
2025-09-15T23:51:28.058345,,,Polska,P_Pluton__3_Pu_k_Piechoty_20250913214024,,second_move,,,36,13,,,,,,,,,,,,,,,,,,,,,,second_chance after MULTI_TURN_START,,,,,,,,,,,,,,,,,,,,,,,,
2025-09-15T23:51:28.087932,,target_selection,Polska,Z_Kompania__3_Kompania_Zaopatrzeniowa,,target_analysis,,,,,31,14,,,,,,,,,,,,,,,,,,,,"Target analysis: 29 candidates, score -1.00",,29,-1,999,,,,,,,,,False,,,,,,,29,29,29,3,3
2025-09-15T23:51:28.095422,,,Polska,Z_Kompania__3_Kompania_Zaopatrzeniowa,,second_move,,,31,14,,,,,,,,,,,,,,,,,,,,,,second_chance after MULTI_TURN_START,,,,,,,,,,,,,,,,,,,,,,,,
2025-09-15T23:51:28.360310,,strategy,Polska,STRATEGY,,strategic_decision,,,,,,,,,,,,,,,,,,,,,,,,,,"Strategy: REASSIGNMENT, aggression 0.50, 4 groups, 0 reassignments",,,,,,,,,REASSIGNMENT,0.5,,,,,,adaptive,,0,dynamic_reassignment,,,,,
2025-09-15T23:51:28.452282,,strategy,Polska,STRATEGY,,strategic_decision,,,,,,,,,,,,,,,,,,,,,,,,,,"Strategy: REASSIGNMENT, aggression 0.50, 4 groups, 0 reassignments",,,,,,,,,REASSIGNMENT,0.5,,,,,,adaptive,,0,dynamic_reassignment,,,,,
2025-09-15T23:51:28.497163,,strategy,Polska,STRATEGY,,strategic_decision,,,,,,,,,,,,,,,,,,,,,,,,,,"Strategy: REASSIGNMENT, aggression 0.50, 1 groups, 0 reassignments",,,,,,,,,REASSIGNMENT,0.5,,,,,,adaptive,,0,dynamic_reassignment,,,,,
2025-09-15T23:51:28.569549,,target_selection,Polska,Z_Pluton__3_Batalion_Wsparcia,,target_analysis,,,,,10,26,,,,,,,,,,,,,,,,,,,,"Target analysis: 29 candidates, score -1.00",,29,-1,999,,,,,,,,,False,,,,,,,29,29,29,7,4
2025-09-15T23:51:28.613308,,strategy,Polska,STRATEGY,,strategic_decision,,,,,,,,,,,,,,,,,,,,,,,,,,"Strategy: REASSIGNMENT, aggression 0.50, 1 groups, 0 reassignments",,,,,,,,,REASSIGNMENT,0.5,,,,,,adaptive,,0,dynamic_reassignment,,,,,
2025-09-15T23:51:28.865356,,target_selection,Polska,Z_Pluton__3_Kompania_Zaopatrzeniowa,,target_analysis,,,,,20,19,,,,,,,,,,,,,,,,,,,,"Target analysis: 29 candidates, score -1.00",,29,-1,999,,,,,,,,,False,,,,,,,29,29,29,5,4
2025-09-15T23:51:28.865356,,strategy,Polska,STRATEGY,,strategic_decision,,,,,,,,,,,,,,,,,,,,,,,,,,"Strategy: REASSIGNMENT, aggression 0.50, 1 groups, 0 reassignments",,,,,,,,,REASSIGNMENT,0.5,,,,,,adaptive,,0,dynamic_reassignment,,,,,
2025-09-15T23:51:28.881331,,target_selection,Polska,P_Kompania__3_Batalion_Strzelc_w,,target_analysis,,,,,,,,,,,,,,,,,,,,,,,,,,"Target analysis: 29 candidates, score -1.00",,29,-1,999,,,,,,,,,False,,,,,,,29,29,29,7,0
2025-09-15T23:51:28.918415,,strategy,Polska,STRATEGY,,strategic_decision,,,,,,,,,,,,,,,,,,,,,,,,,,"Strategy: REASSIGNMENT, aggression 0.50, 1 groups, 0 reassignments",,,,,,,,,REASSIGNMENT,0.5,,,,,,adaptive,,0,dynamic_reassignment,,,,,
2025-09-15T23:51:28.955568,,target_selection,Polska,P_Pluton__3_Pu_k_Piechoty_20250913214024,,target_analysis,,,,,33,12,,,,,,,,,,,,,,,,,,,,"Target analysis: 29 candidates, score -1.00",,29,-1,999,,,,,,,,,False,,,,,,,29,29,29,4,1
2025-09-15T23:51:28.966009,,,Polska,P_Pluton__3_Kompania_Grenadier_w,,adaptive_autonomous,33,12,33,12,,,,,,,,,,,,,,,,,,,,,,"Advanced auto mode: group 4 (strategy: TIED, aggr: 0.5)",,,,,,,,,,,,,,,,,,,,,,,,
2025-09-15T23:51:29.015499,,,Polska,TURN_END,,turn_summary,,,,,,,,,,,9,1,,,,,,,,,,,,advanced,opp=0;groups=4;adv=True,"Turn completed: 1/9 units moved, 4 groups (advanced)",,,,,,,,,,,,,,,,,,,,,,,,
2025-09-15T23:51:29.112661,,,Niemcy,TURN_START,,turn_begin,,,,,,,,,,,,,,,,,,,,,,,,,,AI Commander turn started for player 5,,,,,,,,,,,,,,,,,,,,,,,,
2025-09-15T23:51:29.118005,,,Niemcy,RESUPPLY_NEEDS,,resupply_analysis,,,,,,,,,,,,,,,,,,,,,,,,,,NEEDS_ANALYSIS PRE_RAID_OPTIMIZATION | TOTAL_FUEL_NEEDED: 4 | TOTAL_COMBAT_NEEDED: 0 | TOTAL_PE_NEEDED: 4 | BUDGET_AVAILABLE: 9 | UNITS_REQUIRING_HELP: 4,,,,,,,,,,,,,,,,,,,,,,,,
2025-09-15T23:51:29.119016,,,Niemcy,P_Pluton__5_Infanterie_Regiment,,resupply_detailed,35,-15,35,-15,,,,,,,,,,,,,,,,,,,,,,phase1 PRE_RAID_OPTIMIZATION | PE_SPENT: fuel=1 combat=0 total=1 | BEFORE: fuel=1 combat=8 | AFTER: fuel=2 combat=8,,,,,,,,,,,,,,,,,,,,,,,,
2025-09-15T23:51:29.120020,,,Niemcy,AC_Kompania__5_schwere_Artillerie,,resupply_detailed,36,-16,36,-16,,,,,,,,,,,,,,,,,,,,,,phase1 PRE_RAID_OPTIMIZATION | PE_SPENT: fuel=1 combat=0 total=1 | BEFORE: fuel=1 combat=11 | AFTER: fuel=2 combat=11,,,,,,,,,,,,,,,,,,,,,,,,
2025-09-15T23:51:29.120020,,,Niemcy,AL_Batalion__5_Artillerie_Abteilung,,resupply_detailed,38,-17,38,-17,,,,,,,,,,,,,,,,,,,,,,phase1 PRE_RAID_OPTIMIZATION | PE_SPENT: fuel=1 combat=0 total=1 | BEFORE: fuel=1 combat=11 | AFTER: fuel=2 combat=11,,,,,,,,,,,,,,,,,,,,,,,,
2025-09-15T23:51:29.121779,,,Niemcy,RESUPPLY_OPERATION,,resupply_summary,,,,,,,,,,,,,,,,,,,,,,,,,,RESUPPLY_SUMMARY PRE_RAID_OPTIMIZATION | TOTAL_PE_SPENT: 3 | UNITS_RESUPPLIED: 3/4 | BUDGET_ALLOCATED: 9 | PE_REMAINING: 15,,,,,,,,,,,,,,,,,,,,,,,,
2025-09-15T23:51:29.144240,,target_selection,Niemcy,P_Pluton__5_Infanterie_Regiment,,target_analysis,,,,,35,-13,,,,,,,,,,,,,,,,,,,,"Target analysis: 29 candidates, score -1.00",,29,-1,999,,,,,,,,,False,,,,,,,29,29,29,6,2
2025-09-15T23:51:29.154886,,,Niemcy,P_Pluton__5_Infanterie_Regiment,,second_move,,,35,-13,,,,,,,,,,,,,,,,,,,,,,second_chance after PRE_RAID_OPTIMIZATION,,,,,,,,,,,,,,,,,,,,,,,,
2025-09-15T23:51:29.183797,,target_selection,Niemcy,AC_Kompania__5_schwere_Artillerie,,target_analysis,,,,,36,-14,,,,,,,,,,,,,,,,,,,,"Target analysis: 29 candidates, score -1.00",,29,-1,999,,,,,,,,,False,,,,,,,29,29,29,5,2
2025-09-15T23:51:29.188546,,,Niemcy,AC_Kompania__5_schwere_Artillerie,,second_move,,,36,-14,,,,,,,,,,,,,,,,,,,,,,second_chance after PRE_RAID_OPTIMIZATION,,,,,,,,,,,,,,,,,,,,,,,,
2025-09-15T23:51:29.216881,,target_selection,Niemcy,AL_Batalion__5_Artillerie_Abteilung,,target_analysis,,,,,40,-17,,,,,,,,,,,,,,,,,,,,"Target analysis: 29 candidates, score -1.00",,29,-1,999,,,,,,,,,False,,,,,,,29,29,29,6,2
2025-09-15T23:51:29.222345,,,Niemcy,AL_Batalion__5_Artillerie_Abteilung,,second_move,,,40,-17,,,,,,,,,,,,,,,,,,,,,,second_chance after PRE_RAID_OPTIMIZATION,,,,,,,,,,,,,,,,,,,,,,,,
2025-09-15T23:51:29.261063,,target_selection,Niemcy,Z_Pluton__5_Unterst_tzungs_Bataillon_20250913214038,,target_analysis,,,,,52,-15,,,,,,,,,,,,,,,,,,,,"Target analysis: 29 candidates, score -1.00",,29,-1,999,,,,,,,,,False,,,,,,,29,29,29,14,3
2025-09-15T23:51:29.261063,,,Niemcy,Z_Pluton__5_Unterst_tzungs_Bataillon_20250913214038,,second_move,,,52,-15,,,,,,,,,,,,,,,,,,,,,,second_chance after PRE_RAID_OPTIMIZATION,,,,,,,,,,,,,,,,,,,,,,,,
2025-09-15T23:51:29.331037,,,Niemcy,RESUPPLY_NEEDS,,resupply_analysis,,,,,,,,,,,,,,,,,,,,,,,,,,NEEDS_ANALYSIS PRE_RAID_OPTIMIZATION | TOTAL_FUEL_NEEDED: 6 | TOTAL_COMBAT_NEEDED: 0 | TOTAL_PE_NEEDED: 6 | BUDGET_AVAILABLE: 7 | UNITS_REQUIRING_HELP: 5,,,,,,,,,,,,,,,,,,,,,,,,
2025-09-15T23:51:29.332118,,,Niemcy,P_Pluton__5_Infanterie_Regiment,,resupply_detailed,35,-13,35,-13,,,,,,,,,,,,,,,,,,,,,,phase1 PRE_RAID_OPTIMIZATION | PE_SPENT: fuel=1 combat=0 total=1 | BEFORE: fuel=1 combat=8 | AFTER: fuel=2 combat=8,,,,,,,,,,,,,,,,,,,,,,,,
2025-09-15T23:51:29.332118,,,Niemcy,AC_Kompania__5_schwere_Artillerie,,resupply_detailed,36,-14,36,-14,,,,,,,,,,,,,,,,,,,,,,phase1 PRE_RAID_OPTIMIZATION | PE_SPENT: fuel=1 combat=0 total=1 | BEFORE: fuel=1 combat=11 | AFTER: fuel=2 combat=11,,,,,,,,,,,,,,,,,,,,,,,,
2025-09-15T23:51:29.333344,,,Niemcy,AL_Batalion__5_Artillerie_Abteilung,,resupply_detailed,40,-17,40,-17,,,,,,,,,,,,,,,,,,,,,,phase1 PRE_RAID_OPTIMIZATION | PE_SPENT: fuel=1 combat=0 total=1 | BEFORE: fuel=1 combat=11 | AFTER: fuel=2 combat=11,,,,,,,,,,,,,,,,,,,,,,,,
2025-09-15T23:51:29.334349,,,Niemcy,Z_Pluton__5_Unterst_tzungs_Bataillon_20250913214038,,resupply_detailed,52,-15,52,-15,,,,,,,,,,,,,,,,,,,,,,phase1 PRE_RAID_OPTIMIZATION | PE_SPENT: fuel=1 combat=0 total=1 | BEFORE: fuel=2 combat=4 | AFTER: fuel=3 combat=4,,,,,,,,,,,,,,,,,,,,,,,,
2025-09-15T23:51:29.335431,,,Niemcy,RESUPPLY_OPERATION,,resupply_summary,,,,,,,,,,,,,,,,,,,,,,,,,,RESUPPLY_SUMMARY PRE_RAID_OPTIMIZATION | TOTAL_PE_SPENT: 4 | UNITS_RESUPPLIED: 4/5 | BUDGET_ALLOCATED: 7 | PE_REMAINING: 11,,,,,,,,,,,,,,,,,,,,,,,,
2025-09-15T23:51:29.359894,,target_selection,Niemcy,P_Pluton__5_Infanterie_Regiment,,target_analysis,,,,,37,-13,,,,,,,,,,,,,,,,,,,,"Target analysis: 29 candidates, score -1.00",,29,-1,999,,,,,,,,,False,,,,,,,29,29,29,5,2
2025-09-15T23:51:29.369814,,,Niemcy,P_Pluton__5_Infanterie_Regiment,,second_move,,,37,-13,,,,,,,,,,,,,,,,,,,,,,second_chance after PRE_RAID_OPTIMIZATION,,,,,,,,,,,,,,,,,,,,,,,,
2025-09-15T23:51:29.399904,,target_selection,Niemcy,AC_Kompania__5_schwere_Artillerie,,target_analysis,,,,,38,-14,,,,,,,,,,,,,,,,,,,,"Target analysis: 29 candidates, score -1.00",,29,-1,999,,,,,,,,,False,,,,,,,29,29,29,4,2
2025-09-15T23:51:29.402980,,,Niemcy,AC_Kompania__5_schwere_Artillerie,,second_move,,,38,-14,,,,,,,,,,,,,,,,,,,,,,second_chance after PRE_RAID_OPTIMIZATION,,,,,,,,,,,,,,,,,,,,,,,,
2025-09-15T23:51:29.439326,,target_selection,Niemcy,AL_Batalion__5_Artillerie_Abteilung,,target_analysis,,,,,42,-17,,,,,,,,,,,,,,,,,,,,"Target analysis: 29 candidates, score -1.00",,29,-1,999,,,,,,,,,False,,,,,,,29,29,29,5,2
2025-09-15T23:51:29.445572,,,Niemcy,AL_Batalion__5_Artillerie_Abteilung,,second_move,,,42,-17,,,,,,,,,,,,,,,,,,,,,,second_chance after PRE_RAID_OPTIMIZATION,,,,,,,,,,,,,,,,,,,,,,,,
2025-09-15T23:51:29.475531,,target_selection,Niemcy,Z_Pluton__5_Unterst_tzungs_Bataillon_20250913214038,,target_analysis,,,,,49,-15,,,,,,,,,,,,,,,,,,,,"Target analysis: 29 candidates, score -1.00",,29,-1,999,,,,,,,,,False,,,,,,,29,29,29,8,3
2025-09-15T23:51:29.479087,,,Niemcy,Z_Pluton__5_Unterst_tzungs_Bataillon_20250913214038,,second_move,,,49,-15,,,,,,,,,,,,,,,,,,,,,,second_chance after PRE_RAID_OPTIMIZATION,,,,,,,,,,,,,,,,,,,,,,,,
2025-09-15T23:51:29.501153,,target_selection,Niemcy,Z_Kompania__5_Unterst_tzungs_Bataillon,,target_analysis,,,,,43,-15,,,,,,,,,,,,,,,,,,,,"Target analysis: 29 candidates, score 45.00",,29,45.0,3,,,,,,,,,False,,,,"(43, -15)",,,28,29,29,4,3
2025-09-15T23:51:29.505973,,,Niemcy,Z_Kompania__5_Unterst_tzungs_Bataillon,,second_move,,,43,-15,,,,,,,,,,,,,,,,,,,,,,second_chance after PRE_RAID_OPTIMIZATION,,,,,,,,,,,,,,,,,,,,,,,,
2025-09-15T23:51:29.595030,,,Niemcy,RESUPPLY_NEEDS,,resupply_analysis,,,,,,,,,,,,,,,,,,,,,,,,,,NEEDS_ANALYSIS PRE_RAID_OPTIMIZATION | TOTAL_FUEL_NEEDED: 8 | TOTAL_COMBAT_NEEDED: 0 | TOTAL_PE_NEEDED: 8 | BUDGET_AVAILABLE: 5 | UNITS_REQUIRING_HELP: 6,,,,,,,,,,,,,,,,,,,,,,,,
2025-09-15T23:51:29.596044,,,Niemcy,P_Pluton__5_Infanterie_Regiment,,resupply_detailed,37,-13,37,-13,,,,,,,,,,,,,,,,,,,,,,phase1 PRE_RAID_OPTIMIZATION | PE_SPENT: fuel=1 combat=0 total=1 | BEFORE: fuel=1 combat=8 | AFTER: fuel=2 combat=8,,,,,,,,,,,,,,,,,,,,,,,,
2025-09-15T23:51:29.596044,,,Niemcy,AC_Kompania__5_schwere_Artillerie,,resupply_detailed,38,-14,38,-14,,,,,,,,,,,,,,,,,,,,,,phase1 PRE_RAID_OPTIMIZATION | PE_SPENT: fuel=1 combat=0 total=1 | BEFORE: fuel=1 combat=11 | AFTER: fuel=2 combat=11,,,,,,,,,,,,,,,,,,,,,,,,
2025-09-15T23:51:29.597053,,,Niemcy,AL_Batalion__5_Artillerie_Abteilung,,resupply_detailed,42,-17,42,-17,,,,,,,,,,,,,,,,,,,,,,phase1 PRE_RAID_OPTIMIZATION | PE_SPENT: fuel=1 combat=0 total=1 | BEFORE: fuel=1 combat=11 | AFTER: fuel=2 combat=11,,,,,,,,,,,,,,,,,,,,,,,,
2025-09-15T23:51:29.598171,,,Niemcy,Z_Kompania__5_Unterst_tzungs_Bataillon,,resupply_detailed,43,-15,43,-15,,,,,,,,,,,,,,,,,,,,,,phase1 PRE_RAID_OPTIMIZATION | PE_SPENT: fuel=1 combat=0 total=1 | BEFORE: fuel=2 combat=6 | AFTER: fuel=3 combat=6,,,,,,,,,,,,,,,,,,,,,,,,
2025-09-15T23:51:29.598171,,,Niemcy,Z_Pluton__5_Unterst_tzungs_Bataillon_20250913214038,,resupply_detailed,49,-15,49,-15,,,,,,,,,,,,,,,,,,,,,,phase1 PRE_RAID_OPTIMIZATION | PE_SPENT: fuel=1 combat=0 total=1 | BEFORE: fuel=2 combat=4 | AFTER: fuel=3 combat=4,,,,,,,,,,,,,,,,,,,,,,,,
2025-09-15T23:51:29.600498,,,Niemcy,RESUPPLY_OPERATION,,resupply_summary,,,,,,,,,,,,,,,,,,,,,,,,,,RESUPPLY_SUMMARY PRE_RAID_OPTIMIZATION | TOTAL_PE_SPENT: 5 | UNITS_RESUPPLIED: 5/6 | BUDGET_ALLOCATED: 5 | PE_REMAINING: 6,,,,,,,,,,,,,,,,,,,,,,,,
2025-09-15T23:51:29.628144,,target_selection,Niemcy,P_Pluton__5_Infanterie_Regiment,,target_analysis,,,,,39,-13,,,,,,,,,,,,,,,,,,,,"Target analysis: 29 candidates, score -1.00",,29,-1,999,,,,,,,,,False,,,,,,,29,29,29,4,2
2025-09-15T23:51:29.631969,,,Niemcy,P_Pluton__5_Infanterie_Regiment,,second_move,,,39,-13,,,,,,,,,,,,,,,,,,,,,,second_chance after PRE_RAID_OPTIMIZATION,,,,,,,,,,,,,,,,,,,,,,,,
2025-09-15T23:51:29.662139,,target_selection,Niemcy,AC_Kompania__5_schwere_Artillerie,,target_analysis,,,,,40,-14,,,,,,,,,,,,,,,,,,,,"Target analysis: 29 candidates, score -1.00",,29,-1,999,,,,,,,,,False,,,,,,,29,29,29,3,2
2025-09-15T23:51:29.667004,,,Niemcy,AC_Kompania__5_schwere_Artillerie,,second_move,,,40,-14,,,,,,,,,,,,,,,,,,,,,,second_chance after PRE_RAID_OPTIMIZATION,,,,,,,,,,,,,,,,,,,,,,,,
2025-09-15T23:51:29.693374,,target_selection,Niemcy,AL_Batalion__5_Artillerie_Abteilung,,target_analysis,,,,,44,-17,,,,,,,,,,,,,,,,,,,,"Target analysis: 29 candidates, score -1.00",,29,-1,999,,,,,,,,,False,,,,,,,29,29,29,4,2
2025-09-15T23:51:29.705814,,,Niemcy,AL_Batalion__5_Artillerie_Abteilung,,second_move,,,44,-17,,,,,,,,,,,,,,,,,,,,,,second_chance after PRE_RAID_OPTIMIZATION,,,,,,,,,,,,,,,,,,,,,,,,
2025-09-15T23:51:29.731966,,target_selection,Niemcy,Z_Kompania__5_Unterst_tzungs_Bataillon,,target_analysis,,,,,43,-14,,,,,,,,,,,,,,,,,,,,"Target analysis: 29 candidates, score 45.00",,29,45.0,1,,,,,,,,,False,,,,"(43, -14)",,,28,29,29,3,3
2025-09-15T23:51:29.735241,,,Niemcy,Z_Kompania__5_Unterst_tzungs_Bataillon,,second_move,,,43,-14,,,,,,,,,,,,,,,,,,,,,,second_chance after PRE_RAID_OPTIMIZATION,,,,,,,,,,,,,,,,,,,,,,,,
2025-09-15T23:51:29.777267,,target_selection,Niemcy,Z_Pluton__5_Unterst_tzungs_Bataillon_20250913214038,,target_analysis,,,,,52,-15,,,,,,,,,,,,,,,,,,,,"Target analysis: 29 candidates, score -1.00",,29,-1,999,,,,,,,,,False,,,,,,,29,29,29,7,3
2025-09-15T23:51:29.780621,,,Niemcy,Z_Pluton__5_Unterst_tzungs_Bataillon_20250913214038,,second_move,,,52,-15,,,,,,,,,,,,,,,,,,,,,,second_chance after PRE_RAID_OPTIMIZATION,,,,,,,,,,,,,,,,,,,,,,,,
2025-09-15T23:51:29.798321,,target_selection,Niemcy,Z_Pluton__5_Versorgungs_Kompanie,,target_analysis,,,,,43,-15,,,,,,,,,,,,,,,,,,,,"Target analysis: 29 candidates, score 45.00",,29,45.0,3,,,,,,,,,False,,,,"(43, -15)",,,28,29,29,8,3
2025-09-15T23:51:29.806558,,,Niemcy,Z_Pluton__5_Versorgungs_Kompanie,,second_move,,,43,-15,,,,,,,,,,,,,,,,,,,,,,second_chance after PRE_RAID_OPTIMIZATION,,,,,,,,,,,,,,,,,,,,,,,,
2025-09-15T23:51:29.954139,,,Niemcy,RESUPPLY_NEEDS,,resupply_analysis,,,,,,,,,,,,,,,,,,,,,,,,,,NEEDS_ANALYSIS MULTI_TURN_START | TOTAL_FUEL_NEEDED: 10 | TOTAL_COMBAT_NEEDED: 0 | TOTAL_PE_NEEDED: 10 | BUDGET_AVAILABLE: 5 | UNITS_REQUIRING_HELP: 7,,,,,,,,,,,,,,,,,,,,,,,,
2025-09-15T23:51:29.954139,,,Niemcy,Z_Kompania__5_Unterst_tzungs_Bataillon,,resupply_detailed,43,-14,43,-14,,,,,,,,,,,,,,,,,,,,,,phase1 MULTI_TURN_START | PE_SPENT: fuel=1 combat=0 total=1 | BEFORE: fuel=2 combat=6 | AFTER: fuel=3 combat=6,,,,,,,,,,,,,,,,,,,,,,,,
2025-09-15T23:51:29.955467,,,Niemcy,Z_Pluton__5_Versorgungs_Kompanie,,resupply_detailed,43,-15,43,-15,,,,,,,,,,,,,,,,,,,,,,phase1 MULTI_TURN_START | PE_SPENT: fuel=1 combat=0 total=1 | BEFORE: fuel=2 combat=4 | AFTER: fuel=3 combat=4,,,,,,,,,,,,,,,,,,,,,,,,
2025-09-15T23:51:29.956828,,,Niemcy,Z_Pluton__5_Unterst_tzungs_Bataillon_20250913214038,,resupply_detailed,52,-15,52,-15,,,,,,,,,,,,,,,,,,,,,,phase1 MULTI_TURN_START | PE_SPENT: fuel=1 combat=0 total=1 | BEFORE: fuel=2 combat=4 | AFTER: fuel=3 combat=4,,,,,,,,,,,,,,,,,,,,,,,,
2025-09-15T23:51:29.960456,,,Niemcy,RESUPPLY_OPERATION,,resupply_summary,,,,,,,,,,,,,,,,,,,,,,,,,,RESUPPLY_SUMMARY MULTI_TURN_START | TOTAL_PE_SPENT: 3 | UNITS_RESUPPLIED: 3/7 | BUDGET_ALLOCATED: 5 | PE_REMAINING: 3,,,,,,,,,,,,,,,,,,,,,,,,
2025-09-15T23:51:29.974117,,target_selection,Niemcy,P_Pluton__5_Infanterie_Regiment,,target_analysis,,,,,40,-13,,,,,,,,,,,,,,,,,,,,"Target analysis: 29 candidates, score -1.00",,29,-1,999,,,,,,,,,False,,,,,,,29,29,29,3,1
2025-09-15T23:51:29.979306,,,Niemcy,P_Pluton__5_Infanterie_Regiment,,second_move,,,40,-13,,,,,,,,,,,,,,,,,,,,,,second_chance after MULTI_TURN_START,,,,,,,,,,,,,,,,,,,,,,,,
2025-09-15T23:51:29.992995,,target_selection,Niemcy,AC_Kompania__5_schwere_Artillerie,,target_analysis,,,,,41,-14,,,,,,,,,,,,,,,,,,,,"Target analysis: 29 candidates, score -1.00",,29,-1,999,,,,,,,,,False,,,,,,,29,29,29,2,1
2025-09-15T23:51:29.996424,,,Niemcy,AC_Kompania__5_schwere_Artillerie,,second_move,,,41,-14,,,,,,,,,,,,,,,,,,,,,,second_chance after MULTI_TURN_START,,,,,,,,,,,,,,,,,,,,,,,,
2025-09-15T23:51:30.012410,,target_selection,Niemcy,AL_Batalion__5_Artillerie_Abteilung,,target_analysis,,,,,45,-17,,,,,,,,,,,,,,,,,,,,"Target analysis: 29 candidates, score -1.00",,29,-1,999,,,,,,,,,False,,,,,,,29,29,29,3,1
2025-09-15T23:51:30.017339,,,Niemcy,AL_Batalion__5_Artillerie_Abteilung,,second_move,,,45,-17,,,,,,,,,,,,,,,,,,,,,,second_chance after MULTI_TURN_START,,,,,,,,,,,,,,,,,,,,,,,,
2025-09-15T23:51:30.024154,,target_selection,Niemcy,Z_Kompania__5_Unterst_tzungs_Bataillon,,target_analysis,,,,,44,-14,,,,,,,,,,,,,,,,,,,,"Target analysis: 29 candidates, score -1.00",,29,-1,999,,,,,,,,,False,,,,,,,29,29,29,2,3
2025-09-15T23:51:30.029745,,,Niemcy,Z_Kompania__5_Unterst_tzungs_Bataillon,,second_move,,,44,-14,,,,,,,,,,,,,,,,,,,,,,second_chance after MULTI_TURN_START,,,,,,,,,,,,,,,,,,,,,,,,
2025-09-15T23:51:30.051986,,target_selection,Niemcy,Z_Pluton__5_Versorgungs_Kompanie,,target_analysis,,,,,43,-14,,,,,,,,,,,,,,,,,,,,"Target analysis: 29 candidates, score 45.00",,29,45.0,1,,,,,,,,,False,,,,"(43, -14)",,,27,29,29,7,3
2025-09-15T23:51:30.055335,,,Niemcy,Z_Pluton__5_Versorgungs_Kompanie,,second_move,,,43,-14,,,,,,,,,,,,,,,,,,,,,,second_chance after MULTI_TURN_START,,,,,,,,,,,,,,,,,,,,,,,,
2025-09-15T23:51:30.080577,,target_selection,Niemcy,Z_Pluton__5_Unterst_tzungs_Bataillon_20250913214038,,target_analysis,,,,,49,-15,,,,,,,,,,,,,,,,,,,,"Target analysis: 29 candidates, score -1.00",,29,-1,999,,,,,,,,,False,,,,,,,29,29,29,6,3
2025-09-15T23:51:30.090369,,,Niemcy,Z_Pluton__5_Unterst_tzungs_Bataillon_20250913214038,,second_move,,,49,-15,,,,,,,,,,,,,,,,,,,,,,second_chance after MULTI_TURN_START,,,,,,,,,,,,,,,,,,,,,,,,
2025-09-15T23:51:30.111917,,target_selection,Niemcy,Z_Pluton__5_Unterst_tzungs_Bataillon,,target_analysis,,,,,43,-15,,,,,,,,,,,,,,,,,,,,"Target analysis: 29 candidates, score 45.00",,29,45.0,3,,,,,,,,,False,,,,"(43, -15)",,,27,29,29,4,3
2025-09-15T23:51:30.115587,,,Niemcy,Z_Pluton__5_Unterst_tzungs_Bataillon,,second_move,,,43,-15,,,,,,,,,,,,,,,,,,,,,,second_chance after MULTI_TURN_START,,,,,,,,,,,,,,,,,,,,,,,,
2025-09-15T23:51:30.186791,,strategy,Niemcy,STRATEGY,,strategic_decision,,,,,,,,,,,,,,,,,,,,,,,,,,"Strategy: REASSIGNMENT, aggression 0.50, 3 groups, 0 reassignments",,,,,,,,,REASSIGNMENT,0.5,,,,,,adaptive,,0,dynamic_reassignment,,,,,
2025-09-15T23:51:30.207605,,strategy,Niemcy,STRATEGY,,strategic_decision,,,,,,,,,,,,,,,,,,,,,,,,,,"Strategy: REASSIGNMENT, aggression 0.50, 3 groups, 0 reassignments",,,,,,,,,REASSIGNMENT,0.5,,,,,,adaptive,,0,dynamic_reassignment,,,,,
2025-09-15T23:51:30.219212,,strategy,Niemcy,STRATEGY,,strategic_decision,,,,,,,,,,,,,,,,,,,,,,,,,,"Strategy: REASSIGNMENT, aggression 0.50, 1 groups, 0 reassignments",,,,,,,,,REASSIGNMENT,0.5,,,,,,adaptive,,0,dynamic_reassignment,,,,,
2025-09-15T23:51:30.237442,,target_selection,Niemcy,P_Pluton__5_Infanterie_Regiment,,target_analysis,,,,,36,-15,,,,,,,,,,,,,,,,,,,,"Target analysis: 29 candidates, score -1.00",,29,-1,999,,,,,,,,,False,,,,,,,29,29,29,6,1
2025-09-15T23:51:30.247268,,,Niemcy,P_Kompania__5_Infanterie_Regiment,,adaptive_autonomous,36,-15,36,-15,,,,,,,,,,,,,,,,,,,,,,"Advanced auto mode: group 1 (strategy: TIED, aggr: 0.5)",,,,,,,,,,,,,,,,,,,,,,,,
2025-09-15T23:51:30.300783,,strategy,Niemcy,STRATEGY,,strategic_decision,,,,,,,,,,,,,,,,,,,,,,,,,,"Strategy: REASSIGNMENT, aggression 0.50, 1 groups, 0 reassignments",,,,,,,,,REASSIGNMENT,0.5,,,,,,adaptive,,0,dynamic_reassignment,,,,,
2025-09-15T23:51:30.321366,,target_selection,Niemcy,AL_Batalion__5_Artillerie_Abteilung,,target_analysis,,,,,39,-17,,,,,,,,,,,,,,,,,,,,"Target analysis: 29 candidates, score -1.00",,29,-1,999,,,,,,,,,False,,,,,,,29,29,29,6,1
2025-09-15T23:51:30.333985,,strategy,Niemcy,STRATEGY,,strategic_decision,,,,,,,,,,,,,,,,,,,,,,,,,,"Strategy: REASSIGNMENT, aggression 0.50, 1 groups, 0 reassignments",,,,,,,,,REASSIGNMENT,0.5,,,,,,adaptive,,0,dynamic_reassignment,,,,,
2025-09-15T23:51:30.345691,,target_selection,Niemcy,P_Pluton__5_Sch_tzen_Kompanie_20250913214034,,target_analysis,,,,,42,-16,,,,,,,,,,,,,,,,,,,,"Target analysis: 29 candidates, score -1.00",,29,-1,999,,,,,,,,,False,,,,,,,29,29,29,2,2
2025-09-15T23:51:30.349243,,,Niemcy,TURN_END,,turn_summary,,,,,,,,,,,6,1,,,,,,,,,,,,advanced,opp=3;groups=3;adv=True,"Turn completed: 1/6 units moved, 3 groups (advanced)",,,,,,,,,,,,,,,,,,,,,,,,
2025-09-15T23:51:30.411147,,,Niemcy,TURN_START,,turn_begin,,,,,,,,,,,,,,,,,,,,,,,,,,AI Commander turn started for player 6,,,,,,,,,,,,,,,,,,,,,,,,
2025-09-15T23:51:30.414269,,,Niemcy,RESUPPLY_NEEDS,,resupply_analysis,,,,,,,,,,,,,,,,,,,,,,,,,,NEEDS_ANALYSIS PRE_RAID_OPTIMIZATION | TOTAL_FUEL_NEEDED: 13 | TOTAL_COMBAT_NEEDED: 0 | TOTAL_PE_NEEDED: 13 | BUDGET_AVAILABLE: 32 | UNITS_REQUIRING_HELP: 8,,,,,,,,,,,,,,,,,,,,,,,,
2025-09-15T23:51:30.415273,,,Niemcy,P_Batalion__6_Infanterie_Regiment,,resupply_detailed,38,10,38,10,,,,,,,,,,,,,,,,,,,,,,phase1 PRE_RAID_OPTIMIZATION | PE_SPENT: fuel=2 combat=0 total=2 | BEFORE: fuel=0 combat=14 | AFTER: fuel=2 combat=14,,,,,,,,,,,,,,,,,,,,,,,,
2025-09-15T23:51:30.415273,,,Niemcy,P_Pluton__6_Sch_tzen_Kompanie,,resupply_detailed,36,4,36,4,,,,,,,,,,,,,,,,,,,,,,phase1 PRE_RAID_OPTIMIZATION | PE_SPENT: fuel=1 combat=0 total=1 | BEFORE: fuel=1 combat=8 | AFTER: fuel=2 combat=8,,,,,,,,,,,,,,,,,,,,,,,,
2025-09-15T23:51:30.416264,,,Niemcy,Z_Pluton__6_Unterst_tzungs_Bataillon_20250913214051,,resupply_detailed,39,12,39,12,,,,,,,,,,,,,,,,,,,,,,phase1 PRE_RAID_OPTIMIZATION | PE_SPENT: fuel=1 combat=0 total=1 | BEFORE: fuel=2 combat=4 | AFTER: fuel=3 combat=4,,,,,,,,,,,,,,,,,,,,,,,,
2025-09-15T23:51:30.417657,,,Niemcy,P_Pluton__6_Grenadier_Bataillon,,resupply_detailed,49,-9,49,-9,,,,,,,,,,,,,,,,,,,,,,phase1 PRE_RAID_OPTIMIZATION | PE_SPENT: fuel=1 combat=0 total=1 | BEFORE: fuel=1 combat=8 | AFTER: fuel=2 combat=8,,,,,,,,,,,,,,,,,,,,,,,,
2025-09-15T23:51:30.418668,,,Niemcy,Z_Batalion__6_Versorgungs_Kompanie,,resupply_detailed,55,-16,55,-16,,,,,,,,,,,,,,,,,,,,,,phase1 PRE_RAID_OPTIMIZATION | PE_SPENT: fuel=1 combat=0 total=1 | BEFORE: fuel=2 combat=7 | AFTER: fuel=3 combat=7,,,,,,,,,,,,,,,,,,,,,,,,
2025-09-15T23:51:30.418668,,,Niemcy,Z_Pluton__6_Unterst_tzungs_Bataillon_20250913214048,,resupply_detailed,51,-12,51,-12,,,,,,,,,,,,,,,,,,,,,,phase1 PRE_RAID_OPTIMIZATION | PE_SPENT: fuel=1 combat=0 total=1 | BEFORE: fuel=2 combat=4 | AFTER: fuel=3 combat=4,,,,,,,,,,,,,,,,,,,,,,,,
2025-09-15T23:51:30.419770,,,Niemcy,Z_Pluton__6_Versorgungs_Kompanie,,resupply_detailed,52,-13,52,-13,,,,,,,,,,,,,,,,,,,,,,phase1 PRE_RAID_OPTIMIZATION | PE_SPENT: fuel=1 combat=0 total=1 | BEFORE: fuel=2 combat=4 | AFTER: fuel=3 combat=4,,,,,,,,,,,,,,,,,,,,,,,,
2025-09-15T23:51:30.420773,,,Niemcy,RESUPPLY_OPERATION,,resupply_summary,,,,,,,,,,,,,,,,,,,,,,,,,,RESUPPLY_SUMMARY PRE_RAID_OPTIMIZATION | TOTAL_PE_SPENT: 8 | UNITS_RESUPPLIED: 7/8 | BUDGET_ALLOCATED: 32 | PE_REMAINING: 33,,,,,,,,,,,,,,,,,,,,,,,,
2025-09-15T23:51:30.445330,,target_selection,Niemcy,P_Batalion__6_Infanterie_Regiment,,target_analysis,,,,,40,10,,,,,,,,,,,,,,,,,,,,"Target analysis: 29 candidates, score -1.00",,29,-1,999,,,,,,,,,False,,,,,,,29,29,29,5,2
2025-09-15T23:51:30.461401,,,Niemcy,P_Batalion__6_Infanterie_Regiment,,second_move,,,40,10,,,,,,,,,,,,,,,,,,,,,,second_chance after PRE_RAID_OPTIMIZATION,,,,,,,,,,,,,,,,,,,,,,,,
2025-09-15T23:51:30.493720,,target_selection,Niemcy,P_Pluton__6_Sch_tzen_Kompanie,,target_analysis,,,,,38,4,,,,,,,,,,,,,,,,,,,,"Target analysis: 29 candidates, score -1.00",,29,-1,999,,,,,,,,,False,,,,,,,29,29,29,5,2
2025-09-15T23:51:30.499678,,,Niemcy,P_Pluton__6_Sch_tzen_Kompanie,,second_move,,,38,4,,,,,,,,,,,,,,,,,,,,,,second_chance after PRE_RAID_OPTIMIZATION,,,,,,,,,,,,,,,,,,,,,,,,
2025-09-15T23:51:30.546472,,target_selection,Niemcy,Z_Pluton__6_Unterst_tzungs_Bataillon_20250913214051,,target_analysis,,,,,36,15,,,,,,,,,,,,,,,,,,,,"Target analysis: 29 candidates, score -1.00",,29,-1,999,,,,,,,,,False,,,,,,,29,29,29,8,3
2025-09-15T23:51:30.551504,,,Niemcy,Z_Pluton__6_Unterst_tzungs_Bataillon_20250913214051,,second_move,,,36,15,,,,,,,,,,,,,,,,,,,,,,second_chance after PRE_RAID_OPTIMIZATION,,,,,,,,,,,,,,,,,,,,,,,,
2025-09-15T23:51:30.571997,,target_selection,Niemcy,P_Pluton__6_Grenadier_Bataillon,,target_analysis,,,,,51,-9,,,,,,,,,,,,,,,,,,,,"Target analysis: 29 candidates, score -1.00",,29,-1,999,,,,,,,,,False,,,,,,,29,29,29,5,2
2025-09-15T23:51:30.578181,,,Niemcy,P_Pluton__6_Grenadier_Bataillon,,second_move,,,51,-9,,,,,,,,,,,,,,,,,,,,,,second_chance after PRE_RAID_OPTIMIZATION,,,,,,,,,,,,,,,,,,,,,,,,
2025-09-15T23:51:30.603462,,target_selection,Niemcy,Z_Batalion__6_Versorgungs_Kompanie,,target_analysis,,,,,55,-13,,,,,,,,,,,,,,,,,,,,"Target analysis: 29 candidates, score -1.00",,29,-1,999,,,,,,,,,False,,,,,,,29,29,29,6,3
2025-09-15T23:51:30.606548,,,Niemcy,Z_Batalion__6_Versorgungs_Kompanie,,second_move,,,55,-13,,,,,,,,,,,,,,,,,,,,,,second_chance after PRE_RAID_OPTIMIZATION,,,,,,,,,,,,,,,,,,,,,,,,
2025-09-15T23:51:30.621137,,target_selection,Niemcy,Z_Pluton__6_Unterst_tzungs_Bataillon_20250913214048,,target_analysis,,,,,50,-11,,,,,,,,,,,,,,,,,,,,"Target analysis: 29 candidates, score 30.00",,29,30.0,1,,,,,,,,,False,,,,"(50, -11)",,,26,29,29,8,3
2025-09-15T23:51:30.626168,,,Niemcy,Z_Pluton__6_Unterst_tzungs_Bataillon_20250913214048,,second_move,,,50,-11,,,,,,,,,,,,,,,,,,,,,,second_chance after PRE_RAID_OPTIMIZATION,,,,,,,,,,,,,,,,,,,,,,,,
2025-09-15T23:51:30.644024,,target_selection,Niemcy,Z_Pluton__6_Versorgungs_Kompanie,,target_analysis,,,,,51,-12,,,,,,,,,,,,,,,,,,,,"Target analysis: 29 candidates, score 30.00",,29,30.0,1,,,,,,,,,False,,,,"(51, -12)",,,28,29,29,8,3
2025-09-15T23:51:30.647395,,,Niemcy,Z_Pluton__6_Versorgungs_Kompanie,,second_move,,,51,-12,,,,,,,,,,,,,,,,,,,,,,second_chance after PRE_RAID_OPTIMIZATION,,,,,,,,,,,,,,,,,,,,,,,,
2025-09-15T23:51:30.662268,,target_selection,Niemcy,Z_Pluton__6_Unterst_tzungs_Bataillon,,target_analysis,,,,,52,-13,,,,,,,,,,,,,,,,,,,,"Target analysis: 29 candidates, score 30.00",,29,30.0,1,,,,,,,,,False,,,,"(52, -13)",,,27,29,29,6,3
2025-09-15T23:51:30.666946,,,Niemcy,Z_Pluton__6_Unterst_tzungs_Bataillon,,second_move,,,52,-13,,,,,,,,,,,,,,,,,,,,,,second_chance after PRE_RAID_OPTIMIZATION,,,,,,,,,,,,,,,,,,,,,,,,
2025-09-15T23:51:30.786553,,,Niemcy,RESUPPLY_NEEDS,,resupply_analysis,,,,,,,,,,,,,,,,,,,,,,,,,,NEEDS_ANALYSIS MULTI_TURN_START | TOTAL_FUEL_NEEDED: 13 | TOTAL_COMBAT_NEEDED: 0 | TOTAL_PE_NEEDED: 13 | BUDGET_AVAILABLE: 26 | UNITS_REQUIRING_HELP: 8,,,,,,,,,,,,,,,,,,,,,,,,
2025-09-15T23:51:30.787579,,,Niemcy,P_Pluton__6_Sch_tzen_Kompanie,,resupply_detailed,38,4,38,4,,,,,,,,,,,,,,,,,,,,,,phase1 MULTI_TURN_START | PE_SPENT: fuel=1 combat=0 total=1 | BEFORE: fuel=1 combat=8 | AFTER: fuel=2 combat=8,,,,,,,,,,,,,,,,,,,,,,,,
2025-09-15T23:51:30.787579,,,Niemcy,Z_Pluton__6_Unterst_tzungs_Bataillon_20250913214051,,resupply_detailed,36,15,36,15,,,,,,,,,,,,,,,,,,,,,,phase1 MULTI_TURN_START | PE_SPENT: fuel=1 combat=0 total=1 | BEFORE: fuel=2 combat=4 | AFTER: fuel=3 combat=4,,,,,,,,,,,,,,,,,,,,,,,,
2025-09-15T23:51:30.788878,,,Niemcy,P_Batalion__6_Infanterie_Regiment,,resupply_detailed,40,10,40,10,,,,,,,,,,,,,,,,,,,,,,phase1 MULTI_TURN_START | PE_SPENT: fuel=1 combat=0 total=1 | BEFORE: fuel=1 combat=14 | AFTER: fuel=2 combat=14,,,,,,,,,,,,,,,,,,,,,,,,
2025-09-15T23:51:30.788878,,,Niemcy,P_Pluton__6_Grenadier_Bataillon,,resupply_detailed,51,-9,51,-9,,,,,,,,,,,,,,,,,,,,,,phase1 MULTI_TURN_START | PE_SPENT: fuel=1 combat=0 total=1 | BEFORE: fuel=1 combat=8 | AFTER: fuel=2 combat=8,,,,,,,,,,,,,,,,,,,,,,,,
2025-09-15T23:51:30.790169,,,Niemcy,Z_Batalion__6_Versorgungs_Kompanie,,resupply_detailed,55,-13,55,-13,,,,,,,,,,,,,,,,,,,,,,phase1 MULTI_TURN_START | PE_SPENT: fuel=1 combat=0 total=1 | BEFORE: fuel=2 combat=7 | AFTER: fuel=3 combat=7,,,,,,,,,,,,,,,,,,,,,,,,
2025-09-15T23:51:30.794494,,,Niemcy,Z_Pluton__6_Unterst_tzungs_Bataillon_20250913214048,,resupply_detailed,50,-11,50,-11,,,,,,,,,,,,,,,,,,,,,,phase1 MULTI_TURN_START | PE_SPENT: fuel=1 combat=0 total=1 | BEFORE: fuel=2 combat=4 | AFTER: fuel=3 combat=4,,,,,,,,,,,,,,,,,,,,,,,,
2025-09-15T23:51:30.794494,,,Niemcy,Z_Pluton__6_Versorgungs_Kompanie,,resupply_detailed,51,-12,51,-12,,,,,,,,,,,,,,,,,,,,,,phase1 MULTI_TURN_START | PE_SPENT: fuel=1 combat=0 total=1 | BEFORE: fuel=2 combat=4 | AFTER: fuel=3 combat=4,,,,,,,,,,,,,,,,,,,,,,,,
2025-09-15T23:51:30.795506,,,Niemcy,Z_Pluton__6_Unterst_tzungs_Bataillon,,resupply_detailed,52,-13,52,-13,,,,,,,,,,,,,,,,,,,,,,phase1 MULTI_TURN_START | PE_SPENT: fuel=1 combat=0 total=1 | BEFORE: fuel=2 combat=4 | AFTER: fuel=3 combat=4,,,,,,,,,,,,,,,,,,,,,,,,
2025-09-15T23:51:30.796887,,,Niemcy,RESUPPLY_OPERATION,,resupply_summary,,,,,,,,,,,,,,,,,,,,,,,,,,RESUPPLY_SUMMARY MULTI_TURN_START | TOTAL_PE_SPENT: 8 | UNITS_RESUPPLIED: 8/8 | BUDGET_ALLOCATED: 26 | PE_REMAINING: 25,,,,,,,,,,,,,,,,,,,,,,,,
2025-09-15T23:51:30.829709,,target_selection,Niemcy,P_Pluton__6_Sch_tzen_Kompanie,,target_analysis,,,,,40,4,,,,,,,,,,,,,,,,,,,,"Target analysis: 29 candidates, score -1.00",,29,-1,999,,,,,,,,,False,,,,,,,29,29,29,4,2
2025-09-15T23:51:30.834343,,,Niemcy,P_Pluton__6_Sch_tzen_Kompanie,,second_move,,,40,4,,,,,,,,,,,,,,,,,,,,,,second_chance after MULTI_TURN_START,,,,,,,,,,,,,,,,,,,,,,,,
2025-09-15T23:51:30.861340,,target_selection,Niemcy,Z_Pluton__6_Unterst_tzungs_Bataillon_20250913214051,,target_analysis,,,,,33,15,,,,,,,,,,,,,,,,,,,,"Target analysis: 29 candidates, score -1.00",,29,-1,999,,,,,,,,,False,,,,,,,29,29,29,7,3
2025-09-15T23:51:30.869657,,,Niemcy,Z_Pluton__6_Unterst_tzungs_Bataillon_20250913214051,,second_move,,,33,15,,,,,,,,,,,,,,,,,,,,,,second_chance after MULTI_TURN_START,,,,,,,,,,,,,,,,,,,,,,,,
2025-09-15T23:51:30.902777,,target_selection,Niemcy,P_Batalion__6_Infanterie_Regiment,,target_analysis,,,,,42,10,,,,,,,,,,,,,,,,,,,,"Target analysis: 29 candidates, score -1.00",,29,-1,999,,,,,,,,,False,,,,,,,29,29,29,4,2
2025-09-15T23:51:30.907527,,,Niemcy,P_Batalion__6_Infanterie_Regiment,,second_move,,,42,10,,,,,,,,,,,,,,,,,,,,,,second_chance after MULTI_TURN_START,,,,,,,,,,,,,,,,,,,,,,,,
2025-09-15T23:51:30.926070,,target_selection,Niemcy,P_Pluton__6_Grenadier_Bataillon,,target_analysis,,,,,49,-7,,,,,,,,,,,,,,,,,,,,"Target analysis: 29 candidates, score -1.00",,29,-1,999,,,,,,,,,False,,,,,,,29,29,29,4,2
2025-09-15T23:51:30.932499,,,Niemcy,P_Pluton__6_Grenadier_Bataillon,,second_move,,,49,-7,,,,,,,,,,,,,,,,,,,,,,second_chance after MULTI_TURN_START,,,,,,,,,,,,,,,,,,,,,,,,
2025-09-15T23:51:30.954613,,target_selection,Niemcy,Z_Batalion__6_Versorgungs_Kompanie,,target_analysis,,,,,55,-16,,,,,,,,,,,,,,,,,,,,"Target analysis: 29 candidates, score -1.00",,29,-1,999,,,,,,,,,False,,,,,,,29,29,29,5,3
2025-09-15T23:51:30.963539,,,Niemcy,Z_Batalion__6_Versorgungs_Kompanie,,second_move,,,55,-16,,,,,,,,,,,,,,,,,,,,,,second_chance after MULTI_TURN_START,,,,,,,,,,,,,,,,,,,,,,,,
2025-09-15T23:51:30.980393,,target_selection,Niemcy,Z_Pluton__6_Unterst_tzungs_Bataillon_20250913214048,,target_analysis,,,,,51,-11,,,,,,,,,,,,,,,,,,,,"Target analysis: 29 candidates, score 30.00",,29,30.0,1,,,,,,,,,False,,,,"(51, -11)",,,27,29,29,7,3
2025-09-15T23:51:30.983191,,,Niemcy,Z_Pluton__6_Unterst_tzungs_Bataillon_20250913214048,,second_move,,,51,-11,,,,,,,,,,,,,,,,,,,,,,second_chance after MULTI_TURN_START,,,,,,,,,,,,,,,,,,,,,,,,
2025-09-15T23:51:31.002201,,target_selection,Niemcy,Z_Pluton__6_Versorgungs_Kompanie,,target_analysis,,,,,51,-13,,,,,,,,,,,,,,,,,,,,"Target analysis: 29 candidates, score 30.00",,29,30.0,1,,,,,,,,,False,,,,"(51, -13)",,,26,29,29,7,3
2025-09-15T23:51:31.004476,,,Niemcy,Z_Pluton__6_Versorgungs_Kompanie,,second_move,,,51,-13,,,,,,,,,,,,,,,,,,,,,,second_chance after MULTI_TURN_START,,,,,,,,,,,,,,,,,,,,,,,,
2025-09-15T23:51:31.027775,,target_selection,Niemcy,Z_Pluton__6_Unterst_tzungs_Bataillon,,target_analysis,,,,,51,-12,,,,,,,,,,,,,,,,,,,,"Target analysis: 29 candidates, score 30.00",,29,30.0,1,,,,,,,,,False,,,,"(51, -12)",,,28,29,29,5,3
2025-09-15T23:51:31.031773,,,Niemcy,Z_Pluton__6_Unterst_tzungs_Bataillon,,second_move,,,51,-12,,,,,,,,,,,,,,,,,,,,,,second_chance after MULTI_TURN_START,,,,,,,,,,,,,,,,,,,,,,,,
2025-09-15T23:51:31.039173,,,Niemcy,RESUPPLY_NEEDS,,resupply_analysis,,,,,,,,,,,,,,,,,,,,,,,,,,NEEDS_ANALYSIS PRE_RAID_OPTIMIZATION | TOTAL_FUEL_NEEDED: 14 | TOTAL_COMBAT_NEEDED: 0 | TOTAL_PE_NEEDED: 14 | BUDGET_AVAILABLE: 20 | UNITS_REQUIRING_HELP: 8,,,,,,,,,,,,,,,,,,,,,,,,
2025-09-15T23:51:31.039173,,,Niemcy,Z_Pluton__6_Unterst_tzungs_Bataillon_20250913214051,,resupply_detailed,37,12,37,12,,,,,,,,,,,,,,,,,,,,,,phase1 PRE_RAID_OPTIMIZATION | PE_SPENT: fuel=2 combat=0 total=2 | BEFORE: fuel=1 combat=4 | AFTER: fuel=3 combat=4,,,,,,,,,,,,,,,,,,,,,,,,
2025-09-15T23:51:31.040176,,,Niemcy,P_Pluton__6_Sch_tzen_Kompanie,,resupply_detailed,40,4,40,4,,,,,,,,,,,,,,,,,,,,,,phase1 PRE_RAID_OPTIMIZATION | PE_SPENT: fuel=1 combat=0 total=1 | BEFORE: fuel=1 combat=8 | AFTER: fuel=2 combat=8,,,,,,,,,,,,,,,,,,,,,,,,
2025-09-15T23:51:31.041245,,,Niemcy,P_Batalion__6_Infanterie_Regiment,,resupply_detailed,42,10,42,10,,,,,,,,,,,,,,,,,,,,,,phase1 PRE_RAID_OPTIMIZATION | PE_SPENT: fuel=1 combat=0 total=1 | BEFORE: fuel=1 combat=14 | AFTER: fuel=2 combat=14,,,,,,,,,,,,,,,,,,,,,,,,
2025-09-15T23:51:31.044873,,,Niemcy,P_Pluton__6_Grenadier_Bataillon,,resupply_detailed,49,-7,49,-7,,,,,,,,,,,,,,,,,,,,,,phase1 PRE_RAID_OPTIMIZATION | PE_SPENT: fuel=1 combat=0 total=1 | BEFORE: fuel=1 combat=8 | AFTER: fuel=2 combat=8,,,,,,,,,,,,,,,,,,,,,,,,
2025-09-15T23:51:31.044873,,,Niemcy,Z_Batalion__6_Versorgungs_Kompanie,,resupply_detailed,55,-16,55,-16,,,,,,,,,,,,,,,,,,,,,,phase1 PRE_RAID_OPTIMIZATION | PE_SPENT: fuel=1 combat=0 total=1 | BEFORE: fuel=2 combat=7 | AFTER: fuel=3 combat=7,,,,,,,,,,,,,,,,,,,,,,,,
2025-09-15T23:51:31.046140,,,Niemcy,Z_Pluton__6_Unterst_tzungs_Bataillon_20250913214048,,resupply_detailed,51,-11,51,-11,,,,,,,,,,,,,,,,,,,,,,phase1 PRE_RAID_OPTIMIZATION | PE_SPENT: fuel=1 combat=0 total=1 | BEFORE: fuel=2 combat=4 | AFTER: fuel=3 combat=4,,,,,,,,,,,,,,,,,,,,,,,,
2025-09-15T23:51:31.047425,,,Niemcy,Z_Pluton__6_Versorgungs_Kompanie,,resupply_detailed,51,-13,51,-13,,,,,,,,,,,,,,,,,,,,,,phase1 PRE_RAID_OPTIMIZATION | PE_SPENT: fuel=1 combat=0 total=1 | BEFORE: fuel=2 combat=4 | AFTER: fuel=3 combat=4,,,,,,,,,,,,,,,,,,,,,,,,
2025-09-15T23:51:31.047425,,,Niemcy,Z_Pluton__6_Unterst_tzungs_Bataillon,,resupply_detailed,51,-12,51,-12,,,,,,,,,,,,,,,,,,,,,,phase1 PRE_RAID_OPTIMIZATION | PE_SPENT: fuel=1 combat=0 total=1 | BEFORE: fuel=2 combat=4 | AFTER: fuel=3 combat=4,,,,,,,,,,,,,,,,,,,,,,,,
2025-09-15T23:51:31.049267,,,Niemcy,RESUPPLY_OPERATION,,resupply_summary,,,,,,,,,,,,,,,,,,,,,,,,,,RESUPPLY_SUMMARY PRE_RAID_OPTIMIZATION | TOTAL_PE_SPENT: 9 | UNITS_RESUPPLIED: 8/8 | BUDGET_ALLOCATED: 20 | PE_REMAINING: 16,,,,,,,,,,,,,,,,,,,,,,,,
2025-09-15T23:51:31.103917,,target_selection,Niemcy,Z_Pluton__6_Unterst_tzungs_Bataillon_20250913214051,,target_analysis,,,,,40,12,,,,,,,,,,,,,,,,,,,,"Target analysis: 29 candidates, score -1.00",,29,-1,999,,,,,,,,,False,,,,,,,29,29,29,9,3
2025-09-15T23:51:31.112098,,,Niemcy,Z_Pluton__6_Unterst_tzungs_Bataillon_20250913214051,,second_move,,,40,12,,,,,,,,,,,,,,,,,,,,,,second_chance after PRE_RAID_OPTIMIZATION,,,,,,,,,,,,,,,,,,,,,,,,
2025-09-15T23:51:31.135691,,target_selection,Niemcy,P_Pluton__6_Sch_tzen_Kompanie,,target_analysis,,,,,42,4,,,,,,,,,,,,,,,,,,,,"Target analysis: 29 candidates, score -1.00",,29,-1,999,,,,,,,,,False,,,,,,,29,29,29,3,2
2025-09-15T23:51:31.141467,,,Niemcy,P_Pluton__6_Sch_tzen_Kompanie,,second_move,,,42,4,,,,,,,,,,,,,,,,,,,,,,second_chance after PRE_RAID_OPTIMIZATION,,,,,,,,,,,,,,,,,,,,,,,,
2025-09-15T23:51:31.166738,,target_selection,Niemcy,P_Batalion__6_Infanterie_Regiment,,target_analysis,,,,,40,10,,,,,,,,,,,,,,,,,,,,"Target analysis: 29 candidates, score -1.00",,29,-1,999,,,,,,,,,False,,,,,,,29,29,29,3,2
2025-09-15T23:51:31.170598,,,Niemcy,P_Batalion__6_Infanterie_Regiment,,second_move,,,40,10,,,,,,,,,,,,,,,,,,,,,,second_chance after PRE_RAID_OPTIMIZATION,,,,,,,,,,,,,,,,,,,,,,,,
2025-09-15T23:51:31.194763,,target_selection,Niemcy,P_Pluton__6_Grenadier_Bataillon,,target_analysis,,,,,49,-5,,,,,,,,,,,,,,,,,,,,"Target analysis: 29 candidates, score -1.00",,29,-1,999,,,,,,,,,False,,,,,,,29,29,29,3,2
2025-09-15T23:51:31.197521,,,Niemcy,P_Pluton__6_Grenadier_Bataillon,,second_move,,,49,-5,,,,,,,,,,,,,,,,,,,,,,second_chance after PRE_RAID_OPTIMIZATION,,,,,,,,,,,,,,,,,,,,,,,,
2025-09-15T23:51:31.217717,,target_selection,Niemcy,Z_Batalion__6_Versorgungs_Kompanie,,target_analysis,,,,,55,-13,,,,,,,,,,,,,,,,,,,,"Target analysis: 29 candidates, score -1.00",,29,-1,999,,,,,,,,,False,,,,,,,29,29,29,4,3
2025-09-15T23:51:31.223749,,,Niemcy,Z_Batalion__6_Versorgungs_Kompanie,,second_move,,,55,-13,,,,,,,,,,,,,,,,,,,,,,second_chance after PRE_RAID_OPTIMIZATION,,,,,,,,,,,,,,,,,,,,,,,,
2025-09-15T23:51:31.238694,,target_selection,Niemcy,Z_Pluton__6_Unterst_tzungs_Bataillon_20250913214048,,target_analysis,,,,,50,-11,,,,,,,,,,,,,,,,,,,,"Target analysis: 29 candidates, score 30.00",,29,30.0,1,,,,,,,,,False,,,,"(50, -11)",,,28,29,29,6,3
2025-09-15T23:51:31.244924,,,Niemcy,Z_Pluton__6_Unterst_tzungs_Bataillon_20250913214048,,second_move,,,50,-11,,,,,,,,,,,,,,,,,,,,,,second_chance after PRE_RAID_OPTIMIZATION,,,,,,,,,,,,,,,,,,,,,,,,
2025-09-15T23:51:31.257457,,target_selection,Niemcy,Z_Pluton__6_Versorgungs_Kompanie,,target_analysis,,,,,52,-13,,,,,,,,,,,,,,,,,,,,"Target analysis: 29 candidates, score 30.00",,29,30.0,1,,,,,,,,,False,,,,"(52, -13)",,,27,29,29,6,3
2025-09-15T23:51:31.263851,,,Niemcy,Z_Pluton__6_Versorgungs_Kompanie,,second_move,,,52,-13,,,,,,,,,,,,,,,,,,,,,,second_chance after PRE_RAID_OPTIMIZATION,,,,,,,,,,,,,,,,,,,,,,,,
2025-09-15T23:51:31.279679,,target_selection,Niemcy,Z_Pluton__6_Unterst_tzungs_Bataillon,,target_analysis,,,,,51,-13,,,,,,,,,,,,,,,,,,,,"Target analysis: 29 candidates, score 30.00",,29,30.0,1,,,,,,,,,False,,,,"(51, -13)",,,26,29,29,4,3
2025-09-15T23:51:31.283275,,,Niemcy,Z_Pluton__6_Unterst_tzungs_Bataillon,,second_move,,,51,-13,,,,,,,,,,,,,,,,,,,,,,second_chance after PRE_RAID_OPTIMIZATION,,,,,,,,,,,,,,,,,,,,,,,,
2025-09-15T23:51:31.323927,,,Niemcy,RESUPPLY_NEEDS,,resupply_analysis,,,,,,,,,,,,,,,,,,,,,,,,,,NEEDS_ANALYSIS PRE_RAID_OPTIMIZATION | TOTAL_FUEL_NEEDED: 13 | TOTAL_COMBAT_NEEDED: 0 | TOTAL_PE_NEEDED: 13 | BUDGET_AVAILABLE: 12 | UNITS_REQUIRING_HELP: 8,,,,,,,,,,,,,,,,,,,,,,,,
2025-09-15T23:51:31.324956,,,Niemcy,Z_Pluton__6_Unterst_tzungs_Bataillon,,resupply_detailed,51,-13,51,-13,,,,,,,,,,,,,,,,,,,,,,phase1 PRE_RAID_OPTIMIZATION | PE_SPENT: fuel=1 combat=0 total=1 | BEFORE: fuel=2 combat=4 | AFTER: fuel=3 combat=4,,,,,,,,,,,,,,,,,,,,,,,,
2025-09-15T23:51:31.328470,,,Niemcy,RESUPPLY_OPERATION,,resupply_summary,,,,,,,,,,,,,,,,,,,,,,,,,,RESUPPLY_SUMMARY PRE_RAID_OPTIMIZATION | TOTAL_PE_SPENT: 1 | UNITS_RESUPPLIED: 1/8 | BUDGET_ALLOCATED: 12 | PE_REMAINING: 15,,,,,,,,,,,,,,,,,,,,,,,,
2025-09-15T23:51:31.338254,,target_selection,Niemcy,P_Pluton__6_Sch_tzen_Kompanie,,target_analysis,,,,,43,4,,,,,,,,,,,,,,,,,,,,"Target analysis: 29 candidates, score -1.00",,29,-1,999,,,,,,,,,False,,,,,,,29,29,29,2,1
2025-09-15T23:51:31.346245,,,Niemcy,P_Pluton__6_Sch_tzen_Kompanie,,second_move,,,43,4,,,,,,,,,,,,,,,,,,,,,,second_chance after PRE_RAID_OPTIMIZATION,,,,,,,,,,,,,,,,,,,,,,,,
2025-09-15T23:51:31.366946,,target_selection,Niemcy,Z_Pluton__6_Unterst_tzungs_Bataillon_20250913214051,,target_analysis,,,,,38,12,,,,,,,,,,,,,,,,,,,,"Target analysis: 29 candidates, score -1.00",,29,-1,999,,,,,,,,,False,,,,,,,29,29,29,4,2
2025-09-15T23:51:31.373276,,,Niemcy,Z_Pluton__6_Unterst_tzungs_Bataillon_20250913214051,,second_move,,,38,12,,,,,,,,,,,,,,,,,,,,,,second_chance after PRE_RAID_OPTIMIZATION,,,,,,,,,,,,,,,,,,,,,,,,
2025-09-15T23:51:31.387205,,target_selection,Niemcy,P_Batalion__6_Infanterie_Regiment,,target_analysis,,,,,41,10,,,,,,,,,,,,,,,,,,,,"Target analysis: 29 candidates, score -1.00",,29,-1,999,,,,,,,,,False,,,,,,,29,29,29,2,1
2025-09-15T23:51:31.391861,,,Niemcy,P_Batalion__6_Infanterie_Regiment,,second_move,,,41,10,,,,,,,,,,,,,,,,,,,,,,second_chance after PRE_RAID_OPTIMIZATION,,,,,,,,,,,,,,,,,,,,,,,,
2025-09-15T23:51:31.405132,,target_selection,Niemcy,P_Pluton__6_Grenadier_Bataillon,,target_analysis,,,,,50,-5,,,,,,,,,,,,,,,,,,,,"Target analysis: 29 candidates, score -1.00",,29,-1,999,,,,,,,,,False,,,,,,,29,29,29,2,1
2025-09-15T23:51:31.410733,,,Niemcy,P_Pluton__6_Grenadier_Bataillon,,second_move,,,50,-5,,,,,,,,,,,,,,,,,,,,,,second_chance after PRE_RAID_OPTIMIZATION,,,,,,,,,,,,,,,,,,,,,,,,
2025-09-15T23:51:31.425550,,target_selection,Niemcy,Z_Batalion__6_Versorgungs_Kompanie,,target_analysis,,,,,53,-13,,,,,,,,,,,,,,,,,,,,"Target analysis: 29 candidates, score -1.00",,29,-1,999,,,,,,,,,False,,,,,,,29,29,29,3,2
2025-09-15T23:51:31.430818,,,Niemcy,Z_Batalion__6_Versorgungs_Kompanie,,second_move,,,53,-13,,,,,,,,,,,,,,,,,,,,,,second_chance after PRE_RAID_OPTIMIZATION,,,,,,,,,,,,,,,,,,,,,,,,
2025-09-15T23:51:31.441233,,target_selection,Niemcy,Z_Pluton__6_Unterst_tzungs_Bataillon_20250913214048,,target_analysis,,,,,51,-12,,,,,,,,,,,,,,,,,,,,"Target analysis: 29 candidates, score 30.00",,29,30.0,1,,,,,,,,,False,,,,"(51, -12)",,,28,29,29,5,2
2025-09-15T23:51:31.447084,,,Niemcy,Z_Pluton__6_Unterst_tzungs_Bataillon_20250913214048,,second_move,,,51,-12,,,,,,,,,,,,,,,,,,,,,,second_chance after PRE_RAID_OPTIMIZATION,,,,,,,,,,,,,,,,,,,,,,,,
2025-09-15T23:51:31.461270,,target_selection,Niemcy,Z_Pluton__6_Versorgungs_Kompanie,,target_analysis,,,,,54,-15,,,,,,,,,,,,,,,,,,,,"Target analysis: 29 candidates, score -1.00",,29,-1,999,,,,,,,,,False,,,,,,,29,29,29,5,2
2025-09-15T23:51:31.464459,,,Niemcy,Z_Pluton__6_Versorgungs_Kompanie,,second_move,,,54,-15,,,,,,,,,,,,,,,,,,,,,,second_chance after PRE_RAID_OPTIMIZATION,,,,,,,,,,,,,,,,,,,,,,,,
2025-09-15T23:51:31.478465,,target_selection,Niemcy,Z_Pluton__6_Unterst_tzungs_Bataillon,,target_analysis,,,,,52,-13,,,,,,,,,,,,,,,,,,,,"Target analysis: 29 candidates, score 30.00",,29,30.0,1,,,,,,,,,False,,,,"(52, -13)",,,27,29,29,3,3
2025-09-15T23:51:31.483213,,,Niemcy,Z_Pluton__6_Unterst_tzungs_Bataillon,,second_move,,,52,-13,,,,,,,,,,,,,,,,,,,,,,second_chance after PRE_RAID_OPTIMIZATION,,,,,,,,,,,,,,,,,,,,,,,,
2025-09-15T23:51:31.497385,,,Niemcy,RESUPPLY_NEEDS,,resupply_analysis,,,,,,,,,,,,,,,,,,,,,,,,,,NEEDS_ANALYSIS PRE_RAID_OPTIMIZATION | TOTAL_FUEL_NEEDED: 21 | TOTAL_COMBAT_NEEDED: 0 | TOTAL_PE_NEEDED: 21 | BUDGET_AVAILABLE: 13 | UNITS_REQUIRING_HELP: 8,,,,,,,,,,,,,,,,,,,,,,,,
2025-09-15T23:51:31.497385,,,Niemcy,RESUPPLY_OPERATION,,resupply_summary,,,,,,,,,,,,,,,,,,,,,,,,,,RESUPPLY_SUMMARY PRE_RAID_OPTIMIZATION | TOTAL_PE_SPENT: 0 | UNITS_RESUPPLIED: 0/8 | BUDGET_ALLOCATED: 13 | PE_REMAINING: 15,,,,,,,,,,,,,,,,,,,,,,,,
2025-09-15T23:51:31.513312,,target_selection,Niemcy,Z_Pluton__6_Unterst_tzungs_Bataillon_20250913214051,,target_analysis,,,,,39,12,,,,,,,,,,,,,,,,,,,,"Target analysis: 29 candidates, score -1.00",,29,-1,999,,,,,,,,,False,,,,,,,29,29,29,3,1
2025-09-15T23:51:31.515551,,,Niemcy,Z_Pluton__6_Unterst_tzungs_Bataillon_20250913214051,,second_move,,,39,12,,,,,,,,,,,,,,,,,,,,,,second_chance after PRE_RAID_OPTIMIZATION,,,,,,,,,,,,,,,,,,,,,,,,
2025-09-15T23:51:31.528626,,target_selection,Niemcy,Z_Batalion__6_Versorgungs_Kompanie,,target_analysis,,,,,54,-13,,,,,,,,,,,,,,,,,,,,"Target analysis: 29 candidates, score -1.00",,29,-1,999,,,,,,,,,False,,,,,,,29,29,29,2,1
2025-09-15T23:51:31.531818,,,Niemcy,Z_Batalion__6_Versorgungs_Kompanie,,second_move,,,54,-13,,,,,,,,,,,,,,,,,,,,,,second_chance after PRE_RAID_OPTIMIZATION,,,,,,,,,,,,,,,,,,,,,,,,
2025-09-15T23:51:31.542870,,target_selection,Niemcy,Z_Pluton__6_Versorgungs_Kompanie,,target_analysis,,,,,55,-15,,,,,,,,,,,,,,,,,,,,"Target analysis: 29 candidates, score -1.00",,29,-1,999,,,,,,,,,False,,,,,,,29,29,29,4,1
2025-09-15T23:51:31.550044,,,Niemcy,Z_Pluton__6_Versorgungs_Kompanie,,second_move,,,55,-15,,,,,,,,,,,,,,,,,,,,,,second_chance after PRE_RAID_OPTIMIZATION,,,,,,,,,,,,,,,,,,,,,,,,
2025-09-15T23:51:31.564046,,target_selection,Niemcy,Z_Pluton__6_Unterst_tzungs_Bataillon,,target_analysis,,,,,51,-12,,,,,,,,,,,,,,,,,,,,"Target analysis: 29 candidates, score 30.00",,29,30.0,1,,,,,,,,,False,,,,"(51, -12)",,,27,29,29,2,2
2025-09-15T23:51:31.567531,,,Niemcy,Z_Pluton__6_Unterst_tzungs_Bataillon,,second_move,,,51,-12,,,,,,,,,,,,,,,,,,,,,,second_chance after PRE_RAID_OPTIMIZATION,,,,,,,,,,,,,,,,,,,,,,,,
2025-09-15T23:51:31.599256,,,Niemcy,RESUPPLY_NEEDS,,resupply_analysis,,,,,,,,,,,,,,,,,,,,,,,,,,NEEDS_ANALYSIS PRE_RAID_OPTIMIZATION | TOTAL_FUEL_NEEDED: 25 | TOTAL_COMBAT_NEEDED: 0 | TOTAL_PE_NEEDED: 25 | BUDGET_AVAILABLE: 13 | UNITS_REQUIRING_HELP: 8,,,,,,,,,,,,,,,,,,,,,,,,
2025-09-15T23:51:31.600276,,,Niemcy,RESUPPLY_OPERATION,,resupply_summary,,,,,,,,,,,,,,,,,,,,,,,,,,RESUPPLY_SUMMARY PRE_RAID_OPTIMIZATION | TOTAL_PE_SPENT: 0 | UNITS_RESUPPLIED: 0/8 | BUDGET_ALLOCATED: 13 | PE_REMAINING: 15,,,,,,,,,,,,,,,,,,,,,,,,
2025-09-15T23:51:31.607035,,target_selection,Niemcy,Z_Pluton__6_Unterst_tzungs_Bataillon,,target_analysis,,,,,51,-13,,,,,,,,,,,,,,,,,,,,"Target analysis: 29 candidates, score 30.00",,29,30.0,1,,,,,,,,,False,,,,"(51, -13)",,,28,29,29,1,1
2025-09-15T23:51:31.612824,,,Niemcy,Z_Pluton__6_Unterst_tzungs_Bataillon,,second_move,,,51,-13,,,,,,,,,,,,,,,,,,,,,,second_chance after PRE_RAID_OPTIMIZATION,,,,,,,,,,,,,,,,,,,,,,,,
2025-09-15T23:51:31.695674,,grouping,Niemcy,GROUP_5,,group_formation,52,-13,51,-12,51,-12,,,,,,,,,,,,,,,,,,,,"Group 5: 2 units, score 0.00",,,,,5,2,"52,-13",0.0,,,,False,,,,advanced,,,,,,,,
2025-09-15T23:51:31.715989,,strategy,Niemcy,STRATEGY,,strategic_decision,,,,,,,,,,,,,,,,,,,,,,,,,,"Strategy: REASSIGNMENT, aggression 0.50, 5 groups, 0 reassignments",,,,,,,,,REASSIGNMENT,0.5,,,,,,adaptive,,0,dynamic_reassignment,,,,,
2025-09-15T23:51:31.736267,,strategy,Niemcy,STRATEGY,,strategic_decision,,,,,,,,,,,,,,,,,,,,,,,,,,"Strategy: REASSIGNMENT, aggression 0.50, 5 groups, 0 reassignments",,,,,,,,,REASSIGNMENT,0.5,,,,,,adaptive,,0,dynamic_reassignment,,,,,
2025-09-15T23:51:31.754497,,strategy,Niemcy,STRATEGY,,strategic_decision,,,,,,,,,,,,,,,,,,,,,,,,,,"Strategy: REASSIGNMENT, aggression 0.50, 1 groups, 0 reassignments",,,,,,,,,REASSIGNMENT,0.5,,,,,,adaptive,,0,dynamic_reassignment,,,,,
2025-09-15T23:51:31.766442,,target_selection,Niemcy,P_Pluton__6_Sch_tzen_Kompanie,,target_analysis,,,,,37,4,,,,,,,,,,,,,,,,,,,,"Target analysis: 29 candidates, score -1.00",,29,-1,999,,,,,,,,,False,,,,,,,29,29,29,5,1
2025-09-15T23:51:31.780196,,,Niemcy,P_Pluton__6_Infanterie_Regiment,,adaptive_autonomous,37,4,37,4,,,,,,,,,,,,,,,,,,,,,,"Advanced auto mode: group 1 (strategy: TIED, aggr: 0.5)",,,,,,,,,,,,,,,,,,,,,,,,
2025-09-15T23:51:31.781585,,strategy,Niemcy,STRATEGY,,strategic_decision,,,,,,,,,,,,,,,,,,,,,,,,,,"Strategy: REASSIGNMENT, aggression 0.50, 1 groups, 0 reassignments",,,,,,,,,REASSIGNMENT,0.5,,,,,,adaptive,,0,dynamic_reassignment,,,,,
2025-09-15T23:51:31.787645,,target_selection,Niemcy,P_Batalion__6_Infanterie_Regiment,,target_analysis,,,,,,,,,,,,,,,,,,,,,,,,,,"Target analysis: 29 candidates, score -1.00",,29,-1,999,,,,,,,,,False,,,,,,,29,29,29,5,0
2025-09-15T23:51:31.790292,,,Niemcy,RESUPPLY_NEEDS,,resupply_analysis,,,,,,,,,,,,,,,,,,,,,,,,,,NEEDS_ANALYSIS LOW_FUEL | TOTAL_FUEL_NEEDED: 28 | TOTAL_COMBAT_NEEDED: 0 | TOTAL_PE_NEEDED: 28 | BUDGET_AVAILABLE: 13 | UNITS_REQUIRING_HELP: 9,,,,,,,,,,,,,,,,,,,,,,,,
2025-09-15T23:51:31.791600,,,Niemcy,P_Pluton__6_Infanterie_Regiment,,resupply_detailed,37,4,37,4,,,,,,,,,,,,,,,,,,,,,,phase1 LOW_FUEL | PE_SPENT: fuel=1 combat=0 total=1 | BEFORE: fuel=0 combat=8 | AFTER: fuel=1 combat=8,,,,,,,,,,,,,,,,,,,,,,,,
2025-09-15T23:51:31.793655,,,Niemcy,RESUPPLY_OPERATION,,resupply_summary,,,,,,,,,,,,,,,,,,,,,,,,,,RESUPPLY_SUMMARY LOW_FUEL | TOTAL_PE_SPENT: 1 | UNITS_RESUPPLIED: 1/9 | BUDGET_ALLOCATED: 13 | PE_REMAINING: 14,,,,,,,,,,,,,,,,,,,,,,,,
2025-09-15T23:51:31.808285,,target_selection,Niemcy,P_Pluton__6_Infanterie_Regiment,,target_analysis,,,,,38,4,,,,,,,,,,,,,,,,,,,,"Target analysis: 29 candidates, score -1.00",,29,-1,999,,,,,,,,,False,,,,,,,29,29,29,3,1
2025-09-15T23:51:31.813409,,,Niemcy,P_Pluton__6_Infanterie_Regiment,,second_move,,,38,4,,,,,,,,,,,,,,,,,,,,,,second_chance after LOW_FUEL,,,,,,,,,,,,,,,,,,,,,,,,
2025-09-15T23:51:31.813409,,strategy,Niemcy,STRATEGY,,strategic_decision,,,,,,,,,,,,,,,,,,,,,,,,,,"Strategy: REASSIGNMENT, aggression 0.50, 1 groups, 0 reassignments",,,,,,,,,REASSIGNMENT,0.5,,,,,,adaptive,,0,dynamic_reassignment,,,,,
2025-09-15T23:51:31.834249,,target_selection,Niemcy,P_Pluton__6_Grenadier_Bataillon,,target_analysis,,,,,50,-9,,,,,,,,,,,,,,,,,,,,"Target analysis: 29 candidates, score -1.00",,29,-1,999,,,,,,,,,False,,,,,,,29,29,29,5,1
2025-09-15T23:51:31.842885,,,Niemcy,P_Kompania__6_Sch_tzen_Kompanie,,adaptive_autonomous,50,-9,50,-9,,,,,,,,,,,,,,,,,,,,,,"Advanced auto mode: group 3 (strategy: TIED, aggr: 0.5)",,,,,,,,,,,,,,,,,,,,,,,,
2025-09-15T23:51:31.851191,,strategy,Niemcy,STRATEGY,,strategic_decision,,,,,,,,,,,,,,,,,,,,,,,,,,"Strategy: REASSIGNMENT, aggression 0.50, 1 groups, 0 reassignments",,,,,,,,,REASSIGNMENT,0.5,,,,,,adaptive,,0,dynamic_reassignment,,,,,
2025-09-15T23:51:31.867162,,target_selection,Niemcy,Z_Batalion__6_Versorgungs_Kompanie,,target_analysis,,,,,53,-14,,,,,,,,,,,,,,,,,,,,"Target analysis: 29 candidates, score -1.00",,29,-1,999,,,,,,,,,False,,,,,,,29,29,29,6,2
2025-09-15T23:51:31.868497,,,Niemcy,RESUPPLY_NEEDS,,resupply_analysis,,,,,,,,,,,,,,,,,,,,,,,,,,NEEDS_ANALYSIS LOW_FUEL | TOTAL_FUEL_NEEDED: 29 | TOTAL_COMBAT_NEEDED: 0 | TOTAL_PE_NEEDED: 29 | BUDGET_AVAILABLE: 12 | UNITS_REQUIRING_HELP: 10,,,,,,,,,,,,,,,,,,,,,,,,
2025-09-15T23:51:31.868497,,,Niemcy,P_Pluton__6_Infanterie_Regiment,,resupply_detailed,38,4,38,4,,,,,,,,,,,,,,,,,,,,,,phase1 LOW_FUEL | PE_SPENT: fuel=1 combat=0 total=1 | BEFORE: fuel=0 combat=8 | AFTER: fuel=1 combat=8,,,,,,,,,,,,,,,,,,,,,,,,
2025-09-15T23:51:31.868497,,,Niemcy,P_Kompania__6_Sch_tzen_Kompanie,,resupply_detailed,50,-9,50,-9,,,,,,,,,,,,,,,,,,,,,,phase1 LOW_FUEL | PE_SPENT: fuel=1 combat=0 total=1 | BEFORE: fuel=1 combat=11 | AFTER: fuel=2 combat=11,,,,,,,,,,,,,,,,,,,,,,,,
2025-09-15T23:51:31.868497,,,Niemcy,RESUPPLY_OPERATION,,resupply_summary,,,,,,,,,,,,,,,,,,,,,,,,,,RESUPPLY_SUMMARY LOW_FUEL | TOTAL_PE_SPENT: 2 | UNITS_RESUPPLIED: 2/10 | BUDGET_ALLOCATED: 12 | PE_REMAINING: 12,,,,,,,,,,,,,,,,,,,,,,,,
2025-09-15T23:51:31.885965,,target_selection,Niemcy,P_Pluton__6_Infanterie_Regiment,,target_analysis,,,,,39,4,,,,,,,,,,,,,,,,,,,,"Target analysis: 29 candidates, score -1.00",,29,-1,999,,,,,,,,,False,,,,,,,29,29,29,2,1
2025-09-15T23:51:31.889463,,,Niemcy,P_Pluton__6_Infanterie_Regiment,,second_move,,,39,4,,,,,,,,,,,,,,,,,,,,,,second_chance after LOW_FUEL,,,,,,,,,,,,,,,,,,,,,,,,
2025-09-15T23:51:31.912051,,target_selection,Niemcy,P_Kompania__6_Sch_tzen_Kompanie,,target_analysis,,,,,50,-7,,,,,,,,,,,,,,,,,,,,"Target analysis: 29 candidates, score -1.00",,29,-1,999,,,,,,,,,False,,,,,,,29,29,29,4,2
2025-09-15T23:51:31.915358,,,Niemcy,P_Kompania__6_Sch_tzen_Kompanie,,second_move,,,50,-7,,,,,,,,,,,,,,,,,,,,,,second_chance after LOW_FUEL,,,,,,,,,,,,,,,,,,,,,,,,
2025-09-15T23:51:31.917972,,,Niemcy,RESUPPLY_NEEDS,,resupply_analysis,,,,,,,,,,,,,,,,,,,,,,,,,,NEEDS_ANALYSIS LOW_FUEL | TOTAL_FUEL_NEEDED: 29 | TOTAL_COMBAT_NEEDED: 0 | TOTAL_PE_NEEDED: 29 | BUDGET_AVAILABLE: 10 | UNITS_REQUIRING_HELP: 10,,,,,,,,,,,,,,,,,,,,,,,,
2025-09-15T23:51:31.918984,,,Niemcy,P_Pluton__6_Infanterie_Regiment,,resupply_detailed,39,4,39,4,,,,,,,,,,,,,,,,,,,,,,phase1 LOW_FUEL | PE_SPENT: fuel=1 combat=0 total=1 | BEFORE: fuel=0 combat=8 | AFTER: fuel=1 combat=8,,,,,,,,,,,,,,,,,,,,,,,,
2025-09-15T23:51:31.918984,,,Niemcy,P_Kompania__6_Sch_tzen_Kompanie,,resupply_detailed,50,-7,50,-7,,,,,,,,,,,,,,,,,,,,,,phase1 LOW_FUEL | PE_SPENT: fuel=1 combat=0 total=1 | BEFORE: fuel=1 combat=11 | AFTER: fuel=2 combat=11,,,,,,,,,,,,,,,,,,,,,,,,
2025-09-15T23:51:31.920033,,,Niemcy,RESUPPLY_OPERATION,,resupply_summary,,,,,,,,,,,,,,,,,,,,,,,,,,RESUPPLY_SUMMARY LOW_FUEL | TOTAL_PE_SPENT: 2 | UNITS_RESUPPLIED: 2/10 | BUDGET_ALLOCATED: 10 | PE_REMAINING: 10,,,,,,,,,,,,,,,,,,,,,,,,
2025-09-15T23:51:31.933313,,target_selection,Niemcy,P_Pluton__6_Infanterie_Regiment,,target_analysis,,,,,40,4,,,,,,,,,,,,,,,,,,,,"Target analysis: 29 candidates, score -1.00",,29,-1,999,,,,,,,,,False,,,,,,,29,29,29,1,1
2025-09-15T23:51:31.936463,,,Niemcy,P_Pluton__6_Infanterie_Regiment,,second_move,,,40,4,,,,,,,,,,,,,,,,,,,,,,second_chance after LOW_FUEL,,,,,,,,,,,,,,,,,,,,,,,,
2025-09-15T23:51:31.956426,,target_selection,Niemcy,P_Kompania__6_Sch_tzen_Kompanie,,target_analysis,,,,,48,-5,,,,,,,,,,,,,,,,,,,,"Target analysis: 29 candidates, score -1.00",,29,-1,999,,,,,,,,,False,,,,,,,29,29,29,3,2
2025-09-15T23:51:31.962837,,,Niemcy,P_Kompania__6_Sch_tzen_Kompanie,,second_move,,,48,-5,,,,,,,,,,,,,,,,,,,,,,second_chance after LOW_FUEL,,,,,,,,,,,,,,,,,,,,,,,,
2025-09-15T23:51:31.962837,,,Niemcy,RESUPPLY_NEEDS,,resupply_analysis,,,,,,,,,,,,,,,,,,,,,,,,,,NEEDS_ANALYSIS LOW_FUEL | TOTAL_FUEL_NEEDED: 29 | TOTAL_COMBAT_NEEDED: 0 | TOTAL_PE_NEEDED: 29 | BUDGET_AVAILABLE: 9 | UNITS_REQUIRING_HELP: 10,,,,,,,,,,,,,,,,,,,,,,,,
2025-09-15T23:51:31.962837,,,Niemcy,P_Kompania__6_Sch_tzen_Kompanie,,resupply_detailed,48,-5,48,-5,,,,,,,,,,,,,,,,,,,,,,phase1 LOW_FUEL | PE_SPENT: fuel=1 combat=0 total=1 | BEFORE: fuel=1 combat=11 | AFTER: fuel=2 combat=11,,,,,,,,,,,,,,,,,,,,,,,,
2025-09-15T23:51:31.967618,,,Niemcy,RESUPPLY_OPERATION,,resupply_summary,,,,,,,,,,,,,,,,,,,,,,,,,,RESUPPLY_SUMMARY LOW_FUEL | TOTAL_PE_SPENT: 1 | UNITS_RESUPPLIED: 1/10 | BUDGET_ALLOCATED: 9 | PE_REMAINING: 9,,,,,,,,,,,,,,,,,,,,,,,,
2025-09-15T23:51:31.991785,,target_selection,Niemcy,P_Kompania__6_Sch_tzen_Kompanie,,target_analysis,,,,,48,-3,,,,,,,,,,,,,,,,,,,,"Target analysis: 29 candidates, score -1.00",,29,-1,999,,,,,,,,,False,,,,,,,29,29,29,2,2
2025-09-15T23:51:31.997514,,,Niemcy,P_Kompania__6_Sch_tzen_Kompanie,,second_move,,,48,-3,,,,,,,,,,,,,,,,,,,,,,second_chance after LOW_FUEL,,,,,,,,,,,,,,,,,,,,,,,,
2025-09-15T23:51:31.999793,,,Niemcy,RESUPPLY_NEEDS,,resupply_analysis,,,,,,,,,,,,,,,,,,,,,,,,,,NEEDS_ANALYSIS LOW_FUEL | TOTAL_FUEL_NEEDED: 29 | TOTAL_COMBAT_NEEDED: 0 | TOTAL_PE_NEEDED: 29 | BUDGET_AVAILABLE: 8 | UNITS_REQUIRING_HELP: 10,,,,,,,,,,,,,,,,,,,,,,,,
2025-09-15T23:51:32.001151,,,Niemcy,RESUPPLY_OPERATION,,resupply_summary,,,,,,,,,,,,,,,,,,,,,,,,,,RESUPPLY_SUMMARY LOW_FUEL | TOTAL_PE_SPENT: 0 | UNITS_RESUPPLIED: 0/10 | BUDGET_ALLOCATED: 8 | PE_REMAINING: 9,,,,,,,,,,,,,,,,,,,,,,,,
2025-09-15T23:51:32.012323,,target_selection,Niemcy,P_Kompania__6_Sch_tzen_Kompanie,,target_analysis,,,,,48,-2,,,,,,,,,,,,,,,,,,,,"Target analysis: 29 candidates, score -1.00",,29,-1,999,,,,,,,,,False,,,,,,,29,29,29,1,1
2025-09-15T23:51:32.015927,,,Niemcy,P_Kompania__6_Sch_tzen_Kompanie,,second_move,,,48,-2,,,,,,,,,,,,,,,,,,,,,,second_chance after LOW_FUEL,,,,,,,,,,,,,,,,,,,,,,,,
2025-09-15T23:51:32.017921,,,Niemcy,RESUPPLY_NEEDS,,resupply_analysis,,,,,,,,,,,,,,,,,,,,,,,,,,NEEDS_ANALYSIS LOW_FUEL | TOTAL_FUEL_NEEDED: 30 | TOTAL_COMBAT_NEEDED: 0 | TOTAL_PE_NEEDED: 30 | BUDGET_AVAILABLE: 8 | UNITS_REQUIRING_HELP: 10,,,,,,,,,,,,,,,,,,,,,,,,
2025-09-15T23:51:32.019140,,,Niemcy,RESUPPLY_OPERATION,,resupply_summary,,,,,,,,,,,,,,,,,,,,,,,,,,RESUPPLY_SUMMARY LOW_FUEL | TOTAL_PE_SPENT: 0 | UNITS_RESUPPLIED: 0/10 | BUDGET_ALLOCATED: 8 | PE_REMAINING: 9,,,,,,,,,,,,,,,,,,,,,,,,
2025-09-15T23:51:32.021717,,,Niemcy,RESUPPLY_NEEDS,,resupply_analysis,,,,,,,,,,,,,,,,,,,,,,,,,,NEEDS_ANALYSIS LOW_FUEL | TOTAL_FUEL_NEEDED: 30 | TOTAL_COMBAT_NEEDED: 0 | TOTAL_PE_NEEDED: 30 | BUDGET_AVAILABLE: 8 | UNITS_REQUIRING_HELP: 10,,,,,,,,,,,,,,,,,,,,,,,,
2025-09-15T23:51:32.022720,,,Niemcy,RESUPPLY_OPERATION,,resupply_summary,,,,,,,,,,,,,,,,,,,,,,,,,,RESUPPLY_SUMMARY LOW_FUEL | TOTAL_PE_SPENT: 0 | UNITS_RESUPPLIED: 0/10 | BUDGET_ALLOCATED: 8 | PE_REMAINING: 9,,,,,,,,,,,,,,,,,,,,,,,,
2025-09-15T23:51:32.025150,,,Niemcy,RESUPPLY_NEEDS,,resupply_analysis,,,,,,,,,,,,,,,,,,,,,,,,,,NEEDS_ANALYSIS LOW_FUEL | TOTAL_FUEL_NEEDED: 30 | TOTAL_COMBAT_NEEDED: 0 | TOTAL_PE_NEEDED: 30 | BUDGET_AVAILABLE: 8 | UNITS_REQUIRING_HELP: 10,,,,,,,,,,,,,,,,,,,,,,,,
2025-09-15T23:51:32.028665,,,Niemcy,RESUPPLY_OPERATION,,resupply_summary,,,,,,,,,,,,,,,,,,,,,,,,,,RESUPPLY_SUMMARY LOW_FUEL | TOTAL_PE_SPENT: 0 | UNITS_RESUPPLIED: 0/10 | BUDGET_ALLOCATED: 8 | PE_REMAINING: 9,,,,,,,,,,,,,,,,,,,,,,,,
2025-09-15T23:51:32.031677,,,Niemcy,RESUPPLY_NEEDS,,resupply_analysis,,,,,,,,,,,,,,,,,,,,,,,,,,NEEDS_ANALYSIS LOW_FUEL | TOTAL_FUEL_NEEDED: 30 | TOTAL_COMBAT_NEEDED: 0 | TOTAL_PE_NEEDED: 30 | BUDGET_AVAILABLE: 8 | UNITS_REQUIRING_HELP: 10,,,,,,,,,,,,,,,,,,,,,,,,
2025-09-15T23:51:32.031677,,,Niemcy,RESUPPLY_OPERATION,,resupply_summary,,,,,,,,,,,,,,,,,,,,,,,,,,RESUPPLY_SUMMARY LOW_FUEL | TOTAL_PE_SPENT: 0 | UNITS_RESUPPLIED: 0/10 | BUDGET_ALLOCATED: 8 | PE_REMAINING: 9,,,,,,,,,,,,,,,,,,,,,,,,
2025-09-15T23:51:32.035125,,,Niemcy,RESUPPLY_NEEDS,,resupply_analysis,,,,,,,,,,,,,,,,,,,,,,,,,,NEEDS_ANALYSIS LOW_FUEL | TOTAL_FUEL_NEEDED: 30 | TOTAL_COMBAT_NEEDED: 0 | TOTAL_PE_NEEDED: 30 | BUDGET_AVAILABLE: 8 | UNITS_REQUIRING_HELP: 10,,,,,,,,,,,,,,,,,,,,,,,,
2025-09-15T23:51:32.036161,,,Niemcy,RESUPPLY_OPERATION,,resupply_summary,,,,,,,,,,,,,,,,,,,,,,,,,,RESUPPLY_SUMMARY LOW_FUEL | TOTAL_PE_SPENT: 0 | UNITS_RESUPPLIED: 0/10 | BUDGET_ALLOCATED: 8 | PE_REMAINING: 9,,,,,,,,,,,,,,,,,,,,,,,,
2025-09-15T23:51:32.037261,,,Niemcy,TURN_END,,turn_summary,,,,,,,,,,,8,2,,,,,,,,,,,,advanced,opp=1;groups=5;adv=True,"Turn completed: 2/8 units moved, 5 groups (advanced)",,,,,,,,,,,,,,,,,,,,,,,,
2025-09-15T23:51:32.136659,,,Polska,TURN_START,,turn_begin,,,,,,,,,,,,,,,,,,,,,,,,,,AI Commander turn started for player 2,,,,,,,,,,,,,,,,,,,,,,,,
2025-09-15T23:51:32.139028,,,Polska,RESUPPLY_NEEDS,,resupply_analysis,,,,,,,,,,,,,,,,,,,,,,,,,,NEEDS_ANALYSIS PRE_RAID_OPTIMIZATION | TOTAL_FUEL_NEEDED: 12 | TOTAL_COMBAT_NEEDED: 0 | TOTAL_PE_NEEDED: 12 | BUDGET_AVAILABLE: 16 | UNITS_REQUIRING_HELP: 7,,,,,,,,,,,,,,,,,,,,,,,,
2025-09-15T23:51:32.140097,,,Polska,Z_Pluton__2_Batalion_Wsparcia,,resupply_detailed,29,6,29,6,,,,,,,,,,,,,,,,,,,,,,phase1 PRE_RAID_OPTIMIZATION | PE_SPENT: fuel=1 combat=0 total=1 | BEFORE: fuel=1 combat=4 | AFTER: fuel=2 combat=4,,,,,,,,,,,,,,,,,,,,,,,,
2025-09-15T23:51:32.140097,,,Polska,TL_Kompania__2_Batalion_Pancerny,,resupply_detailed,24,-7,24,-7,,,,,,,,,,,,,,,,,,,,,,phase1 PRE_RAID_OPTIMIZATION | PE_SPENT: fuel=1 combat=0 total=1 | BEFORE: fuel=1 combat=14 | AFTER: fuel=2 combat=14,,,,,,,,,,,,,,,,,,,,,,,,
2025-09-15T23:51:32.141464,,,Polska,P_Pluton__2_Kompania_Grenadier_w,,resupply_detailed,27,5,27,5,,,,,,,,,,,,,,,,,,,,,,phase1 PRE_RAID_OPTIMIZATION | PE_SPENT: fuel=1 combat=0 total=1 | BEFORE: fuel=1 combat=8 | AFTER: fuel=2 combat=8,,,,,,,,,,,,,,,,,,,,,,,,
2025-09-15T23:51:32.142467,,,Polska,P_Kompania__2_Pu_k_Piechoty,,resupply_detailed,29,1,29,1,,,,,,,,,,,,,,,,,,,,,,phase1 PRE_RAID_OPTIMIZATION | PE_SPENT: fuel=1 combat=0 total=1 | BEFORE: fuel=1 combat=11 | AFTER: fuel=2 combat=11,,,,,,,,,,,,,,,,,,,,,,,,
2025-09-15T23:51:32.143466,,,Polska,Z_Pluton__2_Oddzia_Rozpoznawczy,,resupply_detailed,27,4,27,4,,,,,,,,,,,,,,,,,,,,,,phase1 PRE_RAID_OPTIMIZATION | PE_SPENT: fuel=1 combat=0 total=1 | BEFORE: fuel=2 combat=4 | AFTER: fuel=3 combat=4,,,,,,,,,,,,,,,,,,,,,,,,
2025-09-15T23:51:32.146308,,,Polska,P_Pluton__2_Kompania_Grenadier_w_20250913214010,,resupply_detailed,28,5,28,5,,,,,,,,,,,,,,,,,,,,,,phase1 PRE_RAID_OPTIMIZATION | PE_SPENT: fuel=1 combat=0 total=1 | BEFORE: fuel=1 combat=8 | AFTER: fuel=2 combat=8,,,,,,,,,,,,,,,,,,,,,,,,
2025-09-15T23:51:32.146308,,,Polska,Z_Batalion__2_Kompania_Zaopatrzeniowa,,resupply_detailed,23,-7,23,-7,,,,,,,,,,,,,,,,,,,,,,phase1 PRE_RAID_OPTIMIZATION | PE_SPENT: fuel=1 combat=0 total=1 | BEFORE: fuel=2 combat=7 | AFTER: fuel=3 combat=7,,,,,,,,,,,,,,,,,,,,,,,,
2025-09-15T23:51:32.147536,,,Polska,RESUPPLY_OPERATION,,resupply_summary,,,,,,,,,,,,,,,,,,,,,,,,,,RESUPPLY_SUMMARY PRE_RAID_OPTIMIZATION | TOTAL_PE_SPENT: 7 | UNITS_RESUPPLIED: 7/7 | BUDGET_ALLOCATED: 16 | PE_REMAINING: 14,,,,,,,,,,,,,,,,,,,,,,,,
2025-09-15T23:51:32.180655,,target_selection,Polska,Z_Pluton__2_Batalion_Wsparcia,,target_analysis,,,,,31,6,,,,,,,,,,,,,,,,,,,,"Target analysis: 29 candidates, score -1.00",,29,-1,999,,,,,,,,,False,,,,,,,29,29,29,5,2
2025-09-15T23:51:32.184535,,,Polska,Z_Pluton__2_Batalion_Wsparcia,,second_move,,,31,6,,,,,,,,,,,,,,,,,,,,,,second_chance after PRE_RAID_OPTIMIZATION,,,,,,,,,,,,,,,,,,,,,,,,
2025-09-15T23:51:32.199523,,target_selection,Polska,TL_Kompania__2_Batalion_Pancerny,,target_analysis,,,,,22,-5,,,,,,,,,,,,,,,,,,,,"Target analysis: 29 candidates, score -1.00",,29,-1,999,,,,,,,,,False,,,,,,,29,29,29,4,2
2025-09-15T23:51:32.201360,,,Polska,TL_Kompania__2_Batalion_Pancerny,,second_move,,,22,-5,,,,,,,,,,,,,,,,,,,,,,second_chance after PRE_RAID_OPTIMIZATION,,,,,,,,,,,,,,,,,,,,,,,,
2025-09-15T23:51:32.217714,,target_selection,Polska,P_Pluton__2_Kompania_Grenadier_w,,target_analysis,,,,,27,7,,,,,,,,,,,,,,,,,,,,"Target analysis: 29 candidates, score -1.00",,29,-1,999,,,,,,,,,False,,,,,,,29,29,29,2,2
2025-09-15T23:51:32.224349,,,Polska,P_Pluton__2_Kompania_Grenadier_w,,second_move,,,27,7,,,,,,,,,,,,,,,,,,,,,,second_chance after PRE_RAID_OPTIMIZATION,,,,,,,,,,,,,,,,,,,,,,,,
2025-09-15T23:51:32.247042,,target_selection,Polska,P_Kompania__2_Pu_k_Piechoty,,target_analysis,,,,,27,3,,,,,,,,,,,,,,,,,,,,"Target analysis: 29 candidates, score -1.00",,29,-1,999,,,,,,,,,False,,,,,,,29,29,29,2,2
2025-09-15T23:51:32.250362,,,Polska,P_Kompania__2_Pu_k_Piechoty,,second_move,,,27,3,,,,,,,,,,,,,,,,,,,,,,second_chance after PRE_RAID_OPTIMIZATION,,,,,,,,,,,,,,,,,,,,,,,,
2025-09-15T23:51:32.390647,,target_selection,Polska,Z_Pluton__2_Oddzia_Rozpoznawczy,,target_analysis,,,,,28,3,,,,,,,,,,,,,,,,,,,,"Target analysis: 29 candidates, score 22.50",,29,22.5,1,,,,,,,,,False,,,,"(28, 3)",,,28,29,29,6,3
2025-09-15T23:51:32.461738,,,Polska,Z_Pluton__2_Oddzia_Rozpoznawczy,,second_move,,,28,3,,,,,,,,,,,,,,,,,,,,,,second_chance after PRE_RAID_OPTIMIZATION,,,,,,,,,,,,,,,,,,,,,,,,
2025-09-15T23:51:32.519737,,target_selection,Polska,P_Pluton__2_Kompania_Grenadier_w_20250913214010,,target_analysis,,,,,30,5,,,,,,,,,,,,,,,,,,,,"Target analysis: 29 candidates, score -1.00",,29,-1,999,,,,,,,,,False,,,,,,,29,29,29,2,2
2025-09-15T23:51:32.523680,,,Polska,P_Pluton__2_Kompania_Grenadier_w_20250913214010,,second_move,,,30,5,,,,,,,,,,,,,,,,,,,,,,second_chance after PRE_RAID_OPTIMIZATION,,,,,,,,,,,,,,,,,,,,,,,,
2025-09-15T23:51:32.551371,,target_selection,Polska,Z_Batalion__2_Kompania_Zaopatrzeniowa,,target_analysis,,,,,24,-8,,,,,,,,,,,,,,,,,,,,"Target analysis: 29 candidates, score 30.00",,29,30.0,1,,,,,,,,,False,,,,"(24, -8)",,,27,29,29,6,3
2025-09-15T23:51:32.555813,,,Polska,Z_Batalion__2_Kompania_Zaopatrzeniowa,,second_move,,,24,-8,,,,,,,,,,,,,,,,,,,,,,second_chance after PRE_RAID_OPTIMIZATION,,,,,,,,,,,,,,,,,,,,,,,,
2025-09-15T23:51:32.648247,,,Polska,RESUPPLY_NEEDS,,resupply_analysis,,,,,,,,,,,,,,,,,,,,,,,,,,NEEDS_ANALYSIS MULTI_TURN_START | TOTAL_FUEL_NEEDED: 12 | TOTAL_COMBAT_NEEDED: 0 | TOTAL_PE_NEEDED: 12 | BUDGET_AVAILABLE: 11 | UNITS_REQUIRING_HELP: 7,,,,,,,,,,,,,,,,,,,,,,,,
2025-09-15T23:51:32.649259,,,Polska,Z_Pluton__2_Batalion_Wsparcia,,resupply_detailed,31,6,31,6,,,,,,,,,,,,,,,,,,,,,,phase1 MULTI_TURN_START | PE_SPENT: fuel=1 combat=0 total=1 | BEFORE: fuel=1 combat=4 | AFTER: fuel=2 combat=4,,,,,,,,,,,,,,,,,,,,,,,,
2025-09-15T23:51:32.650256,,,Polska,TL_Kompania__2_Batalion_Pancerny,,resupply_detailed,22,-5,22,-5,,,,,,,,,,,,,,,,,,,,,,phase1 MULTI_TURN_START | PE_SPENT: fuel=1 combat=0 total=1 | BEFORE: fuel=1 combat=14 | AFTER: fuel=2 combat=14,,,,,,,,,,,,,,,,,,,,,,,,
2025-09-15T23:51:32.650256,,,Polska,P_Pluton__2_Kompania_Grenadier_w,,resupply_detailed,27,7,27,7,,,,,,,,,,,,,,,,,,,,,,phase1 MULTI_TURN_START | PE_SPENT: fuel=1 combat=0 total=1 | BEFORE: fuel=1 combat=8 | AFTER: fuel=2 combat=8,,,,,,,,,,,,,,,,,,,,,,,,
2025-09-15T23:51:32.651257,,,Polska,P_Kompania__2_Pu_k_Piechoty,,resupply_detailed,27,3,27,3,,,,,,,,,,,,,,,,,,,,,,phase1 MULTI_TURN_START | PE_SPENT: fuel=1 combat=0 total=1 | BEFORE: fuel=1 combat=11 | AFTER: fuel=2 combat=11,,,,,,,,,,,,,,,,,,,,,,,,
2025-09-15T23:51:32.652249,,,Polska,Z_Pluton__2_Oddzia_Rozpoznawczy,,resupply_detailed,28,3,28,3,,,,,,,,,,,,,,,,,,,,,,phase1 MULTI_TURN_START | PE_SPENT: fuel=1 combat=0 total=1 | BEFORE: fuel=2 combat=4 | AFTER: fuel=3 combat=4,,,,,,,,,,,,,,,,,,,,,,,,
2025-09-15T23:51:32.652249,,,Polska,P_Pluton__2_Kompania_Grenadier_w_20250913214010,,resupply_detailed,30,5,30,5,,,,,,,,,,,,,,,,,,,,,,phase1 MULTI_TURN_START | PE_SPENT: fuel=1 combat=0 total=1 | BEFORE: fuel=1 combat=8 | AFTER: fuel=2 combat=8,,,,,,,,,,,,,,,,,,,,,,,,
2025-09-15T23:51:32.653401,,,Polska,Z_Batalion__2_Kompania_Zaopatrzeniowa,,resupply_detailed,24,-8,24,-8,,,,,,,,,,,,,,,,,,,,,,phase1 MULTI_TURN_START | PE_SPENT: fuel=1 combat=0 total=1 | BEFORE: fuel=2 combat=7 | AFTER: fuel=3 combat=7,,,,,,,,,,,,,,,,,,,,,,,,
2025-09-15T23:51:32.653401,,,Polska,RESUPPLY_OPERATION,,resupply_summary,,,,,,,,,,,,,,,,,,,,,,,,,,RESUPPLY_SUMMARY MULTI_TURN_START | TOTAL_PE_SPENT: 7 | UNITS_RESUPPLIED: 7/7 | BUDGET_ALLOCATED: 11 | PE_REMAINING: 7,,,,,,,,,,,,,,,,,,,,,,,,
2025-09-15T23:51:32.673616,,target_selection,Polska,Z_Pluton__2_Batalion_Wsparcia,,target_analysis,,,,,33,5,,,,,,,,,,,,,,,,,,,,"Target analysis: 29 candidates, score 22.50",,29,22.5,2,,,,,,,,,False,,,,"(33, 5)",,,28,29,29,4,2
2025-09-15T23:51:32.678724,,,Polska,Z_Pluton__2_Batalion_Wsparcia,,second_move,,,33,5,,,,,,,,,,,,,,,,,,,,,,second_chance after MULTI_TURN_START,,,,,,,,,,,,,,,,,,,,,,,,
2025-09-15T23:51:32.698314,,target_selection,Polska,TL_Kompania__2_Batalion_Pancerny,,target_analysis,,,,,24,-7,,,,,,,,,,,,,,,,,,,,"Target analysis: 29 candidates, score 15.00",,29,15.0,2,,,,,,,,,False,,,,"(24, -7)",,,27,29,29,3,2
2025-09-15T23:51:32.703045,,,Polska,TL_Kompania__2_Batalion_Pancerny,,second_move,,,24,-7,,,,,,,,,,,,,,,,,,,,,,second_chance after MULTI_TURN_START,,,,,,,,,,,,,,,,,,,,,,,,
2025-09-15T23:51:32.714861,,target_selection,Polska,P_Pluton__2_Kompania_Grenadier_w,,target_analysis,,,,,28,7,,,,,,,,,,,,,,,,,,,,"Target analysis: 29 candidates, score -1.00",,29,-1,999,,,,,,,,,False,,,,,,,29,29,29,1,2
2025-09-15T23:51:32.719337,,,Polska,P_Pluton__2_Kompania_Grenadier_w,,second_move,,,28,7,,,,,,,,,,,,,,,,,,,,,,second_chance after MULTI_TURN_START,,,,,,,,,,,,,,,,,,,,,,,,
2025-09-15T23:51:32.729381,,target_selection,Polska,P_Kompania__2_Pu_k_Piechoty,,target_analysis,,,,,26,3,,,,,,,,,,,,,,,,,,,,"Target analysis: 29 candidates, score -1.00",,29,-1,999,,,,,,,,,False,,,,,,,29,29,29,1,2
2025-09-15T23:51:32.733675,,,Polska,P_Kompania__2_Pu_k_Piechoty,,second_move,,,26,3,,,,,,,,,,,,,,,,,,,,,,second_chance after MULTI_TURN_START,,,,,,,,,,,,,,,,,,,,,,,,
2025-09-15T23:51:32.764461,,target_selection,Polska,Z_Pluton__2_Oddzia_Rozpoznawczy,,target_analysis,,,,,27,4,,,,,,,,,,,,,,,,,,,,"Target analysis: 29 candidates, score 22.50",,29,22.5,1,,,,,,,,,False,,,,"(27, 4)",,,28,29,29,5,3
2025-09-15T23:51:32.767803,,,Polska,Z_Pluton__2_Oddzia_Rozpoznawczy,,second_move,,,27,4,,,,,,,,,,,,,,,,,,,,,,second_chance after MULTI_TURN_START,,,,,,,,,,,,,,,,,,,,,,,,
2025-09-15T23:51:32.781109,,target_selection,Polska,P_Pluton__2_Kompania_Grenadier_w_20250913214010,,target_analysis,,,,,31,5,,,,,,,,,,,,,,,,,,,,"Target analysis: 29 candidates, score -1.00",,29,-1,999,,,,,,,,,False,,,,,,,29,29,29,1,2
2025-09-15T23:51:32.784503,,,Polska,P_Pluton__2_Kompania_Grenadier_w_20250913214010,,second_move,,,31,5,,,,,,,,,,,,,,,,,,,,,,second_chance after MULTI_TURN_START,,,,,,,,,,,,,,,,,,,,,,,,
2025-09-15T23:51:32.808962,,target_selection,Polska,Z_Batalion__2_Kompania_Zaopatrzeniowa,,target_analysis,,,,,23,-7,,,,,,,,,,,,,,,,,,,,"Target analysis: 29 candidates, score 15.00",,29,15.0,1,,,,,,,,,False,,,,"(23, -7)",,,28,29,29,5,3
2025-09-15T23:51:32.813581,,,Polska,Z_Batalion__2_Kompania_Zaopatrzeniowa,,second_move,,,23,-7,,,,,,,,,,,,,,,,,,,,,,second_chance after MULTI_TURN_START,,,,,,,,,,,,,,,,,,,,,,,,
2025-09-15T23:51:33.032831,,grouping,Polska,GROUP_1,,group_formation,24,-7,23,-7,23,-7,,,,,,,,,,,,,,,,,,,,"Group 1: 3 units, score 0.00",,,,,1,3,"24,-7",0.0,,,,False,,,,advanced,,,,,,,,
2025-09-15T23:51:33.032831,,grouping,Polska,GROUP_4,,group_formation,15,-7,15,-6,15,-6,,,,,,,,,,,,,,,,,,,,"Group 4: 1 units, score 0.00",,,,,4,1,"15,-7",0.0,,,,False,,,,advanced,,,,,,,,
2025-09-15T23:51:33.048331,,strategy,Polska,STRATEGY,,strategic_decision,,,,,,,,,,,,,,,,,,,,,,,,,,"Strategy: REASSIGNMENT, aggression 0.50, 4 groups, 0 reassignments",,,,,,,,,REASSIGNMENT,0.5,,,,,,adaptive,,0,dynamic_reassignment,,,,,
2025-09-15T23:51:33.062334,,strategy,Polska,STRATEGY,,strategic_decision,,,,,,,,,,,,,,,,,,,,,,,,,,"Strategy: REASSIGNMENT, aggression 0.50, 4 groups, 0 reassignments",,,,,,,,,REASSIGNMENT,0.5,,,,,,adaptive,,0,dynamic_reassignment,,,,,
2025-09-15T23:51:33.069683,,,Polska,P_Batalion__2_Batalion_Strzelc_w,,adaptive_autonomous,23,-7,23,-7,,,,,,,,,,,,,,,,,,,,,,"Advanced auto mode: group 1 (strategy: TIED, aggr: 0.5)",,,,,,,,,,,,,,,,,,,,,,,,
2025-09-15T23:51:33.093486,,strategy,Polska,STRATEGY,,strategic_decision,,,,,,,,,,,,,,,,,,,,,,,,,,"Strategy: REASSIGNMENT, aggression 0.50, 1 groups, 0 reassignments",,,,,,,,,REASSIGNMENT,0.5,,,,,,adaptive,,0,dynamic_reassignment,,,,,
2025-09-15T23:51:33.112426,,target_selection,Polska,P_Pluton__2_Kompania_Grenadier_w,,target_analysis,,,,,28,5,,,,,,,,,,,,,,,,,,,,"Target analysis: 29 candidates, score -1.00",,29,-1,999,,,,,,,,,False,,,,,,,29,29,29,2,1
2025-09-15T23:51:33.123908,,strategy,Polska,STRATEGY,,strategic_decision,,,,,,,,,,,,,,,,,,,,,,,,,,"Strategy: REASSIGNMENT, aggression 0.50, 1 groups, 0 reassignments",,,,,,,,,REASSIGNMENT,0.5,,,,,,adaptive,,0,dynamic_reassignment,,,,,
2025-09-15T23:51:33.137549,,target_selection,Polska,P_Kompania__2_Pu_k_Piechoty,,target_analysis,,,,,30,1,,,,,,,,,,,,,,,,,,,,"Target analysis: 29 candidates, score -1.00",,29,-1,999,,,,,,,,,False,,,,,,,29,29,29,2,1
2025-09-15T23:51:33.142436,,,Polska,RESUPPLY_NEEDS,,resupply_analysis,,,,,,,,,,,,,,,,,,,,,,,,,,NEEDS_ANALYSIS LOW_FUEL | TOTAL_FUEL_NEEDED: 16 | TOTAL_COMBAT_NEEDED: 0 | TOTAL_PE_NEEDED: 16 | BUDGET_AVAILABLE: 5 | UNITS_REQUIRING_HELP: 8,,,,,,,,,,,,,,,,,,,,,,,,
2025-09-15T23:51:33.146037,,,Polska,Z_Pluton__2_Batalion_Wsparcia,,resupply_detailed,28,6,28,6,,,,,,,,,,,,,,,,,,,,,,phase1 LOW_FUEL | PE_SPENT: fuel=1 combat=0 total=1 | BEFORE: fuel=0 combat=4 | AFTER: fuel=1 combat=4,,,,,,,,,,,,,,,,,,,,,,,,
2025-09-15T23:51:33.146896,,,Polska,Z_Pluton__2_Oddzia_Rozpoznawczy,,resupply_detailed,28,3,28,3,,,,,,,,,,,,,,,,,,,,,,phase1 LOW_FUEL | PE_SPENT: fuel=1 combat=0 total=1 | BEFORE: fuel=1 combat=4 | AFTER: fuel=2 combat=4,,,,,,,,,,,,,,,,,,,,,,,,
2025-09-15T23:51:33.148002,,,Polska,Z_Batalion__2_Kompania_Zaopatrzeniowa,,resupply_detailed,24,-8,24,-8,,,,,,,,,,,,,,,,,,,,,,phase1 LOW_FUEL | PE_SPENT: fuel=1 combat=0 total=1 | BEFORE: fuel=1 combat=7 | AFTER: fuel=2 combat=7,,,,,,,,,,,,,,,,,,,,,,,,
2025-09-15T23:51:33.148002,,,Polska,TL_Kompania__2_Batalion_Pancerny,,resupply_detailed,24,-7,24,-7,,,,,,,,,,,,,,,,,,,,,,phase1 LOW_FUEL | PE_SPENT: fuel=1 combat=0 total=1 | BEFORE: fuel=1 combat=14 | AFTER: fuel=2 combat=14,,,,,,,,,,,,,,,,,,,,,,,,
2025-09-15T23:51:33.149312,,,Polska,P_Batalion__2_Batalion_Strzelc_w,,resupply_detailed,23,-7,23,-7,,,,,,,,,,,,,,,,,,,,,,phase1 LOW_FUEL | PE_SPENT: fuel=1 combat=0 total=1 | BEFORE: fuel=1 combat=14 | AFTER: fuel=2 combat=14,,,,,,,,,,,,,,,,,,,,,,,,
2025-09-15T23:51:33.149312,,,Polska,P_Pluton__2_Kompania_Grenadier_w,,resupply_detailed,28,7,28,7,,,,,,,,,,,,,,,,,,,,,,phase1 LOW_FUEL | PE_SPENT: fuel=1 combat=0 total=1 | BEFORE: fuel=1 combat=8 | AFTER: fuel=2 combat=8,,,,,,,,,,,,,,,,,,,,,,,,
2025-09-15T23:51:33.150315,,,Polska,P_Kompania__2_Pu_k_Piechoty,,resupply_detailed,26,3,26,3,,,,,,,,,,,,,,,,,,,,,,phase1 LOW_FUEL | PE_SPENT: fuel=1 combat=0 total=1 | BEFORE: fuel=1 combat=11 | AFTER: fuel=2 combat=11,,,,,,,,,,,,,,,,,,,,,,,,
2025-09-15T23:51:33.151345,,,Polska,P_Pluton__2_Kompania_Grenadier_w_20250913214010,,resupply_detailed,31,5,31,5,,,,,,,,,,,,,,,,,,,,,,phase1 LOW_FUEL | PE_SPENT: fuel=1 combat=0 total=1 | BEFORE: fuel=1 combat=8 | AFTER: fuel=2 combat=8,,,,,,,,,,,,,,,,,,,,,,,,
2025-09-15T23:51:33.152645,,,Polska,RESUPPLY_OPERATION,,resupply_summary,,,,,,,,,,,,,,,,,,,,,,,,,,RESUPPLY_SUMMARY LOW_FUEL | TOTAL_PE_SPENT: 7 | UNITS_RESUPPLIED: 8/8 | BUDGET_ALLOCATED: 5 | PE_REMAINING: 0,,,,,,,,,,,,,,,,,,,,,,,,
2025-09-15T23:51:33.155497,,,Polska,Z_Pluton__2_Batalion_Wsparcia,,second_move,,,27,6,,,,,,,,,,,,,,,,,,,,,,second_chance after LOW_FUEL,,,,,,,,,,,,,,,,,,,,,,,,
2025-09-15T23:51:33.163304,,,Polska,Z_Pluton__2_Oddzia_Rozpoznawczy,,second_move,,,27,4,,,,,,,,,,,,,,,,,,,,,,second_chance after LOW_FUEL,,,,,,,,,,,,,,,,,,,,,,,,
2025-09-15T23:51:33.182316,,,Polska,Z_Batalion__2_Kompania_Zaopatrzeniowa,,second_move,,,24,-8,,,,,,,,,,,,,,,,,,,,,,second_chance after LOW_FUEL,,,,,,,,,,,,,,,,,,,,,,,,
2025-09-15T23:51:33.196927,,target_selection,Polska,TL_Kompania__2_Batalion_Pancerny,,target_analysis,,,,,22,-5,,,,,,,,,,,,,,,,,,,,"Target analysis: 29 candidates, score -1.00",,29,-1,999,,,,,,,,,False,,,,,,,29,29,29,2,2
2025-09-15T23:51:33.200767,,,Polska,TL_Kompania__2_Batalion_Pancerny,,second_move,,,22,-5,,,,,,,,,,,,,,,,,,,,,,second_chance after LOW_FUEL,,,,,,,,,,,,,,,,,,,,,,,,
2025-09-15T23:51:33.207171,,target_selection,Polska,P_Batalion__2_Batalion_Strzelc_w,,target_analysis,,,,,24,-7,,,,,,,,,,,,,,,,,,,,"Target analysis: 29 candidates, score 15.00",,29,15.0,1,,,,,,,,,False,,,,"(24, -7)",,,28,29,29,1,2
2025-09-15T23:51:33.214878,,,Polska,P_Batalion__2_Batalion_Strzelc_w,,second_move,,,24,-7,,,,,,,,,,,,,,,,,,,,,,second_chance after LOW_FUEL,,,,,,,,,,,,,,,,,,,,,,,,
2025-09-15T23:51:33.218730,,,Polska,TURN_END,,turn_summary,,,,,,,,,,,7,1,,,,,,,,,,,,advanced,opp=2;groups=4;adv=True,"Turn completed: 1/7 units moved, 4 groups (advanced)",,,,,,,,,,,,,,,,,,,,,,,,
2025-09-15T23:51:33.273207,,,Polska,TURN_START,,turn_begin,,,,,,,,,,,,,,,,,,,,,,,,,,AI Commander turn started for player 3,,,,,,,,,,,,,,,,,,,,,,,,
2025-09-15T23:51:33.277757,,,Polska,RESUPPLY_NEEDS,,resupply_analysis,,,,,,,,,,,,,,,,,,,,,,,,,,NEEDS_ANALYSIS PRE_RAID_OPTIMIZATION | TOTAL_FUEL_NEEDED: 9 | TOTAL_COMBAT_NEEDED: 0 | TOTAL_PE_NEEDED: 9 | BUDGET_AVAILABLE: 13 | UNITS_REQUIRING_HELP: 6,,,,,,,,,,,,,,,,,,,,,,,,
2025-09-15T23:51:33.279205,,,Polska,P_Kompania__3_Batalion_Strzelc_w,,resupply_detailed,32,10,32,10,,,,,,,,,,,,,,,,,,,,,,phase1 PRE_RAID_OPTIMIZATION | PE_SPENT: fuel=1 combat=0 total=1 | BEFORE: fuel=0 combat=11 | AFTER: fuel=1 combat=11,,,,,,,,,,,,,,,,,,,,,,,,
2025-09-15T23:51:33.280355,,,Polska,Z_Kompania__3_Kompania_Zaopatrzeniowa,,resupply_detailed,32,9,32,9,,,,,,,,,,,,,,,,,,,,,,phase1 PRE_RAID_OPTIMIZATION | PE_SPENT: fuel=1 combat=0 total=1 | BEFORE: fuel=1 combat=6 | AFTER: fuel=2 combat=6,,,,,,,,,,,,,,,,,,,,,,,,
2025-09-15T23:51:33.280355,,,Polska,P_Pluton__3_Pu_k_Piechoty,,resupply_detailed,32,6,32,6,,,,,,,,,,,,,,,,,,,,,,phase1 PRE_RAID_OPTIMIZATION | PE_SPENT: fuel=1 combat=0 total=1 | BEFORE: fuel=1 combat=8 | AFTER: fuel=2 combat=8,,,,,,,,,,,,,,,,,,,,,,,,
2025-09-15T23:51:33.281682,,,Polska,P_Batalion__3_Pu_k_Piechoty,,resupply_detailed,28,10,28,10,,,,,,,,,,,,,,,,,,,,,,phase1 PRE_RAID_OPTIMIZATION | PE_SPENT: fuel=1 combat=0 total=1 | BEFORE: fuel=1 combat=14 | AFTER: fuel=2 combat=14,,,,,,,,,,,,,,,,,,,,,,,,
2025-09-15T23:51:33.281682,,,Polska,P_Pluton__3_Pu_k_Piechoty_20250913214024,,resupply_detailed,36,13,36,13,,,,,,,,,,,,,,,,,,,,,,phase1 PRE_RAID_OPTIMIZATION | PE_SPENT: fuel=1 combat=0 total=1 | BEFORE: fuel=1 combat=8 | AFTER: fuel=2 combat=8,,,,,,,,,,,,,,,,,,,,,,,,
2025-09-15T23:51:33.282981,,,Polska,P_Pluton__3_Kompania_Grenadier_w,,resupply_detailed,33,12,33,12,,,,,,,,,,,,,,,,,,,,,,phase1 PRE_RAID_OPTIMIZATION | PE_SPENT: fuel=1 combat=0 total=1 | BEFORE: fuel=1 combat=8 | AFTER: fuel=2 combat=8,,,,,,,,,,,,,,,,,,,,,,,,
2025-09-15T23:51:33.284058,,,Polska,RESUPPLY_OPERATION,,resupply_summary,,,,,,,,,,,,,,,,,,,,,,,,,,RESUPPLY_SUMMARY PRE_RAID_OPTIMIZATION | TOTAL_PE_SPENT: 6 | UNITS_RESUPPLIED: 6/6 | BUDGET_ALLOCATED: 13 | PE_REMAINING: 11,,,,,,,,,,,,,,,,,,,,,,,,
2025-09-15T23:51:33.298513,,target_selection,Polska,P_Kompania__3_Batalion_Strzelc_w,,target_analysis,,,,,33,10,,,,,,,,,,,,,,,,,,,,"Target analysis: 29 candidates, score -1.00",,29,-1,999,,,,,,,,,False,,,,,,,29,29,29,7,1
2025-09-15T23:51:33.301897,,,Polska,P_Kompania__3_Batalion_Strzelc_w,,second_move,,,33,10,,,,,,,,,,,,,,,,,,,,,,second_chance after PRE_RAID_OPTIMIZATION,,,,,,,,,,,,,,,,,,,,,,,,
2025-09-15T23:51:33.329771,,target_selection,Polska,Z_Kompania__3_Kompania_Zaopatrzeniowa,,target_analysis,,,,,32,11,,,,,,,,,,,,,,,,,,,,"Target analysis: 29 candidates, score -1.00",,29,-1,999,,,,,,,,,False,,,,,,,29,29,29,5,2
2025-09-15T23:51:33.337997,,,Polska,Z_Kompania__3_Kompania_Zaopatrzeniowa,,second_move,,,32,11,,,,,,,,,,,,,,,,,,,,,,second_chance after PRE_RAID_OPTIMIZATION,,,,,,,,,,,,,,,,,,,,,,,,
2025-09-15T23:51:33.357871,,target_selection,Polska,P_Pluton__3_Pu_k_Piechoty,,target_analysis,,,,,33,5,,,,,,,,,,,,,,,,,,,,"Target analysis: 29 candidates, score 22.50",,29,22.5,1,,,,,,,,,False,,,,"(33, 5)",,,28,29,29,4,2
2025-09-15T23:51:33.362597,,,Polska,P_Pluton__3_Pu_k_Piechoty,,second_move,,,33,5,,,,,,,,,,,,,,,,,,,,,,second_chance after PRE_RAID_OPTIMIZATION,,,,,,,,,,,,,,,,,,,,,,,,
2025-09-15T23:51:33.397619,,target_selection,Polska,P_Batalion__3_Pu_k_Piechoty,,target_analysis,,,,,30,10,,,,,,,,,,,,,,,,,,,,"Target analysis: 29 candidates, score -1.00",,29,-1,999,,,,,,,,,False,,,,,,,29,29,29,4,2
2025-09-15T23:51:33.401018,,,Polska,P_Batalion__3_Pu_k_Piechoty,,second_move,,,30,10,,,,,,,,,,,,,,,,,,,,,,second_chance after PRE_RAID_OPTIMIZATION,,,,,,,,,,,,,,,,,,,,,,,,
2025-09-15T23:51:33.428944,,target_selection,Polska,P_Pluton__3_Pu_k_Piechoty_20250913214024,,target_analysis,,,,,38,13,,,,,,,,,,,,,,,,,,,,"Target analysis: 29 candidates, score -1.00",,29,-1,999,,,,,,,,,False,,,,,,,29,29,29,4,2
2025-09-15T23:51:33.436699,,,Polska,P_Pluton__3_Pu_k_Piechoty_20250913214024,,second_move,,,38,13,,,,,,,,,,,,,,,,,,,,,,second_chance after PRE_RAID_OPTIMIZATION,,,,,,,,,,,,,,,,,,,,,,,,
2025-09-15T23:51:33.452350,,target_selection,Polska,P_Pluton__3_Kompania_Grenadier_w,,target_analysis,,,,,34,11,,,,,,,,,,,,,,,,,,,,"Target analysis: 29 candidates, score 30.00",,29,30.0,1,,,,,,,,,False,,,,"(34, 11)",,,28,29,29,4,2
2025-09-15T23:51:33.457635,,,Polska,P_Pluton__3_Kompania_Grenadier_w,,second_move,,,34,11,,,,,,,,,,,,,,,,,,,,,,second_chance after PRE_RAID_OPTIMIZATION,,,,,,,,,,,,,,,,,,,,,,,,
2025-09-15T23:51:33.570309,,,Polska,RESUPPLY_NEEDS,,resupply_analysis,,,,,,,,,,,,,,,,,,,,,,,,,,NEEDS_ANALYSIS PRE_RAID_OPTIMIZATION | TOTAL_FUEL_NEEDED: 9 | TOTAL_COMBAT_NEEDED: 0 | TOTAL_PE_NEEDED: 9 | BUDGET_AVAILABLE: 8 | UNITS_REQUIRING_HELP: 6,,,,,,,,,,,,,,,,,,,,,,,,
2025-09-15T23:51:33.571335,,,Polska,P_Kompania__3_Batalion_Strzelc_w,,resupply_detailed,33,10,33,10,,,,,,,,,,,,,,,,,,,,,,phase1 PRE_RAID_OPTIMIZATION | PE_SPENT: fuel=1 combat=0 total=1 | BEFORE: fuel=0 combat=11 | AFTER: fuel=1 combat=11,,,,,,,,,,,,,,,,,,,,,,,,
2025-09-15T23:51:33.571335,,,Polska,Z_Kompania__3_Kompania_Zaopatrzeniowa,,resupply_detailed,32,11,32,11,,,,,,,,,,,,,,,,,,,,,,phase1 PRE_RAID_OPTIMIZATION | PE_SPENT: fuel=1 combat=0 total=1 | BEFORE: fuel=1 combat=6 | AFTER: fuel=2 combat=6,,,,,,,,,,,,,,,,,,,,,,,,
2025-09-15T23:51:33.572422,,,Polska,P_Pluton__3_Pu_k_Piechoty,,resupply_detailed,33,5,33,5,,,,,,,,,,,,,,,,,,,,,,phase1 PRE_RAID_OPTIMIZATION | PE_SPENT: fuel=1 combat=0 total=1 | BEFORE: fuel=1 combat=8 | AFTER: fuel=2 combat=8,,,,,,,,,,,,,,,,,,,,,,,,
2025-09-15T23:51:33.573420,,,Polska,P_Batalion__3_Pu_k_Piechoty,,resupply_detailed,30,10,30,10,,,,,,,,,,,,,,,,,,,,,,phase1 PRE_RAID_OPTIMIZATION | PE_SPENT: fuel=1 combat=0 total=1 | BEFORE: fuel=1 combat=14 | AFTER: fuel=2 combat=14,,,,,,,,,,,,,,,,,,,,,,,,
2025-09-15T23:51:33.573420,,,Polska,P_Pluton__3_Pu_k_Piechoty_20250913214024,,resupply_detailed,38,13,38,13,,,,,,,,,,,,,,,,,,,,,,phase1 PRE_RAID_OPTIMIZATION | PE_SPENT: fuel=1 combat=0 total=1 | BEFORE: fuel=1 combat=8 | AFTER: fuel=2 combat=8,,,,,,,,,,,,,,,,,,,,,,,,
2025-09-15T23:51:33.574417,,,Polska,P_Pluton__3_Kompania_Grenadier_w,,resupply_detailed,34,11,34,11,,,,,,,,,,,,,,,,,,,,,,phase1 PRE_RAID_OPTIMIZATION | PE_SPENT: fuel=1 combat=0 total=1 | BEFORE: fuel=1 combat=8 | AFTER: fuel=2 combat=8,,,,,,,,,,,,,,,,,,,,,,,,
2025-09-15T23:51:33.576490,,,Polska,RESUPPLY_OPERATION,,resupply_summary,,,,,,,,,,,,,,,,,,,,,,,,,,RESUPPLY_SUMMARY PRE_RAID_OPTIMIZATION | TOTAL_PE_SPENT: 6 | UNITS_RESUPPLIED: 6/6 | BUDGET_ALLOCATED: 8 | PE_REMAINING: 5,,,,,,,,,,,,,,,,,,,,,,,,
2025-09-15T23:51:33.581232,,target_selection,Polska,P_Kompania__3_Batalion_Strzelc_w,,target_analysis,,,,,33,11,,,,,,,,,,,,,,,,,,,,"Target analysis: 29 candidates, score -1.00",,29,-1,999,,,,,,,,,False,,,,,,,29,29,29,6,1
2025-09-15T23:51:33.592375,,,Polska,P_Kompania__3_Batalion_Strzelc_w,,second_move,,,33,11,,,,,,,,,,,,,,,,,,,,,,second_chance after PRE_RAID_OPTIMIZATION,,,,,,,,,,,,,,,,,,,,,,,,
2025-09-15T23:51:33.621454,,target_selection,Polska,Z_Kompania__3_Kompania_Zaopatrzeniowa,,target_analysis,,,,,32,13,,,,,,,,,,,,,,,,,,,,"Target analysis: 29 candidates, score -1.00",,29,-1,999,,,,,,,,,False,,,,,,,29,29,29,4,2
2025-09-15T23:51:33.624801,,,Polska,Z_Kompania__3_Kompania_Zaopatrzeniowa,,second_move,,,32,13,,,,,,,,,,,,,,,,,,,,,,second_chance after PRE_RAID_OPTIMIZATION,,,,,,,,,,,,,,,,,,,,,,,,
2025-09-15T23:51:33.642280,,target_selection,Polska,P_Pluton__3_Pu_k_Piechoty,,target_analysis,,,,,32,6,,,,,,,,,,,,,,,,,,,,"Target analysis: 29 candidates, score 22.50",,29,22.5,1,,,,,,,,,False,,,,"(32, 6)",,,28,29,29,3,2
2025-09-15T23:51:33.648467,,,Polska,P_Pluton__3_Pu_k_Piechoty,,second_move,,,32,6,,,,,,,,,,,,,,,,,,,,,,second_chance after PRE_RAID_OPTIMIZATION,,,,,,,,,,,,,,,,,,,,,,,,
2025-09-15T23:51:33.675181,,target_selection,Polska,P_Batalion__3_Pu_k_Piechoty,,target_analysis,,,,,32,10,,,,,,,,,,,,,,,,,,,,"Target analysis: 29 candidates, score -1.00",,29,-1,999,,,,,,,,,False,,,,,,,29,29,29,3,2
2025-09-15T23:51:33.681023,,,Polska,P_Batalion__3_Pu_k_Piechoty,,second_move,,,32,10,,,,,,,,,,,,,,,,,,,,,,second_chance after PRE_RAID_OPTIMIZATION,,,,,,,,,,,,,,,,,,,,,,,,
2025-09-15T23:51:33.701537,,target_selection,Polska,P_Pluton__3_Pu_k_Piechoty_20250913214024,,target_analysis,,,,,36,15,,,,,,,,,,,,,,,,,,,,"Target analysis: 29 candidates, score -1.00",,29,-1,999,,,,,,,,,False,,,,,,,29,29,29,3,2
2025-09-15T23:51:33.704614,,,Polska,P_Pluton__3_Pu_k_Piechoty_20250913214024,,second_move,,,36,15,,,,,,,,,,,,,,,,,,,,,,second_chance after PRE_RAID_OPTIMIZATION,,,,,,,,,,,,,,,,,,,,,,,,
2025-09-15T23:51:33.723738,,target_selection,Polska,P_Pluton__3_Kompania_Grenadier_w,,target_analysis,,,,,34,13,,,,,,,,,,,,,,,,,,,,"Target analysis: 29 candidates, score -1.00",,29,-1,999,,,,,,,,,False,,,,,,,29,29,29,3,2
2025-09-15T23:51:33.729924,,,Polska,P_Pluton__3_Kompania_Grenadier_w,,second_move,,,34,13,,,,,,,,,,,,,,,,,,,,,,second_chance after PRE_RAID_OPTIMIZATION,,,,,,,,,,,,,,,,,,,,,,,,
2025-09-15T23:51:34.314450,,strategy,Polska,STRATEGY,,strategic_decision,,,,,,,,,,,,,,,,,,,,,,,,,,"Strategy: REASSIGNMENT, aggression 0.50, 4 groups, 0 reassignments",,,,,,,,,REASSIGNMENT,0.5,,,,,,adaptive,,0,dynamic_reassignment,,,,,
2025-09-15T23:51:34.408135,,strategy,Polska,STRATEGY,,strategic_decision,,,,,,,,,,,,,,,,,,,,,,,,,,"Strategy: REASSIGNMENT, aggression 0.50, 4 groups, 0 reassignments",,,,,,,,,REASSIGNMENT,0.5,,,,,,adaptive,,0,dynamic_reassignment,,,,,
2025-09-15T23:51:34.462615,,strategy,Polska,STRATEGY,,strategic_decision,,,,,,,,,,,,,,,,,,,,,,,,,,"Strategy: REASSIGNMENT, aggression 0.50, 1 groups, 0 reassignments",,,,,,,,,REASSIGNMENT,0.5,,,,,,adaptive,,0,dynamic_reassignment,,,,,
2025-09-15T23:51:34.518248,,target_selection,Polska,Z_Pluton__3_Batalion_Wsparcia,,target_analysis,,,,,10,26,,,,,,,,,,,,,,,,,,,,"Target analysis: 29 candidates, score -1.00",,29,-1,999,,,,,,,,,False,,,,,,,29,29,29,7,4
2025-09-15T23:51:34.571088,,strategy,Polska,STRATEGY,,strategic_decision,,,,,,,,,,,,,,,,,,,,,,,,,,"Strategy: REASSIGNMENT, aggression 0.50, 1 groups, 0 reassignments",,,,,,,,,REASSIGNMENT,0.5,,,,,,adaptive,,0,dynamic_reassignment,,,,,
2025-09-15T23:51:34.632832,,target_selection,Polska,Z_Pluton__3_Kompania_Zaopatrzeniowa,,target_analysis,,,,,20,19,,,,,,,,,,,,,,,,,,,,"Target analysis: 29 candidates, score -1.00",,29,-1,999,,,,,,,,,False,,,,,,,29,29,29,5,4
2025-09-15T23:51:34.647927,,strategy,Polska,STRATEGY,,strategic_decision,,,,,,,,,,,,,,,,,,,,,,,,,,"Strategy: REASSIGNMENT, aggression 0.50, 1 groups, 0 reassignments",,,,,,,,,REASSIGNMENT,0.5,,,,,,adaptive,,0,dynamic_reassignment,,,,,
2025-09-15T23:51:34.656260,,target_selection,Polska,P_Kompania__3_Batalion_Strzelc_w,,target_analysis,,,,,,,,,,,,,,,,,,,,,,,,,,"Target analysis: 29 candidates, score -1.00",,29,-1,999,,,,,,,,,False,,,,,,,29,29,29,7,0
2025-09-15T23:51:34.665365,,strategy,Polska,STRATEGY,,strategic_decision,,,,,,,,,,,,,,,,,,,,,,,,,,"Strategy: REASSIGNMENT, aggression 0.50, 1 groups, 0 reassignments",,,,,,,,,REASSIGNMENT,0.5,,,,,,adaptive,,0,dynamic_reassignment,,,,,
2025-09-15T23:51:34.681328,,target_selection,Polska,P_Pluton__3_Pu_k_Piechoty_20250913214024,,target_analysis,,,,,36,13,,,,,,,,,,,,,,,,,,,,"Target analysis: 29 candidates, score -1.00",,29,-1,999,,,,,,,,,False,,,,,,,29,29,29,4,1
2025-09-15T23:51:34.691720,,,Polska,TURN_END,,turn_summary,,,,,,,,,,,9,0,,,,,,,,,,,,advanced,opp=0;groups=4;adv=True,"Turn completed: 0/9 units moved, 4 groups (advanced)",,,,,,,,,,,,,,,,,,,,,,,,
2025-09-15T23:51:34.790380,,,Niemcy,TURN_START,,turn_begin,,,,,,,,,,,,,,,,,,,,,,,,,,AI Commander turn started for player 5,,,,,,,,,,,,,,,,,,,,,,,,
2025-09-15T23:51:34.793728,,,Niemcy,RESUPPLY_NEEDS,,resupply_analysis,,,,,,,,,,,,,,,,,,,,,,,,,,NEEDS_ANALYSIS PRE_RAID_OPTIMIZATION | TOTAL_FUEL_NEEDED: 16 | TOTAL_COMBAT_NEEDED: 0 | TOTAL_PE_NEEDED: 16 | BUDGET_AVAILABLE: 26 | UNITS_REQUIRING_HELP: 8,,,,,,,,,,,,,,,,,,,,,,,,
2025-09-15T23:51:34.794744,,,Niemcy,P_Pluton__5_Infanterie_Regiment,,resupply_detailed,40,-13,40,-13,,,,,,,,,,,,,,,,,,,,,,phase1 PRE_RAID_OPTIMIZATION | PE_SPENT: fuel=2 combat=0 total=2 | BEFORE: fuel=0 combat=8 | AFTER: fuel=2 combat=8,,,,,,,,,,,,,,,,,,,,,,,,
2025-09-15T23:51:34.795868,,,Niemcy,AC_Kompania__5_schwere_Artillerie,,resupply_detailed,41,-14,41,-14,,,,,,,,,,,,,,,,,,,,,,phase1 PRE_RAID_OPTIMIZATION | PE_SPENT: fuel=2 combat=0 total=2 | BEFORE: fuel=0 combat=11 | AFTER: fuel=2 combat=11,,,,,,,,,,,,,,,,,,,,,,,,
2025-09-15T23:51:34.797861,,,Niemcy,AL_Batalion__5_Artillerie_Abteilung,,resupply_detailed,45,-17,45,-17,,,,,,,,,,,,,,,,,,,,,,phase1 PRE_RAID_OPTIMIZATION | PE_SPENT: fuel=2 combat=0 total=2 | BEFORE: fuel=0 combat=11 | AFTER: fuel=2 combat=11,,,,,,,,,,,,,,,,,,,,,,,,
2025-09-15T23:51:34.799137,,,Niemcy,Z_Pluton__5_Unterst_tzungs_Bataillon_20250913214038,,resupply_detailed,51,-15,51,-15,,,,,,,,,,,,,,,,,,,,,,phase1 PRE_RAID_OPTIMIZATION | PE_SPENT: fuel=2 combat=0 total=2 | BEFORE: fuel=1 combat=4 | AFTER: fuel=3 combat=4,,,,,,,,,,,,,,,,,,,,,,,,
2025-09-15T23:51:34.799137,,,Niemcy,P_Kompania__5_Infanterie_Regiment,,resupply_detailed,36,-15,36,-15,,,,,,,,,,,,,,,,,,,,,,phase1 PRE_RAID_OPTIMIZATION | PE_SPENT: fuel=1 combat=0 total=1 | BEFORE: fuel=1 combat=11 | AFTER: fuel=2 combat=11,,,,,,,,,,,,,,,,,,,,,,,,
2025-09-15T23:51:34.800231,,,Niemcy,Z_Kompania__5_Unterst_tzungs_Bataillon,,resupply_detailed,44,-14,44,-14,,,,,,,,,,,,,,,,,,,,,,phase1 PRE_RAID_OPTIMIZATION | PE_SPENT: fuel=1 combat=0 total=1 | BEFORE: fuel=2 combat=6 | AFTER: fuel=3 combat=6,,,,,,,,,,,,,,,,,,,,,,,,
2025-09-15T23:51:34.801234,,,Niemcy,Z_Pluton__5_Versorgungs_Kompanie,,resupply_detailed,43,-14,43,-14,,,,,,,,,,,,,,,,,,,,,,phase1 PRE_RAID_OPTIMIZATION | PE_SPENT: fuel=1 combat=0 total=1 | BEFORE: fuel=2 combat=4 | AFTER: fuel=3 combat=4,,,,,,,,,,,,,,,,,,,,,,,,
2025-09-15T23:51:34.801234,,,Niemcy,Z_Pluton__5_Unterst_tzungs_Bataillon,,resupply_detailed,43,-15,43,-15,,,,,,,,,,,,,,,,,,,,,,phase1 PRE_RAID_OPTIMIZATION | PE_SPENT: fuel=1 combat=0 total=1 | BEFORE: fuel=2 combat=4 | AFTER: fuel=3 combat=4,,,,,,,,,,,,,,,,,,,,,,,,
2025-09-15T23:51:34.802499,,,Niemcy,RESUPPLY_OPERATION,,resupply_summary,,,,,,,,,,,,,,,,,,,,,,,,,,RESUPPLY_SUMMARY PRE_RAID_OPTIMIZATION | TOTAL_PE_SPENT: 12 | UNITS_RESUPPLIED: 8/8 | BUDGET_ALLOCATED: 26 | PE_REMAINING: 21,,,,,,,,,,,,,,,,,,,,,,,,
2025-09-15T23:51:34.825963,,target_selection,Niemcy,P_Pluton__5_Infanterie_Regiment,,target_analysis,,,,,38,-11,,,,,,,,,,,,,,,,,,,,"Target analysis: 29 candidates, score -1.00",,29,-1,999,,,,,,,,,False,,,,,,,29,29,29,6,2
2025-09-15T23:51:34.831616,,,Niemcy,P_Pluton__5_Infanterie_Regiment,,second_move,,,38,-11,,,,,,,,,,,,,,,,,,,,,,second_chance after PRE_RAID_OPTIMIZATION,,,,,,,,,,,,,,,,,,,,,,,,
2025-09-15T23:51:34.856801,,target_selection,Niemcy,AC_Kompania__5_schwere_Artillerie,,target_analysis,,,,,39,-12,,,,,,,,,,,,,,,,,,,,"Target analysis: 29 candidates, score -1.00",,29,-1,999,,,,,,,,,False,,,,,,,29,29,29,5,2
2025-09-15T23:51:34.866164,,,Niemcy,AC_Kompania__5_schwere_Artillerie,,second_move,,,39,-12,,,,,,,,,,,,,,,,,,,,,,second_chance after PRE_RAID_OPTIMIZATION,,,,,,,,,,,,,,,,,,,,,,,,
2025-09-15T23:51:34.886408,,target_selection,Niemcy,AL_Batalion__5_Artillerie_Abteilung,,target_analysis,,,,,45,-15,,,,,,,,,,,,,,,,,,,,"Target analysis: 29 candidates, score 30.00",,29,30.0,2,,,,,,,,,False,,,,"(45, -15)",,,28,29,29,6,2
2025-09-15T23:51:34.890911,,,Niemcy,AL_Batalion__5_Artillerie_Abteilung,,second_move,,,45,-15,,,,,,,,,,,,,,,,,,,,,,second_chance after PRE_RAID_OPTIMIZATION,,,,,,,,,,,,,,,,,,,,,,,,
2025-09-15T23:51:34.918987,,target_selection,Niemcy,Z_Pluton__5_Unterst_tzungs_Bataillon_20250913214038,,target_analysis,,,,,48,-15,,,,,,,,,,,,,,,,,,,,"Target analysis: 29 candidates, score -1.00",,29,-1,999,,,,,,,,,False,,,,,,,29,29,29,9,3
2025-09-15T23:51:34.925495,,,Niemcy,Z_Pluton__5_Unterst_tzungs_Bataillon_20250913214038,,second_move,,,48,-15,,,,,,,,,,,,,,,,,,,,,,second_chance after PRE_RAID_OPTIMIZATION,,,,,,,,,,,,,,,,,,,,,,,,
2025-09-15T23:51:34.953832,,target_selection,Niemcy,P_Kompania__5_Infanterie_Regiment,,target_analysis,,,,,36,-13,,,,,,,,,,,,,,,,,,,,"Target analysis: 29 candidates, score -1.00",,29,-1,999,,,,,,,,,False,,,,,,,29,29,29,4,2
2025-09-15T23:51:34.959903,,,Niemcy,P_Kompania__5_Infanterie_Regiment,,second_move,,,36,-13,,,,,,,,,,,,,,,,,,,,,,second_chance after PRE_RAID_OPTIMIZATION,,,,,,,,,,,,,,,,,,,,,,,,
2025-09-15T23:51:34.971187,,target_selection,Niemcy,Z_Kompania__5_Unterst_tzungs_Bataillon,,target_analysis,,,,,44,-15,,,,,,,,,,,,,,,,,,,,"Target analysis: 29 candidates, score 30.00",,29,30.0,1,,,,,,,,,False,,,,"(44, -15)",,,28,29,29,5,3
2025-09-15T23:51:34.971187,,,Niemcy,Z_Kompania__5_Unterst_tzungs_Bataillon,,second_move,,,44,-15,,,,,,,,,,,,,,,,,,,,,,second_chance after PRE_RAID_OPTIMIZATION,,,,,,,,,,,,,,,,,,,,,,,,
2025-09-15T23:51:34.981130,,target_selection,Niemcy,Z_Pluton__5_Versorgungs_Kompanie,,target_analysis,,,,,44,-14,,,,,,,,,,,,,,,,,,,,"Target analysis: 29 candidates, score -1.00",,29,-1,999,,,,,,,,,False,,,,,,,29,29,29,9,3
2025-09-15T23:51:34.990413,,,Niemcy,Z_Pluton__5_Versorgungs_Kompanie,,second_move,,,44,-14,,,,,,,,,,,,,,,,,,,,,,second_chance after PRE_RAID_OPTIMIZATION,,,,,,,,,,,,,,,,,,,,,,,,
2025-09-15T23:51:35.017191,,target_selection,Niemcy,Z_Pluton__5_Unterst_tzungs_Bataillon,,target_analysis,,,,,43,-14,,,,,,,,,,,,,,,,,,,,"Target analysis: 29 candidates, score 45.00",,29,45.0,1,,,,,,,,,False,,,,"(43, -14)",,,28,29,29,5,3
2025-09-15T23:51:35.021199,,,Niemcy,Z_Pluton__5_Unterst_tzungs_Bataillon,,second_move,,,43,-14,,,,,,,,,,,,,,,,,,,,,,second_chance after PRE_RAID_OPTIMIZATION,,,,,,,,,,,,,,,,,,,,,,,,
2025-09-15T23:51:35.066282,,,Niemcy,RESUPPLY_NEEDS,,resupply_analysis,,,,,,,,,,,,,,,,,,,,,,,,,,NEEDS_ANALYSIS PRE_RAID_OPTIMIZATION | TOTAL_FUEL_NEEDED: 12 | TOTAL_COMBAT_NEEDED: 0 | TOTAL_PE_NEEDED: 12 | BUDGET_AVAILABLE: 16 | UNITS_REQUIRING_HELP: 8,,,,,,,,,,,,,,,,,,,,,,,,
2025-09-15T23:51:35.067294,,,Niemcy,P_Pluton__5_Infanterie_Regiment,,resupply_detailed,38,-11,38,-11,,,,,,,,,,,,,,,,,,,,,,phase1 PRE_RAID_OPTIMIZATION | PE_SPENT: fuel=1 combat=0 total=1 | BEFORE: fuel=1 combat=8 | AFTER: fuel=2 combat=8,,,,,,,,,,,,,,,,,,,,,,,,
2025-09-15T23:51:35.067294,,,Niemcy,P_Kompania__5_Infanterie_Regiment,,resupply_detailed,36,-13,36,-13,,,,,,,,,,,,,,,,,,,,,,phase1 PRE_RAID_OPTIMIZATION | PE_SPENT: fuel=1 combat=0 total=1 | BEFORE: fuel=1 combat=11 | AFTER: fuel=2 combat=11,,,,,,,,,,,,,,,,,,,,,,,,
2025-09-15T23:51:35.068751,,,Niemcy,AC_Kompania__5_schwere_Artillerie,,resupply_detailed,39,-12,39,-12,,,,,,,,,,,,,,,,,,,,,,phase1 PRE_RAID_OPTIMIZATION | PE_SPENT: fuel=1 combat=0 total=1 | BEFORE: fuel=1 combat=11 | AFTER: fuel=2 combat=11,,,,,,,,,,,,,,,,,,,,,,,,
2025-09-15T23:51:35.068751,,,Niemcy,AL_Batalion__5_Artillerie_Abteilung,,resupply_detailed,45,-15,45,-15,,,,,,,,,,,,,,,,,,,,,,phase1 PRE_RAID_OPTIMIZATION | PE_SPENT: fuel=1 combat=0 total=1 | BEFORE: fuel=1 combat=11 | AFTER: fuel=2 combat=11,,,,,,,,,,,,,,,,,,,,,,,,
2025-09-15T23:51:35.070049,,,Niemcy,Z_Kompania__5_Unterst_tzungs_Bataillon,,resupply_detailed,44,-15,44,-15,,,,,,,,,,,,,,,,,,,,,,phase1 PRE_RAID_OPTIMIZATION | PE_SPENT: fuel=1 combat=0 total=1 | BEFORE: fuel=2 combat=6 | AFTER: fuel=3 combat=6,,,,,,,,,,,,,,,,,,,,,,,,
2025-09-15T23:51:35.070049,,,Niemcy,Z_Pluton__5_Versorgungs_Kompanie,,resupply_detailed,44,-14,44,-14,,,,,,,,,,,,,,,,,,,,,,phase1 PRE_RAID_OPTIMIZATION | PE_SPENT: fuel=1 combat=0 total=1 | BEFORE: fuel=2 combat=4 | AFTER: fuel=3 combat=4,,,,,,,,,,,,,,,,,,,,,,,,
2025-09-15T23:51:35.071231,,,Niemcy,Z_Pluton__5_Unterst_tzungs_Bataillon,,resupply_detailed,43,-14,43,-14,,,,,,,,,,,,,,,,,,,,,,phase1 PRE_RAID_OPTIMIZATION | PE_SPENT: fuel=1 combat=0 total=1 | BEFORE: fuel=2 combat=4 | AFTER: fuel=3 combat=4,,,,,,,,,,,,,,,,,,,,,,,,
2025-09-15T23:51:35.071231,,,Niemcy,Z_Pluton__5_Unterst_tzungs_Bataillon_20250913214038,,resupply_detailed,48,-15,48,-15,,,,,,,,,,,,,,,,,,,,,,phase1 PRE_RAID_OPTIMIZATION | PE_SPENT: fuel=1 combat=0 total=1 | BEFORE: fuel=2 combat=4 | AFTER: fuel=3 combat=4,,,,,,,,,,,,,,,,,,,,,,,,
2025-09-15T23:51:35.072354,,,Niemcy,RESUPPLY_OPERATION,,resupply_summary,,,,,,,,,,,,,,,,,,,,,,,,,,RESUPPLY_SUMMARY PRE_RAID_OPTIMIZATION | TOTAL_PE_SPENT: 8 | UNITS_RESUPPLIED: 8/8 | BUDGET_ALLOCATED: 16 | PE_REMAINING: 13,,,,,,,,,,,,,,,,,,,,,,,,
2025-09-15T23:51:35.085799,,target_selection,Niemcy,P_Pluton__5_Infanterie_Regiment,,target_analysis,,,,,36,-11,,,,,,,,,,,,,,,,,,,,"Target analysis: 29 candidates, score -1.00",,29,-1,999,,,,,,,,,False,,,,,,,29,29,29,5,2
2025-09-15T23:51:35.099353,,,Niemcy,P_Pluton__5_Infanterie_Regiment,,second_move,,,36,-11,,,,,,,,,,,,,,,,,,,,,,second_chance after PRE_RAID_OPTIMIZATION,,,,,,,,,,,,,,,,,,,,,,,,
2025-09-15T23:51:35.123552,,target_selection,Niemcy,P_Kompania__5_Infanterie_Regiment,,target_analysis,,,,,38,-13,,,,,,,,,,,,,,,,,,,,"Target analysis: 29 candidates, score -1.00",,29,-1,999,,,,,,,,,False,,,,,,,29,29,29,3,2
2025-09-15T23:51:35.125979,,,Niemcy,P_Kompania__5_Infanterie_Regiment,,second_move,,,38,-13,,,,,,,,,,,,,,,,,,,,,,second_chance after PRE_RAID_OPTIMIZATION,,,,,,,,,,,,,,,,,,,,,,,,
2025-09-15T23:51:35.145951,,target_selection,Niemcy,AC_Kompania__5_schwere_Artillerie,,target_analysis,,,,,37,-10,,,,,,,,,,,,,,,,,,,,"Target analysis: 29 candidates, score -1.00",,29,-1,999,,,,,,,,,False,,,,,,,29,29,29,4,2
2025-09-15T23:51:35.145951,,,Niemcy,AC_Kompania__5_schwere_Artillerie,,second_move,,,37,-10,,,,,,,,,,,,,,,,,,,,,,second_chance after PRE_RAID_OPTIMIZATION,,,,,,,,,,,,,,,,,,,,,,,,
2025-09-15T23:51:35.170926,,target_selection,Niemcy,AL_Batalion__5_Artillerie_Abteilung,,target_analysis,,,,,47,-15,,,,,,,,,,,,,,,,,,,,"Target analysis: 29 candidates, score -1.00",,29,-1,999,,,,,,,,,False,,,,,,,29,29,29,5,2
2025-09-15T23:51:35.174373,,,Niemcy,AL_Batalion__5_Artillerie_Abteilung,,second_move,,,47,-15,,,,,,,,,,,,,,,,,,,,,,second_chance after PRE_RAID_OPTIMIZATION,,,,,,,,,,,,,,,,,,,,,,,,
2025-09-15T23:51:35.196650,,target_selection,Niemcy,Z_Kompania__5_Unterst_tzungs_Bataillon,,target_analysis,,,,,43,-15,,,,,,,,,,,,,,,,,,,,"Target analysis: 29 candidates, score 45.00",,29,45.0,1,,,,,,,,,False,,,,"(43, -15)",,,27,29,29,4,3
2025-09-15T23:51:35.201370,,,Niemcy,Z_Kompania__5_Unterst_tzungs_Bataillon,,second_move,,,43,-15,,,,,,,,,,,,,,,,,,,,,,second_chance after PRE_RAID_OPTIMIZATION,,,,,,,,,,,,,,,,,,,,,,,,
2025-09-15T23:51:35.217915,,target_selection,Niemcy,Z_Pluton__5_Versorgungs_Kompanie,,target_analysis,,,,,44,-15,,,,,,,,,,,,,,,,,,,,"Target analysis: 29 candidates, score 30.00",,29,30.0,1,,,,,,,,,False,,,,"(44, -15)",,,27,29,29,8,3
2025-09-15T23:51:35.220135,,,Niemcy,Z_Pluton__5_Versorgungs_Kompanie,,second_move,,,44,-15,,,,,,,,,,,,,,,,,,,,,,second_chance after PRE_RAID_OPTIMIZATION,,,,,,,,,,,,,,,,,,,,,,,,
2025-09-15T23:51:35.234582,,target_selection,Niemcy,Z_Pluton__5_Unterst_tzungs_Bataillon,,target_analysis,,,,,45,-15,,,,,,,,,,,,,,,,,,,,"Target analysis: 29 candidates, score 30.00",,29,30.0,2,,,,,,,,,False,,,,"(45, -15)",,,28,29,29,4,3
2025-09-15T23:51:35.241090,,,Niemcy,Z_Pluton__5_Unterst_tzungs_Bataillon,,second_move,,,45,-15,,,,,,,,,,,,,,,,,,,,,,second_chance after PRE_RAID_OPTIMIZATION,,,,,,,,,,,,,,,,,,,,,,,,
2025-09-15T23:51:35.271292,,target_selection,Niemcy,Z_Pluton__5_Unterst_tzungs_Bataillon_20250913214038,,target_analysis,,,,,51,-15,,,,,,,,,,,,,,,,,,,,"Target analysis: 29 candidates, score -1.00",,29,-1,999,,,,,,,,,False,,,,,,,29,29,29,8,3
2025-09-15T23:51:35.275622,,,Niemcy,Z_Pluton__5_Unterst_tzungs_Bataillon_20250913214038,,second_move,,,51,-15,,,,,,,,,,,,,,,,,,,,,,second_chance after PRE_RAID_OPTIMIZATION,,,,,,,,,,,,,,,,,,,,,,,,
2025-09-15T23:51:35.349616,,,Niemcy,RESUPPLY_NEEDS,,resupply_analysis,,,,,,,,,,,,,,,,,,,,,,,,,,NEEDS_ANALYSIS PRE_RAID_OPTIMIZATION | TOTAL_FUEL_NEEDED: 12 | TOTAL_COMBAT_NEEDED: 0 | TOTAL_PE_NEEDED: 12 | BUDGET_AVAILABLE: 10 | UNITS_REQUIRING_HELP: 8,,,,,,,,,,,,,,,,,,,,,,,,
2025-09-15T23:51:35.349616,,,Niemcy,P_Pluton__5_Infanterie_Regiment,,resupply_detailed,36,-11,36,-11,,,,,,,,,,,,,,,,,,,,,,phase1 PRE_RAID_OPTIMIZATION | PE_SPENT: fuel=1 combat=0 total=1 | BEFORE: fuel=1 combat=8 | AFTER: fuel=2 combat=8,,,,,,,,,,,,,,,,,,,,,,,,
2025-09-15T23:51:35.351086,,,Niemcy,P_Kompania__5_Infanterie_Regiment,,resupply_detailed,38,-13,38,-13,,,,,,,,,,,,,,,,,,,,,,phase1 PRE_RAID_OPTIMIZATION | PE_SPENT: fuel=1 combat=0 total=1 | BEFORE: fuel=1 combat=11 | AFTER: fuel=2 combat=11,,,,,,,,,,,,,,,,,,,,,,,,
2025-09-15T23:51:35.351086,,,Niemcy,AC_Kompania__5_schwere_Artillerie,,resupply_detailed,37,-10,37,-10,,,,,,,,,,,,,,,,,,,,,,phase1 PRE_RAID_OPTIMIZATION | PE_SPENT: fuel=1 combat=0 total=1 | BEFORE: fuel=1 combat=11 | AFTER: fuel=2 combat=11,,,,,,,,,,,,,,,,,,,,,,,,
2025-09-15T23:51:35.352346,,,Niemcy,AL_Batalion__5_Artillerie_Abteilung,,resupply_detailed,47,-15,47,-15,,,,,,,,,,,,,,,,,,,,,,phase1 PRE_RAID_OPTIMIZATION | PE_SPENT: fuel=1 combat=0 total=1 | BEFORE: fuel=1 combat=11 | AFTER: fuel=2 combat=11,,,,,,,,,,,,,,,,,,,,,,,,
2025-09-15T23:51:35.352346,,,Niemcy,Z_Kompania__5_Unterst_tzungs_Bataillon,,resupply_detailed,43,-15,43,-15,,,,,,,,,,,,,,,,,,,,,,phase1 PRE_RAID_OPTIMIZATION | PE_SPENT: fuel=1 combat=0 total=1 | BEFORE: fuel=2 combat=6 | AFTER: fuel=3 combat=6,,,,,,,,,,,,,,,,,,,,,,,,
2025-09-15T23:51:35.353647,,,Niemcy,Z_Pluton__5_Versorgungs_Kompanie,,resupply_detailed,44,-15,44,-15,,,,,,,,,,,,,,,,,,,,,,phase1 PRE_RAID_OPTIMIZATION | PE_SPENT: fuel=1 combat=0 total=1 | BEFORE: fuel=2 combat=4 | AFTER: fuel=3 combat=4,,,,,,,,,,,,,,,,,,,,,,,,
2025-09-15T23:51:35.353647,,,Niemcy,Z_Pluton__5_Unterst_tzungs_Bataillon,,resupply_detailed,45,-15,45,-15,,,,,,,,,,,,,,,,,,,,,,phase1 PRE_RAID_OPTIMIZATION | PE_SPENT: fuel=1 combat=0 total=1 | BEFORE: fuel=2 combat=4 | AFTER: fuel=3 combat=4,,,,,,,,,,,,,,,,,,,,,,,,
2025-09-15T23:51:35.355026,,,Niemcy,Z_Pluton__5_Unterst_tzungs_Bataillon_20250913214038,,resupply_detailed,51,-15,51,-15,,,,,,,,,,,,,,,,,,,,,,phase1 PRE_RAID_OPTIMIZATION | PE_SPENT: fuel=1 combat=0 total=1 | BEFORE: fuel=2 combat=4 | AFTER: fuel=3 combat=4,,,,,,,,,,,,,,,,,,,,,,,,
2025-09-15T23:51:35.355026,,,Niemcy,RESUPPLY_OPERATION,,resupply_summary,,,,,,,,,,,,,,,,,,,,,,,,,,RESUPPLY_SUMMARY PRE_RAID_OPTIMIZATION | TOTAL_PE_SPENT: 8 | UNITS_RESUPPLIED: 8/8 | BUDGET_ALLOCATED: 10 | PE_REMAINING: 5,,,,,,,,,,,,,,,,,,,,,,,,
2025-09-15T23:51:35.383129,,target_selection,Niemcy,P_Pluton__5_Infanterie_Regiment,,target_analysis,,,,,38,-11,,,,,,,,,,,,,,,,,,,,"Target analysis: 29 candidates, score -1.00",,29,-1,999,,,,,,,,,False,,,,,,,29,29,29,4,2
2025-09-15T23:51:35.389824,,,Niemcy,P_Pluton__5_Infanterie_Regiment,,second_move,,,38,-11,,,,,,,,,,,,,,,,,,,,,,second_chance after PRE_RAID_OPTIMIZATION,,,,,,,,,,,,,,,,,,,,,,,,
2025-09-15T23:51:35.412445,,target_selection,Niemcy,P_Kompania__5_Infanterie_Regiment,,target_analysis,,,,,40,-13,,,,,,,,,,,,,,,,,,,,"Target analysis: 29 candidates, score -1.00",,29,-1,999,,,,,,,,,False,,,,,,,29,29,29,2,2
2025-09-15T23:51:35.418479,,,Niemcy,P_Kompania__5_Infanterie_Regiment,,second_move,,,40,-13,,,,,,,,,,,,,,,,,,,,,,second_chance after PRE_RAID_OPTIMIZATION,,,,,,,,,,,,,,,,,,,,,,,,
2025-09-15T23:51:35.434508,,target_selection,Niemcy,AC_Kompania__5_schwere_Artillerie,,target_analysis,,,,,35,-10,,,,,,,,,,,,,,,,,,,,"Target analysis: 29 candidates, score -1.00",,29,-1,999,,,,,,,,,False,,,,,,,29,29,29,3,2
2025-09-15T23:51:35.437328,,,Niemcy,AC_Kompania__5_schwere_Artillerie,,second_move,,,35,-10,,,,,,,,,,,,,,,,,,,,,,second_chance after PRE_RAID_OPTIMIZATION,,,,,,,,,,,,,,,,,,,,,,,,
2025-09-15T23:51:35.456510,,target_selection,Niemcy,AL_Batalion__5_Artillerie_Abteilung,,target_analysis,,,,,49,-15,,,,,,,,,,,,,,,,,,,,"Target analysis: 29 candidates, score -1.00",,29,-1,999,,,,,,,,,False,,,,,,,29,29,29,4,2
2025-09-15T23:51:35.459705,,,Niemcy,AL_Batalion__5_Artillerie_Abteilung,,second_move,,,49,-15,,,,,,,,,,,,,,,,,,,,,,second_chance after PRE_RAID_OPTIMIZATION,,,,,,,,,,,,,,,,,,,,,,,,
2025-09-15T23:51:35.488120,,target_selection,Niemcy,Z_Kompania__5_Unterst_tzungs_Bataillon,,target_analysis,,,,,43,-14,,,,,,,,,,,,,,,,,,,,"Target analysis: 29 candidates, score 45.00",,29,45.0,1,,,,,,,,,False,,,,"(43, -14)",,,28,29,29,3,3
2025-09-15T23:51:35.493044,,,Niemcy,Z_Kompania__5_Unterst_tzungs_Bataillon,,second_move,,,43,-14,,,,,,,,,,,,,,,,,,,,,,second_chance after PRE_RAID_OPTIMIZATION,,,,,,,,,,,,,,,,,,,,,,,,
2025-09-15T23:51:35.519994,,target_selection,Niemcy,Z_Pluton__5_Versorgungs_Kompanie,,target_analysis,,,,,43,-15,,,,,,,,,,,,,,,,,,,,"Target analysis: 29 candidates, score 45.00",,29,45.0,1,,,,,,,,,False,,,,"(43, -15)",,,28,29,29,7,3
2025-09-15T23:51:35.523706,,,Niemcy,Z_Pluton__5_Versorgungs_Kompanie,,second_move,,,43,-15,,,,,,,,,,,,,,,,,,,,,,second_chance after PRE_RAID_OPTIMIZATION,,,,,,,,,,,,,,,,,,,,,,,,
2025-09-15T23:51:35.544817,,target_selection,Niemcy,Z_Pluton__5_Unterst_tzungs_Bataillon,,target_analysis,,,,,44,-15,,,,,,,,,,,,,,,,,,,,"Target analysis: 29 candidates, score 30.00",,29,30.0,1,,,,,,,,,False,,,,"(44, -15)",,,28,29,29,3,3
2025-09-15T23:51:35.551233,,,Niemcy,Z_Pluton__5_Unterst_tzungs_Bataillon,,second_move,,,44,-15,,,,,,,,,,,,,,,,,,,,,,second_chance after PRE_RAID_OPTIMIZATION,,,,,,,,,,,,,,,,,,,,,,,,
2025-09-15T23:51:35.575344,,target_selection,Niemcy,Z_Pluton__5_Unterst_tzungs_Bataillon_20250913214038,,target_analysis,,,,,51,-18,,,,,,,,,,,,,,,,,,,,"Target analysis: 29 candidates, score -1.00",,29,-1,999,,,,,,,,,False,,,,,,,29,29,29,7,3
2025-09-15T23:51:35.583719,,,Niemcy,Z_Pluton__5_Unterst_tzungs_Bataillon_20250913214038,,second_move,,,51,-18,,,,,,,,,,,,,,,,,,,,,,second_chance after PRE_RAID_OPTIMIZATION,,,,,,,,,,,,,,,,,,,,,,,,
2025-09-15T23:51:35.792843,,strategy,Niemcy,STRATEGY,,strategic_decision,,,,,,,,,,,,,,,,,,,,,,,,,,"Strategy: REASSIGNMENT, aggression 0.50, 3 groups, 0 reassignments",,,,,,,,,REASSIGNMENT,0.5,,,,,,adaptive,,0,dynamic_reassignment,,,,,
2025-09-15T23:51:35.802528,,strategy,Niemcy,STRATEGY,,strategic_decision,,,,,,,,,,,,,,,,,,,,,,,,,,"Strategy: REASSIGNMENT, aggression 0.50, 3 groups, 0 reassignments",,,,,,,,,REASSIGNMENT,0.5,,,,,,adaptive,,0,dynamic_reassignment,,,,,
2025-09-15T23:51:35.807208,,strategy,Niemcy,STRATEGY,,strategic_decision,,,,,,,,,,,,,,,,,,,,,,,,,,"Strategy: REASSIGNMENT, aggression 0.50, 1 groups, 0 reassignments",,,,,,,,,REASSIGNMENT,0.5,,,,,,adaptive,,0,dynamic_reassignment,,,,,
2025-09-15T23:51:35.813476,,target_selection,Niemcy,P_Pluton__5_Infanterie_Regiment,,target_analysis,,,,,,,,,,,,,,,,,,,,,,,,,,"Target analysis: 29 candidates, score -1.00",,29,-1,999,,,,,,,,,False,,,,,,,29,29,29,6,0
2025-09-15T23:51:35.821165,,strategy,Niemcy,STRATEGY,,strategic_decision,,,,,,,,,,,,,,,,,,,,,,,,,,"Strategy: REASSIGNMENT, aggression 0.50, 1 groups, 0 reassignments",,,,,,,,,REASSIGNMENT,0.5,,,,,,adaptive,,0,dynamic_reassignment,,,,,
2025-09-15T23:51:35.838761,,target_selection,Niemcy,P_Kompania__5_Infanterie_Regiment,,target_analysis,,,,,36,-14,,,,,,,,,,,,,,,,,,,,"Target analysis: 29 candidates, score -1.00",,29,-1,999,,,,,,,,,False,,,,,,,29,29,29,4,1
2025-09-15T23:51:35.843310,,,Niemcy,P_Kompania__5_Infanterie_Regiment,,adaptive_autonomous,36,-14,36,-14,,,,,,,,,,,,,,,,,,,,,,"Advanced auto mode: group 2 (strategy: TIED, aggr: 0.5)",,,,,,,,,,,,,,,,,,,,,,,,
2025-09-15T23:51:35.870491,,strategy,Niemcy,STRATEGY,,strategic_decision,,,,,,,,,,,,,,,,,,,,,,,,,,"Strategy: REASSIGNMENT, aggression 0.50, 1 groups, 0 reassignments",,,,,,,,,REASSIGNMENT,0.5,,,,,,adaptive,,0,dynamic_reassignment,,,,,
2025-09-15T23:51:35.875771,,target_selection,Niemcy,AL_Batalion__5_Artillerie_Abteilung,,target_analysis,,,,,,,,,,,,,,,,,,,,,,,,,,"Target analysis: 29 candidates, score -1.00",,29,-1,999,,,,,,,,,False,,,,,,,29,29,29,6,0
2025-09-15T23:51:35.886441,,,Niemcy,TURN_END,,turn_summary,,,,,,,,,,,9,1,,,,,,,,,,,,advanced,opp=0;groups=3;adv=True,"Turn completed: 1/9 units moved, 3 groups (advanced)",,,,,,,,,,,,,,,,,,,,,,,,
2025-09-15T23:51:35.941797,,,Niemcy,TURN_START,,turn_begin,,,,,,,,,,,,,,,,,,,,,,,,,,AI Commander turn started for player 6,,,,,,,,,,,,,,,,,,,,,,,,
2025-09-15T23:51:35.944661,,,Niemcy,RESUPPLY_NEEDS,,resupply_analysis,,,,,,,,,,,,,,,,,,,,,,,,,,NEEDS_ANALYSIS PRE_RAID_OPTIMIZATION | TOTAL_FUEL_NEEDED: 30 | TOTAL_COMBAT_NEEDED: 0 | TOTAL_PE_NEEDED: 30 | BUDGET_AVAILABLE: 48 | UNITS_REQUIRING_HELP: 10,,,,,,,,,,,,,,,,,,,,,,,,
2025-09-15T23:51:35.945673,,,Niemcy,P_Pluton__6_Sch_tzen_Kompanie,,resupply_detailed,43,4,43,4,,,,,,,,,,,,,,,,,,,,,,phase1 PRE_RAID_OPTIMIZATION | PE_SPENT: fuel=2 combat=0 total=2 | BEFORE: fuel=0 combat=8 | AFTER: fuel=2 combat=8,,,,,,,,,,,,,,,,,,,,,,,,
2025-09-15T23:51:35.946980,,,Niemcy,P_Pluton__6_Infanterie_Regiment,,resupply_detailed,40,4,40,4,,,,,,,,,,,,,,,,,,,,,,phase1 PRE_RAID_OPTIMIZATION | PE_SPENT: fuel=2 combat=0 total=2 | BEFORE: fuel=0 combat=8 | AFTER: fuel=2 combat=8,,,,,,,,,,,,,,,,,,,,,,,,
2025-09-15T23:51:35.947825,,,Niemcy,Z_Pluton__6_Unterst_tzungs_Bataillon_20250913214051,,resupply_detailed,39,12,39,12,,,,,,,,,,,,,,,,,,,,,,phase1 PRE_RAID_OPTIMIZATION | PE_SPENT: fuel=3 combat=0 total=3 | BEFORE: fuel=0 combat=4 | AFTER: fuel=3 combat=4,,,,,,,,,,,,,,,,,,,,,,,,
2025-09-15T23:51:35.950505,,,Niemcy,P_Batalion__6_Infanterie_Regiment,,resupply_detailed,41,10,41,10,,,,,,,,,,,,,,,,,,,,,,phase1 PRE_RAID_OPTIMIZATION | PE_SPENT: fuel=2 combat=0 total=2 | BEFORE: fuel=0 combat=14 | AFTER: fuel=2 combat=14,,,,,,,,,,,,,,,,,,,,,,,,
2025-09-15T23:51:35.950505,,,Niemcy,P_Pluton__6_Grenadier_Bataillon,,resupply_detailed,50,-5,50,-5,,,,,,,,,,,,,,,,,,,,,,phase1 PRE_RAID_OPTIMIZATION | PE_SPENT: fuel=2 combat=0 total=2 | BEFORE: fuel=0 combat=8 | AFTER: fuel=2 combat=8,,,,,,,,,,,,,,,,,,,,,,,,
2025-09-15T23:51:35.951627,,,Niemcy,Z_Batalion__6_Versorgungs_Kompanie,,resupply_detailed,54,-13,54,-13,,,,,,,,,,,,,,,,,,,,,,phase1 PRE_RAID_OPTIMIZATION | PE_SPENT: fuel=3 combat=0 total=3 | BEFORE: fuel=0 combat=7 | AFTER: fuel=3 combat=7,,,,,,,,,,,,,,,,,,,,,,,,
2025-09-15T23:51:35.952634,,,Niemcy,Z_Pluton__6_Unterst_tzungs_Bataillon_20250913214048,,resupply_detailed,50,-11,50,-11,,,,,,,,,,,,,,,,,,,,,,phase1 PRE_RAID_OPTIMIZATION | PE_SPENT: fuel=3 combat=0 total=3 | BEFORE: fuel=0 combat=4 | AFTER: fuel=3 combat=4,,,,,,,,,,,,,,,,,,,,,,,,
2025-09-15T23:51:35.952634,,,Niemcy,P_Kompania__6_Sch_tzen_Kompanie,,resupply_detailed,48,-2,48,-2,,,,,,,,,,,,,,,,,,,,,,phase1 PRE_RAID_OPTIMIZATION | PE_SPENT: fuel=2 combat=0 total=2 | BEFORE: fuel=0 combat=11 | AFTER: fuel=2 combat=11,,,,,,,,,,,,,,,,,,,,,,,,
2025-09-15T23:51:35.953853,,,Niemcy,Z_Pluton__6_Versorgungs_Kompanie,,resupply_detailed,55,-15,55,-15,,,,,,,,,,,,,,,,,,,,,,phase1 PRE_RAID_OPTIMIZATION | PE_SPENT: fuel=3 combat=0 total=3 | BEFORE: fuel=0 combat=4 | AFTER: fuel=3 combat=4,,,,,,,,,,,,,,,,,,,,,,,,
2025-09-15T23:51:35.953853,,,Niemcy,Z_Pluton__6_Unterst_tzungs_Bataillon,,resupply_detailed,51,-13,51,-13,,,,,,,,,,,,,,,,,,,,,,phase1 PRE_RAID_OPTIMIZATION | PE_SPENT: fuel=3 combat=0 total=3 | BEFORE: fuel=0 combat=4 | AFTER: fuel=3 combat=4,,,,,,,,,,,,,,,,,,,,,,,,
2025-09-15T23:51:35.954850,,,Niemcy,RESUPPLY_OPERATION,,resupply_summary,,,,,,,,,,,,,,,,,,,,,,,,,,RESUPPLY_SUMMARY PRE_RAID_OPTIMIZATION | TOTAL_PE_SPENT: 25 | UNITS_RESUPPLIED: 10/10 | BUDGET_ALLOCATED: 48 | PE_REMAINING: 29,,,,,,,,,,,,,,,,,,,,,,,,
2025-09-15T23:51:35.989375,,target_selection,Niemcy,P_Pluton__6_Sch_tzen_Kompanie,,target_analysis,,,,,45,4,,,,,,,,,,,,,,,,,,,,"Target analysis: 29 candidates, score -1.00",,29,-1,999,,,,,,,,,False,,,,,,,29,29,29,5,2
2025-09-15T23:51:35.993460,,,Niemcy,P_Pluton__6_Sch_tzen_Kompanie,,second_move,,,45,4,,,,,,,,,,,,,,,,,,,,,,second_chance after PRE_RAID_OPTIMIZATION,,,,,,,,,,,,,,,,,,,,,,,,
2025-09-15T23:51:36.241808,,target_selection,Niemcy,P_Pluton__6_Infanterie_Regiment,,target_analysis,,,,,42,4,,,,,,,,,,,,,,,,,,,,"Target analysis: 29 candidates, score -1.00",,29,-1,999,,,,,,,,,False,,,,,,,29,29,29,5,2
2025-09-15T23:51:36.252598,,,Niemcy,P_Pluton__6_Infanterie_Regiment,,second_move,,,42,4,,,,,,,,,,,,,,,,,,,,,,second_chance after PRE_RAID_OPTIMIZATION,,,,,,,,,,,,,,,,,,,,,,,,
2025-09-15T23:51:36.294606,,target_selection,Niemcy,Z_Pluton__6_Unterst_tzungs_Bataillon_20250913214051,,target_analysis,,,,,36,15,,,,,,,,,,,,,,,,,,,,"Target analysis: 29 candidates, score -1.00",,29,-1,999,,,,,,,,,False,,,,,,,29,29,29,8,3
2025-09-15T23:51:36.302001,,,Niemcy,Z_Pluton__6_Unterst_tzungs_Bataillon_20250913214051,,second_move,,,36,15,,,,,,,,,,,,,,,,,,,,,,second_chance after PRE_RAID_OPTIMIZATION,,,,,,,,,,,,,,,,,,,,,,,,
2025-09-15T23:51:36.337507,,target_selection,Niemcy,P_Batalion__6_Infanterie_Regiment,,target_analysis,,,,,43,10,,,,,,,,,,,,,,,,,,,,"Target analysis: 29 candidates, score -1.00",,29,-1,999,,,,,,,,,False,,,,,,,29,29,29,5,2
2025-09-15T23:51:36.341302,,,Niemcy,P_Batalion__6_Infanterie_Regiment,,second_move,,,43,10,,,,,,,,,,,,,,,,,,,,,,second_chance after PRE_RAID_OPTIMIZATION,,,,,,,,,,,,,,,,,,,,,,,,
2025-09-15T23:51:36.369345,,target_selection,Niemcy,P_Pluton__6_Grenadier_Bataillon,,target_analysis,,,,,52,-5,,,,,,,,,,,,,,,,,,,,"Target analysis: 29 candidates, score -1.00",,29,-1,999,,,,,,,,,False,,,,,,,29,29,29,5,2
2025-09-15T23:51:36.373426,,,Niemcy,P_Pluton__6_Grenadier_Bataillon,,second_move,,,52,-5,,,,,,,,,,,,,,,,,,,,,,second_chance after PRE_RAID_OPTIMIZATION,,,,,,,,,,,,,,,,,,,,,,,,
2025-09-15T23:51:36.390797,,target_selection,Niemcy,Z_Batalion__6_Versorgungs_Kompanie,,target_analysis,,,,,51,-12,,,,,,,,,,,,,,,,,,,,"Target analysis: 29 candidates, score 30.00",,29,30.0,3,,,,,,,,,False,,,,"(51, -12)",,,28,29,29,6,3
2025-09-15T23:51:36.394109,,,Niemcy,Z_Batalion__6_Versorgungs_Kompanie,,second_move,,,51,-12,,,,,,,,,,,,,,,,,,,,,,second_chance after PRE_RAID_OPTIMIZATION,,,,,,,,,,,,,,,,,,,,,,,,
2025-09-15T23:51:36.423321,,,Niemcy,Z_Pluton__6_Unterst_tzungs_Bataillon_20250913214048,,second_move,,,50,-11,,,,,,,,,,,,,,,,,,,,,,second_chance after PRE_RAID_OPTIMIZATION,,,,,,,,,,,,,,,,,,,,,,,,
2025-09-15T23:51:36.454367,,target_selection,Niemcy,P_Kompania__6_Sch_tzen_Kompanie,,target_analysis,,,,,50,-2,,,,,,,,,,,,,,,,,,,,"Target analysis: 29 candidates, score -1.00",,29,-1,999,,,,,,,,,False,,,,,,,29,29,29,5,2
2025-09-15T23:51:36.458220,,,Niemcy,P_Kompania__6_Sch_tzen_Kompanie,,second_move,,,50,-2,,,,,,,,,,,,,,,,,,,,,,second_chance after PRE_RAID_OPTIMIZATION,,,,,,,,,,,,,,,,,,,,,,,,
2025-09-15T23:51:36.485587,,target_selection,Niemcy,Z_Pluton__6_Versorgungs_Kompanie,,target_analysis,,,,,52,-12,,,,,,,,,,,,,,,,,,,,"Target analysis: 29 candidates, score -1.00",,29,-1,999,,,,,,,,,False,,,,,,,29,29,29,8,3
2025-09-15T23:51:36.490127,,,Niemcy,Z_Pluton__6_Versorgungs_Kompanie,,second_move,,,52,-12,,,,,,,,,,,,,,,,,,,,,,second_chance after PRE_RAID_OPTIMIZATION,,,,,,,,,,,,,,,,,,,,,,,,
2025-09-15T23:51:36.504114,,target_selection,Niemcy,Z_Pluton__6_Unterst_tzungs_Bataillon,,target_analysis,,,,,52,-13,,,,,,,,,,,,,,,,,,,,"Target analysis: 29 candidates, score 30.00",,29,30.0,1,,,,,,,,,False,,,,"(52, -13)",,,27,29,29,6,3
2025-09-15T23:51:36.509163,,,Niemcy,Z_Pluton__6_Unterst_tzungs_Bataillon,,second_move,,,52,-13,,,,,,,,,,,,,,,,,,,,,,second_chance after PRE_RAID_OPTIMIZATION,,,,,,,,,,,,,,,,,,,,,,,,
2025-09-15T23:51:36.629769,,,Niemcy,RESUPPLY_NEEDS,,resupply_analysis,,,,,,,,,,,,,,,,,,,,,,,,,,NEEDS_ANALYSIS MULTI_TURN_START | TOTAL_FUEL_NEEDED: 14 | TOTAL_COMBAT_NEEDED: 0 | TOTAL_PE_NEEDED: 14 | BUDGET_AVAILABLE: 23 | UNITS_REQUIRING_HELP: 10,,,,,,,,,,,,,,,,,,,,,,,,
2025-09-15T23:51:36.631724,,,Niemcy,P_Pluton__6_Sch_tzen_Kompanie,,resupply_detailed,45,4,45,4,,,,,,,,,,,,,,,,,,,,,,phase1 MULTI_TURN_START | PE_SPENT: fuel=1 combat=0 total=1 | BEFORE: fuel=1 combat=8 | AFTER: fuel=2 combat=8,,,,,,,,,,,,,,,,,,,,,,,,
2025-09-15T23:51:36.634260,,,Niemcy,P_Pluton__6_Infanterie_Regiment,,resupply_detailed,42,4,42,4,,,,,,,,,,,,,,,,,,,,,,phase1 MULTI_TURN_START | PE_SPENT: fuel=1 combat=0 total=1 | BEFORE: fuel=1 combat=8 | AFTER: fuel=2 combat=8,,,,,,,,,,,,,,,,,,,,,,,,
2025-09-15T23:51:36.634260,,,Niemcy,Z_Pluton__6_Unterst_tzungs_Bataillon_20250913214051,,resupply_detailed,36,15,36,15,,,,,,,,,,,,,,,,,,,,,,phase1 MULTI_TURN_START | PE_SPENT: fuel=1 combat=0 total=1 | BEFORE: fuel=2 combat=4 | AFTER: fuel=3 combat=4,,,,,,,,,,,,,,,,,,,,,,,,
2025-09-15T23:51:36.635257,,,Niemcy,P_Batalion__6_Infanterie_Regiment,,resupply_detailed,43,10,43,10,,,,,,,,,,,,,,,,,,,,,,phase1 MULTI_TURN_START | PE_SPENT: fuel=1 combat=0 total=1 | BEFORE: fuel=1 combat=14 | AFTER: fuel=2 combat=14,,,,,,,,,,,,,,,,,,,,,,,,
2025-09-15T23:51:36.635257,,,Niemcy,P_Pluton__6_Grenadier_Bataillon,,resupply_detailed,52,-5,52,-5,,,,,,,,,,,,,,,,,,,,,,phase1 MULTI_TURN_START | PE_SPENT: fuel=1 combat=0 total=1 | BEFORE: fuel=1 combat=8 | AFTER: fuel=2 combat=8,,,,,,,,,,,,,,,,,,,,,,,,
2025-09-15T23:51:36.637292,,,Niemcy,Z_Batalion__6_Versorgungs_Kompanie,,resupply_detailed,51,-12,51,-12,,,,,,,,,,,,,,,,,,,,,,phase1 MULTI_TURN_START | PE_SPENT: fuel=1 combat=0 total=1 | BEFORE: fuel=2 combat=7 | AFTER: fuel=3 combat=7,,,,,,,,,,,,,,,,,,,,,,,,
2025-09-15T23:51:36.637292,,,Niemcy,P_Kompania__6_Sch_tzen_Kompanie,,resupply_detailed,50,-2,50,-2,,,,,,,,,,,,,,,,,,,,,,phase1 MULTI_TURN_START | PE_SPENT: fuel=1 combat=0 total=1 | BEFORE: fuel=1 combat=11 | AFTER: fuel=2 combat=11,,,,,,,,,,,,,,,,,,,,,,,,
2025-09-15T23:51:36.637292,,,Niemcy,Z_Pluton__6_Versorgungs_Kompanie,,resupply_detailed,52,-12,52,-12,,,,,,,,,,,,,,,,,,,,,,phase1 MULTI_TURN_START | PE_SPENT: fuel=1 combat=0 total=1 | BEFORE: fuel=2 combat=4 | AFTER: fuel=3 combat=4,,,,,,,,,,,,,,,,,,,,,,,,
2025-09-15T23:51:36.639300,,,Niemcy,Z_Pluton__6_Unterst_tzungs_Bataillon,,resupply_detailed,52,-13,52,-13,,,,,,,,,,,,,,,,,,,,,,phase1 MULTI_TURN_START | PE_SPENT: fuel=1 combat=0 total=1 | BEFORE: fuel=2 combat=4 | AFTER: fuel=3 combat=4,,,,,,,,,,,,,,,,,,,,,,,,
2025-09-15T23:51:36.639300,,,Niemcy,RESUPPLY_OPERATION,,resupply_summary,,,,,,,,,,,,,,,,,,,,,,,,,,RESUPPLY_SUMMARY MULTI_TURN_START | TOTAL_PE_SPENT: 9 | UNITS_RESUPPLIED: 9/10 | BUDGET_ALLOCATED: 23 | PE_REMAINING: 20,,,,,,,,,,,,,,,,,,,,,,,,
2025-09-15T23:51:36.671752,,target_selection,Niemcy,P_Pluton__6_Sch_tzen_Kompanie,,target_analysis,,,,,47,4,,,,,,,,,,,,,,,,,,,,"Target analysis: 29 candidates, score -1.00",,29,-1,999,,,,,,,,,False,,,,,,,29,29,29,4,2
2025-09-15T23:51:36.675548,,,Niemcy,P_Pluton__6_Sch_tzen_Kompanie,,second_move,,,47,4,,,,,,,,,,,,,,,,,,,,,,second_chance after MULTI_TURN_START,,,,,,,,,,,,,,,,,,,,,,,,
2025-09-15T23:51:36.706012,,target_selection,Niemcy,P_Pluton__6_Infanterie_Regiment,,target_analysis,,,,,44,4,,,,,,,,,,,,,,,,,,,,"Target analysis: 29 candidates, score -1.00",,29,-1,999,,,,,,,,,False,,,,,,,29,29,29,4,2
2025-09-15T23:51:36.711591,,,Niemcy,P_Pluton__6_Infanterie_Regiment,,second_move,,,44,4,,,,,,,,,,,,,,,,,,,,,,second_chance after MULTI_TURN_START,,,,,,,,,,,,,,,,,,,,,,,,
2025-09-15T23:51:36.744788,,target_selection,Niemcy,Z_Pluton__6_Unterst_tzungs_Bataillon_20250913214051,,target_analysis,,,,,33,15,,,,,,,,,,,,,,,,,,,,"Target analysis: 29 candidates, score -1.00",,29,-1,999,,,,,,,,,False,,,,,,,29,29,29,7,3
2025-09-15T23:51:36.750630,,,Niemcy,Z_Pluton__6_Unterst_tzungs_Bataillon_20250913214051,,second_move,,,33,15,,,,,,,,,,,,,,,,,,,,,,second_chance after MULTI_TURN_START,,,,,,,,,,,,,,,,,,,,,,,,
2025-09-15T23:51:36.771205,,target_selection,Niemcy,P_Batalion__6_Infanterie_Regiment,,target_analysis,,,,,41,12,,,,,,,,,,,,,,,,,,,,"Target analysis: 29 candidates, score -1.00",,29,-1,999,,,,,,,,,False,,,,,,,29,29,29,4,2
2025-09-15T23:51:36.772481,,,Niemcy,P_Batalion__6_Infanterie_Regiment,,second_move,,,41,12,,,,,,,,,,,,,,,,,,,,,,second_chance after MULTI_TURN_START,,,,,,,,,,,,,,,,,,,,,,,,
2025-09-15T23:51:36.799739,,target_selection,Niemcy,P_Pluton__6_Grenadier_Bataillon,,target_analysis,,,,,54,-5,,,,,,,,,,,,,,,,,,,,"Target analysis: 29 candidates, score -1.00",,29,-1,999,,,,,,,,,False,,,,,,,29,29,29,4,2
2025-09-15T23:51:36.803257,,,Niemcy,P_Pluton__6_Grenadier_Bataillon,,second_move,,,54,-5,,,,,,,,,,,,,,,,,,,,,,second_chance after MULTI_TURN_START,,,,,,,,,,,,,,,,,,,,,,,,
2025-09-15T23:51:36.815171,,target_selection,Niemcy,Z_Batalion__6_Versorgungs_Kompanie,,target_analysis,,,,,51,-13,,,,,,,,,,,,,,,,,,,,"Target analysis: 29 candidates, score 30.00",,29,30.0,1,,,,,,,,,False,,,,"(51, -13)",,,26,29,29,5,3
2025-09-15T23:51:36.820825,,,Niemcy,Z_Batalion__6_Versorgungs_Kompanie,,second_move,,,51,-13,,,,,,,,,,,,,,,,,,,,,,second_chance after MULTI_TURN_START,,,,,,,,,,,,,,,,,,,,,,,,
2025-09-15T23:51:36.844348,,target_selection,Niemcy,P_Kompania__6_Sch_tzen_Kompanie,,target_analysis,,,,,50,0,,,,,,,,,,,,,,,,,,,,"Target analysis: 29 candidates, score -1.00",,29,-1,999,,,,,,,,,False,,,,,,,29,29,29,4,2
2025-09-15T23:51:36.848471,,,Niemcy,P_Kompania__6_Sch_tzen_Kompanie,,second_move,,,50,0,,,,,,,,,,,,,,,,,,,,,,second_chance after MULTI_TURN_START,,,,,,,,,,,,,,,,,,,,,,,,
2025-09-15T23:51:36.866077,,target_selection,Niemcy,Z_Pluton__6_Versorgungs_Kompanie,,target_analysis,,,,,51,-12,,,,,,,,,,,,,,,,,,,,"Target analysis: 29 candidates, score 30.00",,29,30.0,1,,,,,,,,,False,,,,"(51, -12)",,,27,29,29,7,3
2025-09-15T23:51:36.867822,,,Niemcy,Z_Pluton__6_Versorgungs_Kompanie,,second_move,,,51,-12,,,,,,,,,,,,,,,,,,,,,,second_chance after MULTI_TURN_START,,,,,,,,,,,,,,,,,,,,,,,,
2025-09-15T23:51:36.894383,,target_selection,Niemcy,Z_Pluton__6_Unterst_tzungs_Bataillon,,target_analysis,,,,,55,-13,,,,,,,,,,,,,,,,,,,,"Target analysis: 29 candidates, score -1.00",,29,-1,999,,,,,,,,,False,,,,,,,29,29,29,5,3
2025-09-15T23:51:36.900479,,,Niemcy,Z_Pluton__6_Unterst_tzungs_Bataillon,,second_move,,,55,-13,,,,,,,,,,,,,,,,,,,,,,second_chance after MULTI_TURN_START,,,,,,,,,,,,,,,,,,,,,,,,
2025-09-15T23:51:36.926808,,,Niemcy,Z_Pluton__6_Unterst_tzungs_Bataillon_20250913214048,,second_move,,,50,-11,,,,,,,,,,,,,,,,,,,,,,second_chance after MULTI_TURN_START,,,,,,,,,,,,,,,,,,,,,,,,
2025-09-15T23:51:36.936387,,,Niemcy,RESUPPLY_NEEDS,,resupply_analysis,,,,,,,,,,,,,,,,,,,,,,,,,,NEEDS_ANALYSIS PRE_RAID_OPTIMIZATION | TOTAL_FUEL_NEEDED: 15 | TOTAL_COMBAT_NEEDED: 0 | TOTAL_PE_NEEDED: 15 | BUDGET_AVAILABLE: 16 | UNITS_REQUIRING_HELP: 10,,,,,,,,,,,,,,,,,,,,,,,,
2025-09-15T23:51:36.937382,,,Niemcy,Z_Pluton__6_Unterst_tzungs_Bataillon_20250913214051,,resupply_detailed,37,12,37,12,,,,,,,,,,,,,,,,,,,,,,phase1 PRE_RAID_OPTIMIZATION | PE_SPENT: fuel=1 combat=0 total=1 | BEFORE: fuel=1 combat=4 | AFTER: fuel=2 combat=4,,,,,,,,,,,,,,,,,,,,,,,,
2025-09-15T23:51:36.938403,,,Niemcy,P_Pluton__6_Sch_tzen_Kompanie,,resupply_detailed,47,4,47,4,,,,,,,,,,,,,,,,,,,,,,phase1 PRE_RAID_OPTIMIZATION | PE_SPENT: fuel=1 combat=0 total=1 | BEFORE: fuel=1 combat=8 | AFTER: fuel=2 combat=8,,,,,,,,,,,,,,,,,,,,,,,,
2025-09-15T23:51:36.938403,,,Niemcy,P_Pluton__6_Infanterie_Regiment,,resupply_detailed,44,4,44,4,,,,,,,,,,,,,,,,,,,,,,phase1 PRE_RAID_OPTIMIZATION | PE_SPENT: fuel=1 combat=0 total=1 | BEFORE: fuel=1 combat=8 | AFTER: fuel=2 combat=8,,,,,,,,,,,,,,,,,,,,,,,,
2025-09-15T23:51:36.939518,,,Niemcy,P_Batalion__6_Infanterie_Regiment,,resupply_detailed,41,12,41,12,,,,,,,,,,,,,,,,,,,,,,phase1 PRE_RAID_OPTIMIZATION | PE_SPENT: fuel=1 combat=0 total=1 | BEFORE: fuel=1 combat=14 | AFTER: fuel=2 combat=14,,,,,,,,,,,,,,,,,,,,,,,,
2025-09-15T23:51:36.939518,,,Niemcy,P_Pluton__6_Grenadier_Bataillon,,resupply_detailed,54,-5,54,-5,,,,,,,,,,,,,,,,,,,,,,phase1 PRE_RAID_OPTIMIZATION | PE_SPENT: fuel=1 combat=0 total=1 | BEFORE: fuel=1 combat=8 | AFTER: fuel=2 combat=8,,,,,,,,,,,,,,,,,,,,,,,,
2025-09-15T23:51:36.940533,,,Niemcy,Z_Batalion__6_Versorgungs_Kompanie,,resupply_detailed,51,-13,51,-13,,,,,,,,,,,,,,,,,,,,,,phase1 PRE_RAID_OPTIMIZATION | PE_SPENT: fuel=1 combat=0 total=1 | BEFORE: fuel=2 combat=7 | AFTER: fuel=3 combat=7,,,,,,,,,,,,,,,,,,,,,,,,
2025-09-15T23:51:36.940533,,,Niemcy,P_Kompania__6_Sch_tzen_Kompanie,,resupply_detailed,50,0,50,0,,,,,,,,,,,,,,,,,,,,,,phase1 PRE_RAID_OPTIMIZATION | PE_SPENT: fuel=1 combat=0 total=1 | BEFORE: fuel=1 combat=11 | AFTER: fuel=2 combat=11,,,,,,,,,,,,,,,,,,,,,,,,
2025-09-15T23:51:36.941782,,,Niemcy,Z_Pluton__6_Versorgungs_Kompanie,,resupply_detailed,51,-12,51,-12,,,,,,,,,,,,,,,,,,,,,,phase1 PRE_RAID_OPTIMIZATION | PE_SPENT: fuel=1 combat=0 total=1 | BEFORE: fuel=2 combat=4 | AFTER: fuel=3 combat=4,,,,,,,,,,,,,,,,,,,,,,,,
2025-09-15T23:51:36.941782,,,Niemcy,Z_Pluton__6_Unterst_tzungs_Bataillon,,resupply_detailed,55,-13,55,-13,,,,,,,,,,,,,,,,,,,,,,phase1 PRE_RAID_OPTIMIZATION | PE_SPENT: fuel=1 combat=0 total=1 | BEFORE: fuel=2 combat=4 | AFTER: fuel=3 combat=4,,,,,,,,,,,,,,,,,,,,,,,,
2025-09-15T23:51:36.941782,,,Niemcy,RESUPPLY_OPERATION,,resupply_summary,,,,,,,,,,,,,,,,,,,,,,,,,,RESUPPLY_SUMMARY PRE_RAID_OPTIMIZATION | TOTAL_PE_SPENT: 9 | UNITS_RESUPPLIED: 9/10 | BUDGET_ALLOCATED: 16 | PE_REMAINING: 11,,,,,,,,,,,,,,,,,,,,,,,,
2025-09-15T23:51:36.967943,,target_selection,Niemcy,Z_Pluton__6_Unterst_tzungs_Bataillon_20250913214051,,target_analysis,,,,,39,12,,,,,,,,,,,,,,,,,,,,"Target analysis: 29 candidates, score -1.00",,29,-1,999,,,,,,,,,False,,,,,,,29,29,29,9,2
2025-09-15T23:51:36.984119,,,Niemcy,Z_Pluton__6_Unterst_tzungs_Bataillon_20250913214051,,second_move,,,39,12,,,,,,,,,,,,,,,,,,,,,,second_chance after PRE_RAID_OPTIMIZATION,,,,,,,,,,,,,,,,,,,,,,,,
2025-09-15T23:51:37.010416,,target_selection,Niemcy,P_Pluton__6_Sch_tzen_Kompanie,,target_analysis,,,,,49,4,,,,,,,,,,,,,,,,,,,,"Target analysis: 29 candidates, score -1.00",,29,-1,999,,,,,,,,,False,,,,,,,29,29,29,3,2
2025-09-15T23:51:37.013497,,,Niemcy,P_Pluton__6_Sch_tzen_Kompanie,,second_move,,,49,4,,,,,,,,,,,,,,,,,,,,,,second_chance after PRE_RAID_OPTIMIZATION,,,,,,,,,,,,,,,,,,,,,,,,
2025-09-15T23:51:37.040199,,target_selection,Niemcy,P_Pluton__6_Infanterie_Regiment,,target_analysis,,,,,46,4,,,,,,,,,,,,,,,,,,,,"Target analysis: 29 candidates, score -1.00",,29,-1,999,,,,,,,,,False,,,,,,,29,29,29,3,2
2025-09-15T23:51:37.045708,,,Niemcy,P_Pluton__6_Infanterie_Regiment,,second_move,,,46,4,,,,,,,,,,,,,,,,,,,,,,second_chance after PRE_RAID_OPTIMIZATION,,,,,,,,,,,,,,,,,,,,,,,,
2025-09-15T23:51:37.062773,,target_selection,Niemcy,P_Batalion__6_Infanterie_Regiment,,target_analysis,,,,,41,10,,,,,,,,,,,,,,,,,,,,"Target analysis: 29 candidates, score -1.00",,29,-1,999,,,,,,,,,False,,,,,,,29,29,29,3,2
2025-09-15T23:51:37.068010,,,Niemcy,P_Batalion__6_Infanterie_Regiment,,second_move,,,41,10,,,,,,,,,,,,,,,,,,,,,,second_chance after PRE_RAID_OPTIMIZATION,,,,,,,,,,,,,,,,,,,,,,,,
2025-09-15T23:51:37.091721,,target_selection,Niemcy,P_Pluton__6_Grenadier_Bataillon,,target_analysis,,,,,54,-3,,,,,,,,,,,,,,,,,,,,"Target analysis: 29 candidates, score -1.00",,29,-1,999,,,,,,,,,False,,,,,,,29,29,29,3,2
2025-09-15T23:51:37.094814,,,Niemcy,P_Pluton__6_Grenadier_Bataillon,,second_move,,,54,-3,,,,,,,,,,,,,,,,,,,,,,second_chance after PRE_RAID_OPTIMIZATION,,,,,,,,,,,,,,,,,,,,,,,,
2025-09-15T23:51:37.106128,,target_selection,Niemcy,Z_Batalion__6_Versorgungs_Kompanie,,target_analysis,,,,,52,-13,,,,,,,,,,,,,,,,,,,,"Target analysis: 29 candidates, score 30.00",,29,30.0,1,,,,,,,,,False,,,,"(52, -13)",,,27,29,29,4,3
2025-09-15T23:51:37.113635,,,Niemcy,Z_Batalion__6_Versorgungs_Kompanie,,second_move,,,52,-13,,,,,,,,,,,,,,,,,,,,,,second_chance after PRE_RAID_OPTIMIZATION,,,,,,,,,,,,,,,,,,,,,,,,
2025-09-15T23:51:37.141424,,target_selection,Niemcy,P_Kompania__6_Sch_tzen_Kompanie,,target_analysis,,,,,52,0,,,,,,,,,,,,,,,,,,,,"Target analysis: 29 candidates, score -1.00",,29,-1,999,,,,,,,,,False,,,,,,,29,29,29,3,2
2025-09-15T23:51:37.144683,,,Niemcy,P_Kompania__6_Sch_tzen_Kompanie,,second_move,,,52,0,,,,,,,,,,,,,,,,,,,,,,second_chance after PRE_RAID_OPTIMIZATION,,,,,,,,,,,,,,,,,,,,,,,,
2025-09-15T23:51:37.162235,,target_selection,Niemcy,Z_Pluton__6_Versorgungs_Kompanie,,target_analysis,,,,,51,-13,,,,,,,,,,,,,,,,,,,,"Target analysis: 29 candidates, score 30.00",,29,30.0,1,,,,,,,,,False,,,,"(51, -13)",,,26,29,29,6,3
2025-09-15T23:51:37.168330,,,Niemcy,Z_Pluton__6_Versorgungs_Kompanie,,second_move,,,51,-13,,,,,,,,,,,,,,,,,,,,,,second_chance after PRE_RAID_OPTIMIZATION,,,,,,,,,,,,,,,,,,,,,,,,
2025-09-15T23:51:37.191243,,target_selection,Niemcy,Z_Pluton__6_Unterst_tzungs_Bataillon,,target_analysis,,,,,55,-16,,,,,,,,,,,,,,,,,,,,"Target analysis: 29 candidates, score -1.00",,29,-1,999,,,,,,,,,False,,,,,,,29,29,29,4,3
2025-09-15T23:51:37.194408,,,Niemcy,Z_Pluton__6_Unterst_tzungs_Bataillon,,second_move,,,55,-16,,,,,,,,,,,,,,,,,,,,,,second_chance after PRE_RAID_OPTIMIZATION,,,,,,,,,,,,,,,,,,,,,,,,
2025-09-15T23:51:37.201560,,,Niemcy,Z_Pluton__6_Unterst_tzungs_Bataillon_20250913214048,,second_move,,,51,-12,,,,,,,,,,,,,,,,,,,,,,second_chance after PRE_RAID_OPTIMIZATION,,,,,,,,,,,,,,,,,,,,,,,,
2025-09-15T23:51:37.226677,,,Niemcy,RESUPPLY_NEEDS,,resupply_analysis,,,,,,,,,,,,,,,,,,,,,,,,,,NEEDS_ANALYSIS LOW_FUEL | TOTAL_FUEL_NEEDED: 16 | TOTAL_COMBAT_NEEDED: 0 | TOTAL_PE_NEEDED: 16 | BUDGET_AVAILABLE: 8 | UNITS_REQUIRING_HELP: 10,,,,,,,,,,,,,,,,,,,,,,,,
2025-09-15T23:51:37.226677,,,Niemcy,Z_Pluton__6_Unterst_tzungs_Bataillon_20250913214048,,resupply_detailed,51,-12,51,-12,,,,,,,,,,,,,,,,,,,,,,phase1 LOW_FUEL | PE_SPENT: fuel=1 combat=0 total=1 | BEFORE: fuel=2 combat=4 | AFTER: fuel=3 combat=4,,,,,,,,,,,,,,,,,,,,,,,,
2025-09-15T23:51:37.230429,,,Niemcy,RESUPPLY_OPERATION,,resupply_summary,,,,,,,,,,,,,,,,,,,,,,,,,,RESUPPLY_SUMMARY LOW_FUEL | TOTAL_PE_SPENT: 1 | UNITS_RESUPPLIED: 1/10 | BUDGET_ALLOCATED: 8 | PE_REMAINING: 10,,,,,,,,,,,,,,,,,,,,,,,,
2025-09-15T23:51:37.247031,,target_selection,Niemcy,Z_Pluton__6_Unterst_tzungs_Bataillon_20250913214051,,target_analysis,,,,,40,12,,,,,,,,,,,,,,,,,,,,"Target analysis: 29 candidates, score -1.00",,29,-1,999,,,,,,,,,False,,,,,,,29,29,29,4,1
2025-09-15T23:51:37.252854,,,Niemcy,Z_Pluton__6_Unterst_tzungs_Bataillon_20250913214051,,second_move,,,40,12,,,,,,,,,,,,,,,,,,,,,,second_chance after LOW_FUEL,,,,,,,,,,,,,,,,,,,,,,,,
2025-09-15T23:51:37.265198,,target_selection,Niemcy,P_Pluton__6_Sch_tzen_Kompanie,,target_analysis,,,,,50,4,,,,,,,,,,,,,,,,,,,,"Target analysis: 29 candidates, score -1.00",,29,-1,999,,,,,,,,,False,,,,,,,29,29,29,2,1
2025-09-15T23:51:37.269682,,,Niemcy,P_Pluton__6_Sch_tzen_Kompanie,,second_move,,,50,4,,,,,,,,,,,,,,,,,,,,,,second_chance after LOW_FUEL,,,,,,,,,,,,,,,,,,,,,,,,
2025-09-15T23:51:37.282106,,target_selection,Niemcy,P_Pluton__6_Infanterie_Regiment,,target_analysis,,,,,47,4,,,,,,,,,,,,,,,,,,,,"Target analysis: 29 candidates, score -1.00",,29,-1,999,,,,,,,,,False,,,,,,,29,29,29,2,1
2025-09-15T23:51:37.287160,,,Niemcy,P_Pluton__6_Infanterie_Regiment,,second_move,,,47,4,,,,,,,,,,,,,,,,,,,,,,second_chance after LOW_FUEL,,,,,,,,,,,,,,,,,,,,,,,,
2025-09-15T23:51:37.301228,,target_selection,Niemcy,P_Batalion__6_Infanterie_Regiment,,target_analysis,,,,,42,10,,,,,,,,,,,,,,,,,,,,"Target analysis: 29 candidates, score -1.00",,29,-1,999,,,,,,,,,False,,,,,,,29,29,29,2,1
2025-09-15T23:51:37.304506,,,Niemcy,P_Batalion__6_Infanterie_Regiment,,second_move,,,42,10,,,,,,,,,,,,,,,,,,,,,,second_chance after LOW_FUEL,,,,,,,,,,,,,,,,,,,,,,,,
2025-09-15T23:51:37.318034,,target_selection,Niemcy,P_Pluton__6_Grenadier_Bataillon,,target_analysis,,,,,55,-3,,,,,,,,,,,,,,,,,,,,"Target analysis: 29 candidates, score -1.00",,29,-1,999,,,,,,,,,False,,,,,,,29,29,29,2,1
2025-09-15T23:51:37.321613,,,Niemcy,P_Pluton__6_Grenadier_Bataillon,,second_move,,,55,-3,,,,,,,,,,,,,,,,,,,,,,second_chance after LOW_FUEL,,,,,,,,,,,,,,,,,,,,,,,,
2025-09-15T23:51:37.336519,,target_selection,Niemcy,Z_Batalion__6_Versorgungs_Kompanie,,target_analysis,,,,,54,-13,,,,,,,,,,,,,,,,,,,,"Target analysis: 29 candidates, score -1.00",,29,-1,999,,,,,,,,,False,,,,,,,29,29,29,3,2
2025-09-15T23:51:37.339945,,,Niemcy,Z_Batalion__6_Versorgungs_Kompanie,,second_move,,,54,-13,,,,,,,,,,,,,,,,,,,,,,second_chance after LOW_FUEL,,,,,,,,,,,,,,,,,,,,,,,,
2025-09-15T23:51:37.354402,,target_selection,Niemcy,Z_Pluton__6_Unterst_tzungs_Bataillon_20250913214048,,target_analysis,,,,,52,-13,,,,,,,,,,,,,,,,,,,,"Target analysis: 29 candidates, score 30.00",,29,30.0,1,,,,,,,,,False,,,,"(52, -13)",,,25,29,29,7,3
2025-09-15T23:51:37.355536,,,Niemcy,Z_Pluton__6_Unterst_tzungs_Bataillon_20250913214048,,second_move,,,52,-13,,,,,,,,,,,,,,,,,,,,,,second_chance after LOW_FUEL,,,,,,,,,,,,,,,,,,,,,,,,
2025-09-15T23:51:37.365589,,target_selection,Niemcy,P_Kompania__6_Sch_tzen_Kompanie,,target_analysis,,,,,53,0,,,,,,,,,,,,,,,,,,,,"Target analysis: 29 candidates, score -1.00",,29,-1,999,,,,,,,,,False,,,,,,,29,29,29,2,1
2025-09-15T23:51:37.374656,,,Niemcy,P_Kompania__6_Sch_tzen_Kompanie,,second_move,,,53,0,,,,,,,,,,,,,,,,,,,,,,second_chance after LOW_FUEL,,,,,,,,,,,,,,,,,,,,,,,,
2025-09-15T23:51:37.386265,,target_selection,Niemcy,Z_Pluton__6_Versorgungs_Kompanie,,target_analysis,,,,,51,-12,,,,,,,,,,,,,,,,,,,,"Target analysis: 29 candidates, score 30.00",,29,30.0,1,,,,,,,,,False,,,,"(51, -12)",,,28,29,29,5,2
2025-09-15T23:51:37.388609,,,Niemcy,Z_Pluton__6_Versorgungs_Kompanie,,second_move,,,51,-12,,,,,,,,,,,,,,,,,,,,,,second_chance after LOW_FUEL,,,,,,,,,,,,,,,,,,,,,,,,
2025-09-15T23:51:37.398984,,target_selection,Niemcy,Z_Pluton__6_Unterst_tzungs_Bataillon,,target_analysis,,,,,55,-14,,,,,,,,,,,,,,,,,,,,"Target analysis: 29 candidates, score -1.00",,29,-1,999,,,,,,,,,False,,,,,,,29,29,29,3,2
2025-09-15T23:51:37.410015,,,Niemcy,Z_Pluton__6_Unterst_tzungs_Bataillon,,second_move,,,55,-14,,,,,,,,,,,,,,,,,,,,,,second_chance after LOW_FUEL,,,,,,,,,,,,,,,,,,,,,,,,
2025-09-15T23:51:37.424679,,,Niemcy,RESUPPLY_NEEDS,,resupply_analysis,,,,,,,,,,,,,,,,,,,,,,,,,,NEEDS_ANALYSIS LOW_FUEL | TOTAL_FUEL_NEEDED: 26 | TOTAL_COMBAT_NEEDED: 0 | TOTAL_PE_NEEDED: 26 | BUDGET_AVAILABLE: 9 | UNITS_REQUIRING_HELP: 10,,,,,,,,,,,,,,,,,,,,,,,,
2025-09-15T23:51:37.425863,,,Niemcy,Z_Pluton__6_Unterst_tzungs_Bataillon_20250913214048,,resupply_detailed,51,-11,51,-11,,,,,,,,,,,,,,,,,,,,,,phase1 LOW_FUEL | PE_SPENT: fuel=1 combat=0 total=1 | BEFORE: fuel=1 combat=4 | AFTER: fuel=2 combat=4,,,,,,,,,,,,,,,,,,,,,,,,
2025-09-15T23:51:37.425863,,,Niemcy,RESUPPLY_OPERATION,,resupply_summary,,,,,,,,,,,,,,,,,,,,,,,,,,RESUPPLY_SUMMARY LOW_FUEL | TOTAL_PE_SPENT: 1 | UNITS_RESUPPLIED: 1/10 | BUDGET_ALLOCATED: 9 | PE_REMAINING: 9,,,,,,,,,,,,,,,,,,,,,,,,
2025-09-15T23:51:37.438315,,target_selection,Niemcy,Z_Batalion__6_Versorgungs_Kompanie,,target_analysis,,,,,55,-13,,,,,,,,,,,,,,,,,,,,"Target analysis: 29 candidates, score -1.00",,29,-1,999,,,,,,,,,False,,,,,,,29,29,29,2,1
2025-09-15T23:51:37.442512,,,Niemcy,Z_Batalion__6_Versorgungs_Kompanie,,second_move,,,55,-13,,,,,,,,,,,,,,,,,,,,,,second_chance after LOW_FUEL,,,,,,,,,,,,,,,,,,,,,,,,
2025-09-15T23:51:37.446447,,,Niemcy,Z_Pluton__6_Unterst_tzungs_Bataillon_20250913214048,,second_move,,,52,-13,,,,,,,,,,,,,,,,,,,,,,second_chance after LOW_FUEL,,,,,,,,,,,,,,,,,,,,,,,,
2025-09-15T23:51:37.450599,,target_selection,Niemcy,Z_Pluton__6_Versorgungs_Kompanie,,target_analysis,,,,,51,-13,,,,,,,,,,,,,,,,,,,,"Target analysis: 29 candidates, score 30.00",,29,30.0,1,,,,,,,,,False,,,,"(51, -13)",,,28,29,29,4,1
2025-09-15T23:51:37.458351,,,Niemcy,Z_Pluton__6_Versorgungs_Kompanie,,second_move,,,51,-13,,,,,,,,,,,,,,,,,,,,,,second_chance after LOW_FUEL,,,,,,,,,,,,,,,,,,,,,,,,
2025-09-15T23:51:37.467571,,target_selection,Niemcy,Z_Pluton__6_Unterst_tzungs_Bataillon,,target_analysis,,,,,54,-13,,,,,,,,,,,,,,,,,,,,"Target analysis: 29 candidates, score -1.00",,29,-1,999,,,,,,,,,False,,,,,,,29,29,29,2,1
2025-09-15T23:51:37.472607,,,Niemcy,Z_Pluton__6_Unterst_tzungs_Bataillon,,second_move,,,54,-13,,,,,,,,,,,,,,,,,,,,,,second_chance after LOW_FUEL,,,,,,,,,,,,,,,,,,,,,,,,
2025-09-15T23:51:37.474992,,,Niemcy,RESUPPLY_NEEDS,,resupply_analysis,,,,,,,,,,,,,,,,,,,,,,,,,,NEEDS_ANALYSIS LOW_FUEL | TOTAL_FUEL_NEEDED: 29 | TOTAL_COMBAT_NEEDED: 0 | TOTAL_PE_NEEDED: 29 | BUDGET_AVAILABLE: 8 | UNITS_REQUIRING_HELP: 10,,,,,,,,,,,,,,,,,,,,,,,,
2025-09-15T23:51:37.476039,,,Niemcy,RESUPPLY_OPERATION,,resupply_summary,,,,,,,,,,,,,,,,,,,,,,,,,,RESUPPLY_SUMMARY LOW_FUEL | TOTAL_PE_SPENT: 0 | UNITS_RESUPPLIED: 0/10 | BUDGET_ALLOCATED: 8 | PE_REMAINING: 9,,,,,,,,,,,,,,,,,,,,,,,,
2025-09-15T23:51:37.486854,,target_selection,Niemcy,Z_Pluton__6_Unterst_tzungs_Bataillon_20250913214048,,target_analysis,,,,,51,-12,,,,,,,,,,,,,,,,,,,,"Target analysis: 29 candidates, score 30.00",,29,30.0,1,,,,,,,,,False,,,,"(51, -12)",,,28,29,29,4,1
2025-09-15T23:51:37.491349,,,Niemcy,Z_Pluton__6_Unterst_tzungs_Bataillon_20250913214048,,second_move,,,51,-12,,,,,,,,,,,,,,,,,,,,,,second_chance after LOW_FUEL,,,,,,,,,,,,,,,,,,,,,,,,
2025-09-15T23:51:37.548095,,strategy,Niemcy,STRATEGY,,strategic_decision,,,,,,,,,,,,,,,,,,,,,,,,,,"Strategy: REASSIGNMENT, aggression 0.50, 5 groups, 0 reassignments",,,,,,,,,REASSIGNMENT,0.5,,,,,,adaptive,,0,dynamic_reassignment,,,,,
2025-09-15T23:51:37.563378,,strategy,Niemcy,STRATEGY,,strategic_decision,,,,,,,,,,,,,,,,,,,,,,,,,,"Strategy: REASSIGNMENT, aggression 0.50, 5 groups, 0 reassignments",,,,,,,,,REASSIGNMENT,0.5,,,,,,adaptive,,0,dynamic_reassignment,,,,,
2025-09-15T23:51:37.570609,,strategy,Niemcy,STRATEGY,,strategic_decision,,,,,,,,,,,,,,,,,,,,,,,,,,"Strategy: REASSIGNMENT, aggression 0.50, 1 groups, 0 reassignments",,,,,,,,,REASSIGNMENT,0.5,,,,,,adaptive,,0,dynamic_reassignment,,,,,
2025-09-15T23:51:37.573093,,target_selection,Niemcy,P_Pluton__6_Sch_tzen_Kompanie,,target_analysis,,,,,,,,,,,,,,,,,,,,,,,,,,"Target analysis: 29 candidates, score -1.00",,29,-1,999,,,,,,,,,False,,,,,,,29,29,29,5,0
2025-09-15T23:51:37.578730,,,Niemcy,RESUPPLY_NEEDS,,resupply_analysis,,,,,,,,,,,,,,,,,,,,,,,,,,NEEDS_ANALYSIS LOW_FUEL | TOTAL_FUEL_NEEDED: 30 | TOTAL_COMBAT_NEEDED: 0 | TOTAL_PE_NEEDED: 30 | BUDGET_AVAILABLE: 8 | UNITS_REQUIRING_HELP: 10,,,,,,,,,,,,,,,,,,,,,,,,
2025-09-15T23:51:37.579741,,,Niemcy,RESUPPLY_OPERATION,,resupply_summary,,,,,,,,,,,,,,,,,,,,,,,,,,RESUPPLY_SUMMARY LOW_FUEL | TOTAL_PE_SPENT: 0 | UNITS_RESUPPLIED: 0/10 | BUDGET_ALLOCATED: 8 | PE_REMAINING: 9,,,,,,,,,,,,,,,,,,,,,,,,
2025-09-15T23:51:37.582254,,,Niemcy,RESUPPLY_NEEDS,,resupply_analysis,,,,,,,,,,,,,,,,,,,,,,,,,,NEEDS_ANALYSIS LOW_FUEL | TOTAL_FUEL_NEEDED: 30 | TOTAL_COMBAT_NEEDED: 0 | TOTAL_PE_NEEDED: 30 | BUDGET_AVAILABLE: 8 | UNITS_REQUIRING_HELP: 10,,,,,,,,,,,,,,,,,,,,,,,,
2025-09-15T23:51:37.585557,,,Niemcy,RESUPPLY_OPERATION,,resupply_summary,,,,,,,,,,,,,,,,,,,,,,,,,,RESUPPLY_SUMMARY LOW_FUEL | TOTAL_PE_SPENT: 0 | UNITS_RESUPPLIED: 0/10 | BUDGET_ALLOCATED: 8 | PE_REMAINING: 9,,,,,,,,,,,,,,,,,,,,,,,,
2025-09-15T23:51:37.587724,,strategy,Niemcy,STRATEGY,,strategic_decision,,,,,,,,,,,,,,,,,,,,,,,,,,"Strategy: REASSIGNMENT, aggression 0.50, 1 groups, 0 reassignments",,,,,,,,,REASSIGNMENT,0.5,,,,,,adaptive,,0,dynamic_reassignment,,,,,
2025-09-15T23:51:37.594194,,target_selection,Niemcy,P_Batalion__6_Infanterie_Regiment,,target_analysis,,,,,,,,,,,,,,,,,,,,,,,,,,"Target analysis: 29 candidates, score -1.00",,29,-1,999,,,,,,,,,False,,,,,,,29,29,29,5,0
2025-09-15T23:51:37.595242,,,Niemcy,RESUPPLY_NEEDS,,resupply_analysis,,,,,,,,,,,,,,,,,,,,,,,,,,NEEDS_ANALYSIS LOW_FUEL | TOTAL_FUEL_NEEDED: 30 | TOTAL_COMBAT_NEEDED: 0 | TOTAL_PE_NEEDED: 30 | BUDGET_AVAILABLE: 8 | UNITS_REQUIRING_HELP: 10,,,,,,,,,,,,,,,,,,,,,,,,
2025-09-15T23:51:37.597414,,,Niemcy,RESUPPLY_OPERATION,,resupply_summary,,,,,,,,,,,,,,,,,,,,,,,,,,RESUPPLY_SUMMARY LOW_FUEL | TOTAL_PE_SPENT: 0 | UNITS_RESUPPLIED: 0/10 | BUDGET_ALLOCATED: 8 | PE_REMAINING: 9,,,,,,,,,,,,,,,,,,,,,,,,
2025-09-15T23:51:37.600964,,strategy,Niemcy,STRATEGY,,strategic_decision,,,,,,,,,,,,,,,,,,,,,,,,,,"Strategy: REASSIGNMENT, aggression 0.50, 1 groups, 0 reassignments",,,,,,,,,REASSIGNMENT,0.5,,,,,,adaptive,,0,dynamic_reassignment,,,,,
2025-09-15T23:51:37.607990,,target_selection,Niemcy,P_Pluton__6_Grenadier_Bataillon,,target_analysis,,,,,,,,,,,,,,,,,,,,,,,,,,"Target analysis: 29 candidates, score -1.00",,29,-1,999,,,,,,,,,False,,,,,,,29,29,29,5,0
2025-09-15T23:51:37.609289,,,Niemcy,RESUPPLY_NEEDS,,resupply_analysis,,,,,,,,,,,,,,,,,,,,,,,,,,NEEDS_ANALYSIS LOW_FUEL | TOTAL_FUEL_NEEDED: 30 | TOTAL_COMBAT_NEEDED: 0 | TOTAL_PE_NEEDED: 30 | BUDGET_AVAILABLE: 8 | UNITS_REQUIRING_HELP: 10,,,,,,,,,,,,,,,,,,,,,,,,
2025-09-15T23:51:37.610318,,,Niemcy,RESUPPLY_OPERATION,,resupply_summary,,,,,,,,,,,,,,,,,,,,,,,,,,RESUPPLY_SUMMARY LOW_FUEL | TOTAL_PE_SPENT: 0 | UNITS_RESUPPLIED: 0/10 | BUDGET_ALLOCATED: 8 | PE_REMAINING: 9,,,,,,,,,,,,,,,,,,,,,,,,
2025-09-15T23:51:37.622813,,strategy,Niemcy,STRATEGY,,strategic_decision,,,,,,,,,,,,,,,,,,,,,,,,,,"Strategy: REASSIGNMENT, aggression 0.50, 1 groups, 0 reassignments",,,,,,,,,REASSIGNMENT,0.5,,,,,,adaptive,,0,dynamic_reassignment,,,,,
2025-09-15T23:51:37.641823,,target_selection,Niemcy,Z_Batalion__6_Versorgungs_Kompanie,,target_analysis,,,,,54,-15,,,,,,,,,,,,,,,,,,,,"Target analysis: 29 candidates, score -1.00",,29,-1,999,,,,,,,,,False,,,,,,,29,29,29,6,2
2025-09-15T23:51:37.644658,,,Niemcy,RESUPPLY_NEEDS,,resupply_analysis,,,,,,,,,,,,,,,,,,,,,,,,,,NEEDS_ANALYSIS LOW_FUEL | TOTAL_FUEL_NEEDED: 30 | TOTAL_COMBAT_NEEDED: 0 | TOTAL_PE_NEEDED: 30 | BUDGET_AVAILABLE: 8 | UNITS_REQUIRING_HELP: 10,,,,,,,,,,,,,,,,,,,,,,,,
2025-09-15T23:51:37.645717,,,Niemcy,RESUPPLY_OPERATION,,resupply_summary,,,,,,,,,,,,,,,,,,,,,,,,,,RESUPPLY_SUMMARY LOW_FUEL | TOTAL_PE_SPENT: 0 | UNITS_RESUPPLIED: 0/10 | BUDGET_ALLOCATED: 8 | PE_REMAINING: 9,,,,,,,,,,,,,,,,,,,,,,,,
2025-09-15T23:51:37.648145,,,Niemcy,RESUPPLY_NEEDS,,resupply_analysis,,,,,,,,,,,,,,,,,,,,,,,,,,NEEDS_ANALYSIS LOW_FUEL | TOTAL_FUEL_NEEDED: 30 | TOTAL_COMBAT_NEEDED: 0 | TOTAL_PE_NEEDED: 30 | BUDGET_AVAILABLE: 8 | UNITS_REQUIRING_HELP: 10,,,,,,,,,,,,,,,,,,,,,,,,
2025-09-15T23:51:37.651631,,,Niemcy,RESUPPLY_OPERATION,,resupply_summary,,,,,,,,,,,,,,,,,,,,,,,,,,RESUPPLY_SUMMARY LOW_FUEL | TOTAL_PE_SPENT: 0 | UNITS_RESUPPLIED: 0/10 | BUDGET_ALLOCATED: 8 | PE_REMAINING: 9,,,,,,,,,,,,,,,,,,,,,,,,
2025-09-15T23:51:37.653699,,strategy,Niemcy,STRATEGY,,strategic_decision,,,,,,,,,,,,,,,,,,,,,,,,,,"Strategy: REASSIGNMENT, aggression 0.50, 1 groups, 0 reassignments",,,,,,,,,REASSIGNMENT,0.5,,,,,,adaptive,,0,dynamic_reassignment,,,,,
2025-09-15T23:51:37.658026,,target_selection,Niemcy,P_Kompania__6_Sch_tzen_Kompanie,,target_analysis,,,,,,,,,,,,,,,,,,,,,,,,,,"Target analysis: 29 candidates, score -1.00",,29,-1,999,,,,,,,,,False,,,,,,,29,29,29,5,0
2025-09-15T23:51:37.662793,,,Niemcy,RESUPPLY_NEEDS,,resupply_analysis,,,,,,,,,,,,,,,,,,,,,,,,,,NEEDS_ANALYSIS LOW_FUEL | TOTAL_FUEL_NEEDED: 30 | TOTAL_COMBAT_NEEDED: 0 | TOTAL_PE_NEEDED: 30 | BUDGET_AVAILABLE: 8 | UNITS_REQUIRING_HELP: 10,,,,,,,,,,,,,,,,,,,,,,,,
2025-09-15T23:51:37.664150,,,Niemcy,RESUPPLY_OPERATION,,resupply_summary,,,,,,,,,,,,,,,,,,,,,,,,,,RESUPPLY_SUMMARY LOW_FUEL | TOTAL_PE_SPENT: 0 | UNITS_RESUPPLIED: 0/10 | BUDGET_ALLOCATED: 8 | PE_REMAINING: 9,,,,,,,,,,,,,,,,,,,,,,,,
2025-09-15T23:51:37.666653,,,Niemcy,RESUPPLY_NEEDS,,resupply_analysis,,,,,,,,,,,,,,,,,,,,,,,,,,NEEDS_ANALYSIS LOW_FUEL | TOTAL_FUEL_NEEDED: 30 | TOTAL_COMBAT_NEEDED: 0 | TOTAL_PE_NEEDED: 30 | BUDGET_AVAILABLE: 8 | UNITS_REQUIRING_HELP: 10,,,,,,,,,,,,,,,,,,,,,,,,
2025-09-15T23:51:37.670372,,,Niemcy,RESUPPLY_OPERATION,,resupply_summary,,,,,,,,,,,,,,,,,,,,,,,,,,RESUPPLY_SUMMARY LOW_FUEL | TOTAL_PE_SPENT: 0 | UNITS_RESUPPLIED: 0/10 | BUDGET_ALLOCATED: 8 | PE_REMAINING: 9,,,,,,,,,,,,,,,,,,,,,,,,
2025-09-15T23:51:37.672388,,,Niemcy,RESUPPLY_NEEDS,,resupply_analysis,,,,,,,,,,,,,,,,,,,,,,,,,,NEEDS_ANALYSIS LOW_FUEL | TOTAL_FUEL_NEEDED: 30 | TOTAL_COMBAT_NEEDED: 0 | TOTAL_PE_NEEDED: 30 | BUDGET_AVAILABLE: 8 | UNITS_REQUIRING_HELP: 10,,,,,,,,,,,,,,,,,,,,,,,,
2025-09-15T23:51:37.673392,,,Niemcy,RESUPPLY_OPERATION,,resupply_summary,,,,,,,,,,,,,,,,,,,,,,,,,,RESUPPLY_SUMMARY LOW_FUEL | TOTAL_PE_SPENT: 0 | UNITS_RESUPPLIED: 0/10 | BUDGET_ALLOCATED: 8 | PE_REMAINING: 9,,,,,,,,,,,,,,,,,,,,,,,,
2025-09-15T23:51:37.675218,,,Niemcy,RESUPPLY_NEEDS,,resupply_analysis,,,,,,,,,,,,,,,,,,,,,,,,,,NEEDS_ANALYSIS LOW_FUEL | TOTAL_FUEL_NEEDED: 30 | TOTAL_COMBAT_NEEDED: 0 | TOTAL_PE_NEEDED: 30 | BUDGET_AVAILABLE: 8 | UNITS_REQUIRING_HELP: 10,,,,,,,,,,,,,,,,,,,,,,,,
2025-09-15T23:51:37.675218,,,Niemcy,RESUPPLY_OPERATION,,resupply_summary,,,,,,,,,,,,,,,,,,,,,,,,,,RESUPPLY_SUMMARY LOW_FUEL | TOTAL_PE_SPENT: 0 | UNITS_RESUPPLIED: 0/10 | BUDGET_ALLOCATED: 8 | PE_REMAINING: 9,,,,,,,,,,,,,,,,,,,,,,,,
2025-09-15T23:51:37.675218,,,Niemcy,RESUPPLY_NEEDS,,resupply_analysis,,,,,,,,,,,,,,,,,,,,,,,,,,NEEDS_ANALYSIS LOW_FUEL | TOTAL_FUEL_NEEDED: 30 | TOTAL_COMBAT_NEEDED: 0 | TOTAL_PE_NEEDED: 30 | BUDGET_AVAILABLE: 8 | UNITS_REQUIRING_HELP: 10,,,,,,,,,,,,,,,,,,,,,,,,
2025-09-15T23:51:37.680631,,,Niemcy,RESUPPLY_OPERATION,,resupply_summary,,,,,,,,,,,,,,,,,,,,,,,,,,RESUPPLY_SUMMARY LOW_FUEL | TOTAL_PE_SPENT: 0 | UNITS_RESUPPLIED: 0/10 | BUDGET_ALLOCATED: 8 | PE_REMAINING: 9,,,,,,,,,,,,,,,,,,,,,,,,
2025-09-15T23:51:37.683907,,,Niemcy,RESUPPLY_NEEDS,,resupply_analysis,,,,,,,,,,,,,,,,,,,,,,,,,,NEEDS_ANALYSIS LOW_FUEL | TOTAL_FUEL_NEEDED: 30 | TOTAL_COMBAT_NEEDED: 0 | TOTAL_PE_NEEDED: 30 | BUDGET_AVAILABLE: 8 | UNITS_REQUIRING_HELP: 10,,,,,,,,,,,,,,,,,,,,,,,,
2025-09-15T23:51:37.685817,,,Niemcy,RESUPPLY_OPERATION,,resupply_summary,,,,,,,,,,,,,,,,,,,,,,,,,,RESUPPLY_SUMMARY LOW_FUEL | TOTAL_PE_SPENT: 0 | UNITS_RESUPPLIED: 0/10 | BUDGET_ALLOCATED: 8 | PE_REMAINING: 9,,,,,,,,,,,,,,,,,,,,,,,,
2025-09-15T23:51:37.687583,,,Niemcy,RESUPPLY_NEEDS,,resupply_analysis,,,,,,,,,,,,,,,,,,,,,,,,,,NEEDS_ANALYSIS LOW_FUEL | TOTAL_FUEL_NEEDED: 30 | TOTAL_COMBAT_NEEDED: 0 | TOTAL_PE_NEEDED: 30 | BUDGET_AVAILABLE: 8 | UNITS_REQUIRING_HELP: 10,,,,,,,,,,,,,,,,,,,,,,,,
2025-09-15T23:51:37.688617,,,Niemcy,RESUPPLY_OPERATION,,resupply_summary,,,,,,,,,,,,,,,,,,,,,,,,,,RESUPPLY_SUMMARY LOW_FUEL | TOTAL_PE_SPENT: 0 | UNITS_RESUPPLIED: 0/10 | BUDGET_ALLOCATED: 8 | PE_REMAINING: 9,,,,,,,,,,,,,,,,,,,,,,,,
2025-09-15T23:51:37.691360,,,Niemcy,RESUPPLY_NEEDS,,resupply_analysis,,,,,,,,,,,,,,,,,,,,,,,,,,NEEDS_ANALYSIS LOW_FUEL | TOTAL_FUEL_NEEDED: 30 | TOTAL_COMBAT_NEEDED: 0 | TOTAL_PE_NEEDED: 30 | BUDGET_AVAILABLE: 8 | UNITS_REQUIRING_HELP: 10,,,,,,,,,,,,,,,,,,,,,,,,
2025-09-15T23:51:37.692358,,,Niemcy,RESUPPLY_OPERATION,,resupply_summary,,,,,,,,,,,,,,,,,,,,,,,,,,RESUPPLY_SUMMARY LOW_FUEL | TOTAL_PE_SPENT: 0 | UNITS_RESUPPLIED: 0/10 | BUDGET_ALLOCATED: 8 | PE_REMAINING: 9,,,,,,,,,,,,,,,,,,,,,,,,
2025-09-15T23:51:37.693779,,,Niemcy,RESUPPLY_NEEDS,,resupply_analysis,,,,,,,,,,,,,,,,,,,,,,,,,,NEEDS_ANALYSIS LOW_FUEL | TOTAL_FUEL_NEEDED: 30 | TOTAL_COMBAT_NEEDED: 0 | TOTAL_PE_NEEDED: 30 | BUDGET_AVAILABLE: 8 | UNITS_REQUIRING_HELP: 10,,,,,,,,,,,,,,,,,,,,,,,,
2025-09-15T23:51:37.696668,,,Niemcy,RESUPPLY_OPERATION,,resupply_summary,,,,,,,,,,,,,,,,,,,,,,,,,,RESUPPLY_SUMMARY LOW_FUEL | TOTAL_PE_SPENT: 0 | UNITS_RESUPPLIED: 0/10 | BUDGET_ALLOCATED: 8 | PE_REMAINING: 9,,,,,,,,,,,,,,,,,,,,,,,,
2025-09-15T23:51:37.698839,,,Niemcy,RESUPPLY_NEEDS,,resupply_analysis,,,,,,,,,,,,,,,,,,,,,,,,,,NEEDS_ANALYSIS LOW_FUEL | TOTAL_FUEL_NEEDED: 30 | TOTAL_COMBAT_NEEDED: 0 | TOTAL_PE_NEEDED: 30 | BUDGET_AVAILABLE: 8 | UNITS_REQUIRING_HELP: 10,,,,,,,,,,,,,,,,,,,,,,,,
2025-09-15T23:51:37.702219,,,Niemcy,RESUPPLY_OPERATION,,resupply_summary,,,,,,,,,,,,,,,,,,,,,,,,,,RESUPPLY_SUMMARY LOW_FUEL | TOTAL_PE_SPENT: 0 | UNITS_RESUPPLIED: 0/10 | BUDGET_ALLOCATED: 8 | PE_REMAINING: 9,,,,,,,,,,,,,,,,,,,,,,,,
2025-09-15T23:51:37.704491,,,Niemcy,RESUPPLY_NEEDS,,resupply_analysis,,,,,,,,,,,,,,,,,,,,,,,,,,NEEDS_ANALYSIS LOW_FUEL | TOTAL_FUEL_NEEDED: 30 | TOTAL_COMBAT_NEEDED: 0 | TOTAL_PE_NEEDED: 30 | BUDGET_AVAILABLE: 8 | UNITS_REQUIRING_HELP: 10,,,,,,,,,,,,,,,,,,,,,,,,
2025-09-15T23:51:37.705494,,,Niemcy,RESUPPLY_OPERATION,,resupply_summary,,,,,,,,,,,,,,,,,,,,,,,,,,RESUPPLY_SUMMARY LOW_FUEL | TOTAL_PE_SPENT: 0 | UNITS_RESUPPLIED: 0/10 | BUDGET_ALLOCATED: 8 | PE_REMAINING: 9,,,,,,,,,,,,,,,,,,,,,,,,
2025-09-15T23:51:37.707210,,,Niemcy,TURN_END,,turn_summary,,,,,,,,,,,8,0,,,,,,,,,,,,advanced,opp=1;groups=5;adv=True,"Turn completed: 0/8 units moved, 5 groups (advanced)",,,,,,,,,,,,,,,,,,,,,,,,
2025-09-15T23:51:37.805577,,,Polska,TURN_START,,turn_begin,,,,,,,,,,,,,,,,,,,,,,,,,,AI Commander turn started for player 2,,,,,,,,,,,,,,,,,,,,,,,,
2025-09-15T23:51:37.809449,,,Polska,RESUPPLY_NEEDS,,resupply_analysis,,,,,,,,,,,,,,,,,,,,,,,,,,NEEDS_ANALYSIS LOW_FUEL | TOTAL_FUEL_NEEDED: 12 | TOTAL_COMBAT_NEEDED: 0 | TOTAL_PE_NEEDED: 12 | BUDGET_AVAILABLE: 5 | UNITS_REQUIRING_HELP: 5,,,,,,,,,,,,,,,,,,,,,,,,
2025-09-15T23:51:37.810495,,,Polska,Z_Pluton__2_Batalion_Wsparcia,,resupply_detailed,27,6,27,6,,,,,,,,,,,,,,,,,,,,,,phase1 LOW_FUEL | PE_SPENT: fuel=1 combat=0 total=1 | BEFORE: fuel=0 combat=4 | AFTER: fuel=1 combat=4,,,,,,,,,,,,,,,,,,,,,,,,
2025-09-15T23:51:37.811566,,,Polska,Z_Pluton__2_Oddzia_Rozpoznawczy,,resupply_detailed,27,4,27,4,,,,,,,,,,,,,,,,,,,,,,phase1 LOW_FUEL | PE_SPENT: fuel=1 combat=0 total=1 | BEFORE: fuel=1 combat=4 | AFTER: fuel=2 combat=4,,,,,,,,,,,,,,,,,,,,,,,,
2025-09-15T23:51:37.812562,,,Polska,TL_Kompania__2_Batalion_Pancerny,,resupply_detailed,22,-5,22,-5,,,,,,,,,,,,,,,,,,,,,,phase1 LOW_FUEL | PE_SPENT: fuel=1 combat=0 total=1 | BEFORE: fuel=1 combat=14 | AFTER: fuel=2 combat=14,,,,,,,,,,,,,,,,,,,,,,,,
2025-09-15T23:51:37.812562,,,Polska,P_Batalion__2_Batalion_Strzelc_w,,resupply_detailed,24,-7,24,-7,,,,,,,,,,,,,,,,,,,,,,phase1 LOW_FUEL | PE_SPENT: fuel=1 combat=0 total=1 | BEFORE: fuel=1 combat=14 | AFTER: fuel=2 combat=14,,,,,,,,,,,,,,,,,,,,,,,,
2025-09-15T23:51:37.813677,,,Polska,Z_Batalion__2_Kompania_Zaopatrzeniowa,,resupply_detailed,24,-8,24,-8,,,,,,,,,,,,,,,,,,,,,,phase1 LOW_FUEL | PE_SPENT: fuel=1 combat=0 total=1 | BEFORE: fuel=2 combat=7 | AFTER: fuel=3 combat=7,,,,,,,,,,,,,,,,,,,,,,,,
2025-09-15T23:51:37.814733,,,Polska,RESUPPLY_OPERATION,,resupply_summary,,,,,,,,,,,,,,,,,,,,,,,,,,RESUPPLY_SUMMARY LOW_FUEL | TOTAL_PE_SPENT: 5 | UNITS_RESUPPLIED: 5/5 | BUDGET_ALLOCATED: 5 | PE_REMAINING: 2,,,,,,,,,,,,,,,,,,,,,,,,
2025-09-15T23:51:37.821559,,,Polska,Z_Pluton__2_Batalion_Wsparcia,,second_move,,,26,6,,,,,,,,,,,,,,,,,,,,,,second_chance after LOW_FUEL,,,,,,,,,,,,,,,,,,,,,,,,
2025-09-15T23:51:37.836697,,target_selection,Polska,Z_Pluton__2_Oddzia_Rozpoznawczy,,target_analysis,,,,,28,3,,,,,,,,,,,,,,,,,,,,"Target analysis: 29 candidates, score 22.50",,29,22.5,1,,,,,,,,,False,,,,"(28, 3)",,,28,29,29,6,2
2025-09-15T23:51:37.840081,,,Polska,Z_Pluton__2_Oddzia_Rozpoznawczy,,second_move,,,28,3,,,,,,,,,,,,,,,,,,,,,,second_chance after LOW_FUEL,,,,,,,,,,,,,,,,,,,,,,,,
2025-09-15T23:51:37.858416,,target_selection,Polska,TL_Kompania__2_Batalion_Pancerny,,target_analysis,,,,,23,-7,,,,,,,,,,,,,,,,,,,,"Target analysis: 29 candidates, score 15.00",,29,15.0,2,,,,,,,,,False,,,,"(23, -7)",,,28,29,29,4,2
2025-09-15T23:51:37.862217,,,Polska,TL_Kompania__2_Batalion_Pancerny,,second_move,,,23,-7,,,,,,,,,,,,,,,,,,,,,,second_chance after LOW_FUEL,,,,,,,,,,,,,,,,,,,,,,,,
2025-09-15T23:51:37.874654,,target_selection,Polska,P_Batalion__2_Batalion_Strzelc_w,,target_analysis,,,,,22,-5,,,,,,,,,,,,,,,,,,,,"Target analysis: 29 candidates, score -1.00",,29,-1,999,,,,,,,,,False,,,,,,,29,29,29,2,2
2025-09-15T23:51:37.879472,,,Polska,P_Batalion__2_Batalion_Strzelc_w,,second_move,,,22,-5,,,,,,,,,,,,,,,,,,,,,,second_chance after LOW_FUEL,,,,,,,,,,,,,,,,,,,,,,,,
2025-09-15T23:51:37.908405,,,Polska,Z_Batalion__2_Kompania_Zaopatrzeniowa,,second_move,,,24,-8,,,,,,,,,,,,,,,,,,,,,,second_chance after LOW_FUEL,,,,,,,,,,,,,,,,,,,,,,,,
2025-09-15T23:51:38.242036,,grouping,Polska,GROUP_3,,group_formation,25,-8,24,-7,24,-7,,,,,,,,,,,,,,,,,,,,"Group 3: 2 units, score 0.00",,,,,3,2,"25,-8",0.0,,,,False,,,,advanced,,,,,,,,
2025-09-15T23:51:38.242036,,grouping,Polska,GROUP_5,,group_formation,31,5,33,5,33,5,,,,,,,,,,,,,,,,,,,,"Group 5: 1 units, score 0.00",,,,,5,1,"31,5",0.0,,,,False,,,,advanced,,,,,,,,
2025-09-15T23:51:38.284309,,strategy,Polska,STRATEGY,,strategic_decision,,,,,,,,,,,,,,,,,,,,,,,,,,"Strategy: REASSIGNMENT, aggression 0.50, 5 groups, 0 reassignments",,,,,,,,,REASSIGNMENT,0.5,,,,,,adaptive,,0,dynamic_reassignment,,,,,
2025-09-15T23:51:38.323682,,strategy,Polska,STRATEGY,,strategic_decision,,,,,,,,,,,,,,,,,,,,,,,,,,"Strategy: REASSIGNMENT, aggression 0.50, 5 groups, 0 reassignments",,,,,,,,,REASSIGNMENT,0.5,,,,,,adaptive,,0,dynamic_reassignment,,,,,
2025-09-15T23:51:38.340638,,strategy,Polska,STRATEGY,,strategic_decision,,,,,,,,,,,,,,,,,,,,,,,,,,"Strategy: REASSIGNMENT, aggression 0.50, 1 groups, 0 reassignments",,,,,,,,,REASSIGNMENT,0.5,,,,,,adaptive,,0,dynamic_reassignment,,,,,
2025-09-15T23:51:38.370436,,target_selection,Polska,P_Pluton__2_Kompania_Grenadier_w,,target_analysis,,,,,30,5,,,,,,,,,,,,,,,,,,,,"Target analysis: 29 candidates, score -1.00",,29,-1,999,,,,,,,,,False,,,,,,,29,29,29,2,2
2025-09-15T23:51:38.375105,,strategy,Polska,STRATEGY,,strategic_decision,,,,,,,,,,,,,,,,,,,,,,,,,,"Strategy: REASSIGNMENT, aggression 0.50, 1 groups, 0 reassignments",,,,,,,,,REASSIGNMENT,0.5,,,,,,adaptive,,0,dynamic_reassignment,,,,,
2025-09-15T23:51:38.383566,,,Polska,P_Batalion__2_Batalion_Strzelc_w_20250913214005,,adaptive_autonomous,24,-7,24,-7,,,,,,,,,,,,,,,,,,,,,,"Advanced auto mode: group 3 (strategy: TIED, aggr: 0.5)",,,,,,,,,,,,,,,,,,,,,,,,
2025-09-15T23:51:38.402086,,strategy,Polska,STRATEGY,,strategic_decision,,,,,,,,,,,,,,,,,,,,,,,,,,"Strategy: REASSIGNMENT, aggression 0.50, 1 groups, 0 reassignments",,,,,,,,,REASSIGNMENT,0.5,,,,,,adaptive,,0,dynamic_reassignment,,,,,
2025-09-15T23:51:38.422952,,target_selection,Polska,P_Kompania__2_Pu_k_Piechoty,,target_analysis,,,,,24,5,,,,,,,,,,,,,,,,,,,,"Target analysis: 29 candidates, score -1.00",,29,-1,999,,,,,,,,,False,,,,,,,29,29,29,2,2
2025-09-15T23:51:38.428907,,,Polska,P_Pluton__2_Kompania_Grenadier_w_20250913214010,,adaptive_autonomous,33,5,33,5,,,,,,,,,,,,,,,,,,,,,,"Advanced auto mode: group 5 (strategy: TIED, aggr: 0.5)",,,,,,,,,,,,,,,,,,,,,,,,
2025-09-15T23:51:38.438364,,,Polska,TURN_END,,turn_summary,,,,,,,,,,,10,2,,,,,,,,,,,,advanced,opp=0;groups=5;adv=True,"Turn completed: 2/10 units moved, 5 groups (advanced)",,,,,,,,,,,,,,,,,,,,,,,,
2025-09-15T23:51:38.494885,,,Polska,TURN_START,,turn_begin,,,,,,,,,,,,,,,,,,,,,,,,,,AI Commander turn started for player 3,,,,,,,,,,,,,,,,,,,,,,,,
2025-09-15T23:51:38.499364,,,Polska,RESUPPLY_NEEDS,,resupply_analysis,,,,,,,,,,,,,,,,,,,,,,,,,,NEEDS_ANALYSIS PRE_RAID_OPTIMIZATION | TOTAL_FUEL_NEEDED: 12 | TOTAL_COMBAT_NEEDED: 0 | TOTAL_PE_NEEDED: 12 | BUDGET_AVAILABLE: 36 | UNITS_REQUIRING_HELP: 6,,,,,,,,,,,,,,,,,,,,,,,,
2025-09-15T23:51:38.501323,,,Polska,P_Kompania__3_Batalion_Strzelc_w,,resupply_detailed,33,11,33,11,,,,,,,,,,,,,,,,,,,,,,phase1 PRE_RAID_OPTIMIZATION | PE_SPENT: fuel=2 combat=0 total=2 | BEFORE: fuel=0 combat=11 | AFTER: fuel=2 combat=11,,,,,,,,,,,,,,,,,,,,,,,,
2025-09-15T23:51:38.502725,,,Polska,P_Batalion__3_Pu_k_Piechoty,,resupply_detailed,29,9,29,9,,,,,,,,,,,,,,,,,,,,,,phase1 PRE_RAID_OPTIMIZATION | PE_SPENT: fuel=2 combat=0 total=2 | BEFORE: fuel=0 combat=14 | AFTER: fuel=2 combat=14,,,,,,,,,,,,,,,,,,,,,,,,
2025-09-15T23:51:38.503819,,,Polska,P_Pluton__3_Pu_k_Piechoty_20250913214024,,resupply_detailed,35,13,35,13,,,,,,,,,,,,,,,,,,,,,,phase1 PRE_RAID_OPTIMIZATION | PE_SPENT: fuel=2 combat=0 total=2 | BEFORE: fuel=0 combat=8 | AFTER: fuel=2 combat=8,,,,,,,,,,,,,,,,,,,,,,,,
2025-09-15T23:51:38.503819,,,Polska,Z_Kompania__3_Kompania_Zaopatrzeniowa,,resupply_detailed,31,9,31,9,,,,,,,,,,,,,,,,,,,,,,phase1 PRE_RAID_OPTIMIZATION | PE_SPENT: fuel=3 combat=0 total=3 | BEFORE: fuel=0 combat=6 | AFTER: fuel=3 combat=6,,,,,,,,,,,,,,,,,,,,,,,,
2025-09-15T23:51:38.505030,,,Polska,P_Pluton__3_Pu_k_Piechoty,,resupply_detailed,32,6,32,6,,,,,,,,,,,,,,,,,,,,,,phase1 PRE_RAID_OPTIMIZATION | PE_SPENT: fuel=1 combat=0 total=1 | BEFORE: fuel=1 combat=8 | AFTER: fuel=2 combat=8,,,,,,,,,,,,,,,,,,,,,,,,
2025-09-15T23:51:38.505030,,,Polska,P_Pluton__3_Kompania_Grenadier_w,,resupply_detailed,34,13,34,13,,,,,,,,,,,,,,,,,,,,,,phase1 PRE_RAID_OPTIMIZATION | PE_SPENT: fuel=1 combat=0 total=1 | BEFORE: fuel=1 combat=8 | AFTER: fuel=2 combat=8,,,,,,,,,,,,,,,,,,,,,,,,
2025-09-15T23:51:38.506172,,,Polska,RESUPPLY_OPERATION,,resupply_summary,,,,,,,,,,,,,,,,,,,,,,,,,,RESUPPLY_SUMMARY PRE_RAID_OPTIMIZATION | TOTAL_PE_SPENT: 11 | UNITS_RESUPPLIED: 6/6 | BUDGET_ALLOCATED: 36 | PE_REMAINING: 35,,,,,,,,,,,,,,,,,,,,,,,,
2025-09-15T23:51:38.523857,,target_selection,Polska,P_Kompania__3_Batalion_Strzelc_w,,target_analysis,,,,,34,11,,,,,,,,,,,,,,,,,,,,"Target analysis: 29 candidates, score 30.00",,29,30.0,1,,,,,,,,,False,,,,"(34, 11)",,,28,29,29,7,2
2025-09-15T23:51:38.527585,,,Polska,P_Kompania__3_Batalion_Strzelc_w,,second_move,,,34,11,,,,,,,,,,,,,,,,,,,,,,second_chance after PRE_RAID_OPTIMIZATION,,,,,,,,,,,,,,,,,,,,,,,,
2025-09-15T23:51:38.562934,,target_selection,Polska,P_Batalion__3_Pu_k_Piechoty,,target_analysis,,,,,29,11,,,,,,,,,,,,,,,,,,,,"Target analysis: 29 candidates, score -1.00",,29,-1,999,,,,,,,,,False,,,,,,,29,29,29,4,2
2025-09-15T23:51:38.569244,,,Polska,P_Batalion__3_Pu_k_Piechoty,,second_move,,,29,11,,,,,,,,,,,,,,,,,,,,,,second_chance after PRE_RAID_OPTIMIZATION,,,,,,,,,,,,,,,,,,,,,,,,
2025-09-15T23:51:38.595326,,target_selection,Polska,P_Pluton__3_Pu_k_Piechoty_20250913214024,,target_analysis,,,,,37,13,,,,,,,,,,,,,,,,,,,,"Target analysis: 29 candidates, score -1.00",,29,-1,999,,,,,,,,,False,,,,,,,29,29,29,4,2
2025-09-15T23:51:38.603009,,,Polska,P_Pluton__3_Pu_k_Piechoty_20250913214024,,second_move,,,37,13,,,,,,,,,,,,,,,,,,,,,,second_chance after PRE_RAID_OPTIMIZATION,,,,,,,,,,,,,,,,,,,,,,,,
2025-09-15T23:51:38.656771,,target_selection,Polska,Z_Kompania__3_Kompania_Zaopatrzeniowa,,target_analysis,,,,,31,12,,,,,,,,,,,,,,,,,,,,"Target analysis: 29 candidates, score -1.00",,29,-1,999,,,,,,,,,False,,,,,,,29,29,29,5,3
2025-09-15T23:51:38.656771,,,Polska,Z_Kompania__3_Kompania_Zaopatrzeniowa,,second_move,,,31,12,,,,,,,,,,,,,,,,,,,,,,second_chance after PRE_RAID_OPTIMIZATION,,,,,,,,,,,,,,,,,,,,,,,,
2025-09-15T23:51:38.688491,,target_selection,Polska,P_Pluton__3_Pu_k_Piechoty,,target_analysis,,,,,34,6,,,,,,,,,,,,,,,,,,,,"Target analysis: 29 candidates, score -1.00",,29,-1,999,,,,,,,,,False,,,,,,,29,29,29,4,2
2025-09-15T23:51:38.693202,,,Polska,P_Pluton__3_Pu_k_Piechoty,,second_move,,,34,6,,,,,,,,,,,,,,,,,,,,,,second_chance after PRE_RAID_OPTIMIZATION,,,,,,,,,,,,,,,,,,,,,,,,
2025-09-15T23:51:38.725028,,target_selection,Polska,P_Pluton__3_Kompania_Grenadier_w,,target_analysis,,,,,36,13,,,,,,,,,,,,,,,,,,,,"Target analysis: 29 candidates, score -1.00",,29,-1,999,,,,,,,,,False,,,,,,,29,29,29,4,2
2025-09-15T23:51:38.729637,,,Polska,P_Pluton__3_Kompania_Grenadier_w,,second_move,,,36,13,,,,,,,,,,,,,,,,,,,,,,second_chance after PRE_RAID_OPTIMIZATION,,,,,,,,,,,,,,,,,,,,,,,,
2025-09-15T23:51:38.823776,,,Polska,RESUPPLY_NEEDS,,resupply_analysis,,,,,,,,,,,,,,,,,,,,,,,,,,NEEDS_ANALYSIS PRE_RAID_OPTIMIZATION | TOTAL_FUEL_NEEDED: 7 | TOTAL_COMBAT_NEEDED: 0 | TOTAL_PE_NEEDED: 7 | BUDGET_AVAILABLE: 28 | UNITS_REQUIRING_HELP: 6,,,,,,,,,,,,,,,,,,,,,,,,
2025-09-15T23:51:38.824797,,,Polska,P_Kompania__3_Batalion_Strzelc_w,,resupply_detailed,34,11,34,11,,,,,,,,,,,,,,,,,,,,,,phase1 PRE_RAID_OPTIMIZATION | PE_SPENT: fuel=1 combat=0 total=1 | BEFORE: fuel=1 combat=11 | AFTER: fuel=2 combat=11,,,,,,,,,,,,,,,,,,,,,,,,
2025-09-15T23:51:38.824797,,,Polska,P_Pluton__3_Pu_k_Piechoty,,resupply_detailed,34,6,34,6,,,,,,,,,,,,,,,,,,,,,,phase1 PRE_RAID_OPTIMIZATION | PE_SPENT: fuel=1 combat=0 total=1 | BEFORE: fuel=1 combat=8 | AFTER: fuel=2 combat=8,,,,,,,,,,,,,,,,,,,,,,,,
2025-09-15T23:51:38.825799,,,Polska,P_Batalion__3_Pu_k_Piechoty,,resupply_detailed,29,11,29,11,,,,,,,,,,,,,,,,,,,,,,phase1 PRE_RAID_OPTIMIZATION | PE_SPENT: fuel=1 combat=0 total=1 | BEFORE: fuel=1 combat=14 | AFTER: fuel=2 combat=14,,,,,,,,,,,,,,,,,,,,,,,,
2025-09-15T23:51:38.826843,,,Polska,P_Pluton__3_Pu_k_Piechoty_20250913214024,,resupply_detailed,37,13,37,13,,,,,,,,,,,,,,,,,,,,,,phase1 PRE_RAID_OPTIMIZATION | PE_SPENT: fuel=1 combat=0 total=1 | BEFORE: fuel=1 combat=8 | AFTER: fuel=2 combat=8,,,,,,,,,,,,,,,,,,,,,,,,
2025-09-15T23:51:38.827854,,,Polska,Z_Kompania__3_Kompania_Zaopatrzeniowa,,resupply_detailed,31,12,31,12,,,,,,,,,,,,,,,,,,,,,,phase1 PRE_RAID_OPTIMIZATION | PE_SPENT: fuel=1 combat=0 total=1 | BEFORE: fuel=2 combat=6 | AFTER: fuel=3 combat=6,,,,,,,,,,,,,,,,,,,,,,,,
2025-09-15T23:51:38.827854,,,Polska,P_Pluton__3_Kompania_Grenadier_w,,resupply_detailed,36,13,36,13,,,,,,,,,,,,,,,,,,,,,,phase1 PRE_RAID_OPTIMIZATION | PE_SPENT: fuel=1 combat=0 total=1 | BEFORE: fuel=1 combat=8 | AFTER: fuel=2 combat=8,,,,,,,,,,,,,,,,,,,,,,,,
2025-09-15T23:51:38.828928,,,Polska,RESUPPLY_OPERATION,,resupply_summary,,,,,,,,,,,,,,,,,,,,,,,,,,RESUPPLY_SUMMARY PRE_RAID_OPTIMIZATION | TOTAL_PE_SPENT: 6 | UNITS_RESUPPLIED: 6/6 | BUDGET_ALLOCATED: 28 | PE_REMAINING: 29,,,,,,,,,,,,,,,,,,,,,,,,
2025-09-15T23:51:38.858663,,target_selection,Polska,P_Kompania__3_Batalion_Strzelc_w,,target_analysis,,,,,34,13,,,,,,,,,,,,,,,,,,,,"Target analysis: 29 candidates, score -1.00",,29,-1,999,,,,,,,,,False,,,,,,,29,29,29,6,2
2025-09-15T23:51:38.861901,,,Polska,P_Kompania__3_Batalion_Strzelc_w,,second_move,,,34,13,,,,,,,,,,,,,,,,,,,,,,second_chance after PRE_RAID_OPTIMIZATION,,,,,,,,,,,,,,,,,,,,,,,,
2025-09-15T23:51:38.881829,,target_selection,Polska,P_Pluton__3_Pu_k_Piechoty,,target_analysis,,,,,32,6,,,,,,,,,,,,,,,,,,,,"Target analysis: 29 candidates, score 22.50",,29,22.5,2,,,,,,,,,False,,,,"(32, 6)",,,28,29,29,3,2
2025-09-15T23:51:38.887609,,,Polska,P_Pluton__3_Pu_k_Piechoty,,second_move,,,32,6,,,,,,,,,,,,,,,,,,,,,,second_chance after PRE_RAID_OPTIMIZATION,,,,,,,,,,,,,,,,,,,,,,,,
2025-09-15T23:51:38.916372,,target_selection,Polska,P_Batalion__3_Pu_k_Piechoty,,target_analysis,,,,,31,11,,,,,,,,,,,,,,,,,,,,"Target analysis: 29 candidates, score -1.00",,29,-1,999,,,,,,,,,False,,,,,,,29,29,29,3,2
2025-09-15T23:51:38.921636,,,Polska,P_Batalion__3_Pu_k_Piechoty,,second_move,,,31,11,,,,,,,,,,,,,,,,,,,,,,second_chance after PRE_RAID_OPTIMIZATION,,,,,,,,,,,,,,,,,,,,,,,,
2025-09-15T23:51:38.942547,,target_selection,Polska,P_Pluton__3_Pu_k_Piechoty_20250913214024,,target_analysis,,,,,39,13,,,,,,,,,,,,,,,,,,,,"Target analysis: 29 candidates, score -1.00",,29,-1,999,,,,,,,,,False,,,,,,,29,29,29,3,2
2025-09-15T23:51:38.948425,,,Polska,P_Pluton__3_Pu_k_Piechoty_20250913214024,,second_move,,,39,13,,,,,,,,,,,,,,,,,,,,,,second_chance after PRE_RAID_OPTIMIZATION,,,,,,,,,,,,,,,,,,,,,,,,
2025-09-15T23:51:38.990550,,target_selection,Polska,Z_Kompania__3_Kompania_Zaopatrzeniowa,,target_analysis,,,,,34,12,,,,,,,,,,,,,,,,,,,,"Target analysis: 29 candidates, score -1.00",,29,-1,999,,,,,,,,,False,,,,,,,29,29,29,4,3
2025-09-15T23:51:38.991561,,,Polska,Z_Kompania__3_Kompania_Zaopatrzeniowa,,second_move,,,34,12,,,,,,,,,,,,,,,,,,,,,,second_chance after PRE_RAID_OPTIMIZATION,,,,,,,,,,,,,,,,,,,,,,,,
2025-09-15T23:51:39.022603,,target_selection,Polska,P_Pluton__3_Kompania_Grenadier_w,,target_analysis,,,,,38,13,,,,,,,,,,,,,,,,,,,,"Target analysis: 29 candidates, score -1.00",,29,-1,999,,,,,,,,,False,,,,,,,29,29,29,3,2
2025-09-15T23:51:39.024924,,,Polska,P_Pluton__3_Kompania_Grenadier_w,,second_move,,,38,13,,,,,,,,,,,,,,,,,,,,,,second_chance after PRE_RAID_OPTIMIZATION,,,,,,,,,,,,,,,,,,,,,,,,
2025-09-15T23:51:39.124686,,,Polska,RESUPPLY_NEEDS,,resupply_analysis,,,,,,,,,,,,,,,,,,,,,,,,,,NEEDS_ANALYSIS PRE_RAID_OPTIMIZATION | TOTAL_FUEL_NEEDED: 7 | TOTAL_COMBAT_NEEDED: 0 | TOTAL_PE_NEEDED: 7 | BUDGET_AVAILABLE: 23 | UNITS_REQUIRING_HELP: 6,,,,,,,,,,,,,,,,,,,,,,,,
2025-09-15T23:51:39.124686,,,Polska,P_Kompania__3_Batalion_Strzelc_w,,resupply_detailed,34,13,34,13,,,,,,,,,,,,,,,,,,,,,,phase1 PRE_RAID_OPTIMIZATION | PE_SPENT: fuel=1 combat=0 total=1 | BEFORE: fuel=1 combat=11 | AFTER: fuel=2 combat=11,,,,,,,,,,,,,,,,,,,,,,,,
2025-09-15T23:51:39.125917,,,Polska,P_Pluton__3_Pu_k_Piechoty,,resupply_detailed,32,6,32,6,,,,,,,,,,,,,,,,,,,,,,phase1 PRE_RAID_OPTIMIZATION | PE_SPENT: fuel=1 combat=0 total=1 | BEFORE: fuel=1 combat=8 | AFTER: fuel=2 combat=8,,,,,,,,,,,,,,,,,,,,,,,,
2025-09-15T23:51:39.127134,,,Polska,P_Batalion__3_Pu_k_Piechoty,,resupply_detailed,31,11,31,11,,,,,,,,,,,,,,,,,,,,,,phase1 PRE_RAID_OPTIMIZATION | PE_SPENT: fuel=1 combat=0 total=1 | BEFORE: fuel=1 combat=14 | AFTER: fuel=2 combat=14,,,,,,,,,,,,,,,,,,,,,,,,
2025-09-15T23:51:39.127134,,,Polska,P_Pluton__3_Pu_k_Piechoty_20250913214024,,resupply_detailed,39,13,39,13,,,,,,,,,,,,,,,,,,,,,,phase1 PRE_RAID_OPTIMIZATION | PE_SPENT: fuel=1 combat=0 total=1 | BEFORE: fuel=1 combat=8 | AFTER: fuel=2 combat=8,,,,,,,,,,,,,,,,,,,,,,,,
2025-09-15T23:51:39.128289,,,Polska,Z_Kompania__3_Kompania_Zaopatrzeniowa,,resupply_detailed,34,12,34,12,,,,,,,,,,,,,,,,,,,,,,phase1 PRE_RAID_OPTIMIZATION | PE_SPENT: fuel=1 combat=0 total=1 | BEFORE: fuel=2 combat=6 | AFTER: fuel=3 combat=6,,,,,,,,,,,,,,,,,,,,,,,,
2025-09-15T23:51:39.128289,,,Polska,P_Pluton__3_Kompania_Grenadier_w,,resupply_detailed,38,13,38,13,,,,,,,,,,,,,,,,,,,,,,phase1 PRE_RAID_OPTIMIZATION | PE_SPENT: fuel=1 combat=0 total=1 | BEFORE: fuel=1 combat=8 | AFTER: fuel=2 combat=8,,,,,,,,,,,,,,,,,,,,,,,,
2025-09-15T23:51:39.130277,,,Polska,RESUPPLY_OPERATION,,resupply_summary,,,,,,,,,,,,,,,,,,,,,,,,,,RESUPPLY_SUMMARY PRE_RAID_OPTIMIZATION | TOTAL_PE_SPENT: 6 | UNITS_RESUPPLIED: 6/6 | BUDGET_ALLOCATED: 23 | PE_REMAINING: 23,,,,,,,,,,,,,,,,,,,,,,,,
2025-09-15T23:51:39.160608,,target_selection,Polska,P_Kompania__3_Batalion_Strzelc_w,,target_analysis,,,,,36,13,,,,,,,,,,,,,,,,,,,,"Target analysis: 29 candidates, score -1.00",,29,-1,999,,,,,,,,,False,,,,,,,29,29,29,5,2
2025-09-15T23:51:39.160608,,,Polska,P_Kompania__3_Batalion_Strzelc_w,,second_move,,,36,13,,,,,,,,,,,,,,,,,,,,,,second_chance after PRE_RAID_OPTIMIZATION,,,,,,,,,,,,,,,,,,,,,,,,
2025-09-15T23:51:39.188252,,target_selection,Polska,P_Pluton__3_Pu_k_Piechoty,,target_analysis,,,,,34,6,,,,,,,,,,,,,,,,,,,,"Target analysis: 29 candidates, score -1.00",,29,-1,999,,,,,,,,,False,,,,,,,29,29,29,2,2
2025-09-15T23:51:39.192236,,,Polska,P_Pluton__3_Pu_k_Piechoty,,second_move,,,34,6,,,,,,,,,,,,,,,,,,,,,,second_chance after PRE_RAID_OPTIMIZATION,,,,,,,,,,,,,,,,,,,,,,,,
2025-09-15T23:51:39.215331,,target_selection,Polska,P_Batalion__3_Pu_k_Piechoty,,target_analysis,,,,,33,11,,,,,,,,,,,,,,,,,,,,"Target analysis: 29 candidates, score -1.00",,29,-1,999,,,,,,,,,False,,,,,,,29,29,29,2,2
2025-09-15T23:51:39.221255,,,Polska,P_Batalion__3_Pu_k_Piechoty,,second_move,,,33,11,,,,,,,,,,,,,,,,,,,,,,second_chance after PRE_RAID_OPTIMIZATION,,,,,,,,,,,,,,,,,,,,,,,,
2025-09-15T23:51:39.230359,,target_selection,Polska,P_Pluton__3_Pu_k_Piechoty_20250913214024,,target_analysis,,,,,39,11,,,,,,,,,,,,,,,,,,,,"Target analysis: 29 candidates, score -1.00",,29,-1,999,,,,,,,,,False,,,,,,,29,29,29,2,2
2025-09-15T23:51:39.236439,,,Polska,P_Pluton__3_Pu_k_Piechoty_20250913214024,,second_move,,,39,11,,,,,,,,,,,,,,,,,,,,,,second_chance after PRE_RAID_OPTIMIZATION,,,,,,,,,,,,,,,,,,,,,,,,
2025-09-15T23:51:39.267242,,target_selection,Polska,Z_Kompania__3_Kompania_Zaopatrzeniowa,,target_analysis,,,,,34,11,,,,,,,,,,,,,,,,,,,,"Target analysis: 29 candidates, score 30.00",,29,30.0,1,,,,,,,,,False,,,,"(34, 11)",,,28,29,29,3,3
2025-09-15T23:51:39.272062,,,Polska,Z_Kompania__3_Kompania_Zaopatrzeniowa,,second_move,,,34,11,,,,,,,,,,,,,,,,,,,,,,second_chance after PRE_RAID_OPTIMIZATION,,,,,,,,,,,,,,,,,,,,,,,,
2025-09-15T23:51:39.287857,,target_selection,Polska,P_Pluton__3_Kompania_Grenadier_w,,target_analysis,,,,,36,15,,,,,,,,,,,,,,,,,,,,"Target analysis: 29 candidates, score -1.00",,29,-1,999,,,,,,,,,False,,,,,,,29,29,29,2,2
2025-09-15T23:51:39.291060,,,Polska,P_Pluton__3_Kompania_Grenadier_w,,second_move,,,36,15,,,,,,,,,,,,,,,,,,,,,,second_chance after PRE_RAID_OPTIMIZATION,,,,,,,,,,,,,,,,,,,,,,,,
2025-09-15T23:51:39.422866,,,Polska,RESUPPLY_NEEDS,,resupply_analysis,,,,,,,,,,,,,,,,,,,,,,,,,,NEEDS_ANALYSIS PRE_RAID_OPTIMIZATION | TOTAL_FUEL_NEEDED: 7 | TOTAL_COMBAT_NEEDED: 0 | TOTAL_PE_NEEDED: 7 | BUDGET_AVAILABLE: 18 | UNITS_REQUIRING_HELP: 6,,,,,,,,,,,,,,,,,,,,,,,,
2025-09-15T23:51:39.424219,,,Polska,RESUPPLY_OPERATION,,resupply_summary,,,,,,,,,,,,,,,,,,,,,,,,,,RESUPPLY_SUMMARY PRE_RAID_OPTIMIZATION | TOTAL_PE_SPENT: 0 | UNITS_RESUPPLIED: 0/6 | BUDGET_ALLOCATED: 18 | PE_REMAINING: 23,,,,,,,,,,,,,,,,,,,,,,,,
2025-09-15T23:51:39.441690,,target_selection,Polska,P_Kompania__3_Batalion_Strzelc_w,,target_analysis,,,,,37,13,,,,,,,,,,,,,,,,,,,,"Target analysis: 29 candidates, score -1.00",,29,-1,999,,,,,,,,,False,,,,,,,29,29,29,4,1
2025-09-15T23:51:39.446778,,,Polska,P_Kompania__3_Batalion_Strzelc_w,,second_move,,,37,13,,,,,,,,,,,,,,,,,,,,,,second_chance after PRE_RAID_OPTIMIZATION,,,,,,,,,,,,,,,,,,,,,,,,
2025-09-15T23:51:39.459782,,target_selection,Polska,P_Pluton__3_Pu_k_Piechoty,,target_analysis,,,,,34,7,,,,,,,,,,,,,,,,,,,,"Target analysis: 29 candidates, score -1.00",,29,-1,999,,,,,,,,,False,,,,,,,29,29,29,1,1
2025-09-15T23:51:39.463104,,,Polska,P_Pluton__3_Pu_k_Piechoty,,second_move,,,34,7,,,,,,,,,,,,,,,,,,,,,,second_chance after PRE_RAID_OPTIMIZATION,,,,,,,,,,,,,,,,,,,,,,,,
2025-09-15T23:51:39.475562,,target_selection,Polska,P_Batalion__3_Pu_k_Piechoty,,target_analysis,,,,,33,12,,,,,,,,,,,,,,,,,,,,"Target analysis: 29 candidates, score -1.00",,29,-1,999,,,,,,,,,False,,,,,,,29,29,29,1,1
2025-09-15T23:51:39.475562,,,Polska,P_Batalion__3_Pu_k_Piechoty,,second_move,,,33,12,,,,,,,,,,,,,,,,,,,,,,second_chance after PRE_RAID_OPTIMIZATION,,,,,,,,,,,,,,,,,,,,,,,,
2025-09-15T23:51:39.491182,,target_selection,Polska,P_Pluton__3_Pu_k_Piechoty_20250913214024,,target_analysis,,,,,40,11,,,,,,,,,,,,,,,,,,,,"Target analysis: 29 candidates, score -1.00",,29,-1,999,,,,,,,,,False,,,,,,,29,29,29,1,1
2025-09-15T23:51:39.491182,,,Polska,P_Pluton__3_Pu_k_Piechoty_20250913214024,,second_move,,,40,11,,,,,,,,,,,,,,,,,,,,,,second_chance after PRE_RAID_OPTIMIZATION,,,,,,,,,,,,,,,,,,,,,,,,
2025-09-15T23:51:39.514190,,target_selection,Polska,Z_Kompania__3_Kompania_Zaopatrzeniowa,,target_analysis,,,,,34,13,,,,,,,,,,,,,,,,,,,,"Target analysis: 29 candidates, score -1.00",,29,-1,999,,,,,,,,,False,,,,,,,29,29,29,2,2
2025-09-15T23:51:39.520704,,,Polska,Z_Kompania__3_Kompania_Zaopatrzeniowa,,second_move,,,34,13,,,,,,,,,,,,,,,,,,,,,,second_chance after PRE_RAID_OPTIMIZATION,,,,,,,,,,,,,,,,,,,,,,,,
2025-09-15T23:51:39.525273,,target_selection,Polska,P_Pluton__3_Kompania_Grenadier_w,,target_analysis,,,,,35,15,,,,,,,,,,,,,,,,,,,,"Target analysis: 29 candidates, score -1.00",,29,-1,999,,,,,,,,,False,,,,,,,29,29,29,1,1
2025-09-15T23:51:39.530838,,,Polska,P_Pluton__3_Kompania_Grenadier_w,,second_move,,,35,15,,,,,,,,,,,,,,,,,,,,,,second_chance after PRE_RAID_OPTIMIZATION,,,,,,,,,,,,,,,,,,,,,,,,
2025-09-15T23:51:39.533062,,,Polska,RESUPPLY_NEEDS,,resupply_analysis,,,,,,,,,,,,,,,,,,,,,,,,,,NEEDS_ANALYSIS LOW_FUEL | TOTAL_FUEL_NEEDED: 13 | TOTAL_COMBAT_NEEDED: 0 | TOTAL_PE_NEEDED: 13 | BUDGET_AVAILABLE: 18 | UNITS_REQUIRING_HELP: 6,,,,,,,,,,,,,,,,,,,,,,,,
2025-09-15T23:51:39.536727,,,Polska,RESUPPLY_OPERATION,,resupply_summary,,,,,,,,,,,,,,,,,,,,,,,,,,RESUPPLY_SUMMARY LOW_FUEL | TOTAL_PE_SPENT: 0 | UNITS_RESUPPLIED: 0/6 | BUDGET_ALLOCATED: 18 | PE_REMAINING: 23,,,,,,,,,,,,,,,,,,,,,,,,
2025-09-15T23:51:39.546952,,target_selection,Polska,Z_Kompania__3_Kompania_Zaopatrzeniowa,,target_analysis,,,,,35,13,,,,,,,,,,,,,,,,,,,,"Target analysis: 29 candidates, score -1.00",,29,-1,999,,,,,,,,,False,,,,,,,29,29,29,1,1
2025-09-15T23:51:39.552810,,,Polska,Z_Kompania__3_Kompania_Zaopatrzeniowa,,second_move,,,35,13,,,,,,,,,,,,,,,,,,,,,,second_chance after LOW_FUEL,,,,,,,,,,,,,,,,,,,,,,,,
2025-09-15T23:51:40.020041,,strategy,Polska,STRATEGY,,strategic_decision,,,,,,,,,,,,,,,,,,,,,,,,,,"Strategy: REASSIGNMENT, aggression 0.50, 5 groups, 0 reassignments",,,,,,,,,REASSIGNMENT,0.5,,,,,,adaptive,,0,dynamic_reassignment,,,,,
2025-09-15T23:51:40.117373,,strategy,Polska,STRATEGY,,strategic_decision,,,,,,,,,,,,,,,,,,,,,,,,,,"Strategy: REASSIGNMENT, aggression 0.50, 5 groups, 0 reassignments",,,,,,,,,REASSIGNMENT,0.5,,,,,,adaptive,,0,dynamic_reassignment,,,,,
2025-09-15T23:51:40.151613,,strategy,Polska,STRATEGY,,strategic_decision,,,,,,,,,,,,,,,,,,,,,,,,,,"Strategy: REASSIGNMENT, aggression 0.50, 1 groups, 0 reassignments",,,,,,,,,REASSIGNMENT,0.5,,,,,,adaptive,,0,dynamic_reassignment,,,,,
2025-09-15T23:51:40.233447,,target_selection,Polska,Z_Pluton__3_Batalion_Wsparcia,,target_analysis,,,,,10,26,,,,,,,,,,,,,,,,,,,,"Target analysis: 29 candidates, score -1.00",,29,-1,999,,,,,,,,,False,,,,,,,29,29,29,7,4
2025-09-15T23:51:40.275766,,strategy,Polska,STRATEGY,,strategic_decision,,,,,,,,,,,,,,,,,,,,,,,,,,"Strategy: REASSIGNMENT, aggression 0.50, 1 groups, 0 reassignments",,,,,,,,,REASSIGNMENT,0.5,,,,,,adaptive,,0,dynamic_reassignment,,,,,
2025-09-15T23:51:40.358580,,target_selection,Polska,Z_Pluton__3_Kompania_Zaopatrzeniowa,,target_analysis,,,,,20,19,,,,,,,,,,,,,,,,,,,,"Target analysis: 29 candidates, score -1.00",,29,-1,999,,,,,,,,,False,,,,,,,29,29,29,5,4
2025-09-15T23:51:40.361077,,strategy,Polska,STRATEGY,,strategic_decision,,,,,,,,,,,,,,,,,,,,,,,,,,"Strategy: REASSIGNMENT, aggression 0.50, 1 groups, 0 reassignments",,,,,,,,,REASSIGNMENT,0.5,,,,,,adaptive,,0,dynamic_reassignment,,,,,
2025-09-15T23:51:40.370965,,target_selection,Polska,P_Kompania__3_Batalion_Strzelc_w,,target_analysis,,,,,,,,,,,,,,,,,,,,,,,,,,"Target analysis: 29 candidates, score -1.00",,29,-1,999,,,,,,,,,False,,,,,,,29,29,29,7,0
2025-09-15T23:51:40.373396,,,Polska,RESUPPLY_NEEDS,,resupply_analysis,,,,,,,,,,,,,,,,,,,,,,,,,,NEEDS_ANALYSIS LOW_FUEL | TOTAL_FUEL_NEEDED: 14 | TOTAL_COMBAT_NEEDED: 0 | TOTAL_PE_NEEDED: 14 | BUDGET_AVAILABLE: 18 | UNITS_REQUIRING_HELP: 6,,,,,,,,,,,,,,,,,,,,,,,,
2025-09-15T23:51:40.374416,,,Polska,RESUPPLY_OPERATION,,resupply_summary,,,,,,,,,,,,,,,,,,,,,,,,,,RESUPPLY_SUMMARY LOW_FUEL | TOTAL_PE_SPENT: 0 | UNITS_RESUPPLIED: 0/6 | BUDGET_ALLOCATED: 18 | PE_REMAINING: 23,,,,,,,,,,,,,,,,,,,,,,,,
2025-09-15T23:51:40.375434,,,Polska,RESUPPLY_NEEDS,,resupply_analysis,,,,,,,,,,,,,,,,,,,,,,,,,,NEEDS_ANALYSIS LOW_FUEL | TOTAL_FUEL_NEEDED: 14 | TOTAL_COMBAT_NEEDED: 0 | TOTAL_PE_NEEDED: 14 | BUDGET_AVAILABLE: 18 | UNITS_REQUIRING_HELP: 6,,,,,,,,,,,,,,,,,,,,,,,,
2025-09-15T23:51:40.375434,,,Polska,RESUPPLY_OPERATION,,resupply_summary,,,,,,,,,,,,,,,,,,,,,,,,,,RESUPPLY_SUMMARY LOW_FUEL | TOTAL_PE_SPENT: 0 | UNITS_RESUPPLIED: 0/6 | BUDGET_ALLOCATED: 18 | PE_REMAINING: 23,,,,,,,,,,,,,,,,,,,,,,,,
2025-09-15T23:51:40.375434,,,Polska,RESUPPLY_NEEDS,,resupply_analysis,,,,,,,,,,,,,,,,,,,,,,,,,,NEEDS_ANALYSIS LOW_FUEL | TOTAL_FUEL_NEEDED: 14 | TOTAL_COMBAT_NEEDED: 0 | TOTAL_PE_NEEDED: 14 | BUDGET_AVAILABLE: 18 | UNITS_REQUIRING_HELP: 6,,,,,,,,,,,,,,,,,,,,,,,,
2025-09-15T23:51:40.375434,,,Polska,RESUPPLY_OPERATION,,resupply_summary,,,,,,,,,,,,,,,,,,,,,,,,,,RESUPPLY_SUMMARY LOW_FUEL | TOTAL_PE_SPENT: 0 | UNITS_RESUPPLIED: 0/6 | BUDGET_ALLOCATED: 18 | PE_REMAINING: 23,,,,,,,,,,,,,,,,,,,,,,,,
2025-09-15T23:51:40.389203,,strategy,Polska,STRATEGY,,strategic_decision,,,,,,,,,,,,,,,,,,,,,,,,,,"Strategy: REASSIGNMENT, aggression 0.50, 1 groups, 0 reassignments",,,,,,,,,REASSIGNMENT,0.5,,,,,,adaptive,,0,dynamic_reassignment,,,,,
2025-09-15T23:51:40.403998,,target_selection,Polska,P_Pluton__3_Pu_k_Piechoty,,target_analysis,,,,,33,6,,,,,,,,,,,,,,,,,,,,"Target analysis: 29 candidates, score -1.00",,29,-1,999,,,,,,,,,False,,,,,,,29,29,29,4,1
2025-09-15T23:51:40.408324,,strategy,Polska,STRATEGY,,strategic_decision,,,,,,,,,,,,,,,,,,,,,,,,,,"Strategy: REASSIGNMENT, aggression 0.50, 1 groups, 0 reassignments",,,,,,,,,REASSIGNMENT,0.5,,,,,,adaptive,,0,dynamic_reassignment,,,,,
2025-09-15T23:51:40.415099,,target_selection,Polska,P_Batalion__3_Pu_k_Piechoty,,target_analysis,,,,,,,,,,,,,,,,,,,,,,,,,,"Target analysis: 29 candidates, score -1.00",,29,-1,999,,,,,,,,,False,,,,,,,29,29,29,4,0
2025-09-15T23:51:40.418407,,,Polska,RESUPPLY_NEEDS,,resupply_analysis,,,,,,,,,,,,,,,,,,,,,,,,,,NEEDS_ANALYSIS LOW_FUEL | TOTAL_FUEL_NEEDED: 14 | TOTAL_COMBAT_NEEDED: 0 | TOTAL_PE_NEEDED: 14 | BUDGET_AVAILABLE: 18 | UNITS_REQUIRING_HELP: 6,,,,,,,,,,,,,,,,,,,,,,,,
2025-09-15T23:51:40.421974,,,Polska,RESUPPLY_OPERATION,,resupply_summary,,,,,,,,,,,,,,,,,,,,,,,,,,RESUPPLY_SUMMARY LOW_FUEL | TOTAL_PE_SPENT: 0 | UNITS_RESUPPLIED: 0/6 | BUDGET_ALLOCATED: 18 | PE_REMAINING: 23,,,,,,,,,,,,,,,,,,,,,,,,
2025-09-15T23:51:40.425049,,,Polska,RESUPPLY_NEEDS,,resupply_analysis,,,,,,,,,,,,,,,,,,,,,,,,,,NEEDS_ANALYSIS LOW_FUEL | TOTAL_FUEL_NEEDED: 14 | TOTAL_COMBAT_NEEDED: 0 | TOTAL_PE_NEEDED: 14 | BUDGET_AVAILABLE: 18 | UNITS_REQUIRING_HELP: 6,,,,,,,,,,,,,,,,,,,,,,,,
2025-09-15T23:51:40.425049,,,Polska,RESUPPLY_OPERATION,,resupply_summary,,,,,,,,,,,,,,,,,,,,,,,,,,RESUPPLY_SUMMARY LOW_FUEL | TOTAL_PE_SPENT: 0 | UNITS_RESUPPLIED: 0/6 | BUDGET_ALLOCATED: 18 | PE_REMAINING: 23,,,,,,,,,,,,,,,,,,,,,,,,
2025-09-15T23:51:40.428945,,,Polska,RESUPPLY_NEEDS,,resupply_analysis,,,,,,,,,,,,,,,,,,,,,,,,,,NEEDS_ANALYSIS LOW_FUEL | TOTAL_FUEL_NEEDED: 14 | TOTAL_COMBAT_NEEDED: 0 | TOTAL_PE_NEEDED: 14 | BUDGET_AVAILABLE: 18 | UNITS_REQUIRING_HELP: 6,,,,,,,,,,,,,,,,,,,,,,,,
2025-09-15T23:51:40.429983,,,Polska,RESUPPLY_OPERATION,,resupply_summary,,,,,,,,,,,,,,,,,,,,,,,,,,RESUPPLY_SUMMARY LOW_FUEL | TOTAL_PE_SPENT: 0 | UNITS_RESUPPLIED: 0/6 | BUDGET_ALLOCATED: 18 | PE_REMAINING: 23,,,,,,,,,,,,,,,,,,,,,,,,
2025-09-15T23:51:40.432015,,,Polska,RESUPPLY_NEEDS,,resupply_analysis,,,,,,,,,,,,,,,,,,,,,,,,,,NEEDS_ANALYSIS LOW_FUEL | TOTAL_FUEL_NEEDED: 14 | TOTAL_COMBAT_NEEDED: 0 | TOTAL_PE_NEEDED: 14 | BUDGET_AVAILABLE: 18 | UNITS_REQUIRING_HELP: 6,,,,,,,,,,,,,,,,,,,,,,,,
2025-09-15T23:51:40.433025,,,Polska,RESUPPLY_OPERATION,,resupply_summary,,,,,,,,,,,,,,,,,,,,,,,,,,RESUPPLY_SUMMARY LOW_FUEL | TOTAL_PE_SPENT: 0 | UNITS_RESUPPLIED: 0/6 | BUDGET_ALLOCATED: 18 | PE_REMAINING: 23,,,,,,,,,,,,,,,,,,,,,,,,
2025-09-15T23:51:40.438677,,,Polska,RESUPPLY_NEEDS,,resupply_analysis,,,,,,,,,,,,,,,,,,,,,,,,,,NEEDS_ANALYSIS LOW_FUEL | TOTAL_FUEL_NEEDED: 14 | TOTAL_COMBAT_NEEDED: 0 | TOTAL_PE_NEEDED: 14 | BUDGET_AVAILABLE: 18 | UNITS_REQUIRING_HELP: 6,,,,,,,,,,,,,,,,,,,,,,,,
2025-09-15T23:51:40.439690,,,Polska,RESUPPLY_OPERATION,,resupply_summary,,,,,,,,,,,,,,,,,,,,,,,,,,RESUPPLY_SUMMARY LOW_FUEL | TOTAL_PE_SPENT: 0 | UNITS_RESUPPLIED: 0/6 | BUDGET_ALLOCATED: 18 | PE_REMAINING: 23,,,,,,,,,,,,,,,,,,,,,,,,
2025-09-15T23:51:40.441131,,,Polska,RESUPPLY_NEEDS,,resupply_analysis,,,,,,,,,,,,,,,,,,,,,,,,,,NEEDS_ANALYSIS LOW_FUEL | TOTAL_FUEL_NEEDED: 14 | TOTAL_COMBAT_NEEDED: 0 | TOTAL_PE_NEEDED: 14 | BUDGET_AVAILABLE: 18 | UNITS_REQUIRING_HELP: 6,,,,,,,,,,,,,,,,,,,,,,,,
2025-09-15T23:51:40.442142,,,Polska,RESUPPLY_OPERATION,,resupply_summary,,,,,,,,,,,,,,,,,,,,,,,,,,RESUPPLY_SUMMARY LOW_FUEL | TOTAL_PE_SPENT: 0 | UNITS_RESUPPLIED: 0/6 | BUDGET_ALLOCATED: 18 | PE_REMAINING: 23,,,,,,,,,,,,,,,,,,,,,,,,
2025-09-15T23:51:40.443294,,,Polska,RESUPPLY_NEEDS,,resupply_analysis,,,,,,,,,,,,,,,,,,,,,,,,,,NEEDS_ANALYSIS LOW_FUEL | TOTAL_FUEL_NEEDED: 14 | TOTAL_COMBAT_NEEDED: 0 | TOTAL_PE_NEEDED: 14 | BUDGET_AVAILABLE: 18 | UNITS_REQUIRING_HELP: 6,,,,,,,,,,,,,,,,,,,,,,,,
2025-09-15T23:51:40.443294,,,Polska,RESUPPLY_OPERATION,,resupply_summary,,,,,,,,,,,,,,,,,,,,,,,,,,RESUPPLY_SUMMARY LOW_FUEL | TOTAL_PE_SPENT: 0 | UNITS_RESUPPLIED: 0/6 | BUDGET_ALLOCATED: 18 | PE_REMAINING: 23,,,,,,,,,,,,,,,,,,,,,,,,
2025-09-15T23:51:40.443294,,,Polska,TURN_END,,turn_summary,,,,,,,,,,,10,0,,,,,,,,,,,,advanced,opp=0;groups=5;adv=True,"Turn completed: 0/10 units moved, 5 groups (advanced)",,,,,,,,,,,,,,,,,,,,,,,,
2025-09-15T23:51:40.542193,,,Niemcy,TURN_START,,turn_begin,,,,,,,,,,,,,,,,,,,,,,,,,,AI Commander turn started for player 5,,,,,,,,,,,,,,,,,,,,,,,,
2025-09-15T23:51:40.547017,,,Niemcy,RESUPPLY_NEEDS,,resupply_analysis,,,,,,,,,,,,,,,,,,,,,,,,,,NEEDS_ANALYSIS PRE_RAID_OPTIMIZATION | TOTAL_FUEL_NEEDED: 14 | TOTAL_COMBAT_NEEDED: 0 | TOTAL_PE_NEEDED: 14 | BUDGET_AVAILABLE: 32 | UNITS_REQUIRING_HELP: 8,,,,,,,,,,,,,,,,,,,,,,,,
2025-09-15T23:51:40.547017,,,Niemcy,P_Kompania__5_Infanterie_Regiment,,resupply_detailed,36,-14,36,-14,,,,,,,,,,,,,,,,,,,,,,phase1 PRE_RAID_OPTIMIZATION | PE_SPENT: fuel=2 combat=0 total=2 | BEFORE: fuel=0 combat=11 | AFTER: fuel=2 combat=11,,,,,,,,,,,,,,,,,,,,,,,,
2025-09-15T23:51:40.548135,,,Niemcy,Z_Pluton__5_Unterst_tzungs_Bataillon_20250913214038,,resupply_detailed,50,-15,50,-15,,,,,,,,,,,,,,,,,,,,,,phase1 PRE_RAID_OPTIMIZATION | PE_SPENT: fuel=2 combat=0 total=2 | BEFORE: fuel=1 combat=4 | AFTER: fuel=3 combat=4,,,,,,,,,,,,,,,,,,,,,,,,
2025-09-15T23:51:40.549392,,,Niemcy,P_Pluton__5_Infanterie_Regiment,,resupply_detailed,38,-11,38,-11,,,,,,,,,,,,,,,,,,,,,,phase1 PRE_RAID_OPTIMIZATION | PE_SPENT: fuel=1 combat=0 total=1 | BEFORE: fuel=1 combat=8 | AFTER: fuel=2 combat=8,,,,,,,,,,,,,,,,,,,,,,,,
2025-09-15T23:51:40.549392,,,Niemcy,AC_Kompania__5_schwere_Artillerie,,resupply_detailed,35,-10,35,-10,,,,,,,,,,,,,,,,,,,,,,phase1 PRE_RAID_OPTIMIZATION | PE_SPENT: fuel=1 combat=0 total=1 | BEFORE: fuel=1 combat=11 | AFTER: fuel=2 combat=11,,,,,,,,,,,,,,,,,,,,,,,,
2025-09-15T23:51:40.550461,,,Niemcy,AL_Batalion__5_Artillerie_Abteilung,,resupply_detailed,49,-15,49,-15,,,,,,,,,,,,,,,,,,,,,,phase1 PRE_RAID_OPTIMIZATION | PE_SPENT: fuel=1 combat=0 total=1 | BEFORE: fuel=1 combat=11 | AFTER: fuel=2 combat=11,,,,,,,,,,,,,,,,,,,,,,,,
2025-09-15T23:51:40.554455,,,Niemcy,Z_Kompania__5_Unterst_tzungs_Bataillon,,resupply_detailed,43,-14,43,-14,,,,,,,,,,,,,,,,,,,,,,phase1 PRE_RAID_OPTIMIZATION | PE_SPENT: fuel=1 combat=0 total=1 | BEFORE: fuel=2 combat=6 | AFTER: fuel=3 combat=6,,,,,,,,,,,,,,,,,,,,,,,,
2025-09-15T23:51:40.554455,,,Niemcy,Z_Pluton__5_Versorgungs_Kompanie,,resupply_detailed,43,-15,43,-15,,,,,,,,,,,,,,,,,,,,,,phase1 PRE_RAID_OPTIMIZATION | PE_SPENT: fuel=1 combat=0 total=1 | BEFORE: fuel=2 combat=4 | AFTER: fuel=3 combat=4,,,,,,,,,,,,,,,,,,,,,,,,
2025-09-15T23:51:40.555749,,,Niemcy,Z_Pluton__5_Unterst_tzungs_Bataillon,,resupply_detailed,44,-15,44,-15,,,,,,,,,,,,,,,,,,,,,,phase1 PRE_RAID_OPTIMIZATION | PE_SPENT: fuel=1 combat=0 total=1 | BEFORE: fuel=2 combat=4 | AFTER: fuel=3 combat=4,,,,,,,,,,,,,,,,,,,,,,,,
2025-09-15T23:51:40.556980,,,Niemcy,RESUPPLY_OPERATION,,resupply_summary,,,,,,,,,,,,,,,,,,,,,,,,,,RESUPPLY_SUMMARY PRE_RAID_OPTIMIZATION | TOTAL_PE_SPENT: 10 | UNITS_RESUPPLIED: 8/8 | BUDGET_ALLOCATED: 32 | PE_REMAINING: 31,,,,,,,,,,,,,,,,,,,,,,,,
2025-09-15T23:51:40.586776,,target_selection,Niemcy,P_Kompania__5_Infanterie_Regiment,,target_analysis,,,,,38,-14,,,,,,,,,,,,,,,,,,,,"Target analysis: 29 candidates, score -1.00",,29,-1,999,,,,,,,,,False,,,,,,,29,29,29,4,2
2025-09-15T23:51:40.589811,,,Niemcy,P_Kompania__5_Infanterie_Regiment,,second_move,,,38,-14,,,,,,,,,,,,,,,,,,,,,,second_chance after PRE_RAID_OPTIMIZATION,,,,,,,,,,,,,,,,,,,,,,,,
2025-09-15T23:51:40.618123,,target_selection,Niemcy,Z_Pluton__5_Unterst_tzungs_Bataillon_20250913214038,,target_analysis,,,,,53,-18,,,,,,,,,,,,,,,,,,,,"Target analysis: 29 candidates, score -1.00",,29,-1,999,,,,,,,,,False,,,,,,,29,29,29,9,3
2025-09-15T23:51:40.624355,,,Niemcy,Z_Pluton__5_Unterst_tzungs_Bataillon_20250913214038,,second_move,,,53,-18,,,,,,,,,,,,,,,,,,,,,,second_chance after PRE_RAID_OPTIMIZATION,,,,,,,,,,,,,,,,,,,,,,,,
2025-09-15T23:51:40.647391,,target_selection,Niemcy,P_Pluton__5_Infanterie_Regiment,,target_analysis,,,,,36,-11,,,,,,,,,,,,,,,,,,,,"Target analysis: 29 candidates, score -1.00",,29,-1,999,,,,,,,,,False,,,,,,,29,29,29,6,2
2025-09-15T23:51:40.650997,,,Niemcy,P_Pluton__5_Infanterie_Regiment,,second_move,,,36,-11,,,,,,,,,,,,,,,,,,,,,,second_chance after PRE_RAID_OPTIMIZATION,,,,,,,,,,,,,,,,,,,,,,,,
2025-09-15T23:51:40.680606,,target_selection,Niemcy,AC_Kompania__5_schwere_Artillerie,,target_analysis,,,,,37,-10,,,,,,,,,,,,,,,,,,,,"Target analysis: 29 candidates, score -1.00",,29,-1,999,,,,,,,,,False,,,,,,,29,29,29,5,2
2025-09-15T23:51:40.689971,,,Niemcy,AC_Kompania__5_schwere_Artillerie,,second_move,,,37,-10,,,,,,,,,,,,,,,,,,,,,,second_chance after PRE_RAID_OPTIMIZATION,,,,,,,,,,,,,,,,,,,,,,,,
2025-09-15T23:51:40.712049,,target_selection,Niemcy,AL_Batalion__5_Artillerie_Abteilung,,target_analysis,,,,,51,-15,,,,,,,,,,,,,,,,,,,,"Target analysis: 29 candidates, score -1.00",,29,-1,999,,,,,,,,,False,,,,,,,29,29,29,6,2
2025-09-15T23:51:40.716629,,,Niemcy,AL_Batalion__5_Artillerie_Abteilung,,second_move,,,51,-15,,,,,,,,,,,,,,,,,,,,,,second_chance after PRE_RAID_OPTIMIZATION,,,,,,,,,,,,,,,,,,,,,,,,
2025-09-15T23:51:40.728843,,target_selection,Niemcy,Z_Kompania__5_Unterst_tzungs_Bataillon,,target_analysis,,,,,45,-15,,,,,,,,,,,,,,,,,,,,"Target analysis: 29 candidates, score 30.00",,29,30.0,2,,,,,,,,,False,,,,"(45, -15)",,,28,29,29,5,3
2025-09-15T23:51:40.732433,,,Niemcy,Z_Kompania__5_Unterst_tzungs_Bataillon,,second_move,,,45,-15,,,,,,,,,,,,,,,,,,,,,,second_chance after PRE_RAID_OPTIMIZATION,,,,,,,,,,,,,,,,,,,,,,,,
2025-09-15T23:51:40.760272,,target_selection,Niemcy,Z_Pluton__5_Versorgungs_Kompanie,,target_analysis,,,,,43,-14,,,,,,,,,,,,,,,,,,,,"Target analysis: 29 candidates, score 45.00",,29,45.0,1,,,,,,,,,False,,,,"(43, -14)",,,28,29,29,9,3
2025-09-15T23:51:40.764341,,,Niemcy,Z_Pluton__5_Versorgungs_Kompanie,,second_move,,,43,-14,,,,,,,,,,,,,,,,,,,,,,second_chance after PRE_RAID_OPTIMIZATION,,,,,,,,,,,,,,,,,,,,,,,,
2025-09-15T23:51:40.788812,,target_selection,Niemcy,Z_Pluton__5_Unterst_tzungs_Bataillon,,target_analysis,,,,,43,-15,,,,,,,,,,,,,,,,,,,,"Target analysis: 29 candidates, score 45.00",,29,45.0,1,,,,,,,,,False,,,,"(43, -15)",,,28,29,29,5,3
2025-09-15T23:51:40.792341,,,Niemcy,Z_Pluton__5_Unterst_tzungs_Bataillon,,second_move,,,43,-15,,,,,,,,,,,,,,,,,,,,,,second_chance after PRE_RAID_OPTIMIZATION,,,,,,,,,,,,,,,,,,,,,,,,
2025-09-15T23:51:40.842671,,,Niemcy,RESUPPLY_NEEDS,,resupply_analysis,,,,,,,,,,,,,,,,,,,,,,,,,,NEEDS_ANALYSIS PRE_RAID_OPTIMIZATION | TOTAL_FUEL_NEEDED: 12 | TOTAL_COMBAT_NEEDED: 0 | TOTAL_PE_NEEDED: 12 | BUDGET_AVAILABLE: 24 | UNITS_REQUIRING_HELP: 8,,,,,,,,,,,,,,,,,,,,,,,,
2025-09-15T23:51:40.842671,,,Niemcy,P_Pluton__5_Infanterie_Regiment,,resupply_detailed,36,-11,36,-11,,,,,,,,,,,,,,,,,,,,,,phase1 PRE_RAID_OPTIMIZATION | PE_SPENT: fuel=1 combat=0 total=1 | BEFORE: fuel=1 combat=8 | AFTER: fuel=2 combat=8,,,,,,,,,,,,,,,,,,,,,,,,
2025-09-15T23:51:40.842671,,,Niemcy,P_Kompania__5_Infanterie_Regiment,,resupply_detailed,38,-14,38,-14,,,,,,,,,,,,,,,,,,,,,,phase1 PRE_RAID_OPTIMIZATION | PE_SPENT: fuel=1 combat=0 total=1 | BEFORE: fuel=1 combat=11 | AFTER: fuel=2 combat=11,,,,,,,,,,,,,,,,,,,,,,,,
2025-09-15T23:51:40.842671,,,Niemcy,AC_Kompania__5_schwere_Artillerie,,resupply_detailed,37,-10,37,-10,,,,,,,,,,,,,,,,,,,,,,phase1 PRE_RAID_OPTIMIZATION | PE_SPENT: fuel=1 combat=0 total=1 | BEFORE: fuel=1 combat=11 | AFTER: fuel=2 combat=11,,,,,,,,,,,,,,,,,,,,,,,,
2025-09-15T23:51:40.850709,,,Niemcy,AL_Batalion__5_Artillerie_Abteilung,,resupply_detailed,51,-15,51,-15,,,,,,,,,,,,,,,,,,,,,,phase1 PRE_RAID_OPTIMIZATION | PE_SPENT: fuel=1 combat=0 total=1 | BEFORE: fuel=1 combat=11 | AFTER: fuel=2 combat=11,,,,,,,,,,,,,,,,,,,,,,,,
2025-09-15T23:51:40.851711,,,Niemcy,Z_Kompania__5_Unterst_tzungs_Bataillon,,resupply_detailed,45,-15,45,-15,,,,,,,,,,,,,,,,,,,,,,phase1 PRE_RAID_OPTIMIZATION | PE_SPENT: fuel=1 combat=0 total=1 | BEFORE: fuel=2 combat=6 | AFTER: fuel=3 combat=6,,,,,,,,,,,,,,,,,,,,,,,,
2025-09-15T23:51:40.852964,,,Niemcy,Z_Pluton__5_Versorgungs_Kompanie,,resupply_detailed,43,-14,43,-14,,,,,,,,,,,,,,,,,,,,,,phase1 PRE_RAID_OPTIMIZATION | PE_SPENT: fuel=1 combat=0 total=1 | BEFORE: fuel=2 combat=4 | AFTER: fuel=3 combat=4,,,,,,,,,,,,,,,,,,,,,,,,
2025-09-15T23:51:40.854973,,,Niemcy,Z_Pluton__5_Unterst_tzungs_Bataillon,,resupply_detailed,43,-15,43,-15,,,,,,,,,,,,,,,,,,,,,,phase1 PRE_RAID_OPTIMIZATION | PE_SPENT: fuel=1 combat=0 total=1 | BEFORE: fuel=2 combat=4 | AFTER: fuel=3 combat=4,,,,,,,,,,,,,,,,,,,,,,,,
2025-09-15T23:51:40.856020,,,Niemcy,Z_Pluton__5_Unterst_tzungs_Bataillon_20250913214038,,resupply_detailed,53,-18,53,-18,,,,,,,,,,,,,,,,,,,,,,phase1 PRE_RAID_OPTIMIZATION | PE_SPENT: fuel=1 combat=0 total=1 | BEFORE: fuel=2 combat=4 | AFTER: fuel=3 combat=4,,,,,,,,,,,,,,,,,,,,,,,,
2025-09-15T23:51:40.857023,,,Niemcy,RESUPPLY_OPERATION,,resupply_summary,,,,,,,,,,,,,,,,,,,,,,,,,,RESUPPLY_SUMMARY PRE_RAID_OPTIMIZATION | TOTAL_PE_SPENT: 8 | UNITS_RESUPPLIED: 8/8 | BUDGET_ALLOCATED: 24 | PE_REMAINING: 23,,,,,,,,,,,,,,,,,,,,,,,,
2025-09-15T23:51:40.889267,,target_selection,Niemcy,P_Pluton__5_Infanterie_Regiment,,target_analysis,,,,,38,-11,,,,,,,,,,,,,,,,,,,,"Target analysis: 29 candidates, score -1.00",,29,-1,999,,,,,,,,,False,,,,,,,29,29,29,5,2
2025-09-15T23:51:40.893583,,,Niemcy,P_Pluton__5_Infanterie_Regiment,,second_move,,,38,-11,,,,,,,,,,,,,,,,,,,,,,second_chance after PRE_RAID_OPTIMIZATION,,,,,,,,,,,,,,,,,,,,,,,,
2025-09-15T23:51:40.921489,,target_selection,Niemcy,P_Kompania__5_Infanterie_Regiment,,target_analysis,,,,,40,-14,,,,,,,,,,,,,,,,,,,,"Target analysis: 29 candidates, score -1.00",,29,-1,999,,,,,,,,,False,,,,,,,29,29,29,3,2
2025-09-15T23:51:40.924767,,,Niemcy,P_Kompania__5_Infanterie_Regiment,,second_move,,,40,-14,,,,,,,,,,,,,,,,,,,,,,second_chance after PRE_RAID_OPTIMIZATION,,,,,,,,,,,,,,,,,,,,,,,,
2025-09-15T23:51:40.943316,,target_selection,Niemcy,AC_Kompania__5_schwere_Artillerie,,target_analysis,,,,,35,-10,,,,,,,,,,,,,,,,,,,,"Target analysis: 29 candidates, score -1.00",,29,-1,999,,,,,,,,,False,,,,,,,29,29,29,4,2
2025-09-15T23:51:40.949592,,,Niemcy,AC_Kompania__5_schwere_Artillerie,,second_move,,,35,-10,,,,,,,,,,,,,,,,,,,,,,second_chance after PRE_RAID_OPTIMIZATION,,,,,,,,,,,,,,,,,,,,,,,,
2025-09-15T23:51:40.973309,,target_selection,Niemcy,AL_Batalion__5_Artillerie_Abteilung,,target_analysis,,,,,49,-15,,,,,,,,,,,,,,,,,,,,"Target analysis: 29 candidates, score -1.00",,29,-1,999,,,,,,,,,False,,,,,,,29,29,29,5,2
2025-09-15T23:51:40.977119,,,Niemcy,AL_Batalion__5_Artillerie_Abteilung,,second_move,,,49,-15,,,,,,,,,,,,,,,,,,,,,,second_chance after PRE_RAID_OPTIMIZATION,,,,,,,,,,,,,,,,,,,,,,,,
2025-09-15T23:51:40.998492,,target_selection,Niemcy,Z_Kompania__5_Unterst_tzungs_Bataillon,,target_analysis,,,,,44,-15,,,,,,,,,,,,,,,,,,,,"Target analysis: 29 candidates, score 30.00",,29,30.0,1,,,,,,,,,False,,,,"(44, -15)",,,28,29,29,4,3
2025-09-15T23:51:41.006187,,,Niemcy,Z_Kompania__5_Unterst_tzungs_Bataillon,,second_move,,,44,-15,,,,,,,,,,,,,,,,,,,,,,second_chance after PRE_RAID_OPTIMIZATION,,,,,,,,,,,,,,,,,,,,,,,,
2025-09-15T23:51:41.015793,,target_selection,Niemcy,Z_Pluton__5_Versorgungs_Kompanie,,target_analysis,,,,,45,-15,,,,,,,,,,,,,,,,,,,,"Target analysis: 29 candidates, score 30.00",,29,30.0,2,,,,,,,,,False,,,,"(45, -15)",,,28,29,29,8,3
2025-09-15T23:51:41.022181,,,Niemcy,Z_Pluton__5_Versorgungs_Kompanie,,second_move,,,45,-15,,,,,,,,,,,,,,,,,,,,,,second_chance after PRE_RAID_OPTIMIZATION,,,,,,,,,,,,,,,,,,,,,,,,
2025-09-15T23:51:41.047463,,target_selection,Niemcy,Z_Pluton__5_Unterst_tzungs_Bataillon,,target_analysis,,,,,43,-14,,,,,,,,,,,,,,,,,,,,"Target analysis: 29 candidates, score 45.00",,29,45.0,1,,,,,,,,,False,,,,"(43, -14)",,,28,29,29,4,3
2025-09-15T23:51:41.051826,,,Niemcy,Z_Pluton__5_Unterst_tzungs_Bataillon,,second_move,,,43,-14,,,,,,,,,,,,,,,,,,,,,,second_chance after PRE_RAID_OPTIMIZATION,,,,,,,,,,,,,,,,,,,,,,,,
2025-09-15T23:51:41.095347,,target_selection,Niemcy,Z_Pluton__5_Unterst_tzungs_Bataillon_20250913214038,,target_analysis,,,,,50,-15,,,,,,,,,,,,,,,,,,,,"Target analysis: 29 candidates, score -1.00",,29,-1,999,,,,,,,,,False,,,,,,,29,29,29,8,3
2025-09-15T23:51:41.098519,,,Niemcy,Z_Pluton__5_Unterst_tzungs_Bataillon_20250913214038,,second_move,,,50,-15,,,,,,,,,,,,,,,,,,,,,,second_chance after PRE_RAID_OPTIMIZATION,,,,,,,,,,,,,,,,,,,,,,,,
2025-09-15T23:51:41.213075,,,Niemcy,RESUPPLY_NEEDS,,resupply_analysis,,,,,,,,,,,,,,,,,,,,,,,,,,NEEDS_ANALYSIS PRE_RAID_OPTIMIZATION | TOTAL_FUEL_NEEDED: 12 | TOTAL_COMBAT_NEEDED: 0 | TOTAL_PE_NEEDED: 12 | BUDGET_AVAILABLE: 18 | UNITS_REQUIRING_HELP: 8,,,,,,,,,,,,,,,,,,,,,,,,
2025-09-15T23:51:41.214086,,,Niemcy,P_Pluton__5_Infanterie_Regiment,,resupply_detailed,38,-11,38,-11,,,,,,,,,,,,,,,,,,,,,,phase1 PRE_RAID_OPTIMIZATION | PE_SPENT: fuel=1 combat=0 total=1 | BEFORE: fuel=1 combat=8 | AFTER: fuel=2 combat=8,,,,,,,,,,,,,,,,,,,,,,,,
2025-09-15T23:51:41.214086,,,Niemcy,P_Kompania__5_Infanterie_Regiment,,resupply_detailed,40,-14,40,-14,,,,,,,,,,,,,,,,,,,,,,phase1 PRE_RAID_OPTIMIZATION | PE_SPENT: fuel=1 combat=0 total=1 | BEFORE: fuel=1 combat=11 | AFTER: fuel=2 combat=11,,,,,,,,,,,,,,,,,,,,,,,,
2025-09-15T23:51:41.215414,,,Niemcy,AC_Kompania__5_schwere_Artillerie,,resupply_detailed,35,-10,35,-10,,,,,,,,,,,,,,,,,,,,,,phase1 PRE_RAID_OPTIMIZATION | PE_SPENT: fuel=1 combat=0 total=1 | BEFORE: fuel=1 combat=11 | AFTER: fuel=2 combat=11,,,,,,,,,,,,,,,,,,,,,,,,
2025-09-15T23:51:41.215414,,,Niemcy,AL_Batalion__5_Artillerie_Abteilung,,resupply_detailed,49,-15,49,-15,,,,,,,,,,,,,,,,,,,,,,phase1 PRE_RAID_OPTIMIZATION | PE_SPENT: fuel=1 combat=0 total=1 | BEFORE: fuel=1 combat=11 | AFTER: fuel=2 combat=11,,,,,,,,,,,,,,,,,,,,,,,,
2025-09-15T23:51:41.216762,,,Niemcy,Z_Kompania__5_Unterst_tzungs_Bataillon,,resupply_detailed,44,-15,44,-15,,,,,,,,,,,,,,,,,,,,,,phase1 PRE_RAID_OPTIMIZATION | PE_SPENT: fuel=1 combat=0 total=1 | BEFORE: fuel=2 combat=6 | AFTER: fuel=3 combat=6,,,,,,,,,,,,,,,,,,,,,,,,
2025-09-15T23:51:41.217766,,,Niemcy,Z_Pluton__5_Versorgungs_Kompanie,,resupply_detailed,45,-15,45,-15,,,,,,,,,,,,,,,,,,,,,,phase1 PRE_RAID_OPTIMIZATION | PE_SPENT: fuel=1 combat=0 total=1 | BEFORE: fuel=2 combat=4 | AFTER: fuel=3 combat=4,,,,,,,,,,,,,,,,,,,,,,,,
2025-09-15T23:51:41.217766,,,Niemcy,Z_Pluton__5_Unterst_tzungs_Bataillon,,resupply_detailed,43,-14,43,-14,,,,,,,,,,,,,,,,,,,,,,phase1 PRE_RAID_OPTIMIZATION | PE_SPENT: fuel=1 combat=0 total=1 | BEFORE: fuel=2 combat=4 | AFTER: fuel=3 combat=4,,,,,,,,,,,,,,,,,,,,,,,,
2025-09-15T23:51:41.219601,,,Niemcy,Z_Pluton__5_Unterst_tzungs_Bataillon_20250913214038,,resupply_detailed,50,-15,50,-15,,,,,,,,,,,,,,,,,,,,,,phase1 PRE_RAID_OPTIMIZATION | PE_SPENT: fuel=1 combat=0 total=1 | BEFORE: fuel=2 combat=4 | AFTER: fuel=3 combat=4,,,,,,,,,,,,,,,,,,,,,,,,
2025-09-15T23:51:41.221945,,,Niemcy,RESUPPLY_OPERATION,,resupply_summary,,,,,,,,,,,,,,,,,,,,,,,,,,RESUPPLY_SUMMARY PRE_RAID_OPTIMIZATION | TOTAL_PE_SPENT: 8 | UNITS_RESUPPLIED: 8/8 | BUDGET_ALLOCATED: 18 | PE_REMAINING: 15,,,,,,,,,,,,,,,,,,,,,,,,
2025-09-15T23:51:41.244549,,target_selection,Niemcy,P_Pluton__5_Infanterie_Regiment,,target_analysis,,,,,36,-11,,,,,,,,,,,,,,,,,,,,"Target analysis: 29 candidates, score -1.00",,29,-1,999,,,,,,,,,False,,,,,,,29,29,29,4,2
2025-09-15T23:51:41.248838,,,Niemcy,P_Pluton__5_Infanterie_Regiment,,second_move,,,36,-11,,,,,,,,,,,,,,,,,,,,,,second_chance after PRE_RAID_OPTIMIZATION,,,,,,,,,,,,,,,,,,,,,,,,
2025-09-15T23:51:41.274743,,target_selection,Niemcy,P_Kompania__5_Infanterie_Regiment,,target_analysis,,,,,38,-12,,,,,,,,,,,,,,,,,,,,"Target analysis: 29 candidates, score -1.00",,29,-1,999,,,,,,,,,False,,,,,,,29,29,29,2,2
2025-09-15T23:51:41.279893,,,Niemcy,P_Kompania__5_Infanterie_Regiment,,second_move,,,38,-12,,,,,,,,,,,,,,,,,,,,,,second_chance after PRE_RAID_OPTIMIZATION,,,,,,,,,,,,,,,,,,,,,,,,
2025-09-15T23:51:41.305110,,target_selection,Niemcy,AC_Kompania__5_schwere_Artillerie,,target_analysis,,,,,37,-10,,,,,,,,,,,,,,,,,,,,"Target analysis: 29 candidates, score -1.00",,29,-1,999,,,,,,,,,False,,,,,,,29,29,29,3,2
2025-09-15T23:51:41.310084,,,Niemcy,AC_Kompania__5_schwere_Artillerie,,second_move,,,37,-10,,,,,,,,,,,,,,,,,,,,,,second_chance after PRE_RAID_OPTIMIZATION,,,,,,,,,,,,,,,,,,,,,,,,
2025-09-15T23:51:41.327201,,target_selection,Niemcy,AL_Batalion__5_Artillerie_Abteilung,,target_analysis,,,,,47,-15,,,,,,,,,,,,,,,,,,,,"Target analysis: 29 candidates, score -1.00",,29,-1,999,,,,,,,,,False,,,,,,,29,29,29,4,2
2025-09-15T23:51:41.330523,,,Niemcy,AL_Batalion__5_Artillerie_Abteilung,,second_move,,,47,-15,,,,,,,,,,,,,,,,,,,,,,second_chance after PRE_RAID_OPTIMIZATION,,,,,,,,,,,,,,,,,,,,,,,,
2025-09-15T23:51:41.356784,,target_selection,Niemcy,Z_Kompania__5_Unterst_tzungs_Bataillon,,target_analysis,,,,,43,-15,,,,,,,,,,,,,,,,,,,,"Target analysis: 29 candidates, score 45.00",,29,45.0,1,,,,,,,,,False,,,,"(43, -15)",,,28,29,29,3,3
2025-09-15T23:51:41.357813,,,Niemcy,Z_Kompania__5_Unterst_tzungs_Bataillon,,second_move,,,43,-15,,,,,,,,,,,,,,,,,,,,,,second_chance after PRE_RAID_OPTIMIZATION,,,,,,,,,,,,,,,,,,,,,,,,
2025-09-15T23:51:41.381275,,target_selection,Niemcy,Z_Pluton__5_Versorgungs_Kompanie,,target_analysis,,,,,44,-15,,,,,,,,,,,,,,,,,,,,"Target analysis: 29 candidates, score 30.00",,29,30.0,1,,,,,,,,,False,,,,"(44, -15)",,,28,29,29,7,3
2025-09-15T23:51:41.388116,,,Niemcy,Z_Pluton__5_Versorgungs_Kompanie,,second_move,,,44,-15,,,,,,,,,,,,,,,,,,,,,,second_chance after PRE_RAID_OPTIMIZATION,,,,,,,,,,,,,,,,,,,,,,,,
2025-09-15T23:51:41.395195,,target_selection,Niemcy,Z_Pluton__5_Unterst_tzungs_Bataillon,,target_analysis,,,,,45,-15,,,,,,,,,,,,,,,,,,,,"Target analysis: 29 candidates, score 30.00",,29,30.0,2,,,,,,,,,False,,,,"(45, -15)",,,28,29,29,3,3
2025-09-15T23:51:41.406575,,,Niemcy,Z_Pluton__5_Unterst_tzungs_Bataillon,,second_move,,,45,-15,,,,,,,,,,,,,,,,,,,,,,second_chance after PRE_RAID_OPTIMIZATION,,,,,,,,,,,,,,,,,,,,,,,,
2025-09-15T23:51:41.442082,,target_selection,Niemcy,Z_Pluton__5_Unterst_tzungs_Bataillon_20250913214038,,target_analysis,,,,,53,-18,,,,,,,,,,,,,,,,,,,,"Target analysis: 29 candidates, score -1.00",,29,-1,999,,,,,,,,,False,,,,,,,29,29,29,7,3
2025-09-15T23:51:41.446403,,,Niemcy,Z_Pluton__5_Unterst_tzungs_Bataillon_20250913214038,,second_move,,,53,-18,,,,,,,,,,,,,,,,,,,,,,second_chance after PRE_RAID_OPTIMIZATION,,,,,,,,,,,,,,,,,,,,,,,,
2025-09-15T23:51:41.594267,,,Niemcy,RESUPPLY_NEEDS,,resupply_analysis,,,,,,,,,,,,,,,,,,,,,,,,,,NEEDS_ANALYSIS MULTI_TURN_START | TOTAL_FUEL_NEEDED: 12 | TOTAL_COMBAT_NEEDED: 0 | TOTAL_PE_NEEDED: 12 | BUDGET_AVAILABLE: 12 | UNITS_REQUIRING_HELP: 8,,,,,,,,,,,,,,,,,,,,,,,,
2025-09-15T23:51:41.595276,,,Niemcy,RESUPPLY_OPERATION,,resupply_summary,,,,,,,,,,,,,,,,,,,,,,,,,,RESUPPLY_SUMMARY MULTI_TURN_START | TOTAL_PE_SPENT: 0 | UNITS_RESUPPLIED: 0/8 | BUDGET_ALLOCATED: 12 | PE_REMAINING: 15,,,,,,,,,,,,,,,,,,,,,,,,
2025-09-15T23:51:41.610895,,target_selection,Niemcy,P_Pluton__5_Infanterie_Regiment,,target_analysis,,,,,37,-11,,,,,,,,,,,,,,,,,,,,"Target analysis: 29 candidates, score -1.00",,29,-1,999,,,,,,,,,False,,,,,,,29,29,29,3,1
2025-09-15T23:51:41.616005,,,Niemcy,P_Pluton__5_Infanterie_Regiment,,second_move,,,37,-11,,,,,,,,,,,,,,,,,,,,,,second_chance after MULTI_TURN_START,,,,,,,,,,,,,,,,,,,,,,,,
2025-09-15T23:51:41.627287,,target_selection,Niemcy,P_Kompania__5_Infanterie_Regiment,,target_analysis,,,,,39,-12,,,,,,,,,,,,,,,,,,,,"Target analysis: 29 candidates, score -1.00",,29,-1,999,,,,,,,,,False,,,,,,,29,29,29,1,1
2025-09-15T23:51:41.632934,,,Niemcy,P_Kompania__5_Infanterie_Regiment,,second_move,,,39,-12,,,,,,,,,,,,,,,,,,,,,,second_chance after MULTI_TURN_START,,,,,,,,,,,,,,,,,,,,,,,,
2025-09-15T23:51:41.643738,,target_selection,Niemcy,AC_Kompania__5_schwere_Artillerie,,target_analysis,,,,,36,-10,,,,,,,,,,,,,,,,,,,,"Target analysis: 29 candidates, score -1.00",,29,-1,999,,,,,,,,,False,,,,,,,29,29,29,2,1
2025-09-15T23:51:41.647191,,,Niemcy,AC_Kompania__5_schwere_Artillerie,,second_move,,,36,-10,,,,,,,,,,,,,,,,,,,,,,second_chance after MULTI_TURN_START,,,,,,,,,,,,,,,,,,,,,,,,
2025-09-15T23:51:41.660424,,target_selection,Niemcy,AL_Batalion__5_Artillerie_Abteilung,,target_analysis,,,,,48,-15,,,,,,,,,,,,,,,,,,,,"Target analysis: 29 candidates, score -1.00",,29,-1,999,,,,,,,,,False,,,,,,,29,29,29,3,1
2025-09-15T23:51:41.663764,,,Niemcy,AL_Batalion__5_Artillerie_Abteilung,,second_move,,,48,-15,,,,,,,,,,,,,,,,,,,,,,second_chance after MULTI_TURN_START,,,,,,,,,,,,,,,,,,,,,,,,
2025-09-15T23:51:41.680777,,target_selection,Niemcy,Z_Kompania__5_Unterst_tzungs_Bataillon,,target_analysis,,,,,41,-15,,,,,,,,,,,,,,,,,,,,"Target analysis: 29 candidates, score -1.00",,29,-1,999,,,,,,,,,False,,,,,,,29,29,29,2,2
2025-09-15T23:51:41.686129,,,Niemcy,Z_Kompania__5_Unterst_tzungs_Bataillon,,second_move,,,41,-15,,,,,,,,,,,,,,,,,,,,,,second_chance after MULTI_TURN_START,,,,,,,,,,,,,,,,,,,,,,,,
2025-09-15T23:51:41.700662,,target_selection,Niemcy,Z_Pluton__5_Versorgungs_Kompanie,,target_analysis,,,,,43,-15,,,,,,,,,,,,,,,,,,,,"Target analysis: 29 candidates, score 45.00",,29,45.0,1,,,,,,,,,False,,,,"(43, -15)",,,28,29,29,6,2
2025-09-15T23:51:41.706897,,,Niemcy,Z_Pluton__5_Versorgungs_Kompanie,,second_move,,,43,-15,,,,,,,,,,,,,,,,,,,,,,second_chance after MULTI_TURN_START,,,,,,,,,,,,,,,,,,,,,,,,
2025-09-15T23:51:41.722218,,target_selection,Niemcy,Z_Pluton__5_Unterst_tzungs_Bataillon,,target_analysis,,,,,47,-15,,,,,,,,,,,,,,,,,,,,"Target analysis: 29 candidates, score -1.00",,29,-1,999,,,,,,,,,False,,,,,,,29,29,29,2,2
2025-09-15T23:51:41.725587,,,Niemcy,Z_Pluton__5_Unterst_tzungs_Bataillon,,second_move,,,47,-15,,,,,,,,,,,,,,,,,,,,,,second_chance after MULTI_TURN_START,,,,,,,,,,,,,,,,,,,,,,,,
2025-09-15T23:51:41.755796,,target_selection,Niemcy,Z_Pluton__5_Unterst_tzungs_Bataillon_20250913214038,,target_analysis,,,,,55,-18,,,,,,,,,,,,,,,,,,,,"Target analysis: 29 candidates, score -1.00",,29,-1,999,,,,,,,,,False,,,,,,,29,29,29,6,2
2025-09-15T23:51:41.759123,,,Niemcy,Z_Pluton__5_Unterst_tzungs_Bataillon_20250913214038,,second_move,,,55,-18,,,,,,,,,,,,,,,,,,,,,,second_chance after MULTI_TURN_START,,,,,,,,,,,,,,,,,,,,,,,,
2025-09-15T23:51:41.854823,,strategy,Niemcy,STRATEGY,,strategic_decision,,,,,,,,,,,,,,,,,,,,,,,,,,"Strategy: REASSIGNMENT, aggression 0.50, 4 groups, 0 reassignments",,,,,,,,,REASSIGNMENT,0.5,,,,,,adaptive,,0,dynamic_reassignment,,,,,
2025-09-15T23:51:41.869148,,strategy,Niemcy,STRATEGY,,strategic_decision,,,,,,,,,,,,,,,,,,,,,,,,,,"Strategy: REASSIGNMENT, aggression 0.50, 4 groups, 0 reassignments",,,,,,,,,REASSIGNMENT,0.5,,,,,,adaptive,,0,dynamic_reassignment,,,,,
2025-09-15T23:51:41.876836,,strategy,Niemcy,STRATEGY,,strategic_decision,,,,,,,,,,,,,,,,,,,,,,,,,,"Strategy: REASSIGNMENT, aggression 0.50, 1 groups, 0 reassignments",,,,,,,,,REASSIGNMENT,0.5,,,,,,adaptive,,0,dynamic_reassignment,,,,,
2025-09-15T23:51:41.888991,,target_selection,Niemcy,P_Pluton__5_Infanterie_Regiment,,target_analysis,,,,,37,-10,,,,,,,,,,,,,,,,,,,,"Target analysis: 29 candidates, score -1.00",,29,-1,999,,,,,,,,,False,,,,,,,29,29,29,6,1
2025-09-15T23:51:41.896742,,strategy,Niemcy,STRATEGY,,strategic_decision,,,,,,,,,,,,,,,,,,,,,,,,,,"Strategy: REASSIGNMENT, aggression 0.50, 1 groups, 0 reassignments",,,,,,,,,REASSIGNMENT,0.5,,,,,,adaptive,,0,dynamic_reassignment,,,,,
2025-09-15T23:51:41.906954,,target_selection,Niemcy,P_Kompania__5_Infanterie_Regiment,,target_analysis,,,,,,,,,,,,,,,,,,,,,,,,,,"Target analysis: 29 candidates, score -1.00",,29,-1,999,,,,,,,,,False,,,,,,,29,29,29,4,0
2025-09-15T23:51:41.908656,,,Niemcy,RESUPPLY_NEEDS,,resupply_analysis,,,,,,,,,,,,,,,,,,,,,,,,,,NEEDS_ANALYSIS LOW_FUEL | TOTAL_FUEL_NEEDED: 21 | TOTAL_COMBAT_NEEDED: 0 | TOTAL_PE_NEEDED: 21 | BUDGET_AVAILABLE: 13 | UNITS_REQUIRING_HELP: 8,,,,,,,,,,,,,,,,,,,,,,,,
2025-09-15T23:51:41.909679,,,Niemcy,RESUPPLY_OPERATION,,resupply_summary,,,,,,,,,,,,,,,,,,,,,,,,,,RESUPPLY_SUMMARY LOW_FUEL | TOTAL_PE_SPENT: 0 | UNITS_RESUPPLIED: 0/8 | BUDGET_ALLOCATED: 13 | PE_REMAINING: 15,,,,,,,,,,,,,,,,,,,,,,,,
2025-09-15T23:51:41.922537,,target_selection,Niemcy,Z_Kompania__5_Unterst_tzungs_Bataillon,,target_analysis,,,,,42,-15,,,,,,,,,,,,,,,,,,,,"Target analysis: 29 candidates, score -1.00",,29,-1,999,,,,,,,,,False,,,,,,,29,29,29,1,1
2025-09-15T23:51:41.925488,,,Niemcy,Z_Kompania__5_Unterst_tzungs_Bataillon,,second_move,,,42,-15,,,,,,,,,,,,,,,,,,,,,,second_chance after LOW_FUEL,,,,,,,,,,,,,,,,,,,,,,,,
2025-09-15T23:51:41.936047,,target_selection,Niemcy,Z_Pluton__5_Versorgungs_Kompanie,,target_analysis,,,,,43,-16,,,,,,,,,,,,,,,,,,,,"Target analysis: 29 candidates, score -1.00",,29,-1,999,,,,,,,,,False,,,,,,,29,29,29,5,1
2025-09-15T23:51:41.942061,,,Niemcy,Z_Pluton__5_Versorgungs_Kompanie,,second_move,,,43,-16,,,,,,,,,,,,,,,,,,,,,,second_chance after LOW_FUEL,,,,,,,,,,,,,,,,,,,,,,,,
2025-09-15T23:51:41.948668,,target_selection,Niemcy,Z_Pluton__5_Unterst_tzungs_Bataillon,,target_analysis,,,,,46,-15,,,,,,,,,,,,,,,,,,,,"Target analysis: 29 candidates, score -1.00",,29,-1,999,,,,,,,,,False,,,,,,,29,29,29,1,1
2025-09-15T23:51:41.952766,,,Niemcy,Z_Pluton__5_Unterst_tzungs_Bataillon,,second_move,,,46,-15,,,,,,,,,,,,,,,,,,,,,,second_chance after LOW_FUEL,,,,,,,,,,,,,,,,,,,,,,,,
2025-09-15T23:51:41.958676,,strategy,Niemcy,STRATEGY,,strategic_decision,,,,,,,,,,,,,,,,,,,,,,,,,,"Strategy: REASSIGNMENT, aggression 0.50, 1 groups, 0 reassignments",,,,,,,,,REASSIGNMENT,0.5,,,,,,adaptive,,0,dynamic_reassignment,,,,,
2025-09-15T23:51:41.968417,,target_selection,Niemcy,AL_Batalion__5_Artillerie_Abteilung,,target_analysis,,,,,50,-15,,,,,,,,,,,,,,,,,,,,"Target analysis: 29 candidates, score -1.00",,29,-1,999,,,,,,,,,False,,,,,,,29,29,29,6,1
2025-09-15T23:51:41.975562,,strategy,Niemcy,STRATEGY,,strategic_decision,,,,,,,,,,,,,,,,,,,,,,,,,,"Strategy: REASSIGNMENT, aggression 0.50, 1 groups, 1 reassignments",,,,,,,,,REASSIGNMENT,0.5,,,,,,adaptive,,1,dynamic_reassignment,,,,,
2025-09-15T23:51:41.982229,,,Niemcy,RESUPPLY_NEEDS,,resupply_analysis,,,,,,,,,,,,,,,,,,,,,,,,,,NEEDS_ANALYSIS LOW_FUEL | TOTAL_FUEL_NEEDED: 24 | TOTAL_COMBAT_NEEDED: 0 | TOTAL_PE_NEEDED: 24 | BUDGET_AVAILABLE: 13 | UNITS_REQUIRING_HELP: 8,,,,,,,,,,,,,,,,,,,,,,,,
2025-09-15T23:51:41.983238,,,Niemcy,RESUPPLY_OPERATION,,resupply_summary,,,,,,,,,,,,,,,,,,,,,,,,,,RESUPPLY_SUMMARY LOW_FUEL | TOTAL_PE_SPENT: 0 | UNITS_RESUPPLIED: 0/8 | BUDGET_ALLOCATED: 13 | PE_REMAINING: 15,,,,,,,,,,,,,,,,,,,,,,,,
2025-09-15T23:51:41.986458,,,Niemcy,RESUPPLY_NEEDS,,resupply_analysis,,,,,,,,,,,,,,,,,,,,,,,,,,NEEDS_ANALYSIS LOW_FUEL | TOTAL_FUEL_NEEDED: 24 | TOTAL_COMBAT_NEEDED: 0 | TOTAL_PE_NEEDED: 24 | BUDGET_AVAILABLE: 13 | UNITS_REQUIRING_HELP: 8,,,,,,,,,,,,,,,,,,,,,,,,
2025-09-15T23:51:41.989074,,,Niemcy,RESUPPLY_OPERATION,,resupply_summary,,,,,,,,,,,,,,,,,,,,,,,,,,RESUPPLY_SUMMARY LOW_FUEL | TOTAL_PE_SPENT: 0 | UNITS_RESUPPLIED: 0/8 | BUDGET_ALLOCATED: 13 | PE_REMAINING: 15,,,,,,,,,,,,,,,,,,,,,,,,
2025-09-15T23:51:41.991734,,,Niemcy,RESUPPLY_NEEDS,,resupply_analysis,,,,,,,,,,,,,,,,,,,,,,,,,,NEEDS_ANALYSIS LOW_FUEL | TOTAL_FUEL_NEEDED: 24 | TOTAL_COMBAT_NEEDED: 0 | TOTAL_PE_NEEDED: 24 | BUDGET_AVAILABLE: 13 | UNITS_REQUIRING_HELP: 8,,,,,,,,,,,,,,,,,,,,,,,,
2025-09-15T23:51:41.992771,,,Niemcy,RESUPPLY_OPERATION,,resupply_summary,,,,,,,,,,,,,,,,,,,,,,,,,,RESUPPLY_SUMMARY LOW_FUEL | TOTAL_PE_SPENT: 0 | UNITS_RESUPPLIED: 0/8 | BUDGET_ALLOCATED: 13 | PE_REMAINING: 15,,,,,,,,,,,,,,,,,,,,,,,,
2025-09-15T23:51:41.994813,,,Niemcy,RESUPPLY_NEEDS,,resupply_analysis,,,,,,,,,,,,,,,,,,,,,,,,,,NEEDS_ANALYSIS LOW_FUEL | TOTAL_FUEL_NEEDED: 24 | TOTAL_COMBAT_NEEDED: 0 | TOTAL_PE_NEEDED: 24 | BUDGET_AVAILABLE: 13 | UNITS_REQUIRING_HELP: 8,,,,,,,,,,,,,,,,,,,,,,,,
2025-09-15T23:51:41.997070,,,Niemcy,RESUPPLY_OPERATION,,resupply_summary,,,,,,,,,,,,,,,,,,,,,,,,,,RESUPPLY_SUMMARY LOW_FUEL | TOTAL_PE_SPENT: 0 | UNITS_RESUPPLIED: 0/8 | BUDGET_ALLOCATED: 13 | PE_REMAINING: 15,,,,,,,,,,,,,,,,,,,,,,,,
2025-09-15T23:51:41.999471,,,Niemcy,RESUPPLY_NEEDS,,resupply_analysis,,,,,,,,,,,,,,,,,,,,,,,,,,NEEDS_ANALYSIS LOW_FUEL | TOTAL_FUEL_NEEDED: 24 | TOTAL_COMBAT_NEEDED: 0 | TOTAL_PE_NEEDED: 24 | BUDGET_AVAILABLE: 13 | UNITS_REQUIRING_HELP: 8,,,,,,,,,,,,,,,,,,,,,,,,
2025-09-15T23:51:42.000601,,,Niemcy,RESUPPLY_OPERATION,,resupply_summary,,,,,,,,,,,,,,,,,,,,,,,,,,RESUPPLY_SUMMARY LOW_FUEL | TOTAL_PE_SPENT: 0 | UNITS_RESUPPLIED: 0/8 | BUDGET_ALLOCATED: 13 | PE_REMAINING: 15,,,,,,,,,,,,,,,,,,,,,,,,
2025-09-15T23:51:42.002817,,,Niemcy,RESUPPLY_NEEDS,,resupply_analysis,,,,,,,,,,,,,,,,,,,,,,,,,,NEEDS_ANALYSIS LOW_FUEL | TOTAL_FUEL_NEEDED: 24 | TOTAL_COMBAT_NEEDED: 0 | TOTAL_PE_NEEDED: 24 | BUDGET_AVAILABLE: 13 | UNITS_REQUIRING_HELP: 8,,,,,,,,,,,,,,,,,,,,,,,,
2025-09-15T23:51:42.006429,,,Niemcy,RESUPPLY_OPERATION,,resupply_summary,,,,,,,,,,,,,,,,,,,,,,,,,,RESUPPLY_SUMMARY LOW_FUEL | TOTAL_PE_SPENT: 0 | UNITS_RESUPPLIED: 0/8 | BUDGET_ALLOCATED: 13 | PE_REMAINING: 15,,,,,,,,,,,,,,,,,,,,,,,,
2025-09-15T23:51:42.008809,,,Niemcy,RESUPPLY_NEEDS,,resupply_analysis,,,,,,,,,,,,,,,,,,,,,,,,,,NEEDS_ANALYSIS LOW_FUEL | TOTAL_FUEL_NEEDED: 24 | TOTAL_COMBAT_NEEDED: 0 | TOTAL_PE_NEEDED: 24 | BUDGET_AVAILABLE: 13 | UNITS_REQUIRING_HELP: 8,,,,,,,,,,,,,,,,,,,,,,,,
2025-09-15T23:51:42.009820,,,Niemcy,RESUPPLY_OPERATION,,resupply_summary,,,,,,,,,,,,,,,,,,,,,,,,,,RESUPPLY_SUMMARY LOW_FUEL | TOTAL_PE_SPENT: 0 | UNITS_RESUPPLIED: 0/8 | BUDGET_ALLOCATED: 13 | PE_REMAINING: 15,,,,,,,,,,,,,,,,,,,,,,,,
2025-09-15T23:51:42.012078,,,Niemcy,RESUPPLY_NEEDS,,resupply_analysis,,,,,,,,,,,,,,,,,,,,,,,,,,NEEDS_ANALYSIS LOW_FUEL | TOTAL_FUEL_NEEDED: 24 | TOTAL_COMBAT_NEEDED: 0 | TOTAL_PE_NEEDED: 24 | BUDGET_AVAILABLE: 13 | UNITS_REQUIRING_HELP: 8,,,,,,,,,,,,,,,,,,,,,,,,
2025-09-15T23:51:42.013156,,,Niemcy,RESUPPLY_OPERATION,,resupply_summary,,,,,,,,,,,,,,,,,,,,,,,,,,RESUPPLY_SUMMARY LOW_FUEL | TOTAL_PE_SPENT: 0 | UNITS_RESUPPLIED: 0/8 | BUDGET_ALLOCATED: 13 | PE_REMAINING: 15,,,,,,,,,,,,,,,,,,,,,,,,
2025-09-15T23:51:42.014305,,,Niemcy,TURN_END,,turn_summary,,,,,,,,,,,9,0,,,,,,,,,,,,advanced,opp=0;groups=4;adv=True,"Turn completed: 0/9 units moved, 4 groups (advanced)",,,,,,,,,,,,,,,,,,,,,,,,
2025-09-15T23:51:42.074204,,,Niemcy,TURN_START,,turn_begin,,,,,,,,,,,,,,,,,,,,,,,,,,AI Commander turn started for player 6,,,,,,,,,,,,,,,,,,,,,,,,
2025-09-15T23:51:42.077570,,,Niemcy,RESUPPLY_NEEDS,,resupply_analysis,,,,,,,,,,,,,,,,,,,,,,,,,,NEEDS_ANALYSIS PRE_RAID_OPTIMIZATION | TOTAL_FUEL_NEEDED: 30 | TOTAL_COMBAT_NEEDED: 0 | TOTAL_PE_NEEDED: 30 | BUDGET_AVAILABLE: 63 | UNITS_REQUIRING_HELP: 10,,,,,,,,,,,,,,,,,,,,,,,,
2025-09-15T23:51:42.077570,,,Niemcy,P_Pluton__6_Sch_tzen_Kompanie,,resupply_detailed,50,4,50,4,,,,,,,,,,,,,,,,,,,,,,phase1 PRE_RAID_OPTIMIZATION | PE_SPENT: fuel=2 combat=0 total=2 | BEFORE: fuel=0 combat=8 | AFTER: fuel=2 combat=8,,,,,,,,,,,,,,,,,,,,,,,,
2025-09-15T23:51:42.078578,,,Niemcy,P_Pluton__6_Infanterie_Regiment,,resupply_detailed,47,4,47,4,,,,,,,,,,,,,,,,,,,,,,phase1 PRE_RAID_OPTIMIZATION | PE_SPENT: fuel=2 combat=0 total=2 | BEFORE: fuel=0 combat=8 | AFTER: fuel=2 combat=8,,,,,,,,,,,,,,,,,,,,,,,,
2025-09-15T23:51:42.078578,,,Niemcy,Z_Pluton__6_Unterst_tzungs_Bataillon_20250913214051,,resupply_detailed,40,12,40,12,,,,,,,,,,,,,,,,,,,,,,phase1 PRE_RAID_OPTIMIZATION | PE_SPENT: fuel=3 combat=0 total=3 | BEFORE: fuel=0 combat=4 | AFTER: fuel=3 combat=4,,,,,,,,,,,,,,,,,,,,,,,,
2025-09-15T23:51:42.078578,,,Niemcy,P_Batalion__6_Infanterie_Regiment,,resupply_detailed,42,10,42,10,,,,,,,,,,,,,,,,,,,,,,phase1 PRE_RAID_OPTIMIZATION | PE_SPENT: fuel=2 combat=0 total=2 | BEFORE: fuel=0 combat=14 | AFTER: fuel=2 combat=14,,,,,,,,,,,,,,,,,,,,,,,,
2025-09-15T23:51:42.078578,,,Niemcy,P_Pluton__6_Grenadier_Bataillon,,resupply_detailed,55,-3,55,-3,,,,,,,,,,,,,,,,,,,,,,phase1 PRE_RAID_OPTIMIZATION | PE_SPENT: fuel=2 combat=0 total=2 | BEFORE: fuel=0 combat=8 | AFTER: fuel=2 combat=8,,,,,,,,,,,,,,,,,,,,,,,,
2025-09-15T23:51:42.078578,,,Niemcy,Z_Batalion__6_Versorgungs_Kompanie,,resupply_detailed,55,-13,55,-13,,,,,,,,,,,,,,,,,,,,,,phase1 PRE_RAID_OPTIMIZATION | PE_SPENT: fuel=3 combat=0 total=3 | BEFORE: fuel=0 combat=7 | AFTER: fuel=3 combat=7,,,,,,,,,,,,,,,,,,,,,,,,
2025-09-15T23:51:42.078578,,,Niemcy,Z_Pluton__6_Unterst_tzungs_Bataillon_20250913214048,,resupply_detailed,51,-12,51,-12,,,,,,,,,,,,,,,,,,,,,,phase1 PRE_RAID_OPTIMIZATION | PE_SPENT: fuel=3 combat=0 total=3 | BEFORE: fuel=0 combat=4 | AFTER: fuel=3 combat=4,,,,,,,,,,,,,,,,,,,,,,,,
2025-09-15T23:51:42.083326,,,Niemcy,P_Kompania__6_Sch_tzen_Kompanie,,resupply_detailed,53,0,53,0,,,,,,,,,,,,,,,,,,,,,,phase1 PRE_RAID_OPTIMIZATION | PE_SPENT: fuel=2 combat=0 total=2 | BEFORE: fuel=0 combat=11 | AFTER: fuel=2 combat=11,,,,,,,,,,,,,,,,,,,,,,,,
2025-09-15T23:51:42.083326,,,Niemcy,Z_Pluton__6_Versorgungs_Kompanie,,resupply_detailed,51,-13,51,-13,,,,,,,,,,,,,,,,,,,,,,phase1 PRE_RAID_OPTIMIZATION | PE_SPENT: fuel=3 combat=0 total=3 | BEFORE: fuel=0 combat=4 | AFTER: fuel=3 combat=4,,,,,,,,,,,,,,,,,,,,,,,,
2025-09-15T23:51:42.083326,,,Niemcy,Z_Pluton__6_Unterst_tzungs_Bataillon,,resupply_detailed,54,-13,54,-13,,,,,,,,,,,,,,,,,,,,,,phase1 PRE_RAID_OPTIMIZATION | PE_SPENT: fuel=3 combat=0 total=3 | BEFORE: fuel=0 combat=4 | AFTER: fuel=3 combat=4,,,,,,,,,,,,,,,,,,,,,,,,
2025-09-15T23:51:42.086233,,,Niemcy,RESUPPLY_OPERATION,,resupply_summary,,,,,,,,,,,,,,,,,,,,,,,,,,RESUPPLY_SUMMARY PRE_RAID_OPTIMIZATION | TOTAL_PE_SPENT: 25 | UNITS_RESUPPLIED: 10/10 | BUDGET_ALLOCATED: 63 | PE_REMAINING: 45,,,,,,,,,,,,,,,,,,,,,,,,
2025-09-15T23:51:42.109158,,target_selection,Niemcy,P_Pluton__6_Sch_tzen_Kompanie,,target_analysis,,,,,48,6,,,,,,,,,,,,,,,,,,,,"Target analysis: 29 candidates, score -1.00",,29,-1,999,,,,,,,,,False,,,,,,,29,29,29,5,2
2025-09-15T23:51:42.115648,,,Niemcy,P_Pluton__6_Sch_tzen_Kompanie,,second_move,,,48,6,,,,,,,,,,,,,,,,,,,,,,second_chance after PRE_RAID_OPTIMIZATION,,,,,,,,,,,,,,,,,,,,,,,,
2025-09-15T23:51:42.156003,,target_selection,Niemcy,P_Pluton__6_Infanterie_Regiment,,target_analysis,,,,,49,4,,,,,,,,,,,,,,,,,,,,"Target analysis: 29 candidates, score -1.00",,29,-1,999,,,,,,,,,False,,,,,,,29,29,29,5,2
2025-09-15T23:51:42.159743,,,Niemcy,P_Pluton__6_Infanterie_Regiment,,second_move,,,49,4,,,,,,,,,,,,,,,,,,,,,,second_chance after PRE_RAID_OPTIMIZATION,,,,,,,,,,,,,,,,,,,,,,,,
2025-09-15T23:51:42.191919,,target_selection,Niemcy,Z_Pluton__6_Unterst_tzungs_Bataillon_20250913214051,,target_analysis,,,,,37,12,,,,,,,,,,,,,,,,,,,,"Target analysis: 29 candidates, score -1.00",,29,-1,999,,,,,,,,,False,,,,,,,29,29,29,8,3
2025-09-15T23:51:42.195611,,,Niemcy,Z_Pluton__6_Unterst_tzungs_Bataillon_20250913214051,,second_move,,,37,12,,,,,,,,,,,,,,,,,,,,,,second_chance after PRE_RAID_OPTIMIZATION,,,,,,,,,,,,,,,,,,,,,,,,
2025-09-15T23:51:42.220238,,target_selection,Niemcy,P_Batalion__6_Infanterie_Regiment,,target_analysis,,,,,40,12,,,,,,,,,,,,,,,,,,,,"Target analysis: 29 candidates, score -1.00",,29,-1,999,,,,,,,,,False,,,,,,,29,29,29,5,2
2025-09-15T23:51:42.228131,,,Niemcy,P_Batalion__6_Infanterie_Regiment,,second_move,,,40,12,,,,,,,,,,,,,,,,,,,,,,second_chance after PRE_RAID_OPTIMIZATION,,,,,,,,,,,,,,,,,,,,,,,,
2025-09-15T23:51:42.249440,,target_selection,Niemcy,P_Pluton__6_Grenadier_Bataillon,,target_analysis,,,,,55,-1,,,,,,,,,,,,,,,,,,,,"Target analysis: 29 candidates, score -1.00",,29,-1,999,,,,,,,,,False,,,,,,,29,29,29,5,2
2025-09-15T23:51:42.256620,,,Niemcy,P_Pluton__6_Grenadier_Bataillon,,second_move,,,55,-1,,,,,,,,,,,,,,,,,,,,,,second_chance after PRE_RAID_OPTIMIZATION,,,,,,,,,,,,,,,,,,,,,,,,
2025-09-15T23:51:42.274096,,target_selection,Niemcy,Z_Batalion__6_Versorgungs_Kompanie,,target_analysis,,,,,55,-16,,,,,,,,,,,,,,,,,,,,"Target analysis: 29 candidates, score -1.00",,29,-1,999,,,,,,,,,False,,,,,,,29,29,29,6,3
2025-09-15T23:51:42.278973,,,Niemcy,Z_Batalion__6_Versorgungs_Kompanie,,second_move,,,55,-16,,,,,,,,,,,,,,,,,,,,,,second_chance after PRE_RAID_OPTIMIZATION,,,,,,,,,,,,,,,,,,,,,,,,
2025-09-15T23:51:42.292333,,target_selection,Niemcy,Z_Pluton__6_Unterst_tzungs_Bataillon_20250913214048,,target_analysis,,,,,52,-13,,,,,,,,,,,,,,,,,,,,"Target analysis: 29 candidates, score 30.00",,29,30.0,1,,,,,,,,,False,,,,"(52, -13)",,,25,29,29,8,3
2025-09-15T23:51:42.296732,,,Niemcy,Z_Pluton__6_Unterst_tzungs_Bataillon_20250913214048,,second_move,,,52,-13,,,,,,,,,,,,,,,,,,,,,,second_chance after PRE_RAID_OPTIMIZATION,,,,,,,,,,,,,,,,,,,,,,,,
2025-09-15T23:51:42.322174,,target_selection,Niemcy,P_Kompania__6_Sch_tzen_Kompanie,,target_analysis,,,,,53,2,,,,,,,,,,,,,,,,,,,,"Target analysis: 29 candidates, score -1.00",,29,-1,999,,,,,,,,,False,,,,,,,29,29,29,5,2
2025-09-15T23:51:42.325716,,,Niemcy,P_Kompania__6_Sch_tzen_Kompanie,,second_move,,,53,2,,,,,,,,,,,,,,,,,,,,,,second_chance after PRE_RAID_OPTIMIZATION,,,,,,,,,,,,,,,,,,,,,,,,
2025-09-15T23:51:42.342371,,target_selection,Niemcy,Z_Pluton__6_Versorgungs_Kompanie,,target_analysis,,,,,51,-12,,,,,,,,,,,,,,,,,,,,"Target analysis: 29 candidates, score 30.00",,29,30.0,1,,,,,,,,,False,,,,"(51, -12)",,,27,29,29,8,3
2025-09-15T23:51:42.347219,,,Niemcy,Z_Pluton__6_Versorgungs_Kompanie,,second_move,,,51,-12,,,,,,,,,,,,,,,,,,,,,,second_chance after PRE_RAID_OPTIMIZATION,,,,,,,,,,,,,,,,,,,,,,,,
2025-09-15T23:51:42.373268,,target_selection,Niemcy,Z_Pluton__6_Unterst_tzungs_Bataillon,,target_analysis,,,,,54,-16,,,,,,,,,,,,,,,,,,,,"Target analysis: 29 candidates, score -1.00",,29,-1,999,,,,,,,,,False,,,,,,,29,29,29,6,3
2025-09-15T23:51:42.376601,,,Niemcy,Z_Pluton__6_Unterst_tzungs_Bataillon,,second_move,,,54,-16,,,,,,,,,,,,,,,,,,,,,,second_chance after PRE_RAID_OPTIMIZATION,,,,,,,,,,,,,,,,,,,,,,,,
2025-09-15T23:51:42.505497,,,Niemcy,RESUPPLY_NEEDS,,resupply_analysis,,,,,,,,,,,,,,,,,,,,,,,,,,NEEDS_ANALYSIS MULTI_TURN_START | TOTAL_FUEL_NEEDED: 15 | TOTAL_COMBAT_NEEDED: 0 | TOTAL_PE_NEEDED: 15 | BUDGET_AVAILABLE: 36 | UNITS_REQUIRING_HELP: 10,,,,,,,,,,,,,,,,,,,,,,,,
2025-09-15T23:51:42.506699,,,Niemcy,P_Pluton__6_Sch_tzen_Kompanie,,resupply_detailed,48,6,48,6,,,,,,,,,,,,,,,,,,,,,,phase1 MULTI_TURN_START | PE_SPENT: fuel=1 combat=0 total=1 | BEFORE: fuel=1 combat=8 | AFTER: fuel=2 combat=8,,,,,,,,,,,,,,,,,,,,,,,,
2025-09-15T23:51:42.507704,,,Niemcy,P_Pluton__6_Infanterie_Regiment,,resupply_detailed,49,4,49,4,,,,,,,,,,,,,,,,,,,,,,phase1 MULTI_TURN_START | PE_SPENT: fuel=1 combat=0 total=1 | BEFORE: fuel=1 combat=8 | AFTER: fuel=2 combat=8,,,,,,,,,,,,,,,,,,,,,,,,
2025-09-15T23:51:42.507704,,,Niemcy,Z_Pluton__6_Unterst_tzungs_Bataillon_20250913214051,,resupply_detailed,37,12,37,12,,,,,,,,,,,,,,,,,,,,,,phase1 MULTI_TURN_START | PE_SPENT: fuel=1 combat=0 total=1 | BEFORE: fuel=2 combat=4 | AFTER: fuel=3 combat=4,,,,,,,,,,,,,,,,,,,,,,,,
2025-09-15T23:51:42.508709,,,Niemcy,P_Batalion__6_Infanterie_Regiment,,resupply_detailed,40,12,40,12,,,,,,,,,,,,,,,,,,,,,,phase1 MULTI_TURN_START | PE_SPENT: fuel=1 combat=0 total=1 | BEFORE: fuel=1 combat=14 | AFTER: fuel=2 combat=14,,,,,,,,,,,,,,,,,,,,,,,,
2025-09-15T23:51:42.509712,,,Niemcy,P_Pluton__6_Grenadier_Bataillon,,resupply_detailed,55,-1,55,-1,,,,,,,,,,,,,,,,,,,,,,phase1 MULTI_TURN_START | PE_SPENT: fuel=1 combat=0 total=1 | BEFORE: fuel=1 combat=8 | AFTER: fuel=2 combat=8,,,,,,,,,,,,,,,,,,,,,,,,
2025-09-15T23:51:42.509712,,,Niemcy,Z_Batalion__6_Versorgungs_Kompanie,,resupply_detailed,55,-16,55,-16,,,,,,,,,,,,,,,,,,,,,,phase1 MULTI_TURN_START | PE_SPENT: fuel=1 combat=0 total=1 | BEFORE: fuel=2 combat=7 | AFTER: fuel=3 combat=7,,,,,,,,,,,,,,,,,,,,,,,,
2025-09-15T23:51:42.510995,,,Niemcy,Z_Pluton__6_Unterst_tzungs_Bataillon_20250913214048,,resupply_detailed,52,-13,52,-13,,,,,,,,,,,,,,,,,,,,,,phase1 MULTI_TURN_START | PE_SPENT: fuel=1 combat=0 total=1 | BEFORE: fuel=2 combat=4 | AFTER: fuel=3 combat=4,,,,,,,,,,,,,,,,,,,,,,,,
2025-09-15T23:51:42.510995,,,Niemcy,P_Kompania__6_Sch_tzen_Kompanie,,resupply_detailed,53,2,53,2,,,,,,,,,,,,,,,,,,,,,,phase1 MULTI_TURN_START | PE_SPENT: fuel=1 combat=0 total=1 | BEFORE: fuel=1 combat=11 | AFTER: fuel=2 combat=11,,,,,,,,,,,,,,,,,,,,,,,,
2025-09-15T23:51:42.510995,,,Niemcy,Z_Pluton__6_Versorgungs_Kompanie,,resupply_detailed,51,-12,51,-12,,,,,,,,,,,,,,,,,,,,,,phase1 MULTI_TURN_START | PE_SPENT: fuel=1 combat=0 total=1 | BEFORE: fuel=2 combat=4 | AFTER: fuel=3 combat=4,,,,,,,,,,,,,,,,,,,,,,,,
2025-09-15T23:51:42.510995,,,Niemcy,Z_Pluton__6_Unterst_tzungs_Bataillon,,resupply_detailed,54,-16,54,-16,,,,,,,,,,,,,,,,,,,,,,phase1 MULTI_TURN_START | PE_SPENT: fuel=1 combat=0 total=1 | BEFORE: fuel=2 combat=4 | AFTER: fuel=3 combat=4,,,,,,,,,,,,,,,,,,,,,,,,
2025-09-15T23:51:42.510995,,,Niemcy,RESUPPLY_OPERATION,,resupply_summary,,,,,,,,,,,,,,,,,,,,,,,,,,RESUPPLY_SUMMARY MULTI_TURN_START | TOTAL_PE_SPENT: 10 | UNITS_RESUPPLIED: 10/10 | BUDGET_ALLOCATED: 36 | PE_REMAINING: 35,,,,,,,,,,,,,,,,,,,,,,,,
2025-09-15T23:51:42.542509,,target_selection,Niemcy,P_Pluton__6_Sch_tzen_Kompanie,,target_analysis,,,,,46,8,,,,,,,,,,,,,,,,,,,,"Target analysis: 29 candidates, score -1.00",,29,-1,999,,,,,,,,,False,,,,,,,29,29,29,4,2
2025-09-15T23:51:42.544914,,,Niemcy,P_Pluton__6_Sch_tzen_Kompanie,,second_move,,,46,8,,,,,,,,,,,,,,,,,,,,,,second_chance after MULTI_TURN_START,,,,,,,,,,,,,,,,,,,,,,,,
2025-09-15T23:51:42.574803,,target_selection,Niemcy,P_Pluton__6_Infanterie_Regiment,,target_analysis,,,,,49,6,,,,,,,,,,,,,,,,,,,,"Target analysis: 29 candidates, score -1.00",,29,-1,999,,,,,,,,,False,,,,,,,29,29,29,4,2
2025-09-15T23:51:42.578010,,,Niemcy,P_Pluton__6_Infanterie_Regiment,,second_move,,,49,6,,,,,,,,,,,,,,,,,,,,,,second_chance after MULTI_TURN_START,,,,,,,,,,,,,,,,,,,,,,,,
2025-09-15T23:51:42.627362,,target_selection,Niemcy,Z_Pluton__6_Unterst_tzungs_Bataillon_20250913214051,,target_analysis,,,,,34,15,,,,,,,,,,,,,,,,,,,,"Target analysis: 29 candidates, score -1.00",,29,-1,999,,,,,,,,,False,,,,,,,29,29,29,7,3
2025-09-15T23:51:42.630956,,,Niemcy,Z_Pluton__6_Unterst_tzungs_Bataillon_20250913214051,,second_move,,,34,15,,,,,,,,,,,,,,,,,,,,,,second_chance after MULTI_TURN_START,,,,,,,,,,,,,,,,,,,,,,,,
2025-09-15T23:51:42.649873,,target_selection,Niemcy,P_Batalion__6_Infanterie_Regiment,,target_analysis,,,,,38,12,,,,,,,,,,,,,,,,,,,,"Target analysis: 29 candidates, score -1.00",,29,-1,999,,,,,,,,,False,,,,,,,29,29,29,4,2
2025-09-15T23:51:42.659781,,,Niemcy,P_Batalion__6_Infanterie_Regiment,,second_move,,,38,12,,,,,,,,,,,,,,,,,,,,,,second_chance after MULTI_TURN_START,,,,,,,,,,,,,,,,,,,,,,,,
2025-09-15T23:51:42.676704,,target_selection,Niemcy,P_Pluton__6_Grenadier_Bataillon,,target_analysis,,,,,53,1,,,,,,,,,,,,,,,,,,,,"Target analysis: 29 candidates, score -1.00",,29,-1,999,,,,,,,,,False,,,,,,,29,29,29,4,2
2025-09-15T23:51:42.681611,,,Niemcy,P_Pluton__6_Grenadier_Bataillon,,second_move,,,53,1,,,,,,,,,,,,,,,,,,,,,,second_chance after MULTI_TURN_START,,,,,,,,,,,,,,,,,,,,,,,,
2025-09-15T23:51:42.700701,,target_selection,Niemcy,Z_Batalion__6_Versorgungs_Kompanie,,target_analysis,,,,,55,-13,,,,,,,,,,,,,,,,,,,,"Target analysis: 29 candidates, score -1.00",,29,-1,999,,,,,,,,,False,,,,,,,29,29,29,5,3
2025-09-15T23:51:42.705074,,,Niemcy,Z_Batalion__6_Versorgungs_Kompanie,,second_move,,,55,-13,,,,,,,,,,,,,,,,,,,,,,second_chance after MULTI_TURN_START,,,,,,,,,,,,,,,,,,,,,,,,
2025-09-15T23:51:42.727284,,target_selection,Niemcy,Z_Pluton__6_Unterst_tzungs_Bataillon_20250913214048,,target_analysis,,,,,51,-13,,,,,,,,,,,,,,,,,,,,"Target analysis: 29 candidates, score 30.00",,29,30.0,1,,,,,,,,,False,,,,"(51, -13)",,,28,29,29,7,3
2025-09-15T23:51:42.730963,,,Niemcy,Z_Pluton__6_Unterst_tzungs_Bataillon_20250913214048,,second_move,,,51,-13,,,,,,,,,,,,,,,,,,,,,,second_chance after MULTI_TURN_START,,,,,,,,,,,,,,,,,,,,,,,,
2025-09-15T23:51:42.745855,,target_selection,Niemcy,P_Kompania__6_Sch_tzen_Kompanie,,target_analysis,,,,,53,4,,,,,,,,,,,,,,,,,,,,"Target analysis: 29 candidates, score -1.00",,29,-1,999,,,,,,,,,False,,,,,,,29,29,29,4,2
2025-09-15T23:51:42.749652,,,Niemcy,P_Kompania__6_Sch_tzen_Kompanie,,second_move,,,53,4,,,,,,,,,,,,,,,,,,,,,,second_chance after MULTI_TURN_START,,,,,,,,,,,,,,,,,,,,,,,,
2025-09-15T23:51:42.761486,,target_selection,Niemcy,Z_Pluton__6_Versorgungs_Kompanie,,target_analysis,,,,,52,-13,,,,,,,,,,,,,,,,,,,,"Target analysis: 29 candidates, score 30.00",,29,30.0,1,,,,,,,,,False,,,,"(52, -13)",,,25,29,29,7,3
2025-09-15T23:51:42.767593,,,Niemcy,Z_Pluton__6_Versorgungs_Kompanie,,second_move,,,52,-13,,,,,,,,,,,,,,,,,,,,,,second_chance after MULTI_TURN_START,,,,,,,,,,,,,,,,,,,,,,,,
2025-09-15T23:51:42.797684,,target_selection,Niemcy,Z_Pluton__6_Unterst_tzungs_Bataillon,,target_analysis,,,,,54,-13,,,,,,,,,,,,,,,,,,,,"Target analysis: 29 candidates, score -1.00",,29,-1,999,,,,,,,,,False,,,,,,,29,29,29,5,3
2025-09-15T23:51:42.802994,,,Niemcy,Z_Pluton__6_Unterst_tzungs_Bataillon,,second_move,,,54,-13,,,,,,,,,,,,,,,,,,,,,,second_chance after MULTI_TURN_START,,,,,,,,,,,,,,,,,,,,,,,,
2025-09-15T23:51:42.811501,,,Niemcy,RESUPPLY_NEEDS,,resupply_analysis,,,,,,,,,,,,,,,,,,,,,,,,,,NEEDS_ANALYSIS PRE_RAID_OPTIMIZATION | TOTAL_FUEL_NEEDED: 16 | TOTAL_COMBAT_NEEDED: 0 | TOTAL_PE_NEEDED: 16 | BUDGET_AVAILABLE: 28 | UNITS_REQUIRING_HELP: 10,,,,,,,,,,,,,,,,,,,,,,,,
2025-09-15T23:51:42.811501,,,Niemcy,Z_Pluton__6_Unterst_tzungs_Bataillon_20250913214051,,resupply_detailed,39,12,39,12,,,,,,,,,,,,,,,,,,,,,,phase1 PRE_RAID_OPTIMIZATION | PE_SPENT: fuel=2 combat=0 total=2 | BEFORE: fuel=1 combat=4 | AFTER: fuel=3 combat=4,,,,,,,,,,,,,,,,,,,,,,,,
2025-09-15T23:51:42.811501,,,Niemcy,P_Pluton__6_Sch_tzen_Kompanie,,resupply_detailed,46,8,46,8,,,,,,,,,,,,,,,,,,,,,,phase1 PRE_RAID_OPTIMIZATION | PE_SPENT: fuel=1 combat=0 total=1 | BEFORE: fuel=1 combat=8 | AFTER: fuel=2 combat=8,,,,,,,,,,,,,,,,,,,,,,,,
2025-09-15T23:51:42.811501,,,Niemcy,P_Pluton__6_Infanterie_Regiment,,resupply_detailed,49,6,49,6,,,,,,,,,,,,,,,,,,,,,,phase1 PRE_RAID_OPTIMIZATION | PE_SPENT: fuel=1 combat=0 total=1 | BEFORE: fuel=1 combat=8 | AFTER: fuel=2 combat=8,,,,,,,,,,,,,,,,,,,,,,,,
2025-09-15T23:51:42.811501,,,Niemcy,P_Batalion__6_Infanterie_Regiment,,resupply_detailed,38,12,38,12,,,,,,,,,,,,,,,,,,,,,,phase1 PRE_RAID_OPTIMIZATION | PE_SPENT: fuel=1 combat=0 total=1 | BEFORE: fuel=1 combat=14 | AFTER: fuel=2 combat=14,,,,,,,,,,,,,,,,,,,,,,,,
2025-09-15T23:51:42.811501,,,Niemcy,P_Pluton__6_Grenadier_Bataillon,,resupply_detailed,53,1,53,1,,,,,,,,,,,,,,,,,,,,,,phase1 PRE_RAID_OPTIMIZATION | PE_SPENT: fuel=1 combat=0 total=1 | BEFORE: fuel=1 combat=8 | AFTER: fuel=2 combat=8,,,,,,,,,,,,,,,,,,,,,,,,
2025-09-15T23:51:42.811501,,,Niemcy,Z_Batalion__6_Versorgungs_Kompanie,,resupply_detailed,55,-13,55,-13,,,,,,,,,,,,,,,,,,,,,,phase1 PRE_RAID_OPTIMIZATION | PE_SPENT: fuel=1 combat=0 total=1 | BEFORE: fuel=2 combat=7 | AFTER: fuel=3 combat=7,,,,,,,,,,,,,,,,,,,,,,,,
2025-09-15T23:51:42.811501,,,Niemcy,Z_Pluton__6_Unterst_tzungs_Bataillon_20250913214048,,resupply_detailed,51,-13,51,-13,,,,,,,,,,,,,,,,,,,,,,phase1 PRE_RAID_OPTIMIZATION | PE_SPENT: fuel=1 combat=0 total=1 | BEFORE: fuel=2 combat=4 | AFTER: fuel=3 combat=4,,,,,,,,,,,,,,,,,,,,,,,,
2025-09-15T23:51:42.811501,,,Niemcy,P_Kompania__6_Sch_tzen_Kompanie,,resupply_detailed,53,4,53,4,,,,,,,,,,,,,,,,,,,,,,phase1 PRE_RAID_OPTIMIZATION | PE_SPENT: fuel=1 combat=0 total=1 | BEFORE: fuel=1 combat=11 | AFTER: fuel=2 combat=11,,,,,,,,,,,,,,,,,,,,,,,,
2025-09-15T23:51:42.811501,,,Niemcy,Z_Pluton__6_Versorgungs_Kompanie,,resupply_detailed,52,-13,52,-13,,,,,,,,,,,,,,,,,,,,,,phase1 PRE_RAID_OPTIMIZATION | PE_SPENT: fuel=1 combat=0 total=1 | BEFORE: fuel=2 combat=4 | AFTER: fuel=3 combat=4,,,,,,,,,,,,,,,,,,,,,,,,
2025-09-15T23:51:42.819282,,,Niemcy,Z_Pluton__6_Unterst_tzungs_Bataillon,,resupply_detailed,54,-13,54,-13,,,,,,,,,,,,,,,,,,,,,,phase1 PRE_RAID_OPTIMIZATION | PE_SPENT: fuel=1 combat=0 total=1 | BEFORE: fuel=2 combat=4 | AFTER: fuel=3 combat=4,,,,,,,,,,,,,,,,,,,,,,,,
2025-09-15T23:51:42.822887,,,Niemcy,RESUPPLY_OPERATION,,resupply_summary,,,,,,,,,,,,,,,,,,,,,,,,,,RESUPPLY_SUMMARY PRE_RAID_OPTIMIZATION | TOTAL_PE_SPENT: 11 | UNITS_RESUPPLIED: 10/10 | BUDGET_ALLOCATED: 28 | PE_REMAINING: 24,,,,,,,,,,,,,,,,,,,,,,,,
2025-09-15T23:51:42.859829,,target_selection,Niemcy,Z_Pluton__6_Unterst_tzungs_Bataillon_20250913214051,,target_analysis,,,,,36,15,,,,,,,,,,,,,,,,,,,,"Target analysis: 29 candidates, score -1.00",,29,-1,999,,,,,,,,,False,,,,,,,29,29,29,9,3
2025-09-15T23:51:42.864270,,,Niemcy,Z_Pluton__6_Unterst_tzungs_Bataillon_20250913214051,,second_move,,,36,15,,,,,,,,,,,,,,,,,,,,,,second_chance after PRE_RAID_OPTIMIZATION,,,,,,,,,,,,,,,,,,,,,,,,
2025-09-15T23:51:42.882010,,target_selection,Niemcy,P_Pluton__6_Sch_tzen_Kompanie,,target_analysis,,,,,44,8,,,,,,,,,,,,,,,,,,,,"Target analysis: 29 candidates, score -1.00",,29,-1,999,,,,,,,,,False,,,,,,,29,29,29,3,2
2025-09-15T23:51:42.885207,,,Niemcy,P_Pluton__6_Sch_tzen_Kompanie,,second_move,,,44,8,,,,,,,,,,,,,,,,,,,,,,second_chance after PRE_RAID_OPTIMIZATION,,,,,,,,,,,,,,,,,,,,,,,,
2025-09-15T23:51:42.907224,,target_selection,Niemcy,P_Pluton__6_Infanterie_Regiment,,target_analysis,,,,,47,6,,,,,,,,,,,,,,,,,,,,"Target analysis: 29 candidates, score -1.00",,29,-1,999,,,,,,,,,False,,,,,,,29,29,29,3,2
2025-09-15T23:51:42.910790,,,Niemcy,P_Pluton__6_Infanterie_Regiment,,second_move,,,47,6,,,,,,,,,,,,,,,,,,,,,,second_chance after PRE_RAID_OPTIMIZATION,,,,,,,,,,,,,,,,,,,,,,,,
2025-09-15T23:51:42.929957,,target_selection,Niemcy,P_Batalion__6_Infanterie_Regiment,,target_analysis,,,,,40,12,,,,,,,,,,,,,,,,,,,,"Target analysis: 29 candidates, score -1.00",,29,-1,999,,,,,,,,,False,,,,,,,29,29,29,3,2
2025-09-15T23:51:42.939651,,,Niemcy,P_Batalion__6_Infanterie_Regiment,,second_move,,,40,12,,,,,,,,,,,,,,,,,,,,,,second_chance after PRE_RAID_OPTIMIZATION,,,,,,,,,,,,,,,,,,,,,,,,
2025-09-15T23:51:42.959078,,target_selection,Niemcy,P_Pluton__6_Grenadier_Bataillon,,target_analysis,,,,,53,3,,,,,,,,,,,,,,,,,,,,"Target analysis: 29 candidates, score -1.00",,29,-1,999,,,,,,,,,False,,,,,,,29,29,29,3,2
2025-09-15T23:51:42.962467,,,Niemcy,P_Pluton__6_Grenadier_Bataillon,,second_move,,,53,3,,,,,,,,,,,,,,,,,,,,,,second_chance after PRE_RAID_OPTIMIZATION,,,,,,,,,,,,,,,,,,,,,,,,
2025-09-15T23:51:42.981918,,target_selection,Niemcy,Z_Batalion__6_Versorgungs_Kompanie,,target_analysis,,,,,55,-16,,,,,,,,,,,,,,,,,,,,"Target analysis: 29 candidates, score -1.00",,29,-1,999,,,,,,,,,False,,,,,,,29,29,29,4,3
2025-09-15T23:51:42.985064,,,Niemcy,Z_Batalion__6_Versorgungs_Kompanie,,second_move,,,55,-16,,,,,,,,,,,,,,,,,,,,,,second_chance after PRE_RAID_OPTIMIZATION,,,,,,,,,,,,,,,,,,,,,,,,
2025-09-15T23:51:43.006244,,target_selection,Niemcy,Z_Pluton__6_Unterst_tzungs_Bataillon_20250913214048,,target_analysis,,,,,51,-12,,,,,,,,,,,,,,,,,,,,"Target analysis: 29 candidates, score 30.00",,29,30.0,1,,,,,,,,,False,,,,"(51, -12)",,,27,29,29,6,3
2025-09-15T23:51:43.010298,,,Niemcy,Z_Pluton__6_Unterst_tzungs_Bataillon_20250913214048,,second_move,,,51,-12,,,,,,,,,,,,,,,,,,,,,,second_chance after PRE_RAID_OPTIMIZATION,,,,,,,,,,,,,,,,,,,,,,,,
2025-09-15T23:51:43.021728,,target_selection,Niemcy,P_Kompania__6_Sch_tzen_Kompanie,,target_analysis,,,,,51,6,,,,,,,,,,,,,,,,,,,,"Target analysis: 29 candidates, score -1.00",,29,-1,999,,,,,,,,,False,,,,,,,29,29,29,3,2
2025-09-15T23:51:43.027711,,,Niemcy,P_Kompania__6_Sch_tzen_Kompanie,,second_move,,,51,6,,,,,,,,,,,,,,,,,,,,,,second_chance after PRE_RAID_OPTIMIZATION,,,,,,,,,,,,,,,,,,,,,,,,
2025-09-15T23:51:43.045832,,target_selection,Niemcy,Z_Pluton__6_Versorgungs_Kompanie,,target_analysis,,,,,51,-13,,,,,,,,,,,,,,,,,,,,"Target analysis: 29 candidates, score 30.00",,29,30.0,1,,,,,,,,,False,,,,"(51, -13)",,,28,29,29,6,3
2025-09-15T23:51:43.049245,,,Niemcy,Z_Pluton__6_Versorgungs_Kompanie,,second_move,,,51,-13,,,,,,,,,,,,,,,,,,,,,,second_chance after PRE_RAID_OPTIMIZATION,,,,,,,,,,,,,,,,,,,,,,,,
2025-09-15T23:51:43.072863,,target_selection,Niemcy,Z_Pluton__6_Unterst_tzungs_Bataillon,,target_analysis,,,,,54,-16,,,,,,,,,,,,,,,,,,,,"Target analysis: 29 candidates, score -1.00",,29,-1,999,,,,,,,,,False,,,,,,,29,29,29,4,3
2025-09-15T23:51:43.077012,,,Niemcy,Z_Pluton__6_Unterst_tzungs_Bataillon,,second_move,,,54,-16,,,,,,,,,,,,,,,,,,,,,,second_chance after PRE_RAID_OPTIMIZATION,,,,,,,,,,,,,,,,,,,,,,,,
2025-09-15T23:51:43.108389,,,Niemcy,RESUPPLY_NEEDS,,resupply_analysis,,,,,,,,,,,,,,,,,,,,,,,,,,NEEDS_ANALYSIS MULTI_TURN_START | TOTAL_FUEL_NEEDED: 15 | TOTAL_COMBAT_NEEDED: 0 | TOTAL_PE_NEEDED: 15 | BUDGET_AVAILABLE: 19 | UNITS_REQUIRING_HELP: 10,,,,,,,,,,,,,,,,,,,,,,,,
2025-09-15T23:51:43.109579,,,Niemcy,RESUPPLY_OPERATION,,resupply_summary,,,,,,,,,,,,,,,,,,,,,,,,,,RESUPPLY_SUMMARY MULTI_TURN_START | TOTAL_PE_SPENT: 0 | UNITS_RESUPPLIED: 0/10 | BUDGET_ALLOCATED: 19 | PE_REMAINING: 24,,,,,,,,,,,,,,,,,,,,,,,,
2025-09-15T23:51:43.121162,,target_selection,Niemcy,P_Pluton__6_Sch_tzen_Kompanie,,target_analysis,,,,,45,8,,,,,,,,,,,,,,,,,,,,"Target analysis: 29 candidates, score -1.00",,29,-1,999,,,,,,,,,False,,,,,,,29,29,29,2,1
2025-09-15T23:51:43.125669,,,Niemcy,P_Pluton__6_Sch_tzen_Kompanie,,second_move,,,45,8,,,,,,,,,,,,,,,,,,,,,,second_chance after MULTI_TURN_START,,,,,,,,,,,,,,,,,,,,,,,,
2025-09-15T23:51:43.140523,,target_selection,Niemcy,P_Pluton__6_Infanterie_Regiment,,target_analysis,,,,,48,6,,,,,,,,,,,,,,,,,,,,"Target analysis: 29 candidates, score -1.00",,29,-1,999,,,,,,,,,False,,,,,,,29,29,29,2,1
2025-09-15T23:51:43.143931,,,Niemcy,P_Pluton__6_Infanterie_Regiment,,second_move,,,48,6,,,,,,,,,,,,,,,,,,,,,,second_chance after MULTI_TURN_START,,,,,,,,,,,,,,,,,,,,,,,,
2025-09-15T23:51:43.154171,,target_selection,Niemcy,Z_Pluton__6_Unterst_tzungs_Bataillon_20250913214051,,target_analysis,,,,,36,13,,,,,,,,,,,,,,,,,,,,"Target analysis: 29 candidates, score -1.00",,29,-1,999,,,,,,,,,False,,,,,,,29,29,29,4,2
2025-09-15T23:51:43.160310,,,Niemcy,Z_Pluton__6_Unterst_tzungs_Bataillon_20250913214051,,second_move,,,36,13,,,,,,,,,,,,,,,,,,,,,,second_chance after MULTI_TURN_START,,,,,,,,,,,,,,,,,,,,,,,,
2025-09-15T23:51:43.170070,,target_selection,Niemcy,P_Batalion__6_Infanterie_Regiment,,target_analysis,,,,,41,12,,,,,,,,,,,,,,,,,,,,"Target analysis: 29 candidates, score -1.00",,29,-1,999,,,,,,,,,False,,,,,,,29,29,29,2,1
2025-09-15T23:51:43.175912,,,Niemcy,P_Batalion__6_Infanterie_Regiment,,second_move,,,41,12,,,,,,,,,,,,,,,,,,,,,,second_chance after MULTI_TURN_START,,,,,,,,,,,,,,,,,,,,,,,,
2025-09-15T23:51:43.368499,,target_selection,Niemcy,P_Pluton__6_Grenadier_Bataillon,,target_analysis,,,,,53,4,,,,,,,,,,,,,,,,,,,,"Target analysis: 29 candidates, score -1.00",,29,-1,999,,,,,,,,,False,,,,,,,29,29,29,2,1
2025-09-15T23:51:43.374692,,,Niemcy,P_Pluton__6_Grenadier_Bataillon,,second_move,,,53,4,,,,,,,,,,,,,,,,,,,,,,second_chance after MULTI_TURN_START,,,,,,,,,,,,,,,,,,,,,,,,
2025-09-15T23:51:43.408227,,target_selection,Niemcy,Z_Batalion__6_Versorgungs_Kompanie,,target_analysis,,,,,55,-14,,,,,,,,,,,,,,,,,,,,"Target analysis: 29 candidates, score -1.00",,29,-1,999,,,,,,,,,False,,,,,,,29,29,29,3,2
2025-09-15T23:51:43.424363,,,Niemcy,Z_Batalion__6_Versorgungs_Kompanie,,second_move,,,55,-14,,,,,,,,,,,,,,,,,,,,,,second_chance after MULTI_TURN_START,,,,,,,,,,,,,,,,,,,,,,,,
2025-09-15T23:51:43.440831,,target_selection,Niemcy,Z_Pluton__6_Unterst_tzungs_Bataillon_20250913214048,,target_analysis,,,,,52,-12,,,,,,,,,,,,,,,,,,,,"Target analysis: 29 candidates, score -1.00",,29,-1,999,,,,,,,,,False,,,,,,,29,29,29,5,2
2025-09-15T23:51:43.444137,,,Niemcy,Z_Pluton__6_Unterst_tzungs_Bataillon_20250913214048,,second_move,,,52,-12,,,,,,,,,,,,,,,,,,,,,,second_chance after MULTI_TURN_START,,,,,,,,,,,,,,,,,,,,,,,,
2025-09-15T23:51:43.457744,,target_selection,Niemcy,P_Kompania__6_Sch_tzen_Kompanie,,target_analysis,,,,,52,6,,,,,,,,,,,,,,,,,,,,"Target analysis: 29 candidates, score -1.00",,29,-1,999,,,,,,,,,False,,,,,,,29,29,29,2,1
2025-09-15T23:51:43.461181,,,Niemcy,P_Kompania__6_Sch_tzen_Kompanie,,second_move,,,52,6,,,,,,,,,,,,,,,,,,,,,,second_chance after MULTI_TURN_START,,,,,,,,,,,,,,,,,,,,,,,,
2025-09-15T23:51:43.473151,,target_selection,Niemcy,Z_Pluton__6_Versorgungs_Kompanie,,target_analysis,,,,,51,-12,,,,,,,,,,,,,,,,,,,,"Target analysis: 29 candidates, score 30.00",,29,30.0,1,,,,,,,,,False,,,,"(51, -12)",,,28,29,29,5,2
2025-09-15T23:51:43.476672,,,Niemcy,Z_Pluton__6_Versorgungs_Kompanie,,second_move,,,51,-12,,,,,,,,,,,,,,,,,,,,,,second_chance after MULTI_TURN_START,,,,,,,,,,,,,,,,,,,,,,,,
2025-09-15T23:51:43.491920,,target_selection,Niemcy,Z_Pluton__6_Unterst_tzungs_Bataillon,,target_analysis,,,,,54,-14,,,,,,,,,,,,,,,,,,,,"Target analysis: 29 candidates, score -1.00",,29,-1,999,,,,,,,,,False,,,,,,,29,29,29,3,2
2025-09-15T23:51:43.496101,,,Niemcy,Z_Pluton__6_Unterst_tzungs_Bataillon,,second_move,,,54,-14,,,,,,,,,,,,,,,,,,,,,,second_chance after MULTI_TURN_START,,,,,,,,,,,,,,,,,,,,,,,,
2025-09-15T23:51:43.500775,,,Niemcy,RESUPPLY_NEEDS,,resupply_analysis,,,,,,,,,,,,,,,,,,,,,,,,,,NEEDS_ANALYSIS PRE_RAID_OPTIMIZATION | TOTAL_FUEL_NEEDED: 26 | TOTAL_COMBAT_NEEDED: 0 | TOTAL_PE_NEEDED: 26 | BUDGET_AVAILABLE: 21 | UNITS_REQUIRING_HELP: 10,,,,,,,,,,,,,,,,,,,,,,,,
2025-09-15T23:51:43.503769,,,Niemcy,RESUPPLY_OPERATION,,resupply_summary,,,,,,,,,,,,,,,,,,,,,,,,,,RESUPPLY_SUMMARY PRE_RAID_OPTIMIZATION | TOTAL_PE_SPENT: 0 | UNITS_RESUPPLIED: 0/10 | BUDGET_ALLOCATED: 21 | PE_REMAINING: 24,,,,,,,,,,,,,,,,,,,,,,,,
2025-09-15T23:51:43.515166,,target_selection,Niemcy,Z_Pluton__6_Unterst_tzungs_Bataillon_20250913214051,,target_analysis,,,,,36,14,,,,,,,,,,,,,,,,,,,,"Target analysis: 29 candidates, score -1.00",,29,-1,999,,,,,,,,,False,,,,,,,29,29,29,3,1
2025-09-15T23:51:43.520412,,,Niemcy,Z_Pluton__6_Unterst_tzungs_Bataillon_20250913214051,,second_move,,,36,14,,,,,,,,,,,,,,,,,,,,,,second_chance after PRE_RAID_OPTIMIZATION,,,,,,,,,,,,,,,,,,,,,,,,
2025-09-15T23:51:43.527930,,target_selection,Niemcy,Z_Pluton__6_Unterst_tzungs_Bataillon_20250913214048,,target_analysis,,,,,,,,,,,,,,,,,,,,,,,,,,"Target analysis: 29 candidates, score -1.00",,29,-1,999,,,,,,,,,False,,,,,,,29,29,29,4,1
2025-09-15T23:51:43.534260,,target_selection,Niemcy,Z_Pluton__6_Versorgungs_Kompanie,,target_analysis,,,,,51,-13,,,,,,,,,,,,,,,,,,,,"Target analysis: 29 candidates, score 30.00",,29,30.0,1,,,,,,,,,False,,,,"(51, -13)",,,28,29,29,4,1
2025-09-15T23:51:43.539711,,,Niemcy,Z_Pluton__6_Versorgungs_Kompanie,,second_move,,,51,-13,,,,,,,,,,,,,,,,,,,,,,second_chance after PRE_RAID_OPTIMIZATION,,,,,,,,,,,,,,,,,,,,,,,,
2025-09-15T23:51:43.547560,,target_selection,Niemcy,Z_Pluton__6_Unterst_tzungs_Bataillon,,target_analysis,,,,,55,-14,,,,,,,,,,,,,,,,,,,,"Target analysis: 29 candidates, score -1.00",,29,-1,999,,,,,,,,,False,,,,,,,29,29,29,2,1
2025-09-15T23:51:43.556205,,,Niemcy,Z_Pluton__6_Unterst_tzungs_Bataillon,,second_move,,,55,-14,,,,,,,,,,,,,,,,,,,,,,second_chance after PRE_RAID_OPTIMIZATION,,,,,,,,,,,,,,,,,,,,,,,,
2025-09-15T23:51:43.556205,,,Niemcy,RESUPPLY_NEEDS,,resupply_analysis,,,,,,,,,,,,,,,,,,,,,,,,,,NEEDS_ANALYSIS LOW_FUEL | TOTAL_FUEL_NEEDED: 29 | TOTAL_COMBAT_NEEDED: 0 | TOTAL_PE_NEEDED: 29 | BUDGET_AVAILABLE: 21 | UNITS_REQUIRING_HELP: 10,,,,,,,,,,,,,,,,,,,,,,,,
2025-09-15T23:51:43.556205,,,Niemcy,RESUPPLY_OPERATION,,resupply_summary,,,,,,,,,,,,,,,,,,,,,,,,,,RESUPPLY_SUMMARY LOW_FUEL | TOTAL_PE_SPENT: 0 | UNITS_RESUPPLIED: 0/10 | BUDGET_ALLOCATED: 21 | PE_REMAINING: 24,,,,,,,,,,,,,,,,,,,,,,,,
2025-09-15T23:51:43.566209,,target_selection,Niemcy,Z_Pluton__6_Unterst_tzungs_Bataillon_20250913214048,,target_analysis,,,,,51,-12,,,,,,,,,,,,,,,,,,,,"Target analysis: 29 candidates, score 30.00",,29,30.0,1,,,,,,,,,False,,,,"(51, -12)",,,28,29,29,4,1
2025-09-15T23:51:43.570476,,,Niemcy,Z_Pluton__6_Unterst_tzungs_Bataillon_20250913214048,,second_move,,,51,-12,,,,,,,,,,,,,,,,,,,,,,second_chance after LOW_FUEL,,,,,,,,,,,,,,,,,,,,,,,,
2025-09-15T23:51:43.574143,,,Niemcy,RESUPPLY_NEEDS,,resupply_analysis,,,,,,,,,,,,,,,,,,,,,,,,,,NEEDS_ANALYSIS PRE_RAID_OPTIMIZATION | TOTAL_FUEL_NEEDED: 30 | TOTAL_COMBAT_NEEDED: 0 | TOTAL_PE_NEEDED: 30 | BUDGET_AVAILABLE: 21 | UNITS_REQUIRING_HELP: 10,,,,,,,,,,,,,,,,,,,,,,,,
2025-09-15T23:51:43.575449,,,Niemcy,RESUPPLY_OPERATION,,resupply_summary,,,,,,,,,,,,,,,,,,,,,,,,,,RESUPPLY_SUMMARY PRE_RAID_OPTIMIZATION | TOTAL_PE_SPENT: 0 | UNITS_RESUPPLIED: 0/10 | BUDGET_ALLOCATED: 21 | PE_REMAINING: 24,,,,,,,,,,,,,,,,,,,,,,,,
2025-09-15T23:51:43.576849,,,Niemcy,RESUPPLY_NEEDS,,resupply_analysis,,,,,,,,,,,,,,,,,,,,,,,,,,NEEDS_ANALYSIS LOW_FUEL | TOTAL_FUEL_NEEDED: 30 | TOTAL_COMBAT_NEEDED: 0 | TOTAL_PE_NEEDED: 30 | BUDGET_AVAILABLE: 21 | UNITS_REQUIRING_HELP: 10,,,,,,,,,,,,,,,,,,,,,,,,
2025-09-15T23:51:43.577932,,,Niemcy,RESUPPLY_OPERATION,,resupply_summary,,,,,,,,,,,,,,,,,,,,,,,,,,RESUPPLY_SUMMARY LOW_FUEL | TOTAL_PE_SPENT: 0 | UNITS_RESUPPLIED: 0/10 | BUDGET_ALLOCATED: 21 | PE_REMAINING: 24,,,,,,,,,,,,,,,,,,,,,,,,
2025-09-15T23:51:43.579717,,,Niemcy,RESUPPLY_NEEDS,,resupply_analysis,,,,,,,,,,,,,,,,,,,,,,,,,,NEEDS_ANALYSIS PRE_RAID_OPTIMIZATION | TOTAL_FUEL_NEEDED: 30 | TOTAL_COMBAT_NEEDED: 0 | TOTAL_PE_NEEDED: 30 | BUDGET_AVAILABLE: 21 | UNITS_REQUIRING_HELP: 10,,,,,,,,,,,,,,,,,,,,,,,,
2025-09-15T23:51:43.580842,,,Niemcy,RESUPPLY_OPERATION,,resupply_summary,,,,,,,,,,,,,,,,,,,,,,,,,,RESUPPLY_SUMMARY PRE_RAID_OPTIMIZATION | TOTAL_PE_SPENT: 0 | UNITS_RESUPPLIED: 0/10 | BUDGET_ALLOCATED: 21 | PE_REMAINING: 24,,,,,,,,,,,,,,,,,,,,,,,,
2025-09-15T23:51:43.581880,,,Niemcy,RESUPPLY_NEEDS,,resupply_analysis,,,,,,,,,,,,,,,,,,,,,,,,,,NEEDS_ANALYSIS LOW_FUEL | TOTAL_FUEL_NEEDED: 30 | TOTAL_COMBAT_NEEDED: 0 | TOTAL_PE_NEEDED: 30 | BUDGET_AVAILABLE: 21 | UNITS_REQUIRING_HELP: 10,,,,,,,,,,,,,,,,,,,,,,,,
2025-09-15T23:51:43.582888,,,Niemcy,RESUPPLY_OPERATION,,resupply_summary,,,,,,,,,,,,,,,,,,,,,,,,,,RESUPPLY_SUMMARY LOW_FUEL | TOTAL_PE_SPENT: 0 | UNITS_RESUPPLIED: 0/10 | BUDGET_ALLOCATED: 21 | PE_REMAINING: 24,,,,,,,,,,,,,,,,,,,,,,,,
2025-09-15T23:51:43.641497,,strategy,Niemcy,STRATEGY,,strategic_decision,,,,,,,,,,,,,,,,,,,,,,,,,,"Strategy: REASSIGNMENT, aggression 0.50, 5 groups, 0 reassignments",,,,,,,,,REASSIGNMENT,0.5,,,,,,adaptive,,0,dynamic_reassignment,,,,,
2025-09-15T23:51:43.649947,,strategy,Niemcy,STRATEGY,,strategic_decision,,,,,,,,,,,,,,,,,,,,,,,,,,"Strategy: REASSIGNMENT, aggression 0.50, 5 groups, 0 reassignments",,,,,,,,,REASSIGNMENT,0.5,,,,,,adaptive,,0,dynamic_reassignment,,,,,
2025-09-15T23:51:43.656408,,strategy,Niemcy,STRATEGY,,strategic_decision,,,,,,,,,,,,,,,,,,,,,,,,,,"Strategy: REASSIGNMENT, aggression 0.50, 1 groups, 0 reassignments",,,,,,,,,REASSIGNMENT,0.5,,,,,,adaptive,,0,dynamic_reassignment,,,,,
2025-09-15T23:51:43.663186,,target_selection,Niemcy,P_Pluton__6_Sch_tzen_Kompanie,,target_analysis,,,,,,,,,,,,,,,,,,,,,,,,,,"Target analysis: 29 candidates, score -1.00",,29,-1,999,,,,,,,,,False,,,,,,,29,29,29,5,0
2025-09-15T23:51:43.664196,,,Niemcy,RESUPPLY_NEEDS,,resupply_analysis,,,,,,,,,,,,,,,,,,,,,,,,,,NEEDS_ANALYSIS LOW_FUEL | TOTAL_FUEL_NEEDED: 30 | TOTAL_COMBAT_NEEDED: 0 | TOTAL_PE_NEEDED: 30 | BUDGET_AVAILABLE: 21 | UNITS_REQUIRING_HELP: 10,,,,,,,,,,,,,,,,,,,,,,,,
2025-09-15T23:51:43.665241,,,Niemcy,RESUPPLY_OPERATION,,resupply_summary,,,,,,,,,,,,,,,,,,,,,,,,,,RESUPPLY_SUMMARY LOW_FUEL | TOTAL_PE_SPENT: 0 | UNITS_RESUPPLIED: 0/10 | BUDGET_ALLOCATED: 21 | PE_REMAINING: 24,,,,,,,,,,,,,,,,,,,,,,,,
2025-09-15T23:51:43.667825,,,Niemcy,RESUPPLY_NEEDS,,resupply_analysis,,,,,,,,,,,,,,,,,,,,,,,,,,NEEDS_ANALYSIS LOW_FUEL | TOTAL_FUEL_NEEDED: 30 | TOTAL_COMBAT_NEEDED: 0 | TOTAL_PE_NEEDED: 30 | BUDGET_AVAILABLE: 21 | UNITS_REQUIRING_HELP: 10,,,,,,,,,,,,,,,,,,,,,,,,
2025-09-15T23:51:43.667825,,,Niemcy,RESUPPLY_OPERATION,,resupply_summary,,,,,,,,,,,,,,,,,,,,,,,,,,RESUPPLY_SUMMARY LOW_FUEL | TOTAL_PE_SPENT: 0 | UNITS_RESUPPLIED: 0/10 | BUDGET_ALLOCATED: 21 | PE_REMAINING: 24,,,,,,,,,,,,,,,,,,,,,,,,
2025-09-15T23:51:43.673947,,strategy,Niemcy,STRATEGY,,strategic_decision,,,,,,,,,,,,,,,,,,,,,,,,,,"Strategy: REASSIGNMENT, aggression 0.50, 1 groups, 0 reassignments",,,,,,,,,REASSIGNMENT,0.5,,,,,,adaptive,,0,dynamic_reassignment,,,,,
2025-09-15T23:51:43.679781,,target_selection,Niemcy,P_Batalion__6_Infanterie_Regiment,,target_analysis,,,,,,,,,,,,,,,,,,,,,,,,,,"Target analysis: 29 candidates, score -1.00",,29,-1,999,,,,,,,,,False,,,,,,,29,29,29,5,0
2025-09-15T23:51:43.679781,,,Niemcy,RESUPPLY_NEEDS,,resupply_analysis,,,,,,,,,,,,,,,,,,,,,,,,,,NEEDS_ANALYSIS LOW_FUEL | TOTAL_FUEL_NEEDED: 30 | TOTAL_COMBAT_NEEDED: 0 | TOTAL_PE_NEEDED: 30 | BUDGET_AVAILABLE: 21 | UNITS_REQUIRING_HELP: 10,,,,,,,,,,,,,,,,,,,,,,,,
2025-09-15T23:51:43.683820,,,Niemcy,RESUPPLY_OPERATION,,resupply_summary,,,,,,,,,,,,,,,,,,,,,,,,,,RESUPPLY_SUMMARY LOW_FUEL | TOTAL_PE_SPENT: 0 | UNITS_RESUPPLIED: 0/10 | BUDGET_ALLOCATED: 21 | PE_REMAINING: 24,,,,,,,,,,,,,,,,,,,,,,,,
2025-09-15T23:51:43.685166,,strategy,Niemcy,STRATEGY,,strategic_decision,,,,,,,,,,,,,,,,,,,,,,,,,,"Strategy: REASSIGNMENT, aggression 0.50, 1 groups, 0 reassignments",,,,,,,,,REASSIGNMENT,0.5,,,,,,adaptive,,0,dynamic_reassignment,,,,,
2025-09-15T23:51:43.692992,,target_selection,Niemcy,P_Pluton__6_Grenadier_Bataillon,,target_analysis,,,,,,,,,,,,,,,,,,,,,,,,,,"Target analysis: 29 candidates, score -1.00",,29,-1,999,,,,,,,,,False,,,,,,,29,29,29,5,0
2025-09-15T23:51:43.694585,,,Niemcy,RESUPPLY_NEEDS,,resupply_analysis,,,,,,,,,,,,,,,,,,,,,,,,,,NEEDS_ANALYSIS LOW_FUEL | TOTAL_FUEL_NEEDED: 30 | TOTAL_COMBAT_NEEDED: 0 | TOTAL_PE_NEEDED: 30 | BUDGET_AVAILABLE: 21 | UNITS_REQUIRING_HELP: 10,,,,,,,,,,,,,,,,,,,,,,,,
2025-09-15T23:51:43.694585,,,Niemcy,RESUPPLY_OPERATION,,resupply_summary,,,,,,,,,,,,,,,,,,,,,,,,,,RESUPPLY_SUMMARY LOW_FUEL | TOTAL_PE_SPENT: 0 | UNITS_RESUPPLIED: 0/10 | BUDGET_ALLOCATED: 21 | PE_REMAINING: 24,,,,,,,,,,,,,,,,,,,,,,,,
2025-09-15T23:51:43.694585,,strategy,Niemcy,STRATEGY,,strategic_decision,,,,,,,,,,,,,,,,,,,,,,,,,,"Strategy: REASSIGNMENT, aggression 0.50, 1 groups, 0 reassignments",,,,,,,,,REASSIGNMENT,0.5,,,,,,adaptive,,0,dynamic_reassignment,,,,,
2025-09-15T23:51:43.707866,,target_selection,Niemcy,Z_Pluton__6_Unterst_tzungs_Bataillon_20250913214048,,target_analysis,,,,,,,,,,,,,,,,,,,,,,,,,,"Target analysis: 29 candidates, score -1.00",,29,-1,999,,,,,,,,,False,,,,,,,29,29,29,8,0
2025-09-15T23:51:43.709912,,,Niemcy,RESUPPLY_NEEDS,,resupply_analysis,,,,,,,,,,,,,,,,,,,,,,,,,,NEEDS_ANALYSIS LOW_FUEL | TOTAL_FUEL_NEEDED: 30 | TOTAL_COMBAT_NEEDED: 0 | TOTAL_PE_NEEDED: 30 | BUDGET_AVAILABLE: 21 | UNITS_REQUIRING_HELP: 10,,,,,,,,,,,,,,,,,,,,,,,,
2025-09-15T23:51:43.711293,,,Niemcy,RESUPPLY_OPERATION,,resupply_summary,,,,,,,,,,,,,,,,,,,,,,,,,,RESUPPLY_SUMMARY LOW_FUEL | TOTAL_PE_SPENT: 0 | UNITS_RESUPPLIED: 0/10 | BUDGET_ALLOCATED: 21 | PE_REMAINING: 24,,,,,,,,,,,,,,,,,,,,,,,,
2025-09-15T23:51:43.711293,,,Niemcy,RESUPPLY_NEEDS,,resupply_analysis,,,,,,,,,,,,,,,,,,,,,,,,,,NEEDS_ANALYSIS LOW_FUEL | TOTAL_FUEL_NEEDED: 30 | TOTAL_COMBAT_NEEDED: 0 | TOTAL_PE_NEEDED: 30 | BUDGET_AVAILABLE: 21 | UNITS_REQUIRING_HELP: 10,,,,,,,,,,,,,,,,,,,,,,,,
2025-09-15T23:51:43.711293,,,Niemcy,RESUPPLY_OPERATION,,resupply_summary,,,,,,,,,,,,,,,,,,,,,,,,,,RESUPPLY_SUMMARY LOW_FUEL | TOTAL_PE_SPENT: 0 | UNITS_RESUPPLIED: 0/10 | BUDGET_ALLOCATED: 21 | PE_REMAINING: 24,,,,,,,,,,,,,,,,,,,,,,,,
2025-09-15T23:51:43.711293,,,Niemcy,RESUPPLY_NEEDS,,resupply_analysis,,,,,,,,,,,,,,,,,,,,,,,,,,NEEDS_ANALYSIS LOW_FUEL | TOTAL_FUEL_NEEDED: 30 | TOTAL_COMBAT_NEEDED: 0 | TOTAL_PE_NEEDED: 30 | BUDGET_AVAILABLE: 21 | UNITS_REQUIRING_HELP: 10,,,,,,,,,,,,,,,,,,,,,,,,
2025-09-15T23:51:43.717711,,,Niemcy,RESUPPLY_OPERATION,,resupply_summary,,,,,,,,,,,,,,,,,,,,,,,,,,RESUPPLY_SUMMARY LOW_FUEL | TOTAL_PE_SPENT: 0 | UNITS_RESUPPLIED: 0/10 | BUDGET_ALLOCATED: 21 | PE_REMAINING: 24,,,,,,,,,,,,,,,,,,,,,,,,
2025-09-15T23:51:43.719189,,strategy,Niemcy,STRATEGY,,strategic_decision,,,,,,,,,,,,,,,,,,,,,,,,,,"Strategy: REASSIGNMENT, aggression 0.50, 1 groups, 0 reassignments",,,,,,,,,REASSIGNMENT,0.5,,,,,,adaptive,,0,dynamic_reassignment,,,,,
2025-09-15T23:51:43.728226,,target_selection,Niemcy,P_Kompania__6_Sch_tzen_Kompanie,,target_analysis,,,,,,,,,,,,,,,,,,,,,,,,,,"Target analysis: 29 candidates, score -1.00",,29,-1,999,,,,,,,,,False,,,,,,,29,29,29,5,0
2025-09-15T23:51:43.730255,,,Niemcy,RESUPPLY_NEEDS,,resupply_analysis,,,,,,,,,,,,,,,,,,,,,,,,,,NEEDS_ANALYSIS LOW_FUEL | TOTAL_FUEL_NEEDED: 30 | TOTAL_COMBAT_NEEDED: 0 | TOTAL_PE_NEEDED: 30 | BUDGET_AVAILABLE: 21 | UNITS_REQUIRING_HELP: 10,,,,,,,,,,,,,,,,,,,,,,,,
2025-09-15T23:51:43.731265,,,Niemcy,RESUPPLY_OPERATION,,resupply_summary,,,,,,,,,,,,,,,,,,,,,,,,,,RESUPPLY_SUMMARY LOW_FUEL | TOTAL_PE_SPENT: 0 | UNITS_RESUPPLIED: 0/10 | BUDGET_ALLOCATED: 21 | PE_REMAINING: 24,,,,,,,,,,,,,,,,,,,,,,,,
2025-09-15T23:51:43.732496,,,Niemcy,RESUPPLY_NEEDS,,resupply_analysis,,,,,,,,,,,,,,,,,,,,,,,,,,NEEDS_ANALYSIS LOW_FUEL | TOTAL_FUEL_NEEDED: 30 | TOTAL_COMBAT_NEEDED: 0 | TOTAL_PE_NEEDED: 30 | BUDGET_AVAILABLE: 21 | UNITS_REQUIRING_HELP: 10,,,,,,,,,,,,,,,,,,,,,,,,
2025-09-15T23:51:43.735532,,,Niemcy,RESUPPLY_OPERATION,,resupply_summary,,,,,,,,,,,,,,,,,,,,,,,,,,RESUPPLY_SUMMARY LOW_FUEL | TOTAL_PE_SPENT: 0 | UNITS_RESUPPLIED: 0/10 | BUDGET_ALLOCATED: 21 | PE_REMAINING: 24,,,,,,,,,,,,,,,,,,,,,,,,
2025-09-15T23:51:43.739959,,,Niemcy,RESUPPLY_NEEDS,,resupply_analysis,,,,,,,,,,,,,,,,,,,,,,,,,,NEEDS_ANALYSIS LOW_FUEL | TOTAL_FUEL_NEEDED: 30 | TOTAL_COMBAT_NEEDED: 0 | TOTAL_PE_NEEDED: 30 | BUDGET_AVAILABLE: 21 | UNITS_REQUIRING_HELP: 10,,,,,,,,,,,,,,,,,,,,,,,,
2025-09-15T23:51:43.742113,,,Niemcy,RESUPPLY_OPERATION,,resupply_summary,,,,,,,,,,,,,,,,,,,,,,,,,,RESUPPLY_SUMMARY LOW_FUEL | TOTAL_PE_SPENT: 0 | UNITS_RESUPPLIED: 0/10 | BUDGET_ALLOCATED: 21 | PE_REMAINING: 24,,,,,,,,,,,,,,,,,,,,,,,,
2025-09-15T23:51:43.743498,,,Niemcy,RESUPPLY_NEEDS,,resupply_analysis,,,,,,,,,,,,,,,,,,,,,,,,,,NEEDS_ANALYSIS LOW_FUEL | TOTAL_FUEL_NEEDED: 30 | TOTAL_COMBAT_NEEDED: 0 | TOTAL_PE_NEEDED: 30 | BUDGET_AVAILABLE: 21 | UNITS_REQUIRING_HELP: 10,,,,,,,,,,,,,,,,,,,,,,,,
2025-09-15T23:51:43.744500,,,Niemcy,RESUPPLY_OPERATION,,resupply_summary,,,,,,,,,,,,,,,,,,,,,,,,,,RESUPPLY_SUMMARY LOW_FUEL | TOTAL_PE_SPENT: 0 | UNITS_RESUPPLIED: 0/10 | BUDGET_ALLOCATED: 21 | PE_REMAINING: 24,,,,,,,,,,,,,,,,,,,,,,,,
2025-09-15T23:51:43.747593,,,Niemcy,RESUPPLY_NEEDS,,resupply_analysis,,,,,,,,,,,,,,,,,,,,,,,,,,NEEDS_ANALYSIS LOW_FUEL | TOTAL_FUEL_NEEDED: 30 | TOTAL_COMBAT_NEEDED: 0 | TOTAL_PE_NEEDED: 30 | BUDGET_AVAILABLE: 21 | UNITS_REQUIRING_HELP: 10,,,,,,,,,,,,,,,,,,,,,,,,
2025-09-15T23:51:43.748597,,,Niemcy,RESUPPLY_OPERATION,,resupply_summary,,,,,,,,,,,,,,,,,,,,,,,,,,RESUPPLY_SUMMARY LOW_FUEL | TOTAL_PE_SPENT: 0 | UNITS_RESUPPLIED: 0/10 | BUDGET_ALLOCATED: 21 | PE_REMAINING: 24,,,,,,,,,,,,,,,,,,,,,,,,
2025-09-15T23:51:43.750646,,,Niemcy,RESUPPLY_NEEDS,,resupply_analysis,,,,,,,,,,,,,,,,,,,,,,,,,,NEEDS_ANALYSIS LOW_FUEL | TOTAL_FUEL_NEEDED: 30 | TOTAL_COMBAT_NEEDED: 0 | TOTAL_PE_NEEDED: 30 | BUDGET_AVAILABLE: 21 | UNITS_REQUIRING_HELP: 10,,,,,,,,,,,,,,,,,,,,,,,,
2025-09-15T23:51:43.751650,,,Niemcy,RESUPPLY_OPERATION,,resupply_summary,,,,,,,,,,,,,,,,,,,,,,,,,,RESUPPLY_SUMMARY LOW_FUEL | TOTAL_PE_SPENT: 0 | UNITS_RESUPPLIED: 0/10 | BUDGET_ALLOCATED: 21 | PE_REMAINING: 24,,,,,,,,,,,,,,,,,,,,,,,,
2025-09-15T23:51:43.757277,,,Niemcy,RESUPPLY_NEEDS,,resupply_analysis,,,,,,,,,,,,,,,,,,,,,,,,,,NEEDS_ANALYSIS LOW_FUEL | TOTAL_FUEL_NEEDED: 30 | TOTAL_COMBAT_NEEDED: 0 | TOTAL_PE_NEEDED: 30 | BUDGET_AVAILABLE: 21 | UNITS_REQUIRING_HELP: 10,,,,,,,,,,,,,,,,,,,,,,,,
2025-09-15T23:51:43.758501,,,Niemcy,RESUPPLY_OPERATION,,resupply_summary,,,,,,,,,,,,,,,,,,,,,,,,,,RESUPPLY_SUMMARY LOW_FUEL | TOTAL_PE_SPENT: 0 | UNITS_RESUPPLIED: 0/10 | BUDGET_ALLOCATED: 21 | PE_REMAINING: 24,,,,,,,,,,,,,,,,,,,,,,,,
2025-09-15T23:51:43.760577,,,Niemcy,RESUPPLY_NEEDS,,resupply_analysis,,,,,,,,,,,,,,,,,,,,,,,,,,NEEDS_ANALYSIS LOW_FUEL | TOTAL_FUEL_NEEDED: 30 | TOTAL_COMBAT_NEEDED: 0 | TOTAL_PE_NEEDED: 30 | BUDGET_AVAILABLE: 21 | UNITS_REQUIRING_HELP: 10,,,,,,,,,,,,,,,,,,,,,,,,
2025-09-15T23:51:43.761580,,,Niemcy,RESUPPLY_OPERATION,,resupply_summary,,,,,,,,,,,,,,,,,,,,,,,,,,RESUPPLY_SUMMARY LOW_FUEL | TOTAL_PE_SPENT: 0 | UNITS_RESUPPLIED: 0/10 | BUDGET_ALLOCATED: 21 | PE_REMAINING: 24,,,,,,,,,,,,,,,,,,,,,,,,
2025-09-15T23:51:43.764132,,,Niemcy,RESUPPLY_NEEDS,,resupply_analysis,,,,,,,,,,,,,,,,,,,,,,,,,,NEEDS_ANALYSIS LOW_FUEL | TOTAL_FUEL_NEEDED: 30 | TOTAL_COMBAT_NEEDED: 0 | TOTAL_PE_NEEDED: 30 | BUDGET_AVAILABLE: 21 | UNITS_REQUIRING_HELP: 10,,,,,,,,,,,,,,,,,,,,,,,,
2025-09-15T23:51:43.765136,,,Niemcy,RESUPPLY_OPERATION,,resupply_summary,,,,,,,,,,,,,,,,,,,,,,,,,,RESUPPLY_SUMMARY LOW_FUEL | TOTAL_PE_SPENT: 0 | UNITS_RESUPPLIED: 0/10 | BUDGET_ALLOCATED: 21 | PE_REMAINING: 24,,,,,,,,,,,,,,,,,,,,,,,,
2025-09-15T23:51:43.767343,,,Niemcy,RESUPPLY_NEEDS,,resupply_analysis,,,,,,,,,,,,,,,,,,,,,,,,,,NEEDS_ANALYSIS LOW_FUEL | TOTAL_FUEL_NEEDED: 30 | TOTAL_COMBAT_NEEDED: 0 | TOTAL_PE_NEEDED: 30 | BUDGET_AVAILABLE: 21 | UNITS_REQUIRING_HELP: 10,,,,,,,,,,,,,,,,,,,,,,,,
2025-09-15T23:51:43.767343,,,Niemcy,RESUPPLY_OPERATION,,resupply_summary,,,,,,,,,,,,,,,,,,,,,,,,,,RESUPPLY_SUMMARY LOW_FUEL | TOTAL_PE_SPENT: 0 | UNITS_RESUPPLIED: 0/10 | BUDGET_ALLOCATED: 21 | PE_REMAINING: 24,,,,,,,,,,,,,,,,,,,,,,,,
2025-09-15T23:51:43.773837,,,Niemcy,RESUPPLY_NEEDS,,resupply_analysis,,,,,,,,,,,,,,,,,,,,,,,,,,NEEDS_ANALYSIS LOW_FUEL | TOTAL_FUEL_NEEDED: 30 | TOTAL_COMBAT_NEEDED: 0 | TOTAL_PE_NEEDED: 30 | BUDGET_AVAILABLE: 21 | UNITS_REQUIRING_HELP: 10,,,,,,,,,,,,,,,,,,,,,,,,
2025-09-15T23:51:43.774834,,,Niemcy,RESUPPLY_OPERATION,,resupply_summary,,,,,,,,,,,,,,,,,,,,,,,,,,RESUPPLY_SUMMARY LOW_FUEL | TOTAL_PE_SPENT: 0 | UNITS_RESUPPLIED: 0/10 | BUDGET_ALLOCATED: 21 | PE_REMAINING: 24,,,,,,,,,,,,,,,,,,,,,,,,
2025-09-15T23:51:43.775983,,,Niemcy,TURN_END,,turn_summary,,,,,,,,,,,8,0,,,,,,,,,,,,advanced,opp=0;groups=5;adv=True,"Turn completed: 0/8 units moved, 5 groups (advanced)",,,,,,,,,,,,,,,,,,,,,,,,
2025-09-15T23:51:43.874147,,,Polska,TURN_START,,turn_begin,,,,,,,,,,,,,,,,,,,,,,,,,,AI Commander turn started for player 2,,,,,,,,,,,,,,,,,,,,,,,,
2025-09-15T23:51:43.877495,,,Polska,RESUPPLY_NEEDS,,resupply_analysis,,,,,,,,,,,,,,,,,,,,,,,,,,NEEDS_ANALYSIS PRE_RAID_OPTIMIZATION | TOTAL_FUEL_NEEDED: 14 | TOTAL_COMBAT_NEEDED: 0 | TOTAL_PE_NEEDED: 14 | BUDGET_AVAILABLE: 26 | UNITS_REQUIRING_HELP: 8,,,,,,,,,,,,,,,,,,,,,,,,
2025-09-15T23:51:43.877495,,,Polska,Z_Pluton__2_Batalion_Wsparcia,,resupply_detailed,26,6,26,6,,,,,,,,,,,,,,,,,,,,,,phase1 PRE_RAID_OPTIMIZATION | PE_SPENT: fuel=2 combat=0 total=2 | BEFORE: fuel=0 combat=4 | AFTER: fuel=2 combat=4,,,,,,,,,,,,,,,,,,,,,,,,
2025-09-15T23:51:43.877495,,,Polska,Z_Pluton__2_Oddzia_Rozpoznawczy,,resupply_detailed,28,3,28,3,,,,,,,,,,,,,,,,,,,,,,phase1 PRE_RAID_OPTIMIZATION | PE_SPENT: fuel=2 combat=0 total=2 | BEFORE: fuel=1 combat=4 | AFTER: fuel=3 combat=4,,,,,,,,,,,,,,,,,,,,,,,,
2025-09-15T23:51:43.880069,,,Polska,TL_Kompania__2_Batalion_Pancerny,,resupply_detailed,23,-7,23,-7,,,,,,,,,,,,,,,,,,,,,,phase1 PRE_RAID_OPTIMIZATION | PE_SPENT: fuel=1 combat=0 total=1 | BEFORE: fuel=1 combat=14 | AFTER: fuel=2 combat=14,,,,,,,,,,,,,,,,,,,,,,,,
2025-09-15T23:51:43.881227,,,Polska,P_Batalion__2_Batalion_Strzelc_w,,resupply_detailed,22,-5,22,-5,,,,,,,,,,,,,,,,,,,,,,phase1 PRE_RAID_OPTIMIZATION | PE_SPENT: fuel=1 combat=0 total=1 | BEFORE: fuel=1 combat=14 | AFTER: fuel=2 combat=14,,,,,,,,,,,,,,,,,,,,,,,,
2025-09-15T23:51:43.881227,,,Polska,P_Batalion__2_Batalion_Strzelc_w_20250913214005,,resupply_detailed,24,-7,24,-7,,,,,,,,,,,,,,,,,,,,,,phase1 PRE_RAID_OPTIMIZATION | PE_SPENT: fuel=1 combat=0 total=1 | BEFORE: fuel=1 combat=14 | AFTER: fuel=2 combat=14,,,,,,,,,,,,,,,,,,,,,,,,
2025-09-15T23:51:43.882322,,,Polska,P_Pluton__2_Kompania_Grenadier_w,,resupply_detailed,28,5,28,5,,,,,,,,,,,,,,,,,,,,,,phase1 PRE_RAID_OPTIMIZATION | PE_SPENT: fuel=1 combat=0 total=1 | BEFORE: fuel=1 combat=8 | AFTER: fuel=2 combat=8,,,,,,,,,,,,,,,,,,,,,,,,
2025-09-15T23:51:43.883328,,,Polska,P_Pluton__2_Kompania_Grenadier_w_20250913214010,,resupply_detailed,33,5,33,5,,,,,,,,,,,,,,,,,,,,,,phase1 PRE_RAID_OPTIMIZATION | PE_SPENT: fuel=1 combat=0 total=1 | BEFORE: fuel=1 combat=8 | AFTER: fuel=2 combat=8,,,,,,,,,,,,,,,,,,,,,,,,
2025-09-15T23:51:43.884339,,,Polska,RESUPPLY_OPERATION,,resupply_summary,,,,,,,,,,,,,,,,,,,,,,,,,,RESUPPLY_SUMMARY PRE_RAID_OPTIMIZATION | TOTAL_PE_SPENT: 9 | UNITS_RESUPPLIED: 7/8 | BUDGET_ALLOCATED: 26 | PE_REMAINING: 24,,,,,,,,,,,,,,,,,,,,,,,,
2025-09-15T23:51:43.892507,,,Polska,Z_Pluton__2_Batalion_Wsparcia,,second_move,,,28,6,,,,,,,,,,,,,,,,,,,,,,second_chance after PRE_RAID_OPTIMIZATION,,,,,,,,,,,,,,,,,,,,,,,,
2025-09-15T23:51:43.922902,,target_selection,Polska,Z_Pluton__2_Oddzia_Rozpoznawczy,,target_analysis,,,,,27,4,,,,,,,,,,,,,,,,,,,,"Target analysis: 29 candidates, score 22.50",,29,22.5,1,,,,,,,,,False,,,,"(27, 4)",,,28,29,29,6,3
2025-09-15T23:51:43.926968,,,Polska,Z_Pluton__2_Oddzia_Rozpoznawczy,,second_move,,,27,4,,,,,,,,,,,,,,,,,,,,,,second_chance after PRE_RAID_OPTIMIZATION,,,,,,,,,,,,,,,,,,,,,,,,
2025-09-15T23:51:43.946487,,target_selection,Polska,TL_Kompania__2_Batalion_Pancerny,,target_analysis,,,,,23,-5,,,,,,,,,,,,,,,,,,,,"Target analysis: 29 candidates, score -1.00",,29,-1,999,,,,,,,,,False,,,,,,,29,29,29,4,2
2025-09-15T23:51:43.949528,,,Polska,TL_Kompania__2_Batalion_Pancerny,,second_move,,,23,-5,,,,,,,,,,,,,,,,,,,,,,second_chance after PRE_RAID_OPTIMIZATION,,,,,,,,,,,,,,,,,,,,,,,,
2025-09-15T23:51:43.966175,,target_selection,Polska,P_Batalion__2_Batalion_Strzelc_w,,target_analysis,,,,,23,-7,,,,,,,,,,,,,,,,,,,,"Target analysis: 29 candidates, score 15.00",,29,15.0,2,,,,,,,,,False,,,,"(23, -7)",,,28,29,29,2,2
2025-09-15T23:51:43.969625,,,Polska,P_Batalion__2_Batalion_Strzelc_w,,second_move,,,23,-7,,,,,,,,,,,,,,,,,,,,,,second_chance after PRE_RAID_OPTIMIZATION,,,,,,,,,,,,,,,,,,,,,,,,
2025-09-15T23:51:43.991894,,target_selection,Polska,P_Batalion__2_Batalion_Strzelc_w_20250913214005,,target_analysis,,,,,22,-5,,,,,,,,,,,,,,,,,,,,"Target analysis: 29 candidates, score -1.00",,29,-1,999,,,,,,,,,False,,,,,,,29,29,29,7,2
2025-09-15T23:51:43.995315,,,Polska,P_Batalion__2_Batalion_Strzelc_w_20250913214005,,second_move,,,22,-5,,,,,,,,,,,,,,,,,,,,,,second_chance after PRE_RAID_OPTIMIZATION,,,,,,,,,,,,,,,,,,,,,,,,
2025-09-15T23:51:44.015647,,target_selection,Polska,P_Pluton__2_Kompania_Grenadier_w,,target_analysis,,,,,30,5,,,,,,,,,,,,,,,,,,,,"Target analysis: 29 candidates, score -1.00",,29,-1,999,,,,,,,,,False,,,,,,,29,29,29,2,2
2025-09-15T23:51:44.017860,,,Polska,P_Pluton__2_Kompania_Grenadier_w,,second_move,,,30,5,,,,,,,,,,,,,,,,,,,,,,second_chance after PRE_RAID_OPTIMIZATION,,,,,,,,,,,,,,,,,,,,,,,,
2025-09-15T23:51:44.041447,,target_selection,Polska,P_Pluton__2_Kompania_Grenadier_w_20250913214010,,target_analysis,,,,,32,6,,,,,,,,,,,,,,,,,,,,"Target analysis: 29 candidates, score 22.50",,29,22.5,1,,,,,,,,,False,,,,"(32, 6)",,,28,29,29,2,2
2025-09-15T23:51:44.044989,,,Polska,P_Pluton__2_Kompania_Grenadier_w_20250913214010,,second_move,,,32,6,,,,,,,,,,,,,,,,,,,,,,second_chance after PRE_RAID_OPTIMIZATION,,,,,,,,,,,,,,,,,,,,,,,,
2025-09-15T23:51:44.073825,,,Polska,Z_Batalion__2_Kompania_Zaopatrzeniowa,,second_move,,,24,-8,,,,,,,,,,,,,,,,,,,,,,second_chance after PRE_RAID_OPTIMIZATION,,,,,,,,,,,,,,,,,,,,,,,,
2025-09-15T23:51:44.245307,,,Polska,RESUPPLY_NEEDS,,resupply_analysis,,,,,,,,,,,,,,,,,,,,,,,,,,NEEDS_ANALYSIS PRE_RAID_OPTIMIZATION | TOTAL_FUEL_NEEDED: 12 | TOTAL_COMBAT_NEEDED: 0 | TOTAL_PE_NEEDED: 12 | BUDGET_AVAILABLE: 19 | UNITS_REQUIRING_HELP: 8,,,,,,,,,,,,,,,,,,,,,,,,
2025-09-15T23:51:44.245307,,,Polska,Z_Pluton__2_Batalion_Wsparcia,,resupply_detailed,28,6,28,6,,,,,,,,,,,,,,,,,,,,,,phase1 PRE_RAID_OPTIMIZATION | PE_SPENT: fuel=1 combat=0 total=1 | BEFORE: fuel=1 combat=4 | AFTER: fuel=2 combat=4,,,,,,,,,,,,,,,,,,,,,,,,
2025-09-15T23:51:44.245307,,,Polska,TL_Kompania__2_Batalion_Pancerny,,resupply_detailed,23,-5,23,-5,,,,,,,,,,,,,,,,,,,,,,phase1 PRE_RAID_OPTIMIZATION | PE_SPENT: fuel=1 combat=0 total=1 | BEFORE: fuel=1 combat=14 | AFTER: fuel=2 combat=14,,,,,,,,,,,,,,,,,,,,,,,,
2025-09-15T23:51:44.245307,,,Polska,P_Batalion__2_Batalion_Strzelc_w,,resupply_detailed,23,-7,23,-7,,,,,,,,,,,,,,,,,,,,,,phase1 PRE_RAID_OPTIMIZATION | PE_SPENT: fuel=1 combat=0 total=1 | BEFORE: fuel=1 combat=14 | AFTER: fuel=2 combat=14,,,,,,,,,,,,,,,,,,,,,,,,
2025-09-15T23:51:44.245307,,,Polska,P_Batalion__2_Batalion_Strzelc_w_20250913214005,,resupply_detailed,22,-5,22,-5,,,,,,,,,,,,,,,,,,,,,,phase1 PRE_RAID_OPTIMIZATION | PE_SPENT: fuel=1 combat=0 total=1 | BEFORE: fuel=1 combat=14 | AFTER: fuel=2 combat=14,,,,,,,,,,,,,,,,,,,,,,,,
2025-09-15T23:51:44.245307,,,Polska,P_Pluton__2_Kompania_Grenadier_w,,resupply_detailed,30,5,30,5,,,,,,,,,,,,,,,,,,,,,,phase1 PRE_RAID_OPTIMIZATION | PE_SPENT: fuel=1 combat=0 total=1 | BEFORE: fuel=1 combat=8 | AFTER: fuel=2 combat=8,,,,,,,,,,,,,,,,,,,,,,,,
2025-09-15T23:51:44.245307,,,Polska,Z_Pluton__2_Oddzia_Rozpoznawczy,,resupply_detailed,27,4,27,4,,,,,,,,,,,,,,,,,,,,,,phase1 PRE_RAID_OPTIMIZATION | PE_SPENT: fuel=1 combat=0 total=1 | BEFORE: fuel=2 combat=4 | AFTER: fuel=3 combat=4,,,,,,,,,,,,,,,,,,,,,,,,
2025-09-15T23:51:44.245307,,,Polska,P_Pluton__2_Kompania_Grenadier_w_20250913214010,,resupply_detailed,32,6,32,6,,,,,,,,,,,,,,,,,,,,,,phase1 PRE_RAID_OPTIMIZATION | PE_SPENT: fuel=1 combat=0 total=1 | BEFORE: fuel=1 combat=8 | AFTER: fuel=2 combat=8,,,,,,,,,,,,,,,,,,,,,,,,
2025-09-15T23:51:44.245307,,,Polska,RESUPPLY_OPERATION,,resupply_summary,,,,,,,,,,,,,,,,,,,,,,,,,,RESUPPLY_SUMMARY PRE_RAID_OPTIMIZATION | TOTAL_PE_SPENT: 7 | UNITS_RESUPPLIED: 7/8 | BUDGET_ALLOCATED: 19 | PE_REMAINING: 17,,,,,,,,,,,,,,,,,,,,,,,,
2025-09-15T23:51:44.261500,,,Polska,Z_Pluton__2_Batalion_Wsparcia,,second_move,,,30,6,,,,,,,,,,,,,,,,,,,,,,second_chance after PRE_RAID_OPTIMIZATION,,,,,,,,,,,,,,,,,,,,,,,,
2025-09-15T23:51:44.278589,,target_selection,Polska,TL_Kompania__2_Batalion_Pancerny,,target_analysis,,,,,24,-7,,,,,,,,,,,,,,,,,,,,"Target analysis: 29 candidates, score 15.00",,29,15.0,2,,,,,,,,,False,,,,"(24, -7)",,,28,29,29,3,2
2025-09-15T23:51:44.282328,,,Polska,TL_Kompania__2_Batalion_Pancerny,,second_move,,,24,-7,,,,,,,,,,,,,,,,,,,,,,second_chance after PRE_RAID_OPTIMIZATION,,,,,,,,,,,,,,,,,,,,,,,,
2025-09-15T23:51:44.292903,,target_selection,Polska,P_Batalion__2_Batalion_Strzelc_w,,target_analysis,,,,,23,-6,,,,,,,,,,,,,,,,,,,,"Target analysis: 29 candidates, score -1.00",,29,-1,999,,,,,,,,,False,,,,,,,29,29,29,1,2
2025-09-15T23:51:44.297379,,,Polska,P_Batalion__2_Batalion_Strzelc_w,,second_move,,,23,-6,,,,,,,,,,,,,,,,,,,,,,second_chance after PRE_RAID_OPTIMIZATION,,,,,,,,,,,,,,,,,,,,,,,,
2025-09-15T23:51:44.315307,,target_selection,Polska,P_Batalion__2_Batalion_Strzelc_w_20250913214005,,target_analysis,,,,,23,-7,,,,,,,,,,,,,,,,,,,,"Target analysis: 29 candidates, score 15.00",,29,15.0,2,,,,,,,,,False,,,,"(23, -7)",,,28,29,29,6,2
2025-09-15T23:51:44.317434,,,Polska,P_Batalion__2_Batalion_Strzelc_w_20250913214005,,second_move,,,23,-7,,,,,,,,,,,,,,,,,,,,,,second_chance after PRE_RAID_OPTIMIZATION,,,,,,,,,,,,,,,,,,,,,,,,
2025-09-15T23:51:44.329813,,target_selection,Polska,P_Pluton__2_Kompania_Grenadier_w,,target_analysis,,,,,31,5,,,,,,,,,,,,,,,,,,,,"Target analysis: 29 candidates, score -1.00",,29,-1,999,,,,,,,,,False,,,,,,,29,29,29,1,2
2025-09-15T23:51:44.333412,,,Polska,P_Pluton__2_Kompania_Grenadier_w,,second_move,,,31,5,,,,,,,,,,,,,,,,,,,,,,second_chance after PRE_RAID_OPTIMIZATION,,,,,,,,,,,,,,,,,,,,,,,,
2025-09-15T23:51:44.363756,,target_selection,Polska,Z_Pluton__2_Oddzia_Rozpoznawczy,,target_analysis,,,,,28,3,,,,,,,,,,,,,,,,,,,,"Target analysis: 29 candidates, score 22.50",,29,22.5,1,,,,,,,,,False,,,,"(28, 3)",,,28,29,29,5,3
2025-09-15T23:51:44.367301,,,Polska,Z_Pluton__2_Oddzia_Rozpoznawczy,,second_move,,,28,3,,,,,,,,,,,,,,,,,,,,,,second_chance after PRE_RAID_OPTIMIZATION,,,,,,,,,,,,,,,,,,,,,,,,
2025-09-15T23:51:44.380195,,target_selection,Polska,P_Pluton__2_Kompania_Grenadier_w_20250913214010,,target_analysis,,,,,33,5,,,,,,,,,,,,,,,,,,,,"Target analysis: 29 candidates, score 22.50",,29,22.5,1,,,,,,,,,False,,,,"(33, 5)",,,28,29,29,1,2
2025-09-15T23:51:44.383689,,,Polska,P_Pluton__2_Kompania_Grenadier_w_20250913214010,,second_move,,,33,5,,,,,,,,,,,,,,,,,,,,,,second_chance after PRE_RAID_OPTIMIZATION,,,,,,,,,,,,,,,,,,,,,,,,
2025-09-15T23:51:44.409426,,,Polska,Z_Batalion__2_Kompania_Zaopatrzeniowa,,second_move,,,24,-8,,,,,,,,,,,,,,,,,,,,,,second_chance after PRE_RAID_OPTIMIZATION,,,,,,,,,,,,,,,,,,,,,,,,
2025-09-15T23:51:44.485293,,,Polska,RESUPPLY_NEEDS,,resupply_analysis,,,,,,,,,,,,,,,,,,,,,,,,,,NEEDS_ANALYSIS PRE_RAID_OPTIMIZATION | TOTAL_FUEL_NEEDED: 13 | TOTAL_COMBAT_NEEDED: 0 | TOTAL_PE_NEEDED: 13 | BUDGET_AVAILABLE: 13 | UNITS_REQUIRING_HELP: 8,,,,,,,,,,,,,,,,,,,,,,,,
2025-09-15T23:51:44.487633,,,Polska,Z_Pluton__2_Batalion_Wsparcia,,resupply_detailed,30,6,30,6,,,,,,,,,,,,,,,,,,,,,,phase1 PRE_RAID_OPTIMIZATION | PE_SPENT: fuel=1 combat=0 total=1 | BEFORE: fuel=1 combat=4 | AFTER: fuel=2 combat=4,,,,,,,,,,,,,,,,,,,,,,,,
2025-09-15T23:51:44.490069,,,Polska,Z_Pluton__2_Oddzia_Rozpoznawczy,,resupply_detailed,27,4,27,4,,,,,,,,,,,,,,,,,,,,,,phase1 PRE_RAID_OPTIMIZATION | PE_SPENT: fuel=1 combat=0 total=1 | BEFORE: fuel=1 combat=4 | AFTER: fuel=2 combat=4,,,,,,,,,,,,,,,,,,,,,,,,
2025-09-15T23:51:44.491663,,,Polska,TL_Kompania__2_Batalion_Pancerny,,resupply_detailed,24,-7,24,-7,,,,,,,,,,,,,,,,,,,,,,phase1 PRE_RAID_OPTIMIZATION | PE_SPENT: fuel=1 combat=0 total=1 | BEFORE: fuel=1 combat=14 | AFTER: fuel=2 combat=14,,,,,,,,,,,,,,,,,,,,,,,,
2025-09-15T23:51:44.492674,,,Polska,P_Batalion__2_Batalion_Strzelc_w,,resupply_detailed,23,-6,23,-6,,,,,,,,,,,,,,,,,,,,,,phase1 PRE_RAID_OPTIMIZATION | PE_SPENT: fuel=1 combat=0 total=1 | BEFORE: fuel=1 combat=14 | AFTER: fuel=2 combat=14,,,,,,,,,,,,,,,,,,,,,,,,
2025-09-15T23:51:44.493661,,,Polska,P_Batalion__2_Batalion_Strzelc_w_20250913214005,,resupply_detailed,23,-7,23,-7,,,,,,,,,,,,,,,,,,,,,,phase1 PRE_RAID_OPTIMIZATION | PE_SPENT: fuel=1 combat=0 total=1 | BEFORE: fuel=1 combat=14 | AFTER: fuel=2 combat=14,,,,,,,,,,,,,,,,,,,,,,,,
2025-09-15T23:51:44.494659,,,Polska,P_Pluton__2_Kompania_Grenadier_w,,resupply_detailed,31,5,31,5,,,,,,,,,,,,,,,,,,,,,,phase1 PRE_RAID_OPTIMIZATION | PE_SPENT: fuel=1 combat=0 total=1 | BEFORE: fuel=1 combat=8 | AFTER: fuel=2 combat=8,,,,,,,,,,,,,,,,,,,,,,,,
2025-09-15T23:51:44.494659,,,Polska,P_Pluton__2_Kompania_Grenadier_w_20250913214010,,resupply_detailed,33,5,33,5,,,,,,,,,,,,,,,,,,,,,,phase1 PRE_RAID_OPTIMIZATION | PE_SPENT: fuel=1 combat=0 total=1 | BEFORE: fuel=1 combat=8 | AFTER: fuel=2 combat=8,,,,,,,,,,,,,,,,,,,,,,,,
2025-09-15T23:51:44.495657,,,Polska,RESUPPLY_OPERATION,,resupply_summary,,,,,,,,,,,,,,,,,,,,,,,,,,RESUPPLY_SUMMARY PRE_RAID_OPTIMIZATION | TOTAL_PE_SPENT: 7 | UNITS_RESUPPLIED: 7/8 | BUDGET_ALLOCATED: 13 | PE_REMAINING: 10,,,,,,,,,,,,,,,,,,,,,,,,
2025-09-15T23:51:44.502676,,,Polska,Z_Pluton__2_Batalion_Wsparcia,,second_move,,,32,5,,,,,,,,,,,,,,,,,,,,,,second_chance after PRE_RAID_OPTIMIZATION,,,,,,,,,,,,,,,,,,,,,,,,
2025-09-15T23:51:44.508693,,,Polska,Z_Pluton__2_Oddzia_Rozpoznawczy,,second_move,,,28,3,,,,,,,,,,,,,,,,,,,,,,second_chance after PRE_RAID_OPTIMIZATION,,,,,,,,,,,,,,,,,,,,,,,,
2025-09-15T23:51:44.517315,,target_selection,Polska,TL_Kompania__2_Batalion_Pancerny,,target_analysis,,,,,26,-9,,,,,,,,,,,,,,,,,,,,"Target analysis: 29 candidates, score -1.00",,29,-1,999,,,,,,,,,False,,,,,,,29,29,29,2,2
2025-09-15T23:51:44.525118,,,Polska,TL_Kompania__2_Batalion_Pancerny,,second_move,,,26,-9,,,,,,,,,,,,,,,,,,,,,,second_chance after PRE_RAID_OPTIMIZATION,,,,,,,,,,,,,,,,,,,,,,,,
2025-09-15T23:51:44.541374,,target_selection,Polska,P_Batalion__2_Batalion_Strzelc_w_20250913214005,,target_analysis,,,,,24,-7,,,,,,,,,,,,,,,,,,,,"Target analysis: 29 candidates, score 15.00",,29,15.0,1,,,,,,,,,False,,,,"(24, -7)",,,28,29,29,5,2
2025-09-15T23:51:44.544429,,,Polska,P_Batalion__2_Batalion_Strzelc_w_20250913214005,,second_move,,,24,-7,,,,,,,,,,,,,,,,,,,,,,second_chance after PRE_RAID_OPTIMIZATION,,,,,,,,,,,,,,,,,,,,,,,,
2025-09-15T23:51:44.548973,,,Polska,Z_Batalion__2_Kompania_Zaopatrzeniowa,,second_move,,,23,-7,,,,,,,,,,,,,,,,,,,,,,second_chance after PRE_RAID_OPTIMIZATION,,,,,,,,,,,,,,,,,,,,,,,,
2025-09-15T23:51:44.675958,,grouping,Polska,GROUP_3,,group_formation,33,5,32,6,32,6,,,,,,,,,,,,,,,,,,,,"Group 3: 1 units, score 0.00",,,,,3,1,"33,5",0.0,,,,False,,,,advanced,,,,,,,,
2025-09-15T23:51:44.675958,,grouping,Polska,GROUP_4,,group_formation,15,-7,15,-6,15,-6,,,,,,,,,,,,,,,,,,,,"Group 4: 1 units, score 0.00",,,,,4,1,"15,-7",0.0,,,,False,,,,advanced,,,,,,,,
2025-09-15T23:51:44.686831,,strategy,Polska,STRATEGY,,strategic_decision,,,,,,,,,,,,,,,,,,,,,,,,,,"Strategy: REASSIGNMENT, aggression 0.50, 4 groups, 0 reassignments",,,,,,,,,REASSIGNMENT,0.5,,,,,,adaptive,,0,dynamic_reassignment,,,,,
2025-09-15T23:51:44.700590,,strategy,Polska,STRATEGY,,strategic_decision,,,,,,,,,,,,,,,,,,,,,,,,,,"Strategy: REASSIGNMENT, aggression 0.50, 4 groups, 0 reassignments",,,,,,,,,REASSIGNMENT,0.5,,,,,,adaptive,,0,dynamic_reassignment,,,,,
2025-09-15T23:51:44.708727,,strategy,Polska,STRATEGY,,strategic_decision,,,,,,,,,,,,,,,,,,,,,,,,,,"Strategy: REASSIGNMENT, aggression 0.50, 1 groups, 0 reassignments",,,,,,,,,REASSIGNMENT,0.5,,,,,,adaptive,,0,dynamic_reassignment,,,,,
2025-09-15T23:51:44.716110,,target_selection,Polska,TL_Kompania__2_Batalion_Pancerny,,target_analysis,,,,,22,-6,,,,,,,,,,,,,,,,,,,,"Target analysis: 29 candidates, score -1.00",,29,-1,999,,,,,,,,,False,,,,,,,29,29,29,4,1
2025-09-15T23:51:44.727210,,strategy,Polska,STRATEGY,,strategic_decision,,,,,,,,,,,,,,,,,,,,,,,,,,"Strategy: REASSIGNMENT, aggression 0.50, 1 groups, 0 reassignments",,,,,,,,,REASSIGNMENT,0.5,,,,,,adaptive,,0,dynamic_reassignment,,,,,
2025-09-15T23:51:44.742823,,target_selection,Polska,P_Pluton__2_Kompania_Grenadier_w,,target_analysis,,,,,29,5,,,,,,,,,,,,,,,,,,,,"Target analysis: 29 candidates, score -1.00",,29,-1,999,,,,,,,,,False,,,,,,,29,29,29,2,1
2025-09-15T23:51:44.749275,,,Polska,TURN_END,,turn_summary,,,,,,,,,,,9,0,,,,,,,,,,,,advanced,opp=1;groups=4;adv=True,"Turn completed: 0/9 units moved, 4 groups (advanced)",,,,,,,,,,,,,,,,,,,,,,,,
2025-09-15T23:51:44.809080,,,Polska,TURN_START,,turn_begin,,,,,,,,,,,,,,,,,,,,,,,,,,AI Commander turn started for player 3,,,,,,,,,,,,,,,,,,,,,,,,
2025-09-15T23:51:44.811203,,,Polska,RESUPPLY_NEEDS,,resupply_analysis,,,,,,,,,,,,,,,,,,,,,,,,,,NEEDS_ANALYSIS PRE_RAID_OPTIMIZATION | TOTAL_FUEL_NEEDED: 14 | TOTAL_COMBAT_NEEDED: 0 | TOTAL_PE_NEEDED: 14 | BUDGET_AVAILABLE: 47 | UNITS_REQUIRING_HELP: 6,,,,,,,,,,,,,,,,,,,,,,,,
2025-09-15T23:51:44.812218,,,Polska,P_Kompania__3_Batalion_Strzelc_w,,resupply_detailed,37,13,37,13,,,,,,,,,,,,,,,,,,,,,,phase1 PRE_RAID_OPTIMIZATION | PE_SPENT: fuel=2 combat=0 total=2 | BEFORE: fuel=0 combat=11 | AFTER: fuel=2 combat=11,,,,,,,,,,,,,,,,,,,,,,,,
2025-09-15T23:51:44.813221,,,Polska,P_Pluton__3_Pu_k_Piechoty,,resupply_detailed,34,7,34,7,,,,,,,,,,,,,,,,,,,,,,phase1 PRE_RAID_OPTIMIZATION | PE_SPENT: fuel=2 combat=0 total=2 | BEFORE: fuel=0 combat=8 | AFTER: fuel=2 combat=8,,,,,,,,,,,,,,,,,,,,,,,,
2025-09-15T23:51:44.814227,,,Polska,P_Batalion__3_Pu_k_Piechoty,,resupply_detailed,33,12,33,12,,,,,,,,,,,,,,,,,,,,,,phase1 PRE_RAID_OPTIMIZATION | PE_SPENT: fuel=2 combat=0 total=2 | BEFORE: fuel=0 combat=14 | AFTER: fuel=2 combat=14,,,,,,,,,,,,,,,,,,,,,,,,
2025-09-15T23:51:44.814227,,,Polska,P_Pluton__3_Pu_k_Piechoty_20250913214024,,resupply_detailed,40,11,40,11,,,,,,,,,,,,,,,,,,,,,,phase1 PRE_RAID_OPTIMIZATION | PE_SPENT: fuel=2 combat=0 total=2 | BEFORE: fuel=0 combat=8 | AFTER: fuel=2 combat=8,,,,,,,,,,,,,,,,,,,,,,,,
2025-09-15T23:51:44.814227,,,Polska,Z_Kompania__3_Kompania_Zaopatrzeniowa,,resupply_detailed,35,13,35,13,,,,,,,,,,,,,,,,,,,,,,phase1 PRE_RAID_OPTIMIZATION | PE_SPENT: fuel=3 combat=0 total=3 | BEFORE: fuel=0 combat=6 | AFTER: fuel=3 combat=6,,,,,,,,,,,,,,,,,,,,,,,,
2025-09-15T23:51:44.814227,,,Polska,P_Pluton__3_Kompania_Grenadier_w,,resupply_detailed,35,15,35,15,,,,,,,,,,,,,,,,,,,,,,phase1 PRE_RAID_OPTIMIZATION | PE_SPENT: fuel=2 combat=0 total=2 | BEFORE: fuel=0 combat=8 | AFTER: fuel=2 combat=8,,,,,,,,,,,,,,,,,,,,,,,,
2025-09-15T23:51:44.814227,,,Polska,RESUPPLY_OPERATION,,resupply_summary,,,,,,,,,,,,,,,,,,,,,,,,,,RESUPPLY_SUMMARY PRE_RAID_OPTIMIZATION | TOTAL_PE_SPENT: 13 | UNITS_RESUPPLIED: 6/6 | BUDGET_ALLOCATED: 47 | PE_REMAINING: 46,,,,,,,,,,,,,,,,,,,,,,,,
2025-09-15T23:51:44.844999,,target_selection,Polska,P_Kompania__3_Batalion_Strzelc_w,,target_analysis,,,,,39,13,,,,,,,,,,,,,,,,,,,,"Target analysis: 29 candidates, score -1.00",,29,-1,999,,,,,,,,,False,,,,,,,29,29,29,7,2
2025-09-15T23:51:44.848532,,,Polska,P_Kompania__3_Batalion_Strzelc_w,,second_move,,,39,13,,,,,,,,,,,,,,,,,,,,,,second_chance after PRE_RAID_OPTIMIZATION,,,,,,,,,,,,,,,,,,,,,,,,
2025-09-15T23:51:44.870238,,target_selection,Polska,P_Pluton__3_Pu_k_Piechoty,,target_analysis,,,,,32,9,,,,,,,,,,,,,,,,,,,,"Target analysis: 29 candidates, score -1.00",,29,-1,999,,,,,,,,,False,,,,,,,29,29,29,4,2
2025-09-15T23:51:44.875885,,,Polska,P_Pluton__3_Pu_k_Piechoty,,second_move,,,32,9,,,,,,,,,,,,,,,,,,,,,,second_chance after PRE_RAID_OPTIMIZATION,,,,,,,,,,,,,,,,,,,,,,,,
2025-09-15T23:51:44.894898,,target_selection,Polska,P_Batalion__3_Pu_k_Piechoty,,target_analysis,,,,,34,11,,,,,,,,,,,,,,,,,,,,"Target analysis: 29 candidates, score 30.00",,29,30.0,1,,,,,,,,,False,,,,"(34, 11)",,,28,29,29,4,2
2025-09-15T23:51:44.899618,,,Polska,P_Batalion__3_Pu_k_Piechoty,,second_move,,,34,11,,,,,,,,,,,,,,,,,,,,,,second_chance after PRE_RAID_OPTIMIZATION,,,,,,,,,,,,,,,,,,,,,,,,
2025-09-15T23:51:44.927115,,target_selection,Polska,P_Pluton__3_Pu_k_Piechoty_20250913214024,,target_analysis,,,,,42,11,,,,,,,,,,,,,,,,,,,,"Target analysis: 29 candidates, score -1.00",,29,-1,999,,,,,,,,,False,,,,,,,29,29,29,4,2
2025-09-15T23:51:44.931565,,,Polska,P_Pluton__3_Pu_k_Piechoty_20250913214024,,second_move,,,42,11,,,,,,,,,,,,,,,,,,,,,,second_chance after PRE_RAID_OPTIMIZATION,,,,,,,,,,,,,,,,,,,,,,,,
2025-09-15T23:51:44.971732,,target_selection,Polska,Z_Kompania__3_Kompania_Zaopatrzeniowa,,target_analysis,,,,,38,13,,,,,,,,,,,,,,,,,,,,"Target analysis: 29 candidates, score -1.00",,29,-1,999,,,,,,,,,False,,,,,,,29,29,29,5,3
2025-09-15T23:51:44.985204,,,Polska,Z_Kompania__3_Kompania_Zaopatrzeniowa,,second_move,,,38,13,,,,,,,,,,,,,,,,,,,,,,second_chance after PRE_RAID_OPTIMIZATION,,,,,,,,,,,,,,,,,,,,,,,,
2025-09-15T23:51:45.003467,,target_selection,Polska,P_Pluton__3_Kompania_Grenadier_w,,target_analysis,,,,,33,15,,,,,,,,,,,,,,,,,,,,"Target analysis: 29 candidates, score -1.00",,29,-1,999,,,,,,,,,False,,,,,,,29,29,29,4,2
2025-09-15T23:51:45.009220,,,Polska,P_Pluton__3_Kompania_Grenadier_w,,second_move,,,33,15,,,,,,,,,,,,,,,,,,,,,,second_chance after PRE_RAID_OPTIMIZATION,,,,,,,,,,,,,,,,,,,,,,,,
2025-09-15T23:51:45.134224,,,Polska,RESUPPLY_NEEDS,,resupply_analysis,,,,,,,,,,,,,,,,,,,,,,,,,,NEEDS_ANALYSIS PRE_RAID_OPTIMIZATION | TOTAL_FUEL_NEEDED: 7 | TOTAL_COMBAT_NEEDED: 0 | TOTAL_PE_NEEDED: 7 | BUDGET_AVAILABLE: 36 | UNITS_REQUIRING_HELP: 6,,,,,,,,,,,,,,,,,,,,,,,,
2025-09-15T23:51:45.135246,,,Polska,P_Kompania__3_Batalion_Strzelc_w,,resupply_detailed,39,13,39,13,,,,,,,,,,,,,,,,,,,,,,phase1 PRE_RAID_OPTIMIZATION | PE_SPENT: fuel=1 combat=0 total=1 | BEFORE: fuel=1 combat=11 | AFTER: fuel=2 combat=11,,,,,,,,,,,,,,,,,,,,,,,,
2025-09-15T23:51:45.135246,,,Polska,P_Pluton__3_Pu_k_Piechoty,,resupply_detailed,32,9,32,9,,,,,,,,,,,,,,,,,,,,,,phase1 PRE_RAID_OPTIMIZATION | PE_SPENT: fuel=1 combat=0 total=1 | BEFORE: fuel=1 combat=8 | AFTER: fuel=2 combat=8,,,,,,,,,,,,,,,,,,,,,,,,
2025-09-15T23:51:45.136250,,,Polska,P_Batalion__3_Pu_k_Piechoty,,resupply_detailed,34,11,34,11,,,,,,,,,,,,,,,,,,,,,,phase1 PRE_RAID_OPTIMIZATION | PE_SPENT: fuel=1 combat=0 total=1 | BEFORE: fuel=1 combat=14 | AFTER: fuel=2 combat=14,,,,,,,,,,,,,,,,,,,,,,,,
2025-09-15T23:51:45.137543,,,Polska,P_Pluton__3_Pu_k_Piechoty_20250913214024,,resupply_detailed,42,11,42,11,,,,,,,,,,,,,,,,,,,,,,phase1 PRE_RAID_OPTIMIZATION | PE_SPENT: fuel=1 combat=0 total=1 | BEFORE: fuel=1 combat=8 | AFTER: fuel=2 combat=8,,,,,,,,,,,,,,,,,,,,,,,,
2025-09-15T23:51:45.140730,,,Polska,Z_Kompania__3_Kompania_Zaopatrzeniowa,,resupply_detailed,38,13,38,13,,,,,,,,,,,,,,,,,,,,,,phase1 PRE_RAID_OPTIMIZATION | PE_SPENT: fuel=1 combat=0 total=1 | BEFORE: fuel=2 combat=6 | AFTER: fuel=3 combat=6,,,,,,,,,,,,,,,,,,,,,,,,
2025-09-15T23:51:45.141633,,,Polska,P_Pluton__3_Kompania_Grenadier_w,,resupply_detailed,33,15,33,15,,,,,,,,,,,,,,,,,,,,,,phase1 PRE_RAID_OPTIMIZATION | PE_SPENT: fuel=1 combat=0 total=1 | BEFORE: fuel=1 combat=8 | AFTER: fuel=2 combat=8,,,,,,,,,,,,,,,,,,,,,,,,
2025-09-15T23:51:45.143810,,,Polska,RESUPPLY_OPERATION,,resupply_summary,,,,,,,,,,,,,,,,,,,,,,,,,,RESUPPLY_SUMMARY PRE_RAID_OPTIMIZATION | TOTAL_PE_SPENT: 6 | UNITS_RESUPPLIED: 6/6 | BUDGET_ALLOCATED: 36 | PE_REMAINING: 40,,,,,,,,,,,,,,,,,,,,,,,,
2025-09-15T23:51:45.162599,,target_selection,Polska,P_Kompania__3_Batalion_Strzelc_w,,target_analysis,,,,,39,11,,,,,,,,,,,,,,,,,,,,"Target analysis: 29 candidates, score -1.00",,29,-1,999,,,,,,,,,False,,,,,,,29,29,29,6,2
2025-09-15T23:51:45.165394,,,Polska,P_Kompania__3_Batalion_Strzelc_w,,second_move,,,39,11,,,,,,,,,,,,,,,,,,,,,,second_chance after PRE_RAID_OPTIMIZATION,,,,,,,,,,,,,,,,,,,,,,,,
2025-09-15T23:51:45.192448,,target_selection,Polska,P_Pluton__3_Pu_k_Piechoty,,target_analysis,,,,,32,11,,,,,,,,,,,,,,,,,,,,"Target analysis: 29 candidates, score -1.00",,29,-1,999,,,,,,,,,False,,,,,,,29,29,29,3,2
2025-09-15T23:51:45.197959,,,Polska,P_Pluton__3_Pu_k_Piechoty,,second_move,,,32,11,,,,,,,,,,,,,,,,,,,,,,second_chance after PRE_RAID_OPTIMIZATION,,,,,,,,,,,,,,,,,,,,,,,,
2025-09-15T23:51:45.219726,,target_selection,Polska,P_Batalion__3_Pu_k_Piechoty,,target_analysis,,,,,34,13,,,,,,,,,,,,,,,,,,,,"Target analysis: 29 candidates, score -1.00",,29,-1,999,,,,,,,,,False,,,,,,,29,29,29,3,2
2025-09-15T23:51:45.226578,,,Polska,P_Batalion__3_Pu_k_Piechoty,,second_move,,,34,13,,,,,,,,,,,,,,,,,,,,,,second_chance after PRE_RAID_OPTIMIZATION,,,,,,,,,,,,,,,,,,,,,,,,
2025-09-15T23:51:45.243258,,target_selection,Polska,P_Pluton__3_Pu_k_Piechoty_20250913214024,,target_analysis,,,,,40,11,,,,,,,,,,,,,,,,,,,,"Target analysis: 29 candidates, score -1.00",,29,-1,999,,,,,,,,,False,,,,,,,29,29,29,3,2
2025-09-15T23:51:45.248209,,,Polska,P_Pluton__3_Pu_k_Piechoty_20250913214024,,second_move,,,40,11,,,,,,,,,,,,,,,,,,,,,,second_chance after PRE_RAID_OPTIMIZATION,,,,,,,,,,,,,,,,,,,,,,,,
2025-09-15T23:51:45.277530,,target_selection,Polska,Z_Kompania__3_Kompania_Zaopatrzeniowa,,target_analysis,,,,,35,13,,,,,,,,,,,,,,,,,,,,"Target analysis: 29 candidates, score -1.00",,29,-1,999,,,,,,,,,False,,,,,,,29,29,29,4,3
2025-09-15T23:51:45.281920,,,Polska,Z_Kompania__3_Kompania_Zaopatrzeniowa,,second_move,,,35,13,,,,,,,,,,,,,,,,,,,,,,second_chance after PRE_RAID_OPTIMIZATION,,,,,,,,,,,,,,,,,,,,,,,,
2025-09-15T23:51:45.305540,,target_selection,Polska,P_Pluton__3_Kompania_Grenadier_w,,target_analysis,,,,,35,15,,,,,,,,,,,,,,,,,,,,"Target analysis: 29 candidates, score -1.00",,29,-1,999,,,,,,,,,False,,,,,,,29,29,29,3,2
2025-09-15T23:51:45.310974,,,Polska,P_Pluton__3_Kompania_Grenadier_w,,second_move,,,35,15,,,,,,,,,,,,,,,,,,,,,,second_chance after PRE_RAID_OPTIMIZATION,,,,,,,,,,,,,,,,,,,,,,,,
2025-09-15T23:51:45.413719,,,Polska,RESUPPLY_NEEDS,,resupply_analysis,,,,,,,,,,,,,,,,,,,,,,,,,,NEEDS_ANALYSIS PRE_RAID_OPTIMIZATION | TOTAL_FUEL_NEEDED: 7 | TOTAL_COMBAT_NEEDED: 0 | TOTAL_PE_NEEDED: 7 | BUDGET_AVAILABLE: 32 | UNITS_REQUIRING_HELP: 6,,,,,,,,,,,,,,,,,,,,,,,,
2025-09-15T23:51:45.413719,,,Polska,P_Kompania__3_Batalion_Strzelc_w,,resupply_detailed,39,11,39,11,,,,,,,,,,,,,,,,,,,,,,phase1 PRE_RAID_OPTIMIZATION | PE_SPENT: fuel=1 combat=0 total=1 | BEFORE: fuel=1 combat=11 | AFTER: fuel=2 combat=11,,,,,,,,,,,,,,,,,,,,,,,,
2025-09-15T23:51:45.414922,,,Polska,P_Pluton__3_Pu_k_Piechoty,,resupply_detailed,32,11,32,11,,,,,,,,,,,,,,,,,,,,,,phase1 PRE_RAID_OPTIMIZATION | PE_SPENT: fuel=1 combat=0 total=1 | BEFORE: fuel=1 combat=8 | AFTER: fuel=2 combat=8,,,,,,,,,,,,,,,,,,,,,,,,
2025-09-15T23:51:45.415928,,,Polska,P_Batalion__3_Pu_k_Piechoty,,resupply_detailed,34,13,34,13,,,,,,,,,,,,,,,,,,,,,,phase1 PRE_RAID_OPTIMIZATION | PE_SPENT: fuel=1 combat=0 total=1 | BEFORE: fuel=1 combat=14 | AFTER: fuel=2 combat=14,,,,,,,,,,,,,,,,,,,,,,,,
2025-09-15T23:51:45.416926,,,Polska,P_Pluton__3_Pu_k_Piechoty_20250913214024,,resupply_detailed,40,11,40,11,,,,,,,,,,,,,,,,,,,,,,phase1 PRE_RAID_OPTIMIZATION | PE_SPENT: fuel=1 combat=0 total=1 | BEFORE: fuel=1 combat=8 | AFTER: fuel=2 combat=8,,,,,,,,,,,,,,,,,,,,,,,,
2025-09-15T23:51:45.417923,,,Polska,Z_Kompania__3_Kompania_Zaopatrzeniowa,,resupply_detailed,35,13,35,13,,,,,,,,,,,,,,,,,,,,,,phase1 PRE_RAID_OPTIMIZATION | PE_SPENT: fuel=1 combat=0 total=1 | BEFORE: fuel=2 combat=6 | AFTER: fuel=3 combat=6,,,,,,,,,,,,,,,,,,,,,,,,
2025-09-15T23:51:45.417923,,,Polska,P_Pluton__3_Kompania_Grenadier_w,,resupply_detailed,35,15,35,15,,,,,,,,,,,,,,,,,,,,,,phase1 PRE_RAID_OPTIMIZATION | PE_SPENT: fuel=1 combat=0 total=1 | BEFORE: fuel=1 combat=8 | AFTER: fuel=2 combat=8,,,,,,,,,,,,,,,,,,,,,,,,
2025-09-15T23:51:45.419202,,,Polska,RESUPPLY_OPERATION,,resupply_summary,,,,,,,,,,,,,,,,,,,,,,,,,,RESUPPLY_SUMMARY PRE_RAID_OPTIMIZATION | TOTAL_PE_SPENT: 6 | UNITS_RESUPPLIED: 6/6 | BUDGET_ALLOCATED: 32 | PE_REMAINING: 34,,,,,,,,,,,,,,,,,,,,,,,,
2025-09-15T23:51:45.453249,,target_selection,Polska,P_Kompania__3_Batalion_Strzelc_w,,target_analysis,,,,,39,13,,,,,,,,,,,,,,,,,,,,"Target analysis: 29 candidates, score -1.00",,29,-1,999,,,,,,,,,False,,,,,,,29,29,29,5,2
2025-09-15T23:51:45.459942,,,Polska,P_Kompania__3_Batalion_Strzelc_w,,second_move,,,39,13,,,,,,,,,,,,,,,,,,,,,,second_chance after PRE_RAID_OPTIMIZATION,,,,,,,,,,,,,,,,,,,,,,,,
2025-09-15T23:51:45.480952,,target_selection,Polska,P_Pluton__3_Pu_k_Piechoty,,target_analysis,,,,,32,13,,,,,,,,,,,,,,,,,,,,"Target analysis: 29 candidates, score -1.00",,29,-1,999,,,,,,,,,False,,,,,,,29,29,29,2,2
2025-09-15T23:51:45.485440,,,Polska,P_Pluton__3_Pu_k_Piechoty,,second_move,,,32,13,,,,,,,,,,,,,,,,,,,,,,second_chance after PRE_RAID_OPTIMIZATION,,,,,,,,,,,,,,,,,,,,,,,,
2025-09-15T23:51:45.505738,,target_selection,Polska,P_Batalion__3_Pu_k_Piechoty,,target_analysis,,,,,34,15,,,,,,,,,,,,,,,,,,,,"Target analysis: 29 candidates, score -1.00",,29,-1,999,,,,,,,,,False,,,,,,,29,29,29,2,2
2025-09-15T23:51:45.511831,,,Polska,P_Batalion__3_Pu_k_Piechoty,,second_move,,,34,15,,,,,,,,,,,,,,,,,,,,,,second_chance after PRE_RAID_OPTIMIZATION,,,,,,,,,,,,,,,,,,,,,,,,
2025-09-15T23:51:45.530652,,target_selection,Polska,P_Pluton__3_Pu_k_Piechoty_20250913214024,,target_analysis,,,,,42,11,,,,,,,,,,,,,,,,,,,,"Target analysis: 29 candidates, score -1.00",,29,-1,999,,,,,,,,,False,,,,,,,29,29,29,2,2
2025-09-15T23:51:45.535895,,,Polska,P_Pluton__3_Pu_k_Piechoty_20250913214024,,second_move,,,42,11,,,,,,,,,,,,,,,,,,,,,,second_chance after PRE_RAID_OPTIMIZATION,,,,,,,,,,,,,,,,,,,,,,,,
2025-09-15T23:51:45.575801,,target_selection,Polska,Z_Kompania__3_Kompania_Zaopatrzeniowa,,target_analysis,,,,,38,13,,,,,,,,,,,,,,,,,,,,"Target analysis: 29 candidates, score -1.00",,29,-1,999,,,,,,,,,False,,,,,,,29,29,29,3,3
2025-09-15T23:51:45.578898,,,Polska,Z_Kompania__3_Kompania_Zaopatrzeniowa,,second_move,,,38,13,,,,,,,,,,,,,,,,,,,,,,second_chance after PRE_RAID_OPTIMIZATION,,,,,,,,,,,,,,,,,,,,,,,,
2025-09-15T23:51:45.592627,,target_selection,Polska,P_Pluton__3_Kompania_Grenadier_w,,target_analysis,,,,,35,13,,,,,,,,,,,,,,,,,,,,"Target analysis: 29 candidates, score -1.00",,29,-1,999,,,,,,,,,False,,,,,,,29,29,29,2,2
2025-09-15T23:51:45.597380,,,Polska,P_Pluton__3_Kompania_Grenadier_w,,second_move,,,35,13,,,,,,,,,,,,,,,,,,,,,,second_chance after PRE_RAID_OPTIMIZATION,,,,,,,,,,,,,,,,,,,,,,,,
2025-09-15T23:51:45.777536,,,Polska,RESUPPLY_NEEDS,,resupply_analysis,,,,,,,,,,,,,,,,,,,,,,,,,,NEEDS_ANALYSIS PRE_RAID_OPTIMIZATION | TOTAL_FUEL_NEEDED: 7 | TOTAL_COMBAT_NEEDED: 0 | TOTAL_PE_NEEDED: 7 | BUDGET_AVAILABLE: 27 | UNITS_REQUIRING_HELP: 6,,,,,,,,,,,,,,,,,,,,,,,,
2025-09-15T23:51:45.778568,,,Polska,RESUPPLY_OPERATION,,resupply_summary,,,,,,,,,,,,,,,,,,,,,,,,,,RESUPPLY_SUMMARY PRE_RAID_OPTIMIZATION | TOTAL_PE_SPENT: 0 | UNITS_RESUPPLIED: 0/6 | BUDGET_ALLOCATED: 27 | PE_REMAINING: 34,,,,,,,,,,,,,,,,,,,,,,,,
2025-09-15T23:51:45.785168,,target_selection,Polska,P_Kompania__3_Batalion_Strzelc_w,,target_analysis,,,,,39,12,,,,,,,,,,,,,,,,,,,,"Target analysis: 29 candidates, score -1.00",,29,-1,999,,,,,,,,,False,,,,,,,29,29,29,4,1
2025-09-15T23:51:45.793011,,,Polska,P_Kompania__3_Batalion_Strzelc_w,,second_move,,,39,12,,,,,,,,,,,,,,,,,,,,,,second_chance after PRE_RAID_OPTIMIZATION,,,,,,,,,,,,,,,,,,,,,,,,
2025-09-15T23:51:45.802683,,target_selection,Polska,P_Pluton__3_Pu_k_Piechoty,,target_analysis,,,,,33,13,,,,,,,,,,,,,,,,,,,,"Target analysis: 29 candidates, score -1.00",,29,-1,999,,,,,,,,,False,,,,,,,29,29,29,1,1
2025-09-15T23:51:45.809418,,,Polska,P_Pluton__3_Pu_k_Piechoty,,second_move,,,33,13,,,,,,,,,,,,,,,,,,,,,,second_chance after PRE_RAID_OPTIMIZATION,,,,,,,,,,,,,,,,,,,,,,,,
2025-09-15T23:51:45.818876,,target_selection,Polska,P_Batalion__3_Pu_k_Piechoty,,target_analysis,,,,,35,15,,,,,,,,,,,,,,,,,,,,"Target analysis: 29 candidates, score -1.00",,29,-1,999,,,,,,,,,False,,,,,,,29,29,29,1,1
2025-09-15T23:51:45.825154,,,Polska,P_Batalion__3_Pu_k_Piechoty,,second_move,,,35,15,,,,,,,,,,,,,,,,,,,,,,second_chance after PRE_RAID_OPTIMIZATION,,,,,,,,,,,,,,,,,,,,,,,,
2025-09-15T23:51:45.833326,,target_selection,Polska,P_Pluton__3_Pu_k_Piechoty_20250913214024,,target_analysis,,,,,41,11,,,,,,,,,,,,,,,,,,,,"Target analysis: 29 candidates, score -1.00",,29,-1,999,,,,,,,,,False,,,,,,,29,29,29,1,1
2025-09-15T23:51:45.837008,,,Polska,P_Pluton__3_Pu_k_Piechoty_20250913214024,,second_move,,,41,11,,,,,,,,,,,,,,,,,,,,,,second_chance after PRE_RAID_OPTIMIZATION,,,,,,,,,,,,,,,,,,,,,,,,
2025-09-15T23:51:45.852914,,target_selection,Polska,Z_Kompania__3_Kompania_Zaopatrzeniowa,,target_analysis,,,,,36,15,,,,,,,,,,,,,,,,,,,,"Target analysis: 29 candidates, score -1.00",,29,-1,999,,,,,,,,,False,,,,,,,29,29,29,2,2
2025-09-15T23:51:45.859309,,,Polska,Z_Kompania__3_Kompania_Zaopatrzeniowa,,second_move,,,36,15,,,,,,,,,,,,,,,,,,,,,,second_chance after PRE_RAID_OPTIMIZATION,,,,,,,,,,,,,,,,,,,,,,,,
2025-09-15T23:51:45.869383,,target_selection,Polska,P_Pluton__3_Kompania_Grenadier_w,,target_analysis,,,,,36,13,,,,,,,,,,,,,,,,,,,,"Target analysis: 29 candidates, score -1.00",,29,-1,999,,,,,,,,,False,,,,,,,29,29,29,1,1
2025-09-15T23:51:45.876552,,,Polska,P_Pluton__3_Kompania_Grenadier_w,,second_move,,,36,13,,,,,,,,,,,,,,,,,,,,,,second_chance after PRE_RAID_OPTIMIZATION,,,,,,,,,,,,,,,,,,,,,,,,
2025-09-15T23:51:45.877557,,,Polska,RESUPPLY_NEEDS,,resupply_analysis,,,,,,,,,,,,,,,,,,,,,,,,,,NEEDS_ANALYSIS LOW_FUEL | TOTAL_FUEL_NEEDED: 13 | TOTAL_COMBAT_NEEDED: 0 | TOTAL_PE_NEEDED: 13 | BUDGET_AVAILABLE: 27 | UNITS_REQUIRING_HELP: 6,,,,,,,,,,,,,,,,,,,,,,,,
2025-09-15T23:51:45.878589,,,Polska,RESUPPLY_OPERATION,,resupply_summary,,,,,,,,,,,,,,,,,,,,,,,,,,RESUPPLY_SUMMARY LOW_FUEL | TOTAL_PE_SPENT: 0 | UNITS_RESUPPLIED: 0/6 | BUDGET_ALLOCATED: 27 | PE_REMAINING: 34,,,,,,,,,,,,,,,,,,,,,,,,
2025-09-15T23:51:45.884022,,target_selection,Polska,Z_Kompania__3_Kompania_Zaopatrzeniowa,,target_analysis,,,,,37,14,,,,,,,,,,,,,,,,,,,,"Target analysis: 29 candidates, score -1.00",,29,-1,999,,,,,,,,,False,,,,,,,29,29,29,1,1
2025-09-15T23:51:45.887376,,,Polska,Z_Kompania__3_Kompania_Zaopatrzeniowa,,second_move,,,37,14,,,,,,,,,,,,,,,,,,,,,,second_chance after LOW_FUEL,,,,,,,,,,,,,,,,,,,,,,,,
2025-09-15T23:51:46.100683,,strategy,Polska,STRATEGY,,strategic_decision,,,,,,,,,,,,,,,,,,,,,,,,,,"Strategy: REASSIGNMENT, aggression 0.50, 5 groups, 0 reassignments",,,,,,,,,REASSIGNMENT,0.5,,,,,,adaptive,,0,dynamic_reassignment,,,,,
2025-09-15T23:51:46.199006,,strategy,Polska,STRATEGY,,strategic_decision,,,,,,,,,,,,,,,,,,,,,,,,,,"Strategy: REASSIGNMENT, aggression 0.50, 5 groups, 0 reassignments",,,,,,,,,REASSIGNMENT,0.5,,,,,,adaptive,,0,dynamic_reassignment,,,,,
2025-09-15T23:51:46.204677,,strategy,Polska,STRATEGY,,strategic_decision,,,,,,,,,,,,,,,,,,,,,,,,,,"Strategy: REASSIGNMENT, aggression 0.50, 1 groups, 0 reassignments",,,,,,,,,REASSIGNMENT,0.5,,,,,,adaptive,,0,dynamic_reassignment,,,,,
2025-09-15T23:51:46.212581,,target_selection,Polska,P_Kompania__3_Batalion_Strzelc_w,,target_analysis,,,,,,,,,,,,,,,,,,,,,,,,,,"Target analysis: 29 candidates, score -1.00",,29,-1,999,,,,,,,,,False,,,,,,,29,29,29,7,0
2025-09-15T23:51:46.215245,,,Polska,RESUPPLY_NEEDS,,resupply_analysis,,,,,,,,,,,,,,,,,,,,,,,,,,NEEDS_ANALYSIS LOW_FUEL | TOTAL_FUEL_NEEDED: 14 | TOTAL_COMBAT_NEEDED: 0 | TOTAL_PE_NEEDED: 14 | BUDGET_AVAILABLE: 27 | UNITS_REQUIRING_HELP: 6,,,,,,,,,,,,,,,,,,,,,,,,
2025-09-15T23:51:46.216256,,,Polska,RESUPPLY_OPERATION,,resupply_summary,,,,,,,,,,,,,,,,,,,,,,,,,,RESUPPLY_SUMMARY LOW_FUEL | TOTAL_PE_SPENT: 0 | UNITS_RESUPPLIED: 0/6 | BUDGET_ALLOCATED: 27 | PE_REMAINING: 34,,,,,,,,,,,,,,,,,,,,,,,,
2025-09-15T23:51:46.217466,,,Polska,RESUPPLY_NEEDS,,resupply_analysis,,,,,,,,,,,,,,,,,,,,,,,,,,NEEDS_ANALYSIS LOW_FUEL | TOTAL_FUEL_NEEDED: 14 | TOTAL_COMBAT_NEEDED: 0 | TOTAL_PE_NEEDED: 14 | BUDGET_AVAILABLE: 27 | UNITS_REQUIRING_HELP: 6,,,,,,,,,,,,,,,,,,,,,,,,
2025-09-15T23:51:46.219566,,,Polska,RESUPPLY_OPERATION,,resupply_summary,,,,,,,,,,,,,,,,,,,,,,,,,,RESUPPLY_SUMMARY LOW_FUEL | TOTAL_PE_SPENT: 0 | UNITS_RESUPPLIED: 0/6 | BUDGET_ALLOCATED: 27 | PE_REMAINING: 34,,,,,,,,,,,,,,,,,,,,,,,,
2025-09-15T23:51:46.219566,,,Polska,RESUPPLY_NEEDS,,resupply_analysis,,,,,,,,,,,,,,,,,,,,,,,,,,NEEDS_ANALYSIS LOW_FUEL | TOTAL_FUEL_NEEDED: 14 | TOTAL_COMBAT_NEEDED: 0 | TOTAL_PE_NEEDED: 14 | BUDGET_AVAILABLE: 27 | UNITS_REQUIRING_HELP: 6,,,,,,,,,,,,,,,,,,,,,,,,
2025-09-15T23:51:46.223133,,,Polska,RESUPPLY_OPERATION,,resupply_summary,,,,,,,,,,,,,,,,,,,,,,,,,,RESUPPLY_SUMMARY LOW_FUEL | TOTAL_PE_SPENT: 0 | UNITS_RESUPPLIED: 0/6 | BUDGET_ALLOCATED: 27 | PE_REMAINING: 34,,,,,,,,,,,,,,,,,,,,,,,,
2025-09-15T23:51:46.273505,,strategy,Polska,STRATEGY,,strategic_decision,,,,,,,,,,,,,,,,,,,,,,,,,,"Strategy: REASSIGNMENT, aggression 0.50, 1 groups, 0 reassignments",,,,,,,,,REASSIGNMENT,0.5,,,,,,adaptive,,0,dynamic_reassignment,,,,,
2025-09-15T23:51:46.345184,,target_selection,Polska,Z_Pluton__3_Kompania_Zaopatrzeniowa,,target_analysis,,,,,20,19,,,,,,,,,,,,,,,,,,,,"Target analysis: 29 candidates, score -1.00",,29,-1,999,,,,,,,,,False,,,,,,,29,29,29,5,4
2025-09-15T23:51:46.349402,,,Polska,Z_Pluton__3_Kompania_Zaopatrzeniowa,,adaptive_autonomous,20,19,20,19,,,,,,,,,,,,,,,,,,,,,,"Advanced auto mode: group 2 (strategy: TIED, aggr: 0.5)",,,,,,,,,,,,,,,,,,,,,,,,
2025-09-15T23:51:46.415963,,strategy,Polska,STRATEGY,,strategic_decision,,,,,,,,,,,,,,,,,,,,,,,,,,"Strategy: REASSIGNMENT, aggression 0.50, 1 groups, 0 reassignments",,,,,,,,,REASSIGNMENT,0.5,,,,,,adaptive,,0,dynamic_reassignment,,,,,
2025-09-15T23:51:46.473471,,target_selection,Polska,Z_Pluton__3_Batalion_Wsparcia,,target_analysis,,,,,10,26,,,,,,,,,,,,,,,,,,,,"Target analysis: 29 candidates, score -1.00",,29,-1,999,,,,,,,,,False,,,,,,,29,29,29,7,4
2025-09-15T23:51:46.486546,,,Polska,Z_Pluton__3_Batalion_Wsparcia,,adaptive_autonomous,10,26,10,26,,,,,,,,,,,,,,,,,,,,,,"Advanced auto mode: group 3 (strategy: TIED, aggr: 0.5)",,,,,,,,,,,,,,,,,,,,,,,,
2025-09-15T23:51:46.489948,,,Polska,RESUPPLY_NEEDS,,resupply_analysis,,,,,,,,,,,,,,,,,,,,,,,,,,NEEDS_ANALYSIS LOW_FUEL | TOTAL_FUEL_NEEDED: 16 | TOTAL_COMBAT_NEEDED: 0 | TOTAL_PE_NEEDED: 16 | BUDGET_AVAILABLE: 30 | UNITS_REQUIRING_HELP: 8,,,,,,,,,,,,,,,,,,,,,,,,
2025-09-15T23:51:46.491821,,,Polska,RESUPPLY_OPERATION,,resupply_summary,,,,,,,,,,,,,,,,,,,,,,,,,,RESUPPLY_SUMMARY LOW_FUEL | TOTAL_PE_SPENT: 0 | UNITS_RESUPPLIED: 0/8 | BUDGET_ALLOCATED: 30 | PE_REMAINING: 34,,,,,,,,,,,,,,,,,,,,,,,,
2025-09-15T23:51:46.531610,,target_selection,Polska,Z_Pluton__3_Batalion_Wsparcia,,target_analysis,,,,,13,26,,,,,,,,,,,,,,,,,,,,"Target analysis: 29 candidates, score -1.00",,29,-1,999,,,,,,,,,False,,,,,,,29,29,29,6,3
2025-09-15T23:51:46.545027,,,Polska,Z_Pluton__3_Batalion_Wsparcia,,second_move,,,13,26,,,,,,,,,,,,,,,,,,,,,,second_chance after LOW_FUEL,,,,,,,,,,,,,,,,,,,,,,,,
2025-09-15T23:51:46.594525,,target_selection,Polska,Z_Pluton__3_Kompania_Zaopatrzeniowa,,target_analysis,,,,,23,19,,,,,,,,,,,,,,,,,,,,"Target analysis: 29 candidates, score -1.00",,29,-1,999,,,,,,,,,False,,,,,,,29,29,29,4,3
2025-09-15T23:51:46.599152,,,Polska,Z_Pluton__3_Kompania_Zaopatrzeniowa,,second_move,,,23,19,,,,,,,,,,,,,,,,,,,,,,second_chance after LOW_FUEL,,,,,,,,,,,,,,,,,,,,,,,,
2025-09-15T23:51:46.600382,,strategy,Polska,STRATEGY,,strategic_decision,,,,,,,,,,,,,,,,,,,,,,,,,,"Strategy: REASSIGNMENT, aggression 0.50, 1 groups, 0 reassignments",,,,,,,,,REASSIGNMENT,0.5,,,,,,adaptive,,0,dynamic_reassignment,,,,,
2025-09-15T23:51:46.610540,,target_selection,Polska,P_Pluton__3_Pu_k_Piechoty,,target_analysis,,,,,,,,,,,,,,,,,,,,,,,,,,"Target analysis: 29 candidates, score -1.00",,29,-1,999,,,,,,,,,False,,,,,,,29,29,29,4,0
2025-09-15T23:51:46.610540,,,Polska,RESUPPLY_NEEDS,,resupply_analysis,,,,,,,,,,,,,,,,,,,,,,,,,,NEEDS_ANALYSIS LOW_FUEL | TOTAL_FUEL_NEEDED: 18 | TOTAL_COMBAT_NEEDED: 0 | TOTAL_PE_NEEDED: 18 | BUDGET_AVAILABLE: 30 | UNITS_REQUIRING_HELP: 8,,,,,,,,,,,,,,,,,,,,,,,,
2025-09-15T23:51:46.610540,,,Polska,Z_Pluton__3_Batalion_Wsparcia,,resupply_detailed,13,26,13,26,,,,,,,,,,,,,,,,,,,,,,phase1 LOW_FUEL | PE_SPENT: fuel=1 combat=0 total=1 | BEFORE: fuel=2 combat=4 | AFTER: fuel=3 combat=4,,,,,,,,,,,,,,,,,,,,,,,,
2025-09-15T23:51:46.610540,,,Polska,Z_Pluton__3_Kompania_Zaopatrzeniowa,,resupply_detailed,23,19,23,19,,,,,,,,,,,,,,,,,,,,,,phase1 LOW_FUEL | PE_SPENT: fuel=1 combat=0 total=1 | BEFORE: fuel=2 combat=4 | AFTER: fuel=3 combat=4,,,,,,,,,,,,,,,,,,,,,,,,
2025-09-15T23:51:46.610540,,,Polska,RESUPPLY_OPERATION,,resupply_summary,,,,,,,,,,,,,,,,,,,,,,,,,,RESUPPLY_SUMMARY LOW_FUEL | TOTAL_PE_SPENT: 2 | UNITS_RESUPPLIED: 2/8 | BUDGET_ALLOCATED: 30 | PE_REMAINING: 32,,,,,,,,,,,,,,,,,,,,,,,,
2025-09-15T23:51:46.648097,,target_selection,Polska,Z_Pluton__3_Batalion_Wsparcia,,target_analysis,,,,,10,26,,,,,,,,,,,,,,,,,,,,"Target analysis: 29 candidates, score -1.00",,29,-1,999,,,,,,,,,False,,,,,,,29,29,29,5,3
2025-09-15T23:51:46.665945,,,Polska,Z_Pluton__3_Batalion_Wsparcia,,second_move,,,10,26,,,,,,,,,,,,,,,,,,,,,,second_chance after LOW_FUEL,,,,,,,,,,,,,,,,,,,,,,,,
2025-09-15T23:51:46.709745,,target_selection,Polska,Z_Pluton__3_Kompania_Zaopatrzeniowa,,target_analysis,,,,,26,19,,,,,,,,,,,,,,,,,,,,"Target analysis: 29 candidates, score -1.00",,29,-1,999,,,,,,,,,False,,,,,,,29,29,29,3,3
2025-09-15T23:51:46.714028,,,Polska,Z_Pluton__3_Kompania_Zaopatrzeniowa,,second_move,,,26,19,,,,,,,,,,,,,,,,,,,,,,second_chance after LOW_FUEL,,,,,,,,,,,,,,,,,,,,,,,,
2025-09-15T23:51:46.715845,,strategy,Polska,STRATEGY,,strategic_decision,,,,,,,,,,,,,,,,,,,,,,,,,,"Strategy: REASSIGNMENT, aggression 0.50, 1 groups, 0 reassignments",,,,,,,,,REASSIGNMENT,0.5,,,,,,adaptive,,0,dynamic_reassignment,,,,,
2025-09-15T23:51:46.722863,,target_selection,Polska,P_Batalion__3_Pu_k_Piechoty,,target_analysis,,,,,,,,,,,,,,,,,,,,,,,,,,"Target analysis: 29 candidates, score -1.00",,29,-1,999,,,,,,,,,False,,,,,,,29,29,29,4,0
2025-09-15T23:51:46.728032,,,Polska,RESUPPLY_NEEDS,,resupply_analysis,,,,,,,,,,,,,,,,,,,,,,,,,,NEEDS_ANALYSIS LOW_FUEL | TOTAL_FUEL_NEEDED: 18 | TOTAL_COMBAT_NEEDED: 0 | TOTAL_PE_NEEDED: 18 | BUDGET_AVAILABLE: 28 | UNITS_REQUIRING_HELP: 8,,,,,,,,,,,,,,,,,,,,,,,,
2025-09-15T23:51:46.728032,,,Polska,Z_Pluton__3_Batalion_Wsparcia,,resupply_detailed,10,26,10,26,,,,,,,,,,,,,,,,,,,,,,phase1 LOW_FUEL | PE_SPENT: fuel=1 combat=0 total=1 | BEFORE: fuel=2 combat=4 | AFTER: fuel=3 combat=4,,,,,,,,,,,,,,,,,,,,,,,,
2025-09-15T23:51:46.729292,,,Polska,Z_Pluton__3_Kompania_Zaopatrzeniowa,,resupply_detailed,26,19,26,19,,,,,,,,,,,,,,,,,,,,,,phase1 LOW_FUEL | PE_SPENT: fuel=1 combat=0 total=1 | BEFORE: fuel=2 combat=4 | AFTER: fuel=3 combat=4,,,,,,,,,,,,,,,,,,,,,,,,
2025-09-15T23:51:46.730466,,,Polska,RESUPPLY_OPERATION,,resupply_summary,,,,,,,,,,,,,,,,,,,,,,,,,,RESUPPLY_SUMMARY LOW_FUEL | TOTAL_PE_SPENT: 2 | UNITS_RESUPPLIED: 2/8 | BUDGET_ALLOCATED: 28 | PE_REMAINING: 30,,,,,,,,,,,,,,,,,,,,,,,,
2025-09-15T23:51:46.761924,,target_selection,Polska,Z_Pluton__3_Batalion_Wsparcia,,target_analysis,,,,,13,26,,,,,,,,,,,,,,,,,,,,"Target analysis: 29 candidates, score -1.00",,29,-1,999,,,,,,,,,False,,,,,,,29,29,29,4,3
2025-09-15T23:51:46.777083,,,Polska,Z_Pluton__3_Batalion_Wsparcia,,second_move,,,13,26,,,,,,,,,,,,,,,,,,,,,,second_chance after LOW_FUEL,,,,,,,,,,,,,,,,,,,,,,,,
2025-09-15T23:51:46.793793,,target_selection,Polska,Z_Pluton__3_Kompania_Zaopatrzeniowa,,target_analysis,,,,,28,19,,,,,,,,,,,,,,,,,,,,"Target analysis: 29 candidates, score -1.00",,29,-1,999,,,,,,,,,False,,,,,,,29,29,29,2,3
2025-09-15T23:51:46.797678,,,Polska,Z_Pluton__3_Kompania_Zaopatrzeniowa,,second_move,,,28,19,,,,,,,,,,,,,,,,,,,,,,second_chance after LOW_FUEL,,,,,,,,,,,,,,,,,,,,,,,,
2025-09-15T23:51:46.802056,,,Polska,RESUPPLY_NEEDS,,resupply_analysis,,,,,,,,,,,,,,,,,,,,,,,,,,NEEDS_ANALYSIS LOW_FUEL | TOTAL_FUEL_NEEDED: 18 | TOTAL_COMBAT_NEEDED: 0 | TOTAL_PE_NEEDED: 18 | BUDGET_AVAILABLE: 27 | UNITS_REQUIRING_HELP: 8,,,,,,,,,,,,,,,,,,,,,,,,
2025-09-15T23:51:46.803054,,,Polska,Z_Pluton__3_Batalion_Wsparcia,,resupply_detailed,13,26,13,26,,,,,,,,,,,,,,,,,,,,,,phase1 LOW_FUEL | PE_SPENT: fuel=1 combat=0 total=1 | BEFORE: fuel=2 combat=4 | AFTER: fuel=3 combat=4,,,,,,,,,,,,,,,,,,,,,,,,
2025-09-15T23:51:46.803054,,,Polska,Z_Pluton__3_Kompania_Zaopatrzeniowa,,resupply_detailed,28,19,28,19,,,,,,,,,,,,,,,,,,,,,,phase1 LOW_FUEL | PE_SPENT: fuel=1 combat=0 total=1 | BEFORE: fuel=2 combat=4 | AFTER: fuel=3 combat=4,,,,,,,,,,,,,,,,,,,,,,,,
2025-09-15T23:51:46.805049,,,Polska,RESUPPLY_OPERATION,,resupply_summary,,,,,,,,,,,,,,,,,,,,,,,,,,RESUPPLY_SUMMARY LOW_FUEL | TOTAL_PE_SPENT: 2 | UNITS_RESUPPLIED: 2/8 | BUDGET_ALLOCATED: 27 | PE_REMAINING: 28,,,,,,,,,,,,,,,,,,,,,,,,
2025-09-15T23:51:46.833686,,target_selection,Polska,Z_Pluton__3_Batalion_Wsparcia,,target_analysis,,,,,10,26,,,,,,,,,,,,,,,,,,,,"Target analysis: 29 candidates, score -1.00",,29,-1,999,,,,,,,,,False,,,,,,,29,29,29,3,3
2025-09-15T23:51:46.838669,,,Polska,Z_Pluton__3_Batalion_Wsparcia,,second_move,,,10,26,,,,,,,,,,,,,,,,,,,,,,second_chance after LOW_FUEL,,,,,,,,,,,,,,,,,,,,,,,,
2025-09-15T23:51:46.849049,,target_selection,Polska,Z_Pluton__3_Kompania_Zaopatrzeniowa,,target_analysis,,,,,27,19,,,,,,,,,,,,,,,,,,,,"Target analysis: 29 candidates, score -1.00",,29,-1,999,,,,,,,,,False,,,,,,,29,29,29,1,3
2025-09-15T23:51:46.853180,,,Polska,Z_Pluton__3_Kompania_Zaopatrzeniowa,,second_move,,,27,19,,,,,,,,,,,,,,,,,,,,,,second_chance after LOW_FUEL,,,,,,,,,,,,,,,,,,,,,,,,
2025-09-15T23:51:46.854594,,,Polska,RESUPPLY_NEEDS,,resupply_analysis,,,,,,,,,,,,,,,,,,,,,,,,,,NEEDS_ANALYSIS LOW_FUEL | TOTAL_FUEL_NEEDED: 18 | TOTAL_COMBAT_NEEDED: 0 | TOTAL_PE_NEEDED: 18 | BUDGET_AVAILABLE: 25 | UNITS_REQUIRING_HELP: 8,,,,,,,,,,,,,,,,,,,,,,,,
2025-09-15T23:51:46.859161,,,Polska,RESUPPLY_OPERATION,,resupply_summary,,,,,,,,,,,,,,,,,,,,,,,,,,RESUPPLY_SUMMARY LOW_FUEL | TOTAL_PE_SPENT: 0 | UNITS_RESUPPLIED: 0/8 | BUDGET_ALLOCATED: 25 | PE_REMAINING: 28,,,,,,,,,,,,,,,,,,,,,,,,
2025-09-15T23:51:46.882374,,target_selection,Polska,Z_Pluton__3_Batalion_Wsparcia,,target_analysis,,,,,12,26,,,,,,,,,,,,,,,,,,,,"Target analysis: 29 candidates, score -1.00",,29,-1,999,,,,,,,,,False,,,,,,,29,29,29,2,2
2025-09-15T23:51:46.882374,,,Polska,Z_Pluton__3_Batalion_Wsparcia,,second_move,,,12,26,,,,,,,,,,,,,,,,,,,,,,second_chance after LOW_FUEL,,,,,,,,,,,,,,,,,,,,,,,,
2025-09-15T23:51:46.887865,,,Polska,RESUPPLY_NEEDS,,resupply_analysis,,,,,,,,,,,,,,,,,,,,,,,,,,NEEDS_ANALYSIS LOW_FUEL | TOTAL_FUEL_NEEDED: 19 | TOTAL_COMBAT_NEEDED: 0 | TOTAL_PE_NEEDED: 19 | BUDGET_AVAILABLE: 25 | UNITS_REQUIRING_HELP: 8,,,,,,,,,,,,,,,,,,,,,,,,
2025-09-15T23:51:46.888877,,,Polska,RESUPPLY_OPERATION,,resupply_summary,,,,,,,,,,,,,,,,,,,,,,,,,,RESUPPLY_SUMMARY LOW_FUEL | TOTAL_PE_SPENT: 0 | UNITS_RESUPPLIED: 0/8 | BUDGET_ALLOCATED: 25 | PE_REMAINING: 28,,,,,,,,,,,,,,,,,,,,,,,,
2025-09-15T23:51:47.077967,,target_selection,Polska,Z_Pluton__3_Batalion_Wsparcia,,target_analysis,,,,,13,26,,,,,,,,,,,,,,,,,,,,"Target analysis: 29 candidates, score -1.00",,29,-1,999,,,,,,,,,False,,,,,,,29,29,29,1,1
2025-09-15T23:51:47.092742,,,Polska,Z_Pluton__3_Batalion_Wsparcia,,second_move,,,13,26,,,,,,,,,,,,,,,,,,,,,,second_chance after LOW_FUEL,,,,,,,,,,,,,,,,,,,,,,,,
2025-09-15T23:51:47.111262,,,Polska,RESUPPLY_NEEDS,,resupply_analysis,,,,,,,,,,,,,,,,,,,,,,,,,,NEEDS_ANALYSIS LOW_FUEL | TOTAL_FUEL_NEEDED: 20 | TOTAL_COMBAT_NEEDED: 0 | TOTAL_PE_NEEDED: 20 | BUDGET_AVAILABLE: 25 | UNITS_REQUIRING_HELP: 8,,,,,,,,,,,,,,,,,,,,,,,,
2025-09-15T23:51:47.127495,,,Polska,RESUPPLY_OPERATION,,resupply_summary,,,,,,,,,,,,,,,,,,,,,,,,,,RESUPPLY_SUMMARY LOW_FUEL | TOTAL_PE_SPENT: 0 | UNITS_RESUPPLIED: 0/8 | BUDGET_ALLOCATED: 25 | PE_REMAINING: 28,,,,,,,,,,,,,,,,,,,,,,,,
2025-09-15T23:51:47.132485,,,Polska,RESUPPLY_NEEDS,,resupply_analysis,,,,,,,,,,,,,,,,,,,,,,,,,,NEEDS_ANALYSIS LOW_FUEL | TOTAL_FUEL_NEEDED: 20 | TOTAL_COMBAT_NEEDED: 0 | TOTAL_PE_NEEDED: 20 | BUDGET_AVAILABLE: 25 | UNITS_REQUIRING_HELP: 8,,,,,,,,,,,,,,,,,,,,,,,,
2025-09-15T23:51:47.135476,,,Polska,RESUPPLY_OPERATION,,resupply_summary,,,,,,,,,,,,,,,,,,,,,,,,,,RESUPPLY_SUMMARY LOW_FUEL | TOTAL_PE_SPENT: 0 | UNITS_RESUPPLIED: 0/8 | BUDGET_ALLOCATED: 25 | PE_REMAINING: 28,,,,,,,,,,,,,,,,,,,,,,,,
2025-09-15T23:51:47.138573,,,Polska,RESUPPLY_NEEDS,,resupply_analysis,,,,,,,,,,,,,,,,,,,,,,,,,,NEEDS_ANALYSIS LOW_FUEL | TOTAL_FUEL_NEEDED: 20 | TOTAL_COMBAT_NEEDED: 0 | TOTAL_PE_NEEDED: 20 | BUDGET_AVAILABLE: 25 | UNITS_REQUIRING_HELP: 8,,,,,,,,,,,,,,,,,,,,,,,,
2025-09-15T23:51:47.139599,,,Polska,RESUPPLY_OPERATION,,resupply_summary,,,,,,,,,,,,,,,,,,,,,,,,,,RESUPPLY_SUMMARY LOW_FUEL | TOTAL_PE_SPENT: 0 | UNITS_RESUPPLIED: 0/8 | BUDGET_ALLOCATED: 25 | PE_REMAINING: 28,,,,,,,,,,,,,,,,,,,,,,,,
2025-09-15T23:51:47.144611,,,Polska,TURN_END,,turn_summary,,,,,,,,,,,10,2,,,,,,,,,,,,advanced,opp=0;groups=5;adv=True,"Turn completed: 2/10 units moved, 5 groups (advanced)",,,,,,,,,,,,,,,,,,,,,,,,
2025-09-15T23:51:47.231989,,,Niemcy,TURN_START,,turn_begin,,,,,,,,,,,,,,,,,,,,,,,,,,AI Commander turn started for player 5,,,,,,,,,,,,,,,,,,,,,,,,
2025-09-15T23:51:47.235935,,,Niemcy,RESUPPLY_NEEDS,,resupply_analysis,,,,,,,,,,,,,,,,,,,,,,,,,,NEEDS_ANALYSIS PRE_RAID_OPTIMIZATION | TOTAL_FUEL_NEEDED: 24 | TOTAL_COMBAT_NEEDED: 0 | TOTAL_PE_NEEDED: 24 | BUDGET_AVAILABLE: 53 | UNITS_REQUIRING_HELP: 8,,,,,,,,,,,,,,,,,,,,,,,,
2025-09-15T23:51:47.236940,,,Niemcy,P_Pluton__5_Infanterie_Regiment,,resupply_detailed,37,-11,37,-11,,,,,,,,,,,,,,,,,,,,,,phase1 PRE_RAID_OPTIMIZATION | PE_SPENT: fuel=2 combat=0 total=2 | BEFORE: fuel=0 combat=8 | AFTER: fuel=2 combat=8,,,,,,,,,,,,,,,,,,,,,,,,
2025-09-15T23:51:47.237937,,,Niemcy,P_Kompania__5_Infanterie_Regiment,,resupply_detailed,39,-12,39,-12,,,,,,,,,,,,,,,,,,,,,,phase1 PRE_RAID_OPTIMIZATION | PE_SPENT: fuel=2 combat=0 total=2 | BEFORE: fuel=0 combat=11 | AFTER: fuel=2 combat=11,,,,,,,,,,,,,,,,,,,,,,,,
2025-09-15T23:51:47.237937,,,Niemcy,AC_Kompania__5_schwere_Artillerie,,resupply_detailed,36,-10,36,-10,,,,,,,,,,,,,,,,,,,,,,phase1 PRE_RAID_OPTIMIZATION | PE_SPENT: fuel=2 combat=0 total=2 | BEFORE: fuel=0 combat=11 | AFTER: fuel=2 combat=11,,,,,,,,,,,,,,,,,,,,,,,,
2025-09-15T23:51:47.239415,,,Niemcy,AL_Batalion__5_Artillerie_Abteilung,,resupply_detailed,48,-15,48,-15,,,,,,,,,,,,,,,,,,,,,,phase1 PRE_RAID_OPTIMIZATION | PE_SPENT: fuel=2 combat=0 total=2 | BEFORE: fuel=0 combat=11 | AFTER: fuel=2 combat=11,,,,,,,,,,,,,,,,,,,,,,,,
2025-09-15T23:51:47.239415,,,Niemcy,Z_Kompania__5_Unterst_tzungs_Bataillon,,resupply_detailed,42,-15,42,-15,,,,,,,,,,,,,,,,,,,,,,phase1 PRE_RAID_OPTIMIZATION | PE_SPENT: fuel=3 combat=0 total=3 | BEFORE: fuel=0 combat=6 | AFTER: fuel=3 combat=6,,,,,,,,,,,,,,,,,,,,,,,,
2025-09-15T23:51:47.240571,,,Niemcy,Z_Pluton__5_Versorgungs_Kompanie,,resupply_detailed,43,-16,43,-16,,,,,,,,,,,,,,,,,,,,,,phase1 PRE_RAID_OPTIMIZATION | PE_SPENT: fuel=3 combat=0 total=3 | BEFORE: fuel=0 combat=4 | AFTER: fuel=3 combat=4,,,,,,,,,,,,,,,,,,,,,,,,
2025-09-15T23:51:47.241998,,,Niemcy,Z_Pluton__5_Unterst_tzungs_Bataillon,,resupply_detailed,46,-15,46,-15,,,,,,,,,,,,,,,,,,,,,,phase1 PRE_RAID_OPTIMIZATION | PE_SPENT: fuel=3 combat=0 total=3 | BEFORE: fuel=0 combat=4 | AFTER: fuel=3 combat=4,,,,,,,,,,,,,,,,,,,,,,,,
2025-09-15T23:51:47.244007,,,Niemcy,Z_Pluton__5_Unterst_tzungs_Bataillon_20250913214038,,resupply_detailed,49,-15,49,-15,,,,,,,,,,,,,,,,,,,,,,phase1 PRE_RAID_OPTIMIZATION | PE_SPENT: fuel=3 combat=0 total=3 | BEFORE: fuel=0 combat=4 | AFTER: fuel=3 combat=4,,,,,,,,,,,,,,,,,,,,,,,,
2025-09-15T23:51:47.245138,,,Niemcy,RESUPPLY_OPERATION,,resupply_summary,,,,,,,,,,,,,,,,,,,,,,,,,,RESUPPLY_SUMMARY PRE_RAID_OPTIMIZATION | TOTAL_PE_SPENT: 20 | UNITS_RESUPPLIED: 8/8 | BUDGET_ALLOCATED: 53 | PE_REMAINING: 39,,,,,,,,,,,,,,,,,,,,,,,,
2025-09-15T23:51:47.270394,,target_selection,Niemcy,P_Pluton__5_Infanterie_Regiment,,target_analysis,,,,,35,-11,,,,,,,,,,,,,,,,,,,,"Target analysis: 29 candidates, score -1.00",,29,-1,999,,,,,,,,,False,,,,,,,29,29,29,6,2
2025-09-15T23:51:47.273702,,,Niemcy,P_Pluton__5_Infanterie_Regiment,,second_move,,,35,-11,,,,,,,,,,,,,,,,,,,,,,second_chance after PRE_RAID_OPTIMIZATION,,,,,,,,,,,,,,,,,,,,,,,,
2025-09-15T23:51:47.300181,,target_selection,Niemcy,P_Kompania__5_Infanterie_Regiment,,target_analysis,,,,,37,-10,,,,,,,,,,,,,,,,,,,,"Target analysis: 29 candidates, score -1.00",,29,-1,999,,,,,,,,,False,,,,,,,29,29,29,4,2
2025-09-15T23:51:47.303376,,,Niemcy,P_Kompania__5_Infanterie_Regiment,,second_move,,,37,-10,,,,,,,,,,,,,,,,,,,,,,second_chance after PRE_RAID_OPTIMIZATION,,,,,,,,,,,,,,,,,,,,,,,,
2025-09-15T23:51:47.329207,,target_selection,Niemcy,AC_Kompania__5_schwere_Artillerie,,target_analysis,,,,,34,-8,,,,,,,,,,,,,,,,,,,,"Target analysis: 29 candidates, score -1.00",,29,-1,999,,,,,,,,,False,,,,,,,29,29,29,5,2
2025-09-15T23:51:47.332531,,,Niemcy,AC_Kompania__5_schwere_Artillerie,,second_move,,,34,-8,,,,,,,,,,,,,,,,,,,,,,second_chance after PRE_RAID_OPTIMIZATION,,,,,,,,,,,,,,,,,,,,,,,,
2025-09-15T23:51:47.350660,,target_selection,Niemcy,AL_Batalion__5_Artillerie_Abteilung,,target_analysis,,,,,48,-17,,,,,,,,,,,,,,,,,,,,"Target analysis: 29 candidates, score -1.00",,29,-1,999,,,,,,,,,False,,,,,,,29,29,29,6,2
2025-09-15T23:51:47.354264,,,Niemcy,AL_Batalion__5_Artillerie_Abteilung,,second_move,,,48,-17,,,,,,,,,,,,,,,,,,,,,,second_chance after PRE_RAID_OPTIMIZATION,,,,,,,,,,,,,,,,,,,,,,,,
2025-09-15T23:51:47.384971,,target_selection,Niemcy,Z_Kompania__5_Unterst_tzungs_Bataillon,,target_analysis,,,,,43,-15,,,,,,,,,,,,,,,,,,,,"Target analysis: 29 candidates, score 45.00",,29,45.0,1,,,,,,,,,False,,,,"(43, -15)",,,28,29,29,5,3
2025-09-15T23:51:47.388579,,,Niemcy,Z_Kompania__5_Unterst_tzungs_Bataillon,,second_move,,,43,-15,,,,,,,,,,,,,,,,,,,,,,second_chance after PRE_RAID_OPTIMIZATION,,,,,,,,,,,,,,,,,,,,,,,,
2025-09-15T23:51:47.424236,,target_selection,Niemcy,Z_Pluton__5_Versorgungs_Kompanie,,target_analysis,,,,,45,-15,,,,,,,,,,,,,,,,,,,,"Target analysis: 29 candidates, score 30.00",,29,30.0,3,,,,,,,,,False,,,,"(45, -15)",,,28,29,29,9,3
2025-09-15T23:51:47.429937,,,Niemcy,Z_Pluton__5_Versorgungs_Kompanie,,second_move,,,45,-15,,,,,,,,,,,,,,,,,,,,,,second_chance after PRE_RAID_OPTIMIZATION,,,,,,,,,,,,,,,,,,,,,,,,
2025-09-15T23:51:47.447689,,target_selection,Niemcy,Z_Pluton__5_Unterst_tzungs_Bataillon,,target_analysis,,,,,48,-15,,,,,,,,,,,,,,,,,,,,"Target analysis: 29 candidates, score -1.00",,29,-1,999,,,,,,,,,False,,,,,,,29,29,29,5,3
2025-09-15T23:51:47.450139,,,Niemcy,Z_Pluton__5_Unterst_tzungs_Bataillon,,second_move,,,48,-15,,,,,,,,,,,,,,,,,,,,,,second_chance after PRE_RAID_OPTIMIZATION,,,,,,,,,,,,,,,,,,,,,,,,
2025-09-15T23:51:47.482539,,target_selection,Niemcy,Z_Pluton__5_Unterst_tzungs_Bataillon_20250913214038,,target_analysis,,,,,52,-15,,,,,,,,,,,,,,,,,,,,"Target analysis: 29 candidates, score -1.00",,29,-1,999,,,,,,,,,False,,,,,,,29,29,29,9,3
2025-09-15T23:51:47.482539,,,Niemcy,Z_Pluton__5_Unterst_tzungs_Bataillon_20250913214038,,second_move,,,52,-15,,,,,,,,,,,,,,,,,,,,,,second_chance after PRE_RAID_OPTIMIZATION,,,,,,,,,,,,,,,,,,,,,,,,
2025-09-15T23:51:47.536862,,,Niemcy,RESUPPLY_NEEDS,,resupply_analysis,,,,,,,,,,,,,,,,,,,,,,,,,,NEEDS_ANALYSIS PRE_RAID_OPTIMIZATION | TOTAL_FUEL_NEEDED: 12 | TOTAL_COMBAT_NEEDED: 0 | TOTAL_PE_NEEDED: 12 | BUDGET_AVAILABLE: 31 | UNITS_REQUIRING_HELP: 8,,,,,,,,,,,,,,,,,,,,,,,,
2025-09-15T23:51:47.537875,,,Niemcy,P_Pluton__5_Infanterie_Regiment,,resupply_detailed,35,-11,35,-11,,,,,,,,,,,,,,,,,,,,,,phase1 PRE_RAID_OPTIMIZATION | PE_SPENT: fuel=1 combat=0 total=1 | BEFORE: fuel=1 combat=8 | AFTER: fuel=2 combat=8,,,,,,,,,,,,,,,,,,,,,,,,
2025-09-15T23:51:47.537875,,,Niemcy,P_Kompania__5_Infanterie_Regiment,,resupply_detailed,37,-10,37,-10,,,,,,,,,,,,,,,,,,,,,,phase1 PRE_RAID_OPTIMIZATION | PE_SPENT: fuel=1 combat=0 total=1 | BEFORE: fuel=1 combat=11 | AFTER: fuel=2 combat=11,,,,,,,,,,,,,,,,,,,,,,,,
2025-09-15T23:51:47.538878,,,Niemcy,AC_Kompania__5_schwere_Artillerie,,resupply_detailed,34,-8,34,-8,,,,,,,,,,,,,,,,,,,,,,phase1 PRE_RAID_OPTIMIZATION | PE_SPENT: fuel=1 combat=0 total=1 | BEFORE: fuel=1 combat=11 | AFTER: fuel=2 combat=11,,,,,,,,,,,,,,,,,,,,,,,,
2025-09-15T23:51:47.540154,,,Niemcy,AL_Batalion__5_Artillerie_Abteilung,,resupply_detailed,48,-17,48,-17,,,,,,,,,,,,,,,,,,,,,,phase1 PRE_RAID_OPTIMIZATION | PE_SPENT: fuel=1 combat=0 total=1 | BEFORE: fuel=1 combat=11 | AFTER: fuel=2 combat=11,,,,,,,,,,,,,,,,,,,,,,,,
2025-09-15T23:51:47.541367,,,Niemcy,Z_Kompania__5_Unterst_tzungs_Bataillon,,resupply_detailed,43,-15,43,-15,,,,,,,,,,,,,,,,,,,,,,phase1 PRE_RAID_OPTIMIZATION | PE_SPENT: fuel=1 combat=0 total=1 | BEFORE: fuel=2 combat=6 | AFTER: fuel=3 combat=6,,,,,,,,,,,,,,,,,,,,,,,,
2025-09-15T23:51:47.542389,,,Niemcy,Z_Pluton__5_Versorgungs_Kompanie,,resupply_detailed,45,-15,45,-15,,,,,,,,,,,,,,,,,,,,,,phase1 PRE_RAID_OPTIMIZATION | PE_SPENT: fuel=1 combat=0 total=1 | BEFORE: fuel=2 combat=4 | AFTER: fuel=3 combat=4,,,,,,,,,,,,,,,,,,,,,,,,
2025-09-15T23:51:47.545129,,,Niemcy,Z_Pluton__5_Unterst_tzungs_Bataillon,,resupply_detailed,48,-15,48,-15,,,,,,,,,,,,,,,,,,,,,,phase1 PRE_RAID_OPTIMIZATION | PE_SPENT: fuel=1 combat=0 total=1 | BEFORE: fuel=2 combat=4 | AFTER: fuel=3 combat=4,,,,,,,,,,,,,,,,,,,,,,,,
2025-09-15T23:51:47.546135,,,Niemcy,Z_Pluton__5_Unterst_tzungs_Bataillon_20250913214038,,resupply_detailed,52,-15,52,-15,,,,,,,,,,,,,,,,,,,,,,phase1 PRE_RAID_OPTIMIZATION | PE_SPENT: fuel=1 combat=0 total=1 | BEFORE: fuel=2 combat=4 | AFTER: fuel=3 combat=4,,,,,,,,,,,,,,,,,,,,,,,,
2025-09-15T23:51:47.547173,,,Niemcy,RESUPPLY_OPERATION,,resupply_summary,,,,,,,,,,,,,,,,,,,,,,,,,,RESUPPLY_SUMMARY PRE_RAID_OPTIMIZATION | TOTAL_PE_SPENT: 8 | UNITS_RESUPPLIED: 8/8 | BUDGET_ALLOCATED: 31 | PE_REMAINING: 31,,,,,,,,,,,,,,,,,,,,,,,,
2025-09-15T23:51:47.584372,,target_selection,Niemcy,P_Pluton__5_Infanterie_Regiment,,target_analysis,,,,,37,-11,,,,,,,,,,,,,,,,,,,,"Target analysis: 29 candidates, score -1.00",,29,-1,999,,,,,,,,,False,,,,,,,29,29,29,5,2
2025-09-15T23:51:47.585763,,,Niemcy,P_Pluton__5_Infanterie_Regiment,,second_move,,,37,-11,,,,,,,,,,,,,,,,,,,,,,second_chance after PRE_RAID_OPTIMIZATION,,,,,,,,,,,,,,,,,,,,,,,,
2025-09-15T23:51:47.603115,,target_selection,Niemcy,P_Kompania__5_Infanterie_Regiment,,target_analysis,,,,,35,-10,,,,,,,,,,,,,,,,,,,,"Target analysis: 29 candidates, score -1.00",,29,-1,999,,,,,,,,,False,,,,,,,29,29,29,3,2
2025-09-15T23:51:47.607391,,,Niemcy,P_Kompania__5_Infanterie_Regiment,,second_move,,,35,-10,,,,,,,,,,,,,,,,,,,,,,second_chance after PRE_RAID_OPTIMIZATION,,,,,,,,,,,,,,,,,,,,,,,,
2025-09-15T23:51:47.631612,,target_selection,Niemcy,AC_Kompania__5_schwere_Artillerie,,target_analysis,,,,,34,-6,,,,,,,,,,,,,,,,,,,,"Target analysis: 29 candidates, score -1.00",,29,-1,999,,,,,,,,,False,,,,,,,29,29,29,4,2
2025-09-15T23:51:47.635217,,,Niemcy,AC_Kompania__5_schwere_Artillerie,,second_move,,,34,-6,,,,,,,,,,,,,,,,,,,,,,second_chance after PRE_RAID_OPTIMIZATION,,,,,,,,,,,,,,,,,,,,,,,,
2025-09-15T23:51:47.664751,,target_selection,Niemcy,AL_Batalion__5_Artillerie_Abteilung,,target_analysis,,,,,50,-17,,,,,,,,,,,,,,,,,,,,"Target analysis: 29 candidates, score -1.00",,29,-1,999,,,,,,,,,False,,,,,,,29,29,29,5,2
2025-09-15T23:51:47.668588,,,Niemcy,AL_Batalion__5_Artillerie_Abteilung,,second_move,,,50,-17,,,,,,,,,,,,,,,,,,,,,,second_chance after PRE_RAID_OPTIMIZATION,,,,,,,,,,,,,,,,,,,,,,,,
2025-09-15T23:51:47.697413,,target_selection,Niemcy,Z_Kompania__5_Unterst_tzungs_Bataillon,,target_analysis,,,,,43,-14,,,,,,,,,,,,,,,,,,,,"Target analysis: 29 candidates, score 45.00",,29,45.0,1,,,,,,,,,False,,,,"(43, -14)",,,27,29,29,4,3
2025-09-15T23:51:47.701344,,,Niemcy,Z_Kompania__5_Unterst_tzungs_Bataillon,,second_move,,,43,-14,,,,,,,,,,,,,,,,,,,,,,second_chance after PRE_RAID_OPTIMIZATION,,,,,,,,,,,,,,,,,,,,,,,,
2025-09-15T23:51:47.722494,,target_selection,Niemcy,Z_Pluton__5_Versorgungs_Kompanie,,target_analysis,,,,,43,-15,,,,,,,,,,,,,,,,,,,,"Target analysis: 29 candidates, score 45.00",,29,45.0,3,,,,,,,,,False,,,,"(43, -15)",,,27,29,29,8,3
2025-09-15T23:51:47.729312,,,Niemcy,Z_Pluton__5_Versorgungs_Kompanie,,second_move,,,43,-15,,,,,,,,,,,,,,,,,,,,,,second_chance after PRE_RAID_OPTIMIZATION,,,,,,,,,,,,,,,,,,,,,,,,
2025-09-15T23:51:47.744516,,target_selection,Niemcy,Z_Pluton__5_Unterst_tzungs_Bataillon,,target_analysis,,,,,45,-15,,,,,,,,,,,,,,,,,,,,"Target analysis: 29 candidates, score 30.00",,29,30.0,3,,,,,,,,,False,,,,"(45, -15)",,,28,29,29,4,3
2025-09-15T23:51:47.752541,,,Niemcy,Z_Pluton__5_Unterst_tzungs_Bataillon,,second_move,,,45,-15,,,,,,,,,,,,,,,,,,,,,,second_chance after PRE_RAID_OPTIMIZATION,,,,,,,,,,,,,,,,,,,,,,,,
2025-09-15T23:51:47.783894,,target_selection,Niemcy,Z_Pluton__5_Unterst_tzungs_Bataillon_20250913214038,,target_analysis,,,,,49,-15,,,,,,,,,,,,,,,,,,,,"Target analysis: 29 candidates, score -1.00",,29,-1,999,,,,,,,,,False,,,,,,,29,29,29,8,3
2025-09-15T23:51:47.787793,,,Niemcy,Z_Pluton__5_Unterst_tzungs_Bataillon_20250913214038,,second_move,,,49,-15,,,,,,,,,,,,,,,,,,,,,,second_chance after PRE_RAID_OPTIMIZATION,,,,,,,,,,,,,,,,,,,,,,,,
2025-09-15T23:51:47.850573,,,Niemcy,RESUPPLY_NEEDS,,resupply_analysis,,,,,,,,,,,,,,,,,,,,,,,,,,NEEDS_ANALYSIS PRE_RAID_OPTIMIZATION | TOTAL_FUEL_NEEDED: 12 | TOTAL_COMBAT_NEEDED: 0 | TOTAL_PE_NEEDED: 12 | BUDGET_AVAILABLE: 24 | UNITS_REQUIRING_HELP: 8,,,,,,,,,,,,,,,,,,,,,,,,
2025-09-15T23:51:47.851596,,,Niemcy,P_Pluton__5_Infanterie_Regiment,,resupply_detailed,37,-11,37,-11,,,,,,,,,,,,,,,,,,,,,,phase1 PRE_RAID_OPTIMIZATION | PE_SPENT: fuel=1 combat=0 total=1 | BEFORE: fuel=1 combat=8 | AFTER: fuel=2 combat=8,,,,,,,,,,,,,,,,,,,,,,,,
2025-09-15T23:51:47.851596,,,Niemcy,P_Kompania__5_Infanterie_Regiment,,resupply_detailed,35,-10,35,-10,,,,,,,,,,,,,,,,,,,,,,phase1 PRE_RAID_OPTIMIZATION | PE_SPENT: fuel=1 combat=0 total=1 | BEFORE: fuel=1 combat=11 | AFTER: fuel=2 combat=11,,,,,,,,,,,,,,,,,,,,,,,,
2025-09-15T23:51:47.852800,,,Niemcy,AC_Kompania__5_schwere_Artillerie,,resupply_detailed,34,-6,34,-6,,,,,,,,,,,,,,,,,,,,,,phase1 PRE_RAID_OPTIMIZATION | PE_SPENT: fuel=1 combat=0 total=1 | BEFORE: fuel=1 combat=11 | AFTER: fuel=2 combat=11,,,,,,,,,,,,,,,,,,,,,,,,
2025-09-15T23:51:47.853797,,,Niemcy,AL_Batalion__5_Artillerie_Abteilung,,resupply_detailed,50,-17,50,-17,,,,,,,,,,,,,,,,,,,,,,phase1 PRE_RAID_OPTIMIZATION | PE_SPENT: fuel=1 combat=0 total=1 | BEFORE: fuel=1 combat=11 | AFTER: fuel=2 combat=11,,,,,,,,,,,,,,,,,,,,,,,,
2025-09-15T23:51:47.853797,,,Niemcy,Z_Kompania__5_Unterst_tzungs_Bataillon,,resupply_detailed,43,-14,43,-14,,,,,,,,,,,,,,,,,,,,,,phase1 PRE_RAID_OPTIMIZATION | PE_SPENT: fuel=1 combat=0 total=1 | BEFORE: fuel=2 combat=6 | AFTER: fuel=3 combat=6,,,,,,,,,,,,,,,,,,,,,,,,
2025-09-15T23:51:47.854794,,,Niemcy,Z_Pluton__5_Versorgungs_Kompanie,,resupply_detailed,43,-15,43,-15,,,,,,,,,,,,,,,,,,,,,,phase1 PRE_RAID_OPTIMIZATION | PE_SPENT: fuel=1 combat=0 total=1 | BEFORE: fuel=2 combat=4 | AFTER: fuel=3 combat=4,,,,,,,,,,,,,,,,,,,,,,,,
2025-09-15T23:51:47.854794,,,Niemcy,Z_Pluton__5_Unterst_tzungs_Bataillon,,resupply_detailed,45,-15,45,-15,,,,,,,,,,,,,,,,,,,,,,phase1 PRE_RAID_OPTIMIZATION | PE_SPENT: fuel=1 combat=0 total=1 | BEFORE: fuel=2 combat=4 | AFTER: fuel=3 combat=4,,,,,,,,,,,,,,,,,,,,,,,,
2025-09-15T23:51:47.856232,,,Niemcy,Z_Pluton__5_Unterst_tzungs_Bataillon_20250913214038,,resupply_detailed,49,-15,49,-15,,,,,,,,,,,,,,,,,,,,,,phase1 PRE_RAID_OPTIMIZATION | PE_SPENT: fuel=1 combat=0 total=1 | BEFORE: fuel=2 combat=4 | AFTER: fuel=3 combat=4,,,,,,,,,,,,,,,,,,,,,,,,
2025-09-15T23:51:47.858660,,,Niemcy,RESUPPLY_OPERATION,,resupply_summary,,,,,,,,,,,,,,,,,,,,,,,,,,RESUPPLY_SUMMARY PRE_RAID_OPTIMIZATION | TOTAL_PE_SPENT: 8 | UNITS_RESUPPLIED: 8/8 | BUDGET_ALLOCATED: 24 | PE_REMAINING: 23,,,,,,,,,,,,,,,,,,,,,,,,
2025-09-15T23:51:47.885511,,target_selection,Niemcy,P_Pluton__5_Infanterie_Regiment,,target_analysis,,,,,35,-9,,,,,,,,,,,,,,,,,,,,"Target analysis: 29 candidates, score -1.00",,29,-1,999,,,,,,,,,False,,,,,,,29,29,29,4,2
2025-09-15T23:51:47.888959,,,Niemcy,P_Pluton__5_Infanterie_Regiment,,second_move,,,35,-9,,,,,,,,,,,,,,,,,,,,,,second_chance after PRE_RAID_OPTIMIZATION,,,,,,,,,,,,,,,,,,,,,,,,
2025-09-15T23:51:47.912776,,target_selection,Niemcy,P_Kompania__5_Infanterie_Regiment,,target_analysis,,,,,37,-10,,,,,,,,,,,,,,,,,,,,"Target analysis: 29 candidates, score -1.00",,29,-1,999,,,,,,,,,False,,,,,,,29,29,29,2,2
2025-09-15T23:51:47.917213,,,Niemcy,P_Kompania__5_Infanterie_Regiment,,second_move,,,37,-10,,,,,,,,,,,,,,,,,,,,,,second_chance after PRE_RAID_OPTIMIZATION,,,,,,,,,,,,,,,,,,,,,,,,
2025-09-15T23:51:47.945155,,target_selection,Niemcy,AC_Kompania__5_schwere_Artillerie,,target_analysis,,,,,36,-6,,,,,,,,,,,,,,,,,,,,"Target analysis: 29 candidates, score -1.00",,29,-1,999,,,,,,,,,False,,,,,,,29,29,29,3,2
2025-09-15T23:51:47.948278,,,Niemcy,AC_Kompania__5_schwere_Artillerie,,second_move,,,36,-6,,,,,,,,,,,,,,,,,,,,,,second_chance after PRE_RAID_OPTIMIZATION,,,,,,,,,,,,,,,,,,,,,,,,
2025-09-15T23:51:47.972074,,target_selection,Niemcy,AL_Batalion__5_Artillerie_Abteilung,,target_analysis,,,,,52,-17,,,,,,,,,,,,,,,,,,,,"Target analysis: 29 candidates, score -1.00",,29,-1,999,,,,,,,,,False,,,,,,,29,29,29,4,2
2025-09-15T23:51:47.978673,,,Niemcy,AL_Batalion__5_Artillerie_Abteilung,,second_move,,,52,-17,,,,,,,,,,,,,,,,,,,,,,second_chance after PRE_RAID_OPTIMIZATION,,,,,,,,,,,,,,,,,,,,,,,,
2025-09-15T23:51:47.985426,,target_selection,Niemcy,Z_Kompania__5_Unterst_tzungs_Bataillon,,target_analysis,,,,,44,-15,,,,,,,,,,,,,,,,,,,,"Target analysis: 29 candidates, score 30.00",,29,30.0,1,,,,,,,,,False,,,,"(44, -15)",,,28,29,29,3,3
2025-09-15T23:51:47.990290,,,Niemcy,Z_Kompania__5_Unterst_tzungs_Bataillon,,second_move,,,44,-15,,,,,,,,,,,,,,,,,,,,,,second_chance after PRE_RAID_OPTIMIZATION,,,,,,,,,,,,,,,,,,,,,,,,
2025-09-15T23:51:48.017324,,target_selection,Niemcy,Z_Pluton__5_Versorgungs_Kompanie,,target_analysis,,,,,43,-14,,,,,,,,,,,,,,,,,,,,"Target analysis: 29 candidates, score 45.00",,29,45.0,1,,,,,,,,,False,,,,"(43, -14)",,,28,29,29,7,3
2025-09-15T23:51:48.022031,,,Niemcy,Z_Pluton__5_Versorgungs_Kompanie,,second_move,,,43,-14,,,,,,,,,,,,,,,,,,,,,,second_chance after PRE_RAID_OPTIMIZATION,,,,,,,,,,,,,,,,,,,,,,,,
2025-09-15T23:51:48.046032,,target_selection,Niemcy,Z_Pluton__5_Unterst_tzungs_Bataillon,,target_analysis,,,,,43,-15,,,,,,,,,,,,,,,,,,,,"Target analysis: 29 candidates, score 45.00",,29,45.0,3,,,,,,,,,False,,,,"(43, -15)",,,28,29,29,3,3
2025-09-15T23:51:48.049668,,,Niemcy,Z_Pluton__5_Unterst_tzungs_Bataillon,,second_move,,,43,-15,,,,,,,,,,,,,,,,,,,,,,second_chance after PRE_RAID_OPTIMIZATION,,,,,,,,,,,,,,,,,,,,,,,,
2025-09-15T23:51:48.085058,,target_selection,Niemcy,Z_Pluton__5_Unterst_tzungs_Bataillon_20250913214038,,target_analysis,,,,,52,-15,,,,,,,,,,,,,,,,,,,,"Target analysis: 29 candidates, score -1.00",,29,-1,999,,,,,,,,,False,,,,,,,29,29,29,7,3
2025-09-15T23:51:48.089413,,,Niemcy,Z_Pluton__5_Unterst_tzungs_Bataillon_20250913214038,,second_move,,,52,-15,,,,,,,,,,,,,,,,,,,,,,second_chance after PRE_RAID_OPTIMIZATION,,,,,,,,,,,,,,,,,,,,,,,,
2025-09-15T23:51:48.152922,,,Niemcy,RESUPPLY_NEEDS,,resupply_analysis,,,,,,,,,,,,,,,,,,,,,,,,,,NEEDS_ANALYSIS PRE_RAID_OPTIMIZATION | TOTAL_FUEL_NEEDED: 13 | TOTAL_COMBAT_NEEDED: 0 | TOTAL_PE_NEEDED: 13 | BUDGET_AVAILABLE: 18 | UNITS_REQUIRING_HELP: 8,,,,,,,,,,,,,,,,,,,,,,,,
2025-09-15T23:51:48.154130,,,Niemcy,RESUPPLY_OPERATION,,resupply_summary,,,,,,,,,,,,,,,,,,,,,,,,,,RESUPPLY_SUMMARY PRE_RAID_OPTIMIZATION | TOTAL_PE_SPENT: 0 | UNITS_RESUPPLIED: 0/8 | BUDGET_ALLOCATED: 18 | PE_REMAINING: 23,,,,,,,,,,,,,,,,,,,,,,,,
2025-09-15T23:51:48.158877,,,Niemcy,Z_Pluton__5_Unterst_tzungs_Bataillon,,second_move,,,44,-14,,,,,,,,,,,,,,,,,,,,,,second_chance after PRE_RAID_OPTIMIZATION,,,,,,,,,,,,,,,,,,,,,,,,
2025-09-15T23:51:48.172803,,target_selection,Niemcy,P_Pluton__5_Infanterie_Regiment,,target_analysis,,,,,34,-8,,,,,,,,,,,,,,,,,,,,"Target analysis: 29 candidates, score -1.00",,29,-1,999,,,,,,,,,False,,,,,,,29,29,29,3,1
2025-09-15T23:51:48.179359,,,Niemcy,P_Pluton__5_Infanterie_Regiment,,second_move,,,34,-8,,,,,,,,,,,,,,,,,,,,,,second_chance after PRE_RAID_OPTIMIZATION,,,,,,,,,,,,,,,,,,,,,,,,
2025-09-15T23:51:48.184155,,target_selection,Niemcy,P_Kompania__5_Infanterie_Regiment,,target_analysis,,,,,36,-10,,,,,,,,,,,,,,,,,,,,"Target analysis: 29 candidates, score -1.00",,29,-1,999,,,,,,,,,False,,,,,,,29,29,29,1,1
2025-09-15T23:51:48.191331,,,Niemcy,P_Kompania__5_Infanterie_Regiment,,second_move,,,36,-10,,,,,,,,,,,,,,,,,,,,,,second_chance after PRE_RAID_OPTIMIZATION,,,,,,,,,,,,,,,,,,,,,,,,
2025-09-15T23:51:48.200670,,target_selection,Niemcy,AC_Kompania__5_schwere_Artillerie,,target_analysis,,,,,37,-6,,,,,,,,,,,,,,,,,,,,"Target analysis: 29 candidates, score -1.00",,29,-1,999,,,,,,,,,False,,,,,,,29,29,29,2,1
2025-09-15T23:51:48.208458,,,Niemcy,AC_Kompania__5_schwere_Artillerie,,second_move,,,37,-6,,,,,,,,,,,,,,,,,,,,,,second_chance after PRE_RAID_OPTIMIZATION,,,,,,,,,,,,,,,,,,,,,,,,
2025-09-15T23:51:48.219744,,target_selection,Niemcy,AL_Batalion__5_Artillerie_Abteilung,,target_analysis,,,,,52,-16,,,,,,,,,,,,,,,,,,,,"Target analysis: 29 candidates, score -1.00",,29,-1,999,,,,,,,,,False,,,,,,,29,29,29,3,1
2025-09-15T23:51:48.230387,,,Niemcy,AL_Batalion__5_Artillerie_Abteilung,,second_move,,,52,-16,,,,,,,,,,,,,,,,,,,,,,second_chance after PRE_RAID_OPTIMIZATION,,,,,,,,,,,,,,,,,,,,,,,,
2025-09-15T23:51:48.245282,,target_selection,Niemcy,Z_Kompania__5_Unterst_tzungs_Bataillon,,target_analysis,,,,,43,-15,,,,,,,,,,,,,,,,,,,,"Target analysis: 29 candidates, score 45.00",,29,45.0,1,,,,,,,,,False,,,,"(43, -15)",,,27,29,29,2,2
2025-09-15T23:51:48.248842,,,Niemcy,Z_Kompania__5_Unterst_tzungs_Bataillon,,second_move,,,43,-15,,,,,,,,,,,,,,,,,,,,,,second_chance after PRE_RAID_OPTIMIZATION,,,,,,,,,,,,,,,,,,,,,,,,
2025-09-15T23:51:48.254181,,target_selection,Niemcy,Z_Pluton__5_Versorgungs_Kompanie,,target_analysis,,,,,,,,,,,,,,,,,,,,,,,,,,"Target analysis: 29 candidates, score -1.00",,29,-1,999,,,,,,,,,False,,,,,,,29,29,29,6,2
2025-09-15T23:51:48.269617,,target_selection,Niemcy,Z_Pluton__5_Unterst_tzungs_Bataillon_20250913214038,,target_analysis,,,,,50,-15,,,,,,,,,,,,,,,,,,,,"Target analysis: 29 candidates, score -1.00",,29,-1,999,,,,,,,,,False,,,,,,,29,29,29,6,2
2025-09-15T23:51:48.274393,,,Niemcy,Z_Pluton__5_Unterst_tzungs_Bataillon_20250913214038,,second_move,,,50,-15,,,,,,,,,,,,,,,,,,,,,,second_chance after PRE_RAID_OPTIMIZATION,,,,,,,,,,,,,,,,,,,,,,,,
2025-09-15T23:51:48.276671,,,Niemcy,RESUPPLY_NEEDS,,resupply_analysis,,,,,,,,,,,,,,,,,,,,,,,,,,NEEDS_ANALYSIS LOW_FUEL | TOTAL_FUEL_NEEDED: 20 | TOTAL_COMBAT_NEEDED: 0 | TOTAL_PE_NEEDED: 20 | BUDGET_AVAILABLE: 20 | UNITS_REQUIRING_HELP: 8,,,,,,,,,,,,,,,,,,,,,,,,
2025-09-15T23:51:48.276671,,,Niemcy,RESUPPLY_OPERATION,,resupply_summary,,,,,,,,,,,,,,,,,,,,,,,,,,RESUPPLY_SUMMARY LOW_FUEL | TOTAL_PE_SPENT: 0 | UNITS_RESUPPLIED: 0/8 | BUDGET_ALLOCATED: 20 | PE_REMAINING: 23,,,,,,,,,,,,,,,,,,,,,,,,
2025-09-15T23:51:48.286001,,target_selection,Niemcy,Z_Kompania__5_Unterst_tzungs_Bataillon,,target_analysis,,,,,42,-15,,,,,,,,,,,,,,,,,,,,"Target analysis: 29 candidates, score -1.00",,29,-1,999,,,,,,,,,False,,,,,,,29,29,29,1,1
2025-09-15T23:51:48.291419,,,Niemcy,Z_Kompania__5_Unterst_tzungs_Bataillon,,second_move,,,42,-15,,,,,,,,,,,,,,,,,,,,,,second_chance after LOW_FUEL,,,,,,,,,,,,,,,,,,,,,,,,
2025-09-15T23:51:48.307447,,target_selection,Niemcy,Z_Pluton__5_Unterst_tzungs_Bataillon_20250913214038,,target_analysis,,,,,51,-15,,,,,,,,,,,,,,,,,,,,"Target analysis: 29 candidates, score -1.00",,29,-1,999,,,,,,,,,False,,,,,,,29,29,29,5,1
2025-09-15T23:51:48.312540,,,Niemcy,Z_Pluton__5_Unterst_tzungs_Bataillon_20250913214038,,second_move,,,51,-15,,,,,,,,,,,,,,,,,,,,,,second_chance after LOW_FUEL,,,,,,,,,,,,,,,,,,,,,,,,
2025-09-15T23:51:48.320191,,target_selection,Niemcy,Z_Pluton__5_Versorgungs_Kompanie,,target_analysis,,,,,43,-15,,,,,,,,,,,,,,,,,,,,"Target analysis: 29 candidates, score 45.00",,29,45.0,1,,,,,,,,,False,,,,"(43, -15)",,,28,29,29,6,2
2025-09-15T23:51:48.324709,,,Niemcy,Z_Pluton__5_Versorgungs_Kompanie,,second_move,,,43,-15,,,,,,,,,,,,,,,,,,,,,,second_chance after LOW_FUEL,,,,,,,,,,,,,,,,,,,,,,,,
2025-09-15T23:51:48.368315,,strategy,Niemcy,STRATEGY,,strategic_decision,,,,,,,,,,,,,,,,,,,,,,,,,,"Strategy: REASSIGNMENT, aggression 0.50, 3 groups, 0 reassignments",,,,,,,,,REASSIGNMENT,0.5,,,,,,adaptive,,0,dynamic_reassignment,,,,,
2025-09-15T23:51:48.378214,,strategy,Niemcy,STRATEGY,,strategic_decision,,,,,,,,,,,,,,,,,,,,,,,,,,"Strategy: REASSIGNMENT, aggression 0.50, 3 groups, 0 reassignments",,,,,,,,,REASSIGNMENT,0.5,,,,,,adaptive,,0,dynamic_reassignment,,,,,
2025-09-15T23:51:48.382535,,strategy,Niemcy,STRATEGY,,strategic_decision,,,,,,,,,,,,,,,,,,,,,,,,,,"Strategy: REASSIGNMENT, aggression 0.50, 1 groups, 0 reassignments",,,,,,,,,REASSIGNMENT,0.5,,,,,,adaptive,,0,dynamic_reassignment,,,,,
2025-09-15T23:51:48.388726,,target_selection,Niemcy,P_Pluton__5_Infanterie_Regiment,,target_analysis,,,,,,,,,,,,,,,,,,,,,,,,,,"Target analysis: 29 candidates, score -1.00",,29,-1,999,,,,,,,,,False,,,,,,,29,29,29,6,0
2025-09-15T23:51:48.389736,,,Niemcy,RESUPPLY_NEEDS,,resupply_analysis,,,,,,,,,,,,,,,,,,,,,,,,,,NEEDS_ANALYSIS LOW_FUEL | TOTAL_FUEL_NEEDED: 23 | TOTAL_COMBAT_NEEDED: 0 | TOTAL_PE_NEEDED: 23 | BUDGET_AVAILABLE: 20 | UNITS_REQUIRING_HELP: 8,,,,,,,,,,,,,,,,,,,,,,,,
2025-09-15T23:51:48.391538,,,Niemcy,RESUPPLY_OPERATION,,resupply_summary,,,,,,,,,,,,,,,,,,,,,,,,,,RESUPPLY_SUMMARY LOW_FUEL | TOTAL_PE_SPENT: 0 | UNITS_RESUPPLIED: 0/8 | BUDGET_ALLOCATED: 20 | PE_REMAINING: 23,,,,,,,,,,,,,,,,,,,,,,,,
2025-09-15T23:51:48.402277,,target_selection,Niemcy,Z_Pluton__5_Versorgungs_Kompanie,,target_analysis,,,,,43,-16,,,,,,,,,,,,,,,,,,,,"Target analysis: 29 candidates, score -1.00",,29,-1,999,,,,,,,,,False,,,,,,,29,29,29,5,1
2025-09-15T23:51:48.407125,,,Niemcy,Z_Pluton__5_Versorgungs_Kompanie,,second_move,,,43,-16,,,,,,,,,,,,,,,,,,,,,,second_chance after LOW_FUEL,,,,,,,,,,,,,,,,,,,,,,,,
2025-09-15T23:51:48.409268,,,Niemcy,RESUPPLY_NEEDS,,resupply_analysis,,,,,,,,,,,,,,,,,,,,,,,,,,NEEDS_ANALYSIS LOW_FUEL | TOTAL_FUEL_NEEDED: 24 | TOTAL_COMBAT_NEEDED: 0 | TOTAL_PE_NEEDED: 24 | BUDGET_AVAILABLE: 20 | UNITS_REQUIRING_HELP: 8,,,,,,,,,,,,,,,,,,,,,,,,
2025-09-15T23:51:48.412768,,,Niemcy,RESUPPLY_OPERATION,,resupply_summary,,,,,,,,,,,,,,,,,,,,,,,,,,RESUPPLY_SUMMARY LOW_FUEL | TOTAL_PE_SPENT: 0 | UNITS_RESUPPLIED: 0/8 | BUDGET_ALLOCATED: 20 | PE_REMAINING: 23,,,,,,,,,,,,,,,,,,,,,,,,
2025-09-15T23:51:48.413772,,,Niemcy,RESUPPLY_NEEDS,,resupply_analysis,,,,,,,,,,,,,,,,,,,,,,,,,,NEEDS_ANALYSIS LOW_FUEL | TOTAL_FUEL_NEEDED: 24 | TOTAL_COMBAT_NEEDED: 0 | TOTAL_PE_NEEDED: 24 | BUDGET_AVAILABLE: 20 | UNITS_REQUIRING_HELP: 8,,,,,,,,,,,,,,,,,,,,,,,,
2025-09-15T23:51:48.415818,,,Niemcy,RESUPPLY_OPERATION,,resupply_summary,,,,,,,,,,,,,,,,,,,,,,,,,,RESUPPLY_SUMMARY LOW_FUEL | TOTAL_PE_SPENT: 0 | UNITS_RESUPPLIED: 0/8 | BUDGET_ALLOCATED: 20 | PE_REMAINING: 23,,,,,,,,,,,,,,,,,,,,,,,,
2025-09-15T23:51:48.419379,,strategy,Niemcy,STRATEGY,,strategic_decision,,,,,,,,,,,,,,,,,,,,,,,,,,"Strategy: REASSIGNMENT, aggression 0.50, 1 groups, 0 reassignments",,,,,,,,,REASSIGNMENT,0.5,,,,,,adaptive,,0,dynamic_reassignment,,,,,
2025-09-15T23:51:48.425097,,target_selection,Niemcy,AL_Batalion__5_Artillerie_Abteilung,,target_analysis,,,,,,,,,,,,,,,,,,,,,,,,,,"Target analysis: 29 candidates, score -1.00",,29,-1,999,,,,,,,,,False,,,,,,,29,29,29,6,0
2025-09-15T23:51:48.429421,,,Niemcy,RESUPPLY_NEEDS,,resupply_analysis,,,,,,,,,,,,,,,,,,,,,,,,,,NEEDS_ANALYSIS LOW_FUEL | TOTAL_FUEL_NEEDED: 24 | TOTAL_COMBAT_NEEDED: 0 | TOTAL_PE_NEEDED: 24 | BUDGET_AVAILABLE: 20 | UNITS_REQUIRING_HELP: 8,,,,,,,,,,,,,,,,,,,,,,,,
2025-09-15T23:51:48.430444,,,Niemcy,RESUPPLY_OPERATION,,resupply_summary,,,,,,,,,,,,,,,,,,,,,,,,,,RESUPPLY_SUMMARY LOW_FUEL | TOTAL_PE_SPENT: 0 | UNITS_RESUPPLIED: 0/8 | BUDGET_ALLOCATED: 20 | PE_REMAINING: 23,,,,,,,,,,,,,,,,,,,,,,,,
2025-09-15T23:51:48.432696,,,Niemcy,RESUPPLY_NEEDS,,resupply_analysis,,,,,,,,,,,,,,,,,,,,,,,,,,NEEDS_ANALYSIS LOW_FUEL | TOTAL_FUEL_NEEDED: 24 | TOTAL_COMBAT_NEEDED: 0 | TOTAL_PE_NEEDED: 24 | BUDGET_AVAILABLE: 20 | UNITS_REQUIRING_HELP: 8,,,,,,,,,,,,,,,,,,,,,,,,
2025-09-15T23:51:48.432696,,,Niemcy,RESUPPLY_OPERATION,,resupply_summary,,,,,,,,,,,,,,,,,,,,,,,,,,RESUPPLY_SUMMARY LOW_FUEL | TOTAL_PE_SPENT: 0 | UNITS_RESUPPLIED: 0/8 | BUDGET_ALLOCATED: 20 | PE_REMAINING: 23,,,,,,,,,,,,,,,,,,,,,,,,
2025-09-15T23:51:48.441551,,strategy,Niemcy,STRATEGY,,strategic_decision,,,,,,,,,,,,,,,,,,,,,,,,,,"Strategy: REASSIGNMENT, aggression 0.50, 1 groups, 1 reassignments",,,,,,,,,REASSIGNMENT,0.5,,,,,,adaptive,,1,dynamic_reassignment,,,,,
2025-09-15T23:51:48.446575,,,Niemcy,RESUPPLY_NEEDS,,resupply_analysis,,,,,,,,,,,,,,,,,,,,,,,,,,NEEDS_ANALYSIS LOW_FUEL | TOTAL_FUEL_NEEDED: 24 | TOTAL_COMBAT_NEEDED: 0 | TOTAL_PE_NEEDED: 24 | BUDGET_AVAILABLE: 20 | UNITS_REQUIRING_HELP: 8,,,,,,,,,,,,,,,,,,,,,,,,
2025-09-15T23:51:48.447582,,,Niemcy,RESUPPLY_OPERATION,,resupply_summary,,,,,,,,,,,,,,,,,,,,,,,,,,RESUPPLY_SUMMARY LOW_FUEL | TOTAL_PE_SPENT: 0 | UNITS_RESUPPLIED: 0/8 | BUDGET_ALLOCATED: 20 | PE_REMAINING: 23,,,,,,,,,,,,,,,,,,,,,,,,
2025-09-15T23:51:48.448735,,,Niemcy,RESUPPLY_NEEDS,,resupply_analysis,,,,,,,,,,,,,,,,,,,,,,,,,,NEEDS_ANALYSIS LOW_FUEL | TOTAL_FUEL_NEEDED: 24 | TOTAL_COMBAT_NEEDED: 0 | TOTAL_PE_NEEDED: 24 | BUDGET_AVAILABLE: 20 | UNITS_REQUIRING_HELP: 8,,,,,,,,,,,,,,,,,,,,,,,,
2025-09-15T23:51:48.448735,,,Niemcy,RESUPPLY_OPERATION,,resupply_summary,,,,,,,,,,,,,,,,,,,,,,,,,,RESUPPLY_SUMMARY LOW_FUEL | TOTAL_PE_SPENT: 0 | UNITS_RESUPPLIED: 0/8 | BUDGET_ALLOCATED: 20 | PE_REMAINING: 23,,,,,,,,,,,,,,,,,,,,,,,,
2025-09-15T23:51:48.453410,,,Niemcy,RESUPPLY_NEEDS,,resupply_analysis,,,,,,,,,,,,,,,,,,,,,,,,,,NEEDS_ANALYSIS LOW_FUEL | TOTAL_FUEL_NEEDED: 24 | TOTAL_COMBAT_NEEDED: 0 | TOTAL_PE_NEEDED: 24 | BUDGET_AVAILABLE: 20 | UNITS_REQUIRING_HELP: 8,,,,,,,,,,,,,,,,,,,,,,,,
2025-09-15T23:51:48.455445,,,Niemcy,RESUPPLY_OPERATION,,resupply_summary,,,,,,,,,,,,,,,,,,,,,,,,,,RESUPPLY_SUMMARY LOW_FUEL | TOTAL_PE_SPENT: 0 | UNITS_RESUPPLIED: 0/8 | BUDGET_ALLOCATED: 20 | PE_REMAINING: 23,,,,,,,,,,,,,,,,,,,,,,,,
2025-09-15T23:51:48.456896,,,Niemcy,RESUPPLY_NEEDS,,resupply_analysis,,,,,,,,,,,,,,,,,,,,,,,,,,NEEDS_ANALYSIS LOW_FUEL | TOTAL_FUEL_NEEDED: 24 | TOTAL_COMBAT_NEEDED: 0 | TOTAL_PE_NEEDED: 24 | BUDGET_AVAILABLE: 20 | UNITS_REQUIRING_HELP: 8,,,,,,,,,,,,,,,,,,,,,,,,
2025-09-15T23:51:48.459251,,,Niemcy,RESUPPLY_OPERATION,,resupply_summary,,,,,,,,,,,,,,,,,,,,,,,,,,RESUPPLY_SUMMARY LOW_FUEL | TOTAL_PE_SPENT: 0 | UNITS_RESUPPLIED: 0/8 | BUDGET_ALLOCATED: 20 | PE_REMAINING: 23,,,,,,,,,,,,,,,,,,,,,,,,
2025-09-15T23:51:48.463447,,,Niemcy,AL_Batalion__5_Artillerie_Abteilung,,combat,52,-16,51,-13,,,,,,,,,,,,,,,,,,,,,,Attack enemy Z_Pluton__6_Versorgungs_Kompanie,,,,,,,,,,,,,,,,,,,,,,,,
2025-09-15T23:51:48.465516,,,Niemcy,RESUPPLY_NEEDS,,resupply_analysis,,,,,,,,,,,,,,,,,,,,,,,,,,NEEDS_ANALYSIS LOW_FUEL | TOTAL_FUEL_NEEDED: 24 | TOTAL_COMBAT_NEEDED: 0 | TOTAL_PE_NEEDED: 24 | BUDGET_AVAILABLE: 20 | UNITS_REQUIRING_HELP: 8,,,,,,,,,,,,,,,,,,,,,,,,
2025-09-15T23:51:48.466563,,,Niemcy,RESUPPLY_OPERATION,,resupply_summary,,,,,,,,,,,,,,,,,,,,,,,,,,RESUPPLY_SUMMARY LOW_FUEL | TOTAL_PE_SPENT: 0 | UNITS_RESUPPLIED: 0/8 | BUDGET_ALLOCATED: 20 | PE_REMAINING: 23,,,,,,,,,,,,,,,,,,,,,,,,
2025-09-15T23:51:48.468636,,,Niemcy,RESUPPLY_NEEDS,,resupply_analysis,,,,,,,,,,,,,,,,,,,,,,,,,,NEEDS_ANALYSIS LOW_FUEL | TOTAL_FUEL_NEEDED: 24 | TOTAL_COMBAT_NEEDED: 0 | TOTAL_PE_NEEDED: 24 | BUDGET_AVAILABLE: 20 | UNITS_REQUIRING_HELP: 8,,,,,,,,,,,,,,,,,,,,,,,,
2025-09-15T23:51:48.469824,,,Niemcy,RESUPPLY_OPERATION,,resupply_summary,,,,,,,,,,,,,,,,,,,,,,,,,,RESUPPLY_SUMMARY LOW_FUEL | TOTAL_PE_SPENT: 0 | UNITS_RESUPPLIED: 0/8 | BUDGET_ALLOCATED: 20 | PE_REMAINING: 23,,,,,,,,,,,,,,,,,,,,,,,,
2025-09-15T23:51:48.472266,,,Niemcy,RESUPPLY_NEEDS,,resupply_analysis,,,,,,,,,,,,,,,,,,,,,,,,,,NEEDS_ANALYSIS LOW_FUEL | TOTAL_FUEL_NEEDED: 24 | TOTAL_COMBAT_NEEDED: 0 | TOTAL_PE_NEEDED: 24 | BUDGET_AVAILABLE: 20 | UNITS_REQUIRING_HELP: 8,,,,,,,,,,,,,,,,,,,,,,,,
2025-09-15T23:51:48.473755,,,Niemcy,RESUPPLY_OPERATION,,resupply_summary,,,,,,,,,,,,,,,,,,,,,,,,,,RESUPPLY_SUMMARY LOW_FUEL | TOTAL_PE_SPENT: 0 | UNITS_RESUPPLIED: 0/8 | BUDGET_ALLOCATED: 20 | PE_REMAINING: 23,,,,,,,,,,,,,,,,,,,,,,,,
2025-09-15T23:51:48.476080,,,Niemcy,RESUPPLY_NEEDS,,resupply_analysis,,,,,,,,,,,,,,,,,,,,,,,,,,NEEDS_ANALYSIS LOW_FUEL | TOTAL_FUEL_NEEDED: 24 | TOTAL_COMBAT_NEEDED: 0 | TOTAL_PE_NEEDED: 24 | BUDGET_AVAILABLE: 20 | UNITS_REQUIRING_HELP: 8,,,,,,,,,,,,,,,,,,,,,,,,
2025-09-15T23:51:48.480200,,,Niemcy,RESUPPLY_OPERATION,,resupply_summary,,,,,,,,,,,,,,,,,,,,,,,,,,RESUPPLY_SUMMARY LOW_FUEL | TOTAL_PE_SPENT: 0 | UNITS_RESUPPLIED: 0/8 | BUDGET_ALLOCATED: 20 | PE_REMAINING: 23,,,,,,,,,,,,,,,,,,,,,,,,
2025-09-15T23:51:48.482465,,,Niemcy,TURN_END,,turn_summary,,,,,,,,,,,9,0,,,,,,,,,,,,advanced,opp=1;groups=3;adv=True,"Turn completed: 0/9 units moved, 3 groups (advanced)",,,,,,,,,,,,,,,,,,,,,,,,
2025-09-15T23:51:48.538141,,,Niemcy,TURN_START,,turn_begin,,,,,,,,,,,,,,,,,,,,,,,,,,AI Commander turn started for player 6,,,,,,,,,,,,,,,,,,,,,,,,
2025-09-15T23:51:48.541225,,,Niemcy,RESUPPLY_NEEDS,,resupply_analysis,,,,,,,,,,,,,,,,,,,,,,,,,,NEEDS_ANALYSIS PRE_RAID_OPTIMIZATION | TOTAL_FUEL_NEEDED: 26 | TOTAL_COMBAT_NEEDED: 0 | TOTAL_PE_NEEDED: 26 | BUDGET_AVAILABLE: 68 | UNITS_REQUIRING_HELP: 9,,,,,,,,,,,,,,,,,,,,,,,,
2025-09-15T23:51:48.542234,,,Niemcy,P_Pluton__6_Sch_tzen_Kompanie,,resupply_detailed,45,8,45,8,,,,,,,,,,,,,,,,,,,,,,phase1 PRE_RAID_OPTIMIZATION | PE_SPENT: fuel=2 combat=0 total=2 | BEFORE: fuel=0 combat=8 | AFTER: fuel=2 combat=8,,,,,,,,,,,,,,,,,,,,,,,,
2025-09-15T23:51:48.543443,,,Niemcy,P_Pluton__6_Infanterie_Regiment,,resupply_detailed,48,6,48,6,,,,,,,,,,,,,,,,,,,,,,phase1 PRE_RAID_OPTIMIZATION | PE_SPENT: fuel=2 combat=0 total=2 | BEFORE: fuel=0 combat=8 | AFTER: fuel=2 combat=8,,,,,,,,,,,,,,,,,,,,,,,,
2025-09-15T23:51:48.544448,,,Niemcy,Z_Pluton__6_Unterst_tzungs_Bataillon_20250913214051,,resupply_detailed,36,14,36,14,,,,,,,,,,,,,,,,,,,,,,phase1 PRE_RAID_OPTIMIZATION | PE_SPENT: fuel=3 combat=0 total=3 | BEFORE: fuel=0 combat=4 | AFTER: fuel=3 combat=4,,,,,,,,,,,,,,,,,,,,,,,,
2025-09-15T23:51:48.545861,,,Niemcy,P_Batalion__6_Infanterie_Regiment,,resupply_detailed,41,12,41,12,,,,,,,,,,,,,,,,,,,,,,phase1 PRE_RAID_OPTIMIZATION | PE_SPENT: fuel=2 combat=0 total=2 | BEFORE: fuel=0 combat=14 | AFTER: fuel=2 combat=14,,,,,,,,,,,,,,,,,,,,,,,,
2025-09-15T23:51:48.547140,,,Niemcy,P_Pluton__6_Grenadier_Bataillon,,resupply_detailed,53,4,53,4,,,,,,,,,,,,,,,,,,,,,,phase1 PRE_RAID_OPTIMIZATION | PE_SPENT: fuel=2 combat=0 total=2 | BEFORE: fuel=0 combat=8 | AFTER: fuel=2 combat=8,,,,,,,,,,,,,,,,,,,,,,,,
2025-09-15T23:51:48.547140,,,Niemcy,Z_Batalion__6_Versorgungs_Kompanie,,resupply_detailed,53,-13,53,-13,,,,,,,,,,,,,,,,,,,,,,phase1 PRE_RAID_OPTIMIZATION | PE_SPENT: fuel=3 combat=0 total=3 | BEFORE: fuel=0 combat=7 | AFTER: fuel=3 combat=7,,,,,,,,,,,,,,,,,,,,,,,,
2025-09-15T23:51:48.548144,,,Niemcy,Z_Pluton__6_Unterst_tzungs_Bataillon_20250913214048,,resupply_detailed,51,-12,51,-12,,,,,,,,,,,,,,,,,,,,,,phase1 PRE_RAID_OPTIMIZATION | PE_SPENT: fuel=3 combat=0 total=3 | BEFORE: fuel=0 combat=4 | AFTER: fuel=3 combat=4,,,,,,,,,,,,,,,,,,,,,,,,
2025-09-15T23:51:48.548144,,,Niemcy,P_Kompania__6_Sch_tzen_Kompanie,,resupply_detailed,52,6,52,6,,,,,,,,,,,,,,,,,,,,,,phase1 PRE_RAID_OPTIMIZATION | PE_SPENT: fuel=2 combat=0 total=2 | BEFORE: fuel=0 combat=11 | AFTER: fuel=2 combat=11,,,,,,,,,,,,,,,,,,,,,,,,
2025-09-15T23:51:48.548144,,,Niemcy,Z_Pluton__6_Unterst_tzungs_Bataillon,,resupply_detailed,55,-14,55,-14,,,,,,,,,,,,,,,,,,,,,,phase1 PRE_RAID_OPTIMIZATION | PE_SPENT: fuel=3 combat=0 total=3 | BEFORE: fuel=0 combat=4 | AFTER: fuel=3 combat=4,,,,,,,,,,,,,,,,,,,,,,,,
2025-09-15T23:51:48.548144,,,Niemcy,RESUPPLY_OPERATION,,resupply_summary,,,,,,,,,,,,,,,,,,,,,,,,,,RESUPPLY_SUMMARY PRE_RAID_OPTIMIZATION | TOTAL_PE_SPENT: 22 | UNITS_RESUPPLIED: 9/9 | BUDGET_ALLOCATED: 68 | PE_REMAINING: 54,,,,,,,,,,,,,,,,,,,,,,,,
2025-09-15T23:51:48.578525,,target_selection,Niemcy,P_Pluton__6_Sch_tzen_Kompanie,,target_analysis,,,,,43,8,,,,,,,,,,,,,,,,,,,,"Target analysis: 29 candidates, score -1.00",,29,-1,999,,,,,,,,,False,,,,,,,29,29,29,5,2
2025-09-15T23:51:48.581952,,,Niemcy,P_Pluton__6_Sch_tzen_Kompanie,,second_move,,,43,8,,,,,,,,,,,,,,,,,,,,,,second_chance after PRE_RAID_OPTIMIZATION,,,,,,,,,,,,,,,,,,,,,,,,
2025-09-15T23:51:48.611124,,target_selection,Niemcy,P_Pluton__6_Infanterie_Regiment,,target_analysis,,,,,46,8,,,,,,,,,,,,,,,,,,,,"Target analysis: 29 candidates, score -1.00",,29,-1,999,,,,,,,,,False,,,,,,,29,29,29,5,2
2025-09-15T23:51:48.614508,,,Niemcy,P_Pluton__6_Infanterie_Regiment,,second_move,,,46,8,,,,,,,,,,,,,,,,,,,,,,second_chance after PRE_RAID_OPTIMIZATION,,,,,,,,,,,,,,,,,,,,,,,,
2025-09-15T23:51:48.649330,,target_selection,Niemcy,Z_Pluton__6_Unterst_tzungs_Bataillon_20250913214051,,target_analysis,,,,,33,14,,,,,,,,,,,,,,,,,,,,"Target analysis: 29 candidates, score -1.00",,29,-1,999,,,,,,,,,False,,,,,,,29,29,29,8,3
2025-09-15T23:51:48.653016,,,Niemcy,Z_Pluton__6_Unterst_tzungs_Bataillon_20250913214051,,second_move,,,33,14,,,,,,,,,,,,,,,,,,,,,,second_chance after PRE_RAID_OPTIMIZATION,,,,,,,,,,,,,,,,,,,,,,,,
2025-09-15T23:51:48.667645,,target_selection,Niemcy,P_Batalion__6_Infanterie_Regiment,,target_analysis,,,,,43,10,,,,,,,,,,,,,,,,,,,,"Target analysis: 29 candidates, score -1.00",,29,-1,999,,,,,,,,,False,,,,,,,29,29,29,5,2
2025-09-15T23:51:48.673409,,,Niemcy,P_Batalion__6_Infanterie_Regiment,,second_move,,,43,10,,,,,,,,,,,,,,,,,,,,,,second_chance after PRE_RAID_OPTIMIZATION,,,,,,,,,,,,,,,,,,,,,,,,
2025-09-15T23:51:48.690542,,target_selection,Niemcy,P_Pluton__6_Grenadier_Bataillon,,target_analysis,,,,,51,6,,,,,,,,,,,,,,,,,,,,"Target analysis: 29 candidates, score -1.00",,29,-1,999,,,,,,,,,False,,,,,,,29,29,29,5,2
2025-09-15T23:51:48.696615,,,Niemcy,P_Pluton__6_Grenadier_Bataillon,,second_move,,,51,6,,,,,,,,,,,,,,,,,,,,,,second_chance after PRE_RAID_OPTIMIZATION,,,,,,,,,,,,,,,,,,,,,,,,
2025-09-15T23:51:48.712776,,target_selection,Niemcy,Z_Batalion__6_Versorgungs_Kompanie,,target_analysis,,,,,52,-13,,,,,,,,,,,,,,,,,,,,"Target analysis: 29 candidates, score 30.00",,29,30.0,1,,,,,,,,,False,,,,"(52, -13)",,,28,29,29,6,3
2025-09-15T23:51:48.715966,,,Niemcy,Z_Batalion__6_Versorgungs_Kompanie,,second_move,,,52,-13,,,,,,,,,,,,,,,,,,,,,,second_chance after PRE_RAID_OPTIMIZATION,,,,,,,,,,,,,,,,,,,,,,,,
2025-09-15T23:51:48.735513,,target_selection,Niemcy,Z_Pluton__6_Unterst_tzungs_Bataillon_20250913214048,,target_analysis,,,,,51,-13,,,,,,,,,,,,,,,,,,,,"Target analysis: 29 candidates, score 30.00",,29,30.0,1,,,,,,,,,False,,,,"(51, -13)",,,25,29,29,8,3
2025-09-15T23:51:48.739345,,,Niemcy,Z_Pluton__6_Unterst_tzungs_Bataillon_20250913214048,,second_move,,,51,-13,,,,,,,,,,,,,,,,,,,,,,second_chance after PRE_RAID_OPTIMIZATION,,,,,,,,,,,,,,,,,,,,,,,,
2025-09-15T23:51:48.757203,,target_selection,Niemcy,P_Kompania__6_Sch_tzen_Kompanie,,target_analysis,,,,,50,8,,,,,,,,,,,,,,,,,,,,"Target analysis: 29 candidates, score -1.00",,29,-1,999,,,,,,,,,False,,,,,,,29,29,29,5,2
2025-09-15T23:51:48.762426,,,Niemcy,P_Kompania__6_Sch_tzen_Kompanie,,second_move,,,50,8,,,,,,,,,,,,,,,,,,,,,,second_chance after PRE_RAID_OPTIMIZATION,,,,,,,,,,,,,,,,,,,,,,,,
2025-09-15T23:51:48.778178,,target_selection,Niemcy,Z_Pluton__6_Unterst_tzungs_Bataillon,,target_analysis,,,,,55,-12,,,,,,,,,,,,,,,,,,,,"Target analysis: 29 candidates, score -1.00",,29,-1,999,,,,,,,,,False,,,,,,,29,29,29,6,3
2025-09-15T23:51:48.791731,,,Niemcy,Z_Pluton__6_Unterst_tzungs_Bataillon,,second_move,,,55,-12,,,,,,,,,,,,,,,,,,,,,,second_chance after PRE_RAID_OPTIMIZATION,,,,,,,,,,,,,,,,,,,,,,,,
2025-09-15T23:51:48.937833,,,Niemcy,RESUPPLY_NEEDS,,resupply_analysis,,,,,,,,,,,,,,,,,,,,,,,,,,NEEDS_ANALYSIS MULTI_TURN_START | TOTAL_FUEL_NEEDED: 13 | TOTAL_COMBAT_NEEDED: 0 | TOTAL_PE_NEEDED: 13 | BUDGET_AVAILABLE: 43 | UNITS_REQUIRING_HELP: 9,,,,,,,,,,,,,,,,,,,,,,,,
2025-09-15T23:51:48.938845,,,Niemcy,P_Pluton__6_Sch_tzen_Kompanie,,resupply_detailed,43,8,43,8,,,,,,,,,,,,,,,,,,,,,,phase1 MULTI_TURN_START | PE_SPENT: fuel=1 combat=0 total=1 | BEFORE: fuel=1 combat=8 | AFTER: fuel=2 combat=8,,,,,,,,,,,,,,,,,,,,,,,,
2025-09-15T23:51:48.938845,,,Niemcy,P_Pluton__6_Infanterie_Regiment,,resupply_detailed,46,8,46,8,,,,,,,,,,,,,,,,,,,,,,phase1 MULTI_TURN_START | PE_SPENT: fuel=1 combat=0 total=1 | BEFORE: fuel=1 combat=8 | AFTER: fuel=2 combat=8,,,,,,,,,,,,,,,,,,,,,,,,
2025-09-15T23:51:48.939927,,,Niemcy,Z_Pluton__6_Unterst_tzungs_Bataillon_20250913214051,,resupply_detailed,33,14,33,14,,,,,,,,,,,,,,,,,,,,,,phase1 MULTI_TURN_START | PE_SPENT: fuel=1 combat=0 total=1 | BEFORE: fuel=2 combat=4 | AFTER: fuel=3 combat=4,,,,,,,,,,,,,,,,,,,,,,,,
2025-09-15T23:51:48.940968,,,Niemcy,P_Batalion__6_Infanterie_Regiment,,resupply_detailed,43,10,43,10,,,,,,,,,,,,,,,,,,,,,,phase1 MULTI_TURN_START | PE_SPENT: fuel=1 combat=0 total=1 | BEFORE: fuel=1 combat=14 | AFTER: fuel=2 combat=14,,,,,,,,,,,,,,,,,,,,,,,,
2025-09-15T23:51:48.940968,,,Niemcy,P_Pluton__6_Grenadier_Bataillon,,resupply_detailed,51,6,51,6,,,,,,,,,,,,,,,,,,,,,,phase1 MULTI_TURN_START | PE_SPENT: fuel=1 combat=0 total=1 | BEFORE: fuel=1 combat=8 | AFTER: fuel=2 combat=8,,,,,,,,,,,,,,,,,,,,,,,,
2025-09-15T23:51:48.941977,,,Niemcy,Z_Batalion__6_Versorgungs_Kompanie,,resupply_detailed,52,-13,52,-13,,,,,,,,,,,,,,,,,,,,,,phase1 MULTI_TURN_START | PE_SPENT: fuel=1 combat=0 total=1 | BEFORE: fuel=2 combat=7 | AFTER: fuel=3 combat=7,,,,,,,,,,,,,,,,,,,,,,,,
2025-09-15T23:51:48.943009,,,Niemcy,Z_Pluton__6_Unterst_tzungs_Bataillon_20250913214048,,resupply_detailed,51,-13,51,-13,,,,,,,,,,,,,,,,,,,,,,phase1 MULTI_TURN_START | PE_SPENT: fuel=1 combat=0 total=1 | BEFORE: fuel=2 combat=4 | AFTER: fuel=3 combat=4,,,,,,,,,,,,,,,,,,,,,,,,
2025-09-15T23:51:48.945669,,,Niemcy,P_Kompania__6_Sch_tzen_Kompanie,,resupply_detailed,50,8,50,8,,,,,,,,,,,,,,,,,,,,,,phase1 MULTI_TURN_START | PE_SPENT: fuel=1 combat=0 total=1 | BEFORE: fuel=1 combat=11 | AFTER: fuel=2 combat=11,,,,,,,,,,,,,,,,,,,,,,,,
2025-09-15T23:51:48.946955,,,Niemcy,Z_Pluton__6_Unterst_tzungs_Bataillon,,resupply_detailed,55,-12,55,-12,,,,,,,,,,,,,,,,,,,,,,phase1 MULTI_TURN_START | PE_SPENT: fuel=1 combat=0 total=1 | BEFORE: fuel=2 combat=4 | AFTER: fuel=3 combat=4,,,,,,,,,,,,,,,,,,,,,,,,
2025-09-15T23:51:48.948013,,,Niemcy,RESUPPLY_OPERATION,,resupply_summary,,,,,,,,,,,,,,,,,,,,,,,,,,RESUPPLY_SUMMARY MULTI_TURN_START | TOTAL_PE_SPENT: 9 | UNITS_RESUPPLIED: 9/9 | BUDGET_ALLOCATED: 43 | PE_REMAINING: 45,,,,,,,,,,,,,,,,,,,,,,,,
2025-09-15T23:51:48.975429,,target_selection,Niemcy,P_Pluton__6_Sch_tzen_Kompanie,,target_analysis,,,,,45,8,,,,,,,,,,,,,,,,,,,,"Target analysis: 29 candidates, score -1.00",,29,-1,999,,,,,,,,,False,,,,,,,29,29,29,4,2
2025-09-15T23:51:48.981779,,,Niemcy,P_Pluton__6_Sch_tzen_Kompanie,,second_move,,,45,8,,,,,,,,,,,,,,,,,,,,,,second_chance after MULTI_TURN_START,,,,,,,,,,,,,,,,,,,,,,,,
2025-09-15T23:51:48.997798,,target_selection,Niemcy,P_Pluton__6_Infanterie_Regiment,,target_analysis,,,,,46,6,,,,,,,,,,,,,,,,,,,,"Target analysis: 29 candidates, score -1.00",,29,-1,999,,,,,,,,,False,,,,,,,29,29,29,4,2
2025-09-15T23:51:49.001962,,,Niemcy,P_Pluton__6_Infanterie_Regiment,,second_move,,,46,6,,,,,,,,,,,,,,,,,,,,,,second_chance after MULTI_TURN_START,,,,,,,,,,,,,,,,,,,,,,,,
2025-09-15T23:51:49.047997,,target_selection,Niemcy,Z_Pluton__6_Unterst_tzungs_Bataillon_20250913214051,,target_analysis,,,,,36,14,,,,,,,,,,,,,,,,,,,,"Target analysis: 29 candidates, score -1.00",,29,-1,999,,,,,,,,,False,,,,,,,29,29,29,7,3
2025-09-15T23:51:49.051200,,,Niemcy,Z_Pluton__6_Unterst_tzungs_Bataillon_20250913214051,,second_move,,,36,14,,,,,,,,,,,,,,,,,,,,,,second_chance after MULTI_TURN_START,,,,,,,,,,,,,,,,,,,,,,,,
2025-09-15T23:51:49.072525,,target_selection,Niemcy,P_Batalion__6_Infanterie_Regiment,,target_analysis,,,,,41,12,,,,,,,,,,,,,,,,,,,,"Target analysis: 29 candidates, score -1.00",,29,-1,999,,,,,,,,,False,,,,,,,29,29,29,4,2
2025-09-15T23:51:49.075969,,,Niemcy,P_Batalion__6_Infanterie_Regiment,,second_move,,,41,12,,,,,,,,,,,,,,,,,,,,,,second_chance after MULTI_TURN_START,,,,,,,,,,,,,,,,,,,,,,,,
2025-09-15T23:51:49.097872,,target_selection,Niemcy,P_Pluton__6_Grenadier_Bataillon,,target_analysis,,,,,53,4,,,,,,,,,,,,,,,,,,,,"Target analysis: 29 candidates, score -1.00",,29,-1,999,,,,,,,,,False,,,,,,,29,29,29,4,2
2025-09-15T23:51:49.101309,,,Niemcy,P_Pluton__6_Grenadier_Bataillon,,second_move,,,53,4,,,,,,,,,,,,,,,,,,,,,,second_chance after MULTI_TURN_START,,,,,,,,,,,,,,,,,,,,,,,,
2025-09-15T23:51:49.118887,,target_selection,Niemcy,Z_Batalion__6_Versorgungs_Kompanie,,target_analysis,,,,,51,-12,,,,,,,,,,,,,,,,,,,,"Target analysis: 29 candidates, score 30.00",,29,30.0,1,,,,,,,,,False,,,,"(51, -12)",,,28,29,29,5,3
2025-09-15T23:51:49.123665,,,Niemcy,Z_Batalion__6_Versorgungs_Kompanie,,second_move,,,51,-12,,,,,,,,,,,,,,,,,,,,,,second_chance after MULTI_TURN_START,,,,,,,,,,,,,,,,,,,,,,,,
2025-09-15T23:51:49.138590,,target_selection,Niemcy,Z_Pluton__6_Unterst_tzungs_Bataillon_20250913214048,,target_analysis,,,,,52,-13,,,,,,,,,,,,,,,,,,,,"Target analysis: 29 candidates, score 30.00",,29,30.0,1,,,,,,,,,False,,,,"(52, -13)",,,27,29,29,7,3
2025-09-15T23:51:49.142284,,,Niemcy,Z_Pluton__6_Unterst_tzungs_Bataillon_20250913214048,,second_move,,,52,-13,,,,,,,,,,,,,,,,,,,,,,second_chance after MULTI_TURN_START,,,,,,,,,,,,,,,,,,,,,,,,
2025-09-15T23:51:49.161544,,target_selection,Niemcy,P_Kompania__6_Sch_tzen_Kompanie,,target_analysis,,,,,52,6,,,,,,,,,,,,,,,,,,,,"Target analysis: 29 candidates, score -1.00",,29,-1,999,,,,,,,,,False,,,,,,,29,29,29,4,2
2025-09-15T23:51:49.166179,,,Niemcy,P_Kompania__6_Sch_tzen_Kompanie,,second_move,,,52,6,,,,,,,,,,,,,,,,,,,,,,second_chance after MULTI_TURN_START,,,,,,,,,,,,,,,,,,,,,,,,
2025-09-15T23:51:49.184888,,target_selection,Niemcy,Z_Pluton__6_Unterst_tzungs_Bataillon,,target_analysis,,,,,55,-15,,,,,,,,,,,,,,,,,,,,"Target analysis: 29 candidates, score -1.00",,29,-1,999,,,,,,,,,False,,,,,,,29,29,29,5,3
2025-09-15T23:51:49.188473,,,Niemcy,Z_Pluton__6_Unterst_tzungs_Bataillon,,second_move,,,55,-15,,,,,,,,,,,,,,,,,,,,,,second_chance after MULTI_TURN_START,,,,,,,,,,,,,,,,,,,,,,,,
2025-09-15T23:51:49.199919,,,Niemcy,RESUPPLY_NEEDS,,resupply_analysis,,,,,,,,,,,,,,,,,,,,,,,,,,NEEDS_ANALYSIS PRE_RAID_OPTIMIZATION | TOTAL_FUEL_NEEDED: 14 | TOTAL_COMBAT_NEEDED: 0 | TOTAL_PE_NEEDED: 14 | BUDGET_AVAILABLE: 36 | UNITS_REQUIRING_HELP: 9,,,,,,,,,,,,,,,,,,,,,,,,
2025-09-15T23:51:49.200930,,,Niemcy,Z_Pluton__6_Unterst_tzungs_Bataillon_20250913214051,,resupply_detailed,34,14,34,14,,,,,,,,,,,,,,,,,,,,,,phase1 PRE_RAID_OPTIMIZATION | PE_SPENT: fuel=2 combat=0 total=2 | BEFORE: fuel=1 combat=4 | AFTER: fuel=3 combat=4,,,,,,,,,,,,,,,,,,,,,,,,
2025-09-15T23:51:49.201938,,,Niemcy,P_Pluton__6_Sch_tzen_Kompanie,,resupply_detailed,45,8,45,8,,,,,,,,,,,,,,,,,,,,,,phase1 PRE_RAID_OPTIMIZATION | PE_SPENT: fuel=1 combat=0 total=1 | BEFORE: fuel=1 combat=8 | AFTER: fuel=2 combat=8,,,,,,,,,,,,,,,,,,,,,,,,
2025-09-15T23:51:49.203212,,,Niemcy,P_Pluton__6_Infanterie_Regiment,,resupply_detailed,46,6,46,6,,,,,,,,,,,,,,,,,,,,,,phase1 PRE_RAID_OPTIMIZATION | PE_SPENT: fuel=1 combat=0 total=1 | BEFORE: fuel=1 combat=8 | AFTER: fuel=2 combat=8,,,,,,,,,,,,,,,,,,,,,,,,
2025-09-15T23:51:49.203212,,,Niemcy,P_Batalion__6_Infanterie_Regiment,,resupply_detailed,41,12,41,12,,,,,,,,,,,,,,,,,,,,,,phase1 PRE_RAID_OPTIMIZATION | PE_SPENT: fuel=1 combat=0 total=1 | BEFORE: fuel=1 combat=14 | AFTER: fuel=2 combat=14,,,,,,,,,,,,,,,,,,,,,,,,
2025-09-15T23:51:49.203212,,,Niemcy,P_Pluton__6_Grenadier_Bataillon,,resupply_detailed,53,4,53,4,,,,,,,,,,,,,,,,,,,,,,phase1 PRE_RAID_OPTIMIZATION | PE_SPENT: fuel=1 combat=0 total=1 | BEFORE: fuel=1 combat=8 | AFTER: fuel=2 combat=8,,,,,,,,,,,,,,,,,,,,,,,,
2025-09-15T23:51:49.203212,,,Niemcy,Z_Batalion__6_Versorgungs_Kompanie,,resupply_detailed,51,-12,51,-12,,,,,,,,,,,,,,,,,,,,,,phase1 PRE_RAID_OPTIMIZATION | PE_SPENT: fuel=1 combat=0 total=1 | BEFORE: fuel=2 combat=7 | AFTER: fuel=3 combat=7,,,,,,,,,,,,,,,,,,,,,,,,
2025-09-15T23:51:49.203212,,,Niemcy,Z_Pluton__6_Unterst_tzungs_Bataillon_20250913214048,,resupply_detailed,52,-13,52,-13,,,,,,,,,,,,,,,,,,,,,,phase1 PRE_RAID_OPTIMIZATION | PE_SPENT: fuel=1 combat=0 total=1 | BEFORE: fuel=2 combat=4 | AFTER: fuel=3 combat=4,,,,,,,,,,,,,,,,,,,,,,,,
2025-09-15T23:51:49.203212,,,Niemcy,P_Kompania__6_Sch_tzen_Kompanie,,resupply_detailed,52,6,52,6,,,,,,,,,,,,,,,,,,,,,,phase1 PRE_RAID_OPTIMIZATION | PE_SPENT: fuel=1 combat=0 total=1 | BEFORE: fuel=1 combat=11 | AFTER: fuel=2 combat=11,,,,,,,,,,,,,,,,,,,,,,,,
2025-09-15T23:51:49.203212,,,Niemcy,Z_Pluton__6_Unterst_tzungs_Bataillon,,resupply_detailed,55,-15,55,-15,,,,,,,,,,,,,,,,,,,,,,phase1 PRE_RAID_OPTIMIZATION | PE_SPENT: fuel=1 combat=0 total=1 | BEFORE: fuel=2 combat=4 | AFTER: fuel=3 combat=4,,,,,,,,,,,,,,,,,,,,,,,,
2025-09-15T23:51:49.209024,,,Niemcy,RESUPPLY_OPERATION,,resupply_summary,,,,,,,,,,,,,,,,,,,,,,,,,,RESUPPLY_SUMMARY PRE_RAID_OPTIMIZATION | TOTAL_PE_SPENT: 10 | UNITS_RESUPPLIED: 9/9 | BUDGET_ALLOCATED: 36 | PE_REMAINING: 35,,,,,,,,,,,,,,,,,,,,,,,,
2025-09-15T23:51:49.252770,,target_selection,Niemcy,Z_Pluton__6_Unterst_tzungs_Bataillon_20250913214051,,target_analysis,,,,,31,17,,,,,,,,,,,,,,,,,,,,"Target analysis: 29 candidates, score -1.00",,29,-1,999,,,,,,,,,False,,,,,,,29,29,29,5,3
2025-09-15T23:51:49.257531,,,Niemcy,Z_Pluton__6_Unterst_tzungs_Bataillon_20250913214051,,second_move,,,31,17,,,,,,,,,,,,,,,,,,,,,,second_chance after PRE_RAID_OPTIMIZATION,,,,,,,,,,,,,,,,,,,,,,,,
2025-09-15T23:51:49.280062,,target_selection,Niemcy,P_Pluton__6_Sch_tzen_Kompanie,,target_analysis,,,,,43,8,,,,,,,,,,,,,,,,,,,,"Target analysis: 29 candidates, score -1.00",,29,-1,999,,,,,,,,,False,,,,,,,29,29,29,3,2
2025-09-15T23:51:49.283091,,,Niemcy,P_Pluton__6_Sch_tzen_Kompanie,,second_move,,,43,8,,,,,,,,,,,,,,,,,,,,,,second_chance after PRE_RAID_OPTIMIZATION,,,,,,,,,,,,,,,,,,,,,,,,
2025-09-15T23:51:49.307504,,target_selection,Niemcy,P_Pluton__6_Infanterie_Regiment,,target_analysis,,,,,48,6,,,,,,,,,,,,,,,,,,,,"Target analysis: 29 candidates, score -1.00",,29,-1,999,,,,,,,,,False,,,,,,,29,29,29,3,2
2025-09-15T23:51:49.313366,,,Niemcy,P_Pluton__6_Infanterie_Regiment,,second_move,,,48,6,,,,,,,,,,,,,,,,,,,,,,second_chance after PRE_RAID_OPTIMIZATION,,,,,,,,,,,,,,,,,,,,,,,,
2025-09-15T23:51:49.325767,,target_selection,Niemcy,P_Batalion__6_Infanterie_Regiment,,target_analysis,,,,,43,10,,,,,,,,,,,,,,,,,,,,"Target analysis: 29 candidates, score -1.00",,29,-1,999,,,,,,,,,False,,,,,,,29,29,29,3,2
2025-09-15T23:51:49.331548,,,Niemcy,P_Batalion__6_Infanterie_Regiment,,second_move,,,43,10,,,,,,,,,,,,,,,,,,,,,,second_chance after PRE_RAID_OPTIMIZATION,,,,,,,,,,,,,,,,,,,,,,,,
2025-09-15T23:51:49.343900,,target_selection,Niemcy,P_Pluton__6_Grenadier_Bataillon,,target_analysis,,,,,51,6,,,,,,,,,,,,,,,,,,,,"Target analysis: 29 candidates, score -1.00",,29,-1,999,,,,,,,,,False,,,,,,,29,29,29,3,2
2025-09-15T23:51:49.349692,,,Niemcy,P_Pluton__6_Grenadier_Bataillon,,second_move,,,51,6,,,,,,,,,,,,,,,,,,,,,,second_chance after PRE_RAID_OPTIMIZATION,,,,,,,,,,,,,,,,,,,,,,,,
2025-09-15T23:51:49.365038,,target_selection,Niemcy,Z_Batalion__6_Versorgungs_Kompanie,,target_analysis,,,,,51,-13,,,,,,,,,,,,,,,,,,,,"Target analysis: 29 candidates, score 30.00",,29,30.0,1,,,,,,,,,False,,,,"(51, -13)",,,25,29,29,4,3
2025-09-15T23:51:49.369378,,,Niemcy,Z_Batalion__6_Versorgungs_Kompanie,,second_move,,,51,-13,,,,,,,,,,,,,,,,,,,,,,second_chance after PRE_RAID_OPTIMIZATION,,,,,,,,,,,,,,,,,,,,,,,,
2025-09-15T23:51:49.386950,,target_selection,Niemcy,Z_Pluton__6_Unterst_tzungs_Bataillon_20250913214048,,target_analysis,,,,,51,-12,,,,,,,,,,,,,,,,,,,,"Target analysis: 29 candidates, score 30.00",,29,30.0,1,,,,,,,,,False,,,,"(51, -12)",,,28,29,29,6,3
2025-09-15T23:51:49.390734,,,Niemcy,Z_Pluton__6_Unterst_tzungs_Bataillon_20250913214048,,second_move,,,51,-12,,,,,,,,,,,,,,,,,,,,,,second_chance after PRE_RAID_OPTIMIZATION,,,,,,,,,,,,,,,,,,,,,,,,
2025-09-15T23:51:49.406323,,target_selection,Niemcy,P_Kompania__6_Sch_tzen_Kompanie,,target_analysis,,,,,50,8,,,,,,,,,,,,,,,,,,,,"Target analysis: 29 candidates, score -1.00",,29,-1,999,,,,,,,,,False,,,,,,,29,29,29,3,2
2025-09-15T23:51:49.409395,,,Niemcy,P_Kompania__6_Sch_tzen_Kompanie,,second_move,,,50,8,,,,,,,,,,,,,,,,,,,,,,second_chance after PRE_RAID_OPTIMIZATION,,,,,,,,,,,,,,,,,,,,,,,,
2025-09-15T23:51:49.434444,,target_selection,Niemcy,Z_Pluton__6_Unterst_tzungs_Bataillon,,target_analysis,,,,,52,-12,,,,,,,,,,,,,,,,,,,,"Target analysis: 29 candidates, score -1.00",,29,-1,999,,,,,,,,,False,,,,,,,29,29,29,4,3
2025-09-15T23:51:49.438662,,,Niemcy,Z_Pluton__6_Unterst_tzungs_Bataillon,,second_move,,,52,-12,,,,,,,,,,,,,,,,,,,,,,second_chance after PRE_RAID_OPTIMIZATION,,,,,,,,,,,,,,,,,,,,,,,,
2025-09-15T23:51:49.454676,,,Niemcy,RESUPPLY_NEEDS,,resupply_analysis,,,,,,,,,,,,,,,,,,,,,,,,,,NEEDS_ANALYSIS PRE_RAID_OPTIMIZATION | TOTAL_FUEL_NEEDED: 14 | TOTAL_COMBAT_NEEDED: 0 | TOTAL_PE_NEEDED: 14 | BUDGET_AVAILABLE: 28 | UNITS_REQUIRING_HELP: 9,,,,,,,,,,,,,,,,,,,,,,,,
2025-09-15T23:51:49.456951,,,Niemcy,RESUPPLY_OPERATION,,resupply_summary,,,,,,,,,,,,,,,,,,,,,,,,,,RESUPPLY_SUMMARY PRE_RAID_OPTIMIZATION | TOTAL_PE_SPENT: 0 | UNITS_RESUPPLIED: 0/9 | BUDGET_ALLOCATED: 28 | PE_REMAINING: 35,,,,,,,,,,,,,,,,,,,,,,,,
2025-09-15T23:51:49.463832,,,Niemcy,Z_Batalion__6_Versorgungs_Kompanie,,second_move,,,51,-13,,,,,,,,,,,,,,,,,,,,,,second_chance after PRE_RAID_OPTIMIZATION,,,,,,,,,,,,,,,,,,,,,,,,
2025-09-15T23:51:49.477635,,target_selection,Niemcy,P_Pluton__6_Sch_tzen_Kompanie,,target_analysis,,,,,44,8,,,,,,,,,,,,,,,,,,,,"Target analysis: 29 candidates, score -1.00",,29,-1,999,,,,,,,,,False,,,,,,,29,29,29,2,1
2025-09-15T23:51:49.483297,,,Niemcy,P_Pluton__6_Sch_tzen_Kompanie,,second_move,,,44,8,,,,,,,,,,,,,,,,,,,,,,second_chance after PRE_RAID_OPTIMIZATION,,,,,,,,,,,,,,,,,,,,,,,,
2025-09-15T23:51:49.495269,,target_selection,Niemcy,P_Pluton__6_Infanterie_Regiment,,target_analysis,,,,,49,6,,,,,,,,,,,,,,,,,,,,"Target analysis: 29 candidates, score -1.00",,29,-1,999,,,,,,,,,False,,,,,,,29,29,29,2,1
2025-09-15T23:51:49.500246,,,Niemcy,P_Pluton__6_Infanterie_Regiment,,second_move,,,49,6,,,,,,,,,,,,,,,,,,,,,,second_chance after PRE_RAID_OPTIMIZATION,,,,,,,,,,,,,,,,,,,,,,,,
2025-09-15T23:51:49.519390,,target_selection,Niemcy,Z_Pluton__6_Unterst_tzungs_Bataillon_20250913214051,,target_analysis,,,,,29,17,,,,,,,,,,,,,,,,,,,,"Target analysis: 29 candidates, score -1.00",,29,-1,999,,,,,,,,,False,,,,,,,29,29,29,4,2
2025-09-15T23:51:49.526639,,,Niemcy,Z_Pluton__6_Unterst_tzungs_Bataillon_20250913214051,,second_move,,,29,17,,,,,,,,,,,,,,,,,,,,,,second_chance after PRE_RAID_OPTIMIZATION,,,,,,,,,,,,,,,,,,,,,,,,
2025-09-15T23:51:49.535803,,target_selection,Niemcy,P_Batalion__6_Infanterie_Regiment,,target_analysis,,,,,42,11,,,,,,,,,,,,,,,,,,,,"Target analysis: 29 candidates, score -1.00",,29,-1,999,,,,,,,,,False,,,,,,,29,29,29,2,1
2025-09-15T23:51:49.541126,,,Niemcy,P_Batalion__6_Infanterie_Regiment,,second_move,,,42,11,,,,,,,,,,,,,,,,,,,,,,second_chance after PRE_RAID_OPTIMIZATION,,,,,,,,,,,,,,,,,,,,,,,,
2025-09-15T23:51:49.551567,,target_selection,Niemcy,P_Pluton__6_Grenadier_Bataillon,,target_analysis,,,,,52,6,,,,,,,,,,,,,,,,,,,,"Target analysis: 29 candidates, score -1.00",,29,-1,999,,,,,,,,,False,,,,,,,29,29,29,2,1
2025-09-15T23:51:49.557898,,,Niemcy,P_Pluton__6_Grenadier_Bataillon,,second_move,,,52,6,,,,,,,,,,,,,,,,,,,,,,second_chance after PRE_RAID_OPTIMIZATION,,,,,,,,,,,,,,,,,,,,,,,,
2025-09-15T23:51:49.565862,,target_selection,Niemcy,Z_Pluton__6_Unterst_tzungs_Bataillon_20250913214048,,target_analysis,,,,,,,,,,,,,,,,,,,,,,,,,,"Target analysis: 29 candidates, score -1.00",,29,-1,999,,,,,,,,,False,,,,,,,29,29,29,5,2
2025-09-15T23:51:49.568379,,target_selection,Niemcy,P_Kompania__6_Sch_tzen_Kompanie,,target_analysis,,,,,50,7,,,,,,,,,,,,,,,,,,,,"Target analysis: 29 candidates, score -1.00",,29,-1,999,,,,,,,,,False,,,,,,,29,29,29,2,1
2025-09-15T23:51:49.576528,,,Niemcy,P_Kompania__6_Sch_tzen_Kompanie,,second_move,,,50,7,,,,,,,,,,,,,,,,,,,,,,second_chance after PRE_RAID_OPTIMIZATION,,,,,,,,,,,,,,,,,,,,,,,,
2025-09-15T23:51:49.588693,,target_selection,Niemcy,Z_Pluton__6_Unterst_tzungs_Bataillon,,target_analysis,,,,,54,-14,,,,,,,,,,,,,,,,,,,,"Target analysis: 29 candidates, score -1.00",,29,-1,999,,,,,,,,,False,,,,,,,29,29,29,3,2
2025-09-15T23:51:49.593709,,,Niemcy,Z_Pluton__6_Unterst_tzungs_Bataillon,,second_move,,,54,-14,,,,,,,,,,,,,,,,,,,,,,second_chance after PRE_RAID_OPTIMIZATION,,,,,,,,,,,,,,,,,,,,,,,,
2025-09-15T23:51:49.596605,,,Niemcy,RESUPPLY_NEEDS,,resupply_analysis,,,,,,,,,,,,,,,,,,,,,,,,,,NEEDS_ANALYSIS LOW_FUEL | TOTAL_FUEL_NEEDED: 22 | TOTAL_COMBAT_NEEDED: 0 | TOTAL_PE_NEEDED: 22 | BUDGET_AVAILABLE: 31 | UNITS_REQUIRING_HELP: 9,,,,,,,,,,,,,,,,,,,,,,,,
2025-09-15T23:51:49.597884,,,Niemcy,RESUPPLY_OPERATION,,resupply_summary,,,,,,,,,,,,,,,,,,,,,,,,,,RESUPPLY_SUMMARY LOW_FUEL | TOTAL_PE_SPENT: 0 | UNITS_RESUPPLIED: 0/9 | BUDGET_ALLOCATED: 31 | PE_REMAINING: 35,,,,,,,,,,,,,,,,,,,,,,,,
2025-09-15T23:51:49.613308,,target_selection,Niemcy,Z_Pluton__6_Unterst_tzungs_Bataillon_20250913214051,,target_analysis,,,,,30,17,,,,,,,,,,,,,,,,,,,,"Target analysis: 29 candidates, score -1.00",,29,-1,999,,,,,,,,,False,,,,,,,29,29,29,3,1
2025-09-15T23:51:49.616562,,,Niemcy,Z_Pluton__6_Unterst_tzungs_Bataillon_20250913214051,,second_move,,,30,17,,,,,,,,,,,,,,,,,,,,,,second_chance after LOW_FUEL,,,,,,,,,,,,,,,,,,,,,,,,
2025-09-15T23:51:49.630470,,target_selection,Niemcy,Z_Pluton__6_Unterst_tzungs_Bataillon,,target_analysis,,,,,55,-14,,,,,,,,,,,,,,,,,,,,"Target analysis: 29 candidates, score -1.00",,29,-1,999,,,,,,,,,False,,,,,,,29,29,29,2,1
2025-09-15T23:51:49.633633,,,Niemcy,Z_Pluton__6_Unterst_tzungs_Bataillon,,second_move,,,55,-14,,,,,,,,,,,,,,,,,,,,,,second_chance after LOW_FUEL,,,,,,,,,,,,,,,,,,,,,,,,
2025-09-15T23:51:49.643755,,target_selection,Niemcy,Z_Pluton__6_Unterst_tzungs_Bataillon_20250913214048,,target_analysis,,,,,52,-12,,,,,,,,,,,,,,,,,,,,"Target analysis: 29 candidates, score -1.00",,29,-1,999,,,,,,,,,False,,,,,,,29,29,29,5,2
2025-09-15T23:51:49.648870,,,Niemcy,Z_Pluton__6_Unterst_tzungs_Bataillon_20250913214048,,second_move,,,52,-12,,,,,,,,,,,,,,,,,,,,,,second_chance after LOW_FUEL,,,,,,,,,,,,,,,,,,,,,,,,
2025-09-15T23:51:49.650358,,,Niemcy,RESUPPLY_NEEDS,,resupply_analysis,,,,,,,,,,,,,,,,,,,,,,,,,,NEEDS_ANALYSIS PRE_RAID_OPTIMIZATION | TOTAL_FUEL_NEEDED: 25 | TOTAL_COMBAT_NEEDED: 0 | TOTAL_PE_NEEDED: 25 | BUDGET_AVAILABLE: 31 | UNITS_REQUIRING_HELP: 9,,,,,,,,,,,,,,,,,,,,,,,,
2025-09-15T23:51:49.651362,,,Niemcy,RESUPPLY_OPERATION,,resupply_summary,,,,,,,,,,,,,,,,,,,,,,,,,,RESUPPLY_SUMMARY PRE_RAID_OPTIMIZATION | TOTAL_PE_SPENT: 0 | UNITS_RESUPPLIED: 0/9 | BUDGET_ALLOCATED: 31 | PE_REMAINING: 35,,,,,,,,,,,,,,,,,,,,,,,,
2025-09-15T23:51:49.657726,,target_selection,Niemcy,Z_Pluton__6_Unterst_tzungs_Bataillon_20250913214048,,target_analysis,,,,,51,-12,,,,,,,,,,,,,,,,,,,,"Target analysis: 29 candidates, score 30.00",,29,30.0,1,,,,,,,,,False,,,,"(51, -12)",,,28,29,29,4,1
2025-09-15T23:51:49.664550,,,Niemcy,Z_Pluton__6_Unterst_tzungs_Bataillon_20250913214048,,second_move,,,51,-12,,,,,,,,,,,,,,,,,,,,,,second_chance after PRE_RAID_OPTIMIZATION,,,,,,,,,,,,,,,,,,,,,,,,
2025-09-15T23:51:49.666554,,,Niemcy,RESUPPLY_NEEDS,,resupply_analysis,,,,,,,,,,,,,,,,,,,,,,,,,,NEEDS_ANALYSIS LOW_FUEL | TOTAL_FUEL_NEEDED: 26 | TOTAL_COMBAT_NEEDED: 0 | TOTAL_PE_NEEDED: 26 | BUDGET_AVAILABLE: 31 | UNITS_REQUIRING_HELP: 9,,,,,,,,,,,,,,,,,,,,,,,,
2025-09-15T23:51:49.667557,,,Niemcy,RESUPPLY_OPERATION,,resupply_summary,,,,,,,,,,,,,,,,,,,,,,,,,,RESUPPLY_SUMMARY LOW_FUEL | TOTAL_PE_SPENT: 0 | UNITS_RESUPPLIED: 0/9 | BUDGET_ALLOCATED: 31 | PE_REMAINING: 35,,,,,,,,,,,,,,,,,,,,,,,,
2025-09-15T23:51:49.709199,,strategy,Niemcy,STRATEGY,,strategic_decision,,,,,,,,,,,,,,,,,,,,,,,,,,"Strategy: REASSIGNMENT, aggression 0.50, 5 groups, 0 reassignments",,,,,,,,,REASSIGNMENT,0.5,,,,,,adaptive,,0,dynamic_reassignment,,,,,
2025-09-15T23:51:49.718098,,strategy,Niemcy,STRATEGY,,strategic_decision,,,,,,,,,,,,,,,,,,,,,,,,,,"Strategy: REASSIGNMENT, aggression 0.50, 5 groups, 0 reassignments",,,,,,,,,REASSIGNMENT,0.5,,,,,,adaptive,,0,dynamic_reassignment,,,,,
2025-09-15T23:51:49.723975,,strategy,Niemcy,STRATEGY,,strategic_decision,,,,,,,,,,,,,,,,,,,,,,,,,,"Strategy: REASSIGNMENT, aggression 0.50, 1 groups, 0 reassignments",,,,,,,,,REASSIGNMENT,0.5,,,,,,adaptive,,0,dynamic_reassignment,,,,,
2025-09-15T23:51:49.731838,,target_selection,Niemcy,P_Pluton__6_Infanterie_Regiment,,target_analysis,,,,,,,,,,,,,,,,,,,,,,,,,,"Target analysis: 29 candidates, score -1.00",,29,-1,999,,,,,,,,,False,,,,,,,29,29,29,5,0
2025-09-15T23:51:49.733704,,,Niemcy,RESUPPLY_NEEDS,,resupply_analysis,,,,,,,,,,,,,,,,,,,,,,,,,,NEEDS_ANALYSIS LOW_FUEL | TOTAL_FUEL_NEEDED: 26 | TOTAL_COMBAT_NEEDED: 0 | TOTAL_PE_NEEDED: 26 | BUDGET_AVAILABLE: 31 | UNITS_REQUIRING_HELP: 9,,,,,,,,,,,,,,,,,,,,,,,,
2025-09-15T23:51:49.735000,,,Niemcy,RESUPPLY_OPERATION,,resupply_summary,,,,,,,,,,,,,,,,,,,,,,,,,,RESUPPLY_SUMMARY LOW_FUEL | TOTAL_PE_SPENT: 0 | UNITS_RESUPPLIED: 0/9 | BUDGET_ALLOCATED: 31 | PE_REMAINING: 35,,,,,,,,,,,,,,,,,,,,,,,,
2025-09-15T23:51:49.736142,,,Niemcy,RESUPPLY_NEEDS,,resupply_analysis,,,,,,,,,,,,,,,,,,,,,,,,,,NEEDS_ANALYSIS LOW_FUEL | TOTAL_FUEL_NEEDED: 26 | TOTAL_COMBAT_NEEDED: 0 | TOTAL_PE_NEEDED: 26 | BUDGET_AVAILABLE: 31 | UNITS_REQUIRING_HELP: 9,,,,,,,,,,,,,,,,,,,,,,,,
2025-09-15T23:51:49.737263,,,Niemcy,RESUPPLY_OPERATION,,resupply_summary,,,,,,,,,,,,,,,,,,,,,,,,,,RESUPPLY_SUMMARY LOW_FUEL | TOTAL_PE_SPENT: 0 | UNITS_RESUPPLIED: 0/9 | BUDGET_ALLOCATED: 31 | PE_REMAINING: 35,,,,,,,,,,,,,,,,,,,,,,,,
2025-09-15T23:51:49.739669,,strategy,Niemcy,STRATEGY,,strategic_decision,,,,,,,,,,,,,,,,,,,,,,,,,,"Strategy: REASSIGNMENT, aggression 0.50, 1 groups, 0 reassignments",,,,,,,,,REASSIGNMENT,0.5,,,,,,adaptive,,0,dynamic_reassignment,,,,,
2025-09-15T23:51:49.744858,,target_selection,Niemcy,P_Pluton__6_Sch_tzen_Kompanie,,target_analysis,,,,,,,,,,,,,,,,,,,,,,,,,,"Target analysis: 29 candidates, score -1.00",,29,-1,999,,,,,,,,,False,,,,,,,29,29,29,5,0
2025-09-15T23:51:49.750298,,,Niemcy,RESUPPLY_NEEDS,,resupply_analysis,,,,,,,,,,,,,,,,,,,,,,,,,,NEEDS_ANALYSIS LOW_FUEL | TOTAL_FUEL_NEEDED: 26 | TOTAL_COMBAT_NEEDED: 0 | TOTAL_PE_NEEDED: 26 | BUDGET_AVAILABLE: 31 | UNITS_REQUIRING_HELP: 9,,,,,,,,,,,,,,,,,,,,,,,,
2025-09-15T23:51:49.752537,,,Niemcy,RESUPPLY_OPERATION,,resupply_summary,,,,,,,,,,,,,,,,,,,,,,,,,,RESUPPLY_SUMMARY LOW_FUEL | TOTAL_PE_SPENT: 0 | UNITS_RESUPPLIED: 0/9 | BUDGET_ALLOCATED: 31 | PE_REMAINING: 35,,,,,,,,,,,,,,,,,,,,,,,,
2025-09-15T23:51:49.756037,,,Niemcy,RESUPPLY_NEEDS,,resupply_analysis,,,,,,,,,,,,,,,,,,,,,,,,,,NEEDS_ANALYSIS LOW_FUEL | TOTAL_FUEL_NEEDED: 26 | TOTAL_COMBAT_NEEDED: 0 | TOTAL_PE_NEEDED: 26 | BUDGET_AVAILABLE: 31 | UNITS_REQUIRING_HELP: 9,,,,,,,,,,,,,,,,,,,,,,,,
2025-09-15T23:51:49.756037,,,Niemcy,RESUPPLY_OPERATION,,resupply_summary,,,,,,,,,,,,,,,,,,,,,,,,,,RESUPPLY_SUMMARY LOW_FUEL | TOTAL_PE_SPENT: 0 | UNITS_RESUPPLIED: 0/9 | BUDGET_ALLOCATED: 31 | PE_REMAINING: 35,,,,,,,,,,,,,,,,,,,,,,,,
2025-09-15T23:51:49.762586,,strategy,Niemcy,STRATEGY,,strategic_decision,,,,,,,,,,,,,,,,,,,,,,,,,,"Strategy: REASSIGNMENT, aggression 0.50, 1 groups, 0 reassignments",,,,,,,,,REASSIGNMENT,0.5,,,,,,adaptive,,0,dynamic_reassignment,,,,,
2025-09-15T23:51:49.764575,,target_selection,Niemcy,P_Batalion__6_Infanterie_Regiment,,target_analysis,,,,,,,,,,,,,,,,,,,,,,,,,,"Target analysis: 29 candidates, score -1.00",,29,-1,999,,,,,,,,,False,,,,,,,29,29,29,5,0
2025-09-15T23:51:49.770798,,,Niemcy,RESUPPLY_NEEDS,,resupply_analysis,,,,,,,,,,,,,,,,,,,,,,,,,,NEEDS_ANALYSIS LOW_FUEL | TOTAL_FUEL_NEEDED: 26 | TOTAL_COMBAT_NEEDED: 0 | TOTAL_PE_NEEDED: 26 | BUDGET_AVAILABLE: 31 | UNITS_REQUIRING_HELP: 9,,,,,,,,,,,,,,,,,,,,,,,,
2025-09-15T23:51:49.771807,,,Niemcy,RESUPPLY_OPERATION,,resupply_summary,,,,,,,,,,,,,,,,,,,,,,,,,,RESUPPLY_SUMMARY LOW_FUEL | TOTAL_PE_SPENT: 0 | UNITS_RESUPPLIED: 0/9 | BUDGET_ALLOCATED: 31 | PE_REMAINING: 35,,,,,,,,,,,,,,,,,,,,,,,,
2025-09-15T23:51:49.774067,,strategy,Niemcy,STRATEGY,,strategic_decision,,,,,,,,,,,,,,,,,,,,,,,,,,"Strategy: REASSIGNMENT, aggression 0.50, 1 groups, 0 reassignments",,,,,,,,,REASSIGNMENT,0.5,,,,,,adaptive,,0,dynamic_reassignment,,,,,
2025-09-15T23:51:49.780330,,target_selection,Niemcy,P_Pluton__6_Grenadier_Bataillon,,target_analysis,,,,,,,,,,,,,,,,,,,,,,,,,,"Target analysis: 29 candidates, score -1.00",,29,-1,999,,,,,,,,,False,,,,,,,29,29,29,5,0
2025-09-15T23:51:49.780330,,,Niemcy,RESUPPLY_NEEDS,,resupply_analysis,,,,,,,,,,,,,,,,,,,,,,,,,,NEEDS_ANALYSIS LOW_FUEL | TOTAL_FUEL_NEEDED: 26 | TOTAL_COMBAT_NEEDED: 0 | TOTAL_PE_NEEDED: 26 | BUDGET_AVAILABLE: 31 | UNITS_REQUIRING_HELP: 9,,,,,,,,,,,,,,,,,,,,,,,,
2025-09-15T23:51:49.780330,,,Niemcy,RESUPPLY_OPERATION,,resupply_summary,,,,,,,,,,,,,,,,,,,,,,,,,,RESUPPLY_SUMMARY LOW_FUEL | TOTAL_PE_SPENT: 0 | UNITS_RESUPPLIED: 0/9 | BUDGET_ALLOCATED: 31 | PE_REMAINING: 35,,,,,,,,,,,,,,,,,,,,,,,,
2025-09-15T23:51:49.787135,,strategy,Niemcy,STRATEGY,,strategic_decision,,,,,,,,,,,,,,,,,,,,,,,,,,"Strategy: REASSIGNMENT, aggression 0.50, 1 groups, 0 reassignments",,,,,,,,,REASSIGNMENT,0.5,,,,,,adaptive,,0,dynamic_reassignment,,,,,
2025-09-15T23:51:49.796851,,target_selection,Niemcy,Z_Pluton__6_Unterst_tzungs_Bataillon_20250913214048,,target_analysis,,,,,,,,,,,,,,,,,,,,,,,,,,"Target analysis: 29 candidates, score -1.00",,29,-1,999,,,,,,,,,False,,,,,,,29,29,29,8,0
2025-09-15T23:51:49.797862,,,Niemcy,RESUPPLY_NEEDS,,resupply_analysis,,,,,,,,,,,,,,,,,,,,,,,,,,NEEDS_ANALYSIS LOW_FUEL | TOTAL_FUEL_NEEDED: 26 | TOTAL_COMBAT_NEEDED: 0 | TOTAL_PE_NEEDED: 26 | BUDGET_AVAILABLE: 31 | UNITS_REQUIRING_HELP: 9,,,,,,,,,,,,,,,,,,,,,,,,
2025-09-15T23:51:49.799169,,,Niemcy,RESUPPLY_OPERATION,,resupply_summary,,,,,,,,,,,,,,,,,,,,,,,,,,RESUPPLY_SUMMARY LOW_FUEL | TOTAL_PE_SPENT: 0 | UNITS_RESUPPLIED: 0/9 | BUDGET_ALLOCATED: 31 | PE_REMAINING: 35,,,,,,,,,,,,,,,,,,,,,,,,
2025-09-15T23:51:49.801533,,,Niemcy,RESUPPLY_NEEDS,,resupply_analysis,,,,,,,,,,,,,,,,,,,,,,,,,,NEEDS_ANALYSIS LOW_FUEL | TOTAL_FUEL_NEEDED: 26 | TOTAL_COMBAT_NEEDED: 0 | TOTAL_PE_NEEDED: 26 | BUDGET_AVAILABLE: 31 | UNITS_REQUIRING_HELP: 9,,,,,,,,,,,,,,,,,,,,,,,,
2025-09-15T23:51:49.802582,,,Niemcy,RESUPPLY_OPERATION,,resupply_summary,,,,,,,,,,,,,,,,,,,,,,,,,,RESUPPLY_SUMMARY LOW_FUEL | TOTAL_PE_SPENT: 0 | UNITS_RESUPPLIED: 0/9 | BUDGET_ALLOCATED: 31 | PE_REMAINING: 35,,,,,,,,,,,,,,,,,,,,,,,,
2025-09-15T23:51:49.804880,,,Niemcy,RESUPPLY_NEEDS,,resupply_analysis,,,,,,,,,,,,,,,,,,,,,,,,,,NEEDS_ANALYSIS LOW_FUEL | TOTAL_FUEL_NEEDED: 26 | TOTAL_COMBAT_NEEDED: 0 | TOTAL_PE_NEEDED: 26 | BUDGET_AVAILABLE: 31 | UNITS_REQUIRING_HELP: 9,,,,,,,,,,,,,,,,,,,,,,,,
2025-09-15T23:51:49.805892,,,Niemcy,RESUPPLY_OPERATION,,resupply_summary,,,,,,,,,,,,,,,,,,,,,,,,,,RESUPPLY_SUMMARY LOW_FUEL | TOTAL_PE_SPENT: 0 | UNITS_RESUPPLIED: 0/9 | BUDGET_ALLOCATED: 31 | PE_REMAINING: 35,,,,,,,,,,,,,,,,,,,,,,,,
2025-09-15T23:51:49.808005,,,Niemcy,RESUPPLY_NEEDS,,resupply_analysis,,,,,,,,,,,,,,,,,,,,,,,,,,NEEDS_ANALYSIS LOW_FUEL | TOTAL_FUEL_NEEDED: 26 | TOTAL_COMBAT_NEEDED: 0 | TOTAL_PE_NEEDED: 26 | BUDGET_AVAILABLE: 31 | UNITS_REQUIRING_HELP: 9,,,,,,,,,,,,,,,,,,,,,,,,
2025-09-15T23:51:49.809611,,,Niemcy,RESUPPLY_OPERATION,,resupply_summary,,,,,,,,,,,,,,,,,,,,,,,,,,RESUPPLY_SUMMARY LOW_FUEL | TOTAL_PE_SPENT: 0 | UNITS_RESUPPLIED: 0/9 | BUDGET_ALLOCATED: 31 | PE_REMAINING: 35,,,,,,,,,,,,,,,,,,,,,,,,
2025-09-15T23:51:49.814698,,,Niemcy,RESUPPLY_NEEDS,,resupply_analysis,,,,,,,,,,,,,,,,,,,,,,,,,,NEEDS_ANALYSIS LOW_FUEL | TOTAL_FUEL_NEEDED: 26 | TOTAL_COMBAT_NEEDED: 0 | TOTAL_PE_NEEDED: 26 | BUDGET_AVAILABLE: 31 | UNITS_REQUIRING_HELP: 9,,,,,,,,,,,,,,,,,,,,,,,,
2025-09-15T23:51:49.814698,,,Niemcy,RESUPPLY_OPERATION,,resupply_summary,,,,,,,,,,,,,,,,,,,,,,,,,,RESUPPLY_SUMMARY LOW_FUEL | TOTAL_PE_SPENT: 0 | UNITS_RESUPPLIED: 0/9 | BUDGET_ALLOCATED: 31 | PE_REMAINING: 35,,,,,,,,,,,,,,,,,,,,,,,,
2025-09-15T23:51:49.818186,,,Niemcy,P_Batalion__6_Infanterie_Regiment,,combat,42,11,41,11,,,,,,,,,,,,,,,,,,,,,,Attack enemy P_Pluton__3_Pu_k_Piechoty_20250913214024,,,,,,,,,,,,,,,,,,,,,,,,
2025-09-15T23:51:49.821911,,,Niemcy,RESUPPLY_NEEDS,,resupply_analysis,,,,,,,,,,,,,,,,,,,,,,,,,,NEEDS_ANALYSIS LOW_FUEL | TOTAL_FUEL_NEEDED: 26 | TOTAL_COMBAT_NEEDED: 10 | TOTAL_PE_NEEDED: 36 | BUDGET_AVAILABLE: 31 | UNITS_REQUIRING_HELP: 9,,,,,,,,,,,,,,,,,,,,,,,,
2025-09-15T23:51:49.823387,,,Niemcy,P_Batalion__6_Infanterie_Regiment,,resupply_bonus,42,11,42,11,,,,,,,,,,,,,,,,,,,,,,bonus_phase LOW_FUEL | PE_SPENT: fuel=0 combat=1 total=1 | BONUS_ALLOCATION: 1 PE available | REMAINING_BUDGET: 3 PE,,,,,,,,,,,,,,,,,,,,,,,,
2025-09-15T23:51:49.824671,,,Niemcy,RESUPPLY_OPERATION,,resupply_summary,,,,,,,,,,,,,,,,,,,,,,,,,,RESUPPLY_SUMMARY LOW_FUEL | TOTAL_PE_SPENT: 1 | UNITS_RESUPPLIED: 0/9 | BUDGET_ALLOCATED: 31 | PE_REMAINING: 34,,,,,,,,,,,,,,,,,,,,,,,,
2025-09-15T23:51:49.826991,,,Niemcy,RESUPPLY_NEEDS,,resupply_analysis,,,,,,,,,,,,,,,,,,,,,,,,,,NEEDS_ANALYSIS LOW_FUEL | TOTAL_FUEL_NEEDED: 26 | TOTAL_COMBAT_NEEDED: 9 | TOTAL_PE_NEEDED: 35 | BUDGET_AVAILABLE: 30 | UNITS_REQUIRING_HELP: 9,,,,,,,,,,,,,,,,,,,,,,,,
2025-09-15T23:51:49.829055,,,Niemcy,P_Batalion__6_Infanterie_Regiment,,resupply_bonus,42,11,42,11,,,,,,,,,,,,,,,,,,,,,,bonus_phase LOW_FUEL | PE_SPENT: fuel=0 combat=1 total=1 | BONUS_ALLOCATION: 1 PE available | REMAINING_BUDGET: 2 PE,,,,,,,,,,,,,,,,,,,,,,,,
2025-09-15T23:51:49.830391,,,Niemcy,RESUPPLY_OPERATION,,resupply_summary,,,,,,,,,,,,,,,,,,,,,,,,,,RESUPPLY_SUMMARY LOW_FUEL | TOTAL_PE_SPENT: 1 | UNITS_RESUPPLIED: 0/9 | BUDGET_ALLOCATED: 30 | PE_REMAINING: 33,,,,,,,,,,,,,,,,,,,,,,,,
2025-09-15T23:51:49.832591,,,Niemcy,RESUPPLY_NEEDS,,resupply_analysis,,,,,,,,,,,,,,,,,,,,,,,,,,NEEDS_ANALYSIS LOW_FUEL | TOTAL_FUEL_NEEDED: 26 | TOTAL_COMBAT_NEEDED: 8 | TOTAL_PE_NEEDED: 34 | BUDGET_AVAILABLE: 29 | UNITS_REQUIRING_HELP: 9,,,,,,,,,,,,,,,,,,,,,,,,
2025-09-15T23:51:49.833595,,,Niemcy,P_Batalion__6_Infanterie_Regiment,,resupply_bonus,42,11,42,11,,,,,,,,,,,,,,,,,,,,,,bonus_phase LOW_FUEL | PE_SPENT: fuel=0 combat=1 total=1 | BONUS_ALLOCATION: 1 PE available | REMAINING_BUDGET: 1 PE,,,,,,,,,,,,,,,,,,,,,,,,
2025-09-15T23:51:49.834803,,,Niemcy,RESUPPLY_OPERATION,,resupply_summary,,,,,,,,,,,,,,,,,,,,,,,,,,RESUPPLY_SUMMARY LOW_FUEL | TOTAL_PE_SPENT: 1 | UNITS_RESUPPLIED: 0/9 | BUDGET_ALLOCATED: 29 | PE_REMAINING: 32,,,,,,,,,,,,,,,,,,,,,,,,
2025-09-15T23:51:49.837496,,,Niemcy,RESUPPLY_NEEDS,,resupply_analysis,,,,,,,,,,,,,,,,,,,,,,,,,,NEEDS_ANALYSIS LOW_FUEL | TOTAL_FUEL_NEEDED: 26 | TOTAL_COMBAT_NEEDED: 7 | TOTAL_PE_NEEDED: 33 | BUDGET_AVAILABLE: 28 | UNITS_REQUIRING_HELP: 9,,,,,,,,,,,,,,,,,,,,,,,,
2025-09-15T23:51:49.838662,,,Niemcy,P_Batalion__6_Infanterie_Regiment,,resupply_bonus,42,11,42,11,,,,,,,,,,,,,,,,,,,,,,bonus_phase LOW_FUEL | PE_SPENT: fuel=0 combat=1 total=1 | BONUS_ALLOCATION: 1 PE available | REMAINING_BUDGET: 0 PE,,,,,,,,,,,,,,,,,,,,,,,,
2025-09-15T23:51:49.839678,,,Niemcy,RESUPPLY_OPERATION,,resupply_summary,,,,,,,,,,,,,,,,,,,,,,,,,,RESUPPLY_SUMMARY LOW_FUEL | TOTAL_PE_SPENT: 1 | UNITS_RESUPPLIED: 0/9 | BUDGET_ALLOCATED: 28 | PE_REMAINING: 31,,,,,,,,,,,,,,,,,,,,,,,,
2025-09-15T23:51:49.841663,,,Niemcy,RESUPPLY_NEEDS,,resupply_analysis,,,,,,,,,,,,,,,,,,,,,,,,,,NEEDS_ANALYSIS LOW_FUEL | TOTAL_FUEL_NEEDED: 26 | TOTAL_COMBAT_NEEDED: 6 | TOTAL_PE_NEEDED: 32 | BUDGET_AVAILABLE: 27 | UNITS_REQUIRING_HELP: 9,,,,,,,,,,,,,,,,,,,,,,,,
2025-09-15T23:51:49.843992,,,Niemcy,RESUPPLY_OPERATION,,resupply_summary,,,,,,,,,,,,,,,,,,,,,,,,,,RESUPPLY_SUMMARY LOW_FUEL | TOTAL_PE_SPENT: 0 | UNITS_RESUPPLIED: 0/9 | BUDGET_ALLOCATED: 27 | PE_REMAINING: 31,,,,,,,,,,,,,,,,,,,,,,,,
2025-09-15T23:51:49.846955,,,Niemcy,TURN_END,,turn_summary,,,,,,,,,,,7,0,,,,,,,,,,,,advanced,opp=1;groups=5;adv=True,"Turn completed: 0/7 units moved, 5 groups (advanced)",,,,,,,,,,,,,,,,,,,,,,,,
2025-09-15T23:51:49.947818,,,Polska,TURN_START,,turn_begin,,,,,,,,,,,,,,,,,,,,,,,,,,AI Commander turn started for player 2,,,,,,,,,,,,,,,,,,,,,,,,
2025-09-15T23:51:49.951283,,,Polska,RESUPPLY_NEEDS,,resupply_analysis,,,,,,,,,,,,,,,,,,,,,,,,,,NEEDS_ANALYSIS PRE_RAID_OPTIMIZATION | TOTAL_FUEL_NEEDED: 11 | TOTAL_COMBAT_NEEDED: 0 | TOTAL_PE_NEEDED: 11 | BUDGET_AVAILABLE: 14 | UNITS_REQUIRING_HELP: 5,,,,,,,,,,,,,,,,,,,,,,,,
2025-09-15T23:51:49.952320,,,Polska,Z_Pluton__2_Batalion_Wsparcia,,resupply_detailed,32,5,32,5,,,,,,,,,,,,,,,,,,,,,,phase1 PRE_RAID_OPTIMIZATION | PE_SPENT: fuel=2 combat=0 total=2 | BEFORE: fuel=1 combat=4 | AFTER: fuel=3 combat=4,,,,,,,,,,,,,,,,,,,,,,,,
2025-09-15T23:51:49.953324,,,Polska,Z_Pluton__2_Oddzia_Rozpoznawczy,,resupply_detailed,28,3,28,3,,,,,,,,,,,,,,,,,,,,,,phase1 PRE_RAID_OPTIMIZATION | PE_SPENT: fuel=2 combat=0 total=2 | BEFORE: fuel=1 combat=4 | AFTER: fuel=3 combat=4,,,,,,,,,,,,,,,,,,,,,,,,
2025-09-15T23:51:49.953324,,,Polska,TL_Kompania__2_Batalion_Pancerny,,resupply_detailed,26,-9,26,-9,,,,,,,,,,,,,,,,,,,,,,phase1 PRE_RAID_OPTIMIZATION | PE_SPENT: fuel=1 combat=0 total=1 | BEFORE: fuel=1 combat=14 | AFTER: fuel=2 combat=14,,,,,,,,,,,,,,,,,,,,,,,,
2025-09-15T23:51:49.953324,,,Polska,P_Batalion__2_Batalion_Strzelc_w_20250913214005,,resupply_detailed,24,-7,24,-7,,,,,,,,,,,,,,,,,,,,,,phase1 PRE_RAID_OPTIMIZATION | PE_SPENT: fuel=1 combat=0 total=1 | BEFORE: fuel=1 combat=14 | AFTER: fuel=2 combat=14,,,,,,,,,,,,,,,,,,,,,,,,
2025-09-15T23:51:49.955313,,,Polska,Z_Batalion__2_Kompania_Zaopatrzeniowa,,resupply_detailed,23,-7,23,-7,,,,,,,,,,,,,,,,,,,,,,phase1 PRE_RAID_OPTIMIZATION | PE_SPENT: fuel=1 combat=0 total=1 | BEFORE: fuel=2 combat=7 | AFTER: fuel=3 combat=7,,,,,,,,,,,,,,,,,,,,,,,,
2025-09-15T23:51:49.955313,,,Polska,RESUPPLY_OPERATION,,resupply_summary,,,,,,,,,,,,,,,,,,,,,,,,,,RESUPPLY_SUMMARY PRE_RAID_OPTIMIZATION | TOTAL_PE_SPENT: 7 | UNITS_RESUPPLIED: 5/5 | BUDGET_ALLOCATED: 14 | PE_REMAINING: 11,,,,,,,,,,,,,,,,,,,,,,,,
2025-09-15T23:51:49.978455,,,Polska,Z_Pluton__2_Batalion_Wsparcia,,second_move,,,32,5,,,,,,,,,,,,,,,,,,,,,,second_chance after PRE_RAID_OPTIMIZATION,,,,,,,,,,,,,,,,,,,,,,,,
2025-09-15T23:51:50.020293,,target_selection,Polska,Z_Pluton__2_Oddzia_Rozpoznawczy,,target_analysis,,,,,27,4,,,,,,,,,,,,,,,,,,,,"Target analysis: 29 candidates, score 22.50",,29,22.5,1,,,,,,,,,False,,,,"(27, 4)",,,28,29,29,6,3
2025-09-15T23:51:50.023507,,,Polska,Z_Pluton__2_Oddzia_Rozpoznawczy,,second_move,,,27,4,,,,,,,,,,,,,,,,,,,,,,second_chance after PRE_RAID_OPTIMIZATION,,,,,,,,,,,,,,,,,,,,,,,,
2025-09-15T23:51:50.047970,,target_selection,Polska,TL_Kompania__2_Batalion_Pancerny,,target_analysis,,,,,28,-9,,,,,,,,,,,,,,,,,,,,"Target analysis: 29 candidates, score -1.00",,29,-1,999,,,,,,,,,False,,,,,,,29,29,29,4,2
2025-09-15T23:51:50.051886,,,Polska,TL_Kompania__2_Batalion_Pancerny,,second_move,,,28,-9,,,,,,,,,,,,,,,,,,,,,,second_chance after PRE_RAID_OPTIMIZATION,,,,,,,,,,,,,,,,,,,,,,,,
2025-09-15T23:51:50.064231,,target_selection,Polska,P_Batalion__2_Batalion_Strzelc_w_20250913214005,,target_analysis,,,,,26,-9,,,,,,,,,,,,,,,,,,,,"Target analysis: 29 candidates, score -1.00",,29,-1,999,,,,,,,,,False,,,,,,,29,29,29,7,2
2025-09-15T23:51:50.071999,,,Polska,P_Batalion__2_Batalion_Strzelc_w_20250913214005,,second_move,,,26,-9,,,,,,,,,,,,,,,,,,,,,,second_chance after PRE_RAID_OPTIMIZATION,,,,,,,,,,,,,,,,,,,,,,,,
2025-09-15T23:51:50.097808,,target_selection,Polska,Z_Batalion__2_Kompania_Zaopatrzeniowa,,target_analysis,,,,,24,-8,,,,,,,,,,,,,,,,,,,,"Target analysis: 29 candidates, score 30.00",,29,30.0,1,,,,,,,,,False,,,,"(24, -8)",,,27,29,29,6,3
2025-09-15T23:51:50.097808,,,Polska,Z_Batalion__2_Kompania_Zaopatrzeniowa,,second_move,,,24,-8,,,,,,,,,,,,,,,,,,,,,,second_chance after PRE_RAID_OPTIMIZATION,,,,,,,,,,,,,,,,,,,,,,,,
2025-09-15T23:51:50.468514,,,Polska,RESUPPLY_NEEDS,,resupply_analysis,,,,,,,,,,,,,,,,,,,,,,,,,,NEEDS_ANALYSIS PRE_RAID_OPTIMIZATION | TOTAL_FUEL_NEEDED: 9 | TOTAL_COMBAT_NEEDED: 0 | TOTAL_PE_NEEDED: 9 | BUDGET_AVAILABLE: 5 | UNITS_REQUIRING_HELP: 5,,,,,,,,,,,,,,,,,,,,,,,,
2025-09-15T23:51:50.473431,,,Polska,TL_Kompania__2_Batalion_Pancerny,,resupply_detailed,28,-9,28,-9,,,,,,,,,,,,,,,,,,,,,,phase1 PRE_RAID_OPTIMIZATION | PE_SPENT: fuel=1 combat=0 total=1 | BEFORE: fuel=1 combat=14 | AFTER: fuel=2 combat=14,,,,,,,,,,,,,,,,,,,,,,,,
2025-09-15T23:51:50.473431,,,Polska,P_Batalion__2_Batalion_Strzelc_w_20250913214005,,resupply_detailed,26,-9,26,-9,,,,,,,,,,,,,,,,,,,,,,phase1 PRE_RAID_OPTIMIZATION | PE_SPENT: fuel=1 combat=0 total=1 | BEFORE: fuel=1 combat=14 | AFTER: fuel=2 combat=14,,,,,,,,,,,,,,,,,,,,,,,,
2025-09-15T23:51:50.477023,,,Polska,Z_Pluton__2_Batalion_Wsparcia,,resupply_detailed,32,6,32,6,,,,,,,,,,,,,,,,,,,,,,phase1 PRE_RAID_OPTIMIZATION | PE_SPENT: fuel=1 combat=0 total=1 | BEFORE: fuel=2 combat=4 | AFTER: fuel=3 combat=4,,,,,,,,,,,,,,,,,,,,,,,,
2025-09-15T23:51:50.478026,,,Polska,Z_Pluton__2_Oddzia_Rozpoznawczy,,resupply_detailed,27,4,27,4,,,,,,,,,,,,,,,,,,,,,,phase1 PRE_RAID_OPTIMIZATION | PE_SPENT: fuel=1 combat=0 total=1 | BEFORE: fuel=2 combat=4 | AFTER: fuel=3 combat=4,,,,,,,,,,,,,,,,,,,,,,,,
2025-09-15T23:51:50.479022,,,Polska,Z_Batalion__2_Kompania_Zaopatrzeniowa,,resupply_detailed,24,-8,24,-8,,,,,,,,,,,,,,,,,,,,,,phase1 PRE_RAID_OPTIMIZATION | PE_SPENT: fuel=1 combat=0 total=1 | BEFORE: fuel=2 combat=7 | AFTER: fuel=3 combat=7,,,,,,,,,,,,,,,,,,,,,,,,
2025-09-15T23:51:50.481150,,,Polska,RESUPPLY_OPERATION,,resupply_summary,,,,,,,,,,,,,,,,,,,,,,,,,,RESUPPLY_SUMMARY PRE_RAID_OPTIMIZATION | TOTAL_PE_SPENT: 5 | UNITS_RESUPPLIED: 5/5 | BUDGET_ALLOCATED: 5 | PE_REMAINING: 6,,,,,,,,,,,,,,,,,,,,,,,,
2025-09-15T23:51:50.537171,,target_selection,Polska,TL_Kompania__2_Batalion_Pancerny,,target_analysis,,,,,28,-11,,,,,,,,,,,,,,,,,,,,"Target analysis: 29 candidates, score -1.00",,29,-1,999,,,,,,,,,False,,,,,,,29,29,29,3,2
2025-09-15T23:51:50.538394,,,Polska,TL_Kompania__2_Batalion_Pancerny,,second_move,,,28,-11,,,,,,,,,,,,,,,,,,,,,,second_chance after PRE_RAID_OPTIMIZATION,,,,,,,,,,,,,,,,,,,,,,,,
2025-09-15T23:51:50.559716,,target_selection,Polska,P_Batalion__2_Batalion_Strzelc_w_20250913214005,,target_analysis,,,,,24,-7,,,,,,,,,,,,,,,,,,,,"Target analysis: 29 candidates, score 15.00",,29,15.0,2,,,,,,,,,False,,,,"(24, -7)",,,28,29,29,6,2
2025-09-15T23:51:50.566199,,,Polska,P_Batalion__2_Batalion_Strzelc_w_20250913214005,,second_move,,,24,-7,,,,,,,,,,,,,,,,,,,,,,second_chance after PRE_RAID_OPTIMIZATION,,,,,,,,,,,,,,,,,,,,,,,,
2025-09-15T23:51:50.598449,,,Polska,Z_Pluton__2_Batalion_Wsparcia,,second_move,,,32,6,,,,,,,,,,,,,,,,,,,,,,second_chance after PRE_RAID_OPTIMIZATION,,,,,,,,,,,,,,,,,,,,,,,,
2025-09-15T23:51:50.631542,,target_selection,Polska,Z_Pluton__2_Oddzia_Rozpoznawczy,,target_analysis,,,,,28,3,,,,,,,,,,,,,,,,,,,,"Target analysis: 29 candidates, score 22.50",,29,22.5,1,,,,,,,,,False,,,,"(28, 3)",,,28,29,29,5,3
2025-09-15T23:51:50.635188,,,Polska,Z_Pluton__2_Oddzia_Rozpoznawczy,,second_move,,,28,3,,,,,,,,,,,,,,,,,,,,,,second_chance after PRE_RAID_OPTIMIZATION,,,,,,,,,,,,,,,,,,,,,,,,
2025-09-15T23:51:50.665629,,target_selection,Polska,Z_Batalion__2_Kompania_Zaopatrzeniowa,,target_analysis,,,,,23,-7,,,,,,,,,,,,,,,,,,,,"Target analysis: 29 candidates, score 15.00",,29,15.0,1,,,,,,,,,False,,,,"(23, -7)",,,28,29,29,5,3
2025-09-15T23:51:50.670289,,,Polska,Z_Batalion__2_Kompania_Zaopatrzeniowa,,second_move,,,23,-7,,,,,,,,,,,,,,,,,,,,,,second_chance after PRE_RAID_OPTIMIZATION,,,,,,,,,,,,,,,,,,,,,,,,
2025-09-15T23:51:50.830372,,grouping,Polska,GROUP_2,,group_formation,23,-6,23,-7,23,-7,,,,,,,,,,,,,,,,,,,,"Group 2: 1 units, score 0.00",,,,,2,1,"23,-6",0.0,,,,False,,,,advanced,,,,,,,,
2025-09-15T23:51:50.831382,,grouping,Polska,GROUP_5,,group_formation,15,-7,15,-6,15,-6,,,,,,,,,,,,,,,,,,,,"Group 5: 1 units, score 0.00",,,,,5,1,"15,-7",0.0,,,,False,,,,advanced,,,,,,,,
2025-09-15T23:51:50.866190,,strategy,Polska,STRATEGY,,strategic_decision,,,,,,,,,,,,,,,,,,,,,,,,,,"Strategy: REASSIGNMENT, aggression 0.50, 5 groups, 0 reassignments",,,,,,,,,REASSIGNMENT,0.5,,,,,,adaptive,,0,dynamic_reassignment,,,,,
2025-09-15T23:51:50.902175,,strategy,Polska,STRATEGY,,strategic_decision,,,,,,,,,,,,,,,,,,,,,,,,,,"Strategy: REASSIGNMENT, aggression 0.50, 5 groups, 0 reassignments",,,,,,,,,REASSIGNMENT,0.5,,,,,,adaptive,,0,dynamic_reassignment,,,,,
2025-09-15T23:51:50.910709,,strategy,Polska,STRATEGY,,strategic_decision,,,,,,,,,,,,,,,,,,,,,,,,,,"Strategy: REASSIGNMENT, aggression 0.50, 1 groups, 0 reassignments",,,,,,,,,REASSIGNMENT,0.5,,,,,,adaptive,,0,dynamic_reassignment,,,,,
2025-09-15T23:51:50.929461,,target_selection,Polska,TL_Kompania__2_Batalion_Pancerny,,target_analysis,,,,,27,-9,,,,,,,,,,,,,,,,,,,,"Target analysis: 29 candidates, score -1.00",,29,-1,999,,,,,,,,,False,,,,,,,29,29,29,4,1
2025-09-15T23:51:50.943402,,strategy,Polska,STRATEGY,,strategic_decision,,,,,,,,,,,,,,,,,,,,,,,,,,"Strategy: REASSIGNMENT, aggression 0.50, 1 groups, 0 reassignments",,,,,,,,,REASSIGNMENT,0.5,,,,,,adaptive,,0,dynamic_reassignment,,,,,
2025-09-15T23:51:50.964899,,target_selection,Polska,P_Pluton__2_Kompania_Grenadier_w,,target_analysis,,,,,31,7,,,,,,,,,,,,,,,,,,,,"Target analysis: 29 candidates, score -1.00",,29,-1,999,,,,,,,,,False,,,,,,,29,29,29,2,2
2025-09-15T23:51:50.982278,,strategy,Polska,STRATEGY,,strategic_decision,,,,,,,,,,,,,,,,,,,,,,,,,,"Strategy: REASSIGNMENT, aggression 0.50, 1 groups, 0 reassignments",,,,,,,,,REASSIGNMENT,0.5,,,,,,adaptive,,0,dynamic_reassignment,,,,,
2025-09-15T23:51:51.001249,,target_selection,Polska,P_Kompania__2_Pu_k_Piechoty,,target_analysis,,,,,24,5,,,,,,,,,,,,,,,,,,,,"Target analysis: 29 candidates, score -1.00",,29,-1,999,,,,,,,,,False,,,,,,,29,29,29,2,2
2025-09-15T23:51:51.008245,,,Polska,TURN_END,,turn_summary,,,,,,,,,,,8,0,,,,,,,,,,,,advanced,opp=2;groups=5;adv=True,"Turn completed: 0/8 units moved, 5 groups (advanced)",,,,,,,,,,,,,,,,,,,,,,,,
2025-09-15T23:51:51.065286,,,Polska,TURN_START,,turn_begin,,,,,,,,,,,,,,,,,,,,,,,,,,AI Commander turn started for player 3,,,,,,,,,,,,,,,,,,,,,,,,
2025-09-15T23:51:51.068533,,,Polska,RESUPPLY_NEEDS,,resupply_analysis,,,,,,,,,,,,,,,,,,,,,,,,,,NEEDS_ANALYSIS PRE_RAID_OPTIMIZATION | TOTAL_FUEL_NEEDED: 20 | TOTAL_COMBAT_NEEDED: 7 | TOTAL_PE_NEEDED: 27 | BUDGET_AVAILABLE: 81 | UNITS_REQUIRING_HELP: 8,,,,,,,,,,,,,,,,,,,,,,,,
2025-09-15T23:51:51.069584,,,Polska,Z_Pluton__3_Batalion_Wsparcia,,resupply_detailed,13,26,13,26,,,,,,,,,,,,,,,,,,,,,,phase1 PRE_RAID_OPTIMIZATION | PE_SPENT: fuel=3 combat=0 total=3 | BEFORE: fuel=0 combat=4 | AFTER: fuel=3 combat=4,,,,,,,,,,,,,,,,,,,,,,,,
2025-09-15T23:51:51.069584,,,Polska,P_Kompania__3_Batalion_Strzelc_w,,resupply_detailed,39,12,39,12,,,,,,,,,,,,,,,,,,,,,,phase1 PRE_RAID_OPTIMIZATION | PE_SPENT: fuel=2 combat=0 total=2 | BEFORE: fuel=0 combat=11 | AFTER: fuel=2 combat=11,,,,,,,,,,,,,,,,,,,,,,,,
2025-09-15T23:51:51.069584,,,Polska,P_Pluton__3_Pu_k_Piechoty,,resupply_detailed,33,13,33,13,,,,,,,,,,,,,,,,,,,,,,phase1 PRE_RAID_OPTIMIZATION | PE_SPENT: fuel=2 combat=0 total=2 | BEFORE: fuel=0 combat=8 | AFTER: fuel=2 combat=8,,,,,,,,,,,,,,,,,,,,,,,,
2025-09-15T23:51:51.069584,,,Polska,P_Batalion__3_Pu_k_Piechoty,,resupply_detailed,35,15,35,15,,,,,,,,,,,,,,,,,,,,,,phase1 PRE_RAID_OPTIMIZATION | PE_SPENT: fuel=2 combat=0 total=2 | BEFORE: fuel=0 combat=14 | AFTER: fuel=2 combat=14,,,,,,,,,,,,,,,,,,,,,,,,
2025-09-15T23:51:51.069584,,,Polska,P_Pluton__3_Pu_k_Piechoty_20250913214024,,resupply_detailed,40,11,40,11,,,,,,,,,,,,,,,,,,,,,,phase1 PRE_RAID_OPTIMIZATION | PE_SPENT: fuel=2 combat=6 total=8 | BEFORE: fuel=0 combat=1 | AFTER: fuel=2 combat=7,,,,,,,,,,,,,,,,,,,,,,,,
2025-09-15T23:51:51.069584,,,Polska,Z_Kompania__3_Kompania_Zaopatrzeniowa,,resupply_detailed,37,14,37,14,,,,,,,,,,,,,,,,,,,,,,phase1 PRE_RAID_OPTIMIZATION | PE_SPENT: fuel=3 combat=0 total=3 | BEFORE: fuel=0 combat=6 | AFTER: fuel=3 combat=6,,,,,,,,,,,,,,,,,,,,,,,,
2025-09-15T23:51:51.069584,,,Polska,P_Pluton__3_Kompania_Grenadier_w,,resupply_detailed,36,13,36,13,,,,,,,,,,,,,,,,,,,,,,phase1 PRE_RAID_OPTIMIZATION | PE_SPENT: fuel=2 combat=0 total=2 | BEFORE: fuel=0 combat=8 | AFTER: fuel=2 combat=8,,,,,,,,,,,,,,,,,,,,,,,,
2025-09-15T23:51:51.069584,,,Polska,Z_Pluton__3_Kompania_Zaopatrzeniowa,,resupply_detailed,27,19,27,19,,,,,,,,,,,,,,,,,,,,,,phase1 PRE_RAID_OPTIMIZATION | PE_SPENT: fuel=1 combat=0 total=1 | BEFORE: fuel=2 combat=4 | AFTER: fuel=3 combat=4,,,,,,,,,,,,,,,,,,,,,,,,
2025-09-15T23:51:51.069584,,,Polska,P_Pluton__3_Pu_k_Piechoty_20250913214024,,resupply_bonus,40,11,40,11,,,,,,,,,,,,,,,,,,,,,,bonus_phase PRE_RAID_OPTIMIZATION | PE_SPENT: fuel=0 combat=1 total=1 | BONUS_ALLOCATION: 2 PE available | REMAINING_BUDGET: 16 PE,,,,,,,,,,,,,,,,,,,,,,,,
2025-09-15T23:51:51.069584,,,Polska,RESUPPLY_OPERATION,,resupply_summary,,,,,,,,,,,,,,,,,,,,,,,,,,RESUPPLY_SUMMARY PRE_RAID_OPTIMIZATION | TOTAL_PE_SPENT: 24 | UNITS_RESUPPLIED: 8/8 | BUDGET_ALLOCATED: 81 | PE_REMAINING: 67,,,,,,,,,,,,,,,,,,,,,,,,
2025-09-15T23:51:51.109090,,target_selection,Polska,Z_Pluton__3_Batalion_Wsparcia,,target_analysis,,,,,10,26,,,,,,,,,,,,,,,,,,,,"Target analysis: 29 candidates, score -1.00",,29,-1,999,,,,,,,,,False,,,,,,,29,29,29,7,3
2025-09-15T23:51:51.114824,,,Polska,Z_Pluton__3_Batalion_Wsparcia,,second_move,,,10,26,,,,,,,,,,,,,,,,,,,,,,second_chance after PRE_RAID_OPTIMIZATION,,,,,,,,,,,,,,,,,,,,,,,,
2025-09-15T23:51:51.136878,,target_selection,Polska,P_Kompania__3_Batalion_Strzelc_w,,target_analysis,,,,,41,12,,,,,,,,,,,,,,,,,,,,"Target analysis: 29 candidates, score -1.00",,29,-1,999,,,,,,,,,False,,,,,,,29,29,29,7,2
2025-09-15T23:51:51.143651,,,Polska,P_Kompania__3_Batalion_Strzelc_w,,second_move,,,41,12,,,,,,,,,,,,,,,,,,,,,,second_chance after PRE_RAID_OPTIMIZATION,,,,,,,,,,,,,,,,,,,,,,,,
2025-09-15T23:51:51.180075,,target_selection,Polska,P_Pluton__3_Pu_k_Piechoty,,target_analysis,,,,,35,13,,,,,,,,,,,,,,,,,,,,"Target analysis: 29 candidates, score -1.00",,29,-1,999,,,,,,,,,False,,,,,,,29,29,29,4,2
2025-09-15T23:51:51.183225,,,Polska,P_Pluton__3_Pu_k_Piechoty,,second_move,,,35,13,,,,,,,,,,,,,,,,,,,,,,second_chance after PRE_RAID_OPTIMIZATION,,,,,,,,,,,,,,,,,,,,,,,,
2025-09-15T23:51:51.200236,,target_selection,Polska,P_Batalion__3_Pu_k_Piechoty,,target_analysis,,,,,33,15,,,,,,,,,,,,,,,,,,,,"Target analysis: 29 candidates, score -1.00",,29,-1,999,,,,,,,,,False,,,,,,,29,29,29,4,2
2025-09-15T23:51:51.205390,,,Polska,P_Batalion__3_Pu_k_Piechoty,,second_move,,,33,15,,,,,,,,,,,,,,,,,,,,,,second_chance after PRE_RAID_OPTIMIZATION,,,,,,,,,,,,,,,,,,,,,,,,
2025-09-15T23:51:51.232416,,target_selection,Polska,P_Pluton__3_Pu_k_Piechoty_20250913214024,,target_analysis,,,,,38,13,,,,,,,,,,,,,,,,,,,,"Target analysis: 29 candidates, score -1.00",,29,-1,999,,,,,,,,,False,,,,,,,29,29,29,4,2
2025-09-15T23:51:51.235258,,,Polska,P_Pluton__3_Pu_k_Piechoty_20250913214024,,second_move,,,38,13,,,,,,,,,,,,,,,,,,,,,,second_chance after PRE_RAID_OPTIMIZATION,,,,,,,,,,,,,,,,,,,,,,,,
2025-09-15T23:51:51.264817,,target_selection,Polska,Z_Kompania__3_Kompania_Zaopatrzeniowa,,target_analysis,,,,,34,14,,,,,,,,,,,,,,,,,,,,"Target analysis: 29 candidates, score -1.00",,29,-1,999,,,,,,,,,False,,,,,,,29,29,29,5,3
2025-09-15T23:51:51.268184,,,Polska,Z_Kompania__3_Kompania_Zaopatrzeniowa,,second_move,,,34,14,,,,,,,,,,,,,,,,,,,,,,second_chance after PRE_RAID_OPTIMIZATION,,,,,,,,,,,,,,,,,,,,,,,,
2025-09-15T23:51:51.292455,,target_selection,Polska,P_Pluton__3_Kompania_Grenadier_w,,target_analysis,,,,,36,15,,,,,,,,,,,,,,,,,,,,"Target analysis: 29 candidates, score -1.00",,29,-1,999,,,,,,,,,False,,,,,,,29,29,29,4,2
2025-09-15T23:51:51.298084,,,Polska,P_Pluton__3_Kompania_Grenadier_w,,second_move,,,36,15,,,,,,,,,,,,,,,,,,,,,,second_chance after PRE_RAID_OPTIMIZATION,,,,,,,,,,,,,,,,,,,,,,,,
2025-09-15T23:51:51.327792,,target_selection,Polska,Z_Pluton__3_Kompania_Zaopatrzeniowa,,target_analysis,,,,,24,19,,,,,,,,,,,,,,,,,,,,"Target analysis: 29 candidates, score -1.00",,29,-1,999,,,,,,,,,False,,,,,,,29,29,29,5,3
2025-09-15T23:51:51.333748,,,Polska,Z_Pluton__3_Kompania_Zaopatrzeniowa,,second_move,,,24,19,,,,,,,,,,,,,,,,,,,,,,second_chance after PRE_RAID_OPTIMIZATION,,,,,,,,,,,,,,,,,,,,,,,,
2025-09-15T23:51:51.442511,,,Polska,RESUPPLY_NEEDS,,resupply_analysis,,,,,,,,,,,,,,,,,,,,,,,,,,NEEDS_ANALYSIS MULTI_TURN_START | TOTAL_FUEL_NEEDED: 11 | TOTAL_COMBAT_NEEDED: 0 | TOTAL_PE_NEEDED: 11 | BUDGET_AVAILABLE: 53 | UNITS_REQUIRING_HELP: 8,,,,,,,,,,,,,,,,,,,,,,,,
2025-09-15T23:51:51.443688,,,Polska,Z_Pluton__3_Batalion_Wsparcia,,resupply_detailed,10,26,10,26,,,,,,,,,,,,,,,,,,,,,,phase1 MULTI_TURN_START | PE_SPENT: fuel=1 combat=0 total=1 | BEFORE: fuel=2 combat=4 | AFTER: fuel=3 combat=4,,,,,,,,,,,,,,,,,,,,,,,,
2025-09-15T23:51:51.443688,,,Polska,Z_Pluton__3_Kompania_Zaopatrzeniowa,,resupply_detailed,24,19,24,19,,,,,,,,,,,,,,,,,,,,,,phase1 MULTI_TURN_START | PE_SPENT: fuel=1 combat=0 total=1 | BEFORE: fuel=2 combat=4 | AFTER: fuel=3 combat=4,,,,,,,,,,,,,,,,,,,,,,,,
2025-09-15T23:51:51.446467,,,Polska,P_Kompania__3_Batalion_Strzelc_w,,resupply_detailed,41,12,41,12,,,,,,,,,,,,,,,,,,,,,,phase1 MULTI_TURN_START | PE_SPENT: fuel=1 combat=0 total=1 | BEFORE: fuel=1 combat=11 | AFTER: fuel=2 combat=11,,,,,,,,,,,,,,,,,,,,,,,,
2025-09-15T23:51:51.447885,,,Polska,P_Pluton__3_Pu_k_Piechoty,,resupply_detailed,35,13,35,13,,,,,,,,,,,,,,,,,,,,,,phase1 MULTI_TURN_START | PE_SPENT: fuel=1 combat=0 total=1 | BEFORE: fuel=1 combat=8 | AFTER: fuel=2 combat=8,,,,,,,,,,,,,,,,,,,,,,,,
2025-09-15T23:51:51.447885,,,Polska,P_Batalion__3_Pu_k_Piechoty,,resupply_detailed,33,15,33,15,,,,,,,,,,,,,,,,,,,,,,phase1 MULTI_TURN_START | PE_SPENT: fuel=1 combat=0 total=1 | BEFORE: fuel=1 combat=14 | AFTER: fuel=2 combat=14,,,,,,,,,,,,,,,,,,,,,,,,
2025-09-15T23:51:51.447885,,,Polska,P_Pluton__3_Pu_k_Piechoty_20250913214024,,resupply_detailed,38,13,38,13,,,,,,,,,,,,,,,,,,,,,,phase1 MULTI_TURN_START | PE_SPENT: fuel=1 combat=0 total=1 | BEFORE: fuel=1 combat=8 | AFTER: fuel=2 combat=8,,,,,,,,,,,,,,,,,,,,,,,,
2025-09-15T23:51:51.450187,,,Polska,Z_Kompania__3_Kompania_Zaopatrzeniowa,,resupply_detailed,34,14,34,14,,,,,,,,,,,,,,,,,,,,,,phase1 MULTI_TURN_START | PE_SPENT: fuel=1 combat=0 total=1 | BEFORE: fuel=2 combat=6 | AFTER: fuel=3 combat=6,,,,,,,,,,,,,,,,,,,,,,,,
2025-09-15T23:51:51.450187,,,Polska,P_Pluton__3_Kompania_Grenadier_w,,resupply_detailed,36,15,36,15,,,,,,,,,,,,,,,,,,,,,,phase1 MULTI_TURN_START | PE_SPENT: fuel=1 combat=0 total=1 | BEFORE: fuel=1 combat=8 | AFTER: fuel=2 combat=8,,,,,,,,,,,,,,,,,,,,,,,,
2025-09-15T23:51:51.450187,,,Polska,RESUPPLY_OPERATION,,resupply_summary,,,,,,,,,,,,,,,,,,,,,,,,,,RESUPPLY_SUMMARY MULTI_TURN_START | TOTAL_PE_SPENT: 8 | UNITS_RESUPPLIED: 8/8 | BUDGET_ALLOCATED: 53 | PE_REMAINING: 59,,,,,,,,,,,,,,,,,,,,,,,,
2025-09-15T23:51:51.500145,,target_selection,Polska,Z_Pluton__3_Batalion_Wsparcia,,target_analysis,,,,,13,26,,,,,,,,,,,,,,,,,,,,"Target analysis: 29 candidates, score -1.00",,29,-1,999,,,,,,,,,False,,,,,,,29,29,29,6,3
2025-09-15T23:51:51.503718,,,Polska,Z_Pluton__3_Batalion_Wsparcia,,second_move,,,13,26,,,,,,,,,,,,,,,,,,,,,,second_chance after MULTI_TURN_START,,,,,,,,,,,,,,,,,,,,,,,,
2025-09-15T23:51:51.538574,,target_selection,Polska,Z_Pluton__3_Kompania_Zaopatrzeniowa,,target_analysis,,,,,27,19,,,,,,,,,,,,,,,,,,,,"Target analysis: 29 candidates, score -1.00",,29,-1,999,,,,,,,,,False,,,,,,,29,29,29,4,3
2025-09-15T23:51:51.541722,,,Polska,Z_Pluton__3_Kompania_Zaopatrzeniowa,,second_move,,,27,19,,,,,,,,,,,,,,,,,,,,,,second_chance after MULTI_TURN_START,,,,,,,,,,,,,,,,,,,,,,,,
2025-09-15T23:51:51.560073,,target_selection,Polska,P_Kompania__3_Batalion_Strzelc_w,,target_analysis,,,,,39,12,,,,,,,,,,,,,,,,,,,,"Target analysis: 29 candidates, score -1.00",,29,-1,999,,,,,,,,,False,,,,,,,29,29,29,6,2
2025-09-15T23:51:51.564887,,,Polska,P_Kompania__3_Batalion_Strzelc_w,,second_move,,,39,12,,,,,,,,,,,,,,,,,,,,,,second_chance after MULTI_TURN_START,,,,,,,,,,,,,,,,,,,,,,,,
2025-09-15T23:51:51.588892,,target_selection,Polska,P_Pluton__3_Pu_k_Piechoty,,target_analysis,,,,,37,13,,,,,,,,,,,,,,,,,,,,"Target analysis: 29 candidates, score -1.00",,29,-1,999,,,,,,,,,False,,,,,,,29,29,29,3,2
2025-09-15T23:51:51.593059,,,Polska,P_Pluton__3_Pu_k_Piechoty,,second_move,,,37,13,,,,,,,,,,,,,,,,,,,,,,second_chance after MULTI_TURN_START,,,,,,,,,,,,,,,,,,,,,,,,
2025-09-15T23:51:51.617036,,target_selection,Polska,P_Batalion__3_Pu_k_Piechoty,,target_analysis,,,,,35,15,,,,,,,,,,,,,,,,,,,,"Target analysis: 29 candidates, score -1.00",,29,-1,999,,,,,,,,,False,,,,,,,29,29,29,3,2
2025-09-15T23:51:51.620329,,,Polska,P_Batalion__3_Pu_k_Piechoty,,second_move,,,35,15,,,,,,,,,,,,,,,,,,,,,,second_chance after MULTI_TURN_START,,,,,,,,,,,,,,,,,,,,,,,,
2025-09-15T23:51:51.637369,,target_selection,Polska,P_Pluton__3_Pu_k_Piechoty_20250913214024,,target_analysis,,,,,38,11,,,,,,,,,,,,,,,,,,,,"Target analysis: 29 candidates, score -1.00",,29,-1,999,,,,,,,,,False,,,,,,,29,29,29,3,2
2025-09-15T23:51:51.637369,,,Polska,P_Pluton__3_Pu_k_Piechoty_20250913214024,,second_move,,,38,11,,,,,,,,,,,,,,,,,,,,,,second_chance after MULTI_TURN_START,,,,,,,,,,,,,,,,,,,,,,,,
2025-09-15T23:51:51.680573,,target_selection,Polska,Z_Kompania__3_Kompania_Zaopatrzeniowa,,target_analysis,,,,,37,14,,,,,,,,,,,,,,,,,,,,"Target analysis: 29 candidates, score -1.00",,29,-1,999,,,,,,,,,False,,,,,,,29,29,29,4,3
2025-09-15T23:51:51.693841,,,Polska,Z_Kompania__3_Kompania_Zaopatrzeniowa,,second_move,,,37,14,,,,,,,,,,,,,,,,,,,,,,second_chance after MULTI_TURN_START,,,,,,,,,,,,,,,,,,,,,,,,
2025-09-15T23:51:51.702339,,target_selection,Polska,P_Pluton__3_Kompania_Grenadier_w,,target_analysis,,,,,36,13,,,,,,,,,,,,,,,,,,,,"Target analysis: 29 candidates, score -1.00",,29,-1,999,,,,,,,,,False,,,,,,,29,29,29,3,2
2025-09-15T23:51:51.707828,,,Polska,P_Pluton__3_Kompania_Grenadier_w,,second_move,,,36,13,,,,,,,,,,,,,,,,,,,,,,second_chance after MULTI_TURN_START,,,,,,,,,,,,,,,,,,,,,,,,
2025-09-15T23:51:51.715108,,,Polska,RESUPPLY_NEEDS,,resupply_analysis,,,,,,,,,,,,,,,,,,,,,,,,,,NEEDS_ANALYSIS PRE_RAID_OPTIMIZATION | TOTAL_FUEL_NEEDED: 12 | TOTAL_COMBAT_NEEDED: 0 | TOTAL_PE_NEEDED: 12 | BUDGET_AVAILABLE: 47 | UNITS_REQUIRING_HELP: 8,,,,,,,,,,,,,,,,,,,,,,,,
2025-09-15T23:51:51.716448,,,Polska,Z_Pluton__3_Batalion_Wsparcia,,resupply_detailed,15,24,15,24,,,,,,,,,,,,,,,,,,,,,,phase1 PRE_RAID_OPTIMIZATION | PE_SPENT: fuel=2 combat=0 total=2 | BEFORE: fuel=1 combat=4 | AFTER: fuel=3 combat=4,,,,,,,,,,,,,,,,,,,,,,,,
2025-09-15T23:51:51.717455,,,Polska,Z_Pluton__3_Kompania_Zaopatrzeniowa,,resupply_detailed,27,19,27,19,,,,,,,,,,,,,,,,,,,,,,phase1 PRE_RAID_OPTIMIZATION | PE_SPENT: fuel=1 combat=0 total=1 | BEFORE: fuel=2 combat=4 | AFTER: fuel=3 combat=4,,,,,,,,,,,,,,,,,,,,,,,,
2025-09-15T23:51:51.718639,,,Polska,P_Kompania__3_Batalion_Strzelc_w,,resupply_detailed,39,12,39,12,,,,,,,,,,,,,,,,,,,,,,phase1 PRE_RAID_OPTIMIZATION | PE_SPENT: fuel=1 combat=0 total=1 | BEFORE: fuel=1 combat=11 | AFTER: fuel=2 combat=11,,,,,,,,,,,,,,,,,,,,,,,,
2025-09-15T23:51:51.718639,,,Polska,P_Pluton__3_Pu_k_Piechoty,,resupply_detailed,37,13,37,13,,,,,,,,,,,,,,,,,,,,,,phase1 PRE_RAID_OPTIMIZATION | PE_SPENT: fuel=1 combat=0 total=1 | BEFORE: fuel=1 combat=8 | AFTER: fuel=2 combat=8,,,,,,,,,,,,,,,,,,,,,,,,
2025-09-15T23:51:51.719900,,,Polska,P_Batalion__3_Pu_k_Piechoty,,resupply_detailed,35,15,35,15,,,,,,,,,,,,,,,,,,,,,,phase1 PRE_RAID_OPTIMIZATION | PE_SPENT: fuel=1 combat=0 total=1 | BEFORE: fuel=1 combat=14 | AFTER: fuel=2 combat=14,,,,,,,,,,,,,,,,,,,,,,,,
2025-09-15T23:51:51.720899,,,Polska,P_Pluton__3_Pu_k_Piechoty_20250913214024,,resupply_detailed,38,11,38,11,,,,,,,,,,,,,,,,,,,,,,phase1 PRE_RAID_OPTIMIZATION | PE_SPENT: fuel=1 combat=0 total=1 | BEFORE: fuel=1 combat=8 | AFTER: fuel=2 combat=8,,,,,,,,,,,,,,,,,,,,,,,,
2025-09-15T23:51:51.721894,,,Polska,Z_Kompania__3_Kompania_Zaopatrzeniowa,,resupply_detailed,37,14,37,14,,,,,,,,,,,,,,,,,,,,,,phase1 PRE_RAID_OPTIMIZATION | PE_SPENT: fuel=1 combat=0 total=1 | BEFORE: fuel=2 combat=6 | AFTER: fuel=3 combat=6,,,,,,,,,,,,,,,,,,,,,,,,
2025-09-15T23:51:51.722891,,,Polska,P_Pluton__3_Kompania_Grenadier_w,,resupply_detailed,36,13,36,13,,,,,,,,,,,,,,,,,,,,,,phase1 PRE_RAID_OPTIMIZATION | PE_SPENT: fuel=1 combat=0 total=1 | BEFORE: fuel=1 combat=8 | AFTER: fuel=2 combat=8,,,,,,,,,,,,,,,,,,,,,,,,
2025-09-15T23:51:51.723888,,,Polska,RESUPPLY_OPERATION,,resupply_summary,,,,,,,,,,,,,,,,,,,,,,,,,,RESUPPLY_SUMMARY PRE_RAID_OPTIMIZATION | TOTAL_PE_SPENT: 9 | UNITS_RESUPPLIED: 8/8 | BUDGET_ALLOCATED: 47 | PE_REMAINING: 50,,,,,,,,,,,,,,,,,,,,,,,,
2025-09-15T23:51:51.754652,,target_selection,Polska,Z_Pluton__3_Batalion_Wsparcia,,target_analysis,,,,,12,27,,,,,,,,,,,,,,,,,,,,"Target analysis: 29 candidates, score -1.00",,29,-1,999,,,,,,,,,False,,,,,,,29,29,29,7,3
2025-09-15T23:51:51.760538,,,Polska,Z_Pluton__3_Batalion_Wsparcia,,second_move,,,12,27,,,,,,,,,,,,,,,,,,,,,,second_chance after PRE_RAID_OPTIMIZATION,,,,,,,,,,,,,,,,,,,,,,,,
2025-09-15T23:51:51.785920,,target_selection,Polska,Z_Pluton__3_Kompania_Zaopatrzeniowa,,target_analysis,,,,,24,19,,,,,,,,,,,,,,,,,,,,"Target analysis: 29 candidates, score -1.00",,29,-1,999,,,,,,,,,False,,,,,,,29,29,29,3,3
2025-09-15T23:51:51.790238,,,Polska,Z_Pluton__3_Kompania_Zaopatrzeniowa,,second_move,,,24,19,,,,,,,,,,,,,,,,,,,,,,second_chance after PRE_RAID_OPTIMIZATION,,,,,,,,,,,,,,,,,,,,,,,,
2025-09-15T23:51:51.814669,,target_selection,Polska,P_Kompania__3_Batalion_Strzelc_w,,target_analysis,,,,,41,12,,,,,,,,,,,,,,,,,,,,"Target analysis: 29 candidates, score -1.00",,29,-1,999,,,,,,,,,False,,,,,,,29,29,29,5,2
2025-09-15T23:51:51.820313,,,Polska,P_Kompania__3_Batalion_Strzelc_w,,second_move,,,41,12,,,,,,,,,,,,,,,,,,,,,,second_chance after PRE_RAID_OPTIMIZATION,,,,,,,,,,,,,,,,,,,,,,,,
2025-09-15T23:51:51.836053,,target_selection,Polska,P_Pluton__3_Pu_k_Piechoty,,target_analysis,,,,,39,13,,,,,,,,,,,,,,,,,,,,"Target analysis: 29 candidates, score -1.00",,29,-1,999,,,,,,,,,False,,,,,,,29,29,29,2,2
2025-09-15T23:51:51.841008,,,Polska,P_Pluton__3_Pu_k_Piechoty,,second_move,,,39,13,,,,,,,,,,,,,,,,,,,,,,second_chance after PRE_RAID_OPTIMIZATION,,,,,,,,,,,,,,,,,,,,,,,,
2025-09-15T23:51:51.858218,,target_selection,Polska,P_Batalion__3_Pu_k_Piechoty,,target_analysis,,,,,33,15,,,,,,,,,,,,,,,,,,,,"Target analysis: 29 candidates, score -1.00",,29,-1,999,,,,,,,,,False,,,,,,,29,29,29,2,2
2025-09-15T23:51:51.863511,,,Polska,P_Batalion__3_Pu_k_Piechoty,,second_move,,,33,15,,,,,,,,,,,,,,,,,,,,,,second_chance after PRE_RAID_OPTIMIZATION,,,,,,,,,,,,,,,,,,,,,,,,
2025-09-15T23:51:51.884738,,target_selection,Polska,P_Pluton__3_Pu_k_Piechoty_20250913214024,,target_analysis,,,,,40,11,,,,,,,,,,,,,,,,,,,,"Target analysis: 29 candidates, score -1.00",,29,-1,999,,,,,,,,,False,,,,,,,29,29,29,2,2
2025-09-15T23:51:51.889009,,,Polska,P_Pluton__3_Pu_k_Piechoty_20250913214024,,second_move,,,40,11,,,,,,,,,,,,,,,,,,,,,,second_chance after PRE_RAID_OPTIMIZATION,,,,,,,,,,,,,,,,,,,,,,,,
2025-09-15T23:51:51.914753,,target_selection,Polska,Z_Kompania__3_Kompania_Zaopatrzeniowa,,target_analysis,,,,,34,14,,,,,,,,,,,,,,,,,,,,"Target analysis: 29 candidates, score -1.00",,29,-1,999,,,,,,,,,False,,,,,,,29,29,29,3,3
2025-09-15T23:51:51.918490,,,Polska,Z_Kompania__3_Kompania_Zaopatrzeniowa,,second_move,,,34,14,,,,,,,,,,,,,,,,,,,,,,second_chance after PRE_RAID_OPTIMIZATION,,,,,,,,,,,,,,,,,,,,,,,,
2025-09-15T23:51:51.939435,,target_selection,Polska,P_Pluton__3_Kompania_Grenadier_w,,target_analysis,,,,,38,13,,,,,,,,,,,,,,,,,,,,"Target analysis: 29 candidates, score -1.00",,29,-1,999,,,,,,,,,False,,,,,,,29,29,29,2,2
2025-09-15T23:51:51.942745,,,Polska,P_Pluton__3_Kompania_Grenadier_w,,second_move,,,38,13,,,,,,,,,,,,,,,,,,,,,,second_chance after PRE_RAID_OPTIMIZATION,,,,,,,,,,,,,,,,,,,,,,,,
2025-09-15T23:51:52.010177,,,Polska,RESUPPLY_NEEDS,,resupply_analysis,,,,,,,,,,,,,,,,,,,,,,,,,,NEEDS_ANALYSIS PRE_RAID_OPTIMIZATION | TOTAL_FUEL_NEEDED: 11 | TOTAL_COMBAT_NEEDED: 0 | TOTAL_PE_NEEDED: 11 | BUDGET_AVAILABLE: 40 | UNITS_REQUIRING_HELP: 8,,,,,,,,,,,,,,,,,,,,,,,,
2025-09-15T23:51:52.011787,,,Polska,RESUPPLY_OPERATION,,resupply_summary,,,,,,,,,,,,,,,,,,,,,,,,,,RESUPPLY_SUMMARY PRE_RAID_OPTIMIZATION | TOTAL_PE_SPENT: 0 | UNITS_RESUPPLIED: 0/8 | BUDGET_ALLOCATED: 40 | PE_REMAINING: 50,,,,,,,,,,,,,,,,,,,,,,,,
2025-09-15T23:51:52.030909,,target_selection,Polska,Z_Pluton__3_Batalion_Wsparcia,,target_analysis,,,,,12,25,,,,,,,,,,,,,,,,,,,,"Target analysis: 29 candidates, score -1.00",,29,-1,999,,,,,,,,,False,,,,,,,29,29,29,3,2
2025-09-15T23:51:52.035173,,,Polska,Z_Pluton__3_Batalion_Wsparcia,,second_move,,,12,25,,,,,,,,,,,,,,,,,,,,,,second_chance after PRE_RAID_OPTIMIZATION,,,,,,,,,,,,,,,,,,,,,,,,
2025-09-15T23:51:52.054125,,target_selection,Polska,Z_Pluton__3_Kompania_Zaopatrzeniowa,,target_analysis,,,,,26,19,,,,,,,,,,,,,,,,,,,,"Target analysis: 29 candidates, score -1.00",,29,-1,999,,,,,,,,,False,,,,,,,29,29,29,2,2
2025-09-15T23:51:52.058644,,,Polska,Z_Pluton__3_Kompania_Zaopatrzeniowa,,second_move,,,26,19,,,,,,,,,,,,,,,,,,,,,,second_chance after PRE_RAID_OPTIMIZATION,,,,,,,,,,,,,,,,,,,,,,,,
2025-09-15T23:51:52.066655,,target_selection,Polska,P_Kompania__3_Batalion_Strzelc_w,,target_analysis,,,,,40,12,,,,,,,,,,,,,,,,,,,,"Target analysis: 29 candidates, score -1.00",,29,-1,999,,,,,,,,,False,,,,,,,29,29,29,4,1
2025-09-15T23:51:52.071081,,,Polska,P_Kompania__3_Batalion_Strzelc_w,,second_move,,,40,12,,,,,,,,,,,,,,,,,,,,,,second_chance after PRE_RAID_OPTIMIZATION,,,,,,,,,,,,,,,,,,,,,,,,
2025-09-15T23:51:52.077263,,target_selection,Polska,P_Pluton__3_Pu_k_Piechoty,,target_analysis,,,,,39,12,,,,,,,,,,,,,,,,,,,,"Target analysis: 29 candidates, score -1.00",,29,-1,999,,,,,,,,,False,,,,,,,29,29,29,1,1
2025-09-15T23:51:52.082937,,,Polska,P_Pluton__3_Pu_k_Piechoty,,second_move,,,39,12,,,,,,,,,,,,,,,,,,,,,,second_chance after PRE_RAID_OPTIMIZATION,,,,,,,,,,,,,,,,,,,,,,,,
2025-09-15T23:51:52.092377,,target_selection,Polska,P_Batalion__3_Pu_k_Piechoty,,target_analysis,,,,,34,15,,,,,,,,,,,,,,,,,,,,"Target analysis: 29 candidates, score -1.00",,29,-1,999,,,,,,,,,False,,,,,,,29,29,29,1,1
2025-09-15T23:51:52.098402,,,Polska,P_Batalion__3_Pu_k_Piechoty,,second_move,,,34,15,,,,,,,,,,,,,,,,,,,,,,second_chance after PRE_RAID_OPTIMIZATION,,,,,,,,,,,,,,,,,,,,,,,,
2025-09-15T23:51:52.106981,,target_selection,Polska,P_Pluton__3_Pu_k_Piechoty_20250913214024,,target_analysis,,,,,41,11,,,,,,,,,,,,,,,,,,,,"Target analysis: 29 candidates, score -1.00",,29,-1,999,,,,,,,,,False,,,,,,,29,29,29,1,1
2025-09-15T23:51:52.111201,,,Polska,P_Pluton__3_Pu_k_Piechoty_20250913214024,,second_move,,,41,11,,,,,,,,,,,,,,,,,,,,,,second_chance after PRE_RAID_OPTIMIZATION,,,,,,,,,,,,,,,,,,,,,,,,
2025-09-15T23:51:52.133975,,target_selection,Polska,Z_Kompania__3_Kompania_Zaopatrzeniowa,,target_analysis,,,,,36,14,,,,,,,,,,,,,,,,,,,,"Target analysis: 29 candidates, score -1.00",,29,-1,999,,,,,,,,,False,,,,,,,29,29,29,2,2
2025-09-15T23:51:52.137264,,,Polska,Z_Kompania__3_Kompania_Zaopatrzeniowa,,second_move,,,36,14,,,,,,,,,,,,,,,,,,,,,,second_chance after PRE_RAID_OPTIMIZATION,,,,,,,,,,,,,,,,,,,,,,,,
2025-09-15T23:51:52.147692,,target_selection,Polska,P_Pluton__3_Kompania_Grenadier_w,,target_analysis,,,,,39,13,,,,,,,,,,,,,,,,,,,,"Target analysis: 29 candidates, score -1.00",,29,-1,999,,,,,,,,,False,,,,,,,29,29,29,1,1
2025-09-15T23:51:52.152860,,,Polska,P_Pluton__3_Kompania_Grenadier_w,,second_move,,,39,13,,,,,,,,,,,,,,,,,,,,,,second_chance after PRE_RAID_OPTIMIZATION,,,,,,,,,,,,,,,,,,,,,,,,
2025-09-15T23:51:52.272667,,,Polska,RESUPPLY_NEEDS,,resupply_analysis,,,,,,,,,,,,,,,,,,,,,,,,,,NEEDS_ANALYSIS PRE_RAID_OPTIMIZATION | TOTAL_FUEL_NEEDED: 20 | TOTAL_COMBAT_NEEDED: 0 | TOTAL_PE_NEEDED: 20 | BUDGET_AVAILABLE: 45 | UNITS_REQUIRING_HELP: 9,,,,,,,,,,,,,,,,,,,,,,,,
2025-09-15T23:51:52.273673,,,Polska,RESUPPLY_OPERATION,,resupply_summary,,,,,,,,,,,,,,,,,,,,,,,,,,RESUPPLY_SUMMARY PRE_RAID_OPTIMIZATION | TOTAL_PE_SPENT: 0 | UNITS_RESUPPLIED: 0/9 | BUDGET_ALLOCATED: 45 | PE_REMAINING: 50,,,,,,,,,,,,,,,,,,,,,,,,
2025-09-15T23:51:52.284705,,target_selection,Polska,Z_Pluton__3_Batalion_Wsparcia,,target_analysis,,,,,13,25,,,,,,,,,,,,,,,,,,,,"Target analysis: 29 candidates, score -1.00",,29,-1,999,,,,,,,,,False,,,,,,,29,29,29,2,1
2025-09-15T23:51:52.289453,,,Polska,Z_Pluton__3_Batalion_Wsparcia,,second_move,,,13,25,,,,,,,,,,,,,,,,,,,,,,second_chance after PRE_RAID_OPTIMIZATION,,,,,,,,,,,,,,,,,,,,,,,,
2025-09-15T23:51:52.298395,,target_selection,Polska,Z_Pluton__3_Kompania_Zaopatrzeniowa,,target_analysis,,,,,27,19,,,,,,,,,,,,,,,,,,,,"Target analysis: 29 candidates, score -1.00",,29,-1,999,,,,,,,,,False,,,,,,,29,29,29,1,1
2025-09-15T23:51:52.301724,,,Polska,Z_Pluton__3_Kompania_Zaopatrzeniowa,,second_move,,,27,19,,,,,,,,,,,,,,,,,,,,,,second_chance after PRE_RAID_OPTIMIZATION,,,,,,,,,,,,,,,,,,,,,,,,
2025-09-15T23:51:52.311699,,target_selection,Polska,Z_Kompania__3_Kompania_Zaopatrzeniowa,,target_analysis,,,,,37,14,,,,,,,,,,,,,,,,,,,,"Target analysis: 29 candidates, score -1.00",,29,-1,999,,,,,,,,,False,,,,,,,29,29,29,1,1
2025-09-15T23:51:52.315845,,,Polska,Z_Kompania__3_Kompania_Zaopatrzeniowa,,second_move,,,37,14,,,,,,,,,,,,,,,,,,,,,,second_chance after PRE_RAID_OPTIMIZATION,,,,,,,,,,,,,,,,,,,,,,,,
2025-09-15T23:51:52.350249,,target_selection,Polska,Z_Pluton__3_Kompania_Zaopatrzeniowa_20250913214023,,target_analysis,,,,,16,20,,,,,,,,,,,,,,,,,,,,"Target analysis: 29 candidates, score 30.00",,29,30.0,1,,,,,,,,,False,,,,"(16, 20)",,,28,29,29,6,3
2025-09-15T23:51:52.357367,,,Polska,Z_Pluton__3_Kompania_Zaopatrzeniowa_20250913214023,,second_move,,,16,20,,,,,,,,,,,,,,,,,,,,,,second_chance after PRE_RAID_OPTIMIZATION,,,,,,,,,,,,,,,,,,,,,,,,
2025-09-15T23:51:52.359524,,,Polska,RESUPPLY_NEEDS,,resupply_analysis,,,,,,,,,,,,,,,,,,,,,,,,,,NEEDS_ANALYSIS LOW_FUEL | TOTAL_FUEL_NEEDED: 24 | TOTAL_COMBAT_NEEDED: 0 | TOTAL_PE_NEEDED: 24 | BUDGET_AVAILABLE: 45 | UNITS_REQUIRING_HELP: 9,,,,,,,,,,,,,,,,,,,,,,,,
2025-09-15T23:51:52.360548,,,Polska,Z_Pluton__3_Kompania_Zaopatrzeniowa_20250913214023,,resupply_detailed,16,20,16,20,,,,,,,,,,,,,,,,,,,,,,phase1 LOW_FUEL | PE_SPENT: fuel=1 combat=0 total=1 | BEFORE: fuel=2 combat=4 | AFTER: fuel=3 combat=4,,,,,,,,,,,,,,,,,,,,,,,,
2025-09-15T23:51:52.362582,,,Polska,RESUPPLY_OPERATION,,resupply_summary,,,,,,,,,,,,,,,,,,,,,,,,,,RESUPPLY_SUMMARY LOW_FUEL | TOTAL_PE_SPENT: 1 | UNITS_RESUPPLIED: 1/9 | BUDGET_ALLOCATED: 45 | PE_REMAINING: 49,,,,,,,,,,,,,,,,,,,,,,,,
2025-09-15T23:51:52.396180,,target_selection,Polska,Z_Pluton__3_Kompania_Zaopatrzeniowa_20250913214023,,target_analysis,,,,,16,19,,,,,,,,,,,,,,,,,,,,"Target analysis: 29 candidates, score 30.00",,29,30.0,1,,,,,,,,,False,,,,"(16, 19)",,,28,29,29,5,3
2025-09-15T23:51:52.399374,,,Polska,Z_Pluton__3_Kompania_Zaopatrzeniowa_20250913214023,,second_move,,,16,19,,,,,,,,,,,,,,,,,,,,,,second_chance after LOW_FUEL,,,,,,,,,,,,,,,,,,,,,,,,
2025-09-15T23:51:52.457283,,strategy,Polska,STRATEGY,,strategic_decision,,,,,,,,,,,,,,,,,,,,,,,,,,"Strategy: REASSIGNMENT, aggression 0.50, 3 groups, 0 reassignments",,,,,,,,,REASSIGNMENT,0.5,,,,,,adaptive,,0,dynamic_reassignment,,,,,
2025-09-15T23:51:52.591943,,strategy,Polska,STRATEGY,,strategic_decision,,,,,,,,,,,,,,,,,,,,,,,,,,"Strategy: REASSIGNMENT, aggression 0.50, 3 groups, 0 reassignments",,,,,,,,,REASSIGNMENT,0.5,,,,,,adaptive,,0,dynamic_reassignment,,,,,
2025-09-15T23:51:52.656894,,strategy,Polska,STRATEGY,,strategic_decision,,,,,,,,,,,,,,,,,,,,,,,,,,"Strategy: REASSIGNMENT, aggression 0.50, 1 groups, 0 reassignments",,,,,,,,,REASSIGNMENT,0.5,,,,,,adaptive,,0,dynamic_reassignment,,,,,
2025-09-15T23:51:52.688781,,target_selection,Polska,Z_Pluton__3_Kompania_Zaopatrzeniowa,,target_analysis,,,,,25,19,,,,,,,,,,,,,,,,,,,,"Target analysis: 29 candidates, score -1.00",,29,-1,999,,,,,,,,,False,,,,,,,29,29,29,5,2
2025-09-15T23:51:52.702575,,strategy,Polska,STRATEGY,,strategic_decision,,,,,,,,,,,,,,,,,,,,,,,,,,"Strategy: REASSIGNMENT, aggression 0.50, 1 groups, 0 reassignments",,,,,,,,,REASSIGNMENT,0.5,,,,,,adaptive,,0,dynamic_reassignment,,,,,
2025-09-15T23:51:52.714461,,target_selection,Polska,P_Kompania__3_Batalion_Strzelc_w,,target_analysis,,,,,,,,,,,,,,,,,,,,,,,,,,"Target analysis: 29 candidates, score -1.00",,29,-1,999,,,,,,,,,False,,,,,,,29,29,29,7,0
2025-09-15T23:51:52.718609,,,Polska,RESUPPLY_NEEDS,,resupply_analysis,,,,,,,,,,,,,,,,,,,,,,,,,,NEEDS_ANALYSIS LOW_FUEL | TOTAL_FUEL_NEEDED: 24 | TOTAL_COMBAT_NEEDED: 0 | TOTAL_PE_NEEDED: 24 | BUDGET_AVAILABLE: 44 | UNITS_REQUIRING_HELP: 9,,,,,,,,,,,,,,,,,,,,,,,,
2025-09-15T23:51:52.719610,,,Polska,Z_Pluton__3_Kompania_Zaopatrzeniowa_20250913214023,,resupply_detailed,16,19,16,19,,,,,,,,,,,,,,,,,,,,,,phase1 LOW_FUEL | PE_SPENT: fuel=1 combat=0 total=1 | BEFORE: fuel=2 combat=4 | AFTER: fuel=3 combat=4,,,,,,,,,,,,,,,,,,,,,,,,
2025-09-15T23:51:52.721605,,,Polska,RESUPPLY_OPERATION,,resupply_summary,,,,,,,,,,,,,,,,,,,,,,,,,,RESUPPLY_SUMMARY LOW_FUEL | TOTAL_PE_SPENT: 1 | UNITS_RESUPPLIED: 1/9 | BUDGET_ALLOCATED: 44 | PE_REMAINING: 48,,,,,,,,,,,,,,,,,,,,,,,,
2025-09-15T23:51:52.775198,,target_selection,Polska,Z_Pluton__3_Kompania_Zaopatrzeniowa_20250913214023,,target_analysis,,,,,16,20,,,,,,,,,,,,,,,,,,,,"Target analysis: 29 candidates, score 30.00",,29,30.0,1,,,,,,,,,False,,,,"(16, 20)",,,28,29,29,4,3
2025-09-15T23:51:52.782634,,,Polska,Z_Pluton__3_Kompania_Zaopatrzeniowa_20250913214023,,second_move,,,16,20,,,,,,,,,,,,,,,,,,,,,,second_chance after LOW_FUEL,,,,,,,,,,,,,,,,,,,,,,,,
2025-09-15T23:51:52.785620,,,Polska,RESUPPLY_NEEDS,,resupply_analysis,,,,,,,,,,,,,,,,,,,,,,,,,,NEEDS_ANALYSIS LOW_FUEL | TOTAL_FUEL_NEEDED: 24 | TOTAL_COMBAT_NEEDED: 0 | TOTAL_PE_NEEDED: 24 | BUDGET_AVAILABLE: 43 | UNITS_REQUIRING_HELP: 9,,,,,,,,,,,,,,,,,,,,,,,,
2025-09-15T23:51:52.786618,,,Polska,Z_Pluton__3_Kompania_Zaopatrzeniowa_20250913214023,,resupply_detailed,16,20,16,20,,,,,,,,,,,,,,,,,,,,,,phase1 LOW_FUEL | PE_SPENT: fuel=1 combat=0 total=1 | BEFORE: fuel=2 combat=4 | AFTER: fuel=3 combat=4,,,,,,,,,,,,,,,,,,,,,,,,
2025-09-15T23:51:52.788614,,,Polska,RESUPPLY_OPERATION,,resupply_summary,,,,,,,,,,,,,,,,,,,,,,,,,,RESUPPLY_SUMMARY LOW_FUEL | TOTAL_PE_SPENT: 1 | UNITS_RESUPPLIED: 1/9 | BUDGET_ALLOCATED: 43 | PE_REMAINING: 47,,,,,,,,,,,,,,,,,,,,,,,,
2025-09-15T23:51:52.832652,,target_selection,Polska,Z_Pluton__3_Kompania_Zaopatrzeniowa_20250913214023,,target_analysis,,,,,16,19,,,,,,,,,,,,,,,,,,,,"Target analysis: 29 candidates, score 30.00",,29,30.0,1,,,,,,,,,False,,,,"(16, 19)",,,28,29,29,3,3
2025-09-15T23:51:52.839885,,,Polska,Z_Pluton__3_Kompania_Zaopatrzeniowa_20250913214023,,second_move,,,16,19,,,,,,,,,,,,,,,,,,,,,,second_chance after LOW_FUEL,,,,,,,,,,,,,,,,,,,,,,,,
2025-09-15T23:51:52.840888,,,Polska,RESUPPLY_NEEDS,,resupply_analysis,,,,,,,,,,,,,,,,,,,,,,,,,,NEEDS_ANALYSIS LOW_FUEL | TOTAL_FUEL_NEEDED: 24 | TOTAL_COMBAT_NEEDED: 0 | TOTAL_PE_NEEDED: 24 | BUDGET_AVAILABLE: 42 | UNITS_REQUIRING_HELP: 9,,,,,,,,,,,,,,,,,,,,,,,,
2025-09-15T23:51:52.842995,,,Polska,RESUPPLY_OPERATION,,resupply_summary,,,,,,,,,,,,,,,,,,,,,,,,,,RESUPPLY_SUMMARY LOW_FUEL | TOTAL_PE_SPENT: 0 | UNITS_RESUPPLIED: 0/9 | BUDGET_ALLOCATED: 42 | PE_REMAINING: 47,,,,,,,,,,,,,,,,,,,,,,,,
2025-09-15T23:51:53.038384,,target_selection,Polska,Z_Pluton__3_Kompania_Zaopatrzeniowa_20250913214023,,target_analysis,,,,,16,20,,,,,,,,,,,,,,,,,,,,"Target analysis: 29 candidates, score 30.00",,29,30.0,1,,,,,,,,,False,,,,"(16, 20)",,,28,29,29,2,2
2025-09-15T23:51:53.049597,,,Polska,Z_Pluton__3_Kompania_Zaopatrzeniowa_20250913214023,,second_move,,,16,20,,,,,,,,,,,,,,,,,,,,,,second_chance after LOW_FUEL,,,,,,,,,,,,,,,,,,,,,,,,
2025-09-15T23:51:53.053101,,,Polska,RESUPPLY_NEEDS,,resupply_analysis,,,,,,,,,,,,,,,,,,,,,,,,,,NEEDS_ANALYSIS LOW_FUEL | TOTAL_FUEL_NEEDED: 25 | TOTAL_COMBAT_NEEDED: 0 | TOTAL_PE_NEEDED: 25 | BUDGET_AVAILABLE: 42 | UNITS_REQUIRING_HELP: 9,,,,,,,,,,,,,,,,,,,,,,,,
2025-09-15T23:51:53.056428,,,Polska,RESUPPLY_OPERATION,,resupply_summary,,,,,,,,,,,,,,,,,,,,,,,,,,RESUPPLY_SUMMARY LOW_FUEL | TOTAL_PE_SPENT: 0 | UNITS_RESUPPLIED: 0/9 | BUDGET_ALLOCATED: 42 | PE_REMAINING: 47,,,,,,,,,,,,,,,,,,,,,,,,
2025-09-15T23:51:53.348589,,target_selection,Polska,Z_Pluton__3_Kompania_Zaopatrzeniowa_20250913214023,,target_analysis,,,,,17,20,,,,,,,,,,,,,,,,,,,,"Target analysis: 29 candidates, score -1.00",,29,-1,999,,,,,,,,,False,,,,,,,29,29,29,1,1
2025-09-15T23:51:53.351650,,,Polska,Z_Pluton__3_Kompania_Zaopatrzeniowa_20250913214023,,second_move,,,17,20,,,,,,,,,,,,,,,,,,,,,,second_chance after LOW_FUEL,,,,,,,,,,,,,,,,,,,,,,,,
2025-09-15T23:51:53.354950,,strategy,Polska,STRATEGY,,strategic_decision,,,,,,,,,,,,,,,,,,,,,,,,,,"Strategy: REASSIGNMENT, aggression 0.50, 1 groups, 0 reassignments",,,,,,,,,REASSIGNMENT,0.5,,,,,,adaptive,,0,dynamic_reassignment,,,,,
2025-09-15T23:51:53.361225,,target_selection,Polska,P_Pluton__3_Pu_k_Piechoty,,target_analysis,,,,,,,,,,,,,,,,,,,,,,,,,,"Target analysis: 29 candidates, score -1.00",,29,-1,999,,,,,,,,,False,,,,,,,29,29,29,4,0
2025-09-15T23:51:53.364900,,,Polska,RESUPPLY_NEEDS,,resupply_analysis,,,,,,,,,,,,,,,,,,,,,,,,,,NEEDS_ANALYSIS LOW_FUEL | TOTAL_FUEL_NEEDED: 26 | TOTAL_COMBAT_NEEDED: 0 | TOTAL_PE_NEEDED: 26 | BUDGET_AVAILABLE: 42 | UNITS_REQUIRING_HELP: 9,,,,,,,,,,,,,,,,,,,,,,,,
2025-09-15T23:51:53.367400,,,Polska,RESUPPLY_OPERATION,,resupply_summary,,,,,,,,,,,,,,,,,,,,,,,,,,RESUPPLY_SUMMARY LOW_FUEL | TOTAL_PE_SPENT: 0 | UNITS_RESUPPLIED: 0/9 | BUDGET_ALLOCATED: 42 | PE_REMAINING: 47,,,,,,,,,,,,,,,,,,,,,,,,
2025-09-15T23:51:53.370591,,,Polska,RESUPPLY_NEEDS,,resupply_analysis,,,,,,,,,,,,,,,,,,,,,,,,,,NEEDS_ANALYSIS LOW_FUEL | TOTAL_FUEL_NEEDED: 26 | TOTAL_COMBAT_NEEDED: 0 | TOTAL_PE_NEEDED: 26 | BUDGET_AVAILABLE: 42 | UNITS_REQUIRING_HELP: 9,,,,,,,,,,,,,,,,,,,,,,,,
2025-09-15T23:51:53.374153,,,Polska,RESUPPLY_OPERATION,,resupply_summary,,,,,,,,,,,,,,,,,,,,,,,,,,RESUPPLY_SUMMARY LOW_FUEL | TOTAL_PE_SPENT: 0 | UNITS_RESUPPLIED: 0/9 | BUDGET_ALLOCATED: 42 | PE_REMAINING: 47,,,,,,,,,,,,,,,,,,,,,,,,
2025-09-15T23:51:53.378502,,,Polska,RESUPPLY_NEEDS,,resupply_analysis,,,,,,,,,,,,,,,,,,,,,,,,,,NEEDS_ANALYSIS LOW_FUEL | TOTAL_FUEL_NEEDED: 26 | TOTAL_COMBAT_NEEDED: 0 | TOTAL_PE_NEEDED: 26 | BUDGET_AVAILABLE: 42 | UNITS_REQUIRING_HELP: 9,,,,,,,,,,,,,,,,,,,,,,,,
2025-09-15T23:51:53.382831,,,Polska,RESUPPLY_OPERATION,,resupply_summary,,,,,,,,,,,,,,,,,,,,,,,,,,RESUPPLY_SUMMARY LOW_FUEL | TOTAL_PE_SPENT: 0 | UNITS_RESUPPLIED: 0/9 | BUDGET_ALLOCATED: 42 | PE_REMAINING: 47,,,,,,,,,,,,,,,,,,,,,,,,
2025-09-15T23:51:53.385866,,,Polska,RESUPPLY_NEEDS,,resupply_analysis,,,,,,,,,,,,,,,,,,,,,,,,,,NEEDS_ANALYSIS LOW_FUEL | TOTAL_FUEL_NEEDED: 26 | TOTAL_COMBAT_NEEDED: 0 | TOTAL_PE_NEEDED: 26 | BUDGET_AVAILABLE: 42 | UNITS_REQUIRING_HELP: 9,,,,,,,,,,,,,,,,,,,,,,,,
2025-09-15T23:51:53.387875,,,Polska,RESUPPLY_OPERATION,,resupply_summary,,,,,,,,,,,,,,,,,,,,,,,,,,RESUPPLY_SUMMARY LOW_FUEL | TOTAL_PE_SPENT: 0 | UNITS_RESUPPLIED: 0/9 | BUDGET_ALLOCATED: 42 | PE_REMAINING: 47,,,,,,,,,,,,,,,,,,,,,,,,
2025-09-15T23:51:53.391367,,,Polska,RESUPPLY_NEEDS,,resupply_analysis,,,,,,,,,,,,,,,,,,,,,,,,,,NEEDS_ANALYSIS LOW_FUEL | TOTAL_FUEL_NEEDED: 26 | TOTAL_COMBAT_NEEDED: 0 | TOTAL_PE_NEEDED: 26 | BUDGET_AVAILABLE: 42 | UNITS_REQUIRING_HELP: 9,,,,,,,,,,,,,,,,,,,,,,,,
2025-09-15T23:51:53.393516,,,Polska,RESUPPLY_OPERATION,,resupply_summary,,,,,,,,,,,,,,,,,,,,,,,,,,RESUPPLY_SUMMARY LOW_FUEL | TOTAL_PE_SPENT: 0 | UNITS_RESUPPLIED: 0/9 | BUDGET_ALLOCATED: 42 | PE_REMAINING: 47,,,,,,,,,,,,,,,,,,,,,,,,
2025-09-15T23:51:53.395882,,,Polska,RESUPPLY_NEEDS,,resupply_analysis,,,,,,,,,,,,,,,,,,,,,,,,,,NEEDS_ANALYSIS LOW_FUEL | TOTAL_FUEL_NEEDED: 26 | TOTAL_COMBAT_NEEDED: 0 | TOTAL_PE_NEEDED: 26 | BUDGET_AVAILABLE: 42 | UNITS_REQUIRING_HELP: 9,,,,,,,,,,,,,,,,,,,,,,,,
2025-09-15T23:51:53.397687,,,Polska,RESUPPLY_OPERATION,,resupply_summary,,,,,,,,,,,,,,,,,,,,,,,,,,RESUPPLY_SUMMARY LOW_FUEL | TOTAL_PE_SPENT: 0 | UNITS_RESUPPLIED: 0/9 | BUDGET_ALLOCATED: 42 | PE_REMAINING: 47,,,,,,,,,,,,,,,,,,,,,,,,
2025-09-15T23:51:53.402083,,,Polska,RESUPPLY_NEEDS,,resupply_analysis,,,,,,,,,,,,,,,,,,,,,,,,,,NEEDS_ANALYSIS LOW_FUEL | TOTAL_FUEL_NEEDED: 26 | TOTAL_COMBAT_NEEDED: 0 | TOTAL_PE_NEEDED: 26 | BUDGET_AVAILABLE: 42 | UNITS_REQUIRING_HELP: 9,,,,,,,,,,,,,,,,,,,,,,,,
2025-09-15T23:51:53.404096,,,Polska,RESUPPLY_OPERATION,,resupply_summary,,,,,,,,,,,,,,,,,,,,,,,,,,RESUPPLY_SUMMARY LOW_FUEL | TOTAL_PE_SPENT: 0 | UNITS_RESUPPLIED: 0/9 | BUDGET_ALLOCATED: 42 | PE_REMAINING: 47,,,,,,,,,,,,,,,,,,,,,,,,
2025-09-15T23:51:53.405208,,,Polska,RESUPPLY_NEEDS,,resupply_analysis,,,,,,,,,,,,,,,,,,,,,,,,,,NEEDS_ANALYSIS LOW_FUEL | TOTAL_FUEL_NEEDED: 26 | TOTAL_COMBAT_NEEDED: 0 | TOTAL_PE_NEEDED: 26 | BUDGET_AVAILABLE: 42 | UNITS_REQUIRING_HELP: 9,,,,,,,,,,,,,,,,,,,,,,,,
2025-09-15T23:51:53.406228,,,Polska,RESUPPLY_OPERATION,,resupply_summary,,,,,,,,,,,,,,,,,,,,,,,,,,RESUPPLY_SUMMARY LOW_FUEL | TOTAL_PE_SPENT: 0 | UNITS_RESUPPLIED: 0/9 | BUDGET_ALLOCATED: 42 | PE_REMAINING: 47,,,,,,,,,,,,,,,,,,,,,,,,
2025-09-15T23:51:53.409811,,,Polska,RESUPPLY_NEEDS,,resupply_analysis,,,,,,,,,,,,,,,,,,,,,,,,,,NEEDS_ANALYSIS LOW_FUEL | TOTAL_FUEL_NEEDED: 26 | TOTAL_COMBAT_NEEDED: 0 | TOTAL_PE_NEEDED: 26 | BUDGET_AVAILABLE: 42 | UNITS_REQUIRING_HELP: 9,,,,,,,,,,,,,,,,,,,,,,,,
2025-09-15T23:51:53.410925,,,Polska,RESUPPLY_OPERATION,,resupply_summary,,,,,,,,,,,,,,,,,,,,,,,,,,RESUPPLY_SUMMARY LOW_FUEL | TOTAL_PE_SPENT: 0 | UNITS_RESUPPLIED: 0/9 | BUDGET_ALLOCATED: 42 | PE_REMAINING: 47,,,,,,,,,,,,,,,,,,,,,,,,
2025-09-15T23:51:53.414191,,,Polska,RESUPPLY_NEEDS,,resupply_analysis,,,,,,,,,,,,,,,,,,,,,,,,,,NEEDS_ANALYSIS LOW_FUEL | TOTAL_FUEL_NEEDED: 26 | TOTAL_COMBAT_NEEDED: 0 | TOTAL_PE_NEEDED: 26 | BUDGET_AVAILABLE: 42 | UNITS_REQUIRING_HELP: 9,,,,,,,,,,,,,,,,,,,,,,,,
2025-09-15T23:51:53.415218,,,Polska,RESUPPLY_OPERATION,,resupply_summary,,,,,,,,,,,,,,,,,,,,,,,,,,RESUPPLY_SUMMARY LOW_FUEL | TOTAL_PE_SPENT: 0 | UNITS_RESUPPLIED: 0/9 | BUDGET_ALLOCATED: 42 | PE_REMAINING: 47,,,,,,,,,,,,,,,,,,,,,,,,
2025-09-15T23:51:53.416516,,,Polska,RESUPPLY_NEEDS,,resupply_analysis,,,,,,,,,,,,,,,,,,,,,,,,,,NEEDS_ANALYSIS LOW_FUEL | TOTAL_FUEL_NEEDED: 26 | TOTAL_COMBAT_NEEDED: 0 | TOTAL_PE_NEEDED: 26 | BUDGET_AVAILABLE: 42 | UNITS_REQUIRING_HELP: 9,,,,,,,,,,,,,,,,,,,,,,,,
2025-09-15T23:51:53.418988,,,Polska,RESUPPLY_OPERATION,,resupply_summary,,,,,,,,,,,,,,,,,,,,,,,,,,RESUPPLY_SUMMARY LOW_FUEL | TOTAL_PE_SPENT: 0 | UNITS_RESUPPLIED: 0/9 | BUDGET_ALLOCATED: 42 | PE_REMAINING: 47,,,,,,,,,,,,,,,,,,,,,,,,
2025-09-15T23:51:53.419997,,,Polska,TURN_END,,turn_summary,,,,,,,,,,,8,0,,,,,,,,,,,,advanced,opp=1;groups=3;adv=True,"Turn completed: 0/8 units moved, 3 groups (advanced)",,,,,,,,,,,,,,,,,,,,,,,,
2025-09-15T23:51:53.685733,,,Niemcy,TURN_START,,turn_begin,,,,,,,,,,,,,,,,,,,,,,,,,,AI Commander turn started for player 5,,,,,,,,,,,,,,,,,,,,,,,,
2025-09-15T23:51:53.693712,,,Niemcy,RESUPPLY_NEEDS,,resupply_analysis,,,,,,,,,,,,,,,,,,,,,,,,,,NEEDS_ANALYSIS PRE_RAID_OPTIMIZATION | TOTAL_FUEL_NEEDED: 24 | TOTAL_COMBAT_NEEDED: 0 | TOTAL_PE_NEEDED: 24 | BUDGET_AVAILABLE: 56 | UNITS_REQUIRING_HELP: 8,,,,,,,,,,,,,,,,,,,,,,,,
2025-09-15T23:51:53.694709,,,Niemcy,P_Pluton__5_Infanterie_Regiment,,resupply_detailed,34,-8,34,-8,,,,,,,,,,,,,,,,,,,,,,phase1 PRE_RAID_OPTIMIZATION | PE_SPENT: fuel=2 combat=0 total=2 | BEFORE: fuel=0 combat=8 | AFTER: fuel=2 combat=8,,,,,,,,,,,,,,,,,,,,,,,,
2025-09-15T23:51:53.697612,,,Niemcy,P_Kompania__5_Infanterie_Regiment,,resupply_detailed,36,-10,36,-10,,,,,,,,,,,,,,,,,,,,,,phase1 PRE_RAID_OPTIMIZATION | PE_SPENT: fuel=2 combat=0 total=2 | BEFORE: fuel=0 combat=11 | AFTER: fuel=2 combat=11,,,,,,,,,,,,,,,,,,,,,,,,
2025-09-15T23:51:53.698613,,,Niemcy,AC_Kompania__5_schwere_Artillerie,,resupply_detailed,37,-6,37,-6,,,,,,,,,,,,,,,,,,,,,,phase1 PRE_RAID_OPTIMIZATION | PE_SPENT: fuel=2 combat=0 total=2 | BEFORE: fuel=0 combat=11 | AFTER: fuel=2 combat=11,,,,,,,,,,,,,,,,,,,,,,,,
2025-09-15T23:51:53.699610,,,Niemcy,AL_Batalion__5_Artillerie_Abteilung,,resupply_detailed,52,-16,52,-16,,,,,,,,,,,,,,,,,,,,,,phase1 PRE_RAID_OPTIMIZATION | PE_SPENT: fuel=2 combat=0 total=2 | BEFORE: fuel=0 combat=11 | AFTER: fuel=2 combat=11,,,,,,,,,,,,,,,,,,,,,,,,
2025-09-15T23:51:53.700607,,,Niemcy,Z_Kompania__5_Unterst_tzungs_Bataillon,,resupply_detailed,42,-15,42,-15,,,,,,,,,,,,,,,,,,,,,,phase1 PRE_RAID_OPTIMIZATION | PE_SPENT: fuel=3 combat=0 total=3 | BEFORE: fuel=0 combat=6 | AFTER: fuel=3 combat=6,,,,,,,,,,,,,,,,,,,,,,,,
2025-09-15T23:51:53.701605,,,Niemcy,Z_Pluton__5_Versorgungs_Kompanie,,resupply_detailed,43,-16,43,-16,,,,,,,,,,,,,,,,,,,,,,phase1 PRE_RAID_OPTIMIZATION | PE_SPENT: fuel=3 combat=0 total=3 | BEFORE: fuel=0 combat=4 | AFTER: fuel=3 combat=4,,,,,,,,,,,,,,,,,,,,,,,,
2025-09-15T23:51:53.703599,,,Niemcy,Z_Pluton__5_Unterst_tzungs_Bataillon,,resupply_detailed,44,-14,44,-14,,,,,,,,,,,,,,,,,,,,,,phase1 PRE_RAID_OPTIMIZATION | PE_SPENT: fuel=3 combat=0 total=3 | BEFORE: fuel=0 combat=4 | AFTER: fuel=3 combat=4,,,,,,,,,,,,,,,,,,,,,,,,
2025-09-15T23:51:53.704597,,,Niemcy,Z_Pluton__5_Unterst_tzungs_Bataillon_20250913214038,,resupply_detailed,51,-15,51,-15,,,,,,,,,,,,,,,,,,,,,,phase1 PRE_RAID_OPTIMIZATION | PE_SPENT: fuel=3 combat=0 total=3 | BEFORE: fuel=0 combat=4 | AFTER: fuel=3 combat=4,,,,,,,,,,,,,,,,,,,,,,,,
2025-09-15T23:51:53.706591,,,Niemcy,RESUPPLY_OPERATION,,resupply_summary,,,,,,,,,,,,,,,,,,,,,,,,,,RESUPPLY_SUMMARY PRE_RAID_OPTIMIZATION | TOTAL_PE_SPENT: 20 | UNITS_RESUPPLIED: 8/8 | BUDGET_ALLOCATED: 56 | PE_REMAINING: 43,,,,,,,,,,,,,,,,,,,,,,,,
2025-09-15T23:51:53.790472,,target_selection,Niemcy,P_Pluton__5_Infanterie_Regiment,,target_analysis,,,,,34,-6,,,,,,,,,,,,,,,,,,,,"Target analysis: 29 candidates, score -1.00",,29,-1,999,,,,,,,,,False,,,,,,,29,29,29,6,2
2025-09-15T23:51:53.798975,,,Niemcy,P_Pluton__5_Infanterie_Regiment,,second_move,,,34,-6,,,,,,,,,,,,,,,,,,,,,,second_chance after PRE_RAID_OPTIMIZATION,,,,,,,,,,,,,,,,,,,,,,,,
2025-09-15T23:51:53.840018,,target_selection,Niemcy,P_Kompania__5_Infanterie_Regiment,,target_analysis,,,,,34,-8,,,,,,,,,,,,,,,,,,,,"Target analysis: 29 candidates, score -1.00",,29,-1,999,,,,,,,,,False,,,,,,,29,29,29,4,2
2025-09-15T23:51:53.846635,,,Niemcy,P_Kompania__5_Infanterie_Regiment,,second_move,,,34,-8,,,,,,,,,,,,,,,,,,,,,,second_chance after PRE_RAID_OPTIMIZATION,,,,,,,,,,,,,,,,,,,,,,,,
2025-09-15T23:51:53.890541,,target_selection,Niemcy,AC_Kompania__5_schwere_Artillerie,,target_analysis,,,,,37,-4,,,,,,,,,,,,,,,,,,,,"Target analysis: 29 candidates, score -1.00",,29,-1,999,,,,,,,,,False,,,,,,,29,29,29,5,2
2025-09-15T23:51:53.895628,,,Niemcy,AC_Kompania__5_schwere_Artillerie,,second_move,,,37,-4,,,,,,,,,,,,,,,,,,,,,,second_chance after PRE_RAID_OPTIMIZATION,,,,,,,,,,,,,,,,,,,,,,,,
2025-09-15T23:51:53.923247,,target_selection,Niemcy,AL_Batalion__5_Artillerie_Abteilung,,target_analysis,,,,,52,-18,,,,,,,,,,,,,,,,,,,,"Target analysis: 29 candidates, score -1.00",,29,-1,999,,,,,,,,,False,,,,,,,29,29,29,6,2
2025-09-15T23:51:53.923247,,,Niemcy,AL_Batalion__5_Artillerie_Abteilung,,second_move,,,52,-18,,,,,,,,,,,,,,,,,,,,,,second_chance after PRE_RAID_OPTIMIZATION,,,,,,,,,,,,,,,,,,,,,,,,
2025-09-15T23:51:53.955161,,target_selection,Niemcy,Z_Kompania__5_Unterst_tzungs_Bataillon,,target_analysis,,,,,43,-15,,,,,,,,,,,,,,,,,,,,"Target analysis: 29 candidates, score 45.00",,29,45.0,1,,,,,,,,,False,,,,"(43, -15)",,,28,29,29,5,3
2025-09-15T23:51:53.967952,,,Niemcy,Z_Kompania__5_Unterst_tzungs_Bataillon,,second_move,,,43,-15,,,,,,,,,,,,,,,,,,,,,,second_chance after PRE_RAID_OPTIMIZATION,,,,,,,,,,,,,,,,,,,,,,,,
2025-09-15T23:51:54.046031,,target_selection,Niemcy,Z_Pluton__5_Versorgungs_Kompanie,,target_analysis,,,,,45,-15,,,,,,,,,,,,,,,,,,,,"Target analysis: 29 candidates, score 30.00",,29,30.0,3,,,,,,,,,False,,,,"(45, -15)",,,28,29,29,9,3
2025-09-15T23:51:54.054846,,,Niemcy,Z_Pluton__5_Versorgungs_Kompanie,,second_move,,,45,-15,,,,,,,,,,,,,,,,,,,,,,second_chance after PRE_RAID_OPTIMIZATION,,,,,,,,,,,,,,,,,,,,,,,,
2025-09-15T23:51:54.087078,,,Niemcy,Z_Pluton__5_Unterst_tzungs_Bataillon,,second_move,,,44,-14,,,,,,,,,,,,,,,,,,,,,,second_chance after PRE_RAID_OPTIMIZATION,,,,,,,,,,,,,,,,,,,,,,,,
2025-09-15T23:51:54.143585,,target_selection,Niemcy,Z_Pluton__5_Unterst_tzungs_Bataillon_20250913214038,,target_analysis,,,,,48,-15,,,,,,,,,,,,,,,,,,,,"Target analysis: 29 candidates, score -1.00",,29,-1,999,,,,,,,,,False,,,,,,,29,29,29,9,3
2025-09-15T23:51:54.158565,,,Niemcy,Z_Pluton__5_Unterst_tzungs_Bataillon_20250913214038,,second_move,,,48,-15,,,,,,,,,,,,,,,,,,,,,,second_chance after PRE_RAID_OPTIMIZATION,,,,,,,,,,,,,,,,,,,,,,,,
2025-09-15T23:51:54.248442,,,Niemcy,RESUPPLY_NEEDS,,resupply_analysis,,,,,,,,,,,,,,,,,,,,,,,,,,NEEDS_ANALYSIS PRE_RAID_OPTIMIZATION | TOTAL_FUEL_NEEDED: 11 | TOTAL_COMBAT_NEEDED: 0 | TOTAL_PE_NEEDED: 11 | BUDGET_AVAILABLE: 34 | UNITS_REQUIRING_HELP: 8,,,,,,,,,,,,,,,,,,,,,,,,
2025-09-15T23:51:54.249876,,,Niemcy,P_Pluton__5_Infanterie_Regiment,,resupply_detailed,34,-6,34,-6,,,,,,,,,,,,,,,,,,,,,,phase1 PRE_RAID_OPTIMIZATION | PE_SPENT: fuel=1 combat=0 total=1 | BEFORE: fuel=1 combat=8 | AFTER: fuel=2 combat=8,,,,,,,,,,,,,,,,,,,,,,,,
2025-09-15T23:51:54.249876,,,Niemcy,P_Kompania__5_Infanterie_Regiment,,resupply_detailed,34,-8,34,-8,,,,,,,,,,,,,,,,,,,,,,phase1 PRE_RAID_OPTIMIZATION | PE_SPENT: fuel=1 combat=0 total=1 | BEFORE: fuel=1 combat=11 | AFTER: fuel=2 combat=11,,,,,,,,,,,,,,,,,,,,,,,,
2025-09-15T23:51:54.252192,,,Niemcy,AC_Kompania__5_schwere_Artillerie,,resupply_detailed,37,-4,37,-4,,,,,,,,,,,,,,,,,,,,,,phase1 PRE_RAID_OPTIMIZATION | PE_SPENT: fuel=1 combat=0 total=1 | BEFORE: fuel=1 combat=11 | AFTER: fuel=2 combat=11,,,,,,,,,,,,,,,,,,,,,,,,
2025-09-15T23:51:54.255089,,,Niemcy,AL_Batalion__5_Artillerie_Abteilung,,resupply_detailed,52,-18,52,-18,,,,,,,,,,,,,,,,,,,,,,phase1 PRE_RAID_OPTIMIZATION | PE_SPENT: fuel=1 combat=0 total=1 | BEFORE: fuel=1 combat=11 | AFTER: fuel=2 combat=11,,,,,,,,,,,,,,,,,,,,,,,,
2025-09-15T23:51:54.256100,,,Niemcy,Z_Kompania__5_Unterst_tzungs_Bataillon,,resupply_detailed,43,-15,43,-15,,,,,,,,,,,,,,,,,,,,,,phase1 PRE_RAID_OPTIMIZATION | PE_SPENT: fuel=1 combat=0 total=1 | BEFORE: fuel=2 combat=6 | AFTER: fuel=3 combat=6,,,,,,,,,,,,,,,,,,,,,,,,
2025-09-15T23:51:54.256100,,,Niemcy,Z_Pluton__5_Versorgungs_Kompanie,,resupply_detailed,45,-15,45,-15,,,,,,,,,,,,,,,,,,,,,,phase1 PRE_RAID_OPTIMIZATION | PE_SPENT: fuel=1 combat=0 total=1 | BEFORE: fuel=2 combat=4 | AFTER: fuel=3 combat=4,,,,,,,,,,,,,,,,,,,,,,,,
2025-09-15T23:51:54.257369,,,Niemcy,Z_Pluton__5_Unterst_tzungs_Bataillon_20250913214038,,resupply_detailed,48,-15,48,-15,,,,,,,,,,,,,,,,,,,,,,phase1 PRE_RAID_OPTIMIZATION | PE_SPENT: fuel=1 combat=0 total=1 | BEFORE: fuel=2 combat=4 | AFTER: fuel=3 combat=4,,,,,,,,,,,,,,,,,,,,,,,,
2025-09-15T23:51:54.257369,,,Niemcy,RESUPPLY_OPERATION,,resupply_summary,,,,,,,,,,,,,,,,,,,,,,,,,,RESUPPLY_SUMMARY PRE_RAID_OPTIMIZATION | TOTAL_PE_SPENT: 7 | UNITS_RESUPPLIED: 7/8 | BUDGET_ALLOCATED: 34 | PE_REMAINING: 36,,,,,,,,,,,,,,,,,,,,,,,,
2025-09-15T23:51:54.290956,,target_selection,Niemcy,P_Pluton__5_Infanterie_Regiment,,target_analysis,,,,,36,-6,,,,,,,,,,,,,,,,,,,,"Target analysis: 29 candidates, score -1.00",,29,-1,999,,,,,,,,,False,,,,,,,29,29,29,5,2
2025-09-15T23:51:54.294178,,,Niemcy,P_Pluton__5_Infanterie_Regiment,,second_move,,,36,-6,,,,,,,,,,,,,,,,,,,,,,second_chance after PRE_RAID_OPTIMIZATION,,,,,,,,,,,,,,,,,,,,,,,,
2025-09-15T23:51:54.319002,,target_selection,Niemcy,P_Kompania__5_Infanterie_Regiment,,target_analysis,,,,,34,-6,,,,,,,,,,,,,,,,,,,,"Target analysis: 29 candidates, score -1.00",,29,-1,999,,,,,,,,,False,,,,,,,29,29,29,3,2
2025-09-15T23:51:54.326225,,,Niemcy,P_Kompania__5_Infanterie_Regiment,,second_move,,,34,-6,,,,,,,,,,,,,,,,,,,,,,second_chance after PRE_RAID_OPTIMIZATION,,,,,,,,,,,,,,,,,,,,,,,,
2025-09-15T23:51:54.354217,,target_selection,Niemcy,AC_Kompania__5_schwere_Artillerie,,target_analysis,,,,,39,-4,,,,,,,,,,,,,,,,,,,,"Target analysis: 29 candidates, score -1.00",,29,-1,999,,,,,,,,,False,,,,,,,29,29,29,4,2
2025-09-15T23:51:54.357636,,,Niemcy,AC_Kompania__5_schwere_Artillerie,,second_move,,,39,-4,,,,,,,,,,,,,,,,,,,,,,second_chance after PRE_RAID_OPTIMIZATION,,,,,,,,,,,,,,,,,,,,,,,,
2025-09-15T23:51:54.384796,,target_selection,Niemcy,AL_Batalion__5_Artillerie_Abteilung,,target_analysis,,,,,54,-18,,,,,,,,,,,,,,,,,,,,"Target analysis: 29 candidates, score -1.00",,29,-1,999,,,,,,,,,False,,,,,,,29,29,29,5,2
2025-09-15T23:51:54.388369,,,Niemcy,AL_Batalion__5_Artillerie_Abteilung,,second_move,,,54,-18,,,,,,,,,,,,,,,,,,,,,,second_chance after PRE_RAID_OPTIMIZATION,,,,,,,,,,,,,,,,,,,,,,,,
2025-09-15T23:51:54.416808,,target_selection,Niemcy,Z_Kompania__5_Unterst_tzungs_Bataillon,,target_analysis,,,,,43,-14,,,,,,,,,,,,,,,,,,,,"Target analysis: 29 candidates, score 45.00",,29,45.0,1,,,,,,,,,False,,,,"(43, -14)",,,27,29,29,4,3
2025-09-15T23:51:54.419009,,,Niemcy,Z_Kompania__5_Unterst_tzungs_Bataillon,,second_move,,,43,-14,,,,,,,,,,,,,,,,,,,,,,second_chance after PRE_RAID_OPTIMIZATION,,,,,,,,,,,,,,,,,,,,,,,,
2025-09-15T23:51:54.445401,,target_selection,Niemcy,Z_Pluton__5_Versorgungs_Kompanie,,target_analysis,,,,,43,-15,,,,,,,,,,,,,,,,,,,,"Target analysis: 29 candidates, score 45.00",,29,45.0,3,,,,,,,,,False,,,,"(43, -15)",,,27,29,29,8,3
2025-09-15T23:51:54.453413,,,Niemcy,Z_Pluton__5_Versorgungs_Kompanie,,second_move,,,43,-15,,,,,,,,,,,,,,,,,,,,,,second_chance after PRE_RAID_OPTIMIZATION,,,,,,,,,,,,,,,,,,,,,,,,
2025-09-15T23:51:54.479162,,target_selection,Niemcy,Z_Pluton__5_Unterst_tzungs_Bataillon_20250913214038,,target_analysis,,,,,45,-15,,,,,,,,,,,,,,,,,,,,"Target analysis: 29 candidates, score 30.00",,29,30.0,3,,,,,,,,,False,,,,"(45, -15)",,,28,29,29,8,3
2025-09-15T23:51:54.486422,,,Niemcy,Z_Pluton__5_Unterst_tzungs_Bataillon_20250913214038,,second_move,,,45,-15,,,,,,,,,,,,,,,,,,,,,,second_chance after PRE_RAID_OPTIMIZATION,,,,,,,,,,,,,,,,,,,,,,,,
2025-09-15T23:51:54.513129,,,Niemcy,Z_Pluton__5_Unterst_tzungs_Bataillon,,second_move,,,44,-14,,,,,,,,,,,,,,,,,,,,,,second_chance after PRE_RAID_OPTIMIZATION,,,,,,,,,,,,,,,,,,,,,,,,
2025-09-15T23:51:54.576646,,,Niemcy,RESUPPLY_NEEDS,,resupply_analysis,,,,,,,,,,,,,,,,,,,,,,,,,,NEEDS_ANALYSIS PRE_RAID_OPTIMIZATION | TOTAL_FUEL_NEEDED: 11 | TOTAL_COMBAT_NEEDED: 0 | TOTAL_PE_NEEDED: 11 | BUDGET_AVAILABLE: 28 | UNITS_REQUIRING_HELP: 8,,,,,,,,,,,,,,,,,,,,,,,,
2025-09-15T23:51:54.577738,,,Niemcy,P_Pluton__5_Infanterie_Regiment,,resupply_detailed,36,-6,36,-6,,,,,,,,,,,,,,,,,,,,,,phase1 PRE_RAID_OPTIMIZATION | PE_SPENT: fuel=1 combat=0 total=1 | BEFORE: fuel=1 combat=8 | AFTER: fuel=2 combat=8,,,,,,,,,,,,,,,,,,,,,,,,
2025-09-15T23:51:54.577738,,,Niemcy,P_Kompania__5_Infanterie_Regiment,,resupply_detailed,34,-6,34,-6,,,,,,,,,,,,,,,,,,,,,,phase1 PRE_RAID_OPTIMIZATION | PE_SPENT: fuel=1 combat=0 total=1 | BEFORE: fuel=1 combat=11 | AFTER: fuel=2 combat=11,,,,,,,,,,,,,,,,,,,,,,,,
2025-09-15T23:51:54.579041,,,Niemcy,AC_Kompania__5_schwere_Artillerie,,resupply_detailed,39,-4,39,-4,,,,,,,,,,,,,,,,,,,,,,phase1 PRE_RAID_OPTIMIZATION | PE_SPENT: fuel=1 combat=0 total=1 | BEFORE: fuel=1 combat=11 | AFTER: fuel=2 combat=11,,,,,,,,,,,,,,,,,,,,,,,,
2025-09-15T23:51:54.580039,,,Niemcy,AL_Batalion__5_Artillerie_Abteilung,,resupply_detailed,54,-18,54,-18,,,,,,,,,,,,,,,,,,,,,,phase1 PRE_RAID_OPTIMIZATION | PE_SPENT: fuel=1 combat=0 total=1 | BEFORE: fuel=1 combat=11 | AFTER: fuel=2 combat=11,,,,,,,,,,,,,,,,,,,,,,,,
2025-09-15T23:51:54.580039,,,Niemcy,Z_Kompania__5_Unterst_tzungs_Bataillon,,resupply_detailed,43,-14,43,-14,,,,,,,,,,,,,,,,,,,,,,phase1 PRE_RAID_OPTIMIZATION | PE_SPENT: fuel=1 combat=0 total=1 | BEFORE: fuel=2 combat=6 | AFTER: fuel=3 combat=6,,,,,,,,,,,,,,,,,,,,,,,,
2025-09-15T23:51:54.581036,,,Niemcy,Z_Pluton__5_Versorgungs_Kompanie,,resupply_detailed,43,-15,43,-15,,,,,,,,,,,,,,,,,,,,,,phase1 PRE_RAID_OPTIMIZATION | PE_SPENT: fuel=1 combat=0 total=1 | BEFORE: fuel=2 combat=4 | AFTER: fuel=3 combat=4,,,,,,,,,,,,,,,,,,,,,,,,
2025-09-15T23:51:54.582034,,,Niemcy,Z_Pluton__5_Unterst_tzungs_Bataillon_20250913214038,,resupply_detailed,45,-15,45,-15,,,,,,,,,,,,,,,,,,,,,,phase1 PRE_RAID_OPTIMIZATION | PE_SPENT: fuel=1 combat=0 total=1 | BEFORE: fuel=2 combat=4 | AFTER: fuel=3 combat=4,,,,,,,,,,,,,,,,,,,,,,,,
2025-09-15T23:51:54.585370,,,Niemcy,RESUPPLY_OPERATION,,resupply_summary,,,,,,,,,,,,,,,,,,,,,,,,,,RESUPPLY_SUMMARY PRE_RAID_OPTIMIZATION | TOTAL_PE_SPENT: 7 | UNITS_RESUPPLIED: 7/8 | BUDGET_ALLOCATED: 28 | PE_REMAINING: 29,,,,,,,,,,,,,,,,,,,,,,,,
2025-09-15T23:51:54.608839,,target_selection,Niemcy,P_Pluton__5_Infanterie_Regiment,,target_analysis,,,,,38,-6,,,,,,,,,,,,,,,,,,,,"Target analysis: 29 candidates, score -1.00",,29,-1,999,,,,,,,,,False,,,,,,,29,29,29,4,2
2025-09-15T23:51:54.613754,,,Niemcy,P_Pluton__5_Infanterie_Regiment,,second_move,,,38,-6,,,,,,,,,,,,,,,,,,,,,,second_chance after PRE_RAID_OPTIMIZATION,,,,,,,,,,,,,,,,,,,,,,,,
2025-09-15T23:51:54.636892,,target_selection,Niemcy,P_Kompania__5_Infanterie_Regiment,,target_analysis,,,,,36,-6,,,,,,,,,,,,,,,,,,,,"Target analysis: 29 candidates, score -1.00",,29,-1,999,,,,,,,,,False,,,,,,,29,29,29,2,2
2025-09-15T23:51:54.642155,,,Niemcy,P_Kompania__5_Infanterie_Regiment,,second_move,,,36,-6,,,,,,,,,,,,,,,,,,,,,,second_chance after PRE_RAID_OPTIMIZATION,,,,,,,,,,,,,,,,,,,,,,,,
2025-09-15T23:51:54.670105,,target_selection,Niemcy,AC_Kompania__5_schwere_Artillerie,,target_analysis,,,,,41,-4,,,,,,,,,,,,,,,,,,,,"Target analysis: 29 candidates, score -1.00",,29,-1,999,,,,,,,,,False,,,,,,,29,29,29,3,2
2025-09-15T23:51:54.671479,,,Niemcy,AC_Kompania__5_schwere_Artillerie,,second_move,,,41,-4,,,,,,,,,,,,,,,,,,,,,,second_chance after PRE_RAID_OPTIMIZATION,,,,,,,,,,,,,,,,,,,,,,,,
2025-09-15T23:51:54.693607,,target_selection,Niemcy,AL_Batalion__5_Artillerie_Abteilung,,target_analysis,,,,,54,-16,,,,,,,,,,,,,,,,,,,,"Target analysis: 29 candidates, score -1.00",,29,-1,999,,,,,,,,,False,,,,,,,29,29,29,4,2
2025-09-15T23:51:54.697069,,,Niemcy,AL_Batalion__5_Artillerie_Abteilung,,second_move,,,54,-16,,,,,,,,,,,,,,,,,,,,,,second_chance after PRE_RAID_OPTIMIZATION,,,,,,,,,,,,,,,,,,,,,,,,
2025-09-15T23:51:54.706046,,target_selection,Niemcy,Z_Kompania__5_Unterst_tzungs_Bataillon,,target_analysis,,,,,44,-15,,,,,,,,,,,,,,,,,,,,"Target analysis: 29 candidates, score 30.00",,29,30.0,1,,,,,,,,,False,,,,"(44, -15)",,,28,29,29,3,3
2025-09-15T23:51:54.709824,,,Niemcy,Z_Kompania__5_Unterst_tzungs_Bataillon,,second_move,,,44,-15,,,,,,,,,,,,,,,,,,,,,,second_chance after PRE_RAID_OPTIMIZATION,,,,,,,,,,,,,,,,,,,,,,,,
2025-09-15T23:51:54.738111,,target_selection,Niemcy,Z_Pluton__5_Versorgungs_Kompanie,,target_analysis,,,,,43,-14,,,,,,,,,,,,,,,,,,,,"Target analysis: 29 candidates, score 45.00",,29,45.0,1,,,,,,,,,False,,,,"(43, -14)",,,28,29,29,7,3
2025-09-15T23:51:54.741852,,,Niemcy,Z_Pluton__5_Versorgungs_Kompanie,,second_move,,,43,-14,,,,,,,,,,,,,,,,,,,,,,second_chance after PRE_RAID_OPTIMIZATION,,,,,,,,,,,,,,,,,,,,,,,,
2025-09-15T23:51:54.766325,,target_selection,Niemcy,Z_Pluton__5_Unterst_tzungs_Bataillon_20250913214038,,target_analysis,,,,,43,-15,,,,,,,,,,,,,,,,,,,,"Target analysis: 29 candidates, score 45.00",,29,45.0,3,,,,,,,,,False,,,,"(43, -15)",,,28,29,29,7,3
2025-09-15T23:51:54.772430,,,Niemcy,Z_Pluton__5_Unterst_tzungs_Bataillon_20250913214038,,second_move,,,43,-15,,,,,,,,,,,,,,,,,,,,,,second_chance after PRE_RAID_OPTIMIZATION,,,,,,,,,,,,,,,,,,,,,,,,
2025-09-15T23:51:54.795539,,,Niemcy,Z_Pluton__5_Unterst_tzungs_Bataillon,,second_move,,,44,-14,,,,,,,,,,,,,,,,,,,,,,second_chance after PRE_RAID_OPTIMIZATION,,,,,,,,,,,,,,,,,,,,,,,,
2025-09-15T23:51:54.840472,,,Niemcy,RESUPPLY_NEEDS,,resupply_analysis,,,,,,,,,,,,,,,,,,,,,,,,,,NEEDS_ANALYSIS PRE_RAID_OPTIMIZATION | TOTAL_FUEL_NEEDED: 11 | TOTAL_COMBAT_NEEDED: 0 | TOTAL_PE_NEEDED: 11 | BUDGET_AVAILABLE: 23 | UNITS_REQUIRING_HELP: 8,,,,,,,,,,,,,,,,,,,,,,,,
2025-09-15T23:51:54.849044,,,Niemcy,RESUPPLY_OPERATION,,resupply_summary,,,,,,,,,,,,,,,,,,,,,,,,,,RESUPPLY_SUMMARY PRE_RAID_OPTIMIZATION | TOTAL_PE_SPENT: 0 | UNITS_RESUPPLIED: 0/8 | BUDGET_ALLOCATED: 23 | PE_REMAINING: 29,,,,,,,,,,,,,,,,,,,,,,,,
2025-09-15T23:51:54.861539,,target_selection,Niemcy,P_Pluton__5_Infanterie_Regiment,,target_analysis,,,,,38,-5,,,,,,,,,,,,,,,,,,,,"Target analysis: 29 candidates, score -1.00",,29,-1,999,,,,,,,,,False,,,,,,,29,29,29,3,1
2025-09-15T23:51:54.865774,,,Niemcy,P_Pluton__5_Infanterie_Regiment,,second_move,,,38,-5,,,,,,,,,,,,,,,,,,,,,,second_chance after PRE_RAID_OPTIMIZATION,,,,,,,,,,,,,,,,,,,,,,,,
2025-09-15T23:51:54.877361,,target_selection,Niemcy,P_Kompania__5_Infanterie_Regiment,,target_analysis,,,,,37,-6,,,,,,,,,,,,,,,,,,,,"Target analysis: 29 candidates, score -1.00",,29,-1,999,,,,,,,,,False,,,,,,,29,29,29,1,1
2025-09-15T23:51:54.881780,,,Niemcy,P_Kompania__5_Infanterie_Regiment,,second_move,,,37,-6,,,,,,,,,,,,,,,,,,,,,,second_chance after PRE_RAID_OPTIMIZATION,,,,,,,,,,,,,,,,,,,,,,,,
2025-09-15T23:51:54.893463,,target_selection,Niemcy,AC_Kompania__5_schwere_Artillerie,,target_analysis,,,,,42,-4,,,,,,,,,,,,,,,,,,,,"Target analysis: 29 candidates, score -1.00",,29,-1,999,,,,,,,,,False,,,,,,,29,29,29,2,1
2025-09-15T23:51:54.899115,,,Niemcy,AC_Kompania__5_schwere_Artillerie,,second_move,,,42,-4,,,,,,,,,,,,,,,,,,,,,,second_chance after PRE_RAID_OPTIMIZATION,,,,,,,,,,,,,,,,,,,,,,,,
2025-09-15T23:51:54.910070,,target_selection,Niemcy,AL_Batalion__5_Artillerie_Abteilung,,target_analysis,,,,,55,-16,,,,,,,,,,,,,,,,,,,,"Target analysis: 29 candidates, score -1.00",,29,-1,999,,,,,,,,,False,,,,,,,29,29,29,3,1
2025-09-15T23:51:54.912279,,,Niemcy,AL_Batalion__5_Artillerie_Abteilung,,second_move,,,55,-16,,,,,,,,,,,,,,,,,,,,,,second_chance after PRE_RAID_OPTIMIZATION,,,,,,,,,,,,,,,,,,,,,,,,
2025-09-15T23:51:54.927582,,target_selection,Niemcy,Z_Kompania__5_Unterst_tzungs_Bataillon,,target_analysis,,,,,45,-15,,,,,,,,,,,,,,,,,,,,"Target analysis: 29 candidates, score 30.00",,29,30.0,1,,,,,,,,,False,,,,"(45, -15)",,,28,29,29,2,2
2025-09-15T23:51:54.931099,,,Niemcy,Z_Kompania__5_Unterst_tzungs_Bataillon,,second_move,,,45,-15,,,,,,,,,,,,,,,,,,,,,,second_chance after PRE_RAID_OPTIMIZATION,,,,,,,,,,,,,,,,,,,,,,,,
2025-09-15T23:51:54.940214,,target_selection,Niemcy,Z_Pluton__5_Versorgungs_Kompanie,,target_analysis,,,,,,,,,,,,,,,,,,,,,,,,,,"Target analysis: 29 candidates, score -1.00",,29,-1,999,,,,,,,,,False,,,,,,,29,29,29,6,2
2025-09-15T23:51:54.961870,,target_selection,Niemcy,Z_Pluton__5_Unterst_tzungs_Bataillon_20250913214038,,target_analysis,,,,,41,-15,,,,,,,,,,,,,,,,,,,,"Target analysis: 29 candidates, score -1.00",,29,-1,999,,,,,,,,,False,,,,,,,29,29,29,6,2
2025-09-15T23:51:54.969493,,,Niemcy,Z_Pluton__5_Unterst_tzungs_Bataillon_20250913214038,,second_move,,,41,-15,,,,,,,,,,,,,,,,,,,,,,second_chance after PRE_RAID_OPTIMIZATION,,,,,,,,,,,,,,,,,,,,,,,,
2025-09-15T23:51:54.974121,,,Niemcy,Z_Pluton__5_Unterst_tzungs_Bataillon,,second_move,,,43,-15,,,,,,,,,,,,,,,,,,,,,,second_chance after PRE_RAID_OPTIMIZATION,,,,,,,,,,,,,,,,,,,,,,,,
2025-09-15T23:51:54.974121,,,Niemcy,RESUPPLY_NEEDS,,resupply_analysis,,,,,,,,,,,,,,,,,,,,,,,,,,NEEDS_ANALYSIS LOW_FUEL | TOTAL_FUEL_NEEDED: 18 | TOTAL_COMBAT_NEEDED: 0 | TOTAL_PE_NEEDED: 18 | BUDGET_AVAILABLE: 26 | UNITS_REQUIRING_HELP: 8,,,,,,,,,,,,,,,,,,,,,,,,
2025-09-15T23:51:54.974121,,,Niemcy,Z_Pluton__5_Unterst_tzungs_Bataillon,,resupply_detailed,43,-15,43,-15,,,,,,,,,,,,,,,,,,,,,,phase1 LOW_FUEL | PE_SPENT: fuel=1 combat=0 total=1 | BEFORE: fuel=2 combat=4 | AFTER: fuel=3 combat=4,,,,,,,,,,,,,,,,,,,,,,,,
2025-09-15T23:51:54.974121,,,Niemcy,RESUPPLY_OPERATION,,resupply_summary,,,,,,,,,,,,,,,,,,,,,,,,,,RESUPPLY_SUMMARY LOW_FUEL | TOTAL_PE_SPENT: 1 | UNITS_RESUPPLIED: 1/8 | BUDGET_ALLOCATED: 26 | PE_REMAINING: 28,,,,,,,,,,,,,,,,,,,,,,,,
2025-09-15T23:51:54.987882,,target_selection,Niemcy,Z_Kompania__5_Unterst_tzungs_Bataillon,,target_analysis,,,,,46,-15,,,,,,,,,,,,,,,,,,,,"Target analysis: 29 candidates, score -1.00",,29,-1,999,,,,,,,,,False,,,,,,,29,29,29,1,1
2025-09-15T23:51:54.991438,,,Niemcy,Z_Kompania__5_Unterst_tzungs_Bataillon,,second_move,,,46,-15,,,,,,,,,,,,,,,,,,,,,,second_chance after LOW_FUEL,,,,,,,,,,,,,,,,,,,,,,,,
2025-09-15T23:51:55.009581,,target_selection,Niemcy,Z_Pluton__5_Unterst_tzungs_Bataillon_20250913214038,,target_analysis,,,,,42,-15,,,,,,,,,,,,,,,,,,,,"Target analysis: 29 candidates, score -1.00",,29,-1,999,,,,,,,,,False,,,,,,,29,29,29,5,1
2025-09-15T23:51:55.012772,,,Niemcy,Z_Pluton__5_Unterst_tzungs_Bataillon_20250913214038,,second_move,,,42,-15,,,,,,,,,,,,,,,,,,,,,,second_chance after LOW_FUEL,,,,,,,,,,,,,,,,,,,,,,,,
2025-09-15T23:51:55.022022,,target_selection,Niemcy,Z_Pluton__5_Versorgungs_Kompanie,,target_analysis,,,,,45,-15,,,,,,,,,,,,,,,,,,,,"Target analysis: 29 candidates, score 30.00",,29,30.0,2,,,,,,,,,False,,,,"(45, -15)",,,28,29,29,6,2
2025-09-15T23:51:55.025174,,,Niemcy,Z_Pluton__5_Versorgungs_Kompanie,,second_move,,,45,-15,,,,,,,,,,,,,,,,,,,,,,second_chance after LOW_FUEL,,,,,,,,,,,,,,,,,,,,,,,,
2025-09-15T23:51:55.046161,,target_selection,Niemcy,Z_Pluton__5_Unterst_tzungs_Bataillon,,target_analysis,,,,,43,-14,,,,,,,,,,,,,,,,,,,,"Target analysis: 29 candidates, score 45.00",,29,45.0,1,,,,,,,,,False,,,,"(43, -14)",,,27,29,29,4,3
2025-09-15T23:51:55.053399,,,Niemcy,Z_Pluton__5_Unterst_tzungs_Bataillon,,second_move,,,43,-14,,,,,,,,,,,,,,,,,,,,,,second_chance after LOW_FUEL,,,,,,,,,,,,,,,,,,,,,,,,
2025-09-15T23:51:55.111978,,grouping,Niemcy,GROUP_5,,group_formation,42,-14,43,-15,43,-15,,,,,,,,,,,,,,,,,,,,"Group 5: 4 units, score 0.00",,,,,5,4,"42,-14",0.0,,,,False,,,,advanced,,,,,,,,
2025-09-15T23:51:55.136552,,strategy,Niemcy,STRATEGY,,strategic_decision,,,,,,,,,,,,,,,,,,,,,,,,,,"Strategy: REASSIGNMENT, aggression 0.50, 5 groups, 0 reassignments",,,,,,,,,REASSIGNMENT,0.5,,,,,,adaptive,,0,dynamic_reassignment,,,,,
2025-09-15T23:51:55.157970,,strategy,Niemcy,STRATEGY,,strategic_decision,,,,,,,,,,,,,,,,,,,,,,,,,,"Strategy: REASSIGNMENT, aggression 0.50, 5 groups, 0 reassignments",,,,,,,,,REASSIGNMENT,0.5,,,,,,adaptive,,0,dynamic_reassignment,,,,,
2025-09-15T23:51:55.162717,,strategy,Niemcy,STRATEGY,,strategic_decision,,,,,,,,,,,,,,,,,,,,,,,,,,"Strategy: REASSIGNMENT, aggression 0.50, 1 groups, 0 reassignments",,,,,,,,,REASSIGNMENT,0.5,,,,,,adaptive,,0,dynamic_reassignment,,,,,
2025-09-15T23:51:55.172063,,target_selection,Niemcy,P_Pluton__5_Infanterie_Regiment,,target_analysis,,,,,,,,,,,,,,,,,,,,,,,,,,"Target analysis: 29 candidates, score -1.00",,29,-1,999,,,,,,,,,False,,,,,,,29,29,29,6,0
2025-09-15T23:51:55.174145,,,Niemcy,RESUPPLY_NEEDS,,resupply_analysis,,,,,,,,,,,,,,,,,,,,,,,,,,NEEDS_ANALYSIS LOW_FUEL | TOTAL_FUEL_NEEDED: 21 | TOTAL_COMBAT_NEEDED: 0 | TOTAL_PE_NEEDED: 21 | BUDGET_AVAILABLE: 25 | UNITS_REQUIRING_HELP: 8,,,,,,,,,,,,,,,,,,,,,,,,
2025-09-15T23:51:55.175164,,,Niemcy,Z_Pluton__5_Unterst_tzungs_Bataillon,,resupply_detailed,43,-14,43,-14,,,,,,,,,,,,,,,,,,,,,,phase1 LOW_FUEL | PE_SPENT: fuel=1 combat=0 total=1 | BEFORE: fuel=2 combat=4 | AFTER: fuel=3 combat=4,,,,,,,,,,,,,,,,,,,,,,,,
2025-09-15T23:51:55.176168,,,Niemcy,RESUPPLY_OPERATION,,resupply_summary,,,,,,,,,,,,,,,,,,,,,,,,,,RESUPPLY_SUMMARY LOW_FUEL | TOTAL_PE_SPENT: 1 | UNITS_RESUPPLIED: 1/8 | BUDGET_ALLOCATED: 25 | PE_REMAINING: 27,,,,,,,,,,,,,,,,,,,,,,,,
2025-09-15T23:51:55.187841,,target_selection,Niemcy,Z_Pluton__5_Versorgungs_Kompanie,,target_analysis,,,,,44,-14,,,,,,,,,,,,,,,,,,,,"Target analysis: 29 candidates, score -1.00",,29,-1,999,,,,,,,,,False,,,,,,,29,29,29,5,1
2025-09-15T23:51:55.189177,,,Niemcy,Z_Pluton__5_Versorgungs_Kompanie,,second_move,,,44,-14,,,,,,,,,,,,,,,,,,,,,,second_chance after LOW_FUEL,,,,,,,,,,,,,,,,,,,,,,,,
2025-09-15T23:51:55.207063,,target_selection,Niemcy,Z_Pluton__5_Unterst_tzungs_Bataillon,,target_analysis,,,,,43,-15,,,,,,,,,,,,,,,,,,,,"Target analysis: 29 candidates, score 45.00",,29,45.0,1,,,,,,,,,False,,,,"(43, -15)",,,27,29,29,3,3
2025-09-15T23:51:55.210432,,,Niemcy,Z_Pluton__5_Unterst_tzungs_Bataillon,,second_move,,,43,-15,,,,,,,,,,,,,,,,,,,,,,second_chance after LOW_FUEL,,,,,,,,,,,,,,,,,,,,,,,,
2025-09-15T23:51:55.213187,,,Niemcy,RESUPPLY_NEEDS,,resupply_analysis,,,,,,,,,,,,,,,,,,,,,,,,,,NEEDS_ANALYSIS LOW_FUEL | TOTAL_FUEL_NEEDED: 22 | TOTAL_COMBAT_NEEDED: 0 | TOTAL_PE_NEEDED: 22 | BUDGET_AVAILABLE: 24 | UNITS_REQUIRING_HELP: 8,,,,,,,,,,,,,,,,,,,,,,,,
2025-09-15T23:51:55.213677,,,Niemcy,RESUPPLY_OPERATION,,resupply_summary,,,,,,,,,,,,,,,,,,,,,,,,,,RESUPPLY_SUMMARY LOW_FUEL | TOTAL_PE_SPENT: 0 | UNITS_RESUPPLIED: 0/8 | BUDGET_ALLOCATED: 24 | PE_REMAINING: 27,,,,,,,,,,,,,,,,,,,,,,,,
2025-09-15T23:51:55.227686,,target_selection,Niemcy,Z_Pluton__5_Unterst_tzungs_Bataillon,,target_analysis,,,,,43,-17,,,,,,,,,,,,,,,,,,,,"Target analysis: 29 candidates, score -1.00",,29,-1,999,,,,,,,,,False,,,,,,,29,29,29,2,2
2025-09-15T23:51:55.232683,,,Niemcy,Z_Pluton__5_Unterst_tzungs_Bataillon,,second_move,,,43,-17,,,,,,,,,,,,,,,,,,,,,,second_chance after LOW_FUEL,,,,,,,,,,,,,,,,,,,,,,,,
2025-09-15T23:51:55.251791,,strategy,Niemcy,STRATEGY,,strategic_decision,,,,,,,,,,,,,,,,,,,,,,,,,,"Strategy: REASSIGNMENT, aggression 0.50, 1 groups, 0 reassignments",,,,,,,,,REASSIGNMENT,0.5,,,,,,adaptive,,0,dynamic_reassignment,,,,,
2025-09-15T23:51:55.286472,,target_selection,Niemcy,P_Pluton__5_Sch_tzen_Kompanie,,target_analysis,,,,,39,-15,,,,,,,,,,,,,,,,,,,,"Target analysis: 29 candidates, score -1.00",,29,-1,999,,,,,,,,,False,,,,,,,29,29,29,5,2
2025-09-15T23:51:55.292714,,,Niemcy,P_Pluton__5_Sch_tzen_Kompanie,,adaptive_autonomous,39,-15,40,-15,,,,,,,,,,,,,,,,,,,,,,"Advanced auto mode: group 2 (strategy: WINNING, aggr: 0.3)",,,,,,,,,,,,,,,,,,,,,,,,
2025-09-15T23:51:55.294945,,strategy,Niemcy,STRATEGY,,strategic_decision,,,,,,,,,,,,,,,,,,,,,,,,,,"Strategy: REASSIGNMENT, aggression 0.50, 1 groups, 0 reassignments",,,,,,,,,REASSIGNMENT,0.5,,,,,,adaptive,,0,dynamic_reassignment,,,,,
2025-09-15T23:51:55.300408,,target_selection,Niemcy,AC_Kompania__5_schwere_Artillerie,,target_analysis,,,,,,,,,,,,,,,,,,,,,,,,,,"Target analysis: 29 candidates, score -1.00",,29,-1,999,,,,,,,,,False,,,,,,,29,29,29,5,0
2025-09-15T23:51:55.304588,,,Niemcy,RESUPPLY_NEEDS,,resupply_analysis,,,,,,,,,,,,,,,,,,,,,,,,,,NEEDS_ANALYSIS LOW_FUEL | TOTAL_FUEL_NEEDED: 24 | TOTAL_COMBAT_NEEDED: 0 | TOTAL_PE_NEEDED: 24 | BUDGET_AVAILABLE: 24 | UNITS_REQUIRING_HELP: 9,,,,,,,,,,,,,,,,,,,,,,,,
2025-09-15T23:51:55.305617,,,Niemcy,P_Pluton__5_Sch_tzen_Kompanie,,resupply_detailed,39,-15,39,-15,,,,,,,,,,,,,,,,,,,,,,phase1 LOW_FUEL | PE_SPENT: fuel=1 combat=0 total=1 | BEFORE: fuel=1 combat=8 | AFTER: fuel=2 combat=8,,,,,,,,,,,,,,,,,,,,,,,,
2025-09-15T23:51:55.306852,,,Niemcy,RESUPPLY_OPERATION,,resupply_summary,,,,,,,,,,,,,,,,,,,,,,,,,,RESUPPLY_SUMMARY LOW_FUEL | TOTAL_PE_SPENT: 1 | UNITS_RESUPPLIED: 1/9 | BUDGET_ALLOCATED: 24 | PE_REMAINING: 26,,,,,,,,,,,,,,,,,,,,,,,,
2025-09-15T23:51:55.319734,,target_selection,Niemcy,Z_Pluton__5_Unterst_tzungs_Bataillon,,target_analysis,,,,,44,-17,,,,,,,,,,,,,,,,,,,,"Target analysis: 29 candidates, score -1.00",,29,-1,999,,,,,,,,,False,,,,,,,29,29,29,1,1
2025-09-15T23:51:55.322958,,,Niemcy,Z_Pluton__5_Unterst_tzungs_Bataillon,,second_move,,,44,-17,,,,,,,,,,,,,,,,,,,,,,second_chance after LOW_FUEL,,,,,,,,,,,,,,,,,,,,,,,,
2025-09-15T23:51:55.353772,,target_selection,Niemcy,P_Pluton__5_Sch_tzen_Kompanie,,target_analysis,,,,,41,-15,,,,,,,,,,,,,,,,,,,,"Target analysis: 29 candidates, score -1.00",,29,-1,999,,,,,,,,,False,,,,,,,29,29,29,4,2
2025-09-15T23:51:55.353772,,,Niemcy,P_Pluton__5_Sch_tzen_Kompanie,,second_move,,,41,-15,,,,,,,,,,,,,,,,,,,,,,second_chance after LOW_FUEL,,,,,,,,,,,,,,,,,,,,,,,,
2025-09-15T23:51:55.361966,,strategy,Niemcy,STRATEGY,,strategic_decision,,,,,,,,,,,,,,,,,,,,,,,,,,"Strategy: REASSIGNMENT, aggression 0.50, 1 groups, 0 reassignments",,,,,,,,,REASSIGNMENT,0.5,,,,,,adaptive,,0,dynamic_reassignment,,,,,
2025-09-15T23:51:55.370387,,target_selection,Niemcy,AL_Batalion__5_Artillerie_Abteilung,,target_analysis,,,,,,,,,,,,,,,,,,,,,,,,,,"Target analysis: 29 candidates, score -1.00",,29,-1,999,,,,,,,,,False,,,,,,,29,29,29,6,0
2025-09-15T23:51:55.371466,,,Niemcy,RESUPPLY_NEEDS,,resupply_analysis,,,,,,,,,,,,,,,,,,,,,,,,,,NEEDS_ANALYSIS LOW_FUEL | TOTAL_FUEL_NEEDED: 25 | TOTAL_COMBAT_NEEDED: 0 | TOTAL_PE_NEEDED: 25 | BUDGET_AVAILABLE: 23 | UNITS_REQUIRING_HELP: 9,,,,,,,,,,,,,,,,,,,,,,,,
2025-09-15T23:51:55.372626,,,Niemcy,P_Pluton__5_Sch_tzen_Kompanie,,resupply_detailed,41,-15,41,-15,,,,,,,,,,,,,,,,,,,,,,phase1 LOW_FUEL | PE_SPENT: fuel=1 combat=0 total=1 | BEFORE: fuel=1 combat=8 | AFTER: fuel=2 combat=8,,,,,,,,,,,,,,,,,,,,,,,,
2025-09-15T23:51:55.374541,,,Niemcy,RESUPPLY_OPERATION,,resupply_summary,,,,,,,,,,,,,,,,,,,,,,,,,,RESUPPLY_SUMMARY LOW_FUEL | TOTAL_PE_SPENT: 1 | UNITS_RESUPPLIED: 1/9 | BUDGET_ALLOCATED: 23 | PE_REMAINING: 25,,,,,,,,,,,,,,,,,,,,,,,,
2025-09-15T23:51:55.398508,,target_selection,Niemcy,P_Pluton__5_Sch_tzen_Kompanie,,target_analysis,,,,,41,-13,,,,,,,,,,,,,,,,,,,,"Target analysis: 29 candidates, score -1.00",,29,-1,999,,,,,,,,,False,,,,,,,29,29,29,3,2
2025-09-15T23:51:55.404548,,,Niemcy,P_Pluton__5_Sch_tzen_Kompanie,,second_move,,,41,-13,,,,,,,,,,,,,,,,,,,,,,second_chance after LOW_FUEL,,,,,,,,,,,,,,,,,,,,,,,,
2025-09-15T23:51:55.406396,,,Niemcy,RESUPPLY_NEEDS,,resupply_analysis,,,,,,,,,,,,,,,,,,,,,,,,,,NEEDS_ANALYSIS LOW_FUEL | TOTAL_FUEL_NEEDED: 25 | TOTAL_COMBAT_NEEDED: 0 | TOTAL_PE_NEEDED: 25 | BUDGET_AVAILABLE: 22 | UNITS_REQUIRING_HELP: 9,,,,,,,,,,,,,,,,,,,,,,,,
2025-09-15T23:51:55.407623,,,Niemcy,P_Pluton__5_Sch_tzen_Kompanie,,resupply_detailed,41,-13,41,-13,,,,,,,,,,,,,,,,,,,,,,phase1 LOW_FUEL | PE_SPENT: fuel=1 combat=0 total=1 | BEFORE: fuel=1 combat=8 | AFTER: fuel=2 combat=8,,,,,,,,,,,,,,,,,,,,,,,,
2025-09-15T23:51:55.408931,,,Niemcy,RESUPPLY_OPERATION,,resupply_summary,,,,,,,,,,,,,,,,,,,,,,,,,,RESUPPLY_SUMMARY LOW_FUEL | TOTAL_PE_SPENT: 1 | UNITS_RESUPPLIED: 1/9 | BUDGET_ALLOCATED: 22 | PE_REMAINING: 24,,,,,,,,,,,,,,,,,,,,,,,,
2025-09-15T23:51:55.430075,,target_selection,Niemcy,P_Pluton__5_Sch_tzen_Kompanie,,target_analysis,,,,,39,-13,,,,,,,,,,,,,,,,,,,,"Target analysis: 29 candidates, score -1.00",,29,-1,999,,,,,,,,,False,,,,,,,29,29,29,2,2
2025-09-15T23:51:55.438419,,,Niemcy,P_Pluton__5_Sch_tzen_Kompanie,,second_move,,,39,-13,,,,,,,,,,,,,,,,,,,,,,second_chance after LOW_FUEL,,,,,,,,,,,,,,,,,,,,,,,,
2025-09-15T23:51:55.442554,,,Niemcy,RESUPPLY_NEEDS,,resupply_analysis,,,,,,,,,,,,,,,,,,,,,,,,,,NEEDS_ANALYSIS LOW_FUEL | TOTAL_FUEL_NEEDED: 25 | TOTAL_COMBAT_NEEDED: 0 | TOTAL_PE_NEEDED: 25 | BUDGET_AVAILABLE: 21 | UNITS_REQUIRING_HELP: 9,,,,,,,,,,,,,,,,,,,,,,,,
2025-09-15T23:51:55.443771,,,Niemcy,RESUPPLY_OPERATION,,resupply_summary,,,,,,,,,,,,,,,,,,,,,,,,,,RESUPPLY_SUMMARY LOW_FUEL | TOTAL_PE_SPENT: 0 | UNITS_RESUPPLIED: 0/9 | BUDGET_ALLOCATED: 21 | PE_REMAINING: 24,,,,,,,,,,,,,,,,,,,,,,,,
2025-09-15T23:51:55.457826,,target_selection,Niemcy,P_Pluton__5_Sch_tzen_Kompanie,,target_analysis,,,,,40,-13,,,,,,,,,,,,,,,,,,,,"Target analysis: 29 candidates, score -1.00",,29,-1,999,,,,,,,,,False,,,,,,,29,29,29,1,1
2025-09-15T23:51:55.461261,,,Niemcy,P_Pluton__5_Sch_tzen_Kompanie,,second_move,,,40,-13,,,,,,,,,,,,,,,,,,,,,,second_chance after LOW_FUEL,,,,,,,,,,,,,,,,,,,,,,,,
2025-09-15T23:51:55.463440,,,Niemcy,RESUPPLY_NEEDS,,resupply_analysis,,,,,,,,,,,,,,,,,,,,,,,,,,NEEDS_ANALYSIS LOW_FUEL | TOTAL_FUEL_NEEDED: 26 | TOTAL_COMBAT_NEEDED: 0 | TOTAL_PE_NEEDED: 26 | BUDGET_AVAILABLE: 21 | UNITS_REQUIRING_HELP: 9,,,,,,,,,,,,,,,,,,,,,,,,
2025-09-15T23:51:55.464450,,,Niemcy,RESUPPLY_OPERATION,,resupply_summary,,,,,,,,,,,,,,,,,,,,,,,,,,RESUPPLY_SUMMARY LOW_FUEL | TOTAL_PE_SPENT: 0 | UNITS_RESUPPLIED: 0/9 | BUDGET_ALLOCATED: 21 | PE_REMAINING: 24,,,,,,,,,,,,,,,,,,,,,,,,
2025-09-15T23:51:55.468821,,,Niemcy,RESUPPLY_NEEDS,,resupply_analysis,,,,,,,,,,,,,,,,,,,,,,,,,,NEEDS_ANALYSIS LOW_FUEL | TOTAL_FUEL_NEEDED: 26 | TOTAL_COMBAT_NEEDED: 0 | TOTAL_PE_NEEDED: 26 | BUDGET_AVAILABLE: 21 | UNITS_REQUIRING_HELP: 9,,,,,,,,,,,,,,,,,,,,,,,,
2025-09-15T23:51:55.469841,,,Niemcy,RESUPPLY_OPERATION,,resupply_summary,,,,,,,,,,,,,,,,,,,,,,,,,,RESUPPLY_SUMMARY LOW_FUEL | TOTAL_PE_SPENT: 0 | UNITS_RESUPPLIED: 0/9 | BUDGET_ALLOCATED: 21 | PE_REMAINING: 24,,,,,,,,,,,,,,,,,,,,,,,,
2025-09-15T23:51:55.471967,,,Niemcy,RESUPPLY_NEEDS,,resupply_analysis,,,,,,,,,,,,,,,,,,,,,,,,,,NEEDS_ANALYSIS LOW_FUEL | TOTAL_FUEL_NEEDED: 26 | TOTAL_COMBAT_NEEDED: 0 | TOTAL_PE_NEEDED: 26 | BUDGET_AVAILABLE: 21 | UNITS_REQUIRING_HELP: 9,,,,,,,,,,,,,,,,,,,,,,,,
2025-09-15T23:51:55.473050,,,Niemcy,RESUPPLY_OPERATION,,resupply_summary,,,,,,,,,,,,,,,,,,,,,,,,,,RESUPPLY_SUMMARY LOW_FUEL | TOTAL_PE_SPENT: 0 | UNITS_RESUPPLIED: 0/9 | BUDGET_ALLOCATED: 21 | PE_REMAINING: 24,,,,,,,,,,,,,,,,,,,,,,,,
2025-09-15T23:51:55.475714,,,Niemcy,AL_Batalion__5_Artillerie_Abteilung,,combat,55,-16,55,-14,,,,,,,,,,,,,,,,,,,,,,Attack enemy Z_Pluton__6_Unterst_tzungs_Bataillon,,,,,,,,,,,,,,,,,,,,,,,,
2025-09-15T23:51:55.478296,,,Niemcy,RESUPPLY_NEEDS,,resupply_analysis,,,,,,,,,,,,,,,,,,,,,,,,,,NEEDS_ANALYSIS LOW_FUEL | TOTAL_FUEL_NEEDED: 26 | TOTAL_COMBAT_NEEDED: 0 | TOTAL_PE_NEEDED: 26 | BUDGET_AVAILABLE: 21 | UNITS_REQUIRING_HELP: 9,,,,,,,,,,,,,,,,,,,,,,,,
2025-09-15T23:51:55.479301,,,Niemcy,RESUPPLY_OPERATION,,resupply_summary,,,,,,,,,,,,,,,,,,,,,,,,,,RESUPPLY_SUMMARY LOW_FUEL | TOTAL_PE_SPENT: 0 | UNITS_RESUPPLIED: 0/9 | BUDGET_ALLOCATED: 21 | PE_REMAINING: 24,,,,,,,,,,,,,,,,,,,,,,,,
2025-09-15T23:51:55.481573,,,Niemcy,RESUPPLY_NEEDS,,resupply_analysis,,,,,,,,,,,,,,,,,,,,,,,,,,NEEDS_ANALYSIS LOW_FUEL | TOTAL_FUEL_NEEDED: 26 | TOTAL_COMBAT_NEEDED: 0 | TOTAL_PE_NEEDED: 26 | BUDGET_AVAILABLE: 21 | UNITS_REQUIRING_HELP: 9,,,,,,,,,,,,,,,,,,,,,,,,
2025-09-15T23:51:55.482576,,,Niemcy,RESUPPLY_OPERATION,,resupply_summary,,,,,,,,,,,,,,,,,,,,,,,,,,RESUPPLY_SUMMARY LOW_FUEL | TOTAL_PE_SPENT: 0 | UNITS_RESUPPLIED: 0/9 | BUDGET_ALLOCATED: 21 | PE_REMAINING: 24,,,,,,,,,,,,,,,,,,,,,,,,
2025-09-15T23:51:55.487101,,,Niemcy,RESUPPLY_NEEDS,,resupply_analysis,,,,,,,,,,,,,,,,,,,,,,,,,,NEEDS_ANALYSIS LOW_FUEL | TOTAL_FUEL_NEEDED: 26 | TOTAL_COMBAT_NEEDED: 0 | TOTAL_PE_NEEDED: 26 | BUDGET_AVAILABLE: 21 | UNITS_REQUIRING_HELP: 9,,,,,,,,,,,,,,,,,,,,,,,,
2025-09-15T23:51:55.488254,,,Niemcy,RESUPPLY_OPERATION,,resupply_summary,,,,,,,,,,,,,,,,,,,,,,,,,,RESUPPLY_SUMMARY LOW_FUEL | TOTAL_PE_SPENT: 0 | UNITS_RESUPPLIED: 0/9 | BUDGET_ALLOCATED: 21 | PE_REMAINING: 24,,,,,,,,,,,,,,,,,,,,,,,,
2025-09-15T23:51:55.490396,,,Niemcy,RESUPPLY_NEEDS,,resupply_analysis,,,,,,,,,,,,,,,,,,,,,,,,,,NEEDS_ANALYSIS LOW_FUEL | TOTAL_FUEL_NEEDED: 26 | TOTAL_COMBAT_NEEDED: 0 | TOTAL_PE_NEEDED: 26 | BUDGET_AVAILABLE: 21 | UNITS_REQUIRING_HELP: 9,,,,,,,,,,,,,,,,,,,,,,,,
2025-09-15T23:51:55.491416,,,Niemcy,RESUPPLY_OPERATION,,resupply_summary,,,,,,,,,,,,,,,,,,,,,,,,,,RESUPPLY_SUMMARY LOW_FUEL | TOTAL_PE_SPENT: 0 | UNITS_RESUPPLIED: 0/9 | BUDGET_ALLOCATED: 21 | PE_REMAINING: 24,,,,,,,,,,,,,,,,,,,,,,,,
2025-09-15T23:51:55.492494,,,Niemcy,TURN_END,,turn_summary,,,,,,,,,,,10,1,,,,,,,,,,,,advanced,opp=0;groups=5;adv=True,"Turn completed: 1/10 units moved, 5 groups (advanced)",,,,,,,,,,,,,,,,,,,,,,,,
2025-09-15T23:51:55.546112,,,Niemcy,TURN_START,,turn_begin,,,,,,,,,,,,,,,,,,,,,,,,,,AI Commander turn started for player 6,,,,,,,,,,,,,,,,,,,,,,,,
2025-09-15T23:51:55.549673,,,Niemcy,RESUPPLY_NEEDS,,resupply_analysis,,,,,,,,,,,,,,,,,,,,,,,,,,NEEDS_ANALYSIS PRE_RAID_OPTIMIZATION | TOTAL_FUEL_NEEDED: 22 | TOTAL_COMBAT_NEEDED: 6 | TOTAL_PE_NEEDED: 28 | BUDGET_AVAILABLE: 70 | UNITS_REQUIRING_HELP: 8,,,,,,,,,,,,,,,,,,,,,,,,
2025-09-15T23:51:55.551971,,,Niemcy,P_Pluton__6_Sch_tzen_Kompanie,,resupply_detailed,44,8,44,8,,,,,,,,,,,,,,,,,,,,,,phase1 PRE_RAID_OPTIMIZATION | PE_SPENT: fuel=2 combat=0 total=2 | BEFORE: fuel=0 combat=8 | AFTER: fuel=2 combat=8,,,,,,,,,,,,,,,,,,,,,,,,
2025-09-15T23:51:55.553315,,,Niemcy,P_Pluton__6_Infanterie_Regiment,,resupply_detailed,49,6,49,6,,,,,,,,,,,,,,,,,,,,,,phase1 PRE_RAID_OPTIMIZATION | PE_SPENT: fuel=2 combat=0 total=2 | BEFORE: fuel=0 combat=8 | AFTER: fuel=2 combat=8,,,,,,,,,,,,,,,,,,,,,,,,
2025-09-15T23:51:55.553315,,,Niemcy,Z_Pluton__6_Unterst_tzungs_Bataillon_20250913214051,,resupply_detailed,30,17,30,17,,,,,,,,,,,,,,,,,,,,,,phase1 PRE_RAID_OPTIMIZATION | PE_SPENT: fuel=3 combat=0 total=3 | BEFORE: fuel=0 combat=4 | AFTER: fuel=3 combat=4,,,,,,,,,,,,,,,,,,,,,,,,
2025-09-15T23:51:55.554568,,,Niemcy,P_Batalion__6_Infanterie_Regiment,,resupply_detailed,42,11,42,11,,,,,,,,,,,,,,,,,,,,,,phase1 PRE_RAID_OPTIMIZATION | PE_SPENT: fuel=2 combat=5 total=7 | BEFORE: fuel=0 combat=8 | AFTER: fuel=2 combat=13,,,,,,,,,,,,,,,,,,,,,,,,
2025-09-15T23:51:55.554568,,,Niemcy,P_Pluton__6_Grenadier_Bataillon,,resupply_detailed,52,6,52,6,,,,,,,,,,,,,,,,,,,,,,phase1 PRE_RAID_OPTIMIZATION | PE_SPENT: fuel=2 combat=0 total=2 | BEFORE: fuel=0 combat=8 | AFTER: fuel=2 combat=8,,,,,,,,,,,,,,,,,,,,,,,,
2025-09-15T23:51:55.556598,,,Niemcy,Z_Batalion__6_Versorgungs_Kompanie,,resupply_detailed,51,-13,51,-13,,,,,,,,,,,,,,,,,,,,,,phase1 PRE_RAID_OPTIMIZATION | PE_SPENT: fuel=3 combat=0 total=3 | BEFORE: fuel=0 combat=7 | AFTER: fuel=3 combat=7,,,,,,,,,,,,,,,,,,,,,,,,
2025-09-15T23:51:55.556598,,,Niemcy,Z_Pluton__6_Unterst_tzungs_Bataillon_20250913214048,,resupply_detailed,51,-12,51,-12,,,,,,,,,,,,,,,,,,,,,,phase1 PRE_RAID_OPTIMIZATION | PE_SPENT: fuel=3 combat=0 total=3 | BEFORE: fuel=0 combat=4 | AFTER: fuel=3 combat=4,,,,,,,,,,,,,,,,,,,,,,,,
2025-09-15T23:51:55.556598,,,Niemcy,P_Kompania__6_Sch_tzen_Kompanie,,resupply_detailed,50,7,50,7,,,,,,,,,,,,,,,,,,,,,,phase1 PRE_RAID_OPTIMIZATION | PE_SPENT: fuel=2 combat=0 total=2 | BEFORE: fuel=0 combat=11 | AFTER: fuel=2 combat=11,,,,,,,,,,,,,,,,,,,,,,,,
2025-09-15T23:51:55.558606,,,Niemcy,P_Batalion__6_Infanterie_Regiment,,resupply_bonus,42,11,42,11,,,,,,,,,,,,,,,,,,,,,,bonus_phase PRE_RAID_OPTIMIZATION | PE_SPENT: fuel=0 combat=1 total=1 | BONUS_ALLOCATION: 1 PE available | REMAINING_BUDGET: 13 PE,,,,,,,,,,,,,,,,,,,,,,,,
2025-09-15T23:51:55.558606,,,Niemcy,RESUPPLY_OPERATION,,resupply_summary,,,,,,,,,,,,,,,,,,,,,,,,,,RESUPPLY_SUMMARY PRE_RAID_OPTIMIZATION | TOTAL_PE_SPENT: 25 | UNITS_RESUPPLIED: 8/8 | BUDGET_ALLOCATED: 70 | PE_REMAINING: 53,,,,,,,,,,,,,,,,,,,,,,,,
2025-09-15T23:51:55.590320,,target_selection,Niemcy,P_Pluton__6_Sch_tzen_Kompanie,,target_analysis,,,,,46,8,,,,,,,,,,,,,,,,,,,,"Target analysis: 29 candidates, score -1.00",,29,-1,999,,,,,,,,,False,,,,,,,29,29,29,5,2
2025-09-15T23:51:55.590320,,,Niemcy,P_Pluton__6_Sch_tzen_Kompanie,,second_move,,,46,8,,,,,,,,,,,,,,,,,,,,,,second_chance after PRE_RAID_OPTIMIZATION,,,,,,,,,,,,,,,,,,,,,,,,
2025-09-15T23:51:55.618587,,target_selection,Niemcy,P_Pluton__6_Infanterie_Regiment,,target_analysis,,,,,47,6,,,,,,,,,,,,,,,,,,,,"Target analysis: 29 candidates, score -1.00",,29,-1,999,,,,,,,,,False,,,,,,,29,29,29,5,2
2025-09-15T23:51:55.622201,,,Niemcy,P_Pluton__6_Infanterie_Regiment,,second_move,,,47,6,,,,,,,,,,,,,,,,,,,,,,second_chance after PRE_RAID_OPTIMIZATION,,,,,,,,,,,,,,,,,,,,,,,,
2025-09-15T23:51:55.653008,,target_selection,Niemcy,Z_Pluton__6_Unterst_tzungs_Bataillon_20250913214051,,target_analysis,,,,,33,14,,,,,,,,,,,,,,,,,,,,"Target analysis: 29 candidates, score -1.00",,29,-1,999,,,,,,,,,False,,,,,,,29,29,29,8,3
2025-09-15T23:51:55.670137,,,Niemcy,Z_Pluton__6_Unterst_tzungs_Bataillon_20250913214051,,second_move,,,33,14,,,,,,,,,,,,,,,,,,,,,,second_chance after PRE_RAID_OPTIMIZATION,,,,,,,,,,,,,,,,,,,,,,,,
2025-09-15T23:51:55.684653,,target_selection,Niemcy,P_Batalion__6_Infanterie_Regiment,,target_analysis,,,,,42,9,,,,,,,,,,,,,,,,,,,,"Target analysis: 29 candidates, score -1.00",,29,-1,999,,,,,,,,,False,,,,,,,29,29,29,5,2
2025-09-15T23:51:55.689670,,,Niemcy,P_Batalion__6_Infanterie_Regiment,,second_move,,,42,9,,,,,,,,,,,,,,,,,,,,,,second_chance after PRE_RAID_OPTIMIZATION,,,,,,,,,,,,,,,,,,,,,,,,
2025-09-15T23:51:55.705835,,target_selection,Niemcy,P_Pluton__6_Grenadier_Bataillon,,target_analysis,,,,,50,8,,,,,,,,,,,,,,,,,,,,"Target analysis: 29 candidates, score -1.00",,29,-1,999,,,,,,,,,False,,,,,,,29,29,29,5,2
2025-09-15T23:51:55.708503,,,Niemcy,P_Pluton__6_Grenadier_Bataillon,,second_move,,,50,8,,,,,,,,,,,,,,,,,,,,,,second_chance after PRE_RAID_OPTIMIZATION,,,,,,,,,,,,,,,,,,,,,,,,
2025-09-15T23:51:55.725081,,target_selection,Niemcy,Z_Batalion__6_Versorgungs_Kompanie,,target_analysis,,,,,52,-13,,,,,,,,,,,,,,,,,,,,"Target analysis: 29 candidates, score 30.00",,29,30.0,1,,,,,,,,,False,,,,"(52, -13)",,,27,29,29,6,3
2025-09-15T23:51:55.727275,,,Niemcy,Z_Batalion__6_Versorgungs_Kompanie,,second_move,,,52,-13,,,,,,,,,,,,,,,,,,,,,,second_chance after PRE_RAID_OPTIMIZATION,,,,,,,,,,,,,,,,,,,,,,,,
2025-09-15T23:51:55.745986,,target_selection,Niemcy,Z_Pluton__6_Unterst_tzungs_Bataillon_20250913214048,,target_analysis,,,,,51,-13,,,,,,,,,,,,,,,,,,,,"Target analysis: 29 candidates, score 30.00",,29,30.0,1,,,,,,,,,False,,,,"(51, -13)",,,25,29,29,8,3
2025-09-15T23:51:55.753589,,,Niemcy,Z_Pluton__6_Unterst_tzungs_Bataillon_20250913214048,,second_move,,,51,-13,,,,,,,,,,,,,,,,,,,,,,second_chance after PRE_RAID_OPTIMIZATION,,,,,,,,,,,,,,,,,,,,,,,,
2025-09-15T23:51:55.767200,,target_selection,Niemcy,P_Kompania__6_Sch_tzen_Kompanie,,target_analysis,,,,,52,7,,,,,,,,,,,,,,,,,,,,"Target analysis: 29 candidates, score -1.00",,29,-1,999,,,,,,,,,False,,,,,,,29,29,29,5,2
2025-09-15T23:51:55.776727,,,Niemcy,P_Kompania__6_Sch_tzen_Kompanie,,second_move,,,52,7,,,,,,,,,,,,,,,,,,,,,,second_chance after PRE_RAID_OPTIMIZATION,,,,,,,,,,,,,,,,,,,,,,,,
2025-09-15T23:51:55.914404,,,Niemcy,RESUPPLY_NEEDS,,resupply_analysis,,,,,,,,,,,,,,,,,,,,,,,,,,NEEDS_ANALYSIS MULTI_TURN_START | TOTAL_FUEL_NEEDED: 11 | TOTAL_COMBAT_NEEDED: 0 | TOTAL_PE_NEEDED: 11 | BUDGET_AVAILABLE: 42 | UNITS_REQUIRING_HELP: 8,,,,,,,,,,,,,,,,,,,,,,,,
2025-09-15T23:51:55.915432,,,Niemcy,P_Pluton__6_Sch_tzen_Kompanie,,resupply_detailed,46,8,46,8,,,,,,,,,,,,,,,,,,,,,,phase1 MULTI_TURN_START | PE_SPENT: fuel=1 combat=0 total=1 | BEFORE: fuel=1 combat=8 | AFTER: fuel=2 combat=8,,,,,,,,,,,,,,,,,,,,,,,,
2025-09-15T23:51:55.919902,,,Niemcy,P_Pluton__6_Infanterie_Regiment,,resupply_detailed,47,6,47,6,,,,,,,,,,,,,,,,,,,,,,phase1 MULTI_TURN_START | PE_SPENT: fuel=1 combat=0 total=1 | BEFORE: fuel=1 combat=8 | AFTER: fuel=2 combat=8,,,,,,,,,,,,,,,,,,,,,,,,
2025-09-15T23:51:55.919902,,,Niemcy,Z_Pluton__6_Unterst_tzungs_Bataillon_20250913214051,,resupply_detailed,33,14,33,14,,,,,,,,,,,,,,,,,,,,,,phase1 MULTI_TURN_START | PE_SPENT: fuel=1 combat=0 total=1 | BEFORE: fuel=2 combat=4 | AFTER: fuel=3 combat=4,,,,,,,,,,,,,,,,,,,,,,,,
2025-09-15T23:51:55.921196,,,Niemcy,P_Batalion__6_Infanterie_Regiment,,resupply_detailed,42,9,42,9,,,,,,,,,,,,,,,,,,,,,,phase1 MULTI_TURN_START | PE_SPENT: fuel=1 combat=0 total=1 | BEFORE: fuel=1 combat=14 | AFTER: fuel=2 combat=14,,,,,,,,,,,,,,,,,,,,,,,,
2025-09-15T23:51:55.922230,,,Niemcy,P_Pluton__6_Grenadier_Bataillon,,resupply_detailed,50,8,50,8,,,,,,,,,,,,,,,,,,,,,,phase1 MULTI_TURN_START | PE_SPENT: fuel=1 combat=0 total=1 | BEFORE: fuel=1 combat=8 | AFTER: fuel=2 combat=8,,,,,,,,,,,,,,,,,,,,,,,,
2025-09-15T23:51:55.922230,,,Niemcy,Z_Batalion__6_Versorgungs_Kompanie,,resupply_detailed,52,-13,52,-13,,,,,,,,,,,,,,,,,,,,,,phase1 MULTI_TURN_START | PE_SPENT: fuel=1 combat=0 total=1 | BEFORE: fuel=2 combat=7 | AFTER: fuel=3 combat=7,,,,,,,,,,,,,,,,,,,,,,,,
2025-09-15T23:51:55.923667,,,Niemcy,Z_Pluton__6_Unterst_tzungs_Bataillon_20250913214048,,resupply_detailed,51,-13,51,-13,,,,,,,,,,,,,,,,,,,,,,phase1 MULTI_TURN_START | PE_SPENT: fuel=1 combat=0 total=1 | BEFORE: fuel=2 combat=4 | AFTER: fuel=3 combat=4,,,,,,,,,,,,,,,,,,,,,,,,
2025-09-15T23:51:55.923667,,,Niemcy,P_Kompania__6_Sch_tzen_Kompanie,,resupply_detailed,52,7,52,7,,,,,,,,,,,,,,,,,,,,,,phase1 MULTI_TURN_START | PE_SPENT: fuel=1 combat=0 total=1 | BEFORE: fuel=1 combat=11 | AFTER: fuel=2 combat=11,,,,,,,,,,,,,,,,,,,,,,,,
2025-09-15T23:51:55.924652,,,Niemcy,RESUPPLY_OPERATION,,resupply_summary,,,,,,,,,,,,,,,,,,,,,,,,,,RESUPPLY_SUMMARY MULTI_TURN_START | TOTAL_PE_SPENT: 8 | UNITS_RESUPPLIED: 8/8 | BUDGET_ALLOCATED: 42 | PE_REMAINING: 45,,,,,,,,,,,,,,,,,,,,,,,,
2025-09-15T23:51:55.941956,,target_selection,Niemcy,P_Pluton__6_Sch_tzen_Kompanie,,target_analysis,,,,,44,8,,,,,,,,,,,,,,,,,,,,"Target analysis: 29 candidates, score -1.00",,29,-1,999,,,,,,,,,False,,,,,,,29,29,29,4,2
2025-09-15T23:51:55.946589,,,Niemcy,P_Pluton__6_Sch_tzen_Kompanie,,second_move,,,44,8,,,,,,,,,,,,,,,,,,,,,,second_chance after MULTI_TURN_START,,,,,,,,,,,,,,,,,,,,,,,,
2025-09-15T23:51:55.973459,,target_selection,Niemcy,P_Pluton__6_Infanterie_Regiment,,target_analysis,,,,,49,6,,,,,,,,,,,,,,,,,,,,"Target analysis: 29 candidates, score -1.00",,29,-1,999,,,,,,,,,False,,,,,,,29,29,29,4,2
2025-09-15T23:51:55.980586,,,Niemcy,P_Pluton__6_Infanterie_Regiment,,second_move,,,49,6,,,,,,,,,,,,,,,,,,,,,,second_chance after MULTI_TURN_START,,,,,,,,,,,,,,,,,,,,,,,,
2025-09-15T23:51:56.029590,,target_selection,Niemcy,Z_Pluton__6_Unterst_tzungs_Bataillon_20250913214051,,target_analysis,,,,,36,14,,,,,,,,,,,,,,,,,,,,"Target analysis: 29 candidates, score -1.00",,29,-1,999,,,,,,,,,False,,,,,,,29,29,29,7,3
2025-09-15T23:51:56.036072,,,Niemcy,Z_Pluton__6_Unterst_tzungs_Bataillon_20250913214051,,second_move,,,36,14,,,,,,,,,,,,,,,,,,,,,,second_chance after MULTI_TURN_START,,,,,,,,,,,,,,,,,,,,,,,,
2025-09-15T23:51:56.062681,,target_selection,Niemcy,P_Batalion__6_Infanterie_Regiment,,target_analysis,,,,,42,11,,,,,,,,,,,,,,,,,,,,"Target analysis: 29 candidates, score -1.00",,29,-1,999,,,,,,,,,False,,,,,,,29,29,29,4,2
2025-09-15T23:51:56.066074,,,Niemcy,P_Batalion__6_Infanterie_Regiment,,second_move,,,42,11,,,,,,,,,,,,,,,,,,,,,,second_chance after MULTI_TURN_START,,,,,,,,,,,,,,,,,,,,,,,,
2025-09-15T23:51:56.080555,,target_selection,Niemcy,P_Pluton__6_Grenadier_Bataillon,,target_analysis,,,,,52,6,,,,,,,,,,,,,,,,,,,,"Target analysis: 29 candidates, score -1.00",,29,-1,999,,,,,,,,,False,,,,,,,29,29,29,4,2
2025-09-15T23:51:56.087847,,,Niemcy,P_Pluton__6_Grenadier_Bataillon,,second_move,,,52,6,,,,,,,,,,,,,,,,,,,,,,second_chance after MULTI_TURN_START,,,,,,,,,,,,,,,,,,,,,,,,
2025-09-15T23:51:56.103330,,target_selection,Niemcy,Z_Batalion__6_Versorgungs_Kompanie,,target_analysis,,,,,51,-12,,,,,,,,,,,,,,,,,,,,"Target analysis: 29 candidates, score 30.00",,29,30.0,1,,,,,,,,,False,,,,"(51, -12)",,,28,29,29,5,3
2025-09-15T23:51:56.108650,,,Niemcy,Z_Batalion__6_Versorgungs_Kompanie,,second_move,,,51,-12,,,,,,,,,,,,,,,,,,,,,,second_chance after MULTI_TURN_START,,,,,,,,,,,,,,,,,,,,,,,,
2025-09-15T23:51:56.123886,,target_selection,Niemcy,Z_Pluton__6_Unterst_tzungs_Bataillon_20250913214048,,target_analysis,,,,,52,-13,,,,,,,,,,,,,,,,,,,,"Target analysis: 29 candidates, score 30.00",,29,30.0,1,,,,,,,,,False,,,,"(52, -13)",,,27,29,29,7,3
2025-09-15T23:51:56.128976,,,Niemcy,Z_Pluton__6_Unterst_tzungs_Bataillon_20250913214048,,second_move,,,52,-13,,,,,,,,,,,,,,,,,,,,,,second_chance after MULTI_TURN_START,,,,,,,,,,,,,,,,,,,,,,,,
2025-09-15T23:51:56.139924,,target_selection,Niemcy,P_Kompania__6_Sch_tzen_Kompanie,,target_analysis,,,,,50,7,,,,,,,,,,,,,,,,,,,,"Target analysis: 29 candidates, score -1.00",,29,-1,999,,,,,,,,,False,,,,,,,29,29,29,4,2
2025-09-15T23:51:56.143666,,,Niemcy,P_Kompania__6_Sch_tzen_Kompanie,,second_move,,,50,7,,,,,,,,,,,,,,,,,,,,,,second_chance after MULTI_TURN_START,,,,,,,,,,,,,,,,,,,,,,,,
2025-09-15T23:51:56.150960,,,Niemcy,RESUPPLY_NEEDS,,resupply_analysis,,,,,,,,,,,,,,,,,,,,,,,,,,NEEDS_ANALYSIS PRE_RAID_OPTIMIZATION | TOTAL_FUEL_NEEDED: 12 | TOTAL_COMBAT_NEEDED: 0 | TOTAL_PE_NEEDED: 12 | BUDGET_AVAILABLE: 36 | UNITS_REQUIRING_HELP: 8,,,,,,,,,,,,,,,,,,,,,,,,
2025-09-15T23:51:56.153585,,,Niemcy,Z_Pluton__6_Unterst_tzungs_Bataillon_20250913214051,,resupply_detailed,32,15,32,15,,,,,,,,,,,,,,,,,,,,,,phase1 PRE_RAID_OPTIMIZATION | PE_SPENT: fuel=2 combat=0 total=2 | BEFORE: fuel=1 combat=4 | AFTER: fuel=3 combat=4,,,,,,,,,,,,,,,,,,,,,,,,
2025-09-15T23:51:56.154585,,,Niemcy,P_Pluton__6_Sch_tzen_Kompanie,,resupply_detailed,44,8,44,8,,,,,,,,,,,,,,,,,,,,,,phase1 PRE_RAID_OPTIMIZATION | PE_SPENT: fuel=1 combat=0 total=1 | BEFORE: fuel=1 combat=8 | AFTER: fuel=2 combat=8,,,,,,,,,,,,,,,,,,,,,,,,
2025-09-15T23:51:56.154585,,,Niemcy,P_Pluton__6_Infanterie_Regiment,,resupply_detailed,49,6,49,6,,,,,,,,,,,,,,,,,,,,,,phase1 PRE_RAID_OPTIMIZATION | PE_SPENT: fuel=1 combat=0 total=1 | BEFORE: fuel=1 combat=8 | AFTER: fuel=2 combat=8,,,,,,,,,,,,,,,,,,,,,,,,
2025-09-15T23:51:56.155595,,,Niemcy,P_Batalion__6_Infanterie_Regiment,,resupply_detailed,42,11,42,11,,,,,,,,,,,,,,,,,,,,,,phase1 PRE_RAID_OPTIMIZATION | PE_SPENT: fuel=1 combat=0 total=1 | BEFORE: fuel=1 combat=14 | AFTER: fuel=2 combat=14,,,,,,,,,,,,,,,,,,,,,,,,
2025-09-15T23:51:56.156586,,,Niemcy,P_Pluton__6_Grenadier_Bataillon,,resupply_detailed,52,6,52,6,,,,,,,,,,,,,,,,,,,,,,phase1 PRE_RAID_OPTIMIZATION | PE_SPENT: fuel=1 combat=0 total=1 | BEFORE: fuel=1 combat=8 | AFTER: fuel=2 combat=8,,,,,,,,,,,,,,,,,,,,,,,,
2025-09-15T23:51:56.157582,,,Niemcy,Z_Batalion__6_Versorgungs_Kompanie,,resupply_detailed,51,-12,51,-12,,,,,,,,,,,,,,,,,,,,,,phase1 PRE_RAID_OPTIMIZATION | PE_SPENT: fuel=1 combat=0 total=1 | BEFORE: fuel=2 combat=7 | AFTER: fuel=3 combat=7,,,,,,,,,,,,,,,,,,,,,,,,
2025-09-15T23:51:56.157582,,,Niemcy,Z_Pluton__6_Unterst_tzungs_Bataillon_20250913214048,,resupply_detailed,52,-13,52,-13,,,,,,,,,,,,,,,,,,,,,,phase1 PRE_RAID_OPTIMIZATION | PE_SPENT: fuel=1 combat=0 total=1 | BEFORE: fuel=2 combat=4 | AFTER: fuel=3 combat=4,,,,,,,,,,,,,,,,,,,,,,,,
2025-09-15T23:51:56.158579,,,Niemcy,P_Kompania__6_Sch_tzen_Kompanie,,resupply_detailed,50,7,50,7,,,,,,,,,,,,,,,,,,,,,,phase1 PRE_RAID_OPTIMIZATION | PE_SPENT: fuel=1 combat=0 total=1 | BEFORE: fuel=1 combat=11 | AFTER: fuel=2 combat=11,,,,,,,,,,,,,,,,,,,,,,,,
2025-09-15T23:51:56.158579,,,Niemcy,RESUPPLY_OPERATION,,resupply_summary,,,,,,,,,,,,,,,,,,,,,,,,,,RESUPPLY_SUMMARY PRE_RAID_OPTIMIZATION | TOTAL_PE_SPENT: 9 | UNITS_RESUPPLIED: 8/8 | BUDGET_ALLOCATED: 36 | PE_REMAINING: 36,,,,,,,,,,,,,,,,,,,,,,,,
2025-09-15T23:51:56.204010,,target_selection,Niemcy,Z_Pluton__6_Unterst_tzungs_Bataillon_20250913214051,,target_analysis,,,,,29,18,,,,,,,,,,,,,,,,,,,,"Target analysis: 29 candidates, score -1.00",,29,-1,999,,,,,,,,,False,,,,,,,29,29,29,9,3
2025-09-15T23:51:56.248643,,,Niemcy,Z_Pluton__6_Unterst_tzungs_Bataillon_20250913214051,,second_move,,,29,18,,,,,,,,,,,,,,,,,,,,,,second_chance after PRE_RAID_OPTIMIZATION,,,,,,,,,,,,,,,,,,,,,,,,
2025-09-15T23:51:56.285751,,target_selection,Niemcy,P_Pluton__6_Sch_tzen_Kompanie,,target_analysis,,,,,46,8,,,,,,,,,,,,,,,,,,,,"Target analysis: 29 candidates, score -1.00",,29,-1,999,,,,,,,,,False,,,,,,,29,29,29,3,2
2025-09-15T23:51:56.289245,,,Niemcy,P_Pluton__6_Sch_tzen_Kompanie,,second_move,,,46,8,,,,,,,,,,,,,,,,,,,,,,second_chance after PRE_RAID_OPTIMIZATION,,,,,,,,,,,,,,,,,,,,,,,,
2025-09-15T23:51:56.309225,,target_selection,Niemcy,P_Pluton__6_Infanterie_Regiment,,target_analysis,,,,,47,6,,,,,,,,,,,,,,,,,,,,"Target analysis: 29 candidates, score -1.00",,29,-1,999,,,,,,,,,False,,,,,,,29,29,29,3,2
2025-09-15T23:51:56.311493,,,Niemcy,P_Pluton__6_Infanterie_Regiment,,second_move,,,47,6,,,,,,,,,,,,,,,,,,,,,,second_chance after PRE_RAID_OPTIMIZATION,,,,,,,,,,,,,,,,,,,,,,,,
2025-09-15T23:51:56.325866,,target_selection,Niemcy,P_Batalion__6_Infanterie_Regiment,,target_analysis,,,,,42,9,,,,,,,,,,,,,,,,,,,,"Target analysis: 29 candidates, score -1.00",,29,-1,999,,,,,,,,,False,,,,,,,29,29,29,3,2
2025-09-15T23:51:56.329945,,,Niemcy,P_Batalion__6_Infanterie_Regiment,,second_move,,,42,9,,,,,,,,,,,,,,,,,,,,,,second_chance after PRE_RAID_OPTIMIZATION,,,,,,,,,,,,,,,,,,,,,,,,
2025-09-15T23:51:56.344637,,target_selection,Niemcy,P_Pluton__6_Grenadier_Bataillon,,target_analysis,,,,,50,8,,,,,,,,,,,,,,,,,,,,"Target analysis: 29 candidates, score -1.00",,29,-1,999,,,,,,,,,False,,,,,,,29,29,29,3,2
2025-09-15T23:51:56.349129,,,Niemcy,P_Pluton__6_Grenadier_Bataillon,,second_move,,,50,8,,,,,,,,,,,,,,,,,,,,,,second_chance after PRE_RAID_OPTIMIZATION,,,,,,,,,,,,,,,,,,,,,,,,
2025-09-15T23:51:56.365874,,target_selection,Niemcy,Z_Batalion__6_Versorgungs_Kompanie,,target_analysis,,,,,51,-13,,,,,,,,,,,,,,,,,,,,"Target analysis: 29 candidates, score 30.00",,29,30.0,1,,,,,,,,,False,,,,"(51, -13)",,,25,29,29,4,3
2025-09-15T23:51:56.372317,,,Niemcy,Z_Batalion__6_Versorgungs_Kompanie,,second_move,,,51,-13,,,,,,,,,,,,,,,,,,,,,,second_chance after PRE_RAID_OPTIMIZATION,,,,,,,,,,,,,,,,,,,,,,,,
2025-09-15T23:51:56.390013,,target_selection,Niemcy,Z_Pluton__6_Unterst_tzungs_Bataillon_20250913214048,,target_analysis,,,,,51,-12,,,,,,,,,,,,,,,,,,,,"Target analysis: 29 candidates, score 30.00",,29,30.0,1,,,,,,,,,False,,,,"(51, -12)",,,28,29,29,6,3
2025-09-15T23:51:56.394519,,,Niemcy,Z_Pluton__6_Unterst_tzungs_Bataillon_20250913214048,,second_move,,,51,-12,,,,,,,,,,,,,,,,,,,,,,second_chance after PRE_RAID_OPTIMIZATION,,,,,,,,,,,,,,,,,,,,,,,,
2025-09-15T23:51:56.411923,,target_selection,Niemcy,P_Kompania__6_Sch_tzen_Kompanie,,target_analysis,,,,,52,7,,,,,,,,,,,,,,,,,,,,"Target analysis: 29 candidates, score -1.00",,29,-1,999,,,,,,,,,False,,,,,,,29,29,29,3,2
2025-09-15T23:51:56.416450,,,Niemcy,P_Kompania__6_Sch_tzen_Kompanie,,second_move,,,52,7,,,,,,,,,,,,,,,,,,,,,,second_chance after PRE_RAID_OPTIMIZATION,,,,,,,,,,,,,,,,,,,,,,,,
2025-09-15T23:51:56.438715,,,Niemcy,RESUPPLY_NEEDS,,resupply_analysis,,,,,,,,,,,,,,,,,,,,,,,,,,NEEDS_ANALYSIS PRE_RAID_OPTIMIZATION | TOTAL_FUEL_NEEDED: 12 | TOTAL_COMBAT_NEEDED: 0 | TOTAL_PE_NEEDED: 12 | BUDGET_AVAILABLE: 28 | UNITS_REQUIRING_HELP: 8,,,,,,,,,,,,,,,,,,,,,,,,
2025-09-15T23:51:56.439729,,,Niemcy,RESUPPLY_OPERATION,,resupply_summary,,,,,,,,,,,,,,,,,,,,,,,,,,RESUPPLY_SUMMARY PRE_RAID_OPTIMIZATION | TOTAL_PE_SPENT: 0 | UNITS_RESUPPLIED: 0/8 | BUDGET_ALLOCATED: 28 | PE_REMAINING: 36,,,,,,,,,,,,,,,,,,,,,,,,
2025-09-15T23:51:56.442092,,,Niemcy,Z_Batalion__6_Versorgungs_Kompanie,,second_move,,,51,-13,,,,,,,,,,,,,,,,,,,,,,second_chance after PRE_RAID_OPTIMIZATION,,,,,,,,,,,,,,,,,,,,,,,,
2025-09-15T23:51:56.454725,,target_selection,Niemcy,P_Pluton__6_Sch_tzen_Kompanie,,target_analysis,,,,,45,8,,,,,,,,,,,,,,,,,,,,"Target analysis: 29 candidates, score -1.00",,29,-1,999,,,,,,,,,False,,,,,,,29,29,29,2,1
2025-09-15T23:51:56.458217,,,Niemcy,P_Pluton__6_Sch_tzen_Kompanie,,second_move,,,45,8,,,,,,,,,,,,,,,,,,,,,,second_chance after PRE_RAID_OPTIMIZATION,,,,,,,,,,,,,,,,,,,,,,,,
2025-09-15T23:51:56.472286,,target_selection,Niemcy,P_Pluton__6_Infanterie_Regiment,,target_analysis,,,,,48,6,,,,,,,,,,,,,,,,,,,,"Target analysis: 29 candidates, score -1.00",,29,-1,999,,,,,,,,,False,,,,,,,29,29,29,2,1
2025-09-15T23:51:56.475916,,,Niemcy,P_Pluton__6_Infanterie_Regiment,,second_move,,,48,6,,,,,,,,,,,,,,,,,,,,,,second_chance after PRE_RAID_OPTIMIZATION,,,,,,,,,,,,,,,,,,,,,,,,
2025-09-15T23:51:56.495805,,target_selection,Niemcy,Z_Pluton__6_Unterst_tzungs_Bataillon_20250913214051,,target_analysis,,,,,29,16,,,,,,,,,,,,,,,,,,,,"Target analysis: 29 candidates, score -1.00",,29,-1,999,,,,,,,,,False,,,,,,,29,29,29,4,2
2025-09-15T23:51:56.499950,,,Niemcy,Z_Pluton__6_Unterst_tzungs_Bataillon_20250913214051,,second_move,,,29,16,,,,,,,,,,,,,,,,,,,,,,second_chance after PRE_RAID_OPTIMIZATION,,,,,,,,,,,,,,,,,,,,,,,,
2025-09-15T23:51:56.508360,,target_selection,Niemcy,P_Batalion__6_Infanterie_Regiment,,target_analysis,,,,,43,9,,,,,,,,,,,,,,,,,,,,"Target analysis: 29 candidates, score -1.00",,29,-1,999,,,,,,,,,False,,,,,,,29,29,29,2,1
2025-09-15T23:51:56.519840,,,Niemcy,P_Batalion__6_Infanterie_Regiment,,second_move,,,43,9,,,,,,,,,,,,,,,,,,,,,,second_chance after PRE_RAID_OPTIMIZATION,,,,,,,,,,,,,,,,,,,,,,,,
2025-09-15T23:51:56.527352,,target_selection,Niemcy,P_Pluton__6_Grenadier_Bataillon,,target_analysis,,,,,50,7,,,,,,,,,,,,,,,,,,,,"Target analysis: 29 candidates, score -1.00",,29,-1,999,,,,,,,,,False,,,,,,,29,29,29,2,1
2025-09-15T23:51:56.530921,,,Niemcy,P_Pluton__6_Grenadier_Bataillon,,second_move,,,50,7,,,,,,,,,,,,,,,,,,,,,,second_chance after PRE_RAID_OPTIMIZATION,,,,,,,,,,,,,,,,,,,,,,,,
2025-09-15T23:51:56.542369,,target_selection,Niemcy,Z_Pluton__6_Unterst_tzungs_Bataillon_20250913214048,,target_analysis,,,,,52,-12,,,,,,,,,,,,,,,,,,,,"Target analysis: 29 candidates, score -1.00",,29,-1,999,,,,,,,,,False,,,,,,,29,29,29,5,2
2025-09-15T23:51:56.545800,,,Niemcy,Z_Pluton__6_Unterst_tzungs_Bataillon_20250913214048,,second_move,,,52,-12,,,,,,,,,,,,,,,,,,,,,,second_chance after PRE_RAID_OPTIMIZATION,,,,,,,,,,,,,,,,,,,,,,,,
2025-09-15T23:51:56.555844,,target_selection,Niemcy,P_Kompania__6_Sch_tzen_Kompanie,,target_analysis,,,,,51,7,,,,,,,,,,,,,,,,,,,,"Target analysis: 29 candidates, score -1.00",,29,-1,999,,,,,,,,,False,,,,,,,29,29,29,2,1
2025-09-15T23:51:56.557996,,,Niemcy,P_Kompania__6_Sch_tzen_Kompanie,,second_move,,,51,7,,,,,,,,,,,,,,,,,,,,,,second_chance after PRE_RAID_OPTIMIZATION,,,,,,,,,,,,,,,,,,,,,,,,
2025-09-15T23:51:56.557996,,,Niemcy,RESUPPLY_NEEDS,,resupply_analysis,,,,,,,,,,,,,,,,,,,,,,,,,,NEEDS_ANALYSIS LOW_FUEL | TOTAL_FUEL_NEEDED: 20 | TOTAL_COMBAT_NEEDED: 0 | TOTAL_PE_NEEDED: 20 | BUDGET_AVAILABLE: 32 | UNITS_REQUIRING_HELP: 8,,,,,,,,,,,,,,,,,,,,,,,,
2025-09-15T23:51:56.557996,,,Niemcy,RESUPPLY_OPERATION,,resupply_summary,,,,,,,,,,,,,,,,,,,,,,,,,,RESUPPLY_SUMMARY LOW_FUEL | TOTAL_PE_SPENT: 0 | UNITS_RESUPPLIED: 0/8 | BUDGET_ALLOCATED: 32 | PE_REMAINING: 36,,,,,,,,,,,,,,,,,,,,,,,,
2025-09-15T23:51:56.575735,,target_selection,Niemcy,Z_Pluton__6_Unterst_tzungs_Bataillon_20250913214051,,target_analysis,,,,,30,16,,,,,,,,,,,,,,,,,,,,"Target analysis: 29 candidates, score -1.00",,29,-1,999,,,,,,,,,False,,,,,,,29,29,29,3,1
2025-09-15T23:51:56.581319,,,Niemcy,Z_Pluton__6_Unterst_tzungs_Bataillon_20250913214051,,second_move,,,30,16,,,,,,,,,,,,,,,,,,,,,,second_chance after LOW_FUEL,,,,,,,,,,,,,,,,,,,,,,,,
2025-09-15T23:51:56.584940,,target_selection,Niemcy,Z_Pluton__6_Unterst_tzungs_Bataillon_20250913214048,,target_analysis,,,,,51,-12,,,,,,,,,,,,,,,,,,,,"Target analysis: 29 candidates, score 30.00",,29,30.0,1,,,,,,,,,False,,,,"(51, -12)",,,28,29,29,4,1
2025-09-15T23:51:56.593825,,,Niemcy,Z_Pluton__6_Unterst_tzungs_Bataillon_20250913214048,,second_move,,,51,-12,,,,,,,,,,,,,,,,,,,,,,second_chance after LOW_FUEL,,,,,,,,,,,,,,,,,,,,,,,,
2025-09-15T23:51:56.631603,,strategy,Niemcy,STRATEGY,,strategic_decision,,,,,,,,,,,,,,,,,,,,,,,,,,"Strategy: REASSIGNMENT, aggression 0.50, 4 groups, 0 reassignments",,,,,,,,,REASSIGNMENT,0.5,,,,,,adaptive,,0,dynamic_reassignment,,,,,
2025-09-15T23:51:56.639200,,strategy,Niemcy,STRATEGY,,strategic_decision,,,,,,,,,,,,,,,,,,,,,,,,,,"Strategy: REASSIGNMENT, aggression 0.50, 4 groups, 0 reassignments",,,,,,,,,REASSIGNMENT,0.5,,,,,,adaptive,,0,dynamic_reassignment,,,,,
2025-09-15T23:51:56.644118,,strategy,Niemcy,STRATEGY,,strategic_decision,,,,,,,,,,,,,,,,,,,,,,,,,,"Strategy: REASSIGNMENT, aggression 0.50, 1 groups, 0 reassignments",,,,,,,,,REASSIGNMENT,0.5,,,,,,adaptive,,0,dynamic_reassignment,,,,,
2025-09-15T23:51:56.650776,,target_selection,Niemcy,P_Pluton__6_Sch_tzen_Kompanie,,target_analysis,,,,,,,,,,,,,,,,,,,,,,,,,,"Target analysis: 29 candidates, score -1.00",,29,-1,999,,,,,,,,,False,,,,,,,29,29,29,5,0
2025-09-15T23:51:56.653935,,,Niemcy,RESUPPLY_NEEDS,,resupply_analysis,,,,,,,,,,,,,,,,,,,,,,,,,,NEEDS_ANALYSIS LOW_FUEL | TOTAL_FUEL_NEEDED: 22 | TOTAL_COMBAT_NEEDED: 0 | TOTAL_PE_NEEDED: 22 | BUDGET_AVAILABLE: 32 | UNITS_REQUIRING_HELP: 8,,,,,,,,,,,,,,,,,,,,,,,,
2025-09-15T23:51:56.654947,,,Niemcy,RESUPPLY_OPERATION,,resupply_summary,,,,,,,,,,,,,,,,,,,,,,,,,,RESUPPLY_SUMMARY LOW_FUEL | TOTAL_PE_SPENT: 0 | UNITS_RESUPPLIED: 0/8 | BUDGET_ALLOCATED: 32 | PE_REMAINING: 36,,,,,,,,,,,,,,,,,,,,,,,,
2025-09-15T23:51:56.657115,,strategy,Niemcy,STRATEGY,,strategic_decision,,,,,,,,,,,,,,,,,,,,,,,,,,"Strategy: REASSIGNMENT, aggression 0.50, 1 groups, 0 reassignments",,,,,,,,,REASSIGNMENT,0.5,,,,,,adaptive,,0,dynamic_reassignment,,,,,
2025-09-15T23:51:56.663744,,target_selection,Niemcy,P_Pluton__6_Infanterie_Regiment,,target_analysis,,,,,,,,,,,,,,,,,,,,,,,,,,"Target analysis: 29 candidates, score -1.00",,29,-1,999,,,,,,,,,False,,,,,,,29,29,29,5,0
2025-09-15T23:51:56.664756,,,Niemcy,RESUPPLY_NEEDS,,resupply_analysis,,,,,,,,,,,,,,,,,,,,,,,,,,NEEDS_ANALYSIS LOW_FUEL | TOTAL_FUEL_NEEDED: 22 | TOTAL_COMBAT_NEEDED: 0 | TOTAL_PE_NEEDED: 22 | BUDGET_AVAILABLE: 32 | UNITS_REQUIRING_HELP: 8,,,,,,,,,,,,,,,,,,,,,,,,
2025-09-15T23:51:56.665759,,,Niemcy,RESUPPLY_OPERATION,,resupply_summary,,,,,,,,,,,,,,,,,,,,,,,,,,RESUPPLY_SUMMARY LOW_FUEL | TOTAL_PE_SPENT: 0 | UNITS_RESUPPLIED: 0/8 | BUDGET_ALLOCATED: 32 | PE_REMAINING: 36,,,,,,,,,,,,,,,,,,,,,,,,
2025-09-15T23:51:56.671009,,,Niemcy,RESUPPLY_NEEDS,,resupply_analysis,,,,,,,,,,,,,,,,,,,,,,,,,,NEEDS_ANALYSIS LOW_FUEL | TOTAL_FUEL_NEEDED: 22 | TOTAL_COMBAT_NEEDED: 0 | TOTAL_PE_NEEDED: 22 | BUDGET_AVAILABLE: 32 | UNITS_REQUIRING_HELP: 8,,,,,,,,,,,,,,,,,,,,,,,,
2025-09-15T23:51:56.672008,,,Niemcy,RESUPPLY_OPERATION,,resupply_summary,,,,,,,,,,,,,,,,,,,,,,,,,,RESUPPLY_SUMMARY LOW_FUEL | TOTAL_PE_SPENT: 0 | UNITS_RESUPPLIED: 0/8 | BUDGET_ALLOCATED: 32 | PE_REMAINING: 36,,,,,,,,,,,,,,,,,,,,,,,,
2025-09-15T23:51:56.674261,,,Niemcy,RESUPPLY_NEEDS,,resupply_analysis,,,,,,,,,,,,,,,,,,,,,,,,,,NEEDS_ANALYSIS LOW_FUEL | TOTAL_FUEL_NEEDED: 22 | TOTAL_COMBAT_NEEDED: 0 | TOTAL_PE_NEEDED: 22 | BUDGET_AVAILABLE: 32 | UNITS_REQUIRING_HELP: 8,,,,,,,,,,,,,,,,,,,,,,,,
2025-09-15T23:51:56.675374,,,Niemcy,RESUPPLY_OPERATION,,resupply_summary,,,,,,,,,,,,,,,,,,,,,,,,,,RESUPPLY_SUMMARY LOW_FUEL | TOTAL_PE_SPENT: 0 | UNITS_RESUPPLIED: 0/8 | BUDGET_ALLOCATED: 32 | PE_REMAINING: 36,,,,,,,,,,,,,,,,,,,,,,,,
2025-09-15T23:51:56.675374,,strategy,Niemcy,STRATEGY,,strategic_decision,,,,,,,,,,,,,,,,,,,,,,,,,,"Strategy: REASSIGNMENT, aggression 0.50, 1 groups, 0 reassignments",,,,,,,,,REASSIGNMENT,0.5,,,,,,adaptive,,0,dynamic_reassignment,,,,,
2025-09-15T23:51:56.682625,,target_selection,Niemcy,P_Batalion__6_Infanterie_Regiment,,target_analysis,,,,,,,,,,,,,,,,,,,,,,,,,,"Target analysis: 29 candidates, score -1.00",,29,-1,999,,,,,,,,,False,,,,,,,29,29,29,5,0
2025-09-15T23:51:56.687422,,,Niemcy,RESUPPLY_NEEDS,,resupply_analysis,,,,,,,,,,,,,,,,,,,,,,,,,,NEEDS_ANALYSIS LOW_FUEL | TOTAL_FUEL_NEEDED: 22 | TOTAL_COMBAT_NEEDED: 0 | TOTAL_PE_NEEDED: 22 | BUDGET_AVAILABLE: 32 | UNITS_REQUIRING_HELP: 8,,,,,,,,,,,,,,,,,,,,,,,,
2025-09-15T23:51:56.688546,,,Niemcy,RESUPPLY_OPERATION,,resupply_summary,,,,,,,,,,,,,,,,,,,,,,,,,,RESUPPLY_SUMMARY LOW_FUEL | TOTAL_PE_SPENT: 0 | UNITS_RESUPPLIED: 0/8 | BUDGET_ALLOCATED: 32 | PE_REMAINING: 36,,,,,,,,,,,,,,,,,,,,,,,,
2025-09-15T23:51:56.691122,,strategy,Niemcy,STRATEGY,,strategic_decision,,,,,,,,,,,,,,,,,,,,,,,,,,"Strategy: REASSIGNMENT, aggression 0.50, 1 groups, 0 reassignments",,,,,,,,,REASSIGNMENT,0.5,,,,,,adaptive,,0,dynamic_reassignment,,,,,
2025-09-15T23:51:56.697201,,target_selection,Niemcy,Z_Pluton__6_Unterst_tzungs_Bataillon_20250913214048,,target_analysis,,,,,,,,,,,,,,,,,,,,,,,,,,"Target analysis: 29 candidates, score -1.00",,29,-1,999,,,,,,,,,False,,,,,,,29,29,29,8,0
2025-09-15T23:51:56.699816,,,Niemcy,RESUPPLY_NEEDS,,resupply_analysis,,,,,,,,,,,,,,,,,,,,,,,,,,NEEDS_ANALYSIS LOW_FUEL | TOTAL_FUEL_NEEDED: 22 | TOTAL_COMBAT_NEEDED: 0 | TOTAL_PE_NEEDED: 22 | BUDGET_AVAILABLE: 32 | UNITS_REQUIRING_HELP: 8,,,,,,,,,,,,,,,,,,,,,,,,
2025-09-15T23:51:56.703861,,,Niemcy,RESUPPLY_OPERATION,,resupply_summary,,,,,,,,,,,,,,,,,,,,,,,,,,RESUPPLY_SUMMARY LOW_FUEL | TOTAL_PE_SPENT: 0 | UNITS_RESUPPLIED: 0/8 | BUDGET_ALLOCATED: 32 | PE_REMAINING: 36,,,,,,,,,,,,,,,,,,,,,,,,
2025-09-15T23:51:56.704955,,,Niemcy,RESUPPLY_NEEDS,,resupply_analysis,,,,,,,,,,,,,,,,,,,,,,,,,,NEEDS_ANALYSIS LOW_FUEL | TOTAL_FUEL_NEEDED: 22 | TOTAL_COMBAT_NEEDED: 0 | TOTAL_PE_NEEDED: 22 | BUDGET_AVAILABLE: 32 | UNITS_REQUIRING_HELP: 8,,,,,,,,,,,,,,,,,,,,,,,,
2025-09-15T23:51:56.706218,,,Niemcy,RESUPPLY_OPERATION,,resupply_summary,,,,,,,,,,,,,,,,,,,,,,,,,,RESUPPLY_SUMMARY LOW_FUEL | TOTAL_PE_SPENT: 0 | UNITS_RESUPPLIED: 0/8 | BUDGET_ALLOCATED: 32 | PE_REMAINING: 36,,,,,,,,,,,,,,,,,,,,,,,,
2025-09-15T23:51:56.708727,,,Niemcy,RESUPPLY_NEEDS,,resupply_analysis,,,,,,,,,,,,,,,,,,,,,,,,,,NEEDS_ANALYSIS LOW_FUEL | TOTAL_FUEL_NEEDED: 22 | TOTAL_COMBAT_NEEDED: 0 | TOTAL_PE_NEEDED: 22 | BUDGET_AVAILABLE: 32 | UNITS_REQUIRING_HELP: 8,,,,,,,,,,,,,,,,,,,,,,,,
2025-09-15T23:51:56.709747,,,Niemcy,RESUPPLY_OPERATION,,resupply_summary,,,,,,,,,,,,,,,,,,,,,,,,,,RESUPPLY_SUMMARY LOW_FUEL | TOTAL_PE_SPENT: 0 | UNITS_RESUPPLIED: 0/8 | BUDGET_ALLOCATED: 32 | PE_REMAINING: 36,,,,,,,,,,,,,,,,,,,,,,,,
2025-09-15T23:51:56.709747,,,Niemcy,RESUPPLY_NEEDS,,resupply_analysis,,,,,,,,,,,,,,,,,,,,,,,,,,NEEDS_ANALYSIS LOW_FUEL | TOTAL_FUEL_NEEDED: 22 | TOTAL_COMBAT_NEEDED: 0 | TOTAL_PE_NEEDED: 22 | BUDGET_AVAILABLE: 32 | UNITS_REQUIRING_HELP: 8,,,,,,,,,,,,,,,,,,,,,,,,
2025-09-15T23:51:56.709747,,,Niemcy,RESUPPLY_OPERATION,,resupply_summary,,,,,,,,,,,,,,,,,,,,,,,,,,RESUPPLY_SUMMARY LOW_FUEL | TOTAL_PE_SPENT: 0 | UNITS_RESUPPLIED: 0/8 | BUDGET_ALLOCATED: 32 | PE_REMAINING: 36,,,,,,,,,,,,,,,,,,,,,,,,
2025-09-15T23:51:56.715513,,,Niemcy,RESUPPLY_NEEDS,,resupply_analysis,,,,,,,,,,,,,,,,,,,,,,,,,,NEEDS_ANALYSIS LOW_FUEL | TOTAL_FUEL_NEEDED: 22 | TOTAL_COMBAT_NEEDED: 0 | TOTAL_PE_NEEDED: 22 | BUDGET_AVAILABLE: 32 | UNITS_REQUIRING_HELP: 8,,,,,,,,,,,,,,,,,,,,,,,,
2025-09-15T23:51:56.716516,,,Niemcy,RESUPPLY_OPERATION,,resupply_summary,,,,,,,,,,,,,,,,,,,,,,,,,,RESUPPLY_SUMMARY LOW_FUEL | TOTAL_PE_SPENT: 0 | UNITS_RESUPPLIED: 0/8 | BUDGET_ALLOCATED: 32 | PE_REMAINING: 36,,,,,,,,,,,,,,,,,,,,,,,,
2025-09-15T23:51:56.721825,,,Niemcy,RESUPPLY_NEEDS,,resupply_analysis,,,,,,,,,,,,,,,,,,,,,,,,,,NEEDS_ANALYSIS LOW_FUEL | TOTAL_FUEL_NEEDED: 22 | TOTAL_COMBAT_NEEDED: 0 | TOTAL_PE_NEEDED: 22 | BUDGET_AVAILABLE: 32 | UNITS_REQUIRING_HELP: 8,,,,,,,,,,,,,,,,,,,,,,,,
2025-09-15T23:51:56.722844,,,Niemcy,RESUPPLY_OPERATION,,resupply_summary,,,,,,,,,,,,,,,,,,,,,,,,,,RESUPPLY_SUMMARY LOW_FUEL | TOTAL_PE_SPENT: 0 | UNITS_RESUPPLIED: 0/8 | BUDGET_ALLOCATED: 32 | PE_REMAINING: 36,,,,,,,,,,,,,,,,,,,,,,,,
2025-09-15T23:51:56.723966,,,Niemcy,RESUPPLY_NEEDS,,resupply_analysis,,,,,,,,,,,,,,,,,,,,,,,,,,NEEDS_ANALYSIS LOW_FUEL | TOTAL_FUEL_NEEDED: 22 | TOTAL_COMBAT_NEEDED: 0 | TOTAL_PE_NEEDED: 22 | BUDGET_AVAILABLE: 32 | UNITS_REQUIRING_HELP: 8,,,,,,,,,,,,,,,,,,,,,,,,
2025-09-15T23:51:56.725922,,,Niemcy,RESUPPLY_OPERATION,,resupply_summary,,,,,,,,,,,,,,,,,,,,,,,,,,RESUPPLY_SUMMARY LOW_FUEL | TOTAL_PE_SPENT: 0 | UNITS_RESUPPLIED: 0/8 | BUDGET_ALLOCATED: 32 | PE_REMAINING: 36,,,,,,,,,,,,,,,,,,,,,,,,
2025-09-15T23:51:56.728769,,,Niemcy,RESUPPLY_NEEDS,,resupply_analysis,,,,,,,,,,,,,,,,,,,,,,,,,,NEEDS_ANALYSIS LOW_FUEL | TOTAL_FUEL_NEEDED: 22 | TOTAL_COMBAT_NEEDED: 0 | TOTAL_PE_NEEDED: 22 | BUDGET_AVAILABLE: 32 | UNITS_REQUIRING_HELP: 8,,,,,,,,,,,,,,,,,,,,,,,,
2025-09-15T23:51:56.729808,,,Niemcy,RESUPPLY_OPERATION,,resupply_summary,,,,,,,,,,,,,,,,,,,,,,,,,,RESUPPLY_SUMMARY LOW_FUEL | TOTAL_PE_SPENT: 0 | UNITS_RESUPPLIED: 0/8 | BUDGET_ALLOCATED: 32 | PE_REMAINING: 36,,,,,,,,,,,,,,,,,,,,,,,,
2025-09-15T23:51:56.731233,,,Niemcy,RESUPPLY_NEEDS,,resupply_analysis,,,,,,,,,,,,,,,,,,,,,,,,,,NEEDS_ANALYSIS LOW_FUEL | TOTAL_FUEL_NEEDED: 22 | TOTAL_COMBAT_NEEDED: 0 | TOTAL_PE_NEEDED: 22 | BUDGET_AVAILABLE: 32 | UNITS_REQUIRING_HELP: 8,,,,,,,,,,,,,,,,,,,,,,,,
2025-09-15T23:51:56.733196,,,Niemcy,RESUPPLY_OPERATION,,resupply_summary,,,,,,,,,,,,,,,,,,,,,,,,,,RESUPPLY_SUMMARY LOW_FUEL | TOTAL_PE_SPENT: 0 | UNITS_RESUPPLIED: 0/8 | BUDGET_ALLOCATED: 32 | PE_REMAINING: 36,,,,,,,,,,,,,,,,,,,,,,,,
2025-09-15T23:51:56.737370,,,Niemcy,TURN_END,,turn_summary,,,,,,,,,,,6,0,,,,,,,,,,,,advanced,opp=1;groups=4;adv=True,"Turn completed: 0/6 units moved, 4 groups (advanced)",,,,,,,,,,,,,,,,,,,,,,,,
2025-09-15T23:51:56.838280,,,Polska,TURN_START,,turn_begin,,,,,,,,,,,,,,,,,,,,,,,,,,AI Commander turn started for player 2,,,,,,,,,,,,,,,,,,,,,,,,
2025-09-15T23:51:56.842272,,,Polska,RESUPPLY_NEEDS,,resupply_analysis,,,,,,,,,,,,,,,,,,,,,,,,,,NEEDS_ANALYSIS PRE_RAID_OPTIMIZATION | TOTAL_FUEL_NEEDED: 9 | TOTAL_COMBAT_NEEDED: 0 | TOTAL_PE_NEEDED: 9 | BUDGET_AVAILABLE: 6 | UNITS_REQUIRING_HELP: 5,,,,,,,,,,,,,,,,,,,,,,,,
2025-09-15T23:51:56.843260,,,Polska,Z_Batalion__2_Kompania_Zaopatrzeniowa,,resupply_detailed,24,-8,24,-8,,,,,,,,,,,,,,,,,,,,,,phase1 PRE_RAID_OPTIMIZATION | PE_SPENT: fuel=1 combat=0 total=1 | BEFORE: fuel=1 combat=7 | AFTER: fuel=2 combat=7,,,,,,,,,,,,,,,,,,,,,,,,
2025-09-15T23:51:56.843260,,,Polska,TL_Kompania__2_Batalion_Pancerny,,resupply_detailed,28,-11,28,-11,,,,,,,,,,,,,,,,,,,,,,phase1 PRE_RAID_OPTIMIZATION | PE_SPENT: fuel=1 combat=0 total=1 | BEFORE: fuel=1 combat=14 | AFTER: fuel=2 combat=14,,,,,,,,,,,,,,,,,,,,,,,,
2025-09-15T23:51:56.844711,,,Polska,P_Batalion__2_Batalion_Strzelc_w_20250913214005,,resupply_detailed,24,-7,24,-7,,,,,,,,,,,,,,,,,,,,,,phase1 PRE_RAID_OPTIMIZATION | PE_SPENT: fuel=1 combat=0 total=1 | BEFORE: fuel=1 combat=14 | AFTER: fuel=2 combat=14,,,,,,,,,,,,,,,,,,,,,,,,
2025-09-15T23:51:56.845716,,,Polska,Z_Pluton__2_Oddzia_Rozpoznawczy,,resupply_detailed,28,3,28,3,,,,,,,,,,,,,,,,,,,,,,phase1 PRE_RAID_OPTIMIZATION | PE_SPENT: fuel=1 combat=0 total=1 | BEFORE: fuel=2 combat=4 | AFTER: fuel=3 combat=4,,,,,,,,,,,,,,,,,,,,,,,,
2025-09-15T23:51:56.847178,,,Polska,RESUPPLY_OPERATION,,resupply_summary,,,,,,,,,,,,,,,,,,,,,,,,,,RESUPPLY_SUMMARY PRE_RAID_OPTIMIZATION | TOTAL_PE_SPENT: 4 | UNITS_RESUPPLIED: 4/5 | BUDGET_ALLOCATED: 6 | PE_REMAINING: 9,,,,,,,,,,,,,,,,,,,,,,,,
2025-09-15T23:51:56.851039,,,Polska,Z_Batalion__2_Kompania_Zaopatrzeniowa,,second_move,,,23,-7,,,,,,,,,,,,,,,,,,,,,,second_chance after PRE_RAID_OPTIMIZATION,,,,,,,,,,,,,,,,,,,,,,,,
2025-09-15T23:51:56.880893,,target_selection,Polska,TL_Kompania__2_Batalion_Pancerny,,target_analysis,,,,,30,-11,,,,,,,,,,,,,,,,,,,,"Target analysis: 29 candidates, score -1.00",,29,-1,999,,,,,,,,,False,,,,,,,29,29,29,4,2
2025-09-15T23:51:56.884221,,,Polska,TL_Kompania__2_Batalion_Pancerny,,second_move,,,30,-11,,,,,,,,,,,,,,,,,,,,,,second_chance after PRE_RAID_OPTIMIZATION,,,,,,,,,,,,,,,,,,,,,,,,
2025-09-15T23:51:56.900012,,target_selection,Polska,P_Batalion__2_Batalion_Strzelc_w_20250913214005,,target_analysis,,,,,26,-9,,,,,,,,,,,,,,,,,,,,"Target analysis: 29 candidates, score -1.00",,29,-1,999,,,,,,,,,False,,,,,,,29,29,29,7,2
2025-09-15T23:51:56.905597,,,Polska,P_Batalion__2_Batalion_Strzelc_w_20250913214005,,second_move,,,26,-9,,,,,,,,,,,,,,,,,,,,,,second_chance after PRE_RAID_OPTIMIZATION,,,,,,,,,,,,,,,,,,,,,,,,
2025-09-15T23:51:56.936188,,target_selection,Polska,Z_Pluton__2_Oddzia_Rozpoznawczy,,target_analysis,,,,,27,4,,,,,,,,,,,,,,,,,,,,"Target analysis: 29 candidates, score 22.50",,29,22.5,1,,,,,,,,,False,,,,"(27, 4)",,,28,29,29,6,3
2025-09-15T23:51:56.936188,,,Polska,Z_Pluton__2_Oddzia_Rozpoznawczy,,second_move,,,27,4,,,,,,,,,,,,,,,,,,,,,,second_chance after PRE_RAID_OPTIMIZATION,,,,,,,,,,,,,,,,,,,,,,,,
2025-09-15T23:51:56.973640,,,Polska,Z_Pluton__2_Batalion_Wsparcia,,second_move,,,32,6,,,,,,,,,,,,,,,,,,,,,,second_chance after PRE_RAID_OPTIMIZATION,,,,,,,,,,,,,,,,,,,,,,,,
2025-09-15T23:51:57.376254,,grouping,Polska,GROUP_2,,group_formation,23,-6,24,-7,24,-7,,,,,,,,,,,,,,,,,,,,"Group 2: 3 units, score 0.00",,,,,2,3,"23,-6",0.0,,,,False,,,,advanced,,,,,,,,
2025-09-15T23:51:57.377450,,grouping,Polska,GROUP_5,,group_formation,15,-7,15,-6,15,-6,,,,,,,,,,,,,,,,,,,,"Group 5: 1 units, score 0.00",,,,,5,1,"15,-7",0.0,,,,False,,,,advanced,,,,,,,,
2025-09-15T23:51:57.409137,,strategy,Polska,STRATEGY,,strategic_decision,,,,,,,,,,,,,,,,,,,,,,,,,,"Strategy: REASSIGNMENT, aggression 0.50, 5 groups, 0 reassignments",,,,,,,,,REASSIGNMENT,0.5,,,,,,adaptive,,0,dynamic_reassignment,,,,,
2025-09-15T23:51:57.448703,,strategy,Polska,STRATEGY,,strategic_decision,,,,,,,,,,,,,,,,,,,,,,,,,,"Strategy: REASSIGNMENT, aggression 0.50, 5 groups, 0 reassignments",,,,,,,,,REASSIGNMENT,0.5,,,,,,adaptive,,0,dynamic_reassignment,,,,,
2025-09-15T23:51:57.460697,,strategy,Polska,STRATEGY,,strategic_decision,,,,,,,,,,,,,,,,,,,,,,,,,,"Strategy: REASSIGNMENT, aggression 0.50, 1 groups, 0 reassignments",,,,,,,,,REASSIGNMENT,0.5,,,,,,adaptive,,0,dynamic_reassignment,,,,,
2025-09-15T23:51:57.474326,,target_selection,Polska,TL_Kompania__2_Batalion_Pancerny,,target_analysis,,,,,29,-11,,,,,,,,,,,,,,,,,,,,"Target analysis: 29 candidates, score -1.00",,29,-1,999,,,,,,,,,False,,,,,,,29,29,29,4,1
2025-09-15T23:51:57.490233,,strategy,Polska,STRATEGY,,strategic_decision,,,,,,,,,,,,,,,,,,,,,,,,,,"Strategy: REASSIGNMENT, aggression 0.50, 1 groups, 0 reassignments",,,,,,,,,REASSIGNMENT,0.5,,,,,,adaptive,,0,dynamic_reassignment,,,,,
2025-09-15T23:51:57.509798,,target_selection,Polska,P_Pluton__2_Kompania_Grenadier_w,,target_analysis,,,,,31,7,,,,,,,,,,,,,,,,,,,,"Target analysis: 29 candidates, score -1.00",,29,-1,999,,,,,,,,,False,,,,,,,29,29,29,2,2
2025-09-15T23:51:57.524679,,strategy,Polska,STRATEGY,,strategic_decision,,,,,,,,,,,,,,,,,,,,,,,,,,"Strategy: REASSIGNMENT, aggression 0.50, 1 groups, 0 reassignments",,,,,,,,,REASSIGNMENT,0.5,,,,,,adaptive,,0,dynamic_reassignment,,,,,
2025-09-15T23:51:57.543641,,target_selection,Polska,P_Kompania__2_Pu_k_Piechoty,,target_analysis,,,,,24,5,,,,,,,,,,,,,,,,,,,,"Target analysis: 29 candidates, score -1.00",,29,-1,999,,,,,,,,,False,,,,,,,29,29,29,2,2
2025-09-15T23:51:57.585070,,,Polska,TURN_END,,turn_summary,,,,,,,,,,,10,0,,,,,,,,,,,,advanced,opp=0;groups=5;adv=True,"Turn completed: 0/10 units moved, 5 groups (advanced)",,,,,,,,,,,,,,,,,,,,,,,,
2025-09-15T23:51:57.757465,,,Polska,TURN_START,,turn_begin,,,,,,,,,,,,,,,,,,,,,,,,,,AI Commander turn started for player 3,,,,,,,,,,,,,,,,,,,,,,,,
2025-09-15T23:51:57.762404,,,Polska,RESUPPLY_NEEDS,,resupply_analysis,,,,,,,,,,,,,,,,,,,,,,,,,,NEEDS_ANALYSIS PRE_RAID_OPTIMIZATION | TOTAL_FUEL_NEEDED: 26 | TOTAL_COMBAT_NEEDED: 0 | TOTAL_PE_NEEDED: 26 | BUDGET_AVAILABLE: 100 | UNITS_REQUIRING_HELP: 9,,,,,,,,,,,,,,,,,,,,,,,,
2025-09-15T23:51:57.762404,,,Polska,Z_Pluton__3_Batalion_Wsparcia,,resupply_detailed,13,25,13,25,,,,,,,,,,,,,,,,,,,,,,phase1 PRE_RAID_OPTIMIZATION | PE_SPENT: fuel=3 combat=0 total=3 | BEFORE: fuel=0 combat=4 | AFTER: fuel=3 combat=4,,,,,,,,,,,,,,,,,,,,,,,,
2025-09-15T23:51:57.763411,,,Polska,Z_Pluton__3_Kompania_Zaopatrzeniowa,,resupply_detailed,27,19,27,19,,,,,,,,,,,,,,,,,,,,,,phase1 PRE_RAID_OPTIMIZATION | PE_SPENT: fuel=3 combat=0 total=3 | BEFORE: fuel=0 combat=4 | AFTER: fuel=3 combat=4,,,,,,,,,,,,,,,,,,,,,,,,
2025-09-15T23:51:57.764406,,,Polska,Z_Pluton__3_Kompania_Zaopatrzeniowa_20250913214023,,resupply_detailed,17,20,17,20,,,,,,,,,,,,,,,,,,,,,,phase1 PRE_RAID_OPTIMIZATION | PE_SPENT: fuel=3 combat=0 total=3 | BEFORE: fuel=0 combat=4 | AFTER: fuel=3 combat=4,,,,,,,,,,,,,,,,,,,,,,,,
2025-09-15T23:51:57.765397,,,Polska,P_Kompania__3_Batalion_Strzelc_w,,resupply_detailed,40,12,40,12,,,,,,,,,,,,,,,,,,,,,,phase1 PRE_RAID_OPTIMIZATION | PE_SPENT: fuel=2 combat=0 total=2 | BEFORE: fuel=0 combat=11 | AFTER: fuel=2 combat=11,,,,,,,,,,,,,,,,,,,,,,,,
2025-09-15T23:51:57.765397,,,Polska,P_Pluton__3_Pu_k_Piechoty,,resupply_detailed,39,12,39,12,,,,,,,,,,,,,,,,,,,,,,phase1 PRE_RAID_OPTIMIZATION | PE_SPENT: fuel=2 combat=0 total=2 | BEFORE: fuel=0 combat=8 | AFTER: fuel=2 combat=8,,,,,,,,,,,,,,,,,,,,,,,,
2025-09-15T23:51:57.766394,,,Polska,P_Batalion__3_Pu_k_Piechoty,,resupply_detailed,34,15,34,15,,,,,,,,,,,,,,,,,,,,,,phase1 PRE_RAID_OPTIMIZATION | PE_SPENT: fuel=2 combat=0 total=2 | BEFORE: fuel=0 combat=14 | AFTER: fuel=2 combat=14,,,,,,,,,,,,,,,,,,,,,,,,
2025-09-15T23:51:57.767393,,,Polska,P_Pluton__3_Pu_k_Piechoty_20250913214024,,resupply_detailed,41,11,41,11,,,,,,,,,,,,,,,,,,,,,,phase1 PRE_RAID_OPTIMIZATION | PE_SPENT: fuel=2 combat=0 total=2 | BEFORE: fuel=0 combat=8 | AFTER: fuel=2 combat=8,,,,,,,,,,,,,,,,,,,,,,,,
2025-09-15T23:51:57.768593,,,Polska,Z_Kompania__3_Kompania_Zaopatrzeniowa,,resupply_detailed,37,14,37,14,,,,,,,,,,,,,,,,,,,,,,phase1 PRE_RAID_OPTIMIZATION | PE_SPENT: fuel=3 combat=0 total=3 | BEFORE: fuel=0 combat=6 | AFTER: fuel=3 combat=6,,,,,,,,,,,,,,,,,,,,,,,,
2025-09-15T23:51:57.771829,,,Polska,P_Pluton__3_Kompania_Grenadier_w,,resupply_detailed,39,13,39,13,,,,,,,,,,,,,,,,,,,,,,phase1 PRE_RAID_OPTIMIZATION | PE_SPENT: fuel=2 combat=0 total=2 | BEFORE: fuel=0 combat=8 | AFTER: fuel=2 combat=8,,,,,,,,,,,,,,,,,,,,,,,,
2025-09-15T23:51:57.772996,,,Polska,RESUPPLY_OPERATION,,resupply_summary,,,,,,,,,,,,,,,,,,,,,,,,,,RESUPPLY_SUMMARY PRE_RAID_OPTIMIZATION | TOTAL_PE_SPENT: 22 | UNITS_RESUPPLIED: 9/9 | BUDGET_ALLOCATED: 100 | PE_REMAINING: 90,,,,,,,,,,,,,,,,,,,,,,,,
2025-09-15T23:51:57.811168,,target_selection,Polska,Z_Pluton__3_Batalion_Wsparcia,,target_analysis,,,,,16,25,,,,,,,,,,,,,,,,,,,,"Target analysis: 29 candidates, score -1.00",,29,-1,999,,,,,,,,,False,,,,,,,29,29,29,7,3
2025-09-15T23:51:57.814733,,,Polska,Z_Pluton__3_Batalion_Wsparcia,,second_move,,,16,25,,,,,,,,,,,,,,,,,,,,,,second_chance after PRE_RAID_OPTIMIZATION,,,,,,,,,,,,,,,,,,,,,,,,
2025-09-15T23:51:57.836544,,target_selection,Polska,Z_Pluton__3_Kompania_Zaopatrzeniowa,,target_analysis,,,,,24,19,,,,,,,,,,,,,,,,,,,,"Target analysis: 29 candidates, score -1.00",,29,-1,999,,,,,,,,,False,,,,,,,29,29,29,5,3
2025-09-15T23:51:57.849823,,,Polska,Z_Pluton__3_Kompania_Zaopatrzeniowa,,second_move,,,24,19,,,,,,,,,,,,,,,,,,,,,,second_chance after PRE_RAID_OPTIMIZATION,,,,,,,,,,,,,,,,,,,,,,,,
2025-09-15T23:51:57.876953,,target_selection,Polska,Z_Pluton__3_Kompania_Zaopatrzeniowa_20250913214023,,target_analysis,,,,,16,20,,,,,,,,,,,,,,,,,,,,"Target analysis: 29 candidates, score 30.00",,29,30.0,1,,,,,,,,,False,,,,"(16, 20)",,,27,29,29,7,3
2025-09-15T23:51:57.889862,,,Polska,Z_Pluton__3_Kompania_Zaopatrzeniowa_20250913214023,,second_move,,,16,20,,,,,,,,,,,,,,,,,,,,,,second_chance after PRE_RAID_OPTIMIZATION,,,,,,,,,,,,,,,,,,,,,,,,
2025-09-15T23:51:57.906667,,target_selection,Polska,P_Kompania__3_Batalion_Strzelc_w,,target_analysis,,,,,40,10,,,,,,,,,,,,,,,,,,,,"Target analysis: 29 candidates, score -1.00",,29,-1,999,,,,,,,,,False,,,,,,,29,29,29,7,2
2025-09-15T23:51:57.910059,,,Polska,P_Kompania__3_Batalion_Strzelc_w,,second_move,,,40,10,,,,,,,,,,,,,,,,,,,,,,second_chance after PRE_RAID_OPTIMIZATION,,,,,,,,,,,,,,,,,,,,,,,,
2025-09-15T23:51:57.934413,,target_selection,Polska,P_Pluton__3_Pu_k_Piechoty,,target_analysis,,,,,41,12,,,,,,,,,,,,,,,,,,,,"Target analysis: 29 candidates, score -1.00",,29,-1,999,,,,,,,,,False,,,,,,,29,29,29,4,2
2025-09-15T23:51:57.940715,,,Polska,P_Pluton__3_Pu_k_Piechoty,,second_move,,,41,12,,,,,,,,,,,,,,,,,,,,,,second_chance after PRE_RAID_OPTIMIZATION,,,,,,,,,,,,,,,,,,,,,,,,
2025-09-15T23:51:57.966136,,target_selection,Polska,P_Batalion__3_Pu_k_Piechoty,,target_analysis,,,,,36,15,,,,,,,,,,,,,,,,,,,,"Target analysis: 29 candidates, score -1.00",,29,-1,999,,,,,,,,,False,,,,,,,29,29,29,4,2
2025-09-15T23:51:57.972095,,,Polska,P_Batalion__3_Pu_k_Piechoty,,second_move,,,36,15,,,,,,,,,,,,,,,,,,,,,,second_chance after PRE_RAID_OPTIMIZATION,,,,,,,,,,,,,,,,,,,,,,,,
2025-09-15T23:51:57.990486,,target_selection,Polska,P_Pluton__3_Pu_k_Piechoty_20250913214024,,target_analysis,,,,,39,11,,,,,,,,,,,,,,,,,,,,"Target analysis: 29 candidates, score -1.00",,29,-1,999,,,,,,,,,False,,,,,,,29,29,29,4,2
2025-09-15T23:51:57.994910,,,Polska,P_Pluton__3_Pu_k_Piechoty_20250913214024,,second_move,,,39,11,,,,,,,,,,,,,,,,,,,,,,second_chance after PRE_RAID_OPTIMIZATION,,,,,,,,,,,,,,,,,,,,,,,,
2025-09-15T23:51:58.027698,,target_selection,Polska,Z_Kompania__3_Kompania_Zaopatrzeniowa,,target_analysis,,,,,34,14,,,,,,,,,,,,,,,,,,,,"Target analysis: 29 candidates, score -1.00",,29,-1,999,,,,,,,,,False,,,,,,,29,29,29,5,3
2025-09-15T23:51:58.057842,,,Polska,Z_Kompania__3_Kompania_Zaopatrzeniowa,,second_move,,,34,14,,,,,,,,,,,,,,,,,,,,,,second_chance after PRE_RAID_OPTIMIZATION,,,,,,,,,,,,,,,,,,,,,,,,
2025-09-15T23:51:58.077994,,target_selection,Polska,P_Pluton__3_Kompania_Grenadier_w,,target_analysis,,,,,37,13,,,,,,,,,,,,,,,,,,,,"Target analysis: 29 candidates, score -1.00",,29,-1,999,,,,,,,,,False,,,,,,,29,29,29,4,2
2025-09-15T23:51:58.083103,,,Polska,P_Pluton__3_Kompania_Grenadier_w,,second_move,,,37,13,,,,,,,,,,,,,,,,,,,,,,second_chance after PRE_RAID_OPTIMIZATION,,,,,,,,,,,,,,,,,,,,,,,,
2025-09-15T23:51:58.445607,,,Polska,RESUPPLY_NEEDS,,resupply_analysis,,,,,,,,,,,,,,,,,,,,,,,,,,NEEDS_ANALYSIS MULTI_TURN_START | TOTAL_FUEL_NEEDED: 13 | TOTAL_COMBAT_NEEDED: 0 | TOTAL_PE_NEEDED: 13 | BUDGET_AVAILABLE: 72 | UNITS_REQUIRING_HELP: 9,,,,,,,,,,,,,,,,,,,,,,,,
2025-09-15T23:51:58.446616,,,Polska,Z_Pluton__3_Batalion_Wsparcia,,resupply_detailed,16,25,16,25,,,,,,,,,,,,,,,,,,,,,,phase1 MULTI_TURN_START | PE_SPENT: fuel=1 combat=0 total=1 | BEFORE: fuel=2 combat=4 | AFTER: fuel=3 combat=4,,,,,,,,,,,,,,,,,,,,,,,,
2025-09-15T23:51:58.446616,,,Polska,Z_Pluton__3_Kompania_Zaopatrzeniowa,,resupply_detailed,24,19,24,19,,,,,,,,,,,,,,,,,,,,,,phase1 MULTI_TURN_START | PE_SPENT: fuel=1 combat=0 total=1 | BEFORE: fuel=2 combat=4 | AFTER: fuel=3 combat=4,,,,,,,,,,,,,,,,,,,,,,,,
2025-09-15T23:51:58.447858,,,Polska,Z_Pluton__3_Kompania_Zaopatrzeniowa_20250913214023,,resupply_detailed,16,20,16,20,,,,,,,,,,,,,,,,,,,,,,phase1 MULTI_TURN_START | PE_SPENT: fuel=1 combat=0 total=1 | BEFORE: fuel=2 combat=4 | AFTER: fuel=3 combat=4,,,,,,,,,,,,,,,,,,,,,,,,
2025-09-15T23:51:58.447858,,,Polska,P_Kompania__3_Batalion_Strzelc_w,,resupply_detailed,40,10,40,10,,,,,,,,,,,,,,,,,,,,,,phase1 MULTI_TURN_START | PE_SPENT: fuel=1 combat=0 total=1 | BEFORE: fuel=1 combat=11 | AFTER: fuel=2 combat=11,,,,,,,,,,,,,,,,,,,,,,,,
2025-09-15T23:51:58.448864,,,Polska,P_Pluton__3_Pu_k_Piechoty,,resupply_detailed,41,12,41,12,,,,,,,,,,,,,,,,,,,,,,phase1 MULTI_TURN_START | PE_SPENT: fuel=1 combat=0 total=1 | BEFORE: fuel=1 combat=8 | AFTER: fuel=2 combat=8,,,,,,,,,,,,,,,,,,,,,,,,
2025-09-15T23:51:58.449876,,,Polska,P_Batalion__3_Pu_k_Piechoty,,resupply_detailed,36,15,36,15,,,,,,,,,,,,,,,,,,,,,,phase1 MULTI_TURN_START | PE_SPENT: fuel=1 combat=0 total=1 | BEFORE: fuel=1 combat=14 | AFTER: fuel=2 combat=14,,,,,,,,,,,,,,,,,,,,,,,,
2025-09-15T23:51:58.449876,,,Polska,P_Pluton__3_Pu_k_Piechoty_20250913214024,,resupply_detailed,39,11,39,11,,,,,,,,,,,,,,,,,,,,,,phase1 MULTI_TURN_START | PE_SPENT: fuel=1 combat=0 total=1 | BEFORE: fuel=1 combat=8 | AFTER: fuel=2 combat=8,,,,,,,,,,,,,,,,,,,,,,,,
2025-09-15T23:51:58.451575,,,Polska,Z_Kompania__3_Kompania_Zaopatrzeniowa,,resupply_detailed,34,14,34,14,,,,,,,,,,,,,,,,,,,,,,phase1 MULTI_TURN_START | PE_SPENT: fuel=1 combat=0 total=1 | BEFORE: fuel=2 combat=6 | AFTER: fuel=3 combat=6,,,,,,,,,,,,,,,,,,,,,,,,
2025-09-15T23:51:58.452857,,,Polska,P_Pluton__3_Kompania_Grenadier_w,,resupply_detailed,37,13,37,13,,,,,,,,,,,,,,,,,,,,,,phase1 MULTI_TURN_START | PE_SPENT: fuel=1 combat=0 total=1 | BEFORE: fuel=1 combat=8 | AFTER: fuel=2 combat=8,,,,,,,,,,,,,,,,,,,,,,,,
2025-09-15T23:51:58.455966,,,Polska,RESUPPLY_OPERATION,,resupply_summary,,,,,,,,,,,,,,,,,,,,,,,,,,RESUPPLY_SUMMARY MULTI_TURN_START | TOTAL_PE_SPENT: 9 | UNITS_RESUPPLIED: 9/9 | BUDGET_ALLOCATED: 72 | PE_REMAINING: 81,,,,,,,,,,,,,,,,,,,,,,,,
2025-09-15T23:51:58.476963,,target_selection,Polska,Z_Pluton__3_Batalion_Wsparcia,,target_analysis,,,,,13,25,,,,,,,,,,,,,,,,,,,,"Target analysis: 29 candidates, score -1.00",,29,-1,999,,,,,,,,,False,,,,,,,29,29,29,6,3
2025-09-15T23:51:58.480774,,,Polska,Z_Pluton__3_Batalion_Wsparcia,,second_move,,,13,25,,,,,,,,,,,,,,,,,,,,,,second_chance after MULTI_TURN_START,,,,,,,,,,,,,,,,,,,,,,,,
2025-09-15T23:51:58.513350,,target_selection,Polska,Z_Pluton__3_Kompania_Zaopatrzeniowa,,target_analysis,,,,,27,19,,,,,,,,,,,,,,,,,,,,"Target analysis: 29 candidates, score -1.00",,29,-1,999,,,,,,,,,False,,,,,,,29,29,29,4,3
2025-09-15T23:51:58.516605,,,Polska,Z_Pluton__3_Kompania_Zaopatrzeniowa,,second_move,,,27,19,,,,,,,,,,,,,,,,,,,,,,second_chance after MULTI_TURN_START,,,,,,,,,,,,,,,,,,,,,,,,
2025-09-15T23:51:58.546453,,target_selection,Polska,Z_Pluton__3_Kompania_Zaopatrzeniowa_20250913214023,,target_analysis,,,,,16,19,,,,,,,,,,,,,,,,,,,,"Target analysis: 29 candidates, score 30.00",,29,30.0,1,,,,,,,,,False,,,,"(16, 19)",,,28,29,29,6,3
2025-09-15T23:51:58.551261,,,Polska,Z_Pluton__3_Kompania_Zaopatrzeniowa_20250913214023,,second_move,,,16,19,,,,,,,,,,,,,,,,,,,,,,second_chance after MULTI_TURN_START,,,,,,,,,,,,,,,,,,,,,,,,
2025-09-15T23:51:58.584957,,target_selection,Polska,P_Kompania__3_Batalion_Strzelc_w,,target_analysis,,,,,42,10,,,,,,,,,,,,,,,,,,,,"Target analysis: 29 candidates, score -1.00",,29,-1,999,,,,,,,,,False,,,,,,,29,29,29,6,2
2025-09-15T23:51:58.590834,,,Polska,P_Kompania__3_Batalion_Strzelc_w,,second_move,,,42,10,,,,,,,,,,,,,,,,,,,,,,second_chance after MULTI_TURN_START,,,,,,,,,,,,,,,,,,,,,,,,
2025-09-15T23:51:58.605328,,target_selection,Polska,P_Pluton__3_Pu_k_Piechoty,,target_analysis,,,,,39,12,,,,,,,,,,,,,,,,,,,,"Target analysis: 29 candidates, score -1.00",,29,-1,999,,,,,,,,,False,,,,,,,29,29,29,3,2
2025-09-15T23:51:58.608533,,,Polska,P_Pluton__3_Pu_k_Piechoty,,second_move,,,39,12,,,,,,,,,,,,,,,,,,,,,,second_chance after MULTI_TURN_START,,,,,,,,,,,,,,,,,,,,,,,,
2025-09-15T23:51:58.623346,,target_selection,Polska,P_Batalion__3_Pu_k_Piechoty,,target_analysis,,,,,34,15,,,,,,,,,,,,,,,,,,,,"Target analysis: 29 candidates, score -1.00",,29,-1,999,,,,,,,,,False,,,,,,,29,29,29,3,2
2025-09-15T23:51:58.627663,,,Polska,P_Batalion__3_Pu_k_Piechoty,,second_move,,,34,15,,,,,,,,,,,,,,,,,,,,,,second_chance after MULTI_TURN_START,,,,,,,,,,,,,,,,,,,,,,,,
2025-09-15T23:51:58.651782,,target_selection,Polska,P_Pluton__3_Pu_k_Piechoty_20250913214024,,target_analysis,,,,,41,11,,,,,,,,,,,,,,,,,,,,"Target analysis: 29 candidates, score -1.00",,29,-1,999,,,,,,,,,False,,,,,,,29,29,29,3,2
2025-09-15T23:51:58.657880,,,Polska,P_Pluton__3_Pu_k_Piechoty_20250913214024,,second_move,,,41,11,,,,,,,,,,,,,,,,,,,,,,second_chance after MULTI_TURN_START,,,,,,,,,,,,,,,,,,,,,,,,
2025-09-15T23:51:58.699632,,target_selection,Polska,Z_Kompania__3_Kompania_Zaopatrzeniowa,,target_analysis,,,,,37,14,,,,,,,,,,,,,,,,,,,,"Target analysis: 29 candidates, score -1.00",,29,-1,999,,,,,,,,,False,,,,,,,29,29,29,4,3
2025-09-15T23:51:58.705254,,,Polska,Z_Kompania__3_Kompania_Zaopatrzeniowa,,second_move,,,37,14,,,,,,,,,,,,,,,,,,,,,,second_chance after MULTI_TURN_START,,,,,,,,,,,,,,,,,,,,,,,,
2025-09-15T23:51:58.726405,,target_selection,Polska,P_Pluton__3_Kompania_Grenadier_w,,target_analysis,,,,,39,13,,,,,,,,,,,,,,,,,,,,"Target analysis: 29 candidates, score -1.00",,29,-1,999,,,,,,,,,False,,,,,,,29,29,29,3,2
2025-09-15T23:51:58.730877,,,Polska,P_Pluton__3_Kompania_Grenadier_w,,second_move,,,39,13,,,,,,,,,,,,,,,,,,,,,,second_chance after MULTI_TURN_START,,,,,,,,,,,,,,,,,,,,,,,,
2025-09-15T23:51:58.739173,,,Polska,RESUPPLY_NEEDS,,resupply_analysis,,,,,,,,,,,,,,,,,,,,,,,,,,NEEDS_ANALYSIS PRE_RAID_OPTIMIZATION | TOTAL_FUEL_NEEDED: 14 | TOTAL_COMBAT_NEEDED: 0 | TOTAL_PE_NEEDED: 14 | BUDGET_AVAILABLE: 64 | UNITS_REQUIRING_HELP: 9,,,,,,,,,,,,,,,,,,,,,,,,
2025-09-15T23:51:58.740171,,,Polska,Z_Pluton__3_Batalion_Wsparcia,,resupply_detailed,15,24,15,24,,,,,,,,,,,,,,,,,,,,,,phase1 PRE_RAID_OPTIMIZATION | PE_SPENT: fuel=2 combat=0 total=2 | BEFORE: fuel=1 combat=4 | AFTER: fuel=3 combat=4,,,,,,,,,,,,,,,,,,,,,,,,
2025-09-15T23:51:58.742350,,,Polska,Z_Pluton__3_Kompania_Zaopatrzeniowa,,resupply_detailed,27,19,27,19,,,,,,,,,,,,,,,,,,,,,,phase1 PRE_RAID_OPTIMIZATION | PE_SPENT: fuel=1 combat=0 total=1 | BEFORE: fuel=2 combat=4 | AFTER: fuel=3 combat=4,,,,,,,,,,,,,,,,,,,,,,,,
2025-09-15T23:51:58.742840,,,Polska,Z_Pluton__3_Kompania_Zaopatrzeniowa_20250913214023,,resupply_detailed,16,19,16,19,,,,,,,,,,,,,,,,,,,,,,phase1 PRE_RAID_OPTIMIZATION | PE_SPENT: fuel=1 combat=0 total=1 | BEFORE: fuel=2 combat=4 | AFTER: fuel=3 combat=4,,,,,,,,,,,,,,,,,,,,,,,,
2025-09-15T23:51:58.743855,,,Polska,P_Kompania__3_Batalion_Strzelc_w,,resupply_detailed,42,10,42,10,,,,,,,,,,,,,,,,,,,,,,phase1 PRE_RAID_OPTIMIZATION | PE_SPENT: fuel=1 combat=0 total=1 | BEFORE: fuel=1 combat=11 | AFTER: fuel=2 combat=11,,,,,,,,,,,,,,,,,,,,,,,,
2025-09-15T23:51:58.744860,,,Polska,P_Pluton__3_Pu_k_Piechoty,,resupply_detailed,39,12,39,12,,,,,,,,,,,,,,,,,,,,,,phase1 PRE_RAID_OPTIMIZATION | PE_SPENT: fuel=1 combat=0 total=1 | BEFORE: fuel=1 combat=8 | AFTER: fuel=2 combat=8,,,,,,,,,,,,,,,,,,,,,,,,
2025-09-15T23:51:58.744860,,,Polska,P_Batalion__3_Pu_k_Piechoty,,resupply_detailed,34,15,34,15,,,,,,,,,,,,,,,,,,,,,,phase1 PRE_RAID_OPTIMIZATION | PE_SPENT: fuel=1 combat=0 total=1 | BEFORE: fuel=1 combat=14 | AFTER: fuel=2 combat=14,,,,,,,,,,,,,,,,,,,,,,,,
2025-09-15T23:51:58.745866,,,Polska,P_Pluton__3_Pu_k_Piechoty_20250913214024,,resupply_detailed,41,11,41,11,,,,,,,,,,,,,,,,,,,,,,phase1 PRE_RAID_OPTIMIZATION | PE_SPENT: fuel=1 combat=0 total=1 | BEFORE: fuel=1 combat=8 | AFTER: fuel=2 combat=8,,,,,,,,,,,,,,,,,,,,,,,,
2025-09-15T23:51:58.746871,,,Polska,Z_Kompania__3_Kompania_Zaopatrzeniowa,,resupply_detailed,37,14,37,14,,,,,,,,,,,,,,,,,,,,,,phase1 PRE_RAID_OPTIMIZATION | PE_SPENT: fuel=1 combat=0 total=1 | BEFORE: fuel=2 combat=6 | AFTER: fuel=3 combat=6,,,,,,,,,,,,,,,,,,,,,,,,
2025-09-15T23:51:58.746871,,,Polska,P_Pluton__3_Kompania_Grenadier_w,,resupply_detailed,39,13,39,13,,,,,,,,,,,,,,,,,,,,,,phase1 PRE_RAID_OPTIMIZATION | PE_SPENT: fuel=1 combat=0 total=1 | BEFORE: fuel=1 combat=8 | AFTER: fuel=2 combat=8,,,,,,,,,,,,,,,,,,,,,,,,
2025-09-15T23:51:58.749117,,,Polska,RESUPPLY_OPERATION,,resupply_summary,,,,,,,,,,,,,,,,,,,,,,,,,,RESUPPLY_SUMMARY PRE_RAID_OPTIMIZATION | TOTAL_PE_SPENT: 10 | UNITS_RESUPPLIED: 9/9 | BUDGET_ALLOCATED: 64 | PE_REMAINING: 71,,,,,,,,,,,,,,,,,,,,,,,,
2025-09-15T23:51:58.779607,,target_selection,Polska,Z_Pluton__3_Batalion_Wsparcia,,target_analysis,,,,,12,27,,,,,,,,,,,,,,,,,,,,"Target analysis: 29 candidates, score -1.00",,29,-1,999,,,,,,,,,False,,,,,,,29,29,29,7,3
2025-09-15T23:51:58.779607,,,Polska,Z_Pluton__3_Batalion_Wsparcia,,second_move,,,12,27,,,,,,,,,,,,,,,,,,,,,,second_chance after PRE_RAID_OPTIMIZATION,,,,,,,,,,,,,,,,,,,,,,,,
2025-09-15T23:51:58.809801,,target_selection,Polska,Z_Pluton__3_Kompania_Zaopatrzeniowa,,target_analysis,,,,,24,19,,,,,,,,,,,,,,,,,,,,"Target analysis: 29 candidates, score -1.00",,29,-1,999,,,,,,,,,False,,,,,,,29,29,29,3,3
2025-09-15T23:51:58.813280,,,Polska,Z_Pluton__3_Kompania_Zaopatrzeniowa,,second_move,,,24,19,,,,,,,,,,,,,,,,,,,,,,second_chance after PRE_RAID_OPTIMIZATION,,,,,,,,,,,,,,,,,,,,,,,,
2025-09-15T23:51:58.847578,,target_selection,Polska,Z_Pluton__3_Kompania_Zaopatrzeniowa_20250913214023,,target_analysis,,,,,16,20,,,,,,,,,,,,,,,,,,,,"Target analysis: 29 candidates, score 30.00",,29,30.0,1,,,,,,,,,False,,,,"(16, 20)",,,28,29,29,5,3
2025-09-15T23:51:58.850740,,,Polska,Z_Pluton__3_Kompania_Zaopatrzeniowa_20250913214023,,second_move,,,16,20,,,,,,,,,,,,,,,,,,,,,,second_chance after PRE_RAID_OPTIMIZATION,,,,,,,,,,,,,,,,,,,,,,,,
2025-09-15T23:51:58.875257,,target_selection,Polska,P_Kompania__3_Batalion_Strzelc_w,,target_analysis,,,,,40,10,,,,,,,,,,,,,,,,,,,,"Target analysis: 29 candidates, score -1.00",,29,-1,999,,,,,,,,,False,,,,,,,29,29,29,5,2
2025-09-15T23:51:58.879340,,,Polska,P_Kompania__3_Batalion_Strzelc_w,,second_move,,,40,10,,,,,,,,,,,,,,,,,,,,,,second_chance after PRE_RAID_OPTIMIZATION,,,,,,,,,,,,,,,,,,,,,,,,
2025-09-15T23:51:58.896342,,target_selection,Polska,P_Pluton__3_Pu_k_Piechoty,,target_analysis,,,,,41,12,,,,,,,,,,,,,,,,,,,,"Target analysis: 29 candidates, score -1.00",,29,-1,999,,,,,,,,,False,,,,,,,29,29,29,2,2
2025-09-15T23:51:58.935854,,,Polska,P_Pluton__3_Pu_k_Piechoty,,second_move,,,41,12,,,,,,,,,,,,,,,,,,,,,,second_chance after PRE_RAID_OPTIMIZATION,,,,,,,,,,,,,,,,,,,,,,,,
2025-09-15T23:51:58.966774,,target_selection,Polska,P_Batalion__3_Pu_k_Piechoty,,target_analysis,,,,,36,15,,,,,,,,,,,,,,,,,,,,"Target analysis: 29 candidates, score -1.00",,29,-1,999,,,,,,,,,False,,,,,,,29,29,29,2,2
2025-09-15T23:51:58.974160,,,Polska,P_Batalion__3_Pu_k_Piechoty,,second_move,,,36,15,,,,,,,,,,,,,,,,,,,,,,second_chance after PRE_RAID_OPTIMIZATION,,,,,,,,,,,,,,,,,,,,,,,,
2025-09-15T23:51:58.987499,,target_selection,Polska,P_Pluton__3_Pu_k_Piechoty_20250913214024,,target_analysis,,,,,39,11,,,,,,,,,,,,,,,,,,,,"Target analysis: 29 candidates, score -1.00",,29,-1,999,,,,,,,,,False,,,,,,,29,29,29,2,2
2025-09-15T23:51:58.994665,,,Polska,P_Pluton__3_Pu_k_Piechoty_20250913214024,,second_move,,,39,11,,,,,,,,,,,,,,,,,,,,,,second_chance after PRE_RAID_OPTIMIZATION,,,,,,,,,,,,,,,,,,,,,,,,
2025-09-15T23:51:59.022364,,target_selection,Polska,Z_Kompania__3_Kompania_Zaopatrzeniowa,,target_analysis,,,,,34,14,,,,,,,,,,,,,,,,,,,,"Target analysis: 29 candidates, score -1.00",,29,-1,999,,,,,,,,,False,,,,,,,29,29,29,3,3
2025-09-15T23:51:59.025745,,,Polska,Z_Kompania__3_Kompania_Zaopatrzeniowa,,second_move,,,34,14,,,,,,,,,,,,,,,,,,,,,,second_chance after PRE_RAID_OPTIMIZATION,,,,,,,,,,,,,,,,,,,,,,,,
2025-09-15T23:51:59.039619,,target_selection,Polska,P_Pluton__3_Kompania_Grenadier_w,,target_analysis,,,,,37,13,,,,,,,,,,,,,,,,,,,,"Target analysis: 29 candidates, score -1.00",,29,-1,999,,,,,,,,,False,,,,,,,29,29,29,2,2
2025-09-15T23:51:59.043139,,,Polska,P_Pluton__3_Kompania_Grenadier_w,,second_move,,,37,13,,,,,,,,,,,,,,,,,,,,,,second_chance after PRE_RAID_OPTIMIZATION,,,,,,,,,,,,,,,,,,,,,,,,
2025-09-15T23:51:59.108315,,,Polska,RESUPPLY_NEEDS,,resupply_analysis,,,,,,,,,,,,,,,,,,,,,,,,,,NEEDS_ANALYSIS PRE_RAID_OPTIMIZATION | TOTAL_FUEL_NEEDED: 13 | TOTAL_COMBAT_NEEDED: 0 | TOTAL_PE_NEEDED: 13 | BUDGET_AVAILABLE: 56 | UNITS_REQUIRING_HELP: 9,,,,,,,,,,,,,,,,,,,,,,,,
2025-09-15T23:51:59.109325,,,Polska,RESUPPLY_OPERATION,,resupply_summary,,,,,,,,,,,,,,,,,,,,,,,,,,RESUPPLY_SUMMARY PRE_RAID_OPTIMIZATION | TOTAL_PE_SPENT: 0 | UNITS_RESUPPLIED: 0/9 | BUDGET_ALLOCATED: 56 | PE_REMAINING: 71,,,,,,,,,,,,,,,,,,,,,,,,
2025-09-15T23:51:59.122741,,target_selection,Polska,Z_Pluton__3_Batalion_Wsparcia,,target_analysis,,,,,12,25,,,,,,,,,,,,,,,,,,,,"Target analysis: 29 candidates, score -1.00",,29,-1,999,,,,,,,,,False,,,,,,,29,29,29,3,2
2025-09-15T23:51:59.128065,,,Polska,Z_Pluton__3_Batalion_Wsparcia,,second_move,,,12,25,,,,,,,,,,,,,,,,,,,,,,second_chance after PRE_RAID_OPTIMIZATION,,,,,,,,,,,,,,,,,,,,,,,,
2025-09-15T23:51:59.146040,,target_selection,Polska,Z_Pluton__3_Kompania_Zaopatrzeniowa,,target_analysis,,,,,26,19,,,,,,,,,,,,,,,,,,,,"Target analysis: 29 candidates, score -1.00",,29,-1,999,,,,,,,,,False,,,,,,,29,29,29,2,2
2025-09-15T23:51:59.149572,,,Polska,Z_Pluton__3_Kompania_Zaopatrzeniowa,,second_move,,,26,19,,,,,,,,,,,,,,,,,,,,,,second_chance after PRE_RAID_OPTIMIZATION,,,,,,,,,,,,,,,,,,,,,,,,
2025-09-15T23:51:59.170616,,target_selection,Polska,Z_Pluton__3_Kompania_Zaopatrzeniowa_20250913214023,,target_analysis,,,,,16,19,,,,,,,,,,,,,,,,,,,,"Target analysis: 29 candidates, score 30.00",,29,30.0,1,,,,,,,,,False,,,,"(16, 19)",,,28,29,29,4,2
2025-09-15T23:51:59.175807,,,Polska,Z_Pluton__3_Kompania_Zaopatrzeniowa_20250913214023,,second_move,,,16,19,,,,,,,,,,,,,,,,,,,,,,second_chance after PRE_RAID_OPTIMIZATION,,,,,,,,,,,,,,,,,,,,,,,,
2025-09-15T23:51:59.187797,,target_selection,Polska,P_Kompania__3_Batalion_Strzelc_w,,target_analysis,,,,,41,10,,,,,,,,,,,,,,,,,,,,"Target analysis: 29 candidates, score -1.00",,29,-1,999,,,,,,,,,False,,,,,,,29,29,29,4,1
2025-09-15T23:51:59.194209,,,Polska,P_Kompania__3_Batalion_Strzelc_w,,second_move,,,41,10,,,,,,,,,,,,,,,,,,,,,,second_chance after PRE_RAID_OPTIMIZATION,,,,,,,,,,,,,,,,,,,,,,,,
2025-09-15T23:51:59.201736,,target_selection,Polska,P_Pluton__3_Pu_k_Piechoty,,target_analysis,,,,,40,12,,,,,,,,,,,,,,,,,,,,"Target analysis: 29 candidates, score -1.00",,29,-1,999,,,,,,,,,False,,,,,,,29,29,29,1,1
2025-09-15T23:51:59.208127,,,Polska,P_Pluton__3_Pu_k_Piechoty,,second_move,,,40,12,,,,,,,,,,,,,,,,,,,,,,second_chance after PRE_RAID_OPTIMIZATION,,,,,,,,,,,,,,,,,,,,,,,,
2025-09-15T23:51:59.215116,,target_selection,Polska,P_Batalion__3_Pu_k_Piechoty,,target_analysis,,,,,35,15,,,,,,,,,,,,,,,,,,,,"Target analysis: 29 candidates, score -1.00",,29,-1,999,,,,,,,,,False,,,,,,,29,29,29,1,1
2025-09-15T23:51:59.220033,,,Polska,P_Batalion__3_Pu_k_Piechoty,,second_move,,,35,15,,,,,,,,,,,,,,,,,,,,,,second_chance after PRE_RAID_OPTIMIZATION,,,,,,,,,,,,,,,,,,,,,,,,
2025-09-15T23:51:59.228286,,target_selection,Polska,P_Pluton__3_Pu_k_Piechoty_20250913214024,,target_analysis,,,,,40,11,,,,,,,,,,,,,,,,,,,,"Target analysis: 29 candidates, score -1.00",,29,-1,999,,,,,,,,,False,,,,,,,29,29,29,1,1
2025-09-15T23:51:59.235088,,,Polska,P_Pluton__3_Pu_k_Piechoty_20250913214024,,second_move,,,40,11,,,,,,,,,,,,,,,,,,,,,,second_chance after PRE_RAID_OPTIMIZATION,,,,,,,,,,,,,,,,,,,,,,,,
2025-09-15T23:51:59.259048,,target_selection,Polska,Z_Kompania__3_Kompania_Zaopatrzeniowa,,target_analysis,,,,,36,14,,,,,,,,,,,,,,,,,,,,"Target analysis: 29 candidates, score -1.00",,29,-1,999,,,,,,,,,False,,,,,,,29,29,29,2,2
2025-09-15T23:51:59.263471,,,Polska,Z_Kompania__3_Kompania_Zaopatrzeniowa,,second_move,,,36,14,,,,,,,,,,,,,,,,,,,,,,second_chance after PRE_RAID_OPTIMIZATION,,,,,,,,,,,,,,,,,,,,,,,,
2025-09-15T23:51:59.275014,,target_selection,Polska,P_Pluton__3_Kompania_Grenadier_w,,target_analysis,,,,,38,13,,,,,,,,,,,,,,,,,,,,"Target analysis: 29 candidates, score -1.00",,29,-1,999,,,,,,,,,False,,,,,,,29,29,29,1,1
2025-09-15T23:51:59.278009,,,Polska,P_Pluton__3_Kompania_Grenadier_w,,second_move,,,38,13,,,,,,,,,,,,,,,,,,,,,,second_chance after PRE_RAID_OPTIMIZATION,,,,,,,,,,,,,,,,,,,,,,,,
2025-09-15T23:51:59.280312,,,Polska,RESUPPLY_NEEDS,,resupply_analysis,,,,,,,,,,,,,,,,,,,,,,,,,,NEEDS_ANALYSIS LOW_FUEL | TOTAL_FUEL_NEEDED: 22 | TOTAL_COMBAT_NEEDED: 0 | TOTAL_PE_NEEDED: 22 | BUDGET_AVAILABLE: 63 | UNITS_REQUIRING_HELP: 9,,,,,,,,,,,,,,,,,,,,,,,,
2025-09-15T23:51:59.281325,,,Polska,RESUPPLY_OPERATION,,resupply_summary,,,,,,,,,,,,,,,,,,,,,,,,,,RESUPPLY_SUMMARY LOW_FUEL | TOTAL_PE_SPENT: 0 | UNITS_RESUPPLIED: 0/9 | BUDGET_ALLOCATED: 63 | PE_REMAINING: 71,,,,,,,,,,,,,,,,,,,,,,,,
2025-09-15T23:51:59.293047,,target_selection,Polska,Z_Pluton__3_Batalion_Wsparcia,,target_analysis,,,,,13,25,,,,,,,,,,,,,,,,,,,,"Target analysis: 29 candidates, score -1.00",,29,-1,999,,,,,,,,,False,,,,,,,29,29,29,2,1
2025-09-15T23:51:59.296789,,,Polska,Z_Pluton__3_Batalion_Wsparcia,,second_move,,,13,25,,,,,,,,,,,,,,,,,,,,,,second_chance after LOW_FUEL,,,,,,,,,,,,,,,,,,,,,,,,
2025-09-15T23:51:59.307132,,target_selection,Polska,Z_Pluton__3_Kompania_Zaopatrzeniowa,,target_analysis,,,,,27,19,,,,,,,,,,,,,,,,,,,,"Target analysis: 29 candidates, score -1.00",,29,-1,999,,,,,,,,,False,,,,,,,29,29,29,1,1
2025-09-15T23:51:59.310212,,,Polska,Z_Pluton__3_Kompania_Zaopatrzeniowa,,second_move,,,27,19,,,,,,,,,,,,,,,,,,,,,,second_chance after LOW_FUEL,,,,,,,,,,,,,,,,,,,,,,,,
2025-09-15T23:51:59.325739,,target_selection,Polska,Z_Pluton__3_Kompania_Zaopatrzeniowa_20250913214023,,target_analysis,,,,,17,19,,,,,,,,,,,,,,,,,,,,"Target analysis: 29 candidates, score -1.00",,29,-1,999,,,,,,,,,False,,,,,,,29,29,29,3,1
2025-09-15T23:51:59.327111,,,Polska,Z_Pluton__3_Kompania_Zaopatrzeniowa_20250913214023,,second_move,,,17,19,,,,,,,,,,,,,,,,,,,,,,second_chance after LOW_FUEL,,,,,,,,,,,,,,,,,,,,,,,,
2025-09-15T23:51:59.340455,,target_selection,Polska,Z_Kompania__3_Kompania_Zaopatrzeniowa,,target_analysis,,,,,37,14,,,,,,,,,,,,,,,,,,,,"Target analysis: 29 candidates, score -1.00",,29,-1,999,,,,,,,,,False,,,,,,,29,29,29,1,1
2025-09-15T23:51:59.343828,,,Polska,Z_Kompania__3_Kompania_Zaopatrzeniowa,,second_move,,,37,14,,,,,,,,,,,,,,,,,,,,,,second_chance after LOW_FUEL,,,,,,,,,,,,,,,,,,,,,,,,
2025-09-15T23:51:59.346522,,,Polska,RESUPPLY_NEEDS,,resupply_analysis,,,,,,,,,,,,,,,,,,,,,,,,,,NEEDS_ANALYSIS PRE_RAID_OPTIMIZATION | TOTAL_FUEL_NEEDED: 26 | TOTAL_COMBAT_NEEDED: 0 | TOTAL_PE_NEEDED: 26 | BUDGET_AVAILABLE: 63 | UNITS_REQUIRING_HELP: 9,,,,,,,,,,,,,,,,,,,,,,,,
2025-09-15T23:51:59.346522,,,Polska,Z_Pluton__3_Batalion_Wsparcia,,resupply_bonus,13,25,13,25,,,,,,,,,,,,,,,,,,,,,,bonus_phase PRE_RAID_OPTIMIZATION | PE_SPENT: fuel=1 combat=0 total=1 | BONUS_ALLOCATION: 2 PE available | REMAINING_BUDGET: 17 PE,,,,,,,,,,,,,,,,,,,,,,,,
2025-09-15T23:51:59.347527,,,Polska,Z_Pluton__3_Kompania_Zaopatrzeniowa,,resupply_bonus,27,19,27,19,,,,,,,,,,,,,,,,,,,,,,bonus_phase PRE_RAID_OPTIMIZATION | PE_SPENT: fuel=1 combat=0 total=1 | BONUS_ALLOCATION: 2 PE available | REMAINING_BUDGET: 16 PE,,,,,,,,,,,,,,,,,,,,,,,,
2025-09-15T23:51:59.348531,,,Polska,Z_Pluton__3_Kompania_Zaopatrzeniowa_20250913214023,,resupply_bonus,17,19,17,19,,,,,,,,,,,,,,,,,,,,,,bonus_phase PRE_RAID_OPTIMIZATION | PE_SPENT: fuel=1 combat=0 total=1 | BONUS_ALLOCATION: 2 PE available | REMAINING_BUDGET: 15 PE,,,,,,,,,,,,,,,,,,,,,,,,
2025-09-15T23:51:59.348531,,,Polska,P_Kompania__3_Batalion_Strzelc_w,,resupply_bonus,41,10,41,10,,,,,,,,,,,,,,,,,,,,,,bonus_phase PRE_RAID_OPTIMIZATION | PE_SPENT: fuel=1 combat=0 total=1 | BONUS_ALLOCATION: 2 PE available | REMAINING_BUDGET: 14 PE,,,,,,,,,,,,,,,,,,,,,,,,
2025-09-15T23:51:59.349758,,,Polska,P_Pluton__3_Pu_k_Piechoty,,resupply_bonus,40,12,40,12,,,,,,,,,,,,,,,,,,,,,,bonus_phase PRE_RAID_OPTIMIZATION | PE_SPENT: fuel=1 combat=0 total=1 | BONUS_ALLOCATION: 2 PE available | REMAINING_BUDGET: 13 PE,,,,,,,,,,,,,,,,,,,,,,,,
2025-09-15T23:51:59.349758,,,Polska,P_Batalion__3_Pu_k_Piechoty,,resupply_bonus,35,15,35,15,,,,,,,,,,,,,,,,,,,,,,bonus_phase PRE_RAID_OPTIMIZATION | PE_SPENT: fuel=1 combat=0 total=1 | BONUS_ALLOCATION: 2 PE available | REMAINING_BUDGET: 12 PE,,,,,,,,,,,,,,,,,,,,,,,,
2025-09-15T23:51:59.351070,,,Polska,P_Pluton__3_Pu_k_Piechoty_20250913214024,,resupply_bonus,40,11,40,11,,,,,,,,,,,,,,,,,,,,,,bonus_phase PRE_RAID_OPTIMIZATION | PE_SPENT: fuel=1 combat=0 total=1 | BONUS_ALLOCATION: 2 PE available | REMAINING_BUDGET: 11 PE,,,,,,,,,,,,,,,,,,,,,,,,
2025-09-15T23:51:59.351070,,,Polska,Z_Kompania__3_Kompania_Zaopatrzeniowa,,resupply_bonus,37,14,37,14,,,,,,,,,,,,,,,,,,,,,,bonus_phase PRE_RAID_OPTIMIZATION | PE_SPENT: fuel=1 combat=0 total=1 | BONUS_ALLOCATION: 2 PE available | REMAINING_BUDGET: 10 PE,,,,,,,,,,,,,,,,,,,,,,,,
2025-09-15T23:51:59.352427,,,Polska,P_Pluton__3_Kompania_Grenadier_w,,resupply_bonus,38,13,38,13,,,,,,,,,,,,,,,,,,,,,,bonus_phase PRE_RAID_OPTIMIZATION | PE_SPENT: fuel=1 combat=0 total=1 | BONUS_ALLOCATION: 2 PE available | REMAINING_BUDGET: 9 PE,,,,,,,,,,,,,,,,,,,,,,,,
2025-09-15T23:51:59.355470,,,Polska,RESUPPLY_OPERATION,,resupply_summary,,,,,,,,,,,,,,,,,,,,,,,,,,RESUPPLY_SUMMARY PRE_RAID_OPTIMIZATION | TOTAL_PE_SPENT: 9 | UNITS_RESUPPLIED: 0/9 | BUDGET_ALLOCATED: 63 | PE_REMAINING: 62,,,,,,,,,,,,,,,,,,,,,,,,
2025-09-15T23:51:59.364734,,target_selection,Polska,Z_Pluton__3_Batalion_Wsparcia,,target_analysis,,,,,14,25,,,,,,,,,,,,,,,,,,,,"Target analysis: 29 candidates, score -1.00",,29,-1,999,,,,,,,,,False,,,,,,,29,29,29,1,1
2025-09-15T23:51:59.367992,,,Polska,Z_Pluton__3_Batalion_Wsparcia,,second_move,,,14,25,,,,,,,,,,,,,,,,,,,,,,second_chance after PRE_RAID_OPTIMIZATION,,,,,,,,,,,,,,,,,,,,,,,,
2025-09-15T23:51:59.376173,,target_selection,Polska,Z_Pluton__3_Kompania_Zaopatrzeniowa_20250913214023,,target_analysis,,,,,18,19,,,,,,,,,,,,,,,,,,,,"Target analysis: 29 candidates, score -1.00",,29,-1,999,,,,,,,,,False,,,,,,,29,29,29,2,1
2025-09-15T23:51:59.383380,,,Polska,Z_Pluton__3_Kompania_Zaopatrzeniowa_20250913214023,,second_move,,,18,19,,,,,,,,,,,,,,,,,,,,,,second_chance after PRE_RAID_OPTIMIZATION,,,,,,,,,,,,,,,,,,,,,,,,
2025-09-15T23:51:59.395752,,target_selection,Polska,P_Kompania__3_Batalion_Strzelc_w,,target_analysis,,,,,42,10,,,,,,,,,,,,,,,,,,,,"Target analysis: 29 candidates, score -1.00",,29,-1,999,,,,,,,,,False,,,,,,,29,29,29,3,1
2025-09-15T23:51:59.399837,,,Polska,P_Kompania__3_Batalion_Strzelc_w,,second_move,,,42,10,,,,,,,,,,,,,,,,,,,,,,second_chance after PRE_RAID_OPTIMIZATION,,,,,,,,,,,,,,,,,,,,,,,,
2025-09-15T23:51:59.401870,,,Polska,RESUPPLY_NEEDS,,resupply_analysis,,,,,,,,,,,,,,,,,,,,,,,,,,NEEDS_ANALYSIS LOW_FUEL | TOTAL_FUEL_NEEDED: 20 | TOTAL_COMBAT_NEEDED: 0 | TOTAL_PE_NEEDED: 20 | BUDGET_AVAILABLE: 55 | UNITS_REQUIRING_HELP: 9,,,,,,,,,,,,,,,,,,,,,,,,
2025-09-15T23:51:59.402887,,,Polska,RESUPPLY_OPERATION,,resupply_summary,,,,,,,,,,,,,,,,,,,,,,,,,,RESUPPLY_SUMMARY LOW_FUEL | TOTAL_PE_SPENT: 0 | UNITS_RESUPPLIED: 0/9 | BUDGET_ALLOCATED: 55 | PE_REMAINING: 62,,,,,,,,,,,,,,,,,,,,,,,,
2025-09-15T23:51:59.491411,,grouping,Polska,GROUP_5,,group_formation,35,11,34,11,34,11,,,,,,,,,,,,,,,,,,,,"Group 5: 1 units, score 0.00",,,,,5,1,"35,11",0.0,,,,False,,,,advanced,,,,,,,,
2025-09-15T23:51:59.502133,,strategy,Polska,STRATEGY,,strategic_decision,,,,,,,,,,,,,,,,,,,,,,,,,,"Strategy: REASSIGNMENT, aggression 0.50, 5 groups, 0 reassignments",,,,,,,,,REASSIGNMENT,0.5,,,,,,adaptive,,0,dynamic_reassignment,,,,,
2025-09-15T23:51:59.516694,,strategy,Polska,STRATEGY,,strategic_decision,,,,,,,,,,,,,,,,,,,,,,,,,,"Strategy: REASSIGNMENT, aggression 0.50, 5 groups, 0 reassignments",,,,,,,,,REASSIGNMENT,0.5,,,,,,adaptive,,0,dynamic_reassignment,,,,,
2025-09-15T23:51:59.531117,,strategy,Polska,STRATEGY,,strategic_decision,,,,,,,,,,,,,,,,,,,,,,,,,,"Strategy: REASSIGNMENT, aggression 0.50, 1 groups, 0 reassignments",,,,,,,,,REASSIGNMENT,0.5,,,,,,adaptive,,0,dynamic_reassignment,,,,,
2025-09-15T23:51:59.551373,,target_selection,Polska,Z_Pluton__3_Kompania_Zaopatrzeniowa,,target_analysis,,,,,25,19,,,,,,,,,,,,,,,,,,,,"Target analysis: 29 candidates, score -1.00",,29,-1,999,,,,,,,,,False,,,,,,,29,29,29,5,2
2025-09-15T23:51:59.559948,,strategy,Polska,STRATEGY,,strategic_decision,,,,,,,,,,,,,,,,,,,,,,,,,,"Strategy: REASSIGNMENT, aggression 0.50, 1 groups, 0 reassignments",,,,,,,,,REASSIGNMENT,0.5,,,,,,adaptive,,0,dynamic_reassignment,,,,,
2025-09-15T23:51:59.565209,,target_selection,Polska,Z_Pluton__3_Kompania_Zaopatrzeniowa_20250913214023,,target_analysis,,,,,,,,,,,,,,,,,,,,,,,,,,"Target analysis: 29 candidates, score -1.00",,29,-1,999,,,,,,,,,False,,,,,,,29,29,29,7,0
2025-09-15T23:51:59.567242,,,Polska,RESUPPLY_NEEDS,,resupply_analysis,,,,,,,,,,,,,,,,,,,,,,,,,,NEEDS_ANALYSIS LOW_FUEL | TOTAL_FUEL_NEEDED: 20 | TOTAL_COMBAT_NEEDED: 0 | TOTAL_PE_NEEDED: 20 | BUDGET_AVAILABLE: 55 | UNITS_REQUIRING_HELP: 9,,,,,,,,,,,,,,,,,,,,,,,,
2025-09-15T23:51:59.569356,,,Polska,RESUPPLY_OPERATION,,resupply_summary,,,,,,,,,,,,,,,,,,,,,,,,,,RESUPPLY_SUMMARY LOW_FUEL | TOTAL_PE_SPENT: 0 | UNITS_RESUPPLIED: 0/9 | BUDGET_ALLOCATED: 55 | PE_REMAINING: 62,,,,,,,,,,,,,,,,,,,,,,,,
2025-09-15T23:51:59.571318,,strategy,Polska,STRATEGY,,strategic_decision,,,,,,,,,,,,,,,,,,,,,,,,,,"Strategy: REASSIGNMENT, aggression 0.50, 1 groups, 0 reassignments",,,,,,,,,REASSIGNMENT,0.5,,,,,,adaptive,,0,dynamic_reassignment,,,,,
2025-09-15T23:51:59.578229,,target_selection,Polska,P_Kompania__3_Batalion_Strzelc_w,,target_analysis,,,,,,,,,,,,,,,,,,,,,,,,,,"Target analysis: 29 candidates, score -1.00",,29,-1,999,,,,,,,,,False,,,,,,,29,29,29,7,0
2025-09-15T23:51:59.578229,,,Polska,RESUPPLY_NEEDS,,resupply_analysis,,,,,,,,,,,,,,,,,,,,,,,,,,NEEDS_ANALYSIS LOW_FUEL | TOTAL_FUEL_NEEDED: 20 | TOTAL_COMBAT_NEEDED: 0 | TOTAL_PE_NEEDED: 20 | BUDGET_AVAILABLE: 55 | UNITS_REQUIRING_HELP: 9,,,,,,,,,,,,,,,,,,,,,,,,
2025-09-15T23:51:59.578229,,,Polska,RESUPPLY_OPERATION,,resupply_summary,,,,,,,,,,,,,,,,,,,,,,,,,,RESUPPLY_SUMMARY LOW_FUEL | TOTAL_PE_SPENT: 0 | UNITS_RESUPPLIED: 0/9 | BUDGET_ALLOCATED: 55 | PE_REMAINING: 62,,,,,,,,,,,,,,,,,,,,,,,,
2025-09-15T23:51:59.585462,,,Polska,RESUPPLY_NEEDS,,resupply_analysis,,,,,,,,,,,,,,,,,,,,,,,,,,NEEDS_ANALYSIS LOW_FUEL | TOTAL_FUEL_NEEDED: 20 | TOTAL_COMBAT_NEEDED: 0 | TOTAL_PE_NEEDED: 20 | BUDGET_AVAILABLE: 55 | UNITS_REQUIRING_HELP: 9,,,,,,,,,,,,,,,,,,,,,,,,
2025-09-15T23:51:59.586472,,,Polska,RESUPPLY_OPERATION,,resupply_summary,,,,,,,,,,,,,,,,,,,,,,,,,,RESUPPLY_SUMMARY LOW_FUEL | TOTAL_PE_SPENT: 0 | UNITS_RESUPPLIED: 0/9 | BUDGET_ALLOCATED: 55 | PE_REMAINING: 62,,,,,,,,,,,,,,,,,,,,,,,,
2025-09-15T23:51:59.590672,,,Polska,RESUPPLY_NEEDS,,resupply_analysis,,,,,,,,,,,,,,,,,,,,,,,,,,NEEDS_ANALYSIS LOW_FUEL | TOTAL_FUEL_NEEDED: 20 | TOTAL_COMBAT_NEEDED: 0 | TOTAL_PE_NEEDED: 20 | BUDGET_AVAILABLE: 55 | UNITS_REQUIRING_HELP: 9,,,,,,,,,,,,,,,,,,,,,,,,
2025-09-15T23:51:59.591913,,,Polska,RESUPPLY_OPERATION,,resupply_summary,,,,,,,,,,,,,,,,,,,,,,,,,,RESUPPLY_SUMMARY LOW_FUEL | TOTAL_PE_SPENT: 0 | UNITS_RESUPPLIED: 0/9 | BUDGET_ALLOCATED: 55 | PE_REMAINING: 62,,,,,,,,,,,,,,,,,,,,,,,,
2025-09-15T23:51:59.594059,,,Polska,RESUPPLY_NEEDS,,resupply_analysis,,,,,,,,,,,,,,,,,,,,,,,,,,NEEDS_ANALYSIS LOW_FUEL | TOTAL_FUEL_NEEDED: 20 | TOTAL_COMBAT_NEEDED: 0 | TOTAL_PE_NEEDED: 20 | BUDGET_AVAILABLE: 55 | UNITS_REQUIRING_HELP: 9,,,,,,,,,,,,,,,,,,,,,,,,
2025-09-15T23:51:59.595097,,,Polska,RESUPPLY_OPERATION,,resupply_summary,,,,,,,,,,,,,,,,,,,,,,,,,,RESUPPLY_SUMMARY LOW_FUEL | TOTAL_PE_SPENT: 0 | UNITS_RESUPPLIED: 0/9 | BUDGET_ALLOCATED: 55 | PE_REMAINING: 62,,,,,,,,,,,,,,,,,,,,,,,,
2025-09-15T23:51:59.595097,,strategy,Polska,STRATEGY,,strategic_decision,,,,,,,,,,,,,,,,,,,,,,,,,,"Strategy: REASSIGNMENT, aggression 0.50, 1 groups, 0 reassignments",,,,,,,,,REASSIGNMENT,0.5,,,,,,adaptive,,0,dynamic_reassignment,,,,,
2025-09-15T23:51:59.602717,,target_selection,Polska,P_Batalion__3_Pu_k_Piechoty,,target_analysis,,,,,,,,,,,,,,,,,,,,,,,,,,"Target analysis: 29 candidates, score -1.00",,29,-1,999,,,,,,,,,False,,,,,,,29,29,29,4,0
2025-09-15T23:51:59.607101,,,Polska,RESUPPLY_NEEDS,,resupply_analysis,,,,,,,,,,,,,,,,,,,,,,,,,,NEEDS_ANALYSIS LOW_FUEL | TOTAL_FUEL_NEEDED: 20 | TOTAL_COMBAT_NEEDED: 0 | TOTAL_PE_NEEDED: 20 | BUDGET_AVAILABLE: 55 | UNITS_REQUIRING_HELP: 9,,,,,,,,,,,,,,,,,,,,,,,,
2025-09-15T23:51:59.608232,,,Polska,RESUPPLY_OPERATION,,resupply_summary,,,,,,,,,,,,,,,,,,,,,,,,,,RESUPPLY_SUMMARY LOW_FUEL | TOTAL_PE_SPENT: 0 | UNITS_RESUPPLIED: 0/9 | BUDGET_ALLOCATED: 55 | PE_REMAINING: 62,,,,,,,,,,,,,,,,,,,,,,,,
2025-09-15T23:51:59.610272,,,Polska,RESUPPLY_NEEDS,,resupply_analysis,,,,,,,,,,,,,,,,,,,,,,,,,,NEEDS_ANALYSIS LOW_FUEL | TOTAL_FUEL_NEEDED: 20 | TOTAL_COMBAT_NEEDED: 0 | TOTAL_PE_NEEDED: 20 | BUDGET_AVAILABLE: 55 | UNITS_REQUIRING_HELP: 9,,,,,,,,,,,,,,,,,,,,,,,,
2025-09-15T23:51:59.611279,,,Polska,RESUPPLY_OPERATION,,resupply_summary,,,,,,,,,,,,,,,,,,,,,,,,,,RESUPPLY_SUMMARY LOW_FUEL | TOTAL_PE_SPENT: 0 | UNITS_RESUPPLIED: 0/9 | BUDGET_ALLOCATED: 55 | PE_REMAINING: 62,,,,,,,,,,,,,,,,,,,,,,,,
2025-09-15T23:51:59.611279,,,Polska,K_Pluton__3_Oddzia_Jazdy,,adaptive_autonomous,34,11,34,11,,,,,,,,,,,,,,,,,,,,,,"Advanced auto mode: group 5 (strategy: LOSING, aggr: 0.9)",,,,,,,,,,,,,,,,,,,,,,,,
2025-09-15T23:51:59.617332,,,Polska,RESUPPLY_NEEDS,,resupply_analysis,,,,,,,,,,,,,,,,,,,,,,,,,,NEEDS_ANALYSIS LOW_FUEL | TOTAL_FUEL_NEEDED: 21 | TOTAL_COMBAT_NEEDED: 0 | TOTAL_PE_NEEDED: 21 | BUDGET_AVAILABLE: 55 | UNITS_REQUIRING_HELP: 10,,,,,,,,,,,,,,,,,,,,,,,,
2025-09-15T23:51:59.618382,,,Polska,RESUPPLY_OPERATION,,resupply_summary,,,,,,,,,,,,,,,,,,,,,,,,,,RESUPPLY_SUMMARY LOW_FUEL | TOTAL_PE_SPENT: 0 | UNITS_RESUPPLIED: 0/10 | BUDGET_ALLOCATED: 55 | PE_REMAINING: 62,,,,,,,,,,,,,,,,,,,,,,,,
2025-09-15T23:51:59.669551,,target_selection,Polska,K_Pluton__3_Oddzia_Jazdy,,target_analysis,,,,,37,11,,,,,,,,,,,,,,,,,,,,"Target analysis: 29 candidates, score -1.00",,29,-1,999,,,,,,,,,False,,,,,,,29,29,29,6,3
2025-09-15T23:51:59.675093,,,Polska,K_Pluton__3_Oddzia_Jazdy,,second_move,,,37,11,,,,,,,,,,,,,,,,,,,,,,second_chance after LOW_FUEL,,,,,,,,,,,,,,,,,,,,,,,,
2025-09-15T23:51:59.677608,,,Polska,RESUPPLY_NEEDS,,resupply_analysis,,,,,,,,,,,,,,,,,,,,,,,,,,NEEDS_ANALYSIS LOW_FUEL | TOTAL_FUEL_NEEDED: 22 | TOTAL_COMBAT_NEEDED: 0 | TOTAL_PE_NEEDED: 22 | BUDGET_AVAILABLE: 55 | UNITS_REQUIRING_HELP: 10,,,,,,,,,,,,,,,,,,,,,,,,
2025-09-15T23:51:59.678611,,,Polska,K_Pluton__3_Oddzia_Jazdy,,resupply_detailed,37,11,37,11,,,,,,,,,,,,,,,,,,,,,,phase1 LOW_FUEL | PE_SPENT: fuel=1 combat=0 total=1 | BEFORE: fuel=2 combat=6 | AFTER: fuel=3 combat=6,,,,,,,,,,,,,,,,,,,,,,,,
2025-09-15T23:51:59.679658,,,Polska,RESUPPLY_OPERATION,,resupply_summary,,,,,,,,,,,,,,,,,,,,,,,,,,RESUPPLY_SUMMARY LOW_FUEL | TOTAL_PE_SPENT: 1 | UNITS_RESUPPLIED: 1/10 | BUDGET_ALLOCATED: 55 | PE_REMAINING: 61,,,,,,,,,,,,,,,,,,,,,,,,
2025-09-15T23:51:59.732477,,target_selection,Polska,K_Pluton__3_Oddzia_Jazdy,,target_analysis,,,,,34,14,,,,,,,,,,,,,,,,,,,,"Target analysis: 29 candidates, score -1.00",,29,-1,999,,,,,,,,,False,,,,,,,29,29,29,5,3
2025-09-15T23:51:59.740934,,,Polska,K_Pluton__3_Oddzia_Jazdy,,second_move,,,34,14,,,,,,,,,,,,,,,,,,,,,,second_chance after LOW_FUEL,,,,,,,,,,,,,,,,,,,,,,,,
2025-09-15T23:51:59.743056,,,Polska,RESUPPLY_NEEDS,,resupply_analysis,,,,,,,,,,,,,,,,,,,,,,,,,,NEEDS_ANALYSIS LOW_FUEL | TOTAL_FUEL_NEEDED: 22 | TOTAL_COMBAT_NEEDED: 0 | TOTAL_PE_NEEDED: 22 | BUDGET_AVAILABLE: 54 | UNITS_REQUIRING_HELP: 10,,,,,,,,,,,,,,,,,,,,,,,,
2025-09-15T23:51:59.744055,,,Polska,K_Pluton__3_Oddzia_Jazdy,,resupply_detailed,34,14,34,14,,,,,,,,,,,,,,,,,,,,,,phase1 LOW_FUEL | PE_SPENT: fuel=1 combat=0 total=1 | BEFORE: fuel=2 combat=6 | AFTER: fuel=3 combat=6,,,,,,,,,,,,,,,,,,,,,,,,
2025-09-15T23:51:59.744055,,,Polska,RESUPPLY_OPERATION,,resupply_summary,,,,,,,,,,,,,,,,,,,,,,,,,,RESUPPLY_SUMMARY LOW_FUEL | TOTAL_PE_SPENT: 1 | UNITS_RESUPPLIED: 1/10 | BUDGET_ALLOCATED: 54 | PE_REMAINING: 60,,,,,,,,,,,,,,,,,,,,,,,,
2025-09-15T23:51:59.793583,,target_selection,Polska,K_Pluton__3_Oddzia_Jazdy,,target_analysis,,,,,31,17,,,,,,,,,,,,,,,,,,,,"Target analysis: 29 candidates, score -1.00",,29,-1,999,,,,,,,,,False,,,,,,,29,29,29,4,3
2025-09-15T23:51:59.795898,,,Polska,K_Pluton__3_Oddzia_Jazdy,,second_move,,,31,17,,,,,,,,,,,,,,,,,,,,,,second_chance after LOW_FUEL,,,,,,,,,,,,,,,,,,,,,,,,
2025-09-15T23:51:59.800744,,,Polska,TURN_END,,turn_summary,,,,,,,,,,,9,1,,,,,,,,,,,,advanced,opp=0;groups=5;adv=True,"Turn completed: 1/9 units moved, 5 groups (advanced)",,,,,,,,,,,,,,,,,,,,,,,,
2025-09-15T23:51:59.893920,,,Niemcy,TURN_START,,turn_begin,,,,,,,,,,,,,,,,,,,,,,,,,,AI Commander turn started for player 5,,,,,,,,,,,,,,,,,,,,,,,,
2025-09-15T23:51:59.900662,,,Niemcy,RESUPPLY_NEEDS,,resupply_analysis,,,,,,,,,,,,,,,,,,,,,,,,,,NEEDS_ANALYSIS PRE_RAID_OPTIMIZATION | TOTAL_FUEL_NEEDED: 26 | TOTAL_COMBAT_NEEDED: 0 | TOTAL_PE_NEEDED: 26 | BUDGET_AVAILABLE: 61 | UNITS_REQUIRING_HELP: 9,,,,,,,,,,,,,,,,,,,,,,,,
2025-09-15T23:51:59.900662,,,Niemcy,P_Pluton__5_Infanterie_Regiment,,resupply_detailed,38,-5,38,-5,,,,,,,,,,,,,,,,,,,,,,phase1 PRE_RAID_OPTIMIZATION | PE_SPENT: fuel=2 combat=0 total=2 | BEFORE: fuel=0 combat=8 | AFTER: fuel=2 combat=8,,,,,,,,,,,,,,,,,,,,,,,,
2025-09-15T23:51:59.902063,,,Niemcy,P_Kompania__5_Infanterie_Regiment,,resupply_detailed,37,-6,37,-6,,,,,,,,,,,,,,,,,,,,,,phase1 PRE_RAID_OPTIMIZATION | PE_SPENT: fuel=2 combat=0 total=2 | BEFORE: fuel=0 combat=11 | AFTER: fuel=2 combat=11,,,,,,,,,,,,,,,,,,,,,,,,
2025-09-15T23:51:59.902063,,,Niemcy,P_Pluton__5_Sch_tzen_Kompanie,,resupply_detailed,40,-13,40,-13,,,,,,,,,,,,,,,,,,,,,,phase1 PRE_RAID_OPTIMIZATION | PE_SPENT: fuel=2 combat=0 total=2 | BEFORE: fuel=0 combat=8 | AFTER: fuel=2 combat=8,,,,,,,,,,,,,,,,,,,,,,,,
2025-09-15T23:51:59.903097,,,Niemcy,AC_Kompania__5_schwere_Artillerie,,resupply_detailed,42,-4,42,-4,,,,,,,,,,,,,,,,,,,,,,phase1 PRE_RAID_OPTIMIZATION | PE_SPENT: fuel=2 combat=0 total=2 | BEFORE: fuel=0 combat=11 | AFTER: fuel=2 combat=11,,,,,,,,,,,,,,,,,,,,,,,,
2025-09-15T23:51:59.904094,,,Niemcy,AL_Batalion__5_Artillerie_Abteilung,,resupply_detailed,55,-16,55,-16,,,,,,,,,,,,,,,,,,,,,,phase1 PRE_RAID_OPTIMIZATION | PE_SPENT: fuel=2 combat=0 total=2 | BEFORE: fuel=0 combat=11 | AFTER: fuel=2 combat=11,,,,,,,,,,,,,,,,,,,,,,,,
2025-09-15T23:51:59.907764,,,Niemcy,Z_Kompania__5_Unterst_tzungs_Bataillon,,resupply_detailed,46,-15,46,-15,,,,,,,,,,,,,,,,,,,,,,phase1 PRE_RAID_OPTIMIZATION | PE_SPENT: fuel=3 combat=0 total=3 | BEFORE: fuel=0 combat=6 | AFTER: fuel=3 combat=6,,,,,,,,,,,,,,,,,,,,,,,,
2025-09-15T23:51:59.907764,,,Niemcy,Z_Pluton__5_Versorgungs_Kompanie,,resupply_detailed,44,-14,44,-14,,,,,,,,,,,,,,,,,,,,,,phase1 PRE_RAID_OPTIMIZATION | PE_SPENT: fuel=3 combat=0 total=3 | BEFORE: fuel=0 combat=4 | AFTER: fuel=3 combat=4,,,,,,,,,,,,,,,,,,,,,,,,
2025-09-15T23:51:59.908782,,,Niemcy,Z_Pluton__5_Unterst_tzungs_Bataillon,,resupply_detailed,44,-17,44,-17,,,,,,,,,,,,,,,,,,,,,,phase1 PRE_RAID_OPTIMIZATION | PE_SPENT: fuel=3 combat=0 total=3 | BEFORE: fuel=0 combat=4 | AFTER: fuel=3 combat=4,,,,,,,,,,,,,,,,,,,,,,,,
2025-09-15T23:51:59.910013,,,Niemcy,Z_Pluton__5_Unterst_tzungs_Bataillon_20250913214038,,resupply_detailed,42,-15,42,-15,,,,,,,,,,,,,,,,,,,,,,phase1 PRE_RAID_OPTIMIZATION | PE_SPENT: fuel=3 combat=0 total=3 | BEFORE: fuel=0 combat=4 | AFTER: fuel=3 combat=4,,,,,,,,,,,,,,,,,,,,,,,,
2025-09-15T23:51:59.910013,,,Niemcy,RESUPPLY_OPERATION,,resupply_summary,,,,,,,,,,,,,,,,,,,,,,,,,,RESUPPLY_SUMMARY PRE_RAID_OPTIMIZATION | TOTAL_PE_SPENT: 22 | UNITS_RESUPPLIED: 9/9 | BUDGET_ALLOCATED: 61 | PE_REMAINING: 46,,,,,,,,,,,,,,,,,,,,,,,,
2025-09-15T23:51:59.939245,,target_selection,Niemcy,P_Pluton__5_Infanterie_Regiment,,target_analysis,,,,,40,-5,,,,,,,,,,,,,,,,,,,,"Target analysis: 29 candidates, score -1.00",,29,-1,999,,,,,,,,,False,,,,,,,29,29,29,6,2
2025-09-15T23:51:59.942634,,,Niemcy,P_Pluton__5_Infanterie_Regiment,,second_move,,,40,-5,,,,,,,,,,,,,,,,,,,,,,second_chance after PRE_RAID_OPTIMIZATION,,,,,,,,,,,,,,,,,,,,,,,,
2025-09-15T23:51:59.964806,,target_selection,Niemcy,P_Kompania__5_Infanterie_Regiment,,target_analysis,,,,,37,-4,,,,,,,,,,,,,,,,,,,,"Target analysis: 29 candidates, score -1.00",,29,-1,999,,,,,,,,,False,,,,,,,29,29,29,4,2
2025-09-15T23:51:59.969293,,,Niemcy,P_Kompania__5_Infanterie_Regiment,,second_move,,,37,-4,,,,,,,,,,,,,,,,,,,,,,second_chance after PRE_RAID_OPTIMIZATION,,,,,,,,,,,,,,,,,,,,,,,,
2025-09-15T23:51:59.995019,,target_selection,Niemcy,P_Pluton__5_Sch_tzen_Kompanie,,target_analysis,,,,,38,-11,,,,,,,,,,,,,,,,,,,,"Target analysis: 29 candidates, score -1.00",,29,-1,999,,,,,,,,,False,,,,,,,29,29,29,5,2
2025-09-15T23:51:59.998511,,,Niemcy,P_Pluton__5_Sch_tzen_Kompanie,,second_move,,,38,-11,,,,,,,,,,,,,,,,,,,,,,second_chance after PRE_RAID_OPTIMIZATION,,,,,,,,,,,,,,,,,,,,,,,,
2025-09-15T23:52:00.040264,,target_selection,Niemcy,AC_Kompania__5_schwere_Artillerie,,target_analysis,,,,,42,-2,,,,,,,,,,,,,,,,,,,,"Target analysis: 29 candidates, score -1.00",,29,-1,999,,,,,,,,,False,,,,,,,29,29,29,5,2
2025-09-15T23:52:00.043437,,,Niemcy,AC_Kompania__5_schwere_Artillerie,,second_move,,,42,-2,,,,,,,,,,,,,,,,,,,,,,second_chance after PRE_RAID_OPTIMIZATION,,,,,,,,,,,,,,,,,,,,,,,,
2025-09-15T23:52:00.064563,,target_selection,Niemcy,AL_Batalion__5_Artillerie_Abteilung,,target_analysis,,,,,55,-14,,,,,,,,,,,,,,,,,,,,"Target analysis: 29 candidates, score -1.00",,29,-1,999,,,,,,,,,False,,,,,,,29,29,29,6,2
2025-09-15T23:52:00.150548,,,Niemcy,AL_Batalion__5_Artillerie_Abteilung,,second_move,,,55,-14,,,,,,,,,,,,,,,,,,,,,,second_chance after PRE_RAID_OPTIMIZATION,,,,,,,,,,,,,,,,,,,,,,,,
2025-09-15T23:52:00.213334,,target_selection,Niemcy,Z_Kompania__5_Unterst_tzungs_Bataillon,,target_analysis,,,,,45,-15,,,,,,,,,,,,,,,,,,,,"Target analysis: 29 candidates, score 30.00",,29,30.0,1,,,,,,,,,False,,,,"(45, -15)",,,28,29,29,5,3
2025-09-15T23:52:00.217868,,,Niemcy,Z_Kompania__5_Unterst_tzungs_Bataillon,,second_move,,,45,-15,,,,,,,,,,,,,,,,,,,,,,second_chance after PRE_RAID_OPTIMIZATION,,,,,,,,,,,,,,,,,,,,,,,,
2025-09-15T23:52:00.231033,,target_selection,Niemcy,Z_Pluton__5_Versorgungs_Kompanie,,target_analysis,,,,,43,-14,,,,,,,,,,,,,,,,,,,,"Target analysis: 29 candidates, score 45.00",,29,45.0,1,,,,,,,,,False,,,,"(43, -14)",,,27,29,29,9,3
2025-09-15T23:52:00.235365,,,Niemcy,Z_Pluton__5_Versorgungs_Kompanie,,second_move,,,43,-14,,,,,,,,,,,,,,,,,,,,,,second_chance after PRE_RAID_OPTIMIZATION,,,,,,,,,,,,,,,,,,,,,,,,
2025-09-15T23:52:00.269396,,target_selection,Niemcy,Z_Pluton__5_Unterst_tzungs_Bataillon,,target_analysis,,,,,43,-15,,,,,,,,,,,,,,,,,,,,"Target analysis: 29 candidates, score 45.00",,29,45.0,2,,,,,,,,,False,,,,"(43, -15)",,,28,29,29,5,3
2025-09-15T23:52:00.386241,,,Niemcy,Z_Pluton__5_Unterst_tzungs_Bataillon,,second_move,,,43,-15,,,,,,,,,,,,,,,,,,,,,,second_chance after PRE_RAID_OPTIMIZATION,,,,,,,,,,,,,,,,,,,,,,,,
2025-09-15T23:52:00.480448,,target_selection,Niemcy,Z_Pluton__5_Unterst_tzungs_Bataillon_20250913214038,,target_analysis,,,,,39,-12,,,,,,,,,,,,,,,,,,,,"Target analysis: 29 candidates, score -1.00",,29,-1,999,,,,,,,,,False,,,,,,,29,29,29,9,3
2025-09-15T23:52:00.483621,,,Niemcy,Z_Pluton__5_Unterst_tzungs_Bataillon_20250913214038,,second_move,,,39,-12,,,,,,,,,,,,,,,,,,,,,,second_chance after PRE_RAID_OPTIMIZATION,,,,,,,,,,,,,,,,,,,,,,,,
2025-09-15T23:52:00.560130,,,Niemcy,RESUPPLY_NEEDS,,resupply_analysis,,,,,,,,,,,,,,,,,,,,,,,,,,NEEDS_ANALYSIS PRE_RAID_OPTIMIZATION | TOTAL_FUEL_NEEDED: 13 | TOTAL_COMBAT_NEEDED: 0 | TOTAL_PE_NEEDED: 13 | BUDGET_AVAILABLE: 36 | UNITS_REQUIRING_HELP: 9,,,,,,,,,,,,,,,,,,,,,,,,
2025-09-15T23:52:00.560130,,,Niemcy,P_Pluton__5_Infanterie_Regiment,,resupply_detailed,40,-5,40,-5,,,,,,,,,,,,,,,,,,,,,,phase1 PRE_RAID_OPTIMIZATION | PE_SPENT: fuel=1 combat=0 total=1 | BEFORE: fuel=1 combat=8 | AFTER: fuel=2 combat=8,,,,,,,,,,,,,,,,,,,,,,,,
2025-09-15T23:52:00.561168,,,Niemcy,P_Kompania__5_Infanterie_Regiment,,resupply_detailed,37,-4,37,-4,,,,,,,,,,,,,,,,,,,,,,phase1 PRE_RAID_OPTIMIZATION | PE_SPENT: fuel=1 combat=0 total=1 | BEFORE: fuel=1 combat=11 | AFTER: fuel=2 combat=11,,,,,,,,,,,,,,,,,,,,,,,,
2025-09-15T23:52:00.562168,,,Niemcy,P_Pluton__5_Sch_tzen_Kompanie,,resupply_detailed,38,-11,38,-11,,,,,,,,,,,,,,,,,,,,,,phase1 PRE_RAID_OPTIMIZATION | PE_SPENT: fuel=1 combat=0 total=1 | BEFORE: fuel=1 combat=8 | AFTER: fuel=2 combat=8,,,,,,,,,,,,,,,,,,,,,,,,
2025-09-15T23:52:00.563166,,,Niemcy,AC_Kompania__5_schwere_Artillerie,,resupply_detailed,42,-2,42,-2,,,,,,,,,,,,,,,,,,,,,,phase1 PRE_RAID_OPTIMIZATION | PE_SPENT: fuel=1 combat=0 total=1 | BEFORE: fuel=1 combat=11 | AFTER: fuel=2 combat=11,,,,,,,,,,,,,,,,,,,,,,,,
2025-09-15T23:52:00.563166,,,Niemcy,AL_Batalion__5_Artillerie_Abteilung,,resupply_detailed,55,-14,55,-14,,,,,,,,,,,,,,,,,,,,,,phase1 PRE_RAID_OPTIMIZATION | PE_SPENT: fuel=1 combat=0 total=1 | BEFORE: fuel=1 combat=11 | AFTER: fuel=2 combat=11,,,,,,,,,,,,,,,,,,,,,,,,
2025-09-15T23:52:00.564432,,,Niemcy,Z_Kompania__5_Unterst_tzungs_Bataillon,,resupply_detailed,45,-15,45,-15,,,,,,,,,,,,,,,,,,,,,,phase1 PRE_RAID_OPTIMIZATION | PE_SPENT: fuel=1 combat=0 total=1 | BEFORE: fuel=2 combat=6 | AFTER: fuel=3 combat=6,,,,,,,,,,,,,,,,,,,,,,,,
2025-09-15T23:52:00.565876,,,Niemcy,Z_Pluton__5_Versorgungs_Kompanie,,resupply_detailed,43,-14,43,-14,,,,,,,,,,,,,,,,,,,,,,phase1 PRE_RAID_OPTIMIZATION | PE_SPENT: fuel=1 combat=0 total=1 | BEFORE: fuel=2 combat=4 | AFTER: fuel=3 combat=4,,,,,,,,,,,,,,,,,,,,,,,,
2025-09-15T23:52:00.565876,,,Niemcy,Z_Pluton__5_Unterst_tzungs_Bataillon,,resupply_detailed,43,-15,43,-15,,,,,,,,,,,,,,,,,,,,,,phase1 PRE_RAID_OPTIMIZATION | PE_SPENT: fuel=1 combat=0 total=1 | BEFORE: fuel=2 combat=4 | AFTER: fuel=3 combat=4,,,,,,,,,,,,,,,,,,,,,,,,
2025-09-15T23:52:00.565876,,,Niemcy,Z_Pluton__5_Unterst_tzungs_Bataillon_20250913214038,,resupply_detailed,39,-12,39,-12,,,,,,,,,,,,,,,,,,,,,,phase1 PRE_RAID_OPTIMIZATION | PE_SPENT: fuel=1 combat=0 total=1 | BEFORE: fuel=2 combat=4 | AFTER: fuel=3 combat=4,,,,,,,,,,,,,,,,,,,,,,,,
2025-09-15T23:52:00.567281,,,Niemcy,RESUPPLY_OPERATION,,resupply_summary,,,,,,,,,,,,,,,,,,,,,,,,,,RESUPPLY_SUMMARY PRE_RAID_OPTIMIZATION | TOTAL_PE_SPENT: 9 | UNITS_RESUPPLIED: 9/9 | BUDGET_ALLOCATED: 36 | PE_REMAINING: 37,,,,,,,,,,,,,,,,,,,,,,,,
2025-09-15T23:52:00.592133,,target_selection,Niemcy,P_Pluton__5_Infanterie_Regiment,,target_analysis,,,,,40,-3,,,,,,,,,,,,,,,,,,,,"Target analysis: 29 candidates, score -1.00",,29,-1,999,,,,,,,,,False,,,,,,,29,29,29,5,2
2025-09-15T23:52:00.595648,,,Niemcy,P_Pluton__5_Infanterie_Regiment,,second_move,,,40,-3,,,,,,,,,,,,,,,,,,,,,,second_chance after PRE_RAID_OPTIMIZATION,,,,,,,,,,,,,,,,,,,,,,,,
2025-09-15T23:52:00.621395,,target_selection,Niemcy,P_Kompania__5_Infanterie_Regiment,,target_analysis,,,,,39,-4,,,,,,,,,,,,,,,,,,,,"Target analysis: 29 candidates, score -1.00",,29,-1,999,,,,,,,,,False,,,,,,,29,29,29,3,2
2025-09-15T23:52:00.626757,,,Niemcy,P_Kompania__5_Infanterie_Regiment,,second_move,,,39,-4,,,,,,,,,,,,,,,,,,,,,,second_chance after PRE_RAID_OPTIMIZATION,,,,,,,,,,,,,,,,,,,,,,,,
2025-09-15T23:52:00.639067,,target_selection,Niemcy,P_Pluton__5_Sch_tzen_Kompanie,,target_analysis,,,,,36,-11,,,,,,,,,,,,,,,,,,,,"Target analysis: 29 candidates, score -1.00",,29,-1,999,,,,,,,,,False,,,,,,,29,29,29,4,2
2025-09-15T23:52:00.648577,,,Niemcy,P_Pluton__5_Sch_tzen_Kompanie,,second_move,,,36,-11,,,,,,,,,,,,,,,,,,,,,,second_chance after PRE_RAID_OPTIMIZATION,,,,,,,,,,,,,,,,,,,,,,,,
2025-09-15T23:52:00.677403,,target_selection,Niemcy,AC_Kompania__5_schwere_Artillerie,,target_analysis,,,,,44,-2,,,,,,,,,,,,,,,,,,,,"Target analysis: 29 candidates, score -1.00",,29,-1,999,,,,,,,,,False,,,,,,,29,29,29,4,2
2025-09-15T23:52:00.679542,,,Niemcy,AC_Kompania__5_schwere_Artillerie,,second_move,,,44,-2,,,,,,,,,,,,,,,,,,,,,,second_chance after PRE_RAID_OPTIMIZATION,,,,,,,,,,,,,,,,,,,,,,,,
2025-09-15T23:52:00.694959,,target_selection,Niemcy,AL_Batalion__5_Artillerie_Abteilung,,target_analysis,,,,,53,-14,,,,,,,,,,,,,,,,,,,,"Target analysis: 29 candidates, score -1.00",,29,-1,999,,,,,,,,,False,,,,,,,29,29,29,5,2
2025-09-15T23:52:00.708254,,,Niemcy,AL_Batalion__5_Artillerie_Abteilung,,second_move,,,53,-14,,,,,,,,,,,,,,,,,,,,,,second_chance after PRE_RAID_OPTIMIZATION,,,,,,,,,,,,,,,,,,,,,,,,
2025-09-15T23:52:00.729860,,target_selection,Niemcy,Z_Kompania__5_Unterst_tzungs_Bataillon,,target_analysis,,,,,44,-15,,,,,,,,,,,,,,,,,,,,"Target analysis: 29 candidates, score 30.00",,29,30.0,1,,,,,,,,,False,,,,"(44, -15)",,,28,29,29,4,3
2025-09-15T23:52:00.734213,,,Niemcy,Z_Kompania__5_Unterst_tzungs_Bataillon,,second_move,,,44,-15,,,,,,,,,,,,,,,,,,,,,,second_chance after PRE_RAID_OPTIMIZATION,,,,,,,,,,,,,,,,,,,,,,,,
2025-09-15T23:52:00.744927,,target_selection,Niemcy,Z_Pluton__5_Versorgungs_Kompanie,,target_analysis,,,,,45,-15,,,,,,,,,,,,,,,,,,,,"Target analysis: 29 candidates, score 30.00",,29,30.0,2,,,,,,,,,False,,,,"(45, -15)",,,28,29,29,8,3
2025-09-15T23:52:00.744927,,,Niemcy,Z_Pluton__5_Versorgungs_Kompanie,,second_move,,,45,-15,,,,,,,,,,,,,,,,,,,,,,second_chance after PRE_RAID_OPTIMIZATION,,,,,,,,,,,,,,,,,,,,,,,,
2025-09-15T23:52:00.776955,,target_selection,Niemcy,Z_Pluton__5_Unterst_tzungs_Bataillon,,target_analysis,,,,,43,-14,,,,,,,,,,,,,,,,,,,,"Target analysis: 29 candidates, score 45.00",,29,45.0,1,,,,,,,,,False,,,,"(43, -14)",,,28,29,29,4,3
2025-09-15T23:52:00.780521,,,Niemcy,Z_Pluton__5_Unterst_tzungs_Bataillon,,second_move,,,43,-14,,,,,,,,,,,,,,,,,,,,,,second_chance after PRE_RAID_OPTIMIZATION,,,,,,,,,,,,,,,,,,,,,,,,
2025-09-15T23:52:00.826700,,target_selection,Niemcy,Z_Pluton__5_Unterst_tzungs_Bataillon_20250913214038,,target_analysis,,,,,36,-12,,,,,,,,,,,,,,,,,,,,"Target analysis: 29 candidates, score -1.00",,29,-1,999,,,,,,,,,False,,,,,,,29,29,29,8,3
2025-09-15T23:52:00.831560,,,Niemcy,Z_Pluton__5_Unterst_tzungs_Bataillon_20250913214038,,second_move,,,36,-12,,,,,,,,,,,,,,,,,,,,,,second_chance after PRE_RAID_OPTIMIZATION,,,,,,,,,,,,,,,,,,,,,,,,
2025-09-15T23:52:00.881359,,,Niemcy,RESUPPLY_NEEDS,,resupply_analysis,,,,,,,,,,,,,,,,,,,,,,,,,,NEEDS_ANALYSIS PRE_RAID_OPTIMIZATION | TOTAL_FUEL_NEEDED: 13 | TOTAL_COMBAT_NEEDED: 0 | TOTAL_PE_NEEDED: 13 | BUDGET_AVAILABLE: 29 | UNITS_REQUIRING_HELP: 9,,,,,,,,,,,,,,,,,,,,,,,,
2025-09-15T23:52:00.882368,,,Niemcy,P_Pluton__5_Infanterie_Regiment,,resupply_detailed,40,-3,40,-3,,,,,,,,,,,,,,,,,,,,,,phase1 PRE_RAID_OPTIMIZATION | PE_SPENT: fuel=1 combat=0 total=1 | BEFORE: fuel=1 combat=8 | AFTER: fuel=2 combat=8,,,,,,,,,,,,,,,,,,,,,,,,
2025-09-15T23:52:00.882368,,,Niemcy,P_Kompania__5_Infanterie_Regiment,,resupply_detailed,39,-4,39,-4,,,,,,,,,,,,,,,,,,,,,,phase1 PRE_RAID_OPTIMIZATION | PE_SPENT: fuel=1 combat=0 total=1 | BEFORE: fuel=1 combat=11 | AFTER: fuel=2 combat=11,,,,,,,,,,,,,,,,,,,,,,,,
2025-09-15T23:52:00.883782,,,Niemcy,P_Pluton__5_Sch_tzen_Kompanie,,resupply_detailed,36,-11,36,-11,,,,,,,,,,,,,,,,,,,,,,phase1 PRE_RAID_OPTIMIZATION | PE_SPENT: fuel=1 combat=0 total=1 | BEFORE: fuel=1 combat=8 | AFTER: fuel=2 combat=8,,,,,,,,,,,,,,,,,,,,,,,,
2025-09-15T23:52:00.883782,,,Niemcy,AC_Kompania__5_schwere_Artillerie,,resupply_detailed,44,-2,44,-2,,,,,,,,,,,,,,,,,,,,,,phase1 PRE_RAID_OPTIMIZATION | PE_SPENT: fuel=1 combat=0 total=1 | BEFORE: fuel=1 combat=11 | AFTER: fuel=2 combat=11,,,,,,,,,,,,,,,,,,,,,,,,
2025-09-15T23:52:00.884787,,,Niemcy,AL_Batalion__5_Artillerie_Abteilung,,resupply_detailed,53,-14,53,-14,,,,,,,,,,,,,,,,,,,,,,phase1 PRE_RAID_OPTIMIZATION | PE_SPENT: fuel=1 combat=0 total=1 | BEFORE: fuel=1 combat=11 | AFTER: fuel=2 combat=11,,,,,,,,,,,,,,,,,,,,,,,,
2025-09-15T23:52:00.886082,,,Niemcy,Z_Kompania__5_Unterst_tzungs_Bataillon,,resupply_detailed,44,-15,44,-15,,,,,,,,,,,,,,,,,,,,,,phase1 PRE_RAID_OPTIMIZATION | PE_SPENT: fuel=1 combat=0 total=1 | BEFORE: fuel=2 combat=6 | AFTER: fuel=3 combat=6,,,,,,,,,,,,,,,,,,,,,,,,
2025-09-15T23:52:00.886082,,,Niemcy,Z_Pluton__5_Versorgungs_Kompanie,,resupply_detailed,45,-15,45,-15,,,,,,,,,,,,,,,,,,,,,,phase1 PRE_RAID_OPTIMIZATION | PE_SPENT: fuel=1 combat=0 total=1 | BEFORE: fuel=2 combat=4 | AFTER: fuel=3 combat=4,,,,,,,,,,,,,,,,,,,,,,,,
2025-09-15T23:52:00.887191,,,Niemcy,Z_Pluton__5_Unterst_tzungs_Bataillon,,resupply_detailed,43,-14,43,-14,,,,,,,,,,,,,,,,,,,,,,phase1 PRE_RAID_OPTIMIZATION | PE_SPENT: fuel=1 combat=0 total=1 | BEFORE: fuel=2 combat=4 | AFTER: fuel=3 combat=4,,,,,,,,,,,,,,,,,,,,,,,,
2025-09-15T23:52:00.888355,,,Niemcy,Z_Pluton__5_Unterst_tzungs_Bataillon_20250913214038,,resupply_detailed,36,-12,36,-12,,,,,,,,,,,,,,,,,,,,,,phase1 PRE_RAID_OPTIMIZATION | PE_SPENT: fuel=1 combat=0 total=1 | BEFORE: fuel=2 combat=4 | AFTER: fuel=3 combat=4,,,,,,,,,,,,,,,,,,,,,,,,
2025-09-15T23:52:00.890977,,,Niemcy,RESUPPLY_OPERATION,,resupply_summary,,,,,,,,,,,,,,,,,,,,,,,,,,RESUPPLY_SUMMARY PRE_RAID_OPTIMIZATION | TOTAL_PE_SPENT: 9 | UNITS_RESUPPLIED: 9/9 | BUDGET_ALLOCATED: 29 | PE_REMAINING: 28,,,,,,,,,,,,,,,,,,,,,,,,
2025-09-15T23:52:00.916312,,target_selection,Niemcy,P_Pluton__5_Infanterie_Regiment,,target_analysis,,,,,42,-3,,,,,,,,,,,,,,,,,,,,"Target analysis: 29 candidates, score -1.00",,29,-1,999,,,,,,,,,False,,,,,,,29,29,29,4,2
2025-09-15T23:52:00.922649,,,Niemcy,P_Pluton__5_Infanterie_Regiment,,second_move,,,42,-3,,,,,,,,,,,,,,,,,,,,,,second_chance after PRE_RAID_OPTIMIZATION,,,,,,,,,,,,,,,,,,,,,,,,
2025-09-15T23:52:00.942953,,target_selection,Niemcy,P_Kompania__5_Infanterie_Regiment,,target_analysis,,,,,41,-4,,,,,,,,,,,,,,,,,,,,"Target analysis: 29 candidates, score -1.00",,29,-1,999,,,,,,,,,False,,,,,,,29,29,29,2,2
2025-09-15T23:52:00.949795,,,Niemcy,P_Kompania__5_Infanterie_Regiment,,second_move,,,41,-4,,,,,,,,,,,,,,,,,,,,,,second_chance after PRE_RAID_OPTIMIZATION,,,,,,,,,,,,,,,,,,,,,,,,
2025-09-15T23:52:00.975738,,target_selection,Niemcy,P_Pluton__5_Sch_tzen_Kompanie,,target_analysis,,,,,38,-11,,,,,,,,,,,,,,,,,,,,"Target analysis: 29 candidates, score -1.00",,29,-1,999,,,,,,,,,False,,,,,,,29,29,29,3,2
2025-09-15T23:52:00.978454,,,Niemcy,P_Pluton__5_Sch_tzen_Kompanie,,second_move,,,38,-11,,,,,,,,,,,,,,,,,,,,,,second_chance after PRE_RAID_OPTIMIZATION,,,,,,,,,,,,,,,,,,,,,,,,
2025-09-15T23:52:01.005111,,target_selection,Niemcy,AC_Kompania__5_schwere_Artillerie,,target_analysis,,,,,46,-2,,,,,,,,,,,,,,,,,,,,"Target analysis: 29 candidates, score -1.00",,29,-1,999,,,,,,,,,False,,,,,,,29,29,29,3,2
2025-09-15T23:52:01.010740,,,Niemcy,AC_Kompania__5_schwere_Artillerie,,second_move,,,46,-2,,,,,,,,,,,,,,,,,,,,,,second_chance after PRE_RAID_OPTIMIZATION,,,,,,,,,,,,,,,,,,,,,,,,
2025-09-15T23:52:01.028026,,target_selection,Niemcy,AL_Batalion__5_Artillerie_Abteilung,,target_analysis,,,,,55,-14,,,,,,,,,,,,,,,,,,,,"Target analysis: 29 candidates, score -1.00",,29,-1,999,,,,,,,,,False,,,,,,,29,29,29,4,2
2025-09-15T23:52:01.033868,,,Niemcy,AL_Batalion__5_Artillerie_Abteilung,,second_move,,,55,-14,,,,,,,,,,,,,,,,,,,,,,second_chance after PRE_RAID_OPTIMIZATION,,,,,,,,,,,,,,,,,,,,,,,,
2025-09-15T23:52:01.055094,,target_selection,Niemcy,Z_Kompania__5_Unterst_tzungs_Bataillon,,target_analysis,,,,,43,-15,,,,,,,,,,,,,,,,,,,,"Target analysis: 29 candidates, score 45.00",,29,45.0,1,,,,,,,,,False,,,,"(43, -15)",,,28,29,29,3,3
2025-09-15T23:52:01.061064,,,Niemcy,Z_Kompania__5_Unterst_tzungs_Bataillon,,second_move,,,43,-15,,,,,,,,,,,,,,,,,,,,,,second_chance after PRE_RAID_OPTIMIZATION,,,,,,,,,,,,,,,,,,,,,,,,
2025-09-15T23:52:01.082401,,target_selection,Niemcy,Z_Pluton__5_Versorgungs_Kompanie,,target_analysis,,,,,44,-15,,,,,,,,,,,,,,,,,,,,"Target analysis: 29 candidates, score 30.00",,29,30.0,1,,,,,,,,,False,,,,"(44, -15)",,,28,29,29,7,3
2025-09-15T23:52:01.086746,,,Niemcy,Z_Pluton__5_Versorgungs_Kompanie,,second_move,,,44,-15,,,,,,,,,,,,,,,,,,,,,,second_chance after PRE_RAID_OPTIMIZATION,,,,,,,,,,,,,,,,,,,,,,,,
2025-09-15T23:52:01.097994,,target_selection,Niemcy,Z_Pluton__5_Unterst_tzungs_Bataillon,,target_analysis,,,,,45,-15,,,,,,,,,,,,,,,,,,,,"Target analysis: 29 candidates, score 30.00",,29,30.0,2,,,,,,,,,False,,,,"(45, -15)",,,28,29,29,3,3
2025-09-15T23:52:01.101225,,,Niemcy,Z_Pluton__5_Unterst_tzungs_Bataillon,,second_move,,,45,-15,,,,,,,,,,,,,,,,,,,,,,second_chance after PRE_RAID_OPTIMIZATION,,,,,,,,,,,,,,,,,,,,,,,,
2025-09-15T23:52:01.160997,,target_selection,Niemcy,Z_Pluton__5_Unterst_tzungs_Bataillon_20250913214038,,target_analysis,,,,,39,-12,,,,,,,,,,,,,,,,,,,,"Target analysis: 29 candidates, score -1.00",,29,-1,999,,,,,,,,,False,,,,,,,29,29,29,7,3
2025-09-15T23:52:01.165499,,,Niemcy,Z_Pluton__5_Unterst_tzungs_Bataillon_20250913214038,,second_move,,,39,-12,,,,,,,,,,,,,,,,,,,,,,second_chance after PRE_RAID_OPTIMIZATION,,,,,,,,,,,,,,,,,,,,,,,,
2025-09-15T23:52:01.266910,,,Niemcy,RESUPPLY_NEEDS,,resupply_analysis,,,,,,,,,,,,,,,,,,,,,,,,,,NEEDS_ANALYSIS PRE_RAID_OPTIMIZATION | TOTAL_FUEL_NEEDED: 13 | TOTAL_COMBAT_NEEDED: 0 | TOTAL_PE_NEEDED: 13 | BUDGET_AVAILABLE: 22 | UNITS_REQUIRING_HELP: 9,,,,,,,,,,,,,,,,,,,,,,,,
2025-09-15T23:52:01.267928,,,Niemcy,RESUPPLY_OPERATION,,resupply_summary,,,,,,,,,,,,,,,,,,,,,,,,,,RESUPPLY_SUMMARY PRE_RAID_OPTIMIZATION | TOTAL_PE_SPENT: 0 | UNITS_RESUPPLIED: 0/9 | BUDGET_ALLOCATED: 22 | PE_REMAINING: 28,,,,,,,,,,,,,,,,,,,,,,,,
2025-09-15T23:52:01.279611,,target_selection,Niemcy,P_Pluton__5_Infanterie_Regiment,,target_analysis,,,,,42,-2,,,,,,,,,,,,,,,,,,,,"Target analysis: 29 candidates, score -1.00",,29,-1,999,,,,,,,,,False,,,,,,,29,29,29,3,1
2025-09-15T23:52:01.285738,,,Niemcy,P_Pluton__5_Infanterie_Regiment,,second_move,,,42,-2,,,,,,,,,,,,,,,,,,,,,,second_chance after PRE_RAID_OPTIMIZATION,,,,,,,,,,,,,,,,,,,,,,,,
2025-09-15T23:52:01.298254,,target_selection,Niemcy,P_Kompania__5_Infanterie_Regiment,,target_analysis,,,,,42,-4,,,,,,,,,,,,,,,,,,,,"Target analysis: 29 candidates, score -1.00",,29,-1,999,,,,,,,,,False,,,,,,,29,29,29,1,1
2025-09-15T23:52:01.302203,,,Niemcy,P_Kompania__5_Infanterie_Regiment,,second_move,,,42,-4,,,,,,,,,,,,,,,,,,,,,,second_chance after PRE_RAID_OPTIMIZATION,,,,,,,,,,,,,,,,,,,,,,,,
2025-09-15T23:52:01.313150,,target_selection,Niemcy,P_Pluton__5_Sch_tzen_Kompanie,,target_analysis,,,,,37,-10,,,,,,,,,,,,,,,,,,,,"Target analysis: 29 candidates, score -1.00",,29,-1,999,,,,,,,,,False,,,,,,,29,29,29,2,1
2025-09-15T23:52:01.313150,,,Niemcy,P_Pluton__5_Sch_tzen_Kompanie,,second_move,,,37,-10,,,,,,,,,,,,,,,,,,,,,,second_chance after PRE_RAID_OPTIMIZATION,,,,,,,,,,,,,,,,,,,,,,,,
2025-09-15T23:52:01.330946,,target_selection,Niemcy,AC_Kompania__5_schwere_Artillerie,,target_analysis,,,,,46,-1,,,,,,,,,,,,,,,,,,,,"Target analysis: 29 candidates, score -1.00",,29,-1,999,,,,,,,,,False,,,,,,,29,29,29,2,1
2025-09-15T23:52:01.334093,,,Niemcy,AC_Kompania__5_schwere_Artillerie,,second_move,,,46,-1,,,,,,,,,,,,,,,,,,,,,,second_chance after PRE_RAID_OPTIMIZATION,,,,,,,,,,,,,,,,,,,,,,,,
2025-09-15T23:52:01.346381,,target_selection,Niemcy,AL_Batalion__5_Artillerie_Abteilung,,target_analysis,,,,,55,-13,,,,,,,,,,,,,,,,,,,,"Target analysis: 29 candidates, score -1.00",,29,-1,999,,,,,,,,,False,,,,,,,29,29,29,3,1
2025-09-15T23:52:01.349442,,,Niemcy,AL_Batalion__5_Artillerie_Abteilung,,second_move,,,55,-13,,,,,,,,,,,,,,,,,,,,,,second_chance after PRE_RAID_OPTIMIZATION,,,,,,,,,,,,,,,,,,,,,,,,
2025-09-15T23:52:01.366125,,target_selection,Niemcy,Z_Kompania__5_Unterst_tzungs_Bataillon,,target_analysis,,,,,41,-15,,,,,,,,,,,,,,,,,,,,"Target analysis: 29 candidates, score -1.00",,29,-1,999,,,,,,,,,False,,,,,,,29,29,29,2,2
2025-09-15T23:52:01.369870,,,Niemcy,Z_Kompania__5_Unterst_tzungs_Bataillon,,second_move,,,41,-15,,,,,,,,,,,,,,,,,,,,,,second_chance after PRE_RAID_OPTIMIZATION,,,,,,,,,,,,,,,,,,,,,,,,
2025-09-15T23:52:01.385011,,target_selection,Niemcy,Z_Pluton__5_Versorgungs_Kompanie,,target_analysis,,,,,43,-15,,,,,,,,,,,,,,,,,,,,"Target analysis: 29 candidates, score 45.00",,29,45.0,1,,,,,,,,,False,,,,"(43, -15)",,,28,29,29,6,2
2025-09-15T23:52:01.388394,,,Niemcy,Z_Pluton__5_Versorgungs_Kompanie,,second_move,,,43,-15,,,,,,,,,,,,,,,,,,,,,,second_chance after PRE_RAID_OPTIMIZATION,,,,,,,,,,,,,,,,,,,,,,,,
2025-09-15T23:52:01.402396,,target_selection,Niemcy,Z_Pluton__5_Unterst_tzungs_Bataillon,,target_analysis,,,,,47,-15,,,,,,,,,,,,,,,,,,,,"Target analysis: 29 candidates, score -1.00",,29,-1,999,,,,,,,,,False,,,,,,,29,29,29,2,2
2025-09-15T23:52:01.409300,,,Niemcy,Z_Pluton__5_Unterst_tzungs_Bataillon,,second_move,,,47,-15,,,,,,,,,,,,,,,,,,,,,,second_chance after PRE_RAID_OPTIMIZATION,,,,,,,,,,,,,,,,,,,,,,,,
2025-09-15T23:52:01.434199,,target_selection,Niemcy,Z_Pluton__5_Unterst_tzungs_Bataillon_20250913214038,,target_analysis,,,,,37,-12,,,,,,,,,,,,,,,,,,,,"Target analysis: 29 candidates, score -1.00",,29,-1,999,,,,,,,,,False,,,,,,,29,29,29,6,2
2025-09-15T23:52:01.438181,,,Niemcy,Z_Pluton__5_Unterst_tzungs_Bataillon_20250913214038,,second_move,,,37,-12,,,,,,,,,,,,,,,,,,,,,,second_chance after PRE_RAID_OPTIMIZATION,,,,,,,,,,,,,,,,,,,,,,,,
2025-09-15T23:52:01.441673,,,Niemcy,RESUPPLY_NEEDS,,resupply_analysis,,,,,,,,,,,,,,,,,,,,,,,,,,NEEDS_ANALYSIS LOW_FUEL | TOTAL_FUEL_NEEDED: 22 | TOTAL_COMBAT_NEEDED: 0 | TOTAL_PE_NEEDED: 22 | BUDGET_AVAILABLE: 25 | UNITS_REQUIRING_HELP: 9,,,,,,,,,,,,,,,,,,,,,,,,
2025-09-15T23:52:01.442949,,,Niemcy,RESUPPLY_OPERATION,,resupply_summary,,,,,,,,,,,,,,,,,,,,,,,,,,RESUPPLY_SUMMARY LOW_FUEL | TOTAL_PE_SPENT: 0 | UNITS_RESUPPLIED: 0/9 | BUDGET_ALLOCATED: 25 | PE_REMAINING: 28,,,,,,,,,,,,,,,,,,,,,,,,
2025-09-15T23:52:01.453660,,target_selection,Niemcy,Z_Kompania__5_Unterst_tzungs_Bataillon,,target_analysis,,,,,42,-15,,,,,,,,,,,,,,,,,,,,"Target analysis: 29 candidates, score -1.00",,29,-1,999,,,,,,,,,False,,,,,,,29,29,29,1,1
2025-09-15T23:52:01.459962,,,Niemcy,Z_Kompania__5_Unterst_tzungs_Bataillon,,second_move,,,42,-15,,,,,,,,,,,,,,,,,,,,,,second_chance after LOW_FUEL,,,,,,,,,,,,,,,,,,,,,,,,
2025-09-15T23:52:01.468392,,target_selection,Niemcy,Z_Pluton__5_Versorgungs_Kompanie,,target_analysis,,,,,43,-16,,,,,,,,,,,,,,,,,,,,"Target analysis: 29 candidates, score -1.00",,29,-1,999,,,,,,,,,False,,,,,,,29,29,29,5,1
2025-09-15T23:52:01.475838,,,Niemcy,Z_Pluton__5_Versorgungs_Kompanie,,second_move,,,43,-16,,,,,,,,,,,,,,,,,,,,,,second_chance after LOW_FUEL,,,,,,,,,,,,,,,,,,,,,,,,
2025-09-15T23:52:01.481661,,target_selection,Niemcy,Z_Pluton__5_Unterst_tzungs_Bataillon,,target_analysis,,,,,48,-15,,,,,,,,,,,,,,,,,,,,"Target analysis: 29 candidates, score -1.00",,29,-1,999,,,,,,,,,False,,,,,,,29,29,29,1,1
2025-09-15T23:52:01.486472,,,Niemcy,Z_Pluton__5_Unterst_tzungs_Bataillon,,second_move,,,48,-15,,,,,,,,,,,,,,,,,,,,,,second_chance after LOW_FUEL,,,,,,,,,,,,,,,,,,,,,,,,
2025-09-15T23:52:01.504601,,target_selection,Niemcy,Z_Pluton__5_Unterst_tzungs_Bataillon_20250913214038,,target_analysis,,,,,38,-12,,,,,,,,,,,,,,,,,,,,"Target analysis: 29 candidates, score -1.00",,29,-1,999,,,,,,,,,False,,,,,,,29,29,29,5,1
2025-09-15T23:52:01.511677,,,Niemcy,Z_Pluton__5_Unterst_tzungs_Bataillon_20250913214038,,second_move,,,38,-12,,,,,,,,,,,,,,,,,,,,,,second_chance after LOW_FUEL,,,,,,,,,,,,,,,,,,,,,,,,
2025-09-15T23:52:01.547685,,grouping,Niemcy,GROUP_5,,group_formation,46,-15,45,-15,45,-15,,,,,,,,,,,,,,,,,,,,"Group 5: 3 units, score 0.00",,,,,5,3,"46,-15",0.0,,,,False,,,,advanced,,,,,,,,
2025-09-15T23:52:01.556360,,strategy,Niemcy,STRATEGY,,strategic_decision,,,,,,,,,,,,,,,,,,,,,,,,,,"Strategy: REASSIGNMENT, aggression 0.50, 5 groups, 0 reassignments",,,,,,,,,REASSIGNMENT,0.5,,,,,,adaptive,,0,dynamic_reassignment,,,,,
2025-09-15T23:52:01.563265,,strategy,Niemcy,STRATEGY,,strategic_decision,,,,,,,,,,,,,,,,,,,,,,,,,,"Strategy: REASSIGNMENT, aggression 0.50, 5 groups, 0 reassignments",,,,,,,,,REASSIGNMENT,0.5,,,,,,adaptive,,0,dynamic_reassignment,,,,,
2025-09-15T23:52:01.568143,,strategy,Niemcy,STRATEGY,,strategic_decision,,,,,,,,,,,,,,,,,,,,,,,,,,"Strategy: REASSIGNMENT, aggression 0.50, 1 groups, 0 reassignments",,,,,,,,,REASSIGNMENT,0.5,,,,,,adaptive,,0,dynamic_reassignment,,,,,
2025-09-15T23:52:01.576778,,target_selection,Niemcy,P_Pluton__5_Infanterie_Regiment,,target_analysis,,,,,,,,,,,,,,,,,,,,,,,,,,"Target analysis: 29 candidates, score -1.00",,29,-1,999,,,,,,,,,False,,,,,,,29,29,29,6,0
2025-09-15T23:52:01.578092,,,Niemcy,RESUPPLY_NEEDS,,resupply_analysis,,,,,,,,,,,,,,,,,,,,,,,,,,NEEDS_ANALYSIS LOW_FUEL | TOTAL_FUEL_NEEDED: 26 | TOTAL_COMBAT_NEEDED: 0 | TOTAL_PE_NEEDED: 26 | BUDGET_AVAILABLE: 25 | UNITS_REQUIRING_HELP: 9,,,,,,,,,,,,,,,,,,,,,,,,
2025-09-15T23:52:01.578092,,,Niemcy,RESUPPLY_OPERATION,,resupply_summary,,,,,,,,,,,,,,,,,,,,,,,,,,RESUPPLY_SUMMARY LOW_FUEL | TOTAL_PE_SPENT: 0 | UNITS_RESUPPLIED: 0/9 | BUDGET_ALLOCATED: 25 | PE_REMAINING: 28,,,,,,,,,,,,,,,,,,,,,,,,
2025-09-15T23:52:01.581722,,,Niemcy,RESUPPLY_NEEDS,,resupply_analysis,,,,,,,,,,,,,,,,,,,,,,,,,,NEEDS_ANALYSIS LOW_FUEL | TOTAL_FUEL_NEEDED: 26 | TOTAL_COMBAT_NEEDED: 0 | TOTAL_PE_NEEDED: 26 | BUDGET_AVAILABLE: 25 | UNITS_REQUIRING_HELP: 9,,,,,,,,,,,,,,,,,,,,,,,,
2025-09-15T23:52:01.582733,,,Niemcy,RESUPPLY_OPERATION,,resupply_summary,,,,,,,,,,,,,,,,,,,,,,,,,,RESUPPLY_SUMMARY LOW_FUEL | TOTAL_PE_SPENT: 0 | UNITS_RESUPPLIED: 0/9 | BUDGET_ALLOCATED: 25 | PE_REMAINING: 28,,,,,,,,,,,,,,,,,,,,,,,,
2025-09-15T23:52:01.584915,,strategy,Niemcy,STRATEGY,,strategic_decision,,,,,,,,,,,,,,,,,,,,,,,,,,"Strategy: REASSIGNMENT, aggression 0.50, 1 groups, 0 reassignments",,,,,,,,,REASSIGNMENT,0.5,,,,,,adaptive,,0,dynamic_reassignment,,,,,
2025-09-15T23:52:01.593440,,target_selection,Niemcy,P_Pluton__5_Sch_tzen_Kompanie,,target_analysis,,,,,,,,,,,,,,,,,,,,,,,,,,"Target analysis: 29 candidates, score -1.00",,29,-1,999,,,,,,,,,False,,,,,,,29,29,29,5,0
2025-09-15T23:52:01.594520,,,Niemcy,RESUPPLY_NEEDS,,resupply_analysis,,,,,,,,,,,,,,,,,,,,,,,,,,NEEDS_ANALYSIS LOW_FUEL | TOTAL_FUEL_NEEDED: 26 | TOTAL_COMBAT_NEEDED: 0 | TOTAL_PE_NEEDED: 26 | BUDGET_AVAILABLE: 25 | UNITS_REQUIRING_HELP: 9,,,,,,,,,,,,,,,,,,,,,,,,
2025-09-15T23:52:01.596485,,,Niemcy,RESUPPLY_OPERATION,,resupply_summary,,,,,,,,,,,,,,,,,,,,,,,,,,RESUPPLY_SUMMARY LOW_FUEL | TOTAL_PE_SPENT: 0 | UNITS_RESUPPLIED: 0/9 | BUDGET_ALLOCATED: 25 | PE_REMAINING: 28,,,,,,,,,,,,,,,,,,,,,,,,
2025-09-15T23:52:01.599108,,,Niemcy,RESUPPLY_NEEDS,,resupply_analysis,,,,,,,,,,,,,,,,,,,,,,,,,,NEEDS_ANALYSIS LOW_FUEL | TOTAL_FUEL_NEEDED: 26 | TOTAL_COMBAT_NEEDED: 0 | TOTAL_PE_NEEDED: 26 | BUDGET_AVAILABLE: 25 | UNITS_REQUIRING_HELP: 9,,,,,,,,,,,,,,,,,,,,,,,,
2025-09-15T23:52:01.600209,,,Niemcy,RESUPPLY_OPERATION,,resupply_summary,,,,,,,,,,,,,,,,,,,,,,,,,,RESUPPLY_SUMMARY LOW_FUEL | TOTAL_PE_SPENT: 0 | UNITS_RESUPPLIED: 0/9 | BUDGET_ALLOCATED: 25 | PE_REMAINING: 28,,,,,,,,,,,,,,,,,,,,,,,,
2025-09-15T23:52:01.602408,,strategy,Niemcy,STRATEGY,,strategic_decision,,,,,,,,,,,,,,,,,,,,,,,,,,"Strategy: REASSIGNMENT, aggression 0.50, 1 groups, 0 reassignments",,,,,,,,,REASSIGNMENT,0.5,,,,,,adaptive,,0,dynamic_reassignment,,,,,
2025-09-15T23:52:01.610930,,target_selection,Niemcy,AC_Kompania__5_schwere_Artillerie,,target_analysis,,,,,,,,,,,,,,,,,,,,,,,,,,"Target analysis: 29 candidates, score -1.00",,29,-1,999,,,,,,,,,False,,,,,,,29,29,29,5,0
2025-09-15T23:52:01.612554,,,Niemcy,RESUPPLY_NEEDS,,resupply_analysis,,,,,,,,,,,,,,,,,,,,,,,,,,NEEDS_ANALYSIS LOW_FUEL | TOTAL_FUEL_NEEDED: 26 | TOTAL_COMBAT_NEEDED: 0 | TOTAL_PE_NEEDED: 26 | BUDGET_AVAILABLE: 25 | UNITS_REQUIRING_HELP: 9,,,,,,,,,,,,,,,,,,,,,,,,
2025-09-15T23:52:01.613757,,,Niemcy,RESUPPLY_OPERATION,,resupply_summary,,,,,,,,,,,,,,,,,,,,,,,,,,RESUPPLY_SUMMARY LOW_FUEL | TOTAL_PE_SPENT: 0 | UNITS_RESUPPLIED: 0/9 | BUDGET_ALLOCATED: 25 | PE_REMAINING: 28,,,,,,,,,,,,,,,,,,,,,,,,
2025-09-15T23:52:01.615790,,strategy,Niemcy,STRATEGY,,strategic_decision,,,,,,,,,,,,,,,,,,,,,,,,,,"Strategy: REASSIGNMENT, aggression 0.50, 1 groups, 0 reassignments",,,,,,,,,REASSIGNMENT,0.5,,,,,,adaptive,,0,dynamic_reassignment,,,,,
2025-09-15T23:52:01.622397,,target_selection,Niemcy,AL_Batalion__5_Artillerie_Abteilung,,target_analysis,,,,,,,,,,,,,,,,,,,,,,,,,,"Target analysis: 29 candidates, score -1.00",,29,-1,999,,,,,,,,,False,,,,,,,29,29,29,6,0
2025-09-15T23:52:01.763876,,,Niemcy,RESUPPLY_NEEDS,,resupply_analysis,,,,,,,,,,,,,,,,,,,,,,,,,,NEEDS_ANALYSIS LOW_FUEL | TOTAL_FUEL_NEEDED: 26 | TOTAL_COMBAT_NEEDED: 0 | TOTAL_PE_NEEDED: 26 | BUDGET_AVAILABLE: 25 | UNITS_REQUIRING_HELP: 9,,,,,,,,,,,,,,,,,,,,,,,,
2025-09-15T23:52:01.771324,,,Niemcy,RESUPPLY_OPERATION,,resupply_summary,,,,,,,,,,,,,,,,,,,,,,,,,,RESUPPLY_SUMMARY LOW_FUEL | TOTAL_PE_SPENT: 0 | UNITS_RESUPPLIED: 0/9 | BUDGET_ALLOCATED: 25 | PE_REMAINING: 28,,,,,,,,,,,,,,,,,,,,,,,,
2025-09-15T23:52:01.789553,,,Niemcy,RESUPPLY_NEEDS,,resupply_analysis,,,,,,,,,,,,,,,,,,,,,,,,,,NEEDS_ANALYSIS LOW_FUEL | TOTAL_FUEL_NEEDED: 26 | TOTAL_COMBAT_NEEDED: 0 | TOTAL_PE_NEEDED: 26 | BUDGET_AVAILABLE: 25 | UNITS_REQUIRING_HELP: 9,,,,,,,,,,,,,,,,,,,,,,,,
2025-09-15T23:52:01.798929,,,Niemcy,RESUPPLY_OPERATION,,resupply_summary,,,,,,,,,,,,,,,,,,,,,,,,,,RESUPPLY_SUMMARY LOW_FUEL | TOTAL_PE_SPENT: 0 | UNITS_RESUPPLIED: 0/9 | BUDGET_ALLOCATED: 25 | PE_REMAINING: 28,,,,,,,,,,,,,,,,,,,,,,,,
2025-09-15T23:52:01.811665,,,Niemcy,RESUPPLY_NEEDS,,resupply_analysis,,,,,,,,,,,,,,,,,,,,,,,,,,NEEDS_ANALYSIS LOW_FUEL | TOTAL_FUEL_NEEDED: 26 | TOTAL_COMBAT_NEEDED: 0 | TOTAL_PE_NEEDED: 26 | BUDGET_AVAILABLE: 25 | UNITS_REQUIRING_HELP: 9,,,,,,,,,,,,,,,,,,,,,,,,
2025-09-15T23:52:01.813683,,,Niemcy,RESUPPLY_OPERATION,,resupply_summary,,,,,,,,,,,,,,,,,,,,,,,,,,RESUPPLY_SUMMARY LOW_FUEL | TOTAL_PE_SPENT: 0 | UNITS_RESUPPLIED: 0/9 | BUDGET_ALLOCATED: 25 | PE_REMAINING: 28,,,,,,,,,,,,,,,,,,,,,,,,
2025-09-15T23:52:01.818083,,,Niemcy,RESUPPLY_NEEDS,,resupply_analysis,,,,,,,,,,,,,,,,,,,,,,,,,,NEEDS_ANALYSIS LOW_FUEL | TOTAL_FUEL_NEEDED: 26 | TOTAL_COMBAT_NEEDED: 0 | TOTAL_PE_NEEDED: 26 | BUDGET_AVAILABLE: 25 | UNITS_REQUIRING_HELP: 9,,,,,,,,,,,,,,,,,,,,,,,,
2025-09-15T23:52:01.819086,,,Niemcy,RESUPPLY_OPERATION,,resupply_summary,,,,,,,,,,,,,,,,,,,,,,,,,,RESUPPLY_SUMMARY LOW_FUEL | TOTAL_PE_SPENT: 0 | UNITS_RESUPPLIED: 0/9 | BUDGET_ALLOCATED: 25 | PE_REMAINING: 28,,,,,,,,,,,,,,,,,,,,,,,,
2025-09-15T23:52:01.825986,,,Niemcy,RESUPPLY_NEEDS,,resupply_analysis,,,,,,,,,,,,,,,,,,,,,,,,,,NEEDS_ANALYSIS LOW_FUEL | TOTAL_FUEL_NEEDED: 26 | TOTAL_COMBAT_NEEDED: 0 | TOTAL_PE_NEEDED: 26 | BUDGET_AVAILABLE: 25 | UNITS_REQUIRING_HELP: 9,,,,,,,,,,,,,,,,,,,,,,,,
2025-09-15T23:52:01.828033,,,Niemcy,RESUPPLY_OPERATION,,resupply_summary,,,,,,,,,,,,,,,,,,,,,,,,,,RESUPPLY_SUMMARY LOW_FUEL | TOTAL_PE_SPENT: 0 | UNITS_RESUPPLIED: 0/9 | BUDGET_ALLOCATED: 25 | PE_REMAINING: 28,,,,,,,,,,,,,,,,,,,,,,,,
2025-09-15T23:52:01.830478,,,Niemcy,RESUPPLY_NEEDS,,resupply_analysis,,,,,,,,,,,,,,,,,,,,,,,,,,NEEDS_ANALYSIS LOW_FUEL | TOTAL_FUEL_NEEDED: 26 | TOTAL_COMBAT_NEEDED: 0 | TOTAL_PE_NEEDED: 26 | BUDGET_AVAILABLE: 25 | UNITS_REQUIRING_HELP: 9,,,,,,,,,,,,,,,,,,,,,,,,
2025-09-15T23:52:01.830478,,,Niemcy,RESUPPLY_OPERATION,,resupply_summary,,,,,,,,,,,,,,,,,,,,,,,,,,RESUPPLY_SUMMARY LOW_FUEL | TOTAL_PE_SPENT: 0 | UNITS_RESUPPLIED: 0/9 | BUDGET_ALLOCATED: 25 | PE_REMAINING: 28,,,,,,,,,,,,,,,,,,,,,,,,
2025-09-15T23:52:02.031216,,,Niemcy,RESUPPLY_NEEDS,,resupply_analysis,,,,,,,,,,,,,,,,,,,,,,,,,,NEEDS_ANALYSIS LOW_FUEL | TOTAL_FUEL_NEEDED: 26 | TOTAL_COMBAT_NEEDED: 0 | TOTAL_PE_NEEDED: 26 | BUDGET_AVAILABLE: 25 | UNITS_REQUIRING_HELP: 9,,,,,,,,,,,,,,,,,,,,,,,,
2025-09-15T23:52:02.033210,,,Niemcy,RESUPPLY_OPERATION,,resupply_summary,,,,,,,,,,,,,,,,,,,,,,,,,,RESUPPLY_SUMMARY LOW_FUEL | TOTAL_PE_SPENT: 0 | UNITS_RESUPPLIED: 0/9 | BUDGET_ALLOCATED: 25 | PE_REMAINING: 28,,,,,,,,,,,,,,,,,,,,,,,,
2025-09-15T23:52:02.036336,,,Niemcy,RESUPPLY_NEEDS,,resupply_analysis,,,,,,,,,,,,,,,,,,,,,,,,,,NEEDS_ANALYSIS LOW_FUEL | TOTAL_FUEL_NEEDED: 26 | TOTAL_COMBAT_NEEDED: 0 | TOTAL_PE_NEEDED: 26 | BUDGET_AVAILABLE: 25 | UNITS_REQUIRING_HELP: 9,,,,,,,,,,,,,,,,,,,,,,,,
2025-09-15T23:52:02.037339,,,Niemcy,RESUPPLY_OPERATION,,resupply_summary,,,,,,,,,,,,,,,,,,,,,,,,,,RESUPPLY_SUMMARY LOW_FUEL | TOTAL_PE_SPENT: 0 | UNITS_RESUPPLIED: 0/9 | BUDGET_ALLOCATED: 25 | PE_REMAINING: 28,,,,,,,,,,,,,,,,,,,,,,,,
2025-09-15T23:52:02.042950,,,Niemcy,RESUPPLY_NEEDS,,resupply_analysis,,,,,,,,,,,,,,,,,,,,,,,,,,NEEDS_ANALYSIS LOW_FUEL | TOTAL_FUEL_NEEDED: 26 | TOTAL_COMBAT_NEEDED: 0 | TOTAL_PE_NEEDED: 26 | BUDGET_AVAILABLE: 25 | UNITS_REQUIRING_HELP: 9,,,,,,,,,,,,,,,,,,,,,,,,
2025-09-15T23:52:02.044946,,,Niemcy,RESUPPLY_OPERATION,,resupply_summary,,,,,,,,,,,,,,,,,,,,,,,,,,RESUPPLY_SUMMARY LOW_FUEL | TOTAL_PE_SPENT: 0 | UNITS_RESUPPLIED: 0/9 | BUDGET_ALLOCATED: 25 | PE_REMAINING: 28,,,,,,,,,,,,,,,,,,,,,,,,
2025-09-15T23:52:02.048503,,,Niemcy,RESUPPLY_NEEDS,,resupply_analysis,,,,,,,,,,,,,,,,,,,,,,,,,,NEEDS_ANALYSIS LOW_FUEL | TOTAL_FUEL_NEEDED: 26 | TOTAL_COMBAT_NEEDED: 0 | TOTAL_PE_NEEDED: 26 | BUDGET_AVAILABLE: 25 | UNITS_REQUIRING_HELP: 9,,,,,,,,,,,,,,,,,,,,,,,,
2025-09-15T23:52:02.083513,,,Niemcy,RESUPPLY_OPERATION,,resupply_summary,,,,,,,,,,,,,,,,,,,,,,,,,,RESUPPLY_SUMMARY LOW_FUEL | TOTAL_PE_SPENT: 0 | UNITS_RESUPPLIED: 0/9 | BUDGET_ALLOCATED: 25 | PE_REMAINING: 28,,,,,,,,,,,,,,,,,,,,,,,,
2025-09-15T23:52:02.087503,,,Niemcy,TURN_END,,turn_summary,,,,,,,,,,,10,0,,,,,,,,,,,,advanced,opp=0;groups=5;adv=True,"Turn completed: 0/10 units moved, 5 groups (advanced)",,,,,,,,,,,,,,,,,,,,,,,,
2025-09-15T23:52:02.227062,,,Niemcy,TURN_START,,turn_begin,,,,,,,,,,,,,,,,,,,,,,,,,,AI Commander turn started for player 6,,,,,,,,,,,,,,,,,,,,,,,,
2025-09-15T23:52:02.230175,,,Niemcy,RESUPPLY_NEEDS,,resupply_analysis,,,,,,,,,,,,,,,,,,,,,,,,,,NEEDS_ANALYSIS PRE_RAID_OPTIMIZATION | TOTAL_FUEL_NEEDED: 22 | TOTAL_COMBAT_NEEDED: 0 | TOTAL_PE_NEEDED: 22 | BUDGET_AVAILABLE: 75 | UNITS_REQUIRING_HELP: 8,,,,,,,,,,,,,,,,,,,,,,,,
2025-09-15T23:52:02.230678,,,Niemcy,P_Pluton__6_Sch_tzen_Kompanie,,resupply_detailed,45,8,45,8,,,,,,,,,,,,,,,,,,,,,,phase1 PRE_RAID_OPTIMIZATION | PE_SPENT: fuel=2 combat=0 total=2 | BEFORE: fuel=0 combat=8 | AFTER: fuel=2 combat=8,,,,,,,,,,,,,,,,,,,,,,,,
2025-09-15T23:52:02.231688,,,Niemcy,P_Pluton__6_Infanterie_Regiment,,resupply_detailed,48,6,48,6,,,,,,,,,,,,,,,,,,,,,,phase1 PRE_RAID_OPTIMIZATION | PE_SPENT: fuel=2 combat=0 total=2 | BEFORE: fuel=0 combat=8 | AFTER: fuel=2 combat=8,,,,,,,,,,,,,,,,,,,,,,,,
2025-09-15T23:52:02.231688,,,Niemcy,Z_Pluton__6_Unterst_tzungs_Bataillon_20250913214051,,resupply_detailed,30,16,30,16,,,,,,,,,,,,,,,,,,,,,,phase1 PRE_RAID_OPTIMIZATION | PE_SPENT: fuel=3 combat=0 total=3 | BEFORE: fuel=0 combat=4 | AFTER: fuel=3 combat=4,,,,,,,,,,,,,,,,,,,,,,,,
2025-09-15T23:52:02.231688,,,Niemcy,P_Batalion__6_Infanterie_Regiment,,resupply_detailed,43,9,43,9,,,,,,,,,,,,,,,,,,,,,,phase1 PRE_RAID_OPTIMIZATION | PE_SPENT: fuel=2 combat=0 total=2 | BEFORE: fuel=0 combat=14 | AFTER: fuel=2 combat=14,,,,,,,,,,,,,,,,,,,,,,,,
2025-09-15T23:52:02.231688,,,Niemcy,P_Pluton__6_Grenadier_Bataillon,,resupply_detailed,50,7,50,7,,,,,,,,,,,,,,,,,,,,,,phase1 PRE_RAID_OPTIMIZATION | PE_SPENT: fuel=2 combat=0 total=2 | BEFORE: fuel=0 combat=8 | AFTER: fuel=2 combat=8,,,,,,,,,,,,,,,,,,,,,,,,
2025-09-15T23:52:02.231688,,,Niemcy,Z_Batalion__6_Versorgungs_Kompanie,,resupply_detailed,51,-13,51,-13,,,,,,,,,,,,,,,,,,,,,,phase1 PRE_RAID_OPTIMIZATION | PE_SPENT: fuel=3 combat=0 total=3 | BEFORE: fuel=0 combat=7 | AFTER: fuel=3 combat=7,,,,,,,,,,,,,,,,,,,,,,,,
2025-09-15T23:52:02.231688,,,Niemcy,Z_Pluton__6_Unterst_tzungs_Bataillon_20250913214048,,resupply_detailed,51,-12,51,-12,,,,,,,,,,,,,,,,,,,,,,phase1 PRE_RAID_OPTIMIZATION | PE_SPENT: fuel=3 combat=0 total=3 | BEFORE: fuel=0 combat=4 | AFTER: fuel=3 combat=4,,,,,,,,,,,,,,,,,,,,,,,,
2025-09-15T23:52:02.231688,,,Niemcy,P_Kompania__6_Sch_tzen_Kompanie,,resupply_detailed,51,7,51,7,,,,,,,,,,,,,,,,,,,,,,phase1 PRE_RAID_OPTIMIZATION | PE_SPENT: fuel=2 combat=0 total=2 | BEFORE: fuel=0 combat=11 | AFTER: fuel=2 combat=11,,,,,,,,,,,,,,,,,,,,,,,,
2025-09-15T23:52:02.231688,,,Niemcy,RESUPPLY_OPERATION,,resupply_summary,,,,,,,,,,,,,,,,,,,,,,,,,,RESUPPLY_SUMMARY PRE_RAID_OPTIMIZATION | TOTAL_PE_SPENT: 19 | UNITS_RESUPPLIED: 8/8 | BUDGET_ALLOCATED: 75 | PE_REMAINING: 65,,,,,,,,,,,,,,,,,,,,,,,,
2025-09-15T23:52:02.259949,,target_selection,Niemcy,P_Pluton__6_Sch_tzen_Kompanie,,target_analysis,,,,,43,8,,,,,,,,,,,,,,,,,,,,"Target analysis: 29 candidates, score -1.00",,29,-1,999,,,,,,,,,False,,,,,,,29,29,29,5,2
2025-09-15T23:52:02.268430,,,Niemcy,P_Pluton__6_Sch_tzen_Kompanie,,second_move,,,43,8,,,,,,,,,,,,,,,,,,,,,,second_chance after PRE_RAID_OPTIMIZATION,,,,,,,,,,,,,,,,,,,,,,,,
2025-09-15T23:52:02.298538,,target_selection,Niemcy,P_Pluton__6_Infanterie_Regiment,,target_analysis,,,,,46,8,,,,,,,,,,,,,,,,,,,,"Target analysis: 29 candidates, score -1.00",,29,-1,999,,,,,,,,,False,,,,,,,29,29,29,5,2
2025-09-15T23:52:02.301909,,,Niemcy,P_Pluton__6_Infanterie_Regiment,,second_move,,,46,8,,,,,,,,,,,,,,,,,,,,,,second_chance after PRE_RAID_OPTIMIZATION,,,,,,,,,,,,,,,,,,,,,,,,
2025-09-15T23:52:02.345331,,target_selection,Niemcy,Z_Pluton__6_Unterst_tzungs_Bataillon_20250913214051,,target_analysis,,,,,33,16,,,,,,,,,,,,,,,,,,,,"Target analysis: 29 candidates, score -1.00",,29,-1,999,,,,,,,,,False,,,,,,,29,29,29,8,3
2025-09-15T23:52:02.346611,,,Niemcy,Z_Pluton__6_Unterst_tzungs_Bataillon_20250913214051,,second_move,,,33,16,,,,,,,,,,,,,,,,,,,,,,second_chance after PRE_RAID_OPTIMIZATION,,,,,,,,,,,,,,,,,,,,,,,,
2025-09-15T23:52:02.376715,,target_selection,Niemcy,P_Batalion__6_Infanterie_Regiment,,target_analysis,,,,,41,9,,,,,,,,,,,,,,,,,,,,"Target analysis: 29 candidates, score -1.00",,29,-1,999,,,,,,,,,False,,,,,,,29,29,29,5,2
2025-09-15T23:52:02.379741,,,Niemcy,P_Batalion__6_Infanterie_Regiment,,second_move,,,41,9,,,,,,,,,,,,,,,,,,,,,,second_chance after PRE_RAID_OPTIMIZATION,,,,,,,,,,,,,,,,,,,,,,,,
2025-09-15T23:52:02.400045,,target_selection,Niemcy,P_Pluton__6_Grenadier_Bataillon,,target_analysis,,,,,48,7,,,,,,,,,,,,,,,,,,,,"Target analysis: 29 candidates, score -1.00",,29,-1,999,,,,,,,,,False,,,,,,,29,29,29,5,2
2025-09-15T23:52:02.403250,,,Niemcy,P_Pluton__6_Grenadier_Bataillon,,second_move,,,48,7,,,,,,,,,,,,,,,,,,,,,,second_chance after PRE_RAID_OPTIMIZATION,,,,,,,,,,,,,,,,,,,,,,,,
2025-09-15T23:52:02.419128,,target_selection,Niemcy,Z_Batalion__6_Versorgungs_Kompanie,,target_analysis,,,,,52,-13,,,,,,,,,,,,,,,,,,,,"Target analysis: 29 candidates, score 30.00",,29,30.0,1,,,,,,,,,False,,,,"(52, -13)",,,27,29,29,6,3
2025-09-15T23:52:02.422636,,,Niemcy,Z_Batalion__6_Versorgungs_Kompanie,,second_move,,,52,-13,,,,,,,,,,,,,,,,,,,,,,second_chance after PRE_RAID_OPTIMIZATION,,,,,,,,,,,,,,,,,,,,,,,,
2025-09-15T23:52:02.442581,,target_selection,Niemcy,Z_Pluton__6_Unterst_tzungs_Bataillon_20250913214048,,target_analysis,,,,,51,-13,,,,,,,,,,,,,,,,,,,,"Target analysis: 29 candidates, score 30.00",,29,30.0,1,,,,,,,,,False,,,,"(51, -13)",,,25,29,29,8,3
2025-09-15T23:52:02.445655,,,Niemcy,Z_Pluton__6_Unterst_tzungs_Bataillon_20250913214048,,second_move,,,51,-13,,,,,,,,,,,,,,,,,,,,,,second_chance after PRE_RAID_OPTIMIZATION,,,,,,,,,,,,,,,,,,,,,,,,
2025-09-15T23:52:02.463461,,target_selection,Niemcy,P_Kompania__6_Sch_tzen_Kompanie,,target_analysis,,,,,49,7,,,,,,,,,,,,,,,,,,,,"Target analysis: 29 candidates, score -1.00",,29,-1,999,,,,,,,,,False,,,,,,,29,29,29,5,2
2025-09-15T23:52:02.468342,,,Niemcy,P_Kompania__6_Sch_tzen_Kompanie,,second_move,,,49,7,,,,,,,,,,,,,,,,,,,,,,second_chance after PRE_RAID_OPTIMIZATION,,,,,,,,,,,,,,,,,,,,,,,,
2025-09-15T23:52:02.637670,,,Niemcy,RESUPPLY_NEEDS,,resupply_analysis,,,,,,,,,,,,,,,,,,,,,,,,,,NEEDS_ANALYSIS MULTI_TURN_START | TOTAL_FUEL_NEEDED: 11 | TOTAL_COMBAT_NEEDED: 0 | TOTAL_PE_NEEDED: 11 | BUDGET_AVAILABLE: 52 | UNITS_REQUIRING_HELP: 8,,,,,,,,,,,,,,,,,,,,,,,,
2025-09-15T23:52:02.638813,,,Niemcy,P_Pluton__6_Sch_tzen_Kompanie,,resupply_detailed,43,8,43,8,,,,,,,,,,,,,,,,,,,,,,phase1 MULTI_TURN_START | PE_SPENT: fuel=1 combat=0 total=1 | BEFORE: fuel=1 combat=8 | AFTER: fuel=2 combat=8,,,,,,,,,,,,,,,,,,,,,,,,
2025-09-15T23:52:02.641335,,,Niemcy,P_Pluton__6_Infanterie_Regiment,,resupply_detailed,46,8,46,8,,,,,,,,,,,,,,,,,,,,,,phase1 MULTI_TURN_START | PE_SPENT: fuel=1 combat=0 total=1 | BEFORE: fuel=1 combat=8 | AFTER: fuel=2 combat=8,,,,,,,,,,,,,,,,,,,,,,,,
2025-09-15T23:52:02.642348,,,Niemcy,Z_Pluton__6_Unterst_tzungs_Bataillon_20250913214051,,resupply_detailed,33,16,33,16,,,,,,,,,,,,,,,,,,,,,,phase1 MULTI_TURN_START | PE_SPENT: fuel=1 combat=0 total=1 | BEFORE: fuel=2 combat=4 | AFTER: fuel=3 combat=4,,,,,,,,,,,,,,,,,,,,,,,,
2025-09-15T23:52:02.643543,,,Niemcy,P_Batalion__6_Infanterie_Regiment,,resupply_detailed,41,9,41,9,,,,,,,,,,,,,,,,,,,,,,phase1 MULTI_TURN_START | PE_SPENT: fuel=1 combat=0 total=1 | BEFORE: fuel=1 combat=14 | AFTER: fuel=2 combat=14,,,,,,,,,,,,,,,,,,,,,,,,
2025-09-15T23:52:02.643543,,,Niemcy,P_Pluton__6_Grenadier_Bataillon,,resupply_detailed,48,7,48,7,,,,,,,,,,,,,,,,,,,,,,phase1 MULTI_TURN_START | PE_SPENT: fuel=1 combat=0 total=1 | BEFORE: fuel=1 combat=8 | AFTER: fuel=2 combat=8,,,,,,,,,,,,,,,,,,,,,,,,
2025-09-15T23:52:02.643543,,,Niemcy,Z_Batalion__6_Versorgungs_Kompanie,,resupply_detailed,52,-13,52,-13,,,,,,,,,,,,,,,,,,,,,,phase1 MULTI_TURN_START | PE_SPENT: fuel=1 combat=0 total=1 | BEFORE: fuel=2 combat=7 | AFTER: fuel=3 combat=7,,,,,,,,,,,,,,,,,,,,,,,,
2025-09-15T23:52:02.645748,,,Niemcy,Z_Pluton__6_Unterst_tzungs_Bataillon_20250913214048,,resupply_detailed,51,-13,51,-13,,,,,,,,,,,,,,,,,,,,,,phase1 MULTI_TURN_START | PE_SPENT: fuel=1 combat=0 total=1 | BEFORE: fuel=2 combat=4 | AFTER: fuel=3 combat=4,,,,,,,,,,,,,,,,,,,,,,,,
2025-09-15T23:52:02.645748,,,Niemcy,P_Kompania__6_Sch_tzen_Kompanie,,resupply_detailed,49,7,49,7,,,,,,,,,,,,,,,,,,,,,,phase1 MULTI_TURN_START | PE_SPENT: fuel=1 combat=0 total=1 | BEFORE: fuel=1 combat=11 | AFTER: fuel=2 combat=11,,,,,,,,,,,,,,,,,,,,,,,,
2025-09-15T23:52:02.645748,,,Niemcy,RESUPPLY_OPERATION,,resupply_summary,,,,,,,,,,,,,,,,,,,,,,,,,,RESUPPLY_SUMMARY MULTI_TURN_START | TOTAL_PE_SPENT: 8 | UNITS_RESUPPLIED: 8/8 | BUDGET_ALLOCATED: 52 | PE_REMAINING: 57,,,,,,,,,,,,,,,,,,,,,,,,
2025-09-15T23:52:02.671849,,target_selection,Niemcy,P_Pluton__6_Sch_tzen_Kompanie,,target_analysis,,,,,45,8,,,,,,,,,,,,,,,,,,,,"Target analysis: 29 candidates, score -1.00",,29,-1,999,,,,,,,,,False,,,,,,,29,29,29,4,2
2025-09-15T23:52:02.676572,,,Niemcy,P_Pluton__6_Sch_tzen_Kompanie,,second_move,,,45,8,,,,,,,,,,,,,,,,,,,,,,second_chance after MULTI_TURN_START,,,,,,,,,,,,,,,,,,,,,,,,
2025-09-15T23:52:02.691512,,target_selection,Niemcy,P_Pluton__6_Infanterie_Regiment,,target_analysis,,,,,46,6,,,,,,,,,,,,,,,,,,,,"Target analysis: 29 candidates, score -1.00",,29,-1,999,,,,,,,,,False,,,,,,,29,29,29,4,2
2025-09-15T23:52:02.696244,,,Niemcy,P_Pluton__6_Infanterie_Regiment,,second_move,,,46,6,,,,,,,,,,,,,,,,,,,,,,second_chance after MULTI_TURN_START,,,,,,,,,,,,,,,,,,,,,,,,
2025-09-15T23:52:02.731604,,target_selection,Niemcy,Z_Pluton__6_Unterst_tzungs_Bataillon_20250913214051,,target_analysis,,,,,30,16,,,,,,,,,,,,,,,,,,,,"Target analysis: 29 candidates, score -1.00",,29,-1,999,,,,,,,,,False,,,,,,,29,29,29,7,3
2025-09-15T23:52:02.734902,,,Niemcy,Z_Pluton__6_Unterst_tzungs_Bataillon_20250913214051,,second_move,,,30,16,,,,,,,,,,,,,,,,,,,,,,second_chance after MULTI_TURN_START,,,,,,,,,,,,,,,,,,,,,,,,
2025-09-15T23:52:02.760245,,target_selection,Niemcy,P_Batalion__6_Infanterie_Regiment,,target_analysis,,,,,43,9,,,,,,,,,,,,,,,,,,,,"Target analysis: 29 candidates, score -1.00",,29,-1,999,,,,,,,,,False,,,,,,,29,29,29,4,2
2025-09-15T23:52:02.769059,,,Niemcy,P_Batalion__6_Infanterie_Regiment,,second_move,,,43,9,,,,,,,,,,,,,,,,,,,,,,second_chance after MULTI_TURN_START,,,,,,,,,,,,,,,,,,,,,,,,
2025-09-15T23:52:02.789258,,target_selection,Niemcy,P_Pluton__6_Grenadier_Bataillon,,target_analysis,,,,,46,7,,,,,,,,,,,,,,,,,,,,"Target analysis: 29 candidates, score -1.00",,29,-1,999,,,,,,,,,False,,,,,,,29,29,29,4,2
2025-09-15T23:52:02.795378,,,Niemcy,P_Pluton__6_Grenadier_Bataillon,,second_move,,,46,7,,,,,,,,,,,,,,,,,,,,,,second_chance after MULTI_TURN_START,,,,,,,,,,,,,,,,,,,,,,,,
2025-09-15T23:52:02.811886,,target_selection,Niemcy,Z_Batalion__6_Versorgungs_Kompanie,,target_analysis,,,,,51,-12,,,,,,,,,,,,,,,,,,,,"Target analysis: 29 candidates, score 30.00",,29,30.0,1,,,,,,,,,False,,,,"(51, -12)",,,28,29,29,5,3
2025-09-15T23:52:02.815093,,,Niemcy,Z_Batalion__6_Versorgungs_Kompanie,,second_move,,,51,-12,,,,,,,,,,,,,,,,,,,,,,second_chance after MULTI_TURN_START,,,,,,,,,,,,,,,,,,,,,,,,
2025-09-15T23:52:02.831961,,target_selection,Niemcy,Z_Pluton__6_Unterst_tzungs_Bataillon_20250913214048,,target_analysis,,,,,52,-13,,,,,,,,,,,,,,,,,,,,"Target analysis: 29 candidates, score 30.00",,29,30.0,1,,,,,,,,,False,,,,"(52, -13)",,,27,29,29,7,3
2025-09-15T23:52:02.836262,,,Niemcy,Z_Pluton__6_Unterst_tzungs_Bataillon_20250913214048,,second_move,,,52,-13,,,,,,,,,,,,,,,,,,,,,,second_chance after MULTI_TURN_START,,,,,,,,,,,,,,,,,,,,,,,,
2025-09-15T23:52:02.856400,,target_selection,Niemcy,P_Kompania__6_Sch_tzen_Kompanie,,target_analysis,,,,,51,7,,,,,,,,,,,,,,,,,,,,"Target analysis: 29 candidates, score -1.00",,29,-1,999,,,,,,,,,False,,,,,,,29,29,29,4,2
2025-09-15T23:52:02.863211,,,Niemcy,P_Kompania__6_Sch_tzen_Kompanie,,second_move,,,51,7,,,,,,,,,,,,,,,,,,,,,,second_chance after MULTI_TURN_START,,,,,,,,,,,,,,,,,,,,,,,,
2025-09-15T23:52:02.870927,,,Niemcy,RESUPPLY_NEEDS,,resupply_analysis,,,,,,,,,,,,,,,,,,,,,,,,,,NEEDS_ANALYSIS PRE_RAID_OPTIMIZATION | TOTAL_FUEL_NEEDED: 12 | TOTAL_COMBAT_NEEDED: 0 | TOTAL_PE_NEEDED: 12 | BUDGET_AVAILABLE: 45 | UNITS_REQUIRING_HELP: 8,,,,,,,,,,,,,,,,,,,,,,,,
2025-09-15T23:52:02.870927,,,Niemcy,Z_Pluton__6_Unterst_tzungs_Bataillon_20250913214051,,resupply_detailed,32,14,32,14,,,,,,,,,,,,,,,,,,,,,,phase1 PRE_RAID_OPTIMIZATION | PE_SPENT: fuel=2 combat=0 total=2 | BEFORE: fuel=1 combat=4 | AFTER: fuel=3 combat=4,,,,,,,,,,,,,,,,,,,,,,,,
2025-09-15T23:52:02.872662,,,Niemcy,P_Pluton__6_Sch_tzen_Kompanie,,resupply_detailed,45,8,45,8,,,,,,,,,,,,,,,,,,,,,,phase1 PRE_RAID_OPTIMIZATION | PE_SPENT: fuel=1 combat=0 total=1 | BEFORE: fuel=1 combat=8 | AFTER: fuel=2 combat=8,,,,,,,,,,,,,,,,,,,,,,,,
2025-09-15T23:52:02.875117,,,Niemcy,P_Pluton__6_Infanterie_Regiment,,resupply_detailed,46,6,46,6,,,,,,,,,,,,,,,,,,,,,,phase1 PRE_RAID_OPTIMIZATION | PE_SPENT: fuel=1 combat=0 total=1 | BEFORE: fuel=1 combat=8 | AFTER: fuel=2 combat=8,,,,,,,,,,,,,,,,,,,,,,,,
2025-09-15T23:52:02.876349,,,Niemcy,P_Batalion__6_Infanterie_Regiment,,resupply_detailed,43,9,43,9,,,,,,,,,,,,,,,,,,,,,,phase1 PRE_RAID_OPTIMIZATION | PE_SPENT: fuel=1 combat=0 total=1 | BEFORE: fuel=1 combat=14 | AFTER: fuel=2 combat=14,,,,,,,,,,,,,,,,,,,,,,,,
2025-09-15T23:52:02.877534,,,Niemcy,P_Pluton__6_Grenadier_Bataillon,,resupply_detailed,46,7,46,7,,,,,,,,,,,,,,,,,,,,,,phase1 PRE_RAID_OPTIMIZATION | PE_SPENT: fuel=1 combat=0 total=1 | BEFORE: fuel=1 combat=8 | AFTER: fuel=2 combat=8,,,,,,,,,,,,,,,,,,,,,,,,
2025-09-15T23:52:02.877534,,,Niemcy,Z_Batalion__6_Versorgungs_Kompanie,,resupply_detailed,51,-12,51,-12,,,,,,,,,,,,,,,,,,,,,,phase1 PRE_RAID_OPTIMIZATION | PE_SPENT: fuel=1 combat=0 total=1 | BEFORE: fuel=2 combat=7 | AFTER: fuel=3 combat=7,,,,,,,,,,,,,,,,,,,,,,,,
2025-09-15T23:52:02.878542,,,Niemcy,Z_Pluton__6_Unterst_tzungs_Bataillon_20250913214048,,resupply_detailed,52,-13,52,-13,,,,,,,,,,,,,,,,,,,,,,phase1 PRE_RAID_OPTIMIZATION | PE_SPENT: fuel=1 combat=0 total=1 | BEFORE: fuel=2 combat=4 | AFTER: fuel=3 combat=4,,,,,,,,,,,,,,,,,,,,,,,,
2025-09-15T23:52:02.879546,,,Niemcy,P_Kompania__6_Sch_tzen_Kompanie,,resupply_detailed,51,7,51,7,,,,,,,,,,,,,,,,,,,,,,phase1 PRE_RAID_OPTIMIZATION | PE_SPENT: fuel=1 combat=0 total=1 | BEFORE: fuel=1 combat=11 | AFTER: fuel=2 combat=11,,,,,,,,,,,,,,,,,,,,,,,,
2025-09-15T23:52:02.880677,,,Niemcy,RESUPPLY_OPERATION,,resupply_summary,,,,,,,,,,,,,,,,,,,,,,,,,,RESUPPLY_SUMMARY PRE_RAID_OPTIMIZATION | TOTAL_PE_SPENT: 9 | UNITS_RESUPPLIED: 8/8 | BUDGET_ALLOCATED: 45 | PE_REMAINING: 48,,,,,,,,,,,,,,,,,,,,,,,,
2025-09-15T23:52:02.929047,,target_selection,Niemcy,Z_Pluton__6_Unterst_tzungs_Bataillon_20250913214051,,target_analysis,,,,,35,14,,,,,,,,,,,,,,,,,,,,"Target analysis: 29 candidates, score -1.00",,29,-1,999,,,,,,,,,False,,,,,,,29,29,29,5,3
2025-09-15T23:52:02.933550,,,Niemcy,Z_Pluton__6_Unterst_tzungs_Bataillon_20250913214051,,second_move,,,35,14,,,,,,,,,,,,,,,,,,,,,,second_chance after PRE_RAID_OPTIMIZATION,,,,,,,,,,,,,,,,,,,,,,,,
2025-09-15T23:52:02.949899,,target_selection,Niemcy,P_Pluton__6_Sch_tzen_Kompanie,,target_analysis,,,,,43,8,,,,,,,,,,,,,,,,,,,,"Target analysis: 29 candidates, score -1.00",,29,-1,999,,,,,,,,,False,,,,,,,29,29,29,3,2
2025-09-15T23:52:02.954515,,,Niemcy,P_Pluton__6_Sch_tzen_Kompanie,,second_move,,,43,8,,,,,,,,,,,,,,,,,,,,,,second_chance after PRE_RAID_OPTIMIZATION,,,,,,,,,,,,,,,,,,,,,,,,
2025-09-15T23:52:02.982459,,target_selection,Niemcy,P_Pluton__6_Infanterie_Regiment,,target_analysis,,,,,48,6,,,,,,,,,,,,,,,,,,,,"Target analysis: 29 candidates, score -1.00",,29,-1,999,,,,,,,,,False,,,,,,,29,29,29,3,2
2025-09-15T23:52:02.985571,,,Niemcy,P_Pluton__6_Infanterie_Regiment,,second_move,,,48,6,,,,,,,,,,,,,,,,,,,,,,second_chance after PRE_RAID_OPTIMIZATION,,,,,,,,,,,,,,,,,,,,,,,,
2025-09-15T23:52:03.006551,,target_selection,Niemcy,P_Batalion__6_Infanterie_Regiment,,target_analysis,,,,,41,9,,,,,,,,,,,,,,,,,,,,"Target analysis: 29 candidates, score -1.00",,29,-1,999,,,,,,,,,False,,,,,,,29,29,29,3,2
2025-09-15T23:52:03.011245,,,Niemcy,P_Batalion__6_Infanterie_Regiment,,second_move,,,41,9,,,,,,,,,,,,,,,,,,,,,,second_chance after PRE_RAID_OPTIMIZATION,,,,,,,,,,,,,,,,,,,,,,,,
2025-09-15T23:52:03.028697,,target_selection,Niemcy,P_Pluton__6_Grenadier_Bataillon,,target_analysis,,,,,48,7,,,,,,,,,,,,,,,,,,,,"Target analysis: 29 candidates, score -1.00",,29,-1,999,,,,,,,,,False,,,,,,,29,29,29,3,2
2025-09-15T23:52:03.036937,,,Niemcy,P_Pluton__6_Grenadier_Bataillon,,second_move,,,48,7,,,,,,,,,,,,,,,,,,,,,,second_chance after PRE_RAID_OPTIMIZATION,,,,,,,,,,,,,,,,,,,,,,,,
2025-09-15T23:52:03.054558,,target_selection,Niemcy,Z_Batalion__6_Versorgungs_Kompanie,,target_analysis,,,,,51,-13,,,,,,,,,,,,,,,,,,,,"Target analysis: 29 candidates, score 30.00",,29,30.0,1,,,,,,,,,False,,,,"(51, -13)",,,25,29,29,4,3
2025-09-15T23:52:03.060954,,,Niemcy,Z_Batalion__6_Versorgungs_Kompanie,,second_move,,,51,-13,,,,,,,,,,,,,,,,,,,,,,second_chance after PRE_RAID_OPTIMIZATION,,,,,,,,,,,,,,,,,,,,,,,,
2025-09-15T23:52:03.078080,,target_selection,Niemcy,Z_Pluton__6_Unterst_tzungs_Bataillon_20250913214048,,target_analysis,,,,,51,-12,,,,,,,,,,,,,,,,,,,,"Target analysis: 29 candidates, score 30.00",,29,30.0,1,,,,,,,,,False,,,,"(51, -12)",,,28,29,29,6,3
2025-09-15T23:52:03.082238,,,Niemcy,Z_Pluton__6_Unterst_tzungs_Bataillon_20250913214048,,second_move,,,51,-12,,,,,,,,,,,,,,,,,,,,,,second_chance after PRE_RAID_OPTIMIZATION,,,,,,,,,,,,,,,,,,,,,,,,
2025-09-15T23:52:03.097799,,target_selection,Niemcy,P_Kompania__6_Sch_tzen_Kompanie,,target_analysis,,,,,49,7,,,,,,,,,,,,,,,,,,,,"Target analysis: 29 candidates, score -1.00",,29,-1,999,,,,,,,,,False,,,,,,,29,29,29,3,2
2025-09-15T23:52:03.100667,,,Niemcy,P_Kompania__6_Sch_tzen_Kompanie,,second_move,,,49,7,,,,,,,,,,,,,,,,,,,,,,second_chance after PRE_RAID_OPTIMIZATION,,,,,,,,,,,,,,,,,,,,,,,,
2025-09-15T23:52:03.117581,,,Niemcy,RESUPPLY_NEEDS,,resupply_analysis,,,,,,,,,,,,,,,,,,,,,,,,,,NEEDS_ANALYSIS PRE_RAID_OPTIMIZATION | TOTAL_FUEL_NEEDED: 12 | TOTAL_COMBAT_NEEDED: 0 | TOTAL_PE_NEEDED: 12 | BUDGET_AVAILABLE: 38 | UNITS_REQUIRING_HELP: 8,,,,,,,,,,,,,,,,,,,,,,,,
2025-09-15T23:52:03.118597,,,Niemcy,RESUPPLY_OPERATION,,resupply_summary,,,,,,,,,,,,,,,,,,,,,,,,,,RESUPPLY_SUMMARY PRE_RAID_OPTIMIZATION | TOTAL_PE_SPENT: 0 | UNITS_RESUPPLIED: 0/8 | BUDGET_ALLOCATED: 38 | PE_REMAINING: 48,,,,,,,,,,,,,,,,,,,,,,,,
2025-09-15T23:52:03.122815,,,Niemcy,Z_Batalion__6_Versorgungs_Kompanie,,second_move,,,51,-13,,,,,,,,,,,,,,,,,,,,,,second_chance after PRE_RAID_OPTIMIZATION,,,,,,,,,,,,,,,,,,,,,,,,
2025-09-15T23:52:03.136511,,target_selection,Niemcy,P_Pluton__6_Sch_tzen_Kompanie,,target_analysis,,,,,44,8,,,,,,,,,,,,,,,,,,,,"Target analysis: 29 candidates, score -1.00",,29,-1,999,,,,,,,,,False,,,,,,,29,29,29,2,1
2025-09-15T23:52:03.140813,,,Niemcy,P_Pluton__6_Sch_tzen_Kompanie,,second_move,,,44,8,,,,,,,,,,,,,,,,,,,,,,second_chance after PRE_RAID_OPTIMIZATION,,,,,,,,,,,,,,,,,,,,,,,,
2025-09-15T23:52:03.151706,,target_selection,Niemcy,P_Pluton__6_Infanterie_Regiment,,target_analysis,,,,,49,6,,,,,,,,,,,,,,,,,,,,"Target analysis: 29 candidates, score -1.00",,29,-1,999,,,,,,,,,False,,,,,,,29,29,29,2,1
2025-09-15T23:52:03.156014,,,Niemcy,P_Pluton__6_Infanterie_Regiment,,second_move,,,49,6,,,,,,,,,,,,,,,,,,,,,,second_chance after PRE_RAID_OPTIMIZATION,,,,,,,,,,,,,,,,,,,,,,,,
2025-09-15T23:52:03.177501,,target_selection,Niemcy,Z_Pluton__6_Unterst_tzungs_Bataillon_20250913214051,,target_analysis,,,,,33,16,,,,,,,,,,,,,,,,,,,,"Target analysis: 29 candidates, score -1.00",,29,-1,999,,,,,,,,,False,,,,,,,29,29,29,4,2
2025-09-15T23:52:03.186922,,,Niemcy,Z_Pluton__6_Unterst_tzungs_Bataillon_20250913214051,,second_move,,,33,16,,,,,,,,,,,,,,,,,,,,,,second_chance after PRE_RAID_OPTIMIZATION,,,,,,,,,,,,,,,,,,,,,,,,
2025-09-15T23:52:03.198277,,target_selection,Niemcy,P_Batalion__6_Infanterie_Regiment,,target_analysis,,,,,42,9,,,,,,,,,,,,,,,,,,,,"Target analysis: 29 candidates, score -1.00",,29,-1,999,,,,,,,,,False,,,,,,,29,29,29,2,1
2025-09-15T23:52:03.203585,,,Niemcy,P_Batalion__6_Infanterie_Regiment,,second_move,,,42,9,,,,,,,,,,,,,,,,,,,,,,second_chance after PRE_RAID_OPTIMIZATION,,,,,,,,,,,,,,,,,,,,,,,,
2025-09-15T23:52:03.214356,,target_selection,Niemcy,P_Pluton__6_Grenadier_Bataillon,,target_analysis,,,,,47,7,,,,,,,,,,,,,,,,,,,,"Target analysis: 29 candidates, score -1.00",,29,-1,999,,,,,,,,,False,,,,,,,29,29,29,2,1
2025-09-15T23:52:03.217336,,,Niemcy,P_Pluton__6_Grenadier_Bataillon,,second_move,,,47,7,,,,,,,,,,,,,,,,,,,,,,second_chance after PRE_RAID_OPTIMIZATION,,,,,,,,,,,,,,,,,,,,,,,,
2025-09-15T23:52:03.228586,,target_selection,Niemcy,Z_Pluton__6_Unterst_tzungs_Bataillon_20250913214048,,target_analysis,,,,,52,-12,,,,,,,,,,,,,,,,,,,,"Target analysis: 29 candidates, score -1.00",,29,-1,999,,,,,,,,,False,,,,,,,29,29,29,5,2
2025-09-15T23:52:03.233188,,,Niemcy,Z_Pluton__6_Unterst_tzungs_Bataillon_20250913214048,,second_move,,,52,-12,,,,,,,,,,,,,,,,,,,,,,second_chance after PRE_RAID_OPTIMIZATION,,,,,,,,,,,,,,,,,,,,,,,,
2025-09-15T23:52:03.242799,,target_selection,Niemcy,P_Kompania__6_Sch_tzen_Kompanie,,target_analysis,,,,,50,7,,,,,,,,,,,,,,,,,,,,"Target analysis: 29 candidates, score -1.00",,29,-1,999,,,,,,,,,False,,,,,,,29,29,29,2,1
2025-09-15T23:52:03.246430,,,Niemcy,P_Kompania__6_Sch_tzen_Kompanie,,second_move,,,50,7,,,,,,,,,,,,,,,,,,,,,,second_chance after PRE_RAID_OPTIMIZATION,,,,,,,,,,,,,,,,,,,,,,,,
2025-09-15T23:52:03.248994,,,Niemcy,RESUPPLY_NEEDS,,resupply_analysis,,,,,,,,,,,,,,,,,,,,,,,,,,NEEDS_ANALYSIS LOW_FUEL | TOTAL_FUEL_NEEDED: 20 | TOTAL_COMBAT_NEEDED: 0 | TOTAL_PE_NEEDED: 20 | BUDGET_AVAILABLE: 43 | UNITS_REQUIRING_HELP: 8,,,,,,,,,,,,,,,,,,,,,,,,
2025-09-15T23:52:03.250157,,,Niemcy,RESUPPLY_OPERATION,,resupply_summary,,,,,,,,,,,,,,,,,,,,,,,,,,RESUPPLY_SUMMARY LOW_FUEL | TOTAL_PE_SPENT: 0 | UNITS_RESUPPLIED: 0/8 | BUDGET_ALLOCATED: 43 | PE_REMAINING: 48,,,,,,,,,,,,,,,,,,,,,,,,
2025-09-15T23:52:03.261909,,target_selection,Niemcy,Z_Pluton__6_Unterst_tzungs_Bataillon_20250913214051,,target_analysis,,,,,34,16,,,,,,,,,,,,,,,,,,,,"Target analysis: 29 candidates, score -1.00",,29,-1,999,,,,,,,,,False,,,,,,,29,29,29,3,1
2025-09-15T23:52:03.265433,,,Niemcy,Z_Pluton__6_Unterst_tzungs_Bataillon_20250913214051,,second_move,,,34,16,,,,,,,,,,,,,,,,,,,,,,second_chance after LOW_FUEL,,,,,,,,,,,,,,,,,,,,,,,,
2025-09-15T23:52:03.273410,,target_selection,Niemcy,Z_Pluton__6_Unterst_tzungs_Bataillon_20250913214048,,target_analysis,,,,,51,-12,,,,,,,,,,,,,,,,,,,,"Target analysis: 29 candidates, score 30.00",,29,30.0,1,,,,,,,,,False,,,,"(51, -12)",,,28,29,29,4,1
2025-09-15T23:52:03.278536,,,Niemcy,Z_Pluton__6_Unterst_tzungs_Bataillon_20250913214048,,second_move,,,51,-12,,,,,,,,,,,,,,,,,,,,,,second_chance after LOW_FUEL,,,,,,,,,,,,,,,,,,,,,,,,
2025-09-15T23:52:03.311363,,strategy,Niemcy,STRATEGY,,strategic_decision,,,,,,,,,,,,,,,,,,,,,,,,,,"Strategy: REASSIGNMENT, aggression 0.50, 3 groups, 0 reassignments",,,,,,,,,REASSIGNMENT,0.5,,,,,,adaptive,,0,dynamic_reassignment,,,,,
2025-09-15T23:52:03.315699,,strategy,Niemcy,STRATEGY,,strategic_decision,,,,,,,,,,,,,,,,,,,,,,,,,,"Strategy: REASSIGNMENT, aggression 0.50, 3 groups, 0 reassignments",,,,,,,,,REASSIGNMENT,0.5,,,,,,adaptive,,0,dynamic_reassignment,,,,,
2025-09-15T23:52:03.320738,,strategy,Niemcy,STRATEGY,,strategic_decision,,,,,,,,,,,,,,,,,,,,,,,,,,"Strategy: REASSIGNMENT, aggression 0.50, 1 groups, 0 reassignments",,,,,,,,,REASSIGNMENT,0.5,,,,,,adaptive,,0,dynamic_reassignment,,,,,
2025-09-15T23:52:03.328744,,target_selection,Niemcy,P_Pluton__6_Sch_tzen_Kompanie,,target_analysis,,,,,,,,,,,,,,,,,,,,,,,,,,"Target analysis: 29 candidates, score -1.00",,29,-1,999,,,,,,,,,False,,,,,,,29,29,29,5,0
2025-09-15T23:52:03.331107,,,Niemcy,RESUPPLY_NEEDS,,resupply_analysis,,,,,,,,,,,,,,,,,,,,,,,,,,NEEDS_ANALYSIS LOW_FUEL | TOTAL_FUEL_NEEDED: 22 | TOTAL_COMBAT_NEEDED: 0 | TOTAL_PE_NEEDED: 22 | BUDGET_AVAILABLE: 43 | UNITS_REQUIRING_HELP: 8,,,,,,,,,,,,,,,,,,,,,,,,
2025-09-15T23:52:03.332085,,,Niemcy,RESUPPLY_OPERATION,,resupply_summary,,,,,,,,,,,,,,,,,,,,,,,,,,RESUPPLY_SUMMARY LOW_FUEL | TOTAL_PE_SPENT: 0 | UNITS_RESUPPLIED: 0/8 | BUDGET_ALLOCATED: 43 | PE_REMAINING: 48,,,,,,,,,,,,,,,,,,,,,,,,
2025-09-15T23:52:03.334100,,,Niemcy,RESUPPLY_NEEDS,,resupply_analysis,,,,,,,,,,,,,,,,,,,,,,,,,,NEEDS_ANALYSIS LOW_FUEL | TOTAL_FUEL_NEEDED: 22 | TOTAL_COMBAT_NEEDED: 0 | TOTAL_PE_NEEDED: 22 | BUDGET_AVAILABLE: 43 | UNITS_REQUIRING_HELP: 8,,,,,,,,,,,,,,,,,,,,,,,,
2025-09-15T23:52:03.335124,,,Niemcy,RESUPPLY_OPERATION,,resupply_summary,,,,,,,,,,,,,,,,,,,,,,,,,,RESUPPLY_SUMMARY LOW_FUEL | TOTAL_PE_SPENT: 0 | UNITS_RESUPPLIED: 0/8 | BUDGET_ALLOCATED: 43 | PE_REMAINING: 48,,,,,,,,,,,,,,,,,,,,,,,,
2025-09-15T23:52:03.336407,,strategy,Niemcy,STRATEGY,,strategic_decision,,,,,,,,,,,,,,,,,,,,,,,,,,"Strategy: REASSIGNMENT, aggression 0.50, 1 groups, 0 reassignments",,,,,,,,,REASSIGNMENT,0.5,,,,,,adaptive,,0,dynamic_reassignment,,,,,
2025-09-15T23:52:03.345439,,target_selection,Niemcy,P_Pluton__6_Infanterie_Regiment,,target_analysis,,,,,,,,,,,,,,,,,,,,,,,,,,"Target analysis: 29 candidates, score -1.00",,29,-1,999,,,,,,,,,False,,,,,,,29,29,29,5,0
2025-09-15T23:52:03.347242,,,Niemcy,RESUPPLY_NEEDS,,resupply_analysis,,,,,,,,,,,,,,,,,,,,,,,,,,NEEDS_ANALYSIS LOW_FUEL | TOTAL_FUEL_NEEDED: 22 | TOTAL_COMBAT_NEEDED: 0 | TOTAL_PE_NEEDED: 22 | BUDGET_AVAILABLE: 43 | UNITS_REQUIRING_HELP: 8,,,,,,,,,,,,,,,,,,,,,,,,
2025-09-15T23:52:03.349474,,,Niemcy,RESUPPLY_OPERATION,,resupply_summary,,,,,,,,,,,,,,,,,,,,,,,,,,RESUPPLY_SUMMARY LOW_FUEL | TOTAL_PE_SPENT: 0 | UNITS_RESUPPLIED: 0/8 | BUDGET_ALLOCATED: 43 | PE_REMAINING: 48,,,,,,,,,,,,,,,,,,,,,,,,
2025-09-15T23:52:03.350924,,,Niemcy,RESUPPLY_NEEDS,,resupply_analysis,,,,,,,,,,,,,,,,,,,,,,,,,,NEEDS_ANALYSIS LOW_FUEL | TOTAL_FUEL_NEEDED: 22 | TOTAL_COMBAT_NEEDED: 0 | TOTAL_PE_NEEDED: 22 | BUDGET_AVAILABLE: 43 | UNITS_REQUIRING_HELP: 8,,,,,,,,,,,,,,,,,,,,,,,,
2025-09-15T23:52:03.351964,,,Niemcy,RESUPPLY_OPERATION,,resupply_summary,,,,,,,,,,,,,,,,,,,,,,,,,,RESUPPLY_SUMMARY LOW_FUEL | TOTAL_PE_SPENT: 0 | UNITS_RESUPPLIED: 0/8 | BUDGET_ALLOCATED: 43 | PE_REMAINING: 48,,,,,,,,,,,,,,,,,,,,,,,,
2025-09-15T23:52:03.353041,,,Niemcy,RESUPPLY_NEEDS,,resupply_analysis,,,,,,,,,,,,,,,,,,,,,,,,,,NEEDS_ANALYSIS LOW_FUEL | TOTAL_FUEL_NEEDED: 22 | TOTAL_COMBAT_NEEDED: 0 | TOTAL_PE_NEEDED: 22 | BUDGET_AVAILABLE: 43 | UNITS_REQUIRING_HELP: 8,,,,,,,,,,,,,,,,,,,,,,,,
2025-09-15T23:52:03.354342,,,Niemcy,RESUPPLY_OPERATION,,resupply_summary,,,,,,,,,,,,,,,,,,,,,,,,,,RESUPPLY_SUMMARY LOW_FUEL | TOTAL_PE_SPENT: 0 | UNITS_RESUPPLIED: 0/8 | BUDGET_ALLOCATED: 43 | PE_REMAINING: 48,,,,,,,,,,,,,,,,,,,,,,,,
2025-09-15T23:52:03.359012,,strategy,Niemcy,STRATEGY,,strategic_decision,,,,,,,,,,,,,,,,,,,,,,,,,,"Strategy: REASSIGNMENT, aggression 0.50, 1 groups, 0 reassignments",,,,,,,,,REASSIGNMENT,0.5,,,,,,adaptive,,0,dynamic_reassignment,,,,,
2025-09-15T23:52:03.365686,,target_selection,Niemcy,Z_Pluton__6_Unterst_tzungs_Bataillon_20250913214048,,target_analysis,,,,,,,,,,,,,,,,,,,,,,,,,,"Target analysis: 29 candidates, score -1.00",,29,-1,999,,,,,,,,,False,,,,,,,29,29,29,8,0
2025-09-15T23:52:03.367861,,,Niemcy,RESUPPLY_NEEDS,,resupply_analysis,,,,,,,,,,,,,,,,,,,,,,,,,,NEEDS_ANALYSIS LOW_FUEL | TOTAL_FUEL_NEEDED: 22 | TOTAL_COMBAT_NEEDED: 0 | TOTAL_PE_NEEDED: 22 | BUDGET_AVAILABLE: 43 | UNITS_REQUIRING_HELP: 8,,,,,,,,,,,,,,,,,,,,,,,,
2025-09-15T23:52:03.369127,,,Niemcy,RESUPPLY_OPERATION,,resupply_summary,,,,,,,,,,,,,,,,,,,,,,,,,,RESUPPLY_SUMMARY LOW_FUEL | TOTAL_PE_SPENT: 0 | UNITS_RESUPPLIED: 0/8 | BUDGET_ALLOCATED: 43 | PE_REMAINING: 48,,,,,,,,,,,,,,,,,,,,,,,,
2025-09-15T23:52:03.370139,,,Niemcy,RESUPPLY_NEEDS,,resupply_analysis,,,,,,,,,,,,,,,,,,,,,,,,,,NEEDS_ANALYSIS LOW_FUEL | TOTAL_FUEL_NEEDED: 22 | TOTAL_COMBAT_NEEDED: 0 | TOTAL_PE_NEEDED: 22 | BUDGET_AVAILABLE: 43 | UNITS_REQUIRING_HELP: 8,,,,,,,,,,,,,,,,,,,,,,,,
2025-09-15T23:52:03.371172,,,Niemcy,RESUPPLY_OPERATION,,resupply_summary,,,,,,,,,,,,,,,,,,,,,,,,,,RESUPPLY_SUMMARY LOW_FUEL | TOTAL_PE_SPENT: 0 | UNITS_RESUPPLIED: 0/8 | BUDGET_ALLOCATED: 43 | PE_REMAINING: 48,,,,,,,,,,,,,,,,,,,,,,,,
2025-09-15T23:52:03.376550,,,Niemcy,RESUPPLY_NEEDS,,resupply_analysis,,,,,,,,,,,,,,,,,,,,,,,,,,NEEDS_ANALYSIS LOW_FUEL | TOTAL_FUEL_NEEDED: 22 | TOTAL_COMBAT_NEEDED: 0 | TOTAL_PE_NEEDED: 22 | BUDGET_AVAILABLE: 43 | UNITS_REQUIRING_HELP: 8,,,,,,,,,,,,,,,,,,,,,,,,
2025-09-15T23:52:03.377797,,,Niemcy,RESUPPLY_OPERATION,,resupply_summary,,,,,,,,,,,,,,,,,,,,,,,,,,RESUPPLY_SUMMARY LOW_FUEL | TOTAL_PE_SPENT: 0 | UNITS_RESUPPLIED: 0/8 | BUDGET_ALLOCATED: 43 | PE_REMAINING: 48,,,,,,,,,,,,,,,,,,,,,,,,
2025-09-15T23:52:03.380364,,,Niemcy,RESUPPLY_NEEDS,,resupply_analysis,,,,,,,,,,,,,,,,,,,,,,,,,,NEEDS_ANALYSIS LOW_FUEL | TOTAL_FUEL_NEEDED: 22 | TOTAL_COMBAT_NEEDED: 0 | TOTAL_PE_NEEDED: 22 | BUDGET_AVAILABLE: 43 | UNITS_REQUIRING_HELP: 8,,,,,,,,,,,,,,,,,,,,,,,,
2025-09-15T23:52:03.381778,,,Niemcy,RESUPPLY_OPERATION,,resupply_summary,,,,,,,,,,,,,,,,,,,,,,,,,,RESUPPLY_SUMMARY LOW_FUEL | TOTAL_PE_SPENT: 0 | UNITS_RESUPPLIED: 0/8 | BUDGET_ALLOCATED: 43 | PE_REMAINING: 48,,,,,,,,,,,,,,,,,,,,,,,,
2025-09-15T23:52:03.383760,,,Niemcy,RESUPPLY_NEEDS,,resupply_analysis,,,,,,,,,,,,,,,,,,,,,,,,,,NEEDS_ANALYSIS LOW_FUEL | TOTAL_FUEL_NEEDED: 22 | TOTAL_COMBAT_NEEDED: 0 | TOTAL_PE_NEEDED: 22 | BUDGET_AVAILABLE: 43 | UNITS_REQUIRING_HELP: 8,,,,,,,,,,,,,,,,,,,,,,,,
2025-09-15T23:52:03.384786,,,Niemcy,RESUPPLY_OPERATION,,resupply_summary,,,,,,,,,,,,,,,,,,,,,,,,,,RESUPPLY_SUMMARY LOW_FUEL | TOTAL_PE_SPENT: 0 | UNITS_RESUPPLIED: 0/8 | BUDGET_ALLOCATED: 43 | PE_REMAINING: 48,,,,,,,,,,,,,,,,,,,,,,,,
2025-09-15T23:52:03.387301,,,Niemcy,RESUPPLY_NEEDS,,resupply_analysis,,,,,,,,,,,,,,,,,,,,,,,,,,NEEDS_ANALYSIS LOW_FUEL | TOTAL_FUEL_NEEDED: 22 | TOTAL_COMBAT_NEEDED: 0 | TOTAL_PE_NEEDED: 22 | BUDGET_AVAILABLE: 43 | UNITS_REQUIRING_HELP: 8,,,,,,,,,,,,,,,,,,,,,,,,
2025-09-15T23:52:03.388348,,,Niemcy,RESUPPLY_OPERATION,,resupply_summary,,,,,,,,,,,,,,,,,,,,,,,,,,RESUPPLY_SUMMARY LOW_FUEL | TOTAL_PE_SPENT: 0 | UNITS_RESUPPLIED: 0/8 | BUDGET_ALLOCATED: 43 | PE_REMAINING: 48,,,,,,,,,,,,,,,,,,,,,,,,
2025-09-15T23:52:03.391839,,,Niemcy,RESUPPLY_NEEDS,,resupply_analysis,,,,,,,,,,,,,,,,,,,,,,,,,,NEEDS_ANALYSIS LOW_FUEL | TOTAL_FUEL_NEEDED: 22 | TOTAL_COMBAT_NEEDED: 0 | TOTAL_PE_NEEDED: 22 | BUDGET_AVAILABLE: 43 | UNITS_REQUIRING_HELP: 8,,,,,,,,,,,,,,,,,,,,,,,,
2025-09-15T23:52:03.393256,,,Niemcy,RESUPPLY_OPERATION,,resupply_summary,,,,,,,,,,,,,,,,,,,,,,,,,,RESUPPLY_SUMMARY LOW_FUEL | TOTAL_PE_SPENT: 0 | UNITS_RESUPPLIED: 0/8 | BUDGET_ALLOCATED: 43 | PE_REMAINING: 48,,,,,,,,,,,,,,,,,,,,,,,,
2025-09-15T23:52:03.395919,,,Niemcy,RESUPPLY_NEEDS,,resupply_analysis,,,,,,,,,,,,,,,,,,,,,,,,,,NEEDS_ANALYSIS LOW_FUEL | TOTAL_FUEL_NEEDED: 22 | TOTAL_COMBAT_NEEDED: 0 | TOTAL_PE_NEEDED: 22 | BUDGET_AVAILABLE: 43 | UNITS_REQUIRING_HELP: 8,,,,,,,,,,,,,,,,,,,,,,,,
2025-09-15T23:52:03.396918,,,Niemcy,RESUPPLY_OPERATION,,resupply_summary,,,,,,,,,,,,,,,,,,,,,,,,,,RESUPPLY_SUMMARY LOW_FUEL | TOTAL_PE_SPENT: 0 | UNITS_RESUPPLIED: 0/8 | BUDGET_ALLOCATED: 43 | PE_REMAINING: 48,,,,,,,,,,,,,,,,,,,,,,,,
2025-09-15T23:52:03.398926,,,Niemcy,RESUPPLY_NEEDS,,resupply_analysis,,,,,,,,,,,,,,,,,,,,,,,,,,NEEDS_ANALYSIS LOW_FUEL | TOTAL_FUEL_NEEDED: 22 | TOTAL_COMBAT_NEEDED: 0 | TOTAL_PE_NEEDED: 22 | BUDGET_AVAILABLE: 43 | UNITS_REQUIRING_HELP: 8,,,,,,,,,,,,,,,,,,,,,,,,
2025-09-15T23:52:03.400740,,,Niemcy,RESUPPLY_OPERATION,,resupply_summary,,,,,,,,,,,,,,,,,,,,,,,,,,RESUPPLY_SUMMARY LOW_FUEL | TOTAL_PE_SPENT: 0 | UNITS_RESUPPLIED: 0/8 | BUDGET_ALLOCATED: 43 | PE_REMAINING: 48,,,,,,,,,,,,,,,,,,,,,,,,
2025-09-15T23:52:03.401570,,,Niemcy,TURN_END,,turn_summary,,,,,,,,,,,6,0,,,,,,,,,,,,advanced,opp=1;groups=3;adv=True,"Turn completed: 0/6 units moved, 3 groups (advanced)",,,,,,,,,,,,,,,,,,,,,,,,
2025-09-15T23:52:03.497114,,,Polska,TURN_START,,turn_begin,,,,,,,,,,,,,,,,,,,,,,,,,,AI Commander turn started for player 2,,,,,,,,,,,,,,,,,,,,,,,,
2025-09-15T23:52:03.501040,,,Polska,RESUPPLY_NEEDS,,resupply_analysis,,,,,,,,,,,,,,,,,,,,,,,,,,NEEDS_ANALYSIS PRE_RAID_OPTIMIZATION | TOTAL_FUEL_NEEDED: 9 | TOTAL_COMBAT_NEEDED: 0 | TOTAL_PE_NEEDED: 9 | BUDGET_AVAILABLE: 9 | UNITS_REQUIRING_HELP: 5,,,,,,,,,,,,,,,,,,,,,,,,
2025-09-15T23:52:03.502059,,,Polska,Z_Batalion__2_Kompania_Zaopatrzeniowa,,resupply_detailed,23,-7,23,-7,,,,,,,,,,,,,,,,,,,,,,phase1 PRE_RAID_OPTIMIZATION | PE_SPENT: fuel=1 combat=0 total=1 | BEFORE: fuel=1 combat=7 | AFTER: fuel=2 combat=7,,,,,,,,,,,,,,,,,,,,,,,,
2025-09-15T23:52:03.503065,,,Polska,TL_Kompania__2_Batalion_Pancerny,,resupply_detailed,30,-11,30,-11,,,,,,,,,,,,,,,,,,,,,,phase1 PRE_RAID_OPTIMIZATION | PE_SPENT: fuel=1 combat=0 total=1 | BEFORE: fuel=1 combat=14 | AFTER: fuel=2 combat=14,,,,,,,,,,,,,,,,,,,,,,,,
2025-09-15T23:52:03.503065,,,Polska,P_Batalion__2_Batalion_Strzelc_w_20250913214005,,resupply_detailed,26,-9,26,-9,,,,,,,,,,,,,,,,,,,,,,phase1 PRE_RAID_OPTIMIZATION | PE_SPENT: fuel=1 combat=0 total=1 | BEFORE: fuel=1 combat=14 | AFTER: fuel=2 combat=14,,,,,,,,,,,,,,,,,,,,,,,,
2025-09-15T23:52:03.504068,,,Polska,Z_Pluton__2_Oddzia_Rozpoznawczy,,resupply_detailed,27,4,27,4,,,,,,,,,,,,,,,,,,,,,,phase1 PRE_RAID_OPTIMIZATION | PE_SPENT: fuel=1 combat=0 total=1 | BEFORE: fuel=2 combat=4 | AFTER: fuel=3 combat=4,,,,,,,,,,,,,,,,,,,,,,,,
2025-09-15T23:52:03.505582,,,Polska,RESUPPLY_OPERATION,,resupply_summary,,,,,,,,,,,,,,,,,,,,,,,,,,RESUPPLY_SUMMARY PRE_RAID_OPTIMIZATION | TOTAL_PE_SPENT: 4 | UNITS_RESUPPLIED: 4/5 | BUDGET_ALLOCATED: 9 | PE_REMAINING: 14,,,,,,,,,,,,,,,,,,,,,,,,
2025-09-15T23:52:03.520752,,target_selection,Polska,Z_Batalion__2_Kompania_Zaopatrzeniowa,,target_analysis,,,,,24,-7,,,,,,,,,,,,,,,,,,,,"Target analysis: 29 candidates, score 15.00",,29,15.0,1,,,,,,,,,False,,,,"(24, -7)",,,28,29,29,6,2
2025-09-15T23:52:03.526980,,,Polska,Z_Batalion__2_Kompania_Zaopatrzeniowa,,second_move,,,24,-7,,,,,,,,,,,,,,,,,,,,,,second_chance after PRE_RAID_OPTIMIZATION,,,,,,,,,,,,,,,,,,,,,,,,
2025-09-15T23:52:03.548413,,target_selection,Polska,TL_Kompania__2_Batalion_Pancerny,,target_analysis,,,,,32,-11,,,,,,,,,,,,,,,,,,,,"Target analysis: 29 candidates, score -1.00",,29,-1,999,,,,,,,,,False,,,,,,,29,29,29,4,2
2025-09-15T23:52:03.560116,,,Polska,TL_Kompania__2_Batalion_Pancerny,,second_move,,,32,-11,,,,,,,,,,,,,,,,,,,,,,second_chance after PRE_RAID_OPTIMIZATION,,,,,,,,,,,,,,,,,,,,,,,,
2025-09-15T23:52:03.576638,,target_selection,Polska,P_Batalion__2_Batalion_Strzelc_w_20250913214005,,target_analysis,,,,,28,-9,,,,,,,,,,,,,,,,,,,,"Target analysis: 29 candidates, score -1.00",,29,-1,999,,,,,,,,,False,,,,,,,29,29,29,7,2
2025-09-15T23:52:03.594334,,,Polska,P_Batalion__2_Batalion_Strzelc_w_20250913214005,,second_move,,,28,-9,,,,,,,,,,,,,,,,,,,,,,second_chance after PRE_RAID_OPTIMIZATION,,,,,,,,,,,,,,,,,,,,,,,,
2025-09-15T23:52:03.620769,,target_selection,Polska,Z_Pluton__2_Oddzia_Rozpoznawczy,,target_analysis,,,,,28,3,,,,,,,,,,,,,,,,,,,,"Target analysis: 29 candidates, score 22.50",,29,22.5,1,,,,,,,,,False,,,,"(28, 3)",,,28,29,29,6,3
2025-09-15T23:52:03.627277,,,Polska,Z_Pluton__2_Oddzia_Rozpoznawczy,,second_move,,,28,3,,,,,,,,,,,,,,,,,,,,,,second_chance after PRE_RAID_OPTIMIZATION,,,,,,,,,,,,,,,,,,,,,,,,
2025-09-15T23:52:03.657257,,,Polska,Z_Pluton__2_Batalion_Wsparcia,,second_move,,,32,6,,,,,,,,,,,,,,,,,,,,,,second_chance after PRE_RAID_OPTIMIZATION,,,,,,,,,,,,,,,,,,,,,,,,
2025-09-15T23:52:03.789550,,,Polska,RESUPPLY_NEEDS,,resupply_analysis,,,,,,,,,,,,,,,,,,,,,,,,,,NEEDS_ANALYSIS PRE_RAID_OPTIMIZATION | TOTAL_FUEL_NEEDED: 9 | TOTAL_COMBAT_NEEDED: 0 | TOTAL_PE_NEEDED: 9 | BUDGET_AVAILABLE: 7 | UNITS_REQUIRING_HELP: 5,,,,,,,,,,,,,,,,,,,,,,,,
2025-09-15T23:52:03.792189,,,Polska,Z_Batalion__2_Kompania_Zaopatrzeniowa,,resupply_detailed,24,-7,24,-7,,,,,,,,,,,,,,,,,,,,,,phase1 PRE_RAID_OPTIMIZATION | PE_SPENT: fuel=1 combat=0 total=1 | BEFORE: fuel=1 combat=7 | AFTER: fuel=2 combat=7,,,,,,,,,,,,,,,,,,,,,,,,
2025-09-15T23:52:03.793602,,,Polska,TL_Kompania__2_Batalion_Pancerny,,resupply_detailed,32,-11,32,-11,,,,,,,,,,,,,,,,,,,,,,phase1 PRE_RAID_OPTIMIZATION | PE_SPENT: fuel=1 combat=0 total=1 | BEFORE: fuel=1 combat=14 | AFTER: fuel=2 combat=14,,,,,,,,,,,,,,,,,,,,,,,,
2025-09-15T23:52:03.794605,,,Polska,P_Batalion__2_Batalion_Strzelc_w_20250913214005,,resupply_detailed,28,-9,28,-9,,,,,,,,,,,,,,,,,,,,,,phase1 PRE_RAID_OPTIMIZATION | PE_SPENT: fuel=1 combat=0 total=1 | BEFORE: fuel=1 combat=14 | AFTER: fuel=2 combat=14,,,,,,,,,,,,,,,,,,,,,,,,
2025-09-15T23:52:03.794605,,,Polska,Z_Pluton__2_Oddzia_Rozpoznawczy,,resupply_detailed,28,3,28,3,,,,,,,,,,,,,,,,,,,,,,phase1 PRE_RAID_OPTIMIZATION | PE_SPENT: fuel=1 combat=0 total=1 | BEFORE: fuel=2 combat=4 | AFTER: fuel=3 combat=4,,,,,,,,,,,,,,,,,,,,,,,,
2025-09-15T23:52:03.796898,,,Polska,RESUPPLY_OPERATION,,resupply_summary,,,,,,,,,,,,,,,,,,,,,,,,,,RESUPPLY_SUMMARY PRE_RAID_OPTIMIZATION | TOTAL_PE_SPENT: 4 | UNITS_RESUPPLIED: 4/5 | BUDGET_ALLOCATED: 7 | PE_REMAINING: 10,,,,,,,,,,,,,,,,,,,,,,,,
2025-09-15T23:52:03.810196,,target_selection,Polska,Z_Batalion__2_Kompania_Zaopatrzeniowa,,target_analysis,,,,,23,-7,,,,,,,,,,,,,,,,,,,,"Target analysis: 29 candidates, score 15.00",,29,15.0,1,,,,,,,,,False,,,,"(23, -7)",,,28,29,29,5,2
2025-09-15T23:52:03.813899,,,Polska,Z_Batalion__2_Kompania_Zaopatrzeniowa,,second_move,,,23,-7,,,,,,,,,,,,,,,,,,,,,,second_chance after PRE_RAID_OPTIMIZATION,,,,,,,,,,,,,,,,,,,,,,,,
2025-09-15T23:52:03.840482,,target_selection,Polska,TL_Kompania__2_Batalion_Pancerny,,target_analysis,,,,,34,-11,,,,,,,,,,,,,,,,,,,,"Target analysis: 29 candidates, score -1.00",,29,-1,999,,,,,,,,,False,,,,,,,29,29,29,3,2
2025-09-15T23:52:03.845902,,,Polska,TL_Kompania__2_Batalion_Pancerny,,second_move,,,34,-11,,,,,,,,,,,,,,,,,,,,,,second_chance after PRE_RAID_OPTIMIZATION,,,,,,,,,,,,,,,,,,,,,,,,
2025-09-15T23:52:03.865337,,target_selection,Polska,P_Batalion__2_Batalion_Strzelc_w_20250913214005,,target_analysis,,,,,26,-9,,,,,,,,,,,,,,,,,,,,"Target analysis: 29 candidates, score -1.00",,29,-1,999,,,,,,,,,False,,,,,,,29,29,29,6,2
2025-09-15T23:52:03.878335,,,Polska,P_Batalion__2_Batalion_Strzelc_w_20250913214005,,second_move,,,26,-9,,,,,,,,,,,,,,,,,,,,,,second_chance after PRE_RAID_OPTIMIZATION,,,,,,,,,,,,,,,,,,,,,,,,
2025-09-15T23:52:03.908914,,target_selection,Polska,Z_Pluton__2_Oddzia_Rozpoznawczy,,target_analysis,,,,,27,4,,,,,,,,,,,,,,,,,,,,"Target analysis: 29 candidates, score 22.50",,29,22.5,1,,,,,,,,,False,,,,"(27, 4)",,,28,29,29,5,3
2025-09-15T23:52:03.912766,,,Polska,Z_Pluton__2_Oddzia_Rozpoznawczy,,second_move,,,27,4,,,,,,,,,,,,,,,,,,,,,,second_chance after PRE_RAID_OPTIMIZATION,,,,,,,,,,,,,,,,,,,,,,,,
2025-09-15T23:52:03.946695,,,Polska,Z_Pluton__2_Batalion_Wsparcia,,second_move,,,32,6,,,,,,,,,,,,,,,,,,,,,,second_chance after PRE_RAID_OPTIMIZATION,,,,,,,,,,,,,,,,,,,,,,,,
2025-09-15T23:52:04.182299,,grouping,Polska,GROUP_3,,group_formation,23,-6,24,-7,24,-7,,,,,,,,,,,,,,,,,,,,"Group 3: 1 units, score 0.00",,,,,3,1,"23,-6",0.0,,,,False,,,,advanced,,,,,,,,
2025-09-15T23:52:04.220165,,strategy,Polska,STRATEGY,,strategic_decision,,,,,,,,,,,,,,,,,,,,,,,,,,"Strategy: REASSIGNMENT, aggression 0.50, 5 groups, 0 reassignments",,,,,,,,,REASSIGNMENT,0.5,,,,,,adaptive,,0,dynamic_reassignment,,,,,
2025-09-15T23:52:04.260981,,strategy,Polska,STRATEGY,,strategic_decision,,,,,,,,,,,,,,,,,,,,,,,,,,"Strategy: REASSIGNMENT, aggression 0.50, 5 groups, 0 reassignments",,,,,,,,,REASSIGNMENT,0.5,,,,,,adaptive,,0,dynamic_reassignment,,,,,
2025-09-15T23:52:04.276483,,strategy,Polska,STRATEGY,,strategic_decision,,,,,,,,,,,,,,,,,,,,,,,,,,"Strategy: REASSIGNMENT, aggression 0.50, 1 groups, 0 reassignments",,,,,,,,,REASSIGNMENT,0.5,,,,,,adaptive,,0,dynamic_reassignment,,,,,
2025-09-15T23:52:04.297917,,target_selection,Polska,P_Pluton__2_Kompania_Grenadier_w,,target_analysis,,,,,31,7,,,,,,,,,,,,,,,,,,,,"Target analysis: 29 candidates, score -1.00",,29,-1,999,,,,,,,,,False,,,,,,,29,29,29,2,2
2025-09-15T23:52:04.301742,,strategy,Polska,STRATEGY,,strategic_decision,,,,,,,,,,,,,,,,,,,,,,,,,,"Strategy: REASSIGNMENT, aggression 0.50, 1 groups, 0 reassignments",,,,,,,,,REASSIGNMENT,0.5,,,,,,adaptive,,0,dynamic_reassignment,,,,,
2025-09-15T23:52:04.317373,,target_selection,Polska,TL_Kompania__2_Batalion_Pancerny,,target_analysis,,,,,31,-11,,,,,,,,,,,,,,,,,,,,"Target analysis: 29 candidates, score -1.00",,29,-1,999,,,,,,,,,False,,,,,,,29,29,29,4,1
2025-09-15T23:52:04.331250,,strategy,Polska,STRATEGY,,strategic_decision,,,,,,,,,,,,,,,,,,,,,,,,,,"Strategy: REASSIGNMENT, aggression 0.50, 1 groups, 0 reassignments",,,,,,,,,REASSIGNMENT,0.5,,,,,,adaptive,,0,dynamic_reassignment,,,,,
2025-09-15T23:52:04.348820,,target_selection,Polska,P_Batalion__2_Batalion_Strzelc_w_20250913214005,,target_analysis,,,,,27,-9,,,,,,,,,,,,,,,,,,,,"Target analysis: 29 candidates, score -1.00",,29,-1,999,,,,,,,,,False,,,,,,,29,29,29,7,1
2025-09-15T23:52:04.365317,,strategy,Polska,STRATEGY,,strategic_decision,,,,,,,,,,,,,,,,,,,,,,,,,,"Strategy: REASSIGNMENT, aggression 0.50, 1 groups, 0 reassignments",,,,,,,,,REASSIGNMENT,0.5,,,,,,adaptive,,0,dynamic_reassignment,,,,,
2025-09-15T23:52:04.385296,,target_selection,Polska,P_Kompania__2_Pu_k_Piechoty,,target_analysis,,,,,24,5,,,,,,,,,,,,,,,,,,,,"Target analysis: 29 candidates, score -1.00",,29,-1,999,,,,,,,,,False,,,,,,,29,29,29,2,2
2025-09-15T23:52:04.394595,,,Polska,RESUPPLY_NEEDS,,resupply_analysis,,,,,,,,,,,,,,,,,,,,,,,,,,NEEDS_ANALYSIS LOW_FUEL | TOTAL_FUEL_NEEDED: 11 | TOTAL_COMBAT_NEEDED: 0 | TOTAL_PE_NEEDED: 11 | BUDGET_AVAILABLE: 8 | UNITS_REQUIRING_HELP: 5,,,,,,,,,,,,,,,,,,,,,,,,
2025-09-15T23:52:04.395593,,,Polska,Z_Batalion__2_Kompania_Zaopatrzeniowa,,resupply_detailed,24,-8,24,-8,,,,,,,,,,,,,,,,,,,,,,phase1 LOW_FUEL | PE_SPENT: fuel=1 combat=0 total=1 | BEFORE: fuel=0 combat=7 | AFTER: fuel=1 combat=7,,,,,,,,,,,,,,,,,,,,,,,,
2025-09-15T23:52:04.395593,,,Polska,Z_Pluton__2_Oddzia_Rozpoznawczy,,resupply_detailed,28,3,28,3,,,,,,,,,,,,,,,,,,,,,,phase1 LOW_FUEL | PE_SPENT: fuel=1 combat=0 total=1 | BEFORE: fuel=1 combat=4 | AFTER: fuel=2 combat=4,,,,,,,,,,,,,,,,,,,,,,,,
2025-09-15T23:52:04.396616,,,Polska,TL_Kompania__2_Batalion_Pancerny,,resupply_detailed,34,-11,34,-11,,,,,,,,,,,,,,,,,,,,,,phase1 LOW_FUEL | PE_SPENT: fuel=1 combat=0 total=1 | BEFORE: fuel=1 combat=14 | AFTER: fuel=2 combat=14,,,,,,,,,,,,,,,,,,,,,,,,
2025-09-15T23:52:04.397910,,,Polska,P_Batalion__2_Batalion_Strzelc_w_20250913214005,,resupply_detailed,26,-9,26,-9,,,,,,,,,,,,,,,,,,,,,,phase1 LOW_FUEL | PE_SPENT: fuel=1 combat=0 total=1 | BEFORE: fuel=1 combat=14 | AFTER: fuel=2 combat=14,,,,,,,,,,,,,,,,,,,,,,,,
2025-09-15T23:52:04.398913,,,Polska,RESUPPLY_OPERATION,,resupply_summary,,,,,,,,,,,,,,,,,,,,,,,,,,RESUPPLY_SUMMARY LOW_FUEL | TOTAL_PE_SPENT: 4 | UNITS_RESUPPLIED: 4/5 | BUDGET_ALLOCATED: 8 | PE_REMAINING: 6,,,,,,,,,,,,,,,,,,,,,,,,
2025-09-15T23:52:04.398913,,,Polska,Z_Batalion__2_Kompania_Zaopatrzeniowa,,second_move,,,23,-7,,,,,,,,,,,,,,,,,,,,,,second_chance after LOW_FUEL,,,,,,,,,,,,,,,,,,,,,,,,
2025-09-15T23:52:04.406812,,,Polska,Z_Pluton__2_Oddzia_Rozpoznawczy,,second_move,,,27,4,,,,,,,,,,,,,,,,,,,,,,second_chance after LOW_FUEL,,,,,,,,,,,,,,,,,,,,,,,,
2025-09-15T23:52:04.434005,,target_selection,Polska,TL_Kompania__2_Batalion_Pancerny,,target_analysis,,,,,36,-11,,,,,,,,,,,,,,,,,,,,"Target analysis: 29 candidates, score -1.00",,29,-1,999,,,,,,,,,False,,,,,,,29,29,29,2,2
2025-09-15T23:52:04.437435,,,Polska,TL_Kompania__2_Batalion_Pancerny,,second_move,,,36,-11,,,,,,,,,,,,,,,,,,,,,,second_chance after LOW_FUEL,,,,,,,,,,,,,,,,,,,,,,,,
2025-09-15T23:52:04.457079,,target_selection,Polska,P_Batalion__2_Batalion_Strzelc_w_20250913214005,,target_analysis,,,,,24,-7,,,,,,,,,,,,,,,,,,,,"Target analysis: 29 candidates, score 15.00",,29,15.0,2,,,,,,,,,False,,,,"(24, -7)",,,28,29,29,5,2
2025-09-15T23:52:04.462826,,,Polska,P_Batalion__2_Batalion_Strzelc_w_20250913214005,,second_move,,,24,-7,,,,,,,,,,,,,,,,,,,,,,second_chance after LOW_FUEL,,,,,,,,,,,,,,,,,,,,,,,,
2025-09-15T23:52:04.495577,,,Polska,Z_Pluton__2_Batalion_Wsparcia,,second_move,,,32,6,,,,,,,,,,,,,,,,,,,,,,second_chance after LOW_FUEL,,,,,,,,,,,,,,,,,,,,,,,,
2025-09-15T23:52:04.495577,,,Polska,TURN_END,,turn_summary,,,,,,,,,,,8,0,,,,,,,,,,,,advanced,opp=2;groups=5;adv=True,"Turn completed: 0/8 units moved, 5 groups (advanced)",,,,,,,,,,,,,,,,,,,,,,,,
2025-09-15T23:52:04.550333,,,Polska,TURN_START,,turn_begin,,,,,,,,,,,,,,,,,,,,,,,,,,AI Commander turn started for player 3,,,,,,,,,,,,,,,,,,,,,,,,
2025-09-15T23:52:04.559702,,,Polska,RESUPPLY_NEEDS,,resupply_analysis,,,,,,,,,,,,,,,,,,,,,,,,,,NEEDS_ANALYSIS PRE_RAID_OPTIMIZATION | TOTAL_FUEL_NEEDED: 22 | TOTAL_COMBAT_NEEDED: 0 | TOTAL_PE_NEEDED: 22 | BUDGET_AVAILABLE: 116 | UNITS_REQUIRING_HELP: 10,,,,,,,,,,,,,,,,,,,,,,,,
2025-09-15T23:52:04.560859,,,Polska,Z_Pluton__3_Batalion_Wsparcia,,resupply_detailed,14,25,14,25,,,,,,,,,,,,,,,,,,,,,,phase1 PRE_RAID_OPTIMIZATION | PE_SPENT: fuel=3 combat=0 total=3 | BEFORE: fuel=0 combat=4 | AFTER: fuel=3 combat=4,,,,,,,,,,,,,,,,,,,,,,,,
2025-09-15T23:52:04.561953,,,Polska,Z_Pluton__3_Kompania_Zaopatrzeniowa_20250913214023,,resupply_detailed,18,19,18,19,,,,,,,,,,,,,,,,,,,,,,phase1 PRE_RAID_OPTIMIZATION | PE_SPENT: fuel=3 combat=0 total=3 | BEFORE: fuel=0 combat=4 | AFTER: fuel=3 combat=4,,,,,,,,,,,,,,,,,,,,,,,,
2025-09-15T23:52:04.561953,,,Polska,P_Kompania__3_Batalion_Strzelc_w,,resupply_detailed,42,10,42,10,,,,,,,,,,,,,,,,,,,,,,phase1 PRE_RAID_OPTIMIZATION | PE_SPENT: fuel=2 combat=0 total=2 | BEFORE: fuel=0 combat=11 | AFTER: fuel=2 combat=11,,,,,,,,,,,,,,,,,,,,,,,,
2025-09-15T23:52:04.561953,,,Polska,Z_Pluton__3_Kompania_Zaopatrzeniowa,,resupply_detailed,27,19,27,19,,,,,,,,,,,,,,,,,,,,,,phase1 PRE_RAID_OPTIMIZATION | PE_SPENT: fuel=2 combat=0 total=2 | BEFORE: fuel=1 combat=4 | AFTER: fuel=3 combat=4,,,,,,,,,,,,,,,,,,,,,,,,
2025-09-15T23:52:04.561953,,,Polska,Z_Kompania__3_Kompania_Zaopatrzeniowa,,resupply_detailed,37,14,37,14,,,,,,,,,,,,,,,,,,,,,,phase1 PRE_RAID_OPTIMIZATION | PE_SPENT: fuel=2 combat=0 total=2 | BEFORE: fuel=1 combat=6 | AFTER: fuel=3 combat=6,,,,,,,,,,,,,,,,,,,,,,,,
2025-09-15T23:52:04.561953,,,Polska,P_Pluton__3_Pu_k_Piechoty,,resupply_detailed,40,12,40,12,,,,,,,,,,,,,,,,,,,,,,phase1 PRE_RAID_OPTIMIZATION | PE_SPENT: fuel=1 combat=0 total=1 | BEFORE: fuel=1 combat=8 | AFTER: fuel=2 combat=8,,,,,,,,,,,,,,,,,,,,,,,,
2025-09-15T23:52:04.561953,,,Polska,P_Batalion__3_Pu_k_Piechoty,,resupply_detailed,35,15,35,15,,,,,,,,,,,,,,,,,,,,,,phase1 PRE_RAID_OPTIMIZATION | PE_SPENT: fuel=1 combat=0 total=1 | BEFORE: fuel=1 combat=14 | AFTER: fuel=2 combat=14,,,,,,,,,,,,,,,,,,,,,,,,
2025-09-15T23:52:04.566037,,,Polska,P_Pluton__3_Pu_k_Piechoty_20250913214024,,resupply_detailed,40,11,40,11,,,,,,,,,,,,,,,,,,,,,,phase1 PRE_RAID_OPTIMIZATION | PE_SPENT: fuel=1 combat=0 total=1 | BEFORE: fuel=1 combat=8 | AFTER: fuel=2 combat=8,,,,,,,,,,,,,,,,,,,,,,,,
2025-09-15T23:52:04.566037,,,Polska,P_Pluton__3_Kompania_Grenadier_w,,resupply_detailed,38,13,38,13,,,,,,,,,,,,,,,,,,,,,,phase1 PRE_RAID_OPTIMIZATION | PE_SPENT: fuel=1 combat=0 total=1 | BEFORE: fuel=1 combat=8 | AFTER: fuel=2 combat=8,,,,,,,,,,,,,,,,,,,,,,,,
2025-09-15T23:52:04.566037,,,Polska,K_Pluton__3_Oddzia_Jazdy,,resupply_detailed,31,17,31,17,,,,,,,,,,,,,,,,,,,,,,phase1 PRE_RAID_OPTIMIZATION | PE_SPENT: fuel=1 combat=0 total=1 | BEFORE: fuel=2 combat=6 | AFTER: fuel=3 combat=6,,,,,,,,,,,,,,,,,,,,,,,,
2025-09-15T23:52:04.566037,,,Polska,RESUPPLY_OPERATION,,resupply_summary,,,,,,,,,,,,,,,,,,,,,,,,,,RESUPPLY_SUMMARY PRE_RAID_OPTIMIZATION | TOTAL_PE_SPENT: 17 | UNITS_RESUPPLIED: 10/10 | BUDGET_ALLOCATED: 116 | PE_REMAINING: 112,,,,,,,,,,,,,,,,,,,,,,,,
2025-09-15T23:52:04.599162,,target_selection,Polska,Z_Pluton__3_Batalion_Wsparcia,,target_analysis,,,,,11,25,,,,,,,,,,,,,,,,,,,,"Target analysis: 29 candidates, score -1.00",,29,-1,999,,,,,,,,,False,,,,,,,29,29,29,7,3
2025-09-15T23:52:04.599162,,,Polska,Z_Pluton__3_Batalion_Wsparcia,,second_move,,,11,25,,,,,,,,,,,,,,,,,,,,,,second_chance after PRE_RAID_OPTIMIZATION,,,,,,,,,,,,,,,,,,,,,,,,
2025-09-15T23:52:04.637255,,target_selection,Polska,Z_Pluton__3_Kompania_Zaopatrzeniowa_20250913214023,,target_analysis,,,,,16,19,,,,,,,,,,,,,,,,,,,,"Target analysis: 29 candidates, score 30.00",,29,30.0,2,,,,,,,,,False,,,,"(16, 19)",,,27,29,29,7,3
2025-09-15T23:52:04.640684,,,Polska,Z_Pluton__3_Kompania_Zaopatrzeniowa_20250913214023,,second_move,,,16,19,,,,,,,,,,,,,,,,,,,,,,second_chance after PRE_RAID_OPTIMIZATION,,,,,,,,,,,,,,,,,,,,,,,,
2025-09-15T23:52:04.658985,,target_selection,Polska,P_Kompania__3_Batalion_Strzelc_w,,target_analysis,,,,,40,10,,,,,,,,,,,,,,,,,,,,"Target analysis: 29 candidates, score -1.00",,29,-1,999,,,,,,,,,False,,,,,,,29,29,29,7,2
2025-09-15T23:52:04.658985,,,Polska,P_Kompania__3_Batalion_Strzelc_w,,second_move,,,40,10,,,,,,,,,,,,,,,,,,,,,,second_chance after PRE_RAID_OPTIMIZATION,,,,,,,,,,,,,,,,,,,,,,,,
2025-09-15T23:52:04.695919,,target_selection,Polska,Z_Pluton__3_Kompania_Zaopatrzeniowa,,target_analysis,,,,,24,19,,,,,,,,,,,,,,,,,,,,"Target analysis: 29 candidates, score -1.00",,29,-1,999,,,,,,,,,False,,,,,,,29,29,29,5,3
2025-09-15T23:52:04.701183,,,Polska,Z_Pluton__3_Kompania_Zaopatrzeniowa,,second_move,,,24,19,,,,,,,,,,,,,,,,,,,,,,second_chance after PRE_RAID_OPTIMIZATION,,,,,,,,,,,,,,,,,,,,,,,,
2025-09-15T23:52:04.731638,,target_selection,Polska,Z_Kompania__3_Kompania_Zaopatrzeniowa,,target_analysis,,,,,34,14,,,,,,,,,,,,,,,,,,,,"Target analysis: 29 candidates, score -1.00",,29,-1,999,,,,,,,,,False,,,,,,,29,29,29,5,3
2025-09-15T23:52:04.733819,,,Polska,Z_Kompania__3_Kompania_Zaopatrzeniowa,,second_move,,,34,14,,,,,,,,,,,,,,,,,,,,,,second_chance after PRE_RAID_OPTIMIZATION,,,,,,,,,,,,,,,,,,,,,,,,
2025-09-15T23:52:04.756156,,target_selection,Polska,P_Pluton__3_Pu_k_Piechoty,,target_analysis,,,,,38,12,,,,,,,,,,,,,,,,,,,,"Target analysis: 29 candidates, score -1.00",,29,-1,999,,,,,,,,,False,,,,,,,29,29,29,4,2
2025-09-15T23:52:04.763633,,,Polska,P_Pluton__3_Pu_k_Piechoty,,second_move,,,38,12,,,,,,,,,,,,,,,,,,,,,,second_chance after PRE_RAID_OPTIMIZATION,,,,,,,,,,,,,,,,,,,,,,,,
2025-09-15T23:52:04.784520,,target_selection,Polska,P_Batalion__3_Pu_k_Piechoty,,target_analysis,,,,,33,15,,,,,,,,,,,,,,,,,,,,"Target analysis: 29 candidates, score -1.00",,29,-1,999,,,,,,,,,False,,,,,,,29,29,29,4,2
2025-09-15T23:52:04.787735,,,Polska,P_Batalion__3_Pu_k_Piechoty,,second_move,,,33,15,,,,,,,,,,,,,,,,,,,,,,second_chance after PRE_RAID_OPTIMIZATION,,,,,,,,,,,,,,,,,,,,,,,,
2025-09-15T23:52:04.812019,,target_selection,Polska,P_Pluton__3_Pu_k_Piechoty_20250913214024,,target_analysis,,,,,42,11,,,,,,,,,,,,,,,,,,,,"Target analysis: 29 candidates, score -1.00",,29,-1,999,,,,,,,,,False,,,,,,,29,29,29,4,2
2025-09-15T23:52:04.815298,,,Polska,P_Pluton__3_Pu_k_Piechoty_20250913214024,,second_move,,,42,11,,,,,,,,,,,,,,,,,,,,,,second_chance after PRE_RAID_OPTIMIZATION,,,,,,,,,,,,,,,,,,,,,,,,
2025-09-15T23:52:04.832377,,target_selection,Polska,P_Pluton__3_Kompania_Grenadier_w,,target_analysis,,,,,36,15,,,,,,,,,,,,,,,,,,,,"Target analysis: 29 candidates, score -1.00",,29,-1,999,,,,,,,,,False,,,,,,,29,29,29,4,2
2025-09-15T23:52:04.840972,,,Polska,P_Pluton__3_Kompania_Grenadier_w,,second_move,,,36,15,,,,,,,,,,,,,,,,,,,,,,second_chance after PRE_RAID_OPTIMIZATION,,,,,,,,,,,,,,,,,,,,,,,,
2025-09-15T23:52:04.879306,,target_selection,Polska,K_Pluton__3_Oddzia_Jazdy,,target_analysis,,,,,28,17,,,,,,,,,,,,,,,,,,,,"Target analysis: 29 candidates, score -1.00",,29,-1,999,,,,,,,,,False,,,,,,,29,29,29,7,3
2025-09-15T23:52:04.882351,,,Polska,K_Pluton__3_Oddzia_Jazdy,,second_move,,,28,17,,,,,,,,,,,,,,,,,,,,,,second_chance after PRE_RAID_OPTIMIZATION,,,,,,,,,,,,,,,,,,,,,,,,
2025-09-15T23:52:04.991222,,,Polska,RESUPPLY_NEEDS,,resupply_analysis,,,,,,,,,,,,,,,,,,,,,,,,,,NEEDS_ANALYSIS MULTI_TURN_START | TOTAL_FUEL_NEEDED: 15 | TOTAL_COMBAT_NEEDED: 0 | TOTAL_PE_NEEDED: 15 | BUDGET_AVAILABLE: 89 | UNITS_REQUIRING_HELP: 10,,,,,,,,,,,,,,,,,,,,,,,,
2025-09-15T23:52:04.993669,,,Polska,Z_Pluton__3_Batalion_Wsparcia,,resupply_detailed,11,25,11,25,,,,,,,,,,,,,,,,,,,,,,phase1 MULTI_TURN_START | PE_SPENT: fuel=1 combat=0 total=1 | BEFORE: fuel=2 combat=4 | AFTER: fuel=3 combat=4,,,,,,,,,,,,,,,,,,,,,,,,
2025-09-15T23:52:04.995093,,,Polska,Z_Pluton__3_Kompania_Zaopatrzeniowa,,resupply_detailed,24,19,24,19,,,,,,,,,,,,,,,,,,,,,,phase1 MULTI_TURN_START | PE_SPENT: fuel=1 combat=0 total=1 | BEFORE: fuel=2 combat=4 | AFTER: fuel=3 combat=4,,,,,,,,,,,,,,,,,,,,,,,,
2025-09-15T23:52:04.995093,,,Polska,Z_Pluton__3_Kompania_Zaopatrzeniowa_20250913214023,,resupply_detailed,16,19,16,19,,,,,,,,,,,,,,,,,,,,,,phase1 MULTI_TURN_START | PE_SPENT: fuel=1 combat=0 total=1 | BEFORE: fuel=2 combat=4 | AFTER: fuel=3 combat=4,,,,,,,,,,,,,,,,,,,,,,,,
2025-09-15T23:52:04.996412,,,Polska,P_Kompania__3_Batalion_Strzelc_w,,resupply_detailed,40,10,40,10,,,,,,,,,,,,,,,,,,,,,,phase1 MULTI_TURN_START | PE_SPENT: fuel=1 combat=0 total=1 | BEFORE: fuel=1 combat=11 | AFTER: fuel=2 combat=11,,,,,,,,,,,,,,,,,,,,,,,,
2025-09-15T23:52:04.996412,,,Polska,P_Pluton__3_Pu_k_Piechoty,,resupply_detailed,38,12,38,12,,,,,,,,,,,,,,,,,,,,,,phase1 MULTI_TURN_START | PE_SPENT: fuel=1 combat=0 total=1 | BEFORE: fuel=1 combat=8 | AFTER: fuel=2 combat=8,,,,,,,,,,,,,,,,,,,,,,,,
2025-09-15T23:52:04.997750,,,Polska,P_Batalion__3_Pu_k_Piechoty,,resupply_detailed,33,15,33,15,,,,,,,,,,,,,,,,,,,,,,phase1 MULTI_TURN_START | PE_SPENT: fuel=1 combat=0 total=1 | BEFORE: fuel=1 combat=14 | AFTER: fuel=2 combat=14,,,,,,,,,,,,,,,,,,,,,,,,
2025-09-15T23:52:04.997750,,,Polska,P_Pluton__3_Pu_k_Piechoty_20250913214024,,resupply_detailed,42,11,42,11,,,,,,,,,,,,,,,,,,,,,,phase1 MULTI_TURN_START | PE_SPENT: fuel=1 combat=0 total=1 | BEFORE: fuel=1 combat=8 | AFTER: fuel=2 combat=8,,,,,,,,,,,,,,,,,,,,,,,,
2025-09-15T23:52:04.997750,,,Polska,Z_Kompania__3_Kompania_Zaopatrzeniowa,,resupply_detailed,34,14,34,14,,,,,,,,,,,,,,,,,,,,,,phase1 MULTI_TURN_START | PE_SPENT: fuel=1 combat=0 total=1 | BEFORE: fuel=2 combat=6 | AFTER: fuel=3 combat=6,,,,,,,,,,,,,,,,,,,,,,,,
2025-09-15T23:52:04.997750,,,Polska,P_Pluton__3_Kompania_Grenadier_w,,resupply_detailed,36,15,36,15,,,,,,,,,,,,,,,,,,,,,,phase1 MULTI_TURN_START | PE_SPENT: fuel=1 combat=0 total=1 | BEFORE: fuel=1 combat=8 | AFTER: fuel=2 combat=8,,,,,,,,,,,,,,,,,,,,,,,,
2025-09-15T23:52:04.997750,,,Polska,K_Pluton__3_Oddzia_Jazdy,,resupply_detailed,28,17,28,17,,,,,,,,,,,,,,,,,,,,,,phase1 MULTI_TURN_START | PE_SPENT: fuel=1 combat=0 total=1 | BEFORE: fuel=2 combat=6 | AFTER: fuel=3 combat=6,,,,,,,,,,,,,,,,,,,,,,,,
2025-09-15T23:52:04.997750,,,Polska,RESUPPLY_OPERATION,,resupply_summary,,,,,,,,,,,,,,,,,,,,,,,,,,RESUPPLY_SUMMARY MULTI_TURN_START | TOTAL_PE_SPENT: 10 | UNITS_RESUPPLIED: 10/10 | BUDGET_ALLOCATED: 89 | PE_REMAINING: 102,,,,,,,,,,,,,,,,,,,,,,,,
2025-09-15T23:52:05.049662,,target_selection,Polska,Z_Pluton__3_Batalion_Wsparcia,,target_analysis,,,,,14,25,,,,,,,,,,,,,,,,,,,,"Target analysis: 29 candidates, score -1.00",,29,-1,999,,,,,,,,,False,,,,,,,29,29,29,6,3
2025-09-15T23:52:05.054571,,,Polska,Z_Pluton__3_Batalion_Wsparcia,,second_move,,,14,25,,,,,,,,,,,,,,,,,,,,,,second_chance after MULTI_TURN_START,,,,,,,,,,,,,,,,,,,,,,,,
2025-09-15T23:52:05.085388,,target_selection,Polska,Z_Pluton__3_Kompania_Zaopatrzeniowa,,target_analysis,,,,,27,19,,,,,,,,,,,,,,,,,,,,"Target analysis: 29 candidates, score -1.00",,29,-1,999,,,,,,,,,False,,,,,,,29,29,29,4,3
2025-09-15T23:52:05.091159,,,Polska,Z_Pluton__3_Kompania_Zaopatrzeniowa,,second_move,,,27,19,,,,,,,,,,,,,,,,,,,,,,second_chance after MULTI_TURN_START,,,,,,,,,,,,,,,,,,,,,,,,
2025-09-15T23:52:05.123021,,target_selection,Polska,Z_Pluton__3_Kompania_Zaopatrzeniowa_20250913214023,,target_analysis,,,,,16,20,,,,,,,,,,,,,,,,,,,,"Target analysis: 29 candidates, score 30.00",,29,30.0,1,,,,,,,,,False,,,,"(16, 20)",,,28,29,29,6,3
2025-09-15T23:52:05.130522,,,Polska,Z_Pluton__3_Kompania_Zaopatrzeniowa_20250913214023,,second_move,,,16,20,,,,,,,,,,,,,,,,,,,,,,second_chance after MULTI_TURN_START,,,,,,,,,,,,,,,,,,,,,,,,
2025-09-15T23:52:05.161074,,target_selection,Polska,P_Kompania__3_Batalion_Strzelc_w,,target_analysis,,,,,42,10,,,,,,,,,,,,,,,,,,,,"Target analysis: 29 candidates, score -1.00",,29,-1,999,,,,,,,,,False,,,,,,,29,29,29,6,2
2025-09-15T23:52:05.165665,,,Polska,P_Kompania__3_Batalion_Strzelc_w,,second_move,,,42,10,,,,,,,,,,,,,,,,,,,,,,second_chance after MULTI_TURN_START,,,,,,,,,,,,,,,,,,,,,,,,
2025-09-15T23:52:05.190339,,target_selection,Polska,P_Pluton__3_Pu_k_Piechoty,,target_analysis,,,,,40,12,,,,,,,,,,,,,,,,,,,,"Target analysis: 29 candidates, score -1.00",,29,-1,999,,,,,,,,,False,,,,,,,29,29,29,3,2
2025-09-15T23:52:05.196045,,,Polska,P_Pluton__3_Pu_k_Piechoty,,second_move,,,40,12,,,,,,,,,,,,,,,,,,,,,,second_chance after MULTI_TURN_START,,,,,,,,,,,,,,,,,,,,,,,,
2025-09-15T23:52:05.212415,,target_selection,Polska,P_Batalion__3_Pu_k_Piechoty,,target_analysis,,,,,35,15,,,,,,,,,,,,,,,,,,,,"Target analysis: 29 candidates, score -1.00",,29,-1,999,,,,,,,,,False,,,,,,,29,29,29,3,2
2025-09-15T23:52:05.222972,,,Polska,P_Batalion__3_Pu_k_Piechoty,,second_move,,,35,15,,,,,,,,,,,,,,,,,,,,,,second_chance after MULTI_TURN_START,,,,,,,,,,,,,,,,,,,,,,,,
2025-09-15T23:52:05.234364,,target_selection,Polska,P_Pluton__3_Pu_k_Piechoty_20250913214024,,target_analysis,,,,,40,11,,,,,,,,,,,,,,,,,,,,"Target analysis: 29 candidates, score -1.00",,29,-1,999,,,,,,,,,False,,,,,,,29,29,29,3,2
2025-09-15T23:52:05.240967,,,Polska,P_Pluton__3_Pu_k_Piechoty_20250913214024,,second_move,,,40,11,,,,,,,,,,,,,,,,,,,,,,second_chance after MULTI_TURN_START,,,,,,,,,,,,,,,,,,,,,,,,
2025-09-15T23:52:05.287270,,target_selection,Polska,Z_Kompania__3_Kompania_Zaopatrzeniowa,,target_analysis,,,,,37,14,,,,,,,,,,,,,,,,,,,,"Target analysis: 29 candidates, score -1.00",,29,-1,999,,,,,,,,,False,,,,,,,29,29,29,4,3
2025-09-15T23:52:05.295313,,,Polska,Z_Kompania__3_Kompania_Zaopatrzeniowa,,second_move,,,37,14,,,,,,,,,,,,,,,,,,,,,,second_chance after MULTI_TURN_START,,,,,,,,,,,,,,,,,,,,,,,,
2025-09-15T23:52:05.304117,,target_selection,Polska,P_Pluton__3_Kompania_Grenadier_w,,target_analysis,,,,,36,13,,,,,,,,,,,,,,,,,,,,"Target analysis: 29 candidates, score -1.00",,29,-1,999,,,,,,,,,False,,,,,,,29,29,29,3,2
2025-09-15T23:52:05.310771,,,Polska,P_Pluton__3_Kompania_Grenadier_w,,second_move,,,36,13,,,,,,,,,,,,,,,,,,,,,,second_chance after MULTI_TURN_START,,,,,,,,,,,,,,,,,,,,,,,,
2025-09-15T23:52:05.345475,,target_selection,Polska,K_Pluton__3_Oddzia_Jazdy,,target_analysis,,,,,31,17,,,,,,,,,,,,,,,,,,,,"Target analysis: 29 candidates, score -1.00",,29,-1,999,,,,,,,,,False,,,,,,,29,29,29,6,3
2025-09-15T23:52:05.348836,,,Polska,K_Pluton__3_Oddzia_Jazdy,,second_move,,,31,17,,,,,,,,,,,,,,,,,,,,,,second_chance after MULTI_TURN_START,,,,,,,,,,,,,,,,,,,,,,,,
2025-09-15T23:52:05.355058,,,Polska,RESUPPLY_NEEDS,,resupply_analysis,,,,,,,,,,,,,,,,,,,,,,,,,,NEEDS_ANALYSIS PRE_RAID_OPTIMIZATION | TOTAL_FUEL_NEEDED: 16 | TOTAL_COMBAT_NEEDED: 0 | TOTAL_PE_NEEDED: 16 | BUDGET_AVAILABLE: 81 | UNITS_REQUIRING_HELP: 10,,,,,,,,,,,,,,,,,,,,,,,,
2025-09-15T23:52:05.355058,,,Polska,Z_Pluton__3_Batalion_Wsparcia,,resupply_detailed,16,23,16,23,,,,,,,,,,,,,,,,,,,,,,phase1 PRE_RAID_OPTIMIZATION | PE_SPENT: fuel=2 combat=0 total=2 | BEFORE: fuel=1 combat=4 | AFTER: fuel=3 combat=4,,,,,,,,,,,,,,,,,,,,,,,,
2025-09-15T23:52:05.356055,,,Polska,Z_Pluton__3_Kompania_Zaopatrzeniowa,,resupply_detailed,27,19,27,19,,,,,,,,,,,,,,,,,,,,,,phase1 PRE_RAID_OPTIMIZATION | PE_SPENT: fuel=1 combat=0 total=1 | BEFORE: fuel=2 combat=4 | AFTER: fuel=3 combat=4,,,,,,,,,,,,,,,,,,,,,,,,
2025-09-15T23:52:05.357052,,,Polska,Z_Pluton__3_Kompania_Zaopatrzeniowa_20250913214023,,resupply_detailed,16,20,16,20,,,,,,,,,,,,,,,,,,,,,,phase1 PRE_RAID_OPTIMIZATION | PE_SPENT: fuel=1 combat=0 total=1 | BEFORE: fuel=2 combat=4 | AFTER: fuel=3 combat=4,,,,,,,,,,,,,,,,,,,,,,,,
2025-09-15T23:52:05.357052,,,Polska,P_Kompania__3_Batalion_Strzelc_w,,resupply_detailed,42,10,42,10,,,,,,,,,,,,,,,,,,,,,,phase1 PRE_RAID_OPTIMIZATION | PE_SPENT: fuel=1 combat=0 total=1 | BEFORE: fuel=1 combat=11 | AFTER: fuel=2 combat=11,,,,,,,,,,,,,,,,,,,,,,,,
2025-09-15T23:52:05.361688,,,Polska,P_Pluton__3_Pu_k_Piechoty,,resupply_detailed,40,12,40,12,,,,,,,,,,,,,,,,,,,,,,phase1 PRE_RAID_OPTIMIZATION | PE_SPENT: fuel=1 combat=0 total=1 | BEFORE: fuel=1 combat=8 | AFTER: fuel=2 combat=8,,,,,,,,,,,,,,,,,,,,,,,,
2025-09-15T23:52:05.361688,,,Polska,P_Batalion__3_Pu_k_Piechoty,,resupply_detailed,35,15,35,15,,,,,,,,,,,,,,,,,,,,,,phase1 PRE_RAID_OPTIMIZATION | PE_SPENT: fuel=1 combat=0 total=1 | BEFORE: fuel=1 combat=14 | AFTER: fuel=2 combat=14,,,,,,,,,,,,,,,,,,,,,,,,
2025-09-15T23:52:05.362854,,,Polska,P_Pluton__3_Pu_k_Piechoty_20250913214024,,resupply_detailed,40,11,40,11,,,,,,,,,,,,,,,,,,,,,,phase1 PRE_RAID_OPTIMIZATION | PE_SPENT: fuel=1 combat=0 total=1 | BEFORE: fuel=1 combat=8 | AFTER: fuel=2 combat=8,,,,,,,,,,,,,,,,,,,,,,,,
2025-09-15T23:52:05.364122,,,Polska,Z_Kompania__3_Kompania_Zaopatrzeniowa,,resupply_detailed,37,14,37,14,,,,,,,,,,,,,,,,,,,,,,phase1 PRE_RAID_OPTIMIZATION | PE_SPENT: fuel=1 combat=0 total=1 | BEFORE: fuel=2 combat=6 | AFTER: fuel=3 combat=6,,,,,,,,,,,,,,,,,,,,,,,,
2025-09-15T23:52:05.364122,,,Polska,P_Pluton__3_Kompania_Grenadier_w,,resupply_detailed,36,13,36,13,,,,,,,,,,,,,,,,,,,,,,phase1 PRE_RAID_OPTIMIZATION | PE_SPENT: fuel=1 combat=0 total=1 | BEFORE: fuel=1 combat=8 | AFTER: fuel=2 combat=8,,,,,,,,,,,,,,,,,,,,,,,,
2025-09-15T23:52:05.364122,,,Polska,K_Pluton__3_Oddzia_Jazdy,,resupply_detailed,31,17,31,17,,,,,,,,,,,,,,,,,,,,,,phase1 PRE_RAID_OPTIMIZATION | PE_SPENT: fuel=1 combat=0 total=1 | BEFORE: fuel=2 combat=6 | AFTER: fuel=3 combat=6,,,,,,,,,,,,,,,,,,,,,,,,
2025-09-15T23:52:05.366303,,,Polska,RESUPPLY_OPERATION,,resupply_summary,,,,,,,,,,,,,,,,,,,,,,,,,,RESUPPLY_SUMMARY PRE_RAID_OPTIMIZATION | TOTAL_PE_SPENT: 11 | UNITS_RESUPPLIED: 10/10 | BUDGET_ALLOCATED: 81 | PE_REMAINING: 91,,,,,,,,,,,,,,,,,,,,,,,,
2025-09-15T23:52:05.397773,,target_selection,Polska,Z_Pluton__3_Batalion_Wsparcia,,target_analysis,,,,,13,26,,,,,,,,,,,,,,,,,,,,"Target analysis: 29 candidates, score -1.00",,29,-1,999,,,,,,,,,False,,,,,,,29,29,29,4,3
2025-09-15T23:52:05.401297,,,Polska,Z_Pluton__3_Batalion_Wsparcia,,second_move,,,13,26,,,,,,,,,,,,,,,,,,,,,,second_chance after PRE_RAID_OPTIMIZATION,,,,,,,,,,,,,,,,,,,,,,,,
2025-09-15T23:52:05.630177,,target_selection,Polska,Z_Pluton__3_Kompania_Zaopatrzeniowa,,target_analysis,,,,,24,19,,,,,,,,,,,,,,,,,,,,"Target analysis: 29 candidates, score -1.00",,29,-1,999,,,,,,,,,False,,,,,,,29,29,29,3,3
2025-09-15T23:52:05.639154,,,Polska,Z_Pluton__3_Kompania_Zaopatrzeniowa,,second_move,,,24,19,,,,,,,,,,,,,,,,,,,,,,second_chance after PRE_RAID_OPTIMIZATION,,,,,,,,,,,,,,,,,,,,,,,,
2025-09-15T23:52:05.675469,,target_selection,Polska,Z_Pluton__3_Kompania_Zaopatrzeniowa_20250913214023,,target_analysis,,,,,16,19,,,,,,,,,,,,,,,,,,,,"Target analysis: 29 candidates, score 30.00",,29,30.0,1,,,,,,,,,False,,,,"(16, 19)",,,28,29,29,5,3
2025-09-15T23:52:05.681704,,,Polska,Z_Pluton__3_Kompania_Zaopatrzeniowa_20250913214023,,second_move,,,16,19,,,,,,,,,,,,,,,,,,,,,,second_chance after PRE_RAID_OPTIMIZATION,,,,,,,,,,,,,,,,,,,,,,,,
2025-09-15T23:52:05.701040,,target_selection,Polska,P_Kompania__3_Batalion_Strzelc_w,,target_analysis,,,,,40,10,,,,,,,,,,,,,,,,,,,,"Target analysis: 29 candidates, score -1.00",,29,-1,999,,,,,,,,,False,,,,,,,29,29,29,5,2
2025-09-15T23:52:05.704693,,,Polska,P_Kompania__3_Batalion_Strzelc_w,,second_move,,,40,10,,,,,,,,,,,,,,,,,,,,,,second_chance after PRE_RAID_OPTIMIZATION,,,,,,,,,,,,,,,,,,,,,,,,
2025-09-15T23:52:05.722060,,target_selection,Polska,P_Pluton__3_Pu_k_Piechoty,,target_analysis,,,,,38,12,,,,,,,,,,,,,,,,,,,,"Target analysis: 29 candidates, score -1.00",,29,-1,999,,,,,,,,,False,,,,,,,29,29,29,2,2
2025-09-15T23:52:05.729155,,,Polska,P_Pluton__3_Pu_k_Piechoty,,second_move,,,38,12,,,,,,,,,,,,,,,,,,,,,,second_chance after PRE_RAID_OPTIMIZATION,,,,,,,,,,,,,,,,,,,,,,,,
2025-09-15T23:52:05.742483,,target_selection,Polska,P_Batalion__3_Pu_k_Piechoty,,target_analysis,,,,,33,15,,,,,,,,,,,,,,,,,,,,"Target analysis: 29 candidates, score -1.00",,29,-1,999,,,,,,,,,False,,,,,,,29,29,29,2,2
2025-09-15T23:52:05.748387,,,Polska,P_Batalion__3_Pu_k_Piechoty,,second_move,,,33,15,,,,,,,,,,,,,,,,,,,,,,second_chance after PRE_RAID_OPTIMIZATION,,,,,,,,,,,,,,,,,,,,,,,,
2025-09-15T23:52:05.766406,,target_selection,Polska,P_Pluton__3_Pu_k_Piechoty_20250913214024,,target_analysis,,,,,42,11,,,,,,,,,,,,,,,,,,,,"Target analysis: 29 candidates, score -1.00",,29,-1,999,,,,,,,,,False,,,,,,,29,29,29,2,2
2025-09-15T23:52:05.770214,,,Polska,P_Pluton__3_Pu_k_Piechoty_20250913214024,,second_move,,,42,11,,,,,,,,,,,,,,,,,,,,,,second_chance after PRE_RAID_OPTIMIZATION,,,,,,,,,,,,,,,,,,,,,,,,
2025-09-15T23:52:05.793798,,target_selection,Polska,Z_Kompania__3_Kompania_Zaopatrzeniowa,,target_analysis,,,,,34,14,,,,,,,,,,,,,,,,,,,,"Target analysis: 29 candidates, score -1.00",,29,-1,999,,,,,,,,,False,,,,,,,29,29,29,3,3
2025-09-15T23:52:05.798067,,,Polska,Z_Kompania__3_Kompania_Zaopatrzeniowa,,second_move,,,34,14,,,,,,,,,,,,,,,,,,,,,,second_chance after PRE_RAID_OPTIMIZATION,,,,,,,,,,,,,,,,,,,,,,,,
2025-09-15T23:52:05.819919,,target_selection,Polska,P_Pluton__3_Kompania_Grenadier_w,,target_analysis,,,,,38,13,,,,,,,,,,,,,,,,,,,,"Target analysis: 29 candidates, score -1.00",,29,-1,999,,,,,,,,,False,,,,,,,29,29,29,2,2
2025-09-15T23:52:05.822428,,,Polska,P_Pluton__3_Kompania_Grenadier_w,,second_move,,,38,13,,,,,,,,,,,,,,,,,,,,,,second_chance after PRE_RAID_OPTIMIZATION,,,,,,,,,,,,,,,,,,,,,,,,
2025-09-15T23:52:05.855928,,target_selection,Polska,K_Pluton__3_Oddzia_Jazdy,,target_analysis,,,,,28,17,,,,,,,,,,,,,,,,,,,,"Target analysis: 29 candidates, score -1.00",,29,-1,999,,,,,,,,,False,,,,,,,29,29,29,5,3
2025-09-15T23:52:05.863995,,,Polska,K_Pluton__3_Oddzia_Jazdy,,second_move,,,28,17,,,,,,,,,,,,,,,,,,,,,,second_chance after PRE_RAID_OPTIMIZATION,,,,,,,,,,,,,,,,,,,,,,,,
2025-09-15T23:52:05.920420,,,Polska,RESUPPLY_NEEDS,,resupply_analysis,,,,,,,,,,,,,,,,,,,,,,,,,,NEEDS_ANALYSIS PRE_RAID_OPTIMIZATION | TOTAL_FUEL_NEEDED: 15 | TOTAL_COMBAT_NEEDED: 0 | TOTAL_PE_NEEDED: 15 | BUDGET_AVAILABLE: 72 | UNITS_REQUIRING_HELP: 10,,,,,,,,,,,,,,,,,,,,,,,,
2025-09-15T23:52:05.921418,,,Polska,RESUPPLY_OPERATION,,resupply_summary,,,,,,,,,,,,,,,,,,,,,,,,,,RESUPPLY_SUMMARY PRE_RAID_OPTIMIZATION | TOTAL_PE_SPENT: 0 | UNITS_RESUPPLIED: 0/10 | BUDGET_ALLOCATED: 72 | PE_REMAINING: 91,,,,,,,,,,,,,,,,,,,,,,,,
2025-09-15T23:52:05.936644,,target_selection,Polska,Z_Pluton__3_Batalion_Wsparcia,,target_analysis,,,,,11,26,,,,,,,,,,,,,,,,,,,,"Target analysis: 29 candidates, score -1.00",,29,-1,999,,,,,,,,,False,,,,,,,29,29,29,3,2
2025-09-15T23:52:05.940783,,,Polska,Z_Pluton__3_Batalion_Wsparcia,,second_move,,,11,26,,,,,,,,,,,,,,,,,,,,,,second_chance after PRE_RAID_OPTIMIZATION,,,,,,,,,,,,,,,,,,,,,,,,
2025-09-15T23:52:05.961013,,target_selection,Polska,Z_Pluton__3_Kompania_Zaopatrzeniowa,,target_analysis,,,,,26,19,,,,,,,,,,,,,,,,,,,,"Target analysis: 29 candidates, score -1.00",,29,-1,999,,,,,,,,,False,,,,,,,29,29,29,2,2
2025-09-15T23:52:05.964904,,,Polska,Z_Pluton__3_Kompania_Zaopatrzeniowa,,second_move,,,26,19,,,,,,,,,,,,,,,,,,,,,,second_chance after PRE_RAID_OPTIMIZATION,,,,,,,,,,,,,,,,,,,,,,,,
2025-09-15T23:52:05.985584,,target_selection,Polska,Z_Pluton__3_Kompania_Zaopatrzeniowa_20250913214023,,target_analysis,,,,,16,20,,,,,,,,,,,,,,,,,,,,"Target analysis: 29 candidates, score 30.00",,29,30.0,1,,,,,,,,,False,,,,"(16, 20)",,,28,29,29,4,2
2025-09-15T23:52:05.989547,,,Polska,Z_Pluton__3_Kompania_Zaopatrzeniowa_20250913214023,,second_move,,,16,20,,,,,,,,,,,,,,,,,,,,,,second_chance after PRE_RAID_OPTIMIZATION,,,,,,,,,,,,,,,,,,,,,,,,
2025-09-15T23:52:06.004926,,target_selection,Polska,P_Kompania__3_Batalion_Strzelc_w,,target_analysis,,,,,41,10,,,,,,,,,,,,,,,,,,,,"Target analysis: 29 candidates, score -1.00",,29,-1,999,,,,,,,,,False,,,,,,,29,29,29,4,1
2025-09-15T23:52:06.010072,,,Polska,P_Kompania__3_Batalion_Strzelc_w,,second_move,,,41,10,,,,,,,,,,,,,,,,,,,,,,second_chance after PRE_RAID_OPTIMIZATION,,,,,,,,,,,,,,,,,,,,,,,,
2025-09-15T23:52:06.018013,,target_selection,Polska,P_Pluton__3_Pu_k_Piechoty,,target_analysis,,,,,39,12,,,,,,,,,,,,,,,,,,,,"Target analysis: 29 candidates, score -1.00",,29,-1,999,,,,,,,,,False,,,,,,,29,29,29,1,1
2025-09-15T23:52:06.025244,,,Polska,P_Pluton__3_Pu_k_Piechoty,,second_move,,,39,12,,,,,,,,,,,,,,,,,,,,,,second_chance after PRE_RAID_OPTIMIZATION,,,,,,,,,,,,,,,,,,,,,,,,
2025-09-15T23:52:06.035723,,target_selection,Polska,P_Batalion__3_Pu_k_Piechoty,,target_analysis,,,,,34,15,,,,,,,,,,,,,,,,,,,,"Target analysis: 29 candidates, score -1.00",,29,-1,999,,,,,,,,,False,,,,,,,29,29,29,1,1
2025-09-15T23:52:06.039943,,,Polska,P_Batalion__3_Pu_k_Piechoty,,second_move,,,34,15,,,,,,,,,,,,,,,,,,,,,,second_chance after PRE_RAID_OPTIMIZATION,,,,,,,,,,,,,,,,,,,,,,,,
2025-09-15T23:52:06.049890,,target_selection,Polska,P_Pluton__3_Pu_k_Piechoty_20250913214024,,target_analysis,,,,,41,12,,,,,,,,,,,,,,,,,,,,"Target analysis: 29 candidates, score -1.00",,29,-1,999,,,,,,,,,False,,,,,,,29,29,29,1,1
2025-09-15T23:52:06.054677,,,Polska,P_Pluton__3_Pu_k_Piechoty_20250913214024,,second_move,,,41,12,,,,,,,,,,,,,,,,,,,,,,second_chance after PRE_RAID_OPTIMIZATION,,,,,,,,,,,,,,,,,,,,,,,,
2025-09-15T23:52:06.074653,,target_selection,Polska,Z_Kompania__3_Kompania_Zaopatrzeniowa,,target_analysis,,,,,36,14,,,,,,,,,,,,,,,,,,,,"Target analysis: 29 candidates, score -1.00",,29,-1,999,,,,,,,,,False,,,,,,,29,29,29,2,2
2025-09-15T23:52:06.081239,,,Polska,Z_Kompania__3_Kompania_Zaopatrzeniowa,,second_move,,,36,14,,,,,,,,,,,,,,,,,,,,,,second_chance after PRE_RAID_OPTIMIZATION,,,,,,,,,,,,,,,,,,,,,,,,
2025-09-15T23:52:06.088964,,target_selection,Polska,P_Pluton__3_Kompania_Grenadier_w,,target_analysis,,,,,39,13,,,,,,,,,,,,,,,,,,,,"Target analysis: 29 candidates, score -1.00",,29,-1,999,,,,,,,,,False,,,,,,,29,29,29,1,1
2025-09-15T23:52:06.093787,,,Polska,P_Pluton__3_Kompania_Grenadier_w,,second_move,,,39,13,,,,,,,,,,,,,,,,,,,,,,second_chance after PRE_RAID_OPTIMIZATION,,,,,,,,,,,,,,,,,,,,,,,,
2025-09-15T23:52:06.119244,,target_selection,Polska,K_Pluton__3_Oddzia_Jazdy,,target_analysis,,,,,30,17,,,,,,,,,,,,,,,,,,,,"Target analysis: 29 candidates, score -1.00",,29,-1,999,,,,,,,,,False,,,,,,,29,29,29,4,2
2025-09-15T23:52:06.122506,,,Polska,K_Pluton__3_Oddzia_Jazdy,,second_move,,,30,17,,,,,,,,,,,,,,,,,,,,,,second_chance after PRE_RAID_OPTIMIZATION,,,,,,,,,,,,,,,,,,,,,,,,
2025-09-15T23:52:06.124208,,,Polska,RESUPPLY_NEEDS,,resupply_analysis,,,,,,,,,,,,,,,,,,,,,,,,,,NEEDS_ANALYSIS LOW_FUEL | TOTAL_FUEL_NEEDED: 25 | TOTAL_COMBAT_NEEDED: 0 | TOTAL_PE_NEEDED: 25 | BUDGET_AVAILABLE: 81 | UNITS_REQUIRING_HELP: 10,,,,,,,,,,,,,,,,,,,,,,,,
2025-09-15T23:52:06.124805,,,Polska,RESUPPLY_OPERATION,,resupply_summary,,,,,,,,,,,,,,,,,,,,,,,,,,RESUPPLY_SUMMARY LOW_FUEL | TOTAL_PE_SPENT: 0 | UNITS_RESUPPLIED: 0/10 | BUDGET_ALLOCATED: 81 | PE_REMAINING: 91,,,,,,,,,,,,,,,,,,,,,,,,
2025-09-15T23:52:06.137532,,target_selection,Polska,Z_Pluton__3_Batalion_Wsparcia,,target_analysis,,,,,12,26,,,,,,,,,,,,,,,,,,,,"Target analysis: 29 candidates, score -1.00",,29,-1,999,,,,,,,,,False,,,,,,,29,29,29,2,1
2025-09-15T23:52:06.141656,,,Polska,Z_Pluton__3_Batalion_Wsparcia,,second_move,,,12,26,,,,,,,,,,,,,,,,,,,,,,second_chance after LOW_FUEL,,,,,,,,,,,,,,,,,,,,,,,,
2025-09-15T23:52:06.151587,,target_selection,Polska,Z_Pluton__3_Kompania_Zaopatrzeniowa,,target_analysis,,,,,27,19,,,,,,,,,,,,,,,,,,,,"Target analysis: 29 candidates, score -1.00",,29,-1,999,,,,,,,,,False,,,,,,,29,29,29,1,1
2025-09-15T23:52:06.154944,,,Polska,Z_Pluton__3_Kompania_Zaopatrzeniowa,,second_move,,,27,19,,,,,,,,,,,,,,,,,,,,,,second_chance after LOW_FUEL,,,,,,,,,,,,,,,,,,,,,,,,
2025-09-15T23:52:06.167474,,target_selection,Polska,Z_Pluton__3_Kompania_Zaopatrzeniowa_20250913214023,,target_analysis,,,,,17,20,,,,,,,,,,,,,,,,,,,,"Target analysis: 29 candidates, score -1.00",,29,-1,999,,,,,,,,,False,,,,,,,29,29,29,3,1
2025-09-15T23:52:06.171059,,,Polska,Z_Pluton__3_Kompania_Zaopatrzeniowa_20250913214023,,second_move,,,17,20,,,,,,,,,,,,,,,,,,,,,,second_chance after LOW_FUEL,,,,,,,,,,,,,,,,,,,,,,,,
2025-09-15T23:52:06.183522,,target_selection,Polska,Z_Kompania__3_Kompania_Zaopatrzeniowa,,target_analysis,,,,,37,14,,,,,,,,,,,,,,,,,,,,"Target analysis: 29 candidates, score -1.00",,29,-1,999,,,,,,,,,False,,,,,,,29,29,29,1,1
2025-09-15T23:52:06.187111,,,Polska,Z_Kompania__3_Kompania_Zaopatrzeniowa,,second_move,,,37,14,,,,,,,,,,,,,,,,,,,,,,second_chance after LOW_FUEL,,,,,,,,,,,,,,,,,,,,,,,,
2025-09-15T23:52:06.201487,,target_selection,Polska,K_Pluton__3_Oddzia_Jazdy,,target_analysis,,,,,31,17,,,,,,,,,,,,,,,,,,,,"Target analysis: 29 candidates, score -1.00",,29,-1,999,,,,,,,,,False,,,,,,,29,29,29,3,1
2025-09-15T23:52:06.205056,,,Polska,K_Pluton__3_Oddzia_Jazdy,,second_move,,,31,17,,,,,,,,,,,,,,,,,,,,,,second_chance after LOW_FUEL,,,,,,,,,,,,,,,,,,,,,,,,
2025-09-15T23:52:06.206700,,,Polska,RESUPPLY_NEEDS,,resupply_analysis,,,,,,,,,,,,,,,,,,,,,,,,,,NEEDS_ANALYSIS PRE_RAID_OPTIMIZATION | TOTAL_FUEL_NEEDED: 30 | TOTAL_COMBAT_NEEDED: 0 | TOTAL_PE_NEEDED: 30 | BUDGET_AVAILABLE: 81 | UNITS_REQUIRING_HELP: 10,,,,,,,,,,,,,,,,,,,,,,,,
2025-09-15T23:52:06.207866,,,Polska,Z_Pluton__3_Batalion_Wsparcia,,resupply_bonus,12,26,12,26,,,,,,,,,,,,,,,,,,,,,,bonus_phase PRE_RAID_OPTIMIZATION | PE_SPENT: fuel=1 combat=0 total=1 | BONUS_ALLOCATION: 2 PE available | REMAINING_BUDGET: 20 PE,,,,,,,,,,,,,,,,,,,,,,,,
2025-09-15T23:52:06.208871,,,Polska,Z_Pluton__3_Kompania_Zaopatrzeniowa,,resupply_bonus,27,19,27,19,,,,,,,,,,,,,,,,,,,,,,bonus_phase PRE_RAID_OPTIMIZATION | PE_SPENT: fuel=1 combat=0 total=1 | BONUS_ALLOCATION: 2 PE available | REMAINING_BUDGET: 19 PE,,,,,,,,,,,,,,,,,,,,,,,,
2025-09-15T23:52:06.208871,,,Polska,Z_Pluton__3_Kompania_Zaopatrzeniowa_20250913214023,,resupply_bonus,17,20,17,20,,,,,,,,,,,,,,,,,,,,,,bonus_phase PRE_RAID_OPTIMIZATION | PE_SPENT: fuel=1 combat=0 total=1 | BONUS_ALLOCATION: 2 PE available | REMAINING_BUDGET: 18 PE,,,,,,,,,,,,,,,,,,,,,,,,
2025-09-15T23:52:06.210223,,,Polska,P_Kompania__3_Batalion_Strzelc_w,,resupply_bonus,41,10,41,10,,,,,,,,,,,,,,,,,,,,,,bonus_phase PRE_RAID_OPTIMIZATION | PE_SPENT: fuel=1 combat=0 total=1 | BONUS_ALLOCATION: 2 PE available | REMAINING_BUDGET: 17 PE,,,,,,,,,,,,,,,,,,,,,,,,
2025-09-15T23:52:06.213243,,,Polska,P_Pluton__3_Pu_k_Piechoty,,resupply_bonus,39,12,39,12,,,,,,,,,,,,,,,,,,,,,,bonus_phase PRE_RAID_OPTIMIZATION | PE_SPENT: fuel=1 combat=0 total=1 | BONUS_ALLOCATION: 2 PE available | REMAINING_BUDGET: 16 PE,,,,,,,,,,,,,,,,,,,,,,,,
2025-09-15T23:52:06.213243,,,Polska,P_Batalion__3_Pu_k_Piechoty,,resupply_bonus,34,15,34,15,,,,,,,,,,,,,,,,,,,,,,bonus_phase PRE_RAID_OPTIMIZATION | PE_SPENT: fuel=1 combat=0 total=1 | BONUS_ALLOCATION: 2 PE available | REMAINING_BUDGET: 15 PE,,,,,,,,,,,,,,,,,,,,,,,,
2025-09-15T23:52:06.214633,,,Polska,P_Pluton__3_Pu_k_Piechoty_20250913214024,,resupply_bonus,41,12,41,12,,,,,,,,,,,,,,,,,,,,,,bonus_phase PRE_RAID_OPTIMIZATION | PE_SPENT: fuel=1 combat=0 total=1 | BONUS_ALLOCATION: 2 PE available | REMAINING_BUDGET: 14 PE,,,,,,,,,,,,,,,,,,,,,,,,
2025-09-15T23:52:06.215674,,,Polska,Z_Kompania__3_Kompania_Zaopatrzeniowa,,resupply_bonus,37,14,37,14,,,,,,,,,,,,,,,,,,,,,,bonus_phase PRE_RAID_OPTIMIZATION | PE_SPENT: fuel=1 combat=0 total=1 | BONUS_ALLOCATION: 2 PE available | REMAINING_BUDGET: 13 PE,,,,,,,,,,,,,,,,,,,,,,,,
2025-09-15T23:52:06.215674,,,Polska,P_Pluton__3_Kompania_Grenadier_w,,resupply_bonus,39,13,39,13,,,,,,,,,,,,,,,,,,,,,,bonus_phase PRE_RAID_OPTIMIZATION | PE_SPENT: fuel=1 combat=0 total=1 | BONUS_ALLOCATION: 2 PE available | REMAINING_BUDGET: 12 PE,,,,,,,,,,,,,,,,,,,,,,,,
2025-09-15T23:52:06.216679,,,Polska,K_Pluton__3_Oddzia_Jazdy,,resupply_bonus,31,17,31,17,,,,,,,,,,,,,,,,,,,,,,bonus_phase PRE_RAID_OPTIMIZATION | PE_SPENT: fuel=1 combat=0 total=1 | BONUS_ALLOCATION: 2 PE available | REMAINING_BUDGET: 11 PE,,,,,,,,,,,,,,,,,,,,,,,,
2025-09-15T23:52:06.217718,,,Polska,RESUPPLY_OPERATION,,resupply_summary,,,,,,,,,,,,,,,,,,,,,,,,,,RESUPPLY_SUMMARY PRE_RAID_OPTIMIZATION | TOTAL_PE_SPENT: 10 | UNITS_RESUPPLIED: 0/10 | BUDGET_ALLOCATED: 81 | PE_REMAINING: 81,,,,,,,,,,,,,,,,,,,,,,,,
2025-09-15T23:52:06.227500,,target_selection,Polska,Z_Pluton__3_Batalion_Wsparcia,,target_analysis,,,,,13,26,,,,,,,,,,,,,,,,,,,,"Target analysis: 29 candidates, score -1.00",,29,-1,999,,,,,,,,,False,,,,,,,29,29,29,1,1
2025-09-15T23:52:06.232527,,,Polska,Z_Pluton__3_Batalion_Wsparcia,,second_move,,,13,26,,,,,,,,,,,,,,,,,,,,,,second_chance after PRE_RAID_OPTIMIZATION,,,,,,,,,,,,,,,,,,,,,,,,
2025-09-15T23:52:06.242673,,target_selection,Polska,Z_Pluton__3_Kompania_Zaopatrzeniowa_20250913214023,,target_analysis,,,,,18,20,,,,,,,,,,,,,,,,,,,,"Target analysis: 29 candidates, score -1.00",,29,-1,999,,,,,,,,,False,,,,,,,29,29,29,2,1
2025-09-15T23:52:06.248610,,,Polska,Z_Pluton__3_Kompania_Zaopatrzeniowa_20250913214023,,second_move,,,18,20,,,,,,,,,,,,,,,,,,,,,,second_chance after PRE_RAID_OPTIMIZATION,,,,,,,,,,,,,,,,,,,,,,,,
2025-09-15T23:52:06.260981,,target_selection,Polska,P_Kompania__3_Batalion_Strzelc_w,,target_analysis,,,,,42,10,,,,,,,,,,,,,,,,,,,,"Target analysis: 29 candidates, score -1.00",,29,-1,999,,,,,,,,,False,,,,,,,29,29,29,3,1
2025-09-15T23:52:06.266581,,,Polska,P_Kompania__3_Batalion_Strzelc_w,,second_move,,,42,10,,,,,,,,,,,,,,,,,,,,,,second_chance after PRE_RAID_OPTIMIZATION,,,,,,,,,,,,,,,,,,,,,,,,
2025-09-15T23:52:06.275690,,target_selection,Polska,K_Pluton__3_Oddzia_Jazdy,,target_analysis,,,,,32,17,,,,,,,,,,,,,,,,,,,,"Target analysis: 29 candidates, score -1.00",,29,-1,999,,,,,,,,,False,,,,,,,29,29,29,2,1
2025-09-15T23:52:06.282625,,,Polska,K_Pluton__3_Oddzia_Jazdy,,second_move,,,32,17,,,,,,,,,,,,,,,,,,,,,,second_chance after PRE_RAID_OPTIMIZATION,,,,,,,,,,,,,,,,,,,,,,,,
2025-09-15T23:52:06.356330,,,Polska,RESUPPLY_NEEDS,,resupply_analysis,,,,,,,,,,,,,,,,,,,,,,,,,,NEEDS_ANALYSIS MULTI_TURN_START | TOTAL_FUEL_NEEDED: 24 | TOTAL_COMBAT_NEEDED: 0 | TOTAL_PE_NEEDED: 24 | BUDGET_AVAILABLE: 72 | UNITS_REQUIRING_HELP: 10,,,,,,,,,,,,,,,,,,,,,,,,
2025-09-15T23:52:06.357342,,,Polska,RESUPPLY_OPERATION,,resupply_summary,,,,,,,,,,,,,,,,,,,,,,,,,,RESUPPLY_SUMMARY MULTI_TURN_START | TOTAL_PE_SPENT: 0 | UNITS_RESUPPLIED: 0/10 | BUDGET_ALLOCATED: 72 | PE_REMAINING: 81,,,,,,,,,,,,,,,,,,,,,,,,
2025-09-15T23:52:06.415356,,strategy,Polska,STRATEGY,,strategic_decision,,,,,,,,,,,,,,,,,,,,,,,,,,"Strategy: REASSIGNMENT, aggression 0.50, 5 groups, 0 reassignments",,,,,,,,,REASSIGNMENT,0.5,,,,,,adaptive,,0,dynamic_reassignment,,,,,
2025-09-15T23:52:06.436327,,strategy,Polska,STRATEGY,,strategic_decision,,,,,,,,,,,,,,,,,,,,,,,,,,"Strategy: REASSIGNMENT, aggression 0.50, 5 groups, 0 reassignments",,,,,,,,,REASSIGNMENT,0.5,,,,,,adaptive,,0,dynamic_reassignment,,,,,
2025-09-15T23:52:06.446781,,strategy,Polska,STRATEGY,,strategic_decision,,,,,,,,,,,,,,,,,,,,,,,,,,"Strategy: REASSIGNMENT, aggression 0.50, 1 groups, 0 reassignments",,,,,,,,,REASSIGNMENT,0.5,,,,,,adaptive,,0,dynamic_reassignment,,,,,
2025-09-15T23:52:06.457880,,target_selection,Polska,P_Kompania__3_Batalion_Strzelc_w,,target_analysis,,,,,,,,,,,,,,,,,,,,,,,,,,"Target analysis: 29 candidates, score -1.00",,29,-1,999,,,,,,,,,False,,,,,,,29,29,29,7,0
2025-09-15T23:52:06.461010,,,Polska,RESUPPLY_NEEDS,,resupply_analysis,,,,,,,,,,,,,,,,,,,,,,,,,,NEEDS_ANALYSIS LOW_FUEL | TOTAL_FUEL_NEEDED: 25 | TOTAL_COMBAT_NEEDED: 0 | TOTAL_PE_NEEDED: 25 | BUDGET_AVAILABLE: 72 | UNITS_REQUIRING_HELP: 10,,,,,,,,,,,,,,,,,,,,,,,,
2025-09-15T23:52:06.464262,,,Polska,RESUPPLY_OPERATION,,resupply_summary,,,,,,,,,,,,,,,,,,,,,,,,,,RESUPPLY_SUMMARY LOW_FUEL | TOTAL_PE_SPENT: 0 | UNITS_RESUPPLIED: 0/10 | BUDGET_ALLOCATED: 72 | PE_REMAINING: 81,,,,,,,,,,,,,,,,,,,,,,,,
2025-09-15T23:52:06.473535,,strategy,Polska,STRATEGY,,strategic_decision,,,,,,,,,,,,,,,,,,,,,,,,,,"Strategy: REASSIGNMENT, aggression 0.50, 1 groups, 0 reassignments",,,,,,,,,REASSIGNMENT,0.5,,,,,,adaptive,,0,dynamic_reassignment,,,,,
2025-09-15T23:52:06.492924,,target_selection,Polska,Z_Pluton__3_Kompania_Zaopatrzeniowa,,target_analysis,,,,,25,19,,,,,,,,,,,,,,,,,,,,"Target analysis: 29 candidates, score -1.00",,29,-1,999,,,,,,,,,False,,,,,,,29,29,29,5,2
2025-09-15T23:52:06.501119,,strategy,Polska,STRATEGY,,strategic_decision,,,,,,,,,,,,,,,,,,,,,,,,,,"Strategy: REASSIGNMENT, aggression 0.50, 1 groups, 0 reassignments",,,,,,,,,REASSIGNMENT,0.5,,,,,,adaptive,,0,dynamic_reassignment,,,,,
2025-09-15T23:52:06.506753,,target_selection,Polska,Z_Pluton__3_Kompania_Zaopatrzeniowa_20250913214023,,target_analysis,,,,,,,,,,,,,,,,,,,,,,,,,,"Target analysis: 29 candidates, score -1.00",,29,-1,999,,,,,,,,,False,,,,,,,29,29,29,7,0
2025-09-15T23:52:06.509640,,,Polska,RESUPPLY_NEEDS,,resupply_analysis,,,,,,,,,,,,,,,,,,,,,,,,,,NEEDS_ANALYSIS LOW_FUEL | TOTAL_FUEL_NEEDED: 25 | TOTAL_COMBAT_NEEDED: 0 | TOTAL_PE_NEEDED: 25 | BUDGET_AVAILABLE: 72 | UNITS_REQUIRING_HELP: 10,,,,,,,,,,,,,,,,,,,,,,,,
2025-09-15T23:52:06.511601,,,Polska,RESUPPLY_OPERATION,,resupply_summary,,,,,,,,,,,,,,,,,,,,,,,,,,RESUPPLY_SUMMARY LOW_FUEL | TOTAL_PE_SPENT: 0 | UNITS_RESUPPLIED: 0/10 | BUDGET_ALLOCATED: 72 | PE_REMAINING: 81,,,,,,,,,,,,,,,,,,,,,,,,
2025-09-15T23:52:06.515479,,strategy,Polska,STRATEGY,,strategic_decision,,,,,,,,,,,,,,,,,,,,,,,,,,"Strategy: REASSIGNMENT, aggression 0.50, 1 groups, 0 reassignments",,,,,,,,,REASSIGNMENT,0.5,,,,,,adaptive,,0,dynamic_reassignment,,,,,
2025-09-15T23:52:06.523580,,target_selection,Polska,P_Batalion__3_Pu_k_Piechoty,,target_analysis,,,,,36,15,,,,,,,,,,,,,,,,,,,,"Target analysis: 29 candidates, score -1.00",,29,-1,999,,,,,,,,,False,,,,,,,29,29,29,4,1
2025-09-15T23:52:06.530563,,strategy,Polska,STRATEGY,,strategic_decision,,,,,,,,,,,,,,,,,,,,,,,,,,"Strategy: REASSIGNMENT, aggression 0.50, 1 groups, 0 reassignments",,,,,,,,,REASSIGNMENT,0.5,,,,,,adaptive,,0,dynamic_reassignment,,,,,
2025-09-15T23:52:06.535683,,target_selection,Polska,P_Pluton__3_Kompania_Grenadier_w,,target_analysis,,,,,37,14,,,,,,,,,,,,,,,,,,,,"Target analysis: 29 candidates, score -1.00",,29,-1,999,,,,,,,,,False,,,,,,,29,29,29,4,1
2025-09-15T23:52:06.543392,,,Polska,RESUPPLY_NEEDS,,resupply_analysis,,,,,,,,,,,,,,,,,,,,,,,,,,NEEDS_ANALYSIS LOW_FUEL | TOTAL_FUEL_NEEDED: 25 | TOTAL_COMBAT_NEEDED: 0 | TOTAL_PE_NEEDED: 25 | BUDGET_AVAILABLE: 72 | UNITS_REQUIRING_HELP: 10,,,,,,,,,,,,,,,,,,,,,,,,
2025-09-15T23:52:06.546724,,,Polska,RESUPPLY_OPERATION,,resupply_summary,,,,,,,,,,,,,,,,,,,,,,,,,,RESUPPLY_SUMMARY LOW_FUEL | TOTAL_PE_SPENT: 0 | UNITS_RESUPPLIED: 0/10 | BUDGET_ALLOCATED: 72 | PE_REMAINING: 81,,,,,,,,,,,,,,,,,,,,,,,,
2025-09-15T23:52:06.548485,,,Polska,RESUPPLY_NEEDS,,resupply_analysis,,,,,,,,,,,,,,,,,,,,,,,,,,NEEDS_ANALYSIS LOW_FUEL | TOTAL_FUEL_NEEDED: 25 | TOTAL_COMBAT_NEEDED: 0 | TOTAL_PE_NEEDED: 25 | BUDGET_AVAILABLE: 72 | UNITS_REQUIRING_HELP: 10,,,,,,,,,,,,,,,,,,,,,,,,
2025-09-15T23:52:06.549533,,,Polska,RESUPPLY_OPERATION,,resupply_summary,,,,,,,,,,,,,,,,,,,,,,,,,,RESUPPLY_SUMMARY LOW_FUEL | TOTAL_PE_SPENT: 0 | UNITS_RESUPPLIED: 0/10 | BUDGET_ALLOCATED: 72 | PE_REMAINING: 81,,,,,,,,,,,,,,,,,,,,,,,,
2025-09-15T23:52:06.552341,,,Polska,RESUPPLY_NEEDS,,resupply_analysis,,,,,,,,,,,,,,,,,,,,,,,,,,NEEDS_ANALYSIS LOW_FUEL | TOTAL_FUEL_NEEDED: 25 | TOTAL_COMBAT_NEEDED: 0 | TOTAL_PE_NEEDED: 25 | BUDGET_AVAILABLE: 72 | UNITS_REQUIRING_HELP: 10,,,,,,,,,,,,,,,,,,,,,,,,
2025-09-15T23:52:06.553072,,,Polska,RESUPPLY_OPERATION,,resupply_summary,,,,,,,,,,,,,,,,,,,,,,,,,,RESUPPLY_SUMMARY LOW_FUEL | TOTAL_PE_SPENT: 0 | UNITS_RESUPPLIED: 0/10 | BUDGET_ALLOCATED: 72 | PE_REMAINING: 81,,,,,,,,,,,,,,,,,,,,,,,,
2025-09-15T23:52:06.555463,,,Polska,P_Kompania__3_Batalion_Strzelc_w,,combat,42,10,44,8,,,,,,,,,,,,,,,,,,,,,,Attack enemy P_Pluton__6_Sch_tzen_Kompanie,,,,,,,,,,,,,,,,,,,,,,,,
2025-09-15T23:52:06.558286,,,Polska,RESUPPLY_NEEDS,,resupply_analysis,,,,,,,,,,,,,,,,,,,,,,,,,,NEEDS_ANALYSIS LOW_FUEL | TOTAL_FUEL_NEEDED: 25 | TOTAL_COMBAT_NEEDED: 0 | TOTAL_PE_NEEDED: 25 | BUDGET_AVAILABLE: 72 | UNITS_REQUIRING_HELP: 10,,,,,,,,,,,,,,,,,,,,,,,,
2025-09-15T23:52:06.558925,,,Polska,RESUPPLY_OPERATION,,resupply_summary,,,,,,,,,,,,,,,,,,,,,,,,,,RESUPPLY_SUMMARY LOW_FUEL | TOTAL_PE_SPENT: 0 | UNITS_RESUPPLIED: 0/10 | BUDGET_ALLOCATED: 72 | PE_REMAINING: 81,,,,,,,,,,,,,,,,,,,,,,,,
2025-09-15T23:52:06.563449,,,Polska,Z_Kompania__3_Kompania_Zaopatrzeniowa,,combat,36,14,34,16,,,,,,,,,,,,,,,,,,,,,,Attack enemy Z_Pluton__6_Unterst_tzungs_Bataillon_20250913214051,,,,,,,,,,,,,,,,,,,,,,,,
2025-09-15T23:52:06.563449,,,Polska,RESUPPLY_NEEDS,,resupply_analysis,,,,,,,,,,,,,,,,,,,,,,,,,,NEEDS_ANALYSIS LOW_FUEL | TOTAL_FUEL_NEEDED: 25 | TOTAL_COMBAT_NEEDED: 0 | TOTAL_PE_NEEDED: 25 | BUDGET_AVAILABLE: 72 | UNITS_REQUIRING_HELP: 10,,,,,,,,,,,,,,,,,,,,,,,,
2025-09-15T23:52:06.563449,,,Polska,RESUPPLY_OPERATION,,resupply_summary,,,,,,,,,,,,,,,,,,,,,,,,,,RESUPPLY_SUMMARY LOW_FUEL | TOTAL_PE_SPENT: 0 | UNITS_RESUPPLIED: 0/10 | BUDGET_ALLOCATED: 72 | PE_REMAINING: 81,,,,,,,,,,,,,,,,,,,,,,,,
2025-09-15T23:52:06.569493,,,Polska,TURN_END,,turn_summary,,,,,,,,,,,8,0,,,,,,,,,,,,advanced,opp=0;groups=5;adv=True,"Turn completed: 0/8 units moved, 5 groups (advanced)",,,,,,,,,,,,,,,,,,,,,,,,
2025-09-15T23:52:06.659288,,,Niemcy,TURN_START,,turn_begin,,,,,,,,,,,,,,,,,,,,,,,,,,AI Commander turn started for player 5,,,,,,,,,,,,,,,,,,,,,,,,
2025-09-15T23:52:06.665116,,,Niemcy,RESUPPLY_NEEDS,,resupply_analysis,,,,,,,,,,,,,,,,,,,,,,,,,,NEEDS_ANALYSIS PRE_RAID_OPTIMIZATION | TOTAL_FUEL_NEEDED: 26 | TOTAL_COMBAT_NEEDED: 0 | TOTAL_PE_NEEDED: 26 | BUDGET_AVAILABLE: 55 | UNITS_REQUIRING_HELP: 9,,,,,,,,,,,,,,,,,,,,,,,,
2025-09-15T23:52:06.666134,,,Niemcy,P_Pluton__5_Infanterie_Regiment,,resupply_detailed,42,-2,42,-2,,,,,,,,,,,,,,,,,,,,,,phase1 PRE_RAID_OPTIMIZATION | PE_SPENT: fuel=2 combat=0 total=2 | BEFORE: fuel=0 combat=8 | AFTER: fuel=2 combat=8,,,,,,,,,,,,,,,,,,,,,,,,
2025-09-15T23:52:06.667426,,,Niemcy,P_Kompania__5_Infanterie_Regiment,,resupply_detailed,42,-4,42,-4,,,,,,,,,,,,,,,,,,,,,,phase1 PRE_RAID_OPTIMIZATION | PE_SPENT: fuel=2 combat=0 total=2 | BEFORE: fuel=0 combat=11 | AFTER: fuel=2 combat=11,,,,,,,,,,,,,,,,,,,,,,,,
2025-09-15T23:52:06.667426,,,Niemcy,P_Pluton__5_Sch_tzen_Kompanie,,resupply_detailed,37,-10,37,-10,,,,,,,,,,,,,,,,,,,,,,phase1 PRE_RAID_OPTIMIZATION | PE_SPENT: fuel=2 combat=0 total=2 | BEFORE: fuel=0 combat=8 | AFTER: fuel=2 combat=8,,,,,,,,,,,,,,,,,,,,,,,,
2025-09-15T23:52:06.668629,,,Niemcy,AC_Kompania__5_schwere_Artillerie,,resupply_detailed,46,-1,46,-1,,,,,,,,,,,,,,,,,,,,,,phase1 PRE_RAID_OPTIMIZATION | PE_SPENT: fuel=2 combat=0 total=2 | BEFORE: fuel=0 combat=11 | AFTER: fuel=2 combat=11,,,,,,,,,,,,,,,,,,,,,,,,
2025-09-15T23:52:06.669627,,,Niemcy,AL_Batalion__5_Artillerie_Abteilung,,resupply_detailed,55,-13,55,-13,,,,,,,,,,,,,,,,,,,,,,phase1 PRE_RAID_OPTIMIZATION | PE_SPENT: fuel=2 combat=0 total=2 | BEFORE: fuel=0 combat=11 | AFTER: fuel=2 combat=11,,,,,,,,,,,,,,,,,,,,,,,,
2025-09-15T23:52:06.669627,,,Niemcy,Z_Kompania__5_Unterst_tzungs_Bataillon,,resupply_detailed,42,-15,42,-15,,,,,,,,,,,,,,,,,,,,,,phase1 PRE_RAID_OPTIMIZATION | PE_SPENT: fuel=3 combat=0 total=3 | BEFORE: fuel=0 combat=6 | AFTER: fuel=3 combat=6,,,,,,,,,,,,,,,,,,,,,,,,
2025-09-15T23:52:06.671082,,,Niemcy,Z_Pluton__5_Versorgungs_Kompanie,,resupply_detailed,43,-16,43,-16,,,,,,,,,,,,,,,,,,,,,,phase1 PRE_RAID_OPTIMIZATION | PE_SPENT: fuel=3 combat=0 total=3 | BEFORE: fuel=0 combat=4 | AFTER: fuel=3 combat=4,,,,,,,,,,,,,,,,,,,,,,,,
2025-09-15T23:52:06.671082,,,Niemcy,Z_Pluton__5_Unterst_tzungs_Bataillon,,resupply_detailed,48,-15,48,-15,,,,,,,,,,,,,,,,,,,,,,phase1 PRE_RAID_OPTIMIZATION | PE_SPENT: fuel=3 combat=0 total=3 | BEFORE: fuel=0 combat=4 | AFTER: fuel=3 combat=4,,,,,,,,,,,,,,,,,,,,,,,,
2025-09-15T23:52:06.672339,,,Niemcy,Z_Pluton__5_Unterst_tzungs_Bataillon_20250913214038,,resupply_detailed,38,-12,38,-12,,,,,,,,,,,,,,,,,,,,,,phase1 PRE_RAID_OPTIMIZATION | PE_SPENT: fuel=3 combat=0 total=3 | BEFORE: fuel=0 combat=4 | AFTER: fuel=3 combat=4,,,,,,,,,,,,,,,,,,,,,,,,
2025-09-15T23:52:06.673343,,,Niemcy,RESUPPLY_OPERATION,,resupply_summary,,,,,,,,,,,,,,,,,,,,,,,,,,RESUPPLY_SUMMARY PRE_RAID_OPTIMIZATION | TOTAL_PE_SPENT: 22 | UNITS_RESUPPLIED: 9/9 | BUDGET_ALLOCATED: 55 | PE_REMAINING: 40,,,,,,,,,,,,,,,,,,,,,,,,
2025-09-15T23:52:06.704544,,target_selection,Niemcy,P_Pluton__5_Infanterie_Regiment,,target_analysis,,,,,44,-2,,,,,,,,,,,,,,,,,,,,"Target analysis: 29 candidates, score -1.00",,29,-1,999,,,,,,,,,False,,,,,,,29,29,29,6,2
2025-09-15T23:52:06.709820,,,Niemcy,P_Pluton__5_Infanterie_Regiment,,second_move,,,44,-2,,,,,,,,,,,,,,,,,,,,,,second_chance after PRE_RAID_OPTIMIZATION,,,,,,,,,,,,,,,,,,,,,,,,
2025-09-15T23:52:06.739126,,target_selection,Niemcy,P_Kompania__5_Infanterie_Regiment,,target_analysis,,,,,42,-2,,,,,,,,,,,,,,,,,,,,"Target analysis: 29 candidates, score -1.00",,29,-1,999,,,,,,,,,False,,,,,,,29,29,29,4,2
2025-09-15T23:52:06.744954,,,Niemcy,P_Kompania__5_Infanterie_Regiment,,second_move,,,42,-2,,,,,,,,,,,,,,,,,,,,,,second_chance after PRE_RAID_OPTIMIZATION,,,,,,,,,,,,,,,,,,,,,,,,
2025-09-15T23:52:06.762542,,target_selection,Niemcy,P_Pluton__5_Sch_tzen_Kompanie,,target_analysis,,,,,35,-10,,,,,,,,,,,,,,,,,,,,"Target analysis: 29 candidates, score -1.00",,29,-1,999,,,,,,,,,False,,,,,,,29,29,29,5,2
2025-09-15T23:52:06.762542,,,Niemcy,P_Pluton__5_Sch_tzen_Kompanie,,second_move,,,35,-10,,,,,,,,,,,,,,,,,,,,,,second_chance after PRE_RAID_OPTIMIZATION,,,,,,,,,,,,,,,,,,,,,,,,
2025-09-15T23:52:06.801747,,target_selection,Niemcy,AC_Kompania__5_schwere_Artillerie,,target_analysis,,,,,48,-1,,,,,,,,,,,,,,,,,,,,"Target analysis: 29 candidates, score -1.00",,29,-1,999,,,,,,,,,False,,,,,,,29,29,29,5,2
2025-09-15T23:52:06.801747,,,Niemcy,AC_Kompania__5_schwere_Artillerie,,second_move,,,48,-1,,,,,,,,,,,,,,,,,,,,,,second_chance after PRE_RAID_OPTIMIZATION,,,,,,,,,,,,,,,,,,,,,,,,
2025-09-15T23:52:06.821443,,target_selection,Niemcy,AL_Batalion__5_Artillerie_Abteilung,,target_analysis,,,,,53,-13,,,,,,,,,,,,,,,,,,,,"Target analysis: 29 candidates, score -1.00",,29,-1,999,,,,,,,,,False,,,,,,,29,29,29,6,2
2025-09-15T23:52:06.826565,,,Niemcy,AL_Batalion__5_Artillerie_Abteilung,,second_move,,,53,-13,,,,,,,,,,,,,,,,,,,,,,second_chance after PRE_RAID_OPTIMIZATION,,,,,,,,,,,,,,,,,,,,,,,,
2025-09-15T23:52:06.857117,,target_selection,Niemcy,Z_Kompania__5_Unterst_tzungs_Bataillon,,target_analysis,,,,,43,-15,,,,,,,,,,,,,,,,,,,,"Target analysis: 29 candidates, score 45.00",,29,45.0,1,,,,,,,,,False,,,,"(43, -15)",,,28,29,29,5,3
2025-09-15T23:52:06.862076,,,Niemcy,Z_Kompania__5_Unterst_tzungs_Bataillon,,second_move,,,43,-15,,,,,,,,,,,,,,,,,,,,,,second_chance after PRE_RAID_OPTIMIZATION,,,,,,,,,,,,,,,,,,,,,,,,
2025-09-15T23:52:06.898521,,target_selection,Niemcy,Z_Pluton__5_Versorgungs_Kompanie,,target_analysis,,,,,45,-15,,,,,,,,,,,,,,,,,,,,"Target analysis: 29 candidates, score 30.00",,29,30.0,3,,,,,,,,,False,,,,"(45, -15)",,,28,29,29,9,3
2025-09-15T23:52:06.902307,,,Niemcy,Z_Pluton__5_Versorgungs_Kompanie,,second_move,,,45,-15,,,,,,,,,,,,,,,,,,,,,,second_chance after PRE_RAID_OPTIMIZATION,,,,,,,,,,,,,,,,,,,,,,,,
2025-09-15T23:52:06.936509,,target_selection,Niemcy,Z_Pluton__5_Unterst_tzungs_Bataillon,,target_analysis,,,,,51,-15,,,,,,,,,,,,,,,,,,,,"Target analysis: 29 candidates, score -1.00",,29,-1,999,,,,,,,,,False,,,,,,,29,29,29,5,3
2025-09-15T23:52:06.939964,,,Niemcy,Z_Pluton__5_Unterst_tzungs_Bataillon,,second_move,,,51,-15,,,,,,,,,,,,,,,,,,,,,,second_chance after PRE_RAID_OPTIMIZATION,,,,,,,,,,,,,,,,,,,,,,,,
2025-09-15T23:52:06.988457,,target_selection,Niemcy,Z_Pluton__5_Unterst_tzungs_Bataillon_20250913214038,,target_analysis,,,,,35,-9,,,,,,,,,,,,,,,,,,,,"Target analysis: 29 candidates, score -1.00",,29,-1,999,,,,,,,,,False,,,,,,,29,29,29,9,3
2025-09-15T23:52:06.988457,,,Niemcy,Z_Pluton__5_Unterst_tzungs_Bataillon_20250913214038,,second_move,,,35,-9,,,,,,,,,,,,,,,,,,,,,,second_chance after PRE_RAID_OPTIMIZATION,,,,,,,,,,,,,,,,,,,,,,,,
2025-09-15T23:52:07.039645,,,Niemcy,RESUPPLY_NEEDS,,resupply_analysis,,,,,,,,,,,,,,,,,,,,,,,,,,NEEDS_ANALYSIS PRE_RAID_OPTIMIZATION | TOTAL_FUEL_NEEDED: 13 | TOTAL_COMBAT_NEEDED: 0 | TOTAL_PE_NEEDED: 13 | BUDGET_AVAILABLE: 32 | UNITS_REQUIRING_HELP: 9,,,,,,,,,,,,,,,,,,,,,,,,
2025-09-15T23:52:07.039645,,,Niemcy,P_Pluton__5_Infanterie_Regiment,,resupply_detailed,44,-2,44,-2,,,,,,,,,,,,,,,,,,,,,,phase1 PRE_RAID_OPTIMIZATION | PE_SPENT: fuel=1 combat=0 total=1 | BEFORE: fuel=1 combat=8 | AFTER: fuel=2 combat=8,,,,,,,,,,,,,,,,,,,,,,,,
2025-09-15T23:52:07.043552,,,Niemcy,P_Kompania__5_Infanterie_Regiment,,resupply_detailed,42,-2,42,-2,,,,,,,,,,,,,,,,,,,,,,phase1 PRE_RAID_OPTIMIZATION | PE_SPENT: fuel=1 combat=0 total=1 | BEFORE: fuel=1 combat=11 | AFTER: fuel=2 combat=11,,,,,,,,,,,,,,,,,,,,,,,,
2025-09-15T23:52:07.044566,,,Niemcy,P_Pluton__5_Sch_tzen_Kompanie,,resupply_detailed,35,-10,35,-10,,,,,,,,,,,,,,,,,,,,,,phase1 PRE_RAID_OPTIMIZATION | PE_SPENT: fuel=1 combat=0 total=1 | BEFORE: fuel=1 combat=8 | AFTER: fuel=2 combat=8,,,,,,,,,,,,,,,,,,,,,,,,
2025-09-15T23:52:07.047691,,,Niemcy,AC_Kompania__5_schwere_Artillerie,,resupply_detailed,48,-1,48,-1,,,,,,,,,,,,,,,,,,,,,,phase1 PRE_RAID_OPTIMIZATION | PE_SPENT: fuel=1 combat=0 total=1 | BEFORE: fuel=1 combat=11 | AFTER: fuel=2 combat=11,,,,,,,,,,,,,,,,,,,,,,,,
2025-09-15T23:52:07.048705,,,Niemcy,AL_Batalion__5_Artillerie_Abteilung,,resupply_detailed,53,-13,53,-13,,,,,,,,,,,,,,,,,,,,,,phase1 PRE_RAID_OPTIMIZATION | PE_SPENT: fuel=1 combat=0 total=1 | BEFORE: fuel=1 combat=11 | AFTER: fuel=2 combat=11,,,,,,,,,,,,,,,,,,,,,,,,
2025-09-15T23:52:07.049701,,,Niemcy,Z_Kompania__5_Unterst_tzungs_Bataillon,,resupply_detailed,43,-15,43,-15,,,,,,,,,,,,,,,,,,,,,,phase1 PRE_RAID_OPTIMIZATION | PE_SPENT: fuel=1 combat=0 total=1 | BEFORE: fuel=2 combat=6 | AFTER: fuel=3 combat=6,,,,,,,,,,,,,,,,,,,,,,,,
2025-09-15T23:52:07.049701,,,Niemcy,Z_Pluton__5_Versorgungs_Kompanie,,resupply_detailed,45,-15,45,-15,,,,,,,,,,,,,,,,,,,,,,phase1 PRE_RAID_OPTIMIZATION | PE_SPENT: fuel=1 combat=0 total=1 | BEFORE: fuel=2 combat=4 | AFTER: fuel=3 combat=4,,,,,,,,,,,,,,,,,,,,,,,,
2025-09-15T23:52:07.050816,,,Niemcy,Z_Pluton__5_Unterst_tzungs_Bataillon,,resupply_detailed,51,-15,51,-15,,,,,,,,,,,,,,,,,,,,,,phase1 PRE_RAID_OPTIMIZATION | PE_SPENT: fuel=1 combat=0 total=1 | BEFORE: fuel=2 combat=4 | AFTER: fuel=3 combat=4,,,,,,,,,,,,,,,,,,,,,,,,
2025-09-15T23:52:07.050816,,,Niemcy,Z_Pluton__5_Unterst_tzungs_Bataillon_20250913214038,,resupply_detailed,35,-9,35,-9,,,,,,,,,,,,,,,,,,,,,,phase1 PRE_RAID_OPTIMIZATION | PE_SPENT: fuel=1 combat=0 total=1 | BEFORE: fuel=2 combat=4 | AFTER: fuel=3 combat=4,,,,,,,,,,,,,,,,,,,,,,,,
2025-09-15T23:52:07.052076,,,Niemcy,RESUPPLY_OPERATION,,resupply_summary,,,,,,,,,,,,,,,,,,,,,,,,,,RESUPPLY_SUMMARY PRE_RAID_OPTIMIZATION | TOTAL_PE_SPENT: 9 | UNITS_RESUPPLIED: 9/9 | BUDGET_ALLOCATED: 32 | PE_REMAINING: 31,,,,,,,,,,,,,,,,,,,,,,,,
2025-09-15T23:52:07.078282,,target_selection,Niemcy,P_Pluton__5_Infanterie_Regiment,,target_analysis,,,,,46,-2,,,,,,,,,,,,,,,,,,,,"Target analysis: 29 candidates, score -1.00",,29,-1,999,,,,,,,,,False,,,,,,,29,29,29,5,2
2025-09-15T23:52:07.089626,,,Niemcy,P_Pluton__5_Infanterie_Regiment,,second_move,,,46,-2,,,,,,,,,,,,,,,,,,,,,,second_chance after PRE_RAID_OPTIMIZATION,,,,,,,,,,,,,,,,,,,,,,,,
2025-09-15T23:52:07.116885,,target_selection,Niemcy,P_Kompania__5_Infanterie_Regiment,,target_analysis,,,,,44,-2,,,,,,,,,,,,,,,,,,,,"Target analysis: 29 candidates, score -1.00",,29,-1,999,,,,,,,,,False,,,,,,,29,29,29,3,2
2025-09-15T23:52:07.120348,,,Niemcy,P_Kompania__5_Infanterie_Regiment,,second_move,,,44,-2,,,,,,,,,,,,,,,,,,,,,,second_chance after PRE_RAID_OPTIMIZATION,,,,,,,,,,,,,,,,,,,,,,,,
2025-09-15T23:52:07.144585,,target_selection,Niemcy,P_Pluton__5_Sch_tzen_Kompanie,,target_analysis,,,,,37,-10,,,,,,,,,,,,,,,,,,,,"Target analysis: 29 candidates, score -1.00",,29,-1,999,,,,,,,,,False,,,,,,,29,29,29,4,2
2025-09-15T23:52:07.149528,,,Niemcy,P_Pluton__5_Sch_tzen_Kompanie,,second_move,,,37,-10,,,,,,,,,,,,,,,,,,,,,,second_chance after PRE_RAID_OPTIMIZATION,,,,,,,,,,,,,,,,,,,,,,,,
2025-09-15T23:52:07.177373,,target_selection,Niemcy,AC_Kompania__5_schwere_Artillerie,,target_analysis,,,,,50,-1,,,,,,,,,,,,,,,,,,,,"Target analysis: 29 candidates, score -1.00",,29,-1,999,,,,,,,,,False,,,,,,,29,29,29,4,2
2025-09-15T23:52:07.183661,,,Niemcy,AC_Kompania__5_schwere_Artillerie,,second_move,,,50,-1,,,,,,,,,,,,,,,,,,,,,,second_chance after PRE_RAID_OPTIMIZATION,,,,,,,,,,,,,,,,,,,,,,,,
2025-09-15T23:52:07.205652,,target_selection,Niemcy,AL_Batalion__5_Artillerie_Abteilung,,target_analysis,,,,,55,-13,,,,,,,,,,,,,,,,,,,,"Target analysis: 29 candidates, score -1.00",,29,-1,999,,,,,,,,,False,,,,,,,29,29,29,5,2
2025-09-15T23:52:07.208799,,,Niemcy,AL_Batalion__5_Artillerie_Abteilung,,second_move,,,55,-13,,,,,,,,,,,,,,,,,,,,,,second_chance after PRE_RAID_OPTIMIZATION,,,,,,,,,,,,,,,,,,,,,,,,
2025-09-15T23:52:07.237012,,target_selection,Niemcy,Z_Kompania__5_Unterst_tzungs_Bataillon,,target_analysis,,,,,43,-14,,,,,,,,,,,,,,,,,,,,"Target analysis: 29 candidates, score 45.00",,29,45.0,1,,,,,,,,,False,,,,"(43, -14)",,,27,29,29,4,3
2025-09-15T23:52:07.240416,,,Niemcy,Z_Kompania__5_Unterst_tzungs_Bataillon,,second_move,,,43,-14,,,,,,,,,,,,,,,,,,,,,,second_chance after PRE_RAID_OPTIMIZATION,,,,,,,,,,,,,,,,,,,,,,,,
2025-09-15T23:52:07.265947,,target_selection,Niemcy,Z_Pluton__5_Versorgungs_Kompanie,,target_analysis,,,,,43,-15,,,,,,,,,,,,,,,,,,,,"Target analysis: 29 candidates, score 45.00",,29,45.0,3,,,,,,,,,False,,,,"(43, -15)",,,27,29,29,8,3
2025-09-15T23:52:07.269174,,,Niemcy,Z_Pluton__5_Versorgungs_Kompanie,,second_move,,,43,-15,,,,,,,,,,,,,,,,,,,,,,second_chance after PRE_RAID_OPTIMIZATION,,,,,,,,,,,,,,,,,,,,,,,,
2025-09-15T23:52:07.297028,,target_selection,Niemcy,Z_Pluton__5_Unterst_tzungs_Bataillon,,target_analysis,,,,,48,-15,,,,,,,,,,,,,,,,,,,,"Target analysis: 29 candidates, score -1.00",,29,-1,999,,,,,,,,,False,,,,,,,29,29,29,4,3
2025-09-15T23:52:07.299627,,,Niemcy,Z_Pluton__5_Unterst_tzungs_Bataillon,,second_move,,,48,-15,,,,,,,,,,,,,,,,,,,,,,second_chance after PRE_RAID_OPTIMIZATION,,,,,,,,,,,,,,,,,,,,,,,,
2025-09-15T23:52:07.340642,,target_selection,Niemcy,Z_Pluton__5_Unterst_tzungs_Bataillon_20250913214038,,target_analysis,,,,,32,-9,,,,,,,,,,,,,,,,,,,,"Target analysis: 29 candidates, score -1.00",,29,-1,999,,,,,,,,,False,,,,,,,29,29,29,8,3
2025-09-15T23:52:07.349840,,,Niemcy,Z_Pluton__5_Unterst_tzungs_Bataillon_20250913214038,,second_move,,,32,-9,,,,,,,,,,,,,,,,,,,,,,second_chance after PRE_RAID_OPTIMIZATION,,,,,,,,,,,,,,,,,,,,,,,,
2025-09-15T23:52:07.428154,,,Niemcy,RESUPPLY_NEEDS,,resupply_analysis,,,,,,,,,,,,,,,,,,,,,,,,,,NEEDS_ANALYSIS PRE_RAID_OPTIMIZATION | TOTAL_FUEL_NEEDED: 13 | TOTAL_COMBAT_NEEDED: 0 | TOTAL_PE_NEEDED: 13 | BUDGET_AVAILABLE: 24 | UNITS_REQUIRING_HELP: 9,,,,,,,,,,,,,,,,,,,,,,,,
2025-09-15T23:52:07.428154,,,Niemcy,P_Pluton__5_Infanterie_Regiment,,resupply_detailed,46,-2,46,-2,,,,,,,,,,,,,,,,,,,,,,phase1 PRE_RAID_OPTIMIZATION | PE_SPENT: fuel=1 combat=0 total=1 | BEFORE: fuel=1 combat=8 | AFTER: fuel=2 combat=8,,,,,,,,,,,,,,,,,,,,,,,,
2025-09-15T23:52:07.428154,,,Niemcy,P_Kompania__5_Infanterie_Regiment,,resupply_detailed,44,-2,44,-2,,,,,,,,,,,,,,,,,,,,,,phase1 PRE_RAID_OPTIMIZATION | PE_SPENT: fuel=1 combat=0 total=1 | BEFORE: fuel=1 combat=11 | AFTER: fuel=2 combat=11,,,,,,,,,,,,,,,,,,,,,,,,
2025-09-15T23:52:07.428154,,,Niemcy,P_Pluton__5_Sch_tzen_Kompanie,,resupply_detailed,37,-10,37,-10,,,,,,,,,,,,,,,,,,,,,,phase1 PRE_RAID_OPTIMIZATION | PE_SPENT: fuel=1 combat=0 total=1 | BEFORE: fuel=1 combat=8 | AFTER: fuel=2 combat=8,,,,,,,,,,,,,,,,,,,,,,,,
2025-09-15T23:52:07.428154,,,Niemcy,AC_Kompania__5_schwere_Artillerie,,resupply_detailed,50,-1,50,-1,,,,,,,,,,,,,,,,,,,,,,phase1 PRE_RAID_OPTIMIZATION | PE_SPENT: fuel=1 combat=0 total=1 | BEFORE: fuel=1 combat=11 | AFTER: fuel=2 combat=11,,,,,,,,,,,,,,,,,,,,,,,,
2025-09-15T23:52:07.428154,,,Niemcy,AL_Batalion__5_Artillerie_Abteilung,,resupply_detailed,55,-13,55,-13,,,,,,,,,,,,,,,,,,,,,,phase1 PRE_RAID_OPTIMIZATION | PE_SPENT: fuel=1 combat=0 total=1 | BEFORE: fuel=1 combat=11 | AFTER: fuel=2 combat=11,,,,,,,,,,,,,,,,,,,,,,,,
2025-09-15T23:52:07.428154,,,Niemcy,Z_Kompania__5_Unterst_tzungs_Bataillon,,resupply_detailed,43,-14,43,-14,,,,,,,,,,,,,,,,,,,,,,phase1 PRE_RAID_OPTIMIZATION | PE_SPENT: fuel=1 combat=0 total=1 | BEFORE: fuel=2 combat=6 | AFTER: fuel=3 combat=6,,,,,,,,,,,,,,,,,,,,,,,,
2025-09-15T23:52:07.428154,,,Niemcy,Z_Pluton__5_Versorgungs_Kompanie,,resupply_detailed,43,-15,43,-15,,,,,,,,,,,,,,,,,,,,,,phase1 PRE_RAID_OPTIMIZATION | PE_SPENT: fuel=1 combat=0 total=1 | BEFORE: fuel=2 combat=4 | AFTER: fuel=3 combat=4,,,,,,,,,,,,,,,,,,,,,,,,
2025-09-15T23:52:07.428154,,,Niemcy,Z_Pluton__5_Unterst_tzungs_Bataillon,,resupply_detailed,48,-15,48,-15,,,,,,,,,,,,,,,,,,,,,,phase1 PRE_RAID_OPTIMIZATION | PE_SPENT: fuel=1 combat=0 total=1 | BEFORE: fuel=2 combat=4 | AFTER: fuel=3 combat=4,,,,,,,,,,,,,,,,,,,,,,,,
2025-09-15T23:52:07.428154,,,Niemcy,Z_Pluton__5_Unterst_tzungs_Bataillon_20250913214038,,resupply_detailed,32,-9,32,-9,,,,,,,,,,,,,,,,,,,,,,phase1 PRE_RAID_OPTIMIZATION | PE_SPENT: fuel=1 combat=0 total=1 | BEFORE: fuel=2 combat=4 | AFTER: fuel=3 combat=4,,,,,,,,,,,,,,,,,,,,,,,,
2025-09-15T23:52:07.442860,,,Niemcy,RESUPPLY_OPERATION,,resupply_summary,,,,,,,,,,,,,,,,,,,,,,,,,,RESUPPLY_SUMMARY PRE_RAID_OPTIMIZATION | TOTAL_PE_SPENT: 9 | UNITS_RESUPPLIED: 9/9 | BUDGET_ALLOCATED: 24 | PE_REMAINING: 22,,,,,,,,,,,,,,,,,,,,,,,,
2025-09-15T23:52:07.469949,,target_selection,Niemcy,P_Pluton__5_Infanterie_Regiment,,target_analysis,,,,,46,0,,,,,,,,,,,,,,,,,,,,"Target analysis: 29 candidates, score -1.00",,29,-1,999,,,,,,,,,False,,,,,,,29,29,29,4,2
2025-09-15T23:52:07.476605,,,Niemcy,P_Pluton__5_Infanterie_Regiment,,second_move,,,46,0,,,,,,,,,,,,,,,,,,,,,,second_chance after PRE_RAID_OPTIMIZATION,,,,,,,,,,,,,,,,,,,,,,,,
2025-09-15T23:52:07.497598,,target_selection,Niemcy,P_Kompania__5_Infanterie_Regiment,,target_analysis,,,,,46,-2,,,,,,,,,,,,,,,,,,,,"Target analysis: 29 candidates, score -1.00",,29,-1,999,,,,,,,,,False,,,,,,,29,29,29,2,2
2025-09-15T23:52:07.506280,,,Niemcy,P_Kompania__5_Infanterie_Regiment,,second_move,,,46,-2,,,,,,,,,,,,,,,,,,,,,,second_chance after PRE_RAID_OPTIMIZATION,,,,,,,,,,,,,,,,,,,,,,,,
2025-09-15T23:52:07.521787,,target_selection,Niemcy,P_Pluton__5_Sch_tzen_Kompanie,,target_analysis,,,,,35,-10,,,,,,,,,,,,,,,,,,,,"Target analysis: 29 candidates, score -1.00",,29,-1,999,,,,,,,,,False,,,,,,,29,29,29,3,2
2025-09-15T23:52:07.526544,,,Niemcy,P_Pluton__5_Sch_tzen_Kompanie,,second_move,,,35,-10,,,,,,,,,,,,,,,,,,,,,,second_chance after PRE_RAID_OPTIMIZATION,,,,,,,,,,,,,,,,,,,,,,,,
2025-09-15T23:52:07.551499,,target_selection,Niemcy,AC_Kompania__5_schwere_Artillerie,,target_analysis,,,,,50,1,,,,,,,,,,,,,,,,,,,,"Target analysis: 29 candidates, score -1.00",,29,-1,999,,,,,,,,,False,,,,,,,29,29,29,3,2
2025-09-15T23:52:07.556304,,,Niemcy,AC_Kompania__5_schwere_Artillerie,,second_move,,,50,1,,,,,,,,,,,,,,,,,,,,,,second_chance after PRE_RAID_OPTIMIZATION,,,,,,,,,,,,,,,,,,,,,,,,
2025-09-15T23:52:07.569742,,target_selection,Niemcy,AL_Batalion__5_Artillerie_Abteilung,,target_analysis,,,,,53,-13,,,,,,,,,,,,,,,,,,,,"Target analysis: 29 candidates, score -1.00",,29,-1,999,,,,,,,,,False,,,,,,,29,29,29,4,2
2025-09-15T23:52:07.574685,,,Niemcy,AL_Batalion__5_Artillerie_Abteilung,,second_move,,,53,-13,,,,,,,,,,,,,,,,,,,,,,second_chance after PRE_RAID_OPTIMIZATION,,,,,,,,,,,,,,,,,,,,,,,,
2025-09-15T23:52:07.587129,,target_selection,Niemcy,Z_Kompania__5_Unterst_tzungs_Bataillon,,target_analysis,,,,,44,-15,,,,,,,,,,,,,,,,,,,,"Target analysis: 29 candidates, score 30.00",,29,30.0,1,,,,,,,,,False,,,,"(44, -15)",,,27,29,29,3,3
2025-09-15T23:52:07.590623,,,Niemcy,Z_Kompania__5_Unterst_tzungs_Bataillon,,second_move,,,44,-15,,,,,,,,,,,,,,,,,,,,,,second_chance after PRE_RAID_OPTIMIZATION,,,,,,,,,,,,,,,,,,,,,,,,
2025-09-15T23:52:07.617772,,target_selection,Niemcy,Z_Pluton__5_Versorgungs_Kompanie,,target_analysis,,,,,43,-14,,,,,,,,,,,,,,,,,,,,"Target analysis: 29 candidates, score 45.00",,29,45.0,1,,,,,,,,,False,,,,"(43, -14)",,,27,29,29,7,3
2025-09-15T23:52:07.620844,,,Niemcy,Z_Pluton__5_Versorgungs_Kompanie,,second_move,,,43,-14,,,,,,,,,,,,,,,,,,,,,,second_chance after PRE_RAID_OPTIMIZATION,,,,,,,,,,,,,,,,,,,,,,,,
2025-09-15T23:52:07.644196,,target_selection,Niemcy,Z_Pluton__5_Unterst_tzungs_Bataillon,,target_analysis,,,,,45,-15,,,,,,,,,,,,,,,,,,,,"Target analysis: 29 candidates, score 30.00",,29,30.0,3,,,,,,,,,False,,,,"(45, -15)",,,28,29,29,3,3
2025-09-15T23:52:07.650640,,,Niemcy,Z_Pluton__5_Unterst_tzungs_Bataillon,,second_move,,,45,-15,,,,,,,,,,,,,,,,,,,,,,second_chance after PRE_RAID_OPTIMIZATION,,,,,,,,,,,,,,,,,,,,,,,,
2025-09-15T23:52:07.699890,,target_selection,Niemcy,Z_Pluton__5_Unterst_tzungs_Bataillon_20250913214038,,target_analysis,,,,,35,-9,,,,,,,,,,,,,,,,,,,,"Target analysis: 29 candidates, score -1.00",,29,-1,999,,,,,,,,,False,,,,,,,29,29,29,7,3
2025-09-15T23:52:07.702800,,,Niemcy,Z_Pluton__5_Unterst_tzungs_Bataillon_20250913214038,,second_move,,,35,-9,,,,,,,,,,,,,,,,,,,,,,second_chance after PRE_RAID_OPTIMIZATION,,,,,,,,,,,,,,,,,,,,,,,,
2025-09-15T23:52:07.769555,,,Niemcy,RESUPPLY_NEEDS,,resupply_analysis,,,,,,,,,,,,,,,,,,,,,,,,,,NEEDS_ANALYSIS PRE_RAID_OPTIMIZATION | TOTAL_FUEL_NEEDED: 13 | TOTAL_COMBAT_NEEDED: 0 | TOTAL_PE_NEEDED: 13 | BUDGET_AVAILABLE: 17 | UNITS_REQUIRING_HELP: 9,,,,,,,,,,,,,,,,,,,,,,,,
2025-09-15T23:52:07.771035,,,Niemcy,RESUPPLY_OPERATION,,resupply_summary,,,,,,,,,,,,,,,,,,,,,,,,,,RESUPPLY_SUMMARY PRE_RAID_OPTIMIZATION | TOTAL_PE_SPENT: 0 | UNITS_RESUPPLIED: 0/9 | BUDGET_ALLOCATED: 17 | PE_REMAINING: 22,,,,,,,,,,,,,,,,,,,,,,,,
2025-09-15T23:52:07.785553,,target_selection,Niemcy,P_Pluton__5_Infanterie_Regiment,,target_analysis,,,,,47,0,,,,,,,,,,,,,,,,,,,,"Target analysis: 29 candidates, score -1.00",,29,-1,999,,,,,,,,,False,,,,,,,29,29,29,3,1
2025-09-15T23:52:07.792070,,,Niemcy,P_Pluton__5_Infanterie_Regiment,,second_move,,,47,0,,,,,,,,,,,,,,,,,,,,,,second_chance after PRE_RAID_OPTIMIZATION,,,,,,,,,,,,,,,,,,,,,,,,
2025-09-15T23:52:07.801588,,target_selection,Niemcy,P_Kompania__5_Infanterie_Regiment,,target_analysis,,,,,46,-1,,,,,,,,,,,,,,,,,,,,"Target analysis: 29 candidates, score -1.00",,29,-1,999,,,,,,,,,False,,,,,,,29,29,29,1,1
2025-09-15T23:52:07.807462,,,Niemcy,P_Kompania__5_Infanterie_Regiment,,second_move,,,46,-1,,,,,,,,,,,,,,,,,,,,,,second_chance after PRE_RAID_OPTIMIZATION,,,,,,,,,,,,,,,,,,,,,,,,
2025-09-15T23:52:07.818641,,target_selection,Niemcy,P_Pluton__5_Sch_tzen_Kompanie,,target_analysis,,,,,36,-10,,,,,,,,,,,,,,,,,,,,"Target analysis: 29 candidates, score -1.00",,29,-1,999,,,,,,,,,False,,,,,,,29,29,29,2,1
2025-09-15T23:52:07.823001,,,Niemcy,P_Pluton__5_Sch_tzen_Kompanie,,second_move,,,36,-10,,,,,,,,,,,,,,,,,,,,,,second_chance after PRE_RAID_OPTIMIZATION,,,,,,,,,,,,,,,,,,,,,,,,
2025-09-15T23:52:07.836843,,target_selection,Niemcy,AC_Kompania__5_schwere_Artillerie,,target_analysis,,,,,51,1,,,,,,,,,,,,,,,,,,,,"Target analysis: 29 candidates, score -1.00",,29,-1,999,,,,,,,,,False,,,,,,,29,29,29,2,1
2025-09-15T23:52:07.840879,,,Niemcy,AC_Kompania__5_schwere_Artillerie,,second_move,,,51,1,,,,,,,,,,,,,,,,,,,,,,second_chance after PRE_RAID_OPTIMIZATION,,,,,,,,,,,,,,,,,,,,,,,,
2025-09-15T23:52:07.855068,,target_selection,Niemcy,AL_Batalion__5_Artillerie_Abteilung,,target_analysis,,,,,54,-13,,,,,,,,,,,,,,,,,,,,"Target analysis: 29 candidates, score -1.00",,29,-1,999,,,,,,,,,False,,,,,,,29,29,29,3,1
2025-09-15T23:52:07.858328,,,Niemcy,AL_Batalion__5_Artillerie_Abteilung,,second_move,,,54,-13,,,,,,,,,,,,,,,,,,,,,,second_chance after PRE_RAID_OPTIMIZATION,,,,,,,,,,,,,,,,,,,,,,,,
2025-09-15T23:52:07.872934,,target_selection,Niemcy,Z_Kompania__5_Unterst_tzungs_Bataillon,,target_analysis,,,,,43,-15,,,,,,,,,,,,,,,,,,,,"Target analysis: 29 candidates, score 45.00",,29,45.0,1,,,,,,,,,False,,,,"(43, -15)",,,28,29,29,2,2
2025-09-15T23:52:07.875383,,,Niemcy,Z_Kompania__5_Unterst_tzungs_Bataillon,,second_move,,,43,-15,,,,,,,,,,,,,,,,,,,,,,second_chance after PRE_RAID_OPTIMIZATION,,,,,,,,,,,,,,,,,,,,,,,,
2025-09-15T23:52:07.886819,,target_selection,Niemcy,Z_Pluton__5_Versorgungs_Kompanie,,target_analysis,,,,,44,-14,,,,,,,,,,,,,,,,,,,,"Target analysis: 29 candidates, score -1.00",,29,-1,999,,,,,,,,,False,,,,,,,29,29,29,6,2
2025-09-15T23:52:07.890847,,,Niemcy,Z_Pluton__5_Versorgungs_Kompanie,,second_move,,,44,-14,,,,,,,,,,,,,,,,,,,,,,second_chance after PRE_RAID_OPTIMIZATION,,,,,,,,,,,,,,,,,,,,,,,,
2025-09-15T23:52:07.903249,,target_selection,Niemcy,Z_Pluton__5_Unterst_tzungs_Bataillon,,target_analysis,,,,,47,-15,,,,,,,,,,,,,,,,,,,,"Target analysis: 29 candidates, score -1.00",,29,-1,999,,,,,,,,,False,,,,,,,29,29,29,2,2
2025-09-15T23:52:07.907384,,,Niemcy,Z_Pluton__5_Unterst_tzungs_Bataillon,,second_move,,,47,-15,,,,,,,,,,,,,,,,,,,,,,second_chance after PRE_RAID_OPTIMIZATION,,,,,,,,,,,,,,,,,,,,,,,,
2025-09-15T23:52:07.931151,,target_selection,Niemcy,Z_Pluton__5_Unterst_tzungs_Bataillon_20250913214038,,target_analysis,,,,,33,-7,,,,,,,,,,,,,,,,,,,,"Target analysis: 29 candidates, score -1.00",,29,-1,999,,,,,,,,,False,,,,,,,29,29,29,6,2
2025-09-15T23:52:07.934295,,,Niemcy,Z_Pluton__5_Unterst_tzungs_Bataillon_20250913214038,,second_move,,,33,-7,,,,,,,,,,,,,,,,,,,,,,second_chance after PRE_RAID_OPTIMIZATION,,,,,,,,,,,,,,,,,,,,,,,,
2025-09-15T23:52:07.934295,,,Niemcy,RESUPPLY_NEEDS,,resupply_analysis,,,,,,,,,,,,,,,,,,,,,,,,,,NEEDS_ANALYSIS LOW_FUEL | TOTAL_FUEL_NEEDED: 22 | TOTAL_COMBAT_NEEDED: 0 | TOTAL_PE_NEEDED: 22 | BUDGET_AVAILABLE: 19 | UNITS_REQUIRING_HELP: 9,,,,,,,,,,,,,,,,,,,,,,,,
2025-09-15T23:52:07.934295,,,Niemcy,RESUPPLY_OPERATION,,resupply_summary,,,,,,,,,,,,,,,,,,,,,,,,,,RESUPPLY_SUMMARY LOW_FUEL | TOTAL_PE_SPENT: 0 | UNITS_RESUPPLIED: 0/9 | BUDGET_ALLOCATED: 19 | PE_REMAINING: 22,,,,,,,,,,,,,,,,,,,,,,,,
2025-09-15T23:52:07.946322,,target_selection,Niemcy,Z_Kompania__5_Unterst_tzungs_Bataillon,,target_analysis,,,,,42,-15,,,,,,,,,,,,,,,,,,,,"Target analysis: 29 candidates, score -1.00",,29,-1,999,,,,,,,,,False,,,,,,,29,29,29,1,1
2025-09-15T23:52:07.951669,,,Niemcy,Z_Kompania__5_Unterst_tzungs_Bataillon,,second_move,,,42,-15,,,,,,,,,,,,,,,,,,,,,,second_chance after LOW_FUEL,,,,,,,,,,,,,,,,,,,,,,,,
2025-09-15T23:52:07.958005,,target_selection,Niemcy,Z_Pluton__5_Versorgungs_Kompanie,,target_analysis,,,,,45,-15,,,,,,,,,,,,,,,,,,,,"Target analysis: 29 candidates, score 30.00",,29,30.0,1,,,,,,,,,False,,,,"(45, -15)",,,28,29,29,5,1
2025-09-15T23:52:07.962129,,,Niemcy,Z_Pluton__5_Versorgungs_Kompanie,,second_move,,,45,-15,,,,,,,,,,,,,,,,,,,,,,second_chance after LOW_FUEL,,,,,,,,,,,,,,,,,,,,,,,,
2025-09-15T23:52:07.971678,,target_selection,Niemcy,Z_Pluton__5_Unterst_tzungs_Bataillon,,target_analysis,,,,,48,-15,,,,,,,,,,,,,,,,,,,,"Target analysis: 29 candidates, score -1.00",,29,-1,999,,,,,,,,,False,,,,,,,29,29,29,1,1
2025-09-15T23:52:07.975712,,,Niemcy,Z_Pluton__5_Unterst_tzungs_Bataillon,,second_move,,,48,-15,,,,,,,,,,,,,,,,,,,,,,second_chance after LOW_FUEL,,,,,,,,,,,,,,,,,,,,,,,,
2025-09-15T23:52:07.986401,,target_selection,Niemcy,Z_Pluton__5_Unterst_tzungs_Bataillon_20250913214038,,target_analysis,,,,,34,-7,,,,,,,,,,,,,,,,,,,,"Target analysis: 29 candidates, score -1.00",,29,-1,999,,,,,,,,,False,,,,,,,29,29,29,5,1
2025-09-15T23:52:07.995170,,,Niemcy,Z_Pluton__5_Unterst_tzungs_Bataillon_20250913214038,,second_move,,,34,-7,,,,,,,,,,,,,,,,,,,,,,second_chance after LOW_FUEL,,,,,,,,,,,,,,,,,,,,,,,,
2025-09-15T23:52:08.037644,,grouping,Niemcy,GROUP_1,,group_formation,42,-14,43,-15,43,-15,,,,,,,,,,,,,,,,,,,,"Group 1: 3 units, score 0.00",,,,,1,3,"42,-14",0.0,,,,False,,,,advanced,,,,,,,,
2025-09-15T23:52:08.044085,,strategy,Niemcy,STRATEGY,,strategic_decision,,,,,,,,,,,,,,,,,,,,,,,,,,"Strategy: REASSIGNMENT, aggression 0.50, 5 groups, 0 reassignments",,,,,,,,,REASSIGNMENT,0.5,,,,,,adaptive,,0,dynamic_reassignment,,,,,
2025-09-15T23:52:08.052644,,strategy,Niemcy,STRATEGY,,strategic_decision,,,,,,,,,,,,,,,,,,,,,,,,,,"Strategy: REASSIGNMENT, aggression 0.50, 5 groups, 0 reassignments",,,,,,,,,REASSIGNMENT,0.5,,,,,,adaptive,,0,dynamic_reassignment,,,,,
2025-09-15T23:52:08.058916,,strategy,Niemcy,STRATEGY,,strategic_decision,,,,,,,,,,,,,,,,,,,,,,,,,,"Strategy: REASSIGNMENT, aggression 0.50, 1 groups, 0 reassignments",,,,,,,,,REASSIGNMENT,0.5,,,,,,adaptive,,0,dynamic_reassignment,,,,,
2025-09-15T23:52:08.066966,,target_selection,Niemcy,P_Pluton__5_Infanterie_Regiment,,target_analysis,,,,,,,,,,,,,,,,,,,,,,,,,,"Target analysis: 29 candidates, score -1.00",,29,-1,999,,,,,,,,,False,,,,,,,29,29,29,6,0
2025-09-15T23:52:08.069016,,,Niemcy,RESUPPLY_NEEDS,,resupply_analysis,,,,,,,,,,,,,,,,,,,,,,,,,,NEEDS_ANALYSIS LOW_FUEL | TOTAL_FUEL_NEEDED: 26 | TOTAL_COMBAT_NEEDED: 0 | TOTAL_PE_NEEDED: 26 | BUDGET_AVAILABLE: 19 | UNITS_REQUIRING_HELP: 9,,,,,,,,,,,,,,,,,,,,,,,,
2025-09-15T23:52:08.069016,,,Niemcy,RESUPPLY_OPERATION,,resupply_summary,,,,,,,,,,,,,,,,,,,,,,,,,,RESUPPLY_SUMMARY LOW_FUEL | TOTAL_PE_SPENT: 0 | UNITS_RESUPPLIED: 0/9 | BUDGET_ALLOCATED: 19 | PE_REMAINING: 22,,,,,,,,,,,,,,,,,,,,,,,,
2025-09-15T23:52:08.069016,,,Niemcy,RESUPPLY_NEEDS,,resupply_analysis,,,,,,,,,,,,,,,,,,,,,,,,,,NEEDS_ANALYSIS LOW_FUEL | TOTAL_FUEL_NEEDED: 26 | TOTAL_COMBAT_NEEDED: 0 | TOTAL_PE_NEEDED: 26 | BUDGET_AVAILABLE: 19 | UNITS_REQUIRING_HELP: 9,,,,,,,,,,,,,,,,,,,,,,,,
2025-09-15T23:52:08.069016,,,Niemcy,RESUPPLY_OPERATION,,resupply_summary,,,,,,,,,,,,,,,,,,,,,,,,,,RESUPPLY_SUMMARY LOW_FUEL | TOTAL_PE_SPENT: 0 | UNITS_RESUPPLIED: 0/9 | BUDGET_ALLOCATED: 19 | PE_REMAINING: 22,,,,,,,,,,,,,,,,,,,,,,,,
2025-09-15T23:52:08.076457,,strategy,Niemcy,STRATEGY,,strategic_decision,,,,,,,,,,,,,,,,,,,,,,,,,,"Strategy: REASSIGNMENT, aggression 0.50, 1 groups, 0 reassignments",,,,,,,,,REASSIGNMENT,0.5,,,,,,adaptive,,0,dynamic_reassignment,,,,,
2025-09-15T23:52:08.084595,,target_selection,Niemcy,P_Pluton__5_Sch_tzen_Kompanie,,target_analysis,,,,,,,,,,,,,,,,,,,,,,,,,,"Target analysis: 29 candidates, score -1.00",,29,-1,999,,,,,,,,,False,,,,,,,29,29,29,5,0
2025-09-15T23:52:08.086733,,,Niemcy,RESUPPLY_NEEDS,,resupply_analysis,,,,,,,,,,,,,,,,,,,,,,,,,,NEEDS_ANALYSIS LOW_FUEL | TOTAL_FUEL_NEEDED: 26 | TOTAL_COMBAT_NEEDED: 0 | TOTAL_PE_NEEDED: 26 | BUDGET_AVAILABLE: 19 | UNITS_REQUIRING_HELP: 9,,,,,,,,,,,,,,,,,,,,,,,,
2025-09-15T23:52:08.087743,,,Niemcy,RESUPPLY_OPERATION,,resupply_summary,,,,,,,,,,,,,,,,,,,,,,,,,,RESUPPLY_SUMMARY LOW_FUEL | TOTAL_PE_SPENT: 0 | UNITS_RESUPPLIED: 0/9 | BUDGET_ALLOCATED: 19 | PE_REMAINING: 22,,,,,,,,,,,,,,,,,,,,,,,,
2025-09-15T23:52:08.087743,,,Niemcy,RESUPPLY_NEEDS,,resupply_analysis,,,,,,,,,,,,,,,,,,,,,,,,,,NEEDS_ANALYSIS LOW_FUEL | TOTAL_FUEL_NEEDED: 26 | TOTAL_COMBAT_NEEDED: 0 | TOTAL_PE_NEEDED: 26 | BUDGET_AVAILABLE: 19 | UNITS_REQUIRING_HELP: 9,,,,,,,,,,,,,,,,,,,,,,,,
2025-09-15T23:52:08.087743,,,Niemcy,RESUPPLY_OPERATION,,resupply_summary,,,,,,,,,,,,,,,,,,,,,,,,,,RESUPPLY_SUMMARY LOW_FUEL | TOTAL_PE_SPENT: 0 | UNITS_RESUPPLIED: 0/9 | BUDGET_ALLOCATED: 19 | PE_REMAINING: 22,,,,,,,,,,,,,,,,,,,,,,,,
2025-09-15T23:52:08.092753,,strategy,Niemcy,STRATEGY,,strategic_decision,,,,,,,,,,,,,,,,,,,,,,,,,,"Strategy: REASSIGNMENT, aggression 0.50, 1 groups, 0 reassignments",,,,,,,,,REASSIGNMENT,0.5,,,,,,adaptive,,0,dynamic_reassignment,,,,,
2025-09-15T23:52:08.102321,,target_selection,Niemcy,AC_Kompania__5_schwere_Artillerie,,target_analysis,,,,,,,,,,,,,,,,,,,,,,,,,,"Target analysis: 29 candidates, score -1.00",,29,-1,999,,,,,,,,,False,,,,,,,29,29,29,5,0
2025-09-15T23:52:08.104319,,,Niemcy,RESUPPLY_NEEDS,,resupply_analysis,,,,,,,,,,,,,,,,,,,,,,,,,,NEEDS_ANALYSIS LOW_FUEL | TOTAL_FUEL_NEEDED: 26 | TOTAL_COMBAT_NEEDED: 0 | TOTAL_PE_NEEDED: 26 | BUDGET_AVAILABLE: 19 | UNITS_REQUIRING_HELP: 9,,,,,,,,,,,,,,,,,,,,,,,,
2025-09-15T23:52:08.106682,,,Niemcy,RESUPPLY_OPERATION,,resupply_summary,,,,,,,,,,,,,,,,,,,,,,,,,,RESUPPLY_SUMMARY LOW_FUEL | TOTAL_PE_SPENT: 0 | UNITS_RESUPPLIED: 0/9 | BUDGET_ALLOCATED: 19 | PE_REMAINING: 22,,,,,,,,,,,,,,,,,,,,,,,,
2025-09-15T23:52:08.108178,,strategy,Niemcy,STRATEGY,,strategic_decision,,,,,,,,,,,,,,,,,,,,,,,,,,"Strategy: REASSIGNMENT, aggression 0.50, 1 groups, 0 reassignments",,,,,,,,,REASSIGNMENT,0.5,,,,,,adaptive,,0,dynamic_reassignment,,,,,
2025-09-15T23:52:08.115727,,target_selection,Niemcy,AL_Batalion__5_Artillerie_Abteilung,,target_analysis,,,,,,,,,,,,,,,,,,,,,,,,,,"Target analysis: 29 candidates, score -1.00",,29,-1,999,,,,,,,,,False,,,,,,,29,29,29,6,0
2025-09-15T23:52:08.118251,,,Niemcy,RESUPPLY_NEEDS,,resupply_analysis,,,,,,,,,,,,,,,,,,,,,,,,,,NEEDS_ANALYSIS LOW_FUEL | TOTAL_FUEL_NEEDED: 26 | TOTAL_COMBAT_NEEDED: 0 | TOTAL_PE_NEEDED: 26 | BUDGET_AVAILABLE: 19 | UNITS_REQUIRING_HELP: 9,,,,,,,,,,,,,,,,,,,,,,,,
2025-09-15T23:52:08.119539,,,Niemcy,RESUPPLY_OPERATION,,resupply_summary,,,,,,,,,,,,,,,,,,,,,,,,,,RESUPPLY_SUMMARY LOW_FUEL | TOTAL_PE_SPENT: 0 | UNITS_RESUPPLIED: 0/9 | BUDGET_ALLOCATED: 19 | PE_REMAINING: 22,,,,,,,,,,,,,,,,,,,,,,,,
2025-09-15T23:52:08.122264,,,Niemcy,RESUPPLY_NEEDS,,resupply_analysis,,,,,,,,,,,,,,,,,,,,,,,,,,NEEDS_ANALYSIS LOW_FUEL | TOTAL_FUEL_NEEDED: 26 | TOTAL_COMBAT_NEEDED: 0 | TOTAL_PE_NEEDED: 26 | BUDGET_AVAILABLE: 19 | UNITS_REQUIRING_HELP: 9,,,,,,,,,,,,,,,,,,,,,,,,
2025-09-15T23:52:08.122264,,,Niemcy,RESUPPLY_OPERATION,,resupply_summary,,,,,,,,,,,,,,,,,,,,,,,,,,RESUPPLY_SUMMARY LOW_FUEL | TOTAL_PE_SPENT: 0 | UNITS_RESUPPLIED: 0/9 | BUDGET_ALLOCATED: 19 | PE_REMAINING: 22,,,,,,,,,,,,,,,,,,,,,,,,
2025-09-15T23:52:08.124834,,,Niemcy,RESUPPLY_NEEDS,,resupply_analysis,,,,,,,,,,,,,,,,,,,,,,,,,,NEEDS_ANALYSIS LOW_FUEL | TOTAL_FUEL_NEEDED: 26 | TOTAL_COMBAT_NEEDED: 0 | TOTAL_PE_NEEDED: 26 | BUDGET_AVAILABLE: 19 | UNITS_REQUIRING_HELP: 9,,,,,,,,,,,,,,,,,,,,,,,,
2025-09-15T23:52:08.126336,,,Niemcy,RESUPPLY_OPERATION,,resupply_summary,,,,,,,,,,,,,,,,,,,,,,,,,,RESUPPLY_SUMMARY LOW_FUEL | TOTAL_PE_SPENT: 0 | UNITS_RESUPPLIED: 0/9 | BUDGET_ALLOCATED: 19 | PE_REMAINING: 22,,,,,,,,,,,,,,,,,,,,,,,,
2025-09-15T23:52:08.129843,,,Niemcy,RESUPPLY_NEEDS,,resupply_analysis,,,,,,,,,,,,,,,,,,,,,,,,,,NEEDS_ANALYSIS LOW_FUEL | TOTAL_FUEL_NEEDED: 26 | TOTAL_COMBAT_NEEDED: 0 | TOTAL_PE_NEEDED: 26 | BUDGET_AVAILABLE: 19 | UNITS_REQUIRING_HELP: 9,,,,,,,,,,,,,,,,,,,,,,,,
2025-09-15T23:52:08.129843,,,Niemcy,RESUPPLY_OPERATION,,resupply_summary,,,,,,,,,,,,,,,,,,,,,,,,,,RESUPPLY_SUMMARY LOW_FUEL | TOTAL_PE_SPENT: 0 | UNITS_RESUPPLIED: 0/9 | BUDGET_ALLOCATED: 19 | PE_REMAINING: 22,,,,,,,,,,,,,,,,,,,,,,,,
2025-09-15T23:52:08.134746,,,Niemcy,RESUPPLY_NEEDS,,resupply_analysis,,,,,,,,,,,,,,,,,,,,,,,,,,NEEDS_ANALYSIS LOW_FUEL | TOTAL_FUEL_NEEDED: 26 | TOTAL_COMBAT_NEEDED: 0 | TOTAL_PE_NEEDED: 26 | BUDGET_AVAILABLE: 19 | UNITS_REQUIRING_HELP: 9,,,,,,,,,,,,,,,,,,,,,,,,
2025-09-15T23:52:08.135866,,,Niemcy,RESUPPLY_OPERATION,,resupply_summary,,,,,,,,,,,,,,,,,,,,,,,,,,RESUPPLY_SUMMARY LOW_FUEL | TOTAL_PE_SPENT: 0 | UNITS_RESUPPLIED: 0/9 | BUDGET_ALLOCATED: 19 | PE_REMAINING: 22,,,,,,,,,,,,,,,,,,,,,,,,
2025-09-15T23:52:08.137424,,,Niemcy,RESUPPLY_NEEDS,,resupply_analysis,,,,,,,,,,,,,,,,,,,,,,,,,,NEEDS_ANALYSIS LOW_FUEL | TOTAL_FUEL_NEEDED: 26 | TOTAL_COMBAT_NEEDED: 0 | TOTAL_PE_NEEDED: 26 | BUDGET_AVAILABLE: 19 | UNITS_REQUIRING_HELP: 9,,,,,,,,,,,,,,,,,,,,,,,,
2025-09-15T23:52:08.137424,,,Niemcy,RESUPPLY_OPERATION,,resupply_summary,,,,,,,,,,,,,,,,,,,,,,,,,,RESUPPLY_SUMMARY LOW_FUEL | TOTAL_PE_SPENT: 0 | UNITS_RESUPPLIED: 0/9 | BUDGET_ALLOCATED: 19 | PE_REMAINING: 22,,,,,,,,,,,,,,,,,,,,,,,,
2025-09-15T23:52:08.137424,,,Niemcy,AL_Batalion__5_Artillerie_Abteilung,,combat,54,-13,51,-12,,,,,,,,,,,,,,,,,,,,,,Attack enemy Z_Pluton__6_Unterst_tzungs_Bataillon_20250913214048,,,,,,,,,,,,,,,,,,,,,,,,
2025-09-15T23:52:08.145127,,,Niemcy,RESUPPLY_NEEDS,,resupply_analysis,,,,,,,,,,,,,,,,,,,,,,,,,,NEEDS_ANALYSIS LOW_FUEL | TOTAL_FUEL_NEEDED: 26 | TOTAL_COMBAT_NEEDED: 0 | TOTAL_PE_NEEDED: 26 | BUDGET_AVAILABLE: 19 | UNITS_REQUIRING_HELP: 9,,,,,,,,,,,,,,,,,,,,,,,,
2025-09-15T23:52:08.148640,,,Niemcy,RESUPPLY_OPERATION,,resupply_summary,,,,,,,,,,,,,,,,,,,,,,,,,,RESUPPLY_SUMMARY LOW_FUEL | TOTAL_PE_SPENT: 0 | UNITS_RESUPPLIED: 0/9 | BUDGET_ALLOCATED: 19 | PE_REMAINING: 22,,,,,,,,,,,,,,,,,,,,,,,,
2025-09-15T23:52:08.150442,,,Niemcy,RESUPPLY_NEEDS,,resupply_analysis,,,,,,,,,,,,,,,,,,,,,,,,,,NEEDS_ANALYSIS LOW_FUEL | TOTAL_FUEL_NEEDED: 26 | TOTAL_COMBAT_NEEDED: 0 | TOTAL_PE_NEEDED: 26 | BUDGET_AVAILABLE: 19 | UNITS_REQUIRING_HELP: 9,,,,,,,,,,,,,,,,,,,,,,,,
2025-09-15T23:52:08.151465,,,Niemcy,RESUPPLY_OPERATION,,resupply_summary,,,,,,,,,,,,,,,,,,,,,,,,,,RESUPPLY_SUMMARY LOW_FUEL | TOTAL_PE_SPENT: 0 | UNITS_RESUPPLIED: 0/9 | BUDGET_ALLOCATED: 19 | PE_REMAINING: 22,,,,,,,,,,,,,,,,,,,,,,,,
2025-09-15T23:52:08.153685,,,Niemcy,RESUPPLY_NEEDS,,resupply_analysis,,,,,,,,,,,,,,,,,,,,,,,,,,NEEDS_ANALYSIS LOW_FUEL | TOTAL_FUEL_NEEDED: 26 | TOTAL_COMBAT_NEEDED: 0 | TOTAL_PE_NEEDED: 26 | BUDGET_AVAILABLE: 19 | UNITS_REQUIRING_HELP: 9,,,,,,,,,,,,,,,,,,,,,,,,
2025-09-15T23:52:08.154953,,,Niemcy,RESUPPLY_OPERATION,,resupply_summary,,,,,,,,,,,,,,,,,,,,,,,,,,RESUPPLY_SUMMARY LOW_FUEL | TOTAL_PE_SPENT: 0 | UNITS_RESUPPLIED: 0/9 | BUDGET_ALLOCATED: 19 | PE_REMAINING: 22,,,,,,,,,,,,,,,,,,,,,,,,
2025-09-15T23:52:08.157083,,,Niemcy,RESUPPLY_NEEDS,,resupply_analysis,,,,,,,,,,,,,,,,,,,,,,,,,,NEEDS_ANALYSIS LOW_FUEL | TOTAL_FUEL_NEEDED: 26 | TOTAL_COMBAT_NEEDED: 0 | TOTAL_PE_NEEDED: 26 | BUDGET_AVAILABLE: 19 | UNITS_REQUIRING_HELP: 9,,,,,,,,,,,,,,,,,,,,,,,,
2025-09-15T23:52:08.158110,,,Niemcy,RESUPPLY_OPERATION,,resupply_summary,,,,,,,,,,,,,,,,,,,,,,,,,,RESUPPLY_SUMMARY LOW_FUEL | TOTAL_PE_SPENT: 0 | UNITS_RESUPPLIED: 0/9 | BUDGET_ALLOCATED: 19 | PE_REMAINING: 22,,,,,,,,,,,,,,,,,,,,,,,,
2025-09-15T23:52:08.160233,,,Niemcy,TURN_END,,turn_summary,,,,,,,,,,,10,0,,,,,,,,,,,,advanced,opp=0;groups=5;adv=True,"Turn completed: 0/10 units moved, 5 groups (advanced)",,,,,,,,,,,,,,,,,,,,,,,,
2025-09-15T23:52:08.219146,,,Niemcy,TURN_START,,turn_begin,,,,,,,,,,,,,,,,,,,,,,,,,,AI Commander turn started for player 6,,,,,,,,,,,,,,,,,,,,,,,,
2025-09-15T23:52:08.221606,,,Niemcy,RESUPPLY_NEEDS,,resupply_analysis,,,,,,,,,,,,,,,,,,,,,,,,,,NEEDS_ANALYSIS PRE_RAID_OPTIMIZATION | TOTAL_FUEL_NEEDED: 12 | TOTAL_COMBAT_NEEDED: 0 | TOTAL_PE_NEEDED: 12 | BUDGET_AVAILABLE: 76 | UNITS_REQUIRING_HELP: 5,,,,,,,,,,,,,,,,,,,,,,,,
2025-09-15T23:52:08.222676,,,Niemcy,P_Pluton__6_Infanterie_Regiment,,resupply_detailed,49,6,49,6,,,,,,,,,,,,,,,,,,,,,,phase1 PRE_RAID_OPTIMIZATION | PE_SPENT: fuel=2 combat=0 total=2 | BEFORE: fuel=0 combat=8 | AFTER: fuel=2 combat=8,,,,,,,,,,,,,,,,,,,,,,,,
2025-09-15T23:52:08.223674,,,Niemcy,P_Batalion__6_Infanterie_Regiment,,resupply_detailed,42,9,42,9,,,,,,,,,,,,,,,,,,,,,,phase1 PRE_RAID_OPTIMIZATION | PE_SPENT: fuel=2 combat=0 total=2 | BEFORE: fuel=0 combat=14 | AFTER: fuel=2 combat=14,,,,,,,,,,,,,,,,,,,,,,,,
2025-09-15T23:52:08.224676,,,Niemcy,P_Pluton__6_Grenadier_Bataillon,,resupply_detailed,47,7,47,7,,,,,,,,,,,,,,,,,,,,,,phase1 PRE_RAID_OPTIMIZATION | PE_SPENT: fuel=2 combat=0 total=2 | BEFORE: fuel=0 combat=8 | AFTER: fuel=2 combat=8,,,,,,,,,,,,,,,,,,,,,,,,
2025-09-15T23:52:08.224676,,,Niemcy,Z_Batalion__6_Versorgungs_Kompanie,,resupply_detailed,51,-13,51,-13,,,,,,,,,,,,,,,,,,,,,,phase1 PRE_RAID_OPTIMIZATION | PE_SPENT: fuel=3 combat=0 total=3 | BEFORE: fuel=0 combat=7 | AFTER: fuel=3 combat=7,,,,,,,,,,,,,,,,,,,,,,,,
2025-09-15T23:52:08.225668,,,Niemcy,P_Kompania__6_Sch_tzen_Kompanie,,resupply_detailed,50,7,50,7,,,,,,,,,,,,,,,,,,,,,,phase1 PRE_RAID_OPTIMIZATION | PE_SPENT: fuel=2 combat=0 total=2 | BEFORE: fuel=0 combat=11 | AFTER: fuel=2 combat=11,,,,,,,,,,,,,,,,,,,,,,,,
2025-09-15T23:52:08.227664,,,Niemcy,RESUPPLY_OPERATION,,resupply_summary,,,,,,,,,,,,,,,,,,,,,,,,,,RESUPPLY_SUMMARY PRE_RAID_OPTIMIZATION | TOTAL_PE_SPENT: 11 | UNITS_RESUPPLIED: 5/5 | BUDGET_ALLOCATED: 76 | PE_REMAINING: 74,,,,,,,,,,,,,,,,,,,,,,,,
2025-09-15T23:52:08.246255,,target_selection,Niemcy,P_Pluton__6_Infanterie_Regiment,,target_analysis,,,,,47,6,,,,,,,,,,,,,,,,,,,,"Target analysis: 29 candidates, score -1.00",,29,-1,999,,,,,,,,,False,,,,,,,29,29,29,5,2
2025-09-15T23:52:08.252759,,,Niemcy,P_Pluton__6_Infanterie_Regiment,,second_move,,,47,6,,,,,,,,,,,,,,,,,,,,,,second_chance after PRE_RAID_OPTIMIZATION,,,,,,,,,,,,,,,,,,,,,,,,
2025-09-15T23:52:08.283896,,target_selection,Niemcy,P_Batalion__6_Infanterie_Regiment,,target_analysis,,,,,40,11,,,,,,,,,,,,,,,,,,,,"Target analysis: 29 candidates, score -1.00",,29,-1,999,,,,,,,,,False,,,,,,,29,29,29,5,2
2025-09-15T23:52:08.287885,,,Niemcy,P_Batalion__6_Infanterie_Regiment,,second_move,,,40,11,,,,,,,,,,,,,,,,,,,,,,second_chance after PRE_RAID_OPTIMIZATION,,,,,,,,,,,,,,,,,,,,,,,,
2025-09-15T23:52:08.314698,,target_selection,Niemcy,P_Pluton__6_Grenadier_Bataillon,,target_analysis,,,,,49,7,,,,,,,,,,,,,,,,,,,,"Target analysis: 29 candidates, score -1.00",,29,-1,999,,,,,,,,,False,,,,,,,29,29,29,5,2
2025-09-15T23:52:08.318220,,,Niemcy,P_Pluton__6_Grenadier_Bataillon,,second_move,,,49,7,,,,,,,,,,,,,,,,,,,,,,second_chance after PRE_RAID_OPTIMIZATION,,,,,,,,,,,,,,,,,,,,,,,,
2025-09-15T23:52:08.337500,,target_selection,Niemcy,Z_Batalion__6_Versorgungs_Kompanie,,target_analysis,,,,,51,-12,,,,,,,,,,,,,,,,,,,,"Target analysis: 29 candidates, score 30.00",,29,30.0,1,,,,,,,,,False,,,,"(51, -12)",,,26,29,29,6,3
2025-09-15T23:52:08.341086,,,Niemcy,Z_Batalion__6_Versorgungs_Kompanie,,second_move,,,51,-12,,,,,,,,,,,,,,,,,,,,,,second_chance after PRE_RAID_OPTIMIZATION,,,,,,,,,,,,,,,,,,,,,,,,
2025-09-15T23:52:08.361485,,target_selection,Niemcy,P_Kompania__6_Sch_tzen_Kompanie,,target_analysis,,,,,52,7,,,,,,,,,,,,,,,,,,,,"Target analysis: 29 candidates, score -1.00",,29,-1,999,,,,,,,,,False,,,,,,,29,29,29,5,2
2025-09-15T23:52:08.368966,,,Niemcy,P_Kompania__6_Sch_tzen_Kompanie,,second_move,,,52,7,,,,,,,,,,,,,,,,,,,,,,second_chance after PRE_RAID_OPTIMIZATION,,,,,,,,,,,,,,,,,,,,,,,,
2025-09-15T23:52:08.396352,,strategy,Niemcy,STRATEGY,,strategic_decision,,,,,,,,,,,,,,,,,,,,,,,,,,"Strategy: REASSIGNMENT, aggression 0.50, 2 groups, 0 reassignments",,,,,,,,,REASSIGNMENT,0.5,,,,,,adaptive,,0,dynamic_reassignment,,,,,
2025-09-15T23:52:08.400807,,strategy,Niemcy,STRATEGY,,strategic_decision,,,,,,,,,,,,,,,,,,,,,,,,,,"Strategy: REASSIGNMENT, aggression 0.50, 2 groups, 0 reassignments",,,,,,,,,REASSIGNMENT,0.5,,,,,,adaptive,,0,dynamic_reassignment,,,,,
2025-09-15T23:52:08.406146,,strategy,Niemcy,STRATEGY,,strategic_decision,,,,,,,,,,,,,,,,,,,,,,,,,,"Strategy: REASSIGNMENT, aggression 0.50, 1 groups, 0 reassignments",,,,,,,,,REASSIGNMENT,0.5,,,,,,adaptive,,0,dynamic_reassignment,,,,,
2025-09-15T23:52:08.412525,,target_selection,Niemcy,P_Pluton__6_Infanterie_Regiment,,target_analysis,,,,,,,,,,,,,,,,,,,,,,,,,,"Target analysis: 29 candidates, score -1.00",,29,-1,999,,,,,,,,,False,,,,,,,29,29,29,5,0
2025-09-15T23:52:08.416692,,,Niemcy,RESUPPLY_NEEDS,,resupply_analysis,,,,,,,,,,,,,,,,,,,,,,,,,,NEEDS_ANALYSIS LOW_FUEL | TOTAL_FUEL_NEEDED: 7 | TOTAL_COMBAT_NEEDED: 0 | TOTAL_PE_NEEDED: 7 | BUDGET_AVAILABLE: 59 | UNITS_REQUIRING_HELP: 5,,,,,,,,,,,,,,,,,,,,,,,,
2025-09-15T23:52:08.417775,,,Niemcy,Z_Batalion__6_Versorgungs_Kompanie,,resupply_detailed,50,-12,50,-12,,,,,,,,,,,,,,,,,,,,,,phase1 LOW_FUEL | PE_SPENT: fuel=2 combat=0 total=2 | BEFORE: fuel=1 combat=7 | AFTER: fuel=3 combat=7,,,,,,,,,,,,,,,,,,,,,,,,
2025-09-15T23:52:08.417775,,,Niemcy,P_Pluton__6_Infanterie_Regiment,,resupply_detailed,47,6,47,6,,,,,,,,,,,,,,,,,,,,,,phase1 LOW_FUEL | PE_SPENT: fuel=1 combat=0 total=1 | BEFORE: fuel=1 combat=8 | AFTER: fuel=2 combat=8,,,,,,,,,,,,,,,,,,,,,,,,
2025-09-15T23:52:08.419039,,,Niemcy,P_Batalion__6_Infanterie_Regiment,,resupply_detailed,40,11,40,11,,,,,,,,,,,,,,,,,,,,,,phase1 LOW_FUEL | PE_SPENT: fuel=1 combat=0 total=1 | BEFORE: fuel=1 combat=14 | AFTER: fuel=2 combat=14,,,,,,,,,,,,,,,,,,,,,,,,
2025-09-15T23:52:08.420044,,,Niemcy,P_Pluton__6_Grenadier_Bataillon,,resupply_detailed,49,7,49,7,,,,,,,,,,,,,,,,,,,,,,phase1 LOW_FUEL | PE_SPENT: fuel=1 combat=0 total=1 | BEFORE: fuel=1 combat=8 | AFTER: fuel=2 combat=8,,,,,,,,,,,,,,,,,,,,,,,,
2025-09-15T23:52:08.420044,,,Niemcy,P_Kompania__6_Sch_tzen_Kompanie,,resupply_detailed,52,7,52,7,,,,,,,,,,,,,,,,,,,,,,phase1 LOW_FUEL | PE_SPENT: fuel=1 combat=0 total=1 | BEFORE: fuel=1 combat=11 | AFTER: fuel=2 combat=11,,,,,,,,,,,,,,,,,,,,,,,,
2025-09-15T23:52:08.422357,,,Niemcy,RESUPPLY_OPERATION,,resupply_summary,,,,,,,,,,,,,,,,,,,,,,,,,,RESUPPLY_SUMMARY LOW_FUEL | TOTAL_PE_SPENT: 6 | UNITS_RESUPPLIED: 5/5 | BUDGET_ALLOCATED: 59 | PE_REMAINING: 68,,,,,,,,,,,,,,,,,,,,,,,,
2025-09-15T23:52:08.425598,,,Niemcy,Z_Batalion__6_Versorgungs_Kompanie,,second_move,,,51,-12,,,,,,,,,,,,,,,,,,,,,,second_chance after LOW_FUEL,,,,,,,,,,,,,,,,,,,,,,,,
2025-09-15T23:52:08.455777,,target_selection,Niemcy,P_Pluton__6_Infanterie_Regiment,,target_analysis,,,,,49,6,,,,,,,,,,,,,,,,,,,,"Target analysis: 29 candidates, score -1.00",,29,-1,999,,,,,,,,,False,,,,,,,29,29,29,4,2
2025-09-15T23:52:08.455777,,,Niemcy,P_Pluton__6_Infanterie_Regiment,,second_move,,,49,6,,,,,,,,,,,,,,,,,,,,,,second_chance after LOW_FUEL,,,,,,,,,,,,,,,,,,,,,,,,
2025-09-15T23:52:08.480183,,target_selection,Niemcy,P_Batalion__6_Infanterie_Regiment,,target_analysis,,,,,42,11,,,,,,,,,,,,,,,,,,,,"Target analysis: 29 candidates, score -1.00",,29,-1,999,,,,,,,,,False,,,,,,,29,29,29,4,2
2025-09-15T23:52:08.488499,,,Niemcy,P_Batalion__6_Infanterie_Regiment,,second_move,,,42,11,,,,,,,,,,,,,,,,,,,,,,second_chance after LOW_FUEL,,,,,,,,,,,,,,,,,,,,,,,,
2025-09-15T23:52:08.503717,,target_selection,Niemcy,P_Pluton__6_Grenadier_Bataillon,,target_analysis,,,,,51,7,,,,,,,,,,,,,,,,,,,,"Target analysis: 29 candidates, score -1.00",,29,-1,999,,,,,,,,,False,,,,,,,29,29,29,4,2
2025-09-15T23:52:08.509448,,,Niemcy,P_Pluton__6_Grenadier_Bataillon,,second_move,,,51,7,,,,,,,,,,,,,,,,,,,,,,second_chance after LOW_FUEL,,,,,,,,,,,,,,,,,,,,,,,,
2025-09-15T23:52:08.520723,,target_selection,Niemcy,P_Kompania__6_Sch_tzen_Kompanie,,target_analysis,,,,,52,5,,,,,,,,,,,,,,,,,,,,"Target analysis: 29 candidates, score -1.00",,29,-1,999,,,,,,,,,False,,,,,,,29,29,29,4,2
2025-09-15T23:52:08.523643,,,Niemcy,P_Kompania__6_Sch_tzen_Kompanie,,second_move,,,52,5,,,,,,,,,,,,,,,,,,,,,,second_chance after LOW_FUEL,,,,,,,,,,,,,,,,,,,,,,,,
2025-09-15T23:52:08.526197,,,Niemcy,RESUPPLY_NEEDS,,resupply_analysis,,,,,,,,,,,,,,,,,,,,,,,,,,NEEDS_ANALYSIS LOW_FUEL | TOTAL_FUEL_NEEDED: 6 | TOTAL_COMBAT_NEEDED: 0 | TOTAL_PE_NEEDED: 6 | BUDGET_AVAILABLE: 54 | UNITS_REQUIRING_HELP: 5,,,,,,,,,,,,,,,,,,,,,,,,
2025-09-15T23:52:08.526197,,,Niemcy,P_Pluton__6_Infanterie_Regiment,,resupply_detailed,49,6,49,6,,,,,,,,,,,,,,,,,,,,,,phase1 LOW_FUEL | PE_SPENT: fuel=1 combat=0 total=1 | BEFORE: fuel=1 combat=8 | AFTER: fuel=2 combat=8,,,,,,,,,,,,,,,,,,,,,,,,
2025-09-15T23:52:08.528312,,,Niemcy,P_Batalion__6_Infanterie_Regiment,,resupply_detailed,42,11,42,11,,,,,,,,,,,,,,,,,,,,,,phase1 LOW_FUEL | PE_SPENT: fuel=1 combat=0 total=1 | BEFORE: fuel=1 combat=14 | AFTER: fuel=2 combat=14,,,,,,,,,,,,,,,,,,,,,,,,
2025-09-15T23:52:08.529313,,,Niemcy,P_Pluton__6_Grenadier_Bataillon,,resupply_detailed,51,7,51,7,,,,,,,,,,,,,,,,,,,,,,phase1 LOW_FUEL | PE_SPENT: fuel=1 combat=0 total=1 | BEFORE: fuel=1 combat=8 | AFTER: fuel=2 combat=8,,,,,,,,,,,,,,,,,,,,,,,,
2025-09-15T23:52:08.532326,,,Niemcy,Z_Batalion__6_Versorgungs_Kompanie,,resupply_detailed,51,-12,51,-12,,,,,,,,,,,,,,,,,,,,,,phase1 LOW_FUEL | PE_SPENT: fuel=1 combat=0 total=1 | BEFORE: fuel=2 combat=7 | AFTER: fuel=3 combat=7,,,,,,,,,,,,,,,,,,,,,,,,
2025-09-15T23:52:08.532326,,,Niemcy,P_Kompania__6_Sch_tzen_Kompanie,,resupply_detailed,52,5,52,5,,,,,,,,,,,,,,,,,,,,,,phase1 LOW_FUEL | PE_SPENT: fuel=1 combat=0 total=1 | BEFORE: fuel=1 combat=11 | AFTER: fuel=2 combat=11,,,,,,,,,,,,,,,,,,,,,,,,
2025-09-15T23:52:08.533344,,,Niemcy,RESUPPLY_OPERATION,,resupply_summary,,,,,,,,,,,,,,,,,,,,,,,,,,RESUPPLY_SUMMARY LOW_FUEL | TOTAL_PE_SPENT: 5 | UNITS_RESUPPLIED: 5/5 | BUDGET_ALLOCATED: 54 | PE_REMAINING: 63,,,,,,,,,,,,,,,,,,,,,,,,
2025-09-15T23:52:08.551540,,target_selection,Niemcy,P_Pluton__6_Infanterie_Regiment,,target_analysis,,,,,47,6,,,,,,,,,,,,,,,,,,,,"Target analysis: 29 candidates, score -1.00",,29,-1,999,,,,,,,,,False,,,,,,,29,29,29,3,2
2025-09-15T23:52:08.556715,,,Niemcy,P_Pluton__6_Infanterie_Regiment,,second_move,,,47,6,,,,,,,,,,,,,,,,,,,,,,second_chance after LOW_FUEL,,,,,,,,,,,,,,,,,,,,,,,,
2025-09-15T23:52:08.570666,,target_selection,Niemcy,P_Batalion__6_Infanterie_Regiment,,target_analysis,,,,,40,11,,,,,,,,,,,,,,,,,,,,"Target analysis: 29 candidates, score -1.00",,29,-1,999,,,,,,,,,False,,,,,,,29,29,29,3,2
2025-09-15T23:52:08.573811,,,Niemcy,P_Batalion__6_Infanterie_Regiment,,second_move,,,40,11,,,,,,,,,,,,,,,,,,,,,,second_chance after LOW_FUEL,,,,,,,,,,,,,,,,,,,,,,,,
2025-09-15T23:52:08.587492,,target_selection,Niemcy,P_Pluton__6_Grenadier_Bataillon,,target_analysis,,,,,49,7,,,,,,,,,,,,,,,,,,,,"Target analysis: 29 candidates, score -1.00",,29,-1,999,,,,,,,,,False,,,,,,,29,29,29,3,2
2025-09-15T23:52:08.592408,,,Niemcy,P_Pluton__6_Grenadier_Bataillon,,second_move,,,49,7,,,,,,,,,,,,,,,,,,,,,,second_chance after LOW_FUEL,,,,,,,,,,,,,,,,,,,,,,,,
2025-09-15T23:52:08.607381,,target_selection,Niemcy,Z_Batalion__6_Versorgungs_Kompanie,,target_analysis,,,,,51,-13,,,,,,,,,,,,,,,,,,,,"Target analysis: 29 candidates, score 30.00",,29,30.0,1,,,,,,,,,False,,,,"(51, -13)",,,24,29,29,3,3
2025-09-15T23:52:08.612729,,,Niemcy,Z_Batalion__6_Versorgungs_Kompanie,,second_move,,,51,-13,,,,,,,,,,,,,,,,,,,,,,second_chance after LOW_FUEL,,,,,,,,,,,,,,,,,,,,,,,,
2025-09-15T23:52:08.632737,,target_selection,Niemcy,P_Kompania__6_Sch_tzen_Kompanie,,target_analysis,,,,,52,7,,,,,,,,,,,,,,,,,,,,"Target analysis: 29 candidates, score -1.00",,29,-1,999,,,,,,,,,False,,,,,,,29,29,29,3,2
2025-09-15T23:52:08.635788,,,Niemcy,P_Kompania__6_Sch_tzen_Kompanie,,second_move,,,52,7,,,,,,,,,,,,,,,,,,,,,,second_chance after LOW_FUEL,,,,,,,,,,,,,,,,,,,,,,,,
2025-09-15T23:52:08.638260,,,Niemcy,RESUPPLY_NEEDS,,resupply_analysis,,,,,,,,,,,,,,,,,,,,,,,,,,NEEDS_ANALYSIS LOW_FUEL | TOTAL_FUEL_NEEDED: 6 | TOTAL_COMBAT_NEEDED: 0 | TOTAL_PE_NEEDED: 6 | BUDGET_AVAILABLE: 50 | UNITS_REQUIRING_HELP: 5,,,,,,,,,,,,,,,,,,,,,,,,
2025-09-15T23:52:08.639507,,,Niemcy,RESUPPLY_OPERATION,,resupply_summary,,,,,,,,,,,,,,,,,,,,,,,,,,RESUPPLY_SUMMARY LOW_FUEL | TOTAL_PE_SPENT: 0 | UNITS_RESUPPLIED: 0/5 | BUDGET_ALLOCATED: 50 | PE_REMAINING: 63,,,,,,,,,,,,,,,,,,,,,,,,
2025-09-15T23:52:08.652794,,target_selection,Niemcy,P_Pluton__6_Infanterie_Regiment,,target_analysis,,,,,48,6,,,,,,,,,,,,,,,,,,,,"Target analysis: 29 candidates, score -1.00",,29,-1,999,,,,,,,,,False,,,,,,,29,29,29,2,1
2025-09-15T23:52:08.657666,,,Niemcy,P_Pluton__6_Infanterie_Regiment,,second_move,,,48,6,,,,,,,,,,,,,,,,,,,,,,second_chance after LOW_FUEL,,,,,,,,,,,,,,,,,,,,,,,,
2025-09-15T23:52:08.669553,,target_selection,Niemcy,P_Batalion__6_Infanterie_Regiment,,target_analysis,,,,,41,11,,,,,,,,,,,,,,,,,,,,"Target analysis: 29 candidates, score -1.00",,29,-1,999,,,,,,,,,False,,,,,,,29,29,29,2,1
2025-09-15T23:52:08.673200,,,Niemcy,P_Batalion__6_Infanterie_Regiment,,second_move,,,41,11,,,,,,,,,,,,,,,,,,,,,,second_chance after LOW_FUEL,,,,,,,,,,,,,,,,,,,,,,,,
2025-09-15T23:52:08.684341,,target_selection,Niemcy,P_Pluton__6_Grenadier_Bataillon,,target_analysis,,,,,50,7,,,,,,,,,,,,,,,,,,,,"Target analysis: 29 candidates, score -1.00",,29,-1,999,,,,,,,,,False,,,,,,,29,29,29,2,1
2025-09-15T23:52:08.687753,,,Niemcy,P_Pluton__6_Grenadier_Bataillon,,second_move,,,50,7,,,,,,,,,,,,,,,,,,,,,,second_chance after LOW_FUEL,,,,,,,,,,,,,,,,,,,,,,,,
2025-09-15T23:52:08.700513,,target_selection,Niemcy,Z_Batalion__6_Versorgungs_Kompanie,,target_analysis,,,,,51,-12,,,,,,,,,,,,,,,,,,,,"Target analysis: 29 candidates, score 30.00",,29,30.0,1,,,,,,,,,False,,,,"(51, -12)",,,28,29,29,2,2
2025-09-15T23:52:08.705112,,,Niemcy,Z_Batalion__6_Versorgungs_Kompanie,,second_move,,,51,-12,,,,,,,,,,,,,,,,,,,,,,second_chance after LOW_FUEL,,,,,,,,,,,,,,,,,,,,,,,,
2025-09-15T23:52:08.712818,,target_selection,Niemcy,P_Kompania__6_Sch_tzen_Kompanie,,target_analysis,,,,,51,7,,,,,,,,,,,,,,,,,,,,"Target analysis: 29 candidates, score -1.00",,29,-1,999,,,,,,,,,False,,,,,,,29,29,29,2,1
2025-09-15T23:52:08.718692,,,Niemcy,P_Kompania__6_Sch_tzen_Kompanie,,second_move,,,51,7,,,,,,,,,,,,,,,,,,,,,,second_chance after LOW_FUEL,,,,,,,,,,,,,,,,,,,,,,,,
2025-09-15T23:52:08.721038,,strategy,Niemcy,STRATEGY,,strategic_decision,,,,,,,,,,,,,,,,,,,,,,,,,,"Strategy: REASSIGNMENT, aggression 0.50, 1 groups, 0 reassignments",,,,,,,,,REASSIGNMENT,0.5,,,,,,adaptive,,0,dynamic_reassignment,,,,,
2025-09-15T23:52:08.729521,,target_selection,Niemcy,P_Batalion__6_Infanterie_Regiment,,target_analysis,,,,,,,,,,,,,,,,,,,,,,,,,,"Target analysis: 29 candidates, score -1.00",,29,-1,999,,,,,,,,,False,,,,,,,29,29,29,5,0
2025-09-15T23:52:08.734322,,,Niemcy,RESUPPLY_NEEDS,,resupply_analysis,,,,,,,,,,,,,,,,,,,,,,,,,,NEEDS_ANALYSIS LOW_FUEL | TOTAL_FUEL_NEEDED: 11 | TOTAL_COMBAT_NEEDED: 0 | TOTAL_PE_NEEDED: 11 | BUDGET_AVAILABLE: 56 | UNITS_REQUIRING_HELP: 5,,,,,,,,,,,,,,,,,,,,,,,,
2025-09-15T23:52:08.735327,,,Niemcy,RESUPPLY_OPERATION,,resupply_summary,,,,,,,,,,,,,,,,,,,,,,,,,,RESUPPLY_SUMMARY LOW_FUEL | TOTAL_PE_SPENT: 0 | UNITS_RESUPPLIED: 0/5 | BUDGET_ALLOCATED: 56 | PE_REMAINING: 63,,,,,,,,,,,,,,,,,,,,,,,,
2025-09-15T23:52:08.745214,,target_selection,Niemcy,Z_Batalion__6_Versorgungs_Kompanie,,target_analysis,,,,,51,-13,,,,,,,,,,,,,,,,,,,,"Target analysis: 29 candidates, score 30.00",,29,30.0,1,,,,,,,,,False,,,,"(51, -13)",,,28,29,29,1,1
2025-09-15T23:52:08.751651,,,Niemcy,Z_Batalion__6_Versorgungs_Kompanie,,second_move,,,51,-13,,,,,,,,,,,,,,,,,,,,,,second_chance after LOW_FUEL,,,,,,,,,,,,,,,,,,,,,,,,
2025-09-15T23:52:08.754907,,,Niemcy,RESUPPLY_NEEDS,,resupply_analysis,,,,,,,,,,,,,,,,,,,,,,,,,,NEEDS_ANALYSIS LOW_FUEL | TOTAL_FUEL_NEEDED: 12 | TOTAL_COMBAT_NEEDED: 0 | TOTAL_PE_NEEDED: 12 | BUDGET_AVAILABLE: 56 | UNITS_REQUIRING_HELP: 5,,,,,,,,,,,,,,,,,,,,,,,,
2025-09-15T23:52:08.755922,,,Niemcy,RESUPPLY_OPERATION,,resupply_summary,,,,,,,,,,,,,,,,,,,,,,,,,,RESUPPLY_SUMMARY LOW_FUEL | TOTAL_PE_SPENT: 0 | UNITS_RESUPPLIED: 0/5 | BUDGET_ALLOCATED: 56 | PE_REMAINING: 63,,,,,,,,,,,,,,,,,,,,,,,,
2025-09-15T23:52:08.755922,,,Niemcy,RESUPPLY_NEEDS,,resupply_analysis,,,,,,,,,,,,,,,,,,,,,,,,,,NEEDS_ANALYSIS LOW_FUEL | TOTAL_FUEL_NEEDED: 12 | TOTAL_COMBAT_NEEDED: 0 | TOTAL_PE_NEEDED: 12 | BUDGET_AVAILABLE: 56 | UNITS_REQUIRING_HELP: 5,,,,,,,,,,,,,,,,,,,,,,,,
2025-09-15T23:52:08.760824,,,Niemcy,RESUPPLY_OPERATION,,resupply_summary,,,,,,,,,,,,,,,,,,,,,,,,,,RESUPPLY_SUMMARY LOW_FUEL | TOTAL_PE_SPENT: 0 | UNITS_RESUPPLIED: 0/5 | BUDGET_ALLOCATED: 56 | PE_REMAINING: 63,,,,,,,,,,,,,,,,,,,,,,,,
2025-09-15T23:52:08.766991,,,Niemcy,P_Batalion__6_Infanterie_Regiment,,combat,41,11,41,12,,,,,,,,,,,,,,,,,,,,,,Attack enemy P_Pluton__3_Pu_k_Piechoty_20250913214024,,,,,,,,,,,,,,,,,,,,,,,,
2025-09-15T23:52:08.769007,,,Niemcy,RESUPPLY_NEEDS,,resupply_analysis,,,,,,,,,,,,,,,,,,,,,,,,,,NEEDS_ANALYSIS LOW_FUEL | TOTAL_FUEL_NEEDED: 12 | TOTAL_COMBAT_NEEDED: 12 | TOTAL_PE_NEEDED: 24 | BUDGET_AVAILABLE: 56 | UNITS_REQUIRING_HELP: 5,,,,,,,,,,,,,,,,,,,,,,,,
2025-09-15T23:52:08.770074,,,Niemcy,P_Batalion__6_Infanterie_Regiment,,resupply_bonus,41,11,41,11,,,,,,,,,,,,,,,,,,,,,,bonus_phase LOW_FUEL | PE_SPENT: fuel=0 combat=1 total=1 | BONUS_ALLOCATION: 1 PE available | REMAINING_BUDGET: 0 PE,,,,,,,,,,,,,,,,,,,,,,,,
2025-09-15T23:52:08.772581,,,Niemcy,RESUPPLY_OPERATION,,resupply_summary,,,,,,,,,,,,,,,,,,,,,,,,,,RESUPPLY_SUMMARY LOW_FUEL | TOTAL_PE_SPENT: 1 | UNITS_RESUPPLIED: 0/5 | BUDGET_ALLOCATED: 56 | PE_REMAINING: 62,,,,,,,,,,,,,,,,,,,,,,,,
2025-09-15T23:52:08.774892,,,Niemcy,RESUPPLY_NEEDS,,resupply_analysis,,,,,,,,,,,,,,,,,,,,,,,,,,NEEDS_ANALYSIS LOW_FUEL | TOTAL_FUEL_NEEDED: 12 | TOTAL_COMBAT_NEEDED: 11 | TOTAL_PE_NEEDED: 23 | BUDGET_AVAILABLE: 55 | UNITS_REQUIRING_HELP: 5,,,,,,,,,,,,,,,,,,,,,,,,
2025-09-15T23:52:08.775897,,,Niemcy,RESUPPLY_OPERATION,,resupply_summary,,,,,,,,,,,,,,,,,,,,,,,,,,RESUPPLY_SUMMARY LOW_FUEL | TOTAL_PE_SPENT: 0 | UNITS_RESUPPLIED: 0/5 | BUDGET_ALLOCATED: 55 | PE_REMAINING: 62,,,,,,,,,,,,,,,,,,,,,,,,
2025-09-15T23:52:08.779692,,,Niemcy,RESUPPLY_NEEDS,,resupply_analysis,,,,,,,,,,,,,,,,,,,,,,,,,,NEEDS_ANALYSIS LOW_FUEL | TOTAL_FUEL_NEEDED: 12 | TOTAL_COMBAT_NEEDED: 11 | TOTAL_PE_NEEDED: 23 | BUDGET_AVAILABLE: 55 | UNITS_REQUIRING_HELP: 5,,,,,,,,,,,,,,,,,,,,,,,,
2025-09-15T23:52:08.783170,,,Niemcy,RESUPPLY_OPERATION,,resupply_summary,,,,,,,,,,,,,,,,,,,,,,,,,,RESUPPLY_SUMMARY LOW_FUEL | TOTAL_PE_SPENT: 0 | UNITS_RESUPPLIED: 0/5 | BUDGET_ALLOCATED: 55 | PE_REMAINING: 62,,,,,,,,,,,,,,,,,,,,,,,,
2025-09-15T23:52:09.009704,,,Niemcy,TURN_END,,turn_summary,,,,,,,,,,,4,0,,,,,,,,,,,,advanced,opp=1;groups=2;adv=True,"Turn completed: 0/4 units moved, 2 groups (advanced)",,,,,,,,,,,,,,,,,,,,,,,,
2025-09-15T23:52:09.177793,,,Polska,TURN_START,,turn_begin,,,,,,,,,,,,,,,,,,,,,,,,,,AI Commander turn started for player 2,,,,,,,,,,,,,,,,,,,,,,,,
2025-09-15T23:52:09.184009,,,Polska,RESUPPLY_NEEDS,,resupply_analysis,,,,,,,,,,,,,,,,,,,,,,,,,,NEEDS_ANALYSIS PRE_RAID_OPTIMIZATION | TOTAL_FUEL_NEEDED: 11 | TOTAL_COMBAT_NEEDED: 0 | TOTAL_PE_NEEDED: 11 | BUDGET_AVAILABLE: 10 | UNITS_REQUIRING_HELP: 5,,,,,,,,,,,,,,,,,,,,,,,,
2025-09-15T23:52:09.185328,,,Polska,Z_Batalion__2_Kompania_Zaopatrzeniowa,,resupply_detailed,23,-7,23,-7,,,,,,,,,,,,,,,,,,,,,,phase1 PRE_RAID_OPTIMIZATION | PE_SPENT: fuel=1 combat=0 total=1 | BEFORE: fuel=0 combat=7 | AFTER: fuel=1 combat=7,,,,,,,,,,,,,,,,,,,,,,,,
2025-09-15T23:52:09.185328,,,Polska,Z_Pluton__2_Oddzia_Rozpoznawczy,,resupply_detailed,27,4,27,4,,,,,,,,,,,,,,,,,,,,,,phase1 PRE_RAID_OPTIMIZATION | PE_SPENT: fuel=1 combat=0 total=1 | BEFORE: fuel=1 combat=4 | AFTER: fuel=2 combat=4,,,,,,,,,,,,,,,,,,,,,,,,
2025-09-15T23:52:09.186331,,,Polska,TL_Kompania__2_Batalion_Pancerny,,resupply_detailed,36,-11,36,-11,,,,,,,,,,,,,,,,,,,,,,phase1 PRE_RAID_OPTIMIZATION | PE_SPENT: fuel=1 combat=0 total=1 | BEFORE: fuel=1 combat=14 | AFTER: fuel=2 combat=14,,,,,,,,,,,,,,,,,,,,,,,,
2025-09-15T23:52:09.187591,,,Polska,P_Batalion__2_Batalion_Strzelc_w_20250913214005,,resupply_detailed,24,-7,24,-7,,,,,,,,,,,,,,,,,,,,,,phase1 PRE_RAID_OPTIMIZATION | PE_SPENT: fuel=1 combat=0 total=1 | BEFORE: fuel=1 combat=14 | AFTER: fuel=2 combat=14,,,,,,,,,,,,,,,,,,,,,,,,
2025-09-15T23:52:09.188625,,,Polska,RESUPPLY_OPERATION,,resupply_summary,,,,,,,,,,,,,,,,,,,,,,,,,,RESUPPLY_SUMMARY PRE_RAID_OPTIMIZATION | TOTAL_PE_SPENT: 4 | UNITS_RESUPPLIED: 4/5 | BUDGET_ALLOCATED: 10 | PE_REMAINING: 9,,,,,,,,,,,,,,,,,,,,,,,,
2025-09-15T23:52:09.201069,,target_selection,Polska,Z_Batalion__2_Kompania_Zaopatrzeniowa,,target_analysis,,,,,22,-6,,,,,,,,,,,,,,,,,,,,"Target analysis: 29 candidates, score -1.00",,29,-1,999,,,,,,,,,False,,,,,,,29,29,29,6,1
2025-09-15T23:52:09.205637,,,Polska,Z_Batalion__2_Kompania_Zaopatrzeniowa,,second_move,,,22,-6,,,,,,,,,,,,,,,,,,,,,,second_chance after PRE_RAID_OPTIMIZATION,,,,,,,,,,,,,,,,,,,,,,,,
2025-09-15T23:52:09.223544,,target_selection,Polska,Z_Pluton__2_Oddzia_Rozpoznawczy,,target_analysis,,,,,28,3,,,,,,,,,,,,,,,,,,,,"Target analysis: 29 candidates, score 22.50",,29,22.5,1,,,,,,,,,False,,,,"(28, 3)",,,28,29,29,6,2
2025-09-15T23:52:09.227830,,,Polska,Z_Pluton__2_Oddzia_Rozpoznawczy,,second_move,,,28,3,,,,,,,,,,,,,,,,,,,,,,second_chance after PRE_RAID_OPTIMIZATION,,,,,,,,,,,,,,,,,,,,,,,,
2025-09-15T23:52:09.259413,,target_selection,Polska,TL_Kompania__2_Batalion_Pancerny,,target_analysis,,,,,38,-11,,,,,,,,,,,,,,,,,,,,"Target analysis: 29 candidates, score -1.00",,29,-1,999,,,,,,,,,False,,,,,,,29,29,29,4,2
2025-09-15T23:52:09.265597,,,Polska,TL_Kompania__2_Batalion_Pancerny,,second_move,,,38,-11,,,,,,,,,,,,,,,,,,,,,,second_chance after PRE_RAID_OPTIMIZATION,,,,,,,,,,,,,,,,,,,,,,,,
2025-09-15T23:52:09.282509,,target_selection,Polska,P_Batalion__2_Batalion_Strzelc_w_20250913214005,,target_analysis,,,,,23,-7,,,,,,,,,,,,,,,,,,,,"Target analysis: 29 candidates, score 15.00",,29,15.0,1,,,,,,,,,False,,,,"(23, -7)",,,28,29,29,7,2
2025-09-15T23:52:09.286190,,,Polska,P_Batalion__2_Batalion_Strzelc_w_20250913214005,,second_move,,,23,-7,,,,,,,,,,,,,,,,,,,,,,second_chance after PRE_RAID_OPTIMIZATION,,,,,,,,,,,,,,,,,,,,,,,,
2025-09-15T23:52:09.322615,,,Polska,Z_Pluton__2_Batalion_Wsparcia,,second_move,,,32,6,,,,,,,,,,,,,,,,,,,,,,second_chance after PRE_RAID_OPTIMIZATION,,,,,,,,,,,,,,,,,,,,,,,,
2025-09-15T23:52:09.571610,,,Polska,RESUPPLY_NEEDS,,resupply_analysis,,,,,,,,,,,,,,,,,,,,,,,,,,NEEDS_ANALYSIS LOW_FUEL | TOTAL_FUEL_NEEDED: 11 | TOTAL_COMBAT_NEEDED: 0 | TOTAL_PE_NEEDED: 11 | BUDGET_AVAILABLE: 7 | UNITS_REQUIRING_HELP: 5,,,,,,,,,,,,,,,,,,,,,,,,
2025-09-15T23:52:09.571610,,,Polska,Z_Batalion__2_Kompania_Zaopatrzeniowa,,resupply_detailed,22,-6,22,-6,,,,,,,,,,,,,,,,,,,,,,phase1 LOW_FUEL | PE_SPENT: fuel=1 combat=0 total=1 | BEFORE: fuel=0 combat=7 | AFTER: fuel=1 combat=7,,,,,,,,,,,,,,,,,,,,,,,,
2025-09-15T23:52:09.580066,,,Polska,Z_Pluton__2_Oddzia_Rozpoznawczy,,resupply_detailed,28,3,28,3,,,,,,,,,,,,,,,,,,,,,,phase1 LOW_FUEL | PE_SPENT: fuel=1 combat=0 total=1 | BEFORE: fuel=1 combat=4 | AFTER: fuel=2 combat=4,,,,,,,,,,,,,,,,,,,,,,,,
2025-09-15T23:52:09.582075,,,Polska,TL_Kompania__2_Batalion_Pancerny,,resupply_detailed,38,-11,38,-11,,,,,,,,,,,,,,,,,,,,,,phase1 LOW_FUEL | PE_SPENT: fuel=1 combat=0 total=1 | BEFORE: fuel=1 combat=14 | AFTER: fuel=2 combat=14,,,,,,,,,,,,,,,,,,,,,,,,
2025-09-15T23:52:09.582075,,,Polska,P_Batalion__2_Batalion_Strzelc_w_20250913214005,,resupply_detailed,23,-7,23,-7,,,,,,,,,,,,,,,,,,,,,,phase1 LOW_FUEL | PE_SPENT: fuel=1 combat=0 total=1 | BEFORE: fuel=1 combat=14 | AFTER: fuel=2 combat=14,,,,,,,,,,,,,,,,,,,,,,,,
2025-09-15T23:52:09.582075,,,Polska,RESUPPLY_OPERATION,,resupply_summary,,,,,,,,,,,,,,,,,,,,,,,,,,RESUPPLY_SUMMARY LOW_FUEL | TOTAL_PE_SPENT: 4 | UNITS_RESUPPLIED: 4/5 | BUDGET_ALLOCATED: 7 | PE_REMAINING: 5,,,,,,,,,,,,,,,,,,,,,,,,
2025-09-15T23:52:09.596208,,target_selection,Polska,Z_Batalion__2_Kompania_Zaopatrzeniowa,,target_analysis,,,,,22,-5,,,,,,,,,,,,,,,,,,,,"Target analysis: 29 candidates, score -1.00",,29,-1,999,,,,,,,,,False,,,,,,,29,29,29,5,1
2025-09-15T23:52:09.603035,,,Polska,Z_Batalion__2_Kompania_Zaopatrzeniowa,,second_move,,,22,-5,,,,,,,,,,,,,,,,,,,,,,second_chance after LOW_FUEL,,,,,,,,,,,,,,,,,,,,,,,,
2025-09-15T23:52:09.619876,,target_selection,Polska,Z_Pluton__2_Oddzia_Rozpoznawczy,,target_analysis,,,,,27,4,,,,,,,,,,,,,,,,,,,,"Target analysis: 29 candidates, score 22.50",,29,22.5,1,,,,,,,,,False,,,,"(27, 4)",,,28,29,29,5,2
2025-09-15T23:52:09.624270,,,Polska,Z_Pluton__2_Oddzia_Rozpoznawczy,,second_move,,,27,4,,,,,,,,,,,,,,,,,,,,,,second_chance after LOW_FUEL,,,,,,,,,,,,,,,,,,,,,,,,
2025-09-15T23:52:09.643466,,target_selection,Polska,TL_Kompania__2_Batalion_Pancerny,,target_analysis,,,,,36,-11,,,,,,,,,,,,,,,,,,,,"Target analysis: 29 candidates, score -1.00",,29,-1,999,,,,,,,,,False,,,,,,,29,29,29,3,2
2025-09-15T23:52:09.649026,,,Polska,TL_Kompania__2_Batalion_Pancerny,,second_move,,,36,-11,,,,,,,,,,,,,,,,,,,,,,second_chance after LOW_FUEL,,,,,,,,,,,,,,,,,,,,,,,,
2025-09-15T23:52:09.665587,,target_selection,Polska,P_Batalion__2_Batalion_Strzelc_w_20250913214005,,target_analysis,,,,,24,-7,,,,,,,,,,,,,,,,,,,,"Target analysis: 29 candidates, score 15.00",,29,15.0,1,,,,,,,,,False,,,,"(24, -7)",,,28,29,29,6,2
2025-09-15T23:52:09.668959,,,Polska,P_Batalion__2_Batalion_Strzelc_w_20250913214005,,second_move,,,24,-7,,,,,,,,,,,,,,,,,,,,,,second_chance after LOW_FUEL,,,,,,,,,,,,,,,,,,,,,,,,
2025-09-15T23:52:09.701179,,,Polska,Z_Pluton__2_Batalion_Wsparcia,,second_move,,,32,6,,,,,,,,,,,,,,,,,,,,,,second_chance after LOW_FUEL,,,,,,,,,,,,,,,,,,,,,,,,
2025-09-15T23:52:09.787538,,grouping,Polska,GROUP_2,,group_formation,23,-6,23,-7,23,-7,,,,,,,,,,,,,,,,,,,,"Group 2: 3 units, score 0.00",,,,,2,3,"23,-6",0.0,,,,False,,,,advanced,,,,,,,,
2025-09-15T23:52:09.787538,,grouping,Polska,GROUP_5,,group_formation,15,-7,15,-6,15,-6,,,,,,,,,,,,,,,,,,,,"Group 5: 1 units, score 0.00",,,,,5,1,"15,-7",0.0,,,,False,,,,advanced,,,,,,,,
2025-09-15T23:52:09.821231,,strategy,Polska,STRATEGY,,strategic_decision,,,,,,,,,,,,,,,,,,,,,,,,,,"Strategy: REASSIGNMENT, aggression 0.50, 5 groups, 0 reassignments",,,,,,,,,REASSIGNMENT,0.5,,,,,,adaptive,,0,dynamic_reassignment,,,,,
2025-09-15T23:52:09.854372,,strategy,Polska,STRATEGY,,strategic_decision,,,,,,,,,,,,,,,,,,,,,,,,,,"Strategy: REASSIGNMENT, aggression 0.50, 5 groups, 0 reassignments",,,,,,,,,REASSIGNMENT,0.5,,,,,,adaptive,,0,dynamic_reassignment,,,,,
2025-09-15T23:52:09.868869,,strategy,Polska,STRATEGY,,strategic_decision,,,,,,,,,,,,,,,,,,,,,,,,,,"Strategy: REASSIGNMENT, aggression 0.50, 1 groups, 0 reassignments",,,,,,,,,REASSIGNMENT,0.5,,,,,,adaptive,,0,dynamic_reassignment,,,,,
2025-09-15T23:52:09.880036,,target_selection,Polska,TL_Kompania__2_Batalion_Pancerny,,target_analysis,,,,,38,-12,,,,,,,,,,,,,,,,,,,,"Target analysis: 29 candidates, score -1.00",,29,-1,999,,,,,,,,,False,,,,,,,29,29,29,4,1
2025-09-15T23:52:09.902435,,strategy,Polska,STRATEGY,,strategic_decision,,,,,,,,,,,,,,,,,,,,,,,,,,"Strategy: REASSIGNMENT, aggression 0.50, 1 groups, 0 reassignments",,,,,,,,,REASSIGNMENT,0.5,,,,,,adaptive,,0,dynamic_reassignment,,,,,
2025-09-15T23:52:09.922749,,target_selection,Polska,P_Pluton__2_Kompania_Grenadier_w,,target_analysis,,,,,31,7,,,,,,,,,,,,,,,,,,,,"Target analysis: 29 candidates, score -1.00",,29,-1,999,,,,,,,,,False,,,,,,,29,29,29,2,2
2025-09-15T23:52:09.938587,,strategy,Polska,STRATEGY,,strategic_decision,,,,,,,,,,,,,,,,,,,,,,,,,,"Strategy: REASSIGNMENT, aggression 0.50, 1 groups, 0 reassignments",,,,,,,,,REASSIGNMENT,0.5,,,,,,adaptive,,0,dynamic_reassignment,,,,,
2025-09-15T23:52:09.957061,,target_selection,Polska,P_Kompania__2_Pu_k_Piechoty,,target_analysis,,,,,24,5,,,,,,,,,,,,,,,,,,,,"Target analysis: 29 candidates, score -1.00",,29,-1,999,,,,,,,,,False,,,,,,,29,29,29,2,2
2025-09-15T23:52:09.966095,,,Polska,Z_Pluton__2_Oddzia_Rozpoznawczy,,adaptive_autonomous,26,5,24,5,,,,,,,,,,,,,,,,,,,,,,"Advanced auto mode: group 4 (strategy: LOSING, aggr: 0.9)",,,,,,,,,,,,,,,,,,,,,,,,
2025-09-15T23:52:09.968426,,,Polska,TL_Kompania__2_Batalion_Pancerny,,combat,37,-12,36,-10,,,,,,,,,,,,,,,,,,,,,,Attack enemy P_Pluton__5_Sch_tzen_Kompanie,,,,,,,,,,,,,,,,,,,,,,,,
2025-09-15T23:52:09.974582,,,Polska,TURN_END,,turn_summary,,,,,,,,,,,10,1,,,,,,,,,,,,advanced,opp=0;groups=5;adv=True,"Turn completed: 1/10 units moved, 5 groups (advanced)",,,,,,,,,,,,,,,,,,,,,,,,
2025-09-15T23:52:10.025726,,,Polska,TURN_START,,turn_begin,,,,,,,,,,,,,,,,,,,,,,,,,,AI Commander turn started for player 3,,,,,,,,,,,,,,,,,,,,,,,,
2025-09-15T23:52:10.032227,,,Polska,RESUPPLY_NEEDS,,resupply_analysis,,,,,,,,,,,,,,,,,,,,,,,,,,NEEDS_ANALYSIS PRE_RAID_OPTIMIZATION | TOTAL_FUEL_NEEDED: 24 | TOTAL_COMBAT_NEEDED: 0 | TOTAL_PE_NEEDED: 24 | BUDGET_AVAILABLE: 126 | UNITS_REQUIRING_HELP: 9,,,,,,,,,,,,,,,,,,,,,,,,
2025-09-15T23:52:10.032227,,,Polska,Z_Pluton__3_Batalion_Wsparcia,,resupply_detailed,13,26,13,26,,,,,,,,,,,,,,,,,,,,,,phase1 PRE_RAID_OPTIMIZATION | PE_SPENT: fuel=3 combat=0 total=3 | BEFORE: fuel=0 combat=4 | AFTER: fuel=3 combat=4,,,,,,,,,,,,,,,,,,,,,,,,
2025-09-15T23:52:10.032227,,,Polska,Z_Pluton__3_Kompania_Zaopatrzeniowa_20250913214023,,resupply_detailed,18,20,18,20,,,,,,,,,,,,,,,,,,,,,,phase1 PRE_RAID_OPTIMIZATION | PE_SPENT: fuel=3 combat=0 total=3 | BEFORE: fuel=0 combat=4 | AFTER: fuel=3 combat=4,,,,,,,,,,,,,,,,,,,,,,,,
2025-09-15T23:52:10.034235,,,Polska,P_Kompania__3_Batalion_Strzelc_w,,resupply_detailed,42,10,42,10,,,,,,,,,,,,,,,,,,,,,,phase1 PRE_RAID_OPTIMIZATION | PE_SPENT: fuel=2 combat=0 total=2 | BEFORE: fuel=0 combat=11 | AFTER: fuel=2 combat=11,,,,,,,,,,,,,,,,,,,,,,,,
2025-09-15T23:52:10.034235,,,Polska,Z_Kompania__3_Kompania_Zaopatrzeniowa,,resupply_detailed,36,14,36,14,,,,,,,,,,,,,,,,,,,,,,phase1 PRE_RAID_OPTIMIZATION | PE_SPENT: fuel=3 combat=0 total=3 | BEFORE: fuel=0 combat=6 | AFTER: fuel=3 combat=6,,,,,,,,,,,,,,,,,,,,,,,,
2025-09-15T23:52:10.034235,,,Polska,K_Pluton__3_Oddzia_Jazdy,,resupply_detailed,32,17,32,17,,,,,,,,,,,,,,,,,,,,,,phase1 PRE_RAID_OPTIMIZATION | PE_SPENT: fuel=3 combat=0 total=3 | BEFORE: fuel=0 combat=6 | AFTER: fuel=3 combat=6,,,,,,,,,,,,,,,,,,,,,,,,
2025-09-15T23:52:10.034235,,,Polska,Z_Pluton__3_Kompania_Zaopatrzeniowa,,resupply_detailed,27,19,27,19,,,,,,,,,,,,,,,,,,,,,,phase1 PRE_RAID_OPTIMIZATION | PE_SPENT: fuel=2 combat=0 total=2 | BEFORE: fuel=1 combat=4 | AFTER: fuel=3 combat=4,,,,,,,,,,,,,,,,,,,,,,,,
2025-09-15T23:52:10.034235,,,Polska,P_Pluton__3_Pu_k_Piechoty,,resupply_detailed,39,12,39,12,,,,,,,,,,,,,,,,,,,,,,phase1 PRE_RAID_OPTIMIZATION | PE_SPENT: fuel=1 combat=0 total=1 | BEFORE: fuel=1 combat=8 | AFTER: fuel=2 combat=8,,,,,,,,,,,,,,,,,,,,,,,,
2025-09-15T23:52:10.034235,,,Polska,P_Batalion__3_Pu_k_Piechoty,,resupply_detailed,34,15,34,15,,,,,,,,,,,,,,,,,,,,,,phase1 PRE_RAID_OPTIMIZATION | PE_SPENT: fuel=1 combat=0 total=1 | BEFORE: fuel=1 combat=14 | AFTER: fuel=2 combat=14,,,,,,,,,,,,,,,,,,,,,,,,
2025-09-15T23:52:10.034235,,,Polska,P_Pluton__3_Kompania_Grenadier_w,,resupply_detailed,39,13,39,13,,,,,,,,,,,,,,,,,,,,,,phase1 PRE_RAID_OPTIMIZATION | PE_SPENT: fuel=1 combat=0 total=1 | BEFORE: fuel=1 combat=8 | AFTER: fuel=2 combat=8,,,,,,,,,,,,,,,,,,,,,,,,
2025-09-15T23:52:10.034235,,,Polska,RESUPPLY_OPERATION,,resupply_summary,,,,,,,,,,,,,,,,,,,,,,,,,,RESUPPLY_SUMMARY PRE_RAID_OPTIMIZATION | TOTAL_PE_SPENT: 19 | UNITS_RESUPPLIED: 9/9 | BUDGET_ALLOCATED: 126 | PE_REMAINING: 122,,,,,,,,,,,,,,,,,,,,,,,,
2025-09-15T23:52:10.069837,,target_selection,Polska,Z_Pluton__3_Batalion_Wsparcia,,target_analysis,,,,,10,26,,,,,,,,,,,,,,,,,,,,"Target analysis: 29 candidates, score -1.00",,29,-1,999,,,,,,,,,False,,,,,,,29,29,29,7,3
2025-09-15T23:52:10.069837,,,Polska,Z_Pluton__3_Batalion_Wsparcia,,second_move,,,10,26,,,,,,,,,,,,,,,,,,,,,,second_chance after PRE_RAID_OPTIMIZATION,,,,,,,,,,,,,,,,,,,,,,,,
2025-09-15T23:52:10.106765,,target_selection,Polska,Z_Pluton__3_Kompania_Zaopatrzeniowa_20250913214023,,target_analysis,,,,,16,20,,,,,,,,,,,,,,,,,,,,"Target analysis: 29 candidates, score 30.00",,29,30.0,2,,,,,,,,,False,,,,"(16, 20)",,,28,29,29,7,3
2025-09-15T23:52:10.111672,,,Polska,Z_Pluton__3_Kompania_Zaopatrzeniowa_20250913214023,,second_move,,,16,20,,,,,,,,,,,,,,,,,,,,,,second_chance after PRE_RAID_OPTIMIZATION,,,,,,,,,,,,,,,,,,,,,,,,
2025-09-15T23:52:10.137822,,target_selection,Polska,P_Kompania__3_Batalion_Strzelc_w,,target_analysis,,,,,40,10,,,,,,,,,,,,,,,,,,,,"Target analysis: 29 candidates, score -1.00",,29,-1,999,,,,,,,,,False,,,,,,,29,29,29,7,2
2025-09-15T23:52:10.137822,,,Polska,P_Kompania__3_Batalion_Strzelc_w,,second_move,,,40,10,,,,,,,,,,,,,,,,,,,,,,second_chance after PRE_RAID_OPTIMIZATION,,,,,,,,,,,,,,,,,,,,,,,,
2025-09-15T23:52:10.178224,,target_selection,Polska,Z_Kompania__3_Kompania_Zaopatrzeniowa,,target_analysis,,,,,33,14,,,,,,,,,,,,,,,,,,,,"Target analysis: 29 candidates, score -1.00",,29,-1,999,,,,,,,,,False,,,,,,,29,29,29,8,3
2025-09-15T23:52:10.184126,,,Polska,Z_Kompania__3_Kompania_Zaopatrzeniowa,,second_move,,,33,14,,,,,,,,,,,,,,,,,,,,,,second_chance after PRE_RAID_OPTIMIZATION,,,,,,,,,,,,,,,,,,,,,,,,
2025-09-15T23:52:10.210073,,target_selection,Polska,K_Pluton__3_Oddzia_Jazdy,,target_analysis,,,,,29,17,,,,,,,,,,,,,,,,,,,,"Target analysis: 29 candidates, score -1.00",,29,-1,999,,,,,,,,,False,,,,,,,29,29,29,7,3
2025-09-15T23:52:10.214479,,,Polska,K_Pluton__3_Oddzia_Jazdy,,second_move,,,29,17,,,,,,,,,,,,,,,,,,,,,,second_chance after PRE_RAID_OPTIMIZATION,,,,,,,,,,,,,,,,,,,,,,,,
2025-09-15T23:52:10.242051,,target_selection,Polska,Z_Pluton__3_Kompania_Zaopatrzeniowa,,target_analysis,,,,,24,19,,,,,,,,,,,,,,,,,,,,"Target analysis: 29 candidates, score -1.00",,29,-1,999,,,,,,,,,False,,,,,,,29,29,29,5,3
2025-09-15T23:52:10.245231,,,Polska,Z_Pluton__3_Kompania_Zaopatrzeniowa,,second_move,,,24,19,,,,,,,,,,,,,,,,,,,,,,second_chance after PRE_RAID_OPTIMIZATION,,,,,,,,,,,,,,,,,,,,,,,,
2025-09-15T23:52:10.268499,,target_selection,Polska,P_Pluton__3_Pu_k_Piechoty,,target_analysis,,,,,41,12,,,,,,,,,,,,,,,,,,,,"Target analysis: 29 candidates, score -1.00",,29,-1,999,,,,,,,,,False,,,,,,,29,29,29,4,2
2025-09-15T23:52:10.271661,,,Polska,P_Pluton__3_Pu_k_Piechoty,,second_move,,,41,12,,,,,,,,,,,,,,,,,,,,,,second_chance after PRE_RAID_OPTIMIZATION,,,,,,,,,,,,,,,,,,,,,,,,
2025-09-15T23:52:10.292453,,target_selection,Polska,P_Batalion__3_Pu_k_Piechoty,,target_analysis,,,,,36,15,,,,,,,,,,,,,,,,,,,,"Target analysis: 29 candidates, score -1.00",,29,-1,999,,,,,,,,,False,,,,,,,29,29,29,4,2
2025-09-15T23:52:10.300501,,,Polska,P_Batalion__3_Pu_k_Piechoty,,second_move,,,36,15,,,,,,,,,,,,,,,,,,,,,,second_chance after PRE_RAID_OPTIMIZATION,,,,,,,,,,,,,,,,,,,,,,,,
2025-09-15T23:52:10.314819,,target_selection,Polska,P_Pluton__3_Kompania_Grenadier_w,,target_analysis,,,,,37,13,,,,,,,,,,,,,,,,,,,,"Target analysis: 29 candidates, score -1.00",,29,-1,999,,,,,,,,,False,,,,,,,29,29,29,4,2
2025-09-15T23:52:10.320157,,,Polska,P_Pluton__3_Kompania_Grenadier_w,,second_move,,,37,13,,,,,,,,,,,,,,,,,,,,,,second_chance after PRE_RAID_OPTIMIZATION,,,,,,,,,,,,,,,,,,,,,,,,
2025-09-15T23:52:10.434339,,,Polska,RESUPPLY_NEEDS,,resupply_analysis,,,,,,,,,,,,,,,,,,,,,,,,,,NEEDS_ANALYSIS MULTI_TURN_START | TOTAL_FUEL_NEEDED: 14 | TOTAL_COMBAT_NEEDED: 0 | TOTAL_PE_NEEDED: 14 | BUDGET_AVAILABLE: 97 | UNITS_REQUIRING_HELP: 9,,,,,,,,,,,,,,,,,,,,,,,,
2025-09-15T23:52:10.435354,,,Polska,Z_Pluton__3_Batalion_Wsparcia,,resupply_detailed,10,26,10,26,,,,,,,,,,,,,,,,,,,,,,phase1 MULTI_TURN_START | PE_SPENT: fuel=1 combat=0 total=1 | BEFORE: fuel=2 combat=4 | AFTER: fuel=3 combat=4,,,,,,,,,,,,,,,,,,,,,,,,
2025-09-15T23:52:10.435354,,,Polska,Z_Pluton__3_Kompania_Zaopatrzeniowa,,resupply_detailed,24,19,24,19,,,,,,,,,,,,,,,,,,,,,,phase1 MULTI_TURN_START | PE_SPENT: fuel=1 combat=0 total=1 | BEFORE: fuel=2 combat=4 | AFTER: fuel=3 combat=4,,,,,,,,,,,,,,,,,,,,,,,,
2025-09-15T23:52:10.436359,,,Polska,Z_Pluton__3_Kompania_Zaopatrzeniowa_20250913214023,,resupply_detailed,16,20,16,20,,,,,,,,,,,,,,,,,,,,,,phase1 MULTI_TURN_START | PE_SPENT: fuel=1 combat=0 total=1 | BEFORE: fuel=2 combat=4 | AFTER: fuel=3 combat=4,,,,,,,,,,,,,,,,,,,,,,,,
2025-09-15T23:52:10.437365,,,Polska,P_Kompania__3_Batalion_Strzelc_w,,resupply_detailed,40,10,40,10,,,,,,,,,,,,,,,,,,,,,,phase1 MULTI_TURN_START | PE_SPENT: fuel=1 combat=0 total=1 | BEFORE: fuel=1 combat=11 | AFTER: fuel=2 combat=11,,,,,,,,,,,,,,,,,,,,,,,,
2025-09-15T23:52:10.437365,,,Polska,P_Pluton__3_Pu_k_Piechoty,,resupply_detailed,41,12,41,12,,,,,,,,,,,,,,,,,,,,,,phase1 MULTI_TURN_START | PE_SPENT: fuel=1 combat=0 total=1 | BEFORE: fuel=1 combat=8 | AFTER: fuel=2 combat=8,,,,,,,,,,,,,,,,,,,,,,,,
2025-09-15T23:52:10.438624,,,Polska,P_Batalion__3_Pu_k_Piechoty,,resupply_detailed,36,15,36,15,,,,,,,,,,,,,,,,,,,,,,phase1 MULTI_TURN_START | PE_SPENT: fuel=1 combat=0 total=1 | BEFORE: fuel=1 combat=14 | AFTER: fuel=2 combat=14,,,,,,,,,,,,,,,,,,,,,,,,
2025-09-15T23:52:10.438624,,,Polska,Z_Kompania__3_Kompania_Zaopatrzeniowa,,resupply_detailed,33,14,33,14,,,,,,,,,,,,,,,,,,,,,,phase1 MULTI_TURN_START | PE_SPENT: fuel=1 combat=0 total=1 | BEFORE: fuel=2 combat=6 | AFTER: fuel=3 combat=6,,,,,,,,,,,,,,,,,,,,,,,,
2025-09-15T23:52:10.439908,,,Polska,P_Pluton__3_Kompania_Grenadier_w,,resupply_detailed,37,13,37,13,,,,,,,,,,,,,,,,,,,,,,phase1 MULTI_TURN_START | PE_SPENT: fuel=1 combat=0 total=1 | BEFORE: fuel=1 combat=8 | AFTER: fuel=2 combat=8,,,,,,,,,,,,,,,,,,,,,,,,
2025-09-15T23:52:10.439908,,,Polska,K_Pluton__3_Oddzia_Jazdy,,resupply_detailed,29,17,29,17,,,,,,,,,,,,,,,,,,,,,,phase1 MULTI_TURN_START | PE_SPENT: fuel=1 combat=0 total=1 | BEFORE: fuel=2 combat=6 | AFTER: fuel=3 combat=6,,,,,,,,,,,,,,,,,,,,,,,,
2025-09-15T23:52:10.439908,,,Polska,RESUPPLY_OPERATION,,resupply_summary,,,,,,,,,,,,,,,,,,,,,,,,,,RESUPPLY_SUMMARY MULTI_TURN_START | TOTAL_PE_SPENT: 9 | UNITS_RESUPPLIED: 9/9 | BUDGET_ALLOCATED: 97 | PE_REMAINING: 113,,,,,,,,,,,,,,,,,,,,,,,,
2025-09-15T23:52:10.488810,,target_selection,Polska,Z_Pluton__3_Batalion_Wsparcia,,target_analysis,,,,,13,26,,,,,,,,,,,,,,,,,,,,"Target analysis: 29 candidates, score -1.00",,29,-1,999,,,,,,,,,False,,,,,,,29,29,29,6,3
2025-09-15T23:52:10.488810,,,Polska,Z_Pluton__3_Batalion_Wsparcia,,second_move,,,13,26,,,,,,,,,,,,,,,,,,,,,,second_chance after MULTI_TURN_START,,,,,,,,,,,,,,,,,,,,,,,,
2025-09-15T23:52:10.524550,,target_selection,Polska,Z_Pluton__3_Kompania_Zaopatrzeniowa,,target_analysis,,,,,27,19,,,,,,,,,,,,,,,,,,,,"Target analysis: 29 candidates, score -1.00",,29,-1,999,,,,,,,,,False,,,,,,,29,29,29,4,3
2025-09-15T23:52:10.527607,,,Polska,Z_Pluton__3_Kompania_Zaopatrzeniowa,,second_move,,,27,19,,,,,,,,,,,,,,,,,,,,,,second_chance after MULTI_TURN_START,,,,,,,,,,,,,,,,,,,,,,,,
2025-09-15T23:52:10.557702,,target_selection,Polska,Z_Pluton__3_Kompania_Zaopatrzeniowa_20250913214023,,target_analysis,,,,,16,19,,,,,,,,,,,,,,,,,,,,"Target analysis: 29 candidates, score 30.00",,29,30.0,1,,,,,,,,,False,,,,"(16, 19)",,,28,29,29,6,3
2025-09-15T23:52:10.561381,,,Polska,Z_Pluton__3_Kompania_Zaopatrzeniowa_20250913214023,,second_move,,,16,19,,,,,,,,,,,,,,,,,,,,,,second_chance after MULTI_TURN_START,,,,,,,,,,,,,,,,,,,,,,,,
2025-09-15T23:52:10.590887,,target_selection,Polska,P_Kompania__3_Batalion_Strzelc_w,,target_analysis,,,,,42,10,,,,,,,,,,,,,,,,,,,,"Target analysis: 29 candidates, score -1.00",,29,-1,999,,,,,,,,,False,,,,,,,29,29,29,6,2
2025-09-15T23:52:10.600193,,,Polska,P_Kompania__3_Batalion_Strzelc_w,,second_move,,,42,10,,,,,,,,,,,,,,,,,,,,,,second_chance after MULTI_TURN_START,,,,,,,,,,,,,,,,,,,,,,,,
2025-09-15T23:52:10.611354,,target_selection,Polska,P_Pluton__3_Pu_k_Piechoty,,target_analysis,,,,,39,12,,,,,,,,,,,,,,,,,,,,"Target analysis: 29 candidates, score -1.00",,29,-1,999,,,,,,,,,False,,,,,,,29,29,29,3,2
2025-09-15T23:52:10.616470,,,Polska,P_Pluton__3_Pu_k_Piechoty,,second_move,,,39,12,,,,,,,,,,,,,,,,,,,,,,second_chance after MULTI_TURN_START,,,,,,,,,,,,,,,,,,,,,,,,
2025-09-15T23:52:10.630593,,target_selection,Polska,P_Batalion__3_Pu_k_Piechoty,,target_analysis,,,,,34,15,,,,,,,,,,,,,,,,,,,,"Target analysis: 29 candidates, score -1.00",,29,-1,999,,,,,,,,,False,,,,,,,29,29,29,3,2
2025-09-15T23:52:10.635684,,,Polska,P_Batalion__3_Pu_k_Piechoty,,second_move,,,34,15,,,,,,,,,,,,,,,,,,,,,,second_chance after MULTI_TURN_START,,,,,,,,,,,,,,,,,,,,,,,,
2025-09-15T23:52:10.679627,,target_selection,Polska,Z_Kompania__3_Kompania_Zaopatrzeniowa,,target_analysis,,,,,36,14,,,,,,,,,,,,,,,,,,,,"Target analysis: 29 candidates, score -1.00",,29,-1,999,,,,,,,,,False,,,,,,,29,29,29,4,3
2025-09-15T23:52:10.684499,,,Polska,Z_Kompania__3_Kompania_Zaopatrzeniowa,,second_move,,,36,14,,,,,,,,,,,,,,,,,,,,,,second_chance after MULTI_TURN_START,,,,,,,,,,,,,,,,,,,,,,,,
2025-09-15T23:52:10.705784,,target_selection,Polska,P_Pluton__3_Kompania_Grenadier_w,,target_analysis,,,,,39,13,,,,,,,,,,,,,,,,,,,,"Target analysis: 29 candidates, score -1.00",,29,-1,999,,,,,,,,,False,,,,,,,29,29,29,3,2
2025-09-15T23:52:10.710303,,,Polska,P_Pluton__3_Kompania_Grenadier_w,,second_move,,,39,13,,,,,,,,,,,,,,,,,,,,,,second_chance after MULTI_TURN_START,,,,,,,,,,,,,,,,,,,,,,,,
2025-09-15T23:52:10.747176,,target_selection,Polska,K_Pluton__3_Oddzia_Jazdy,,target_analysis,,,,,32,17,,,,,,,,,,,,,,,,,,,,"Target analysis: 29 candidates, score -1.00",,29,-1,999,,,,,,,,,False,,,,,,,29,29,29,6,3
2025-09-15T23:52:10.752950,,,Polska,K_Pluton__3_Oddzia_Jazdy,,second_move,,,32,17,,,,,,,,,,,,,,,,,,,,,,second_chance after MULTI_TURN_START,,,,,,,,,,,,,,,,,,,,,,,,
2025-09-15T23:52:10.758737,,,Polska,RESUPPLY_NEEDS,,resupply_analysis,,,,,,,,,,,,,,,,,,,,,,,,,,NEEDS_ANALYSIS PRE_RAID_OPTIMIZATION | TOTAL_FUEL_NEEDED: 15 | TOTAL_COMBAT_NEEDED: 0 | TOTAL_PE_NEEDED: 15 | BUDGET_AVAILABLE: 90 | UNITS_REQUIRING_HELP: 9,,,,,,,,,,,,,,,,,,,,,,,,
2025-09-15T23:52:10.758737,,,Polska,Z_Pluton__3_Batalion_Wsparcia,,resupply_detailed,15,24,15,24,,,,,,,,,,,,,,,,,,,,,,phase1 PRE_RAID_OPTIMIZATION | PE_SPENT: fuel=2 combat=0 total=2 | BEFORE: fuel=1 combat=4 | AFTER: fuel=3 combat=4,,,,,,,,,,,,,,,,,,,,,,,,
2025-09-15T23:52:10.758737,,,Polska,Z_Pluton__3_Kompania_Zaopatrzeniowa,,resupply_detailed,27,19,27,19,,,,,,,,,,,,,,,,,,,,,,phase1 PRE_RAID_OPTIMIZATION | PE_SPENT: fuel=1 combat=0 total=1 | BEFORE: fuel=2 combat=4 | AFTER: fuel=3 combat=4,,,,,,,,,,,,,,,,,,,,,,,,
2025-09-15T23:52:10.760692,,,Polska,Z_Pluton__3_Kompania_Zaopatrzeniowa_20250913214023,,resupply_detailed,16,19,16,19,,,,,,,,,,,,,,,,,,,,,,phase1 PRE_RAID_OPTIMIZATION | PE_SPENT: fuel=1 combat=0 total=1 | BEFORE: fuel=2 combat=4 | AFTER: fuel=3 combat=4,,,,,,,,,,,,,,,,,,,,,,,,
2025-09-15T23:52:10.760692,,,Polska,P_Kompania__3_Batalion_Strzelc_w,,resupply_detailed,42,10,42,10,,,,,,,,,,,,,,,,,,,,,,phase1 PRE_RAID_OPTIMIZATION | PE_SPENT: fuel=1 combat=0 total=1 | BEFORE: fuel=1 combat=11 | AFTER: fuel=2 combat=11,,,,,,,,,,,,,,,,,,,,,,,,
2025-09-15T23:52:10.762700,,,Polska,P_Pluton__3_Pu_k_Piechoty,,resupply_detailed,39,12,39,12,,,,,,,,,,,,,,,,,,,,,,phase1 PRE_RAID_OPTIMIZATION | PE_SPENT: fuel=1 combat=0 total=1 | BEFORE: fuel=1 combat=8 | AFTER: fuel=2 combat=8,,,,,,,,,,,,,,,,,,,,,,,,
2025-09-15T23:52:10.762700,,,Polska,P_Batalion__3_Pu_k_Piechoty,,resupply_detailed,34,15,34,15,,,,,,,,,,,,,,,,,,,,,,phase1 PRE_RAID_OPTIMIZATION | PE_SPENT: fuel=1 combat=0 total=1 | BEFORE: fuel=1 combat=14 | AFTER: fuel=2 combat=14,,,,,,,,,,,,,,,,,,,,,,,,
2025-09-15T23:52:10.764333,,,Polska,Z_Kompania__3_Kompania_Zaopatrzeniowa,,resupply_detailed,36,14,36,14,,,,,,,,,,,,,,,,,,,,,,phase1 PRE_RAID_OPTIMIZATION | PE_SPENT: fuel=1 combat=0 total=1 | BEFORE: fuel=2 combat=6 | AFTER: fuel=3 combat=6,,,,,,,,,,,,,,,,,,,,,,,,
2025-09-15T23:52:10.766969,,,Polska,P_Pluton__3_Kompania_Grenadier_w,,resupply_detailed,39,13,39,13,,,,,,,,,,,,,,,,,,,,,,phase1 PRE_RAID_OPTIMIZATION | PE_SPENT: fuel=1 combat=0 total=1 | BEFORE: fuel=1 combat=8 | AFTER: fuel=2 combat=8,,,,,,,,,,,,,,,,,,,,,,,,
2025-09-15T23:52:10.768219,,,Polska,K_Pluton__3_Oddzia_Jazdy,,resupply_detailed,32,17,32,17,,,,,,,,,,,,,,,,,,,,,,phase1 PRE_RAID_OPTIMIZATION | PE_SPENT: fuel=1 combat=0 total=1 | BEFORE: fuel=2 combat=6 | AFTER: fuel=3 combat=6,,,,,,,,,,,,,,,,,,,,,,,,
2025-09-15T23:52:10.768219,,,Polska,RESUPPLY_OPERATION,,resupply_summary,,,,,,,,,,,,,,,,,,,,,,,,,,RESUPPLY_SUMMARY PRE_RAID_OPTIMIZATION | TOTAL_PE_SPENT: 10 | UNITS_RESUPPLIED: 9/9 | BUDGET_ALLOCATED: 90 | PE_REMAINING: 103,,,,,,,,,,,,,,,,,,,,,,,,
2025-09-15T23:52:10.800241,,target_selection,Polska,Z_Pluton__3_Batalion_Wsparcia,,target_analysis,,,,,12,27,,,,,,,,,,,,,,,,,,,,"Target analysis: 29 candidates, score -1.00",,29,-1,999,,,,,,,,,False,,,,,,,29,29,29,7,3
2025-09-15T23:52:10.803748,,,Polska,Z_Pluton__3_Batalion_Wsparcia,,second_move,,,12,27,,,,,,,,,,,,,,,,,,,,,,second_chance after PRE_RAID_OPTIMIZATION,,,,,,,,,,,,,,,,,,,,,,,,
2025-09-15T23:52:10.821620,,target_selection,Polska,Z_Pluton__3_Kompania_Zaopatrzeniowa,,target_analysis,,,,,24,19,,,,,,,,,,,,,,,,,,,,"Target analysis: 29 candidates, score -1.00",,29,-1,999,,,,,,,,,False,,,,,,,29,29,29,3,3
2025-09-15T23:52:10.830229,,,Polska,Z_Pluton__3_Kompania_Zaopatrzeniowa,,second_move,,,24,19,,,,,,,,,,,,,,,,,,,,,,second_chance after PRE_RAID_OPTIMIZATION,,,,,,,,,,,,,,,,,,,,,,,,
2025-09-15T23:52:10.860238,,target_selection,Polska,Z_Pluton__3_Kompania_Zaopatrzeniowa_20250913214023,,target_analysis,,,,,16,20,,,,,,,,,,,,,,,,,,,,"Target analysis: 29 candidates, score 30.00",,29,30.0,1,,,,,,,,,False,,,,"(16, 20)",,,28,29,29,5,3
2025-09-15T23:52:10.868233,,,Polska,Z_Pluton__3_Kompania_Zaopatrzeniowa_20250913214023,,second_move,,,16,20,,,,,,,,,,,,,,,,,,,,,,second_chance after PRE_RAID_OPTIMIZATION,,,,,,,,,,,,,,,,,,,,,,,,
2025-09-15T23:52:10.891578,,target_selection,Polska,P_Kompania__3_Batalion_Strzelc_w,,target_analysis,,,,,40,10,,,,,,,,,,,,,,,,,,,,"Target analysis: 29 candidates, score -1.00",,29,-1,999,,,,,,,,,False,,,,,,,29,29,29,5,2
2025-09-15T23:52:10.896219,,,Polska,P_Kompania__3_Batalion_Strzelc_w,,second_move,,,40,10,,,,,,,,,,,,,,,,,,,,,,second_chance after PRE_RAID_OPTIMIZATION,,,,,,,,,,,,,,,,,,,,,,,,
2025-09-15T23:52:10.912168,,target_selection,Polska,P_Pluton__3_Pu_k_Piechoty,,target_analysis,,,,,41,12,,,,,,,,,,,,,,,,,,,,"Target analysis: 29 candidates, score -1.00",,29,-1,999,,,,,,,,,False,,,,,,,29,29,29,2,2
2025-09-15T23:52:10.919593,,,Polska,P_Pluton__3_Pu_k_Piechoty,,second_move,,,41,12,,,,,,,,,,,,,,,,,,,,,,second_chance after PRE_RAID_OPTIMIZATION,,,,,,,,,,,,,,,,,,,,,,,,
2025-09-15T23:52:10.935959,,target_selection,Polska,P_Batalion__3_Pu_k_Piechoty,,target_analysis,,,,,36,15,,,,,,,,,,,,,,,,,,,,"Target analysis: 29 candidates, score -1.00",,29,-1,999,,,,,,,,,False,,,,,,,29,29,29,2,2
2025-09-15T23:52:10.940859,,,Polska,P_Batalion__3_Pu_k_Piechoty,,second_move,,,36,15,,,,,,,,,,,,,,,,,,,,,,second_chance after PRE_RAID_OPTIMIZATION,,,,,,,,,,,,,,,,,,,,,,,,
2025-09-15T23:52:10.970830,,target_selection,Polska,Z_Kompania__3_Kompania_Zaopatrzeniowa,,target_analysis,,,,,33,14,,,,,,,,,,,,,,,,,,,,"Target analysis: 29 candidates, score -1.00",,29,-1,999,,,,,,,,,False,,,,,,,29,29,29,3,3
2025-09-15T23:52:10.975603,,,Polska,Z_Kompania__3_Kompania_Zaopatrzeniowa,,second_move,,,33,14,,,,,,,,,,,,,,,,,,,,,,second_chance after PRE_RAID_OPTIMIZATION,,,,,,,,,,,,,,,,,,,,,,,,
2025-09-15T23:52:10.989512,,target_selection,Polska,P_Pluton__3_Kompania_Grenadier_w,,target_analysis,,,,,37,13,,,,,,,,,,,,,,,,,,,,"Target analysis: 29 candidates, score -1.00",,29,-1,999,,,,,,,,,False,,,,,,,29,29,29,2,2
2025-09-15T23:52:10.993623,,,Polska,P_Pluton__3_Kompania_Grenadier_w,,second_move,,,37,13,,,,,,,,,,,,,,,,,,,,,,second_chance after PRE_RAID_OPTIMIZATION,,,,,,,,,,,,,,,,,,,,,,,,
2025-09-15T23:52:11.022829,,target_selection,Polska,K_Pluton__3_Oddzia_Jazdy,,target_analysis,,,,,29,17,,,,,,,,,,,,,,,,,,,,"Target analysis: 29 candidates, score -1.00",,29,-1,999,,,,,,,,,False,,,,,,,29,29,29,5,3
2025-09-15T23:52:11.027986,,,Polska,K_Pluton__3_Oddzia_Jazdy,,second_move,,,29,17,,,,,,,,,,,,,,,,,,,,,,second_chance after PRE_RAID_OPTIMIZATION,,,,,,,,,,,,,,,,,,,,,,,,
2025-09-15T23:52:11.090011,,,Polska,RESUPPLY_NEEDS,,resupply_analysis,,,,,,,,,,,,,,,,,,,,,,,,,,NEEDS_ANALYSIS PRE_RAID_OPTIMIZATION | TOTAL_FUEL_NEEDED: 14 | TOTAL_COMBAT_NEEDED: 0 | TOTAL_PE_NEEDED: 14 | BUDGET_AVAILABLE: 82 | UNITS_REQUIRING_HELP: 9,,,,,,,,,,,,,,,,,,,,,,,,
2025-09-15T23:52:11.091020,,,Polska,Z_Pluton__3_Batalion_Wsparcia,,resupply_bonus,12,27,12,27,,,,,,,,,,,,,,,,,,,,,,bonus_phase PRE_RAID_OPTIMIZATION | PE_SPENT: fuel=1 combat=0 total=1 | BONUS_ALLOCATION: 2 PE available | REMAINING_BUDGET: 18 PE,,,,,,,,,,,,,,,,,,,,,,,,
2025-09-15T23:52:11.091020,,,Polska,Z_Pluton__3_Kompania_Zaopatrzeniowa,,resupply_bonus,24,19,24,19,,,,,,,,,,,,,,,,,,,,,,bonus_phase PRE_RAID_OPTIMIZATION | PE_SPENT: fuel=1 combat=0 total=1 | BONUS_ALLOCATION: 2 PE available | REMAINING_BUDGET: 17 PE,,,,,,,,,,,,,,,,,,,,,,,,
2025-09-15T23:52:11.091020,,,Polska,Z_Pluton__3_Kompania_Zaopatrzeniowa_20250913214023,,resupply_bonus,16,20,16,20,,,,,,,,,,,,,,,,,,,,,,bonus_phase PRE_RAID_OPTIMIZATION | PE_SPENT: fuel=1 combat=0 total=1 | BONUS_ALLOCATION: 2 PE available | REMAINING_BUDGET: 16 PE,,,,,,,,,,,,,,,,,,,,,,,,
2025-09-15T23:52:11.091020,,,Polska,Z_Kompania__3_Kompania_Zaopatrzeniowa,,resupply_bonus,33,14,33,14,,,,,,,,,,,,,,,,,,,,,,bonus_phase PRE_RAID_OPTIMIZATION | PE_SPENT: fuel=1 combat=0 total=1 | BONUS_ALLOCATION: 2 PE available | REMAINING_BUDGET: 15 PE,,,,,,,,,,,,,,,,,,,,,,,,
2025-09-15T23:52:11.091020,,,Polska,K_Pluton__3_Oddzia_Jazdy,,resupply_bonus,29,17,29,17,,,,,,,,,,,,,,,,,,,,,,bonus_phase PRE_RAID_OPTIMIZATION | PE_SPENT: fuel=1 combat=0 total=1 | BONUS_ALLOCATION: 2 PE available | REMAINING_BUDGET: 14 PE,,,,,,,,,,,,,,,,,,,,,,,,
2025-09-15T23:52:11.094632,,,Polska,RESUPPLY_OPERATION,,resupply_summary,,,,,,,,,,,,,,,,,,,,,,,,,,RESUPPLY_SUMMARY PRE_RAID_OPTIMIZATION | TOTAL_PE_SPENT: 5 | UNITS_RESUPPLIED: 0/9 | BUDGET_ALLOCATED: 82 | PE_REMAINING: 98,,,,,,,,,,,,,,,,,,,,,,,,
2025-09-15T23:52:11.116499,,target_selection,Polska,Z_Pluton__3_Batalion_Wsparcia,,target_analysis,,,,,12,24,,,,,,,,,,,,,,,,,,,,"Target analysis: 29 candidates, score -1.00",,29,-1,999,,,,,,,,,False,,,,,,,29,29,29,3,3
2025-09-15T23:52:11.119686,,,Polska,Z_Pluton__3_Batalion_Wsparcia,,second_move,,,12,24,,,,,,,,,,,,,,,,,,,,,,second_chance after PRE_RAID_OPTIMIZATION,,,,,,,,,,,,,,,,,,,,,,,,
2025-09-15T23:52:11.138314,,target_selection,Polska,Z_Pluton__3_Kompania_Zaopatrzeniowa,,target_analysis,,,,,26,19,,,,,,,,,,,,,,,,,,,,"Target analysis: 29 candidates, score -1.00",,29,-1,999,,,,,,,,,False,,,,,,,29,29,29,2,3
2025-09-15T23:52:11.139648,,,Polska,Z_Pluton__3_Kompania_Zaopatrzeniowa,,second_move,,,26,19,,,,,,,,,,,,,,,,,,,,,,second_chance after PRE_RAID_OPTIMIZATION,,,,,,,,,,,,,,,,,,,,,,,,
2025-09-15T23:52:11.172219,,target_selection,Polska,Z_Pluton__3_Kompania_Zaopatrzeniowa_20250913214023,,target_analysis,,,,,16,19,,,,,,,,,,,,,,,,,,,,"Target analysis: 29 candidates, score 30.00",,29,30.0,1,,,,,,,,,False,,,,"(16, 19)",,,28,29,29,4,3
2025-09-15T23:52:11.175896,,,Polska,Z_Pluton__3_Kompania_Zaopatrzeniowa_20250913214023,,second_move,,,16,19,,,,,,,,,,,,,,,,,,,,,,second_chance after PRE_RAID_OPTIMIZATION,,,,,,,,,,,,,,,,,,,,,,,,
2025-09-15T23:52:11.190824,,target_selection,Polska,P_Kompania__3_Batalion_Strzelc_w,,target_analysis,,,,,41,10,,,,,,,,,,,,,,,,,,,,"Target analysis: 29 candidates, score -1.00",,29,-1,999,,,,,,,,,False,,,,,,,29,29,29,4,1
2025-09-15T23:52:11.194387,,,Polska,P_Kompania__3_Batalion_Strzelc_w,,second_move,,,41,10,,,,,,,,,,,,,,,,,,,,,,second_chance after PRE_RAID_OPTIMIZATION,,,,,,,,,,,,,,,,,,,,,,,,
2025-09-15T23:52:11.203177,,target_selection,Polska,P_Pluton__3_Pu_k_Piechoty,,target_analysis,,,,,40,12,,,,,,,,,,,,,,,,,,,,"Target analysis: 29 candidates, score -1.00",,29,-1,999,,,,,,,,,False,,,,,,,29,29,29,1,1
2025-09-15T23:52:11.207486,,,Polska,P_Pluton__3_Pu_k_Piechoty,,second_move,,,40,12,,,,,,,,,,,,,,,,,,,,,,second_chance after PRE_RAID_OPTIMIZATION,,,,,,,,,,,,,,,,,,,,,,,,
2025-09-15T23:52:11.213253,,target_selection,Polska,P_Batalion__3_Pu_k_Piechoty,,target_analysis,,,,,35,15,,,,,,,,,,,,,,,,,,,,"Target analysis: 29 candidates, score -1.00",,29,-1,999,,,,,,,,,False,,,,,,,29,29,29,1,1
2025-09-15T23:52:11.219862,,,Polska,P_Batalion__3_Pu_k_Piechoty,,second_move,,,35,15,,,,,,,,,,,,,,,,,,,,,,second_chance after PRE_RAID_OPTIMIZATION,,,,,,,,,,,,,,,,,,,,,,,,
2025-09-15T23:52:11.241213,,target_selection,Polska,Z_Kompania__3_Kompania_Zaopatrzeniowa,,target_analysis,,,,,35,14,,,,,,,,,,,,,,,,,,,,"Target analysis: 29 candidates, score -1.00",,29,-1,999,,,,,,,,,False,,,,,,,29,29,29,2,3
2025-09-15T23:52:11.244693,,,Polska,Z_Kompania__3_Kompania_Zaopatrzeniowa,,second_move,,,35,14,,,,,,,,,,,,,,,,,,,,,,second_chance after PRE_RAID_OPTIMIZATION,,,,,,,,,,,,,,,,,,,,,,,,
2025-09-15T23:52:11.256155,,target_selection,Polska,P_Pluton__3_Kompania_Grenadier_w,,target_analysis,,,,,38,13,,,,,,,,,,,,,,,,,,,,"Target analysis: 29 candidates, score -1.00",,29,-1,999,,,,,,,,,False,,,,,,,29,29,29,1,1
2025-09-15T23:52:11.259476,,,Polska,P_Pluton__3_Kompania_Grenadier_w,,second_move,,,38,13,,,,,,,,,,,,,,,,,,,,,,second_chance after PRE_RAID_OPTIMIZATION,,,,,,,,,,,,,,,,,,,,,,,,
2025-09-15T23:52:11.291762,,target_selection,Polska,K_Pluton__3_Oddzia_Jazdy,,target_analysis,,,,,32,17,,,,,,,,,,,,,,,,,,,,"Target analysis: 29 candidates, score -1.00",,29,-1,999,,,,,,,,,False,,,,,,,29,29,29,4,3
2025-09-15T23:52:11.295431,,,Polska,K_Pluton__3_Oddzia_Jazdy,,second_move,,,32,17,,,,,,,,,,,,,,,,,,,,,,second_chance after PRE_RAID_OPTIMIZATION,,,,,,,,,,,,,,,,,,,,,,,,
2025-09-15T23:52:11.296540,,,Polska,RESUPPLY_NEEDS,,resupply_analysis,,,,,,,,,,,,,,,,,,,,,,,,,,NEEDS_ANALYSIS LOW_FUEL | TOTAL_FUEL_NEEDED: 18 | TOTAL_COMBAT_NEEDED: 0 | TOTAL_PE_NEEDED: 18 | BUDGET_AVAILABLE: 88 | UNITS_REQUIRING_HELP: 9,,,,,,,,,,,,,,,,,,,,,,,,
2025-09-15T23:52:11.300922,,,Polska,RESUPPLY_OPERATION,,resupply_summary,,,,,,,,,,,,,,,,,,,,,,,,,,RESUPPLY_SUMMARY LOW_FUEL | TOTAL_PE_SPENT: 0 | UNITS_RESUPPLIED: 0/9 | BUDGET_ALLOCATED: 88 | PE_REMAINING: 98,,,,,,,,,,,,,,,,,,,,,,,,
2025-09-15T23:52:11.317358,,target_selection,Polska,Z_Pluton__3_Batalion_Wsparcia,,target_analysis,,,,,12,26,,,,,,,,,,,,,,,,,,,,"Target analysis: 29 candidates, score -1.00",,29,-1,999,,,,,,,,,False,,,,,,,29,29,29,2,2
2025-09-15T23:52:11.320606,,,Polska,Z_Pluton__3_Batalion_Wsparcia,,second_move,,,12,26,,,,,,,,,,,,,,,,,,,,,,second_chance after LOW_FUEL,,,,,,,,,,,,,,,,,,,,,,,,
2025-09-15T23:52:11.327098,,target_selection,Polska,Z_Pluton__3_Kompania_Zaopatrzeniowa,,target_analysis,,,,,27,19,,,,,,,,,,,,,,,,,,,,"Target analysis: 29 candidates, score -1.00",,29,-1,999,,,,,,,,,False,,,,,,,29,29,29,1,2
2025-09-15T23:52:11.335406,,,Polska,Z_Pluton__3_Kompania_Zaopatrzeniowa,,second_move,,,27,19,,,,,,,,,,,,,,,,,,,,,,second_chance after LOW_FUEL,,,,,,,,,,,,,,,,,,,,,,,,
2025-09-15T23:52:11.354290,,target_selection,Polska,Z_Pluton__3_Kompania_Zaopatrzeniowa_20250913214023,,target_analysis,,,,,16,20,,,,,,,,,,,,,,,,,,,,"Target analysis: 29 candidates, score 30.00",,29,30.0,1,,,,,,,,,False,,,,"(16, 20)",,,28,29,29,3,2
2025-09-15T23:52:11.358364,,,Polska,Z_Pluton__3_Kompania_Zaopatrzeniowa_20250913214023,,second_move,,,16,20,,,,,,,,,,,,,,,,,,,,,,second_chance after LOW_FUEL,,,,,,,,,,,,,,,,,,,,,,,,
2025-09-15T23:52:11.370535,,target_selection,Polska,Z_Kompania__3_Kompania_Zaopatrzeniowa,,target_analysis,,,,,36,14,,,,,,,,,,,,,,,,,,,,"Target analysis: 29 candidates, score -1.00",,29,-1,999,,,,,,,,,False,,,,,,,29,29,29,1,2
2025-09-15T23:52:11.374542,,,Polska,Z_Kompania__3_Kompania_Zaopatrzeniowa,,second_move,,,36,14,,,,,,,,,,,,,,,,,,,,,,second_chance after LOW_FUEL,,,,,,,,,,,,,,,,,,,,,,,,
2025-09-15T23:52:11.389301,,target_selection,Polska,K_Pluton__3_Oddzia_Jazdy,,target_analysis,,,,,30,17,,,,,,,,,,,,,,,,,,,,"Target analysis: 29 candidates, score -1.00",,29,-1,999,,,,,,,,,False,,,,,,,29,29,29,3,2
2025-09-15T23:52:11.395160,,,Polska,K_Pluton__3_Oddzia_Jazdy,,second_move,,,30,17,,,,,,,,,,,,,,,,,,,,,,second_chance after LOW_FUEL,,,,,,,,,,,,,,,,,,,,,,,,
2025-09-15T23:52:11.396648,,,Polska,RESUPPLY_NEEDS,,resupply_analysis,,,,,,,,,,,,,,,,,,,,,,,,,,NEEDS_ANALYSIS PRE_RAID_OPTIMIZATION | TOTAL_FUEL_NEEDED: 23 | TOTAL_COMBAT_NEEDED: 0 | TOTAL_PE_NEEDED: 23 | BUDGET_AVAILABLE: 88 | UNITS_REQUIRING_HELP: 9,,,,,,,,,,,,,,,,,,,,,,,,
2025-09-15T23:52:11.401118,,,Polska,RESUPPLY_OPERATION,,resupply_summary,,,,,,,,,,,,,,,,,,,,,,,,,,RESUPPLY_SUMMARY PRE_RAID_OPTIMIZATION | TOTAL_PE_SPENT: 0 | UNITS_RESUPPLIED: 0/9 | BUDGET_ALLOCATED: 88 | PE_REMAINING: 98,,,,,,,,,,,,,,,,,,,,,,,,
2025-09-15T23:52:11.408620,,target_selection,Polska,Z_Pluton__3_Batalion_Wsparcia,,target_analysis,,,,,13,26,,,,,,,,,,,,,,,,,,,,"Target analysis: 29 candidates, score -1.00",,29,-1,999,,,,,,,,,False,,,,,,,29,29,29,1,1
2025-09-15T23:52:11.418687,,,Polska,Z_Pluton__3_Batalion_Wsparcia,,second_move,,,13,26,,,,,,,,,,,,,,,,,,,,,,second_chance after PRE_RAID_OPTIMIZATION,,,,,,,,,,,,,,,,,,,,,,,,
2025-09-15T23:52:11.427674,,target_selection,Polska,Z_Pluton__3_Kompania_Zaopatrzeniowa_20250913214023,,target_analysis,,,,,17,20,,,,,,,,,,,,,,,,,,,,"Target analysis: 29 candidates, score -1.00",,29,-1,999,,,,,,,,,False,,,,,,,29,29,29,2,1
2025-09-15T23:52:11.434298,,,Polska,Z_Pluton__3_Kompania_Zaopatrzeniowa_20250913214023,,second_move,,,17,20,,,,,,,,,,,,,,,,,,,,,,second_chance after PRE_RAID_OPTIMIZATION,,,,,,,,,,,,,,,,,,,,,,,,
2025-09-15T23:52:11.444381,,target_selection,Polska,K_Pluton__3_Oddzia_Jazdy,,target_analysis,,,,,31,17,,,,,,,,,,,,,,,,,,,,"Target analysis: 29 candidates, score -1.00",,29,-1,999,,,,,,,,,False,,,,,,,29,29,29,2,1
2025-09-15T23:52:11.448342,,,Polska,K_Pluton__3_Oddzia_Jazdy,,second_move,,,31,17,,,,,,,,,,,,,,,,,,,,,,second_chance after PRE_RAID_OPTIMIZATION,,,,,,,,,,,,,,,,,,,,,,,,
2025-09-15T23:52:11.451672,,,Polska,RESUPPLY_NEEDS,,resupply_analysis,,,,,,,,,,,,,,,,,,,,,,,,,,NEEDS_ANALYSIS LOW_FUEL | TOTAL_FUEL_NEEDED: 26 | TOTAL_COMBAT_NEEDED: 0 | TOTAL_PE_NEEDED: 26 | BUDGET_AVAILABLE: 88 | UNITS_REQUIRING_HELP: 9,,,,,,,,,,,,,,,,,,,,,,,,
2025-09-15T23:52:11.452683,,,Polska,RESUPPLY_OPERATION,,resupply_summary,,,,,,,,,,,,,,,,,,,,,,,,,,RESUPPLY_SUMMARY LOW_FUEL | TOTAL_PE_SPENT: 0 | UNITS_RESUPPLIED: 0/9 | BUDGET_ALLOCATED: 88 | PE_REMAINING: 98,,,,,,,,,,,,,,,,,,,,,,,,
2025-09-15T23:52:11.507717,,strategy,Polska,STRATEGY,,strategic_decision,,,,,,,,,,,,,,,,,,,,,,,,,,"Strategy: REASSIGNMENT, aggression 0.50, 5 groups, 0 reassignments",,,,,,,,,REASSIGNMENT,0.5,,,,,,adaptive,,0,dynamic_reassignment,,,,,
2025-09-15T23:52:11.529285,,strategy,Polska,STRATEGY,,strategic_decision,,,,,,,,,,,,,,,,,,,,,,,,,,"Strategy: REASSIGNMENT, aggression 0.50, 5 groups, 0 reassignments",,,,,,,,,REASSIGNMENT,0.5,,,,,,adaptive,,0,dynamic_reassignment,,,,,
2025-09-15T23:52:11.550828,,strategy,Polska,STRATEGY,,strategic_decision,,,,,,,,,,,,,,,,,,,,,,,,,,"Strategy: REASSIGNMENT, aggression 0.50, 1 groups, 0 reassignments",,,,,,,,,REASSIGNMENT,0.5,,,,,,adaptive,,0,dynamic_reassignment,,,,,
2025-09-15T23:52:11.568909,,target_selection,Polska,Z_Pluton__3_Kompania_Zaopatrzeniowa,,target_analysis,,,,,25,19,,,,,,,,,,,,,,,,,,,,"Target analysis: 29 candidates, score -1.00",,29,-1,999,,,,,,,,,False,,,,,,,29,29,29,5,2
2025-09-15T23:52:11.572664,,strategy,Polska,STRATEGY,,strategic_decision,,,,,,,,,,,,,,,,,,,,,,,,,,"Strategy: REASSIGNMENT, aggression 0.50, 1 groups, 0 reassignments",,,,,,,,,REASSIGNMENT,0.5,,,,,,adaptive,,0,dynamic_reassignment,,,,,
2025-09-15T23:52:11.579586,,target_selection,Polska,Z_Pluton__3_Kompania_Zaopatrzeniowa_20250913214023,,target_analysis,,,,,,,,,,,,,,,,,,,,,,,,,,"Target analysis: 29 candidates, score -1.00",,29,-1,999,,,,,,,,,False,,,,,,,29,29,29,7,0
2025-09-15T23:52:11.584681,,,Polska,RESUPPLY_NEEDS,,resupply_analysis,,,,,,,,,,,,,,,,,,,,,,,,,,NEEDS_ANALYSIS LOW_FUEL | TOTAL_FUEL_NEEDED: 26 | TOTAL_COMBAT_NEEDED: 0 | TOTAL_PE_NEEDED: 26 | BUDGET_AVAILABLE: 88 | UNITS_REQUIRING_HELP: 9,,,,,,,,,,,,,,,,,,,,,,,,
2025-09-15T23:52:11.585071,,,Polska,RESUPPLY_OPERATION,,resupply_summary,,,,,,,,,,,,,,,,,,,,,,,,,,RESUPPLY_SUMMARY LOW_FUEL | TOTAL_PE_SPENT: 0 | UNITS_RESUPPLIED: 0/9 | BUDGET_ALLOCATED: 88 | PE_REMAINING: 98,,,,,,,,,,,,,,,,,,,,,,,,
2025-09-15T23:52:11.587373,,strategy,Polska,STRATEGY,,strategic_decision,,,,,,,,,,,,,,,,,,,,,,,,,,"Strategy: REASSIGNMENT, aggression 0.50, 1 groups, 0 reassignments",,,,,,,,,REASSIGNMENT,0.5,,,,,,adaptive,,0,dynamic_reassignment,,,,,
2025-09-15T23:52:11.589243,,target_selection,Polska,P_Kompania__3_Batalion_Strzelc_w,,target_analysis,,,,,,,,,,,,,,,,,,,,,,,,,,"Target analysis: 29 candidates, score -1.00",,29,-1,999,,,,,,,,,False,,,,,,,29,29,29,7,0
2025-09-15T23:52:11.595115,,,Polska,RESUPPLY_NEEDS,,resupply_analysis,,,,,,,,,,,,,,,,,,,,,,,,,,NEEDS_ANALYSIS LOW_FUEL | TOTAL_FUEL_NEEDED: 26 | TOTAL_COMBAT_NEEDED: 0 | TOTAL_PE_NEEDED: 26 | BUDGET_AVAILABLE: 88 | UNITS_REQUIRING_HELP: 9,,,,,,,,,,,,,,,,,,,,,,,,
2025-09-15T23:52:11.596212,,,Polska,RESUPPLY_OPERATION,,resupply_summary,,,,,,,,,,,,,,,,,,,,,,,,,,RESUPPLY_SUMMARY LOW_FUEL | TOTAL_PE_SPENT: 0 | UNITS_RESUPPLIED: 0/9 | BUDGET_ALLOCATED: 88 | PE_REMAINING: 98,,,,,,,,,,,,,,,,,,,,,,,,
2025-09-15T23:52:11.603001,,strategy,Polska,STRATEGY,,strategic_decision,,,,,,,,,,,,,,,,,,,,,,,,,,"Strategy: REASSIGNMENT, aggression 0.50, 1 groups, 0 reassignments",,,,,,,,,REASSIGNMENT,0.5,,,,,,adaptive,,0,dynamic_reassignment,,,,,
2025-09-15T23:52:11.612579,,target_selection,Polska,P_Pluton__3_Pu_k_Piechoty,,target_analysis,,,,,39,13,,,,,,,,,,,,,,,,,,,,"Target analysis: 29 candidates, score -1.00",,29,-1,999,,,,,,,,,False,,,,,,,29,29,29,4,1
2025-09-15T23:52:11.620213,,strategy,Polska,STRATEGY,,strategic_decision,,,,,,,,,,,,,,,,,,,,,,,,,,"Strategy: REASSIGNMENT, aggression 0.50, 1 groups, 0 reassignments",,,,,,,,,REASSIGNMENT,0.5,,,,,,adaptive,,0,dynamic_reassignment,,,,,
2025-09-15T23:52:11.635421,,target_selection,Polska,P_Batalion__3_Pu_k_Piechoty,,target_analysis,,,,,34,16,,,,,,,,,,,,,,,,,,,,"Target analysis: 29 candidates, score -1.00",,29,-1,999,,,,,,,,,False,,,,,,,29,29,29,4,1
2025-09-15T23:52:11.636432,,,Polska,RESUPPLY_NEEDS,,resupply_analysis,,,,,,,,,,,,,,,,,,,,,,,,,,NEEDS_ANALYSIS LOW_FUEL | TOTAL_FUEL_NEEDED: 26 | TOTAL_COMBAT_NEEDED: 0 | TOTAL_PE_NEEDED: 26 | BUDGET_AVAILABLE: 88 | UNITS_REQUIRING_HELP: 9,,,,,,,,,,,,,,,,,,,,,,,,
2025-09-15T23:52:11.637440,,,Polska,RESUPPLY_OPERATION,,resupply_summary,,,,,,,,,,,,,,,,,,,,,,,,,,RESUPPLY_SUMMARY LOW_FUEL | TOTAL_PE_SPENT: 0 | UNITS_RESUPPLIED: 0/9 | BUDGET_ALLOCATED: 88 | PE_REMAINING: 98,,,,,,,,,,,,,,,,,,,,,,,,
2025-09-15T23:52:11.638757,,,Polska,RESUPPLY_NEEDS,,resupply_analysis,,,,,,,,,,,,,,,,,,,,,,,,,,NEEDS_ANALYSIS LOW_FUEL | TOTAL_FUEL_NEEDED: 26 | TOTAL_COMBAT_NEEDED: 0 | TOTAL_PE_NEEDED: 26 | BUDGET_AVAILABLE: 88 | UNITS_REQUIRING_HELP: 9,,,,,,,,,,,,,,,,,,,,,,,,
2025-09-15T23:52:11.640878,,,Polska,RESUPPLY_OPERATION,,resupply_summary,,,,,,,,,,,,,,,,,,,,,,,,,,RESUPPLY_SUMMARY LOW_FUEL | TOTAL_PE_SPENT: 0 | UNITS_RESUPPLIED: 0/9 | BUDGET_ALLOCATED: 88 | PE_REMAINING: 98,,,,,,,,,,,,,,,,,,,,,,,,
2025-09-15T23:52:11.642731,,,Polska,RESUPPLY_NEEDS,,resupply_analysis,,,,,,,,,,,,,,,,,,,,,,,,,,NEEDS_ANALYSIS LOW_FUEL | TOTAL_FUEL_NEEDED: 26 | TOTAL_COMBAT_NEEDED: 0 | TOTAL_PE_NEEDED: 26 | BUDGET_AVAILABLE: 88 | UNITS_REQUIRING_HELP: 9,,,,,,,,,,,,,,,,,,,,,,,,
2025-09-15T23:52:11.643770,,,Polska,RESUPPLY_OPERATION,,resupply_summary,,,,,,,,,,,,,,,,,,,,,,,,,,RESUPPLY_SUMMARY LOW_FUEL | TOTAL_PE_SPENT: 0 | UNITS_RESUPPLIED: 0/9 | BUDGET_ALLOCATED: 88 | PE_REMAINING: 98,,,,,,,,,,,,,,,,,,,,,,,,
2025-09-15T23:52:11.646072,,,Polska,RESUPPLY_NEEDS,,resupply_analysis,,,,,,,,,,,,,,,,,,,,,,,,,,NEEDS_ANALYSIS LOW_FUEL | TOTAL_FUEL_NEEDED: 26 | TOTAL_COMBAT_NEEDED: 0 | TOTAL_PE_NEEDED: 26 | BUDGET_AVAILABLE: 88 | UNITS_REQUIRING_HELP: 9,,,,,,,,,,,,,,,,,,,,,,,,
2025-09-15T23:52:11.647070,,,Polska,RESUPPLY_OPERATION,,resupply_summary,,,,,,,,,,,,,,,,,,,,,,,,,,RESUPPLY_SUMMARY LOW_FUEL | TOTAL_PE_SPENT: 0 | UNITS_RESUPPLIED: 0/9 | BUDGET_ALLOCATED: 88 | PE_REMAINING: 98,,,,,,,,,,,,,,,,,,,,,,,,
2025-09-15T23:52:11.651291,,,Polska,RESUPPLY_NEEDS,,resupply_analysis,,,,,,,,,,,,,,,,,,,,,,,,,,NEEDS_ANALYSIS LOW_FUEL | TOTAL_FUEL_NEEDED: 26 | TOTAL_COMBAT_NEEDED: 0 | TOTAL_PE_NEEDED: 26 | BUDGET_AVAILABLE: 88 | UNITS_REQUIRING_HELP: 9,,,,,,,,,,,,,,,,,,,,,,,,
2025-09-15T23:52:11.652312,,,Polska,RESUPPLY_OPERATION,,resupply_summary,,,,,,,,,,,,,,,,,,,,,,,,,,RESUPPLY_SUMMARY LOW_FUEL | TOTAL_PE_SPENT: 0 | UNITS_RESUPPLIED: 0/9 | BUDGET_ALLOCATED: 88 | PE_REMAINING: 98,,,,,,,,,,,,,,,,,,,,,,,,
2025-09-15T23:52:11.654661,,,Polska,RESUPPLY_NEEDS,,resupply_analysis,,,,,,,,,,,,,,,,,,,,,,,,,,NEEDS_ANALYSIS LOW_FUEL | TOTAL_FUEL_NEEDED: 26 | TOTAL_COMBAT_NEEDED: 0 | TOTAL_PE_NEEDED: 26 | BUDGET_AVAILABLE: 88 | UNITS_REQUIRING_HELP: 9,,,,,,,,,,,,,,,,,,,,,,,,
2025-09-15T23:52:11.656411,,,Polska,RESUPPLY_OPERATION,,resupply_summary,,,,,,,,,,,,,,,,,,,,,,,,,,RESUPPLY_SUMMARY LOW_FUEL | TOTAL_PE_SPENT: 0 | UNITS_RESUPPLIED: 0/9 | BUDGET_ALLOCATED: 88 | PE_REMAINING: 98,,,,,,,,,,,,,,,,,,,,,,,,
2025-09-15T23:52:11.658868,,,Polska,RESUPPLY_NEEDS,,resupply_analysis,,,,,,,,,,,,,,,,,,,,,,,,,,NEEDS_ANALYSIS LOW_FUEL | TOTAL_FUEL_NEEDED: 26 | TOTAL_COMBAT_NEEDED: 0 | TOTAL_PE_NEEDED: 26 | BUDGET_AVAILABLE: 88 | UNITS_REQUIRING_HELP: 9,,,,,,,,,,,,,,,,,,,,,,,,
2025-09-15T23:52:11.660102,,,Polska,RESUPPLY_OPERATION,,resupply_summary,,,,,,,,,,,,,,,,,,,,,,,,,,RESUPPLY_SUMMARY LOW_FUEL | TOTAL_PE_SPENT: 0 | UNITS_RESUPPLIED: 0/9 | BUDGET_ALLOCATED: 88 | PE_REMAINING: 98,,,,,,,,,,,,,,,,,,,,,,,,
2025-09-15T23:52:11.661935,,,Polska,RESUPPLY_NEEDS,,resupply_analysis,,,,,,,,,,,,,,,,,,,,,,,,,,NEEDS_ANALYSIS LOW_FUEL | TOTAL_FUEL_NEEDED: 26 | TOTAL_COMBAT_NEEDED: 0 | TOTAL_PE_NEEDED: 26 | BUDGET_AVAILABLE: 88 | UNITS_REQUIRING_HELP: 9,,,,,,,,,,,,,,,,,,,,,,,,
2025-09-15T23:52:11.661935,,,Polska,RESUPPLY_OPERATION,,resupply_summary,,,,,,,,,,,,,,,,,,,,,,,,,,RESUPPLY_SUMMARY LOW_FUEL | TOTAL_PE_SPENT: 0 | UNITS_RESUPPLIED: 0/9 | BUDGET_ALLOCATED: 88 | PE_REMAINING: 98,,,,,,,,,,,,,,,,,,,,,,,,
2025-09-15T23:52:11.667896,,,Polska,RESUPPLY_NEEDS,,resupply_analysis,,,,,,,,,,,,,,,,,,,,,,,,,,NEEDS_ANALYSIS LOW_FUEL | TOTAL_FUEL_NEEDED: 26 | TOTAL_COMBAT_NEEDED: 0 | TOTAL_PE_NEEDED: 26 | BUDGET_AVAILABLE: 88 | UNITS_REQUIRING_HELP: 9,,,,,,,,,,,,,,,,,,,,,,,,
2025-09-15T23:52:11.668909,,,Polska,RESUPPLY_OPERATION,,resupply_summary,,,,,,,,,,,,,,,,,,,,,,,,,,RESUPPLY_SUMMARY LOW_FUEL | TOTAL_PE_SPENT: 0 | UNITS_RESUPPLIED: 0/9 | BUDGET_ALLOCATED: 88 | PE_REMAINING: 98,,,,,,,,,,,,,,,,,,,,,,,,
2025-09-15T23:52:11.670050,,,Polska,TURN_END,,turn_summary,,,,,,,,,,,8,0,,,,,,,,,,,,advanced,opp=0;groups=5;adv=True,"Turn completed: 0/8 units moved, 5 groups (advanced)",,,,,,,,,,,,,,,,,,,,,,,,
2025-09-15T23:52:11.753947,,,Niemcy,TURN_START,,turn_begin,,,,,,,,,,,,,,,,,,,,,,,,,,AI Commander turn started for player 5,,,,,,,,,,,,,,,,,,,,,,,,
2025-09-15T23:52:11.756132,,,Niemcy,RESUPPLY_NEEDS,,resupply_analysis,,,,,,,,,,,,,,,,,,,,,,,,,,NEEDS_ANALYSIS PRE_RAID_OPTIMIZATION | TOTAL_FUEL_NEEDED: 24 | TOTAL_COMBAT_NEEDED: 0 | TOTAL_PE_NEEDED: 24 | BUDGET_AVAILABLE: 48 | UNITS_REQUIRING_HELP: 8,,,,,,,,,,,,,,,,,,,,,,,,
2025-09-15T23:52:11.756132,,,Niemcy,P_Pluton__5_Infanterie_Regiment,,resupply_detailed,47,0,47,0,,,,,,,,,,,,,,,,,,,,,,phase1 PRE_RAID_OPTIMIZATION | PE_SPENT: fuel=2 combat=0 total=2 | BEFORE: fuel=0 combat=8 | AFTER: fuel=2 combat=8,,,,,,,,,,,,,,,,,,,,,,,,
2025-09-15T23:52:11.756132,,,Niemcy,P_Kompania__5_Infanterie_Regiment,,resupply_detailed,46,-1,46,-1,,,,,,,,,,,,,,,,,,,,,,phase1 PRE_RAID_OPTIMIZATION | PE_SPENT: fuel=2 combat=0 total=2 | BEFORE: fuel=0 combat=11 | AFTER: fuel=2 combat=11,,,,,,,,,,,,,,,,,,,,,,,,
2025-09-15T23:52:11.756132,,,Niemcy,AC_Kompania__5_schwere_Artillerie,,resupply_detailed,51,1,51,1,,,,,,,,,,,,,,,,,,,,,,phase1 PRE_RAID_OPTIMIZATION | PE_SPENT: fuel=2 combat=0 total=2 | BEFORE: fuel=0 combat=11 | AFTER: fuel=2 combat=11,,,,,,,,,,,,,,,,,,,,,,,,
2025-09-15T23:52:11.756132,,,Niemcy,AL_Batalion__5_Artillerie_Abteilung,,resupply_detailed,54,-13,54,-13,,,,,,,,,,,,,,,,,,,,,,phase1 PRE_RAID_OPTIMIZATION | PE_SPENT: fuel=2 combat=0 total=2 | BEFORE: fuel=0 combat=11 | AFTER: fuel=2 combat=11,,,,,,,,,,,,,,,,,,,,,,,,
2025-09-15T23:52:11.756132,,,Niemcy,Z_Kompania__5_Unterst_tzungs_Bataillon,,resupply_detailed,42,-15,42,-15,,,,,,,,,,,,,,,,,,,,,,phase1 PRE_RAID_OPTIMIZATION | PE_SPENT: fuel=3 combat=0 total=3 | BEFORE: fuel=0 combat=6 | AFTER: fuel=3 combat=6,,,,,,,,,,,,,,,,,,,,,,,,
2025-09-15T23:52:11.756132,,,Niemcy,Z_Pluton__5_Versorgungs_Kompanie,,resupply_detailed,45,-15,45,-15,,,,,,,,,,,,,,,,,,,,,,phase1 PRE_RAID_OPTIMIZATION | PE_SPENT: fuel=3 combat=0 total=3 | BEFORE: fuel=0 combat=4 | AFTER: fuel=3 combat=4,,,,,,,,,,,,,,,,,,,,,,,,
2025-09-15T23:52:11.756132,,,Niemcy,Z_Pluton__5_Unterst_tzungs_Bataillon,,resupply_detailed,48,-15,48,-15,,,,,,,,,,,,,,,,,,,,,,phase1 PRE_RAID_OPTIMIZATION | PE_SPENT: fuel=3 combat=0 total=3 | BEFORE: fuel=0 combat=4 | AFTER: fuel=3 combat=4,,,,,,,,,,,,,,,,,,,,,,,,
2025-09-15T23:52:11.756132,,,Niemcy,Z_Pluton__5_Unterst_tzungs_Bataillon_20250913214038,,resupply_detailed,34,-7,34,-7,,,,,,,,,,,,,,,,,,,,,,phase1 PRE_RAID_OPTIMIZATION | PE_SPENT: fuel=3 combat=0 total=3 | BEFORE: fuel=0 combat=4 | AFTER: fuel=3 combat=4,,,,,,,,,,,,,,,,,,,,,,,,
2025-09-15T23:52:11.756132,,,Niemcy,RESUPPLY_OPERATION,,resupply_summary,,,,,,,,,,,,,,,,,,,,,,,,,,RESUPPLY_SUMMARY PRE_RAID_OPTIMIZATION | TOTAL_PE_SPENT: 20 | UNITS_RESUPPLIED: 8/8 | BUDGET_ALLOCATED: 48 | PE_REMAINING: 34,,,,,,,,,,,,,,,,,,,,,,,,
2025-09-15T23:52:11.793898,,target_selection,Niemcy,P_Pluton__5_Infanterie_Regiment,,target_analysis,,,,,49,0,,,,,,,,,,,,,,,,,,,,"Target analysis: 29 candidates, score -1.00",,29,-1,999,,,,,,,,,False,,,,,,,29,29,29,6,2
2025-09-15T23:52:11.797041,,,Niemcy,P_Pluton__5_Infanterie_Regiment,,second_move,,,49,0,,,,,,,,,,,,,,,,,,,,,,second_chance after PRE_RAID_OPTIMIZATION,,,,,,,,,,,,,,,,,,,,,,,,
2025-09-15T23:52:11.825221,,target_selection,Niemcy,P_Kompania__5_Infanterie_Regiment,,target_analysis,,,,,48,-1,,,,,,,,,,,,,,,,,,,,"Target analysis: 29 candidates, score -1.00",,29,-1,999,,,,,,,,,False,,,,,,,29,29,29,4,2
2025-09-15T23:52:11.834780,,,Niemcy,P_Kompania__5_Infanterie_Regiment,,second_move,,,48,-1,,,,,,,,,,,,,,,,,,,,,,second_chance after PRE_RAID_OPTIMIZATION,,,,,,,,,,,,,,,,,,,,,,,,
2025-09-15T23:52:11.848637,,target_selection,Niemcy,AC_Kompania__5_schwere_Artillerie,,target_analysis,,,,,49,3,,,,,,,,,,,,,,,,,,,,"Target analysis: 29 candidates, score -1.00",,29,-1,999,,,,,,,,,False,,,,,,,29,29,29,5,2
2025-09-15T23:52:11.862036,,,Niemcy,AC_Kompania__5_schwere_Artillerie,,second_move,,,49,3,,,,,,,,,,,,,,,,,,,,,,second_chance after PRE_RAID_OPTIMIZATION,,,,,,,,,,,,,,,,,,,,,,,,
2025-09-15T23:52:11.882111,,target_selection,Niemcy,AL_Batalion__5_Artillerie_Abteilung,,target_analysis,,,,,54,-15,,,,,,,,,,,,,,,,,,,,"Target analysis: 29 candidates, score -1.00",,29,-1,999,,,,,,,,,False,,,,,,,29,29,29,6,2
2025-09-15T23:52:11.887871,,,Niemcy,AL_Batalion__5_Artillerie_Abteilung,,second_move,,,54,-15,,,,,,,,,,,,,,,,,,,,,,second_chance after PRE_RAID_OPTIMIZATION,,,,,,,,,,,,,,,,,,,,,,,,
2025-09-15T23:52:11.917402,,target_selection,Niemcy,Z_Kompania__5_Unterst_tzungs_Bataillon,,target_analysis,,,,,43,-15,,,,,,,,,,,,,,,,,,,,"Target analysis: 29 candidates, score 45.00",,29,45.0,1,,,,,,,,,False,,,,"(43, -15)",,,28,29,29,5,3
2025-09-15T23:52:11.922616,,,Niemcy,Z_Kompania__5_Unterst_tzungs_Bataillon,,second_move,,,43,-15,,,,,,,,,,,,,,,,,,,,,,second_chance after PRE_RAID_OPTIMIZATION,,,,,,,,,,,,,,,,,,,,,,,,
2025-09-15T23:52:11.940161,,target_selection,Niemcy,Z_Pluton__5_Versorgungs_Kompanie,,target_analysis,,,,,44,-15,,,,,,,,,,,,,,,,,,,,"Target analysis: 29 candidates, score 30.00",,29,30.0,1,,,,,,,,,False,,,,"(44, -15)",,,28,29,29,9,3
2025-09-15T23:52:11.946701,,,Niemcy,Z_Pluton__5_Versorgungs_Kompanie,,second_move,,,44,-15,,,,,,,,,,,,,,,,,,,,,,second_chance after PRE_RAID_OPTIMIZATION,,,,,,,,,,,,,,,,,,,,,,,,
2025-09-15T23:52:11.969726,,target_selection,Niemcy,Z_Pluton__5_Unterst_tzungs_Bataillon,,target_analysis,,,,,45,-15,,,,,,,,,,,,,,,,,,,,"Target analysis: 29 candidates, score 30.00",,29,30.0,3,,,,,,,,,False,,,,"(45, -15)",,,28,29,29,5,3
2025-09-15T23:52:11.973245,,,Niemcy,Z_Pluton__5_Unterst_tzungs_Bataillon,,second_move,,,45,-15,,,,,,,,,,,,,,,,,,,,,,second_chance after PRE_RAID_OPTIMIZATION,,,,,,,,,,,,,,,,,,,,,,,,
2025-09-15T23:52:12.019155,,target_selection,Niemcy,Z_Pluton__5_Unterst_tzungs_Bataillon_20250913214038,,target_analysis,,,,,34,-4,,,,,,,,,,,,,,,,,,,,"Target analysis: 29 candidates, score -1.00",,29,-1,999,,,,,,,,,False,,,,,,,29,29,29,9,3
2025-09-15T23:52:12.023299,,,Niemcy,Z_Pluton__5_Unterst_tzungs_Bataillon_20250913214038,,second_move,,,34,-4,,,,,,,,,,,,,,,,,,,,,,second_chance after PRE_RAID_OPTIMIZATION,,,,,,,,,,,,,,,,,,,,,,,,
2025-09-15T23:52:12.074767,,,Niemcy,RESUPPLY_NEEDS,,resupply_analysis,,,,,,,,,,,,,,,,,,,,,,,,,,NEEDS_ANALYSIS PRE_RAID_OPTIMIZATION | TOTAL_FUEL_NEEDED: 12 | TOTAL_COMBAT_NEEDED: 0 | TOTAL_PE_NEEDED: 12 | BUDGET_AVAILABLE: 27 | UNITS_REQUIRING_HELP: 8,,,,,,,,,,,,,,,,,,,,,,,,
2025-09-15T23:52:12.076067,,,Niemcy,P_Pluton__5_Infanterie_Regiment,,resupply_detailed,49,0,49,0,,,,,,,,,,,,,,,,,,,,,,phase1 PRE_RAID_OPTIMIZATION | PE_SPENT: fuel=1 combat=0 total=1 | BEFORE: fuel=1 combat=8 | AFTER: fuel=2 combat=8,,,,,,,,,,,,,,,,,,,,,,,,
2025-09-15T23:52:12.076067,,,Niemcy,P_Kompania__5_Infanterie_Regiment,,resupply_detailed,48,-1,48,-1,,,,,,,,,,,,,,,,,,,,,,phase1 PRE_RAID_OPTIMIZATION | PE_SPENT: fuel=1 combat=0 total=1 | BEFORE: fuel=1 combat=11 | AFTER: fuel=2 combat=11,,,,,,,,,,,,,,,,,,,,,,,,
2025-09-15T23:52:12.077151,,,Niemcy,AC_Kompania__5_schwere_Artillerie,,resupply_detailed,49,3,49,3,,,,,,,,,,,,,,,,,,,,,,phase1 PRE_RAID_OPTIMIZATION | PE_SPENT: fuel=1 combat=0 total=1 | BEFORE: fuel=1 combat=11 | AFTER: fuel=2 combat=11,,,,,,,,,,,,,,,,,,,,,,,,
2025-09-15T23:52:12.077151,,,Niemcy,AL_Batalion__5_Artillerie_Abteilung,,resupply_detailed,54,-15,54,-15,,,,,,,,,,,,,,,,,,,,,,phase1 PRE_RAID_OPTIMIZATION | PE_SPENT: fuel=1 combat=0 total=1 | BEFORE: fuel=1 combat=11 | AFTER: fuel=2 combat=11,,,,,,,,,,,,,,,,,,,,,,,,
2025-09-15T23:52:12.078546,,,Niemcy,Z_Kompania__5_Unterst_tzungs_Bataillon,,resupply_detailed,43,-15,43,-15,,,,,,,,,,,,,,,,,,,,,,phase1 PRE_RAID_OPTIMIZATION | PE_SPENT: fuel=1 combat=0 total=1 | BEFORE: fuel=2 combat=6 | AFTER: fuel=3 combat=6,,,,,,,,,,,,,,,,,,,,,,,,
2025-09-15T23:52:12.079555,,,Niemcy,Z_Pluton__5_Versorgungs_Kompanie,,resupply_detailed,44,-15,44,-15,,,,,,,,,,,,,,,,,,,,,,phase1 PRE_RAID_OPTIMIZATION | PE_SPENT: fuel=1 combat=0 total=1 | BEFORE: fuel=2 combat=4 | AFTER: fuel=3 combat=4,,,,,,,,,,,,,,,,,,,,,,,,
2025-09-15T23:52:12.079555,,,Niemcy,Z_Pluton__5_Unterst_tzungs_Bataillon,,resupply_detailed,45,-15,45,-15,,,,,,,,,,,,,,,,,,,,,,phase1 PRE_RAID_OPTIMIZATION | PE_SPENT: fuel=1 combat=0 total=1 | BEFORE: fuel=2 combat=4 | AFTER: fuel=3 combat=4,,,,,,,,,,,,,,,,,,,,,,,,
2025-09-15T23:52:12.080559,,,Niemcy,Z_Pluton__5_Unterst_tzungs_Bataillon_20250913214038,,resupply_detailed,34,-4,34,-4,,,,,,,,,,,,,,,,,,,,,,phase1 PRE_RAID_OPTIMIZATION | PE_SPENT: fuel=1 combat=0 total=1 | BEFORE: fuel=2 combat=4 | AFTER: fuel=3 combat=4,,,,,,,,,,,,,,,,,,,,,,,,
2025-09-15T23:52:12.084660,,,Niemcy,RESUPPLY_OPERATION,,resupply_summary,,,,,,,,,,,,,,,,,,,,,,,,,,RESUPPLY_SUMMARY PRE_RAID_OPTIMIZATION | TOTAL_PE_SPENT: 8 | UNITS_RESUPPLIED: 8/8 | BUDGET_ALLOCATED: 27 | PE_REMAINING: 26,,,,,,,,,,,,,,,,,,,,,,,,
2025-09-15T23:52:12.107014,,target_selection,Niemcy,P_Pluton__5_Infanterie_Regiment,,target_analysis,,,,,51,0,,,,,,,,,,,,,,,,,,,,"Target analysis: 29 candidates, score -1.00",,29,-1,999,,,,,,,,,False,,,,,,,29,29,29,5,2
2025-09-15T23:52:12.118032,,,Niemcy,P_Pluton__5_Infanterie_Regiment,,second_move,,,51,0,,,,,,,,,,,,,,,,,,,,,,second_chance after PRE_RAID_OPTIMIZATION,,,,,,,,,,,,,,,,,,,,,,,,
2025-09-15T23:52:12.141775,,target_selection,Niemcy,P_Kompania__5_Infanterie_Regiment,,target_analysis,,,,,50,-1,,,,,,,,,,,,,,,,,,,,"Target analysis: 29 candidates, score -1.00",,29,-1,999,,,,,,,,,False,,,,,,,29,29,29,3,2
2025-09-15T23:52:12.145371,,,Niemcy,P_Kompania__5_Infanterie_Regiment,,second_move,,,50,-1,,,,,,,,,,,,,,,,,,,,,,second_chance after PRE_RAID_OPTIMIZATION,,,,,,,,,,,,,,,,,,,,,,,,
2025-09-15T23:52:12.170479,,target_selection,Niemcy,AC_Kompania__5_schwere_Artillerie,,target_analysis,,,,,51,3,,,,,,,,,,,,,,,,,,,,"Target analysis: 29 candidates, score -1.00",,29,-1,999,,,,,,,,,False,,,,,,,29,29,29,4,2
2025-09-15T23:52:12.170479,,,Niemcy,AC_Kompania__5_schwere_Artillerie,,second_move,,,51,3,,,,,,,,,,,,,,,,,,,,,,second_chance after PRE_RAID_OPTIMIZATION,,,,,,,,,,,,,,,,,,,,,,,,
2025-09-15T23:52:12.201483,,target_selection,Niemcy,AL_Batalion__5_Artillerie_Abteilung,,target_analysis,,,,,54,-13,,,,,,,,,,,,,,,,,,,,"Target analysis: 29 candidates, score -1.00",,29,-1,999,,,,,,,,,False,,,,,,,29,29,29,5,2
2025-09-15T23:52:12.205275,,,Niemcy,AL_Batalion__5_Artillerie_Abteilung,,second_move,,,54,-13,,,,,,,,,,,,,,,,,,,,,,second_chance after PRE_RAID_OPTIMIZATION,,,,,,,,,,,,,,,,,,,,,,,,
2025-09-15T23:52:12.228393,,target_selection,Niemcy,Z_Kompania__5_Unterst_tzungs_Bataillon,,target_analysis,,,,,43,-14,,,,,,,,,,,,,,,,,,,,"Target analysis: 29 candidates, score 45.00",,29,45.0,1,,,,,,,,,False,,,,"(43, -14)",,,28,29,29,4,3
2025-09-15T23:52:12.235460,,,Niemcy,Z_Kompania__5_Unterst_tzungs_Bataillon,,second_move,,,43,-14,,,,,,,,,,,,,,,,,,,,,,second_chance after PRE_RAID_OPTIMIZATION,,,,,,,,,,,,,,,,,,,,,,,,
2025-09-15T23:52:12.255596,,target_selection,Niemcy,Z_Pluton__5_Versorgungs_Kompanie,,target_analysis,,,,,43,-15,,,,,,,,,,,,,,,,,,,,"Target analysis: 29 candidates, score 45.00",,29,45.0,1,,,,,,,,,False,,,,"(43, -15)",,,28,29,29,8,3
2025-09-15T23:52:12.259393,,,Niemcy,Z_Pluton__5_Versorgungs_Kompanie,,second_move,,,43,-15,,,,,,,,,,,,,,,,,,,,,,second_chance after PRE_RAID_OPTIMIZATION,,,,,,,,,,,,,,,,,,,,,,,,
2025-09-15T23:52:12.279670,,target_selection,Niemcy,Z_Pluton__5_Unterst_tzungs_Bataillon,,target_analysis,,,,,44,-15,,,,,,,,,,,,,,,,,,,,"Target analysis: 29 candidates, score 30.00",,29,30.0,1,,,,,,,,,False,,,,"(44, -15)",,,28,29,29,4,3
2025-09-15T23:52:12.285527,,,Niemcy,Z_Pluton__5_Unterst_tzungs_Bataillon,,second_move,,,44,-15,,,,,,,,,,,,,,,,,,,,,,second_chance after PRE_RAID_OPTIMIZATION,,,,,,,,,,,,,,,,,,,,,,,,
2025-09-15T23:52:12.319668,,target_selection,Niemcy,Z_Pluton__5_Unterst_tzungs_Bataillon_20250913214038,,target_analysis,,,,,35,-4,,,,,,,,,,,,,,,,,,,,"Target analysis: 29 candidates, score 22.50",,29,22.5,1,,,,,,,,,False,,,,"(35, -4)",,,28,29,29,8,3
2025-09-15T23:52:12.324779,,,Niemcy,Z_Pluton__5_Unterst_tzungs_Bataillon_20250913214038,,second_move,,,35,-4,,,,,,,,,,,,,,,,,,,,,,second_chance after PRE_RAID_OPTIMIZATION,,,,,,,,,,,,,,,,,,,,,,,,
2025-09-15T23:52:12.394224,,,Niemcy,RESUPPLY_NEEDS,,resupply_analysis,,,,,,,,,,,,,,,,,,,,,,,,,,NEEDS_ANALYSIS PRE_RAID_OPTIMIZATION | TOTAL_FUEL_NEEDED: 12 | TOTAL_COMBAT_NEEDED: 0 | TOTAL_PE_NEEDED: 12 | BUDGET_AVAILABLE: 20 | UNITS_REQUIRING_HELP: 8,,,,,,,,,,,,,,,,,,,,,,,,
2025-09-15T23:52:12.395237,,,Niemcy,P_Pluton__5_Infanterie_Regiment,,resupply_detailed,51,0,51,0,,,,,,,,,,,,,,,,,,,,,,phase1 PRE_RAID_OPTIMIZATION | PE_SPENT: fuel=1 combat=0 total=1 | BEFORE: fuel=1 combat=8 | AFTER: fuel=2 combat=8,,,,,,,,,,,,,,,,,,,,,,,,
2025-09-15T23:52:12.395237,,,Niemcy,P_Kompania__5_Infanterie_Regiment,,resupply_detailed,50,-1,50,-1,,,,,,,,,,,,,,,,,,,,,,phase1 PRE_RAID_OPTIMIZATION | PE_SPENT: fuel=1 combat=0 total=1 | BEFORE: fuel=1 combat=11 | AFTER: fuel=2 combat=11,,,,,,,,,,,,,,,,,,,,,,,,
2025-09-15T23:52:12.396241,,,Niemcy,AC_Kompania__5_schwere_Artillerie,,resupply_detailed,51,3,51,3,,,,,,,,,,,,,,,,,,,,,,phase1 PRE_RAID_OPTIMIZATION | PE_SPENT: fuel=1 combat=0 total=1 | BEFORE: fuel=1 combat=11 | AFTER: fuel=2 combat=11,,,,,,,,,,,,,,,,,,,,,,,,
2025-09-15T23:52:12.397243,,,Niemcy,AL_Batalion__5_Artillerie_Abteilung,,resupply_detailed,54,-13,54,-13,,,,,,,,,,,,,,,,,,,,,,phase1 PRE_RAID_OPTIMIZATION | PE_SPENT: fuel=1 combat=0 total=1 | BEFORE: fuel=1 combat=11 | AFTER: fuel=2 combat=11,,,,,,,,,,,,,,,,,,,,,,,,
2025-09-15T23:52:12.398242,,,Niemcy,Z_Kompania__5_Unterst_tzungs_Bataillon,,resupply_detailed,43,-14,43,-14,,,,,,,,,,,,,,,,,,,,,,phase1 PRE_RAID_OPTIMIZATION | PE_SPENT: fuel=1 combat=0 total=1 | BEFORE: fuel=2 combat=6 | AFTER: fuel=3 combat=6,,,,,,,,,,,,,,,,,,,,,,,,
2025-09-15T23:52:12.401758,,,Niemcy,Z_Pluton__5_Versorgungs_Kompanie,,resupply_detailed,43,-15,43,-15,,,,,,,,,,,,,,,,,,,,,,phase1 PRE_RAID_OPTIMIZATION | PE_SPENT: fuel=1 combat=0 total=1 | BEFORE: fuel=2 combat=4 | AFTER: fuel=3 combat=4,,,,,,,,,,,,,,,,,,,,,,,,
2025-09-15T23:52:12.401758,,,Niemcy,Z_Pluton__5_Unterst_tzungs_Bataillon,,resupply_detailed,44,-15,44,-15,,,,,,,,,,,,,,,,,,,,,,phase1 PRE_RAID_OPTIMIZATION | PE_SPENT: fuel=1 combat=0 total=1 | BEFORE: fuel=2 combat=4 | AFTER: fuel=3 combat=4,,,,,,,,,,,,,,,,,,,,,,,,
2025-09-15T23:52:12.403082,,,Niemcy,Z_Pluton__5_Unterst_tzungs_Bataillon_20250913214038,,resupply_detailed,35,-4,35,-4,,,,,,,,,,,,,,,,,,,,,,phase1 PRE_RAID_OPTIMIZATION | PE_SPENT: fuel=1 combat=0 total=1 | BEFORE: fuel=2 combat=4 | AFTER: fuel=3 combat=4,,,,,,,,,,,,,,,,,,,,,,,,
2025-09-15T23:52:12.404087,,,Niemcy,RESUPPLY_OPERATION,,resupply_summary,,,,,,,,,,,,,,,,,,,,,,,,,,RESUPPLY_SUMMARY PRE_RAID_OPTIMIZATION | TOTAL_PE_SPENT: 8 | UNITS_RESUPPLIED: 8/8 | BUDGET_ALLOCATED: 20 | PE_REMAINING: 18,,,,,,,,,,,,,,,,,,,,,,,,
2025-09-15T23:52:12.425948,,target_selection,Niemcy,P_Pluton__5_Infanterie_Regiment,,target_analysis,,,,,53,0,,,,,,,,,,,,,,,,,,,,"Target analysis: 29 candidates, score -1.00",,29,-1,999,,,,,,,,,False,,,,,,,29,29,29,4,2
2025-09-15T23:52:12.428045,,,Niemcy,P_Pluton__5_Infanterie_Regiment,,second_move,,,53,0,,,,,,,,,,,,,,,,,,,,,,second_chance after PRE_RAID_OPTIMIZATION,,,,,,,,,,,,,,,,,,,,,,,,
2025-09-15T23:52:12.453883,,target_selection,Niemcy,P_Kompania__5_Infanterie_Regiment,,target_analysis,,,,,50,1,,,,,,,,,,,,,,,,,,,,"Target analysis: 29 candidates, score -1.00",,29,-1,999,,,,,,,,,False,,,,,,,29,29,29,2,2
2025-09-15T23:52:12.458619,,,Niemcy,P_Kompania__5_Infanterie_Regiment,,second_move,,,50,1,,,,,,,,,,,,,,,,,,,,,,second_chance after PRE_RAID_OPTIMIZATION,,,,,,,,,,,,,,,,,,,,,,,,
2025-09-15T23:52:12.474453,,target_selection,Niemcy,AC_Kompania__5_schwere_Artillerie,,target_analysis,,,,,53,3,,,,,,,,,,,,,,,,,,,,"Target analysis: 29 candidates, score -1.00",,29,-1,999,,,,,,,,,False,,,,,,,29,29,29,3,2
2025-09-15T23:52:12.478315,,,Niemcy,AC_Kompania__5_schwere_Artillerie,,second_move,,,53,3,,,,,,,,,,,,,,,,,,,,,,second_chance after PRE_RAID_OPTIMIZATION,,,,,,,,,,,,,,,,,,,,,,,,
2025-09-15T23:52:12.597823,,target_selection,Niemcy,AL_Batalion__5_Artillerie_Abteilung,,target_analysis,,,,,54,-15,,,,,,,,,,,,,,,,,,,,"Target analysis: 29 candidates, score -1.00",,29,-1,999,,,,,,,,,False,,,,,,,29,29,29,4,2
2025-09-15T23:52:12.677284,,,Niemcy,AL_Batalion__5_Artillerie_Abteilung,,second_move,,,54,-15,,,,,,,,,,,,,,,,,,,,,,second_chance after PRE_RAID_OPTIMIZATION,,,,,,,,,,,,,,,,,,,,,,,,
2025-09-15T23:52:12.695884,,target_selection,Niemcy,Z_Kompania__5_Unterst_tzungs_Bataillon,,target_analysis,,,,,45,-15,,,,,,,,,,,,,,,,,,,,"Target analysis: 29 candidates, score 30.00",,29,30.0,2,,,,,,,,,False,,,,"(45, -15)",,,28,29,29,3,3
2025-09-15T23:52:12.721695,,,Niemcy,Z_Kompania__5_Unterst_tzungs_Bataillon,,second_move,,,45,-15,,,,,,,,,,,,,,,,,,,,,,second_chance after PRE_RAID_OPTIMIZATION,,,,,,,,,,,,,,,,,,,,,,,,
2025-09-15T23:52:12.758782,,target_selection,Niemcy,Z_Pluton__5_Versorgungs_Kompanie,,target_analysis,,,,,43,-14,,,,,,,,,,,,,,,,,,,,"Target analysis: 29 candidates, score 45.00",,29,45.0,1,,,,,,,,,False,,,,"(43, -14)",,,28,29,29,7,3
2025-09-15T23:52:12.762228,,,Niemcy,Z_Pluton__5_Versorgungs_Kompanie,,second_move,,,43,-14,,,,,,,,,,,,,,,,,,,,,,second_chance after PRE_RAID_OPTIMIZATION,,,,,,,,,,,,,,,,,,,,,,,,
2025-09-15T23:52:12.785452,,target_selection,Niemcy,Z_Pluton__5_Unterst_tzungs_Bataillon,,target_analysis,,,,,43,-15,,,,,,,,,,,,,,,,,,,,"Target analysis: 29 candidates, score 45.00",,29,45.0,1,,,,,,,,,False,,,,"(43, -15)",,,28,29,29,3,3
2025-09-15T23:52:12.789787,,,Niemcy,Z_Pluton__5_Unterst_tzungs_Bataillon,,second_move,,,43,-15,,,,,,,,,,,,,,,,,,,,,,second_chance after PRE_RAID_OPTIMIZATION,,,,,,,,,,,,,,,,,,,,,,,,
2025-09-15T23:52:12.860306,,target_selection,Niemcy,Z_Pluton__5_Unterst_tzungs_Bataillon_20250913214038,,target_analysis,,,,,38,-4,,,,,,,,,,,,,,,,,,,,"Target analysis: 29 candidates, score -1.00",,29,-1,999,,,,,,,,,False,,,,,,,29,29,29,7,3
2025-09-15T23:52:12.864508,,,Niemcy,Z_Pluton__5_Unterst_tzungs_Bataillon_20250913214038,,second_move,,,38,-4,,,,,,,,,,,,,,,,,,,,,,second_chance after PRE_RAID_OPTIMIZATION,,,,,,,,,,,,,,,,,,,,,,,,
2025-09-15T23:52:12.958632,,,Niemcy,RESUPPLY_NEEDS,,resupply_analysis,,,,,,,,,,,,,,,,,,,,,,,,,,NEEDS_ANALYSIS LOW_FUEL | TOTAL_FUEL_NEEDED: 12 | TOTAL_COMBAT_NEEDED: 0 | TOTAL_PE_NEEDED: 12 | BUDGET_AVAILABLE: 14 | UNITS_REQUIRING_HELP: 8,,,,,,,,,,,,,,,,,,,,,,,,
2025-09-15T23:52:12.959647,,,Niemcy,RESUPPLY_OPERATION,,resupply_summary,,,,,,,,,,,,,,,,,,,,,,,,,,RESUPPLY_SUMMARY LOW_FUEL | TOTAL_PE_SPENT: 0 | UNITS_RESUPPLIED: 0/8 | BUDGET_ALLOCATED: 14 | PE_REMAINING: 18,,,,,,,,,,,,,,,,,,,,,,,,
2025-09-15T23:52:12.975134,,target_selection,Niemcy,P_Pluton__5_Infanterie_Regiment,,target_analysis,,,,,54,0,,,,,,,,,,,,,,,,,,,,"Target analysis: 29 candidates, score -1.00",,29,-1,999,,,,,,,,,False,,,,,,,29,29,29,3,1
2025-09-15T23:52:12.979812,,,Niemcy,P_Pluton__5_Infanterie_Regiment,,second_move,,,54,0,,,,,,,,,,,,,,,,,,,,,,second_chance after LOW_FUEL,,,,,,,,,,,,,,,,,,,,,,,,
2025-09-15T23:52:12.994638,,target_selection,Niemcy,P_Kompania__5_Infanterie_Regiment,,target_analysis,,,,,51,1,,,,,,,,,,,,,,,,,,,,"Target analysis: 29 candidates, score -1.00",,29,-1,999,,,,,,,,,False,,,,,,,29,29,29,1,1
2025-09-15T23:52:12.999503,,,Niemcy,P_Kompania__5_Infanterie_Regiment,,second_move,,,51,1,,,,,,,,,,,,,,,,,,,,,,second_chance after LOW_FUEL,,,,,,,,,,,,,,,,,,,,,,,,
2025-09-15T23:52:13.012063,,target_selection,Niemcy,AC_Kompania__5_schwere_Artillerie,,target_analysis,,,,,53,4,,,,,,,,,,,,,,,,,,,,"Target analysis: 29 candidates, score -1.00",,29,-1,999,,,,,,,,,False,,,,,,,29,29,29,2,1
2025-09-15T23:52:13.016301,,,Niemcy,AC_Kompania__5_schwere_Artillerie,,second_move,,,53,4,,,,,,,,,,,,,,,,,,,,,,second_chance after LOW_FUEL,,,,,,,,,,,,,,,,,,,,,,,,
2025-09-15T23:52:13.031879,,target_selection,Niemcy,AL_Batalion__5_Artillerie_Abteilung,,target_analysis,,,,,55,-15,,,,,,,,,,,,,,,,,,,,"Target analysis: 29 candidates, score -1.00",,29,-1,999,,,,,,,,,False,,,,,,,29,29,29,3,1
2025-09-15T23:52:13.037375,,,Niemcy,AL_Batalion__5_Artillerie_Abteilung,,second_move,,,55,-15,,,,,,,,,,,,,,,,,,,,,,second_chance after LOW_FUEL,,,,,,,,,,,,,,,,,,,,,,,,
2025-09-15T23:52:13.055215,,target_selection,Niemcy,Z_Kompania__5_Unterst_tzungs_Bataillon,,target_analysis,,,,,47,-15,,,,,,,,,,,,,,,,,,,,"Target analysis: 29 candidates, score -1.00",,29,-1,999,,,,,,,,,False,,,,,,,29,29,29,2,2
2025-09-15T23:52:13.058969,,,Niemcy,Z_Kompania__5_Unterst_tzungs_Bataillon,,second_move,,,47,-15,,,,,,,,,,,,,,,,,,,,,,second_chance after LOW_FUEL,,,,,,,,,,,,,,,,,,,,,,,,
2025-09-15T23:52:13.067196,,target_selection,Niemcy,Z_Pluton__5_Versorgungs_Kompanie,,target_analysis,,,,,45,-15,,,,,,,,,,,,,,,,,,,,"Target analysis: 29 candidates, score 30.00",,29,30.0,2,,,,,,,,,False,,,,"(45, -15)",,,28,29,29,6,2
2025-09-15T23:52:13.073478,,,Niemcy,Z_Pluton__5_Versorgungs_Kompanie,,second_move,,,45,-15,,,,,,,,,,,,,,,,,,,,,,second_chance after LOW_FUEL,,,,,,,,,,,,,,,,,,,,,,,,
2025-09-15T23:52:13.092246,,target_selection,Niemcy,Z_Pluton__5_Unterst_tzungs_Bataillon,,target_analysis,,,,,41,-15,,,,,,,,,,,,,,,,,,,,"Target analysis: 29 candidates, score -1.00",,29,-1,999,,,,,,,,,False,,,,,,,29,29,29,2,2
2025-09-15T23:52:13.092246,,,Niemcy,Z_Pluton__5_Unterst_tzungs_Bataillon,,second_move,,,41,-15,,,,,,,,,,,,,,,,,,,,,,second_chance after LOW_FUEL,,,,,,,,,,,,,,,,,,,,,,,,
2025-09-15T23:52:13.132981,,target_selection,Niemcy,Z_Pluton__5_Unterst_tzungs_Bataillon_20250913214038,,target_analysis,,,,,40,-4,,,,,,,,,,,,,,,,,,,,"Target analysis: 29 candidates, score -1.00",,29,-1,999,,,,,,,,,False,,,,,,,29,29,29,6,2
2025-09-15T23:52:13.139551,,,Niemcy,Z_Pluton__5_Unterst_tzungs_Bataillon_20250913214038,,second_move,,,40,-4,,,,,,,,,,,,,,,,,,,,,,second_chance after LOW_FUEL,,,,,,,,,,,,,,,,,,,,,,,,
2025-09-15T23:52:13.205663,,grouping,Niemcy,GROUP_1,,group_formation,42,-14,43,-15,43,-15,,,,,,,,,,,,,,,,,,,,"Group 1: 3 units, score 0.00",,,,,1,3,"42,-14",0.0,,,,False,,,,advanced,,,,,,,,
2025-09-15T23:52:13.219159,,strategy,Niemcy,STRATEGY,,strategic_decision,,,,,,,,,,,,,,,,,,,,,,,,,,"Strategy: REASSIGNMENT, aggression 0.50, 5 groups, 0 reassignments",,,,,,,,,REASSIGNMENT,0.5,,,,,,adaptive,,0,dynamic_reassignment,,,,,
2025-09-15T23:52:13.231799,,strategy,Niemcy,STRATEGY,,strategic_decision,,,,,,,,,,,,,,,,,,,,,,,,,,"Strategy: REASSIGNMENT, aggression 0.50, 5 groups, 0 reassignments",,,,,,,,,REASSIGNMENT,0.5,,,,,,adaptive,,0,dynamic_reassignment,,,,,
2025-09-15T23:52:13.237350,,strategy,Niemcy,STRATEGY,,strategic_decision,,,,,,,,,,,,,,,,,,,,,,,,,,"Strategy: REASSIGNMENT, aggression 0.50, 1 groups, 0 reassignments",,,,,,,,,REASSIGNMENT,0.5,,,,,,adaptive,,0,dynamic_reassignment,,,,,
2025-09-15T23:52:13.247954,,target_selection,Niemcy,P_Pluton__5_Infanterie_Regiment,,target_analysis,,,,,,,,,,,,,,,,,,,,,,,,,,"Target analysis: 29 candidates, score -1.00",,29,-1,999,,,,,,,,,False,,,,,,,29,29,29,6,0
2025-09-15T23:52:13.250860,,,Niemcy,RESUPPLY_NEEDS,,resupply_analysis,,,,,,,,,,,,,,,,,,,,,,,,,,NEEDS_ANALYSIS LOW_FUEL | TOTAL_FUEL_NEEDED: 20 | TOTAL_COMBAT_NEEDED: 0 | TOTAL_PE_NEEDED: 20 | BUDGET_AVAILABLE: 16 | UNITS_REQUIRING_HELP: 8,,,,,,,,,,,,,,,,,,,,,,,,
2025-09-15T23:52:13.254337,,,Niemcy,RESUPPLY_OPERATION,,resupply_summary,,,,,,,,,,,,,,,,,,,,,,,,,,RESUPPLY_SUMMARY LOW_FUEL | TOTAL_PE_SPENT: 0 | UNITS_RESUPPLIED: 0/8 | BUDGET_ALLOCATED: 16 | PE_REMAINING: 18,,,,,,,,,,,,,,,,,,,,,,,,
2025-09-15T23:52:13.260201,,target_selection,Niemcy,Z_Kompania__5_Unterst_tzungs_Bataillon,,target_analysis,,,,,48,-15,,,,,,,,,,,,,,,,,,,,"Target analysis: 29 candidates, score -1.00",,29,-1,999,,,,,,,,,False,,,,,,,29,29,29,1,1
2025-09-15T23:52:13.269869,,,Niemcy,Z_Kompania__5_Unterst_tzungs_Bataillon,,second_move,,,48,-15,,,,,,,,,,,,,,,,,,,,,,second_chance after LOW_FUEL,,,,,,,,,,,,,,,,,,,,,,,,
2025-09-15T23:52:13.279779,,target_selection,Niemcy,Z_Pluton__5_Versorgungs_Kompanie,,target_analysis,,,,,46,-15,,,,,,,,,,,,,,,,,,,,"Target analysis: 29 candidates, score -1.00",,29,-1,999,,,,,,,,,False,,,,,,,29,29,29,5,1
2025-09-15T23:52:13.287661,,,Niemcy,Z_Pluton__5_Versorgungs_Kompanie,,second_move,,,46,-15,,,,,,,,,,,,,,,,,,,,,,second_chance after LOW_FUEL,,,,,,,,,,,,,,,,,,,,,,,,
2025-09-15T23:52:13.299751,,target_selection,Niemcy,Z_Pluton__5_Unterst_tzungs_Bataillon,,target_analysis,,,,,42,-15,,,,,,,,,,,,,,,,,,,,"Target analysis: 29 candidates, score -1.00",,29,-1,999,,,,,,,,,False,,,,,,,29,29,29,1,1
2025-09-15T23:52:13.306638,,,Niemcy,Z_Pluton__5_Unterst_tzungs_Bataillon,,second_move,,,42,-15,,,,,,,,,,,,,,,,,,,,,,second_chance after LOW_FUEL,,,,,,,,,,,,,,,,,,,,,,,,
2025-09-15T23:52:13.326349,,target_selection,Niemcy,Z_Pluton__5_Unterst_tzungs_Bataillon_20250913214038,,target_analysis,,,,,41,-4,,,,,,,,,,,,,,,,,,,,"Target analysis: 29 candidates, score -1.00",,29,-1,999,,,,,,,,,False,,,,,,,29,29,29,5,1
2025-09-15T23:52:13.329674,,,Niemcy,Z_Pluton__5_Unterst_tzungs_Bataillon_20250913214038,,second_move,,,41,-4,,,,,,,,,,,,,,,,,,,,,,second_chance after LOW_FUEL,,,,,,,,,,,,,,,,,,,,,,,,
2025-09-15T23:52:13.331267,,,Niemcy,RESUPPLY_NEEDS,,resupply_analysis,,,,,,,,,,,,,,,,,,,,,,,,,,NEEDS_ANALYSIS LOW_FUEL | TOTAL_FUEL_NEEDED: 24 | TOTAL_COMBAT_NEEDED: 0 | TOTAL_PE_NEEDED: 24 | BUDGET_AVAILABLE: 16 | UNITS_REQUIRING_HELP: 8,,,,,,,,,,,,,,,,,,,,,,,,
2025-09-15T23:52:13.333578,,,Niemcy,RESUPPLY_OPERATION,,resupply_summary,,,,,,,,,,,,,,,,,,,,,,,,,,RESUPPLY_SUMMARY LOW_FUEL | TOTAL_PE_SPENT: 0 | UNITS_RESUPPLIED: 0/8 | BUDGET_ALLOCATED: 16 | PE_REMAINING: 18,,,,,,,,,,,,,,,,,,,,,,,,
2025-09-15T23:52:13.338059,,strategy,Niemcy,STRATEGY,,strategic_decision,,,,,,,,,,,,,,,,,,,,,,,,,,"Strategy: REASSIGNMENT, aggression 0.50, 1 groups, 0 reassignments",,,,,,,,,REASSIGNMENT,0.5,,,,,,adaptive,,0,dynamic_reassignment,,,,,
2025-09-15T23:52:13.343675,,target_selection,Niemcy,AC_Kompania__5_schwere_Artillerie,,target_analysis,,,,,,,,,,,,,,,,,,,,,,,,,,"Target analysis: 29 candidates, score -1.00",,29,-1,999,,,,,,,,,False,,,,,,,29,29,29,5,0
2025-09-15T23:52:13.345999,,,Niemcy,RESUPPLY_NEEDS,,resupply_analysis,,,,,,,,,,,,,,,,,,,,,,,,,,NEEDS_ANALYSIS LOW_FUEL | TOTAL_FUEL_NEEDED: 24 | TOTAL_COMBAT_NEEDED: 0 | TOTAL_PE_NEEDED: 24 | BUDGET_AVAILABLE: 16 | UNITS_REQUIRING_HELP: 8,,,,,,,,,,,,,,,,,,,,,,,,
2025-09-15T23:52:13.347004,,,Niemcy,RESUPPLY_OPERATION,,resupply_summary,,,,,,,,,,,,,,,,,,,,,,,,,,RESUPPLY_SUMMARY LOW_FUEL | TOTAL_PE_SPENT: 0 | UNITS_RESUPPLIED: 0/8 | BUDGET_ALLOCATED: 16 | PE_REMAINING: 18,,,,,,,,,,,,,,,,,,,,,,,,
2025-09-15T23:52:13.349795,,,Niemcy,RESUPPLY_NEEDS,,resupply_analysis,,,,,,,,,,,,,,,,,,,,,,,,,,NEEDS_ANALYSIS LOW_FUEL | TOTAL_FUEL_NEEDED: 24 | TOTAL_COMBAT_NEEDED: 0 | TOTAL_PE_NEEDED: 24 | BUDGET_AVAILABLE: 16 | UNITS_REQUIRING_HELP: 8,,,,,,,,,,,,,,,,,,,,,,,,
2025-09-15T23:52:13.351667,,,Niemcy,RESUPPLY_OPERATION,,resupply_summary,,,,,,,,,,,,,,,,,,,,,,,,,,RESUPPLY_SUMMARY LOW_FUEL | TOTAL_PE_SPENT: 0 | UNITS_RESUPPLIED: 0/8 | BUDGET_ALLOCATED: 16 | PE_REMAINING: 18,,,,,,,,,,,,,,,,,,,,,,,,
2025-09-15T23:52:13.356176,,strategy,Niemcy,STRATEGY,,strategic_decision,,,,,,,,,,,,,,,,,,,,,,,,,,"Strategy: REASSIGNMENT, aggression 0.50, 1 groups, 0 reassignments",,,,,,,,,REASSIGNMENT,0.5,,,,,,adaptive,,0,dynamic_reassignment,,,,,
2025-09-15T23:52:13.359907,,target_selection,Niemcy,AL_Batalion__5_Artillerie_Abteilung,,target_analysis,,,,,,,,,,,,,,,,,,,,,,,,,,"Target analysis: 29 candidates, score -1.00",,29,-1,999,,,,,,,,,False,,,,,,,29,29,29,6,0
2025-09-15T23:52:13.359907,,,Niemcy,RESUPPLY_NEEDS,,resupply_analysis,,,,,,,,,,,,,,,,,,,,,,,,,,NEEDS_ANALYSIS LOW_FUEL | TOTAL_FUEL_NEEDED: 24 | TOTAL_COMBAT_NEEDED: 0 | TOTAL_PE_NEEDED: 24 | BUDGET_AVAILABLE: 16 | UNITS_REQUIRING_HELP: 8,,,,,,,,,,,,,,,,,,,,,,,,
2025-09-15T23:52:13.365885,,,Niemcy,RESUPPLY_OPERATION,,resupply_summary,,,,,,,,,,,,,,,,,,,,,,,,,,RESUPPLY_SUMMARY LOW_FUEL | TOTAL_PE_SPENT: 0 | UNITS_RESUPPLIED: 0/8 | BUDGET_ALLOCATED: 16 | PE_REMAINING: 18,,,,,,,,,,,,,,,,,,,,,,,,
2025-09-15T23:52:13.375747,,strategy,Niemcy,STRATEGY,,strategic_decision,,,,,,,,,,,,,,,,,,,,,,,,,,"Strategy: REASSIGNMENT, aggression 0.50, 1 groups, 0 reassignments",,,,,,,,,REASSIGNMENT,0.5,,,,,,adaptive,,0,dynamic_reassignment,,,,,
2025-09-15T23:52:13.392621,,target_selection,Niemcy,Z_Pluton__5_Unterst_tzungs_Bataillon,,target_analysis,,,,,50,-15,,,,,,,,,,,,,,,,,,,,"Target analysis: 29 candidates, score -1.00",,29,-1,999,,,,,,,,,False,,,,,,,29,29,29,5,2
2025-09-15T23:52:13.399652,,,Niemcy,RESUPPLY_NEEDS,,resupply_analysis,,,,,,,,,,,,,,,,,,,,,,,,,,NEEDS_ANALYSIS LOW_FUEL | TOTAL_FUEL_NEEDED: 24 | TOTAL_COMBAT_NEEDED: 0 | TOTAL_PE_NEEDED: 24 | BUDGET_AVAILABLE: 16 | UNITS_REQUIRING_HELP: 8,,,,,,,,,,,,,,,,,,,,,,,,
2025-09-15T23:52:13.402381,,,Niemcy,RESUPPLY_OPERATION,,resupply_summary,,,,,,,,,,,,,,,,,,,,,,,,,,RESUPPLY_SUMMARY LOW_FUEL | TOTAL_PE_SPENT: 0 | UNITS_RESUPPLIED: 0/8 | BUDGET_ALLOCATED: 16 | PE_REMAINING: 18,,,,,,,,,,,,,,,,,,,,,,,,
2025-09-15T23:52:13.402381,,,Niemcy,RESUPPLY_NEEDS,,resupply_analysis,,,,,,,,,,,,,,,,,,,,,,,,,,NEEDS_ANALYSIS LOW_FUEL | TOTAL_FUEL_NEEDED: 24 | TOTAL_COMBAT_NEEDED: 0 | TOTAL_PE_NEEDED: 24 | BUDGET_AVAILABLE: 16 | UNITS_REQUIRING_HELP: 8,,,,,,,,,,,,,,,,,,,,,,,,
2025-09-15T23:52:13.402381,,,Niemcy,RESUPPLY_OPERATION,,resupply_summary,,,,,,,,,,,,,,,,,,,,,,,,,,RESUPPLY_SUMMARY LOW_FUEL | TOTAL_PE_SPENT: 0 | UNITS_RESUPPLIED: 0/8 | BUDGET_ALLOCATED: 16 | PE_REMAINING: 18,,,,,,,,,,,,,,,,,,,,,,,,
2025-09-15T23:52:13.409504,,,Niemcy,RESUPPLY_NEEDS,,resupply_analysis,,,,,,,,,,,,,,,,,,,,,,,,,,NEEDS_ANALYSIS LOW_FUEL | TOTAL_FUEL_NEEDED: 24 | TOTAL_COMBAT_NEEDED: 0 | TOTAL_PE_NEEDED: 24 | BUDGET_AVAILABLE: 16 | UNITS_REQUIRING_HELP: 8,,,,,,,,,,,,,,,,,,,,,,,,
2025-09-15T23:52:13.410503,,,Niemcy,RESUPPLY_OPERATION,,resupply_summary,,,,,,,,,,,,,,,,,,,,,,,,,,RESUPPLY_SUMMARY LOW_FUEL | TOTAL_PE_SPENT: 0 | UNITS_RESUPPLIED: 0/8 | BUDGET_ALLOCATED: 16 | PE_REMAINING: 18,,,,,,,,,,,,,,,,,,,,,,,,
2025-09-15T23:52:13.413245,,,Niemcy,AC_Kompania__5_schwere_Artillerie,,combat,53,4,50,7,,,,,,,,,,,,,,,,,,,,,,Attack enemy P_Pluton__6_Grenadier_Bataillon,,,,,,,,,,,,,,,,,,,,,,,,
2025-09-15T23:52:13.414706,,,Niemcy,RESUPPLY_NEEDS,,resupply_analysis,,,,,,,,,,,,,,,,,,,,,,,,,,NEEDS_ANALYSIS LOW_FUEL | TOTAL_FUEL_NEEDED: 24 | TOTAL_COMBAT_NEEDED: 0 | TOTAL_PE_NEEDED: 24 | BUDGET_AVAILABLE: 16 | UNITS_REQUIRING_HELP: 8,,,,,,,,,,,,,,,,,,,,,,,,
2025-09-15T23:52:13.417638,,,Niemcy,RESUPPLY_OPERATION,,resupply_summary,,,,,,,,,,,,,,,,,,,,,,,,,,RESUPPLY_SUMMARY LOW_FUEL | TOTAL_PE_SPENT: 0 | UNITS_RESUPPLIED: 0/8 | BUDGET_ALLOCATED: 16 | PE_REMAINING: 18,,,,,,,,,,,,,,,,,,,,,,,,
2025-09-15T23:52:13.422919,,,Niemcy,RESUPPLY_NEEDS,,resupply_analysis,,,,,,,,,,,,,,,,,,,,,,,,,,NEEDS_ANALYSIS LOW_FUEL | TOTAL_FUEL_NEEDED: 24 | TOTAL_COMBAT_NEEDED: 0 | TOTAL_PE_NEEDED: 24 | BUDGET_AVAILABLE: 16 | UNITS_REQUIRING_HELP: 8,,,,,,,,,,,,,,,,,,,,,,,,
2025-09-15T23:52:13.423924,,,Niemcy,RESUPPLY_OPERATION,,resupply_summary,,,,,,,,,,,,,,,,,,,,,,,,,,RESUPPLY_SUMMARY LOW_FUEL | TOTAL_PE_SPENT: 0 | UNITS_RESUPPLIED: 0/8 | BUDGET_ALLOCATED: 16 | PE_REMAINING: 18,,,,,,,,,,,,,,,,,,,,,,,,
2025-09-15T23:52:13.427380,,,Niemcy,RESUPPLY_NEEDS,,resupply_analysis,,,,,,,,,,,,,,,,,,,,,,,,,,NEEDS_ANALYSIS LOW_FUEL | TOTAL_FUEL_NEEDED: 24 | TOTAL_COMBAT_NEEDED: 0 | TOTAL_PE_NEEDED: 24 | BUDGET_AVAILABLE: 16 | UNITS_REQUIRING_HELP: 8,,,,,,,,,,,,,,,,,,,,,,,,
2025-09-15T23:52:13.428533,,,Niemcy,RESUPPLY_OPERATION,,resupply_summary,,,,,,,,,,,,,,,,,,,,,,,,,,RESUPPLY_SUMMARY LOW_FUEL | TOTAL_PE_SPENT: 0 | UNITS_RESUPPLIED: 0/8 | BUDGET_ALLOCATED: 16 | PE_REMAINING: 18,,,,,,,,,,,,,,,,,,,,,,,,
2025-09-15T23:52:13.430852,,,Niemcy,RESUPPLY_NEEDS,,resupply_analysis,,,,,,,,,,,,,,,,,,,,,,,,,,NEEDS_ANALYSIS LOW_FUEL | TOTAL_FUEL_NEEDED: 24 | TOTAL_COMBAT_NEEDED: 0 | TOTAL_PE_NEEDED: 24 | BUDGET_AVAILABLE: 16 | UNITS_REQUIRING_HELP: 8,,,,,,,,,,,,,,,,,,,,,,,,
2025-09-15T23:52:13.431865,,,Niemcy,RESUPPLY_OPERATION,,resupply_summary,,,,,,,,,,,,,,,,,,,,,,,,,,RESUPPLY_SUMMARY LOW_FUEL | TOTAL_PE_SPENT: 0 | UNITS_RESUPPLIED: 0/8 | BUDGET_ALLOCATED: 16 | PE_REMAINING: 18,,,,,,,,,,,,,,,,,,,,,,,,
2025-09-15T23:52:13.436661,,,Niemcy,RESUPPLY_NEEDS,,resupply_analysis,,,,,,,,,,,,,,,,,,,,,,,,,,NEEDS_ANALYSIS LOW_FUEL | TOTAL_FUEL_NEEDED: 24 | TOTAL_COMBAT_NEEDED: 0 | TOTAL_PE_NEEDED: 24 | BUDGET_AVAILABLE: 16 | UNITS_REQUIRING_HELP: 8,,,,,,,,,,,,,,,,,,,,,,,,
2025-09-15T23:52:13.437717,,,Niemcy,RESUPPLY_OPERATION,,resupply_summary,,,,,,,,,,,,,,,,,,,,,,,,,,RESUPPLY_SUMMARY LOW_FUEL | TOTAL_PE_SPENT: 0 | UNITS_RESUPPLIED: 0/8 | BUDGET_ALLOCATED: 16 | PE_REMAINING: 18,,,,,,,,,,,,,,,,,,,,,,,,
2025-09-15T23:52:13.440362,,,Niemcy,TURN_END,,turn_summary,,,,,,,,,,,9,0,,,,,,,,,,,,advanced,opp=0;groups=5;adv=True,"Turn completed: 0/9 units moved, 5 groups (advanced)",,,,,,,,,,,,,,,,,,,,,,,,
2025-09-15T23:52:13.496288,,,Niemcy,TURN_START,,turn_begin,,,,,,,,,,,,,,,,,,,,,,,,,,AI Commander turn started for player 6,,,,,,,,,,,,,,,,,,,,,,,,
2025-09-15T23:52:13.499657,,,Niemcy,RESUPPLY_NEEDS,,resupply_analysis,,,,,,,,,,,,,,,,,,,,,,,,,,NEEDS_ANALYSIS PRE_RAID_OPTIMIZATION | TOTAL_FUEL_NEEDED: 12 | TOTAL_COMBAT_NEEDED: 18 | TOTAL_PE_NEEDED: 30 | BUDGET_AVAILABLE: 87 | UNITS_REQUIRING_HELP: 5,,,,,,,,,,,,,,,,,,,,,,,,
2025-09-15T23:52:13.501788,,,Niemcy,P_Pluton__6_Infanterie_Regiment,,resupply_detailed,48,6,48,6,,,,,,,,,,,,,,,,,,,,,,phase1 PRE_RAID_OPTIMIZATION | PE_SPENT: fuel=2 combat=0 total=2 | BEFORE: fuel=0 combat=8 | AFTER: fuel=2 combat=8,,,,,,,,,,,,,,,,,,,,,,,,
2025-09-15T23:52:13.503796,,,Niemcy,P_Batalion__6_Infanterie_Regiment,,resupply_detailed,41,11,41,11,,,,,,,,,,,,,,,,,,,,,,phase1 PRE_RAID_OPTIMIZATION | PE_SPENT: fuel=2 combat=10 total=12 | BEFORE: fuel=0 combat=3 | AFTER: fuel=2 combat=13,,,,,,,,,,,,,,,,,,,,,,,,
2025-09-15T23:52:13.503796,,,Niemcy,P_Pluton__6_Grenadier_Bataillon,,resupply_detailed,49,7,49,7,,,,,,,,,,,,,,,,,,,,,,phase1 PRE_RAID_OPTIMIZATION | PE_SPENT: fuel=2 combat=7 total=9 | BEFORE: fuel=0 combat=1 | AFTER: fuel=2 combat=8,,,,,,,,,,,,,,,,,,,,,,,,
2025-09-15T23:52:13.503796,,,Niemcy,Z_Batalion__6_Versorgungs_Kompanie,,resupply_detailed,51,-13,51,-13,,,,,,,,,,,,,,,,,,,,,,phase1 PRE_RAID_OPTIMIZATION | PE_SPENT: fuel=3 combat=0 total=3 | BEFORE: fuel=0 combat=7 | AFTER: fuel=3 combat=7,,,,,,,,,,,,,,,,,,,,,,,,
2025-09-15T23:52:13.503796,,,Niemcy,P_Kompania__6_Sch_tzen_Kompanie,,resupply_detailed,51,7,51,7,,,,,,,,,,,,,,,,,,,,,,phase1 PRE_RAID_OPTIMIZATION | PE_SPENT: fuel=2 combat=0 total=2 | BEFORE: fuel=0 combat=11 | AFTER: fuel=2 combat=11,,,,,,,,,,,,,,,,,,,,,,,,
2025-09-15T23:52:13.503796,,,Niemcy,P_Batalion__6_Infanterie_Regiment,,resupply_bonus,41,11,41,11,,,,,,,,,,,,,,,,,,,,,,bonus_phase PRE_RAID_OPTIMIZATION | PE_SPENT: fuel=0 combat=1 total=1 | BONUS_ALLOCATION: 5 PE available | REMAINING_BUDGET: 26 PE,,,,,,,,,,,,,,,,,,,,,,,,
2025-09-15T23:52:13.503796,,,Niemcy,RESUPPLY_OPERATION,,resupply_summary,,,,,,,,,,,,,,,,,,,,,,,,,,RESUPPLY_SUMMARY PRE_RAID_OPTIMIZATION | TOTAL_PE_SPENT: 29 | UNITS_RESUPPLIED: 5/5 | BUDGET_ALLOCATED: 87 | PE_REMAINING: 68,,,,,,,,,,,,,,,,,,,,,,,,
2025-09-15T23:52:13.536645,,target_selection,Niemcy,P_Pluton__6_Infanterie_Regiment,,target_analysis,,,,,46,8,,,,,,,,,,,,,,,,,,,,"Target analysis: 29 candidates, score -1.00",,29,-1,999,,,,,,,,,False,,,,,,,29,29,29,5,2
2025-09-15T23:52:13.540042,,,Niemcy,P_Pluton__6_Infanterie_Regiment,,second_move,,,46,8,,,,,,,,,,,,,,,,,,,,,,second_chance after PRE_RAID_OPTIMIZATION,,,,,,,,,,,,,,,,,,,,,,,,
2025-09-15T23:52:13.561828,,target_selection,Niemcy,P_Batalion__6_Infanterie_Regiment,,target_analysis,,,,,39,11,,,,,,,,,,,,,,,,,,,,"Target analysis: 29 candidates, score -1.00",,29,-1,999,,,,,,,,,False,,,,,,,29,29,29,5,2
2025-09-15T23:52:13.565296,,,Niemcy,P_Batalion__6_Infanterie_Regiment,,second_move,,,39,11,,,,,,,,,,,,,,,,,,,,,,second_chance after PRE_RAID_OPTIMIZATION,,,,,,,,,,,,,,,,,,,,,,,,
2025-09-15T23:52:13.589416,,target_selection,Niemcy,P_Pluton__6_Grenadier_Bataillon,,target_analysis,,,,,47,7,,,,,,,,,,,,,,,,,,,,"Target analysis: 29 candidates, score -1.00",,29,-1,999,,,,,,,,,False,,,,,,,29,29,29,5,2
2025-09-15T23:52:13.592608,,,Niemcy,P_Pluton__6_Grenadier_Bataillon,,second_move,,,47,7,,,,,,,,,,,,,,,,,,,,,,second_chance after PRE_RAID_OPTIMIZATION,,,,,,,,,,,,,,,,,,,,,,,,
2025-09-15T23:52:13.610546,,target_selection,Niemcy,Z_Batalion__6_Versorgungs_Kompanie,,target_analysis,,,,,51,-12,,,,,,,,,,,,,,,,,,,,"Target analysis: 29 candidates, score 30.00",,29,30.0,1,,,,,,,,,False,,,,"(51, -12)",,,26,29,29,6,3
2025-09-15T23:52:13.610546,,,Niemcy,Z_Batalion__6_Versorgungs_Kompanie,,second_move,,,51,-12,,,,,,,,,,,,,,,,,,,,,,second_chance after PRE_RAID_OPTIMIZATION,,,,,,,,,,,,,,,,,,,,,,,,
2025-09-15T23:52:13.633464,,target_selection,Niemcy,P_Kompania__6_Sch_tzen_Kompanie,,target_analysis,,,,,49,7,,,,,,,,,,,,,,,,,,,,"Target analysis: 29 candidates, score -1.00",,29,-1,999,,,,,,,,,False,,,,,,,29,29,29,5,2
2025-09-15T23:52:13.640213,,,Niemcy,P_Kompania__6_Sch_tzen_Kompanie,,second_move,,,49,7,,,,,,,,,,,,,,,,,,,,,,second_chance after PRE_RAID_OPTIMIZATION,,,,,,,,,,,,,,,,,,,,,,,,
2025-09-15T23:52:13.674695,,strategy,Niemcy,STRATEGY,,strategic_decision,,,,,,,,,,,,,,,,,,,,,,,,,,"Strategy: REASSIGNMENT, aggression 0.50, 2 groups, 0 reassignments",,,,,,,,,REASSIGNMENT,0.5,,,,,,adaptive,,0,dynamic_reassignment,,,,,
2025-09-15T23:52:13.676300,,strategy,Niemcy,STRATEGY,,strategic_decision,,,,,,,,,,,,,,,,,,,,,,,,,,"Strategy: REASSIGNMENT, aggression 0.50, 2 groups, 0 reassignments",,,,,,,,,REASSIGNMENT,0.5,,,,,,adaptive,,0,dynamic_reassignment,,,,,
2025-09-15T23:52:13.683124,,strategy,Niemcy,STRATEGY,,strategic_decision,,,,,,,,,,,,,,,,,,,,,,,,,,"Strategy: REASSIGNMENT, aggression 0.50, 1 groups, 0 reassignments",,,,,,,,,REASSIGNMENT,0.5,,,,,,adaptive,,0,dynamic_reassignment,,,,,
2025-09-15T23:52:13.690913,,target_selection,Niemcy,P_Pluton__6_Infanterie_Regiment,,target_analysis,,,,,,,,,,,,,,,,,,,,,,,,,,"Target analysis: 29 candidates, score -1.00",,29,-1,999,,,,,,,,,False,,,,,,,29,29,29,5,0
2025-09-15T23:52:13.693952,,,Niemcy,RESUPPLY_NEEDS,,resupply_analysis,,,,,,,,,,,,,,,,,,,,,,,,,,NEEDS_ANALYSIS LOW_FUEL | TOTAL_FUEL_NEEDED: 7 | TOTAL_COMBAT_NEEDED: 0 | TOTAL_PE_NEEDED: 7 | BUDGET_AVAILABLE: 54 | UNITS_REQUIRING_HELP: 5,,,,,,,,,,,,,,,,,,,,,,,,
2025-09-15T23:52:13.695065,,,Niemcy,Z_Batalion__6_Versorgungs_Kompanie,,resupply_detailed,50,-12,50,-12,,,,,,,,,,,,,,,,,,,,,,phase1 LOW_FUEL | PE_SPENT: fuel=2 combat=0 total=2 | BEFORE: fuel=1 combat=7 | AFTER: fuel=3 combat=7,,,,,,,,,,,,,,,,,,,,,,,,
2025-09-15T23:52:13.695065,,,Niemcy,P_Pluton__6_Infanterie_Regiment,,resupply_detailed,46,8,46,8,,,,,,,,,,,,,,,,,,,,,,phase1 LOW_FUEL | PE_SPENT: fuel=1 combat=0 total=1 | BEFORE: fuel=1 combat=8 | AFTER: fuel=2 combat=8,,,,,,,,,,,,,,,,,,,,,,,,
2025-09-15T23:52:13.696062,,,Niemcy,P_Batalion__6_Infanterie_Regiment,,resupply_detailed,39,11,39,11,,,,,,,,,,,,,,,,,,,,,,phase1 LOW_FUEL | PE_SPENT: fuel=1 combat=0 total=1 | BEFORE: fuel=1 combat=14 | AFTER: fuel=2 combat=14,,,,,,,,,,,,,,,,,,,,,,,,
2025-09-15T23:52:13.697059,,,Niemcy,P_Pluton__6_Grenadier_Bataillon,,resupply_detailed,47,7,47,7,,,,,,,,,,,,,,,,,,,,,,phase1 LOW_FUEL | PE_SPENT: fuel=1 combat=0 total=1 | BEFORE: fuel=1 combat=8 | AFTER: fuel=2 combat=8,,,,,,,,,,,,,,,,,,,,,,,,
2025-09-15T23:52:13.697059,,,Niemcy,P_Kompania__6_Sch_tzen_Kompanie,,resupply_detailed,49,7,49,7,,,,,,,,,,,,,,,,,,,,,,phase1 LOW_FUEL | PE_SPENT: fuel=1 combat=0 total=1 | BEFORE: fuel=1 combat=11 | AFTER: fuel=2 combat=11,,,,,,,,,,,,,,,,,,,,,,,,
2025-09-15T23:52:13.699125,,,Niemcy,RESUPPLY_OPERATION,,resupply_summary,,,,,,,,,,,,,,,,,,,,,,,,,,RESUPPLY_SUMMARY LOW_FUEL | TOTAL_PE_SPENT: 6 | UNITS_RESUPPLIED: 5/5 | BUDGET_ALLOCATED: 54 | PE_REMAINING: 62,,,,,,,,,,,,,,,,,,,,,,,,
2025-09-15T23:52:13.705771,,,Niemcy,Z_Batalion__6_Versorgungs_Kompanie,,second_move,,,51,-12,,,,,,,,,,,,,,,,,,,,,,second_chance after LOW_FUEL,,,,,,,,,,,,,,,,,,,,,,,,
2025-09-15T23:52:13.720377,,target_selection,Niemcy,P_Pluton__6_Infanterie_Regiment,,target_analysis,,,,,44,8,,,,,,,,,,,,,,,,,,,,"Target analysis: 29 candidates, score -1.00",,29,-1,999,,,,,,,,,False,,,,,,,29,29,29,4,2
2025-09-15T23:52:13.720377,,,Niemcy,P_Pluton__6_Infanterie_Regiment,,second_move,,,44,8,,,,,,,,,,,,,,,,,,,,,,second_chance after LOW_FUEL,,,,,,,,,,,,,,,,,,,,,,,,
2025-09-15T23:52:13.749528,,target_selection,Niemcy,P_Batalion__6_Infanterie_Regiment,,target_analysis,,,,,41,11,,,,,,,,,,,,,,,,,,,,"Target analysis: 29 candidates, score -1.00",,29,-1,999,,,,,,,,,False,,,,,,,29,29,29,4,2
2025-09-15T23:52:13.756990,,,Niemcy,P_Batalion__6_Infanterie_Regiment,,second_move,,,41,11,,,,,,,,,,,,,,,,,,,,,,second_chance after LOW_FUEL,,,,,,,,,,,,,,,,,,,,,,,,
2025-09-15T23:52:13.779823,,target_selection,Niemcy,P_Pluton__6_Grenadier_Bataillon,,target_analysis,,,,,45,7,,,,,,,,,,,,,,,,,,,,"Target analysis: 29 candidates, score -1.00",,29,-1,999,,,,,,,,,False,,,,,,,29,29,29,4,2
2025-09-15T23:52:13.783355,,,Niemcy,P_Pluton__6_Grenadier_Bataillon,,second_move,,,45,7,,,,,,,,,,,,,,,,,,,,,,second_chance after LOW_FUEL,,,,,,,,,,,,,,,,,,,,,,,,
2025-09-15T23:52:13.806127,,target_selection,Niemcy,P_Kompania__6_Sch_tzen_Kompanie,,target_analysis,,,,,51,7,,,,,,,,,,,,,,,,,,,,"Target analysis: 29 candidates, score -1.00",,29,-1,999,,,,,,,,,False,,,,,,,29,29,29,4,2
2025-09-15T23:52:13.809397,,,Niemcy,P_Kompania__6_Sch_tzen_Kompanie,,second_move,,,51,7,,,,,,,,,,,,,,,,,,,,,,second_chance after LOW_FUEL,,,,,,,,,,,,,,,,,,,,,,,,
2025-09-15T23:52:13.811077,,,Niemcy,RESUPPLY_NEEDS,,resupply_analysis,,,,,,,,,,,,,,,,,,,,,,,,,,NEEDS_ANALYSIS LOW_FUEL | TOTAL_FUEL_NEEDED: 6 | TOTAL_COMBAT_NEEDED: 0 | TOTAL_PE_NEEDED: 6 | BUDGET_AVAILABLE: 49 | UNITS_REQUIRING_HELP: 5,,,,,,,,,,,,,,,,,,,,,,,,
2025-09-15T23:52:13.812088,,,Niemcy,P_Pluton__6_Infanterie_Regiment,,resupply_detailed,44,8,44,8,,,,,,,,,,,,,,,,,,,,,,phase1 LOW_FUEL | PE_SPENT: fuel=1 combat=0 total=1 | BEFORE: fuel=1 combat=8 | AFTER: fuel=2 combat=8,,,,,,,,,,,,,,,,,,,,,,,,
2025-09-15T23:52:13.813097,,,Niemcy,P_Batalion__6_Infanterie_Regiment,,resupply_detailed,41,11,41,11,,,,,,,,,,,,,,,,,,,,,,phase1 LOW_FUEL | PE_SPENT: fuel=1 combat=0 total=1 | BEFORE: fuel=1 combat=14 | AFTER: fuel=2 combat=14,,,,,,,,,,,,,,,,,,,,,,,,
2025-09-15T23:52:13.813097,,,Niemcy,P_Pluton__6_Grenadier_Bataillon,,resupply_detailed,45,7,45,7,,,,,,,,,,,,,,,,,,,,,,phase1 LOW_FUEL | PE_SPENT: fuel=1 combat=0 total=1 | BEFORE: fuel=1 combat=8 | AFTER: fuel=2 combat=8,,,,,,,,,,,,,,,,,,,,,,,,
2025-09-15T23:52:13.814144,,,Niemcy,Z_Batalion__6_Versorgungs_Kompanie,,resupply_detailed,51,-12,51,-12,,,,,,,,,,,,,,,,,,,,,,phase1 LOW_FUEL | PE_SPENT: fuel=1 combat=0 total=1 | BEFORE: fuel=2 combat=7 | AFTER: fuel=3 combat=7,,,,,,,,,,,,,,,,,,,,,,,,
2025-09-15T23:52:13.815328,,,Niemcy,P_Kompania__6_Sch_tzen_Kompanie,,resupply_detailed,51,7,51,7,,,,,,,,,,,,,,,,,,,,,,phase1 LOW_FUEL | PE_SPENT: fuel=1 combat=0 total=1 | BEFORE: fuel=1 combat=11 | AFTER: fuel=2 combat=11,,,,,,,,,,,,,,,,,,,,,,,,
2025-09-15T23:52:13.815328,,,Niemcy,RESUPPLY_OPERATION,,resupply_summary,,,,,,,,,,,,,,,,,,,,,,,,,,RESUPPLY_SUMMARY LOW_FUEL | TOTAL_PE_SPENT: 5 | UNITS_RESUPPLIED: 5/5 | BUDGET_ALLOCATED: 49 | PE_REMAINING: 57,,,,,,,,,,,,,,,,,,,,,,,,
2025-09-15T23:52:13.837225,,target_selection,Niemcy,P_Pluton__6_Infanterie_Regiment,,target_analysis,,,,,46,8,,,,,,,,,,,,,,,,,,,,"Target analysis: 29 candidates, score -1.00",,29,-1,999,,,,,,,,,False,,,,,,,29,29,29,3,2
2025-09-15T23:52:13.842689,,,Niemcy,P_Pluton__6_Infanterie_Regiment,,second_move,,,46,8,,,,,,,,,,,,,,,,,,,,,,second_chance after LOW_FUEL,,,,,,,,,,,,,,,,,,,,,,,,
2025-09-15T23:52:13.854245,,target_selection,Niemcy,P_Batalion__6_Infanterie_Regiment,,target_analysis,,,,,39,11,,,,,,,,,,,,,,,,,,,,"Target analysis: 29 candidates, score -1.00",,29,-1,999,,,,,,,,,False,,,,,,,29,29,29,3,2
2025-09-15T23:52:13.863780,,,Niemcy,P_Batalion__6_Infanterie_Regiment,,second_move,,,39,11,,,,,,,,,,,,,,,,,,,,,,second_chance after LOW_FUEL,,,,,,,,,,,,,,,,,,,,,,,,
2025-09-15T23:52:13.886177,,target_selection,Niemcy,P_Pluton__6_Grenadier_Bataillon,,target_analysis,,,,,47,7,,,,,,,,,,,,,,,,,,,,"Target analysis: 29 candidates, score -1.00",,29,-1,999,,,,,,,,,False,,,,,,,29,29,29,3,2
2025-09-15T23:52:13.889979,,,Niemcy,P_Pluton__6_Grenadier_Bataillon,,second_move,,,47,7,,,,,,,,,,,,,,,,,,,,,,second_chance after LOW_FUEL,,,,,,,,,,,,,,,,,,,,,,,,
2025-09-15T23:52:13.906813,,target_selection,Niemcy,Z_Batalion__6_Versorgungs_Kompanie,,target_analysis,,,,,51,-13,,,,,,,,,,,,,,,,,,,,"Target analysis: 29 candidates, score 30.00",,29,30.0,1,,,,,,,,,False,,,,"(51, -13)",,,24,29,29,3,3
2025-09-15T23:52:13.914346,,,Niemcy,Z_Batalion__6_Versorgungs_Kompanie,,second_move,,,51,-13,,,,,,,,,,,,,,,,,,,,,,second_chance after LOW_FUEL,,,,,,,,,,,,,,,,,,,,,,,,
2025-09-15T23:52:13.928979,,target_selection,Niemcy,P_Kompania__6_Sch_tzen_Kompanie,,target_analysis,,,,,49,7,,,,,,,,,,,,,,,,,,,,"Target analysis: 29 candidates, score -1.00",,29,-1,999,,,,,,,,,False,,,,,,,29,29,29,3,2
2025-09-15T23:52:13.933557,,,Niemcy,P_Kompania__6_Sch_tzen_Kompanie,,second_move,,,49,7,,,,,,,,,,,,,,,,,,,,,,second_chance after LOW_FUEL,,,,,,,,,,,,,,,,,,,,,,,,
2025-09-15T23:52:13.936656,,,Niemcy,RESUPPLY_NEEDS,,resupply_analysis,,,,,,,,,,,,,,,,,,,,,,,,,,NEEDS_ANALYSIS LOW_FUEL | TOTAL_FUEL_NEEDED: 6 | TOTAL_COMBAT_NEEDED: 0 | TOTAL_PE_NEEDED: 6 | BUDGET_AVAILABLE: 45 | UNITS_REQUIRING_HELP: 5,,,,,,,,,,,,,,,,,,,,,,,,
2025-09-15T23:52:13.936656,,,Niemcy,RESUPPLY_OPERATION,,resupply_summary,,,,,,,,,,,,,,,,,,,,,,,,,,RESUPPLY_SUMMARY LOW_FUEL | TOTAL_PE_SPENT: 0 | UNITS_RESUPPLIED: 0/5 | BUDGET_ALLOCATED: 45 | PE_REMAINING: 57,,,,,,,,,,,,,,,,,,,,,,,,
2025-09-15T23:52:13.945660,,target_selection,Niemcy,P_Pluton__6_Infanterie_Regiment,,target_analysis,,,,,45,8,,,,,,,,,,,,,,,,,,,,"Target analysis: 29 candidates, score -1.00",,29,-1,999,,,,,,,,,False,,,,,,,29,29,29,2,1
2025-09-15T23:52:13.950842,,,Niemcy,P_Pluton__6_Infanterie_Regiment,,second_move,,,45,8,,,,,,,,,,,,,,,,,,,,,,second_chance after LOW_FUEL,,,,,,,,,,,,,,,,,,,,,,,,
2025-09-15T23:52:13.964115,,target_selection,Niemcy,P_Batalion__6_Infanterie_Regiment,,target_analysis,,,,,40,11,,,,,,,,,,,,,,,,,,,,"Target analysis: 29 candidates, score -1.00",,29,-1,999,,,,,,,,,False,,,,,,,29,29,29,2,1
2025-09-15T23:52:13.971326,,,Niemcy,P_Batalion__6_Infanterie_Regiment,,second_move,,,40,11,,,,,,,,,,,,,,,,,,,,,,second_chance after LOW_FUEL,,,,,,,,,,,,,,,,,,,,,,,,
2025-09-15T23:52:13.977727,,target_selection,Niemcy,P_Pluton__6_Grenadier_Bataillon,,target_analysis,,,,,48,7,,,,,,,,,,,,,,,,,,,,"Target analysis: 29 candidates, score -1.00",,29,-1,999,,,,,,,,,False,,,,,,,29,29,29,2,1
2025-09-15T23:52:13.987034,,,Niemcy,P_Pluton__6_Grenadier_Bataillon,,second_move,,,48,7,,,,,,,,,,,,,,,,,,,,,,second_chance after LOW_FUEL,,,,,,,,,,,,,,,,,,,,,,,,
2025-09-15T23:52:13.996885,,target_selection,Niemcy,Z_Batalion__6_Versorgungs_Kompanie,,target_analysis,,,,,51,-12,,,,,,,,,,,,,,,,,,,,"Target analysis: 29 candidates, score 30.00",,29,30.0,1,,,,,,,,,False,,,,"(51, -12)",,,28,29,29,2,2
2025-09-15T23:52:14.001074,,,Niemcy,Z_Batalion__6_Versorgungs_Kompanie,,second_move,,,51,-12,,,,,,,,,,,,,,,,,,,,,,second_chance after LOW_FUEL,,,,,,,,,,,,,,,,,,,,,,,,
2025-09-15T23:52:14.008968,,target_selection,Niemcy,P_Kompania__6_Sch_tzen_Kompanie,,target_analysis,,,,,50,7,,,,,,,,,,,,,,,,,,,,"Target analysis: 29 candidates, score -1.00",,29,-1,999,,,,,,,,,False,,,,,,,29,29,29,2,1
2025-09-15T23:52:14.020557,,,Niemcy,P_Kompania__6_Sch_tzen_Kompanie,,second_move,,,50,7,,,,,,,,,,,,,,,,,,,,,,second_chance after LOW_FUEL,,,,,,,,,,,,,,,,,,,,,,,,
2025-09-15T23:52:14.022963,,strategy,Niemcy,STRATEGY,,strategic_decision,,,,,,,,,,,,,,,,,,,,,,,,,,"Strategy: REASSIGNMENT, aggression 0.50, 1 groups, 0 reassignments",,,,,,,,,REASSIGNMENT,0.5,,,,,,adaptive,,0,dynamic_reassignment,,,,,
2025-09-15T23:52:14.028815,,target_selection,Niemcy,P_Batalion__6_Infanterie_Regiment,,target_analysis,,,,,,,,,,,,,,,,,,,,,,,,,,"Target analysis: 29 candidates, score -1.00",,29,-1,999,,,,,,,,,False,,,,,,,29,29,29,5,0
2025-09-15T23:52:14.028815,,,Niemcy,RESUPPLY_NEEDS,,resupply_analysis,,,,,,,,,,,,,,,,,,,,,,,,,,NEEDS_ANALYSIS LOW_FUEL | TOTAL_FUEL_NEEDED: 11 | TOTAL_COMBAT_NEEDED: 0 | TOTAL_PE_NEEDED: 11 | BUDGET_AVAILABLE: 51 | UNITS_REQUIRING_HELP: 5,,,,,,,,,,,,,,,,,,,,,,,,
2025-09-15T23:52:14.028815,,,Niemcy,RESUPPLY_OPERATION,,resupply_summary,,,,,,,,,,,,,,,,,,,,,,,,,,RESUPPLY_SUMMARY LOW_FUEL | TOTAL_PE_SPENT: 0 | UNITS_RESUPPLIED: 0/5 | BUDGET_ALLOCATED: 51 | PE_REMAINING: 57,,,,,,,,,,,,,,,,,,,,,,,,
2025-09-15T23:52:14.042217,,target_selection,Niemcy,Z_Batalion__6_Versorgungs_Kompanie,,target_analysis,,,,,51,-13,,,,,,,,,,,,,,,,,,,,"Target analysis: 29 candidates, score 30.00",,29,30.0,1,,,,,,,,,False,,,,"(51, -13)",,,28,29,29,1,1
2025-09-15T23:52:14.044910,,,Niemcy,Z_Batalion__6_Versorgungs_Kompanie,,second_move,,,51,-13,,,,,,,,,,,,,,,,,,,,,,second_chance after LOW_FUEL,,,,,,,,,,,,,,,,,,,,,,,,
2025-09-15T23:52:14.044910,,,Niemcy,RESUPPLY_NEEDS,,resupply_analysis,,,,,,,,,,,,,,,,,,,,,,,,,,NEEDS_ANALYSIS LOW_FUEL | TOTAL_FUEL_NEEDED: 12 | TOTAL_COMBAT_NEEDED: 0 | TOTAL_PE_NEEDED: 12 | BUDGET_AVAILABLE: 51 | UNITS_REQUIRING_HELP: 5,,,,,,,,,,,,,,,,,,,,,,,,
2025-09-15T23:52:14.044910,,,Niemcy,RESUPPLY_OPERATION,,resupply_summary,,,,,,,,,,,,,,,,,,,,,,,,,,RESUPPLY_SUMMARY LOW_FUEL | TOTAL_PE_SPENT: 0 | UNITS_RESUPPLIED: 0/5 | BUDGET_ALLOCATED: 51 | PE_REMAINING: 57,,,,,,,,,,,,,,,,,,,,,,,,
2025-09-15T23:52:14.052284,,,Niemcy,RESUPPLY_NEEDS,,resupply_analysis,,,,,,,,,,,,,,,,,,,,,,,,,,NEEDS_ANALYSIS LOW_FUEL | TOTAL_FUEL_NEEDED: 12 | TOTAL_COMBAT_NEEDED: 0 | TOTAL_PE_NEEDED: 12 | BUDGET_AVAILABLE: 51 | UNITS_REQUIRING_HELP: 5,,,,,,,,,,,,,,,,,,,,,,,,
2025-09-15T23:52:14.054513,,,Niemcy,RESUPPLY_OPERATION,,resupply_summary,,,,,,,,,,,,,,,,,,,,,,,,,,RESUPPLY_SUMMARY LOW_FUEL | TOTAL_PE_SPENT: 0 | UNITS_RESUPPLIED: 0/5 | BUDGET_ALLOCATED: 51 | PE_REMAINING: 57,,,,,,,,,,,,,,,,,,,,,,,,
2025-09-15T23:52:14.057385,,,Niemcy,P_Batalion__6_Infanterie_Regiment,,combat,40,11,40,12,,,,,,,,,,,,,,,,,,,,,,Attack enemy P_Pluton__3_Pu_k_Piechoty,,,,,,,,,,,,,,,,,,,,,,,,
2025-09-15T23:52:14.059204,,,Niemcy,RESUPPLY_NEEDS,,resupply_analysis,,,,,,,,,,,,,,,,,,,,,,,,,,NEEDS_ANALYSIS LOW_FUEL | TOTAL_FUEL_NEEDED: 12 | TOTAL_COMBAT_NEEDED: 12 | TOTAL_PE_NEEDED: 24 | BUDGET_AVAILABLE: 51 | UNITS_REQUIRING_HELP: 5,,,,,,,,,,,,,,,,,,,,,,,,
2025-09-15T23:52:14.059791,,,Niemcy,P_Batalion__6_Infanterie_Regiment,,resupply_bonus,40,11,40,11,,,,,,,,,,,,,,,,,,,,,,bonus_phase LOW_FUEL | PE_SPENT: fuel=0 combat=1 total=1 | BONUS_ALLOCATION: 1 PE available | REMAINING_BUDGET: 0 PE,,,,,,,,,,,,,,,,,,,,,,,,
2025-09-15T23:52:14.060801,,,Niemcy,RESUPPLY_OPERATION,,resupply_summary,,,,,,,,,,,,,,,,,,,,,,,,,,RESUPPLY_SUMMARY LOW_FUEL | TOTAL_PE_SPENT: 1 | UNITS_RESUPPLIED: 0/5 | BUDGET_ALLOCATED: 51 | PE_REMAINING: 56,,,,,,,,,,,,,,,,,,,,,,,,
2025-09-15T23:52:14.060801,,,Niemcy,RESUPPLY_NEEDS,,resupply_analysis,,,,,,,,,,,,,,,,,,,,,,,,,,NEEDS_ANALYSIS LOW_FUEL | TOTAL_FUEL_NEEDED: 12 | TOTAL_COMBAT_NEEDED: 11 | TOTAL_PE_NEEDED: 23 | BUDGET_AVAILABLE: 50 | UNITS_REQUIRING_HELP: 5,,,,,,,,,,,,,,,,,,,,,,,,
2025-09-15T23:52:14.060801,,,Niemcy,RESUPPLY_OPERATION,,resupply_summary,,,,,,,,,,,,,,,,,,,,,,,,,,RESUPPLY_SUMMARY LOW_FUEL | TOTAL_PE_SPENT: 0 | UNITS_RESUPPLIED: 0/5 | BUDGET_ALLOCATED: 50 | PE_REMAINING: 56,,,,,,,,,,,,,,,,,,,,,,,,
2025-09-15T23:52:14.066723,,,Niemcy,RESUPPLY_NEEDS,,resupply_analysis,,,,,,,,,,,,,,,,,,,,,,,,,,NEEDS_ANALYSIS LOW_FUEL | TOTAL_FUEL_NEEDED: 12 | TOTAL_COMBAT_NEEDED: 11 | TOTAL_PE_NEEDED: 23 | BUDGET_AVAILABLE: 50 | UNITS_REQUIRING_HELP: 5,,,,,,,,,,,,,,,,,,,,,,,,
2025-09-15T23:52:14.067736,,,Niemcy,RESUPPLY_OPERATION,,resupply_summary,,,,,,,,,,,,,,,,,,,,,,,,,,RESUPPLY_SUMMARY LOW_FUEL | TOTAL_PE_SPENT: 0 | UNITS_RESUPPLIED: 0/5 | BUDGET_ALLOCATED: 50 | PE_REMAINING: 56,,,,,,,,,,,,,,,,,,,,,,,,
2025-09-15T23:52:14.069863,,,Niemcy,TURN_END,,turn_summary,,,,,,,,,,,4,0,,,,,,,,,,,,advanced,opp=1;groups=2;adv=True,"Turn completed: 0/4 units moved, 2 groups (advanced)",,,,,,,,,,,,,,,,,,,,,,,,
