timestamp,component,level,message,context
2025-10-06T23:18:43,COMMANDER,INFO,Start tury komendanta,"{""commander_id"": 2, ""nation"": ""Polska"", ""tokens"": 2, ""budget"": 22}"
2025-10-06T23:18:43,COMMANDER,DEBUG,Plan przydziału PE,"{""commander_id"": 2, ""token_count"": 2, ""share_per_token"": 11, ""budget"": 22}"
2025-10-06T23:18:43,COMMANDER,DEBUG,Przydział żetonowi,"{""commander_id"": 2, ""token_id"": ""Z_Pluton__2_PL_Z_Pluton"", ""allocated_pe"": 11, ""token_position_q"": 17, ""token_position_r"": -5}"
2025-10-06T23:18:43,COMMANDER,INFO,Podsumowanie żetonu,"{""commander_id"": 2, ""token_id"": ""Z_Pluton__2_PL_Z_Pluton"", ""allocated_pe"": 11, ""spent_pe"": 4, ""refunded_pe"": 7}"
2025-10-06T23:18:43,COMMANDER,DEBUG,Przydział żetonowi,"{""commander_id"": 2, ""token_id"": ""K_Pluton__2_PL_K_Pluton"", ""allocated_pe"": 11, ""token_position_q"": 20, ""token_position_r"": 3}"
2025-10-06T23:18:43,COMMANDER,INFO,Podsumowanie żetonu,"{""commander_id"": 2, ""token_id"": ""K_Pluton__2_PL_K_Pluton"", ""allocated_pe"": 11, ""spent_pe"": 4, ""refunded_pe"": 7}"
2025-10-06T23:18:43,COMMANDER,INFO,Zbiorcze podsumowanie tury,"{""commander_id"": 2, ""allocated_total"": 22, ""spent_total"": 8, ""refunded_total"": 14, ""unassigned_total"": 0}"
2025-10-06T23:18:43,COMMANDER,INFO,Koniec tury komendanta,"{""commander_id"": 2, ""spent"": 8, ""remaining"": 14, ""token_share"": 11, ""tokens"": 2}"
2025-10-06T23:18:44,COMMANDER,INFO,Start tury komendanta,"{""commander_id"": 3, ""nation"": ""Polska"", ""tokens"": 2, ""budget"": 18}"
2025-10-06T23:18:44,COMMANDER,DEBUG,Plan przydziału PE,"{""commander_id"": 3, ""token_count"": 2, ""share_per_token"": 9, ""budget"": 18}"
2025-10-06T23:18:44,COMMANDER,DEBUG,Przydział żetonowi,"{""commander_id"": 3, ""token_id"": ""Z_Pluton__3_PL_Z_Pluton"", ""allocated_pe"": 9, ""token_position_q"": 22, ""token_position_r"": 12}"
2025-10-06T23:18:44,COMMANDER,INFO,Podsumowanie żetonu,"{""commander_id"": 3, ""token_id"": ""Z_Pluton__3_PL_Z_Pluton"", ""allocated_pe"": 9, ""spent_pe"": 4, ""refunded_pe"": 5}"
2025-10-06T23:18:44,COMMANDER,DEBUG,Przydział żetonowi,"{""commander_id"": 3, ""token_id"": ""K_Pluton__3_PL_K_Pluton"", ""allocated_pe"": 9, ""token_position_q"": 29, ""token_position_r"": 9}"
2025-10-06T23:18:44,COMMANDER,INFO,Podsumowanie żetonu,"{""commander_id"": 3, ""token_id"": ""K_Pluton__3_PL_K_Pluton"", ""allocated_pe"": 9, ""spent_pe"": 4, ""refunded_pe"": 5}"
2025-10-06T23:18:44,COMMANDER,INFO,Zbiorcze podsumowanie tury,"{""commander_id"": 3, ""allocated_total"": 18, ""spent_total"": 8, ""refunded_total"": 10, ""unassigned_total"": 0}"
2025-10-06T23:18:44,COMMANDER,INFO,Koniec tury komendanta,"{""commander_id"": 3, ""spent"": 8, ""remaining"": 10, ""token_share"": 9, ""tokens"": 2}"
2025-10-06T23:18:51,COMMANDER,INFO,Start tury komendanta,"{""commander_id"": 5, ""nation"": ""Niemcy"", ""tokens"": 2, ""budget"": 8}"
2025-10-06T23:18:51,COMMANDER,DEBUG,Plan przydziału PE,"{""commander_id"": 5, ""token_count"": 2, ""share_per_token"": 4, ""budget"": 8}"
2025-10-06T23:18:51,COMMANDER,DEBUG,Przydział żetonowi,"{""commander_id"": 5, ""token_id"": ""K_Pluton__5_N_K_Pluton"", ""allocated_pe"": 4, ""token_position_q"": 42, ""token_position_r"": -6}"
2025-10-06T23:18:51,COMMANDER,INFO,Podsumowanie żetonu,"{""commander_id"": 5, ""token_id"": ""K_Pluton__5_N_K_Pluton"", ""allocated_pe"": 4, ""spent_pe"": 4, ""refunded_pe"": 0}"
2025-10-06T23:18:51,COMMANDER,DEBUG,Przydział żetonowi,"{""commander_id"": 5, ""token_id"": ""Z_Pluton__5_N_Z_Pluton"", ""allocated_pe"": 4, ""token_position_q"": 47, ""token_position_r"": -14}"
2025-10-06T23:18:51,COMMANDER,INFO,Podsumowanie żetonu,"{""commander_id"": 5, ""token_id"": ""Z_Pluton__5_N_Z_Pluton"", ""allocated_pe"": 4, ""spent_pe"": 4, ""refunded_pe"": 0}"
2025-10-06T23:18:51,COMMANDER,INFO,Zbiorcze podsumowanie tury,"{""commander_id"": 5, ""allocated_total"": 8, ""spent_total"": 8, ""refunded_total"": 0, ""unassigned_total"": 0}"
2025-10-06T23:18:51,COMMANDER,INFO,Koniec tury komendanta,"{""commander_id"": 5, ""spent"": 8, ""remaining"": 0, ""token_share"": 4, ""tokens"": 2}"
2025-10-06T23:18:51,COMMANDER,INFO,Start tury komendanta,"{""commander_id"": 6, ""nation"": ""Niemcy"", ""tokens"": 2, ""budget"": 11}"
2025-10-06T23:18:51,COMMANDER,DEBUG,Plan przydziału PE,"{""commander_id"": 6, ""token_count"": 2, ""share_per_token"": 5, ""budget"": 11}"
2025-10-06T23:18:51,COMMANDER,DEBUG,Przydział żetonowi,"{""commander_id"": 6, ""token_id"": ""K_Pluton__6_N_K_Pluton"", ""allocated_pe"": 5, ""token_position_q"": 35, ""token_position_r"": 10}"
2025-10-06T23:18:51,COMMANDER,INFO,Podsumowanie żetonu,"{""commander_id"": 6, ""token_id"": ""K_Pluton__6_N_K_Pluton"", ""allocated_pe"": 5, ""spent_pe"": 4, ""refunded_pe"": 1}"
2025-10-06T23:18:51,COMMANDER,DEBUG,Przydział żetonowi,"{""commander_id"": 6, ""token_id"": ""Z_Pluton__6_N_Z_Pluton"", ""allocated_pe"": 5, ""token_position_q"": 36, ""token_position_r"": 0}"
2025-10-06T23:18:51,COMMANDER,INFO,Podsumowanie żetonu,"{""commander_id"": 6, ""token_id"": ""Z_Pluton__6_N_Z_Pluton"", ""allocated_pe"": 5, ""spent_pe"": 4, ""refunded_pe"": 1}"
2025-10-06T23:18:51,COMMANDER,INFO,Zbiorcze podsumowanie tury,"{""commander_id"": 6, ""allocated_total"": 10, ""spent_total"": 8, ""refunded_total"": 2, ""unassigned_total"": 1}"
2025-10-06T23:18:51,COMMANDER,INFO,Koniec tury komendanta,"{""commander_id"": 6, ""spent"": 8, ""remaining"": 3, ""token_share"": 5, ""tokens"": 2}"
2025-10-06T23:18:58,COMMANDER,INFO,Start tury komendanta,"{""commander_id"": 2, ""nation"": ""Polska"", ""tokens"": 2, ""budget"": 59}"
2025-10-06T23:18:58,COMMANDER,DEBUG,Plan przydziału PE,"{""commander_id"": 2, ""token_count"": 2, ""share_per_token"": 29, ""budget"": 59}"
2025-10-06T23:18:58,COMMANDER,DEBUG,Przydział żetonowi,"{""commander_id"": 2, ""token_id"": ""Z_Pluton__2_PL_Z_Pluton"", ""allocated_pe"": 29, ""token_position_q"": 15, ""token_position_r"": -7}"
2025-10-06T23:18:58,COMMANDER,INFO,Podsumowanie żetonu,"{""commander_id"": 2, ""token_id"": ""Z_Pluton__2_PL_Z_Pluton"", ""allocated_pe"": 29, ""spent_pe"": 0, ""refunded_pe"": 29}"
2025-10-06T23:18:58,COMMANDER,DEBUG,Przydział żetonowi,"{""commander_id"": 2, ""token_id"": ""K_Pluton__2_PL_K_Pluton"", ""allocated_pe"": 29, ""token_position_q"": 24, ""token_position_r"": 3}"
2025-10-06T23:18:58,COMMANDER,INFO,Podsumowanie żetonu,"{""commander_id"": 2, ""token_id"": ""K_Pluton__2_PL_K_Pluton"", ""allocated_pe"": 29, ""spent_pe"": 4, ""refunded_pe"": 25}"
2025-10-06T23:18:58,COMMANDER,INFO,Zbiorcze podsumowanie tury,"{""commander_id"": 2, ""allocated_total"": 58, ""spent_total"": 4, ""refunded_total"": 54, ""unassigned_total"": 1}"
2025-10-06T23:18:58,COMMANDER,INFO,Koniec tury komendanta,"{""commander_id"": 2, ""spent"": 4, ""remaining"": 55, ""token_share"": 29, ""tokens"": 2}"
2025-10-06T23:18:58,COMMANDER,INFO,Start tury komendanta,"{""commander_id"": 3, ""nation"": ""Polska"", ""tokens"": 2, ""budget"": 55}"
2025-10-06T23:18:58,COMMANDER,DEBUG,Plan przydziału PE,"{""commander_id"": 3, ""token_count"": 2, ""share_per_token"": 27, ""budget"": 55}"
2025-10-06T23:18:58,COMMANDER,DEBUG,Przydział żetonowi,"{""commander_id"": 3, ""token_id"": ""Z_Pluton__3_PL_Z_Pluton"", ""allocated_pe"": 27, ""token_position_q"": 18, ""token_position_r"": 16}"
2025-10-06T23:18:58,COMMANDER,INFO,Podsumowanie żetonu,"{""commander_id"": 3, ""token_id"": ""Z_Pluton__3_PL_Z_Pluton"", ""allocated_pe"": 27, ""spent_pe"": 4, ""refunded_pe"": 23}"
2025-10-06T23:18:58,COMMANDER,DEBUG,Przydział żetonowi,"{""commander_id"": 3, ""token_id"": ""K_Pluton__3_PL_K_Pluton"", ""allocated_pe"": 27, ""token_position_q"": 33, ""token_position_r"": 9}"
2025-10-06T23:18:58,COMMANDER,INFO,Podsumowanie żetonu,"{""commander_id"": 3, ""token_id"": ""K_Pluton__3_PL_K_Pluton"", ""allocated_pe"": 27, ""spent_pe"": 4, ""refunded_pe"": 23}"
2025-10-06T23:18:58,COMMANDER,INFO,Zbiorcze podsumowanie tury,"{""commander_id"": 3, ""allocated_total"": 54, ""spent_total"": 8, ""refunded_total"": 46, ""unassigned_total"": 1}"
2025-10-06T23:18:58,COMMANDER,INFO,Koniec tury komendanta,"{""commander_id"": 3, ""spent"": 8, ""remaining"": 47, ""token_share"": 27, ""tokens"": 2}"
2025-10-06T23:19:04,COMMANDER,INFO,Start tury komendanta,"{""commander_id"": 5, ""nation"": ""Niemcy"", ""tokens"": 2, ""budget"": 7}"
2025-10-06T23:19:04,COMMANDER,DEBUG,Plan przydziału PE,"{""commander_id"": 5, ""token_count"": 2, ""share_per_token"": 3, ""budget"": 7}"
2025-10-06T23:19:04,COMMANDER,DEBUG,Przydział żetonowi,"{""commander_id"": 5, ""token_id"": ""K_Pluton__5_N_K_Pluton"", ""allocated_pe"": 3, ""token_position_q"": 43, ""token_position_r"": -4}"
2025-10-06T23:19:04,COMMANDER,INFO,Podsumowanie żetonu,"{""commander_id"": 5, ""token_id"": ""K_Pluton__5_N_K_Pluton"", ""allocated_pe"": 3, ""spent_pe"": 3, ""refunded_pe"": 0}"
2025-10-06T23:19:04,COMMANDER,DEBUG,Przydział żetonowi,"{""commander_id"": 5, ""token_id"": ""Z_Pluton__5_N_Z_Pluton"", ""allocated_pe"": 3, ""token_position_q"": 44, ""token_position_r"": -14}"
2025-10-06T23:19:04,COMMANDER,INFO,Podsumowanie żetonu,"{""commander_id"": 5, ""token_id"": ""Z_Pluton__5_N_Z_Pluton"", ""allocated_pe"": 3, ""spent_pe"": 3, ""refunded_pe"": 0}"
2025-10-06T23:19:05,COMMANDER,INFO,Zbiorcze podsumowanie tury,"{""commander_id"": 5, ""allocated_total"": 6, ""spent_total"": 6, ""refunded_total"": 0, ""unassigned_total"": 1}"
2025-10-06T23:19:05,COMMANDER,INFO,Koniec tury komendanta,"{""commander_id"": 5, ""spent"": 6, ""remaining"": 1, ""token_share"": 3, ""tokens"": 2}"
2025-10-06T23:19:05,COMMANDER,INFO,Start tury komendanta,"{""commander_id"": 6, ""nation"": ""Niemcy"", ""tokens"": 2, ""budget"": 3}"
2025-10-06T23:19:05,COMMANDER,DEBUG,Plan przydziału PE,"{""commander_id"": 6, ""token_count"": 2, ""share_per_token"": 1, ""budget"": 3}"
2025-10-06T23:19:05,COMMANDER,DEBUG,Przydział żetonowi,"{""commander_id"": 6, ""token_id"": ""K_Pluton__6_N_K_Pluton"", ""allocated_pe"": 1, ""token_position_q"": 35, ""token_position_r"": 8}"
2025-10-06T23:19:05,COMMANDER,INFO,Podsumowanie żetonu,"{""commander_id"": 6, ""token_id"": ""K_Pluton__6_N_K_Pluton"", ""allocated_pe"": 1, ""spent_pe"": 1, ""refunded_pe"": 0}"
2025-10-06T23:19:05,COMMANDER,DEBUG,Przydział żetonowi,"{""commander_id"": 6, ""token_id"": ""Z_Pluton__6_N_Z_Pluton"", ""allocated_pe"": 1, ""token_position_q"": 34, ""token_position_r"": 4}"
2025-10-06T23:19:05,COMMANDER,INFO,Podsumowanie żetonu,"{""commander_id"": 6, ""token_id"": ""Z_Pluton__6_N_Z_Pluton"", ""allocated_pe"": 1, ""spent_pe"": 1, ""refunded_pe"": 0}"
2025-10-06T23:19:05,COMMANDER,INFO,Zbiorcze podsumowanie tury,"{""commander_id"": 6, ""allocated_total"": 2, ""spent_total"": 2, ""refunded_total"": 0, ""unassigned_total"": 1}"
2025-10-06T23:19:05,COMMANDER,INFO,Koniec tury komendanta,"{""commander_id"": 6, ""spent"": 2, ""remaining"": 1, ""token_share"": 1, ""tokens"": 2}"
2025-10-06T23:19:13,COMMANDER,INFO,Start tury komendanta,"{""commander_id"": 2, ""nation"": ""Polska"", ""tokens"": 2, ""budget"": 64}"
2025-10-06T23:19:13,COMMANDER,DEBUG,Plan przydziału PE,"{""commander_id"": 2, ""token_count"": 2, ""share_per_token"": 32, ""budget"": 64}"
2025-10-06T23:19:13,COMMANDER,DEBUG,Przydział żetonowi,"{""commander_id"": 2, ""token_id"": ""Z_Pluton__2_PL_Z_Pluton"", ""allocated_pe"": 32, ""token_position_q"": 15, ""token_position_r"": -7}"
2025-10-06T23:19:13,COMMANDER,INFO,Podsumowanie żetonu,"{""commander_id"": 2, ""token_id"": ""Z_Pluton__2_PL_Z_Pluton"", ""allocated_pe"": 32, ""spent_pe"": 0, ""refunded_pe"": 32}"
2025-10-06T23:19:13,COMMANDER,DEBUG,Przydział żetonowi,"{""commander_id"": 2, ""token_id"": ""K_Pluton__2_PL_K_Pluton"", ""allocated_pe"": 32, ""token_position_q"": 28, ""token_position_r"": 2}"
2025-10-06T23:19:13,COMMANDER,INFO,Podsumowanie żetonu,"{""commander_id"": 2, ""token_id"": ""K_Pluton__2_PL_K_Pluton"", ""allocated_pe"": 32, ""spent_pe"": 3, ""refunded_pe"": 29}"
2025-10-06T23:19:13,COMMANDER,INFO,Zbiorcze podsumowanie tury,"{""commander_id"": 2, ""allocated_total"": 64, ""spent_total"": 3, ""refunded_total"": 61, ""unassigned_total"": 0}"
2025-10-06T23:19:13,COMMANDER,INFO,Koniec tury komendanta,"{""commander_id"": 2, ""spent"": 3, ""remaining"": 61, ""token_share"": 32, ""tokens"": 2}"
2025-10-06T23:19:13,COMMANDER,INFO,Start tury komendanta,"{""commander_id"": 3, ""nation"": ""Polska"", ""tokens"": 2, ""budget"": 67}"
2025-10-06T23:19:13,COMMANDER,DEBUG,Plan przydziału PE,"{""commander_id"": 3, ""token_count"": 2, ""share_per_token"": 33, ""budget"": 67}"
2025-10-06T23:19:13,COMMANDER,DEBUG,Przydział żetonowi,"{""commander_id"": 3, ""token_id"": ""Z_Pluton__3_PL_Z_Pluton"", ""allocated_pe"": 33, ""token_position_q"": 16, ""token_position_r"": 19}"
2025-10-06T23:19:13,COMMANDER,INFO,Podsumowanie żetonu,"{""commander_id"": 3, ""token_id"": ""Z_Pluton__3_PL_Z_Pluton"", ""allocated_pe"": 33, ""spent_pe"": 0, ""refunded_pe"": 33}"
2025-10-06T23:19:13,COMMANDER,DEBUG,Przydział żetonowi,"{""commander_id"": 3, ""token_id"": ""K_Pluton__3_PL_K_Pluton"", ""allocated_pe"": 33, ""token_position_q"": 34, ""token_position_r"": 11}"
2025-10-06T23:19:13,COMMANDER,INFO,Podsumowanie żetonu,"{""commander_id"": 3, ""token_id"": ""K_Pluton__3_PL_K_Pluton"", ""allocated_pe"": 33, ""spent_pe"": 4, ""refunded_pe"": 29}"
2025-10-06T23:19:13,COMMANDER,INFO,Zbiorcze podsumowanie tury,"{""commander_id"": 3, ""allocated_total"": 66, ""spent_total"": 4, ""refunded_total"": 62, ""unassigned_total"": 1}"
2025-10-06T23:19:13,COMMANDER,INFO,Koniec tury komendanta,"{""commander_id"": 3, ""spent"": 4, ""remaining"": 63, ""token_share"": 33, ""tokens"": 2}"
2025-10-06T23:19:24,COMMANDER,INFO,Start tury komendanta,"{""commander_id"": 5, ""nation"": ""Niemcy"", ""tokens"": 2, ""budget"": 37}"
2025-10-06T23:19:24,COMMANDER,DEBUG,Plan przydziału PE,"{""commander_id"": 5, ""token_count"": 2, ""share_per_token"": 18, ""budget"": 37}"
2025-10-06T23:19:24,COMMANDER,DEBUG,Przydział żetonowi,"{""commander_id"": 5, ""token_id"": ""K_Pluton__5_N_K_Pluton"", ""allocated_pe"": 18, ""token_position_q"": 46, ""token_position_r"": -6}"
2025-10-06T23:19:24,COMMANDER,INFO,Podsumowanie żetonu,"{""commander_id"": 5, ""token_id"": ""K_Pluton__5_N_K_Pluton"", ""allocated_pe"": 18, ""spent_pe"": 3, ""refunded_pe"": 15}"
2025-10-06T23:19:24,COMMANDER,DEBUG,Przydział żetonowi,"{""commander_id"": 5, ""token_id"": ""Z_Pluton__5_N_Z_Pluton"", ""allocated_pe"": 18, ""token_position_q"": 43, ""token_position_r"": -14}"
2025-10-06T23:19:24,COMMANDER,INFO,Podsumowanie żetonu,"{""commander_id"": 5, ""token_id"": ""Z_Pluton__5_N_Z_Pluton"", ""allocated_pe"": 18, ""spent_pe"": 0, ""refunded_pe"": 18}"
2025-10-06T23:19:24,COMMANDER,INFO,Zbiorcze podsumowanie tury,"{""commander_id"": 5, ""allocated_total"": 36, ""spent_total"": 3, ""refunded_total"": 33, ""unassigned_total"": 1}"
2025-10-06T23:19:24,COMMANDER,INFO,Koniec tury komendanta,"{""commander_id"": 5, ""spent"": 3, ""remaining"": 34, ""token_share"": 18, ""tokens"": 2}"
2025-10-06T23:19:24,COMMANDER,INFO,Start tury komendanta,"{""commander_id"": 6, ""nation"": ""Niemcy"", ""tokens"": 2, ""budget"": 28}"
2025-10-06T23:19:24,COMMANDER,DEBUG,Plan przydziału PE,"{""commander_id"": 6, ""token_count"": 2, ""share_per_token"": 14, ""budget"": 28}"
2025-10-06T23:19:24,COMMANDER,DEBUG,Przydział żetonowi,"{""commander_id"": 6, ""token_id"": ""K_Pluton__6_N_K_Pluton"", ""allocated_pe"": 14, ""token_position_q"": 36, ""token_position_r"": 11}"
2025-10-06T23:19:24,COMMANDER,INFO,Podsumowanie żetonu,"{""commander_id"": 6, ""token_id"": ""K_Pluton__6_N_K_Pluton"", ""allocated_pe"": 14, ""spent_pe"": 3, ""refunded_pe"": 11}"
2025-10-06T23:19:24,COMMANDER,DEBUG,Przydział żetonowi,"{""commander_id"": 6, ""token_id"": ""Z_Pluton__6_N_Z_Pluton"", ""allocated_pe"": 14, ""token_position_q"": 33, ""token_position_r"": 5}"
2025-10-06T23:19:24,COMMANDER,INFO,Podsumowanie żetonu,"{""commander_id"": 6, ""token_id"": ""Z_Pluton__6_N_Z_Pluton"", ""allocated_pe"": 14, ""spent_pe"": 0, ""refunded_pe"": 14}"
2025-10-06T23:19:24,COMMANDER,INFO,Zbiorcze podsumowanie tury,"{""commander_id"": 6, ""allocated_total"": 28, ""spent_total"": 3, ""refunded_total"": 25, ""unassigned_total"": 0}"
2025-10-06T23:19:24,COMMANDER,INFO,Koniec tury komendanta,"{""commander_id"": 6, ""spent"": 3, ""remaining"": 25, ""token_share"": 14, ""tokens"": 2}"
2025-10-06T23:19:35,COMMANDER,INFO,Start tury komendanta,"{""commander_id"": 2, ""nation"": ""Polska"", ""tokens"": 2, ""budget"": 126}"
2025-10-06T23:19:35,COMMANDER,DEBUG,Plan przydziału PE,"{""commander_id"": 2, ""token_count"": 2, ""share_per_token"": 63, ""budget"": 126}"
2025-10-06T23:19:35,COMMANDER,DEBUG,Przydział żetonowi,"{""commander_id"": 2, ""token_id"": ""Z_Pluton__2_PL_Z_Pluton"", ""allocated_pe"": 63, ""token_position_q"": 15, ""token_position_r"": -7}"
2025-10-06T23:19:35,COMMANDER,INFO,Podsumowanie żetonu,"{""commander_id"": 2, ""token_id"": ""Z_Pluton__2_PL_Z_Pluton"", ""allocated_pe"": 63, ""spent_pe"": 0, ""refunded_pe"": 63}"
2025-10-06T23:19:35,COMMANDER,DEBUG,Przydział żetonowi,"{""commander_id"": 2, ""token_id"": ""K_Pluton__2_PL_K_Pluton"", ""allocated_pe"": 63, ""token_position_q"": 27, ""token_position_r"": 4}"
2025-10-06T23:19:35,COMMANDER,INFO,Podsumowanie żetonu,"{""commander_id"": 2, ""token_id"": ""K_Pluton__2_PL_K_Pluton"", ""allocated_pe"": 63, ""spent_pe"": 2, ""refunded_pe"": 61}"
2025-10-06T23:19:35,COMMANDER,INFO,Zbiorcze podsumowanie tury,"{""commander_id"": 2, ""allocated_total"": 126, ""spent_total"": 2, ""refunded_total"": 124, ""unassigned_total"": 0}"
2025-10-06T23:19:35,COMMANDER,INFO,Koniec tury komendanta,"{""commander_id"": 2, ""spent"": 2, ""remaining"": 124, ""token_share"": 63, ""tokens"": 2}"
2025-10-06T23:19:35,COMMANDER,INFO,Start tury komendanta,"{""commander_id"": 3, ""nation"": ""Polska"", ""tokens"": 2, ""budget"": 113}"
2025-10-06T23:19:35,COMMANDER,DEBUG,Plan przydziału PE,"{""commander_id"": 3, ""token_count"": 2, ""share_per_token"": 56, ""budget"": 113}"
2025-10-06T23:19:35,COMMANDER,DEBUG,Przydział żetonowi,"{""commander_id"": 3, ""token_id"": ""Z_Pluton__3_PL_Z_Pluton"", ""allocated_pe"": 56, ""token_position_q"": 16, ""token_position_r"": 19}"
2025-10-06T23:19:35,COMMANDER,INFO,Podsumowanie żetonu,"{""commander_id"": 3, ""token_id"": ""Z_Pluton__3_PL_Z_Pluton"", ""allocated_pe"": 56, ""spent_pe"": 0, ""refunded_pe"": 56}"
2025-10-06T23:19:35,COMMANDER,DEBUG,Przydział żetonowi,"{""commander_id"": 3, ""token_id"": ""K_Pluton__3_PL_K_Pluton"", ""allocated_pe"": 56, ""token_position_q"": 38, ""token_position_r"": 10}"
2025-10-06T23:19:35,COMMANDER,INFO,Podsumowanie żetonu,"{""commander_id"": 3, ""token_id"": ""K_Pluton__3_PL_K_Pluton"", ""allocated_pe"": 56, ""spent_pe"": 3, ""refunded_pe"": 53}"
2025-10-06T23:19:35,COMMANDER,INFO,Zbiorcze podsumowanie tury,"{""commander_id"": 3, ""allocated_total"": 112, ""spent_total"": 3, ""refunded_total"": 109, ""unassigned_total"": 1}"
2025-10-06T23:19:35,COMMANDER,INFO,Koniec tury komendanta,"{""commander_id"": 3, ""spent"": 3, ""remaining"": 110, ""token_share"": 56, ""tokens"": 2}"
2025-10-06T23:19:43,COMMANDER,INFO,Start tury komendanta,"{""commander_id"": 5, ""nation"": ""Niemcy"", ""tokens"": 2, ""budget"": 56}"
2025-10-06T23:19:43,COMMANDER,DEBUG,Plan przydziału PE,"{""commander_id"": 5, ""token_count"": 2, ""share_per_token"": 28, ""budget"": 56}"
2025-10-06T23:19:43,COMMANDER,DEBUG,Przydział żetonowi,"{""commander_id"": 5, ""token_id"": ""K_Pluton__5_N_K_Pluton"", ""allocated_pe"": 28, ""token_position_q"": 46, ""token_position_r"": -7}"
2025-10-06T23:19:43,COMMANDER,INFO,Podsumowanie żetonu,"{""commander_id"": 5, ""token_id"": ""K_Pluton__5_N_K_Pluton"", ""allocated_pe"": 28, ""spent_pe"": 4, ""refunded_pe"": 24}"
2025-10-06T23:19:43,COMMANDER,DEBUG,Przydział żetonowi,"{""commander_id"": 5, ""token_id"": ""Z_Pluton__5_N_Z_Pluton"", ""allocated_pe"": 28, ""token_position_q"": 43, ""token_position_r"": -14}"
2025-10-06T23:19:43,COMMANDER,INFO,Podsumowanie żetonu,"{""commander_id"": 5, ""token_id"": ""Z_Pluton__5_N_Z_Pluton"", ""allocated_pe"": 28, ""spent_pe"": 0, ""refunded_pe"": 28}"
2025-10-06T23:19:43,COMMANDER,INFO,Zbiorcze podsumowanie tury,"{""commander_id"": 5, ""allocated_total"": 56, ""spent_total"": 4, ""refunded_total"": 52, ""unassigned_total"": 0}"
2025-10-06T23:19:43,COMMANDER,INFO,Koniec tury komendanta,"{""commander_id"": 5, ""spent"": 4, ""remaining"": 52, ""token_share"": 28, ""tokens"": 2}"
2025-10-06T23:19:43,COMMANDER,INFO,Start tury komendanta,"{""commander_id"": 6, ""nation"": ""Niemcy"", ""tokens"": 2, ""budget"": 50}"
2025-10-06T23:19:43,COMMANDER,DEBUG,Plan przydziału PE,"{""commander_id"": 6, ""token_count"": 2, ""share_per_token"": 25, ""budget"": 50}"
2025-10-06T23:19:43,COMMANDER,DEBUG,Przydział żetonowi,"{""commander_id"": 6, ""token_id"": ""K_Pluton__6_N_K_Pluton"", ""allocated_pe"": 25, ""token_position_q"": 36, ""token_position_r"": 11}"
2025-10-06T23:19:43,COMMANDER,INFO,Podsumowanie żetonu,"{""commander_id"": 6, ""token_id"": ""K_Pluton__6_N_K_Pluton"", ""allocated_pe"": 25, ""spent_pe"": 4, ""refunded_pe"": 21}"
2025-10-06T23:19:43,COMMANDER,DEBUG,Przydział żetonowi,"{""commander_id"": 6, ""token_id"": ""Z_Pluton__6_N_Z_Pluton"", ""allocated_pe"": 25, ""token_position_q"": 33, ""token_position_r"": 5}"
2025-10-06T23:19:43,COMMANDER,INFO,Podsumowanie żetonu,"{""commander_id"": 6, ""token_id"": ""Z_Pluton__6_N_Z_Pluton"", ""allocated_pe"": 25, ""spent_pe"": 0, ""refunded_pe"": 25}"
2025-10-06T23:19:43,COMMANDER,INFO,Zbiorcze podsumowanie tury,"{""commander_id"": 6, ""allocated_total"": 50, ""spent_total"": 4, ""refunded_total"": 46, ""unassigned_total"": 0}"
2025-10-06T23:19:43,COMMANDER,INFO,Koniec tury komendanta,"{""commander_id"": 6, ""spent"": 4, ""remaining"": 46, ""token_share"": 25, ""tokens"": 2}"
2025-10-06T23:19:46,COMMANDER,INFO,Start tury komendanta,"{""commander_id"": 2, ""nation"": ""Polska"", ""tokens"": 2, ""budget"": 124}"
2025-10-06T23:19:46,COMMANDER,DEBUG,Plan przydziału PE,"{""commander_id"": 2, ""token_count"": 2, ""share_per_token"": 62, ""budget"": 124}"
2025-10-06T23:19:46,COMMANDER,DEBUG,Przydział żetonowi,"{""commander_id"": 2, ""token_id"": ""Z_Pluton__2_PL_Z_Pluton"", ""allocated_pe"": 62, ""token_position_q"": 15, ""token_position_r"": -7}"
2025-10-06T23:19:46,COMMANDER,INFO,Podsumowanie żetonu,"{""commander_id"": 2, ""token_id"": ""Z_Pluton__2_PL_Z_Pluton"", ""allocated_pe"": 62, ""spent_pe"": 0, ""refunded_pe"": 62}"
2025-10-06T23:19:46,COMMANDER,DEBUG,Przydział żetonowi,"{""commander_id"": 2, ""token_id"": ""K_Pluton__2_PL_K_Pluton"", ""allocated_pe"": 62, ""token_position_q"": 28, ""token_position_r"": 3}"
2025-10-06T23:19:46,COMMANDER,INFO,Podsumowanie żetonu,"{""commander_id"": 2, ""token_id"": ""K_Pluton__2_PL_K_Pluton"", ""allocated_pe"": 62, ""spent_pe"": 2, ""refunded_pe"": 60}"
2025-10-06T23:19:46,COMMANDER,INFO,Zbiorcze podsumowanie tury,"{""commander_id"": 2, ""allocated_total"": 124, ""spent_total"": 2, ""refunded_total"": 122, ""unassigned_total"": 0}"
2025-10-06T23:19:46,COMMANDER,INFO,Koniec tury komendanta,"{""commander_id"": 2, ""spent"": 2, ""remaining"": 122, ""token_share"": 62, ""tokens"": 2}"
2025-10-06T23:19:46,COMMANDER,INFO,Start tury komendanta,"{""commander_id"": 3, ""nation"": ""Polska"", ""tokens"": 2, ""budget"": 110}"
2025-10-06T23:19:46,COMMANDER,DEBUG,Plan przydziału PE,"{""commander_id"": 3, ""token_count"": 2, ""share_per_token"": 55, ""budget"": 110}"
2025-10-06T23:19:46,COMMANDER,DEBUG,Przydział żetonowi,"{""commander_id"": 3, ""token_id"": ""Z_Pluton__3_PL_Z_Pluton"", ""allocated_pe"": 55, ""token_position_q"": 16, ""token_position_r"": 19}"
2025-10-06T23:19:46,COMMANDER,INFO,Podsumowanie żetonu,"{""commander_id"": 3, ""token_id"": ""Z_Pluton__3_PL_Z_Pluton"", ""allocated_pe"": 55, ""spent_pe"": 0, ""refunded_pe"": 55}"
2025-10-06T23:19:46,COMMANDER,DEBUG,Przydział żetonowi,"{""commander_id"": 3, ""token_id"": ""K_Pluton__3_PL_K_Pluton"", ""allocated_pe"": 55, ""token_position_q"": 39, ""token_position_r"": 8}"
2025-10-06T23:19:46,COMMANDER,INFO,Podsumowanie żetonu,"{""commander_id"": 3, ""token_id"": ""K_Pluton__3_PL_K_Pluton"", ""allocated_pe"": 55, ""spent_pe"": 4, ""refunded_pe"": 51}"
2025-10-06T23:19:46,COMMANDER,INFO,Zbiorcze podsumowanie tury,"{""commander_id"": 3, ""allocated_total"": 110, ""spent_total"": 4, ""refunded_total"": 106, ""unassigned_total"": 0}"
2025-10-06T23:19:46,COMMANDER,INFO,Koniec tury komendanta,"{""commander_id"": 3, ""spent"": 4, ""remaining"": 106, ""token_share"": 55, ""tokens"": 2}"
2025-10-06T23:19:57,COMMANDER,INFO,Start tury komendanta,"{""commander_id"": 5, ""nation"": ""Niemcy"", ""tokens"": 2, ""budget"": 72}"
2025-10-06T23:19:57,COMMANDER,DEBUG,Plan przydziału PE,"{""commander_id"": 5, ""token_count"": 2, ""share_per_token"": 36, ""budget"": 72}"
2025-10-06T23:19:58,COMMANDER,DEBUG,Przydział żetonowi,"{""commander_id"": 5, ""token_id"": ""K_Pluton__5_N_K_Pluton"", ""allocated_pe"": 36, ""token_position_q"": 43, ""token_position_r"": -4}"
2025-10-06T23:19:58,COMMANDER,INFO,Podsumowanie żetonu,"{""commander_id"": 5, ""token_id"": ""K_Pluton__5_N_K_Pluton"", ""allocated_pe"": 36, ""spent_pe"": 4, ""refunded_pe"": 32}"
2025-10-06T23:19:58,COMMANDER,DEBUG,Przydział żetonowi,"{""commander_id"": 5, ""token_id"": ""Z_Pluton__5_N_Z_Pluton"", ""allocated_pe"": 36, ""token_position_q"": 43, ""token_position_r"": -14}"
2025-10-06T23:19:58,COMMANDER,INFO,Podsumowanie żetonu,"{""commander_id"": 5, ""token_id"": ""Z_Pluton__5_N_Z_Pluton"", ""allocated_pe"": 36, ""spent_pe"": 0, ""refunded_pe"": 36}"
2025-10-06T23:19:58,COMMANDER,INFO,Zbiorcze podsumowanie tury,"{""commander_id"": 5, ""allocated_total"": 72, ""spent_total"": 4, ""refunded_total"": 68, ""unassigned_total"": 0}"
2025-10-06T23:19:58,COMMANDER,INFO,Koniec tury komendanta,"{""commander_id"": 5, ""spent"": 4, ""remaining"": 68, ""token_share"": 36, ""tokens"": 2}"
2025-10-06T23:19:58,COMMANDER,INFO,Start tury komendanta,"{""commander_id"": 6, ""nation"": ""Niemcy"", ""tokens"": 2, ""budget"": 74}"
2025-10-06T23:19:58,COMMANDER,DEBUG,Plan przydziału PE,"{""commander_id"": 6, ""token_count"": 2, ""share_per_token"": 37, ""budget"": 74}"
2025-10-06T23:19:58,COMMANDER,DEBUG,Przydział żetonowi,"{""commander_id"": 6, ""token_id"": ""K_Pluton__6_N_K_Pluton"", ""allocated_pe"": 37, ""token_position_q"": 40, ""token_position_r"": 9}"
2025-10-06T23:19:58,COMMANDER,INFO,Podsumowanie żetonu,"{""commander_id"": 6, ""token_id"": ""K_Pluton__6_N_K_Pluton"", ""allocated_pe"": 37, ""spent_pe"": 4, ""refunded_pe"": 33}"
2025-10-06T23:19:58,COMMANDER,DEBUG,Przydział żetonowi,"{""commander_id"": 6, ""token_id"": ""Z_Pluton__6_N_Z_Pluton"", ""allocated_pe"": 37, ""token_position_q"": 33, ""token_position_r"": 5}"
2025-10-06T23:19:58,COMMANDER,INFO,Podsumowanie żetonu,"{""commander_id"": 6, ""token_id"": ""Z_Pluton__6_N_Z_Pluton"", ""allocated_pe"": 37, ""spent_pe"": 0, ""refunded_pe"": 37}"
2025-10-06T23:19:58,COMMANDER,INFO,Zbiorcze podsumowanie tury,"{""commander_id"": 6, ""allocated_total"": 74, ""spent_total"": 4, ""refunded_total"": 70, ""unassigned_total"": 0}"
2025-10-06T23:19:58,COMMANDER,INFO,Koniec tury komendanta,"{""commander_id"": 6, ""spent"": 4, ""remaining"": 70, ""token_share"": 37, ""tokens"": 2}"
2025-10-06T23:20:06,COMMANDER,INFO,Start tury komendanta,"{""commander_id"": 2, ""nation"": ""Polska"", ""tokens"": 2, ""budget"": 122}"
2025-10-06T23:20:06,COMMANDER,DEBUG,Plan przydziału PE,"{""commander_id"": 2, ""token_count"": 2, ""share_per_token"": 61, ""budget"": 122}"
2025-10-06T23:20:06,COMMANDER,DEBUG,Przydział żetonowi,"{""commander_id"": 2, ""token_id"": ""Z_Pluton__2_PL_Z_Pluton"", ""allocated_pe"": 61, ""token_position_q"": 15, ""token_position_r"": -7}"
2025-10-06T23:20:06,COMMANDER,INFO,Podsumowanie żetonu,"{""commander_id"": 2, ""token_id"": ""Z_Pluton__2_PL_Z_Pluton"", ""allocated_pe"": 61, ""spent_pe"": 0, ""refunded_pe"": 61}"
2025-10-06T23:20:06,COMMANDER,DEBUG,Przydział żetonowi,"{""commander_id"": 2, ""token_id"": ""K_Pluton__2_PL_K_Pluton"", ""allocated_pe"": 61, ""token_position_q"": 27, ""token_position_r"": 4}"
2025-10-06T23:20:06,COMMANDER,INFO,Podsumowanie żetonu,"{""commander_id"": 2, ""token_id"": ""K_Pluton__2_PL_K_Pluton"", ""allocated_pe"": 61, ""spent_pe"": 2, ""refunded_pe"": 59}"
2025-10-06T23:20:06,COMMANDER,INFO,Zbiorcze podsumowanie tury,"{""commander_id"": 2, ""allocated_total"": 122, ""spent_total"": 2, ""refunded_total"": 120, ""unassigned_total"": 0}"
2025-10-06T23:20:06,COMMANDER,INFO,Koniec tury komendanta,"{""commander_id"": 2, ""spent"": 2, ""remaining"": 120, ""token_share"": 61, ""tokens"": 2}"
2025-10-06T23:20:06,COMMANDER,INFO,Start tury komendanta,"{""commander_id"": 3, ""nation"": ""Polska"", ""tokens"": 2, ""budget"": 106}"
2025-10-06T23:20:06,COMMANDER,DEBUG,Plan przydziału PE,"{""commander_id"": 3, ""token_count"": 2, ""share_per_token"": 53, ""budget"": 106}"
2025-10-06T23:20:06,COMMANDER,DEBUG,Przydział żetonowi,"{""commander_id"": 3, ""token_id"": ""Z_Pluton__3_PL_Z_Pluton"", ""allocated_pe"": 53, ""token_position_q"": 16, ""token_position_r"": 19}"
2025-10-06T23:20:06,COMMANDER,INFO,Podsumowanie żetonu,"{""commander_id"": 3, ""token_id"": ""Z_Pluton__3_PL_Z_Pluton"", ""allocated_pe"": 53, ""spent_pe"": 0, ""refunded_pe"": 53}"
2025-10-06T23:20:06,COMMANDER,DEBUG,Przydział żetonowi,"{""commander_id"": 3, ""token_id"": ""K_Pluton__3_PL_K_Pluton"", ""allocated_pe"": 53, ""token_position_q"": 42, ""token_position_r"": 9}"
2025-10-06T23:20:06,COMMANDER,INFO,Podsumowanie żetonu,"{""commander_id"": 3, ""token_id"": ""K_Pluton__3_PL_K_Pluton"", ""allocated_pe"": 53, ""spent_pe"": 4, ""refunded_pe"": 49}"
2025-10-06T23:20:06,COMMANDER,INFO,Zbiorcze podsumowanie tury,"{""commander_id"": 3, ""allocated_total"": 106, ""spent_total"": 4, ""refunded_total"": 102, ""unassigned_total"": 0}"
2025-10-06T23:20:06,COMMANDER,INFO,Koniec tury komendanta,"{""commander_id"": 3, ""spent"": 4, ""remaining"": 102, ""token_share"": 53, ""tokens"": 2}"
2025-10-06T23:20:12,COMMANDER,INFO,Start tury komendanta,"{""commander_id"": 5, ""nation"": ""Niemcy"", ""tokens"": 2, ""budget"": 68}"
2025-10-06T23:20:12,COMMANDER,DEBUG,Plan przydziału PE,"{""commander_id"": 5, ""token_count"": 2, ""share_per_token"": 34, ""budget"": 68}"
2025-10-06T23:20:12,COMMANDER,DEBUG,Przydział żetonowi,"{""commander_id"": 5, ""token_id"": ""K_Pluton__5_N_K_Pluton"", ""allocated_pe"": 34, ""token_position_q"": 46, ""token_position_r"": -6}"
2025-10-06T23:20:12,COMMANDER,INFO,Podsumowanie żetonu,"{""commander_id"": 5, ""token_id"": ""K_Pluton__5_N_K_Pluton"", ""allocated_pe"": 34, ""spent_pe"": 4, ""refunded_pe"": 30}"
2025-10-06T23:20:12,COMMANDER,DEBUG,Przydział żetonowi,"{""commander_id"": 5, ""token_id"": ""Z_Pluton__5_N_Z_Pluton"", ""allocated_pe"": 34, ""token_position_q"": 43, ""token_position_r"": -14}"
2025-10-06T23:20:12,COMMANDER,INFO,Podsumowanie żetonu,"{""commander_id"": 5, ""token_id"": ""Z_Pluton__5_N_Z_Pluton"", ""allocated_pe"": 34, ""spent_pe"": 0, ""refunded_pe"": 34}"
2025-10-06T23:20:12,COMMANDER,INFO,Zbiorcze podsumowanie tury,"{""commander_id"": 5, ""allocated_total"": 68, ""spent_total"": 4, ""refunded_total"": 64, ""unassigned_total"": 0}"
2025-10-06T23:20:12,COMMANDER,INFO,Koniec tury komendanta,"{""commander_id"": 5, ""spent"": 4, ""remaining"": 64, ""token_share"": 34, ""tokens"": 2}"
2025-10-06T23:20:12,COMMANDER,INFO,Start tury komendanta,"{""commander_id"": 6, ""nation"": ""Niemcy"", ""tokens"": 2, ""budget"": 70}"
2025-10-06T23:20:12,COMMANDER,DEBUG,Plan przydziału PE,"{""commander_id"": 6, ""token_count"": 2, ""share_per_token"": 35, ""budget"": 70}"
2025-10-06T23:20:12,COMMANDER,DEBUG,Przydział żetonowi,"{""commander_id"": 6, ""token_id"": ""K_Pluton__6_N_K_Pluton"", ""allocated_pe"": 35, ""token_position_q"": 44, ""token_position_r"": 8}"
2025-10-06T23:20:12,COMMANDER,INFO,Podsumowanie żetonu,"{""commander_id"": 6, ""token_id"": ""K_Pluton__6_N_K_Pluton"", ""allocated_pe"": 35, ""spent_pe"": 4, ""refunded_pe"": 31}"
2025-10-06T23:20:12,COMMANDER,DEBUG,Przydział żetonowi,"{""commander_id"": 6, ""token_id"": ""Z_Pluton__6_N_Z_Pluton"", ""allocated_pe"": 35, ""token_position_q"": 33, ""token_position_r"": 5}"
2025-10-06T23:20:12,COMMANDER,INFO,Podsumowanie żetonu,"{""commander_id"": 6, ""token_id"": ""Z_Pluton__6_N_Z_Pluton"", ""allocated_pe"": 35, ""spent_pe"": 0, ""refunded_pe"": 35}"
2025-10-06T23:20:12,COMMANDER,INFO,Zbiorcze podsumowanie tury,"{""commander_id"": 6, ""allocated_total"": 70, ""spent_total"": 4, ""refunded_total"": 66, ""unassigned_total"": 0}"
2025-10-06T23:20:12,COMMANDER,INFO,Koniec tury komendanta,"{""commander_id"": 6, ""spent"": 4, ""remaining"": 66, ""token_share"": 35, ""tokens"": 2}"
2025-10-06T23:20:16,COMMANDER,INFO,Start tury komendanta,"{""commander_id"": 2, ""nation"": ""Polska"", ""tokens"": 2, ""budget"": 120}"
2025-10-06T23:20:16,COMMANDER,DEBUG,Plan przydziału PE,"{""commander_id"": 2, ""token_count"": 2, ""share_per_token"": 60, ""budget"": 120}"
2025-10-06T23:20:16,COMMANDER,DEBUG,Przydział żetonowi,"{""commander_id"": 2, ""token_id"": ""Z_Pluton__2_PL_Z_Pluton"", ""allocated_pe"": 60, ""token_position_q"": 15, ""token_position_r"": -7}"
2025-10-06T23:20:16,COMMANDER,INFO,Podsumowanie żetonu,"{""commander_id"": 2, ""token_id"": ""Z_Pluton__2_PL_Z_Pluton"", ""allocated_pe"": 60, ""spent_pe"": 0, ""refunded_pe"": 60}"
2025-10-06T23:20:16,COMMANDER,DEBUG,Przydział żetonowi,"{""commander_id"": 2, ""token_id"": ""K_Pluton__2_PL_K_Pluton"", ""allocated_pe"": 60, ""token_position_q"": 28, ""token_position_r"": 3}"
2025-10-06T23:20:16,COMMANDER,INFO,Podsumowanie żetonu,"{""commander_id"": 2, ""token_id"": ""K_Pluton__2_PL_K_Pluton"", ""allocated_pe"": 60, ""spent_pe"": 2, ""refunded_pe"": 58}"
2025-10-06T23:20:16,COMMANDER,INFO,Zbiorcze podsumowanie tury,"{""commander_id"": 2, ""allocated_total"": 120, ""spent_total"": 2, ""refunded_total"": 118, ""unassigned_total"": 0}"
2025-10-06T23:20:16,COMMANDER,INFO,Koniec tury komendanta,"{""commander_id"": 2, ""spent"": 2, ""remaining"": 118, ""token_share"": 60, ""tokens"": 2}"
2025-10-06T23:20:16,COMMANDER,INFO,Start tury komendanta,"{""commander_id"": 3, ""nation"": ""Polska"", ""tokens"": 2, ""budget"": 102}"
2025-10-06T23:20:16,COMMANDER,DEBUG,Plan przydziału PE,"{""commander_id"": 3, ""token_count"": 2, ""share_per_token"": 51, ""budget"": 102}"
2025-10-06T23:20:16,COMMANDER,DEBUG,Przydział żetonowi,"{""commander_id"": 3, ""token_id"": ""Z_Pluton__3_PL_Z_Pluton"", ""allocated_pe"": 51, ""token_position_q"": 16, ""token_position_r"": 19}"
2025-10-06T23:20:16,COMMANDER,INFO,Podsumowanie żetonu,"{""commander_id"": 3, ""token_id"": ""Z_Pluton__3_PL_Z_Pluton"", ""allocated_pe"": 51, ""spent_pe"": 0, ""refunded_pe"": 51}"
2025-10-06T23:20:16,COMMANDER,DEBUG,Przydział żetonowi,"{""commander_id"": 3, ""token_id"": ""K_Pluton__3_PL_K_Pluton"", ""allocated_pe"": 51, ""token_position_q"": 44, ""token_position_r"": 6}"
2025-10-06T23:20:16,COMMANDER,INFO,Podsumowanie żetonu,"{""commander_id"": 3, ""token_id"": ""K_Pluton__3_PL_K_Pluton"", ""allocated_pe"": 51, ""spent_pe"": 4, ""refunded_pe"": 47}"
2025-10-06T23:20:16,COMMANDER,INFO,Zbiorcze podsumowanie tury,"{""commander_id"": 3, ""allocated_total"": 102, ""spent_total"": 4, ""refunded_total"": 98, ""unassigned_total"": 0}"
2025-10-06T23:20:16,COMMANDER,INFO,Koniec tury komendanta,"{""commander_id"": 3, ""spent"": 4, ""remaining"": 98, ""token_share"": 51, ""tokens"": 2}"
2025-10-06T23:20:18,COMMANDER,INFO,Start tury komendanta,"{""commander_id"": 5, ""nation"": ""Niemcy"", ""tokens"": 2, ""budget"": 64}"
2025-10-06T23:20:18,COMMANDER,DEBUG,Plan przydziału PE,"{""commander_id"": 5, ""token_count"": 2, ""share_per_token"": 32, ""budget"": 64}"
2025-10-06T23:20:18,COMMANDER,DEBUG,Przydział żetonowi,"{""commander_id"": 5, ""token_id"": ""K_Pluton__5_N_K_Pluton"", ""allocated_pe"": 32, ""token_position_q"": 43, ""token_position_r"": -4}"
2025-10-06T23:20:18,COMMANDER,INFO,Podsumowanie żetonu,"{""commander_id"": 5, ""token_id"": ""K_Pluton__5_N_K_Pluton"", ""allocated_pe"": 32, ""spent_pe"": 4, ""refunded_pe"": 28}"
2025-10-06T23:20:18,COMMANDER,DEBUG,Przydział żetonowi,"{""commander_id"": 5, ""token_id"": ""Z_Pluton__5_N_Z_Pluton"", ""allocated_pe"": 32, ""token_position_q"": 43, ""token_position_r"": -14}"
2025-10-06T23:20:18,COMMANDER,INFO,Podsumowanie żetonu,"{""commander_id"": 5, ""token_id"": ""Z_Pluton__5_N_Z_Pluton"", ""allocated_pe"": 32, ""spent_pe"": 0, ""refunded_pe"": 32}"
2025-10-06T23:20:18,COMMANDER,INFO,Zbiorcze podsumowanie tury,"{""commander_id"": 5, ""allocated_total"": 64, ""spent_total"": 4, ""refunded_total"": 60, ""unassigned_total"": 0}"
2025-10-06T23:20:18,COMMANDER,INFO,Koniec tury komendanta,"{""commander_id"": 5, ""spent"": 4, ""remaining"": 60, ""token_share"": 32, ""tokens"": 2}"
2025-10-06T23:20:18,COMMANDER,INFO,Start tury komendanta,"{""commander_id"": 6, ""nation"": ""Niemcy"", ""tokens"": 2, ""budget"": 66}"
2025-10-06T23:20:18,COMMANDER,DEBUG,Plan przydziału PE,"{""commander_id"": 6, ""token_count"": 2, ""share_per_token"": 33, ""budget"": 66}"
2025-10-06T23:20:18,COMMANDER,DEBUG,Przydział żetonowi,"{""commander_id"": 6, ""token_id"": ""K_Pluton__6_N_K_Pluton"", ""allocated_pe"": 33, ""token_position_q"": 46, ""token_position_r"": 4}"
2025-10-06T23:20:18,COMMANDER,INFO,Podsumowanie żetonu,"{""commander_id"": 6, ""token_id"": ""K_Pluton__6_N_K_Pluton"", ""allocated_pe"": 33, ""spent_pe"": 3, ""refunded_pe"": 30}"
2025-10-06T23:20:18,COMMANDER,DEBUG,Przydział żetonowi,"{""commander_id"": 6, ""token_id"": ""Z_Pluton__6_N_Z_Pluton"", ""allocated_pe"": 33, ""token_position_q"": 33, ""token_position_r"": 5}"
2025-10-06T23:20:18,COMMANDER,INFO,Podsumowanie żetonu,"{""commander_id"": 6, ""token_id"": ""Z_Pluton__6_N_Z_Pluton"", ""allocated_pe"": 33, ""spent_pe"": 0, ""refunded_pe"": 33}"
2025-10-06T23:20:18,COMMANDER,INFO,Zbiorcze podsumowanie tury,"{""commander_id"": 6, ""allocated_total"": 66, ""spent_total"": 3, ""refunded_total"": 63, ""unassigned_total"": 0}"
2025-10-06T23:20:18,COMMANDER,INFO,Koniec tury komendanta,"{""commander_id"": 6, ""spent"": 3, ""remaining"": 63, ""token_share"": 33, ""tokens"": 2}"
2025-10-06T23:20:32,COMMANDER,INFO,Start tury komendanta,"{""commander_id"": 2, ""nation"": ""Polska"", ""tokens"": 2, ""budget"": 118}"
2025-10-06T23:20:32,COMMANDER,DEBUG,Plan przydziału PE,"{""commander_id"": 2, ""token_count"": 2, ""share_per_token"": 59, ""budget"": 118}"
2025-10-06T23:20:32,COMMANDER,DEBUG,Przydział żetonowi,"{""commander_id"": 2, ""token_id"": ""Z_Pluton__2_PL_Z_Pluton"", ""allocated_pe"": 59, ""token_position_q"": 15, ""token_position_r"": -7}"
2025-10-06T23:20:32,COMMANDER,INFO,Podsumowanie żetonu,"{""commander_id"": 2, ""token_id"": ""Z_Pluton__2_PL_Z_Pluton"", ""allocated_pe"": 59, ""spent_pe"": 0, ""refunded_pe"": 59}"
2025-10-06T23:20:32,COMMANDER,DEBUG,Przydział żetonowi,"{""commander_id"": 2, ""token_id"": ""K_Pluton__2_PL_K_Pluton"", ""allocated_pe"": 59, ""token_position_q"": 27, ""token_position_r"": 4}"
2025-10-06T23:20:32,COMMANDER,INFO,Podsumowanie żetonu,"{""commander_id"": 2, ""token_id"": ""K_Pluton__2_PL_K_Pluton"", ""allocated_pe"": 59, ""spent_pe"": 2, ""refunded_pe"": 57}"
2025-10-06T23:20:32,COMMANDER,INFO,Zbiorcze podsumowanie tury,"{""commander_id"": 2, ""allocated_total"": 118, ""spent_total"": 2, ""refunded_total"": 116, ""unassigned_total"": 0}"
2025-10-06T23:20:32,COMMANDER,INFO,Koniec tury komendanta,"{""commander_id"": 2, ""spent"": 2, ""remaining"": 116, ""token_share"": 59, ""tokens"": 2}"
2025-10-06T23:20:32,COMMANDER,INFO,Start tury komendanta,"{""commander_id"": 3, ""nation"": ""Polska"", ""tokens"": 2, ""budget"": 98}"
2025-10-06T23:20:32,COMMANDER,DEBUG,Plan przydziału PE,"{""commander_id"": 3, ""token_count"": 2, ""share_per_token"": 49, ""budget"": 98}"
2025-10-06T23:20:32,COMMANDER,DEBUG,Przydział żetonowi,"{""commander_id"": 3, ""token_id"": ""Z_Pluton__3_PL_Z_Pluton"", ""allocated_pe"": 49, ""token_position_q"": 16, ""token_position_r"": 19}"
2025-10-06T23:20:32,COMMANDER,INFO,Podsumowanie żetonu,"{""commander_id"": 3, ""token_id"": ""Z_Pluton__3_PL_Z_Pluton"", ""allocated_pe"": 49, ""spent_pe"": 0, ""refunded_pe"": 49}"
2025-10-06T23:20:32,COMMANDER,DEBUG,Przydział żetonowi,"{""commander_id"": 3, ""token_id"": ""K_Pluton__3_PL_K_Pluton"", ""allocated_pe"": 49, ""token_position_q"": 48, ""token_position_r"": 4}"
2025-10-06T23:20:32,COMMANDER,INFO,Podsumowanie żetonu,"{""commander_id"": 3, ""token_id"": ""K_Pluton__3_PL_K_Pluton"", ""allocated_pe"": 49, ""spent_pe"": 4, ""refunded_pe"": 45}"
2025-10-06T23:20:32,COMMANDER,INFO,Zbiorcze podsumowanie tury,"{""commander_id"": 3, ""allocated_total"": 98, ""spent_total"": 4, ""refunded_total"": 94, ""unassigned_total"": 0}"
2025-10-06T23:20:32,COMMANDER,INFO,Koniec tury komendanta,"{""commander_id"": 3, ""spent"": 4, ""remaining"": 94, ""token_share"": 49, ""tokens"": 2}"
2025-10-06T23:20:35,COMMANDER,INFO,Start tury komendanta,"{""commander_id"": 5, ""nation"": ""Niemcy"", ""tokens"": 2, ""budget"": 60}"
2025-10-06T23:20:35,COMMANDER,DEBUG,Plan przydziału PE,"{""commander_id"": 5, ""token_count"": 2, ""share_per_token"": 30, ""budget"": 60}"
2025-10-06T23:20:35,COMMANDER,DEBUG,Przydział żetonowi,"{""commander_id"": 5, ""token_id"": ""K_Pluton__5_N_K_Pluton"", ""allocated_pe"": 30, ""token_position_q"": 46, ""token_position_r"": -6}"
2025-10-06T23:20:35,COMMANDER,INFO,Podsumowanie żetonu,"{""commander_id"": 5, ""token_id"": ""K_Pluton__5_N_K_Pluton"", ""allocated_pe"": 30, ""spent_pe"": 4, ""refunded_pe"": 26}"
2025-10-06T23:20:35,COMMANDER,DEBUG,Przydział żetonowi,"{""commander_id"": 5, ""token_id"": ""Z_Pluton__5_N_Z_Pluton"", ""allocated_pe"": 30, ""token_position_q"": 43, ""token_position_r"": -14}"
2025-10-06T23:20:35,COMMANDER,INFO,Podsumowanie żetonu,"{""commander_id"": 5, ""token_id"": ""Z_Pluton__5_N_Z_Pluton"", ""allocated_pe"": 30, ""spent_pe"": 0, ""refunded_pe"": 30}"
2025-10-06T23:20:35,COMMANDER,INFO,Zbiorcze podsumowanie tury,"{""commander_id"": 5, ""allocated_total"": 60, ""spent_total"": 4, ""refunded_total"": 56, ""unassigned_total"": 0}"
2025-10-06T23:20:35,COMMANDER,INFO,Koniec tury komendanta,"{""commander_id"": 5, ""spent"": 4, ""remaining"": 56, ""token_share"": 30, ""tokens"": 2}"
2025-10-06T23:20:35,COMMANDER,INFO,Start tury komendanta,"{""commander_id"": 6, ""nation"": ""Niemcy"", ""tokens"": 2, ""budget"": 63}"
2025-10-06T23:20:35,COMMANDER,DEBUG,Plan przydziału PE,"{""commander_id"": 6, ""token_count"": 2, ""share_per_token"": 31, ""budget"": 63}"
2025-10-06T23:20:35,COMMANDER,DEBUG,Przydział żetonowi,"{""commander_id"": 6, ""token_id"": ""K_Pluton__6_N_K_Pluton"", ""allocated_pe"": 31, ""token_position_q"": 47, ""token_position_r"": 2}"
2025-10-06T23:20:35,COMMANDER,INFO,Podsumowanie żetonu,"{""commander_id"": 6, ""token_id"": ""K_Pluton__6_N_K_Pluton"", ""allocated_pe"": 31, ""spent_pe"": 4, ""refunded_pe"": 27}"
2025-10-06T23:20:35,COMMANDER,DEBUG,Przydział żetonowi,"{""commander_id"": 6, ""token_id"": ""Z_Pluton__6_N_Z_Pluton"", ""allocated_pe"": 31, ""token_position_q"": 33, ""token_position_r"": 5}"
2025-10-06T23:20:35,COMMANDER,INFO,Podsumowanie żetonu,"{""commander_id"": 6, ""token_id"": ""Z_Pluton__6_N_Z_Pluton"", ""allocated_pe"": 31, ""spent_pe"": 0, ""refunded_pe"": 31}"
2025-10-06T23:20:35,COMMANDER,INFO,Zbiorcze podsumowanie tury,"{""commander_id"": 6, ""allocated_total"": 62, ""spent_total"": 4, ""refunded_total"": 58, ""unassigned_total"": 1}"
2025-10-06T23:20:35,COMMANDER,INFO,Koniec tury komendanta,"{""commander_id"": 6, ""spent"": 4, ""remaining"": 59, ""token_share"": 31, ""tokens"": 2}"
2025-10-06T23:20:38,COMMANDER,INFO,Start tury komendanta,"{""commander_id"": 2, ""nation"": ""Polska"", ""tokens"": 2, ""budget"": 116}"
2025-10-06T23:20:38,COMMANDER,DEBUG,Plan przydziału PE,"{""commander_id"": 2, ""token_count"": 2, ""share_per_token"": 58, ""budget"": 116}"
2025-10-06T23:20:38,COMMANDER,DEBUG,Przydział żetonowi,"{""commander_id"": 2, ""token_id"": ""Z_Pluton__2_PL_Z_Pluton"", ""allocated_pe"": 58, ""token_position_q"": 15, ""token_position_r"": -7}"
2025-10-06T23:20:38,COMMANDER,INFO,Podsumowanie żetonu,"{""commander_id"": 2, ""token_id"": ""Z_Pluton__2_PL_Z_Pluton"", ""allocated_pe"": 58, ""spent_pe"": 0, ""refunded_pe"": 58}"
2025-10-06T23:20:38,COMMANDER,DEBUG,Przydział żetonowi,"{""commander_id"": 2, ""token_id"": ""K_Pluton__2_PL_K_Pluton"", ""allocated_pe"": 58, ""token_position_q"": 28, ""token_position_r"": 3}"
2025-10-06T23:20:38,COMMANDER,INFO,Podsumowanie żetonu,"{""commander_id"": 2, ""token_id"": ""K_Pluton__2_PL_K_Pluton"", ""allocated_pe"": 58, ""spent_pe"": 2, ""refunded_pe"": 56}"
2025-10-06T23:20:38,COMMANDER,INFO,Zbiorcze podsumowanie tury,"{""commander_id"": 2, ""allocated_total"": 116, ""spent_total"": 2, ""refunded_total"": 114, ""unassigned_total"": 0}"
2025-10-06T23:20:38,COMMANDER,INFO,Koniec tury komendanta,"{""commander_id"": 2, ""spent"": 2, ""remaining"": 114, ""token_share"": 58, ""tokens"": 2}"
2025-10-06T23:20:38,COMMANDER,INFO,Start tury komendanta,"{""commander_id"": 3, ""nation"": ""Polska"", ""tokens"": 2, ""budget"": 94}"
2025-10-06T23:20:38,COMMANDER,DEBUG,Plan przydziału PE,"{""commander_id"": 3, ""token_count"": 2, ""share_per_token"": 47, ""budget"": 94}"
2025-10-06T23:20:38,COMMANDER,DEBUG,Przydział żetonowi,"{""commander_id"": 3, ""token_id"": ""Z_Pluton__3_PL_Z_Pluton"", ""allocated_pe"": 47, ""token_position_q"": 16, ""token_position_r"": 19}"
2025-10-06T23:20:38,COMMANDER,INFO,Podsumowanie żetonu,"{""commander_id"": 3, ""token_id"": ""Z_Pluton__3_PL_Z_Pluton"", ""allocated_pe"": 47, ""spent_pe"": 0, ""refunded_pe"": 47}"
2025-10-06T23:20:38,COMMANDER,DEBUG,Przydział żetonowi,"{""commander_id"": 3, ""token_id"": ""K_Pluton__3_PL_K_Pluton"", ""allocated_pe"": 47, ""token_position_q"": 49, ""token_position_r"": 0}"
2025-10-06T23:20:38,COMMANDER,INFO,Podsumowanie żetonu,"{""commander_id"": 3, ""token_id"": ""K_Pluton__3_PL_K_Pluton"", ""allocated_pe"": 47, ""spent_pe"": 3, ""refunded_pe"": 44}"
2025-10-06T23:20:38,COMMANDER,INFO,Zbiorcze podsumowanie tury,"{""commander_id"": 3, ""allocated_total"": 94, ""spent_total"": 3, ""refunded_total"": 91, ""unassigned_total"": 0}"
2025-10-06T23:20:38,COMMANDER,INFO,Koniec tury komendanta,"{""commander_id"": 3, ""spent"": 3, ""remaining"": 91, ""token_share"": 47, ""tokens"": 2}"
2025-10-06T23:20:41,COMMANDER,INFO,Start tury komendanta,"{""commander_id"": 5, ""nation"": ""Niemcy"", ""tokens"": 2, ""budget"": 56}"
2025-10-06T23:20:41,COMMANDER,DEBUG,Plan przydziału PE,"{""commander_id"": 5, ""token_count"": 2, ""share_per_token"": 28, ""budget"": 56}"
2025-10-06T23:20:41,COMMANDER,DEBUG,Przydział żetonowi,"{""commander_id"": 5, ""token_id"": ""K_Pluton__5_N_K_Pluton"", ""allocated_pe"": 28, ""token_position_q"": 43, ""token_position_r"": -4}"
2025-10-06T23:20:41,COMMANDER,INFO,Podsumowanie żetonu,"{""commander_id"": 5, ""token_id"": ""K_Pluton__5_N_K_Pluton"", ""allocated_pe"": 28, ""spent_pe"": 4, ""refunded_pe"": 24}"
2025-10-06T23:20:41,COMMANDER,DEBUG,Przydział żetonowi,"{""commander_id"": 5, ""token_id"": ""Z_Pluton__5_N_Z_Pluton"", ""allocated_pe"": 28, ""token_position_q"": 43, ""token_position_r"": -14}"
2025-10-06T23:20:41,COMMANDER,INFO,Podsumowanie żetonu,"{""commander_id"": 5, ""token_id"": ""Z_Pluton__5_N_Z_Pluton"", ""allocated_pe"": 28, ""spent_pe"": 0, ""refunded_pe"": 28}"
2025-10-06T23:20:41,COMMANDER,INFO,Zbiorcze podsumowanie tury,"{""commander_id"": 5, ""allocated_total"": 56, ""spent_total"": 4, ""refunded_total"": 52, ""unassigned_total"": 0}"
2025-10-06T23:20:41,COMMANDER,INFO,Koniec tury komendanta,"{""commander_id"": 5, ""spent"": 4, ""remaining"": 52, ""token_share"": 28, ""tokens"": 2}"
2025-10-06T23:20:41,COMMANDER,INFO,Start tury komendanta,"{""commander_id"": 6, ""nation"": ""Niemcy"", ""tokens"": 2, ""budget"": 59}"
2025-10-06T23:20:41,COMMANDER,DEBUG,Plan przydziału PE,"{""commander_id"": 6, ""token_count"": 2, ""share_per_token"": 29, ""budget"": 59}"
2025-10-06T23:20:41,COMMANDER,DEBUG,Przydział żetonowi,"{""commander_id"": 6, ""token_id"": ""K_Pluton__6_N_K_Pluton"", ""allocated_pe"": 29, ""token_position_q"": 51, ""token_position_r"": 0}"
2025-10-06T23:20:41,COMMANDER,INFO,Podsumowanie żetonu,"{""commander_id"": 6, ""token_id"": ""K_Pluton__6_N_K_Pluton"", ""allocated_pe"": 29, ""spent_pe"": 4, ""refunded_pe"": 25}"
2025-10-06T23:20:41,COMMANDER,DEBUG,Przydział żetonowi,"{""commander_id"": 6, ""token_id"": ""Z_Pluton__6_N_Z_Pluton"", ""allocated_pe"": 29, ""token_position_q"": 33, ""token_position_r"": 5}"
2025-10-06T23:20:41,COMMANDER,INFO,Podsumowanie żetonu,"{""commander_id"": 6, ""token_id"": ""Z_Pluton__6_N_Z_Pluton"", ""allocated_pe"": 29, ""spent_pe"": 0, ""refunded_pe"": 29}"
2025-10-06T23:20:41,COMMANDER,INFO,Zbiorcze podsumowanie tury,"{""commander_id"": 6, ""allocated_total"": 58, ""spent_total"": 4, ""refunded_total"": 54, ""unassigned_total"": 1}"
2025-10-06T23:20:41,COMMANDER,INFO,Koniec tury komendanta,"{""commander_id"": 6, ""spent"": 4, ""remaining"": 55, ""token_share"": 29, ""tokens"": 2}"
2025-10-06T23:20:45,COMMANDER,INFO,Start tury komendanta,"{""commander_id"": 2, ""nation"": ""Polska"", ""tokens"": 2, ""budget"": 114}"
2025-10-06T23:20:45,COMMANDER,DEBUG,Plan przydziału PE,"{""commander_id"": 2, ""token_count"": 2, ""share_per_token"": 57, ""budget"": 114}"
2025-10-06T23:20:45,COMMANDER,DEBUG,Przydział żetonowi,"{""commander_id"": 2, ""token_id"": ""Z_Pluton__2_PL_Z_Pluton"", ""allocated_pe"": 57, ""token_position_q"": 15, ""token_position_r"": -7}"
2025-10-06T23:20:45,COMMANDER,INFO,Podsumowanie żetonu,"{""commander_id"": 2, ""token_id"": ""Z_Pluton__2_PL_Z_Pluton"", ""allocated_pe"": 57, ""spent_pe"": 0, ""refunded_pe"": 57}"
2025-10-06T23:20:45,COMMANDER,DEBUG,Przydział żetonowi,"{""commander_id"": 2, ""token_id"": ""K_Pluton__2_PL_K_Pluton"", ""allocated_pe"": 57, ""token_position_q"": 27, ""token_position_r"": 4}"
2025-10-06T23:20:45,COMMANDER,INFO,Podsumowanie żetonu,"{""commander_id"": 2, ""token_id"": ""K_Pluton__2_PL_K_Pluton"", ""allocated_pe"": 57, ""spent_pe"": 2, ""refunded_pe"": 55}"
2025-10-06T23:20:45,COMMANDER,INFO,Zbiorcze podsumowanie tury,"{""commander_id"": 2, ""allocated_total"": 114, ""spent_total"": 2, ""refunded_total"": 112, ""unassigned_total"": 0}"
2025-10-06T23:20:45,COMMANDER,INFO,Koniec tury komendanta,"{""commander_id"": 2, ""spent"": 2, ""remaining"": 112, ""token_share"": 57, ""tokens"": 2}"
2025-10-06T23:20:45,COMMANDER,INFO,Start tury komendanta,"{""commander_id"": 3, ""nation"": ""Polska"", ""tokens"": 2, ""budget"": 91}"
2025-10-06T23:20:45,COMMANDER,DEBUG,Plan przydziału PE,"{""commander_id"": 3, ""token_count"": 2, ""share_per_token"": 45, ""budget"": 91}"
2025-10-06T23:20:45,COMMANDER,DEBUG,Przydział żetonowi,"{""commander_id"": 3, ""token_id"": ""Z_Pluton__3_PL_Z_Pluton"", ""allocated_pe"": 45, ""token_position_q"": 16, ""token_position_r"": 19}"
2025-10-06T23:20:45,COMMANDER,INFO,Podsumowanie żetonu,"{""commander_id"": 3, ""token_id"": ""Z_Pluton__3_PL_Z_Pluton"", ""allocated_pe"": 45, ""spent_pe"": 0, ""refunded_pe"": 45}"
2025-10-06T23:20:45,COMMANDER,DEBUG,Przydział żetonowi,"{""commander_id"": 3, ""token_id"": ""K_Pluton__3_PL_K_Pluton"", ""allocated_pe"": 45, ""token_position_q"": 50, ""token_position_r"": 2}"
2025-10-06T23:20:45,COMMANDER,INFO,Podsumowanie żetonu,"{""commander_id"": 3, ""token_id"": ""K_Pluton__3_PL_K_Pluton"", ""allocated_pe"": 45, ""spent_pe"": 4, ""refunded_pe"": 41}"
2025-10-06T23:20:45,COMMANDER,INFO,Zbiorcze podsumowanie tury,"{""commander_id"": 3, ""allocated_total"": 90, ""spent_total"": 4, ""refunded_total"": 86, ""unassigned_total"": 1}"
2025-10-06T23:20:45,COMMANDER,INFO,Koniec tury komendanta,"{""commander_id"": 3, ""spent"": 4, ""remaining"": 87, ""token_share"": 45, ""tokens"": 2}"
2025-10-06T23:20:47,COMMANDER,INFO,Start tury komendanta,"{""commander_id"": 5, ""nation"": ""Niemcy"", ""tokens"": 2, ""budget"": 52}"
2025-10-06T23:20:47,COMMANDER,DEBUG,Plan przydziału PE,"{""commander_id"": 5, ""token_count"": 2, ""share_per_token"": 26, ""budget"": 52}"
2025-10-06T23:20:47,COMMANDER,DEBUG,Przydział żetonowi,"{""commander_id"": 5, ""token_id"": ""K_Pluton__5_N_K_Pluton"", ""allocated_pe"": 26, ""token_position_q"": 46, ""token_position_r"": -6}"
2025-10-06T23:20:47,COMMANDER,INFO,Podsumowanie żetonu,"{""commander_id"": 5, ""token_id"": ""K_Pluton__5_N_K_Pluton"", ""allocated_pe"": 26, ""spent_pe"": 4, ""refunded_pe"": 22}"
2025-10-06T23:20:47,COMMANDER,DEBUG,Przydział żetonowi,"{""commander_id"": 5, ""token_id"": ""Z_Pluton__5_N_Z_Pluton"", ""allocated_pe"": 26, ""token_position_q"": 43, ""token_position_r"": -14}"
2025-10-06T23:20:47,COMMANDER,INFO,Podsumowanie żetonu,"{""commander_id"": 5, ""token_id"": ""Z_Pluton__5_N_Z_Pluton"", ""allocated_pe"": 26, ""spent_pe"": 0, ""refunded_pe"": 26}"
2025-10-06T23:20:47,COMMANDER,INFO,Zbiorcze podsumowanie tury,"{""commander_id"": 5, ""allocated_total"": 52, ""spent_total"": 4, ""refunded_total"": 48, ""unassigned_total"": 0}"
2025-10-06T23:20:47,COMMANDER,INFO,Koniec tury komendanta,"{""commander_id"": 5, ""spent"": 4, ""remaining"": 48, ""token_share"": 26, ""tokens"": 2}"
2025-10-06T23:20:47,COMMANDER,INFO,Start tury komendanta,"{""commander_id"": 6, ""nation"": ""Niemcy"", ""tokens"": 2, ""budget"": 55}"
2025-10-06T23:20:47,COMMANDER,DEBUG,Plan przydziału PE,"{""commander_id"": 6, ""token_count"": 2, ""share_per_token"": 27, ""budget"": 55}"
2025-10-06T23:20:47,COMMANDER,DEBUG,Przydział żetonowi,"{""commander_id"": 6, ""token_id"": ""K_Pluton__6_N_K_Pluton"", ""allocated_pe"": 27, ""token_position_q"": 52, ""token_position_r"": 1}"
2025-10-06T23:20:47,COMMANDER,INFO,Podsumowanie żetonu,"{""commander_id"": 6, ""token_id"": ""K_Pluton__6_N_K_Pluton"", ""allocated_pe"": 27, ""spent_pe"": 3, ""refunded_pe"": 24}"
2025-10-06T23:20:47,COMMANDER,DEBUG,Przydział żetonowi,"{""commander_id"": 6, ""token_id"": ""Z_Pluton__6_N_Z_Pluton"", ""allocated_pe"": 27, ""token_position_q"": 33, ""token_position_r"": 5}"
2025-10-06T23:20:47,COMMANDER,INFO,Podsumowanie żetonu,"{""commander_id"": 6, ""token_id"": ""Z_Pluton__6_N_Z_Pluton"", ""allocated_pe"": 27, ""spent_pe"": 0, ""refunded_pe"": 27}"
2025-10-06T23:20:47,COMMANDER,INFO,Zbiorcze podsumowanie tury,"{""commander_id"": 6, ""allocated_total"": 54, ""spent_total"": 3, ""refunded_total"": 51, ""unassigned_total"": 1}"
2025-10-06T23:20:47,COMMANDER,INFO,Koniec tury komendanta,"{""commander_id"": 6, ""spent"": 3, ""remaining"": 52, ""token_share"": 27, ""tokens"": 2}"
2025-10-06T23:20:50,COMMANDER,INFO,Start tury komendanta,"{""commander_id"": 2, ""nation"": ""Polska"", ""tokens"": 2, ""budget"": 112}"
2025-10-06T23:20:50,COMMANDER,DEBUG,Plan przydziału PE,"{""commander_id"": 2, ""token_count"": 2, ""share_per_token"": 56, ""budget"": 112}"
2025-10-06T23:20:50,COMMANDER,DEBUG,Przydział żetonowi,"{""commander_id"": 2, ""token_id"": ""Z_Pluton__2_PL_Z_Pluton"", ""allocated_pe"": 56, ""token_position_q"": 15, ""token_position_r"": -7}"
2025-10-06T23:20:50,COMMANDER,INFO,Podsumowanie żetonu,"{""commander_id"": 2, ""token_id"": ""Z_Pluton__2_PL_Z_Pluton"", ""allocated_pe"": 56, ""spent_pe"": 1, ""refunded_pe"": 55}"
2025-10-06T23:20:50,COMMANDER,DEBUG,Przydział żetonowi,"{""commander_id"": 2, ""token_id"": ""K_Pluton__2_PL_K_Pluton"", ""allocated_pe"": 56, ""token_position_q"": 28, ""token_position_r"": 3}"
2025-10-06T23:20:50,COMMANDER,INFO,Podsumowanie żetonu,"{""commander_id"": 2, ""token_id"": ""K_Pluton__2_PL_K_Pluton"", ""allocated_pe"": 56, ""spent_pe"": 2, ""refunded_pe"": 54}"
2025-10-06T23:20:50,COMMANDER,INFO,Zbiorcze podsumowanie tury,"{""commander_id"": 2, ""allocated_total"": 112, ""spent_total"": 3, ""refunded_total"": 109, ""unassigned_total"": 0}"
2025-10-06T23:20:50,COMMANDER,INFO,Koniec tury komendanta,"{""commander_id"": 2, ""spent"": 3, ""remaining"": 109, ""token_share"": 56, ""tokens"": 2}"
2025-10-06T23:20:51,COMMANDER,INFO,Start tury komendanta,"{""commander_id"": 3, ""nation"": ""Polska"", ""tokens"": 2, ""budget"": 87}"
2025-10-06T23:20:51,COMMANDER,DEBUG,Plan przydziału PE,"{""commander_id"": 3, ""token_count"": 2, ""share_per_token"": 43, ""budget"": 87}"
2025-10-06T23:20:51,COMMANDER,DEBUG,Przydział żetonowi,"{""commander_id"": 3, ""token_id"": ""Z_Pluton__3_PL_Z_Pluton"", ""allocated_pe"": 43, ""token_position_q"": 16, ""token_position_r"": 19}"
2025-10-06T23:20:51,COMMANDER,INFO,Podsumowanie żetonu,"{""commander_id"": 3, ""token_id"": ""Z_Pluton__3_PL_Z_Pluton"", ""allocated_pe"": 43, ""spent_pe"": 0, ""refunded_pe"": 43}"
2025-10-06T23:20:51,COMMANDER,DEBUG,Przydział żetonowi,"{""commander_id"": 3, ""token_id"": ""K_Pluton__3_PL_K_Pluton"", ""allocated_pe"": 43, ""token_position_q"": 54, ""token_position_r"": 0}"
2025-10-06T23:20:51,COMMANDER,INFO,Podsumowanie żetonu,"{""commander_id"": 3, ""token_id"": ""K_Pluton__3_PL_K_Pluton"", ""allocated_pe"": 43, ""spent_pe"": 2, ""refunded_pe"": 41}"
2025-10-06T23:20:51,COMMANDER,INFO,Zbiorcze podsumowanie tury,"{""commander_id"": 3, ""allocated_total"": 86, ""spent_total"": 2, ""refunded_total"": 84, ""unassigned_total"": 1}"
2025-10-06T23:20:51,COMMANDER,INFO,Koniec tury komendanta,"{""commander_id"": 3, ""spent"": 2, ""remaining"": 85, ""token_share"": 43, ""tokens"": 2}"
2025-10-06T23:20:53,COMMANDER,INFO,Start tury komendanta,"{""commander_id"": 5, ""nation"": ""Niemcy"", ""tokens"": 2, ""budget"": 48}"
2025-10-06T23:20:53,COMMANDER,DEBUG,Plan przydziału PE,"{""commander_id"": 5, ""token_count"": 2, ""share_per_token"": 24, ""budget"": 48}"
2025-10-06T23:20:53,COMMANDER,DEBUG,Przydział żetonowi,"{""commander_id"": 5, ""token_id"": ""K_Pluton__5_N_K_Pluton"", ""allocated_pe"": 24, ""token_position_q"": 43, ""token_position_r"": -4}"
2025-10-06T23:20:53,COMMANDER,INFO,Podsumowanie żetonu,"{""commander_id"": 5, ""token_id"": ""K_Pluton__5_N_K_Pluton"", ""allocated_pe"": 24, ""spent_pe"": 4, ""refunded_pe"": 20}"
2025-10-06T23:20:53,COMMANDER,DEBUG,Przydział żetonowi,"{""commander_id"": 5, ""token_id"": ""Z_Pluton__5_N_Z_Pluton"", ""allocated_pe"": 24, ""token_position_q"": 43, ""token_position_r"": -14}"
2025-10-06T23:20:53,COMMANDER,INFO,Podsumowanie żetonu,"{""commander_id"": 5, ""token_id"": ""Z_Pluton__5_N_Z_Pluton"", ""allocated_pe"": 24, ""spent_pe"": 0, ""refunded_pe"": 24}"
2025-10-06T23:20:53,COMMANDER,INFO,Zbiorcze podsumowanie tury,"{""commander_id"": 5, ""allocated_total"": 48, ""spent_total"": 4, ""refunded_total"": 44, ""unassigned_total"": 0}"
2025-10-06T23:20:53,COMMANDER,INFO,Koniec tury komendanta,"{""commander_id"": 5, ""spent"": 4, ""remaining"": 44, ""token_share"": 24, ""tokens"": 2}"
2025-10-06T23:20:53,COMMANDER,INFO,Start tury komendanta,"{""commander_id"": 6, ""nation"": ""Niemcy"", ""tokens"": 2, ""budget"": 52}"
2025-10-06T23:20:53,COMMANDER,DEBUG,Plan przydziału PE,"{""commander_id"": 6, ""token_count"": 2, ""share_per_token"": 26, ""budget"": 52}"
2025-10-06T23:20:53,COMMANDER,DEBUG,Przydział żetonowi,"{""commander_id"": 6, ""token_id"": ""K_Pluton__6_N_K_Pluton"", ""allocated_pe"": 26, ""token_position_q"": 52, ""token_position_r"": 2}"
2025-10-06T23:20:53,COMMANDER,INFO,Podsumowanie żetonu,"{""commander_id"": 6, ""token_id"": ""K_Pluton__6_N_K_Pluton"", ""allocated_pe"": 26, ""spent_pe"": 3, ""refunded_pe"": 23}"
2025-10-06T23:20:53,COMMANDER,DEBUG,Przydział żetonowi,"{""commander_id"": 6, ""token_id"": ""Z_Pluton__6_N_Z_Pluton"", ""allocated_pe"": 26, ""token_position_q"": 33, ""token_position_r"": 5}"
2025-10-06T23:20:54,COMMANDER,INFO,Podsumowanie żetonu,"{""commander_id"": 6, ""token_id"": ""Z_Pluton__6_N_Z_Pluton"", ""allocated_pe"": 26, ""spent_pe"": 0, ""refunded_pe"": 26}"
2025-10-06T23:20:54,COMMANDER,INFO,Zbiorcze podsumowanie tury,"{""commander_id"": 6, ""allocated_total"": 52, ""spent_total"": 3, ""refunded_total"": 49, ""unassigned_total"": 0}"
2025-10-06T23:20:54,COMMANDER,INFO,Koniec tury komendanta,"{""commander_id"": 6, ""spent"": 3, ""remaining"": 49, ""token_share"": 26, ""tokens"": 2}"
2025-10-06T23:20:56,COMMANDER,INFO,Start tury komendanta,"{""commander_id"": 2, ""nation"": ""Polska"", ""tokens"": 2, ""budget"": 109}"
2025-10-06T23:20:56,COMMANDER,DEBUG,Plan przydziału PE,"{""commander_id"": 2, ""token_count"": 2, ""share_per_token"": 54, ""budget"": 109}"
2025-10-06T23:20:56,COMMANDER,DEBUG,Przydział żetonowi,"{""commander_id"": 2, ""token_id"": ""Z_Pluton__2_PL_Z_Pluton"", ""allocated_pe"": 54, ""token_position_q"": 15, ""token_position_r"": -6}"
2025-10-06T23:20:56,COMMANDER,INFO,Podsumowanie żetonu,"{""commander_id"": 2, ""token_id"": ""Z_Pluton__2_PL_Z_Pluton"", ""allocated_pe"": 54, ""spent_pe"": 0, ""refunded_pe"": 54}"
2025-10-06T23:20:56,COMMANDER,DEBUG,Przydział żetonowi,"{""commander_id"": 2, ""token_id"": ""K_Pluton__2_PL_K_Pluton"", ""allocated_pe"": 54, ""token_position_q"": 27, ""token_position_r"": 4}"
2025-10-06T23:20:56,COMMANDER,INFO,Podsumowanie żetonu,"{""commander_id"": 2, ""token_id"": ""K_Pluton__2_PL_K_Pluton"", ""allocated_pe"": 54, ""spent_pe"": 2, ""refunded_pe"": 52}"
2025-10-06T23:20:56,COMMANDER,INFO,Zbiorcze podsumowanie tury,"{""commander_id"": 2, ""allocated_total"": 108, ""spent_total"": 2, ""refunded_total"": 106, ""unassigned_total"": 1}"
2025-10-06T23:20:56,COMMANDER,INFO,Koniec tury komendanta,"{""commander_id"": 2, ""spent"": 2, ""remaining"": 107, ""token_share"": 54, ""tokens"": 2}"
2025-10-06T23:20:56,COMMANDER,INFO,Start tury komendanta,"{""commander_id"": 3, ""nation"": ""Polska"", ""tokens"": 2, ""budget"": 85}"
2025-10-06T23:20:56,COMMANDER,DEBUG,Plan przydziału PE,"{""commander_id"": 3, ""token_count"": 2, ""share_per_token"": 42, ""budget"": 85}"
2025-10-06T23:20:56,COMMANDER,DEBUG,Przydział żetonowi,"{""commander_id"": 3, ""token_id"": ""Z_Pluton__3_PL_Z_Pluton"", ""allocated_pe"": 42, ""token_position_q"": 16, ""token_position_r"": 19}"
2025-10-06T23:20:57,COMMANDER,INFO,Podsumowanie żetonu,"{""commander_id"": 3, ""token_id"": ""Z_Pluton__3_PL_Z_Pluton"", ""allocated_pe"": 42, ""spent_pe"": 2, ""refunded_pe"": 40}"
2025-10-06T23:20:57,COMMANDER,DEBUG,Przydział żetonowi,"{""commander_id"": 3, ""token_id"": ""K_Pluton__3_PL_K_Pluton"", ""allocated_pe"": 42, ""token_position_q"": 54, ""token_position_r"": 1}"
2025-10-06T23:20:57,COMMANDER,INFO,Podsumowanie żetonu,"{""commander_id"": 3, ""token_id"": ""K_Pluton__3_PL_K_Pluton"", ""allocated_pe"": 42, ""spent_pe"": 4, ""refunded_pe"": 38}"
2025-10-06T23:20:57,COMMANDER,INFO,Zbiorcze podsumowanie tury,"{""commander_id"": 3, ""allocated_total"": 84, ""spent_total"": 6, ""refunded_total"": 78, ""unassigned_total"": 1}"
2025-10-06T23:20:57,COMMANDER,INFO,Koniec tury komendanta,"{""commander_id"": 3, ""spent"": 6, ""remaining"": 79, ""token_share"": 42, ""tokens"": 2}"
2025-10-06T23:21:18,COMMANDER,INFO,Start tury komendanta,"{""commander_id"": 5, ""nation"": ""Niemcy"", ""tokens"": 2, ""budget"": 44}"
2025-10-06T23:21:18,COMMANDER,DEBUG,Plan przydziału PE,"{""commander_id"": 5, ""token_count"": 2, ""share_per_token"": 22, ""budget"": 44}"
2025-10-06T23:21:18,COMMANDER,DEBUG,Przydział żetonowi,"{""commander_id"": 5, ""token_id"": ""K_Pluton__5_N_K_Pluton"", ""allocated_pe"": 22, ""token_position_q"": 46, ""token_position_r"": -6}"
2025-10-06T23:21:18,COMMANDER,INFO,Podsumowanie żetonu,"{""commander_id"": 5, ""token_id"": ""K_Pluton__5_N_K_Pluton"", ""allocated_pe"": 22, ""spent_pe"": 4, ""refunded_pe"": 18}"
2025-10-06T23:21:18,COMMANDER,DEBUG,Przydział żetonowi,"{""commander_id"": 5, ""token_id"": ""Z_Pluton__5_N_Z_Pluton"", ""allocated_pe"": 22, ""token_position_q"": 43, ""token_position_r"": -14}"
2025-10-06T23:21:18,COMMANDER,INFO,Podsumowanie żetonu,"{""commander_id"": 5, ""token_id"": ""Z_Pluton__5_N_Z_Pluton"", ""allocated_pe"": 22, ""spent_pe"": 1, ""refunded_pe"": 21}"
2025-10-06T23:21:18,COMMANDER,INFO,Zbiorcze podsumowanie tury,"{""commander_id"": 5, ""allocated_total"": 44, ""spent_total"": 5, ""refunded_total"": 39, ""unassigned_total"": 0}"
2025-10-06T23:21:18,COMMANDER,INFO,Koniec tury komendanta,"{""commander_id"": 5, ""spent"": 5, ""remaining"": 39, ""token_share"": 22, ""tokens"": 2}"
2025-10-06T23:21:18,COMMANDER,INFO,Start tury komendanta,"{""commander_id"": 6, ""nation"": ""Niemcy"", ""tokens"": 2, ""budget"": 49}"
2025-10-06T23:21:18,COMMANDER,DEBUG,Plan przydziału PE,"{""commander_id"": 6, ""token_count"": 2, ""share_per_token"": 24, ""budget"": 49}"
2025-10-06T23:21:18,COMMANDER,DEBUG,Przydział żetonowi,"{""commander_id"": 6, ""token_id"": ""K_Pluton__6_N_K_Pluton"", ""allocated_pe"": 24, ""token_position_q"": 52, ""token_position_r"": 1}"
2025-10-06T23:21:18,COMMANDER,INFO,Podsumowanie żetonu,"{""commander_id"": 6, ""token_id"": ""K_Pluton__6_N_K_Pluton"", ""allocated_pe"": 24, ""spent_pe"": 0, ""refunded_pe"": 24}"
2025-10-06T23:21:18,COMMANDER,DEBUG,Przydział żetonowi,"{""commander_id"": 6, ""token_id"": ""Z_Pluton__6_N_Z_Pluton"", ""allocated_pe"": 24, ""token_position_q"": 33, ""token_position_r"": 5}"
2025-10-06T23:21:18,COMMANDER,INFO,Podsumowanie żetonu,"{""commander_id"": 6, ""token_id"": ""Z_Pluton__6_N_Z_Pluton"", ""allocated_pe"": 24, ""spent_pe"": 0, ""refunded_pe"": 24}"
2025-10-06T23:21:18,COMMANDER,INFO,Zbiorcze podsumowanie tury,"{""commander_id"": 6, ""allocated_total"": 48, ""spent_total"": 0, ""refunded_total"": 48, ""unassigned_total"": 1}"
2025-10-06T23:21:18,COMMANDER,INFO,Koniec tury komendanta,"{""commander_id"": 6, ""spent"": 0, ""remaining"": 49, ""token_share"": 24, ""tokens"": 2}"
2025-10-06T23:21:26,COMMANDER,INFO,Start tury komendanta,"{""commander_id"": 2, ""nation"": ""Polska"", ""tokens"": 2, ""budget"": 107}"
2025-10-06T23:21:26,COMMANDER,DEBUG,Plan przydziału PE,"{""commander_id"": 2, ""token_count"": 2, ""share_per_token"": 53, ""budget"": 107}"
2025-10-06T23:21:26,COMMANDER,DEBUG,Przydział żetonowi,"{""commander_id"": 2, ""token_id"": ""Z_Pluton__2_PL_Z_Pluton"", ""allocated_pe"": 53, ""token_position_q"": 15, ""token_position_r"": -6}"
2025-10-06T23:21:26,COMMANDER,INFO,Podsumowanie żetonu,"{""commander_id"": 2, ""token_id"": ""Z_Pluton__2_PL_Z_Pluton"", ""allocated_pe"": 53, ""spent_pe"": 0, ""refunded_pe"": 53}"
2025-10-06T23:21:26,COMMANDER,DEBUG,Przydział żetonowi,"{""commander_id"": 2, ""token_id"": ""K_Pluton__2_PL_K_Pluton"", ""allocated_pe"": 53, ""token_position_q"": 28, ""token_position_r"": 3}"
2025-10-06T23:21:26,COMMANDER,INFO,Podsumowanie żetonu,"{""commander_id"": 2, ""token_id"": ""K_Pluton__2_PL_K_Pluton"", ""allocated_pe"": 53, ""spent_pe"": 2, ""refunded_pe"": 51}"
2025-10-06T23:21:26,COMMANDER,INFO,Zbiorcze podsumowanie tury,"{""commander_id"": 2, ""allocated_total"": 106, ""spent_total"": 2, ""refunded_total"": 104, ""unassigned_total"": 1}"
2025-10-06T23:21:26,COMMANDER,INFO,Koniec tury komendanta,"{""commander_id"": 2, ""spent"": 2, ""remaining"": 105, ""token_share"": 53, ""tokens"": 2}"
2025-10-06T23:21:26,COMMANDER,INFO,Start tury komendanta,"{""commander_id"": 3, ""nation"": ""Polska"", ""tokens"": 1, ""budget"": 79}"
2025-10-06T23:21:26,COMMANDER,DEBUG,Plan przydziału PE,"{""commander_id"": 3, ""token_count"": 1, ""share_per_token"": 79, ""budget"": 79}"
2025-10-06T23:21:26,COMMANDER,DEBUG,Przydział żetonowi,"{""commander_id"": 3, ""token_id"": ""Z_Pluton__3_PL_Z_Pluton"", ""allocated_pe"": 79, ""token_position_q"": 16, ""token_position_r"": 20}"
2025-10-06T23:21:26,COMMANDER,INFO,Podsumowanie żetonu,"{""commander_id"": 3, ""token_id"": ""Z_Pluton__3_PL_Z_Pluton"", ""allocated_pe"": 79, ""spent_pe"": 0, ""refunded_pe"": 79}"
2025-10-06T23:21:26,COMMANDER,INFO,Zbiorcze podsumowanie tury,"{""commander_id"": 3, ""allocated_total"": 79, ""spent_total"": 0, ""refunded_total"": 79, ""unassigned_total"": 0}"
2025-10-06T23:21:26,COMMANDER,INFO,Koniec tury komendanta,"{""commander_id"": 3, ""spent"": 0, ""remaining"": 79, ""token_share"": 79, ""tokens"": 1}"
2025-10-06T23:21:30,COMMANDER,INFO,Start tury komendanta,"{""commander_id"": 5, ""nation"": ""Niemcy"", ""tokens"": 2, ""budget"": 39}"
2025-10-06T23:21:30,COMMANDER,DEBUG,Plan przydziału PE,"{""commander_id"": 5, ""token_count"": 2, ""share_per_token"": 19, ""budget"": 39}"
2025-10-06T23:21:30,COMMANDER,DEBUG,Przydział żetonowi,"{""commander_id"": 5, ""token_id"": ""K_Pluton__5_N_K_Pluton"", ""allocated_pe"": 19, ""token_position_q"": 43, ""token_position_r"": -4}"
2025-10-06T23:21:30,COMMANDER,INFO,Podsumowanie żetonu,"{""commander_id"": 5, ""token_id"": ""K_Pluton__5_N_K_Pluton"", ""allocated_pe"": 19, ""spent_pe"": 4, ""refunded_pe"": 15}"
2025-10-06T23:21:30,COMMANDER,DEBUG,Przydział żetonowi,"{""commander_id"": 5, ""token_id"": ""Z_Pluton__5_N_Z_Pluton"", ""allocated_pe"": 19, ""token_position_q"": 42, ""token_position_r"": -14}"
2025-10-06T23:21:30,COMMANDER,INFO,Podsumowanie żetonu,"{""commander_id"": 5, ""token_id"": ""Z_Pluton__5_N_Z_Pluton"", ""allocated_pe"": 19, ""spent_pe"": 0, ""refunded_pe"": 19}"
2025-10-06T23:21:30,COMMANDER,INFO,Zbiorcze podsumowanie tury,"{""commander_id"": 5, ""allocated_total"": 38, ""spent_total"": 4, ""refunded_total"": 34, ""unassigned_total"": 1}"
2025-10-06T23:21:30,COMMANDER,INFO,Koniec tury komendanta,"{""commander_id"": 5, ""spent"": 4, ""remaining"": 35, ""token_share"": 19, ""tokens"": 2}"
2025-10-06T23:21:30,COMMANDER,INFO,Start tury komendanta,"{""commander_id"": 6, ""nation"": ""Niemcy"", ""tokens"": 1, ""budget"": 49}"
2025-10-06T23:21:30,COMMANDER,DEBUG,Plan przydziału PE,"{""commander_id"": 6, ""token_count"": 1, ""share_per_token"": 49, ""budget"": 49}"
2025-10-06T23:21:30,COMMANDER,DEBUG,Przydział żetonowi,"{""commander_id"": 6, ""token_id"": ""Z_Pluton__6_N_Z_Pluton"", ""allocated_pe"": 49, ""token_position_q"": 33, ""token_position_r"": 5}"
2025-10-06T23:21:30,COMMANDER,INFO,Podsumowanie żetonu,"{""commander_id"": 6, ""token_id"": ""Z_Pluton__6_N_Z_Pluton"", ""allocated_pe"": 49, ""spent_pe"": 1, ""refunded_pe"": 48}"
2025-10-06T23:21:30,COMMANDER,INFO,Zbiorcze podsumowanie tury,"{""commander_id"": 6, ""allocated_total"": 49, ""spent_total"": 1, ""refunded_total"": 48, ""unassigned_total"": 0}"
2025-10-06T23:21:30,COMMANDER,INFO,Koniec tury komendanta,"{""commander_id"": 6, ""spent"": 1, ""remaining"": 48, ""token_share"": 49, ""tokens"": 1}"
2025-10-06T23:21:34,COMMANDER,INFO,Start tury komendanta,"{""commander_id"": 2, ""nation"": ""Polska"", ""tokens"": 2, ""budget"": 105}"
2025-10-06T23:21:34,COMMANDER,DEBUG,Plan przydziału PE,"{""commander_id"": 2, ""token_count"": 2, ""share_per_token"": 52, ""budget"": 105}"
2025-10-06T23:21:34,COMMANDER,DEBUG,Przydział żetonowi,"{""commander_id"": 2, ""token_id"": ""Z_Pluton__2_PL_Z_Pluton"", ""allocated_pe"": 52, ""token_position_q"": 15, ""token_position_r"": -6}"
2025-10-06T23:21:34,COMMANDER,INFO,Podsumowanie żetonu,"{""commander_id"": 2, ""token_id"": ""Z_Pluton__2_PL_Z_Pluton"", ""allocated_pe"": 52, ""spent_pe"": 0, ""refunded_pe"": 52}"
2025-10-06T23:21:34,COMMANDER,DEBUG,Przydział żetonowi,"{""commander_id"": 2, ""token_id"": ""K_Pluton__2_PL_K_Pluton"", ""allocated_pe"": 52, ""token_position_q"": 27, ""token_position_r"": 4}"
2025-10-06T23:21:34,COMMANDER,INFO,Podsumowanie żetonu,"{""commander_id"": 2, ""token_id"": ""K_Pluton__2_PL_K_Pluton"", ""allocated_pe"": 52, ""spent_pe"": 2, ""refunded_pe"": 50}"
2025-10-06T23:21:34,COMMANDER,INFO,Zbiorcze podsumowanie tury,"{""commander_id"": 2, ""allocated_total"": 104, ""spent_total"": 2, ""refunded_total"": 102, ""unassigned_total"": 1}"
2025-10-06T23:21:34,COMMANDER,INFO,Koniec tury komendanta,"{""commander_id"": 2, ""spent"": 2, ""remaining"": 103, ""token_share"": 52, ""tokens"": 2}"
2025-10-06T23:21:34,COMMANDER,INFO,Start tury komendanta,"{""commander_id"": 3, ""nation"": ""Polska"", ""tokens"": 1, ""budget"": 79}"
2025-10-06T23:21:34,COMMANDER,DEBUG,Plan przydziału PE,"{""commander_id"": 3, ""token_count"": 1, ""share_per_token"": 79, ""budget"": 79}"
2025-10-06T23:21:34,COMMANDER,DEBUG,Przydział żetonowi,"{""commander_id"": 3, ""token_id"": ""Z_Pluton__3_PL_Z_Pluton"", ""allocated_pe"": 79, ""token_position_q"": 16, ""token_position_r"": 20}"
2025-10-06T23:21:34,COMMANDER,INFO,Podsumowanie żetonu,"{""commander_id"": 3, ""token_id"": ""Z_Pluton__3_PL_Z_Pluton"", ""allocated_pe"": 79, ""spent_pe"": 0, ""refunded_pe"": 79}"
2025-10-06T23:21:34,COMMANDER,INFO,Zbiorcze podsumowanie tury,"{""commander_id"": 3, ""allocated_total"": 79, ""spent_total"": 0, ""refunded_total"": 79, ""unassigned_total"": 0}"
2025-10-06T23:21:34,COMMANDER,INFO,Koniec tury komendanta,"{""commander_id"": 3, ""spent"": 0, ""remaining"": 79, ""token_share"": 79, ""tokens"": 1}"
2025-10-06T23:21:38,COMMANDER,INFO,Start tury komendanta,"{""commander_id"": 5, ""nation"": ""Niemcy"", ""tokens"": 2, ""budget"": 35}"
2025-10-06T23:21:38,COMMANDER,DEBUG,Plan przydziału PE,"{""commander_id"": 5, ""token_count"": 2, ""share_per_token"": 17, ""budget"": 35}"
2025-10-06T23:21:38,COMMANDER,DEBUG,Przydział żetonowi,"{""commander_id"": 5, ""token_id"": ""K_Pluton__5_N_K_Pluton"", ""allocated_pe"": 17, ""token_position_q"": 46, ""token_position_r"": -6}"
2025-10-06T23:21:38,COMMANDER,INFO,Podsumowanie żetonu,"{""commander_id"": 5, ""token_id"": ""K_Pluton__5_N_K_Pluton"", ""allocated_pe"": 17, ""spent_pe"": 4, ""refunded_pe"": 13}"
2025-10-06T23:21:38,COMMANDER,DEBUG,Przydział żetonowi,"{""commander_id"": 5, ""token_id"": ""Z_Pluton__5_N_Z_Pluton"", ""allocated_pe"": 17, ""token_position_q"": 42, ""token_position_r"": -14}"
2025-10-06T23:21:38,COMMANDER,INFO,Podsumowanie żetonu,"{""commander_id"": 5, ""token_id"": ""Z_Pluton__5_N_Z_Pluton"", ""allocated_pe"": 17, ""spent_pe"": 0, ""refunded_pe"": 17}"
2025-10-06T23:21:38,COMMANDER,INFO,Zbiorcze podsumowanie tury,"{""commander_id"": 5, ""allocated_total"": 34, ""spent_total"": 4, ""refunded_total"": 30, ""unassigned_total"": 1}"
2025-10-06T23:21:38,COMMANDER,INFO,Koniec tury komendanta,"{""commander_id"": 5, ""spent"": 4, ""remaining"": 31, ""token_share"": 17, ""tokens"": 2}"
2025-10-06T23:21:38,COMMANDER,INFO,Start tury komendanta,"{""commander_id"": 6, ""nation"": ""Niemcy"", ""tokens"": 1, ""budget"": 48}"
2025-10-06T23:21:38,COMMANDER,DEBUG,Plan przydziału PE,"{""commander_id"": 6, ""token_count"": 1, ""share_per_token"": 48, ""budget"": 48}"
2025-10-06T23:21:38,COMMANDER,DEBUG,Przydział żetonowi,"{""commander_id"": 6, ""token_id"": ""Z_Pluton__6_N_Z_Pluton"", ""allocated_pe"": 48, ""token_position_q"": 32, ""token_position_r"": 6}"
2025-10-06T23:21:38,COMMANDER,INFO,Podsumowanie żetonu,"{""commander_id"": 6, ""token_id"": ""Z_Pluton__6_N_Z_Pluton"", ""allocated_pe"": 48, ""spent_pe"": 0, ""refunded_pe"": 48}"
2025-10-06T23:21:38,COMMANDER,INFO,Zbiorcze podsumowanie tury,"{""commander_id"": 6, ""allocated_total"": 48, ""spent_total"": 0, ""refunded_total"": 48, ""unassigned_total"": 0}"
2025-10-06T23:21:38,COMMANDER,INFO,Koniec tury komendanta,"{""commander_id"": 6, ""spent"": 0, ""remaining"": 48, ""token_share"": 48, ""tokens"": 1}"
2025-10-06T23:21:40,COMMANDER,INFO,Start tury komendanta,"{""commander_id"": 2, ""nation"": ""Polska"", ""tokens"": 2, ""budget"": 103}"
2025-10-06T23:21:40,COMMANDER,DEBUG,Plan przydziału PE,"{""commander_id"": 2, ""token_count"": 2, ""share_per_token"": 51, ""budget"": 103}"
2025-10-06T23:21:40,COMMANDER,DEBUG,Przydział żetonowi,"{""commander_id"": 2, ""token_id"": ""Z_Pluton__2_PL_Z_Pluton"", ""allocated_pe"": 51, ""token_position_q"": 15, ""token_position_r"": -6}"
2025-10-06T23:21:40,COMMANDER,INFO,Podsumowanie żetonu,"{""commander_id"": 2, ""token_id"": ""Z_Pluton__2_PL_Z_Pluton"", ""allocated_pe"": 51, ""spent_pe"": 0, ""refunded_pe"": 51}"
2025-10-06T23:21:40,COMMANDER,DEBUG,Przydział żetonowi,"{""commander_id"": 2, ""token_id"": ""K_Pluton__2_PL_K_Pluton"", ""allocated_pe"": 51, ""token_position_q"": 28, ""token_position_r"": 3}"
2025-10-06T23:21:40,COMMANDER,INFO,Podsumowanie żetonu,"{""commander_id"": 2, ""token_id"": ""K_Pluton__2_PL_K_Pluton"", ""allocated_pe"": 51, ""spent_pe"": 2, ""refunded_pe"": 49}"
2025-10-06T23:21:40,COMMANDER,INFO,Zbiorcze podsumowanie tury,"{""commander_id"": 2, ""allocated_total"": 102, ""spent_total"": 2, ""refunded_total"": 100, ""unassigned_total"": 1}"
2025-10-06T23:21:40,COMMANDER,INFO,Koniec tury komendanta,"{""commander_id"": 2, ""spent"": 2, ""remaining"": 101, ""token_share"": 51, ""tokens"": 2}"
2025-10-06T23:21:40,COMMANDER,INFO,Start tury komendanta,"{""commander_id"": 3, ""nation"": ""Polska"", ""tokens"": 1, ""budget"": 79}"
2025-10-06T23:21:40,COMMANDER,DEBUG,Plan przydziału PE,"{""commander_id"": 3, ""token_count"": 1, ""share_per_token"": 79, ""budget"": 79}"
2025-10-06T23:21:40,COMMANDER,DEBUG,Przydział żetonowi,"{""commander_id"": 3, ""token_id"": ""Z_Pluton__3_PL_Z_Pluton"", ""allocated_pe"": 79, ""token_position_q"": 16, ""token_position_r"": 20}"
2025-10-06T23:21:40,COMMANDER,INFO,Podsumowanie żetonu,"{""commander_id"": 3, ""token_id"": ""Z_Pluton__3_PL_Z_Pluton"", ""allocated_pe"": 79, ""spent_pe"": 0, ""refunded_pe"": 79}"
2025-10-06T23:21:40,COMMANDER,INFO,Zbiorcze podsumowanie tury,"{""commander_id"": 3, ""allocated_total"": 79, ""spent_total"": 0, ""refunded_total"": 79, ""unassigned_total"": 0}"
2025-10-06T23:21:40,COMMANDER,INFO,Koniec tury komendanta,"{""commander_id"": 3, ""spent"": 0, ""remaining"": 79, ""token_share"": 79, ""tokens"": 1}"
2025-10-06T23:21:41,COMMANDER,INFO,Start tury komendanta,"{""commander_id"": 5, ""nation"": ""Niemcy"", ""tokens"": 2, ""budget"": 31}"
2025-10-06T23:21:41,COMMANDER,DEBUG,Plan przydziału PE,"{""commander_id"": 5, ""token_count"": 2, ""share_per_token"": 15, ""budget"": 31}"
2025-10-06T23:21:41,COMMANDER,DEBUG,Przydział żetonowi,"{""commander_id"": 5, ""token_id"": ""K_Pluton__5_N_K_Pluton"", ""allocated_pe"": 15, ""token_position_q"": 43, ""token_position_r"": -4}"
2025-10-06T23:21:41,COMMANDER,INFO,Podsumowanie żetonu,"{""commander_id"": 5, ""token_id"": ""K_Pluton__5_N_K_Pluton"", ""allocated_pe"": 15, ""spent_pe"": 4, ""refunded_pe"": 11}"
2025-10-06T23:21:41,COMMANDER,DEBUG,Przydział żetonowi,"{""commander_id"": 5, ""token_id"": ""Z_Pluton__5_N_Z_Pluton"", ""allocated_pe"": 15, ""token_position_q"": 42, ""token_position_r"": -14}"
2025-10-06T23:21:41,COMMANDER,INFO,Podsumowanie żetonu,"{""commander_id"": 5, ""token_id"": ""Z_Pluton__5_N_Z_Pluton"", ""allocated_pe"": 15, ""spent_pe"": 0, ""refunded_pe"": 15}"
2025-10-06T23:21:41,COMMANDER,INFO,Zbiorcze podsumowanie tury,"{""commander_id"": 5, ""allocated_total"": 30, ""spent_total"": 4, ""refunded_total"": 26, ""unassigned_total"": 1}"
2025-10-06T23:21:41,COMMANDER,INFO,Koniec tury komendanta,"{""commander_id"": 5, ""spent"": 4, ""remaining"": 27, ""token_share"": 15, ""tokens"": 2}"
2025-10-06T23:21:41,COMMANDER,INFO,Start tury komendanta,"{""commander_id"": 6, ""nation"": ""Niemcy"", ""tokens"": 1, ""budget"": 48}"
2025-10-06T23:21:41,COMMANDER,DEBUG,Plan przydziału PE,"{""commander_id"": 6, ""token_count"": 1, ""share_per_token"": 48, ""budget"": 48}"
2025-10-06T23:21:41,COMMANDER,DEBUG,Przydział żetonowi,"{""commander_id"": 6, ""token_id"": ""Z_Pluton__6_N_Z_Pluton"", ""allocated_pe"": 48, ""token_position_q"": 32, ""token_position_r"": 6}"
2025-10-06T23:21:41,COMMANDER,INFO,Podsumowanie żetonu,"{""commander_id"": 6, ""token_id"": ""Z_Pluton__6_N_Z_Pluton"", ""allocated_pe"": 48, ""spent_pe"": 0, ""refunded_pe"": 48}"
2025-10-06T23:21:41,COMMANDER,INFO,Zbiorcze podsumowanie tury,"{""commander_id"": 6, ""allocated_total"": 48, ""spent_total"": 0, ""refunded_total"": 48, ""unassigned_total"": 0}"
2025-10-06T23:21:41,COMMANDER,INFO,Koniec tury komendanta,"{""commander_id"": 6, ""spent"": 0, ""remaining"": 48, ""token_share"": 48, ""tokens"": 1}"
2025-10-06T23:21:42,COMMANDER,INFO,Start tury komendanta,"{""commander_id"": 2, ""nation"": ""Polska"", ""tokens"": 2, ""budget"": 101}"
2025-10-06T23:21:42,COMMANDER,DEBUG,Plan przydziału PE,"{""commander_id"": 2, ""token_count"": 2, ""share_per_token"": 50, ""budget"": 101}"
2025-10-06T23:21:42,COMMANDER,DEBUG,Przydział żetonowi,"{""commander_id"": 2, ""token_id"": ""Z_Pluton__2_PL_Z_Pluton"", ""allocated_pe"": 50, ""token_position_q"": 15, ""token_position_r"": -6}"
2025-10-06T23:21:42,COMMANDER,INFO,Podsumowanie żetonu,"{""commander_id"": 2, ""token_id"": ""Z_Pluton__2_PL_Z_Pluton"", ""allocated_pe"": 50, ""spent_pe"": 0, ""refunded_pe"": 50}"
2025-10-06T23:21:42,COMMANDER,DEBUG,Przydział żetonowi,"{""commander_id"": 2, ""token_id"": ""K_Pluton__2_PL_K_Pluton"", ""allocated_pe"": 50, ""token_position_q"": 27, ""token_position_r"": 4}"
2025-10-06T23:21:42,COMMANDER,INFO,Podsumowanie żetonu,"{""commander_id"": 2, ""token_id"": ""K_Pluton__2_PL_K_Pluton"", ""allocated_pe"": 50, ""spent_pe"": 2, ""refunded_pe"": 48}"
2025-10-06T23:21:42,COMMANDER,INFO,Zbiorcze podsumowanie tury,"{""commander_id"": 2, ""allocated_total"": 100, ""spent_total"": 2, ""refunded_total"": 98, ""unassigned_total"": 1}"
2025-10-06T23:21:42,COMMANDER,INFO,Koniec tury komendanta,"{""commander_id"": 2, ""spent"": 2, ""remaining"": 99, ""token_share"": 50, ""tokens"": 2}"
2025-10-06T23:21:42,COMMANDER,INFO,Start tury komendanta,"{""commander_id"": 3, ""nation"": ""Polska"", ""tokens"": 1, ""budget"": 79}"
2025-10-06T23:21:42,COMMANDER,DEBUG,Plan przydziału PE,"{""commander_id"": 3, ""token_count"": 1, ""share_per_token"": 79, ""budget"": 79}"
2025-10-06T23:21:42,COMMANDER,DEBUG,Przydział żetonowi,"{""commander_id"": 3, ""token_id"": ""Z_Pluton__3_PL_Z_Pluton"", ""allocated_pe"": 79, ""token_position_q"": 16, ""token_position_r"": 20}"
2025-10-06T23:21:42,COMMANDER,INFO,Podsumowanie żetonu,"{""commander_id"": 3, ""token_id"": ""Z_Pluton__3_PL_Z_Pluton"", ""allocated_pe"": 79, ""spent_pe"": 0, ""refunded_pe"": 79}"
2025-10-06T23:21:42,COMMANDER,INFO,Zbiorcze podsumowanie tury,"{""commander_id"": 3, ""allocated_total"": 79, ""spent_total"": 0, ""refunded_total"": 79, ""unassigned_total"": 0}"
2025-10-06T23:21:42,COMMANDER,INFO,Koniec tury komendanta,"{""commander_id"": 3, ""spent"": 0, ""remaining"": 79, ""token_share"": 79, ""tokens"": 1}"
2025-10-06T23:21:47,COMMANDER,INFO,Start tury komendanta,"{""commander_id"": 5, ""nation"": ""Niemcy"", ""tokens"": 2, ""budget"": 27}"
2025-10-06T23:21:47,COMMANDER,DEBUG,Plan przydziału PE,"{""commander_id"": 5, ""token_count"": 2, ""share_per_token"": 13, ""budget"": 27}"
2025-10-06T23:21:47,COMMANDER,DEBUG,Przydział żetonowi,"{""commander_id"": 5, ""token_id"": ""K_Pluton__5_N_K_Pluton"", ""allocated_pe"": 13, ""token_position_q"": 46, ""token_position_r"": -6}"
2025-10-06T23:21:47,COMMANDER,INFO,Podsumowanie żetonu,"{""commander_id"": 5, ""token_id"": ""K_Pluton__5_N_K_Pluton"", ""allocated_pe"": 13, ""spent_pe"": 4, ""refunded_pe"": 9}"
2025-10-06T23:21:47,COMMANDER,DEBUG,Przydział żetonowi,"{""commander_id"": 5, ""token_id"": ""Z_Pluton__5_N_Z_Pluton"", ""allocated_pe"": 13, ""token_position_q"": 42, ""token_position_r"": -14}"
2025-10-06T23:21:47,COMMANDER,INFO,Podsumowanie żetonu,"{""commander_id"": 5, ""token_id"": ""Z_Pluton__5_N_Z_Pluton"", ""allocated_pe"": 13, ""spent_pe"": 0, ""refunded_pe"": 13}"
2025-10-06T23:21:47,COMMANDER,INFO,Zbiorcze podsumowanie tury,"{""commander_id"": 5, ""allocated_total"": 26, ""spent_total"": 4, ""refunded_total"": 22, ""unassigned_total"": 1}"
2025-10-06T23:21:47,COMMANDER,INFO,Koniec tury komendanta,"{""commander_id"": 5, ""spent"": 4, ""remaining"": 23, ""token_share"": 13, ""tokens"": 2}"
2025-10-06T23:21:47,COMMANDER,INFO,Start tury komendanta,"{""commander_id"": 6, ""nation"": ""Niemcy"", ""tokens"": 1, ""budget"": 48}"
2025-10-06T23:21:47,COMMANDER,DEBUG,Plan przydziału PE,"{""commander_id"": 6, ""token_count"": 1, ""share_per_token"": 48, ""budget"": 48}"
2025-10-06T23:21:47,COMMANDER,DEBUG,Przydział żetonowi,"{""commander_id"": 6, ""token_id"": ""Z_Pluton__6_N_Z_Pluton"", ""allocated_pe"": 48, ""token_position_q"": 32, ""token_position_r"": 6}"
2025-10-06T23:21:47,COMMANDER,INFO,Podsumowanie żetonu,"{""commander_id"": 6, ""token_id"": ""Z_Pluton__6_N_Z_Pluton"", ""allocated_pe"": 48, ""spent_pe"": 0, ""refunded_pe"": 48}"
2025-10-06T23:21:47,COMMANDER,INFO,Zbiorcze podsumowanie tury,"{""commander_id"": 6, ""allocated_total"": 48, ""spent_total"": 0, ""refunded_total"": 48, ""unassigned_total"": 0}"
2025-10-06T23:21:47,COMMANDER,INFO,Koniec tury komendanta,"{""commander_id"": 6, ""spent"": 0, ""remaining"": 48, ""token_share"": 48, ""tokens"": 1}"
2025-10-06T23:21:49,COMMANDER,INFO,Start tury komendanta,"{""commander_id"": 2, ""nation"": ""Polska"", ""tokens"": 2, ""budget"": 99}"
2025-10-06T23:21:49,COMMANDER,DEBUG,Plan przydziału PE,"{""commander_id"": 2, ""token_count"": 2, ""share_per_token"": 49, ""budget"": 99}"
2025-10-06T23:21:49,COMMANDER,DEBUG,Przydział żetonowi,"{""commander_id"": 2, ""token_id"": ""Z_Pluton__2_PL_Z_Pluton"", ""allocated_pe"": 49, ""token_position_q"": 15, ""token_position_r"": -6}"
2025-10-06T23:21:49,COMMANDER,INFO,Podsumowanie żetonu,"{""commander_id"": 2, ""token_id"": ""Z_Pluton__2_PL_Z_Pluton"", ""allocated_pe"": 49, ""spent_pe"": 0, ""refunded_pe"": 49}"
2025-10-06T23:21:49,COMMANDER,DEBUG,Przydział żetonowi,"{""commander_id"": 2, ""token_id"": ""K_Pluton__2_PL_K_Pluton"", ""allocated_pe"": 49, ""token_position_q"": 28, ""token_position_r"": 3}"
2025-10-06T23:21:49,COMMANDER,INFO,Podsumowanie żetonu,"{""commander_id"": 2, ""token_id"": ""K_Pluton__2_PL_K_Pluton"", ""allocated_pe"": 49, ""spent_pe"": 2, ""refunded_pe"": 47}"
2025-10-06T23:21:49,COMMANDER,INFO,Zbiorcze podsumowanie tury,"{""commander_id"": 2, ""allocated_total"": 98, ""spent_total"": 2, ""refunded_total"": 96, ""unassigned_total"": 1}"
2025-10-06T23:21:49,COMMANDER,INFO,Koniec tury komendanta,"{""commander_id"": 2, ""spent"": 2, ""remaining"": 97, ""token_share"": 49, ""tokens"": 2}"
2025-10-06T23:21:49,COMMANDER,INFO,Start tury komendanta,"{""commander_id"": 3, ""nation"": ""Polska"", ""tokens"": 1, ""budget"": 79}"
2025-10-06T23:21:49,COMMANDER,DEBUG,Plan przydziału PE,"{""commander_id"": 3, ""token_count"": 1, ""share_per_token"": 79, ""budget"": 79}"
2025-10-06T23:21:49,COMMANDER,DEBUG,Przydział żetonowi,"{""commander_id"": 3, ""token_id"": ""Z_Pluton__3_PL_Z_Pluton"", ""allocated_pe"": 79, ""token_position_q"": 16, ""token_position_r"": 20}"
2025-10-06T23:21:49,COMMANDER,INFO,Podsumowanie żetonu,"{""commander_id"": 3, ""token_id"": ""Z_Pluton__3_PL_Z_Pluton"", ""allocated_pe"": 79, ""spent_pe"": 0, ""refunded_pe"": 79}"
2025-10-06T23:21:49,COMMANDER,INFO,Zbiorcze podsumowanie tury,"{""commander_id"": 3, ""allocated_total"": 79, ""spent_total"": 0, ""refunded_total"": 79, ""unassigned_total"": 0}"
2025-10-06T23:21:49,COMMANDER,INFO,Koniec tury komendanta,"{""commander_id"": 3, ""spent"": 0, ""remaining"": 79, ""token_share"": 79, ""tokens"": 1}"
2025-10-06T23:21:51,COMMANDER,INFO,Start tury komendanta,"{""commander_id"": 5, ""nation"": ""Niemcy"", ""tokens"": 2, ""budget"": 23}"
2025-10-06T23:21:51,COMMANDER,DEBUG,Plan przydziału PE,"{""commander_id"": 5, ""token_count"": 2, ""share_per_token"": 11, ""budget"": 23}"
2025-10-06T23:21:51,COMMANDER,DEBUG,Przydział żetonowi,"{""commander_id"": 5, ""token_id"": ""K_Pluton__5_N_K_Pluton"", ""allocated_pe"": 11, ""token_position_q"": 43, ""token_position_r"": -4}"
2025-10-06T23:21:51,COMMANDER,INFO,Podsumowanie żetonu,"{""commander_id"": 5, ""token_id"": ""K_Pluton__5_N_K_Pluton"", ""allocated_pe"": 11, ""spent_pe"": 4, ""refunded_pe"": 7}"
2025-10-06T23:21:51,COMMANDER,DEBUG,Przydział żetonowi,"{""commander_id"": 5, ""token_id"": ""Z_Pluton__5_N_Z_Pluton"", ""allocated_pe"": 11, ""token_position_q"": 42, ""token_position_r"": -14}"
2025-10-06T23:21:51,COMMANDER,INFO,Podsumowanie żetonu,"{""commander_id"": 5, ""token_id"": ""Z_Pluton__5_N_Z_Pluton"", ""allocated_pe"": 11, ""spent_pe"": 0, ""refunded_pe"": 11}"
2025-10-06T23:21:51,COMMANDER,INFO,Zbiorcze podsumowanie tury,"{""commander_id"": 5, ""allocated_total"": 22, ""spent_total"": 4, ""refunded_total"": 18, ""unassigned_total"": 1}"
2025-10-06T23:21:51,COMMANDER,INFO,Koniec tury komendanta,"{""commander_id"": 5, ""spent"": 4, ""remaining"": 19, ""token_share"": 11, ""tokens"": 2}"
2025-10-06T23:21:51,COMMANDER,INFO,Start tury komendanta,"{""commander_id"": 6, ""nation"": ""Niemcy"", ""tokens"": 1, ""budget"": 48}"
2025-10-06T23:21:51,COMMANDER,DEBUG,Plan przydziału PE,"{""commander_id"": 6, ""token_count"": 1, ""share_per_token"": 48, ""budget"": 48}"
2025-10-06T23:21:51,COMMANDER,DEBUG,Przydział żetonowi,"{""commander_id"": 6, ""token_id"": ""Z_Pluton__6_N_Z_Pluton"", ""allocated_pe"": 48, ""token_position_q"": 32, ""token_position_r"": 6}"
2025-10-06T23:21:51,COMMANDER,INFO,Podsumowanie żetonu,"{""commander_id"": 6, ""token_id"": ""Z_Pluton__6_N_Z_Pluton"", ""allocated_pe"": 48, ""spent_pe"": 0, ""refunded_pe"": 48}"
2025-10-06T23:21:51,COMMANDER,INFO,Zbiorcze podsumowanie tury,"{""commander_id"": 6, ""allocated_total"": 48, ""spent_total"": 0, ""refunded_total"": 48, ""unassigned_total"": 0}"
2025-10-06T23:21:51,COMMANDER,INFO,Koniec tury komendanta,"{""commander_id"": 6, ""spent"": 0, ""remaining"": 48, ""token_share"": 48, ""tokens"": 1}"
2025-10-06T23:21:53,COMMANDER,INFO,Start tury komendanta,"{""commander_id"": 2, ""nation"": ""Polska"", ""tokens"": 2, ""budget"": 97}"
2025-10-06T23:21:53,COMMANDER,DEBUG,Plan przydziału PE,"{""commander_id"": 2, ""token_count"": 2, ""share_per_token"": 48, ""budget"": 97}"
2025-10-06T23:21:53,COMMANDER,DEBUG,Przydział żetonowi,"{""commander_id"": 2, ""token_id"": ""Z_Pluton__2_PL_Z_Pluton"", ""allocated_pe"": 48, ""token_position_q"": 15, ""token_position_r"": -6}"
2025-10-06T23:21:53,COMMANDER,INFO,Podsumowanie żetonu,"{""commander_id"": 2, ""token_id"": ""Z_Pluton__2_PL_Z_Pluton"", ""allocated_pe"": 48, ""spent_pe"": 0, ""refunded_pe"": 48}"
2025-10-06T23:21:53,COMMANDER,DEBUG,Przydział żetonowi,"{""commander_id"": 2, ""token_id"": ""K_Pluton__2_PL_K_Pluton"", ""allocated_pe"": 48, ""token_position_q"": 27, ""token_position_r"": 4}"
2025-10-06T23:21:53,COMMANDER,INFO,Podsumowanie żetonu,"{""commander_id"": 2, ""token_id"": ""K_Pluton__2_PL_K_Pluton"", ""allocated_pe"": 48, ""spent_pe"": 2, ""refunded_pe"": 46}"
2025-10-06T23:21:53,COMMANDER,INFO,Zbiorcze podsumowanie tury,"{""commander_id"": 2, ""allocated_total"": 96, ""spent_total"": 2, ""refunded_total"": 94, ""unassigned_total"": 1}"
2025-10-06T23:21:53,COMMANDER,INFO,Koniec tury komendanta,"{""commander_id"": 2, ""spent"": 2, ""remaining"": 95, ""token_share"": 48, ""tokens"": 2}"
2025-10-06T23:21:53,COMMANDER,INFO,Start tury komendanta,"{""commander_id"": 3, ""nation"": ""Polska"", ""tokens"": 1, ""budget"": 79}"
2025-10-06T23:21:53,COMMANDER,DEBUG,Plan przydziału PE,"{""commander_id"": 3, ""token_count"": 1, ""share_per_token"": 79, ""budget"": 79}"
2025-10-06T23:21:53,COMMANDER,DEBUG,Przydział żetonowi,"{""commander_id"": 3, ""token_id"": ""Z_Pluton__3_PL_Z_Pluton"", ""allocated_pe"": 79, ""token_position_q"": 16, ""token_position_r"": 20}"
2025-10-06T23:21:53,COMMANDER,INFO,Podsumowanie żetonu,"{""commander_id"": 3, ""token_id"": ""Z_Pluton__3_PL_Z_Pluton"", ""allocated_pe"": 79, ""spent_pe"": 0, ""refunded_pe"": 79}"
2025-10-06T23:21:53,COMMANDER,INFO,Zbiorcze podsumowanie tury,"{""commander_id"": 3, ""allocated_total"": 79, ""spent_total"": 0, ""refunded_total"": 79, ""unassigned_total"": 0}"
2025-10-06T23:21:53,COMMANDER,INFO,Koniec tury komendanta,"{""commander_id"": 3, ""spent"": 0, ""remaining"": 79, ""token_share"": 79, ""tokens"": 1}"
2025-10-06T23:21:55,COMMANDER,INFO,Start tury komendanta,"{""commander_id"": 5, ""nation"": ""Niemcy"", ""tokens"": 2, ""budget"": 19}"
2025-10-06T23:21:55,COMMANDER,DEBUG,Plan przydziału PE,"{""commander_id"": 5, ""token_count"": 2, ""share_per_token"": 9, ""budget"": 19}"
2025-10-06T23:21:55,COMMANDER,DEBUG,Przydział żetonowi,"{""commander_id"": 5, ""token_id"": ""K_Pluton__5_N_K_Pluton"", ""allocated_pe"": 9, ""token_position_q"": 46, ""token_position_r"": -6}"
2025-10-06T23:21:55,COMMANDER,INFO,Podsumowanie żetonu,"{""commander_id"": 5, ""token_id"": ""K_Pluton__5_N_K_Pluton"", ""allocated_pe"": 9, ""spent_pe"": 4, ""refunded_pe"": 5}"
2025-10-06T23:21:55,COMMANDER,DEBUG,Przydział żetonowi,"{""commander_id"": 5, ""token_id"": ""Z_Pluton__5_N_Z_Pluton"", ""allocated_pe"": 9, ""token_position_q"": 42, ""token_position_r"": -14}"
2025-10-06T23:21:55,COMMANDER,INFO,Podsumowanie żetonu,"{""commander_id"": 5, ""token_id"": ""Z_Pluton__5_N_Z_Pluton"", ""allocated_pe"": 9, ""spent_pe"": 0, ""refunded_pe"": 9}"
2025-10-06T23:21:55,COMMANDER,INFO,Zbiorcze podsumowanie tury,"{""commander_id"": 5, ""allocated_total"": 18, ""spent_total"": 4, ""refunded_total"": 14, ""unassigned_total"": 1}"
2025-10-06T23:21:55,COMMANDER,INFO,Koniec tury komendanta,"{""commander_id"": 5, ""spent"": 4, ""remaining"": 15, ""token_share"": 9, ""tokens"": 2}"
2025-10-06T23:21:55,COMMANDER,INFO,Start tury komendanta,"{""commander_id"": 6, ""nation"": ""Niemcy"", ""tokens"": 1, ""budget"": 48}"
2025-10-06T23:21:55,COMMANDER,DEBUG,Plan przydziału PE,"{""commander_id"": 6, ""token_count"": 1, ""share_per_token"": 48, ""budget"": 48}"
2025-10-06T23:21:55,COMMANDER,DEBUG,Przydział żetonowi,"{""commander_id"": 6, ""token_id"": ""Z_Pluton__6_N_Z_Pluton"", ""allocated_pe"": 48, ""token_position_q"": 32, ""token_position_r"": 6}"
2025-10-06T23:21:55,COMMANDER,INFO,Podsumowanie żetonu,"{""commander_id"": 6, ""token_id"": ""Z_Pluton__6_N_Z_Pluton"", ""allocated_pe"": 48, ""spent_pe"": 0, ""refunded_pe"": 48}"
2025-10-06T23:21:55,COMMANDER,INFO,Zbiorcze podsumowanie tury,"{""commander_id"": 6, ""allocated_total"": 48, ""spent_total"": 0, ""refunded_total"": 48, ""unassigned_total"": 0}"
2025-10-06T23:21:55,COMMANDER,INFO,Koniec tury komendanta,"{""commander_id"": 6, ""spent"": 0, ""remaining"": 48, ""token_share"": 48, ""tokens"": 1}"
2025-10-06T23:21:56,COMMANDER,INFO,Start tury komendanta,"{""commander_id"": 2, ""nation"": ""Polska"", ""tokens"": 2, ""budget"": 95}"
2025-10-06T23:21:56,COMMANDER,DEBUG,Plan przydziału PE,"{""commander_id"": 2, ""token_count"": 2, ""share_per_token"": 47, ""budget"": 95}"
2025-10-06T23:21:56,COMMANDER,DEBUG,Przydział żetonowi,"{""commander_id"": 2, ""token_id"": ""Z_Pluton__2_PL_Z_Pluton"", ""allocated_pe"": 47, ""token_position_q"": 15, ""token_position_r"": -6}"
2025-10-06T23:21:56,COMMANDER,INFO,Podsumowanie żetonu,"{""commander_id"": 2, ""token_id"": ""Z_Pluton__2_PL_Z_Pluton"", ""allocated_pe"": 47, ""spent_pe"": 0, ""refunded_pe"": 47}"
2025-10-06T23:21:56,COMMANDER,DEBUG,Przydział żetonowi,"{""commander_id"": 2, ""token_id"": ""K_Pluton__2_PL_K_Pluton"", ""allocated_pe"": 47, ""token_position_q"": 28, ""token_position_r"": 3}"
2025-10-06T23:21:56,COMMANDER,INFO,Podsumowanie żetonu,"{""commander_id"": 2, ""token_id"": ""K_Pluton__2_PL_K_Pluton"", ""allocated_pe"": 47, ""spent_pe"": 2, ""refunded_pe"": 45}"
2025-10-06T23:21:56,COMMANDER,INFO,Zbiorcze podsumowanie tury,"{""commander_id"": 2, ""allocated_total"": 94, ""spent_total"": 2, ""refunded_total"": 92, ""unassigned_total"": 1}"
2025-10-06T23:21:56,COMMANDER,INFO,Koniec tury komendanta,"{""commander_id"": 2, ""spent"": 2, ""remaining"": 93, ""token_share"": 47, ""tokens"": 2}"
2025-10-06T23:21:56,COMMANDER,INFO,Start tury komendanta,"{""commander_id"": 3, ""nation"": ""Polska"", ""tokens"": 1, ""budget"": 79}"
2025-10-06T23:21:56,COMMANDER,DEBUG,Plan przydziału PE,"{""commander_id"": 3, ""token_count"": 1, ""share_per_token"": 79, ""budget"": 79}"
2025-10-06T23:21:56,COMMANDER,DEBUG,Przydział żetonowi,"{""commander_id"": 3, ""token_id"": ""Z_Pluton__3_PL_Z_Pluton"", ""allocated_pe"": 79, ""token_position_q"": 16, ""token_position_r"": 20}"
2025-10-06T23:21:56,COMMANDER,INFO,Podsumowanie żetonu,"{""commander_id"": 3, ""token_id"": ""Z_Pluton__3_PL_Z_Pluton"", ""allocated_pe"": 79, ""spent_pe"": 0, ""refunded_pe"": 79}"
2025-10-06T23:21:56,COMMANDER,INFO,Zbiorcze podsumowanie tury,"{""commander_id"": 3, ""allocated_total"": 79, ""spent_total"": 0, ""refunded_total"": 79, ""unassigned_total"": 0}"
2025-10-06T23:21:56,COMMANDER,INFO,Koniec tury komendanta,"{""commander_id"": 3, ""spent"": 0, ""remaining"": 79, ""token_share"": 79, ""tokens"": 1}"
2025-10-06T23:21:58,COMMANDER,INFO,Start tury komendanta,"{""commander_id"": 5, ""nation"": ""Niemcy"", ""tokens"": 2, ""budget"": 15}"
2025-10-06T23:21:58,COMMANDER,DEBUG,Plan przydziału PE,"{""commander_id"": 5, ""token_count"": 2, ""share_per_token"": 7, ""budget"": 15}"
2025-10-06T23:21:58,COMMANDER,DEBUG,Przydział żetonowi,"{""commander_id"": 5, ""token_id"": ""K_Pluton__5_N_K_Pluton"", ""allocated_pe"": 7, ""token_position_q"": 43, ""token_position_r"": -4}"
2025-10-06T23:21:58,COMMANDER,INFO,Podsumowanie żetonu,"{""commander_id"": 5, ""token_id"": ""K_Pluton__5_N_K_Pluton"", ""allocated_pe"": 7, ""spent_pe"": 4, ""refunded_pe"": 3}"
2025-10-06T23:21:58,COMMANDER,DEBUG,Przydział żetonowi,"{""commander_id"": 5, ""token_id"": ""Z_Pluton__5_N_Z_Pluton"", ""allocated_pe"": 7, ""token_position_q"": 42, ""token_position_r"": -14}"
2025-10-06T23:21:58,COMMANDER,INFO,Podsumowanie żetonu,"{""commander_id"": 5, ""token_id"": ""Z_Pluton__5_N_Z_Pluton"", ""allocated_pe"": 7, ""spent_pe"": 0, ""refunded_pe"": 7}"
2025-10-06T23:21:58,COMMANDER,INFO,Zbiorcze podsumowanie tury,"{""commander_id"": 5, ""allocated_total"": 14, ""spent_total"": 4, ""refunded_total"": 10, ""unassigned_total"": 1}"
2025-10-06T23:21:58,COMMANDER,INFO,Koniec tury komendanta,"{""commander_id"": 5, ""spent"": 4, ""remaining"": 11, ""token_share"": 7, ""tokens"": 2}"
2025-10-06T23:21:58,COMMANDER,INFO,Start tury komendanta,"{""commander_id"": 6, ""nation"": ""Niemcy"", ""tokens"": 1, ""budget"": 48}"
2025-10-06T23:21:58,COMMANDER,DEBUG,Plan przydziału PE,"{""commander_id"": 6, ""token_count"": 1, ""share_per_token"": 48, ""budget"": 48}"
2025-10-06T23:21:58,COMMANDER,DEBUG,Przydział żetonowi,"{""commander_id"": 6, ""token_id"": ""Z_Pluton__6_N_Z_Pluton"", ""allocated_pe"": 48, ""token_position_q"": 32, ""token_position_r"": 6}"
2025-10-06T23:21:58,COMMANDER,INFO,Podsumowanie żetonu,"{""commander_id"": 6, ""token_id"": ""Z_Pluton__6_N_Z_Pluton"", ""allocated_pe"": 48, ""spent_pe"": 0, ""refunded_pe"": 48}"
2025-10-06T23:21:58,COMMANDER,INFO,Zbiorcze podsumowanie tury,"{""commander_id"": 6, ""allocated_total"": 48, ""spent_total"": 0, ""refunded_total"": 48, ""unassigned_total"": 0}"
2025-10-06T23:21:58,COMMANDER,INFO,Koniec tury komendanta,"{""commander_id"": 6, ""spent"": 0, ""remaining"": 48, ""token_share"": 48, ""tokens"": 1}"
2025-10-06T23:22:04,COMMANDER,INFO,Start tury komendanta,"{""commander_id"": 2, ""nation"": ""Polska"", ""tokens"": 2, ""budget"": 93}"
2025-10-06T23:22:04,COMMANDER,DEBUG,Plan przydziału PE,"{""commander_id"": 2, ""token_count"": 2, ""share_per_token"": 46, ""budget"": 93}"
2025-10-06T23:22:04,COMMANDER,DEBUG,Przydział żetonowi,"{""commander_id"": 2, ""token_id"": ""Z_Pluton__2_PL_Z_Pluton"", ""allocated_pe"": 46, ""token_position_q"": 15, ""token_position_r"": -6}"
2025-10-06T23:22:04,COMMANDER,INFO,Podsumowanie żetonu,"{""commander_id"": 2, ""token_id"": ""Z_Pluton__2_PL_Z_Pluton"", ""allocated_pe"": 46, ""spent_pe"": 0, ""refunded_pe"": 46}"
2025-10-06T23:22:04,COMMANDER,DEBUG,Przydział żetonowi,"{""commander_id"": 2, ""token_id"": ""K_Pluton__2_PL_K_Pluton"", ""allocated_pe"": 46, ""token_position_q"": 27, ""token_position_r"": 4}"
2025-10-06T23:22:04,COMMANDER,INFO,Podsumowanie żetonu,"{""commander_id"": 2, ""token_id"": ""K_Pluton__2_PL_K_Pluton"", ""allocated_pe"": 46, ""spent_pe"": 2, ""refunded_pe"": 44}"
2025-10-06T23:22:04,COMMANDER,INFO,Zbiorcze podsumowanie tury,"{""commander_id"": 2, ""allocated_total"": 92, ""spent_total"": 2, ""refunded_total"": 90, ""unassigned_total"": 1}"
2025-10-06T23:22:04,COMMANDER,INFO,Koniec tury komendanta,"{""commander_id"": 2, ""spent"": 2, ""remaining"": 91, ""token_share"": 46, ""tokens"": 2}"
2025-10-06T23:22:04,COMMANDER,INFO,Start tury komendanta,"{""commander_id"": 3, ""nation"": ""Polska"", ""tokens"": 1, ""budget"": 79}"
2025-10-06T23:22:04,COMMANDER,DEBUG,Plan przydziału PE,"{""commander_id"": 3, ""token_count"": 1, ""share_per_token"": 79, ""budget"": 79}"
2025-10-06T23:22:04,COMMANDER,DEBUG,Przydział żetonowi,"{""commander_id"": 3, ""token_id"": ""Z_Pluton__3_PL_Z_Pluton"", ""allocated_pe"": 79, ""token_position_q"": 16, ""token_position_r"": 20}"
2025-10-06T23:22:04,COMMANDER,INFO,Podsumowanie żetonu,"{""commander_id"": 3, ""token_id"": ""Z_Pluton__3_PL_Z_Pluton"", ""allocated_pe"": 79, ""spent_pe"": 0, ""refunded_pe"": 79}"
2025-10-06T23:22:04,COMMANDER,INFO,Zbiorcze podsumowanie tury,"{""commander_id"": 3, ""allocated_total"": 79, ""spent_total"": 0, ""refunded_total"": 79, ""unassigned_total"": 0}"
2025-10-06T23:22:04,COMMANDER,INFO,Koniec tury komendanta,"{""commander_id"": 3, ""spent"": 0, ""remaining"": 79, ""token_share"": 79, ""tokens"": 1}"
2025-10-06T23:22:08,COMMANDER,INFO,Start tury komendanta,"{""commander_id"": 5, ""nation"": ""Niemcy"", ""tokens"": 2, ""budget"": 11}"
2025-10-06T23:22:08,COMMANDER,DEBUG,Plan przydziału PE,"{""commander_id"": 5, ""token_count"": 2, ""share_per_token"": 5, ""budget"": 11}"
2025-10-06T23:22:08,COMMANDER,DEBUG,Przydział żetonowi,"{""commander_id"": 5, ""token_id"": ""K_Pluton__5_N_K_Pluton"", ""allocated_pe"": 5, ""token_position_q"": 46, ""token_position_r"": -6}"
2025-10-06T23:22:08,COMMANDER,INFO,Podsumowanie żetonu,"{""commander_id"": 5, ""token_id"": ""K_Pluton__5_N_K_Pluton"", ""allocated_pe"": 5, ""spent_pe"": 4, ""refunded_pe"": 1}"
2025-10-06T23:22:08,COMMANDER,DEBUG,Przydział żetonowi,"{""commander_id"": 5, ""token_id"": ""Z_Pluton__5_N_Z_Pluton"", ""allocated_pe"": 5, ""token_position_q"": 42, ""token_position_r"": -14}"
2025-10-06T23:22:08,COMMANDER,INFO,Podsumowanie żetonu,"{""commander_id"": 5, ""token_id"": ""Z_Pluton__5_N_Z_Pluton"", ""allocated_pe"": 5, ""spent_pe"": 0, ""refunded_pe"": 5}"
2025-10-06T23:22:08,COMMANDER,INFO,Zbiorcze podsumowanie tury,"{""commander_id"": 5, ""allocated_total"": 10, ""spent_total"": 4, ""refunded_total"": 6, ""unassigned_total"": 1}"
2025-10-06T23:22:08,COMMANDER,INFO,Koniec tury komendanta,"{""commander_id"": 5, ""spent"": 4, ""remaining"": 7, ""token_share"": 5, ""tokens"": 2}"
2025-10-06T23:22:08,COMMANDER,INFO,Start tury komendanta,"{""commander_id"": 6, ""nation"": ""Niemcy"", ""tokens"": 1, ""budget"": 48}"
2025-10-06T23:22:08,COMMANDER,DEBUG,Plan przydziału PE,"{""commander_id"": 6, ""token_count"": 1, ""share_per_token"": 48, ""budget"": 48}"
2025-10-06T23:22:08,COMMANDER,DEBUG,Przydział żetonowi,"{""commander_id"": 6, ""token_id"": ""Z_Pluton__6_N_Z_Pluton"", ""allocated_pe"": 48, ""token_position_q"": 32, ""token_position_r"": 6}"
2025-10-06T23:22:08,COMMANDER,INFO,Podsumowanie żetonu,"{""commander_id"": 6, ""token_id"": ""Z_Pluton__6_N_Z_Pluton"", ""allocated_pe"": 48, ""spent_pe"": 0, ""refunded_pe"": 48}"
2025-10-06T23:22:08,COMMANDER,INFO,Zbiorcze podsumowanie tury,"{""commander_id"": 6, ""allocated_total"": 48, ""spent_total"": 0, ""refunded_total"": 48, ""unassigned_total"": 0}"
2025-10-06T23:22:08,COMMANDER,INFO,Koniec tury komendanta,"{""commander_id"": 6, ""spent"": 0, ""remaining"": 48, ""token_share"": 48, ""tokens"": 1}"
2025-10-06T23:22:16,COMMANDER,INFO,Start tury komendanta,"{""commander_id"": 2, ""nation"": ""Polska"", ""tokens"": 2, ""budget"": 91}"
2025-10-06T23:22:16,COMMANDER,DEBUG,Plan przydziału PE,"{""commander_id"": 2, ""token_count"": 2, ""share_per_token"": 45, ""budget"": 91}"
2025-10-06T23:22:16,COMMANDER,DEBUG,Przydział żetonowi,"{""commander_id"": 2, ""token_id"": ""Z_Pluton__2_PL_Z_Pluton"", ""allocated_pe"": 45, ""token_position_q"": 15, ""token_position_r"": -6}"
2025-10-06T23:22:16,COMMANDER,INFO,Podsumowanie żetonu,"{""commander_id"": 2, ""token_id"": ""Z_Pluton__2_PL_Z_Pluton"", ""allocated_pe"": 45, ""spent_pe"": 4, ""refunded_pe"": 41}"
2025-10-06T23:22:16,COMMANDER,DEBUG,Przydział żetonowi,"{""commander_id"": 2, ""token_id"": ""K_Pluton__2_PL_K_Pluton"", ""allocated_pe"": 45, ""token_position_q"": 28, ""token_position_r"": 3}"
2025-10-06T23:22:16,COMMANDER,INFO,Podsumowanie żetonu,"{""commander_id"": 2, ""token_id"": ""K_Pluton__2_PL_K_Pluton"", ""allocated_pe"": 45, ""spent_pe"": 2, ""refunded_pe"": 43}"
2025-10-06T23:22:16,COMMANDER,INFO,Zbiorcze podsumowanie tury,"{""commander_id"": 2, ""allocated_total"": 90, ""spent_total"": 6, ""refunded_total"": 84, ""unassigned_total"": 1}"
2025-10-06T23:22:16,COMMANDER,INFO,Koniec tury komendanta,"{""commander_id"": 2, ""spent"": 6, ""remaining"": 85, ""token_share"": 45, ""tokens"": 2}"
2025-10-06T23:22:16,COMMANDER,INFO,Start tury komendanta,"{""commander_id"": 3, ""nation"": ""Polska"", ""tokens"": 1, ""budget"": 79}"
2025-10-06T23:22:16,COMMANDER,DEBUG,Plan przydziału PE,"{""commander_id"": 3, ""token_count"": 1, ""share_per_token"": 79, ""budget"": 79}"
2025-10-06T23:22:16,COMMANDER,DEBUG,Przydział żetonowi,"{""commander_id"": 3, ""token_id"": ""Z_Pluton__3_PL_Z_Pluton"", ""allocated_pe"": 79, ""token_position_q"": 16, ""token_position_r"": 20}"
2025-10-06T23:22:16,COMMANDER,INFO,Podsumowanie żetonu,"{""commander_id"": 3, ""token_id"": ""Z_Pluton__3_PL_Z_Pluton"", ""allocated_pe"": 79, ""spent_pe"": 0, ""refunded_pe"": 79}"
2025-10-06T23:22:16,COMMANDER,INFO,Zbiorcze podsumowanie tury,"{""commander_id"": 3, ""allocated_total"": 79, ""spent_total"": 0, ""refunded_total"": 79, ""unassigned_total"": 0}"
2025-10-06T23:22:16,COMMANDER,INFO,Koniec tury komendanta,"{""commander_id"": 3, ""spent"": 0, ""remaining"": 79, ""token_share"": 79, ""tokens"": 1}"
2025-10-06T23:22:22,COMMANDER,INFO,Start tury komendanta,"{""commander_id"": 5, ""nation"": ""Niemcy"", ""tokens"": 2, ""budget"": 7}"
2025-10-06T23:22:22,COMMANDER,DEBUG,Plan przydziału PE,"{""commander_id"": 5, ""token_count"": 2, ""share_per_token"": 3, ""budget"": 7}"
2025-10-06T23:22:22,COMMANDER,DEBUG,Przydział żetonowi,"{""commander_id"": 5, ""token_id"": ""K_Pluton__5_N_K_Pluton"", ""allocated_pe"": 3, ""token_position_q"": 43, ""token_position_r"": -4}"
2025-10-06T23:22:22,COMMANDER,INFO,Podsumowanie żetonu,"{""commander_id"": 5, ""token_id"": ""K_Pluton__5_N_K_Pluton"", ""allocated_pe"": 3, ""spent_pe"": 3, ""refunded_pe"": 0}"
2025-10-06T23:22:22,COMMANDER,DEBUG,Przydział żetonowi,"{""commander_id"": 5, ""token_id"": ""Z_Pluton__5_N_Z_Pluton"", ""allocated_pe"": 3, ""token_position_q"": 42, ""token_position_r"": -14}"
2025-10-06T23:22:22,COMMANDER,INFO,Podsumowanie żetonu,"{""commander_id"": 5, ""token_id"": ""Z_Pluton__5_N_Z_Pluton"", ""allocated_pe"": 3, ""spent_pe"": 0, ""refunded_pe"": 3}"
2025-10-06T23:22:22,COMMANDER,INFO,Zbiorcze podsumowanie tury,"{""commander_id"": 5, ""allocated_total"": 6, ""spent_total"": 3, ""refunded_total"": 3, ""unassigned_total"": 1}"
2025-10-06T23:22:22,COMMANDER,INFO,Koniec tury komendanta,"{""commander_id"": 5, ""spent"": 3, ""remaining"": 4, ""token_share"": 3, ""tokens"": 2}"
2025-10-06T23:22:22,COMMANDER,INFO,Start tury komendanta,"{""commander_id"": 6, ""nation"": ""Niemcy"", ""tokens"": 1, ""budget"": 48}"
2025-10-06T23:22:22,COMMANDER,DEBUG,Plan przydziału PE,"{""commander_id"": 6, ""token_count"": 1, ""share_per_token"": 48, ""budget"": 48}"
2025-10-06T23:22:22,COMMANDER,DEBUG,Przydział żetonowi,"{""commander_id"": 6, ""token_id"": ""Z_Pluton__6_N_Z_Pluton"", ""allocated_pe"": 48, ""token_position_q"": 32, ""token_position_r"": 6}"
2025-10-06T23:22:22,COMMANDER,INFO,Podsumowanie żetonu,"{""commander_id"": 6, ""token_id"": ""Z_Pluton__6_N_Z_Pluton"", ""allocated_pe"": 48, ""spent_pe"": 0, ""refunded_pe"": 48}"
2025-10-06T23:22:22,COMMANDER,INFO,Zbiorcze podsumowanie tury,"{""commander_id"": 6, ""allocated_total"": 48, ""spent_total"": 0, ""refunded_total"": 48, ""unassigned_total"": 0}"
2025-10-06T23:22:22,COMMANDER,INFO,Koniec tury komendanta,"{""commander_id"": 6, ""spent"": 0, ""remaining"": 48, ""token_share"": 48, ""tokens"": 1}"
2025-10-06T23:22:30,COMMANDER,INFO,Start tury komendanta,"{""commander_id"": 2, ""nation"": ""Polska"", ""tokens"": 2, ""budget"": 85}"
2025-10-06T23:22:30,COMMANDER,DEBUG,Plan przydziału PE,"{""commander_id"": 2, ""token_count"": 2, ""share_per_token"": 42, ""budget"": 85}"
2025-10-06T23:22:30,COMMANDER,DEBUG,Przydział żetonowi,"{""commander_id"": 2, ""token_id"": ""Z_Pluton__2_PL_Z_Pluton"", ""allocated_pe"": 42, ""token_position_q"": 11, ""token_position_r"": -5}"
2025-10-06T23:22:30,COMMANDER,INFO,Podsumowanie żetonu,"{""commander_id"": 2, ""token_id"": ""Z_Pluton__2_PL_Z_Pluton"", ""allocated_pe"": 42, ""spent_pe"": 2, ""refunded_pe"": 40}"
2025-10-06T23:22:30,COMMANDER,DEBUG,Przydział żetonowi,"{""commander_id"": 2, ""token_id"": ""K_Pluton__2_PL_K_Pluton"", ""allocated_pe"": 42, ""token_position_q"": 27, ""token_position_r"": 4}"
2025-10-06T23:22:30,COMMANDER,INFO,Podsumowanie żetonu,"{""commander_id"": 2, ""token_id"": ""K_Pluton__2_PL_K_Pluton"", ""allocated_pe"": 42, ""spent_pe"": 2, ""refunded_pe"": 40}"
2025-10-06T23:22:30,COMMANDER,INFO,Zbiorcze podsumowanie tury,"{""commander_id"": 2, ""allocated_total"": 84, ""spent_total"": 4, ""refunded_total"": 80, ""unassigned_total"": 1}"
2025-10-06T23:22:30,COMMANDER,INFO,Koniec tury komendanta,"{""commander_id"": 2, ""spent"": 4, ""remaining"": 81, ""token_share"": 42, ""tokens"": 2}"
2025-10-06T23:22:30,COMMANDER,INFO,Start tury komendanta,"{""commander_id"": 3, ""nation"": ""Polska"", ""tokens"": 1, ""budget"": 79}"
2025-10-06T23:22:30,COMMANDER,DEBUG,Plan przydziału PE,"{""commander_id"": 3, ""token_count"": 1, ""share_per_token"": 79, ""budget"": 79}"
2025-10-06T23:22:30,COMMANDER,DEBUG,Przydział żetonowi,"{""commander_id"": 3, ""token_id"": ""Z_Pluton__3_PL_Z_Pluton"", ""allocated_pe"": 79, ""token_position_q"": 16, ""token_position_r"": 20}"
2025-10-06T23:22:30,COMMANDER,INFO,Podsumowanie żetonu,"{""commander_id"": 3, ""token_id"": ""Z_Pluton__3_PL_Z_Pluton"", ""allocated_pe"": 79, ""spent_pe"": 4, ""refunded_pe"": 75}"
2025-10-06T23:22:30,COMMANDER,INFO,Zbiorcze podsumowanie tury,"{""commander_id"": 3, ""allocated_total"": 79, ""spent_total"": 4, ""refunded_total"": 75, ""unassigned_total"": 0}"
2025-10-06T23:22:30,COMMANDER,INFO,Koniec tury komendanta,"{""commander_id"": 3, ""spent"": 4, ""remaining"": 75, ""token_share"": 79, ""tokens"": 1}"
2025-10-06T23:22:34,COMMANDER,INFO,Start tury komendanta,"{""commander_id"": 5, ""nation"": ""Niemcy"", ""tokens"": 2, ""budget"": 4}"
2025-10-06T23:22:34,COMMANDER,DEBUG,Plan przydziału PE,"{""commander_id"": 5, ""token_count"": 2, ""share_per_token"": 2, ""budget"": 4}"
2025-10-06T23:22:34,COMMANDER,DEBUG,Przydział żetonowi,"{""commander_id"": 5, ""token_id"": ""K_Pluton__5_N_K_Pluton"", ""allocated_pe"": 2, ""token_position_q"": 46, ""token_position_r"": -6}"
2025-10-06T23:22:34,COMMANDER,INFO,Podsumowanie żetonu,"{""commander_id"": 5, ""token_id"": ""K_Pluton__5_N_K_Pluton"", ""allocated_pe"": 2, ""spent_pe"": 2, ""refunded_pe"": 0}"
2025-10-06T23:22:34,COMMANDER,DEBUG,Przydział żetonowi,"{""commander_id"": 5, ""token_id"": ""Z_Pluton__5_N_Z_Pluton"", ""allocated_pe"": 2, ""token_position_q"": 42, ""token_position_r"": -14}"
2025-10-06T23:22:34,COMMANDER,INFO,Podsumowanie żetonu,"{""commander_id"": 5, ""token_id"": ""Z_Pluton__5_N_Z_Pluton"", ""allocated_pe"": 2, ""spent_pe"": 1, ""refunded_pe"": 1}"
2025-10-06T23:22:34,COMMANDER,INFO,Zbiorcze podsumowanie tury,"{""commander_id"": 5, ""allocated_total"": 4, ""spent_total"": 3, ""refunded_total"": 1, ""unassigned_total"": 0}"
2025-10-06T23:22:34,COMMANDER,INFO,Koniec tury komendanta,"{""commander_id"": 5, ""spent"": 3, ""remaining"": 1, ""token_share"": 2, ""tokens"": 2}"
2025-10-06T23:22:34,COMMANDER,INFO,Start tury komendanta,"{""commander_id"": 6, ""nation"": ""Niemcy"", ""tokens"": 1, ""budget"": 48}"
2025-10-06T23:22:34,COMMANDER,DEBUG,Plan przydziału PE,"{""commander_id"": 6, ""token_count"": 1, ""share_per_token"": 48, ""budget"": 48}"
2025-10-06T23:22:34,COMMANDER,DEBUG,Przydział żetonowi,"{""commander_id"": 6, ""token_id"": ""Z_Pluton__6_N_Z_Pluton"", ""allocated_pe"": 48, ""token_position_q"": 32, ""token_position_r"": 6}"
2025-10-06T23:22:34,COMMANDER,INFO,Podsumowanie żetonu,"{""commander_id"": 6, ""token_id"": ""Z_Pluton__6_N_Z_Pluton"", ""allocated_pe"": 48, ""spent_pe"": 0, ""refunded_pe"": 48}"
2025-10-06T23:22:34,COMMANDER,INFO,Zbiorcze podsumowanie tury,"{""commander_id"": 6, ""allocated_total"": 48, ""spent_total"": 0, ""refunded_total"": 48, ""unassigned_total"": 0}"
2025-10-06T23:22:34,COMMANDER,INFO,Koniec tury komendanta,"{""commander_id"": 6, ""spent"": 0, ""remaining"": 48, ""token_share"": 48, ""tokens"": 1}"
2025-10-06T23:22:39,COMMANDER,INFO,Start tury komendanta,"{""commander_id"": 2, ""nation"": ""Polska"", ""tokens"": 2, ""budget"": 81}"
2025-10-06T23:22:39,COMMANDER,DEBUG,Plan przydziału PE,"{""commander_id"": 2, ""token_count"": 2, ""share_per_token"": 40, ""budget"": 81}"
2025-10-06T23:22:39,COMMANDER,DEBUG,Przydział żetonowi,"{""commander_id"": 2, ""token_id"": ""Z_Pluton__2_PL_Z_Pluton"", ""allocated_pe"": 40, ""token_position_q"": 9, ""token_position_r"": -4}"
2025-10-06T23:22:39,COMMANDER,INFO,Podsumowanie żetonu,"{""commander_id"": 2, ""token_id"": ""Z_Pluton__2_PL_Z_Pluton"", ""allocated_pe"": 40, ""spent_pe"": 0, ""refunded_pe"": 40}"
2025-10-06T23:22:39,COMMANDER,DEBUG,Przydział żetonowi,"{""commander_id"": 2, ""token_id"": ""K_Pluton__2_PL_K_Pluton"", ""allocated_pe"": 40, ""token_position_q"": 28, ""token_position_r"": 3}"
2025-10-06T23:22:39,COMMANDER,INFO,Podsumowanie żetonu,"{""commander_id"": 2, ""token_id"": ""K_Pluton__2_PL_K_Pluton"", ""allocated_pe"": 40, ""spent_pe"": 2, ""refunded_pe"": 38}"
2025-10-06T23:22:39,COMMANDER,INFO,Zbiorcze podsumowanie tury,"{""commander_id"": 2, ""allocated_total"": 80, ""spent_total"": 2, ""refunded_total"": 78, ""unassigned_total"": 1}"
2025-10-06T23:22:39,COMMANDER,INFO,Koniec tury komendanta,"{""commander_id"": 2, ""spent"": 2, ""remaining"": 79, ""token_share"": 40, ""tokens"": 2}"
2025-10-06T23:22:39,COMMANDER,INFO,Start tury komendanta,"{""commander_id"": 3, ""nation"": ""Polska"", ""tokens"": 1, ""budget"": 75}"
2025-10-06T23:22:39,COMMANDER,DEBUG,Plan przydziału PE,"{""commander_id"": 3, ""token_count"": 1, ""share_per_token"": 75, ""budget"": 75}"
2025-10-06T23:22:39,COMMANDER,DEBUG,Przydział żetonowi,"{""commander_id"": 3, ""token_id"": ""Z_Pluton__3_PL_Z_Pluton"", ""allocated_pe"": 75, ""token_position_q"": 13, ""token_position_r"": 20}"
2025-10-06T23:22:39,COMMANDER,INFO,Podsumowanie żetonu,"{""commander_id"": 3, ""token_id"": ""Z_Pluton__3_PL_Z_Pluton"", ""allocated_pe"": 75, ""spent_pe"": 4, ""refunded_pe"": 71}"
2025-10-06T23:22:39,COMMANDER,INFO,Zbiorcze podsumowanie tury,"{""commander_id"": 3, ""allocated_total"": 75, ""spent_total"": 4, ""refunded_total"": 71, ""unassigned_total"": 0}"
2025-10-06T23:22:39,COMMANDER,INFO,Koniec tury komendanta,"{""commander_id"": 3, ""spent"": 4, ""remaining"": 71, ""token_share"": 75, ""tokens"": 1}"
2025-10-06T23:22:44,COMMANDER,INFO,Start tury komendanta,"{""commander_id"": 5, ""nation"": ""Niemcy"", ""tokens"": 2, ""budget"": 1}"
2025-10-06T23:22:44,COMMANDER,DEBUG,Plan przydziału PE,"{""commander_id"": 5, ""token_count"": 2, ""share_per_token"": 0, ""budget"": 1}"
2025-10-06T23:22:44,COMMANDER,DEBUG,Przydział żetonowi,"{""commander_id"": 5, ""token_id"": ""K_Pluton__5_N_K_Pluton"", ""allocated_pe"": 0, ""token_position_q"": 46, ""token_position_r"": -7}"
2025-10-06T23:22:44,COMMANDER,INFO,Podsumowanie żetonu,"{""commander_id"": 5, ""token_id"": ""K_Pluton__5_N_K_Pluton"", ""allocated_pe"": 0, ""spent_pe"": 0, ""refunded_pe"": 0}"
2025-10-06T23:22:44,COMMANDER,DEBUG,Przydział żetonowi,"{""commander_id"": 5, ""token_id"": ""Z_Pluton__5_N_Z_Pluton"", ""allocated_pe"": 0, ""token_position_q"": 43, ""token_position_r"": -15}"
2025-10-06T23:22:44,COMMANDER,INFO,Podsumowanie żetonu,"{""commander_id"": 5, ""token_id"": ""Z_Pluton__5_N_Z_Pluton"", ""allocated_pe"": 0, ""spent_pe"": 0, ""refunded_pe"": 0}"
2025-10-06T23:22:44,COMMANDER,INFO,Zbiorcze podsumowanie tury,"{""commander_id"": 5, ""allocated_total"": 0, ""spent_total"": 0, ""refunded_total"": 0, ""unassigned_total"": 1}"
2025-10-06T23:22:44,COMMANDER,INFO,Koniec tury komendanta,"{""commander_id"": 5, ""spent"": 0, ""remaining"": 1, ""token_share"": 0, ""tokens"": 2}"
2025-10-06T23:22:44,COMMANDER,INFO,Start tury komendanta,"{""commander_id"": 6, ""nation"": ""Niemcy"", ""tokens"": 1, ""budget"": 48}"
2025-10-06T23:22:44,COMMANDER,DEBUG,Plan przydziału PE,"{""commander_id"": 6, ""token_count"": 1, ""share_per_token"": 48, ""budget"": 48}"
2025-10-06T23:22:44,COMMANDER,DEBUG,Przydział żetonowi,"{""commander_id"": 6, ""token_id"": ""Z_Pluton__6_N_Z_Pluton"", ""allocated_pe"": 48, ""token_position_q"": 32, ""token_position_r"": 6}"
2025-10-06T23:22:44,COMMANDER,INFO,Podsumowanie żetonu,"{""commander_id"": 6, ""token_id"": ""Z_Pluton__6_N_Z_Pluton"", ""allocated_pe"": 48, ""spent_pe"": 0, ""refunded_pe"": 48}"
2025-10-06T23:22:44,COMMANDER,INFO,Zbiorcze podsumowanie tury,"{""commander_id"": 6, ""allocated_total"": 48, ""spent_total"": 0, ""refunded_total"": 48, ""unassigned_total"": 0}"
2025-10-06T23:22:44,COMMANDER,INFO,Koniec tury komendanta,"{""commander_id"": 6, ""spent"": 0, ""remaining"": 48, ""token_share"": 48, ""tokens"": 1}"
2025-10-06T23:22:52,COMMANDER,INFO,Start tury komendanta,"{""commander_id"": 2, ""nation"": ""Polska"", ""tokens"": 2, ""budget"": 79}"
2025-10-06T23:22:52,COMMANDER,DEBUG,Plan przydziału PE,"{""commander_id"": 2, ""token_count"": 2, ""share_per_token"": 39, ""budget"": 79}"
2025-10-06T23:22:52,COMMANDER,DEBUG,Przydział żetonowi,"{""commander_id"": 2, ""token_id"": ""Z_Pluton__2_PL_Z_Pluton"", ""allocated_pe"": 39, ""token_position_q"": 9, ""token_position_r"": -4}"
2025-10-06T23:22:52,COMMANDER,INFO,Podsumowanie żetonu,"{""commander_id"": 2, ""token_id"": ""Z_Pluton__2_PL_Z_Pluton"", ""allocated_pe"": 39, ""spent_pe"": 0, ""refunded_pe"": 39}"
2025-10-06T23:22:52,COMMANDER,DEBUG,Przydział żetonowi,"{""commander_id"": 2, ""token_id"": ""K_Pluton__2_PL_K_Pluton"", ""allocated_pe"": 39, ""token_position_q"": 27, ""token_position_r"": 4}"
2025-10-06T23:22:52,COMMANDER,INFO,Podsumowanie żetonu,"{""commander_id"": 2, ""token_id"": ""K_Pluton__2_PL_K_Pluton"", ""allocated_pe"": 39, ""spent_pe"": 2, ""refunded_pe"": 37}"
2025-10-06T23:22:52,COMMANDER,INFO,Zbiorcze podsumowanie tury,"{""commander_id"": 2, ""allocated_total"": 78, ""spent_total"": 2, ""refunded_total"": 76, ""unassigned_total"": 1}"
2025-10-06T23:22:52,COMMANDER,INFO,Koniec tury komendanta,"{""commander_id"": 2, ""spent"": 2, ""remaining"": 77, ""token_share"": 39, ""tokens"": 2}"
2025-10-06T23:22:52,COMMANDER,INFO,Start tury komendanta,"{""commander_id"": 3, ""nation"": ""Polska"", ""tokens"": 1, ""budget"": 71}"
2025-10-06T23:22:52,COMMANDER,DEBUG,Plan przydziału PE,"{""commander_id"": 3, ""token_count"": 1, ""share_per_token"": 71, ""budget"": 71}"
2025-10-06T23:22:52,COMMANDER,DEBUG,Przydział żetonowi,"{""commander_id"": 3, ""token_id"": ""Z_Pluton__3_PL_Z_Pluton"", ""allocated_pe"": 71, ""token_position_q"": 9, ""token_position_r"": 22}"
2025-10-06T23:22:52,COMMANDER,INFO,Podsumowanie żetonu,"{""commander_id"": 3, ""token_id"": ""Z_Pluton__3_PL_Z_Pluton"", ""allocated_pe"": 71, ""spent_pe"": 4, ""refunded_pe"": 67}"
2025-10-06T23:22:52,COMMANDER,INFO,Zbiorcze podsumowanie tury,"{""commander_id"": 3, ""allocated_total"": 71, ""spent_total"": 4, ""refunded_total"": 67, ""unassigned_total"": 0}"
2025-10-06T23:22:52,COMMANDER,INFO,Koniec tury komendanta,"{""commander_id"": 3, ""spent"": 4, ""remaining"": 67, ""token_share"": 71, ""tokens"": 1}"
2025-10-06T23:23:01,COMMANDER,INFO,Start tury komendanta,"{""commander_id"": 5, ""nation"": ""Niemcy"", ""tokens"": 2, ""budget"": 1}"
2025-10-06T23:23:01,COMMANDER,DEBUG,Plan przydziału PE,"{""commander_id"": 5, ""token_count"": 2, ""share_per_token"": 0, ""budget"": 1}"
2025-10-06T23:23:01,COMMANDER,DEBUG,Przydział żetonowi,"{""commander_id"": 5, ""token_id"": ""K_Pluton__5_N_K_Pluton"", ""allocated_pe"": 0, ""token_position_q"": 46, ""token_position_r"": -6}"
2025-10-06T23:23:01,COMMANDER,INFO,Podsumowanie żetonu,"{""commander_id"": 5, ""token_id"": ""K_Pluton__5_N_K_Pluton"", ""allocated_pe"": 0, ""spent_pe"": 0, ""refunded_pe"": 0}"
2025-10-06T23:23:01,COMMANDER,DEBUG,Przydział żetonowi,"{""commander_id"": 5, ""token_id"": ""Z_Pluton__5_N_Z_Pluton"", ""allocated_pe"": 0, ""token_position_q"": 43, ""token_position_r"": -15}"
2025-10-06T23:23:01,COMMANDER,INFO,Podsumowanie żetonu,"{""commander_id"": 5, ""token_id"": ""Z_Pluton__5_N_Z_Pluton"", ""allocated_pe"": 0, ""spent_pe"": 0, ""refunded_pe"": 0}"
2025-10-06T23:23:01,COMMANDER,INFO,Zbiorcze podsumowanie tury,"{""commander_id"": 5, ""allocated_total"": 0, ""spent_total"": 0, ""refunded_total"": 0, ""unassigned_total"": 1}"
2025-10-06T23:23:01,COMMANDER,INFO,Koniec tury komendanta,"{""commander_id"": 5, ""spent"": 0, ""remaining"": 1, ""token_share"": 0, ""tokens"": 2}"
2025-10-06T23:23:01,COMMANDER,INFO,Start tury komendanta,"{""commander_id"": 6, ""nation"": ""Niemcy"", ""tokens"": 1, ""budget"": 48}"
2025-10-06T23:23:01,COMMANDER,DEBUG,Plan przydziału PE,"{""commander_id"": 6, ""token_count"": 1, ""share_per_token"": 48, ""budget"": 48}"
2025-10-06T23:23:01,COMMANDER,DEBUG,Przydział żetonowi,"{""commander_id"": 6, ""token_id"": ""Z_Pluton__6_N_Z_Pluton"", ""allocated_pe"": 48, ""token_position_q"": 32, ""token_position_r"": 6}"
2025-10-06T23:23:01,COMMANDER,INFO,Podsumowanie żetonu,"{""commander_id"": 6, ""token_id"": ""Z_Pluton__6_N_Z_Pluton"", ""allocated_pe"": 48, ""spent_pe"": 4, ""refunded_pe"": 44}"
2025-10-06T23:23:01,COMMANDER,INFO,Zbiorcze podsumowanie tury,"{""commander_id"": 6, ""allocated_total"": 48, ""spent_total"": 4, ""refunded_total"": 44, ""unassigned_total"": 0}"
2025-10-06T23:23:01,COMMANDER,INFO,Koniec tury komendanta,"{""commander_id"": 6, ""spent"": 4, ""remaining"": 44, ""token_share"": 48, ""tokens"": 1}"
2025-10-06T23:23:06,COMMANDER,INFO,Start tury komendanta,"{""commander_id"": 2, ""nation"": ""Polska"", ""tokens"": 2, ""budget"": 77}"
2025-10-06T23:23:06,COMMANDER,DEBUG,Plan przydziału PE,"{""commander_id"": 2, ""token_count"": 2, ""share_per_token"": 38, ""budget"": 77}"
2025-10-06T23:23:06,COMMANDER,DEBUG,Przydział żetonowi,"{""commander_id"": 2, ""token_id"": ""Z_Pluton__2_PL_Z_Pluton"", ""allocated_pe"": 38, ""token_position_q"": 9, ""token_position_r"": -4}"
2025-10-06T23:23:06,COMMANDER,INFO,Podsumowanie żetonu,"{""commander_id"": 2, ""token_id"": ""Z_Pluton__2_PL_Z_Pluton"", ""allocated_pe"": 38, ""spent_pe"": 0, ""refunded_pe"": 38}"
2025-10-06T23:23:06,COMMANDER,DEBUG,Przydział żetonowi,"{""commander_id"": 2, ""token_id"": ""K_Pluton__2_PL_K_Pluton"", ""allocated_pe"": 38, ""token_position_q"": 28, ""token_position_r"": 3}"
2025-10-06T23:23:06,COMMANDER,INFO,Podsumowanie żetonu,"{""commander_id"": 2, ""token_id"": ""K_Pluton__2_PL_K_Pluton"", ""allocated_pe"": 38, ""spent_pe"": 2, ""refunded_pe"": 36}"
2025-10-06T23:23:06,COMMANDER,INFO,Zbiorcze podsumowanie tury,"{""commander_id"": 2, ""allocated_total"": 76, ""spent_total"": 2, ""refunded_total"": 74, ""unassigned_total"": 1}"
2025-10-06T23:23:06,COMMANDER,INFO,Koniec tury komendanta,"{""commander_id"": 2, ""spent"": 2, ""remaining"": 75, ""token_share"": 38, ""tokens"": 2}"
2025-10-06T23:23:06,COMMANDER,INFO,Start tury komendanta,"{""commander_id"": 3, ""nation"": ""Polska"", ""tokens"": 1, ""budget"": 67}"
2025-10-06T23:23:06,COMMANDER,DEBUG,Plan przydziału PE,"{""commander_id"": 3, ""token_count"": 1, ""share_per_token"": 67, ""budget"": 67}"
2025-10-06T23:23:06,COMMANDER,DEBUG,Przydział żetonowi,"{""commander_id"": 3, ""token_id"": ""Z_Pluton__3_PL_Z_Pluton"", ""allocated_pe"": 67, ""token_position_q"": 7, ""token_position_r"": 23}"
2025-10-06T23:23:06,COMMANDER,INFO,Podsumowanie żetonu,"{""commander_id"": 3, ""token_id"": ""Z_Pluton__3_PL_Z_Pluton"", ""allocated_pe"": 67, ""spent_pe"": 4, ""refunded_pe"": 63}"
2025-10-06T23:23:06,COMMANDER,INFO,Zbiorcze podsumowanie tury,"{""commander_id"": 3, ""allocated_total"": 67, ""spent_total"": 4, ""refunded_total"": 63, ""unassigned_total"": 0}"
2025-10-06T23:23:06,COMMANDER,INFO,Koniec tury komendanta,"{""commander_id"": 3, ""spent"": 4, ""remaining"": 63, ""token_share"": 67, ""tokens"": 1}"
2025-10-06T23:23:16,COMMANDER,INFO,Start tury komendanta,"{""commander_id"": 5, ""nation"": ""Niemcy"", ""tokens"": 2, ""budget"": 1}"
2025-10-06T23:23:16,COMMANDER,DEBUG,Plan przydziału PE,"{""commander_id"": 5, ""token_count"": 2, ""share_per_token"": 0, ""budget"": 1}"
2025-10-06T23:23:16,COMMANDER,DEBUG,Przydział żetonowi,"{""commander_id"": 5, ""token_id"": ""K_Pluton__5_N_K_Pluton"", ""allocated_pe"": 0, ""token_position_q"": 46, ""token_position_r"": -6}"
2025-10-06T23:23:16,COMMANDER,INFO,Podsumowanie żetonu,"{""commander_id"": 5, ""token_id"": ""K_Pluton__5_N_K_Pluton"", ""allocated_pe"": 0, ""spent_pe"": 0, ""refunded_pe"": 0}"
2025-10-06T23:23:16,COMMANDER,DEBUG,Przydział żetonowi,"{""commander_id"": 5, ""token_id"": ""Z_Pluton__5_N_Z_Pluton"", ""allocated_pe"": 0, ""token_position_q"": 43, ""token_position_r"": -15}"
2025-10-06T23:23:16,COMMANDER,INFO,Podsumowanie żetonu,"{""commander_id"": 5, ""token_id"": ""Z_Pluton__5_N_Z_Pluton"", ""allocated_pe"": 0, ""spent_pe"": 0, ""refunded_pe"": 0}"
2025-10-06T23:23:16,COMMANDER,INFO,Zbiorcze podsumowanie tury,"{""commander_id"": 5, ""allocated_total"": 0, ""spent_total"": 0, ""refunded_total"": 0, ""unassigned_total"": 1}"
2025-10-06T23:23:16,COMMANDER,INFO,Koniec tury komendanta,"{""commander_id"": 5, ""spent"": 0, ""remaining"": 1, ""token_share"": 0, ""tokens"": 2}"
2025-10-06T23:23:16,COMMANDER,INFO,Start tury komendanta,"{""commander_id"": 6, ""nation"": ""Niemcy"", ""tokens"": 1, ""budget"": 44}"
2025-10-06T23:23:16,COMMANDER,DEBUG,Plan przydziału PE,"{""commander_id"": 6, ""token_count"": 1, ""share_per_token"": 44, ""budget"": 44}"
2025-10-06T23:23:16,COMMANDER,DEBUG,Przydział żetonowi,"{""commander_id"": 6, ""token_id"": ""Z_Pluton__6_N_Z_Pluton"", ""allocated_pe"": 44, ""token_position_q"": 34, ""token_position_r"": 8}"
2025-10-06T23:23:16,COMMANDER,INFO,Podsumowanie żetonu,"{""commander_id"": 6, ""token_id"": ""Z_Pluton__6_N_Z_Pluton"", ""allocated_pe"": 44, ""spent_pe"": 4, ""refunded_pe"": 40}"
2025-10-06T23:23:16,COMMANDER,INFO,Zbiorcze podsumowanie tury,"{""commander_id"": 6, ""allocated_total"": 44, ""spent_total"": 4, ""refunded_total"": 40, ""unassigned_total"": 0}"
2025-10-06T23:23:16,COMMANDER,INFO,Koniec tury komendanta,"{""commander_id"": 6, ""spent"": 4, ""remaining"": 40, ""token_share"": 44, ""tokens"": 1}"
2025-10-06T23:23:22,COMMANDER,INFO,Start tury komendanta,"{""commander_id"": 2, ""nation"": ""Polska"", ""tokens"": 2, ""budget"": 75}"
2025-10-06T23:23:22,COMMANDER,DEBUG,Plan przydziału PE,"{""commander_id"": 2, ""token_count"": 2, ""share_per_token"": 37, ""budget"": 75}"
2025-10-06T23:23:22,COMMANDER,DEBUG,Przydział żetonowi,"{""commander_id"": 2, ""token_id"": ""Z_Pluton__2_PL_Z_Pluton"", ""allocated_pe"": 37, ""token_position_q"": 9, ""token_position_r"": -4}"
2025-10-06T23:23:22,COMMANDER,INFO,Podsumowanie żetonu,"{""commander_id"": 2, ""token_id"": ""Z_Pluton__2_PL_Z_Pluton"", ""allocated_pe"": 37, ""spent_pe"": 0, ""refunded_pe"": 37}"
2025-10-06T23:23:22,COMMANDER,DEBUG,Przydział żetonowi,"{""commander_id"": 2, ""token_id"": ""K_Pluton__2_PL_K_Pluton"", ""allocated_pe"": 37, ""token_position_q"": 27, ""token_position_r"": 4}"
2025-10-06T23:23:23,COMMANDER,INFO,Podsumowanie żetonu,"{""commander_id"": 2, ""token_id"": ""K_Pluton__2_PL_K_Pluton"", ""allocated_pe"": 37, ""spent_pe"": 2, ""refunded_pe"": 35}"
2025-10-06T23:23:23,COMMANDER,INFO,Zbiorcze podsumowanie tury,"{""commander_id"": 2, ""allocated_total"": 74, ""spent_total"": 2, ""refunded_total"": 72, ""unassigned_total"": 1}"
2025-10-06T23:23:23,COMMANDER,INFO,Koniec tury komendanta,"{""commander_id"": 2, ""spent"": 2, ""remaining"": 73, ""token_share"": 37, ""tokens"": 2}"
2025-10-06T23:23:23,COMMANDER,INFO,Start tury komendanta,"{""commander_id"": 3, ""nation"": ""Polska"", ""tokens"": 1, ""budget"": 63}"
2025-10-06T23:23:23,COMMANDER,DEBUG,Plan przydziału PE,"{""commander_id"": 3, ""token_count"": 1, ""share_per_token"": 63, ""budget"": 63}"
2025-10-06T23:23:23,COMMANDER,DEBUG,Przydział żetonowi,"{""commander_id"": 3, ""token_id"": ""Z_Pluton__3_PL_Z_Pluton"", ""allocated_pe"": 63, ""token_position_q"": 6, ""token_position_r"": 26}"
2025-10-06T23:23:23,COMMANDER,INFO,Podsumowanie żetonu,"{""commander_id"": 3, ""token_id"": ""Z_Pluton__3_PL_Z_Pluton"", ""allocated_pe"": 63, ""spent_pe"": 0, ""refunded_pe"": 63}"
2025-10-06T23:23:23,COMMANDER,INFO,Zbiorcze podsumowanie tury,"{""commander_id"": 3, ""allocated_total"": 63, ""spent_total"": 0, ""refunded_total"": 63, ""unassigned_total"": 0}"
2025-10-06T23:23:23,COMMANDER,INFO,Koniec tury komendanta,"{""commander_id"": 3, ""spent"": 0, ""remaining"": 63, ""token_share"": 63, ""tokens"": 1}"
2025-10-06T23:23:33,COMMANDER,INFO,Start tury komendanta,"{""commander_id"": 5, ""nation"": ""Niemcy"", ""tokens"": 2, ""budget"": 1}"
2025-10-06T23:23:33,COMMANDER,DEBUG,Plan przydziału PE,"{""commander_id"": 5, ""token_count"": 2, ""share_per_token"": 0, ""budget"": 1}"
2025-10-06T23:23:33,COMMANDER,DEBUG,Przydział żetonowi,"{""commander_id"": 5, ""token_id"": ""K_Pluton__5_N_K_Pluton"", ""allocated_pe"": 0, ""token_position_q"": 46, ""token_position_r"": -6}"
2025-10-06T23:23:33,COMMANDER,INFO,Podsumowanie żetonu,"{""commander_id"": 5, ""token_id"": ""K_Pluton__5_N_K_Pluton"", ""allocated_pe"": 0, ""spent_pe"": 0, ""refunded_pe"": 0}"
2025-10-06T23:23:33,COMMANDER,DEBUG,Przydział żetonowi,"{""commander_id"": 5, ""token_id"": ""Z_Pluton__5_N_Z_Pluton"", ""allocated_pe"": 0, ""token_position_q"": 43, ""token_position_r"": -15}"
2025-10-06T23:23:33,COMMANDER,INFO,Podsumowanie żetonu,"{""commander_id"": 5, ""token_id"": ""Z_Pluton__5_N_Z_Pluton"", ""allocated_pe"": 0, ""spent_pe"": 0, ""refunded_pe"": 0}"
2025-10-06T23:23:33,COMMANDER,INFO,Zbiorcze podsumowanie tury,"{""commander_id"": 5, ""allocated_total"": 0, ""spent_total"": 0, ""refunded_total"": 0, ""unassigned_total"": 1}"
2025-10-06T23:23:33,COMMANDER,INFO,Koniec tury komendanta,"{""commander_id"": 5, ""spent"": 0, ""remaining"": 1, ""token_share"": 0, ""tokens"": 2}"
2025-10-06T23:23:33,COMMANDER,INFO,Start tury komendanta,"{""commander_id"": 6, ""nation"": ""Niemcy"", ""tokens"": 1, ""budget"": 40}"
2025-10-06T23:23:33,COMMANDER,DEBUG,Plan przydziału PE,"{""commander_id"": 6, ""token_count"": 1, ""share_per_token"": 40, ""budget"": 40}"
2025-10-06T23:23:33,COMMANDER,DEBUG,Przydział żetonowi,"{""commander_id"": 6, ""token_id"": ""Z_Pluton__6_N_Z_Pluton"", ""allocated_pe"": 40, ""token_position_q"": 33, ""token_position_r"": 12}"
2025-10-06T23:23:33,COMMANDER,INFO,Podsumowanie żetonu,"{""commander_id"": 6, ""token_id"": ""Z_Pluton__6_N_Z_Pluton"", ""allocated_pe"": 40, ""spent_pe"": 2, ""refunded_pe"": 38}"
2025-10-06T23:23:33,COMMANDER,INFO,Zbiorcze podsumowanie tury,"{""commander_id"": 6, ""allocated_total"": 40, ""spent_total"": 2, ""refunded_total"": 38, ""unassigned_total"": 0}"
2025-10-06T23:23:33,COMMANDER,INFO,Koniec tury komendanta,"{""commander_id"": 6, ""spent"": 2, ""remaining"": 38, ""token_share"": 40, ""tokens"": 1}"
2025-10-06T23:23:39,COMMANDER,INFO,Start tury komendanta,"{""commander_id"": 2, ""nation"": ""Polska"", ""tokens"": 2, ""budget"": 73}"
2025-10-06T23:23:39,COMMANDER,DEBUG,Plan przydziału PE,"{""commander_id"": 2, ""token_count"": 2, ""share_per_token"": 36, ""budget"": 73}"
2025-10-06T23:23:39,COMMANDER,DEBUG,Przydział żetonowi,"{""commander_id"": 2, ""token_id"": ""Z_Pluton__2_PL_Z_Pluton"", ""allocated_pe"": 36, ""token_position_q"": 9, ""token_position_r"": -4}"
2025-10-06T23:23:39,COMMANDER,INFO,Podsumowanie żetonu,"{""commander_id"": 2, ""token_id"": ""Z_Pluton__2_PL_Z_Pluton"", ""allocated_pe"": 36, ""spent_pe"": 0, ""refunded_pe"": 36}"
2025-10-06T23:23:39,COMMANDER,DEBUG,Przydział żetonowi,"{""commander_id"": 2, ""token_id"": ""K_Pluton__2_PL_K_Pluton"", ""allocated_pe"": 36, ""token_position_q"": 28, ""token_position_r"": 3}"
2025-10-06T23:23:39,COMMANDER,INFO,Podsumowanie żetonu,"{""commander_id"": 2, ""token_id"": ""K_Pluton__2_PL_K_Pluton"", ""allocated_pe"": 36, ""spent_pe"": 2, ""refunded_pe"": 34}"
2025-10-06T23:23:39,COMMANDER,INFO,Zbiorcze podsumowanie tury,"{""commander_id"": 2, ""allocated_total"": 72, ""spent_total"": 2, ""refunded_total"": 70, ""unassigned_total"": 1}"
2025-10-06T23:23:39,COMMANDER,INFO,Koniec tury komendanta,"{""commander_id"": 2, ""spent"": 2, ""remaining"": 71, ""token_share"": 36, ""tokens"": 2}"
2025-10-06T23:23:39,COMMANDER,INFO,Start tury komendanta,"{""commander_id"": 3, ""nation"": ""Polska"", ""tokens"": 1, ""budget"": 63}"
2025-10-06T23:23:39,COMMANDER,DEBUG,Plan przydziału PE,"{""commander_id"": 3, ""token_count"": 1, ""share_per_token"": 63, ""budget"": 63}"
2025-10-06T23:23:39,COMMANDER,DEBUG,Przydział żetonowi,"{""commander_id"": 3, ""token_id"": ""Z_Pluton__3_PL_Z_Pluton"", ""allocated_pe"": 63, ""token_position_q"": 6, ""token_position_r"": 26}"
2025-10-06T23:23:39,COMMANDER,INFO,Podsumowanie żetonu,"{""commander_id"": 3, ""token_id"": ""Z_Pluton__3_PL_Z_Pluton"", ""allocated_pe"": 63, ""spent_pe"": 0, ""refunded_pe"": 63}"
2025-10-06T23:23:39,COMMANDER,INFO,Zbiorcze podsumowanie tury,"{""commander_id"": 3, ""allocated_total"": 63, ""spent_total"": 0, ""refunded_total"": 63, ""unassigned_total"": 0}"
2025-10-06T23:23:39,COMMANDER,INFO,Koniec tury komendanta,"{""commander_id"": 3, ""spent"": 0, ""remaining"": 63, ""token_share"": 63, ""tokens"": 1}"
2025-10-06T23:23:43,COMMANDER,INFO,Start tury komendanta,"{""commander_id"": 5, ""nation"": ""Niemcy"", ""tokens"": 2, ""budget"": 1}"
2025-10-06T23:23:43,COMMANDER,DEBUG,Plan przydziału PE,"{""commander_id"": 5, ""token_count"": 2, ""share_per_token"": 0, ""budget"": 1}"
2025-10-06T23:23:43,COMMANDER,DEBUG,Przydział żetonowi,"{""commander_id"": 5, ""token_id"": ""K_Pluton__5_N_K_Pluton"", ""allocated_pe"": 0, ""token_position_q"": 46, ""token_position_r"": -6}"
2025-10-06T23:23:43,COMMANDER,INFO,Podsumowanie żetonu,"{""commander_id"": 5, ""token_id"": ""K_Pluton__5_N_K_Pluton"", ""allocated_pe"": 0, ""spent_pe"": 0, ""refunded_pe"": 0}"
2025-10-06T23:23:43,COMMANDER,DEBUG,Przydział żetonowi,"{""commander_id"": 5, ""token_id"": ""Z_Pluton__5_N_Z_Pluton"", ""allocated_pe"": 0, ""token_position_q"": 43, ""token_position_r"": -15}"
2025-10-06T23:23:43,COMMANDER,INFO,Podsumowanie żetonu,"{""commander_id"": 5, ""token_id"": ""Z_Pluton__5_N_Z_Pluton"", ""allocated_pe"": 0, ""spent_pe"": 0, ""refunded_pe"": 0}"
2025-10-06T23:23:43,COMMANDER,INFO,Zbiorcze podsumowanie tury,"{""commander_id"": 5, ""allocated_total"": 0, ""spent_total"": 0, ""refunded_total"": 0, ""unassigned_total"": 1}"
2025-10-06T23:23:43,COMMANDER,INFO,Koniec tury komendanta,"{""commander_id"": 5, ""spent"": 0, ""remaining"": 1, ""token_share"": 0, ""tokens"": 2}"
2025-10-06T23:23:43,COMMANDER,INFO,Start tury komendanta,"{""commander_id"": 6, ""nation"": ""Niemcy"", ""tokens"": 1, ""budget"": 38}"
2025-10-06T23:23:43,COMMANDER,DEBUG,Plan przydziału PE,"{""commander_id"": 6, ""token_count"": 1, ""share_per_token"": 38, ""budget"": 38}"
2025-10-06T23:23:43,COMMANDER,DEBUG,Przydział żetonowi,"{""commander_id"": 6, ""token_id"": ""Z_Pluton__6_N_Z_Pluton"", ""allocated_pe"": 38, ""token_position_q"": 34, ""token_position_r"": 11}"
2025-10-06T23:23:43,COMMANDER,INFO,Podsumowanie żetonu,"{""commander_id"": 6, ""token_id"": ""Z_Pluton__6_N_Z_Pluton"", ""allocated_pe"": 38, ""spent_pe"": 0, ""refunded_pe"": 38}"
2025-10-06T23:23:43,COMMANDER,INFO,Zbiorcze podsumowanie tury,"{""commander_id"": 6, ""allocated_total"": 38, ""spent_total"": 0, ""refunded_total"": 38, ""unassigned_total"": 0}"
2025-10-06T23:23:43,COMMANDER,INFO,Koniec tury komendanta,"{""commander_id"": 6, ""spent"": 0, ""remaining"": 38, ""token_share"": 38, ""tokens"": 1}"
2025-10-06T23:23:46,COMMANDER,INFO,Start tury komendanta,"{""commander_id"": 2, ""nation"": ""Polska"", ""tokens"": 2, ""budget"": 71}"
2025-10-06T23:23:46,COMMANDER,DEBUG,Plan przydziału PE,"{""commander_id"": 2, ""token_count"": 2, ""share_per_token"": 35, ""budget"": 71}"
2025-10-06T23:23:46,COMMANDER,DEBUG,Przydział żetonowi,"{""commander_id"": 2, ""token_id"": ""Z_Pluton__2_PL_Z_Pluton"", ""allocated_pe"": 35, ""token_position_q"": 9, ""token_position_r"": -4}"
2025-10-06T23:23:46,COMMANDER,INFO,Podsumowanie żetonu,"{""commander_id"": 2, ""token_id"": ""Z_Pluton__2_PL_Z_Pluton"", ""allocated_pe"": 35, ""spent_pe"": 0, ""refunded_pe"": 35}"
2025-10-06T23:23:46,COMMANDER,DEBUG,Przydział żetonowi,"{""commander_id"": 2, ""token_id"": ""K_Pluton__2_PL_K_Pluton"", ""allocated_pe"": 35, ""token_position_q"": 27, ""token_position_r"": 4}"
2025-10-06T23:23:46,COMMANDER,INFO,Podsumowanie żetonu,"{""commander_id"": 2, ""token_id"": ""K_Pluton__2_PL_K_Pluton"", ""allocated_pe"": 35, ""spent_pe"": 2, ""refunded_pe"": 33}"
2025-10-06T23:23:46,COMMANDER,INFO,Zbiorcze podsumowanie tury,"{""commander_id"": 2, ""allocated_total"": 70, ""spent_total"": 2, ""refunded_total"": 68, ""unassigned_total"": 1}"
2025-10-06T23:23:46,COMMANDER,INFO,Koniec tury komendanta,"{""commander_id"": 2, ""spent"": 2, ""remaining"": 69, ""token_share"": 35, ""tokens"": 2}"
2025-10-06T23:23:47,COMMANDER,INFO,Start tury komendanta,"{""commander_id"": 3, ""nation"": ""Polska"", ""tokens"": 1, ""budget"": 63}"
2025-10-06T23:23:47,COMMANDER,DEBUG,Plan przydziału PE,"{""commander_id"": 3, ""token_count"": 1, ""share_per_token"": 63, ""budget"": 63}"
2025-10-06T23:23:47,COMMANDER,DEBUG,Przydział żetonowi,"{""commander_id"": 3, ""token_id"": ""Z_Pluton__3_PL_Z_Pluton"", ""allocated_pe"": 63, ""token_position_q"": 6, ""token_position_r"": 26}"
2025-10-06T23:23:47,COMMANDER,INFO,Podsumowanie żetonu,"{""commander_id"": 3, ""token_id"": ""Z_Pluton__3_PL_Z_Pluton"", ""allocated_pe"": 63, ""spent_pe"": 0, ""refunded_pe"": 63}"
2025-10-06T23:23:47,COMMANDER,INFO,Zbiorcze podsumowanie tury,"{""commander_id"": 3, ""allocated_total"": 63, ""spent_total"": 0, ""refunded_total"": 63, ""unassigned_total"": 0}"
2025-10-06T23:23:47,COMMANDER,INFO,Koniec tury komendanta,"{""commander_id"": 3, ""spent"": 0, ""remaining"": 63, ""token_share"": 63, ""tokens"": 1}"
2025-10-06T23:23:48,COMMANDER,INFO,Start tury komendanta,"{""commander_id"": 5, ""nation"": ""Niemcy"", ""tokens"": 2, ""budget"": 1}"
2025-10-06T23:23:48,COMMANDER,DEBUG,Plan przydziału PE,"{""commander_id"": 5, ""token_count"": 2, ""share_per_token"": 0, ""budget"": 1}"
2025-10-06T23:23:48,COMMANDER,DEBUG,Przydział żetonowi,"{""commander_id"": 5, ""token_id"": ""K_Pluton__5_N_K_Pluton"", ""allocated_pe"": 0, ""token_position_q"": 46, ""token_position_r"": -6}"
2025-10-06T23:23:48,COMMANDER,INFO,Podsumowanie żetonu,"{""commander_id"": 5, ""token_id"": ""K_Pluton__5_N_K_Pluton"", ""allocated_pe"": 0, ""spent_pe"": 0, ""refunded_pe"": 0}"
2025-10-06T23:23:48,COMMANDER,DEBUG,Przydział żetonowi,"{""commander_id"": 5, ""token_id"": ""Z_Pluton__5_N_Z_Pluton"", ""allocated_pe"": 0, ""token_position_q"": 43, ""token_position_r"": -15}"
2025-10-06T23:23:48,COMMANDER,INFO,Podsumowanie żetonu,"{""commander_id"": 5, ""token_id"": ""Z_Pluton__5_N_Z_Pluton"", ""allocated_pe"": 0, ""spent_pe"": 0, ""refunded_pe"": 0}"
2025-10-06T23:23:48,COMMANDER,INFO,Zbiorcze podsumowanie tury,"{""commander_id"": 5, ""allocated_total"": 0, ""spent_total"": 0, ""refunded_total"": 0, ""unassigned_total"": 1}"
2025-10-06T23:23:48,COMMANDER,INFO,Koniec tury komendanta,"{""commander_id"": 5, ""spent"": 0, ""remaining"": 1, ""token_share"": 0, ""tokens"": 2}"
2025-10-06T23:23:48,COMMANDER,INFO,Start tury komendanta,"{""commander_id"": 6, ""nation"": ""Niemcy"", ""tokens"": 1, ""budget"": 38}"
2025-10-06T23:23:48,COMMANDER,DEBUG,Plan przydziału PE,"{""commander_id"": 6, ""token_count"": 1, ""share_per_token"": 38, ""budget"": 38}"
2025-10-06T23:23:48,COMMANDER,DEBUG,Przydział żetonowi,"{""commander_id"": 6, ""token_id"": ""Z_Pluton__6_N_Z_Pluton"", ""allocated_pe"": 38, ""token_position_q"": 34, ""token_position_r"": 11}"
2025-10-06T23:23:48,COMMANDER,INFO,Podsumowanie żetonu,"{""commander_id"": 6, ""token_id"": ""Z_Pluton__6_N_Z_Pluton"", ""allocated_pe"": 38, ""spent_pe"": 0, ""refunded_pe"": 38}"
2025-10-06T23:23:48,COMMANDER,INFO,Zbiorcze podsumowanie tury,"{""commander_id"": 6, ""allocated_total"": 38, ""spent_total"": 0, ""refunded_total"": 38, ""unassigned_total"": 0}"
2025-10-06T23:23:48,COMMANDER,INFO,Koniec tury komendanta,"{""commander_id"": 6, ""spent"": 0, ""remaining"": 38, ""token_share"": 38, ""tokens"": 1}"
2025-10-06T23:23:50,COMMANDER,INFO,Start tury komendanta,"{""commander_id"": 2, ""nation"": ""Polska"", ""tokens"": 2, ""budget"": 69}"
2025-10-06T23:23:50,COMMANDER,DEBUG,Plan przydziału PE,"{""commander_id"": 2, ""token_count"": 2, ""share_per_token"": 34, ""budget"": 69}"
2025-10-06T23:23:50,COMMANDER,DEBUG,Przydział żetonowi,"{""commander_id"": 2, ""token_id"": ""Z_Pluton__2_PL_Z_Pluton"", ""allocated_pe"": 34, ""token_position_q"": 9, ""token_position_r"": -4}"
2025-10-06T23:23:50,COMMANDER,INFO,Podsumowanie żetonu,"{""commander_id"": 2, ""token_id"": ""Z_Pluton__2_PL_Z_Pluton"", ""allocated_pe"": 34, ""spent_pe"": 0, ""refunded_pe"": 34}"
2025-10-06T23:23:50,COMMANDER,DEBUG,Przydział żetonowi,"{""commander_id"": 2, ""token_id"": ""K_Pluton__2_PL_K_Pluton"", ""allocated_pe"": 34, ""token_position_q"": 28, ""token_position_r"": 3}"
2025-10-06T23:23:50,COMMANDER,INFO,Podsumowanie żetonu,"{""commander_id"": 2, ""token_id"": ""K_Pluton__2_PL_K_Pluton"", ""allocated_pe"": 34, ""spent_pe"": 2, ""refunded_pe"": 32}"
2025-10-06T23:23:50,COMMANDER,INFO,Zbiorcze podsumowanie tury,"{""commander_id"": 2, ""allocated_total"": 68, ""spent_total"": 2, ""refunded_total"": 66, ""unassigned_total"": 1}"
2025-10-06T23:23:50,COMMANDER,INFO,Koniec tury komendanta,"{""commander_id"": 2, ""spent"": 2, ""remaining"": 67, ""token_share"": 34, ""tokens"": 2}"
2025-10-06T23:23:50,COMMANDER,INFO,Start tury komendanta,"{""commander_id"": 3, ""nation"": ""Polska"", ""tokens"": 1, ""budget"": 63}"
2025-10-06T23:23:50,COMMANDER,DEBUG,Plan przydziału PE,"{""commander_id"": 3, ""token_count"": 1, ""share_per_token"": 63, ""budget"": 63}"
2025-10-06T23:23:50,COMMANDER,DEBUG,Przydział żetonowi,"{""commander_id"": 3, ""token_id"": ""Z_Pluton__3_PL_Z_Pluton"", ""allocated_pe"": 63, ""token_position_q"": 6, ""token_position_r"": 26}"
2025-10-06T23:23:50,COMMANDER,INFO,Podsumowanie żetonu,"{""commander_id"": 3, ""token_id"": ""Z_Pluton__3_PL_Z_Pluton"", ""allocated_pe"": 63, ""spent_pe"": 0, ""refunded_pe"": 63}"
2025-10-06T23:23:50,COMMANDER,INFO,Zbiorcze podsumowanie tury,"{""commander_id"": 3, ""allocated_total"": 63, ""spent_total"": 0, ""refunded_total"": 63, ""unassigned_total"": 0}"
2025-10-06T23:23:50,COMMANDER,INFO,Koniec tury komendanta,"{""commander_id"": 3, ""spent"": 0, ""remaining"": 63, ""token_share"": 63, ""tokens"": 1}"
2025-10-06T23:23:56,COMMANDER,INFO,Start tury komendanta,"{""commander_id"": 5, ""nation"": ""Niemcy"", ""tokens"": 2, ""budget"": 1}"
2025-10-06T23:23:56,COMMANDER,DEBUG,Plan przydziału PE,"{""commander_id"": 5, ""token_count"": 2, ""share_per_token"": 0, ""budget"": 1}"
2025-10-06T23:23:56,COMMANDER,DEBUG,Przydział żetonowi,"{""commander_id"": 5, ""token_id"": ""K_Pluton__5_N_K_Pluton"", ""allocated_pe"": 0, ""token_position_q"": 46, ""token_position_r"": -6}"
2025-10-06T23:23:56,COMMANDER,INFO,Podsumowanie żetonu,"{""commander_id"": 5, ""token_id"": ""K_Pluton__5_N_K_Pluton"", ""allocated_pe"": 0, ""spent_pe"": 0, ""refunded_pe"": 0}"
2025-10-06T23:23:56,COMMANDER,DEBUG,Przydział żetonowi,"{""commander_id"": 5, ""token_id"": ""Z_Pluton__5_N_Z_Pluton"", ""allocated_pe"": 0, ""token_position_q"": 43, ""token_position_r"": -15}"
2025-10-06T23:23:56,COMMANDER,INFO,Podsumowanie żetonu,"{""commander_id"": 5, ""token_id"": ""Z_Pluton__5_N_Z_Pluton"", ""allocated_pe"": 0, ""spent_pe"": 0, ""refunded_pe"": 0}"
2025-10-06T23:23:56,COMMANDER,INFO,Zbiorcze podsumowanie tury,"{""commander_id"": 5, ""allocated_total"": 0, ""spent_total"": 0, ""refunded_total"": 0, ""unassigned_total"": 1}"
2025-10-06T23:23:56,COMMANDER,INFO,Koniec tury komendanta,"{""commander_id"": 5, ""spent"": 0, ""remaining"": 1, ""token_share"": 0, ""tokens"": 2}"
2025-10-06T23:23:56,COMMANDER,INFO,Start tury komendanta,"{""commander_id"": 6, ""nation"": ""Niemcy"", ""tokens"": 1, ""budget"": 38}"
2025-10-06T23:23:56,COMMANDER,DEBUG,Plan przydziału PE,"{""commander_id"": 6, ""token_count"": 1, ""share_per_token"": 38, ""budget"": 38}"
2025-10-06T23:23:56,COMMANDER,DEBUG,Przydział żetonowi,"{""commander_id"": 6, ""token_id"": ""Z_Pluton__6_N_Z_Pluton"", ""allocated_pe"": 38, ""token_position_q"": 34, ""token_position_r"": 11}"
2025-10-06T23:23:56,COMMANDER,INFO,Podsumowanie żetonu,"{""commander_id"": 6, ""token_id"": ""Z_Pluton__6_N_Z_Pluton"", ""allocated_pe"": 38, ""spent_pe"": 0, ""refunded_pe"": 38}"
2025-10-06T23:23:56,COMMANDER,INFO,Zbiorcze podsumowanie tury,"{""commander_id"": 6, ""allocated_total"": 38, ""spent_total"": 0, ""refunded_total"": 38, ""unassigned_total"": 0}"
2025-10-06T23:23:56,COMMANDER,INFO,Koniec tury komendanta,"{""commander_id"": 6, ""spent"": 0, ""remaining"": 38, ""token_share"": 38, ""tokens"": 1}"
2025-10-06T23:24:02,COMMANDER,INFO,Start tury komendanta,"{""commander_id"": 2, ""nation"": ""Polska"", ""tokens"": 2, ""budget"": 67}"
2025-10-06T23:24:02,COMMANDER,DEBUG,Plan przydziału PE,"{""commander_id"": 2, ""token_count"": 2, ""share_per_token"": 33, ""budget"": 67}"
2025-10-06T23:24:02,COMMANDER,DEBUG,Przydział żetonowi,"{""commander_id"": 2, ""token_id"": ""Z_Pluton__2_PL_Z_Pluton"", ""allocated_pe"": 33, ""token_position_q"": 9, ""token_position_r"": -4}"
2025-10-06T23:24:02,COMMANDER,INFO,Podsumowanie żetonu,"{""commander_id"": 2, ""token_id"": ""Z_Pluton__2_PL_Z_Pluton"", ""allocated_pe"": 33, ""spent_pe"": 0, ""refunded_pe"": 33}"
2025-10-06T23:24:02,COMMANDER,DEBUG,Przydział żetonowi,"{""commander_id"": 2, ""token_id"": ""K_Pluton__2_PL_K_Pluton"", ""allocated_pe"": 33, ""token_position_q"": 27, ""token_position_r"": 4}"
2025-10-06T23:24:03,COMMANDER,INFO,Podsumowanie żetonu,"{""commander_id"": 2, ""token_id"": ""K_Pluton__2_PL_K_Pluton"", ""allocated_pe"": 33, ""spent_pe"": 2, ""refunded_pe"": 31}"
2025-10-06T23:24:03,COMMANDER,INFO,Zbiorcze podsumowanie tury,"{""commander_id"": 2, ""allocated_total"": 66, ""spent_total"": 2, ""refunded_total"": 64, ""unassigned_total"": 1}"
2025-10-06T23:24:03,COMMANDER,INFO,Koniec tury komendanta,"{""commander_id"": 2, ""spent"": 2, ""remaining"": 65, ""token_share"": 33, ""tokens"": 2}"
2025-10-06T23:24:03,COMMANDER,INFO,Start tury komendanta,"{""commander_id"": 3, ""nation"": ""Polska"", ""tokens"": 1, ""budget"": 63}"
2025-10-06T23:24:03,COMMANDER,DEBUG,Plan przydziału PE,"{""commander_id"": 3, ""token_count"": 1, ""share_per_token"": 63, ""budget"": 63}"
2025-10-06T23:24:03,COMMANDER,DEBUG,Przydział żetonowi,"{""commander_id"": 3, ""token_id"": ""Z_Pluton__3_PL_Z_Pluton"", ""allocated_pe"": 63, ""token_position_q"": 6, ""token_position_r"": 26}"
2025-10-06T23:24:03,COMMANDER,INFO,Podsumowanie żetonu,"{""commander_id"": 3, ""token_id"": ""Z_Pluton__3_PL_Z_Pluton"", ""allocated_pe"": 63, ""spent_pe"": 0, ""refunded_pe"": 63}"
2025-10-06T23:24:03,COMMANDER,INFO,Zbiorcze podsumowanie tury,"{""commander_id"": 3, ""allocated_total"": 63, ""spent_total"": 0, ""refunded_total"": 63, ""unassigned_total"": 0}"
2025-10-06T23:24:03,COMMANDER,INFO,Koniec tury komendanta,"{""commander_id"": 3, ""spent"": 0, ""remaining"": 63, ""token_share"": 63, ""tokens"": 1}"
2025-10-06T23:24:09,COMMANDER,INFO,Start tury komendanta,"{""commander_id"": 5, ""nation"": ""Niemcy"", ""tokens"": 2, ""budget"": 1}"
2025-10-06T23:24:09,COMMANDER,DEBUG,Plan przydziału PE,"{""commander_id"": 5, ""token_count"": 2, ""share_per_token"": 0, ""budget"": 1}"
2025-10-06T23:24:09,COMMANDER,DEBUG,Przydział żetonowi,"{""commander_id"": 5, ""token_id"": ""K_Pluton__5_N_K_Pluton"", ""allocated_pe"": 0, ""token_position_q"": 46, ""token_position_r"": -6}"
2025-10-06T23:24:09,COMMANDER,INFO,Podsumowanie żetonu,"{""commander_id"": 5, ""token_id"": ""K_Pluton__5_N_K_Pluton"", ""allocated_pe"": 0, ""spent_pe"": 0, ""refunded_pe"": 0}"
2025-10-06T23:24:09,COMMANDER,DEBUG,Przydział żetonowi,"{""commander_id"": 5, ""token_id"": ""Z_Pluton__5_N_Z_Pluton"", ""allocated_pe"": 0, ""token_position_q"": 43, ""token_position_r"": -15}"
2025-10-06T23:24:09,COMMANDER,INFO,Podsumowanie żetonu,"{""commander_id"": 5, ""token_id"": ""Z_Pluton__5_N_Z_Pluton"", ""allocated_pe"": 0, ""spent_pe"": 0, ""refunded_pe"": 0}"
2025-10-06T23:24:09,COMMANDER,INFO,Zbiorcze podsumowanie tury,"{""commander_id"": 5, ""allocated_total"": 0, ""spent_total"": 0, ""refunded_total"": 0, ""unassigned_total"": 1}"
2025-10-06T23:24:09,COMMANDER,INFO,Koniec tury komendanta,"{""commander_id"": 5, ""spent"": 0, ""remaining"": 1, ""token_share"": 0, ""tokens"": 2}"
2025-10-06T23:24:09,COMMANDER,INFO,Start tury komendanta,"{""commander_id"": 6, ""nation"": ""Niemcy"", ""tokens"": 1, ""budget"": 38}"
2025-10-06T23:24:09,COMMANDER,DEBUG,Plan przydziału PE,"{""commander_id"": 6, ""token_count"": 1, ""share_per_token"": 38, ""budget"": 38}"
2025-10-06T23:24:09,COMMANDER,DEBUG,Przydział żetonowi,"{""commander_id"": 6, ""token_id"": ""Z_Pluton__6_N_Z_Pluton"", ""allocated_pe"": 38, ""token_position_q"": 34, ""token_position_r"": 11}"
2025-10-06T23:24:09,COMMANDER,INFO,Podsumowanie żetonu,"{""commander_id"": 6, ""token_id"": ""Z_Pluton__6_N_Z_Pluton"", ""allocated_pe"": 38, ""spent_pe"": 0, ""refunded_pe"": 38}"
2025-10-06T23:24:09,COMMANDER,INFO,Zbiorcze podsumowanie tury,"{""commander_id"": 6, ""allocated_total"": 38, ""spent_total"": 0, ""refunded_total"": 38, ""unassigned_total"": 0}"
2025-10-06T23:24:09,COMMANDER,INFO,Koniec tury komendanta,"{""commander_id"": 6, ""spent"": 0, ""remaining"": 38, ""token_share"": 38, ""tokens"": 1}"
