data_czas,tura,korelacja_id,faza,nacja,kategoria_akcji,jednostka_glowna,jednostki_wspierajace,zlozonsc_akcji,wymagana_koordynacja,typ_formacji,przewaga_terenu,oczekiwana_reakcja_wroga,wskazniki_sukcesu,czas_wykonania_ms,liczba_mikro_decyzji,wspolpraca_jednostek,innowacja_taktyczna,ograniczenie_ryzyka,plan_awaryjny_gotowy,budzet_resupply_dostepny,wydane_pe_resupply,pe_na_paliwo,pe_na_cv,paliwo_przed,paliwo_po,cv_przed,cv_po,globalne_pe_pozostalo,calkowita_potrzeba_resupply,typ_akcji,status_walidacji,kod_bledu,zgodnosc_z_regulami,id_jednostki,id_celu,z_hex_q,z_hex_r,do_hex_q,do_hex_r,stosunek_sil,prog,decyzja,powod,najblizszy_osiagalny_dystans,najblizszy_osiagalny_hex_q,najblizszy_osiagalny_hex_r,podpowiedz_przeszkody,prog_dostosowany,powod_resupply
2025-09-19 21:25:19,,N/A,,Niemcy,turn_begin,TURN_START,N/A,N/A,N/A,N/A,N/A,N/A,AI Commander turn started for player 5,,N/A,N/A,N/A,N/A,N/A,N/A,N/A,N/A,N/A,N/A,N/A,N/A,N/A,N/A,N/A,N/A,N/A,N/A,N/A,N/A,N/A,N/A,N/A,N/A,N/A,N/A,N/A,N/A,N/A,N/A,N/A,N/A,N/A,N/A,N/A
2025-09-19 21:25:20,N/A,N/A,movement,Unknown,Kontrolowane wycofanie,N/A,N/A,5,N/A,N/A,N/A,N/A,N/A,0,21,20,N/A,N/A,N/A,N/A,N/A,N/A,N/A,N/A,N/A,N/A,N/A,N/A,N/A,path_planned,N/A,N/A,N/A,Z_Pluton__5_Unterst_tzungs_Bataillon_20250913214038,N/A,45,-15,49,-15,N/A,N/A,N/A,N/A,N/A,N/A,N/A,N/A,N/A,N/A
2025-09-19 21:25:20,N/A,N/A,garrison,Unknown,Zajęcie pozycji obronnych,N/A,N/A,N/A,N/A,N/A,N/A,N/A,N/A,N/A,0,N/A,N/A,N/A,N/A,N/A,N/A,N/A,N/A,N/A,N/A,N/A,N/A,N/A,N/A,kp_vacate_blocked,blocked,N/A,N/A,P_Pluton__5_Sch_tzen_Kompanie_20250913214034,N/A,N/A,N/A,42,-14,1.0,N/A,N/A,wartość wysoka lub limit czasu nieprzekroczony,N/A,N/A,N/A,N/A,N/A,N/A
2025-09-19 21:25:20,N/A,N/A,garrison,Unknown,Zajęcie pozycji obronnych,N/A,N/A,N/A,N/A,N/A,N/A,N/A,N/A,N/A,0,N/A,N/A,N/A,N/A,N/A,N/A,N/A,N/A,N/A,N/A,N/A,N/A,N/A,N/A,kp_vacate_blocked,blocked,N/A,N/A,Z_Kompania__5_Unterst_tzungs_Bataillon,N/A,N/A,N/A,43,-15,1.0,N/A,N/A,wartość wysoka lub limit czasu nieprzekroczony,N/A,N/A,N/A,N/A,N/A,N/A
2025-09-19 21:25:20,N/A,N/A,garrison,Unknown,Zajęcie pozycji obronnych,N/A,N/A,N/A,N/A,N/A,N/A,N/A,N/A,N/A,0,N/A,N/A,N/A,N/A,N/A,N/A,N/A,N/A,N/A,N/A,N/A,N/A,N/A,N/A,kp_vacate_blocked,blocked,N/A,N/A,Z_Pluton__5_Versorgungs_Kompanie,N/A,N/A,N/A,43,-14,1.0,N/A,N/A,wartość wysoka lub limit czasu nieprzekroczony,N/A,N/A,N/A,N/A,N/A,N/A
2025-09-19 21:25:20,N/A,N/A,garrison,Unknown,Zajęcie pozycji obronnych,N/A,N/A,N/A,N/A,N/A,N/A,N/A,N/A,N/A,0,N/A,N/A,N/A,N/A,N/A,N/A,N/A,N/A,N/A,N/A,N/A,N/A,N/A,N/A,kp_vacate_blocked,blocked,N/A,N/A,Z_Pluton__5_Unterst_tzungs_Bataillon,N/A,N/A,N/A,44,-15,1.0,N/A,N/A,wartość wysoka lub limit czasu nieprzekroczony,N/A,N/A,N/A,N/A,N/A,N/A
2025-09-19 21:25:20,N/A,N/A,target_selection,Niemcy,target_analysis,N/A,N/A,29,N/A,N/A,N/A,N/A,999,N/A,29,-1,N/A,False,N/A,N/A,N/A,N/A,N/A,N/A,N/A,N/A,N/A,N/A,N/A,N/A,N/A,N/A,N/A,N/A,N/A,N/A,N/A,N/A,N/A,N/A,N/A,N/A,N/A,N/A,N/A,N/A,N/A,N/A,N/A
2025-09-19 21:25:20,N/A,N/A,movement,Unknown,Kontrolowane wycofanie,N/A,N/A,3,N/A,N/A,N/A,N/A,N/A,0,20,20,N/A,N/A,N/A,N/A,N/A,N/A,N/A,N/A,N/A,N/A,N/A,N/A,N/A,path_planned,N/A,N/A,N/A,P_Pluton__5_Infanterie_Regiment,N/A,37,-17,35,-15,N/A,N/A,N/A,N/A,N/A,N/A,N/A,N/A,N/A,N/A
2025-09-19 21:25:20,,N/A,,Niemcy,adaptive_autonomous,P_Pluton__5_Infanterie_Regiment,N/A,N/A,N/A,N/A,N/A,N/A,"Advanced auto mode: group 1 (strategy: TIED, aggr: 0.5)",,N/A,N/A,N/A,N/A,N/A,N/A,N/A,N/A,N/A,N/A,N/A,N/A,N/A,N/A,N/A,N/A,N/A,N/A,N/A,N/A,N/A,N/A,N/A,N/A,N/A,N/A,N/A,N/A,N/A,N/A,N/A,N/A,N/A,N/A,N/A
2025-09-19 21:25:20,,N/A,,Niemcy,adaptive_autonomous,P_Kompania__5_Infanterie_Regiment,N/A,N/A,N/A,N/A,N/A,N/A,"Advanced auto mode: group 1 (strategy: TIED, aggr: 0.5)",,N/A,N/A,N/A,N/A,N/A,N/A,N/A,N/A,N/A,N/A,N/A,N/A,N/A,N/A,N/A,N/A,N/A,N/A,N/A,N/A,N/A,N/A,N/A,N/A,N/A,N/A,N/A,N/A,N/A,N/A,N/A,N/A,N/A,N/A,N/A
2025-09-19 21:25:20,,N/A,,Niemcy,adaptive_autonomous,P_Pluton__5_Sch_tzen_Kompanie,N/A,N/A,N/A,N/A,N/A,N/A,"Advanced auto mode: group 1 (strategy: TIED, aggr: 0.5)",,N/A,N/A,N/A,N/A,N/A,N/A,N/A,N/A,N/A,N/A,N/A,N/A,N/A,N/A,N/A,N/A,N/A,N/A,N/A,N/A,N/A,N/A,N/A,N/A,N/A,N/A,N/A,N/A,N/A,N/A,N/A,N/A,N/A,N/A,N/A
2025-09-19 21:25:20,N/A,N/A,movement,Unknown,Kontrolowane wycofanie,N/A,N/A,3,N/A,N/A,N/A,N/A,N/A,0,20,20,N/A,N/A,N/A,N/A,N/A,N/A,N/A,N/A,N/A,N/A,N/A,N/A,N/A,path_planned,N/A,N/A,N/A,AC_Kompania__5_schwere_Artillerie,N/A,38,-17,36,-15,N/A,N/A,N/A,N/A,N/A,N/A,N/A,N/A,N/A,N/A
2025-09-19 21:25:20,,N/A,,Niemcy,adaptive_autonomous,AC_Kompania__5_schwere_Artillerie,N/A,N/A,N/A,N/A,N/A,N/A,"Advanced auto mode: group 1 (strategy: TIED, aggr: 0.5)",,N/A,N/A,N/A,N/A,N/A,N/A,N/A,N/A,N/A,N/A,N/A,N/A,N/A,N/A,N/A,N/A,N/A,N/A,N/A,N/A,N/A,N/A,N/A,N/A,N/A,N/A,N/A,N/A,N/A,N/A,N/A,N/A,N/A,N/A,N/A
2025-09-19 21:25:20,N/A,N/A,movement,Unknown,Kontrolowane wycofanie,N/A,N/A,3,N/A,N/A,N/A,N/A,N/A,0,20,20,N/A,N/A,N/A,N/A,N/A,N/A,N/A,N/A,N/A,N/A,N/A,N/A,N/A,path_planned,N/A,N/A,N/A,AL_Batalion__5_Artillerie_Abteilung,N/A,38,-16,36,-16,N/A,N/A,N/A,N/A,N/A,N/A,N/A,N/A,N/A,N/A
2025-09-19 21:25:20,,N/A,,Niemcy,adaptive_autonomous,AL_Batalion__5_Artillerie_Abteilung,N/A,N/A,N/A,N/A,N/A,N/A,"Advanced auto mode: group 1 (strategy: TIED, aggr: 0.5)",,N/A,N/A,N/A,N/A,N/A,N/A,N/A,N/A,N/A,N/A,N/A,N/A,N/A,N/A,N/A,N/A,N/A,N/A,N/A,N/A,N/A,N/A,N/A,N/A,N/A,N/A,N/A,N/A,N/A,N/A,N/A,N/A,N/A,N/A,N/A
2025-09-19 21:25:20,N/A,N/A,target_selection,Niemcy,target_analysis,N/A,N/A,29,N/A,N/A,N/A,N/A,999,N/A,29,-1,N/A,False,N/A,N/A,N/A,N/A,N/A,N/A,N/A,N/A,N/A,N/A,N/A,N/A,N/A,N/A,N/A,N/A,N/A,N/A,N/A,N/A,N/A,N/A,N/A,N/A,N/A,N/A,N/A,N/A,N/A,N/A,N/A
2025-09-19 21:25:20,N/A,combat:P_Pluton__5_Infanterie_Regiment:X,combat,Niemcy,Zbieranie informacji o wrogu,N/A,N/A,N/A,N/A,N/A,N/A,N/A,,N/A,0,N/A,N/A,N/A,N/A,N/A,N/A,N/A,N/A,N/A,N/A,N/A,N/A,N/A,N/A,attack_opportunity_scan,N/A,N/A,N/A,P_Pluton__5_Infanterie_Regiment,N/A,N/A,N/A,N/A,N/A,N/A,1.05,N/A,N/A,N/A,N/A,N/A,N/A,N/A,N/A
2025-09-19 21:25:20,N/A,combat:P_Kompania__5_Infanterie_Regiment:X,combat,Niemcy,Zbieranie informacji o wrogu,N/A,N/A,N/A,N/A,N/A,N/A,N/A,,N/A,0,N/A,N/A,N/A,N/A,N/A,N/A,N/A,N/A,N/A,N/A,N/A,N/A,N/A,N/A,attack_opportunity_scan,N/A,N/A,N/A,P_Kompania__5_Infanterie_Regiment,N/A,N/A,N/A,N/A,N/A,N/A,1.05,N/A,N/A,N/A,N/A,N/A,N/A,N/A,N/A
2025-09-19 21:25:20,N/A,combat:P_Pluton__5_Sch_tzen_Kompanie:X,combat,Niemcy,Zbieranie informacji o wrogu,N/A,N/A,N/A,N/A,N/A,N/A,N/A,,N/A,0,N/A,N/A,N/A,N/A,N/A,N/A,N/A,N/A,N/A,N/A,N/A,N/A,N/A,N/A,attack_opportunity_scan,N/A,N/A,N/A,P_Pluton__5_Sch_tzen_Kompanie,N/A,N/A,N/A,N/A,N/A,N/A,1.05,N/A,N/A,N/A,N/A,N/A,N/A,N/A,N/A
2025-09-19 21:25:20,N/A,combat:AC_Kompania__5_schwere_Artillerie:X,combat,Niemcy,Zbieranie informacji o wrogu,N/A,N/A,N/A,N/A,N/A,N/A,N/A,,N/A,0,N/A,N/A,N/A,N/A,N/A,N/A,N/A,N/A,N/A,N/A,N/A,N/A,N/A,N/A,attack_opportunity_scan,N/A,N/A,N/A,AC_Kompania__5_schwere_Artillerie,N/A,N/A,N/A,N/A,N/A,N/A,1.05,N/A,N/A,N/A,N/A,N/A,N/A,N/A,N/A
2025-09-19 21:25:20,N/A,combat:AL_Batalion__5_Artillerie_Abteilung:X,combat,Niemcy,Zbieranie informacji o wrogu,N/A,N/A,N/A,N/A,N/A,N/A,N/A,,N/A,0,N/A,N/A,N/A,N/A,N/A,N/A,N/A,N/A,N/A,N/A,N/A,N/A,N/A,N/A,attack_opportunity_scan,N/A,N/A,N/A,AL_Batalion__5_Artillerie_Abteilung,N/A,N/A,N/A,N/A,N/A,N/A,1.05,N/A,N/A,N/A,N/A,N/A,N/A,N/A,N/A
2025-09-19 21:25:20,N/A,combat:P_Pluton__5_Sch_tzen_Kompanie_20250913214034:X,combat,Niemcy,Zbieranie informacji o wrogu,N/A,N/A,N/A,N/A,N/A,N/A,N/A,,N/A,0,N/A,N/A,N/A,N/A,N/A,N/A,N/A,N/A,N/A,N/A,N/A,N/A,N/A,N/A,attack_opportunity_scan,N/A,N/A,N/A,P_Pluton__5_Sch_tzen_Kompanie_20250913214034,N/A,N/A,N/A,N/A,N/A,N/A,1.05,N/A,N/A,N/A,N/A,N/A,N/A,N/A,N/A
2025-09-19 21:25:20,N/A,combat:Z_Kompania__5_Unterst_tzungs_Bataillon:X,combat,Niemcy,Zbieranie informacji o wrogu,N/A,N/A,N/A,N/A,N/A,N/A,N/A,,N/A,0,N/A,N/A,N/A,N/A,N/A,N/A,N/A,N/A,N/A,N/A,N/A,N/A,N/A,N/A,attack_opportunity_scan,N/A,N/A,N/A,Z_Kompania__5_Unterst_tzungs_Bataillon,N/A,N/A,N/A,N/A,N/A,N/A,1.05,N/A,N/A,N/A,N/A,N/A,N/A,N/A,N/A
2025-09-19 21:25:20,N/A,combat:Z_Pluton__5_Versorgungs_Kompanie:X,combat,Niemcy,Zbieranie informacji o wrogu,N/A,N/A,N/A,N/A,N/A,N/A,N/A,,N/A,0,N/A,N/A,N/A,N/A,N/A,N/A,N/A,N/A,N/A,N/A,N/A,N/A,N/A,N/A,attack_opportunity_scan,N/A,N/A,N/A,Z_Pluton__5_Versorgungs_Kompanie,N/A,N/A,N/A,N/A,N/A,N/A,1.05,N/A,N/A,N/A,N/A,N/A,N/A,N/A,N/A
2025-09-19 21:25:20,N/A,combat:Z_Pluton__5_Unterst_tzungs_Bataillon:X,combat,Niemcy,Zbieranie informacji o wrogu,N/A,N/A,N/A,N/A,N/A,N/A,N/A,,N/A,0,N/A,N/A,N/A,N/A,N/A,N/A,N/A,N/A,N/A,N/A,N/A,N/A,N/A,N/A,attack_opportunity_scan,N/A,N/A,N/A,Z_Pluton__5_Unterst_tzungs_Bataillon,N/A,N/A,N/A,N/A,N/A,N/A,1.05,N/A,N/A,N/A,N/A,N/A,N/A,N/A,N/A
2025-09-19 21:25:20,N/A,combat:Z_Pluton__5_Unterst_tzungs_Bataillon_20250913214038:X,combat,Niemcy,Zbieranie informacji o wrogu,N/A,N/A,N/A,N/A,N/A,N/A,N/A,,N/A,0,N/A,N/A,N/A,N/A,N/A,N/A,N/A,N/A,N/A,N/A,N/A,N/A,N/A,N/A,attack_opportunity_scan,N/A,N/A,N/A,Z_Pluton__5_Unterst_tzungs_Bataillon_20250913214038,N/A,N/A,N/A,N/A,N/A,N/A,1.05,N/A,N/A,N/A,N/A,N/A,N/A,N/A,N/A
2025-09-19 21:25:20,,N/A,,Niemcy,turn_summary,TURN_END,N/A,N/A,N/A,N/A,N/A,N/A,"Turn completed: 5/9 units moved, 2 groups (advanced)",,N/A,N/A,N/A,N/A,N/A,N/A,N/A,N/A,N/A,N/A,N/A,N/A,N/A,N/A,N/A,N/A,N/A,N/A,N/A,N/A,N/A,N/A,N/A,N/A,N/A,N/A,N/A,N/A,N/A,N/A,N/A,N/A,N/A,N/A,N/A
2025-09-19 21:25:20,,N/A,,Niemcy,turn_begin,TURN_START,N/A,N/A,N/A,N/A,N/A,N/A,AI Commander turn started for player 6,,N/A,N/A,N/A,N/A,N/A,N/A,N/A,N/A,N/A,N/A,N/A,N/A,N/A,N/A,N/A,N/A,N/A,N/A,N/A,N/A,N/A,N/A,N/A,N/A,N/A,N/A,N/A,N/A,N/A,N/A,N/A,N/A,N/A,N/A,N/A
2025-09-19 21:25:20,N/A,N/A,movement,Unknown,Kontrolowane wycofanie,N/A,N/A,5,N/A,N/A,N/A,N/A,N/A,0,20,20,N/A,N/A,N/A,N/A,N/A,N/A,N/A,N/A,N/A,N/A,N/A,N/A,N/A,path_planned,N/A,N/A,N/A,Z_Pluton__6_Unterst_tzungs_Bataillon_20250913214051,N/A,39,2,36,6,N/A,N/A,N/A,N/A,N/A,N/A,N/A,N/A,N/A,N/A
2025-09-19 21:25:20,N/A,N/A,movement,Unknown,Kontrolowane wycofanie,N/A,N/A,2,N/A,N/A,N/A,N/A,N/A,0,20,20,N/A,N/A,N/A,N/A,N/A,N/A,N/A,N/A,N/A,N/A,N/A,N/A,N/A,path_planned,N/A,N/A,N/A,Z_Batalion__6_Versorgungs_Kompanie,N/A,50,-12,51,-13,N/A,N/A,N/A,N/A,N/A,N/A,N/A,N/A,N/A,N/A
2025-09-19 21:25:21,N/A,N/A,movement,Unknown,Kontrolowane wycofanie,N/A,N/A,2,N/A,N/A,N/A,N/A,N/A,0,20,20,N/A,N/A,N/A,N/A,N/A,N/A,N/A,N/A,N/A,N/A,N/A,N/A,N/A,path_planned,N/A,N/A,N/A,P_Pluton__6_Sch_tzen_Kompanie,N/A,38,2,37,2,N/A,N/A,N/A,N/A,N/A,N/A,N/A,N/A,N/A,N/A
2025-09-19 21:25:21,N/A,N/A,movement,Unknown,Kontrolowane wycofanie,N/A,N/A,2,N/A,N/A,N/A,N/A,N/A,0,20,20,N/A,N/A,N/A,N/A,N/A,N/A,N/A,N/A,N/A,N/A,N/A,N/A,N/A,path_planned,N/A,N/A,N/A,P_Pluton__6_Infanterie_Regiment,N/A,38,3,37,3,N/A,N/A,N/A,N/A,N/A,N/A,N/A,N/A,N/A,N/A
2025-09-19 21:25:21,N/A,N/A,movement,Unknown,Kontrolowane wycofanie,N/A,N/A,2,N/A,N/A,N/A,N/A,N/A,0,20,20,N/A,N/A,N/A,N/A,N/A,N/A,N/A,N/A,N/A,N/A,N/A,N/A,N/A,path_planned,N/A,N/A,N/A,P_Batalion__6_Infanterie_Regiment,N/A,39,8,38,8,N/A,N/A,N/A,N/A,N/A,N/A,N/A,N/A,N/A,N/A
2025-09-19 21:25:21,,N/A,,Polska,reaction_combat,P_Pluton__3_Pu_k_Piechoty_20250913214024,N/A,N/A,N/A,N/A,N/A,N/A,Reaction attack on P_Batalion__6_Infanterie_Regiment,,N/A,N/A,N/A,N/A,N/A,N/A,N/A,N/A,N/A,N/A,N/A,N/A,N/A,N/A,N/A,N/A,N/A,N/A,N/A,N/A,N/A,N/A,N/A,N/A,N/A,N/A,N/A,N/A,N/A,N/A,N/A,N/A,N/A,N/A,N/A
2025-09-19 21:25:21,,N/A,,Polska,reaction_combat,P_Pluton__3_Kompania_Grenadier_w,N/A,N/A,N/A,N/A,N/A,N/A,Reaction attack on P_Batalion__6_Infanterie_Regiment,,N/A,N/A,N/A,N/A,N/A,N/A,N/A,N/A,N/A,N/A,N/A,N/A,N/A,N/A,N/A,N/A,N/A,N/A,N/A,N/A,N/A,N/A,N/A,N/A,N/A,N/A,N/A,N/A,N/A,N/A,N/A,N/A,N/A,N/A,N/A
2025-09-19 21:25:21,,N/A,,Polska,reaction_combat,K_Pluton__3_Oddzia_Jazdy,N/A,N/A,N/A,N/A,N/A,N/A,Reaction attack on P_Batalion__6_Infanterie_Regiment,,N/A,N/A,N/A,N/A,N/A,N/A,N/A,N/A,N/A,N/A,N/A,N/A,N/A,N/A,N/A,N/A,N/A,N/A,N/A,N/A,N/A,N/A,N/A,N/A,N/A,N/A,N/A,N/A,N/A,N/A,N/A,N/A,N/A,N/A,N/A
2025-09-19 21:25:21,N/A,N/A,target_selection,Niemcy,target_analysis,N/A,N/A,29,N/A,N/A,N/A,N/A,999,N/A,29,-1,N/A,False,N/A,N/A,N/A,N/A,N/A,N/A,N/A,N/A,N/A,N/A,N/A,N/A,N/A,N/A,N/A,N/A,N/A,N/A,N/A,N/A,N/A,N/A,N/A,N/A,N/A,N/A,N/A,N/A,N/A,N/A,N/A
2025-09-19 21:25:21,N/A,N/A,movement,Unknown,Kontrolowane wycofanie,N/A,N/A,3,N/A,N/A,N/A,N/A,N/A,0,20,20,N/A,N/A,N/A,N/A,N/A,N/A,N/A,N/A,N/A,N/A,N/A,N/A,N/A,path_planned,N/A,N/A,N/A,P_Pluton__6_Sch_tzen_Kompanie,N/A,37,2,39,2,N/A,N/A,N/A,N/A,N/A,N/A,N/A,N/A,N/A,N/A
2025-09-19 21:25:21,,N/A,,Niemcy,adaptive_autonomous,P_Pluton__6_Sch_tzen_Kompanie,N/A,N/A,N/A,N/A,N/A,N/A,"Advanced auto mode: group 1 (strategy: TIED, aggr: 0.5)",,N/A,N/A,N/A,N/A,N/A,N/A,N/A,N/A,N/A,N/A,N/A,N/A,N/A,N/A,N/A,N/A,N/A,N/A,N/A,N/A,N/A,N/A,N/A,N/A,N/A,N/A,N/A,N/A,N/A,N/A,N/A,N/A,N/A,N/A,N/A
2025-09-19 21:25:21,,N/A,,Niemcy,adaptive_autonomous,P_Pluton__6_Infanterie_Regiment,N/A,N/A,N/A,N/A,N/A,N/A,"Advanced auto mode: group 1 (strategy: TIED, aggr: 0.5)",,N/A,N/A,N/A,N/A,N/A,N/A,N/A,N/A,N/A,N/A,N/A,N/A,N/A,N/A,N/A,N/A,N/A,N/A,N/A,N/A,N/A,N/A,N/A,N/A,N/A,N/A,N/A,N/A,N/A,N/A,N/A,N/A,N/A,N/A,N/A
2025-09-19 21:25:21,N/A,N/A,target_selection,Niemcy,target_analysis,N/A,N/A,29,N/A,N/A,N/A,N/A,999,N/A,29,-1,N/A,False,N/A,N/A,N/A,N/A,N/A,N/A,N/A,N/A,N/A,N/A,N/A,N/A,N/A,N/A,N/A,N/A,N/A,N/A,N/A,N/A,N/A,N/A,N/A,N/A,N/A,N/A,N/A,N/A,N/A,N/A,N/A
2025-09-19 21:25:21,N/A,N/A,movement,Unknown,Kontrolowane wycofanie,N/A,N/A,3,N/A,N/A,N/A,N/A,N/A,0,20,20,N/A,N/A,N/A,N/A,N/A,N/A,N/A,N/A,N/A,N/A,N/A,N/A,N/A,path_planned,N/A,N/A,N/A,P_Batalion__6_Infanterie_Regiment,N/A,38,8,38,10,N/A,N/A,N/A,N/A,N/A,N/A,N/A,N/A,N/A,N/A
2025-09-19 21:25:21,,N/A,,Polska,reaction_combat,P_Pluton__3_Kompania_Grenadier_w,N/A,N/A,N/A,N/A,N/A,N/A,Reaction attack on P_Batalion__6_Infanterie_Regiment,,N/A,N/A,N/A,N/A,N/A,N/A,N/A,N/A,N/A,N/A,N/A,N/A,N/A,N/A,N/A,N/A,N/A,N/A,N/A,N/A,N/A,N/A,N/A,N/A,N/A,N/A,N/A,N/A,N/A,N/A,N/A,N/A,N/A,N/A,N/A
2025-09-19 21:25:21,,N/A,,Niemcy,adaptive_autonomous,P_Batalion__6_Infanterie_Regiment,N/A,N/A,N/A,N/A,N/A,N/A,"Advanced auto mode: group 2 (strategy: TIED, aggr: 0.5)",,N/A,N/A,N/A,N/A,N/A,N/A,N/A,N/A,N/A,N/A,N/A,N/A,N/A,N/A,N/A,N/A,N/A,N/A,N/A,N/A,N/A,N/A,N/A,N/A,N/A,N/A,N/A,N/A,N/A,N/A,N/A,N/A,N/A,N/A,N/A
2025-09-19 21:25:21,N/A,N/A,target_selection,Niemcy,target_analysis,N/A,N/A,29,N/A,N/A,N/A,N/A,999,N/A,29,-1,N/A,False,N/A,N/A,N/A,N/A,N/A,N/A,N/A,N/A,N/A,N/A,N/A,N/A,N/A,N/A,N/A,N/A,N/A,N/A,N/A,N/A,N/A,N/A,N/A,N/A,N/A,N/A,N/A,N/A,N/A,N/A,N/A
2025-09-19 21:25:21,N/A,N/A,movement,Unknown,Kontrolowane wycofanie,N/A,N/A,3,N/A,N/A,N/A,N/A,N/A,0,20,20,N/A,N/A,N/A,N/A,N/A,N/A,N/A,N/A,N/A,N/A,N/A,N/A,N/A,path_planned,N/A,N/A,N/A,P_Pluton__6_Grenadier_Bataillon,N/A,49,-11,49,-9,N/A,N/A,N/A,N/A,N/A,N/A,N/A,N/A,N/A,N/A
2025-09-19 21:25:21,,N/A,,Niemcy,adaptive_autonomous,P_Pluton__6_Grenadier_Bataillon,N/A,N/A,N/A,N/A,N/A,N/A,"Advanced auto mode: group 3 (strategy: TIED, aggr: 0.5)",,N/A,N/A,N/A,N/A,N/A,N/A,N/A,N/A,N/A,N/A,N/A,N/A,N/A,N/A,N/A,N/A,N/A,N/A,N/A,N/A,N/A,N/A,N/A,N/A,N/A,N/A,N/A,N/A,N/A,N/A,N/A,N/A,N/A,N/A,N/A
2025-09-19 21:25:21,,N/A,,Niemcy,adaptive_autonomous,P_Kompania__6_Sch_tzen_Kompanie,N/A,N/A,N/A,N/A,N/A,N/A,"Advanced auto mode: group 3 (strategy: TIED, aggr: 0.5)",,N/A,N/A,N/A,N/A,N/A,N/A,N/A,N/A,N/A,N/A,N/A,N/A,N/A,N/A,N/A,N/A,N/A,N/A,N/A,N/A,N/A,N/A,N/A,N/A,N/A,N/A,N/A,N/A,N/A,N/A,N/A,N/A,N/A,N/A,N/A
2025-09-19 21:25:21,N/A,combat:P_Pluton__6_Sch_tzen_Kompanie:X,combat,Niemcy,Zbieranie informacji o wrogu,N/A,N/A,N/A,N/A,N/A,N/A,N/A,,N/A,0,N/A,N/A,N/A,N/A,N/A,N/A,N/A,N/A,N/A,N/A,N/A,N/A,N/A,N/A,attack_opportunity_scan,N/A,N/A,N/A,P_Pluton__6_Sch_tzen_Kompanie,N/A,N/A,N/A,N/A,N/A,N/A,1.05,N/A,N/A,N/A,N/A,N/A,N/A,N/A,N/A
2025-09-19 21:25:21,N/A,combat:P_Pluton__6_Infanterie_Regiment:X,combat,Niemcy,Zbieranie informacji o wrogu,N/A,N/A,N/A,N/A,N/A,N/A,N/A,,N/A,0,N/A,N/A,N/A,N/A,N/A,N/A,N/A,N/A,N/A,N/A,N/A,N/A,N/A,N/A,attack_opportunity_scan,N/A,N/A,N/A,P_Pluton__6_Infanterie_Regiment,N/A,N/A,N/A,N/A,N/A,N/A,1.05,N/A,N/A,N/A,N/A,N/A,N/A,N/A,N/A
2025-09-19 21:25:21,N/A,combat:Z_Pluton__6_Unterst_tzungs_Bataillon_20250913214051:X,combat,Niemcy,Zbieranie informacji o wrogu,N/A,N/A,N/A,N/A,N/A,N/A,N/A,,N/A,0,N/A,N/A,N/A,N/A,N/A,N/A,N/A,N/A,N/A,N/A,N/A,N/A,N/A,N/A,attack_opportunity_scan,N/A,N/A,N/A,Z_Pluton__6_Unterst_tzungs_Bataillon_20250913214051,N/A,N/A,N/A,N/A,N/A,N/A,1.05,N/A,N/A,N/A,N/A,N/A,N/A,N/A,N/A
2025-09-19 21:25:21,N/A,combat:P_Pluton__6_Grenadier_Bataillon:X,combat,Niemcy,Zbieranie informacji o wrogu,N/A,N/A,N/A,N/A,N/A,N/A,N/A,,N/A,0,N/A,N/A,N/A,N/A,N/A,N/A,N/A,N/A,N/A,N/A,N/A,N/A,N/A,N/A,attack_opportunity_scan,N/A,N/A,N/A,P_Pluton__6_Grenadier_Bataillon,N/A,N/A,N/A,N/A,N/A,N/A,1.05,N/A,N/A,N/A,N/A,N/A,N/A,N/A,N/A
2025-09-19 21:25:21,N/A,combat:Z_Batalion__6_Versorgungs_Kompanie:X,combat,Niemcy,Zbieranie informacji o wrogu,N/A,N/A,N/A,N/A,N/A,N/A,N/A,,N/A,0,N/A,N/A,N/A,N/A,N/A,N/A,N/A,N/A,N/A,N/A,N/A,N/A,N/A,N/A,attack_opportunity_scan,N/A,N/A,N/A,Z_Batalion__6_Versorgungs_Kompanie,N/A,N/A,N/A,N/A,N/A,N/A,1.05,N/A,N/A,N/A,N/A,N/A,N/A,N/A,N/A
2025-09-19 21:25:21,N/A,combat:Z_Pluton__6_Unterst_tzungs_Bataillon_20250913214048:X,combat,Niemcy,Zbieranie informacji o wrogu,N/A,N/A,N/A,N/A,N/A,N/A,N/A,,N/A,0,N/A,N/A,N/A,N/A,N/A,N/A,N/A,N/A,N/A,N/A,N/A,N/A,N/A,N/A,attack_opportunity_scan,N/A,N/A,N/A,Z_Pluton__6_Unterst_tzungs_Bataillon_20250913214048,N/A,N/A,N/A,N/A,N/A,N/A,1.05,N/A,N/A,N/A,N/A,N/A,N/A,N/A,N/A
2025-09-19 21:25:21,N/A,combat:P_Kompania__6_Sch_tzen_Kompanie:X,combat,Niemcy,Zbieranie informacji o wrogu,N/A,N/A,N/A,N/A,N/A,N/A,N/A,,N/A,0,N/A,N/A,N/A,N/A,N/A,N/A,N/A,N/A,N/A,N/A,N/A,N/A,N/A,N/A,attack_opportunity_scan,N/A,N/A,N/A,P_Kompania__6_Sch_tzen_Kompanie,N/A,N/A,N/A,N/A,N/A,N/A,1.05,N/A,N/A,N/A,N/A,N/A,N/A,N/A,N/A
2025-09-19 21:25:21,N/A,combat:Z_Pluton__6_Versorgungs_Kompanie:X,combat,Niemcy,Zbieranie informacji o wrogu,N/A,N/A,N/A,N/A,N/A,N/A,N/A,,N/A,0,N/A,N/A,N/A,N/A,N/A,N/A,N/A,N/A,N/A,N/A,N/A,N/A,N/A,N/A,attack_opportunity_scan,N/A,N/A,N/A,Z_Pluton__6_Versorgungs_Kompanie,N/A,N/A,N/A,N/A,N/A,N/A,1.05,N/A,N/A,N/A,N/A,N/A,N/A,N/A,N/A
2025-09-19 21:25:21,N/A,combat:Z_Pluton__6_Unterst_tzungs_Bataillon:X,combat,Niemcy,Zbieranie informacji o wrogu,N/A,N/A,N/A,N/A,N/A,N/A,N/A,,N/A,0,N/A,N/A,N/A,N/A,N/A,N/A,N/A,N/A,N/A,N/A,N/A,N/A,N/A,N/A,attack_opportunity_scan,N/A,N/A,N/A,Z_Pluton__6_Unterst_tzungs_Bataillon,N/A,N/A,N/A,N/A,N/A,N/A,1.05,N/A,N/A,N/A,N/A,N/A,N/A,N/A,N/A
2025-09-19 21:25:21,,N/A,,Niemcy,turn_summary,TURN_END,N/A,N/A,N/A,N/A,N/A,N/A,"Turn completed: 5/5 units moved, 3 groups (advanced)",,N/A,N/A,N/A,N/A,N/A,N/A,N/A,N/A,N/A,N/A,N/A,N/A,N/A,N/A,N/A,N/A,N/A,N/A,N/A,N/A,N/A,N/A,N/A,N/A,N/A,N/A,N/A,N/A,N/A,N/A,N/A,N/A,N/A,N/A,N/A
2025-09-19 21:36:16,,N/A,,Niemcy,turn_begin,TURN_START,N/A,N/A,N/A,N/A,N/A,N/A,AI Commander turn started for player 5,,N/A,N/A,N/A,N/A,N/A,N/A,N/A,N/A,N/A,N/A,N/A,N/A,N/A,N/A,N/A,N/A,N/A,N/A,N/A,N/A,N/A,N/A,N/A,N/A,N/A,N/A,N/A,N/A,N/A,N/A,N/A,N/A,N/A,N/A,N/A
2025-09-19 21:36:16,N/A,N/A,movement,Unknown,Kontrolowane wycofanie,N/A,N/A,4,N/A,N/A,N/A,N/A,N/A,0,20,20,N/A,N/A,N/A,N/A,N/A,N/A,N/A,N/A,N/A,N/A,N/A,N/A,N/A,path_planned,N/A,N/A,N/A,Z_Kompania__5_Unterst_tzungs_Bataillon,N/A,43,-15,45,-15,N/A,N/A,N/A,N/A,N/A,N/A,N/A,N/A,N/A,N/A
2025-09-19 21:36:16,N/A,N/A,movement,Unknown,Kontrolowane wycofanie,N/A,N/A,4,N/A,N/A,N/A,N/A,N/A,0,20,20,N/A,N/A,N/A,N/A,N/A,N/A,N/A,N/A,N/A,N/A,N/A,N/A,N/A,path_planned,N/A,N/A,N/A,Z_Pluton__5_Unterst_tzungs_Bataillon_20250913214038,N/A,49,-15,52,-15,N/A,N/A,N/A,N/A,N/A,N/A,N/A,N/A,N/A,N/A
2025-09-19 21:36:16,N/A,N/A,garrison,Unknown,Zajęcie pozycji obronnych,N/A,N/A,N/A,N/A,N/A,N/A,N/A,N/A,N/A,0,N/A,N/A,N/A,N/A,N/A,N/A,N/A,N/A,N/A,N/A,N/A,N/A,N/A,N/A,kp_vacate_blocked,blocked,N/A,N/A,P_Pluton__5_Sch_tzen_Kompanie_20250913214034,N/A,N/A,N/A,42,-14,1.0,N/A,N/A,wartość wysoka lub limit czasu nieprzekroczony,N/A,N/A,N/A,N/A,N/A,N/A
2025-09-19 21:36:16,N/A,N/A,grouping,Niemcy,group_formation,GROUP_2,1,N/A,True,group,N/A,N/A,"target=(43,-15)",N/A,N/A,0.0,N/A,N/A,N/A,N/A,N/A,N/A,N/A,N/A,N/A,N/A,N/A,N/A,N/A,N/A,N/A,N/A,N/A,N/A,N/A,N/A,N/A,N/A,N/A,N/A,N/A,N/A,N/A,N/A,N/A,N/A,N/A,N/A,N/A
2025-09-19 21:36:17,N/A,N/A,target_selection,Niemcy,target_analysis,N/A,N/A,29,N/A,N/A,N/A,N/A,999,N/A,29,-1,N/A,False,N/A,N/A,N/A,N/A,N/A,N/A,N/A,N/A,N/A,N/A,N/A,N/A,N/A,N/A,N/A,N/A,N/A,N/A,N/A,N/A,N/A,N/A,N/A,N/A,N/A,N/A,N/A,N/A,N/A,N/A,N/A
2025-09-19 21:36:17,N/A,N/A,movement,Unknown,Kontrolowane wycofanie,N/A,N/A,2,N/A,N/A,N/A,N/A,N/A,0,20,25,N/A,N/A,N/A,N/A,N/A,N/A,N/A,N/A,N/A,N/A,N/A,N/A,N/A,path_planned,N/A,N/A,N/A,P_Pluton__5_Infanterie_Regiment,N/A,35,-15,35,-14,N/A,N/A,N/A,N/A,N/A,N/A,N/A,N/A,N/A,N/A
2025-09-19 21:36:17,,N/A,,Niemcy,adaptive_autonomous,P_Pluton__5_Infanterie_Regiment,N/A,N/A,N/A,N/A,N/A,N/A,Advanced auto mode: group 1,,N/A,N/A,N/A,N/A,N/A,N/A,N/A,N/A,N/A,N/A,N/A,N/A,N/A,N/A,N/A,N/A,N/A,N/A,N/A,N/A,N/A,N/A,N/A,N/A,N/A,N/A,N/A,N/A,N/A,N/A,N/A,N/A,N/A,N/A,N/A
2025-09-19 21:36:17,,N/A,,Niemcy,adaptive_autonomous,P_Kompania__5_Infanterie_Regiment,N/A,N/A,N/A,N/A,N/A,N/A,Advanced auto mode: group 1,,N/A,N/A,N/A,N/A,N/A,N/A,N/A,N/A,N/A,N/A,N/A,N/A,N/A,N/A,N/A,N/A,N/A,N/A,N/A,N/A,N/A,N/A,N/A,N/A,N/A,N/A,N/A,N/A,N/A,N/A,N/A,N/A,N/A,N/A,N/A
2025-09-19 21:36:17,,N/A,,Niemcy,adaptive_autonomous,P_Pluton__5_Sch_tzen_Kompanie,N/A,N/A,N/A,N/A,N/A,N/A,Advanced auto mode: group 1,,N/A,N/A,N/A,N/A,N/A,N/A,N/A,N/A,N/A,N/A,N/A,N/A,N/A,N/A,N/A,N/A,N/A,N/A,N/A,N/A,N/A,N/A,N/A,N/A,N/A,N/A,N/A,N/A,N/A,N/A,N/A,N/A,N/A,N/A,N/A
2025-09-19 21:36:17,,N/A,,Niemcy,adaptive_autonomous,AC_Kompania__5_schwere_Artillerie,N/A,N/A,N/A,N/A,N/A,N/A,Advanced auto mode: group 1,,N/A,N/A,N/A,N/A,N/A,N/A,N/A,N/A,N/A,N/A,N/A,N/A,N/A,N/A,N/A,N/A,N/A,N/A,N/A,N/A,N/A,N/A,N/A,N/A,N/A,N/A,N/A,N/A,N/A,N/A,N/A,N/A,N/A,N/A,N/A
2025-09-19 21:36:17,N/A,N/A,movement,Unknown,Kontrolowane wycofanie,N/A,N/A,2,N/A,N/A,N/A,N/A,N/A,0,20,25,N/A,N/A,N/A,N/A,N/A,N/A,N/A,N/A,N/A,N/A,N/A,N/A,N/A,path_planned,N/A,N/A,N/A,AL_Batalion__5_Artillerie_Abteilung,N/A,36,-16,35,-16,N/A,N/A,N/A,N/A,N/A,N/A,N/A,N/A,N/A,N/A
2025-09-19 21:36:17,,N/A,,Niemcy,adaptive_autonomous,AL_Batalion__5_Artillerie_Abteilung,N/A,N/A,N/A,N/A,N/A,N/A,Advanced auto mode: group 1,,N/A,N/A,N/A,N/A,N/A,N/A,N/A,N/A,N/A,N/A,N/A,N/A,N/A,N/A,N/A,N/A,N/A,N/A,N/A,N/A,N/A,N/A,N/A,N/A,N/A,N/A,N/A,N/A,N/A,N/A,N/A,N/A,N/A,N/A,N/A
2025-09-19 21:36:17,N/A,combat:P_Pluton__5_Infanterie_Regiment:X,combat,Niemcy,Zbieranie informacji o wrogu,N/A,N/A,N/A,N/A,N/A,N/A,N/A,,N/A,0,N/A,N/A,N/A,N/A,N/A,N/A,N/A,N/A,N/A,N/A,N/A,N/A,N/A,N/A,attack_opportunity_scan,N/A,N/A,N/A,P_Pluton__5_Infanterie_Regiment,N/A,N/A,N/A,N/A,N/A,N/A,1.05,N/A,N/A,N/A,N/A,N/A,N/A,N/A,N/A
2025-09-19 21:36:17,N/A,combat:P_Kompania__5_Infanterie_Regiment:X,combat,Niemcy,Zbieranie informacji o wrogu,N/A,N/A,N/A,N/A,N/A,N/A,N/A,,N/A,0,N/A,N/A,N/A,N/A,N/A,N/A,N/A,N/A,N/A,N/A,N/A,N/A,N/A,N/A,attack_opportunity_scan,N/A,N/A,N/A,P_Kompania__5_Infanterie_Regiment,N/A,N/A,N/A,N/A,N/A,N/A,1.05,N/A,N/A,N/A,N/A,N/A,N/A,N/A,N/A
2025-09-19 21:36:17,N/A,combat:P_Pluton__5_Sch_tzen_Kompanie:X,combat,Niemcy,Zbieranie informacji o wrogu,N/A,N/A,N/A,N/A,N/A,N/A,N/A,,N/A,0,N/A,N/A,N/A,N/A,N/A,N/A,N/A,N/A,N/A,N/A,N/A,N/A,N/A,N/A,attack_opportunity_scan,N/A,N/A,N/A,P_Pluton__5_Sch_tzen_Kompanie,N/A,N/A,N/A,N/A,N/A,N/A,1.05,N/A,N/A,N/A,N/A,N/A,N/A,N/A,N/A
2025-09-19 21:36:17,N/A,combat:AC_Kompania__5_schwere_Artillerie:X,combat,Niemcy,Zbieranie informacji o wrogu,N/A,N/A,N/A,N/A,N/A,N/A,N/A,,N/A,0,N/A,N/A,N/A,N/A,N/A,N/A,N/A,N/A,N/A,N/A,N/A,N/A,N/A,N/A,attack_opportunity_scan,N/A,N/A,N/A,AC_Kompania__5_schwere_Artillerie,N/A,N/A,N/A,N/A,N/A,N/A,1.05,N/A,N/A,N/A,N/A,N/A,N/A,N/A,N/A
2025-09-19 21:36:17,N/A,combat:AL_Batalion__5_Artillerie_Abteilung:X,combat,Niemcy,Zbieranie informacji o wrogu,N/A,N/A,N/A,N/A,N/A,N/A,N/A,nowy_Z_Pluton__2_Polska Zaopatrzenie Pluton ____20250919212554,N/A,1,N/A,N/A,N/A,N/A,N/A,N/A,N/A,N/A,N/A,N/A,N/A,N/A,N/A,N/A,attack_opportunity_scan,N/A,N/A,N/A,AL_Batalion__5_Artillerie_Abteilung,N/A,N/A,N/A,N/A,N/A,N/A,1.05,N/A,N/A,N/A,N/A,N/A,N/A,N/A,N/A
2025-09-19 21:36:17,N/A,combat:AL_Batalion__5_Artillerie_Abteilung:X,combat,Niemcy,Wspólny atak kilku jednostek,N/A,N/A,N/A,N/A,N/A,N/A,N/A,N/A,N/A,N/A,N/A,N/A,N/A,N/A,N/A,N/A,N/A,N/A,N/A,N/A,N/A,N/A,N/A,N/A,combat_precheck,N/A,N/A,N/A,AL_Batalion__5_Artillerie_Abteilung,nowy_Z_Pluton__2_Polska Zaopatrzenie Pluton ____20250919212554,N/A,N/A,N/A,N/A,3.8333333333333335,1.05,consider,,N/A,N/A,N/A,N/A,N/A,N/A
2025-09-19 21:36:17,N/A,combat:AL_Batalion__5_Artillerie_Abteilung:X,combat,Niemcy,Wspólny atak kilku jednostek,N/A,N/A,N/A,N/A,N/A,N/A,N/A,N/A,N/A,N/A,N/A,N/A,N/A,N/A,N/A,N/A,N/A,N/A,N/A,N/A,N/A,N/A,N/A,N/A,combat_decision,N/A,N/A,N/A,AL_Batalion__5_Artillerie_Abteilung,nowy_Z_Pluton__2_Polska Zaopatrzenie Pluton ____20250919212554,N/A,N/A,N/A,N/A,3.8333333333333335,1.05,attack,,N/A,N/A,N/A,N/A,N/A,N/A
2025-09-19 21:36:17,,combat:AL_Batalion__5_Artillerie_Abteilung:X,,Niemcy,combat,AL_Batalion__5_Artillerie_Abteilung,N/A,N/A,N/A,N/A,N/A,N/A,Attack enemy nowy_Z_Pluton__2_Polska Zaopatrzenie Pluton ____20250919212554,,N/A,N/A,N/A,N/A,N/A,N/A,N/A,N/A,N/A,N/A,N/A,N/A,N/A,N/A,N/A,N/A,N/A,N/A,N/A,N/A,N/A,N/A,N/A,N/A,N/A,N/A,N/A,N/A,N/A,N/A,N/A,N/A,N/A,N/A,N/A
2025-09-19 21:36:17,N/A,combat:P_Pluton__5_Sch_tzen_Kompanie_20250913214034:X,combat,Niemcy,Zbieranie informacji o wrogu,N/A,N/A,N/A,N/A,N/A,N/A,N/A,,N/A,0,N/A,N/A,N/A,N/A,N/A,N/A,N/A,N/A,N/A,N/A,N/A,N/A,N/A,N/A,attack_opportunity_scan,N/A,N/A,N/A,P_Pluton__5_Sch_tzen_Kompanie_20250913214034,N/A,N/A,N/A,N/A,N/A,N/A,1.05,N/A,N/A,N/A,N/A,N/A,N/A,N/A,N/A
2025-09-19 21:36:17,N/A,combat:Z_Kompania__5_Unterst_tzungs_Bataillon:X,combat,Niemcy,Zbieranie informacji o wrogu,N/A,N/A,N/A,N/A,N/A,N/A,N/A,,N/A,0,N/A,N/A,N/A,N/A,N/A,N/A,N/A,N/A,N/A,N/A,N/A,N/A,N/A,N/A,attack_opportunity_scan,N/A,N/A,N/A,Z_Kompania__5_Unterst_tzungs_Bataillon,N/A,N/A,N/A,N/A,N/A,N/A,1.05,N/A,N/A,N/A,N/A,N/A,N/A,N/A,N/A
2025-09-19 21:36:17,N/A,combat:Z_Pluton__5_Versorgungs_Kompanie:X,combat,Niemcy,Zbieranie informacji o wrogu,N/A,N/A,N/A,N/A,N/A,N/A,N/A,,N/A,0,N/A,N/A,N/A,N/A,N/A,N/A,N/A,N/A,N/A,N/A,N/A,N/A,N/A,N/A,attack_opportunity_scan,N/A,N/A,N/A,Z_Pluton__5_Versorgungs_Kompanie,N/A,N/A,N/A,N/A,N/A,N/A,1.05,N/A,N/A,N/A,N/A,N/A,N/A,N/A,N/A
2025-09-19 21:36:17,N/A,combat:Z_Pluton__5_Unterst_tzungs_Bataillon:X,combat,Niemcy,Zbieranie informacji o wrogu,N/A,N/A,N/A,N/A,N/A,N/A,N/A,,N/A,0,N/A,N/A,N/A,N/A,N/A,N/A,N/A,N/A,N/A,N/A,N/A,N/A,N/A,N/A,attack_opportunity_scan,N/A,N/A,N/A,Z_Pluton__5_Unterst_tzungs_Bataillon,N/A,N/A,N/A,N/A,N/A,N/A,1.05,N/A,N/A,N/A,N/A,N/A,N/A,N/A,N/A
2025-09-19 21:36:17,N/A,combat:Z_Pluton__5_Unterst_tzungs_Bataillon_20250913214038:X,combat,Niemcy,Zbieranie informacji o wrogu,N/A,N/A,N/A,N/A,N/A,N/A,N/A,,N/A,0,N/A,N/A,N/A,N/A,N/A,N/A,N/A,N/A,N/A,N/A,N/A,N/A,N/A,N/A,attack_opportunity_scan,N/A,N/A,N/A,Z_Pluton__5_Unterst_tzungs_Bataillon_20250913214038,N/A,N/A,N/A,N/A,N/A,N/A,1.05,N/A,N/A,N/A,N/A,N/A,N/A,N/A,N/A
2025-09-19 21:36:17,,N/A,,Niemcy,turn_summary,TURN_END,N/A,N/A,N/A,N/A,N/A,N/A,"Turn completed: 5/6 units moved, 2 groups (advanced)",,N/A,N/A,N/A,N/A,N/A,N/A,N/A,N/A,N/A,N/A,N/A,N/A,N/A,N/A,N/A,N/A,N/A,N/A,N/A,N/A,N/A,N/A,N/A,N/A,N/A,N/A,N/A,N/A,N/A,N/A,N/A,N/A,N/A,N/A,N/A
2025-09-19 21:36:17,,N/A,,Niemcy,turn_begin,TURN_START,N/A,N/A,N/A,N/A,N/A,N/A,AI Commander turn started for player 6,,N/A,N/A,N/A,N/A,N/A,N/A,N/A,N/A,N/A,N/A,N/A,N/A,N/A,N/A,N/A,N/A,N/A,N/A,N/A,N/A,N/A,N/A,N/A,N/A,N/A,N/A,N/A,N/A,N/A,N/A,N/A,N/A,N/A,N/A,N/A
2025-09-19 21:36:17,,N/A,,Niemcy,resupply_analysis,RESUPPLY_NEEDS,N/A,N/A,N/A,N/A,N/A,N/A,NEEDS_ANALYSIS PRE_RAID_OPTIMIZATION | TOTAL_FUEL_NEEDED: 11 | TOTAL_COMBAT_NEEDED: 0 | TOTAL_PE_NEEDED: 11 | BUDGET_AVAILABLE: 19 | UNITS_REQUIRING_HELP: 9,,N/A,N/A,N/A,N/A,N/A,19,N/A,N/A,N/A,N/A,N/A,N/A,N/A,N/A,11,N/A,N/A,N/A,N/A,N/A,N/A,N/A,N/A,N/A,N/A,N/A,N/A,N/A,N/A,N/A,N/A,N/A,N/A,N/A,N/A
2025-09-19 21:36:17,,N/A,,Niemcy,resupply_detailed,P_Pluton__6_Sch_tzen_Kompanie,N/A,N/A,N/A,N/A,N/A,N/A,phase1 PRE_RAID_OPTIMIZATION | PE_SPENT: fuel=1 combat=0 total=1 | BEFORE: fuel=0 combat=8 | AFTER: fuel=1 combat=8,,N/A,N/A,N/A,N/A,N/A,19,1,1,0,0,1,8,8,N/A,N/A,N/A,N/A,N/A,N/A,N/A,N/A,N/A,N/A,N/A,N/A,N/A,N/A,N/A,N/A,N/A,N/A,N/A,N/A,N/A,N/A
2025-09-19 21:36:17,,N/A,,Niemcy,resupply_detailed,P_Pluton__6_Infanterie_Regiment,N/A,N/A,N/A,N/A,N/A,N/A,phase1 PRE_RAID_OPTIMIZATION | PE_SPENT: fuel=1 combat=0 total=1 | BEFORE: fuel=0 combat=8 | AFTER: fuel=1 combat=8,,N/A,N/A,N/A,N/A,N/A,19,1,1,0,0,1,8,8,N/A,N/A,N/A,N/A,N/A,N/A,N/A,N/A,N/A,N/A,N/A,N/A,N/A,N/A,N/A,N/A,N/A,N/A,N/A,N/A,N/A,N/A
2025-09-19 21:36:17,,N/A,,Niemcy,resupply_detailed,P_Pluton__6_Grenadier_Bataillon,N/A,N/A,N/A,N/A,N/A,N/A,phase1 PRE_RAID_OPTIMIZATION | PE_SPENT: fuel=1 combat=0 total=1 | BEFORE: fuel=1 combat=8 | AFTER: fuel=2 combat=8,,N/A,N/A,N/A,N/A,N/A,19,1,1,0,1,2,8,8,N/A,N/A,N/A,N/A,N/A,N/A,N/A,N/A,N/A,N/A,N/A,N/A,N/A,N/A,N/A,N/A,N/A,N/A,N/A,N/A,N/A,N/A
2025-09-19 21:36:17,,N/A,,Niemcy,resupply_detailed,P_Kompania__6_Sch_tzen_Kompanie,N/A,N/A,N/A,N/A,N/A,N/A,phase1 PRE_RAID_OPTIMIZATION | PE_SPENT: fuel=1 combat=0 total=1 | BEFORE: fuel=1 combat=11 | AFTER: fuel=2 combat=11,,N/A,N/A,N/A,N/A,N/A,19,1,1,0,1,2,11,11,N/A,N/A,N/A,N/A,N/A,N/A,N/A,N/A,N/A,N/A,N/A,N/A,N/A,N/A,N/A,N/A,N/A,N/A,N/A,N/A,N/A,N/A
2025-09-19 21:36:17,,N/A,,Niemcy,resupply_summary,RESUPPLY_SUMMARY,N/A,N/A,N/A,N/A,N/A,N/A,SUMMARY PRE_RAID_OPTIMIZATION | PE_SPENT_TOTAL: 4 | PE_REMAINING: 20,,N/A,N/A,N/A,N/A,N/A,N/A,4,N/A,N/A,N/A,N/A,N/A,N/A,20,N/A,N/A,N/A,N/A,N/A,N/A,N/A,N/A,N/A,N/A,N/A,N/A,N/A,N/A,N/A,N/A,N/A,N/A,N/A,N/A,N/A
2025-09-19 21:36:17,,N/A,,Niemcy,resupply_summary,RESUPPLY_OPERATION,N/A,N/A,N/A,N/A,N/A,N/A,RESUPPLY_SUMMARY PRE_RAID_OPTIMIZATION | TOTAL_PE_SPENT: 4 | UNITS_RESUPPLIED: 4/9 | BUDGET_ALLOCATED: 19 | PE_REMAINING: 20,,N/A,N/A,N/A,N/A,N/A,N/A,N/A,N/A,N/A,N/A,N/A,N/A,N/A,N/A,N/A,N/A,N/A,N/A,N/A,N/A,N/A,N/A,N/A,N/A,N/A,N/A,N/A,N/A,N/A,N/A,N/A,N/A,N/A,N/A,N/A
2025-09-19 21:36:17,N/A,N/A,target_selection,Niemcy,target_analysis,N/A,N/A,29,N/A,N/A,N/A,N/A,999,N/A,29,-1,N/A,False,N/A,N/A,N/A,N/A,N/A,N/A,N/A,N/A,N/A,N/A,N/A,N/A,N/A,N/A,N/A,N/A,N/A,N/A,N/A,N/A,N/A,N/A,N/A,N/A,N/A,N/A,N/A,N/A,N/A,N/A,N/A
2025-09-19 21:36:17,N/A,N/A,movement,Unknown,Kontrolowane wycofanie,N/A,N/A,2,N/A,N/A,N/A,N/A,N/A,0,20,25,N/A,N/A,N/A,N/A,N/A,N/A,N/A,N/A,N/A,N/A,N/A,N/A,N/A,path_planned,N/A,N/A,N/A,P_Pluton__6_Sch_tzen_Kompanie,N/A,39,2,39,3,N/A,N/A,N/A,N/A,N/A,N/A,N/A,N/A,N/A,N/A
2025-09-19 21:36:17,,N/A,,Niemcy,second_move,P_Pluton__6_Sch_tzen_Kompanie,N/A,N/A,N/A,N/A,N/A,N/A,second_chance after PRE_RAID_OPTIMIZATION,,N/A,N/A,N/A,N/A,N/A,N/A,N/A,N/A,N/A,N/A,N/A,N/A,N/A,N/A,N/A,N/A,N/A,N/A,N/A,N/A,N/A,N/A,N/A,N/A,N/A,N/A,N/A,N/A,N/A,N/A,N/A,N/A,N/A,N/A,N/A
2025-09-19 21:36:17,N/A,N/A,target_selection,Niemcy,target_analysis,N/A,N/A,29,N/A,N/A,N/A,N/A,999,N/A,29,-1,N/A,False,N/A,N/A,N/A,N/A,N/A,N/A,N/A,N/A,N/A,N/A,N/A,N/A,N/A,N/A,N/A,N/A,N/A,N/A,N/A,N/A,N/A,N/A,N/A,N/A,N/A,N/A,N/A,N/A,N/A,N/A,N/A
2025-09-19 21:36:17,N/A,N/A,movement,Unknown,Kontrolowane wycofanie,N/A,N/A,2,N/A,N/A,N/A,N/A,N/A,0,20,25,N/A,N/A,N/A,N/A,N/A,N/A,N/A,N/A,N/A,N/A,N/A,N/A,N/A,path_planned,N/A,N/A,N/A,P_Pluton__6_Infanterie_Regiment,N/A,39,2,38,3,N/A,N/A,N/A,N/A,N/A,N/A,N/A,N/A,N/A,N/A
2025-09-19 21:36:17,,N/A,,Niemcy,second_move,P_Pluton__6_Infanterie_Regiment,N/A,N/A,N/A,N/A,N/A,N/A,second_chance after PRE_RAID_OPTIMIZATION,,N/A,N/A,N/A,N/A,N/A,N/A,N/A,N/A,N/A,N/A,N/A,N/A,N/A,N/A,N/A,N/A,N/A,N/A,N/A,N/A,N/A,N/A,N/A,N/A,N/A,N/A,N/A,N/A,N/A,N/A,N/A,N/A,N/A,N/A,N/A
2025-09-19 21:36:17,N/A,N/A,target_selection,Niemcy,target_analysis,N/A,N/A,29,N/A,N/A,N/A,N/A,999,N/A,29,-1,N/A,False,N/A,N/A,N/A,N/A,N/A,N/A,N/A,N/A,N/A,N/A,N/A,N/A,N/A,N/A,N/A,N/A,N/A,N/A,N/A,N/A,N/A,N/A,N/A,N/A,N/A,N/A,N/A,N/A,N/A,N/A,N/A
2025-09-19 21:36:17,N/A,N/A,movement,Unknown,Kontrolowane wycofanie,N/A,N/A,3,N/A,N/A,N/A,N/A,N/A,0,20,20,N/A,N/A,N/A,N/A,N/A,N/A,N/A,N/A,N/A,N/A,N/A,N/A,N/A,path_planned,N/A,N/A,N/A,P_Pluton__6_Grenadier_Bataillon,N/A,49,-9,51,-9,N/A,N/A,N/A,N/A,N/A,N/A,N/A,N/A,N/A,N/A
2025-09-19 21:36:17,,N/A,,Niemcy,second_move,P_Pluton__6_Grenadier_Bataillon,N/A,N/A,N/A,N/A,N/A,N/A,second_chance after PRE_RAID_OPTIMIZATION,,N/A,N/A,N/A,N/A,N/A,N/A,N/A,N/A,N/A,N/A,N/A,N/A,N/A,N/A,N/A,N/A,N/A,N/A,N/A,N/A,N/A,N/A,N/A,N/A,N/A,N/A,N/A,N/A,N/A,N/A,N/A,N/A,N/A,N/A,N/A
2025-09-19 21:36:17,N/A,N/A,target_selection,Niemcy,target_analysis,N/A,N/A,29,N/A,N/A,N/A,N/A,999,N/A,29,-1,N/A,False,N/A,N/A,N/A,N/A,N/A,N/A,N/A,N/A,N/A,N/A,N/A,N/A,N/A,N/A,N/A,N/A,N/A,N/A,N/A,N/A,N/A,N/A,N/A,N/A,N/A,N/A,N/A,N/A,N/A,N/A,N/A
2025-09-19 21:36:17,N/A,N/A,movement,Unknown,Kontrolowane wycofanie,N/A,N/A,3,N/A,N/A,N/A,N/A,N/A,0,20,20,N/A,N/A,N/A,N/A,N/A,N/A,N/A,N/A,N/A,N/A,N/A,N/A,N/A,path_planned,N/A,N/A,N/A,P_Kompania__6_Sch_tzen_Kompanie,N/A,49,-9,47,-9,N/A,N/A,N/A,N/A,N/A,N/A,N/A,N/A,N/A,N/A
2025-09-19 21:36:17,,N/A,,Niemcy,second_move,P_Kompania__6_Sch_tzen_Kompanie,N/A,N/A,N/A,N/A,N/A,N/A,second_chance after PRE_RAID_OPTIMIZATION,,N/A,N/A,N/A,N/A,N/A,N/A,N/A,N/A,N/A,N/A,N/A,N/A,N/A,N/A,N/A,N/A,N/A,N/A,N/A,N/A,N/A,N/A,N/A,N/A,N/A,N/A,N/A,N/A,N/A,N/A,N/A,N/A,N/A,N/A,N/A
2025-09-19 21:36:17,N/A,N/A,target_selection,Niemcy,target_analysis,N/A,N/A,29,N/A,N/A,N/A,N/A,999,N/A,29,-1,N/A,False,N/A,N/A,N/A,N/A,N/A,N/A,N/A,N/A,N/A,N/A,N/A,N/A,N/A,N/A,N/A,N/A,N/A,N/A,N/A,N/A,N/A,N/A,N/A,N/A,N/A,N/A,N/A,N/A,N/A,N/A,N/A
2025-09-19 21:36:17,N/A,N/A,movement,Unknown,Kontrolowane wycofanie,N/A,N/A,4,N/A,N/A,N/A,N/A,N/A,0,20,20,N/A,N/A,N/A,N/A,N/A,N/A,N/A,N/A,N/A,N/A,N/A,N/A,N/A,path_planned,N/A,N/A,N/A,Z_Pluton__6_Unterst_tzungs_Bataillon_20250913214051,N/A,36,6,36,9,N/A,N/A,N/A,N/A,N/A,N/A,N/A,N/A,N/A,N/A
2025-09-19 21:36:17,,N/A,,Niemcy,second_move,Z_Pluton__6_Unterst_tzungs_Bataillon_20250913214051,N/A,N/A,N/A,N/A,N/A,N/A,second_chance after PRE_RAID_OPTIMIZATION,,N/A,N/A,N/A,N/A,N/A,N/A,N/A,N/A,N/A,N/A,N/A,N/A,N/A,N/A,N/A,N/A,N/A,N/A,N/A,N/A,N/A,N/A,N/A,N/A,N/A,N/A,N/A,N/A,N/A,N/A,N/A,N/A,N/A,N/A,N/A
2025-09-19 21:36:17,N/A,N/A,target_selection,Niemcy,target_analysis,N/A,N/A,29,N/A,N/A,N/A,N/A,1,N/A,29,30.0,N/A,False,N/A,N/A,N/A,N/A,N/A,N/A,N/A,N/A,N/A,N/A,N/A,N/A,N/A,N/A,N/A,N/A,N/A,N/A,N/A,N/A,N/A,N/A,N/A,N/A,N/A,N/A,N/A,N/A,N/A,N/A,N/A
2025-09-19 21:36:17,N/A,N/A,movement,Unknown,Kontrolowane wycofanie,N/A,N/A,2,N/A,N/A,N/A,N/A,N/A,0,20,20,N/A,N/A,N/A,N/A,N/A,N/A,N/A,N/A,N/A,N/A,N/A,N/A,N/A,path_planned,N/A,N/A,N/A,Z_Batalion__6_Versorgungs_Kompanie,N/A,51,-13,51,-12,N/A,N/A,N/A,N/A,N/A,N/A,N/A,N/A,N/A,N/A
2025-09-19 21:36:17,,N/A,,Niemcy,second_move,Z_Batalion__6_Versorgungs_Kompanie,N/A,N/A,N/A,N/A,N/A,N/A,second_chance after PRE_RAID_OPTIMIZATION,,N/A,N/A,N/A,N/A,N/A,N/A,N/A,N/A,N/A,N/A,N/A,N/A,N/A,N/A,N/A,N/A,N/A,N/A,N/A,N/A,N/A,N/A,N/A,N/A,N/A,N/A,N/A,N/A,N/A,N/A,N/A,N/A,N/A,N/A,N/A
2025-09-19 21:36:17,N/A,N/A,target_selection,Niemcy,target_analysis,N/A,N/A,29,N/A,N/A,N/A,N/A,1,N/A,29,30.0,N/A,False,N/A,N/A,N/A,N/A,N/A,N/A,N/A,N/A,N/A,N/A,N/A,N/A,N/A,N/A,N/A,N/A,N/A,N/A,N/A,N/A,N/A,N/A,N/A,N/A,N/A,N/A,N/A,N/A,N/A,N/A,N/A
2025-09-19 21:36:17,N/A,N/A,movement,Unknown,Kontrolowane wycofanie,N/A,N/A,2,N/A,N/A,N/A,N/A,N/A,0,20,20,N/A,N/A,N/A,N/A,N/A,N/A,N/A,N/A,N/A,N/A,N/A,N/A,N/A,path_planned,N/A,N/A,N/A,Z_Pluton__6_Unterst_tzungs_Bataillon_20250913214048,N/A,51,-13,52,-13,N/A,N/A,N/A,N/A,N/A,N/A,N/A,N/A,N/A,N/A
2025-09-19 21:36:17,,N/A,,Niemcy,second_move,Z_Pluton__6_Unterst_tzungs_Bataillon_20250913214048,N/A,N/A,N/A,N/A,N/A,N/A,second_chance after PRE_RAID_OPTIMIZATION,,N/A,N/A,N/A,N/A,N/A,N/A,N/A,N/A,N/A,N/A,N/A,N/A,N/A,N/A,N/A,N/A,N/A,N/A,N/A,N/A,N/A,N/A,N/A,N/A,N/A,N/A,N/A,N/A,N/A,N/A,N/A,N/A,N/A,N/A,N/A
2025-09-19 21:36:17,N/A,N/A,target_selection,Niemcy,target_analysis,N/A,N/A,29,N/A,N/A,N/A,N/A,1,N/A,29,30.0,N/A,False,N/A,N/A,N/A,N/A,N/A,N/A,N/A,N/A,N/A,N/A,N/A,N/A,N/A,N/A,N/A,N/A,N/A,N/A,N/A,N/A,N/A,N/A,N/A,N/A,N/A,N/A,N/A,N/A,N/A,N/A,N/A
2025-09-19 21:36:17,N/A,N/A,movement,Unknown,Kontrolowane wycofanie,N/A,N/A,2,N/A,N/A,N/A,N/A,N/A,0,20,20,N/A,N/A,N/A,N/A,N/A,N/A,N/A,N/A,N/A,N/A,N/A,N/A,N/A,path_planned,N/A,N/A,N/A,Z_Pluton__6_Versorgungs_Kompanie,N/A,51,-13,50,-12,N/A,N/A,N/A,N/A,N/A,N/A,N/A,N/A,N/A,N/A
2025-09-19 21:36:17,,N/A,,Niemcy,second_move,Z_Pluton__6_Versorgungs_Kompanie,N/A,N/A,N/A,N/A,N/A,N/A,second_chance after PRE_RAID_OPTIMIZATION,,N/A,N/A,N/A,N/A,N/A,N/A,N/A,N/A,N/A,N/A,N/A,N/A,N/A,N/A,N/A,N/A,N/A,N/A,N/A,N/A,N/A,N/A,N/A,N/A,N/A,N/A,N/A,N/A,N/A,N/A,N/A,N/A,N/A,N/A,N/A
2025-09-19 21:36:17,N/A,N/A,target_selection,Niemcy,target_analysis,N/A,N/A,29,N/A,N/A,N/A,N/A,999,N/A,29,-1,N/A,False,N/A,N/A,N/A,N/A,N/A,N/A,N/A,N/A,N/A,N/A,N/A,N/A,N/A,N/A,N/A,N/A,N/A,N/A,N/A,N/A,N/A,N/A,N/A,N/A,N/A,N/A,N/A,N/A,N/A,N/A,N/A
2025-09-19 21:36:17,N/A,N/A,movement,Unknown,Kontrolowane wycofanie,N/A,N/A,4,N/A,N/A,N/A,N/A,N/A,0,20,20,N/A,N/A,N/A,N/A,N/A,N/A,N/A,N/A,N/A,N/A,N/A,N/A,N/A,path_planned,N/A,N/A,N/A,Z_Pluton__6_Unterst_tzungs_Bataillon,N/A,51,-13,51,-16,N/A,N/A,N/A,N/A,N/A,N/A,N/A,N/A,N/A,N/A
2025-09-19 21:36:17,,N/A,,Niemcy,second_move,Z_Pluton__6_Unterst_tzungs_Bataillon,N/A,N/A,N/A,N/A,N/A,N/A,second_chance after PRE_RAID_OPTIMIZATION,,N/A,N/A,N/A,N/A,N/A,N/A,N/A,N/A,N/A,N/A,N/A,N/A,N/A,N/A,N/A,N/A,N/A,N/A,N/A,N/A,N/A,N/A,N/A,N/A,N/A,N/A,N/A,N/A,N/A,N/A,N/A,N/A,N/A,N/A,N/A
2025-09-19 21:36:17,,N/A,,Niemcy,resupply_analysis,RESUPPLY_NEEDS,N/A,N/A,N/A,N/A,N/A,N/A,NEEDS_ANALYSIS MULTI_TURN_START | TOTAL_FUEL_NEEDED: 16 | TOTAL_COMBAT_NEEDED: 0 | TOTAL_PE_NEEDED: 16 | BUDGET_AVAILABLE: 18 | UNITS_REQUIRING_HELP: 9,,N/A,N/A,N/A,N/A,N/A,18,N/A,N/A,N/A,N/A,N/A,N/A,N/A,N/A,16,N/A,N/A,N/A,N/A,N/A,N/A,N/A,N/A,N/A,N/A,N/A,N/A,N/A,N/A,N/A,N/A,N/A,N/A,N/A,N/A
2025-09-19 21:36:17,,N/A,,Niemcy,resupply_detailed,P_Pluton__6_Sch_tzen_Kompanie,N/A,N/A,N/A,N/A,N/A,N/A,phase1 MULTI_TURN_START | PE_SPENT: fuel=1 combat=0 total=1 | BEFORE: fuel=0 combat=8 | AFTER: fuel=1 combat=8,,N/A,N/A,N/A,N/A,N/A,18,1,1,0,0,1,8,8,N/A,N/A,N/A,N/A,N/A,N/A,N/A,N/A,N/A,N/A,N/A,N/A,N/A,N/A,N/A,N/A,N/A,N/A,N/A,N/A,N/A,N/A
2025-09-19 21:36:17,,N/A,,Niemcy,resupply_detailed,P_Pluton__6_Infanterie_Regiment,N/A,N/A,N/A,N/A,N/A,N/A,phase1 MULTI_TURN_START | PE_SPENT: fuel=1 combat=0 total=1 | BEFORE: fuel=0 combat=8 | AFTER: fuel=1 combat=8,,N/A,N/A,N/A,N/A,N/A,18,1,1,0,0,1,8,8,N/A,N/A,N/A,N/A,N/A,N/A,N/A,N/A,N/A,N/A,N/A,N/A,N/A,N/A,N/A,N/A,N/A,N/A,N/A,N/A,N/A,N/A
2025-09-19 21:36:17,,N/A,,Niemcy,resupply_detailed,Z_Pluton__6_Unterst_tzungs_Bataillon_20250913214051,N/A,N/A,N/A,N/A,N/A,N/A,phase1 MULTI_TURN_START | PE_SPENT: fuel=1 combat=0 total=1 | BEFORE: fuel=2 combat=4 | AFTER: fuel=3 combat=4,,N/A,N/A,N/A,N/A,N/A,18,1,1,0,2,3,4,4,N/A,N/A,N/A,N/A,N/A,N/A,N/A,N/A,N/A,N/A,N/A,N/A,N/A,N/A,N/A,N/A,N/A,N/A,N/A,N/A,N/A,N/A
2025-09-19 21:36:17,,N/A,,Niemcy,resupply_detailed,P_Pluton__6_Grenadier_Bataillon,N/A,N/A,N/A,N/A,N/A,N/A,phase1 MULTI_TURN_START | PE_SPENT: fuel=1 combat=0 total=1 | BEFORE: fuel=1 combat=8 | AFTER: fuel=2 combat=8,,N/A,N/A,N/A,N/A,N/A,18,1,1,0,1,2,8,8,N/A,N/A,N/A,N/A,N/A,N/A,N/A,N/A,N/A,N/A,N/A,N/A,N/A,N/A,N/A,N/A,N/A,N/A,N/A,N/A,N/A,N/A
2025-09-19 21:36:17,,N/A,,Niemcy,resupply_detailed,Z_Batalion__6_Versorgungs_Kompanie,N/A,N/A,N/A,N/A,N/A,N/A,phase1 MULTI_TURN_START | PE_SPENT: fuel=1 combat=0 total=1 | BEFORE: fuel=2 combat=7 | AFTER: fuel=3 combat=7,,N/A,N/A,N/A,N/A,N/A,18,1,1,0,2,3,7,7,N/A,N/A,N/A,N/A,N/A,N/A,N/A,N/A,N/A,N/A,N/A,N/A,N/A,N/A,N/A,N/A,N/A,N/A,N/A,N/A,N/A,near_target_critical
2025-09-19 21:36:17,,N/A,,Niemcy,resupply_detailed,Z_Pluton__6_Unterst_tzungs_Bataillon_20250913214048,N/A,N/A,N/A,N/A,N/A,N/A,phase1 MULTI_TURN_START | PE_SPENT: fuel=1 combat=0 total=1 | BEFORE: fuel=2 combat=4 | AFTER: fuel=3 combat=4,,N/A,N/A,N/A,N/A,N/A,18,1,1,0,2,3,4,4,N/A,N/A,N/A,N/A,N/A,N/A,N/A,N/A,N/A,N/A,N/A,N/A,N/A,N/A,N/A,N/A,N/A,N/A,N/A,N/A,N/A,near_target_critical
2025-09-19 21:36:17,,N/A,,Niemcy,resupply_detailed,P_Kompania__6_Sch_tzen_Kompanie,N/A,N/A,N/A,N/A,N/A,N/A,phase1 MULTI_TURN_START | PE_SPENT: fuel=1 combat=0 total=1 | BEFORE: fuel=1 combat=11 | AFTER: fuel=2 combat=11,,N/A,N/A,N/A,N/A,N/A,18,1,1,0,1,2,11,11,N/A,N/A,N/A,N/A,N/A,N/A,N/A,N/A,N/A,N/A,N/A,N/A,N/A,N/A,N/A,N/A,N/A,N/A,N/A,N/A,N/A,N/A
2025-09-19 21:36:17,,N/A,,Niemcy,resupply_detailed,Z_Pluton__6_Versorgungs_Kompanie,N/A,N/A,N/A,N/A,N/A,N/A,phase1 MULTI_TURN_START | PE_SPENT: fuel=1 combat=0 total=1 | BEFORE: fuel=2 combat=4 | AFTER: fuel=3 combat=4,,N/A,N/A,N/A,N/A,N/A,18,1,1,0,2,3,4,4,N/A,N/A,N/A,N/A,N/A,N/A,N/A,N/A,N/A,N/A,N/A,N/A,N/A,N/A,N/A,N/A,N/A,N/A,N/A,N/A,N/A,near_target_critical
2025-09-19 21:36:17,,N/A,,Niemcy,resupply_detailed,Z_Pluton__6_Unterst_tzungs_Bataillon,N/A,N/A,N/A,N/A,N/A,N/A,phase1 MULTI_TURN_START | PE_SPENT: fuel=1 combat=0 total=1 | BEFORE: fuel=2 combat=4 | AFTER: fuel=3 combat=4,,N/A,N/A,N/A,N/A,N/A,18,1,1,0,2,3,4,4,N/A,N/A,N/A,N/A,N/A,N/A,N/A,N/A,N/A,N/A,N/A,N/A,N/A,N/A,N/A,N/A,N/A,N/A,N/A,N/A,N/A,N/A
2025-09-19 21:36:17,,N/A,,Niemcy,resupply_summary,RESUPPLY_SUMMARY,N/A,N/A,N/A,N/A,N/A,N/A,SUMMARY MULTI_TURN_START | PE_SPENT_TOTAL: 9 | PE_REMAINING: 11,,N/A,N/A,N/A,N/A,N/A,N/A,9,N/A,N/A,N/A,N/A,N/A,N/A,11,N/A,N/A,N/A,N/A,N/A,N/A,N/A,N/A,N/A,N/A,N/A,N/A,N/A,N/A,N/A,N/A,N/A,N/A,N/A,N/A,N/A
2025-09-19 21:36:17,,N/A,,Niemcy,resupply_summary,RESUPPLY_OPERATION,N/A,N/A,N/A,N/A,N/A,N/A,RESUPPLY_SUMMARY MULTI_TURN_START | TOTAL_PE_SPENT: 9 | UNITS_RESUPPLIED: 9/9 | BUDGET_ALLOCATED: 18 | PE_REMAINING: 11,,N/A,N/A,N/A,N/A,N/A,N/A,N/A,N/A,N/A,N/A,N/A,N/A,N/A,N/A,N/A,N/A,N/A,N/A,N/A,N/A,N/A,N/A,N/A,N/A,N/A,N/A,N/A,N/A,N/A,N/A,N/A,N/A,N/A,N/A,N/A
2025-09-19 21:36:17,N/A,N/A,target_selection,Niemcy,target_analysis,N/A,N/A,29,N/A,N/A,N/A,N/A,999,N/A,29,-1,N/A,False,N/A,N/A,N/A,N/A,N/A,N/A,N/A,N/A,N/A,N/A,N/A,N/A,N/A,N/A,N/A,N/A,N/A,N/A,N/A,N/A,N/A,N/A,N/A,N/A,N/A,N/A,N/A,N/A,N/A,N/A,N/A
2025-09-19 21:36:17,N/A,N/A,movement,Unknown,Kontrolowane wycofanie,N/A,N/A,2,N/A,N/A,N/A,N/A,N/A,0,20,25,N/A,N/A,N/A,N/A,N/A,N/A,N/A,N/A,N/A,N/A,N/A,N/A,N/A,path_planned,N/A,N/A,N/A,P_Pluton__6_Sch_tzen_Kompanie,N/A,39,3,40,3,N/A,N/A,N/A,N/A,N/A,N/A,N/A,N/A,N/A,N/A
2025-09-19 21:36:17,,N/A,,Niemcy,second_move,P_Pluton__6_Sch_tzen_Kompanie,N/A,N/A,N/A,N/A,N/A,N/A,second_chance after MULTI_TURN_START,,N/A,N/A,N/A,N/A,N/A,N/A,N/A,N/A,N/A,N/A,N/A,N/A,N/A,N/A,N/A,N/A,N/A,N/A,N/A,N/A,N/A,N/A,N/A,N/A,N/A,N/A,N/A,N/A,N/A,N/A,N/A,N/A,N/A,N/A,N/A
2025-09-19 21:36:17,N/A,N/A,target_selection,Niemcy,target_analysis,N/A,N/A,29,N/A,N/A,N/A,N/A,999,N/A,29,-1,N/A,False,N/A,N/A,N/A,N/A,N/A,N/A,N/A,N/A,N/A,N/A,N/A,N/A,N/A,N/A,N/A,N/A,N/A,N/A,N/A,N/A,N/A,N/A,N/A,N/A,N/A,N/A,N/A,N/A,N/A,N/A,N/A
2025-09-19 21:36:17,N/A,N/A,movement,Unknown,Kontrolowane wycofanie,N/A,N/A,2,N/A,N/A,N/A,N/A,N/A,0,20,25,N/A,N/A,N/A,N/A,N/A,N/A,N/A,N/A,N/A,N/A,N/A,N/A,N/A,path_planned,N/A,N/A,N/A,P_Pluton__6_Infanterie_Regiment,N/A,38,3,39,3,N/A,N/A,N/A,N/A,N/A,N/A,N/A,N/A,N/A,N/A
2025-09-19 21:36:17,,N/A,,Niemcy,second_move,P_Pluton__6_Infanterie_Regiment,N/A,N/A,N/A,N/A,N/A,N/A,second_chance after MULTI_TURN_START,,N/A,N/A,N/A,N/A,N/A,N/A,N/A,N/A,N/A,N/A,N/A,N/A,N/A,N/A,N/A,N/A,N/A,N/A,N/A,N/A,N/A,N/A,N/A,N/A,N/A,N/A,N/A,N/A,N/A,N/A,N/A,N/A,N/A,N/A,N/A
2025-09-19 21:36:17,N/A,N/A,target_selection,Niemcy,target_analysis,N/A,N/A,29,N/A,N/A,N/A,N/A,999,N/A,29,-1,N/A,False,N/A,N/A,N/A,N/A,N/A,N/A,N/A,N/A,N/A,N/A,N/A,N/A,N/A,N/A,N/A,N/A,N/A,N/A,N/A,N/A,N/A,N/A,N/A,N/A,N/A,N/A,N/A,N/A,N/A,N/A,N/A
2025-09-19 21:36:17,N/A,N/A,movement,Unknown,Kontrolowane wycofanie,N/A,N/A,4,N/A,N/A,N/A,N/A,N/A,0,20,20,N/A,N/A,N/A,N/A,N/A,N/A,N/A,N/A,N/A,N/A,N/A,N/A,N/A,path_planned,N/A,N/A,N/A,Z_Pluton__6_Unterst_tzungs_Bataillon_20250913214051,N/A,36,9,39,9,N/A,N/A,N/A,N/A,N/A,N/A,N/A,N/A,N/A,N/A
2025-09-19 21:36:17,,N/A,,Niemcy,second_move,Z_Pluton__6_Unterst_tzungs_Bataillon_20250913214051,N/A,N/A,N/A,N/A,N/A,N/A,second_chance after MULTI_TURN_START,,N/A,N/A,N/A,N/A,N/A,N/A,N/A,N/A,N/A,N/A,N/A,N/A,N/A,N/A,N/A,N/A,N/A,N/A,N/A,N/A,N/A,N/A,N/A,N/A,N/A,N/A,N/A,N/A,N/A,N/A,N/A,N/A,N/A,N/A,N/A
2025-09-19 21:36:17,N/A,N/A,target_selection,Niemcy,target_analysis,N/A,N/A,29,N/A,N/A,N/A,N/A,999,N/A,29,-1,N/A,False,N/A,N/A,N/A,N/A,N/A,N/A,N/A,N/A,N/A,N/A,N/A,N/A,N/A,N/A,N/A,N/A,N/A,N/A,N/A,N/A,N/A,N/A,N/A,N/A,N/A,N/A,N/A,N/A,N/A,N/A,N/A
2025-09-19 21:36:17,N/A,N/A,movement,Unknown,Kontrolowane wycofanie,N/A,N/A,3,N/A,N/A,N/A,N/A,N/A,0,20,20,N/A,N/A,N/A,N/A,N/A,N/A,N/A,N/A,N/A,N/A,N/A,N/A,N/A,path_planned,N/A,N/A,N/A,P_Pluton__6_Grenadier_Bataillon,N/A,51,-9,49,-7,N/A,N/A,N/A,N/A,N/A,N/A,N/A,N/A,N/A,N/A
2025-09-19 21:36:17,,N/A,,Niemcy,second_move,P_Pluton__6_Grenadier_Bataillon,N/A,N/A,N/A,N/A,N/A,N/A,second_chance after MULTI_TURN_START,,N/A,N/A,N/A,N/A,N/A,N/A,N/A,N/A,N/A,N/A,N/A,N/A,N/A,N/A,N/A,N/A,N/A,N/A,N/A,N/A,N/A,N/A,N/A,N/A,N/A,N/A,N/A,N/A,N/A,N/A,N/A,N/A,N/A,N/A,N/A
2025-09-19 21:36:18,N/A,N/A,target_selection,Niemcy,target_analysis,N/A,N/A,29,N/A,N/A,N/A,N/A,1,N/A,29,30.0,N/A,False,N/A,N/A,N/A,N/A,N/A,N/A,N/A,N/A,N/A,N/A,N/A,N/A,N/A,N/A,N/A,N/A,N/A,N/A,N/A,N/A,N/A,N/A,N/A,N/A,N/A,N/A,N/A,N/A,N/A,N/A,N/A
2025-09-19 21:36:18,N/A,N/A,movement,Unknown,Kontrolowane wycofanie,N/A,N/A,2,N/A,N/A,N/A,N/A,N/A,0,20,20,N/A,N/A,N/A,N/A,N/A,N/A,N/A,N/A,N/A,N/A,N/A,N/A,N/A,path_planned,N/A,N/A,N/A,Z_Batalion__6_Versorgungs_Kompanie,N/A,51,-12,51,-13,N/A,N/A,N/A,N/A,N/A,N/A,N/A,N/A,N/A,N/A
2025-09-19 21:36:18,,N/A,,Niemcy,second_move,Z_Batalion__6_Versorgungs_Kompanie,N/A,N/A,N/A,N/A,N/A,N/A,second_chance after MULTI_TURN_START,,N/A,N/A,N/A,N/A,N/A,N/A,N/A,N/A,N/A,N/A,N/A,N/A,N/A,N/A,N/A,N/A,N/A,N/A,N/A,N/A,N/A,N/A,N/A,N/A,N/A,N/A,N/A,N/A,N/A,N/A,N/A,N/A,N/A,N/A,N/A
2025-09-19 21:36:18,N/A,N/A,target_selection,Niemcy,target_analysis,N/A,N/A,29,N/A,N/A,N/A,N/A,1,N/A,29,30.0,N/A,False,N/A,N/A,N/A,N/A,N/A,N/A,N/A,N/A,N/A,N/A,N/A,N/A,N/A,N/A,N/A,N/A,N/A,N/A,N/A,N/A,N/A,N/A,N/A,N/A,N/A,N/A,N/A,N/A,N/A,N/A,N/A
2025-09-19 21:36:18,N/A,N/A,movement,Unknown,Kontrolowane wycofanie,N/A,N/A,2,N/A,N/A,N/A,N/A,N/A,0,20,20,N/A,N/A,N/A,N/A,N/A,N/A,N/A,N/A,N/A,N/A,N/A,N/A,N/A,path_planned,N/A,N/A,N/A,Z_Pluton__6_Unterst_tzungs_Bataillon_20250913214048,N/A,52,-13,51,-12,N/A,N/A,N/A,N/A,N/A,N/A,N/A,N/A,N/A,N/A
2025-09-19 21:36:18,,N/A,,Niemcy,second_move,Z_Pluton__6_Unterst_tzungs_Bataillon_20250913214048,N/A,N/A,N/A,N/A,N/A,N/A,second_chance after MULTI_TURN_START,,N/A,N/A,N/A,N/A,N/A,N/A,N/A,N/A,N/A,N/A,N/A,N/A,N/A,N/A,N/A,N/A,N/A,N/A,N/A,N/A,N/A,N/A,N/A,N/A,N/A,N/A,N/A,N/A,N/A,N/A,N/A,N/A,N/A,N/A,N/A
2025-09-19 21:36:18,N/A,N/A,target_selection,Niemcy,target_analysis,N/A,N/A,29,N/A,N/A,N/A,N/A,999,N/A,29,-1,N/A,False,N/A,N/A,N/A,N/A,N/A,N/A,N/A,N/A,N/A,N/A,N/A,N/A,N/A,N/A,N/A,N/A,N/A,N/A,N/A,N/A,N/A,N/A,N/A,N/A,N/A,N/A,N/A,N/A,N/A,N/A,N/A
2025-09-19 21:36:18,N/A,N/A,movement,Unknown,Kontrolowane wycofanie,N/A,N/A,3,N/A,N/A,N/A,N/A,N/A,0,20,20,N/A,N/A,N/A,N/A,N/A,N/A,N/A,N/A,N/A,N/A,N/A,N/A,N/A,path_planned,N/A,N/A,N/A,P_Kompania__6_Sch_tzen_Kompanie,N/A,47,-9,49,-9,N/A,N/A,N/A,N/A,N/A,N/A,N/A,N/A,N/A,N/A
2025-09-19 21:36:18,,N/A,,Niemcy,second_move,P_Kompania__6_Sch_tzen_Kompanie,N/A,N/A,N/A,N/A,N/A,N/A,second_chance after MULTI_TURN_START,,N/A,N/A,N/A,N/A,N/A,N/A,N/A,N/A,N/A,N/A,N/A,N/A,N/A,N/A,N/A,N/A,N/A,N/A,N/A,N/A,N/A,N/A,N/A,N/A,N/A,N/A,N/A,N/A,N/A,N/A,N/A,N/A,N/A,N/A,N/A
2025-09-19 21:36:18,N/A,N/A,target_selection,Niemcy,target_analysis,N/A,N/A,29,N/A,N/A,N/A,N/A,1,N/A,29,30.0,N/A,False,N/A,N/A,N/A,N/A,N/A,N/A,N/A,N/A,N/A,N/A,N/A,N/A,N/A,N/A,N/A,N/A,N/A,N/A,N/A,N/A,N/A,N/A,N/A,N/A,N/A,N/A,N/A,N/A,N/A,N/A,N/A
2025-09-19 21:36:18,N/A,N/A,movement,Unknown,Kontrolowane wycofanie,N/A,N/A,2,N/A,N/A,N/A,N/A,N/A,0,20,20,N/A,N/A,N/A,N/A,N/A,N/A,N/A,N/A,N/A,N/A,N/A,N/A,N/A,path_planned,N/A,N/A,N/A,Z_Pluton__6_Versorgungs_Kompanie,N/A,50,-12,50,-11,N/A,N/A,N/A,N/A,N/A,N/A,N/A,N/A,N/A,N/A
2025-09-19 21:36:18,,N/A,,Niemcy,second_move,Z_Pluton__6_Versorgungs_Kompanie,N/A,N/A,N/A,N/A,N/A,N/A,second_chance after MULTI_TURN_START,,N/A,N/A,N/A,N/A,N/A,N/A,N/A,N/A,N/A,N/A,N/A,N/A,N/A,N/A,N/A,N/A,N/A,N/A,N/A,N/A,N/A,N/A,N/A,N/A,N/A,N/A,N/A,N/A,N/A,N/A,N/A,N/A,N/A,N/A,N/A
2025-09-19 21:36:18,N/A,N/A,target_selection,Niemcy,target_analysis,N/A,N/A,29,N/A,N/A,N/A,N/A,999,N/A,29,-1,N/A,False,N/A,N/A,N/A,N/A,N/A,N/A,N/A,N/A,N/A,N/A,N/A,N/A,N/A,N/A,N/A,N/A,N/A,N/A,N/A,N/A,N/A,N/A,N/A,N/A,N/A,N/A,N/A,N/A,N/A,N/A,N/A
2025-09-19 21:36:18,N/A,N/A,movement,Unknown,Kontrolowane wycofanie,N/A,N/A,3,N/A,N/A,N/A,N/A,N/A,0,20,20,N/A,N/A,N/A,N/A,N/A,N/A,N/A,N/A,N/A,N/A,N/A,N/A,N/A,path_planned,N/A,N/A,N/A,Z_Pluton__6_Unterst_tzungs_Bataillon,N/A,51,-16,51,-14,N/A,N/A,N/A,N/A,N/A,N/A,N/A,N/A,N/A,N/A
2025-09-19 21:36:18,,N/A,,Niemcy,second_move,Z_Pluton__6_Unterst_tzungs_Bataillon,N/A,N/A,N/A,N/A,N/A,N/A,second_chance after MULTI_TURN_START,,N/A,N/A,N/A,N/A,N/A,N/A,N/A,N/A,N/A,N/A,N/A,N/A,N/A,N/A,N/A,N/A,N/A,N/A,N/A,N/A,N/A,N/A,N/A,N/A,N/A,N/A,N/A,N/A,N/A,N/A,N/A,N/A,N/A,N/A,N/A
2025-09-19 21:36:18,N/A,N/A,movement,Unknown,Kontrolowane wycofanie,N/A,N/A,2,N/A,N/A,N/A,N/A,N/A,0,20,20,N/A,N/A,N/A,N/A,N/A,N/A,N/A,N/A,N/A,N/A,N/A,N/A,N/A,path_planned,N/A,N/A,N/A,Z_Pluton__6_Unterst_tzungs_Bataillon_20250913214051,N/A,36,6,36,5,N/A,N/A,N/A,N/A,N/A,N/A,N/A,N/A,N/A,N/A
2025-09-19 21:36:18,,N/A,,Niemcy,resupply_analysis,RESUPPLY_NEEDS,N/A,N/A,N/A,N/A,N/A,N/A,NEEDS_ANALYSIS PRE_RAID_OPTIMIZATION | TOTAL_FUEL_NEEDED: 17 | TOTAL_COMBAT_NEEDED: 0 | TOTAL_PE_NEEDED: 17 | BUDGET_AVAILABLE: 9 | UNITS_REQUIRING_HELP: 9,,N/A,N/A,N/A,N/A,N/A,9,N/A,N/A,N/A,N/A,N/A,N/A,N/A,N/A,17,N/A,N/A,N/A,N/A,N/A,N/A,N/A,N/A,N/A,N/A,N/A,N/A,N/A,N/A,N/A,N/A,N/A,N/A,N/A,N/A
2025-09-19 21:36:18,,N/A,,Niemcy,resupply_detailed,P_Pluton__6_Sch_tzen_Kompanie,N/A,N/A,N/A,N/A,N/A,N/A,phase1 PRE_RAID_OPTIMIZATION | PE_SPENT: fuel=1 combat=0 total=1 | BEFORE: fuel=0 combat=8 | AFTER: fuel=1 combat=8,,N/A,N/A,N/A,N/A,N/A,9,1,1,0,0,1,8,8,N/A,N/A,N/A,N/A,N/A,N/A,N/A,N/A,N/A,N/A,N/A,N/A,N/A,N/A,N/A,N/A,N/A,N/A,N/A,N/A,N/A,N/A
2025-09-19 21:36:18,,N/A,,Niemcy,resupply_detailed,P_Pluton__6_Infanterie_Regiment,N/A,N/A,N/A,N/A,N/A,N/A,phase1 PRE_RAID_OPTIMIZATION | PE_SPENT: fuel=1 combat=0 total=1 | BEFORE: fuel=0 combat=8 | AFTER: fuel=1 combat=8,,N/A,N/A,N/A,N/A,N/A,9,1,1,0,0,1,8,8,N/A,N/A,N/A,N/A,N/A,N/A,N/A,N/A,N/A,N/A,N/A,N/A,N/A,N/A,N/A,N/A,N/A,N/A,N/A,N/A,N/A,N/A
2025-09-19 21:36:18,,N/A,,Niemcy,resupply_detailed,Z_Pluton__6_Unterst_tzungs_Bataillon_20250913214051,N/A,N/A,N/A,N/A,N/A,N/A,phase1 PRE_RAID_OPTIMIZATION | PE_SPENT: fuel=1 combat=0 total=1 | BEFORE: fuel=1 combat=4 | AFTER: fuel=2 combat=4,,N/A,N/A,N/A,N/A,N/A,9,1,1,0,1,2,4,4,N/A,N/A,N/A,N/A,N/A,N/A,N/A,N/A,N/A,N/A,N/A,N/A,N/A,N/A,N/A,N/A,N/A,N/A,N/A,N/A,N/A,N/A
2025-09-19 21:36:18,,N/A,,Niemcy,resupply_detailed,P_Pluton__6_Grenadier_Bataillon,N/A,N/A,N/A,N/A,N/A,N/A,phase1 PRE_RAID_OPTIMIZATION | PE_SPENT: fuel=1 combat=0 total=1 | BEFORE: fuel=1 combat=8 | AFTER: fuel=2 combat=8,,N/A,N/A,N/A,N/A,N/A,9,1,1,0,1,2,8,8,N/A,N/A,N/A,N/A,N/A,N/A,N/A,N/A,N/A,N/A,N/A,N/A,N/A,N/A,N/A,N/A,N/A,N/A,N/A,N/A,N/A,N/A
2025-09-19 21:36:18,,N/A,,Niemcy,resupply_detailed,Z_Batalion__6_Versorgungs_Kompanie,N/A,N/A,N/A,N/A,N/A,N/A,phase1 PRE_RAID_OPTIMIZATION | PE_SPENT: fuel=1 combat=0 total=1 | BEFORE: fuel=2 combat=7 | AFTER: fuel=3 combat=7,,N/A,N/A,N/A,N/A,N/A,9,1,1,0,2,3,7,7,N/A,N/A,N/A,N/A,N/A,N/A,N/A,N/A,N/A,N/A,N/A,N/A,N/A,N/A,N/A,N/A,N/A,N/A,N/A,N/A,N/A,near_target_critical
2025-09-19 21:36:18,,N/A,,Niemcy,resupply_detailed,Z_Pluton__6_Unterst_tzungs_Bataillon_20250913214048,N/A,N/A,N/A,N/A,N/A,N/A,phase1 PRE_RAID_OPTIMIZATION | PE_SPENT: fuel=1 combat=0 total=1 | BEFORE: fuel=2 combat=4 | AFTER: fuel=3 combat=4,,N/A,N/A,N/A,N/A,N/A,9,1,1,0,2,3,4,4,N/A,N/A,N/A,N/A,N/A,N/A,N/A,N/A,N/A,N/A,N/A,N/A,N/A,N/A,N/A,N/A,N/A,N/A,N/A,N/A,N/A,near_target_critical
2025-09-19 21:36:18,,N/A,,Niemcy,resupply_detailed,P_Kompania__6_Sch_tzen_Kompanie,N/A,N/A,N/A,N/A,N/A,N/A,phase1 PRE_RAID_OPTIMIZATION | PE_SPENT: fuel=1 combat=0 total=1 | BEFORE: fuel=1 combat=11 | AFTER: fuel=2 combat=11,,N/A,N/A,N/A,N/A,N/A,9,1,1,0,1,2,11,11,N/A,N/A,N/A,N/A,N/A,N/A,N/A,N/A,N/A,N/A,N/A,N/A,N/A,N/A,N/A,N/A,N/A,N/A,N/A,N/A,N/A,N/A
2025-09-19 21:36:18,,N/A,,Niemcy,resupply_detailed,Z_Pluton__6_Versorgungs_Kompanie,N/A,N/A,N/A,N/A,N/A,N/A,phase1 PRE_RAID_OPTIMIZATION | PE_SPENT: fuel=1 combat=0 total=1 | BEFORE: fuel=2 combat=4 | AFTER: fuel=3 combat=4,,N/A,N/A,N/A,N/A,N/A,9,1,1,0,2,3,4,4,N/A,N/A,N/A,N/A,N/A,N/A,N/A,N/A,N/A,N/A,N/A,N/A,N/A,N/A,N/A,N/A,N/A,N/A,N/A,N/A,N/A,near_target_critical
2025-09-19 21:36:18,,N/A,,Niemcy,resupply_detailed,Z_Pluton__6_Unterst_tzungs_Bataillon,N/A,N/A,N/A,N/A,N/A,N/A,phase1 PRE_RAID_OPTIMIZATION | PE_SPENT: fuel=1 combat=0 total=1 | BEFORE: fuel=2 combat=4 | AFTER: fuel=3 combat=4,,N/A,N/A,N/A,N/A,N/A,9,1,1,0,2,3,4,4,N/A,N/A,N/A,N/A,N/A,N/A,N/A,N/A,N/A,N/A,N/A,N/A,N/A,N/A,N/A,N/A,N/A,N/A,N/A,N/A,N/A,N/A
2025-09-19 21:36:18,,N/A,,Niemcy,resupply_summary,RESUPPLY_SUMMARY,N/A,N/A,N/A,N/A,N/A,N/A,SUMMARY PRE_RAID_OPTIMIZATION | PE_SPENT_TOTAL: 9 | PE_REMAINING: 2,,N/A,N/A,N/A,N/A,N/A,N/A,9,N/A,N/A,N/A,N/A,N/A,N/A,2,N/A,N/A,N/A,N/A,N/A,N/A,N/A,N/A,N/A,N/A,N/A,N/A,N/A,N/A,N/A,N/A,N/A,N/A,N/A,N/A,N/A
2025-09-19 21:36:18,,N/A,,Niemcy,resupply_summary,RESUPPLY_OPERATION,N/A,N/A,N/A,N/A,N/A,N/A,RESUPPLY_SUMMARY PRE_RAID_OPTIMIZATION | TOTAL_PE_SPENT: 9 | UNITS_RESUPPLIED: 9/9 | BUDGET_ALLOCATED: 9 | PE_REMAINING: 2,,N/A,N/A,N/A,N/A,N/A,N/A,N/A,N/A,N/A,N/A,N/A,N/A,N/A,N/A,N/A,N/A,N/A,N/A,N/A,N/A,N/A,N/A,N/A,N/A,N/A,N/A,N/A,N/A,N/A,N/A,N/A,N/A,N/A,N/A,N/A
2025-09-19 21:36:18,N/A,N/A,target_selection,Niemcy,target_analysis,N/A,N/A,29,N/A,N/A,N/A,N/A,999,N/A,29,-1,N/A,False,N/A,N/A,N/A,N/A,N/A,N/A,N/A,N/A,N/A,N/A,N/A,N/A,N/A,N/A,N/A,N/A,N/A,N/A,N/A,N/A,N/A,N/A,N/A,N/A,N/A,N/A,N/A,N/A,N/A,N/A,N/A
2025-09-19 21:36:18,N/A,N/A,movement,Unknown,Kontrolowane wycofanie,N/A,N/A,2,N/A,N/A,N/A,N/A,N/A,0,25,25,N/A,N/A,N/A,N/A,N/A,N/A,N/A,N/A,N/A,N/A,N/A,N/A,N/A,path_planned,N/A,N/A,N/A,P_Pluton__6_Sch_tzen_Kompanie,N/A,40,3,41,3,N/A,N/A,N/A,N/A,N/A,N/A,N/A,N/A,N/A,N/A
2025-09-19 21:36:18,,N/A,,Niemcy,second_move,P_Pluton__6_Sch_tzen_Kompanie,N/A,N/A,N/A,N/A,N/A,N/A,second_chance after PRE_RAID_OPTIMIZATION,,N/A,N/A,N/A,N/A,N/A,N/A,N/A,N/A,N/A,N/A,N/A,N/A,N/A,N/A,N/A,N/A,N/A,N/A,N/A,N/A,N/A,N/A,N/A,N/A,N/A,N/A,N/A,N/A,N/A,N/A,N/A,N/A,N/A,N/A,N/A
2025-09-19 21:36:18,N/A,N/A,target_selection,Niemcy,target_analysis,N/A,N/A,29,N/A,N/A,N/A,N/A,999,N/A,29,-1,N/A,False,N/A,N/A,N/A,N/A,N/A,N/A,N/A,N/A,N/A,N/A,N/A,N/A,N/A,N/A,N/A,N/A,N/A,N/A,N/A,N/A,N/A,N/A,N/A,N/A,N/A,N/A,N/A,N/A,N/A,N/A,N/A
2025-09-19 21:36:18,N/A,N/A,movement,Unknown,Kontrolowane wycofanie,N/A,N/A,2,N/A,N/A,N/A,N/A,N/A,0,25,25,N/A,N/A,N/A,N/A,N/A,N/A,N/A,N/A,N/A,N/A,N/A,N/A,N/A,path_planned,N/A,N/A,N/A,P_Pluton__6_Infanterie_Regiment,N/A,39,3,40,3,N/A,N/A,N/A,N/A,N/A,N/A,N/A,N/A,N/A,N/A
2025-09-19 21:36:18,,N/A,,Niemcy,second_move,P_Pluton__6_Infanterie_Regiment,N/A,N/A,N/A,N/A,N/A,N/A,second_chance after PRE_RAID_OPTIMIZATION,,N/A,N/A,N/A,N/A,N/A,N/A,N/A,N/A,N/A,N/A,N/A,N/A,N/A,N/A,N/A,N/A,N/A,N/A,N/A,N/A,N/A,N/A,N/A,N/A,N/A,N/A,N/A,N/A,N/A,N/A,N/A,N/A,N/A,N/A,N/A
2025-09-19 21:36:18,N/A,N/A,target_selection,Niemcy,target_analysis,N/A,N/A,29,N/A,N/A,N/A,N/A,999,N/A,29,-1,N/A,False,N/A,N/A,N/A,N/A,N/A,N/A,N/A,N/A,N/A,N/A,N/A,N/A,N/A,N/A,N/A,N/A,N/A,N/A,N/A,N/A,N/A,N/A,N/A,N/A,N/A,N/A,N/A,N/A,N/A,N/A,N/A
2025-09-19 21:36:18,N/A,N/A,movement,Unknown,Kontrolowane wycofanie,N/A,N/A,3,N/A,N/A,N/A,N/A,N/A,0,20,20,N/A,N/A,N/A,N/A,N/A,N/A,N/A,N/A,N/A,N/A,N/A,N/A,N/A,path_planned,N/A,N/A,N/A,Z_Pluton__6_Unterst_tzungs_Bataillon_20250913214051,N/A,36,5,38,5,N/A,N/A,N/A,N/A,N/A,N/A,N/A,N/A,N/A,N/A
2025-09-19 21:36:18,,N/A,,Niemcy,second_move,Z_Pluton__6_Unterst_tzungs_Bataillon_20250913214051,N/A,N/A,N/A,N/A,N/A,N/A,second_chance after PRE_RAID_OPTIMIZATION,,N/A,N/A,N/A,N/A,N/A,N/A,N/A,N/A,N/A,N/A,N/A,N/A,N/A,N/A,N/A,N/A,N/A,N/A,N/A,N/A,N/A,N/A,N/A,N/A,N/A,N/A,N/A,N/A,N/A,N/A,N/A,N/A,N/A,N/A,N/A
2025-09-19 21:36:18,N/A,N/A,target_selection,Niemcy,target_analysis,N/A,N/A,29,N/A,N/A,N/A,N/A,999,N/A,29,-1,N/A,False,N/A,N/A,N/A,N/A,N/A,N/A,N/A,N/A,N/A,N/A,N/A,N/A,N/A,N/A,N/A,N/A,N/A,N/A,N/A,N/A,N/A,N/A,N/A,N/A,N/A,N/A,N/A,N/A,N/A,N/A,N/A
2025-09-19 21:36:18,N/A,N/A,movement,Unknown,Kontrolowane wycofanie,N/A,N/A,3,N/A,N/A,N/A,N/A,N/A,0,25,20,N/A,N/A,N/A,N/A,N/A,N/A,N/A,N/A,N/A,N/A,N/A,N/A,N/A,path_planned,N/A,N/A,N/A,P_Pluton__6_Grenadier_Bataillon,N/A,49,-7,49,-5,N/A,N/A,N/A,N/A,N/A,N/A,N/A,N/A,N/A,N/A
2025-09-19 21:36:18,,N/A,,Niemcy,second_move,P_Pluton__6_Grenadier_Bataillon,N/A,N/A,N/A,N/A,N/A,N/A,second_chance after PRE_RAID_OPTIMIZATION,,N/A,N/A,N/A,N/A,N/A,N/A,N/A,N/A,N/A,N/A,N/A,N/A,N/A,N/A,N/A,N/A,N/A,N/A,N/A,N/A,N/A,N/A,N/A,N/A,N/A,N/A,N/A,N/A,N/A,N/A,N/A,N/A,N/A,N/A,N/A
2025-09-19 21:36:18,N/A,N/A,target_selection,Niemcy,target_analysis,N/A,N/A,29,N/A,N/A,N/A,N/A,1,N/A,29,30.0,N/A,False,N/A,N/A,N/A,N/A,N/A,N/A,N/A,N/A,N/A,N/A,N/A,N/A,N/A,N/A,N/A,N/A,N/A,N/A,N/A,N/A,N/A,N/A,N/A,N/A,N/A,N/A,N/A,N/A,N/A,N/A,N/A
2025-09-19 21:36:18,N/A,N/A,movement,Unknown,Kontrolowane wycofanie,N/A,N/A,2,N/A,N/A,N/A,N/A,N/A,0,20,20,N/A,N/A,N/A,N/A,N/A,N/A,N/A,N/A,N/A,N/A,N/A,N/A,N/A,path_planned,N/A,N/A,N/A,Z_Batalion__6_Versorgungs_Kompanie,N/A,51,-13,52,-13,N/A,N/A,N/A,N/A,N/A,N/A,N/A,N/A,N/A,N/A
2025-09-19 21:36:18,,N/A,,Niemcy,second_move,Z_Batalion__6_Versorgungs_Kompanie,N/A,N/A,N/A,N/A,N/A,N/A,second_chance after PRE_RAID_OPTIMIZATION,,N/A,N/A,N/A,N/A,N/A,N/A,N/A,N/A,N/A,N/A,N/A,N/A,N/A,N/A,N/A,N/A,N/A,N/A,N/A,N/A,N/A,N/A,N/A,N/A,N/A,N/A,N/A,N/A,N/A,N/A,N/A,N/A,N/A,N/A,N/A
2025-09-19 21:36:18,N/A,N/A,target_selection,Niemcy,target_analysis,N/A,N/A,29,N/A,N/A,N/A,N/A,1,N/A,29,30.0,N/A,False,N/A,N/A,N/A,N/A,N/A,N/A,N/A,N/A,N/A,N/A,N/A,N/A,N/A,N/A,N/A,N/A,N/A,N/A,N/A,N/A,N/A,N/A,N/A,N/A,N/A,N/A,N/A,N/A,N/A,N/A,N/A
2025-09-19 21:36:18,N/A,N/A,movement,Unknown,Kontrolowane wycofanie,N/A,N/A,2,N/A,N/A,N/A,N/A,N/A,0,20,20,N/A,N/A,N/A,N/A,N/A,N/A,N/A,N/A,N/A,N/A,N/A,N/A,N/A,path_planned,N/A,N/A,N/A,Z_Pluton__6_Unterst_tzungs_Bataillon_20250913214048,N/A,51,-12,51,-13,N/A,N/A,N/A,N/A,N/A,N/A,N/A,N/A,N/A,N/A
2025-09-19 21:36:18,,N/A,,Niemcy,second_move,Z_Pluton__6_Unterst_tzungs_Bataillon_20250913214048,N/A,N/A,N/A,N/A,N/A,N/A,second_chance after PRE_RAID_OPTIMIZATION,,N/A,N/A,N/A,N/A,N/A,N/A,N/A,N/A,N/A,N/A,N/A,N/A,N/A,N/A,N/A,N/A,N/A,N/A,N/A,N/A,N/A,N/A,N/A,N/A,N/A,N/A,N/A,N/A,N/A,N/A,N/A,N/A,N/A,N/A,N/A
2025-09-19 21:36:18,N/A,N/A,target_selection,Niemcy,target_analysis,N/A,N/A,29,N/A,N/A,N/A,N/A,999,N/A,29,-1,N/A,False,N/A,N/A,N/A,N/A,N/A,N/A,N/A,N/A,N/A,N/A,N/A,N/A,N/A,N/A,N/A,N/A,N/A,N/A,N/A,N/A,N/A,N/A,N/A,N/A,N/A,N/A,N/A,N/A,N/A,N/A,N/A
2025-09-19 21:36:18,N/A,N/A,movement,Unknown,Kontrolowane wycofanie,N/A,N/A,3,N/A,N/A,N/A,N/A,N/A,0,25,20,N/A,N/A,N/A,N/A,N/A,N/A,N/A,N/A,N/A,N/A,N/A,N/A,N/A,path_planned,N/A,N/A,N/A,P_Kompania__6_Sch_tzen_Kompanie,N/A,49,-9,51,-9,N/A,N/A,N/A,N/A,N/A,N/A,N/A,N/A,N/A,N/A
2025-09-19 21:36:18,,N/A,,Niemcy,second_move,P_Kompania__6_Sch_tzen_Kompanie,N/A,N/A,N/A,N/A,N/A,N/A,second_chance after PRE_RAID_OPTIMIZATION,,N/A,N/A,N/A,N/A,N/A,N/A,N/A,N/A,N/A,N/A,N/A,N/A,N/A,N/A,N/A,N/A,N/A,N/A,N/A,N/A,N/A,N/A,N/A,N/A,N/A,N/A,N/A,N/A,N/A,N/A,N/A,N/A,N/A,N/A,N/A
2025-09-19 21:36:18,N/A,N/A,target_selection,Niemcy,target_analysis,N/A,N/A,29,N/A,N/A,N/A,N/A,1,N/A,29,30.0,N/A,False,N/A,N/A,N/A,N/A,N/A,N/A,N/A,N/A,N/A,N/A,N/A,N/A,N/A,N/A,N/A,N/A,N/A,N/A,N/A,N/A,N/A,N/A,N/A,N/A,N/A,N/A,N/A,N/A,N/A,N/A,N/A
2025-09-19 21:36:18,N/A,N/A,movement,Unknown,Kontrolowane wycofanie,N/A,N/A,2,N/A,N/A,N/A,N/A,N/A,0,20,20,N/A,N/A,N/A,N/A,N/A,N/A,N/A,N/A,N/A,N/A,N/A,N/A,N/A,path_planned,N/A,N/A,N/A,Z_Pluton__6_Versorgungs_Kompanie,N/A,50,-11,51,-12,N/A,N/A,N/A,N/A,N/A,N/A,N/A,N/A,N/A,N/A
2025-09-19 21:36:18,,N/A,,Niemcy,second_move,Z_Pluton__6_Versorgungs_Kompanie,N/A,N/A,N/A,N/A,N/A,N/A,second_chance after PRE_RAID_OPTIMIZATION,,N/A,N/A,N/A,N/A,N/A,N/A,N/A,N/A,N/A,N/A,N/A,N/A,N/A,N/A,N/A,N/A,N/A,N/A,N/A,N/A,N/A,N/A,N/A,N/A,N/A,N/A,N/A,N/A,N/A,N/A,N/A,N/A,N/A,N/A,N/A
2025-09-19 21:36:18,N/A,N/A,target_selection,Niemcy,target_analysis,N/A,N/A,29,N/A,N/A,N/A,N/A,999,N/A,29,-1,N/A,False,N/A,N/A,N/A,N/A,N/A,N/A,N/A,N/A,N/A,N/A,N/A,N/A,N/A,N/A,N/A,N/A,N/A,N/A,N/A,N/A,N/A,N/A,N/A,N/A,N/A,N/A,N/A,N/A,N/A,N/A,N/A
2025-09-19 21:36:18,N/A,N/A,movement,Unknown,Kontrolowane wycofanie,N/A,N/A,4,N/A,N/A,N/A,N/A,N/A,0,20,20,N/A,N/A,N/A,N/A,N/A,N/A,N/A,N/A,N/A,N/A,N/A,N/A,N/A,path_planned,N/A,N/A,N/A,Z_Pluton__6_Unterst_tzungs_Bataillon,N/A,51,-14,51,-17,N/A,N/A,N/A,N/A,N/A,N/A,N/A,N/A,N/A,N/A
2025-09-19 21:36:18,,N/A,,Niemcy,second_move,Z_Pluton__6_Unterst_tzungs_Bataillon,N/A,N/A,N/A,N/A,N/A,N/A,second_chance after PRE_RAID_OPTIMIZATION,,N/A,N/A,N/A,N/A,N/A,N/A,N/A,N/A,N/A,N/A,N/A,N/A,N/A,N/A,N/A,N/A,N/A,N/A,N/A,N/A,N/A,N/A,N/A,N/A,N/A,N/A,N/A,N/A,N/A,N/A,N/A,N/A,N/A,N/A,N/A
2025-09-19 21:36:18,N/A,N/A,target_selection,Niemcy,target_analysis,N/A,N/A,29,N/A,N/A,N/A,N/A,999,N/A,29,-1,N/A,False,N/A,N/A,N/A,N/A,N/A,N/A,N/A,N/A,N/A,N/A,N/A,N/A,N/A,N/A,N/A,N/A,N/A,N/A,N/A,N/A,N/A,N/A,N/A,N/A,N/A,N/A,N/A,N/A,N/A,N/A,N/A
2025-09-19 21:36:19,N/A,N/A,target_selection,Niemcy,target_analysis,N/A,N/A,29,N/A,N/A,N/A,N/A,999,N/A,29,-1,N/A,False,N/A,N/A,N/A,N/A,N/A,N/A,N/A,N/A,N/A,N/A,N/A,N/A,N/A,N/A,N/A,N/A,N/A,N/A,N/A,N/A,N/A,N/A,N/A,N/A,N/A,N/A,N/A,N/A,N/A,N/A,N/A
2025-09-19 21:36:19,N/A,N/A,movement,Unknown,Kontrolowane wycofanie,N/A,N/A,2,N/A,N/A,N/A,N/A,N/A,0,20,25,N/A,N/A,N/A,N/A,N/A,N/A,N/A,N/A,N/A,N/A,N/A,N/A,N/A,path_planned,N/A,N/A,N/A,P_Pluton__6_Grenadier_Bataillon,N/A,49,-9,50,-9,N/A,N/A,N/A,N/A,N/A,N/A,N/A,N/A,N/A,N/A
2025-09-19 21:36:19,,N/A,,Niemcy,adaptive_autonomous,P_Pluton__6_Grenadier_Bataillon,N/A,N/A,N/A,N/A,N/A,N/A,Advanced auto mode: group 2,,N/A,N/A,N/A,N/A,N/A,N/A,N/A,N/A,N/A,N/A,N/A,N/A,N/A,N/A,N/A,N/A,N/A,N/A,N/A,N/A,N/A,N/A,N/A,N/A,N/A,N/A,N/A,N/A,N/A,N/A,N/A,N/A,N/A,N/A,N/A
2025-09-19 21:36:19,,N/A,,Niemcy,adaptive_autonomous,P_Kompania__6_Sch_tzen_Kompanie,N/A,N/A,N/A,N/A,N/A,N/A,Advanced auto mode: group 2,,N/A,N/A,N/A,N/A,N/A,N/A,N/A,N/A,N/A,N/A,N/A,N/A,N/A,N/A,N/A,N/A,N/A,N/A,N/A,N/A,N/A,N/A,N/A,N/A,N/A,N/A,N/A,N/A,N/A,N/A,N/A,N/A,N/A,N/A,N/A
2025-09-19 21:36:19,N/A,combat:P_Pluton__6_Sch_tzen_Kompanie:X,combat,Niemcy,Zbieranie informacji o wrogu,N/A,N/A,N/A,N/A,N/A,N/A,N/A,,N/A,0,N/A,N/A,N/A,N/A,N/A,N/A,N/A,N/A,N/A,N/A,N/A,N/A,N/A,N/A,attack_opportunity_scan,N/A,N/A,N/A,P_Pluton__6_Sch_tzen_Kompanie,N/A,N/A,N/A,N/A,N/A,N/A,1.05,N/A,N/A,N/A,N/A,N/A,N/A,N/A,N/A
2025-09-19 21:36:19,N/A,combat:P_Pluton__6_Infanterie_Regiment:X,combat,Niemcy,Zbieranie informacji o wrogu,N/A,N/A,N/A,N/A,N/A,N/A,N/A,,N/A,0,N/A,N/A,N/A,N/A,N/A,N/A,N/A,N/A,N/A,N/A,N/A,N/A,N/A,N/A,attack_opportunity_scan,N/A,N/A,N/A,P_Pluton__6_Infanterie_Regiment,N/A,N/A,N/A,N/A,N/A,N/A,1.05,N/A,N/A,N/A,N/A,N/A,N/A,N/A,N/A
2025-09-19 21:36:19,N/A,combat:Z_Pluton__6_Unterst_tzungs_Bataillon_20250913214051:X,combat,Niemcy,Zbieranie informacji o wrogu,N/A,N/A,N/A,N/A,N/A,N/A,N/A,P_Pluton__3_Kompania_Grenadier_w,N/A,1,N/A,N/A,N/A,N/A,N/A,N/A,N/A,N/A,N/A,N/A,N/A,N/A,N/A,N/A,attack_opportunity_scan,N/A,N/A,N/A,Z_Pluton__6_Unterst_tzungs_Bataillon_20250913214051,N/A,N/A,N/A,N/A,N/A,N/A,1.05,N/A,N/A,N/A,N/A,N/A,N/A,N/A,N/A
2025-09-19 21:36:19,N/A,combat:Z_Pluton__6_Unterst_tzungs_Bataillon_20250913214051:X,combat,Niemcy,Wspólny atak kilku jednostek,N/A,N/A,N/A,N/A,N/A,N/A,N/A,N/A,N/A,N/A,N/A,N/A,N/A,N/A,N/A,N/A,N/A,N/A,N/A,N/A,N/A,N/A,N/A,N/A,combat_precheck,N/A,N/A,N/A,Z_Pluton__6_Unterst_tzungs_Bataillon_20250913214051,P_Pluton__3_Kompania_Grenadier_w,N/A,N/A,N/A,N/A,0.36363636363636365,1.05,skip,,N/A,N/A,N/A,N/A,N/A,N/A
2025-09-19 21:36:19,N/A,combat:Z_Pluton__6_Unterst_tzungs_Bataillon_20250913214051:X,combat,Niemcy,Wspólny atak kilku jednostek,N/A,N/A,N/A,N/A,N/A,N/A,N/A,N/A,N/A,N/A,N/A,N/A,N/A,N/A,N/A,N/A,N/A,N/A,N/A,N/A,N/A,N/A,N/A,N/A,combat_decision,N/A,N/A,N/A,Z_Pluton__6_Unterst_tzungs_Bataillon_20250913214051,NONE,N/A,N/A,N/A,N/A,0.0,1.05,skip,no_enemy_above_threshold,N/A,N/A,N/A,N/A,N/A,N/A
2025-09-19 21:36:19,N/A,combat:P_Pluton__6_Grenadier_Bataillon:X,combat,Niemcy,Zbieranie informacji o wrogu,N/A,N/A,N/A,N/A,N/A,N/A,N/A,,N/A,0,N/A,N/A,N/A,N/A,N/A,N/A,N/A,N/A,N/A,N/A,N/A,N/A,N/A,N/A,attack_opportunity_scan,N/A,N/A,N/A,P_Pluton__6_Grenadier_Bataillon,N/A,N/A,N/A,N/A,N/A,N/A,1.05,N/A,N/A,N/A,N/A,N/A,N/A,N/A,N/A
2025-09-19 21:36:19,N/A,combat:Z_Batalion__6_Versorgungs_Kompanie:X,combat,Niemcy,Zbieranie informacji o wrogu,N/A,N/A,N/A,N/A,N/A,N/A,N/A,,N/A,0,N/A,N/A,N/A,N/A,N/A,N/A,N/A,N/A,N/A,N/A,N/A,N/A,N/A,N/A,attack_opportunity_scan,N/A,N/A,N/A,Z_Batalion__6_Versorgungs_Kompanie,N/A,N/A,N/A,N/A,N/A,N/A,1.05,N/A,N/A,N/A,N/A,N/A,N/A,N/A,N/A
2025-09-19 21:36:19,N/A,combat:Z_Pluton__6_Unterst_tzungs_Bataillon_20250913214048:X,combat,Niemcy,Zbieranie informacji o wrogu,N/A,N/A,N/A,N/A,N/A,N/A,N/A,,N/A,0,N/A,N/A,N/A,N/A,N/A,N/A,N/A,N/A,N/A,N/A,N/A,N/A,N/A,N/A,attack_opportunity_scan,N/A,N/A,N/A,Z_Pluton__6_Unterst_tzungs_Bataillon_20250913214048,N/A,N/A,N/A,N/A,N/A,N/A,1.05,N/A,N/A,N/A,N/A,N/A,N/A,N/A,N/A
2025-09-19 21:36:19,N/A,combat:P_Kompania__6_Sch_tzen_Kompanie:X,combat,Niemcy,Zbieranie informacji o wrogu,N/A,N/A,N/A,N/A,N/A,N/A,N/A,,N/A,0,N/A,N/A,N/A,N/A,N/A,N/A,N/A,N/A,N/A,N/A,N/A,N/A,N/A,N/A,attack_opportunity_scan,N/A,N/A,N/A,P_Kompania__6_Sch_tzen_Kompanie,N/A,N/A,N/A,N/A,N/A,N/A,1.05,N/A,N/A,N/A,N/A,N/A,N/A,N/A,N/A
2025-09-19 21:36:19,N/A,combat:Z_Pluton__6_Versorgungs_Kompanie:X,combat,Niemcy,Zbieranie informacji o wrogu,N/A,N/A,N/A,N/A,N/A,N/A,N/A,,N/A,0,N/A,N/A,N/A,N/A,N/A,N/A,N/A,N/A,N/A,N/A,N/A,N/A,N/A,N/A,attack_opportunity_scan,N/A,N/A,N/A,Z_Pluton__6_Versorgungs_Kompanie,N/A,N/A,N/A,N/A,N/A,N/A,1.05,N/A,N/A,N/A,N/A,N/A,N/A,N/A,N/A
2025-09-19 21:36:19,N/A,combat:Z_Pluton__6_Unterst_tzungs_Bataillon:X,combat,Niemcy,Zbieranie informacji o wrogu,N/A,N/A,N/A,N/A,N/A,N/A,N/A,,N/A,0,N/A,N/A,N/A,N/A,N/A,N/A,N/A,N/A,N/A,N/A,N/A,N/A,N/A,N/A,attack_opportunity_scan,N/A,N/A,N/A,Z_Pluton__6_Unterst_tzungs_Bataillon,N/A,N/A,N/A,N/A,N/A,N/A,1.05,N/A,N/A,N/A,N/A,N/A,N/A,N/A,N/A
2025-09-19 21:36:19,,N/A,,Niemcy,turn_summary,TURN_END,N/A,N/A,N/A,N/A,N/A,N/A,"Turn completed: 2/4 units moved, 2 groups (advanced)",,N/A,N/A,N/A,N/A,N/A,N/A,N/A,N/A,N/A,N/A,N/A,N/A,N/A,N/A,N/A,N/A,N/A,N/A,N/A,N/A,N/A,N/A,N/A,N/A,N/A,N/A,N/A,N/A,N/A,N/A,N/A,N/A,N/A,N/A,N/A
2025-09-19 21:49:44,,N/A,,Niemcy,turn_begin,TURN_START,N/A,N/A,N/A,N/A,N/A,N/A,AI Commander turn started for player 5,,N/A,N/A,N/A,N/A,N/A,N/A,N/A,N/A,N/A,N/A,N/A,N/A,N/A,N/A,N/A,N/A,N/A,N/A,N/A,N/A,N/A,N/A,N/A,N/A,N/A,N/A,N/A,N/A,N/A,N/A,N/A,N/A,N/A,N/A,N/A
2025-09-19 21:49:44,,N/A,,Niemcy,resupply_analysis,RESUPPLY_NEEDS,N/A,N/A,N/A,N/A,N/A,N/A,NEEDS_ANALYSIS PRE_RAID_OPTIMIZATION | TOTAL_FUEL_NEEDED: 15 | TOTAL_COMBAT_NEEDED: 0 | TOTAL_PE_NEEDED: 15 | BUDGET_AVAILABLE: 19 | UNITS_REQUIRING_HELP: 9,,N/A,N/A,N/A,N/A,N/A,19,N/A,N/A,N/A,N/A,N/A,N/A,N/A,N/A,15,N/A,N/A,N/A,N/A,N/A,N/A,N/A,N/A,N/A,N/A,N/A,N/A,N/A,N/A,N/A,N/A,N/A,N/A,N/A,N/A
2025-09-19 21:49:44,,N/A,,Niemcy,resupply_detailed,P_Pluton__5_Infanterie_Regiment,N/A,N/A,N/A,N/A,N/A,N/A,phase1 PRE_RAID_OPTIMIZATION | PE_SPENT: fuel=1 combat=0 total=1 | BEFORE: fuel=0 combat=8 | AFTER: fuel=1 combat=8,,N/A,N/A,N/A,N/A,N/A,19,1,1,0,0,1,8,8,N/A,N/A,N/A,N/A,N/A,N/A,N/A,N/A,N/A,N/A,N/A,N/A,N/A,N/A,N/A,N/A,N/A,N/A,N/A,N/A,N/A,N/A
2025-09-19 21:49:44,,N/A,,Niemcy,resupply_detailed,P_Kompania__5_Infanterie_Regiment,N/A,N/A,N/A,N/A,N/A,N/A,phase1 PRE_RAID_OPTIMIZATION | PE_SPENT: fuel=1 combat=0 total=1 | BEFORE: fuel=0 combat=11 | AFTER: fuel=1 combat=11,,N/A,N/A,N/A,N/A,N/A,19,1,1,0,0,1,11,11,N/A,N/A,N/A,N/A,N/A,N/A,N/A,N/A,N/A,N/A,N/A,N/A,N/A,N/A,N/A,N/A,N/A,N/A,N/A,N/A,N/A,N/A
2025-09-19 21:49:44,,N/A,,Niemcy,resupply_detailed,P_Pluton__5_Sch_tzen_Kompanie,N/A,N/A,N/A,N/A,N/A,N/A,phase1 PRE_RAID_OPTIMIZATION | PE_SPENT: fuel=1 combat=0 total=1 | BEFORE: fuel=0 combat=8 | AFTER: fuel=1 combat=8,,N/A,N/A,N/A,N/A,N/A,19,1,1,0,0,1,8,8,N/A,N/A,N/A,N/A,N/A,N/A,N/A,N/A,N/A,N/A,N/A,N/A,N/A,N/A,N/A,N/A,N/A,N/A,N/A,N/A,N/A,N/A
2025-09-19 21:49:44,,N/A,,Niemcy,resupply_detailed,AC_Kompania__5_schwere_Artillerie,N/A,N/A,N/A,N/A,N/A,N/A,phase1 PRE_RAID_OPTIMIZATION | PE_SPENT: fuel=1 combat=0 total=1 | BEFORE: fuel=0 combat=11 | AFTER: fuel=1 combat=11,,N/A,N/A,N/A,N/A,N/A,19,1,1,0,0,1,11,11,N/A,N/A,N/A,N/A,N/A,N/A,N/A,N/A,N/A,N/A,N/A,N/A,N/A,N/A,N/A,N/A,N/A,N/A,N/A,N/A,N/A,N/A
2025-09-19 21:49:44,,N/A,,Niemcy,resupply_detailed,AL_Batalion__5_Artillerie_Abteilung,N/A,N/A,N/A,N/A,N/A,N/A,phase1 PRE_RAID_OPTIMIZATION | PE_SPENT: fuel=1 combat=0 total=1 | BEFORE: fuel=0 combat=11 | AFTER: fuel=1 combat=11,,N/A,N/A,N/A,N/A,N/A,19,1,1,0,0,1,11,11,N/A,N/A,N/A,N/A,N/A,N/A,N/A,N/A,N/A,N/A,N/A,N/A,N/A,N/A,N/A,N/A,N/A,N/A,N/A,N/A,N/A,N/A
2025-09-19 21:49:44,,N/A,,Niemcy,resupply_detailed,Z_Pluton__5_Unterst_tzungs_Bataillon_20250913214038,N/A,N/A,N/A,N/A,N/A,N/A,phase1 PRE_RAID_OPTIMIZATION | PE_SPENT: fuel=1 combat=0 total=1 | BEFORE: fuel=2 combat=4 | AFTER: fuel=3 combat=4,,N/A,N/A,N/A,N/A,N/A,19,1,1,0,2,3,4,4,N/A,N/A,N/A,N/A,N/A,N/A,N/A,N/A,N/A,N/A,N/A,N/A,N/A,N/A,N/A,N/A,N/A,N/A,N/A,N/A,N/A,N/A
2025-09-19 21:49:44,,N/A,,Niemcy,resupply_summary,RESUPPLY_SUMMARY,N/A,N/A,N/A,N/A,N/A,N/A,SUMMARY PRE_RAID_OPTIMIZATION | PE_SPENT_TOTAL: 6 | PE_REMAINING: 16,,N/A,N/A,N/A,N/A,N/A,N/A,6,N/A,N/A,N/A,N/A,N/A,N/A,16,N/A,N/A,N/A,N/A,N/A,N/A,N/A,N/A,N/A,N/A,N/A,N/A,N/A,N/A,N/A,N/A,N/A,N/A,N/A,N/A,N/A
2025-09-19 21:49:44,,N/A,,Niemcy,resupply_summary,RESUPPLY_OPERATION,N/A,N/A,N/A,N/A,N/A,N/A,RESUPPLY_SUMMARY PRE_RAID_OPTIMIZATION | TOTAL_PE_SPENT: 6 | UNITS_RESUPPLIED: 6/9 | BUDGET_ALLOCATED: 19 | PE_REMAINING: 16,,N/A,N/A,N/A,N/A,N/A,N/A,N/A,N/A,N/A,N/A,N/A,N/A,N/A,N/A,N/A,N/A,N/A,N/A,N/A,N/A,N/A,N/A,N/A,N/A,N/A,N/A,N/A,N/A,N/A,N/A,N/A,N/A,N/A,N/A,N/A
2025-09-19 21:49:44,N/A,N/A,target_selection,Niemcy,target_analysis,N/A,N/A,29,N/A,N/A,N/A,N/A,999,N/A,29,-1,N/A,False,N/A,N/A,N/A,N/A,N/A,N/A,N/A,N/A,N/A,N/A,N/A,N/A,N/A,N/A,N/A,N/A,N/A,N/A,N/A,N/A,N/A,N/A,N/A,N/A,N/A,N/A,N/A,N/A,N/A,N/A,N/A
2025-09-19 21:49:44,N/A,N/A,movement,Unknown,Kontrolowane wycofanie,N/A,N/A,2,N/A,N/A,N/A,N/A,N/A,0,20,25,N/A,N/A,N/A,N/A,N/A,N/A,N/A,N/A,N/A,N/A,N/A,N/A,N/A,path_planned,N/A,N/A,N/A,P_Pluton__5_Infanterie_Regiment,N/A,35,-14,36,-14,N/A,N/A,N/A,N/A,N/A,N/A,N/A,N/A,N/A,N/A
2025-09-19 21:49:44,,N/A,,Niemcy,second_move,P_Pluton__5_Infanterie_Regiment,N/A,N/A,N/A,N/A,N/A,N/A,second_chance after PRE_RAID_OPTIMIZATION,,N/A,N/A,N/A,N/A,N/A,N/A,N/A,N/A,N/A,N/A,N/A,N/A,N/A,N/A,N/A,N/A,N/A,N/A,N/A,N/A,N/A,N/A,N/A,N/A,N/A,N/A,N/A,N/A,N/A,N/A,N/A,N/A,N/A,N/A,N/A
2025-09-19 21:49:44,N/A,N/A,target_selection,Niemcy,target_analysis,N/A,N/A,29,N/A,N/A,N/A,N/A,999,N/A,29,-1,N/A,False,N/A,N/A,N/A,N/A,N/A,N/A,N/A,N/A,N/A,N/A,N/A,N/A,N/A,N/A,N/A,N/A,N/A,N/A,N/A,N/A,N/A,N/A,N/A,N/A,N/A,N/A,N/A,N/A,N/A,N/A,N/A
2025-09-19 21:49:44,N/A,N/A,movement,Unknown,Kontrolowane wycofanie,N/A,N/A,2,N/A,N/A,N/A,N/A,N/A,0,20,25,N/A,N/A,N/A,N/A,N/A,N/A,N/A,N/A,N/A,N/A,N/A,N/A,N/A,path_planned,N/A,N/A,N/A,P_Kompania__5_Infanterie_Regiment,N/A,35,-14,35,-13,N/A,N/A,N/A,N/A,N/A,N/A,N/A,N/A,N/A,N/A
2025-09-19 21:49:44,,N/A,,Niemcy,second_move,P_Kompania__5_Infanterie_Regiment,N/A,N/A,N/A,N/A,N/A,N/A,second_chance after PRE_RAID_OPTIMIZATION,,N/A,N/A,N/A,N/A,N/A,N/A,N/A,N/A,N/A,N/A,N/A,N/A,N/A,N/A,N/A,N/A,N/A,N/A,N/A,N/A,N/A,N/A,N/A,N/A,N/A,N/A,N/A,N/A,N/A,N/A,N/A,N/A,N/A,N/A,N/A
2025-09-19 21:49:44,N/A,N/A,target_selection,Niemcy,target_analysis,N/A,N/A,29,N/A,N/A,N/A,N/A,999,N/A,29,-1,N/A,False,N/A,N/A,N/A,N/A,N/A,N/A,N/A,N/A,N/A,N/A,N/A,N/A,N/A,N/A,N/A,N/A,N/A,N/A,N/A,N/A,N/A,N/A,N/A,N/A,N/A,N/A,N/A,N/A,N/A,N/A,N/A
2025-09-19 21:49:44,N/A,N/A,movement,Unknown,Kontrolowane wycofanie,N/A,N/A,2,N/A,N/A,N/A,N/A,N/A,0,20,25,N/A,N/A,N/A,N/A,N/A,N/A,N/A,N/A,N/A,N/A,N/A,N/A,N/A,path_planned,N/A,N/A,N/A,P_Pluton__5_Sch_tzen_Kompanie,N/A,35,-14,34,-13,N/A,N/A,N/A,N/A,N/A,N/A,N/A,N/A,N/A,N/A
2025-09-19 21:49:44,,N/A,,Niemcy,second_move,P_Pluton__5_Sch_tzen_Kompanie,N/A,N/A,N/A,N/A,N/A,N/A,second_chance after PRE_RAID_OPTIMIZATION,,N/A,N/A,N/A,N/A,N/A,N/A,N/A,N/A,N/A,N/A,N/A,N/A,N/A,N/A,N/A,N/A,N/A,N/A,N/A,N/A,N/A,N/A,N/A,N/A,N/A,N/A,N/A,N/A,N/A,N/A,N/A,N/A,N/A,N/A,N/A
2025-09-19 21:49:44,N/A,N/A,target_selection,Niemcy,target_analysis,N/A,N/A,29,N/A,N/A,N/A,N/A,999,N/A,29,-1,N/A,False,N/A,N/A,N/A,N/A,N/A,N/A,N/A,N/A,N/A,N/A,N/A,N/A,N/A,N/A,N/A,N/A,N/A,N/A,N/A,N/A,N/A,N/A,N/A,N/A,N/A,N/A,N/A,N/A,N/A,N/A,N/A
2025-09-19 21:49:44,N/A,N/A,movement,Unknown,Kontrolowane wycofanie,N/A,N/A,2,N/A,N/A,N/A,N/A,N/A,0,20,25,N/A,N/A,N/A,N/A,N/A,N/A,N/A,N/A,N/A,N/A,N/A,N/A,N/A,path_planned,N/A,N/A,N/A,AC_Kompania__5_schwere_Artillerie,N/A,35,-14,34,-14,N/A,N/A,N/A,N/A,N/A,N/A,N/A,N/A,N/A,N/A
2025-09-19 21:49:44,,N/A,,Niemcy,second_move,AC_Kompania__5_schwere_Artillerie,N/A,N/A,N/A,N/A,N/A,N/A,second_chance after PRE_RAID_OPTIMIZATION,,N/A,N/A,N/A,N/A,N/A,N/A,N/A,N/A,N/A,N/A,N/A,N/A,N/A,N/A,N/A,N/A,N/A,N/A,N/A,N/A,N/A,N/A,N/A,N/A,N/A,N/A,N/A,N/A,N/A,N/A,N/A,N/A,N/A,N/A,N/A
2025-09-19 21:49:44,N/A,N/A,target_selection,Niemcy,target_analysis,N/A,N/A,29,N/A,N/A,N/A,N/A,999,N/A,29,-1,N/A,False,N/A,N/A,N/A,N/A,N/A,N/A,N/A,N/A,N/A,N/A,N/A,N/A,N/A,N/A,N/A,N/A,N/A,N/A,N/A,N/A,N/A,N/A,N/A,N/A,N/A,N/A,N/A,N/A,N/A,N/A,N/A
2025-09-19 21:49:44,N/A,N/A,movement,Unknown,Kontrolowane wycofanie,N/A,N/A,2,N/A,N/A,N/A,N/A,N/A,0,20,25,N/A,N/A,N/A,N/A,N/A,N/A,N/A,N/A,N/A,N/A,N/A,N/A,N/A,path_planned,N/A,N/A,N/A,AL_Batalion__5_Artillerie_Abteilung,N/A,35,-16,36,-16,N/A,N/A,N/A,N/A,N/A,N/A,N/A,N/A,N/A,N/A
2025-09-19 21:49:44,,N/A,,Niemcy,second_move,AL_Batalion__5_Artillerie_Abteilung,N/A,N/A,N/A,N/A,N/A,N/A,second_chance after PRE_RAID_OPTIMIZATION,,N/A,N/A,N/A,N/A,N/A,N/A,N/A,N/A,N/A,N/A,N/A,N/A,N/A,N/A,N/A,N/A,N/A,N/A,N/A,N/A,N/A,N/A,N/A,N/A,N/A,N/A,N/A,N/A,N/A,N/A,N/A,N/A,N/A,N/A,N/A
2025-09-19 21:49:44,N/A,N/A,target_selection,Niemcy,target_analysis,N/A,N/A,29,N/A,N/A,N/A,N/A,2,N/A,29,30.0,N/A,False,N/A,N/A,N/A,N/A,N/A,N/A,N/A,N/A,N/A,N/A,N/A,N/A,N/A,N/A,N/A,N/A,N/A,N/A,N/A,N/A,N/A,N/A,N/A,N/A,N/A,N/A,N/A,N/A,N/A,N/A,N/A
2025-09-19 21:49:44,N/A,N/A,movement,Unknown,Kontrolowane wycofanie,N/A,N/A,3,N/A,N/A,N/A,N/A,N/A,0,20,20,N/A,N/A,N/A,N/A,N/A,N/A,N/A,N/A,N/A,N/A,N/A,N/A,N/A,path_planned,N/A,N/A,N/A,Z_Pluton__5_Unterst_tzungs_Bataillon_20250913214038,N/A,52,-15,51,-13,N/A,N/A,N/A,N/A,N/A,N/A,N/A,N/A,N/A,N/A
2025-09-19 21:49:44,,N/A,,Niemcy,second_move,Z_Pluton__5_Unterst_tzungs_Bataillon_20250913214038,N/A,N/A,N/A,N/A,N/A,N/A,second_chance after PRE_RAID_OPTIMIZATION,,N/A,N/A,N/A,N/A,N/A,N/A,N/A,N/A,N/A,N/A,N/A,N/A,N/A,N/A,N/A,N/A,N/A,N/A,N/A,N/A,N/A,N/A,N/A,N/A,N/A,N/A,N/A,N/A,N/A,N/A,N/A,N/A,N/A,N/A,N/A
2025-09-19 21:49:44,N/A,N/A,target_selection,Niemcy,target_analysis,N/A,N/A,29,N/A,N/A,N/A,N/A,3,N/A,29,45.0,N/A,False,N/A,N/A,N/A,N/A,N/A,N/A,N/A,N/A,N/A,N/A,N/A,N/A,N/A,N/A,N/A,N/A,N/A,N/A,N/A,N/A,N/A,N/A,N/A,N/A,N/A,N/A,N/A,N/A,N/A,N/A,N/A
2025-09-19 21:49:44,N/A,N/A,movement,Unknown,Kontrolowane wycofanie,N/A,N/A,4,N/A,N/A,N/A,N/A,N/A,0,20,20,N/A,N/A,N/A,N/A,N/A,N/A,N/A,N/A,N/A,N/A,N/A,N/A,N/A,path_planned,N/A,N/A,N/A,Z_Kompania__5_Unterst_tzungs_Bataillon,N/A,45,-15,43,-15,N/A,N/A,N/A,N/A,N/A,N/A,N/A,N/A,N/A,N/A
2025-09-19 21:49:44,,N/A,,Niemcy,second_move,Z_Kompania__5_Unterst_tzungs_Bataillon,N/A,N/A,N/A,N/A,N/A,N/A,second_chance after PRE_RAID_OPTIMIZATION,,N/A,N/A,N/A,N/A,N/A,N/A,N/A,N/A,N/A,N/A,N/A,N/A,N/A,N/A,N/A,N/A,N/A,N/A,N/A,N/A,N/A,N/A,N/A,N/A,N/A,N/A,N/A,N/A,N/A,N/A,N/A,N/A,N/A,N/A,N/A
2025-09-19 21:49:44,N/A,N/A,target_selection,Niemcy,target_analysis,N/A,N/A,29,N/A,N/A,N/A,N/A,1,N/A,29,30.0,N/A,False,N/A,N/A,N/A,N/A,N/A,N/A,N/A,N/A,N/A,N/A,N/A,N/A,N/A,N/A,N/A,N/A,N/A,N/A,N/A,N/A,N/A,N/A,N/A,N/A,N/A,N/A,N/A,N/A,N/A,N/A,N/A
2025-09-19 21:49:44,N/A,N/A,movement,Unknown,Kontrolowane wycofanie,N/A,N/A,2,N/A,N/A,N/A,N/A,N/A,0,20,20,N/A,N/A,N/A,N/A,N/A,N/A,N/A,N/A,N/A,N/A,N/A,N/A,N/A,path_planned,N/A,N/A,N/A,Z_Pluton__5_Versorgungs_Kompanie,N/A,45,-15,44,-15,N/A,N/A,N/A,N/A,N/A,N/A,N/A,N/A,N/A,N/A
2025-09-19 21:49:44,,N/A,,Niemcy,second_move,Z_Pluton__5_Versorgungs_Kompanie,N/A,N/A,N/A,N/A,N/A,N/A,second_chance after PRE_RAID_OPTIMIZATION,,N/A,N/A,N/A,N/A,N/A,N/A,N/A,N/A,N/A,N/A,N/A,N/A,N/A,N/A,N/A,N/A,N/A,N/A,N/A,N/A,N/A,N/A,N/A,N/A,N/A,N/A,N/A,N/A,N/A,N/A,N/A,N/A,N/A,N/A,N/A
2025-09-19 21:49:44,N/A,N/A,target_selection,Niemcy,target_analysis,N/A,N/A,29,N/A,N/A,N/A,N/A,999,N/A,29,-1,N/A,False,N/A,N/A,N/A,N/A,N/A,N/A,N/A,N/A,N/A,N/A,N/A,N/A,N/A,N/A,N/A,N/A,N/A,N/A,N/A,N/A,N/A,N/A,N/A,N/A,N/A,N/A,N/A,N/A,N/A,N/A,N/A
2025-09-19 21:49:44,N/A,N/A,movement,Unknown,Kontrolowane wycofanie,N/A,N/A,4,N/A,N/A,N/A,N/A,N/A,0,20,20,N/A,N/A,N/A,N/A,N/A,N/A,N/A,N/A,N/A,N/A,N/A,N/A,N/A,path_planned,N/A,N/A,N/A,Z_Pluton__5_Unterst_tzungs_Bataillon,N/A,45,-15,48,-15,N/A,N/A,N/A,N/A,N/A,N/A,N/A,N/A,N/A,N/A
2025-09-19 21:49:44,,N/A,,Niemcy,second_move,Z_Pluton__5_Unterst_tzungs_Bataillon,N/A,N/A,N/A,N/A,N/A,N/A,second_chance after PRE_RAID_OPTIMIZATION,,N/A,N/A,N/A,N/A,N/A,N/A,N/A,N/A,N/A,N/A,N/A,N/A,N/A,N/A,N/A,N/A,N/A,N/A,N/A,N/A,N/A,N/A,N/A,N/A,N/A,N/A,N/A,N/A,N/A,N/A,N/A,N/A,N/A,N/A,N/A
2025-09-19 21:49:45,,N/A,,Niemcy,resupply_analysis,RESUPPLY_NEEDS,N/A,N/A,N/A,N/A,N/A,N/A,NEEDS_ANALYSIS PRE_RAID_OPTIMIZATION | TOTAL_FUEL_NEEDED: 19 | TOTAL_COMBAT_NEEDED: 0 | TOTAL_PE_NEEDED: 19 | BUDGET_AVAILABLE: 14 | UNITS_REQUIRING_HELP: 9,,N/A,N/A,N/A,N/A,N/A,14,N/A,N/A,N/A,N/A,N/A,N/A,N/A,N/A,19,N/A,N/A,N/A,N/A,N/A,N/A,N/A,N/A,N/A,N/A,N/A,N/A,N/A,N/A,N/A,N/A,N/A,N/A,N/A,N/A
2025-09-19 21:49:45,,N/A,,Niemcy,resupply_detailed,P_Pluton__5_Infanterie_Regiment,N/A,N/A,N/A,N/A,N/A,N/A,phase1 PRE_RAID_OPTIMIZATION | PE_SPENT: fuel=1 combat=0 total=1 | BEFORE: fuel=0 combat=8 | AFTER: fuel=1 combat=8,,N/A,N/A,N/A,N/A,N/A,14,1,1,0,0,1,8,8,N/A,N/A,N/A,N/A,N/A,N/A,N/A,N/A,N/A,N/A,N/A,N/A,N/A,N/A,N/A,N/A,N/A,N/A,N/A,N/A,N/A,N/A
2025-09-19 21:49:45,,N/A,,Niemcy,resupply_detailed,P_Kompania__5_Infanterie_Regiment,N/A,N/A,N/A,N/A,N/A,N/A,phase1 PRE_RAID_OPTIMIZATION | PE_SPENT: fuel=1 combat=0 total=1 | BEFORE: fuel=0 combat=11 | AFTER: fuel=1 combat=11,,N/A,N/A,N/A,N/A,N/A,14,1,1,0,0,1,11,11,N/A,N/A,N/A,N/A,N/A,N/A,N/A,N/A,N/A,N/A,N/A,N/A,N/A,N/A,N/A,N/A,N/A,N/A,N/A,N/A,N/A,N/A
2025-09-19 21:49:45,,N/A,,Niemcy,resupply_detailed,P_Pluton__5_Sch_tzen_Kompanie,N/A,N/A,N/A,N/A,N/A,N/A,phase1 PRE_RAID_OPTIMIZATION | PE_SPENT: fuel=1 combat=0 total=1 | BEFORE: fuel=0 combat=8 | AFTER: fuel=1 combat=8,,N/A,N/A,N/A,N/A,N/A,14,1,1,0,0,1,8,8,N/A,N/A,N/A,N/A,N/A,N/A,N/A,N/A,N/A,N/A,N/A,N/A,N/A,N/A,N/A,N/A,N/A,N/A,N/A,N/A,N/A,N/A
2025-09-19 21:49:45,,N/A,,Niemcy,resupply_detailed,AC_Kompania__5_schwere_Artillerie,N/A,N/A,N/A,N/A,N/A,N/A,phase1 PRE_RAID_OPTIMIZATION | PE_SPENT: fuel=1 combat=0 total=1 | BEFORE: fuel=0 combat=11 | AFTER: fuel=1 combat=11,,N/A,N/A,N/A,N/A,N/A,14,1,1,0,0,1,11,11,N/A,N/A,N/A,N/A,N/A,N/A,N/A,N/A,N/A,N/A,N/A,N/A,N/A,N/A,N/A,N/A,N/A,N/A,N/A,N/A,N/A,N/A
2025-09-19 21:49:45,,N/A,,Niemcy,resupply_detailed,AL_Batalion__5_Artillerie_Abteilung,N/A,N/A,N/A,N/A,N/A,N/A,phase1 PRE_RAID_OPTIMIZATION | PE_SPENT: fuel=1 combat=0 total=1 | BEFORE: fuel=0 combat=11 | AFTER: fuel=1 combat=11,,N/A,N/A,N/A,N/A,N/A,14,1,1,0,0,1,11,11,N/A,N/A,N/A,N/A,N/A,N/A,N/A,N/A,N/A,N/A,N/A,N/A,N/A,N/A,N/A,N/A,N/A,N/A,N/A,N/A,N/A,N/A
2025-09-19 21:49:45,,N/A,,Niemcy,resupply_detailed,Z_Kompania__5_Unterst_tzungs_Bataillon,N/A,N/A,N/A,N/A,N/A,N/A,phase1 PRE_RAID_OPTIMIZATION | PE_SPENT: fuel=2 combat=0 total=2 | BEFORE: fuel=1 combat=6 | AFTER: fuel=3 combat=6,,N/A,N/A,N/A,N/A,N/A,14,2,2,0,1,3,6,6,N/A,N/A,N/A,N/A,N/A,N/A,N/A,N/A,N/A,N/A,N/A,N/A,N/A,N/A,N/A,N/A,N/A,N/A,N/A,N/A,N/A,near_target_critical
2025-09-19 21:49:45,,N/A,,Niemcy,resupply_detailed,Z_Pluton__5_Versorgungs_Kompanie,N/A,N/A,N/A,N/A,N/A,N/A,phase1 PRE_RAID_OPTIMIZATION | PE_SPENT: fuel=1 combat=0 total=1 | BEFORE: fuel=2 combat=4 | AFTER: fuel=3 combat=4,,N/A,N/A,N/A,N/A,N/A,14,1,1,0,2,3,4,4,N/A,N/A,N/A,N/A,N/A,N/A,N/A,N/A,N/A,N/A,N/A,N/A,N/A,N/A,N/A,N/A,N/A,N/A,N/A,N/A,N/A,near_target_critical
2025-09-19 21:49:45,,N/A,,Niemcy,resupply_detailed,Z_Pluton__5_Unterst_tzungs_Bataillon,N/A,N/A,N/A,N/A,N/A,N/A,phase1 PRE_RAID_OPTIMIZATION | PE_SPENT: fuel=1 combat=0 total=1 | BEFORE: fuel=2 combat=4 | AFTER: fuel=3 combat=4,,N/A,N/A,N/A,N/A,N/A,14,1,1,0,2,3,4,4,N/A,N/A,N/A,N/A,N/A,N/A,N/A,N/A,N/A,N/A,N/A,N/A,N/A,N/A,N/A,N/A,N/A,N/A,N/A,N/A,N/A,N/A
2025-09-19 21:49:45,,N/A,,Niemcy,resupply_detailed,Z_Pluton__5_Unterst_tzungs_Bataillon_20250913214038,N/A,N/A,N/A,N/A,N/A,N/A,phase1 PRE_RAID_OPTIMIZATION | PE_SPENT: fuel=1 combat=0 total=1 | BEFORE: fuel=2 combat=4 | AFTER: fuel=3 combat=4,,N/A,N/A,N/A,N/A,N/A,14,1,1,0,2,3,4,4,N/A,N/A,N/A,N/A,N/A,N/A,N/A,N/A,N/A,N/A,N/A,N/A,N/A,N/A,N/A,N/A,N/A,N/A,N/A,N/A,N/A,near_target_critical
2025-09-19 21:49:45,,N/A,,Niemcy,resupply_summary,RESUPPLY_SUMMARY,N/A,N/A,N/A,N/A,N/A,N/A,SUMMARY PRE_RAID_OPTIMIZATION | PE_SPENT_TOTAL: 10 | PE_REMAINING: 6,,N/A,N/A,N/A,N/A,N/A,N/A,10,N/A,N/A,N/A,N/A,N/A,N/A,6,N/A,N/A,N/A,N/A,N/A,N/A,N/A,N/A,N/A,N/A,N/A,N/A,N/A,N/A,N/A,N/A,N/A,N/A,N/A,N/A,N/A
2025-09-19 21:49:45,,N/A,,Niemcy,resupply_summary,RESUPPLY_OPERATION,N/A,N/A,N/A,N/A,N/A,N/A,RESUPPLY_SUMMARY PRE_RAID_OPTIMIZATION | TOTAL_PE_SPENT: 10 | UNITS_RESUPPLIED: 9/9 | BUDGET_ALLOCATED: 14 | PE_REMAINING: 6,,N/A,N/A,N/A,N/A,N/A,N/A,N/A,N/A,N/A,N/A,N/A,N/A,N/A,N/A,N/A,N/A,N/A,N/A,N/A,N/A,N/A,N/A,N/A,N/A,N/A,N/A,N/A,N/A,N/A,N/A,N/A,N/A,N/A,N/A,N/A
2025-09-19 21:49:45,N/A,N/A,target_selection,Niemcy,target_analysis,N/A,N/A,29,N/A,N/A,N/A,N/A,999,N/A,29,-1,N/A,False,N/A,N/A,N/A,N/A,N/A,N/A,N/A,N/A,N/A,N/A,N/A,N/A,N/A,N/A,N/A,N/A,N/A,N/A,N/A,N/A,N/A,N/A,N/A,N/A,N/A,N/A,N/A,N/A,N/A,N/A,N/A
2025-09-19 21:49:45,N/A,N/A,movement,Unknown,Kontrolowane wycofanie,N/A,N/A,2,N/A,N/A,N/A,N/A,N/A,0,20,25,N/A,N/A,N/A,N/A,N/A,N/A,N/A,N/A,N/A,N/A,N/A,N/A,N/A,path_planned,N/A,N/A,N/A,P_Pluton__5_Infanterie_Regiment,N/A,36,-14,37,-14,N/A,N/A,N/A,N/A,N/A,N/A,N/A,N/A,N/A,N/A
2025-09-19 21:49:45,,N/A,,Niemcy,second_move,P_Pluton__5_Infanterie_Regiment,N/A,N/A,N/A,N/A,N/A,N/A,second_chance after PRE_RAID_OPTIMIZATION,,N/A,N/A,N/A,N/A,N/A,N/A,N/A,N/A,N/A,N/A,N/A,N/A,N/A,N/A,N/A,N/A,N/A,N/A,N/A,N/A,N/A,N/A,N/A,N/A,N/A,N/A,N/A,N/A,N/A,N/A,N/A,N/A,N/A,N/A,N/A
2025-09-19 21:49:45,N/A,N/A,target_selection,Niemcy,target_analysis,N/A,N/A,29,N/A,N/A,N/A,N/A,999,N/A,29,-1,N/A,False,N/A,N/A,N/A,N/A,N/A,N/A,N/A,N/A,N/A,N/A,N/A,N/A,N/A,N/A,N/A,N/A,N/A,N/A,N/A,N/A,N/A,N/A,N/A,N/A,N/A,N/A,N/A,N/A,N/A,N/A,N/A
2025-09-19 21:49:45,N/A,N/A,movement,Unknown,Kontrolowane wycofanie,N/A,N/A,2,N/A,N/A,N/A,N/A,N/A,0,25,25,N/A,N/A,N/A,N/A,N/A,N/A,N/A,N/A,N/A,N/A,N/A,N/A,N/A,path_planned,N/A,N/A,N/A,P_Kompania__5_Infanterie_Regiment,N/A,35,-13,36,-13,N/A,N/A,N/A,N/A,N/A,N/A,N/A,N/A,N/A,N/A
2025-09-19 21:49:45,,N/A,,Niemcy,second_move,P_Kompania__5_Infanterie_Regiment,N/A,N/A,N/A,N/A,N/A,N/A,second_chance after PRE_RAID_OPTIMIZATION,,N/A,N/A,N/A,N/A,N/A,N/A,N/A,N/A,N/A,N/A,N/A,N/A,N/A,N/A,N/A,N/A,N/A,N/A,N/A,N/A,N/A,N/A,N/A,N/A,N/A,N/A,N/A,N/A,N/A,N/A,N/A,N/A,N/A,N/A,N/A
2025-09-19 21:49:45,N/A,N/A,target_selection,Niemcy,target_analysis,N/A,N/A,29,N/A,N/A,N/A,N/A,999,N/A,29,-1,N/A,False,N/A,N/A,N/A,N/A,N/A,N/A,N/A,N/A,N/A,N/A,N/A,N/A,N/A,N/A,N/A,N/A,N/A,N/A,N/A,N/A,N/A,N/A,N/A,N/A,N/A,N/A,N/A,N/A,N/A,N/A,N/A
2025-09-19 21:49:45,N/A,N/A,movement,Unknown,Kontrolowane wycofanie,N/A,N/A,2,N/A,N/A,N/A,N/A,N/A,0,20,25,N/A,N/A,N/A,N/A,N/A,N/A,N/A,N/A,N/A,N/A,N/A,N/A,N/A,path_planned,N/A,N/A,N/A,P_Pluton__5_Sch_tzen_Kompanie,N/A,34,-13,35,-13,N/A,N/A,N/A,N/A,N/A,N/A,N/A,N/A,N/A,N/A
2025-09-19 21:49:45,,N/A,,Niemcy,second_move,P_Pluton__5_Sch_tzen_Kompanie,N/A,N/A,N/A,N/A,N/A,N/A,second_chance after PRE_RAID_OPTIMIZATION,,N/A,N/A,N/A,N/A,N/A,N/A,N/A,N/A,N/A,N/A,N/A,N/A,N/A,N/A,N/A,N/A,N/A,N/A,N/A,N/A,N/A,N/A,N/A,N/A,N/A,N/A,N/A,N/A,N/A,N/A,N/A,N/A,N/A,N/A,N/A
2025-09-19 21:49:45,N/A,N/A,target_selection,Niemcy,target_analysis,N/A,N/A,29,N/A,N/A,N/A,N/A,999,N/A,29,-1,N/A,False,N/A,N/A,N/A,N/A,N/A,N/A,N/A,N/A,N/A,N/A,N/A,N/A,N/A,N/A,N/A,N/A,N/A,N/A,N/A,N/A,N/A,N/A,N/A,N/A,N/A,N/A,N/A,N/A,N/A,N/A,N/A
2025-09-19 21:49:45,N/A,N/A,movement,Unknown,Kontrolowane wycofanie,N/A,N/A,2,N/A,N/A,N/A,N/A,N/A,0,20,25,N/A,N/A,N/A,N/A,N/A,N/A,N/A,N/A,N/A,N/A,N/A,N/A,N/A,path_planned,N/A,N/A,N/A,AC_Kompania__5_schwere_Artillerie,N/A,34,-14,35,-14,N/A,N/A,N/A,N/A,N/A,N/A,N/A,N/A,N/A,N/A
2025-09-19 21:49:45,,N/A,,Niemcy,second_move,AC_Kompania__5_schwere_Artillerie,N/A,N/A,N/A,N/A,N/A,N/A,second_chance after PRE_RAID_OPTIMIZATION,,N/A,N/A,N/A,N/A,N/A,N/A,N/A,N/A,N/A,N/A,N/A,N/A,N/A,N/A,N/A,N/A,N/A,N/A,N/A,N/A,N/A,N/A,N/A,N/A,N/A,N/A,N/A,N/A,N/A,N/A,N/A,N/A,N/A,N/A,N/A
2025-09-19 21:49:45,N/A,N/A,target_selection,Niemcy,target_analysis,N/A,N/A,29,N/A,N/A,N/A,N/A,999,N/A,29,-1,N/A,False,N/A,N/A,N/A,N/A,N/A,N/A,N/A,N/A,N/A,N/A,N/A,N/A,N/A,N/A,N/A,N/A,N/A,N/A,N/A,N/A,N/A,N/A,N/A,N/A,N/A,N/A,N/A,N/A,N/A,N/A,N/A
2025-09-19 21:49:45,N/A,N/A,movement,Unknown,Kontrolowane wycofanie,N/A,N/A,2,N/A,N/A,N/A,N/A,N/A,0,20,25,N/A,N/A,N/A,N/A,N/A,N/A,N/A,N/A,N/A,N/A,N/A,N/A,N/A,path_planned,N/A,N/A,N/A,AL_Batalion__5_Artillerie_Abteilung,N/A,36,-16,37,-16,N/A,N/A,N/A,N/A,N/A,N/A,N/A,N/A,N/A,N/A
2025-09-19 21:49:45,,N/A,,Niemcy,second_move,AL_Batalion__5_Artillerie_Abteilung,N/A,N/A,N/A,N/A,N/A,N/A,second_chance after PRE_RAID_OPTIMIZATION,,N/A,N/A,N/A,N/A,N/A,N/A,N/A,N/A,N/A,N/A,N/A,N/A,N/A,N/A,N/A,N/A,N/A,N/A,N/A,N/A,N/A,N/A,N/A,N/A,N/A,N/A,N/A,N/A,N/A,N/A,N/A,N/A,N/A,N/A,N/A
2025-09-19 21:49:45,N/A,N/A,movement,Unknown,Kontrolowane wycofanie,N/A,N/A,2,N/A,N/A,N/A,N/A,N/A,0,25,20,N/A,N/A,N/A,N/A,N/A,N/A,N/A,N/A,N/A,N/A,N/A,N/A,N/A,path_planned,N/A,N/A,N/A,Z_Kompania__5_Unterst_tzungs_Bataillon,N/A,44,-15,43,-15,N/A,N/A,N/A,N/A,N/A,N/A,N/A,N/A,N/A,N/A
2025-09-19 21:49:45,,N/A,,Niemcy,second_move,Z_Kompania__5_Unterst_tzungs_Bataillon,N/A,N/A,N/A,N/A,N/A,N/A,second_chance after PRE_RAID_OPTIMIZATION,,N/A,N/A,N/A,N/A,N/A,N/A,N/A,N/A,N/A,N/A,N/A,N/A,N/A,N/A,N/A,N/A,N/A,N/A,N/A,N/A,N/A,N/A,N/A,N/A,N/A,N/A,N/A,N/A,N/A,N/A,N/A,N/A,N/A,N/A,N/A
2025-09-19 21:49:45,N/A,N/A,target_selection,Niemcy,target_analysis,N/A,N/A,29,N/A,N/A,N/A,N/A,1,N/A,29,45.0,N/A,False,N/A,N/A,N/A,N/A,N/A,N/A,N/A,N/A,N/A,N/A,N/A,N/A,N/A,N/A,N/A,N/A,N/A,N/A,N/A,N/A,N/A,N/A,N/A,N/A,N/A,N/A,N/A,N/A,N/A,N/A,N/A
2025-09-19 21:49:45,N/A,N/A,movement,Unknown,Kontrolowane wycofanie,N/A,N/A,2,N/A,N/A,N/A,N/A,N/A,0,20,20,N/A,N/A,N/A,N/A,N/A,N/A,N/A,N/A,N/A,N/A,N/A,N/A,N/A,path_planned,N/A,N/A,N/A,Z_Pluton__5_Versorgungs_Kompanie,N/A,44,-15,43,-14,N/A,N/A,N/A,N/A,N/A,N/A,N/A,N/A,N/A,N/A
2025-09-19 21:49:45,,N/A,,Niemcy,second_move,Z_Pluton__5_Versorgungs_Kompanie,N/A,N/A,N/A,N/A,N/A,N/A,second_chance after PRE_RAID_OPTIMIZATION,,N/A,N/A,N/A,N/A,N/A,N/A,N/A,N/A,N/A,N/A,N/A,N/A,N/A,N/A,N/A,N/A,N/A,N/A,N/A,N/A,N/A,N/A,N/A,N/A,N/A,N/A,N/A,N/A,N/A,N/A,N/A,N/A,N/A,N/A,N/A
2025-09-19 21:49:45,N/A,N/A,target_selection,Niemcy,target_analysis,N/A,N/A,29,N/A,N/A,N/A,N/A,3,N/A,29,30.0,N/A,False,N/A,N/A,N/A,N/A,N/A,N/A,N/A,N/A,N/A,N/A,N/A,N/A,N/A,N/A,N/A,N/A,N/A,N/A,N/A,N/A,N/A,N/A,N/A,N/A,N/A,N/A,N/A,N/A,N/A,N/A,N/A
2025-09-19 21:49:45,N/A,N/A,movement,Unknown,Kontrolowane wycofanie,N/A,N/A,4,N/A,N/A,N/A,N/A,N/A,0,20,20,N/A,N/A,N/A,N/A,N/A,N/A,N/A,N/A,N/A,N/A,N/A,N/A,N/A,path_planned,N/A,N/A,N/A,Z_Pluton__5_Unterst_tzungs_Bataillon,N/A,48,-15,45,-15,N/A,N/A,N/A,N/A,N/A,N/A,N/A,N/A,N/A,N/A
2025-09-19 21:49:45,,N/A,,Niemcy,second_move,Z_Pluton__5_Unterst_tzungs_Bataillon,N/A,N/A,N/A,N/A,N/A,N/A,second_chance after PRE_RAID_OPTIMIZATION,,N/A,N/A,N/A,N/A,N/A,N/A,N/A,N/A,N/A,N/A,N/A,N/A,N/A,N/A,N/A,N/A,N/A,N/A,N/A,N/A,N/A,N/A,N/A,N/A,N/A,N/A,N/A,N/A,N/A,N/A,N/A,N/A,N/A,N/A,N/A
2025-09-19 21:49:45,N/A,N/A,target_selection,Niemcy,target_analysis,N/A,N/A,29,N/A,N/A,N/A,N/A,1,N/A,29,30.0,N/A,False,N/A,N/A,N/A,N/A,N/A,N/A,N/A,N/A,N/A,N/A,N/A,N/A,N/A,N/A,N/A,N/A,N/A,N/A,N/A,N/A,N/A,N/A,N/A,N/A,N/A,N/A,N/A,N/A,N/A,N/A,N/A
2025-09-19 21:49:45,N/A,N/A,movement,Unknown,Kontrolowane wycofanie,N/A,N/A,2,N/A,N/A,N/A,N/A,N/A,0,20,20,N/A,N/A,N/A,N/A,N/A,N/A,N/A,N/A,N/A,N/A,N/A,N/A,N/A,path_planned,N/A,N/A,N/A,Z_Pluton__5_Unterst_tzungs_Bataillon_20250913214038,N/A,51,-13,52,-13,N/A,N/A,N/A,N/A,N/A,N/A,N/A,N/A,N/A,N/A
2025-09-19 21:49:45,,N/A,,Niemcy,second_move,Z_Pluton__5_Unterst_tzungs_Bataillon_20250913214038,N/A,N/A,N/A,N/A,N/A,N/A,second_chance after PRE_RAID_OPTIMIZATION,,N/A,N/A,N/A,N/A,N/A,N/A,N/A,N/A,N/A,N/A,N/A,N/A,N/A,N/A,N/A,N/A,N/A,N/A,N/A,N/A,N/A,N/A,N/A,N/A,N/A,N/A,N/A,N/A,N/A,N/A,N/A,N/A,N/A,N/A,N/A
2025-09-19 21:49:45,N/A,N/A,movement,Unknown,Kontrolowane wycofanie,N/A,N/A,2,N/A,N/A,N/A,N/A,N/A,0,20,20,N/A,N/A,N/A,N/A,N/A,N/A,N/A,N/A,N/A,N/A,N/A,N/A,N/A,path_planned,N/A,N/A,N/A,Z_Pluton__5_Versorgungs_Kompanie,N/A,45,-15,44,-15,N/A,N/A,N/A,N/A,N/A,N/A,N/A,N/A,N/A,N/A
2025-09-19 21:49:45,,N/A,,Niemcy,resupply_analysis,RESUPPLY_NEEDS,N/A,N/A,N/A,N/A,N/A,N/A,NEEDS_ANALYSIS PRE_RAID_OPTIMIZATION | TOTAL_FUEL_NEEDED: 19 | TOTAL_COMBAT_NEEDED: 0 | TOTAL_PE_NEEDED: 19 | BUDGET_AVAILABLE: 5 | UNITS_REQUIRING_HELP: 9,,N/A,N/A,N/A,N/A,N/A,5,N/A,N/A,N/A,N/A,N/A,N/A,N/A,N/A,19,N/A,N/A,N/A,N/A,N/A,N/A,N/A,N/A,N/A,N/A,N/A,N/A,N/A,N/A,N/A,N/A,N/A,N/A,N/A,N/A
2025-09-19 21:49:45,,N/A,,Niemcy,resupply_detailed,P_Pluton__5_Infanterie_Regiment,N/A,N/A,N/A,N/A,N/A,N/A,phase1 PRE_RAID_OPTIMIZATION | PE_SPENT: fuel=1 combat=0 total=1 | BEFORE: fuel=0 combat=8 | AFTER: fuel=1 combat=8,,N/A,N/A,N/A,N/A,N/A,5,1,1,0,0,1,8,8,N/A,N/A,N/A,N/A,N/A,N/A,N/A,N/A,N/A,N/A,N/A,N/A,N/A,N/A,N/A,N/A,N/A,N/A,N/A,N/A,N/A,N/A
2025-09-19 21:49:45,,N/A,,Niemcy,resupply_detailed,P_Kompania__5_Infanterie_Regiment,N/A,N/A,N/A,N/A,N/A,N/A,phase1 PRE_RAID_OPTIMIZATION | PE_SPENT: fuel=1 combat=0 total=1 | BEFORE: fuel=0 combat=11 | AFTER: fuel=1 combat=11,,N/A,N/A,N/A,N/A,N/A,5,1,1,0,0,1,11,11,N/A,N/A,N/A,N/A,N/A,N/A,N/A,N/A,N/A,N/A,N/A,N/A,N/A,N/A,N/A,N/A,N/A,N/A,N/A,N/A,N/A,N/A
2025-09-19 21:49:45,,N/A,,Niemcy,resupply_detailed,P_Pluton__5_Sch_tzen_Kompanie,N/A,N/A,N/A,N/A,N/A,N/A,phase1 PRE_RAID_OPTIMIZATION | PE_SPENT: fuel=1 combat=0 total=1 | BEFORE: fuel=0 combat=8 | AFTER: fuel=1 combat=8,,N/A,N/A,N/A,N/A,N/A,5,1,1,0,0,1,8,8,N/A,N/A,N/A,N/A,N/A,N/A,N/A,N/A,N/A,N/A,N/A,N/A,N/A,N/A,N/A,N/A,N/A,N/A,N/A,N/A,N/A,N/A
2025-09-19 21:49:45,,N/A,,Niemcy,resupply_detailed,AC_Kompania__5_schwere_Artillerie,N/A,N/A,N/A,N/A,N/A,N/A,phase1 PRE_RAID_OPTIMIZATION | PE_SPENT: fuel=1 combat=0 total=1 | BEFORE: fuel=0 combat=11 | AFTER: fuel=1 combat=11,,N/A,N/A,N/A,N/A,N/A,5,1,1,0,0,1,11,11,N/A,N/A,N/A,N/A,N/A,N/A,N/A,N/A,N/A,N/A,N/A,N/A,N/A,N/A,N/A,N/A,N/A,N/A,N/A,N/A,N/A,N/A
2025-09-19 21:49:45,,N/A,,Niemcy,resupply_detailed,AL_Batalion__5_Artillerie_Abteilung,N/A,N/A,N/A,N/A,N/A,N/A,phase1 PRE_RAID_OPTIMIZATION | PE_SPENT: fuel=1 combat=0 total=1 | BEFORE: fuel=0 combat=11 | AFTER: fuel=1 combat=11,,N/A,N/A,N/A,N/A,N/A,5,1,1,0,0,1,11,11,N/A,N/A,N/A,N/A,N/A,N/A,N/A,N/A,N/A,N/A,N/A,N/A,N/A,N/A,N/A,N/A,N/A,N/A,N/A,N/A,N/A,N/A
2025-09-19 21:49:45,,N/A,,Niemcy,resupply_detailed,Z_Pluton__5_Versorgungs_Kompanie,N/A,N/A,N/A,N/A,N/A,N/A,phase1 PRE_RAID_OPTIMIZATION | PE_SPENT: fuel=2 combat=0 total=2 | BEFORE: fuel=1 combat=4 | AFTER: fuel=3 combat=4,,N/A,N/A,N/A,N/A,N/A,5,2,2,0,1,3,4,4,N/A,N/A,N/A,N/A,N/A,N/A,N/A,N/A,N/A,N/A,N/A,N/A,N/A,N/A,N/A,N/A,N/A,N/A,N/A,N/A,N/A,near_target_critical
2025-09-19 21:49:45,,N/A,,Niemcy,resupply_detailed,Z_Kompania__5_Unterst_tzungs_Bataillon,N/A,N/A,N/A,N/A,N/A,N/A,phase1 PRE_RAID_OPTIMIZATION | PE_SPENT: fuel=1 combat=0 total=1 | BEFORE: fuel=2 combat=6 | AFTER: fuel=3 combat=6,,N/A,N/A,N/A,N/A,N/A,5,1,1,0,2,3,6,6,N/A,N/A,N/A,N/A,N/A,N/A,N/A,N/A,N/A,N/A,N/A,N/A,N/A,N/A,N/A,N/A,N/A,N/A,N/A,N/A,N/A,near_target_critical
2025-09-19 21:49:45,,N/A,,Niemcy,resupply_detailed,Z_Pluton__5_Unterst_tzungs_Bataillon,N/A,N/A,N/A,N/A,N/A,N/A,phase1 PRE_RAID_OPTIMIZATION | PE_SPENT: fuel=1 combat=0 total=1 | BEFORE: fuel=2 combat=4 | AFTER: fuel=3 combat=4,,N/A,N/A,N/A,N/A,N/A,5,1,1,0,2,3,4,4,N/A,N/A,N/A,N/A,N/A,N/A,N/A,N/A,N/A,N/A,N/A,N/A,N/A,N/A,N/A,N/A,N/A,N/A,N/A,N/A,N/A,near_target_critical
2025-09-19 21:49:45,,N/A,,Niemcy,resupply_detailed,Z_Pluton__5_Unterst_tzungs_Bataillon_20250913214038,N/A,N/A,N/A,N/A,N/A,N/A,phase1 PRE_RAID_OPTIMIZATION | PE_SPENT: fuel=1 combat=0 total=1 | BEFORE: fuel=2 combat=4 | AFTER: fuel=3 combat=4,,N/A,N/A,N/A,N/A,N/A,5,1,1,0,2,3,4,4,N/A,N/A,N/A,N/A,N/A,N/A,N/A,N/A,N/A,N/A,N/A,N/A,N/A,N/A,N/A,N/A,N/A,N/A,N/A,N/A,N/A,near_target_critical
2025-09-19 21:49:45,,N/A,,Niemcy,resupply_summary,RESUPPLY_SUMMARY,N/A,N/A,N/A,N/A,N/A,N/A,SUMMARY PRE_RAID_OPTIMIZATION | PE_SPENT_TOTAL: 6 | PE_REMAINING: 0,,N/A,N/A,N/A,N/A,N/A,N/A,6,N/A,N/A,N/A,N/A,N/A,N/A,0,N/A,N/A,N/A,N/A,N/A,N/A,N/A,N/A,N/A,N/A,N/A,N/A,N/A,N/A,N/A,N/A,N/A,N/A,N/A,N/A,N/A
2025-09-19 21:49:45,,N/A,,Niemcy,resupply_summary,RESUPPLY_OPERATION,N/A,N/A,N/A,N/A,N/A,N/A,RESUPPLY_SUMMARY PRE_RAID_OPTIMIZATION | TOTAL_PE_SPENT: 6 | UNITS_RESUPPLIED: 9/9 | BUDGET_ALLOCATED: 5 | PE_REMAINING: 0,,N/A,N/A,N/A,N/A,N/A,N/A,N/A,N/A,N/A,N/A,N/A,N/A,N/A,N/A,N/A,N/A,N/A,N/A,N/A,N/A,N/A,N/A,N/A,N/A,N/A,N/A,N/A,N/A,N/A,N/A,N/A,N/A,N/A,N/A,N/A
2025-09-19 21:49:45,N/A,N/A,target_selection,Niemcy,target_analysis,N/A,N/A,29,N/A,N/A,N/A,N/A,999,N/A,29,-1,N/A,False,N/A,N/A,N/A,N/A,N/A,N/A,N/A,N/A,N/A,N/A,N/A,N/A,N/A,N/A,N/A,N/A,N/A,N/A,N/A,N/A,N/A,N/A,N/A,N/A,N/A,N/A,N/A,N/A,N/A,N/A,N/A
2025-09-19 21:49:45,N/A,N/A,movement,Unknown,Kontrolowane wycofanie,N/A,N/A,2,N/A,N/A,N/A,N/A,N/A,0,20,25,N/A,N/A,N/A,N/A,N/A,N/A,N/A,N/A,N/A,N/A,N/A,N/A,N/A,path_planned,N/A,N/A,N/A,P_Pluton__5_Infanterie_Regiment,N/A,37,-14,38,-14,N/A,N/A,N/A,N/A,N/A,N/A,N/A,N/A,N/A,N/A
2025-09-19 21:49:45,,N/A,,Niemcy,second_move,P_Pluton__5_Infanterie_Regiment,N/A,N/A,N/A,N/A,N/A,N/A,second_chance after PRE_RAID_OPTIMIZATION,,N/A,N/A,N/A,N/A,N/A,N/A,N/A,N/A,N/A,N/A,N/A,N/A,N/A,N/A,N/A,N/A,N/A,N/A,N/A,N/A,N/A,N/A,N/A,N/A,N/A,N/A,N/A,N/A,N/A,N/A,N/A,N/A,N/A,N/A,N/A
2025-09-19 21:49:45,N/A,N/A,target_selection,Niemcy,target_analysis,N/A,N/A,29,N/A,N/A,N/A,N/A,999,N/A,29,-1,N/A,False,N/A,N/A,N/A,N/A,N/A,N/A,N/A,N/A,N/A,N/A,N/A,N/A,N/A,N/A,N/A,N/A,N/A,N/A,N/A,N/A,N/A,N/A,N/A,N/A,N/A,N/A,N/A,N/A,N/A,N/A,N/A
2025-09-19 21:49:45,N/A,N/A,movement,Unknown,Kontrolowane wycofanie,N/A,N/A,2,N/A,N/A,N/A,N/A,N/A,0,25,25,N/A,N/A,N/A,N/A,N/A,N/A,N/A,N/A,N/A,N/A,N/A,N/A,N/A,path_planned,N/A,N/A,N/A,P_Kompania__5_Infanterie_Regiment,N/A,36,-13,37,-13,N/A,N/A,N/A,N/A,N/A,N/A,N/A,N/A,N/A,N/A
2025-09-19 21:49:45,,N/A,,Niemcy,second_move,P_Kompania__5_Infanterie_Regiment,N/A,N/A,N/A,N/A,N/A,N/A,second_chance after PRE_RAID_OPTIMIZATION,,N/A,N/A,N/A,N/A,N/A,N/A,N/A,N/A,N/A,N/A,N/A,N/A,N/A,N/A,N/A,N/A,N/A,N/A,N/A,N/A,N/A,N/A,N/A,N/A,N/A,N/A,N/A,N/A,N/A,N/A,N/A,N/A,N/A,N/A,N/A
2025-09-19 21:49:45,N/A,N/A,target_selection,Niemcy,target_analysis,N/A,N/A,29,N/A,N/A,N/A,N/A,999,N/A,29,-1,N/A,False,N/A,N/A,N/A,N/A,N/A,N/A,N/A,N/A,N/A,N/A,N/A,N/A,N/A,N/A,N/A,N/A,N/A,N/A,N/A,N/A,N/A,N/A,N/A,N/A,N/A,N/A,N/A,N/A,N/A,N/A,N/A
2025-09-19 21:49:45,N/A,N/A,movement,Unknown,Kontrolowane wycofanie,N/A,N/A,2,N/A,N/A,N/A,N/A,N/A,0,25,25,N/A,N/A,N/A,N/A,N/A,N/A,N/A,N/A,N/A,N/A,N/A,N/A,N/A,path_planned,N/A,N/A,N/A,P_Pluton__5_Sch_tzen_Kompanie,N/A,35,-13,36,-13,N/A,N/A,N/A,N/A,N/A,N/A,N/A,N/A,N/A,N/A
2025-09-19 21:49:45,,N/A,,Niemcy,second_move,P_Pluton__5_Sch_tzen_Kompanie,N/A,N/A,N/A,N/A,N/A,N/A,second_chance after PRE_RAID_OPTIMIZATION,,N/A,N/A,N/A,N/A,N/A,N/A,N/A,N/A,N/A,N/A,N/A,N/A,N/A,N/A,N/A,N/A,N/A,N/A,N/A,N/A,N/A,N/A,N/A,N/A,N/A,N/A,N/A,N/A,N/A,N/A,N/A,N/A,N/A,N/A,N/A
2025-09-19 21:49:45,N/A,N/A,target_selection,Niemcy,target_analysis,N/A,N/A,29,N/A,N/A,N/A,N/A,999,N/A,29,-1,N/A,False,N/A,N/A,N/A,N/A,N/A,N/A,N/A,N/A,N/A,N/A,N/A,N/A,N/A,N/A,N/A,N/A,N/A,N/A,N/A,N/A,N/A,N/A,N/A,N/A,N/A,N/A,N/A,N/A,N/A,N/A,N/A
2025-09-19 21:49:45,N/A,N/A,movement,Unknown,Kontrolowane wycofanie,N/A,N/A,2,N/A,N/A,N/A,N/A,N/A,0,25,25,N/A,N/A,N/A,N/A,N/A,N/A,N/A,N/A,N/A,N/A,N/A,N/A,N/A,path_planned,N/A,N/A,N/A,AC_Kompania__5_schwere_Artillerie,N/A,35,-14,36,-14,N/A,N/A,N/A,N/A,N/A,N/A,N/A,N/A,N/A,N/A
2025-09-19 21:49:45,,N/A,,Niemcy,second_move,AC_Kompania__5_schwere_Artillerie,N/A,N/A,N/A,N/A,N/A,N/A,second_chance after PRE_RAID_OPTIMIZATION,,N/A,N/A,N/A,N/A,N/A,N/A,N/A,N/A,N/A,N/A,N/A,N/A,N/A,N/A,N/A,N/A,N/A,N/A,N/A,N/A,N/A,N/A,N/A,N/A,N/A,N/A,N/A,N/A,N/A,N/A,N/A,N/A,N/A,N/A,N/A
2025-09-19 21:49:45,N/A,N/A,target_selection,Niemcy,target_analysis,N/A,N/A,29,N/A,N/A,N/A,N/A,999,N/A,29,-1,N/A,False,N/A,N/A,N/A,N/A,N/A,N/A,N/A,N/A,N/A,N/A,N/A,N/A,N/A,N/A,N/A,N/A,N/A,N/A,N/A,N/A,N/A,N/A,N/A,N/A,N/A,N/A,N/A,N/A,N/A,N/A,N/A
2025-09-19 21:49:45,N/A,N/A,movement,Unknown,Kontrolowane wycofanie,N/A,N/A,2,N/A,N/A,N/A,N/A,N/A,0,20,25,N/A,N/A,N/A,N/A,N/A,N/A,N/A,N/A,N/A,N/A,N/A,N/A,N/A,path_planned,N/A,N/A,N/A,AL_Batalion__5_Artillerie_Abteilung,N/A,37,-16,38,-16,N/A,N/A,N/A,N/A,N/A,N/A,N/A,N/A,N/A,N/A
2025-09-19 21:49:45,,N/A,,Niemcy,second_move,AL_Batalion__5_Artillerie_Abteilung,N/A,N/A,N/A,N/A,N/A,N/A,second_chance after PRE_RAID_OPTIMIZATION,,N/A,N/A,N/A,N/A,N/A,N/A,N/A,N/A,N/A,N/A,N/A,N/A,N/A,N/A,N/A,N/A,N/A,N/A,N/A,N/A,N/A,N/A,N/A,N/A,N/A,N/A,N/A,N/A,N/A,N/A,N/A,N/A,N/A,N/A,N/A
2025-09-19 21:49:45,N/A,N/A,movement,Unknown,Kontrolowane wycofanie,N/A,N/A,2,N/A,N/A,N/A,N/A,N/A,0,20,20,N/A,N/A,N/A,N/A,N/A,N/A,N/A,N/A,N/A,N/A,N/A,N/A,N/A,path_planned,N/A,N/A,N/A,Z_Pluton__5_Versorgungs_Kompanie,N/A,44,-15,43,-14,N/A,N/A,N/A,N/A,N/A,N/A,N/A,N/A,N/A,N/A
2025-09-19 21:49:45,,N/A,,Niemcy,second_move,Z_Pluton__5_Versorgungs_Kompanie,N/A,N/A,N/A,N/A,N/A,N/A,second_chance after PRE_RAID_OPTIMIZATION,,N/A,N/A,N/A,N/A,N/A,N/A,N/A,N/A,N/A,N/A,N/A,N/A,N/A,N/A,N/A,N/A,N/A,N/A,N/A,N/A,N/A,N/A,N/A,N/A,N/A,N/A,N/A,N/A,N/A,N/A,N/A,N/A,N/A,N/A,N/A
2025-09-19 21:49:45,N/A,N/A,target_selection,Niemcy,target_analysis,N/A,N/A,29,N/A,N/A,N/A,N/A,999,N/A,29,-1,N/A,False,N/A,N/A,N/A,N/A,N/A,N/A,N/A,N/A,N/A,N/A,N/A,N/A,N/A,N/A,N/A,N/A,N/A,N/A,N/A,N/A,N/A,N/A,N/A,N/A,N/A,N/A,N/A,N/A,N/A,N/A,N/A
2025-09-19 21:49:45,N/A,N/A,movement,Unknown,Kontrolowane wycofanie,N/A,N/A,3,N/A,N/A,N/A,N/A,N/A,0,25,20,N/A,N/A,N/A,N/A,N/A,N/A,N/A,N/A,N/A,N/A,N/A,N/A,N/A,path_planned,N/A,N/A,N/A,Z_Kompania__5_Unterst_tzungs_Bataillon,N/A,43,-15,41,-15,N/A,N/A,N/A,N/A,N/A,N/A,N/A,N/A,N/A,N/A
2025-09-19 21:49:45,,N/A,,Niemcy,second_move,Z_Kompania__5_Unterst_tzungs_Bataillon,N/A,N/A,N/A,N/A,N/A,N/A,second_chance after PRE_RAID_OPTIMIZATION,,N/A,N/A,N/A,N/A,N/A,N/A,N/A,N/A,N/A,N/A,N/A,N/A,N/A,N/A,N/A,N/A,N/A,N/A,N/A,N/A,N/A,N/A,N/A,N/A,N/A,N/A,N/A,N/A,N/A,N/A,N/A,N/A,N/A,N/A,N/A
2025-09-19 21:49:45,N/A,N/A,target_selection,Niemcy,target_analysis,N/A,N/A,29,N/A,N/A,N/A,N/A,3,N/A,29,45.0,N/A,False,N/A,N/A,N/A,N/A,N/A,N/A,N/A,N/A,N/A,N/A,N/A,N/A,N/A,N/A,N/A,N/A,N/A,N/A,N/A,N/A,N/A,N/A,N/A,N/A,N/A,N/A,N/A,N/A,N/A,N/A,N/A
2025-09-19 21:49:45,N/A,N/A,movement,Unknown,Kontrolowane wycofanie,N/A,N/A,4,N/A,N/A,N/A,N/A,N/A,0,25,20,N/A,N/A,N/A,N/A,N/A,N/A,N/A,N/A,N/A,N/A,N/A,N/A,N/A,path_planned,N/A,N/A,N/A,Z_Pluton__5_Unterst_tzungs_Bataillon,N/A,45,-15,43,-15,N/A,N/A,N/A,N/A,N/A,N/A,N/A,N/A,N/A,N/A
2025-09-19 21:49:45,,N/A,,Niemcy,second_move,Z_Pluton__5_Unterst_tzungs_Bataillon,N/A,N/A,N/A,N/A,N/A,N/A,second_chance after PRE_RAID_OPTIMIZATION,,N/A,N/A,N/A,N/A,N/A,N/A,N/A,N/A,N/A,N/A,N/A,N/A,N/A,N/A,N/A,N/A,N/A,N/A,N/A,N/A,N/A,N/A,N/A,N/A,N/A,N/A,N/A,N/A,N/A,N/A,N/A,N/A,N/A,N/A,N/A
2025-09-19 21:49:45,N/A,N/A,target_selection,Niemcy,target_analysis,N/A,N/A,29,N/A,N/A,N/A,N/A,1,N/A,29,30.0,N/A,False,N/A,N/A,N/A,N/A,N/A,N/A,N/A,N/A,N/A,N/A,N/A,N/A,N/A,N/A,N/A,N/A,N/A,N/A,N/A,N/A,N/A,N/A,N/A,N/A,N/A,N/A,N/A,N/A,N/A,N/A,N/A
2025-09-19 21:49:45,N/A,N/A,movement,Unknown,Kontrolowane wycofanie,N/A,N/A,2,N/A,N/A,N/A,N/A,N/A,0,20,20,N/A,N/A,N/A,N/A,N/A,N/A,N/A,N/A,N/A,N/A,N/A,N/A,N/A,path_planned,N/A,N/A,N/A,Z_Pluton__5_Unterst_tzungs_Bataillon_20250913214038,N/A,52,-13,51,-13,N/A,N/A,N/A,N/A,N/A,N/A,N/A,N/A,N/A,N/A
2025-09-19 21:49:45,,N/A,,Niemcy,second_move,Z_Pluton__5_Unterst_tzungs_Bataillon_20250913214038,N/A,N/A,N/A,N/A,N/A,N/A,second_chance after PRE_RAID_OPTIMIZATION,,N/A,N/A,N/A,N/A,N/A,N/A,N/A,N/A,N/A,N/A,N/A,N/A,N/A,N/A,N/A,N/A,N/A,N/A,N/A,N/A,N/A,N/A,N/A,N/A,N/A,N/A,N/A,N/A,N/A,N/A,N/A,N/A,N/A,N/A,N/A
2025-09-19 21:49:45,N/A,N/A,movement,Unknown,Kontrolowane wycofanie,N/A,N/A,2,N/A,N/A,N/A,N/A,N/A,0,20,20,N/A,N/A,N/A,N/A,N/A,N/A,N/A,N/A,N/A,N/A,N/A,N/A,N/A,path_planned,N/A,N/A,N/A,Z_Pluton__5_Unterst_tzungs_Bataillon,N/A,45,-15,44,-15,N/A,N/A,N/A,N/A,N/A,N/A,N/A,N/A,N/A,N/A
2025-09-19 21:49:45,N/A,N/A,movement,Unknown,Kontrolowane wycofanie,N/A,N/A,3,N/A,N/A,N/A,N/A,N/A,0,20,20,N/A,N/A,N/A,N/A,N/A,N/A,N/A,N/A,N/A,N/A,N/A,N/A,N/A,path_planned,N/A,N/A,N/A,Z_Pluton__5_Unterst_tzungs_Bataillon_20250913214038,N/A,52,-15,52,-13,N/A,N/A,N/A,N/A,N/A,N/A,N/A,N/A,N/A,N/A
2025-09-19 21:49:45,N/A,N/A,garrison,Unknown,Zajęcie pozycji obronnych,N/A,N/A,N/A,N/A,N/A,N/A,N/A,N/A,N/A,0,N/A,N/A,N/A,N/A,N/A,N/A,N/A,N/A,N/A,N/A,N/A,N/A,N/A,N/A,kp_vacate_blocked,blocked,N/A,N/A,P_Pluton__5_Sch_tzen_Kompanie_20250913214034,N/A,N/A,N/A,42,-14,1.0,N/A,N/A,wartość wysoka lub limit czasu nieprzekroczony,N/A,N/A,N/A,N/A,N/A,N/A
2025-09-19 21:49:45,N/A,N/A,grouping,Niemcy,group_formation,GROUP_2,1,N/A,True,group,N/A,N/A,"target=(43,-15)",N/A,N/A,0.0,N/A,N/A,N/A,N/A,N/A,N/A,N/A,N/A,N/A,N/A,N/A,N/A,N/A,N/A,N/A,N/A,N/A,N/A,N/A,N/A,N/A,N/A,N/A,N/A,N/A,N/A,N/A,N/A,N/A,N/A,N/A,N/A,N/A
2025-09-19 21:49:45,N/A,N/A,target_selection,Niemcy,target_analysis,N/A,N/A,29,N/A,N/A,N/A,N/A,999,N/A,29,-1,N/A,False,N/A,N/A,N/A,N/A,N/A,N/A,N/A,N/A,N/A,N/A,N/A,N/A,N/A,N/A,N/A,N/A,N/A,N/A,N/A,N/A,N/A,N/A,N/A,N/A,N/A,N/A,N/A,N/A,N/A,N/A,N/A
2025-09-19 21:49:45,N/A,combat:P_Pluton__5_Infanterie_Regiment:X,combat,Niemcy,Zbieranie informacji o wrogu,N/A,N/A,N/A,N/A,N/A,N/A,N/A,,N/A,0,N/A,N/A,N/A,N/A,N/A,N/A,N/A,N/A,N/A,N/A,N/A,N/A,N/A,N/A,attack_opportunity_scan,N/A,N/A,N/A,P_Pluton__5_Infanterie_Regiment,N/A,N/A,N/A,N/A,N/A,N/A,1.05,N/A,N/A,N/A,N/A,N/A,N/A,N/A,N/A
2025-09-19 21:49:45,N/A,combat:P_Kompania__5_Infanterie_Regiment:X,combat,Niemcy,Zbieranie informacji o wrogu,N/A,N/A,N/A,N/A,N/A,N/A,N/A,,N/A,0,N/A,N/A,N/A,N/A,N/A,N/A,N/A,N/A,N/A,N/A,N/A,N/A,N/A,N/A,attack_opportunity_scan,N/A,N/A,N/A,P_Kompania__5_Infanterie_Regiment,N/A,N/A,N/A,N/A,N/A,N/A,1.05,N/A,N/A,N/A,N/A,N/A,N/A,N/A,N/A
2025-09-19 21:49:45,N/A,combat:P_Pluton__5_Sch_tzen_Kompanie:X,combat,Niemcy,Zbieranie informacji o wrogu,N/A,N/A,N/A,N/A,N/A,N/A,N/A,,N/A,0,N/A,N/A,N/A,N/A,N/A,N/A,N/A,N/A,N/A,N/A,N/A,N/A,N/A,N/A,attack_opportunity_scan,N/A,N/A,N/A,P_Pluton__5_Sch_tzen_Kompanie,N/A,N/A,N/A,N/A,N/A,N/A,1.05,N/A,N/A,N/A,N/A,N/A,N/A,N/A,N/A
2025-09-19 21:49:45,N/A,combat:AC_Kompania__5_schwere_Artillerie:X,combat,Niemcy,Zbieranie informacji o wrogu,N/A,N/A,N/A,N/A,N/A,N/A,N/A,,N/A,0,N/A,N/A,N/A,N/A,N/A,N/A,N/A,N/A,N/A,N/A,N/A,N/A,N/A,N/A,attack_opportunity_scan,N/A,N/A,N/A,AC_Kompania__5_schwere_Artillerie,N/A,N/A,N/A,N/A,N/A,N/A,1.05,N/A,N/A,N/A,N/A,N/A,N/A,N/A,N/A
2025-09-19 21:49:45,N/A,combat:AL_Batalion__5_Artillerie_Abteilung:X,combat,Niemcy,Zbieranie informacji o wrogu,N/A,N/A,N/A,N/A,N/A,N/A,N/A,,N/A,0,N/A,N/A,N/A,N/A,N/A,N/A,N/A,N/A,N/A,N/A,N/A,N/A,N/A,N/A,attack_opportunity_scan,N/A,N/A,N/A,AL_Batalion__5_Artillerie_Abteilung,N/A,N/A,N/A,N/A,N/A,N/A,1.05,N/A,N/A,N/A,N/A,N/A,N/A,N/A,N/A
2025-09-19 21:49:45,N/A,combat:P_Pluton__5_Sch_tzen_Kompanie_20250913214034:X,combat,Niemcy,Zbieranie informacji o wrogu,N/A,N/A,N/A,N/A,N/A,N/A,N/A,,N/A,0,N/A,N/A,N/A,N/A,N/A,N/A,N/A,N/A,N/A,N/A,N/A,N/A,N/A,N/A,attack_opportunity_scan,N/A,N/A,N/A,P_Pluton__5_Sch_tzen_Kompanie_20250913214034,N/A,N/A,N/A,N/A,N/A,N/A,1.05,N/A,N/A,N/A,N/A,N/A,N/A,N/A,N/A
2025-09-19 21:49:45,N/A,combat:Z_Kompania__5_Unterst_tzungs_Bataillon:X,combat,Niemcy,Zbieranie informacji o wrogu,N/A,N/A,N/A,N/A,N/A,N/A,N/A,,N/A,0,N/A,N/A,N/A,N/A,N/A,N/A,N/A,N/A,N/A,N/A,N/A,N/A,N/A,N/A,attack_opportunity_scan,N/A,N/A,N/A,Z_Kompania__5_Unterst_tzungs_Bataillon,N/A,N/A,N/A,N/A,N/A,N/A,1.05,N/A,N/A,N/A,N/A,N/A,N/A,N/A,N/A
2025-09-19 21:49:45,N/A,combat:Z_Pluton__5_Versorgungs_Kompanie:X,combat,Niemcy,Zbieranie informacji o wrogu,N/A,N/A,N/A,N/A,N/A,N/A,N/A,,N/A,0,N/A,N/A,N/A,N/A,N/A,N/A,N/A,N/A,N/A,N/A,N/A,N/A,N/A,N/A,attack_opportunity_scan,N/A,N/A,N/A,Z_Pluton__5_Versorgungs_Kompanie,N/A,N/A,N/A,N/A,N/A,N/A,1.05,N/A,N/A,N/A,N/A,N/A,N/A,N/A,N/A
2025-09-19 21:49:45,N/A,combat:Z_Pluton__5_Unterst_tzungs_Bataillon:X,combat,Niemcy,Zbieranie informacji o wrogu,N/A,N/A,N/A,N/A,N/A,N/A,N/A,,N/A,0,N/A,N/A,N/A,N/A,N/A,N/A,N/A,N/A,N/A,N/A,N/A,N/A,N/A,N/A,attack_opportunity_scan,N/A,N/A,N/A,Z_Pluton__5_Unterst_tzungs_Bataillon,N/A,N/A,N/A,N/A,N/A,N/A,1.05,N/A,N/A,N/A,N/A,N/A,N/A,N/A,N/A
2025-09-19 21:49:45,N/A,combat:Z_Pluton__5_Unterst_tzungs_Bataillon_20250913214038:X,combat,Niemcy,Zbieranie informacji o wrogu,N/A,N/A,N/A,N/A,N/A,N/A,N/A,"Z_Batalion__6_Versorgungs_Kompanie,Z_Pluton__6_Unterst_tzungs_Bataillon_20250913214048,Z_Pluton__6_Versorgungs_Kompanie,Z_Pluton__6_Unterst_tzungs_Bataillon",N/A,4,N/A,N/A,N/A,N/A,N/A,N/A,N/A,N/A,N/A,N/A,N/A,N/A,N/A,N/A,attack_opportunity_scan,N/A,N/A,N/A,Z_Pluton__5_Unterst_tzungs_Bataillon_20250913214038,N/A,N/A,N/A,N/A,N/A,N/A,1.05,N/A,N/A,N/A,N/A,N/A,N/A,N/A,N/A
2025-09-19 21:49:45,N/A,combat:Z_Pluton__5_Unterst_tzungs_Bataillon_20250913214038:X,combat,Niemcy,Wspólny atak kilku jednostek,N/A,N/A,N/A,N/A,N/A,N/A,N/A,N/A,N/A,N/A,N/A,N/A,N/A,N/A,N/A,N/A,N/A,N/A,N/A,N/A,N/A,N/A,N/A,N/A,combat_precheck,N/A,N/A,N/A,Z_Pluton__5_Unterst_tzungs_Bataillon_20250913214038,Z_Batalion__6_Versorgungs_Kompanie,N/A,N/A,N/A,N/A,0.36363636363636365,1.05,skip,,N/A,N/A,N/A,N/A,N/A,N/A
2025-09-19 21:49:45,N/A,combat:Z_Pluton__5_Unterst_tzungs_Bataillon_20250913214038:X,combat,Niemcy,Wspólny atak kilku jednostek,N/A,N/A,N/A,N/A,N/A,N/A,N/A,N/A,N/A,N/A,N/A,N/A,N/A,N/A,N/A,N/A,N/A,N/A,N/A,N/A,N/A,N/A,N/A,N/A,combat_precheck,N/A,N/A,N/A,Z_Pluton__5_Unterst_tzungs_Bataillon_20250913214038,Z_Pluton__6_Unterst_tzungs_Bataillon_20250913214048,N/A,N/A,N/A,N/A,0.6666666666666666,1.05,skip,,N/A,N/A,N/A,N/A,N/A,N/A
2025-09-19 21:49:45,N/A,combat:Z_Pluton__5_Unterst_tzungs_Bataillon_20250913214038:X,combat,Niemcy,Wspólny atak kilku jednostek,N/A,N/A,N/A,N/A,N/A,N/A,N/A,N/A,N/A,N/A,N/A,N/A,N/A,N/A,N/A,N/A,N/A,N/A,N/A,N/A,N/A,N/A,N/A,N/A,combat_precheck,N/A,N/A,N/A,Z_Pluton__5_Unterst_tzungs_Bataillon_20250913214038,Z_Pluton__6_Versorgungs_Kompanie,N/A,N/A,N/A,N/A,0.6666666666666666,1.05,skip,,N/A,N/A,N/A,N/A,N/A,N/A
2025-09-19 21:49:45,N/A,combat:Z_Pluton__5_Unterst_tzungs_Bataillon_20250913214038:X,combat,Niemcy,Wspólny atak kilku jednostek,N/A,N/A,N/A,N/A,N/A,N/A,N/A,N/A,N/A,N/A,N/A,N/A,N/A,N/A,N/A,N/A,N/A,N/A,N/A,N/A,N/A,N/A,N/A,N/A,combat_precheck,N/A,N/A,N/A,Z_Pluton__5_Unterst_tzungs_Bataillon_20250913214038,Z_Pluton__6_Unterst_tzungs_Bataillon,N/A,N/A,N/A,N/A,0.6666666666666666,1.05,skip,,N/A,N/A,N/A,N/A,N/A,N/A
2025-09-19 21:49:45,N/A,combat:Z_Pluton__5_Unterst_tzungs_Bataillon_20250913214038:X,combat,Niemcy,Wspólny atak kilku jednostek,N/A,N/A,N/A,N/A,N/A,N/A,N/A,N/A,N/A,N/A,N/A,N/A,N/A,N/A,N/A,N/A,N/A,N/A,N/A,N/A,N/A,N/A,N/A,N/A,combat_decision,N/A,N/A,N/A,Z_Pluton__5_Unterst_tzungs_Bataillon_20250913214038,NONE,N/A,N/A,N/A,N/A,0.0,1.05,skip,no_enemy_above_threshold,N/A,N/A,N/A,N/A,N/A,N/A
2025-09-19 21:49:45,,N/A,,Niemcy,turn_summary,TURN_END,N/A,N/A,N/A,N/A,N/A,N/A,"Turn completed: 0/6 units moved, 2 groups (advanced)",,N/A,N/A,N/A,N/A,N/A,N/A,N/A,N/A,N/A,N/A,N/A,N/A,N/A,N/A,N/A,N/A,N/A,N/A,N/A,N/A,N/A,N/A,N/A,N/A,N/A,N/A,N/A,N/A,N/A,N/A,N/A,N/A,N/A,N/A,N/A
2025-09-19 21:49:45,,N/A,,Niemcy,turn_begin,TURN_START,N/A,N/A,N/A,N/A,N/A,N/A,AI Commander turn started for player 6,,N/A,N/A,N/A,N/A,N/A,N/A,N/A,N/A,N/A,N/A,N/A,N/A,N/A,N/A,N/A,N/A,N/A,N/A,N/A,N/A,N/A,N/A,N/A,N/A,N/A,N/A,N/A,N/A,N/A,N/A,N/A,N/A,N/A,N/A,N/A
2025-09-19 21:49:45,,N/A,,Niemcy,resupply_analysis,RESUPPLY_NEEDS,N/A,N/A,N/A,N/A,N/A,N/A,NEEDS_ANALYSIS PRE_RAID_OPTIMIZATION | TOTAL_FUEL_NEEDED: 20 | TOTAL_COMBAT_NEEDED: 0 | TOTAL_PE_NEEDED: 20 | BUDGET_AVAILABLE: 23 | UNITS_REQUIRING_HELP: 8,,N/A,N/A,N/A,N/A,N/A,23,N/A,N/A,N/A,N/A,N/A,N/A,N/A,N/A,20,N/A,N/A,N/A,N/A,N/A,N/A,N/A,N/A,N/A,N/A,N/A,N/A,N/A,N/A,N/A,N/A,N/A,N/A,N/A,N/A
2025-09-19 21:49:45,,N/A,,Niemcy,resupply_detailed,P_Pluton__6_Sch_tzen_Kompanie,N/A,N/A,N/A,N/A,N/A,N/A,phase1 PRE_RAID_OPTIMIZATION | PE_SPENT: fuel=2 combat=0 total=2 | BEFORE: fuel=0 combat=8 | AFTER: fuel=2 combat=8,,N/A,N/A,N/A,N/A,N/A,23,2,2,0,0,2,8,8,N/A,N/A,N/A,N/A,N/A,N/A,N/A,N/A,N/A,N/A,N/A,N/A,N/A,N/A,N/A,N/A,N/A,N/A,N/A,N/A,N/A,N/A
2025-09-19 21:49:45,,N/A,,Niemcy,resupply_detailed,P_Pluton__6_Infanterie_Regiment,N/A,N/A,N/A,N/A,N/A,N/A,phase1 PRE_RAID_OPTIMIZATION | PE_SPENT: fuel=2 combat=0 total=2 | BEFORE: fuel=0 combat=8 | AFTER: fuel=2 combat=8,,N/A,N/A,N/A,N/A,N/A,23,2,2,0,0,2,8,8,N/A,N/A,N/A,N/A,N/A,N/A,N/A,N/A,N/A,N/A,N/A,N/A,N/A,N/A,N/A,N/A,N/A,N/A,N/A,N/A,N/A,N/A
2025-09-19 21:49:45,,N/A,,Niemcy,resupply_detailed,P_Pluton__6_Grenadier_Bataillon,N/A,N/A,N/A,N/A,N/A,N/A,phase1 PRE_RAID_OPTIMIZATION | PE_SPENT: fuel=2 combat=0 total=2 | BEFORE: fuel=0 combat=8 | AFTER: fuel=2 combat=8,,N/A,N/A,N/A,N/A,N/A,23,2,2,0,0,2,8,8,N/A,N/A,N/A,N/A,N/A,N/A,N/A,N/A,N/A,N/A,N/A,N/A,N/A,N/A,N/A,N/A,N/A,N/A,N/A,N/A,N/A,N/A
2025-09-19 21:49:45,,N/A,,Niemcy,resupply_detailed,P_Kompania__6_Sch_tzen_Kompanie,N/A,N/A,N/A,N/A,N/A,N/A,phase1 PRE_RAID_OPTIMIZATION | PE_SPENT: fuel=2 combat=0 total=2 | BEFORE: fuel=0 combat=11 | AFTER: fuel=2 combat=11,,N/A,N/A,N/A,N/A,N/A,23,2,2,0,0,2,11,11,N/A,N/A,N/A,N/A,N/A,N/A,N/A,N/A,N/A,N/A,N/A,N/A,N/A,N/A,N/A,N/A,N/A,N/A,N/A,N/A,N/A,N/A
2025-09-19 21:49:45,,N/A,,Niemcy,resupply_detailed,Z_Batalion__6_Versorgungs_Kompanie,N/A,N/A,N/A,N/A,N/A,N/A,phase1 PRE_RAID_OPTIMIZATION | PE_SPENT: fuel=2 combat=0 total=2 | BEFORE: fuel=1 combat=7 | AFTER: fuel=3 combat=7,,N/A,N/A,N/A,N/A,N/A,23,2,2,0,1,3,7,7,N/A,N/A,N/A,N/A,N/A,N/A,N/A,N/A,N/A,N/A,N/A,N/A,N/A,N/A,N/A,N/A,N/A,N/A,N/A,N/A,N/A,near_target_critical
2025-09-19 21:49:45,,N/A,,Niemcy,resupply_detailed,Z_Pluton__6_Unterst_tzungs_Bataillon_20250913214048,N/A,N/A,N/A,N/A,N/A,N/A,phase1 PRE_RAID_OPTIMIZATION | PE_SPENT: fuel=2 combat=0 total=2 | BEFORE: fuel=1 combat=4 | AFTER: fuel=3 combat=4,,N/A,N/A,N/A,N/A,N/A,23,2,2,0,1,3,4,4,N/A,N/A,N/A,N/A,N/A,N/A,N/A,N/A,N/A,N/A,N/A,N/A,N/A,N/A,N/A,N/A,N/A,N/A,N/A,N/A,N/A,near_target_critical
2025-09-19 21:49:45,,N/A,,Niemcy,resupply_detailed,Z_Pluton__6_Versorgungs_Kompanie,N/A,N/A,N/A,N/A,N/A,N/A,phase1 PRE_RAID_OPTIMIZATION | PE_SPENT: fuel=2 combat=0 total=2 | BEFORE: fuel=1 combat=4 | AFTER: fuel=3 combat=4,,N/A,N/A,N/A,N/A,N/A,23,2,2,0,1,3,4,4,N/A,N/A,N/A,N/A,N/A,N/A,N/A,N/A,N/A,N/A,N/A,N/A,N/A,N/A,N/A,N/A,N/A,N/A,N/A,N/A,N/A,near_target_critical
2025-09-19 21:49:45,,N/A,,Niemcy,resupply_detailed,Z_Pluton__6_Unterst_tzungs_Bataillon,N/A,N/A,N/A,N/A,N/A,N/A,phase1 PRE_RAID_OPTIMIZATION | PE_SPENT: fuel=2 combat=0 total=2 | BEFORE: fuel=1 combat=4 | AFTER: fuel=3 combat=4,,N/A,N/A,N/A,N/A,N/A,23,2,2,0,1,3,4,4,N/A,N/A,N/A,N/A,N/A,N/A,N/A,N/A,N/A,N/A,N/A,N/A,N/A,N/A,N/A,N/A,N/A,N/A,N/A,N/A,N/A,N/A
2025-09-19 21:49:45,,N/A,,Niemcy,resupply_summary,RESUPPLY_SUMMARY,N/A,N/A,N/A,N/A,N/A,N/A,SUMMARY PRE_RAID_OPTIMIZATION | PE_SPENT_TOTAL: 16 | PE_REMAINING: 10,,N/A,N/A,N/A,N/A,N/A,N/A,16,N/A,N/A,N/A,N/A,N/A,N/A,10,N/A,N/A,N/A,N/A,N/A,N/A,N/A,N/A,N/A,N/A,N/A,N/A,N/A,N/A,N/A,N/A,N/A,N/A,N/A,N/A,N/A
2025-09-19 21:49:45,,N/A,,Niemcy,resupply_summary,RESUPPLY_OPERATION,N/A,N/A,N/A,N/A,N/A,N/A,RESUPPLY_SUMMARY PRE_RAID_OPTIMIZATION | TOTAL_PE_SPENT: 16 | UNITS_RESUPPLIED: 8/8 | BUDGET_ALLOCATED: 23 | PE_REMAINING: 10,,N/A,N/A,N/A,N/A,N/A,N/A,N/A,N/A,N/A,N/A,N/A,N/A,N/A,N/A,N/A,N/A,N/A,N/A,N/A,N/A,N/A,N/A,N/A,N/A,N/A,N/A,N/A,N/A,N/A,N/A,N/A,N/A,N/A,N/A,N/A
2025-09-19 21:49:45,N/A,N/A,target_selection,Niemcy,target_analysis,N/A,N/A,29,N/A,N/A,N/A,N/A,999,N/A,29,-1,N/A,False,N/A,N/A,N/A,N/A,N/A,N/A,N/A,N/A,N/A,N/A,N/A,N/A,N/A,N/A,N/A,N/A,N/A,N/A,N/A,N/A,N/A,N/A,N/A,N/A,N/A,N/A,N/A,N/A,N/A,N/A,N/A
2025-09-19 21:49:45,N/A,N/A,movement,Unknown,Kontrolowane wycofanie,N/A,N/A,3,N/A,N/A,N/A,N/A,N/A,0,20,20,N/A,N/A,N/A,N/A,N/A,N/A,N/A,N/A,N/A,N/A,N/A,N/A,N/A,path_planned,N/A,N/A,N/A,P_Pluton__6_Sch_tzen_Kompanie,N/A,41,3,43,3,N/A,N/A,N/A,N/A,N/A,N/A,N/A,N/A,N/A,N/A
2025-09-19 21:49:45,,N/A,,Niemcy,second_move,P_Pluton__6_Sch_tzen_Kompanie,N/A,N/A,N/A,N/A,N/A,N/A,second_chance after PRE_RAID_OPTIMIZATION,,N/A,N/A,N/A,N/A,N/A,N/A,N/A,N/A,N/A,N/A,N/A,N/A,N/A,N/A,N/A,N/A,N/A,N/A,N/A,N/A,N/A,N/A,N/A,N/A,N/A,N/A,N/A,N/A,N/A,N/A,N/A,N/A,N/A,N/A,N/A
2025-09-19 21:49:45,N/A,N/A,target_selection,Niemcy,target_analysis,N/A,N/A,29,N/A,N/A,N/A,N/A,999,N/A,29,-1,N/A,False,N/A,N/A,N/A,N/A,N/A,N/A,N/A,N/A,N/A,N/A,N/A,N/A,N/A,N/A,N/A,N/A,N/A,N/A,N/A,N/A,N/A,N/A,N/A,N/A,N/A,N/A,N/A,N/A,N/A,N/A,N/A
2025-09-19 21:49:45,N/A,N/A,movement,Unknown,Kontrolowane wycofanie,N/A,N/A,3,N/A,N/A,N/A,N/A,N/A,0,20,20,N/A,N/A,N/A,N/A,N/A,N/A,N/A,N/A,N/A,N/A,N/A,N/A,N/A,path_planned,N/A,N/A,N/A,P_Pluton__6_Infanterie_Regiment,N/A,40,3,42,3,N/A,N/A,N/A,N/A,N/A,N/A,N/A,N/A,N/A,N/A
2025-09-19 21:49:45,,N/A,,Niemcy,second_move,P_Pluton__6_Infanterie_Regiment,N/A,N/A,N/A,N/A,N/A,N/A,second_chance after PRE_RAID_OPTIMIZATION,,N/A,N/A,N/A,N/A,N/A,N/A,N/A,N/A,N/A,N/A,N/A,N/A,N/A,N/A,N/A,N/A,N/A,N/A,N/A,N/A,N/A,N/A,N/A,N/A,N/A,N/A,N/A,N/A,N/A,N/A,N/A,N/A,N/A,N/A,N/A
2025-09-19 21:49:45,N/A,N/A,target_selection,Niemcy,target_analysis,N/A,N/A,29,N/A,N/A,N/A,N/A,999,N/A,29,-1,N/A,False,N/A,N/A,N/A,N/A,N/A,N/A,N/A,N/A,N/A,N/A,N/A,N/A,N/A,N/A,N/A,N/A,N/A,N/A,N/A,N/A,N/A,N/A,N/A,N/A,N/A,N/A,N/A,N/A,N/A,N/A,N/A
2025-09-19 21:49:45,N/A,N/A,movement,Unknown,Kontrolowane wycofanie,N/A,N/A,3,N/A,N/A,N/A,N/A,N/A,0,20,20,N/A,N/A,N/A,N/A,N/A,N/A,N/A,N/A,N/A,N/A,N/A,N/A,N/A,path_planned,N/A,N/A,N/A,P_Pluton__6_Grenadier_Bataillon,N/A,50,-9,50,-7,N/A,N/A,N/A,N/A,N/A,N/A,N/A,N/A,N/A,N/A
2025-09-19 21:49:45,,N/A,,Niemcy,second_move,P_Pluton__6_Grenadier_Bataillon,N/A,N/A,N/A,N/A,N/A,N/A,second_chance after PRE_RAID_OPTIMIZATION,,N/A,N/A,N/A,N/A,N/A,N/A,N/A,N/A,N/A,N/A,N/A,N/A,N/A,N/A,N/A,N/A,N/A,N/A,N/A,N/A,N/A,N/A,N/A,N/A,N/A,N/A,N/A,N/A,N/A,N/A,N/A,N/A,N/A,N/A,N/A
2025-09-19 21:49:45,N/A,N/A,target_selection,Niemcy,target_analysis,N/A,N/A,29,N/A,N/A,N/A,N/A,999,N/A,29,-1,N/A,False,N/A,N/A,N/A,N/A,N/A,N/A,N/A,N/A,N/A,N/A,N/A,N/A,N/A,N/A,N/A,N/A,N/A,N/A,N/A,N/A,N/A,N/A,N/A,N/A,N/A,N/A,N/A,N/A,N/A,N/A,N/A
2025-09-19 21:49:45,N/A,N/A,movement,Unknown,Kontrolowane wycofanie,N/A,N/A,3,N/A,N/A,N/A,N/A,N/A,0,20,20,N/A,N/A,N/A,N/A,N/A,N/A,N/A,N/A,N/A,N/A,N/A,N/A,N/A,path_planned,N/A,N/A,N/A,P_Kompania__6_Sch_tzen_Kompanie,N/A,50,-9,48,-9,N/A,N/A,N/A,N/A,N/A,N/A,N/A,N/A,N/A,N/A
2025-09-19 21:49:45,,N/A,,Niemcy,second_move,P_Kompania__6_Sch_tzen_Kompanie,N/A,N/A,N/A,N/A,N/A,N/A,second_chance after PRE_RAID_OPTIMIZATION,,N/A,N/A,N/A,N/A,N/A,N/A,N/A,N/A,N/A,N/A,N/A,N/A,N/A,N/A,N/A,N/A,N/A,N/A,N/A,N/A,N/A,N/A,N/A,N/A,N/A,N/A,N/A,N/A,N/A,N/A,N/A,N/A,N/A,N/A,N/A
2025-09-19 21:49:46,,N/A,,Niemcy,second_move,Z_Batalion__6_Versorgungs_Kompanie,N/A,N/A,N/A,N/A,N/A,N/A,second_chance after PRE_RAID_OPTIMIZATION,,N/A,N/A,N/A,N/A,N/A,N/A,N/A,N/A,N/A,N/A,N/A,N/A,N/A,N/A,N/A,N/A,N/A,N/A,N/A,N/A,N/A,N/A,N/A,N/A,N/A,N/A,N/A,N/A,N/A,N/A,N/A,N/A,N/A,N/A,N/A
2025-09-19 21:49:46,N/A,N/A,movement,Unknown,Kontrolowane wycofanie,N/A,N/A,2,N/A,N/A,N/A,N/A,N/A,0,20,20,N/A,N/A,N/A,N/A,N/A,N/A,N/A,N/A,N/A,N/A,N/A,N/A,N/A,path_planned,N/A,N/A,N/A,Z_Pluton__6_Unterst_tzungs_Bataillon_20250913214048,N/A,51,-12,51,-13,N/A,N/A,N/A,N/A,N/A,N/A,N/A,N/A,N/A,N/A
2025-09-19 21:49:46,,N/A,,Niemcy,second_move,Z_Pluton__6_Unterst_tzungs_Bataillon_20250913214048,N/A,N/A,N/A,N/A,N/A,N/A,second_chance after PRE_RAID_OPTIMIZATION,,N/A,N/A,N/A,N/A,N/A,N/A,N/A,N/A,N/A,N/A,N/A,N/A,N/A,N/A,N/A,N/A,N/A,N/A,N/A,N/A,N/A,N/A,N/A,N/A,N/A,N/A,N/A,N/A,N/A,N/A,N/A,N/A,N/A,N/A,N/A
2025-09-19 21:49:46,N/A,N/A,target_selection,Niemcy,target_analysis,N/A,N/A,29,N/A,N/A,N/A,N/A,1,N/A,29,30.0,N/A,False,N/A,N/A,N/A,N/A,N/A,N/A,N/A,N/A,N/A,N/A,N/A,N/A,N/A,N/A,N/A,N/A,N/A,N/A,N/A,N/A,N/A,N/A,N/A,N/A,N/A,N/A,N/A,N/A,N/A,N/A,N/A
2025-09-19 21:49:46,N/A,N/A,movement,Unknown,Kontrolowane wycofanie,N/A,N/A,2,N/A,N/A,N/A,N/A,N/A,0,20,20,N/A,N/A,N/A,N/A,N/A,N/A,N/A,N/A,N/A,N/A,N/A,N/A,N/A,path_planned,N/A,N/A,N/A,Z_Pluton__6_Versorgungs_Kompanie,N/A,51,-12,50,-11,N/A,N/A,N/A,N/A,N/A,N/A,N/A,N/A,N/A,N/A
2025-09-19 21:49:46,,N/A,,Niemcy,second_move,Z_Pluton__6_Versorgungs_Kompanie,N/A,N/A,N/A,N/A,N/A,N/A,second_chance after PRE_RAID_OPTIMIZATION,,N/A,N/A,N/A,N/A,N/A,N/A,N/A,N/A,N/A,N/A,N/A,N/A,N/A,N/A,N/A,N/A,N/A,N/A,N/A,N/A,N/A,N/A,N/A,N/A,N/A,N/A,N/A,N/A,N/A,N/A,N/A,N/A,N/A,N/A,N/A
2025-09-19 21:49:46,N/A,N/A,target_selection,Niemcy,target_analysis,N/A,N/A,29,N/A,N/A,N/A,N/A,1,N/A,29,30.0,N/A,False,N/A,N/A,N/A,N/A,N/A,N/A,N/A,N/A,N/A,N/A,N/A,N/A,N/A,N/A,N/A,N/A,N/A,N/A,N/A,N/A,N/A,N/A,N/A,N/A,N/A,N/A,N/A,N/A,N/A,N/A,N/A
2025-09-19 21:49:46,N/A,N/A,movement,Unknown,Kontrolowane wycofanie,N/A,N/A,2,N/A,N/A,N/A,N/A,N/A,0,20,20,N/A,N/A,N/A,N/A,N/A,N/A,N/A,N/A,N/A,N/A,N/A,N/A,N/A,path_planned,N/A,N/A,N/A,Z_Pluton__6_Unterst_tzungs_Bataillon,N/A,51,-12,51,-11,N/A,N/A,N/A,N/A,N/A,N/A,N/A,N/A,N/A,N/A
2025-09-19 21:49:46,,N/A,,Niemcy,second_move,Z_Pluton__6_Unterst_tzungs_Bataillon,N/A,N/A,N/A,N/A,N/A,N/A,second_chance after PRE_RAID_OPTIMIZATION,,N/A,N/A,N/A,N/A,N/A,N/A,N/A,N/A,N/A,N/A,N/A,N/A,N/A,N/A,N/A,N/A,N/A,N/A,N/A,N/A,N/A,N/A,N/A,N/A,N/A,N/A,N/A,N/A,N/A,N/A,N/A,N/A,N/A,N/A,N/A
2025-09-19 21:49:46,N/A,N/A,target_selection,Niemcy,target_analysis,N/A,N/A,29,N/A,N/A,N/A,N/A,999,N/A,29,-1,N/A,False,N/A,N/A,N/A,N/A,N/A,N/A,N/A,N/A,N/A,N/A,N/A,N/A,N/A,N/A,N/A,N/A,N/A,N/A,N/A,N/A,N/A,N/A,N/A,N/A,N/A,N/A,N/A,N/A,N/A,N/A,N/A
2025-09-19 21:49:46,,N/A,,Niemcy,resupply_analysis,RESUPPLY_NEEDS,N/A,N/A,N/A,N/A,N/A,N/A,NEEDS_ANALYSIS LOW_FUEL | TOTAL_FUEL_NEEDED: 16 | TOTAL_COMBAT_NEEDED: 0 | TOTAL_PE_NEEDED: 16 | BUDGET_AVAILABLE: 9 | UNITS_REQUIRING_HELP: 8,,N/A,N/A,N/A,N/A,N/A,9,N/A,N/A,N/A,N/A,N/A,N/A,N/A,N/A,16,N/A,N/A,N/A,N/A,N/A,N/A,N/A,N/A,N/A,N/A,N/A,N/A,N/A,N/A,N/A,N/A,N/A,N/A,N/A,N/A
2025-09-19 21:49:46,,N/A,,Niemcy,resupply_detailed,Z_Batalion__6_Versorgungs_Kompanie,N/A,N/A,N/A,N/A,N/A,N/A,phase1 LOW_FUEL | PE_SPENT: fuel=2 combat=0 total=2 | BEFORE: fuel=1 combat=7 | AFTER: fuel=3 combat=7,,N/A,N/A,N/A,N/A,N/A,9,2,2,0,1,3,7,7,N/A,N/A,N/A,N/A,N/A,N/A,N/A,N/A,N/A,N/A,N/A,N/A,N/A,N/A,N/A,N/A,N/A,N/A,N/A,N/A,N/A,near_target_critical
2025-09-19 21:49:46,,N/A,,Niemcy,resupply_detailed,Z_Pluton__6_Unterst_tzungs_Bataillon_20250913214048,N/A,N/A,N/A,N/A,N/A,N/A,phase1 LOW_FUEL | PE_SPENT: fuel=2 combat=0 total=2 | BEFORE: fuel=1 combat=4 | AFTER: fuel=3 combat=4,,N/A,N/A,N/A,N/A,N/A,9,2,2,0,1,3,4,4,N/A,N/A,N/A,N/A,N/A,N/A,N/A,N/A,N/A,N/A,N/A,N/A,N/A,N/A,N/A,N/A,N/A,N/A,N/A,N/A,N/A,near_target_critical
2025-09-19 21:49:46,,N/A,,Niemcy,resupply_detailed,Z_Pluton__6_Versorgungs_Kompanie,N/A,N/A,N/A,N/A,N/A,N/A,phase1 LOW_FUEL | PE_SPENT: fuel=2 combat=0 total=2 | BEFORE: fuel=1 combat=4 | AFTER: fuel=3 combat=4,,N/A,N/A,N/A,N/A,N/A,9,2,2,0,1,3,4,4,N/A,N/A,N/A,N/A,N/A,N/A,N/A,N/A,N/A,N/A,N/A,N/A,N/A,N/A,N/A,N/A,N/A,N/A,N/A,N/A,N/A,near_target_critical
2025-09-19 21:49:46,,N/A,,Niemcy,resupply_detailed,Z_Pluton__6_Unterst_tzungs_Bataillon,N/A,N/A,N/A,N/A,N/A,N/A,phase1 LOW_FUEL | PE_SPENT: fuel=2 combat=0 total=2 | BEFORE: fuel=1 combat=4 | AFTER: fuel=3 combat=4,,N/A,N/A,N/A,N/A,N/A,9,2,2,0,1,3,4,4,N/A,N/A,N/A,N/A,N/A,N/A,N/A,N/A,N/A,N/A,N/A,N/A,N/A,N/A,N/A,N/A,N/A,N/A,N/A,N/A,N/A,near_target_critical
2025-09-19 21:49:46,,N/A,,Niemcy,resupply_detailed,P_Pluton__6_Sch_tzen_Kompanie,N/A,N/A,N/A,N/A,N/A,N/A,phase1 LOW_FUEL | PE_SPENT: fuel=1 combat=0 total=1 | BEFORE: fuel=1 combat=8 | AFTER: fuel=2 combat=8,,N/A,N/A,N/A,N/A,N/A,9,1,1,0,1,2,8,8,N/A,N/A,N/A,N/A,N/A,N/A,N/A,N/A,N/A,N/A,N/A,N/A,N/A,N/A,N/A,N/A,N/A,N/A,N/A,N/A,N/A,N/A
2025-09-19 21:49:46,,N/A,,Niemcy,resupply_detailed,P_Pluton__6_Infanterie_Regiment,N/A,N/A,N/A,N/A,N/A,N/A,phase1 LOW_FUEL | PE_SPENT: fuel=1 combat=0 total=1 | BEFORE: fuel=1 combat=8 | AFTER: fuel=2 combat=8,,N/A,N/A,N/A,N/A,N/A,9,1,1,0,1,2,8,8,N/A,N/A,N/A,N/A,N/A,N/A,N/A,N/A,N/A,N/A,N/A,N/A,N/A,N/A,N/A,N/A,N/A,N/A,N/A,N/A,N/A,N/A
2025-09-19 21:49:46,,N/A,,Niemcy,resupply_detailed,P_Pluton__6_Grenadier_Bataillon,N/A,N/A,N/A,N/A,N/A,N/A,phase1 LOW_FUEL | PE_SPENT: fuel=1 combat=0 total=1 | BEFORE: fuel=1 combat=8 | AFTER: fuel=2 combat=8,,N/A,N/A,N/A,N/A,N/A,9,1,1,0,1,2,8,8,N/A,N/A,N/A,N/A,N/A,N/A,N/A,N/A,N/A,N/A,N/A,N/A,N/A,N/A,N/A,N/A,N/A,N/A,N/A,N/A,N/A,N/A
2025-09-19 21:49:46,,N/A,,Niemcy,resupply_detailed,P_Kompania__6_Sch_tzen_Kompanie,N/A,N/A,N/A,N/A,N/A,N/A,phase1 LOW_FUEL | PE_SPENT: fuel=1 combat=0 total=1 | BEFORE: fuel=1 combat=11 | AFTER: fuel=2 combat=11,,N/A,N/A,N/A,N/A,N/A,9,1,1,0,1,2,11,11,N/A,N/A,N/A,N/A,N/A,N/A,N/A,N/A,N/A,N/A,N/A,N/A,N/A,N/A,N/A,N/A,N/A,N/A,N/A,N/A,N/A,N/A
2025-09-19 21:49:46,,N/A,,Niemcy,resupply_summary,RESUPPLY_SUMMARY,N/A,N/A,N/A,N/A,N/A,N/A,SUMMARY LOW_FUEL | PE_SPENT_TOTAL: 10 | PE_REMAINING: 0,,N/A,N/A,N/A,N/A,N/A,N/A,10,N/A,N/A,N/A,N/A,N/A,N/A,0,N/A,N/A,N/A,N/A,N/A,N/A,N/A,N/A,N/A,N/A,N/A,N/A,N/A,N/A,N/A,N/A,N/A,N/A,N/A,N/A,N/A
2025-09-19 21:49:46,,N/A,,Niemcy,resupply_summary,RESUPPLY_OPERATION,N/A,N/A,N/A,N/A,N/A,N/A,RESUPPLY_SUMMARY LOW_FUEL | TOTAL_PE_SPENT: 10 | UNITS_RESUPPLIED: 8/8 | BUDGET_ALLOCATED: 9 | PE_REMAINING: 0,,N/A,N/A,N/A,N/A,N/A,N/A,N/A,N/A,N/A,N/A,N/A,N/A,N/A,N/A,N/A,N/A,N/A,N/A,N/A,N/A,N/A,N/A,N/A,N/A,N/A,N/A,N/A,N/A,N/A,N/A,N/A,N/A,N/A,N/A,N/A
2025-09-19 21:49:46,,N/A,,Niemcy,second_move,Z_Batalion__6_Versorgungs_Kompanie,N/A,N/A,N/A,N/A,N/A,N/A,second_chance after LOW_FUEL,,N/A,N/A,N/A,N/A,N/A,N/A,N/A,N/A,N/A,N/A,N/A,N/A,N/A,N/A,N/A,N/A,N/A,N/A,N/A,N/A,N/A,N/A,N/A,N/A,N/A,N/A,N/A,N/A,N/A,N/A,N/A,N/A,N/A,N/A,N/A
2025-09-19 21:49:46,N/A,N/A,movement,Unknown,Kontrolowane wycofanie,N/A,N/A,3,N/A,N/A,N/A,N/A,N/A,0,20,20,N/A,N/A,N/A,N/A,N/A,N/A,N/A,N/A,N/A,N/A,N/A,N/A,N/A,path_planned,N/A,N/A,N/A,Z_Pluton__6_Unterst_tzungs_Bataillon_20250913214048,N/A,50,-11,51,-13,N/A,N/A,N/A,N/A,N/A,N/A,N/A,N/A,N/A,N/A
2025-09-19 21:49:46,,N/A,,Niemcy,second_move,Z_Pluton__6_Unterst_tzungs_Bataillon_20250913214048,N/A,N/A,N/A,N/A,N/A,N/A,second_chance after LOW_FUEL,,N/A,N/A,N/A,N/A,N/A,N/A,N/A,N/A,N/A,N/A,N/A,N/A,N/A,N/A,N/A,N/A,N/A,N/A,N/A,N/A,N/A,N/A,N/A,N/A,N/A,N/A,N/A,N/A,N/A,N/A,N/A,N/A,N/A,N/A,N/A
2025-09-19 21:49:46,N/A,N/A,target_selection,Niemcy,target_analysis,N/A,N/A,29,N/A,N/A,N/A,N/A,1,N/A,29,30.0,N/A,False,N/A,N/A,N/A,N/A,N/A,N/A,N/A,N/A,N/A,N/A,N/A,N/A,N/A,N/A,N/A,N/A,N/A,N/A,N/A,N/A,N/A,N/A,N/A,N/A,N/A,N/A,N/A,N/A,N/A,N/A,N/A
2025-09-19 21:49:46,N/A,N/A,movement,Unknown,Kontrolowane wycofanie,N/A,N/A,2,N/A,N/A,N/A,N/A,N/A,0,20,20,N/A,N/A,N/A,N/A,N/A,N/A,N/A,N/A,N/A,N/A,N/A,N/A,N/A,path_planned,N/A,N/A,N/A,Z_Pluton__6_Versorgungs_Kompanie,N/A,50,-11,51,-12,N/A,N/A,N/A,N/A,N/A,N/A,N/A,N/A,N/A,N/A
2025-09-19 21:49:46,,N/A,,Niemcy,second_move,Z_Pluton__6_Versorgungs_Kompanie,N/A,N/A,N/A,N/A,N/A,N/A,second_chance after LOW_FUEL,,N/A,N/A,N/A,N/A,N/A,N/A,N/A,N/A,N/A,N/A,N/A,N/A,N/A,N/A,N/A,N/A,N/A,N/A,N/A,N/A,N/A,N/A,N/A,N/A,N/A,N/A,N/A,N/A,N/A,N/A,N/A,N/A,N/A,N/A,N/A
2025-09-19 21:49:46,N/A,N/A,movement,Unknown,Kontrolowane wycofanie,N/A,N/A,2,N/A,N/A,N/A,N/A,N/A,0,20,20,N/A,N/A,N/A,N/A,N/A,N/A,N/A,N/A,N/A,N/A,N/A,N/A,N/A,path_planned,N/A,N/A,N/A,Z_Pluton__6_Unterst_tzungs_Bataillon,N/A,50,-11,51,-11,N/A,N/A,N/A,N/A,N/A,N/A,N/A,N/A,N/A,N/A
2025-09-19 21:49:46,,N/A,,Niemcy,second_move,Z_Pluton__6_Unterst_tzungs_Bataillon,N/A,N/A,N/A,N/A,N/A,N/A,second_chance after LOW_FUEL,,N/A,N/A,N/A,N/A,N/A,N/A,N/A,N/A,N/A,N/A,N/A,N/A,N/A,N/A,N/A,N/A,N/A,N/A,N/A,N/A,N/A,N/A,N/A,N/A,N/A,N/A,N/A,N/A,N/A,N/A,N/A,N/A,N/A,N/A,N/A
2025-09-19 21:49:46,N/A,N/A,target_selection,Niemcy,target_analysis,N/A,N/A,29,N/A,N/A,N/A,N/A,999,N/A,29,-1,N/A,False,N/A,N/A,N/A,N/A,N/A,N/A,N/A,N/A,N/A,N/A,N/A,N/A,N/A,N/A,N/A,N/A,N/A,N/A,N/A,N/A,N/A,N/A,N/A,N/A,N/A,N/A,N/A,N/A,N/A,N/A,N/A
2025-09-19 21:49:46,N/A,N/A,movement,Unknown,Kontrolowane wycofanie,N/A,N/A,3,N/A,N/A,N/A,N/A,N/A,0,20,20,N/A,N/A,N/A,N/A,N/A,N/A,N/A,N/A,N/A,N/A,N/A,N/A,N/A,path_planned,N/A,N/A,N/A,P_Pluton__6_Sch_tzen_Kompanie,N/A,43,3,45,3,N/A,N/A,N/A,N/A,N/A,N/A,N/A,N/A,N/A,N/A
2025-09-19 21:49:46,,N/A,,Niemcy,second_move,P_Pluton__6_Sch_tzen_Kompanie,N/A,N/A,N/A,N/A,N/A,N/A,second_chance after LOW_FUEL,,N/A,N/A,N/A,N/A,N/A,N/A,N/A,N/A,N/A,N/A,N/A,N/A,N/A,N/A,N/A,N/A,N/A,N/A,N/A,N/A,N/A,N/A,N/A,N/A,N/A,N/A,N/A,N/A,N/A,N/A,N/A,N/A,N/A,N/A,N/A
2025-09-19 21:49:46,N/A,N/A,target_selection,Niemcy,target_analysis,N/A,N/A,29,N/A,N/A,N/A,N/A,999,N/A,29,-1,N/A,False,N/A,N/A,N/A,N/A,N/A,N/A,N/A,N/A,N/A,N/A,N/A,N/A,N/A,N/A,N/A,N/A,N/A,N/A,N/A,N/A,N/A,N/A,N/A,N/A,N/A,N/A,N/A,N/A,N/A,N/A,N/A
2025-09-19 21:49:46,N/A,N/A,movement,Unknown,Kontrolowane wycofanie,N/A,N/A,3,N/A,N/A,N/A,N/A,N/A,0,20,20,N/A,N/A,N/A,N/A,N/A,N/A,N/A,N/A,N/A,N/A,N/A,N/A,N/A,path_planned,N/A,N/A,N/A,P_Pluton__6_Infanterie_Regiment,N/A,42,3,44,3,N/A,N/A,N/A,N/A,N/A,N/A,N/A,N/A,N/A,N/A
2025-09-19 21:49:46,,N/A,,Niemcy,second_move,P_Pluton__6_Infanterie_Regiment,N/A,N/A,N/A,N/A,N/A,N/A,second_chance after LOW_FUEL,,N/A,N/A,N/A,N/A,N/A,N/A,N/A,N/A,N/A,N/A,N/A,N/A,N/A,N/A,N/A,N/A,N/A,N/A,N/A,N/A,N/A,N/A,N/A,N/A,N/A,N/A,N/A,N/A,N/A,N/A,N/A,N/A,N/A,N/A,N/A
2025-09-19 21:49:46,N/A,N/A,target_selection,Niemcy,target_analysis,N/A,N/A,29,N/A,N/A,N/A,N/A,999,N/A,29,-1,N/A,False,N/A,N/A,N/A,N/A,N/A,N/A,N/A,N/A,N/A,N/A,N/A,N/A,N/A,N/A,N/A,N/A,N/A,N/A,N/A,N/A,N/A,N/A,N/A,N/A,N/A,N/A,N/A,N/A,N/A,N/A,N/A
2025-09-19 21:49:46,N/A,N/A,movement,Unknown,Kontrolowane wycofanie,N/A,N/A,3,N/A,N/A,N/A,N/A,N/A,0,20,20,N/A,N/A,N/A,N/A,N/A,N/A,N/A,N/A,N/A,N/A,N/A,N/A,N/A,path_planned,N/A,N/A,N/A,P_Pluton__6_Grenadier_Bataillon,N/A,50,-7,50,-5,N/A,N/A,N/A,N/A,N/A,N/A,N/A,N/A,N/A,N/A
2025-09-19 21:49:46,,N/A,,Niemcy,second_move,P_Pluton__6_Grenadier_Bataillon,N/A,N/A,N/A,N/A,N/A,N/A,second_chance after LOW_FUEL,,N/A,N/A,N/A,N/A,N/A,N/A,N/A,N/A,N/A,N/A,N/A,N/A,N/A,N/A,N/A,N/A,N/A,N/A,N/A,N/A,N/A,N/A,N/A,N/A,N/A,N/A,N/A,N/A,N/A,N/A,N/A,N/A,N/A,N/A,N/A
2025-09-19 21:49:46,N/A,N/A,target_selection,Niemcy,target_analysis,N/A,N/A,29,N/A,N/A,N/A,N/A,999,N/A,29,-1,N/A,False,N/A,N/A,N/A,N/A,N/A,N/A,N/A,N/A,N/A,N/A,N/A,N/A,N/A,N/A,N/A,N/A,N/A,N/A,N/A,N/A,N/A,N/A,N/A,N/A,N/A,N/A,N/A,N/A,N/A,N/A,N/A
2025-09-19 21:49:46,N/A,N/A,movement,Unknown,Kontrolowane wycofanie,N/A,N/A,3,N/A,N/A,N/A,N/A,N/A,0,20,20,N/A,N/A,N/A,N/A,N/A,N/A,N/A,N/A,N/A,N/A,N/A,N/A,N/A,path_planned,N/A,N/A,N/A,P_Kompania__6_Sch_tzen_Kompanie,N/A,48,-9,50,-9,N/A,N/A,N/A,N/A,N/A,N/A,N/A,N/A,N/A,N/A
2025-09-19 21:49:46,,N/A,,Niemcy,second_move,P_Kompania__6_Sch_tzen_Kompanie,N/A,N/A,N/A,N/A,N/A,N/A,second_chance after LOW_FUEL,,N/A,N/A,N/A,N/A,N/A,N/A,N/A,N/A,N/A,N/A,N/A,N/A,N/A,N/A,N/A,N/A,N/A,N/A,N/A,N/A,N/A,N/A,N/A,N/A,N/A,N/A,N/A,N/A,N/A,N/A,N/A,N/A,N/A,N/A,N/A
2025-09-19 21:49:46,N/A,N/A,target_selection,Niemcy,target_analysis,N/A,N/A,29,N/A,N/A,N/A,N/A,999,N/A,29,-1,N/A,False,N/A,N/A,N/A,N/A,N/A,N/A,N/A,N/A,N/A,N/A,N/A,N/A,N/A,N/A,N/A,N/A,N/A,N/A,N/A,N/A,N/A,N/A,N/A,N/A,N/A,N/A,N/A,N/A,N/A,N/A,N/A
2025-09-19 21:49:46,N/A,combat:P_Pluton__6_Sch_tzen_Kompanie:X,combat,Niemcy,Zbieranie informacji o wrogu,N/A,N/A,N/A,N/A,N/A,N/A,N/A,,N/A,0,N/A,N/A,N/A,N/A,N/A,N/A,N/A,N/A,N/A,N/A,N/A,N/A,N/A,N/A,attack_opportunity_scan,N/A,N/A,N/A,P_Pluton__6_Sch_tzen_Kompanie,N/A,N/A,N/A,N/A,N/A,N/A,1.05,N/A,N/A,N/A,N/A,N/A,N/A,N/A,N/A
2025-09-19 21:49:46,N/A,combat:P_Pluton__6_Infanterie_Regiment:X,combat,Niemcy,Zbieranie informacji o wrogu,N/A,N/A,N/A,N/A,N/A,N/A,N/A,,N/A,0,N/A,N/A,N/A,N/A,N/A,N/A,N/A,N/A,N/A,N/A,N/A,N/A,N/A,N/A,attack_opportunity_scan,N/A,N/A,N/A,P_Pluton__6_Infanterie_Regiment,N/A,N/A,N/A,N/A,N/A,N/A,1.05,N/A,N/A,N/A,N/A,N/A,N/A,N/A,N/A
2025-09-19 21:49:46,N/A,combat:P_Pluton__6_Grenadier_Bataillon:X,combat,Niemcy,Zbieranie informacji o wrogu,N/A,N/A,N/A,N/A,N/A,N/A,N/A,,N/A,0,N/A,N/A,N/A,N/A,N/A,N/A,N/A,N/A,N/A,N/A,N/A,N/A,N/A,N/A,attack_opportunity_scan,N/A,N/A,N/A,P_Pluton__6_Grenadier_Bataillon,N/A,N/A,N/A,N/A,N/A,N/A,1.05,N/A,N/A,N/A,N/A,N/A,N/A,N/A,N/A
2025-09-19 21:49:46,N/A,combat:Z_Batalion__6_Versorgungs_Kompanie:X,combat,Niemcy,Zbieranie informacji o wrogu,N/A,N/A,N/A,N/A,N/A,N/A,N/A,Z_Pluton__5_Unterst_tzungs_Bataillon_20250913214038,N/A,1,N/A,N/A,N/A,N/A,N/A,N/A,N/A,N/A,N/A,N/A,N/A,N/A,N/A,N/A,attack_opportunity_scan,N/A,N/A,N/A,Z_Batalion__6_Versorgungs_Kompanie,N/A,N/A,N/A,N/A,N/A,N/A,1.05,N/A,N/A,N/A,N/A,N/A,N/A,N/A,N/A
2025-09-19 21:49:46,N/A,combat:Z_Batalion__6_Versorgungs_Kompanie:X,combat,Niemcy,Wspólny atak kilku jednostek,N/A,N/A,N/A,N/A,N/A,N/A,N/A,N/A,N/A,N/A,N/A,N/A,N/A,N/A,N/A,N/A,N/A,N/A,N/A,N/A,N/A,N/A,N/A,N/A,combat_precheck,N/A,N/A,N/A,Z_Batalion__6_Versorgungs_Kompanie,Z_Pluton__5_Unterst_tzungs_Bataillon_20250913214038,N/A,N/A,N/A,N/A,1.1666666666666667,1.05,consider,,N/A,N/A,N/A,N/A,N/A,N/A
2025-09-19 21:49:46,N/A,combat:Z_Batalion__6_Versorgungs_Kompanie:X,combat,Niemcy,Wspólny atak kilku jednostek,N/A,N/A,N/A,N/A,N/A,N/A,N/A,N/A,N/A,N/A,N/A,N/A,N/A,N/A,N/A,N/A,N/A,N/A,N/A,N/A,N/A,N/A,N/A,N/A,combat_decision,N/A,N/A,N/A,Z_Batalion__6_Versorgungs_Kompanie,Z_Pluton__5_Unterst_tzungs_Bataillon_20250913214038,N/A,N/A,N/A,N/A,1.1666666666666667,1.05,attack,,N/A,N/A,N/A,N/A,N/A,N/A
2025-09-19 21:49:46,,combat:Z_Batalion__6_Versorgungs_Kompanie:X,,Niemcy,combat,Z_Batalion__6_Versorgungs_Kompanie,N/A,N/A,N/A,N/A,N/A,N/A,Attack enemy Z_Pluton__5_Unterst_tzungs_Bataillon_20250913214038,,N/A,N/A,N/A,N/A,N/A,N/A,N/A,N/A,N/A,N/A,N/A,N/A,N/A,N/A,N/A,N/A,N/A,N/A,N/A,N/A,N/A,N/A,N/A,N/A,N/A,N/A,N/A,N/A,N/A,N/A,N/A,N/A,N/A,N/A,N/A
2025-09-19 21:49:46,N/A,combat:Z_Pluton__6_Unterst_tzungs_Bataillon_20250913214048:X,combat,Niemcy,Zbieranie informacji o wrogu,N/A,N/A,N/A,N/A,N/A,N/A,N/A,,N/A,0,N/A,N/A,N/A,N/A,N/A,N/A,N/A,N/A,N/A,N/A,N/A,N/A,N/A,N/A,attack_opportunity_scan,N/A,N/A,N/A,Z_Pluton__6_Unterst_tzungs_Bataillon_20250913214048,N/A,N/A,N/A,N/A,N/A,N/A,1.05,N/A,N/A,N/A,N/A,N/A,N/A,N/A,N/A
2025-09-19 21:49:46,N/A,combat:P_Kompania__6_Sch_tzen_Kompanie:X,combat,Niemcy,Zbieranie informacji o wrogu,N/A,N/A,N/A,N/A,N/A,N/A,N/A,,N/A,0,N/A,N/A,N/A,N/A,N/A,N/A,N/A,N/A,N/A,N/A,N/A,N/A,N/A,N/A,attack_opportunity_scan,N/A,N/A,N/A,P_Kompania__6_Sch_tzen_Kompanie,N/A,N/A,N/A,N/A,N/A,N/A,1.05,N/A,N/A,N/A,N/A,N/A,N/A,N/A,N/A
2025-09-19 21:49:46,N/A,combat:Z_Pluton__6_Versorgungs_Kompanie:X,combat,Niemcy,Zbieranie informacji o wrogu,N/A,N/A,N/A,N/A,N/A,N/A,N/A,,N/A,0,N/A,N/A,N/A,N/A,N/A,N/A,N/A,N/A,N/A,N/A,N/A,N/A,N/A,N/A,attack_opportunity_scan,N/A,N/A,N/A,Z_Pluton__6_Versorgungs_Kompanie,N/A,N/A,N/A,N/A,N/A,N/A,1.05,N/A,N/A,N/A,N/A,N/A,N/A,N/A,N/A
2025-09-19 21:49:46,N/A,combat:Z_Pluton__6_Unterst_tzungs_Bataillon:X,combat,Niemcy,Zbieranie informacji o wrogu,N/A,N/A,N/A,N/A,N/A,N/A,N/A,,N/A,0,N/A,N/A,N/A,N/A,N/A,N/A,N/A,N/A,N/A,N/A,N/A,N/A,N/A,N/A,attack_opportunity_scan,N/A,N/A,N/A,Z_Pluton__6_Unterst_tzungs_Bataillon,N/A,N/A,N/A,N/A,N/A,N/A,1.05,N/A,N/A,N/A,N/A,N/A,N/A,N/A,N/A
2025-09-19 21:49:46,,N/A,,Niemcy,turn_summary,TURN_END,N/A,N/A,N/A,N/A,N/A,N/A,"Turn completed: 0/4 units moved, 2 groups (advanced)",,N/A,N/A,N/A,N/A,N/A,N/A,N/A,N/A,N/A,N/A,N/A,N/A,N/A,N/A,N/A,N/A,N/A,N/A,N/A,N/A,N/A,N/A,N/A,N/A,N/A,N/A,N/A,N/A,N/A,N/A,N/A,N/A,N/A,N/A,N/A
