timestamp,component,level,message,context
2025-10-01T00:03:54,TOKEN,INFO,TL_Kompania__2_Batalion_Pancerny: start tury (budżet PE=2),"{""allocated_pe"": 2, ""position_q"": 24, ""position_r"": -9, ""move_points"": 4, ""fuel"": 3, ""combat_value"": 14}"
2025-10-01T00:03:55,TOKEN,INFO,"TL_Kompania__2_Batalion_Pancerny: ruch na (25, -10) udany","{""destination_q"": 25, ""destination_r"": -10, ""remaining_mp"": 3, ""remaining_fuel"": 2}"
2025-10-01T00:03:55,TOKEN,DEBUG,TL_Kompania__2_Batalion_Pancerny: uzupełnia paliwo o 1,"{""fuel_after"": 3}"
2025-10-01T00:03:55,TOKEN,INFO,TL_Kompania__2_Batalion_Pancerny: koniec tury (wydane PE=1),"{""allocated_pe"": 2, ""spent_pe"": 1, ""unused_pe"": 1, ""movement_success"": true, ""movement_attempts"": 1, ""movement_destination"": [25, -10], ""attack_attempted"": false, ""attack_success"": false, ""counterattack"": null, ""damage_dealt"": null, ""damage_taken"": null, ""attacker_remaining"": null, ""defender_remaining"": null, ""resupply_budget"": 2, ""resupply_spent"": 1, ""refueled"": 1, ""combat_restored"": 0, ""remaining_mp"": 3, ""remaining_fuel"": 3, ""combat_value"": 14, ""token_destroyed"": false}"
2025-10-01T00:03:55,TOKEN,INFO,P_Batalion__2_Batalion_Strzelc_w: start tury (budżet PE=2),"{""allocated_pe"": 2, ""position_q"": 25, ""position_r"": -9, ""move_points"": 2, ""fuel"": 2, ""combat_value"": 14}"
2025-10-01T00:03:55,TOKEN,INFO,"P_Batalion__2_Batalion_Strzelc_w: ruch na (26, -9) udany","{""destination_q"": 26, ""destination_r"": -9, ""remaining_mp"": 1, ""remaining_fuel"": 1}"
2025-10-01T00:03:55,TOKEN,DEBUG,P_Batalion__2_Batalion_Strzelc_w: uzupełnia paliwo o 1,"{""fuel_after"": 2}"
2025-10-01T00:03:55,TOKEN,INFO,P_Batalion__2_Batalion_Strzelc_w: koniec tury (wydane PE=1),"{""allocated_pe"": 2, ""spent_pe"": 1, ""unused_pe"": 1, ""movement_success"": true, ""movement_attempts"": 1, ""movement_destination"": [26, -9], ""attack_attempted"": false, ""attack_success"": false, ""counterattack"": null, ""damage_dealt"": null, ""damage_taken"": null, ""attacker_remaining"": null, ""defender_remaining"": null, ""resupply_budget"": 2, ""resupply_spent"": 1, ""refueled"": 1, ""combat_restored"": 0, ""remaining_mp"": 1, ""remaining_fuel"": 2, ""combat_value"": 14, ""token_destroyed"": false}"
2025-10-01T00:03:55,TOKEN,INFO,P_Batalion__2_Batalion_Strzelc_w_20250913214005: start tury (budżet PE=2),"{""allocated_pe"": 2, ""position_q"": 25, ""position_r"": -8, ""move_points"": 7, ""fuel"": 2, ""combat_value"": 14}"
2025-10-01T00:03:55,TOKEN,INFO,"P_Batalion__2_Batalion_Strzelc_w_20250913214005: ruch na (26, -8) udany","{""destination_q"": 26, ""destination_r"": -8, ""remaining_mp"": 6, ""remaining_fuel"": 1}"
2025-10-01T00:03:55,TOKEN,DEBUG,P_Batalion__2_Batalion_Strzelc_w_20250913214005: uzupełnia paliwo o 1,"{""fuel_after"": 2}"
2025-10-01T00:03:55,TOKEN,INFO,P_Batalion__2_Batalion_Strzelc_w_20250913214005: koniec tury (wydane PE=1),"{""allocated_pe"": 2, ""spent_pe"": 1, ""unused_pe"": 1, ""movement_success"": true, ""movement_attempts"": 1, ""movement_destination"": [26, -8], ""attack_attempted"": false, ""attack_success"": false, ""counterattack"": null, ""damage_dealt"": null, ""damage_taken"": null, ""attacker_remaining"": null, ""defender_remaining"": null, ""resupply_budget"": 2, ""resupply_spent"": 1, ""refueled"": 1, ""combat_restored"": 0, ""remaining_mp"": 6, ""remaining_fuel"": 2, ""combat_value"": 14, ""token_destroyed"": false}"
2025-10-01T00:03:55,TOKEN,INFO,P_Pluton__2_Kompania_Grenadier_w: start tury (budżet PE=2),"{""allocated_pe"": 2, ""position_q"": 25, ""position_r"": 5, ""move_points"": 2, ""fuel"": 2, ""combat_value"": 8}"
2025-10-01T00:03:55,TOKEN,INFO,"P_Pluton__2_Kompania_Grenadier_w: ruch na (26, 5) udany","{""destination_q"": 26, ""destination_r"": 5, ""remaining_mp"": 1, ""remaining_fuel"": 1}"
2025-10-01T00:03:55,TOKEN,DEBUG,P_Pluton__2_Kompania_Grenadier_w: uzupełnia paliwo o 1,"{""fuel_after"": 2}"
2025-10-01T00:03:55,TOKEN,INFO,P_Pluton__2_Kompania_Grenadier_w: koniec tury (wydane PE=1),"{""allocated_pe"": 2, ""spent_pe"": 1, ""unused_pe"": 1, ""movement_success"": true, ""movement_attempts"": 1, ""movement_destination"": [26, 5], ""attack_attempted"": false, ""attack_success"": false, ""counterattack"": null, ""damage_dealt"": null, ""damage_taken"": null, ""attacker_remaining"": null, ""defender_remaining"": null, ""resupply_budget"": 2, ""resupply_spent"": 1, ""refueled"": 1, ""combat_restored"": 0, ""remaining_mp"": 1, ""remaining_fuel"": 2, ""combat_value"": 8, ""token_destroyed"": false}"
2025-10-01T00:03:55,TOKEN,INFO,Z_Pluton__2_Batalion_Wsparcia: start tury (budżet PE=2),"{""allocated_pe"": 2, ""position_q"": 27, ""position_r"": 4, ""move_points"": 5, ""fuel"": 4, ""combat_value"": 4}"
2025-10-01T00:03:55,TOKEN,INFO,"Z_Pluton__2_Batalion_Wsparcia: ruch na (27, 3) udany","{""destination_q"": 27, ""destination_r"": 3, ""remaining_mp"": 4, ""remaining_fuel"": 3}"
2025-10-01T00:03:55,TOKEN,DEBUG,Z_Pluton__2_Batalion_Wsparcia: uzupełnia paliwo o 1,"{""fuel_after"": 4}"
2025-10-01T00:03:55,TOKEN,INFO,Z_Pluton__2_Batalion_Wsparcia: koniec tury (wydane PE=1),"{""allocated_pe"": 2, ""spent_pe"": 1, ""unused_pe"": 1, ""movement_success"": true, ""movement_attempts"": 1, ""movement_destination"": [27, 3], ""attack_attempted"": false, ""attack_success"": false, ""counterattack"": null, ""damage_dealt"": null, ""damage_taken"": null, ""attacker_remaining"": null, ""defender_remaining"": null, ""resupply_budget"": 2, ""resupply_spent"": 1, ""refueled"": 1, ""combat_restored"": 0, ""remaining_mp"": 4, ""remaining_fuel"": 4, ""combat_value"": 4, ""token_destroyed"": false}"
2025-10-01T00:03:55,TOKEN,INFO,P_Kompania__2_Pu_k_Piechoty: start tury (budżet PE=2),"{""allocated_pe"": 2, ""position_q"": 28, ""position_r"": 2, ""move_points"": 2, ""fuel"": 2, ""combat_value"": 11}"
2025-10-01T00:03:55,TOKEN,INFO,"P_Kompania__2_Pu_k_Piechoty: ruch na (29, 2) udany","{""destination_q"": 29, ""destination_r"": 2, ""remaining_mp"": 1, ""remaining_fuel"": 1}"
2025-10-01T00:03:55,TOKEN,DEBUG,P_Kompania__2_Pu_k_Piechoty: uzupełnia paliwo o 1,"{""fuel_after"": 2}"
2025-10-01T00:03:55,TOKEN,INFO,P_Kompania__2_Pu_k_Piechoty: koniec tury (wydane PE=1),"{""allocated_pe"": 2, ""spent_pe"": 1, ""unused_pe"": 1, ""movement_success"": true, ""movement_attempts"": 1, ""movement_destination"": [29, 2], ""attack_attempted"": false, ""attack_success"": false, ""counterattack"": null, ""damage_dealt"": null, ""damage_taken"": null, ""attacker_remaining"": null, ""defender_remaining"": null, ""resupply_budget"": 2, ""resupply_spent"": 1, ""refueled"": 1, ""combat_restored"": 0, ""remaining_mp"": 1, ""remaining_fuel"": 2, ""combat_value"": 11, ""token_destroyed"": false}"
2025-10-01T00:03:55,TOKEN,INFO,Z_Pluton__2_Oddzia_Rozpoznawczy: start tury (budżet PE=2),"{""allocated_pe"": 2, ""position_q"": 28, ""position_r"": 3, ""move_points"": 6, ""fuel"": 4, ""combat_value"": 4}"
2025-10-01T00:03:55,TOKEN,INFO,"Z_Pluton__2_Oddzia_Rozpoznawczy: ruch na (28, 2) udany","{""destination_q"": 28, ""destination_r"": 2, ""remaining_mp"": 5, ""remaining_fuel"": 3}"
2025-10-01T00:03:55,TOKEN,DEBUG,Z_Pluton__2_Oddzia_Rozpoznawczy: uzupełnia paliwo o 1,"{""fuel_after"": 4}"
2025-10-01T00:03:55,TOKEN,INFO,Z_Pluton__2_Oddzia_Rozpoznawczy: koniec tury (wydane PE=1),"{""allocated_pe"": 2, ""spent_pe"": 1, ""unused_pe"": 1, ""movement_success"": true, ""movement_attempts"": 1, ""movement_destination"": [28, 2], ""attack_attempted"": false, ""attack_success"": false, ""counterattack"": null, ""damage_dealt"": null, ""damage_taken"": null, ""attacker_remaining"": null, ""defender_remaining"": null, ""resupply_budget"": 2, ""resupply_spent"": 1, ""refueled"": 1, ""combat_restored"": 0, ""remaining_mp"": 5, ""remaining_fuel"": 4, ""combat_value"": 4, ""token_destroyed"": false}"
2025-10-01T00:03:55,TOKEN,INFO,P_Pluton__2_Kompania_Grenadier_w_20250913214010: start tury (budżet PE=2),"{""allocated_pe"": 2, ""position_q"": 28, ""position_r"": 4, ""move_points"": 2, ""fuel"": 2, ""combat_value"": 8}"
2025-10-01T00:03:55,TOKEN,INFO,"P_Pluton__2_Kompania_Grenadier_w_20250913214010: ruch na (29, 4) udany","{""destination_q"": 29, ""destination_r"": 4, ""remaining_mp"": 1, ""remaining_fuel"": 1}"
2025-10-01T00:03:55,TOKEN,DEBUG,P_Pluton__2_Kompania_Grenadier_w_20250913214010: uzupełnia paliwo o 1,"{""fuel_after"": 2}"
2025-10-01T00:03:55,TOKEN,INFO,P_Pluton__2_Kompania_Grenadier_w_20250913214010: koniec tury (wydane PE=1),"{""allocated_pe"": 2, ""spent_pe"": 1, ""unused_pe"": 1, ""movement_success"": true, ""movement_attempts"": 1, ""movement_destination"": [29, 4], ""attack_attempted"": false, ""attack_success"": false, ""counterattack"": null, ""damage_dealt"": null, ""damage_taken"": null, ""attacker_remaining"": null, ""defender_remaining"": null, ""resupply_budget"": 2, ""resupply_spent"": 1, ""refueled"": 1, ""combat_restored"": 0, ""remaining_mp"": 1, ""remaining_fuel"": 2, ""combat_value"": 8, ""token_destroyed"": false}"
2025-10-01T00:03:55,TOKEN,INFO,Z_Batalion__2_Kompania_Zaopatrzeniowa: start tury (budżet PE=2),"{""allocated_pe"": 2, ""position_q"": 24, ""position_r"": -8, ""move_points"": 6, ""fuel"": 4, ""combat_value"": 7}"
2025-10-01T00:03:55,TOKEN,INFO,"Z_Batalion__2_Kompania_Zaopatrzeniowa: ruch na (25, -8) udany","{""destination_q"": 25, ""destination_r"": -8, ""remaining_mp"": 5, ""remaining_fuel"": 3}"
2025-10-01T00:03:55,TOKEN,DEBUG,Z_Batalion__2_Kompania_Zaopatrzeniowa: uzupełnia paliwo o 1,"{""fuel_after"": 4}"
2025-10-01T00:03:55,TOKEN,INFO,Z_Batalion__2_Kompania_Zaopatrzeniowa: koniec tury (wydane PE=1),"{""allocated_pe"": 2, ""spent_pe"": 1, ""unused_pe"": 1, ""movement_success"": true, ""movement_attempts"": 1, ""movement_destination"": [25, -8], ""attack_attempted"": false, ""attack_success"": false, ""counterattack"": null, ""damage_dealt"": null, ""damage_taken"": null, ""attacker_remaining"": null, ""defender_remaining"": null, ""resupply_budget"": 2, ""resupply_spent"": 1, ""refueled"": 1, ""combat_restored"": 0, ""remaining_mp"": 5, ""remaining_fuel"": 4, ""combat_value"": 7, ""token_destroyed"": false}"
2025-10-01T00:03:55,TOKEN,INFO,D_Pluton__2_Dow_dztwo_Einheit: start tury (budżet PE=2),"{""allocated_pe"": 2, ""position_q"": 15, ""position_r"": -7, ""move_points"": 3, ""fuel"": 3, ""combat_value"": 8}"
2025-10-01T00:03:55,TOKEN,INFO,"D_Pluton__2_Dow_dztwo_Einheit: ruch na (16, -7) udany","{""destination_q"": 16, ""destination_r"": -7, ""remaining_mp"": 2, ""remaining_fuel"": 2}"
2025-10-01T00:03:55,TOKEN,DEBUG,D_Pluton__2_Dow_dztwo_Einheit: uzupełnia paliwo o 1,"{""fuel_after"": 3}"
2025-10-01T00:03:55,TOKEN,INFO,D_Pluton__2_Dow_dztwo_Einheit: koniec tury (wydane PE=1),"{""allocated_pe"": 2, ""spent_pe"": 1, ""unused_pe"": 1, ""movement_success"": true, ""movement_attempts"": 1, ""movement_destination"": [16, -7], ""attack_attempted"": false, ""attack_success"": false, ""counterattack"": null, ""damage_dealt"": null, ""damage_taken"": null, ""attacker_remaining"": null, ""defender_remaining"": null, ""resupply_budget"": 2, ""resupply_spent"": 1, ""refueled"": 1, ""combat_restored"": 0, ""remaining_mp"": 2, ""remaining_fuel"": 3, ""combat_value"": 8, ""token_destroyed"": false}"
2025-10-01T00:03:55,TOKEN,INFO,Z_Pluton__3_Batalion_Wsparcia: start tury (budżet PE=2),"{""allocated_pe"": 2, ""position_q"": 6, ""position_r"": 26, ""move_points"": 7, ""fuel"": 4, ""combat_value"": 4}"
2025-10-01T00:03:55,TOKEN,INFO,"Z_Pluton__3_Batalion_Wsparcia: ruch na (7, 26) udany","{""destination_q"": 7, ""destination_r"": 26, ""remaining_mp"": 6, ""remaining_fuel"": 3}"
2025-10-01T00:03:55,TOKEN,DEBUG,Z_Pluton__3_Batalion_Wsparcia: uzupełnia paliwo o 1,"{""fuel_after"": 4}"
2025-10-01T00:03:55,TOKEN,INFO,Z_Pluton__3_Batalion_Wsparcia: koniec tury (wydane PE=1),"{""allocated_pe"": 2, ""spent_pe"": 1, ""unused_pe"": 1, ""movement_success"": true, ""movement_attempts"": 1, ""movement_destination"": [7, 26], ""attack_attempted"": false, ""attack_success"": false, ""counterattack"": null, ""damage_dealt"": null, ""damage_taken"": null, ""attacker_remaining"": null, ""defender_remaining"": null, ""resupply_budget"": 2, ""resupply_spent"": 1, ""refueled"": 1, ""combat_restored"": 0, ""remaining_mp"": 6, ""remaining_fuel"": 4, ""combat_value"": 4, ""token_destroyed"": false}"
2025-10-01T00:03:55,TOKEN,INFO,Z_Pluton__3_Kompania_Zaopatrzeniowa: start tury (budżet PE=2),"{""allocated_pe"": 2, ""position_q"": 16, ""position_r"": 19, ""move_points"": 5, ""fuel"": 4, ""combat_value"": 4}"
2025-10-01T00:03:55,TOKEN,INFO,"Z_Pluton__3_Kompania_Zaopatrzeniowa: ruch na (17, 19) udany","{""destination_q"": 17, ""destination_r"": 19, ""remaining_mp"": 4, ""remaining_fuel"": 3}"
2025-10-01T00:03:55,TOKEN,DEBUG,Z_Pluton__3_Kompania_Zaopatrzeniowa: uzupełnia paliwo o 1,"{""fuel_after"": 4}"
2025-10-01T00:03:55,TOKEN,INFO,Z_Pluton__3_Kompania_Zaopatrzeniowa: koniec tury (wydane PE=1),"{""allocated_pe"": 2, ""spent_pe"": 1, ""unused_pe"": 1, ""movement_success"": true, ""movement_attempts"": 1, ""movement_destination"": [17, 19], ""attack_attempted"": false, ""attack_success"": false, ""counterattack"": null, ""damage_dealt"": null, ""damage_taken"": null, ""attacker_remaining"": null, ""defender_remaining"": null, ""resupply_budget"": 2, ""resupply_spent"": 1, ""refueled"": 1, ""combat_restored"": 0, ""remaining_mp"": 4, ""remaining_fuel"": 4, ""combat_value"": 4, ""token_destroyed"": false}"
2025-10-01T00:03:55,TOKEN,INFO,Z_Pluton__3_Kompania_Zaopatrzeniowa_20250913214023: start tury (budżet PE=2),"{""allocated_pe"": 2, ""position_q"": 16, ""position_r"": 20, ""move_points"": 7, ""fuel"": 4, ""combat_value"": 4}"
2025-10-01T00:03:55,TOKEN,INFO,"Z_Pluton__3_Kompania_Zaopatrzeniowa_20250913214023: ruch na (17, 20) udany","{""destination_q"": 17, ""destination_r"": 20, ""remaining_mp"": 6, ""remaining_fuel"": 3}"
2025-10-01T00:03:55,TOKEN,DEBUG,Z_Pluton__3_Kompania_Zaopatrzeniowa_20250913214023: uzupełnia paliwo o 1,"{""fuel_after"": 4}"
2025-10-01T00:03:55,TOKEN,INFO,Z_Pluton__3_Kompania_Zaopatrzeniowa_20250913214023: koniec tury (wydane PE=1),"{""allocated_pe"": 2, ""spent_pe"": 1, ""unused_pe"": 1, ""movement_success"": true, ""movement_attempts"": 1, ""movement_destination"": [17, 20], ""attack_attempted"": false, ""attack_success"": false, ""counterattack"": null, ""damage_dealt"": null, ""damage_taken"": null, ""attacker_remaining"": null, ""defender_remaining"": null, ""resupply_budget"": 2, ""resupply_spent"": 1, ""refueled"": 1, ""combat_restored"": 0, ""remaining_mp"": 6, ""remaining_fuel"": 4, ""combat_value"": 4, ""token_destroyed"": false}"
2025-10-01T00:03:55,TOKEN,INFO,P_Kompania__3_Batalion_Strzelc_w: start tury (budżet PE=2),"{""allocated_pe"": 2, ""position_q"": 27, ""position_r"": 10, ""move_points"": 7, ""fuel"": 2, ""combat_value"": 11}"
2025-10-01T00:03:55,TOKEN,INFO,"P_Kompania__3_Batalion_Strzelc_w: ruch na (28, 9) udany","{""destination_q"": 28, ""destination_r"": 9, ""remaining_mp"": 6, ""remaining_fuel"": 1}"
2025-10-01T00:03:55,TOKEN,DEBUG,P_Kompania__3_Batalion_Strzelc_w: uzupełnia paliwo o 1,"{""fuel_after"": 2}"
2025-10-01T00:03:55,TOKEN,INFO,P_Kompania__3_Batalion_Strzelc_w: koniec tury (wydane PE=1),"{""allocated_pe"": 2, ""spent_pe"": 1, ""unused_pe"": 1, ""movement_success"": true, ""movement_attempts"": 1, ""movement_destination"": [28, 9], ""attack_attempted"": false, ""attack_success"": false, ""counterattack"": null, ""damage_dealt"": null, ""damage_taken"": null, ""attacker_remaining"": null, ""defender_remaining"": null, ""resupply_budget"": 2, ""resupply_spent"": 1, ""refueled"": 1, ""combat_restored"": 0, ""remaining_mp"": 6, ""remaining_fuel"": 2, ""combat_value"": 11, ""token_destroyed"": false}"
2025-10-01T00:03:55,TOKEN,INFO,P_Pluton__3_Pu_k_Piechoty: start tury (budżet PE=2),"{""allocated_pe"": 2, ""position_q"": 28, ""position_r"": 10, ""move_points"": 4, ""fuel"": 2, ""combat_value"": 8}"
2025-10-01T00:03:55,TOKEN,INFO,"P_Pluton__3_Pu_k_Piechoty: ruch na (29, 10) udany","{""destination_q"": 29, ""destination_r"": 10, ""remaining_mp"": 3, ""remaining_fuel"": 1}"
2025-10-01T00:03:55,TOKEN,DEBUG,P_Pluton__3_Pu_k_Piechoty: uzupełnia paliwo o 1,"{""fuel_after"": 2}"
2025-10-01T00:03:55,TOKEN,INFO,P_Pluton__3_Pu_k_Piechoty: koniec tury (wydane PE=1),"{""allocated_pe"": 2, ""spent_pe"": 1, ""unused_pe"": 1, ""movement_success"": true, ""movement_attempts"": 1, ""movement_destination"": [29, 10], ""attack_attempted"": false, ""attack_success"": false, ""counterattack"": null, ""damage_dealt"": null, ""damage_taken"": null, ""attacker_remaining"": null, ""defender_remaining"": null, ""resupply_budget"": 2, ""resupply_spent"": 1, ""refueled"": 1, ""combat_restored"": 0, ""remaining_mp"": 3, ""remaining_fuel"": 2, ""combat_value"": 8, ""token_destroyed"": false}"
2025-10-01T00:03:55,TOKEN,INFO,P_Batalion__3_Pu_k_Piechoty: start tury (budżet PE=2),"{""allocated_pe"": 2, ""position_q"": 28, ""position_r"": 11, ""move_points"": 4, ""fuel"": 2, ""combat_value"": 14}"
2025-10-01T00:03:55,TOKEN,INFO,"P_Batalion__3_Pu_k_Piechoty: ruch na (29, 11) udany","{""destination_q"": 29, ""destination_r"": 11, ""remaining_mp"": 3, ""remaining_fuel"": 1}"
2025-10-01T00:03:55,TOKEN,DEBUG,P_Batalion__3_Pu_k_Piechoty: uzupełnia paliwo o 1,"{""fuel_after"": 2}"
2025-10-01T00:03:55,TOKEN,INFO,P_Batalion__3_Pu_k_Piechoty: koniec tury (wydane PE=1),"{""allocated_pe"": 2, ""spent_pe"": 1, ""unused_pe"": 1, ""movement_success"": true, ""movement_attempts"": 1, ""movement_destination"": [29, 11], ""attack_attempted"": false, ""attack_success"": false, ""counterattack"": null, ""damage_dealt"": null, ""damage_taken"": null, ""attacker_remaining"": null, ""defender_remaining"": null, ""resupply_budget"": 2, ""resupply_spent"": 1, ""refueled"": 1, ""combat_restored"": 0, ""remaining_mp"": 3, ""remaining_fuel"": 2, ""combat_value"": 14, ""token_destroyed"": false}"
2025-10-01T00:03:55,TOKEN,INFO,P_Pluton__3_Pu_k_Piechoty_20250913214024: start tury (budżet PE=2),"{""allocated_pe"": 2, ""position_q"": 34, ""position_r"": 10, ""move_points"": 4, ""fuel"": 2, ""combat_value"": 8}"
2025-10-01T00:03:55,TOKEN,INFO,"P_Pluton__3_Pu_k_Piechoty_20250913214024: ruch na (35, 10) udany","{""destination_q"": 35, ""destination_r"": 10, ""remaining_mp"": 3, ""remaining_fuel"": 1}"
2025-10-01T00:03:55,TOKEN,DEBUG,P_Pluton__3_Pu_k_Piechoty_20250913214024: uzupełnia paliwo o 1,"{""fuel_after"": 2}"
2025-10-01T00:03:55,TOKEN,INFO,P_Pluton__3_Pu_k_Piechoty_20250913214024: koniec tury (wydane PE=1),"{""allocated_pe"": 2, ""spent_pe"": 1, ""unused_pe"": 1, ""movement_success"": true, ""movement_attempts"": 1, ""movement_destination"": [35, 10], ""attack_attempted"": false, ""attack_success"": false, ""counterattack"": null, ""damage_dealt"": null, ""damage_taken"": null, ""attacker_remaining"": null, ""defender_remaining"": null, ""resupply_budget"": 2, ""resupply_spent"": 1, ""refueled"": 1, ""combat_restored"": 0, ""remaining_mp"": 3, ""remaining_fuel"": 2, ""combat_value"": 8, ""token_destroyed"": false}"
2025-10-01T00:03:55,TOKEN,INFO,Z_Kompania__3_Kompania_Zaopatrzeniowa: start tury (budżet PE=2),"{""allocated_pe"": 2, ""position_q"": 34, ""position_r"": 11, ""move_points"": 5, ""fuel"": 4, ""combat_value"": 6}"
2025-10-01T00:03:55,TOKEN,INFO,"Z_Kompania__3_Kompania_Zaopatrzeniowa: ruch na (34, 10) udany","{""destination_q"": 34, ""destination_r"": 10, ""remaining_mp"": 2, ""remaining_fuel"": 1}"
2025-10-01T00:03:55,TOKEN,DEBUG,Z_Kompania__3_Kompania_Zaopatrzeniowa: uzupełnia paliwo o 2,"{""fuel_after"": 3}"
2025-10-01T00:03:55,TOKEN,INFO,Z_Kompania__3_Kompania_Zaopatrzeniowa: koniec tury (wydane PE=2),"{""allocated_pe"": 2, ""spent_pe"": 2, ""unused_pe"": 0, ""movement_success"": true, ""movement_attempts"": 1, ""movement_destination"": [34, 10], ""attack_attempted"": false, ""attack_success"": false, ""counterattack"": null, ""damage_dealt"": null, ""damage_taken"": null, ""attacker_remaining"": null, ""defender_remaining"": null, ""resupply_budget"": 2, ""resupply_spent"": 2, ""refueled"": 2, ""combat_restored"": 0, ""remaining_mp"": 2, ""remaining_fuel"": 3, ""combat_value"": 6, ""token_destroyed"": false}"
2025-10-01T00:03:55,TOKEN,INFO,P_Pluton__3_Kompania_Grenadier_w: start tury (budżet PE=2),"{""allocated_pe"": 2, ""position_q"": 34, ""position_r"": 12, ""move_points"": 4, ""fuel"": 2, ""combat_value"": 8}"
2025-10-01T00:03:55,TOKEN,INFO,"P_Pluton__3_Kompania_Grenadier_w: ruch na (35, 12) udany","{""destination_q"": 35, ""destination_r"": 12, ""remaining_mp"": 3, ""remaining_fuel"": 1}"
2025-10-01T00:03:55,TOKEN,DEBUG,P_Pluton__3_Kompania_Grenadier_w: uzupełnia paliwo o 1,"{""fuel_after"": 2}"
2025-10-01T00:03:55,TOKEN,INFO,P_Pluton__3_Kompania_Grenadier_w: koniec tury (wydane PE=1),"{""allocated_pe"": 2, ""spent_pe"": 1, ""unused_pe"": 1, ""movement_success"": true, ""movement_attempts"": 1, ""movement_destination"": [35, 12], ""attack_attempted"": false, ""attack_success"": false, ""counterattack"": null, ""damage_dealt"": null, ""damage_taken"": null, ""attacker_remaining"": null, ""defender_remaining"": null, ""resupply_budget"": 2, ""resupply_spent"": 1, ""refueled"": 1, ""combat_restored"": 0, ""remaining_mp"": 3, ""remaining_fuel"": 2, ""combat_value"": 8, ""token_destroyed"": false}"
2025-10-01T00:03:55,TOKEN,INFO,K_Pluton__3_Oddzia_Jazdy: start tury (budżet PE=2),"{""allocated_pe"": 2, ""position_q"": 35, ""position_r"": 11, ""move_points"": 7, ""fuel"": 4, ""combat_value"": 6}"
2025-10-01T00:03:55,TOKEN,INFO,"K_Pluton__3_Oddzia_Jazdy: ruch na (36, 11) udany","{""destination_q"": 36, ""destination_r"": 11, ""remaining_mp"": 6, ""remaining_fuel"": 3}"
2025-10-01T00:03:55,TOKEN,DEBUG,K_Pluton__3_Oddzia_Jazdy: uzupełnia paliwo o 1,"{""fuel_after"": 4}"
2025-10-01T00:03:55,TOKEN,INFO,K_Pluton__3_Oddzia_Jazdy: koniec tury (wydane PE=1),"{""allocated_pe"": 2, ""spent_pe"": 1, ""unused_pe"": 1, ""movement_success"": true, ""movement_attempts"": 1, ""movement_destination"": [36, 11], ""attack_attempted"": false, ""attack_success"": false, ""counterattack"": null, ""damage_dealt"": null, ""damage_taken"": null, ""attacker_remaining"": null, ""defender_remaining"": null, ""resupply_budget"": 2, ""resupply_spent"": 1, ""refueled"": 1, ""combat_restored"": 0, ""remaining_mp"": 6, ""remaining_fuel"": 4, ""combat_value"": 6, ""token_destroyed"": false}"
2025-10-01T00:03:55,TOKEN,INFO,P_Pluton__5_Infanterie_Regiment: start tury (budżet PE=2),"{""allocated_pe"": 2, ""position_q"": 37, ""position_r"": -17, ""move_points"": 6, ""fuel"": 2, ""combat_value"": 8}"
2025-10-01T00:03:55,TOKEN,INFO,"P_Pluton__5_Infanterie_Regiment: ruch na (38, -18) udany","{""destination_q"": 38, ""destination_r"": -18, ""remaining_mp"": 5, ""remaining_fuel"": 1}"
2025-10-01T00:03:55,TOKEN,DEBUG,P_Pluton__5_Infanterie_Regiment: uzupełnia paliwo o 1,"{""fuel_after"": 2}"
2025-10-01T00:03:55,TOKEN,INFO,P_Pluton__5_Infanterie_Regiment: koniec tury (wydane PE=1),"{""allocated_pe"": 2, ""spent_pe"": 1, ""unused_pe"": 1, ""movement_success"": true, ""movement_attempts"": 1, ""movement_destination"": [38, -18], ""attack_attempted"": false, ""attack_success"": false, ""counterattack"": null, ""damage_dealt"": null, ""damage_taken"": null, ""attacker_remaining"": null, ""defender_remaining"": null, ""resupply_budget"": 2, ""resupply_spent"": 1, ""refueled"": 1, ""combat_restored"": 0, ""remaining_mp"": 5, ""remaining_fuel"": 2, ""combat_value"": 8, ""token_destroyed"": false}"
2025-10-01T00:03:55,TOKEN,INFO,P_Kompania__5_Infanterie_Regiment: start tury (budżet PE=2),"{""allocated_pe"": 2, ""position_q"": 37, ""position_r"": -16, ""move_points"": 4, ""fuel"": 2, ""combat_value"": 11}"
2025-10-01T00:03:55,TOKEN,INFO,"P_Kompania__5_Infanterie_Regiment: ruch na (37, -17) udany","{""destination_q"": 37, ""destination_r"": -17, ""remaining_mp"": 3, ""remaining_fuel"": 1}"
2025-10-01T00:03:55,TOKEN,DEBUG,P_Kompania__5_Infanterie_Regiment: uzupełnia paliwo o 1,"{""fuel_after"": 2}"
2025-10-01T00:03:55,TOKEN,INFO,P_Kompania__5_Infanterie_Regiment: koniec tury (wydane PE=1),"{""allocated_pe"": 2, ""spent_pe"": 1, ""unused_pe"": 1, ""movement_success"": true, ""movement_attempts"": 1, ""movement_destination"": [37, -17], ""attack_attempted"": false, ""attack_success"": false, ""counterattack"": null, ""damage_dealt"": null, ""damage_taken"": null, ""attacker_remaining"": null, ""defender_remaining"": null, ""resupply_budget"": 2, ""resupply_spent"": 1, ""refueled"": 1, ""combat_restored"": 0, ""remaining_mp"": 3, ""remaining_fuel"": 2, ""combat_value"": 11, ""token_destroyed"": false}"
2025-10-01T00:03:55,TOKEN,INFO,P_Pluton__5_Sch_tzen_Kompanie: start tury (budżet PE=2),"{""allocated_pe"": 2, ""position_q"": 37, ""position_r"": -15, ""move_points"": 5, ""fuel"": 2, ""combat_value"": 8}"
2025-10-01T00:03:55,TOKEN,INFO,"P_Pluton__5_Sch_tzen_Kompanie: ruch na (38, -15) udany","{""destination_q"": 38, ""destination_r"": -15, ""remaining_mp"": 4, ""remaining_fuel"": 1}"
2025-10-01T00:03:55,TOKEN,DEBUG,P_Pluton__5_Sch_tzen_Kompanie: uzupełnia paliwo o 1,"{""fuel_after"": 2}"
2025-10-01T00:03:55,TOKEN,INFO,P_Pluton__5_Sch_tzen_Kompanie: koniec tury (wydane PE=1),"{""allocated_pe"": 2, ""spent_pe"": 1, ""unused_pe"": 1, ""movement_success"": true, ""movement_attempts"": 1, ""movement_destination"": [38, -15], ""attack_attempted"": false, ""attack_success"": false, ""counterattack"": null, ""damage_dealt"": null, ""damage_taken"": null, ""attacker_remaining"": null, ""defender_remaining"": null, ""resupply_budget"": 2, ""resupply_spent"": 1, ""refueled"": 1, ""combat_restored"": 0, ""remaining_mp"": 4, ""remaining_fuel"": 2, ""combat_value"": 8, ""token_destroyed"": false}"
2025-10-01T00:03:55,TOKEN,INFO,AC_Kompania__5_schwere_Artillerie: start tury (budżet PE=2),"{""allocated_pe"": 2, ""position_q"": 38, ""position_r"": -17, ""move_points"": 5, ""fuel"": 2, ""combat_value"": 11}"
2025-10-01T00:03:55,TOKEN,INFO,"AC_Kompania__5_schwere_Artillerie: ruch na (39, -17) udany","{""destination_q"": 39, ""destination_r"": -17, ""remaining_mp"": 4, ""remaining_fuel"": 1}"
2025-10-01T00:03:55,TOKEN,DEBUG,AC_Kompania__5_schwere_Artillerie: uzupełnia paliwo o 1,"{""fuel_after"": 2}"
2025-10-01T00:03:55,TOKEN,INFO,AC_Kompania__5_schwere_Artillerie: koniec tury (wydane PE=1),"{""allocated_pe"": 2, ""spent_pe"": 1, ""unused_pe"": 1, ""movement_success"": true, ""movement_attempts"": 1, ""movement_destination"": [39, -17], ""attack_attempted"": false, ""attack_success"": false, ""counterattack"": null, ""damage_dealt"": null, ""damage_taken"": null, ""attacker_remaining"": null, ""defender_remaining"": null, ""resupply_budget"": 2, ""resupply_spent"": 1, ""refueled"": 1, ""combat_restored"": 0, ""remaining_mp"": 4, ""remaining_fuel"": 2, ""combat_value"": 11, ""token_destroyed"": false}"
2025-10-01T00:03:55,TOKEN,INFO,AL_Batalion__5_Artillerie_Abteilung: start tury (budżet PE=2),"{""allocated_pe"": 2, ""position_q"": 38, ""position_r"": -16, ""move_points"": 6, ""fuel"": 2, ""combat_value"": 11}"
2025-10-01T00:03:55,TOKEN,INFO,"AL_Batalion__5_Artillerie_Abteilung: ruch na (39, -16) udany","{""destination_q"": 39, ""destination_r"": -16, ""remaining_mp"": 5, ""remaining_fuel"": 1}"
2025-10-01T00:03:55,TOKEN,DEBUG,AL_Batalion__5_Artillerie_Abteilung: uzupełnia paliwo o 1,"{""fuel_after"": 2}"
2025-10-01T00:03:55,TOKEN,INFO,AL_Batalion__5_Artillerie_Abteilung: koniec tury (wydane PE=1),"{""allocated_pe"": 2, ""spent_pe"": 1, ""unused_pe"": 1, ""movement_success"": true, ""movement_attempts"": 1, ""movement_destination"": [39, -16], ""attack_attempted"": false, ""attack_success"": false, ""counterattack"": null, ""damage_dealt"": null, ""damage_taken"": null, ""attacker_remaining"": null, ""defender_remaining"": null, ""resupply_budget"": 2, ""resupply_spent"": 1, ""refueled"": 1, ""combat_restored"": 0, ""remaining_mp"": 5, ""remaining_fuel"": 2, ""combat_value"": 11, ""token_destroyed"": false}"
2025-10-01T00:03:55,TOKEN,INFO,P_Pluton__5_Sch_tzen_Kompanie_20250913214034: start tury (budżet PE=2),"{""allocated_pe"": 2, ""position_q"": 42, ""position_r"": -14, ""move_points"": 2, ""fuel"": 2, ""combat_value"": 8}"
2025-10-01T00:03:55,TOKEN,INFO,"P_Pluton__5_Sch_tzen_Kompanie_20250913214034: ruch na (42, -15) udany","{""destination_q"": 42, ""destination_r"": -15, ""remaining_mp"": 1, ""remaining_fuel"": 1}"
2025-10-01T00:03:55,TOKEN,DEBUG,P_Pluton__5_Sch_tzen_Kompanie_20250913214034: uzupełnia paliwo o 1,"{""fuel_after"": 2}"
2025-10-01T00:03:55,TOKEN,INFO,P_Pluton__5_Sch_tzen_Kompanie_20250913214034: koniec tury (wydane PE=1),"{""allocated_pe"": 2, ""spent_pe"": 1, ""unused_pe"": 1, ""movement_success"": true, ""movement_attempts"": 1, ""movement_destination"": [42, -15], ""attack_attempted"": false, ""attack_success"": false, ""counterattack"": null, ""damage_dealt"": null, ""damage_taken"": null, ""attacker_remaining"": null, ""defender_remaining"": null, ""resupply_budget"": 2, ""resupply_spent"": 1, ""refueled"": 1, ""combat_restored"": 0, ""remaining_mp"": 1, ""remaining_fuel"": 2, ""combat_value"": 8, ""token_destroyed"": false}"
2025-10-01T00:03:55,TOKEN,INFO,Z_Kompania__5_Unterst_tzungs_Bataillon: start tury (budżet PE=2),"{""allocated_pe"": 2, ""position_q"": 43, ""position_r"": -15, ""move_points"": 5, ""fuel"": 4, ""combat_value"": 6}"
2025-10-01T00:03:55,TOKEN,INFO,"Z_Kompania__5_Unterst_tzungs_Bataillon: ruch na (44, -16) udany","{""destination_q"": 44, ""destination_r"": -16, ""remaining_mp"": 4, ""remaining_fuel"": 3}"
2025-10-01T00:03:55,TOKEN,DEBUG,Z_Kompania__5_Unterst_tzungs_Bataillon: uzupełnia paliwo o 1,"{""fuel_after"": 4}"
2025-10-01T00:03:55,TOKEN,INFO,Z_Kompania__5_Unterst_tzungs_Bataillon: koniec tury (wydane PE=1),"{""allocated_pe"": 2, ""spent_pe"": 1, ""unused_pe"": 1, ""movement_success"": true, ""movement_attempts"": 1, ""movement_destination"": [44, -16], ""attack_attempted"": false, ""attack_success"": false, ""counterattack"": null, ""damage_dealt"": null, ""damage_taken"": null, ""attacker_remaining"": null, ""defender_remaining"": null, ""resupply_budget"": 2, ""resupply_spent"": 1, ""refueled"": 1, ""combat_restored"": 0, ""remaining_mp"": 4, ""remaining_fuel"": 4, ""combat_value"": 6, ""token_destroyed"": false}"
2025-10-01T00:03:55,TOKEN,INFO,Z_Pluton__5_Versorgungs_Kompanie: start tury (budżet PE=2),"{""allocated_pe"": 2, ""position_q"": 43, ""position_r"": -14, ""move_points"": 9, ""fuel"": 4, ""combat_value"": 4}"
2025-10-01T00:03:55,TOKEN,INFO,"Z_Pluton__5_Versorgungs_Kompanie: ruch na (44, -14) udany","{""destination_q"": 44, ""destination_r"": -14, ""remaining_mp"": 8, ""remaining_fuel"": 3}"
2025-10-01T00:03:55,TOKEN,DEBUG,Z_Pluton__5_Versorgungs_Kompanie: uzupełnia paliwo o 1,"{""fuel_after"": 4}"
2025-10-01T00:03:55,TOKEN,INFO,Z_Pluton__5_Versorgungs_Kompanie: koniec tury (wydane PE=1),"{""allocated_pe"": 2, ""spent_pe"": 1, ""unused_pe"": 1, ""movement_success"": true, ""movement_attempts"": 1, ""movement_destination"": [44, -14], ""attack_attempted"": false, ""attack_success"": false, ""counterattack"": null, ""damage_dealt"": null, ""damage_taken"": null, ""attacker_remaining"": null, ""defender_remaining"": null, ""resupply_budget"": 2, ""resupply_spent"": 1, ""refueled"": 1, ""combat_restored"": 0, ""remaining_mp"": 8, ""remaining_fuel"": 4, ""combat_value"": 4, ""token_destroyed"": false}"
2025-10-01T00:03:55,TOKEN,INFO,Z_Pluton__5_Unterst_tzungs_Bataillon: start tury (budżet PE=2),"{""allocated_pe"": 2, ""position_q"": 44, ""position_r"": -15, ""move_points"": 5, ""fuel"": 4, ""combat_value"": 4}"
2025-10-01T00:03:55,TOKEN,INFO,"Z_Pluton__5_Unterst_tzungs_Bataillon: ruch na (45, -16) udany","{""destination_q"": 45, ""destination_r"": -16, ""remaining_mp"": 4, ""remaining_fuel"": 3}"
2025-10-01T00:03:55,TOKEN,DEBUG,Z_Pluton__5_Unterst_tzungs_Bataillon: uzupełnia paliwo o 1,"{""fuel_after"": 4}"
2025-10-01T00:03:55,TOKEN,INFO,Z_Pluton__5_Unterst_tzungs_Bataillon: koniec tury (wydane PE=1),"{""allocated_pe"": 2, ""spent_pe"": 1, ""unused_pe"": 1, ""movement_success"": true, ""movement_attempts"": 1, ""movement_destination"": [45, -16], ""attack_attempted"": false, ""attack_success"": false, ""counterattack"": null, ""damage_dealt"": null, ""damage_taken"": null, ""attacker_remaining"": null, ""defender_remaining"": null, ""resupply_budget"": 2, ""resupply_spent"": 1, ""refueled"": 1, ""combat_restored"": 0, ""remaining_mp"": 4, ""remaining_fuel"": 4, ""combat_value"": 4, ""token_destroyed"": false}"
2025-10-01T00:03:55,TOKEN,INFO,Z_Pluton__5_Unterst_tzungs_Bataillon_20250913214038: start tury (budżet PE=2),"{""allocated_pe"": 2, ""position_q"": 45, ""position_r"": -15, ""move_points"": 9, ""fuel"": 4, ""combat_value"": 4}"
2025-10-01T00:03:55,TOKEN,INFO,"Z_Pluton__5_Unterst_tzungs_Bataillon_20250913214038: ruch na (46, -15) udany","{""destination_q"": 46, ""destination_r"": -15, ""remaining_mp"": 8, ""remaining_fuel"": 3}"
2025-10-01T00:03:55,TOKEN,DEBUG,Z_Pluton__5_Unterst_tzungs_Bataillon_20250913214038: uzupełnia paliwo o 1,"{""fuel_after"": 4}"
2025-10-01T00:03:55,TOKEN,INFO,Z_Pluton__5_Unterst_tzungs_Bataillon_20250913214038: koniec tury (wydane PE=1),"{""allocated_pe"": 2, ""spent_pe"": 1, ""unused_pe"": 1, ""movement_success"": true, ""movement_attempts"": 1, ""movement_destination"": [46, -15], ""attack_attempted"": false, ""attack_success"": false, ""counterattack"": null, ""damage_dealt"": null, ""damage_taken"": null, ""attacker_remaining"": null, ""defender_remaining"": null, ""resupply_budget"": 2, ""resupply_spent"": 1, ""refueled"": 1, ""combat_restored"": 0, ""remaining_mp"": 8, ""remaining_fuel"": 4, ""combat_value"": 4, ""token_destroyed"": false}"
2025-10-01T00:03:55,TOKEN,INFO,P_Pluton__6_Sch_tzen_Kompanie: start tury (budżet PE=2),"{""allocated_pe"": 2, ""position_q"": 38, ""position_r"": 2, ""move_points"": 5, ""fuel"": 2, ""combat_value"": 8}"
2025-10-01T00:03:55,TOKEN,INFO,"P_Pluton__6_Sch_tzen_Kompanie: ruch na (39, 1) udany","{""destination_q"": 39, ""destination_r"": 1, ""remaining_mp"": 4, ""remaining_fuel"": 1}"
2025-10-01T00:03:55,TOKEN,DEBUG,P_Pluton__6_Sch_tzen_Kompanie: uzupełnia paliwo o 1,"{""fuel_after"": 2}"
2025-10-01T00:03:55,TOKEN,INFO,P_Pluton__6_Sch_tzen_Kompanie: koniec tury (wydane PE=1),"{""allocated_pe"": 2, ""spent_pe"": 1, ""unused_pe"": 1, ""movement_success"": true, ""movement_attempts"": 1, ""movement_destination"": [39, 1], ""attack_attempted"": false, ""attack_success"": false, ""counterattack"": null, ""damage_dealt"": null, ""damage_taken"": null, ""attacker_remaining"": null, ""defender_remaining"": null, ""resupply_budget"": 2, ""resupply_spent"": 1, ""refueled"": 1, ""combat_restored"": 0, ""remaining_mp"": 4, ""remaining_fuel"": 2, ""combat_value"": 8, ""token_destroyed"": false}"
2025-10-01T00:03:55,TOKEN,INFO,P_Pluton__6_Infanterie_Regiment: start tury (budżet PE=2),"{""allocated_pe"": 2, ""position_q"": 38, ""position_r"": 3, ""move_points"": 5, ""fuel"": 2, ""combat_value"": 8}"
2025-10-01T00:03:55,TOKEN,INFO,"P_Pluton__6_Infanterie_Regiment: ruch na (39, 3) udany","{""destination_q"": 39, ""destination_r"": 3, ""remaining_mp"": 4, ""remaining_fuel"": 1}"
2025-10-01T00:03:55,TOKEN,DEBUG,P_Pluton__6_Infanterie_Regiment: uzupełnia paliwo o 1,"{""fuel_after"": 2}"
2025-10-01T00:03:55,TOKEN,INFO,P_Pluton__6_Infanterie_Regiment: koniec tury (wydane PE=1),"{""allocated_pe"": 2, ""spent_pe"": 1, ""unused_pe"": 1, ""movement_success"": true, ""movement_attempts"": 1, ""movement_destination"": [39, 3], ""attack_attempted"": false, ""attack_success"": false, ""counterattack"": null, ""damage_dealt"": null, ""damage_taken"": null, ""attacker_remaining"": null, ""defender_remaining"": null, ""resupply_budget"": 2, ""resupply_spent"": 1, ""refueled"": 1, ""combat_restored"": 0, ""remaining_mp"": 4, ""remaining_fuel"": 2, ""combat_value"": 8, ""token_destroyed"": false}"
2025-10-01T00:03:55,TOKEN,INFO,Z_Pluton__6_Unterst_tzungs_Bataillon_20250913214051: start tury (budżet PE=2),"{""allocated_pe"": 2, ""position_q"": 39, ""position_r"": 2, ""move_points"": 8, ""fuel"": 4, ""combat_value"": 4}"
2025-10-01T00:03:55,TOKEN,INFO,"Z_Pluton__6_Unterst_tzungs_Bataillon_20250913214051: ruch na (40, 1) udany","{""destination_q"": 40, ""destination_r"": 1, ""remaining_mp"": 7, ""remaining_fuel"": 3}"
2025-10-01T00:03:55,TOKEN,DEBUG,Z_Pluton__6_Unterst_tzungs_Bataillon_20250913214051: uzupełnia paliwo o 1,"{""fuel_after"": 4}"
2025-10-01T00:03:55,TOKEN,INFO,Z_Pluton__6_Unterst_tzungs_Bataillon_20250913214051: koniec tury (wydane PE=1),"{""allocated_pe"": 2, ""spent_pe"": 1, ""unused_pe"": 1, ""movement_success"": true, ""movement_attempts"": 1, ""movement_destination"": [40, 1], ""attack_attempted"": false, ""attack_success"": false, ""counterattack"": null, ""damage_dealt"": null, ""damage_taken"": null, ""attacker_remaining"": null, ""defender_remaining"": null, ""resupply_budget"": 2, ""resupply_spent"": 1, ""refueled"": 1, ""combat_restored"": 0, ""remaining_mp"": 7, ""remaining_fuel"": 4, ""combat_value"": 4, ""token_destroyed"": false}"
2025-10-01T00:03:55,TOKEN,INFO,P_Batalion__6_Infanterie_Regiment: start tury (budżet PE=2),"{""allocated_pe"": 2, ""position_q"": 39, ""position_r"": 8, ""move_points"": 5, ""fuel"": 2, ""combat_value"": 14}"
2025-10-01T00:03:55,TOKEN,INFO,"P_Batalion__6_Infanterie_Regiment: ruch na (38, 9) udany","{""destination_q"": 38, ""destination_r"": 9, ""remaining_mp"": 4, ""remaining_fuel"": 1}"
2025-10-01T00:03:55,TOKEN,DEBUG,P_Batalion__6_Infanterie_Regiment: uzupełnia paliwo o 1,"{""fuel_after"": 2}"
2025-10-01T00:03:55,TOKEN,INFO,P_Batalion__6_Infanterie_Regiment: koniec tury (wydane PE=1),"{""allocated_pe"": 2, ""spent_pe"": 1, ""unused_pe"": 1, ""movement_success"": true, ""movement_attempts"": 1, ""movement_destination"": [38, 9], ""attack_attempted"": false, ""attack_success"": false, ""counterattack"": null, ""damage_dealt"": null, ""damage_taken"": null, ""attacker_remaining"": null, ""defender_remaining"": null, ""resupply_budget"": 2, ""resupply_spent"": 1, ""refueled"": 1, ""combat_restored"": 0, ""remaining_mp"": 4, ""remaining_fuel"": 2, ""combat_value"": 14, ""token_destroyed"": false}"
2025-10-01T00:03:55,TOKEN,INFO,P_Pluton__6_Grenadier_Bataillon: start tury (budżet PE=2),"{""allocated_pe"": 2, ""position_q"": 49, ""position_r"": -11, ""move_points"": 5, ""fuel"": 2, ""combat_value"": 8}"
2025-10-01T00:03:55,TOKEN,INFO,"P_Pluton__6_Grenadier_Bataillon: ruch na (49, -12) udany","{""destination_q"": 49, ""destination_r"": -12, ""remaining_mp"": 4, ""remaining_fuel"": 1}"
2025-10-01T00:03:55,TOKEN,DEBUG,P_Pluton__6_Grenadier_Bataillon: uzupełnia paliwo o 1,"{""fuel_after"": 2}"
2025-10-01T00:03:55,TOKEN,INFO,P_Pluton__6_Grenadier_Bataillon: koniec tury (wydane PE=1),"{""allocated_pe"": 2, ""spent_pe"": 1, ""unused_pe"": 1, ""movement_success"": true, ""movement_attempts"": 1, ""movement_destination"": [49, -12], ""attack_attempted"": false, ""attack_success"": false, ""counterattack"": null, ""damage_dealt"": null, ""damage_taken"": null, ""attacker_remaining"": null, ""defender_remaining"": null, ""resupply_budget"": 2, ""resupply_spent"": 1, ""refueled"": 1, ""combat_restored"": 0, ""remaining_mp"": 4, ""remaining_fuel"": 2, ""combat_value"": 8, ""token_destroyed"": false}"
2025-10-01T00:03:55,TOKEN,INFO,Z_Batalion__6_Versorgungs_Kompanie: start tury (budżet PE=2),"{""allocated_pe"": 2, ""position_q"": 50, ""position_r"": -12, ""move_points"": 6, ""fuel"": 4, ""combat_value"": 7}"
2025-10-01T00:03:55,TOKEN,INFO,"Z_Batalion__6_Versorgungs_Kompanie: ruch na (51, -13) udany","{""destination_q"": 51, ""destination_r"": -13, ""remaining_mp"": 5, ""remaining_fuel"": 3}"
2025-10-01T00:03:55,TOKEN,DEBUG,Z_Batalion__6_Versorgungs_Kompanie: uzupełnia paliwo o 1,"{""fuel_after"": 4}"
2025-10-01T00:03:55,TOKEN,INFO,Z_Batalion__6_Versorgungs_Kompanie: koniec tury (wydane PE=1),"{""allocated_pe"": 2, ""spent_pe"": 1, ""unused_pe"": 1, ""movement_success"": true, ""movement_attempts"": 1, ""movement_destination"": [51, -13], ""attack_attempted"": false, ""attack_success"": false, ""counterattack"": null, ""damage_dealt"": null, ""damage_taken"": null, ""attacker_remaining"": null, ""defender_remaining"": null, ""resupply_budget"": 2, ""resupply_spent"": 1, ""refueled"": 1, ""combat_restored"": 0, ""remaining_mp"": 5, ""remaining_fuel"": 4, ""combat_value"": 7, ""token_destroyed"": false}"
2025-10-01T00:03:55,TOKEN,INFO,Z_Pluton__6_Unterst_tzungs_Bataillon_20250913214048: start tury (budżet PE=2),"{""allocated_pe"": 2, ""position_q"": 50, ""position_r"": -11, ""move_points"": 8, ""fuel"": 4, ""combat_value"": 4}"
2025-10-01T00:03:55,TOKEN,INFO,"Z_Pluton__6_Unterst_tzungs_Bataillon_20250913214048: ruch na (49, -10) udany","{""destination_q"": 49, ""destination_r"": -10, ""remaining_mp"": 7, ""remaining_fuel"": 3}"
2025-10-01T00:03:55,TOKEN,DEBUG,Z_Pluton__6_Unterst_tzungs_Bataillon_20250913214048: uzupełnia paliwo o 1,"{""fuel_after"": 4}"
2025-10-01T00:03:55,TOKEN,INFO,Z_Pluton__6_Unterst_tzungs_Bataillon_20250913214048: koniec tury (wydane PE=1),"{""allocated_pe"": 2, ""spent_pe"": 1, ""unused_pe"": 1, ""movement_success"": true, ""movement_attempts"": 1, ""movement_destination"": [49, -10], ""attack_attempted"": false, ""attack_success"": false, ""counterattack"": null, ""damage_dealt"": null, ""damage_taken"": null, ""attacker_remaining"": null, ""defender_remaining"": null, ""resupply_budget"": 2, ""resupply_spent"": 1, ""refueled"": 1, ""combat_restored"": 0, ""remaining_mp"": 7, ""remaining_fuel"": 4, ""combat_value"": 4, ""token_destroyed"": false}"
2025-10-01T00:03:55,TOKEN,INFO,P_Kompania__6_Sch_tzen_Kompanie: start tury (budżet PE=2),"{""allocated_pe"": 2, ""position_q"": 50, ""position_r"": -10, ""move_points"": 5, ""fuel"": 2, ""combat_value"": 11}"
2025-10-01T00:03:55,TOKEN,INFO,"P_Kompania__6_Sch_tzen_Kompanie: ruch na (49, -9) udany","{""destination_q"": 49, ""destination_r"": -9, ""remaining_mp"": 4, ""remaining_fuel"": 1}"
2025-10-01T00:03:55,TOKEN,DEBUG,P_Kompania__6_Sch_tzen_Kompanie: uzupełnia paliwo o 1,"{""fuel_after"": 2}"
2025-10-01T00:03:55,TOKEN,INFO,P_Kompania__6_Sch_tzen_Kompanie: koniec tury (wydane PE=1),"{""allocated_pe"": 2, ""spent_pe"": 1, ""unused_pe"": 1, ""movement_success"": true, ""movement_attempts"": 1, ""movement_destination"": [49, -9], ""attack_attempted"": false, ""attack_success"": false, ""counterattack"": null, ""damage_dealt"": null, ""damage_taken"": null, ""attacker_remaining"": null, ""defender_remaining"": null, ""resupply_budget"": 2, ""resupply_spent"": 1, ""refueled"": 1, ""combat_restored"": 0, ""remaining_mp"": 4, ""remaining_fuel"": 2, ""combat_value"": 11, ""token_destroyed"": false}"
2025-10-01T00:03:55,TOKEN,INFO,Z_Pluton__6_Versorgungs_Kompanie: start tury (budżet PE=2),"{""allocated_pe"": 2, ""position_q"": 51, ""position_r"": -12, ""move_points"": 8, ""fuel"": 4, ""combat_value"": 4}"
2025-10-01T00:03:55,TOKEN,INFO,"Z_Pluton__6_Versorgungs_Kompanie: ruch na (52, -12) udany","{""destination_q"": 52, ""destination_r"": -12, ""remaining_mp"": 7, ""remaining_fuel"": 3}"
2025-10-01T00:03:55,TOKEN,DEBUG,Z_Pluton__6_Versorgungs_Kompanie: uzupełnia paliwo o 1,"{""fuel_after"": 4}"
2025-10-01T00:03:55,TOKEN,INFO,Z_Pluton__6_Versorgungs_Kompanie: koniec tury (wydane PE=1),"{""allocated_pe"": 2, ""spent_pe"": 1, ""unused_pe"": 1, ""movement_success"": true, ""movement_attempts"": 1, ""movement_destination"": [52, -12], ""attack_attempted"": false, ""attack_success"": false, ""counterattack"": null, ""damage_dealt"": null, ""damage_taken"": null, ""attacker_remaining"": null, ""defender_remaining"": null, ""resupply_budget"": 2, ""resupply_spent"": 1, ""refueled"": 1, ""combat_restored"": 0, ""remaining_mp"": 7, ""remaining_fuel"": 4, ""combat_value"": 4, ""token_destroyed"": false}"
2025-10-01T00:03:55,TOKEN,INFO,Z_Pluton__6_Unterst_tzungs_Bataillon: start tury (budżet PE=2),"{""allocated_pe"": 2, ""position_q"": 51, ""position_r"": -11, ""move_points"": 6, ""fuel"": 4, ""combat_value"": 4}"
2025-10-01T00:03:55,TOKEN,INFO,"Z_Pluton__6_Unterst_tzungs_Bataillon: ruch na (51, -12) udany","{""destination_q"": 51, ""destination_r"": -12, ""remaining_mp"": 5, ""remaining_fuel"": 3}"
2025-10-01T00:03:55,TOKEN,DEBUG,Z_Pluton__6_Unterst_tzungs_Bataillon: uzupełnia paliwo o 1,"{""fuel_after"": 4}"
2025-10-01T00:03:55,TOKEN,INFO,Z_Pluton__6_Unterst_tzungs_Bataillon: koniec tury (wydane PE=1),"{""allocated_pe"": 2, ""spent_pe"": 1, ""unused_pe"": 1, ""movement_success"": true, ""movement_attempts"": 1, ""movement_destination"": [51, -12], ""attack_attempted"": false, ""attack_success"": false, ""counterattack"": null, ""damage_dealt"": null, ""damage_taken"": null, ""attacker_remaining"": null, ""defender_remaining"": null, ""resupply_budget"": 2, ""resupply_spent"": 1, ""refueled"": 1, ""combat_restored"": 0, ""remaining_mp"": 5, ""remaining_fuel"": 4, ""combat_value"": 4, ""token_destroyed"": false}"
2025-10-01T00:03:55,TOKEN,INFO,TL_Kompania__2_Batalion_Pancerny: start tury (budżet PE=3),"{""allocated_pe"": 3, ""position_q"": 25, ""position_r"": -10, ""move_points"": 4, ""fuel"": 3, ""combat_value"": 14}"
2025-10-01T00:03:55,TOKEN,INFO,"TL_Kompania__2_Batalion_Pancerny: ruch na (26, -10) udany","{""destination_q"": 26, ""destination_r"": -10, ""remaining_mp"": 3, ""remaining_fuel"": 2}"
2025-10-01T00:03:55,TOKEN,DEBUG,TL_Kompania__2_Batalion_Pancerny: uzupełnia paliwo o 1,"{""fuel_after"": 3}"
2025-10-01T00:03:55,TOKEN,INFO,TL_Kompania__2_Batalion_Pancerny: koniec tury (wydane PE=1),"{""allocated_pe"": 3, ""spent_pe"": 1, ""unused_pe"": 2, ""movement_success"": true, ""movement_attempts"": 1, ""movement_destination"": [26, -10], ""attack_attempted"": false, ""attack_success"": false, ""counterattack"": null, ""damage_dealt"": null, ""damage_taken"": null, ""attacker_remaining"": null, ""defender_remaining"": null, ""resupply_budget"": 3, ""resupply_spent"": 1, ""refueled"": 1, ""combat_restored"": 0, ""remaining_mp"": 3, ""remaining_fuel"": 3, ""combat_value"": 14, ""token_destroyed"": false}"
2025-10-01T00:03:55,TOKEN,INFO,P_Batalion__2_Batalion_Strzelc_w: start tury (budżet PE=3),"{""allocated_pe"": 3, ""position_q"": 26, ""position_r"": -9, ""move_points"": 2, ""fuel"": 2, ""combat_value"": 14}"
2025-10-01T00:03:55,TOKEN,INFO,"P_Batalion__2_Batalion_Strzelc_w: ruch na (27, -9) udany","{""destination_q"": 27, ""destination_r"": -9, ""remaining_mp"": 1, ""remaining_fuel"": 1}"
2025-10-01T00:03:55,TOKEN,DEBUG,P_Batalion__2_Batalion_Strzelc_w: uzupełnia paliwo o 1,"{""fuel_after"": 2}"
2025-10-01T00:03:55,TOKEN,INFO,P_Batalion__2_Batalion_Strzelc_w: koniec tury (wydane PE=1),"{""allocated_pe"": 3, ""spent_pe"": 1, ""unused_pe"": 2, ""movement_success"": true, ""movement_attempts"": 1, ""movement_destination"": [27, -9], ""attack_attempted"": false, ""attack_success"": false, ""counterattack"": null, ""damage_dealt"": null, ""damage_taken"": null, ""attacker_remaining"": null, ""defender_remaining"": null, ""resupply_budget"": 3, ""resupply_spent"": 1, ""refueled"": 1, ""combat_restored"": 0, ""remaining_mp"": 1, ""remaining_fuel"": 2, ""combat_value"": 14, ""token_destroyed"": false}"
2025-10-01T00:03:55,TOKEN,INFO,P_Batalion__2_Batalion_Strzelc_w_20250913214005: start tury (budżet PE=3),"{""allocated_pe"": 3, ""position_q"": 26, ""position_r"": -8, ""move_points"": 7, ""fuel"": 2, ""combat_value"": 14}"
2025-10-01T00:03:55,TOKEN,INFO,"P_Batalion__2_Batalion_Strzelc_w_20250913214005: ruch na (27, -8) udany","{""destination_q"": 27, ""destination_r"": -8, ""remaining_mp"": 6, ""remaining_fuel"": 1}"
2025-10-01T00:03:55,TOKEN,DEBUG,P_Batalion__2_Batalion_Strzelc_w_20250913214005: uzupełnia paliwo o 1,"{""fuel_after"": 2}"
2025-10-01T00:03:55,TOKEN,INFO,P_Batalion__2_Batalion_Strzelc_w_20250913214005: koniec tury (wydane PE=1),"{""allocated_pe"": 3, ""spent_pe"": 1, ""unused_pe"": 2, ""movement_success"": true, ""movement_attempts"": 1, ""movement_destination"": [27, -8], ""attack_attempted"": false, ""attack_success"": false, ""counterattack"": null, ""damage_dealt"": null, ""damage_taken"": null, ""attacker_remaining"": null, ""defender_remaining"": null, ""resupply_budget"": 3, ""resupply_spent"": 1, ""refueled"": 1, ""combat_restored"": 0, ""remaining_mp"": 6, ""remaining_fuel"": 2, ""combat_value"": 14, ""token_destroyed"": false}"
2025-10-01T00:03:55,TOKEN,INFO,P_Pluton__2_Kompania_Grenadier_w: start tury (budżet PE=3),"{""allocated_pe"": 3, ""position_q"": 26, ""position_r"": 5, ""move_points"": 2, ""fuel"": 2, ""combat_value"": 8}"
2025-10-01T00:03:55,TOKEN,INFO,"P_Pluton__2_Kompania_Grenadier_w: ruch na (27, 5) udany","{""destination_q"": 27, ""destination_r"": 5, ""remaining_mp"": 1, ""remaining_fuel"": 1}"
2025-10-01T00:03:55,TOKEN,DEBUG,P_Pluton__2_Kompania_Grenadier_w: uzupełnia paliwo o 1,"{""fuel_after"": 2}"
2025-10-01T00:03:55,TOKEN,INFO,P_Pluton__2_Kompania_Grenadier_w: koniec tury (wydane PE=1),"{""allocated_pe"": 3, ""spent_pe"": 1, ""unused_pe"": 2, ""movement_success"": true, ""movement_attempts"": 1, ""movement_destination"": [27, 5], ""attack_attempted"": false, ""attack_success"": false, ""counterattack"": null, ""damage_dealt"": null, ""damage_taken"": null, ""attacker_remaining"": null, ""defender_remaining"": null, ""resupply_budget"": 3, ""resupply_spent"": 1, ""refueled"": 1, ""combat_restored"": 0, ""remaining_mp"": 1, ""remaining_fuel"": 2, ""combat_value"": 8, ""token_destroyed"": false}"
2025-10-01T00:03:55,TOKEN,INFO,Z_Pluton__2_Batalion_Wsparcia: start tury (budżet PE=3),"{""allocated_pe"": 3, ""position_q"": 27, ""position_r"": 3, ""move_points"": 5, ""fuel"": 4, ""combat_value"": 4}"
2025-10-01T00:03:55,TOKEN,INFO,"Z_Pluton__2_Batalion_Wsparcia: ruch na (27, 2) udany","{""destination_q"": 27, ""destination_r"": 2, ""remaining_mp"": 4, ""remaining_fuel"": 3}"
2025-10-01T00:03:55,TOKEN,DEBUG,Z_Pluton__2_Batalion_Wsparcia: uzupełnia paliwo o 1,"{""fuel_after"": 4}"
2025-10-01T00:03:55,TOKEN,INFO,Z_Pluton__2_Batalion_Wsparcia: koniec tury (wydane PE=1),"{""allocated_pe"": 3, ""spent_pe"": 1, ""unused_pe"": 2, ""movement_success"": true, ""movement_attempts"": 1, ""movement_destination"": [27, 2], ""attack_attempted"": false, ""attack_success"": false, ""counterattack"": null, ""damage_dealt"": null, ""damage_taken"": null, ""attacker_remaining"": null, ""defender_remaining"": null, ""resupply_budget"": 3, ""resupply_spent"": 1, ""refueled"": 1, ""combat_restored"": 0, ""remaining_mp"": 4, ""remaining_fuel"": 4, ""combat_value"": 4, ""token_destroyed"": false}"
2025-10-01T00:03:55,TOKEN,INFO,P_Kompania__2_Pu_k_Piechoty: start tury (budżet PE=3),"{""allocated_pe"": 3, ""position_q"": 29, ""position_r"": 2, ""move_points"": 2, ""fuel"": 2, ""combat_value"": 11}"
2025-10-01T00:03:55,TOKEN,INFO,"P_Kompania__2_Pu_k_Piechoty: ruch na (30, 1) udany","{""destination_q"": 30, ""destination_r"": 1, ""remaining_mp"": 1, ""remaining_fuel"": 1}"
2025-10-01T00:03:55,TOKEN,DEBUG,P_Kompania__2_Pu_k_Piechoty: uzupełnia paliwo o 1,"{""fuel_after"": 2}"
2025-10-01T00:03:55,TOKEN,INFO,P_Kompania__2_Pu_k_Piechoty: koniec tury (wydane PE=1),"{""allocated_pe"": 3, ""spent_pe"": 1, ""unused_pe"": 2, ""movement_success"": true, ""movement_attempts"": 1, ""movement_destination"": [30, 1], ""attack_attempted"": false, ""attack_success"": false, ""counterattack"": null, ""damage_dealt"": null, ""damage_taken"": null, ""attacker_remaining"": null, ""defender_remaining"": null, ""resupply_budget"": 3, ""resupply_spent"": 1, ""refueled"": 1, ""combat_restored"": 0, ""remaining_mp"": 1, ""remaining_fuel"": 2, ""combat_value"": 11, ""token_destroyed"": false}"
2025-10-01T00:03:55,TOKEN,INFO,Z_Pluton__2_Oddzia_Rozpoznawczy: start tury (budżet PE=3),"{""allocated_pe"": 3, ""position_q"": 28, ""position_r"": 2, ""move_points"": 6, ""fuel"": 4, ""combat_value"": 4}"
2025-10-01T00:03:55,TOKEN,INFO,"Z_Pluton__2_Oddzia_Rozpoznawczy: ruch na (29, 2) udany","{""destination_q"": 29, ""destination_r"": 2, ""remaining_mp"": 5, ""remaining_fuel"": 3}"
2025-10-01T00:03:55,TOKEN,DEBUG,Z_Pluton__2_Oddzia_Rozpoznawczy: uzupełnia paliwo o 1,"{""fuel_after"": 4}"
2025-10-01T00:03:55,TOKEN,INFO,Z_Pluton__2_Oddzia_Rozpoznawczy: koniec tury (wydane PE=1),"{""allocated_pe"": 3, ""spent_pe"": 1, ""unused_pe"": 2, ""movement_success"": true, ""movement_attempts"": 1, ""movement_destination"": [29, 2], ""attack_attempted"": false, ""attack_success"": false, ""counterattack"": null, ""damage_dealt"": null, ""damage_taken"": null, ""attacker_remaining"": null, ""defender_remaining"": null, ""resupply_budget"": 3, ""resupply_spent"": 1, ""refueled"": 1, ""combat_restored"": 0, ""remaining_mp"": 5, ""remaining_fuel"": 4, ""combat_value"": 4, ""token_destroyed"": false}"
2025-10-01T00:03:55,TOKEN,INFO,P_Pluton__2_Kompania_Grenadier_w_20250913214010: start tury (budżet PE=3),"{""allocated_pe"": 3, ""position_q"": 29, ""position_r"": 4, ""move_points"": 2, ""fuel"": 2, ""combat_value"": 8}"
2025-10-01T00:03:55,TOKEN,INFO,"P_Pluton__2_Kompania_Grenadier_w_20250913214010: ruch na (30, 4) udany","{""destination_q"": 30, ""destination_r"": 4, ""remaining_mp"": 1, ""remaining_fuel"": 1}"
2025-10-01T00:03:55,TOKEN,DEBUG,P_Pluton__2_Kompania_Grenadier_w_20250913214010: uzupełnia paliwo o 1,"{""fuel_after"": 2}"
2025-10-01T00:03:55,TOKEN,INFO,P_Pluton__2_Kompania_Grenadier_w_20250913214010: koniec tury (wydane PE=1),"{""allocated_pe"": 3, ""spent_pe"": 1, ""unused_pe"": 2, ""movement_success"": true, ""movement_attempts"": 1, ""movement_destination"": [30, 4], ""attack_attempted"": false, ""attack_success"": false, ""counterattack"": null, ""damage_dealt"": null, ""damage_taken"": null, ""attacker_remaining"": null, ""defender_remaining"": null, ""resupply_budget"": 3, ""resupply_spent"": 1, ""refueled"": 1, ""combat_restored"": 0, ""remaining_mp"": 1, ""remaining_fuel"": 2, ""combat_value"": 8, ""token_destroyed"": false}"
2025-10-01T00:03:55,TOKEN,INFO,Z_Batalion__2_Kompania_Zaopatrzeniowa: start tury (budżet PE=3),"{""allocated_pe"": 3, ""position_q"": 25, ""position_r"": -8, ""move_points"": 6, ""fuel"": 4, ""combat_value"": 7}"
2025-10-01T00:03:55,TOKEN,INFO,"Z_Batalion__2_Kompania_Zaopatrzeniowa: ruch na (26, -8) udany","{""destination_q"": 26, ""destination_r"": -8, ""remaining_mp"": 5, ""remaining_fuel"": 3}"
2025-10-01T00:03:55,TOKEN,DEBUG,Z_Batalion__2_Kompania_Zaopatrzeniowa: uzupełnia paliwo o 1,"{""fuel_after"": 4}"
2025-10-01T00:03:55,TOKEN,INFO,Z_Batalion__2_Kompania_Zaopatrzeniowa: koniec tury (wydane PE=1),"{""allocated_pe"": 3, ""spent_pe"": 1, ""unused_pe"": 2, ""movement_success"": true, ""movement_attempts"": 1, ""movement_destination"": [26, -8], ""attack_attempted"": false, ""attack_success"": false, ""counterattack"": null, ""damage_dealt"": null, ""damage_taken"": null, ""attacker_remaining"": null, ""defender_remaining"": null, ""resupply_budget"": 3, ""resupply_spent"": 1, ""refueled"": 1, ""combat_restored"": 0, ""remaining_mp"": 5, ""remaining_fuel"": 4, ""combat_value"": 7, ""token_destroyed"": false}"
2025-10-01T00:03:55,TOKEN,INFO,D_Pluton__2_Dow_dztwo_Einheit: start tury (budżet PE=3),"{""allocated_pe"": 3, ""position_q"": 16, ""position_r"": -7, ""move_points"": 3, ""fuel"": 3, ""combat_value"": 8}"
2025-10-01T00:03:55,TOKEN,INFO,"D_Pluton__2_Dow_dztwo_Einheit: ruch na (17, -7) udany","{""destination_q"": 17, ""destination_r"": -7, ""remaining_mp"": 2, ""remaining_fuel"": 2}"
2025-10-01T00:03:55,TOKEN,DEBUG,D_Pluton__2_Dow_dztwo_Einheit: uzupełnia paliwo o 1,"{""fuel_after"": 3}"
2025-10-01T00:03:55,TOKEN,INFO,D_Pluton__2_Dow_dztwo_Einheit: koniec tury (wydane PE=1),"{""allocated_pe"": 3, ""spent_pe"": 1, ""unused_pe"": 2, ""movement_success"": true, ""movement_attempts"": 1, ""movement_destination"": [17, -7], ""attack_attempted"": false, ""attack_success"": false, ""counterattack"": null, ""damage_dealt"": null, ""damage_taken"": null, ""attacker_remaining"": null, ""defender_remaining"": null, ""resupply_budget"": 3, ""resupply_spent"": 1, ""refueled"": 1, ""combat_restored"": 0, ""remaining_mp"": 2, ""remaining_fuel"": 3, ""combat_value"": 8, ""token_destroyed"": false}"
2025-10-01T00:03:56,TOKEN,INFO,Z_Pluton__3_Batalion_Wsparcia: start tury (budżet PE=2),"{""allocated_pe"": 2, ""position_q"": 7, ""position_r"": 26, ""move_points"": 7, ""fuel"": 4, ""combat_value"": 4}"
2025-10-01T00:03:56,TOKEN,INFO,"Z_Pluton__3_Batalion_Wsparcia: ruch na (8, 26) udany","{""destination_q"": 8, ""destination_r"": 26, ""remaining_mp"": 6, ""remaining_fuel"": 3}"
2025-10-01T00:03:56,TOKEN,DEBUG,Z_Pluton__3_Batalion_Wsparcia: uzupełnia paliwo o 1,"{""fuel_after"": 4}"
2025-10-01T00:03:56,TOKEN,INFO,Z_Pluton__3_Batalion_Wsparcia: koniec tury (wydane PE=1),"{""allocated_pe"": 2, ""spent_pe"": 1, ""unused_pe"": 1, ""movement_success"": true, ""movement_attempts"": 1, ""movement_destination"": [8, 26], ""attack_attempted"": false, ""attack_success"": false, ""counterattack"": null, ""damage_dealt"": null, ""damage_taken"": null, ""attacker_remaining"": null, ""defender_remaining"": null, ""resupply_budget"": 2, ""resupply_spent"": 1, ""refueled"": 1, ""combat_restored"": 0, ""remaining_mp"": 6, ""remaining_fuel"": 4, ""combat_value"": 4, ""token_destroyed"": false}"
2025-10-01T00:03:56,TOKEN,INFO,Z_Pluton__3_Kompania_Zaopatrzeniowa: start tury (budżet PE=2),"{""allocated_pe"": 2, ""position_q"": 17, ""position_r"": 19, ""move_points"": 5, ""fuel"": 4, ""combat_value"": 4}"
2025-10-01T00:03:56,TOKEN,INFO,"Z_Pluton__3_Kompania_Zaopatrzeniowa: ruch na (18, 19) udany","{""destination_q"": 18, ""destination_r"": 19, ""remaining_mp"": 4, ""remaining_fuel"": 3}"
2025-10-01T00:03:56,TOKEN,DEBUG,Z_Pluton__3_Kompania_Zaopatrzeniowa: uzupełnia paliwo o 1,"{""fuel_after"": 4}"
2025-10-01T00:03:56,TOKEN,INFO,Z_Pluton__3_Kompania_Zaopatrzeniowa: koniec tury (wydane PE=1),"{""allocated_pe"": 2, ""spent_pe"": 1, ""unused_pe"": 1, ""movement_success"": true, ""movement_attempts"": 1, ""movement_destination"": [18, 19], ""attack_attempted"": false, ""attack_success"": false, ""counterattack"": null, ""damage_dealt"": null, ""damage_taken"": null, ""attacker_remaining"": null, ""defender_remaining"": null, ""resupply_budget"": 2, ""resupply_spent"": 1, ""refueled"": 1, ""combat_restored"": 0, ""remaining_mp"": 4, ""remaining_fuel"": 4, ""combat_value"": 4, ""token_destroyed"": false}"
2025-10-01T00:03:56,TOKEN,INFO,Z_Pluton__3_Kompania_Zaopatrzeniowa_20250913214023: start tury (budżet PE=2),"{""allocated_pe"": 2, ""position_q"": 17, ""position_r"": 20, ""move_points"": 7, ""fuel"": 4, ""combat_value"": 4}"
2025-10-01T00:03:56,TOKEN,INFO,"Z_Pluton__3_Kompania_Zaopatrzeniowa_20250913214023: ruch na (18, 20) udany","{""destination_q"": 18, ""destination_r"": 20, ""remaining_mp"": 6, ""remaining_fuel"": 3}"
2025-10-01T00:03:56,TOKEN,DEBUG,Z_Pluton__3_Kompania_Zaopatrzeniowa_20250913214023: uzupełnia paliwo o 1,"{""fuel_after"": 4}"
2025-10-01T00:03:56,TOKEN,INFO,Z_Pluton__3_Kompania_Zaopatrzeniowa_20250913214023: koniec tury (wydane PE=1),"{""allocated_pe"": 2, ""spent_pe"": 1, ""unused_pe"": 1, ""movement_success"": true, ""movement_attempts"": 1, ""movement_destination"": [18, 20], ""attack_attempted"": false, ""attack_success"": false, ""counterattack"": null, ""damage_dealt"": null, ""damage_taken"": null, ""attacker_remaining"": null, ""defender_remaining"": null, ""resupply_budget"": 2, ""resupply_spent"": 1, ""refueled"": 1, ""combat_restored"": 0, ""remaining_mp"": 6, ""remaining_fuel"": 4, ""combat_value"": 4, ""token_destroyed"": false}"
2025-10-01T00:03:56,TOKEN,INFO,P_Kompania__3_Batalion_Strzelc_w: start tury (budżet PE=2),"{""allocated_pe"": 2, ""position_q"": 28, ""position_r"": 9, ""move_points"": 7, ""fuel"": 2, ""combat_value"": 11}"
2025-10-01T00:03:56,TOKEN,INFO,"P_Kompania__3_Batalion_Strzelc_w: ruch na (29, 9) udany","{""destination_q"": 29, ""destination_r"": 9, ""remaining_mp"": 6, ""remaining_fuel"": 1}"
2025-10-01T00:03:56,TOKEN,DEBUG,P_Kompania__3_Batalion_Strzelc_w: uzupełnia paliwo o 1,"{""fuel_after"": 2}"
2025-10-01T00:03:56,TOKEN,INFO,P_Kompania__3_Batalion_Strzelc_w: koniec tury (wydane PE=1),"{""allocated_pe"": 2, ""spent_pe"": 1, ""unused_pe"": 1, ""movement_success"": true, ""movement_attempts"": 1, ""movement_destination"": [29, 9], ""attack_attempted"": false, ""attack_success"": false, ""counterattack"": null, ""damage_dealt"": null, ""damage_taken"": null, ""attacker_remaining"": null, ""defender_remaining"": null, ""resupply_budget"": 2, ""resupply_spent"": 1, ""refueled"": 1, ""combat_restored"": 0, ""remaining_mp"": 6, ""remaining_fuel"": 2, ""combat_value"": 11, ""token_destroyed"": false}"
2025-10-01T00:03:56,TOKEN,INFO,P_Pluton__3_Pu_k_Piechoty: start tury (budżet PE=2),"{""allocated_pe"": 2, ""position_q"": 29, ""position_r"": 10, ""move_points"": 4, ""fuel"": 2, ""combat_value"": 8}"
2025-10-01T00:03:56,TOKEN,INFO,"P_Pluton__3_Pu_k_Piechoty: ruch na (30, 10) udany","{""destination_q"": 30, ""destination_r"": 10, ""remaining_mp"": 3, ""remaining_fuel"": 1}"
2025-10-01T00:03:56,TOKEN,DEBUG,P_Pluton__3_Pu_k_Piechoty: uzupełnia paliwo o 1,"{""fuel_after"": 2}"
2025-10-01T00:03:56,TOKEN,INFO,P_Pluton__3_Pu_k_Piechoty: koniec tury (wydane PE=1),"{""allocated_pe"": 2, ""spent_pe"": 1, ""unused_pe"": 1, ""movement_success"": true, ""movement_attempts"": 1, ""movement_destination"": [30, 10], ""attack_attempted"": false, ""attack_success"": false, ""counterattack"": null, ""damage_dealt"": null, ""damage_taken"": null, ""attacker_remaining"": null, ""defender_remaining"": null, ""resupply_budget"": 2, ""resupply_spent"": 1, ""refueled"": 1, ""combat_restored"": 0, ""remaining_mp"": 3, ""remaining_fuel"": 2, ""combat_value"": 8, ""token_destroyed"": false}"
2025-10-01T00:03:56,TOKEN,INFO,P_Batalion__3_Pu_k_Piechoty: start tury (budżet PE=2),"{""allocated_pe"": 2, ""position_q"": 29, ""position_r"": 11, ""move_points"": 4, ""fuel"": 2, ""combat_value"": 14}"
2025-10-01T00:03:56,TOKEN,INFO,"P_Batalion__3_Pu_k_Piechoty: ruch na (30, 11) udany","{""destination_q"": 30, ""destination_r"": 11, ""remaining_mp"": 3, ""remaining_fuel"": 1}"
2025-10-01T00:03:56,TOKEN,DEBUG,P_Batalion__3_Pu_k_Piechoty: uzupełnia paliwo o 1,"{""fuel_after"": 2}"
2025-10-01T00:03:56,TOKEN,INFO,P_Batalion__3_Pu_k_Piechoty: koniec tury (wydane PE=1),"{""allocated_pe"": 2, ""spent_pe"": 1, ""unused_pe"": 1, ""movement_success"": true, ""movement_attempts"": 1, ""movement_destination"": [30, 11], ""attack_attempted"": false, ""attack_success"": false, ""counterattack"": null, ""damage_dealt"": null, ""damage_taken"": null, ""attacker_remaining"": null, ""defender_remaining"": null, ""resupply_budget"": 2, ""resupply_spent"": 1, ""refueled"": 1, ""combat_restored"": 0, ""remaining_mp"": 3, ""remaining_fuel"": 2, ""combat_value"": 14, ""token_destroyed"": false}"
2025-10-01T00:03:56,TOKEN,INFO,P_Pluton__3_Pu_k_Piechoty_20250913214024: start tury (budżet PE=2),"{""allocated_pe"": 2, ""position_q"": 35, ""position_r"": 10, ""move_points"": 4, ""fuel"": 2, ""combat_value"": 8}"
2025-10-01T00:03:56,TOKEN,INFO,"P_Pluton__3_Pu_k_Piechoty_20250913214024: ruch na (36, 10) udany","{""destination_q"": 36, ""destination_r"": 10, ""remaining_mp"": 3, ""remaining_fuel"": 1}"
2025-10-01T00:03:56,TOKEN,DEBUG,P_Pluton__3_Pu_k_Piechoty_20250913214024: inicjuje atak na P_Batalion__6_Infanterie_Regiment,"{""target_id"": ""P_Batalion__6_Infanterie_Regiment"", ""attack_range"": 2, ""distance"": 2}"
2025-10-01T00:03:56,TOKEN,INFO,P_Pluton__3_Pu_k_Piechoty_20250913214024: atak na P_Batalion__6_Infanterie_Regiment,"{""result_message"": ""Obrońca stracił 9 punktów, pozostało: 5"", ""target_id"": ""P_Batalion__6_Infanterie_Regiment"", ""success"": true, ""damage_dealt"": 9, ""damage_taken"": 0, ""counterattack"": false, ""attacker_remaining"": 8, ""defender_remaining"": 5}"
2025-10-01T00:03:56,TOKEN,DEBUG,P_Pluton__3_Pu_k_Piechoty_20250913214024: uzupełnia paliwo o 1,"{""fuel_after"": 2}"
2025-10-01T00:03:56,TOKEN,INFO,P_Pluton__3_Pu_k_Piechoty_20250913214024: koniec tury (wydane PE=1),"{""allocated_pe"": 2, ""spent_pe"": 1, ""unused_pe"": 1, ""movement_success"": true, ""movement_attempts"": 1, ""movement_destination"": [36, 10], ""attack_attempted"": true, ""attack_success"": true, ""counterattack"": false, ""damage_dealt"": 9, ""damage_taken"": 0, ""attacker_remaining"": 8, ""defender_remaining"": 5, ""resupply_budget"": 2, ""resupply_spent"": 1, ""refueled"": 1, ""combat_restored"": 0, ""remaining_mp"": 0, ""remaining_fuel"": 2, ""combat_value"": 8, ""token_destroyed"": false}"
2025-10-01T00:03:56,TOKEN,INFO,Z_Kompania__3_Kompania_Zaopatrzeniowa: start tury (budżet PE=2),"{""allocated_pe"": 2, ""position_q"": 34, ""position_r"": 10, ""move_points"": 5, ""fuel"": 3, ""combat_value"": 6}"
2025-10-01T00:03:56,TOKEN,INFO,"Z_Kompania__3_Kompania_Zaopatrzeniowa: ruch na (35, 10) udany","{""destination_q"": 35, ""destination_r"": 10, ""remaining_mp"": 4, ""remaining_fuel"": 2}"
2025-10-01T00:03:56,TOKEN,DEBUG,Z_Kompania__3_Kompania_Zaopatrzeniowa: uzupełnia paliwo o 2,"{""fuel_after"": 4}"
2025-10-01T00:03:56,TOKEN,INFO,Z_Kompania__3_Kompania_Zaopatrzeniowa: koniec tury (wydane PE=2),"{""allocated_pe"": 2, ""spent_pe"": 2, ""unused_pe"": 0, ""movement_success"": true, ""movement_attempts"": 1, ""movement_destination"": [35, 10], ""attack_attempted"": false, ""attack_success"": false, ""counterattack"": null, ""damage_dealt"": null, ""damage_taken"": null, ""attacker_remaining"": null, ""defender_remaining"": null, ""resupply_budget"": 2, ""resupply_spent"": 2, ""refueled"": 2, ""combat_restored"": 0, ""remaining_mp"": 4, ""remaining_fuel"": 4, ""combat_value"": 6, ""token_destroyed"": false}"
2025-10-01T00:03:56,TOKEN,INFO,P_Pluton__3_Kompania_Grenadier_w: start tury (budżet PE=2),"{""allocated_pe"": 2, ""position_q"": 35, ""position_r"": 12, ""move_points"": 4, ""fuel"": 2, ""combat_value"": 8}"
2025-10-01T00:03:56,TOKEN,INFO,"P_Pluton__3_Kompania_Grenadier_w: ruch na (36, 12) udany","{""destination_q"": 36, ""destination_r"": 12, ""remaining_mp"": 3, ""remaining_fuel"": 1}"
2025-10-01T00:03:56,TOKEN,DEBUG,P_Pluton__3_Kompania_Grenadier_w: uzupełnia paliwo o 1,"{""fuel_after"": 2}"
2025-10-01T00:03:56,TOKEN,INFO,P_Pluton__3_Kompania_Grenadier_w: koniec tury (wydane PE=1),"{""allocated_pe"": 2, ""spent_pe"": 1, ""unused_pe"": 1, ""movement_success"": true, ""movement_attempts"": 1, ""movement_destination"": [36, 12], ""attack_attempted"": false, ""attack_success"": false, ""counterattack"": null, ""damage_dealt"": null, ""damage_taken"": null, ""attacker_remaining"": null, ""defender_remaining"": null, ""resupply_budget"": 2, ""resupply_spent"": 1, ""refueled"": 1, ""combat_restored"": 0, ""remaining_mp"": 3, ""remaining_fuel"": 2, ""combat_value"": 8, ""token_destroyed"": false}"
2025-10-01T00:03:56,TOKEN,INFO,K_Pluton__3_Oddzia_Jazdy: start tury (budżet PE=2),"{""allocated_pe"": 2, ""position_q"": 36, ""position_r"": 11, ""move_points"": 7, ""fuel"": 4, ""combat_value"": 6}"
2025-10-01T00:03:56,TOKEN,INFO,"K_Pluton__3_Oddzia_Jazdy: ruch na (37, 10) udany","{""destination_q"": 37, ""destination_r"": 10, ""remaining_mp"": 6, ""remaining_fuel"": 3}"
2025-10-01T00:03:56,TOKEN,DEBUG,K_Pluton__3_Oddzia_Jazdy: inicjuje atak na P_Batalion__6_Infanterie_Regiment,"{""target_id"": ""P_Batalion__6_Infanterie_Regiment"", ""attack_range"": 2, ""distance"": 1}"
2025-10-01T00:03:56,TOKEN,INFO,K_Pluton__3_Oddzia_Jazdy: kontratak obrońcy,"{""target_id"": ""P_Batalion__6_Infanterie_Regiment"", ""counterattack_damage"": 16, ""attacker_remaining"": 0}"
2025-10-01T00:03:56,TOKEN,INFO,K_Pluton__3_Oddzia_Jazdy: atak na P_Batalion__6_Infanterie_Regiment,"{""result_message"": ""Obrońca przeżył z 1 punktem i cofnął się na (39, 9)!\nAtakujący został zniszczony!"", ""target_id"": ""P_Batalion__6_Infanterie_Regiment"", ""success"": true, ""damage_dealt"": 7, ""damage_taken"": 16, ""counterattack"": true, ""attacker_remaining"": 0, ""defender_remaining"": 1}"
2025-10-01T00:03:56,TOKEN,DEBUG,K_Pluton__3_Oddzia_Jazdy: pominięto uzupełnienia (żeton zniszczony),"{""resupply_budget"": 2}"
2025-10-01T00:03:56,TOKEN,INFO,K_Pluton__3_Oddzia_Jazdy: koniec tury (wydane PE=0),"{""allocated_pe"": 2, ""spent_pe"": 0, ""unused_pe"": 2, ""movement_success"": true, ""movement_attempts"": 1, ""movement_destination"": [37, 10], ""attack_attempted"": true, ""attack_success"": true, ""counterattack"": true, ""damage_dealt"": 7, ""damage_taken"": 16, ""attacker_remaining"": 0, ""defender_remaining"": 1, ""resupply_budget"": 2, ""resupply_spent"": 0, ""refueled"": 0, ""combat_restored"": 0, ""remaining_mp"": 0, ""remaining_fuel"": 3, ""combat_value"": 0, ""token_destroyed"": true}"
2025-10-01T00:03:56,TOKEN,INFO,P_Pluton__5_Infanterie_Regiment: start tury (budżet PE=4),"{""allocated_pe"": 4, ""position_q"": 38, ""position_r"": -18, ""move_points"": 6, ""fuel"": 2, ""combat_value"": 8}"
2025-10-01T00:03:56,TOKEN,INFO,"P_Pluton__5_Infanterie_Regiment: ruch na (39, -18) udany","{""destination_q"": 39, ""destination_r"": -18, ""remaining_mp"": 5, ""remaining_fuel"": 1}"
2025-10-01T00:03:56,TOKEN,DEBUG,P_Pluton__5_Infanterie_Regiment: uzupełnia paliwo o 1,"{""fuel_after"": 2}"
2025-10-01T00:03:56,TOKEN,INFO,P_Pluton__5_Infanterie_Regiment: koniec tury (wydane PE=1),"{""allocated_pe"": 4, ""spent_pe"": 1, ""unused_pe"": 3, ""movement_success"": true, ""movement_attempts"": 1, ""movement_destination"": [39, -18], ""attack_attempted"": false, ""attack_success"": false, ""counterattack"": null, ""damage_dealt"": null, ""damage_taken"": null, ""attacker_remaining"": null, ""defender_remaining"": null, ""resupply_budget"": 4, ""resupply_spent"": 1, ""refueled"": 1, ""combat_restored"": 0, ""remaining_mp"": 5, ""remaining_fuel"": 2, ""combat_value"": 8, ""token_destroyed"": false}"
2025-10-01T00:03:56,TOKEN,INFO,P_Kompania__5_Infanterie_Regiment: start tury (budżet PE=4),"{""allocated_pe"": 4, ""position_q"": 37, ""position_r"": -17, ""move_points"": 4, ""fuel"": 2, ""combat_value"": 11}"
2025-10-01T00:03:56,TOKEN,INFO,"P_Kompania__5_Infanterie_Regiment: ruch na (38, -18) udany","{""destination_q"": 38, ""destination_r"": -18, ""remaining_mp"": 3, ""remaining_fuel"": 1}"
2025-10-01T00:03:56,TOKEN,DEBUG,P_Kompania__5_Infanterie_Regiment: uzupełnia paliwo o 1,"{""fuel_after"": 2}"
2025-10-01T00:03:56,TOKEN,INFO,P_Kompania__5_Infanterie_Regiment: koniec tury (wydane PE=1),"{""allocated_pe"": 4, ""spent_pe"": 1, ""unused_pe"": 3, ""movement_success"": true, ""movement_attempts"": 1, ""movement_destination"": [38, -18], ""attack_attempted"": false, ""attack_success"": false, ""counterattack"": null, ""damage_dealt"": null, ""damage_taken"": null, ""attacker_remaining"": null, ""defender_remaining"": null, ""resupply_budget"": 4, ""resupply_spent"": 1, ""refueled"": 1, ""combat_restored"": 0, ""remaining_mp"": 3, ""remaining_fuel"": 2, ""combat_value"": 11, ""token_destroyed"": false}"
2025-10-01T00:03:56,TOKEN,INFO,P_Pluton__5_Sch_tzen_Kompanie: start tury (budżet PE=4),"{""allocated_pe"": 4, ""position_q"": 38, ""position_r"": -15, ""move_points"": 5, ""fuel"": 2, ""combat_value"": 8}"
2025-10-01T00:03:56,TOKEN,INFO,"P_Pluton__5_Sch_tzen_Kompanie: ruch na (39, -15) udany","{""destination_q"": 39, ""destination_r"": -15, ""remaining_mp"": 4, ""remaining_fuel"": 1}"
2025-10-01T00:03:56,TOKEN,DEBUG,P_Pluton__5_Sch_tzen_Kompanie: uzupełnia paliwo o 1,"{""fuel_after"": 2}"
2025-10-01T00:03:56,TOKEN,INFO,P_Pluton__5_Sch_tzen_Kompanie: koniec tury (wydane PE=1),"{""allocated_pe"": 4, ""spent_pe"": 1, ""unused_pe"": 3, ""movement_success"": true, ""movement_attempts"": 1, ""movement_destination"": [39, -15], ""attack_attempted"": false, ""attack_success"": false, ""counterattack"": null, ""damage_dealt"": null, ""damage_taken"": null, ""attacker_remaining"": null, ""defender_remaining"": null, ""resupply_budget"": 4, ""resupply_spent"": 1, ""refueled"": 1, ""combat_restored"": 0, ""remaining_mp"": 4, ""remaining_fuel"": 2, ""combat_value"": 8, ""token_destroyed"": false}"
2025-10-01T00:03:56,TOKEN,INFO,AC_Kompania__5_schwere_Artillerie: start tury (budżet PE=4),"{""allocated_pe"": 4, ""position_q"": 39, ""position_r"": -17, ""move_points"": 5, ""fuel"": 2, ""combat_value"": 11}"
2025-10-01T00:03:56,TOKEN,INFO,"AC_Kompania__5_schwere_Artillerie: ruch na (40, -17) udany","{""destination_q"": 40, ""destination_r"": -17, ""remaining_mp"": 4, ""remaining_fuel"": 1}"
2025-10-01T00:03:56,TOKEN,DEBUG,AC_Kompania__5_schwere_Artillerie: uzupełnia paliwo o 1,"{""fuel_after"": 2}"
2025-10-01T00:03:56,TOKEN,INFO,AC_Kompania__5_schwere_Artillerie: koniec tury (wydane PE=1),"{""allocated_pe"": 4, ""spent_pe"": 1, ""unused_pe"": 3, ""movement_success"": true, ""movement_attempts"": 1, ""movement_destination"": [40, -17], ""attack_attempted"": false, ""attack_success"": false, ""counterattack"": null, ""damage_dealt"": null, ""damage_taken"": null, ""attacker_remaining"": null, ""defender_remaining"": null, ""resupply_budget"": 4, ""resupply_spent"": 1, ""refueled"": 1, ""combat_restored"": 0, ""remaining_mp"": 4, ""remaining_fuel"": 2, ""combat_value"": 11, ""token_destroyed"": false}"
2025-10-01T00:03:56,TOKEN,INFO,AL_Batalion__5_Artillerie_Abteilung: start tury (budżet PE=4),"{""allocated_pe"": 4, ""position_q"": 39, ""position_r"": -16, ""move_points"": 6, ""fuel"": 2, ""combat_value"": 11}"
2025-10-01T00:03:56,TOKEN,INFO,"AL_Batalion__5_Artillerie_Abteilung: ruch na (40, -16) udany","{""destination_q"": 40, ""destination_r"": -16, ""remaining_mp"": 5, ""remaining_fuel"": 1}"
2025-10-01T00:03:56,TOKEN,DEBUG,AL_Batalion__5_Artillerie_Abteilung: uzupełnia paliwo o 1,"{""fuel_after"": 2}"
2025-10-01T00:03:56,TOKEN,INFO,AL_Batalion__5_Artillerie_Abteilung: koniec tury (wydane PE=1),"{""allocated_pe"": 4, ""spent_pe"": 1, ""unused_pe"": 3, ""movement_success"": true, ""movement_attempts"": 1, ""movement_destination"": [40, -16], ""attack_attempted"": false, ""attack_success"": false, ""counterattack"": null, ""damage_dealt"": null, ""damage_taken"": null, ""attacker_remaining"": null, ""defender_remaining"": null, ""resupply_budget"": 4, ""resupply_spent"": 1, ""refueled"": 1, ""combat_restored"": 0, ""remaining_mp"": 5, ""remaining_fuel"": 2, ""combat_value"": 11, ""token_destroyed"": false}"
2025-10-01T00:03:56,TOKEN,INFO,P_Pluton__5_Sch_tzen_Kompanie_20250913214034: start tury (budżet PE=4),"{""allocated_pe"": 4, ""position_q"": 42, ""position_r"": -15, ""move_points"": 2, ""fuel"": 2, ""combat_value"": 8}"
2025-10-01T00:03:56,TOKEN,INFO,"P_Pluton__5_Sch_tzen_Kompanie_20250913214034: ruch na (43, -15) udany","{""destination_q"": 43, ""destination_r"": -15, ""remaining_mp"": 1, ""remaining_fuel"": 1}"
2025-10-01T00:03:56,TOKEN,DEBUG,P_Pluton__5_Sch_tzen_Kompanie_20250913214034: uzupełnia paliwo o 1,"{""fuel_after"": 2}"
2025-10-01T00:03:56,TOKEN,INFO,P_Pluton__5_Sch_tzen_Kompanie_20250913214034: koniec tury (wydane PE=1),"{""allocated_pe"": 4, ""spent_pe"": 1, ""unused_pe"": 3, ""movement_success"": true, ""movement_attempts"": 1, ""movement_destination"": [43, -15], ""attack_attempted"": false, ""attack_success"": false, ""counterattack"": null, ""damage_dealt"": null, ""damage_taken"": null, ""attacker_remaining"": null, ""defender_remaining"": null, ""resupply_budget"": 4, ""resupply_spent"": 1, ""refueled"": 1, ""combat_restored"": 0, ""remaining_mp"": 1, ""remaining_fuel"": 2, ""combat_value"": 8, ""token_destroyed"": false}"
2025-10-01T00:03:56,TOKEN,INFO,Z_Kompania__5_Unterst_tzungs_Bataillon: start tury (budżet PE=4),"{""allocated_pe"": 4, ""position_q"": 44, ""position_r"": -16, ""move_points"": 5, ""fuel"": 4, ""combat_value"": 6}"
2025-10-01T00:03:56,TOKEN,INFO,"Z_Kompania__5_Unterst_tzungs_Bataillon: ruch na (45, -17) udany","{""destination_q"": 45, ""destination_r"": -17, ""remaining_mp"": 4, ""remaining_fuel"": 3}"
2025-10-01T00:03:56,TOKEN,DEBUG,Z_Kompania__5_Unterst_tzungs_Bataillon: uzupełnia paliwo o 1,"{""fuel_after"": 4}"
2025-10-01T00:03:56,TOKEN,INFO,Z_Kompania__5_Unterst_tzungs_Bataillon: koniec tury (wydane PE=1),"{""allocated_pe"": 4, ""spent_pe"": 1, ""unused_pe"": 3, ""movement_success"": true, ""movement_attempts"": 1, ""movement_destination"": [45, -17], ""attack_attempted"": false, ""attack_success"": false, ""counterattack"": null, ""damage_dealt"": null, ""damage_taken"": null, ""attacker_remaining"": null, ""defender_remaining"": null, ""resupply_budget"": 4, ""resupply_spent"": 1, ""refueled"": 1, ""combat_restored"": 0, ""remaining_mp"": 4, ""remaining_fuel"": 4, ""combat_value"": 6, ""token_destroyed"": false}"
2025-10-01T00:03:56,TOKEN,INFO,Z_Pluton__5_Versorgungs_Kompanie: start tury (budżet PE=4),"{""allocated_pe"": 4, ""position_q"": 44, ""position_r"": -14, ""move_points"": 9, ""fuel"": 4, ""combat_value"": 4}"
2025-10-01T00:03:56,TOKEN,INFO,"Z_Pluton__5_Versorgungs_Kompanie: ruch na (45, -15) udany","{""destination_q"": 45, ""destination_r"": -15, ""remaining_mp"": 8, ""remaining_fuel"": 3}"
2025-10-01T00:03:56,TOKEN,DEBUG,Z_Pluton__5_Versorgungs_Kompanie: uzupełnia paliwo o 1,"{""fuel_after"": 4}"
2025-10-01T00:03:56,TOKEN,INFO,Z_Pluton__5_Versorgungs_Kompanie: koniec tury (wydane PE=1),"{""allocated_pe"": 4, ""spent_pe"": 1, ""unused_pe"": 3, ""movement_success"": true, ""movement_attempts"": 1, ""movement_destination"": [45, -15], ""attack_attempted"": false, ""attack_success"": false, ""counterattack"": null, ""damage_dealt"": null, ""damage_taken"": null, ""attacker_remaining"": null, ""defender_remaining"": null, ""resupply_budget"": 4, ""resupply_spent"": 1, ""refueled"": 1, ""combat_restored"": 0, ""remaining_mp"": 8, ""remaining_fuel"": 4, ""combat_value"": 4, ""token_destroyed"": false}"
2025-10-01T00:03:56,TOKEN,INFO,Z_Pluton__5_Unterst_tzungs_Bataillon: start tury (budżet PE=4),"{""allocated_pe"": 4, ""position_q"": 45, ""position_r"": -16, ""move_points"": 5, ""fuel"": 4, ""combat_value"": 4}"
2025-10-01T00:03:56,TOKEN,INFO,"Z_Pluton__5_Unterst_tzungs_Bataillon: ruch na (46, -17) udany","{""destination_q"": 46, ""destination_r"": -17, ""remaining_mp"": 4, ""remaining_fuel"": 3}"
2025-10-01T00:03:56,TOKEN,DEBUG,Z_Pluton__5_Unterst_tzungs_Bataillon: uzupełnia paliwo o 1,"{""fuel_after"": 4}"
2025-10-01T00:03:56,TOKEN,INFO,Z_Pluton__5_Unterst_tzungs_Bataillon: koniec tury (wydane PE=1),"{""allocated_pe"": 4, ""spent_pe"": 1, ""unused_pe"": 3, ""movement_success"": true, ""movement_attempts"": 1, ""movement_destination"": [46, -17], ""attack_attempted"": false, ""attack_success"": false, ""counterattack"": null, ""damage_dealt"": null, ""damage_taken"": null, ""attacker_remaining"": null, ""defender_remaining"": null, ""resupply_budget"": 4, ""resupply_spent"": 1, ""refueled"": 1, ""combat_restored"": 0, ""remaining_mp"": 4, ""remaining_fuel"": 4, ""combat_value"": 4, ""token_destroyed"": false}"
2025-10-01T00:03:56,TOKEN,INFO,Z_Pluton__5_Unterst_tzungs_Bataillon_20250913214038: start tury (budżet PE=4),"{""allocated_pe"": 4, ""position_q"": 46, ""position_r"": -15, ""move_points"": 9, ""fuel"": 4, ""combat_value"": 4}"
2025-10-01T00:03:56,TOKEN,INFO,"Z_Pluton__5_Unterst_tzungs_Bataillon_20250913214038: ruch na (47, -15) udany","{""destination_q"": 47, ""destination_r"": -15, ""remaining_mp"": 8, ""remaining_fuel"": 3}"
2025-10-01T00:03:56,TOKEN,DEBUG,Z_Pluton__5_Unterst_tzungs_Bataillon_20250913214038: uzupełnia paliwo o 1,"{""fuel_after"": 4}"
2025-10-01T00:03:56,TOKEN,INFO,Z_Pluton__5_Unterst_tzungs_Bataillon_20250913214038: koniec tury (wydane PE=1),"{""allocated_pe"": 4, ""spent_pe"": 1, ""unused_pe"": 3, ""movement_success"": true, ""movement_attempts"": 1, ""movement_destination"": [47, -15], ""attack_attempted"": false, ""attack_success"": false, ""counterattack"": null, ""damage_dealt"": null, ""damage_taken"": null, ""attacker_remaining"": null, ""defender_remaining"": null, ""resupply_budget"": 4, ""resupply_spent"": 1, ""refueled"": 1, ""combat_restored"": 0, ""remaining_mp"": 8, ""remaining_fuel"": 4, ""combat_value"": 4, ""token_destroyed"": false}"
2025-10-01T00:03:56,TOKEN,INFO,P_Pluton__6_Sch_tzen_Kompanie: start tury (budżet PE=4),"{""allocated_pe"": 4, ""position_q"": 39, ""position_r"": 1, ""move_points"": 5, ""fuel"": 2, ""combat_value"": 8}"
2025-10-01T00:03:56,TOKEN,INFO,"P_Pluton__6_Sch_tzen_Kompanie: ruch na (39, 0) udany","{""destination_q"": 39, ""destination_r"": 0, ""remaining_mp"": 4, ""remaining_fuel"": 1}"
2025-10-01T00:03:56,TOKEN,DEBUG,P_Pluton__6_Sch_tzen_Kompanie: uzupełnia paliwo o 1,"{""fuel_after"": 2}"
2025-10-01T00:03:56,TOKEN,INFO,P_Pluton__6_Sch_tzen_Kompanie: koniec tury (wydane PE=1),"{""allocated_pe"": 4, ""spent_pe"": 1, ""unused_pe"": 3, ""movement_success"": true, ""movement_attempts"": 1, ""movement_destination"": [39, 0], ""attack_attempted"": false, ""attack_success"": false, ""counterattack"": null, ""damage_dealt"": null, ""damage_taken"": null, ""attacker_remaining"": null, ""defender_remaining"": null, ""resupply_budget"": 4, ""resupply_spent"": 1, ""refueled"": 1, ""combat_restored"": 0, ""remaining_mp"": 4, ""remaining_fuel"": 2, ""combat_value"": 8, ""token_destroyed"": false}"
2025-10-01T00:03:56,TOKEN,INFO,P_Pluton__6_Infanterie_Regiment: start tury (budżet PE=4),"{""allocated_pe"": 4, ""position_q"": 39, ""position_r"": 3, ""move_points"": 5, ""fuel"": 2, ""combat_value"": 8}"
2025-10-01T00:03:56,TOKEN,INFO,"P_Pluton__6_Infanterie_Regiment: ruch na (40, 3) udany","{""destination_q"": 40, ""destination_r"": 3, ""remaining_mp"": 4, ""remaining_fuel"": 1}"
2025-10-01T00:03:56,TOKEN,DEBUG,P_Pluton__6_Infanterie_Regiment: uzupełnia paliwo o 1,"{""fuel_after"": 2}"
2025-10-01T00:03:56,TOKEN,INFO,P_Pluton__6_Infanterie_Regiment: koniec tury (wydane PE=1),"{""allocated_pe"": 4, ""spent_pe"": 1, ""unused_pe"": 3, ""movement_success"": true, ""movement_attempts"": 1, ""movement_destination"": [40, 3], ""attack_attempted"": false, ""attack_success"": false, ""counterattack"": null, ""damage_dealt"": null, ""damage_taken"": null, ""attacker_remaining"": null, ""defender_remaining"": null, ""resupply_budget"": 4, ""resupply_spent"": 1, ""refueled"": 1, ""combat_restored"": 0, ""remaining_mp"": 4, ""remaining_fuel"": 2, ""combat_value"": 8, ""token_destroyed"": false}"
2025-10-01T00:03:56,TOKEN,INFO,Z_Pluton__6_Unterst_tzungs_Bataillon_20250913214051: start tury (budżet PE=4),"{""allocated_pe"": 4, ""position_q"": 40, ""position_r"": 1, ""move_points"": 8, ""fuel"": 4, ""combat_value"": 4}"
2025-10-01T00:03:56,TOKEN,INFO,"Z_Pluton__6_Unterst_tzungs_Bataillon_20250913214051: ruch na (41, 1) udany","{""destination_q"": 41, ""destination_r"": 1, ""remaining_mp"": 7, ""remaining_fuel"": 3}"
2025-10-01T00:03:56,TOKEN,DEBUG,Z_Pluton__6_Unterst_tzungs_Bataillon_20250913214051: uzupełnia paliwo o 1,"{""fuel_after"": 4}"
2025-10-01T00:03:56,TOKEN,INFO,Z_Pluton__6_Unterst_tzungs_Bataillon_20250913214051: koniec tury (wydane PE=1),"{""allocated_pe"": 4, ""spent_pe"": 1, ""unused_pe"": 3, ""movement_success"": true, ""movement_attempts"": 1, ""movement_destination"": [41, 1], ""attack_attempted"": false, ""attack_success"": false, ""counterattack"": null, ""damage_dealt"": null, ""damage_taken"": null, ""attacker_remaining"": null, ""defender_remaining"": null, ""resupply_budget"": 4, ""resupply_spent"": 1, ""refueled"": 1, ""combat_restored"": 0, ""remaining_mp"": 7, ""remaining_fuel"": 4, ""combat_value"": 4, ""token_destroyed"": false}"
2025-10-01T00:03:56,TOKEN,INFO,P_Batalion__6_Infanterie_Regiment: start tury (budżet PE=4),"{""allocated_pe"": 4, ""position_q"": 39, ""position_r"": 9, ""move_points"": 5, ""fuel"": 2, ""combat_value"": 1}"
2025-10-01T00:03:56,TOKEN,INFO,"P_Batalion__6_Infanterie_Regiment: ruch na (38, 9) udany","{""destination_q"": 38, ""destination_r"": 9, ""remaining_mp"": 4, ""remaining_fuel"": 1}"
2025-10-01T00:03:56,TOKEN,DEBUG,P_Batalion__6_Infanterie_Regiment: uzupełnia paliwo o 1,"{""fuel_after"": 2}"
2025-10-01T00:03:56,TOKEN,DEBUG,P_Batalion__6_Infanterie_Regiment: uzupełnia CV o 3,"{""combat_after"": 4}"
2025-10-01T00:03:56,TOKEN,INFO,P_Batalion__6_Infanterie_Regiment: koniec tury (wydane PE=4),"{""allocated_pe"": 4, ""spent_pe"": 4, ""unused_pe"": 0, ""movement_success"": true, ""movement_attempts"": 1, ""movement_destination"": [38, 9], ""attack_attempted"": false, ""attack_success"": false, ""counterattack"": null, ""damage_dealt"": null, ""damage_taken"": null, ""attacker_remaining"": null, ""defender_remaining"": null, ""resupply_budget"": 4, ""resupply_spent"": 4, ""refueled"": 1, ""combat_restored"": 3, ""remaining_mp"": 4, ""remaining_fuel"": 2, ""combat_value"": 4, ""token_destroyed"": false}"
2025-10-01T00:03:56,TOKEN,INFO,P_Pluton__6_Grenadier_Bataillon: start tury (budżet PE=4),"{""allocated_pe"": 4, ""position_q"": 49, ""position_r"": -12, ""move_points"": 5, ""fuel"": 2, ""combat_value"": 8}"
2025-10-01T00:03:56,TOKEN,INFO,"P_Pluton__6_Grenadier_Bataillon: ruch na (48, -12) udany","{""destination_q"": 48, ""destination_r"": -12, ""remaining_mp"": 4, ""remaining_fuel"": 1}"
2025-10-01T00:03:56,TOKEN,DEBUG,P_Pluton__6_Grenadier_Bataillon: uzupełnia paliwo o 1,"{""fuel_after"": 2}"
2025-10-01T00:03:56,TOKEN,INFO,P_Pluton__6_Grenadier_Bataillon: koniec tury (wydane PE=1),"{""allocated_pe"": 4, ""spent_pe"": 1, ""unused_pe"": 3, ""movement_success"": true, ""movement_attempts"": 1, ""movement_destination"": [48, -12], ""attack_attempted"": false, ""attack_success"": false, ""counterattack"": null, ""damage_dealt"": null, ""damage_taken"": null, ""attacker_remaining"": null, ""defender_remaining"": null, ""resupply_budget"": 4, ""resupply_spent"": 1, ""refueled"": 1, ""combat_restored"": 0, ""remaining_mp"": 4, ""remaining_fuel"": 2, ""combat_value"": 8, ""token_destroyed"": false}"
2025-10-01T00:03:56,TOKEN,INFO,Z_Batalion__6_Versorgungs_Kompanie: start tury (budżet PE=4),"{""allocated_pe"": 4, ""position_q"": 51, ""position_r"": -13, ""move_points"": 6, ""fuel"": 4, ""combat_value"": 7}"
2025-10-01T00:03:56,TOKEN,INFO,"Z_Batalion__6_Versorgungs_Kompanie: ruch na (51, -14) udany","{""destination_q"": 51, ""destination_r"": -14, ""remaining_mp"": 5, ""remaining_fuel"": 3}"
2025-10-01T00:03:56,TOKEN,DEBUG,Z_Batalion__6_Versorgungs_Kompanie: uzupełnia paliwo o 1,"{""fuel_after"": 4}"
2025-10-01T00:03:56,TOKEN,INFO,Z_Batalion__6_Versorgungs_Kompanie: koniec tury (wydane PE=1),"{""allocated_pe"": 4, ""spent_pe"": 1, ""unused_pe"": 3, ""movement_success"": true, ""movement_attempts"": 1, ""movement_destination"": [51, -14], ""attack_attempted"": false, ""attack_success"": false, ""counterattack"": null, ""damage_dealt"": null, ""damage_taken"": null, ""attacker_remaining"": null, ""defender_remaining"": null, ""resupply_budget"": 4, ""resupply_spent"": 1, ""refueled"": 1, ""combat_restored"": 0, ""remaining_mp"": 5, ""remaining_fuel"": 4, ""combat_value"": 7, ""token_destroyed"": false}"
2025-10-01T00:03:56,TOKEN,INFO,Z_Pluton__6_Unterst_tzungs_Bataillon_20250913214048: start tury (budżet PE=4),"{""allocated_pe"": 4, ""position_q"": 49, ""position_r"": -10, ""move_points"": 8, ""fuel"": 4, ""combat_value"": 4}"
2025-10-01T00:03:56,TOKEN,INFO,"Z_Pluton__6_Unterst_tzungs_Bataillon_20250913214048: ruch na (48, -10) udany","{""destination_q"": 48, ""destination_r"": -10, ""remaining_mp"": 7, ""remaining_fuel"": 3}"
2025-10-01T00:03:56,TOKEN,DEBUG,Z_Pluton__6_Unterst_tzungs_Bataillon_20250913214048: uzupełnia paliwo o 1,"{""fuel_after"": 4}"
2025-10-01T00:03:56,TOKEN,INFO,Z_Pluton__6_Unterst_tzungs_Bataillon_20250913214048: koniec tury (wydane PE=1),"{""allocated_pe"": 4, ""spent_pe"": 1, ""unused_pe"": 3, ""movement_success"": true, ""movement_attempts"": 1, ""movement_destination"": [48, -10], ""attack_attempted"": false, ""attack_success"": false, ""counterattack"": null, ""damage_dealt"": null, ""damage_taken"": null, ""attacker_remaining"": null, ""defender_remaining"": null, ""resupply_budget"": 4, ""resupply_spent"": 1, ""refueled"": 1, ""combat_restored"": 0, ""remaining_mp"": 7, ""remaining_fuel"": 4, ""combat_value"": 4, ""token_destroyed"": false}"
2025-10-01T00:03:56,TOKEN,INFO,P_Kompania__6_Sch_tzen_Kompanie: start tury (budżet PE=4),"{""allocated_pe"": 4, ""position_q"": 49, ""position_r"": -9, ""move_points"": 5, ""fuel"": 2, ""combat_value"": 11}"
2025-10-01T00:03:56,TOKEN,INFO,"P_Kompania__6_Sch_tzen_Kompanie: ruch na (50, -9) udany","{""destination_q"": 50, ""destination_r"": -9, ""remaining_mp"": 4, ""remaining_fuel"": 1}"
2025-10-01T00:03:56,TOKEN,DEBUG,P_Kompania__6_Sch_tzen_Kompanie: uzupełnia paliwo o 1,"{""fuel_after"": 2}"
2025-10-01T00:03:56,TOKEN,INFO,P_Kompania__6_Sch_tzen_Kompanie: koniec tury (wydane PE=1),"{""allocated_pe"": 4, ""spent_pe"": 1, ""unused_pe"": 3, ""movement_success"": true, ""movement_attempts"": 1, ""movement_destination"": [50, -9], ""attack_attempted"": false, ""attack_success"": false, ""counterattack"": null, ""damage_dealt"": null, ""damage_taken"": null, ""attacker_remaining"": null, ""defender_remaining"": null, ""resupply_budget"": 4, ""resupply_spent"": 1, ""refueled"": 1, ""combat_restored"": 0, ""remaining_mp"": 4, ""remaining_fuel"": 2, ""combat_value"": 11, ""token_destroyed"": false}"
2025-10-01T00:03:56,TOKEN,INFO,Z_Pluton__6_Versorgungs_Kompanie: start tury (budżet PE=4),"{""allocated_pe"": 4, ""position_q"": 52, ""position_r"": -12, ""move_points"": 8, ""fuel"": 4, ""combat_value"": 4}"
2025-10-01T00:03:56,TOKEN,INFO,"Z_Pluton__6_Versorgungs_Kompanie: ruch na (53, -13) udany","{""destination_q"": 53, ""destination_r"": -13, ""remaining_mp"": 7, ""remaining_fuel"": 3}"
2025-10-01T00:03:56,TOKEN,DEBUG,Z_Pluton__6_Versorgungs_Kompanie: uzupełnia paliwo o 1,"{""fuel_after"": 4}"
2025-10-01T00:03:56,TOKEN,INFO,Z_Pluton__6_Versorgungs_Kompanie: koniec tury (wydane PE=1),"{""allocated_pe"": 4, ""spent_pe"": 1, ""unused_pe"": 3, ""movement_success"": true, ""movement_attempts"": 1, ""movement_destination"": [53, -13], ""attack_attempted"": false, ""attack_success"": false, ""counterattack"": null, ""damage_dealt"": null, ""damage_taken"": null, ""attacker_remaining"": null, ""defender_remaining"": null, ""resupply_budget"": 4, ""resupply_spent"": 1, ""refueled"": 1, ""combat_restored"": 0, ""remaining_mp"": 7, ""remaining_fuel"": 4, ""combat_value"": 4, ""token_destroyed"": false}"
2025-10-01T00:03:56,TOKEN,INFO,Z_Pluton__6_Unterst_tzungs_Bataillon: start tury (budżet PE=4),"{""allocated_pe"": 4, ""position_q"": 51, ""position_r"": -12, ""move_points"": 6, ""fuel"": 4, ""combat_value"": 4}"
2025-10-01T00:03:56,TOKEN,INFO,"Z_Pluton__6_Unterst_tzungs_Bataillon: ruch na (52, -12) udany","{""destination_q"": 52, ""destination_r"": -12, ""remaining_mp"": 5, ""remaining_fuel"": 3}"
2025-10-01T00:03:56,TOKEN,DEBUG,Z_Pluton__6_Unterst_tzungs_Bataillon: uzupełnia paliwo o 1,"{""fuel_after"": 4}"
2025-10-01T00:03:56,TOKEN,INFO,Z_Pluton__6_Unterst_tzungs_Bataillon: koniec tury (wydane PE=1),"{""allocated_pe"": 4, ""spent_pe"": 1, ""unused_pe"": 3, ""movement_success"": true, ""movement_attempts"": 1, ""movement_destination"": [52, -12], ""attack_attempted"": false, ""attack_success"": false, ""counterattack"": null, ""damage_dealt"": null, ""damage_taken"": null, ""attacker_remaining"": null, ""defender_remaining"": null, ""resupply_budget"": 4, ""resupply_spent"": 1, ""refueled"": 1, ""combat_restored"": 0, ""remaining_mp"": 5, ""remaining_fuel"": 4, ""combat_value"": 4, ""token_destroyed"": false}"
2025-10-01T00:03:57,TOKEN,INFO,TL_Kompania__2_Batalion_Pancerny: start tury (budżet PE=4),"{""allocated_pe"": 4, ""position_q"": 26, ""position_r"": -10, ""move_points"": 4, ""fuel"": 3, ""combat_value"": 14}"
2025-10-01T00:03:57,TOKEN,INFO,"TL_Kompania__2_Batalion_Pancerny: ruch na (27, -11) udany","{""destination_q"": 27, ""destination_r"": -11, ""remaining_mp"": 3, ""remaining_fuel"": 2}"
2025-10-01T00:03:57,TOKEN,DEBUG,TL_Kompania__2_Batalion_Pancerny: uzupełnia paliwo o 1,"{""fuel_after"": 3}"
2025-10-01T00:03:57,TOKEN,INFO,TL_Kompania__2_Batalion_Pancerny: koniec tury (wydane PE=1),"{""allocated_pe"": 4, ""spent_pe"": 1, ""unused_pe"": 3, ""movement_success"": true, ""movement_attempts"": 1, ""movement_destination"": [27, -11], ""attack_attempted"": false, ""attack_success"": false, ""counterattack"": null, ""damage_dealt"": null, ""damage_taken"": null, ""attacker_remaining"": null, ""defender_remaining"": null, ""resupply_budget"": 4, ""resupply_spent"": 1, ""refueled"": 1, ""combat_restored"": 0, ""remaining_mp"": 3, ""remaining_fuel"": 3, ""combat_value"": 14, ""token_destroyed"": false}"
2025-10-01T00:03:57,TOKEN,INFO,P_Batalion__2_Batalion_Strzelc_w: start tury (budżet PE=4),"{""allocated_pe"": 4, ""position_q"": 27, ""position_r"": -9, ""move_points"": 2, ""fuel"": 2, ""combat_value"": 14}"
2025-10-01T00:03:57,TOKEN,INFO,"P_Batalion__2_Batalion_Strzelc_w: ruch na (28, -9) udany","{""destination_q"": 28, ""destination_r"": -9, ""remaining_mp"": 1, ""remaining_fuel"": 1}"
2025-10-01T00:03:57,TOKEN,DEBUG,P_Batalion__2_Batalion_Strzelc_w: uzupełnia paliwo o 1,"{""fuel_after"": 2}"
2025-10-01T00:03:57,TOKEN,INFO,P_Batalion__2_Batalion_Strzelc_w: koniec tury (wydane PE=1),"{""allocated_pe"": 4, ""spent_pe"": 1, ""unused_pe"": 3, ""movement_success"": true, ""movement_attempts"": 1, ""movement_destination"": [28, -9], ""attack_attempted"": false, ""attack_success"": false, ""counterattack"": null, ""damage_dealt"": null, ""damage_taken"": null, ""attacker_remaining"": null, ""defender_remaining"": null, ""resupply_budget"": 4, ""resupply_spent"": 1, ""refueled"": 1, ""combat_restored"": 0, ""remaining_mp"": 1, ""remaining_fuel"": 2, ""combat_value"": 14, ""token_destroyed"": false}"
2025-10-01T00:03:57,TOKEN,INFO,P_Batalion__2_Batalion_Strzelc_w_20250913214005: start tury (budżet PE=4),"{""allocated_pe"": 4, ""position_q"": 27, ""position_r"": -8, ""move_points"": 7, ""fuel"": 2, ""combat_value"": 14}"
2025-10-01T00:03:57,TOKEN,INFO,"P_Batalion__2_Batalion_Strzelc_w_20250913214005: ruch na (27, -9) udany","{""destination_q"": 27, ""destination_r"": -9, ""remaining_mp"": 6, ""remaining_fuel"": 1}"
2025-10-01T00:03:57,TOKEN,DEBUG,P_Batalion__2_Batalion_Strzelc_w_20250913214005: uzupełnia paliwo o 1,"{""fuel_after"": 2}"
2025-10-01T00:03:57,TOKEN,INFO,P_Batalion__2_Batalion_Strzelc_w_20250913214005: koniec tury (wydane PE=1),"{""allocated_pe"": 4, ""spent_pe"": 1, ""unused_pe"": 3, ""movement_success"": true, ""movement_attempts"": 1, ""movement_destination"": [27, -9], ""attack_attempted"": false, ""attack_success"": false, ""counterattack"": null, ""damage_dealt"": null, ""damage_taken"": null, ""attacker_remaining"": null, ""defender_remaining"": null, ""resupply_budget"": 4, ""resupply_spent"": 1, ""refueled"": 1, ""combat_restored"": 0, ""remaining_mp"": 6, ""remaining_fuel"": 2, ""combat_value"": 14, ""token_destroyed"": false}"
2025-10-01T00:03:57,TOKEN,INFO,P_Pluton__2_Kompania_Grenadier_w: start tury (budżet PE=4),"{""allocated_pe"": 4, ""position_q"": 27, ""position_r"": 5, ""move_points"": 2, ""fuel"": 2, ""combat_value"": 8}"
2025-10-01T00:03:57,TOKEN,INFO,"P_Pluton__2_Kompania_Grenadier_w: ruch na (28, 5) udany","{""destination_q"": 28, ""destination_r"": 5, ""remaining_mp"": 1, ""remaining_fuel"": 1}"
2025-10-01T00:03:57,TOKEN,DEBUG,P_Pluton__2_Kompania_Grenadier_w: uzupełnia paliwo o 1,"{""fuel_after"": 2}"
2025-10-01T00:03:57,TOKEN,INFO,P_Pluton__2_Kompania_Grenadier_w: koniec tury (wydane PE=1),"{""allocated_pe"": 4, ""spent_pe"": 1, ""unused_pe"": 3, ""movement_success"": true, ""movement_attempts"": 1, ""movement_destination"": [28, 5], ""attack_attempted"": false, ""attack_success"": false, ""counterattack"": null, ""damage_dealt"": null, ""damage_taken"": null, ""attacker_remaining"": null, ""defender_remaining"": null, ""resupply_budget"": 4, ""resupply_spent"": 1, ""refueled"": 1, ""combat_restored"": 0, ""remaining_mp"": 1, ""remaining_fuel"": 2, ""combat_value"": 8, ""token_destroyed"": false}"
2025-10-01T00:03:57,TOKEN,INFO,Z_Pluton__2_Batalion_Wsparcia: start tury (budżet PE=4),"{""allocated_pe"": 4, ""position_q"": 27, ""position_r"": 2, ""move_points"": 5, ""fuel"": 4, ""combat_value"": 4}"
2025-10-01T00:03:57,TOKEN,INFO,"Z_Pluton__2_Batalion_Wsparcia: ruch na (28, 2) udany","{""destination_q"": 28, ""destination_r"": 2, ""remaining_mp"": 4, ""remaining_fuel"": 3}"
2025-10-01T00:03:57,TOKEN,DEBUG,Z_Pluton__2_Batalion_Wsparcia: uzupełnia paliwo o 1,"{""fuel_after"": 4}"
2025-10-01T00:03:57,TOKEN,INFO,Z_Pluton__2_Batalion_Wsparcia: koniec tury (wydane PE=1),"{""allocated_pe"": 4, ""spent_pe"": 1, ""unused_pe"": 3, ""movement_success"": true, ""movement_attempts"": 1, ""movement_destination"": [28, 2], ""attack_attempted"": false, ""attack_success"": false, ""counterattack"": null, ""damage_dealt"": null, ""damage_taken"": null, ""attacker_remaining"": null, ""defender_remaining"": null, ""resupply_budget"": 4, ""resupply_spent"": 1, ""refueled"": 1, ""combat_restored"": 0, ""remaining_mp"": 4, ""remaining_fuel"": 4, ""combat_value"": 4, ""token_destroyed"": false}"
2025-10-01T00:03:57,TOKEN,INFO,P_Kompania__2_Pu_k_Piechoty: start tury (budżet PE=4),"{""allocated_pe"": 4, ""position_q"": 30, ""position_r"": 1, ""move_points"": 2, ""fuel"": 2, ""combat_value"": 11}"
2025-10-01T00:03:57,TOKEN,INFO,"P_Kompania__2_Pu_k_Piechoty: ruch na (31, 0) udany","{""destination_q"": 31, ""destination_r"": 0, ""remaining_mp"": 1, ""remaining_fuel"": 1}"
2025-10-01T00:03:57,TOKEN,DEBUG,P_Kompania__2_Pu_k_Piechoty: uzupełnia paliwo o 1,"{""fuel_after"": 2}"
2025-10-01T00:03:57,TOKEN,INFO,P_Kompania__2_Pu_k_Piechoty: koniec tury (wydane PE=1),"{""allocated_pe"": 4, ""spent_pe"": 1, ""unused_pe"": 3, ""movement_success"": true, ""movement_attempts"": 1, ""movement_destination"": [31, 0], ""attack_attempted"": false, ""attack_success"": false, ""counterattack"": null, ""damage_dealt"": null, ""damage_taken"": null, ""attacker_remaining"": null, ""defender_remaining"": null, ""resupply_budget"": 4, ""resupply_spent"": 1, ""refueled"": 1, ""combat_restored"": 0, ""remaining_mp"": 1, ""remaining_fuel"": 2, ""combat_value"": 11, ""token_destroyed"": false}"
2025-10-01T00:03:57,TOKEN,INFO,Z_Pluton__2_Oddzia_Rozpoznawczy: start tury (budżet PE=4),"{""allocated_pe"": 4, ""position_q"": 29, ""position_r"": 2, ""move_points"": 6, ""fuel"": 4, ""combat_value"": 4}"
2025-10-01T00:03:57,TOKEN,INFO,"Z_Pluton__2_Oddzia_Rozpoznawczy: ruch na (30, 1) udany","{""destination_q"": 30, ""destination_r"": 1, ""remaining_mp"": 5, ""remaining_fuel"": 3}"
2025-10-01T00:03:57,TOKEN,DEBUG,Z_Pluton__2_Oddzia_Rozpoznawczy: uzupełnia paliwo o 1,"{""fuel_after"": 4}"
2025-10-01T00:03:57,TOKEN,INFO,Z_Pluton__2_Oddzia_Rozpoznawczy: koniec tury (wydane PE=1),"{""allocated_pe"": 4, ""spent_pe"": 1, ""unused_pe"": 3, ""movement_success"": true, ""movement_attempts"": 1, ""movement_destination"": [30, 1], ""attack_attempted"": false, ""attack_success"": false, ""counterattack"": null, ""damage_dealt"": null, ""damage_taken"": null, ""attacker_remaining"": null, ""defender_remaining"": null, ""resupply_budget"": 4, ""resupply_spent"": 1, ""refueled"": 1, ""combat_restored"": 0, ""remaining_mp"": 5, ""remaining_fuel"": 4, ""combat_value"": 4, ""token_destroyed"": false}"
2025-10-01T00:03:57,TOKEN,INFO,P_Pluton__2_Kompania_Grenadier_w_20250913214010: start tury (budżet PE=4),"{""allocated_pe"": 4, ""position_q"": 30, ""position_r"": 4, ""move_points"": 2, ""fuel"": 2, ""combat_value"": 8}"
2025-10-01T00:03:57,TOKEN,INFO,"P_Pluton__2_Kompania_Grenadier_w_20250913214010: ruch na (31, 4) udany","{""destination_q"": 31, ""destination_r"": 4, ""remaining_mp"": 1, ""remaining_fuel"": 1}"
2025-10-01T00:03:57,TOKEN,DEBUG,P_Pluton__2_Kompania_Grenadier_w_20250913214010: uzupełnia paliwo o 1,"{""fuel_after"": 2}"
2025-10-01T00:03:57,TOKEN,INFO,P_Pluton__2_Kompania_Grenadier_w_20250913214010: koniec tury (wydane PE=1),"{""allocated_pe"": 4, ""spent_pe"": 1, ""unused_pe"": 3, ""movement_success"": true, ""movement_attempts"": 1, ""movement_destination"": [31, 4], ""attack_attempted"": false, ""attack_success"": false, ""counterattack"": null, ""damage_dealt"": null, ""damage_taken"": null, ""attacker_remaining"": null, ""defender_remaining"": null, ""resupply_budget"": 4, ""resupply_spent"": 1, ""refueled"": 1, ""combat_restored"": 0, ""remaining_mp"": 1, ""remaining_fuel"": 2, ""combat_value"": 8, ""token_destroyed"": false}"
2025-10-01T00:03:57,TOKEN,INFO,Z_Batalion__2_Kompania_Zaopatrzeniowa: start tury (budżet PE=4),"{""allocated_pe"": 4, ""position_q"": 26, ""position_r"": -8, ""move_points"": 6, ""fuel"": 4, ""combat_value"": 7}"
2025-10-01T00:03:57,TOKEN,INFO,"Z_Batalion__2_Kompania_Zaopatrzeniowa: ruch na (27, -8) udany","{""destination_q"": 27, ""destination_r"": -8, ""remaining_mp"": 5, ""remaining_fuel"": 3}"
2025-10-01T00:03:57,TOKEN,DEBUG,Z_Batalion__2_Kompania_Zaopatrzeniowa: uzupełnia paliwo o 1,"{""fuel_after"": 4}"
2025-10-01T00:03:57,TOKEN,INFO,Z_Batalion__2_Kompania_Zaopatrzeniowa: koniec tury (wydane PE=1),"{""allocated_pe"": 4, ""spent_pe"": 1, ""unused_pe"": 3, ""movement_success"": true, ""movement_attempts"": 1, ""movement_destination"": [27, -8], ""attack_attempted"": false, ""attack_success"": false, ""counterattack"": null, ""damage_dealt"": null, ""damage_taken"": null, ""attacker_remaining"": null, ""defender_remaining"": null, ""resupply_budget"": 4, ""resupply_spent"": 1, ""refueled"": 1, ""combat_restored"": 0, ""remaining_mp"": 5, ""remaining_fuel"": 4, ""combat_value"": 7, ""token_destroyed"": false}"
2025-10-01T00:03:57,TOKEN,INFO,D_Pluton__2_Dow_dztwo_Einheit: start tury (budżet PE=4),"{""allocated_pe"": 4, ""position_q"": 17, ""position_r"": -7, ""move_points"": 3, ""fuel"": 3, ""combat_value"": 8}"
2025-10-01T00:03:57,TOKEN,INFO,"D_Pluton__2_Dow_dztwo_Einheit: ruch na (18, -7) udany","{""destination_q"": 18, ""destination_r"": -7, ""remaining_mp"": 2, ""remaining_fuel"": 2}"
2025-10-01T00:03:57,TOKEN,DEBUG,D_Pluton__2_Dow_dztwo_Einheit: uzupełnia paliwo o 1,"{""fuel_after"": 3}"
2025-10-01T00:03:57,TOKEN,INFO,D_Pluton__2_Dow_dztwo_Einheit: koniec tury (wydane PE=1),"{""allocated_pe"": 4, ""spent_pe"": 1, ""unused_pe"": 3, ""movement_success"": true, ""movement_attempts"": 1, ""movement_destination"": [18, -7], ""attack_attempted"": false, ""attack_success"": false, ""counterattack"": null, ""damage_dealt"": null, ""damage_taken"": null, ""attacker_remaining"": null, ""defender_remaining"": null, ""resupply_budget"": 4, ""resupply_spent"": 1, ""refueled"": 1, ""combat_restored"": 0, ""remaining_mp"": 2, ""remaining_fuel"": 3, ""combat_value"": 8, ""token_destroyed"": false}"
2025-10-01T00:03:57,TOKEN,INFO,Z_Pluton__3_Batalion_Wsparcia: start tury (budżet PE=5),"{""allocated_pe"": 5, ""position_q"": 8, ""position_r"": 26, ""move_points"": 7, ""fuel"": 4, ""combat_value"": 4}"
2025-10-01T00:03:57,TOKEN,INFO,"Z_Pluton__3_Batalion_Wsparcia: ruch na (9, 26) udany","{""destination_q"": 9, ""destination_r"": 26, ""remaining_mp"": 6, ""remaining_fuel"": 3}"
2025-10-01T00:03:57,TOKEN,DEBUG,Z_Pluton__3_Batalion_Wsparcia: uzupełnia paliwo o 1,"{""fuel_after"": 4}"
2025-10-01T00:03:57,TOKEN,INFO,Z_Pluton__3_Batalion_Wsparcia: koniec tury (wydane PE=1),"{""allocated_pe"": 5, ""spent_pe"": 1, ""unused_pe"": 4, ""movement_success"": true, ""movement_attempts"": 1, ""movement_destination"": [9, 26], ""attack_attempted"": false, ""attack_success"": false, ""counterattack"": null, ""damage_dealt"": null, ""damage_taken"": null, ""attacker_remaining"": null, ""defender_remaining"": null, ""resupply_budget"": 5, ""resupply_spent"": 1, ""refueled"": 1, ""combat_restored"": 0, ""remaining_mp"": 6, ""remaining_fuel"": 4, ""combat_value"": 4, ""token_destroyed"": false}"
2025-10-01T00:03:57,TOKEN,INFO,Z_Pluton__3_Kompania_Zaopatrzeniowa: start tury (budżet PE=5),"{""allocated_pe"": 5, ""position_q"": 18, ""position_r"": 19, ""move_points"": 5, ""fuel"": 4, ""combat_value"": 4}"
2025-10-01T00:03:57,TOKEN,INFO,"Z_Pluton__3_Kompania_Zaopatrzeniowa: ruch na (19, 19) udany","{""destination_q"": 19, ""destination_r"": 19, ""remaining_mp"": 4, ""remaining_fuel"": 3}"
2025-10-01T00:03:57,TOKEN,DEBUG,Z_Pluton__3_Kompania_Zaopatrzeniowa: uzupełnia paliwo o 1,"{""fuel_after"": 4}"
2025-10-01T00:03:57,TOKEN,INFO,Z_Pluton__3_Kompania_Zaopatrzeniowa: koniec tury (wydane PE=1),"{""allocated_pe"": 5, ""spent_pe"": 1, ""unused_pe"": 4, ""movement_success"": true, ""movement_attempts"": 1, ""movement_destination"": [19, 19], ""attack_attempted"": false, ""attack_success"": false, ""counterattack"": null, ""damage_dealt"": null, ""damage_taken"": null, ""attacker_remaining"": null, ""defender_remaining"": null, ""resupply_budget"": 5, ""resupply_spent"": 1, ""refueled"": 1, ""combat_restored"": 0, ""remaining_mp"": 4, ""remaining_fuel"": 4, ""combat_value"": 4, ""token_destroyed"": false}"
2025-10-01T00:03:57,TOKEN,INFO,Z_Pluton__3_Kompania_Zaopatrzeniowa_20250913214023: start tury (budżet PE=5),"{""allocated_pe"": 5, ""position_q"": 18, ""position_r"": 20, ""move_points"": 7, ""fuel"": 4, ""combat_value"": 4}"
2025-10-01T00:03:57,TOKEN,INFO,"Z_Pluton__3_Kompania_Zaopatrzeniowa_20250913214023: ruch na (19, 20) udany","{""destination_q"": 19, ""destination_r"": 20, ""remaining_mp"": 6, ""remaining_fuel"": 3}"
2025-10-01T00:03:57,TOKEN,DEBUG,Z_Pluton__3_Kompania_Zaopatrzeniowa_20250913214023: uzupełnia paliwo o 1,"{""fuel_after"": 4}"
2025-10-01T00:03:57,TOKEN,INFO,Z_Pluton__3_Kompania_Zaopatrzeniowa_20250913214023: koniec tury (wydane PE=1),"{""allocated_pe"": 5, ""spent_pe"": 1, ""unused_pe"": 4, ""movement_success"": true, ""movement_attempts"": 1, ""movement_destination"": [19, 20], ""attack_attempted"": false, ""attack_success"": false, ""counterattack"": null, ""damage_dealt"": null, ""damage_taken"": null, ""attacker_remaining"": null, ""defender_remaining"": null, ""resupply_budget"": 5, ""resupply_spent"": 1, ""refueled"": 1, ""combat_restored"": 0, ""remaining_mp"": 6, ""remaining_fuel"": 4, ""combat_value"": 4, ""token_destroyed"": false}"
2025-10-01T00:03:57,TOKEN,INFO,P_Kompania__3_Batalion_Strzelc_w: start tury (budżet PE=5),"{""allocated_pe"": 5, ""position_q"": 29, ""position_r"": 9, ""move_points"": 7, ""fuel"": 2, ""combat_value"": 11}"
2025-10-01T00:03:57,TOKEN,INFO,"P_Kompania__3_Batalion_Strzelc_w: ruch na (30, 9) udany","{""destination_q"": 30, ""destination_r"": 9, ""remaining_mp"": 6, ""remaining_fuel"": 1}"
2025-10-01T00:03:57,TOKEN,DEBUG,P_Kompania__3_Batalion_Strzelc_w: uzupełnia paliwo o 1,"{""fuel_after"": 2}"
2025-10-01T00:03:57,TOKEN,INFO,P_Kompania__3_Batalion_Strzelc_w: koniec tury (wydane PE=1),"{""allocated_pe"": 5, ""spent_pe"": 1, ""unused_pe"": 4, ""movement_success"": true, ""movement_attempts"": 1, ""movement_destination"": [30, 9], ""attack_attempted"": false, ""attack_success"": false, ""counterattack"": null, ""damage_dealt"": null, ""damage_taken"": null, ""attacker_remaining"": null, ""defender_remaining"": null, ""resupply_budget"": 5, ""resupply_spent"": 1, ""refueled"": 1, ""combat_restored"": 0, ""remaining_mp"": 6, ""remaining_fuel"": 2, ""combat_value"": 11, ""token_destroyed"": false}"
2025-10-01T00:03:57,TOKEN,INFO,P_Pluton__3_Pu_k_Piechoty: start tury (budżet PE=5),"{""allocated_pe"": 5, ""position_q"": 30, ""position_r"": 10, ""move_points"": 4, ""fuel"": 2, ""combat_value"": 8}"
2025-10-01T00:03:57,TOKEN,INFO,"P_Pluton__3_Pu_k_Piechoty: ruch na (31, 10) udany","{""destination_q"": 31, ""destination_r"": 10, ""remaining_mp"": 3, ""remaining_fuel"": 1}"
2025-10-01T00:03:57,TOKEN,DEBUG,P_Pluton__3_Pu_k_Piechoty: uzupełnia paliwo o 1,"{""fuel_after"": 2}"
2025-10-01T00:03:57,TOKEN,INFO,P_Pluton__3_Pu_k_Piechoty: koniec tury (wydane PE=1),"{""allocated_pe"": 5, ""spent_pe"": 1, ""unused_pe"": 4, ""movement_success"": true, ""movement_attempts"": 1, ""movement_destination"": [31, 10], ""attack_attempted"": false, ""attack_success"": false, ""counterattack"": null, ""damage_dealt"": null, ""damage_taken"": null, ""attacker_remaining"": null, ""defender_remaining"": null, ""resupply_budget"": 5, ""resupply_spent"": 1, ""refueled"": 1, ""combat_restored"": 0, ""remaining_mp"": 3, ""remaining_fuel"": 2, ""combat_value"": 8, ""token_destroyed"": false}"
2025-10-01T00:03:57,TOKEN,INFO,P_Batalion__3_Pu_k_Piechoty: start tury (budżet PE=5),"{""allocated_pe"": 5, ""position_q"": 30, ""position_r"": 11, ""move_points"": 4, ""fuel"": 2, ""combat_value"": 14}"
2025-10-01T00:03:57,TOKEN,INFO,"P_Batalion__3_Pu_k_Piechoty: ruch na (31, 11) udany","{""destination_q"": 31, ""destination_r"": 11, ""remaining_mp"": 3, ""remaining_fuel"": 1}"
2025-10-01T00:03:57,TOKEN,DEBUG,P_Batalion__3_Pu_k_Piechoty: uzupełnia paliwo o 1,"{""fuel_after"": 2}"
2025-10-01T00:03:57,TOKEN,INFO,P_Batalion__3_Pu_k_Piechoty: koniec tury (wydane PE=1),"{""allocated_pe"": 5, ""spent_pe"": 1, ""unused_pe"": 4, ""movement_success"": true, ""movement_attempts"": 1, ""movement_destination"": [31, 11], ""attack_attempted"": false, ""attack_success"": false, ""counterattack"": null, ""damage_dealt"": null, ""damage_taken"": null, ""attacker_remaining"": null, ""defender_remaining"": null, ""resupply_budget"": 5, ""resupply_spent"": 1, ""refueled"": 1, ""combat_restored"": 0, ""remaining_mp"": 3, ""remaining_fuel"": 2, ""combat_value"": 14, ""token_destroyed"": false}"
2025-10-01T00:03:57,TOKEN,INFO,P_Pluton__3_Pu_k_Piechoty_20250913214024: start tury (budżet PE=5),"{""allocated_pe"": 5, ""position_q"": 36, ""position_r"": 10, ""move_points"": 4, ""fuel"": 2, ""combat_value"": 8}"
2025-10-01T00:03:57,TOKEN,INFO,"P_Pluton__3_Pu_k_Piechoty_20250913214024: ruch na (37, 10) udany","{""destination_q"": 37, ""destination_r"": 10, ""remaining_mp"": 3, ""remaining_fuel"": 1}"
2025-10-01T00:03:57,TOKEN,DEBUG,P_Pluton__3_Pu_k_Piechoty_20250913214024: inicjuje atak na P_Batalion__6_Infanterie_Regiment,"{""target_id"": ""P_Batalion__6_Infanterie_Regiment"", ""attack_range"": 2, ""distance"": 1}"
2025-10-01T00:03:57,TOKEN,INFO,P_Pluton__3_Pu_k_Piechoty_20250913214024: kontratak obrońcy,"{""target_id"": ""P_Batalion__6_Infanterie_Regiment"", ""counterattack_damage"": 17, ""attacker_remaining"": 0}"
2025-10-01T00:03:57,TOKEN,INFO,P_Pluton__3_Pu_k_Piechoty_20250913214024: atak na P_Batalion__6_Infanterie_Regiment,"{""result_message"": ""Obrońca przeżył z 1 punktem i cofnął się na (39, 9)!\nAtakujący został zniszczony!"", ""target_id"": ""P_Batalion__6_Infanterie_Regiment"", ""success"": true, ""damage_dealt"": 8, ""damage_taken"": 17, ""counterattack"": true, ""attacker_remaining"": 0, ""defender_remaining"": 1}"
2025-10-01T00:03:57,TOKEN,DEBUG,P_Pluton__3_Pu_k_Piechoty_20250913214024: pominięto uzupełnienia (żeton zniszczony),"{""resupply_budget"": 5}"
2025-10-01T00:03:57,TOKEN,INFO,P_Pluton__3_Pu_k_Piechoty_20250913214024: koniec tury (wydane PE=0),"{""allocated_pe"": 5, ""spent_pe"": 0, ""unused_pe"": 5, ""movement_success"": true, ""movement_attempts"": 1, ""movement_destination"": [37, 10], ""attack_attempted"": true, ""attack_success"": true, ""counterattack"": true, ""damage_dealt"": 8, ""damage_taken"": 17, ""attacker_remaining"": 0, ""defender_remaining"": 1, ""resupply_budget"": 5, ""resupply_spent"": 0, ""refueled"": 0, ""combat_restored"": 0, ""remaining_mp"": 0, ""remaining_fuel"": 1, ""combat_value"": 0, ""token_destroyed"": true}"
2025-10-01T00:03:57,TOKEN,INFO,Z_Kompania__3_Kompania_Zaopatrzeniowa: start tury (budżet PE=5),"{""allocated_pe"": 5, ""position_q"": 35, ""position_r"": 10, ""move_points"": 5, ""fuel"": 4, ""combat_value"": 6}"
2025-10-01T00:03:57,TOKEN,INFO,"Z_Kompania__3_Kompania_Zaopatrzeniowa: ruch na (36, 10) udany","{""destination_q"": 36, ""destination_r"": 10, ""remaining_mp"": 4, ""remaining_fuel"": 3}"
2025-10-01T00:03:57,TOKEN,DEBUG,Z_Kompania__3_Kompania_Zaopatrzeniowa: uzupełnia paliwo o 1,"{""fuel_after"": 4}"
2025-10-01T00:03:57,TOKEN,INFO,Z_Kompania__3_Kompania_Zaopatrzeniowa: koniec tury (wydane PE=1),"{""allocated_pe"": 5, ""spent_pe"": 1, ""unused_pe"": 4, ""movement_success"": true, ""movement_attempts"": 1, ""movement_destination"": [36, 10], ""attack_attempted"": false, ""attack_success"": false, ""counterattack"": null, ""damage_dealt"": null, ""damage_taken"": null, ""attacker_remaining"": null, ""defender_remaining"": null, ""resupply_budget"": 5, ""resupply_spent"": 1, ""refueled"": 1, ""combat_restored"": 0, ""remaining_mp"": 4, ""remaining_fuel"": 4, ""combat_value"": 6, ""token_destroyed"": false}"
2025-10-01T00:03:57,TOKEN,INFO,P_Pluton__3_Kompania_Grenadier_w: start tury (budżet PE=5),"{""allocated_pe"": 5, ""position_q"": 36, ""position_r"": 12, ""move_points"": 4, ""fuel"": 2, ""combat_value"": 8}"
2025-10-01T00:03:57,TOKEN,INFO,"P_Pluton__3_Kompania_Grenadier_w: ruch na (37, 11) udany","{""destination_q"": 37, ""destination_r"": 11, ""remaining_mp"": 3, ""remaining_fuel"": 1}"
2025-10-01T00:03:57,TOKEN,DEBUG,P_Pluton__3_Kompania_Grenadier_w: inicjuje atak na P_Batalion__6_Infanterie_Regiment,"{""target_id"": ""P_Batalion__6_Infanterie_Regiment"", ""attack_range"": 2, ""distance"": 2}"
2025-10-01T00:03:57,TOKEN,INFO,P_Pluton__3_Kompania_Grenadier_w: atak na P_Batalion__6_Infanterie_Regiment,"{""result_message"": ""Obrońca przeżył z 1 punktem i cofnął się na (40, 9)!"", ""target_id"": ""P_Batalion__6_Infanterie_Regiment"", ""success"": true, ""damage_dealt"": 9, ""damage_taken"": 0, ""counterattack"": false, ""attacker_remaining"": 8, ""defender_remaining"": 1}"
2025-10-01T00:03:57,TOKEN,DEBUG,P_Pluton__3_Kompania_Grenadier_w: uzupełnia paliwo o 1,"{""fuel_after"": 2}"
2025-10-01T00:03:57,TOKEN,INFO,P_Pluton__3_Kompania_Grenadier_w: koniec tury (wydane PE=1),"{""allocated_pe"": 5, ""spent_pe"": 1, ""unused_pe"": 4, ""movement_success"": true, ""movement_attempts"": 1, ""movement_destination"": [37, 11], ""attack_attempted"": true, ""attack_success"": true, ""counterattack"": false, ""damage_dealt"": 9, ""damage_taken"": 0, ""attacker_remaining"": 8, ""defender_remaining"": 1, ""resupply_budget"": 5, ""resupply_spent"": 1, ""refueled"": 1, ""combat_restored"": 0, ""remaining_mp"": 0, ""remaining_fuel"": 2, ""combat_value"": 8, ""token_destroyed"": false}"
2025-10-01T00:03:57,TOKEN,INFO,P_Pluton__5_Infanterie_Regiment: start tury (budżet PE=5),"{""allocated_pe"": 5, ""position_q"": 39, ""position_r"": -18, ""move_points"": 6, ""fuel"": 2, ""combat_value"": 8}"
2025-10-01T00:03:57,TOKEN,INFO,"P_Pluton__5_Infanterie_Regiment: ruch na (40, -18) udany","{""destination_q"": 40, ""destination_r"": -18, ""remaining_mp"": 5, ""remaining_fuel"": 1}"
2025-10-01T00:03:57,TOKEN,DEBUG,P_Pluton__5_Infanterie_Regiment: uzupełnia paliwo o 1,"{""fuel_after"": 2}"
2025-10-01T00:03:57,TOKEN,INFO,P_Pluton__5_Infanterie_Regiment: koniec tury (wydane PE=1),"{""allocated_pe"": 5, ""spent_pe"": 1, ""unused_pe"": 4, ""movement_success"": true, ""movement_attempts"": 1, ""movement_destination"": [40, -18], ""attack_attempted"": false, ""attack_success"": false, ""counterattack"": null, ""damage_dealt"": null, ""damage_taken"": null, ""attacker_remaining"": null, ""defender_remaining"": null, ""resupply_budget"": 5, ""resupply_spent"": 1, ""refueled"": 1, ""combat_restored"": 0, ""remaining_mp"": 5, ""remaining_fuel"": 2, ""combat_value"": 8, ""token_destroyed"": false}"
2025-10-01T00:03:57,TOKEN,INFO,P_Kompania__5_Infanterie_Regiment: start tury (budżet PE=5),"{""allocated_pe"": 5, ""position_q"": 38, ""position_r"": -18, ""move_points"": 4, ""fuel"": 2, ""combat_value"": 11}"
2025-10-01T00:03:57,TOKEN,INFO,"P_Kompania__5_Infanterie_Regiment: ruch na (39, -18) udany","{""destination_q"": 39, ""destination_r"": -18, ""remaining_mp"": 3, ""remaining_fuel"": 1}"
2025-10-01T00:03:57,TOKEN,DEBUG,P_Kompania__5_Infanterie_Regiment: uzupełnia paliwo o 1,"{""fuel_after"": 2}"
2025-10-01T00:03:57,TOKEN,INFO,P_Kompania__5_Infanterie_Regiment: koniec tury (wydane PE=1),"{""allocated_pe"": 5, ""spent_pe"": 1, ""unused_pe"": 4, ""movement_success"": true, ""movement_attempts"": 1, ""movement_destination"": [39, -18], ""attack_attempted"": false, ""attack_success"": false, ""counterattack"": null, ""damage_dealt"": null, ""damage_taken"": null, ""attacker_remaining"": null, ""defender_remaining"": null, ""resupply_budget"": 5, ""resupply_spent"": 1, ""refueled"": 1, ""combat_restored"": 0, ""remaining_mp"": 3, ""remaining_fuel"": 2, ""combat_value"": 11, ""token_destroyed"": false}"
2025-10-01T00:03:57,TOKEN,INFO,P_Pluton__5_Sch_tzen_Kompanie: start tury (budżet PE=5),"{""allocated_pe"": 5, ""position_q"": 39, ""position_r"": -15, ""move_points"": 5, ""fuel"": 2, ""combat_value"": 8}"
2025-10-01T00:03:57,TOKEN,INFO,"P_Pluton__5_Sch_tzen_Kompanie: ruch na (40, -15) udany","{""destination_q"": 40, ""destination_r"": -15, ""remaining_mp"": 4, ""remaining_fuel"": 1}"
2025-10-01T00:03:57,TOKEN,DEBUG,P_Pluton__5_Sch_tzen_Kompanie: uzupełnia paliwo o 1,"{""fuel_after"": 2}"
2025-10-01T00:03:57,TOKEN,INFO,P_Pluton__5_Sch_tzen_Kompanie: koniec tury (wydane PE=1),"{""allocated_pe"": 5, ""spent_pe"": 1, ""unused_pe"": 4, ""movement_success"": true, ""movement_attempts"": 1, ""movement_destination"": [40, -15], ""attack_attempted"": false, ""attack_success"": false, ""counterattack"": null, ""damage_dealt"": null, ""damage_taken"": null, ""attacker_remaining"": null, ""defender_remaining"": null, ""resupply_budget"": 5, ""resupply_spent"": 1, ""refueled"": 1, ""combat_restored"": 0, ""remaining_mp"": 4, ""remaining_fuel"": 2, ""combat_value"": 8, ""token_destroyed"": false}"
2025-10-01T00:03:57,TOKEN,INFO,AC_Kompania__5_schwere_Artillerie: start tury (budżet PE=5),"{""allocated_pe"": 5, ""position_q"": 40, ""position_r"": -17, ""move_points"": 5, ""fuel"": 2, ""combat_value"": 11}"
2025-10-01T00:03:57,TOKEN,INFO,"AC_Kompania__5_schwere_Artillerie: ruch na (41, -17) udany","{""destination_q"": 41, ""destination_r"": -17, ""remaining_mp"": 4, ""remaining_fuel"": 1}"
2025-10-01T00:03:57,TOKEN,DEBUG,AC_Kompania__5_schwere_Artillerie: uzupełnia paliwo o 1,"{""fuel_after"": 2}"
2025-10-01T00:03:57,TOKEN,INFO,AC_Kompania__5_schwere_Artillerie: koniec tury (wydane PE=1),"{""allocated_pe"": 5, ""spent_pe"": 1, ""unused_pe"": 4, ""movement_success"": true, ""movement_attempts"": 1, ""movement_destination"": [41, -17], ""attack_attempted"": false, ""attack_success"": false, ""counterattack"": null, ""damage_dealt"": null, ""damage_taken"": null, ""attacker_remaining"": null, ""defender_remaining"": null, ""resupply_budget"": 5, ""resupply_spent"": 1, ""refueled"": 1, ""combat_restored"": 0, ""remaining_mp"": 4, ""remaining_fuel"": 2, ""combat_value"": 11, ""token_destroyed"": false}"
2025-10-01T00:03:57,TOKEN,INFO,AL_Batalion__5_Artillerie_Abteilung: start tury (budżet PE=5),"{""allocated_pe"": 5, ""position_q"": 40, ""position_r"": -16, ""move_points"": 6, ""fuel"": 2, ""combat_value"": 11}"
2025-10-01T00:03:57,TOKEN,INFO,"AL_Batalion__5_Artillerie_Abteilung: ruch na (41, -16) udany","{""destination_q"": 41, ""destination_r"": -16, ""remaining_mp"": 5, ""remaining_fuel"": 1}"
2025-10-01T00:03:57,TOKEN,DEBUG,AL_Batalion__5_Artillerie_Abteilung: uzupełnia paliwo o 1,"{""fuel_after"": 2}"
2025-10-01T00:03:57,TOKEN,INFO,AL_Batalion__5_Artillerie_Abteilung: koniec tury (wydane PE=1),"{""allocated_pe"": 5, ""spent_pe"": 1, ""unused_pe"": 4, ""movement_success"": true, ""movement_attempts"": 1, ""movement_destination"": [41, -16], ""attack_attempted"": false, ""attack_success"": false, ""counterattack"": null, ""damage_dealt"": null, ""damage_taken"": null, ""attacker_remaining"": null, ""defender_remaining"": null, ""resupply_budget"": 5, ""resupply_spent"": 1, ""refueled"": 1, ""combat_restored"": 0, ""remaining_mp"": 5, ""remaining_fuel"": 2, ""combat_value"": 11, ""token_destroyed"": false}"
2025-10-01T00:03:57,TOKEN,INFO,P_Pluton__5_Sch_tzen_Kompanie_20250913214034: start tury (budżet PE=5),"{""allocated_pe"": 5, ""position_q"": 43, ""position_r"": -15, ""move_points"": 2, ""fuel"": 2, ""combat_value"": 8}"
2025-10-01T00:03:57,TOKEN,INFO,"P_Pluton__5_Sch_tzen_Kompanie_20250913214034: ruch na (44, -16) udany","{""destination_q"": 44, ""destination_r"": -16, ""remaining_mp"": 1, ""remaining_fuel"": 1}"
2025-10-01T00:03:57,TOKEN,DEBUG,P_Pluton__5_Sch_tzen_Kompanie_20250913214034: uzupełnia paliwo o 1,"{""fuel_after"": 2}"
2025-10-01T00:03:58,TOKEN,INFO,P_Pluton__5_Sch_tzen_Kompanie_20250913214034: koniec tury (wydane PE=1),"{""allocated_pe"": 5, ""spent_pe"": 1, ""unused_pe"": 4, ""movement_success"": true, ""movement_attempts"": 1, ""movement_destination"": [44, -16], ""attack_attempted"": false, ""attack_success"": false, ""counterattack"": null, ""damage_dealt"": null, ""damage_taken"": null, ""attacker_remaining"": null, ""defender_remaining"": null, ""resupply_budget"": 5, ""resupply_spent"": 1, ""refueled"": 1, ""combat_restored"": 0, ""remaining_mp"": 1, ""remaining_fuel"": 2, ""combat_value"": 8, ""token_destroyed"": false}"
2025-10-01T00:03:58,TOKEN,INFO,Z_Kompania__5_Unterst_tzungs_Bataillon: start tury (budżet PE=5),"{""allocated_pe"": 5, ""position_q"": 45, ""position_r"": -17, ""move_points"": 5, ""fuel"": 4, ""combat_value"": 6}"
2025-10-01T00:03:58,TOKEN,INFO,"Z_Kompania__5_Unterst_tzungs_Bataillon: ruch na (46, -18) udany","{""destination_q"": 46, ""destination_r"": -18, ""remaining_mp"": 4, ""remaining_fuel"": 3}"
2025-10-01T00:03:58,TOKEN,DEBUG,Z_Kompania__5_Unterst_tzungs_Bataillon: uzupełnia paliwo o 1,"{""fuel_after"": 4}"
2025-10-01T00:03:58,TOKEN,INFO,Z_Kompania__5_Unterst_tzungs_Bataillon: koniec tury (wydane PE=1),"{""allocated_pe"": 5, ""spent_pe"": 1, ""unused_pe"": 4, ""movement_success"": true, ""movement_attempts"": 1, ""movement_destination"": [46, -18], ""attack_attempted"": false, ""attack_success"": false, ""counterattack"": null, ""damage_dealt"": null, ""damage_taken"": null, ""attacker_remaining"": null, ""defender_remaining"": null, ""resupply_budget"": 5, ""resupply_spent"": 1, ""refueled"": 1, ""combat_restored"": 0, ""remaining_mp"": 4, ""remaining_fuel"": 4, ""combat_value"": 6, ""token_destroyed"": false}"
2025-10-01T00:03:58,TOKEN,INFO,Z_Pluton__5_Versorgungs_Kompanie: start tury (budżet PE=5),"{""allocated_pe"": 5, ""position_q"": 45, ""position_r"": -15, ""move_points"": 9, ""fuel"": 4, ""combat_value"": 4}"
2025-10-01T00:03:58,TOKEN,INFO,"Z_Pluton__5_Versorgungs_Kompanie: ruch na (46, -15) udany","{""destination_q"": 46, ""destination_r"": -15, ""remaining_mp"": 8, ""remaining_fuel"": 3}"
2025-10-01T00:03:58,TOKEN,DEBUG,Z_Pluton__5_Versorgungs_Kompanie: uzupełnia paliwo o 1,"{""fuel_after"": 4}"
2025-10-01T00:03:58,TOKEN,INFO,Z_Pluton__5_Versorgungs_Kompanie: koniec tury (wydane PE=1),"{""allocated_pe"": 5, ""spent_pe"": 1, ""unused_pe"": 4, ""movement_success"": true, ""movement_attempts"": 1, ""movement_destination"": [46, -15], ""attack_attempted"": false, ""attack_success"": false, ""counterattack"": null, ""damage_dealt"": null, ""damage_taken"": null, ""attacker_remaining"": null, ""defender_remaining"": null, ""resupply_budget"": 5, ""resupply_spent"": 1, ""refueled"": 1, ""combat_restored"": 0, ""remaining_mp"": 8, ""remaining_fuel"": 4, ""combat_value"": 4, ""token_destroyed"": false}"
2025-10-01T00:03:58,TOKEN,INFO,Z_Pluton__5_Unterst_tzungs_Bataillon: start tury (budżet PE=5),"{""allocated_pe"": 5, ""position_q"": 46, ""position_r"": -17, ""move_points"": 5, ""fuel"": 4, ""combat_value"": 4}"
2025-10-01T00:03:58,TOKEN,INFO,"Z_Pluton__5_Unterst_tzungs_Bataillon: ruch na (47, -17) udany","{""destination_q"": 47, ""destination_r"": -17, ""remaining_mp"": 4, ""remaining_fuel"": 3}"
2025-10-01T00:03:58,TOKEN,DEBUG,Z_Pluton__5_Unterst_tzungs_Bataillon: uzupełnia paliwo o 1,"{""fuel_after"": 4}"
2025-10-01T00:03:58,TOKEN,INFO,Z_Pluton__5_Unterst_tzungs_Bataillon: koniec tury (wydane PE=1),"{""allocated_pe"": 5, ""spent_pe"": 1, ""unused_pe"": 4, ""movement_success"": true, ""movement_attempts"": 1, ""movement_destination"": [47, -17], ""attack_attempted"": false, ""attack_success"": false, ""counterattack"": null, ""damage_dealt"": null, ""damage_taken"": null, ""attacker_remaining"": null, ""defender_remaining"": null, ""resupply_budget"": 5, ""resupply_spent"": 1, ""refueled"": 1, ""combat_restored"": 0, ""remaining_mp"": 4, ""remaining_fuel"": 4, ""combat_value"": 4, ""token_destroyed"": false}"
2025-10-01T00:03:58,TOKEN,INFO,Z_Pluton__5_Unterst_tzungs_Bataillon_20250913214038: start tury (budżet PE=5),"{""allocated_pe"": 5, ""position_q"": 47, ""position_r"": -15, ""move_points"": 9, ""fuel"": 4, ""combat_value"": 4}"
2025-10-01T00:03:58,TOKEN,INFO,"Z_Pluton__5_Unterst_tzungs_Bataillon_20250913214038: ruch na (48, -15) udany","{""destination_q"": 48, ""destination_r"": -15, ""remaining_mp"": 8, ""remaining_fuel"": 3}"
2025-10-01T00:03:58,TOKEN,DEBUG,Z_Pluton__5_Unterst_tzungs_Bataillon_20250913214038: uzupełnia paliwo o 1,"{""fuel_after"": 4}"
2025-10-01T00:03:58,TOKEN,INFO,Z_Pluton__5_Unterst_tzungs_Bataillon_20250913214038: koniec tury (wydane PE=1),"{""allocated_pe"": 5, ""spent_pe"": 1, ""unused_pe"": 4, ""movement_success"": true, ""movement_attempts"": 1, ""movement_destination"": [48, -15], ""attack_attempted"": false, ""attack_success"": false, ""counterattack"": null, ""damage_dealt"": null, ""damage_taken"": null, ""attacker_remaining"": null, ""defender_remaining"": null, ""resupply_budget"": 5, ""resupply_spent"": 1, ""refueled"": 1, ""combat_restored"": 0, ""remaining_mp"": 8, ""remaining_fuel"": 4, ""combat_value"": 4, ""token_destroyed"": false}"
2025-10-01T00:03:58,TOKEN,INFO,P_Pluton__6_Sch_tzen_Kompanie: start tury (budżet PE=5),"{""allocated_pe"": 5, ""position_q"": 39, ""position_r"": 0, ""move_points"": 5, ""fuel"": 2, ""combat_value"": 8}"
2025-10-01T00:03:58,TOKEN,INFO,"P_Pluton__6_Sch_tzen_Kompanie: ruch na (40, -1) udany","{""destination_q"": 40, ""destination_r"": -1, ""remaining_mp"": 4, ""remaining_fuel"": 1}"
2025-10-01T00:03:58,TOKEN,DEBUG,P_Pluton__6_Sch_tzen_Kompanie: uzupełnia paliwo o 1,"{""fuel_after"": 2}"
2025-10-01T00:03:58,TOKEN,INFO,P_Pluton__6_Sch_tzen_Kompanie: koniec tury (wydane PE=1),"{""allocated_pe"": 5, ""spent_pe"": 1, ""unused_pe"": 4, ""movement_success"": true, ""movement_attempts"": 1, ""movement_destination"": [40, -1], ""attack_attempted"": false, ""attack_success"": false, ""counterattack"": null, ""damage_dealt"": null, ""damage_taken"": null, ""attacker_remaining"": null, ""defender_remaining"": null, ""resupply_budget"": 5, ""resupply_spent"": 1, ""refueled"": 1, ""combat_restored"": 0, ""remaining_mp"": 4, ""remaining_fuel"": 2, ""combat_value"": 8, ""token_destroyed"": false}"
2025-10-01T00:03:58,TOKEN,INFO,P_Pluton__6_Infanterie_Regiment: start tury (budżet PE=5),"{""allocated_pe"": 5, ""position_q"": 40, ""position_r"": 3, ""move_points"": 5, ""fuel"": 2, ""combat_value"": 8}"
2025-10-01T00:03:58,TOKEN,INFO,"P_Pluton__6_Infanterie_Regiment: ruch na (41, 3) udany","{""destination_q"": 41, ""destination_r"": 3, ""remaining_mp"": 4, ""remaining_fuel"": 1}"
2025-10-01T00:03:58,TOKEN,DEBUG,P_Pluton__6_Infanterie_Regiment: uzupełnia paliwo o 1,"{""fuel_after"": 2}"
2025-10-01T00:03:58,TOKEN,INFO,P_Pluton__6_Infanterie_Regiment: koniec tury (wydane PE=1),"{""allocated_pe"": 5, ""spent_pe"": 1, ""unused_pe"": 4, ""movement_success"": true, ""movement_attempts"": 1, ""movement_destination"": [41, 3], ""attack_attempted"": false, ""attack_success"": false, ""counterattack"": null, ""damage_dealt"": null, ""damage_taken"": null, ""attacker_remaining"": null, ""defender_remaining"": null, ""resupply_budget"": 5, ""resupply_spent"": 1, ""refueled"": 1, ""combat_restored"": 0, ""remaining_mp"": 4, ""remaining_fuel"": 2, ""combat_value"": 8, ""token_destroyed"": false}"
2025-10-01T00:03:58,TOKEN,INFO,Z_Pluton__6_Unterst_tzungs_Bataillon_20250913214051: start tury (budżet PE=5),"{""allocated_pe"": 5, ""position_q"": 41, ""position_r"": 1, ""move_points"": 8, ""fuel"": 4, ""combat_value"": 4}"
2025-10-01T00:03:58,TOKEN,INFO,"Z_Pluton__6_Unterst_tzungs_Bataillon_20250913214051: ruch na (42, 1) udany","{""destination_q"": 42, ""destination_r"": 1, ""remaining_mp"": 7, ""remaining_fuel"": 3}"
2025-10-01T00:03:58,TOKEN,DEBUG,Z_Pluton__6_Unterst_tzungs_Bataillon_20250913214051: uzupełnia paliwo o 1,"{""fuel_after"": 4}"
2025-10-01T00:03:58,TOKEN,INFO,Z_Pluton__6_Unterst_tzungs_Bataillon_20250913214051: koniec tury (wydane PE=1),"{""allocated_pe"": 5, ""spent_pe"": 1, ""unused_pe"": 4, ""movement_success"": true, ""movement_attempts"": 1, ""movement_destination"": [42, 1], ""attack_attempted"": false, ""attack_success"": false, ""counterattack"": null, ""damage_dealt"": null, ""damage_taken"": null, ""attacker_remaining"": null, ""defender_remaining"": null, ""resupply_budget"": 5, ""resupply_spent"": 1, ""refueled"": 1, ""combat_restored"": 0, ""remaining_mp"": 7, ""remaining_fuel"": 4, ""combat_value"": 4, ""token_destroyed"": false}"
2025-10-01T00:03:58,TOKEN,INFO,P_Batalion__6_Infanterie_Regiment: start tury (budżet PE=5),"{""allocated_pe"": 5, ""position_q"": 40, ""position_r"": 9, ""move_points"": 5, ""fuel"": 2, ""combat_value"": 1}"
2025-10-01T00:03:58,TOKEN,INFO,"P_Batalion__6_Infanterie_Regiment: ruch na (39, 9) udany","{""destination_q"": 39, ""destination_r"": 9, ""remaining_mp"": 4, ""remaining_fuel"": 1}"
2025-10-01T00:03:58,TOKEN,DEBUG,P_Batalion__6_Infanterie_Regiment: uzupełnia paliwo o 1,"{""fuel_after"": 2}"
2025-10-01T00:03:58,TOKEN,DEBUG,P_Batalion__6_Infanterie_Regiment: uzupełnia CV o 4,"{""combat_after"": 5}"
2025-10-01T00:03:58,TOKEN,INFO,P_Batalion__6_Infanterie_Regiment: koniec tury (wydane PE=5),"{""allocated_pe"": 5, ""spent_pe"": 5, ""unused_pe"": 0, ""movement_success"": true, ""movement_attempts"": 1, ""movement_destination"": [39, 9], ""attack_attempted"": false, ""attack_success"": false, ""counterattack"": null, ""damage_dealt"": null, ""damage_taken"": null, ""attacker_remaining"": null, ""defender_remaining"": null, ""resupply_budget"": 5, ""resupply_spent"": 5, ""refueled"": 1, ""combat_restored"": 4, ""remaining_mp"": 4, ""remaining_fuel"": 2, ""combat_value"": 5, ""token_destroyed"": false}"
2025-10-01T00:03:58,TOKEN,INFO,P_Pluton__6_Grenadier_Bataillon: start tury (budżet PE=5),"{""allocated_pe"": 5, ""position_q"": 48, ""position_r"": -12, ""move_points"": 5, ""fuel"": 2, ""combat_value"": 8}"
2025-10-01T00:03:58,TOKEN,INFO,"P_Pluton__6_Grenadier_Bataillon: ruch na (49, -12) udany","{""destination_q"": 49, ""destination_r"": -12, ""remaining_mp"": 4, ""remaining_fuel"": 1}"
2025-10-01T00:03:58,TOKEN,DEBUG,P_Pluton__6_Grenadier_Bataillon: uzupełnia paliwo o 1,"{""fuel_after"": 2}"
2025-10-01T00:03:58,TOKEN,INFO,P_Pluton__6_Grenadier_Bataillon: koniec tury (wydane PE=1),"{""allocated_pe"": 5, ""spent_pe"": 1, ""unused_pe"": 4, ""movement_success"": true, ""movement_attempts"": 1, ""movement_destination"": [49, -12], ""attack_attempted"": false, ""attack_success"": false, ""counterattack"": null, ""damage_dealt"": null, ""damage_taken"": null, ""attacker_remaining"": null, ""defender_remaining"": null, ""resupply_budget"": 5, ""resupply_spent"": 1, ""refueled"": 1, ""combat_restored"": 0, ""remaining_mp"": 4, ""remaining_fuel"": 2, ""combat_value"": 8, ""token_destroyed"": false}"
2025-10-01T00:03:58,TOKEN,INFO,Z_Batalion__6_Versorgungs_Kompanie: start tury (budżet PE=5),"{""allocated_pe"": 5, ""position_q"": 51, ""position_r"": -14, ""move_points"": 6, ""fuel"": 4, ""combat_value"": 7}"
2025-10-01T00:03:58,TOKEN,INFO,"Z_Batalion__6_Versorgungs_Kompanie: ruch na (52, -15) udany","{""destination_q"": 52, ""destination_r"": -15, ""remaining_mp"": 5, ""remaining_fuel"": 3}"
2025-10-01T00:03:58,TOKEN,DEBUG,Z_Batalion__6_Versorgungs_Kompanie: uzupełnia paliwo o 1,"{""fuel_after"": 4}"
2025-10-01T00:03:58,TOKEN,INFO,Z_Batalion__6_Versorgungs_Kompanie: koniec tury (wydane PE=1),"{""allocated_pe"": 5, ""spent_pe"": 1, ""unused_pe"": 4, ""movement_success"": true, ""movement_attempts"": 1, ""movement_destination"": [52, -15], ""attack_attempted"": false, ""attack_success"": false, ""counterattack"": null, ""damage_dealt"": null, ""damage_taken"": null, ""attacker_remaining"": null, ""defender_remaining"": null, ""resupply_budget"": 5, ""resupply_spent"": 1, ""refueled"": 1, ""combat_restored"": 0, ""remaining_mp"": 5, ""remaining_fuel"": 4, ""combat_value"": 7, ""token_destroyed"": false}"
2025-10-01T00:03:58,TOKEN,INFO,Z_Pluton__6_Unterst_tzungs_Bataillon_20250913214048: start tury (budżet PE=5),"{""allocated_pe"": 5, ""position_q"": 48, ""position_r"": -10, ""move_points"": 8, ""fuel"": 4, ""combat_value"": 4}"
2025-10-01T00:03:58,TOKEN,INFO,"Z_Pluton__6_Unterst_tzungs_Bataillon_20250913214048: ruch na (49, -10) udany","{""destination_q"": 49, ""destination_r"": -10, ""remaining_mp"": 7, ""remaining_fuel"": 3}"
2025-10-01T00:03:58,TOKEN,DEBUG,Z_Pluton__6_Unterst_tzungs_Bataillon_20250913214048: uzupełnia paliwo o 1,"{""fuel_after"": 4}"
2025-10-01T00:03:58,TOKEN,INFO,Z_Pluton__6_Unterst_tzungs_Bataillon_20250913214048: koniec tury (wydane PE=1),"{""allocated_pe"": 5, ""spent_pe"": 1, ""unused_pe"": 4, ""movement_success"": true, ""movement_attempts"": 1, ""movement_destination"": [49, -10], ""attack_attempted"": false, ""attack_success"": false, ""counterattack"": null, ""damage_dealt"": null, ""damage_taken"": null, ""attacker_remaining"": null, ""defender_remaining"": null, ""resupply_budget"": 5, ""resupply_spent"": 1, ""refueled"": 1, ""combat_restored"": 0, ""remaining_mp"": 7, ""remaining_fuel"": 4, ""combat_value"": 4, ""token_destroyed"": false}"
2025-10-01T00:03:58,TOKEN,INFO,P_Kompania__6_Sch_tzen_Kompanie: start tury (budżet PE=5),"{""allocated_pe"": 5, ""position_q"": 50, ""position_r"": -9, ""move_points"": 5, ""fuel"": 2, ""combat_value"": 11}"
2025-10-01T00:03:58,TOKEN,INFO,"P_Kompania__6_Sch_tzen_Kompanie: ruch na (51, -9) udany","{""destination_q"": 51, ""destination_r"": -9, ""remaining_mp"": 4, ""remaining_fuel"": 1}"
2025-10-01T00:03:58,TOKEN,DEBUG,P_Kompania__6_Sch_tzen_Kompanie: uzupełnia paliwo o 1,"{""fuel_after"": 2}"
2025-10-01T00:03:58,TOKEN,INFO,P_Kompania__6_Sch_tzen_Kompanie: koniec tury (wydane PE=1),"{""allocated_pe"": 5, ""spent_pe"": 1, ""unused_pe"": 4, ""movement_success"": true, ""movement_attempts"": 1, ""movement_destination"": [51, -9], ""attack_attempted"": false, ""attack_success"": false, ""counterattack"": null, ""damage_dealt"": null, ""damage_taken"": null, ""attacker_remaining"": null, ""defender_remaining"": null, ""resupply_budget"": 5, ""resupply_spent"": 1, ""refueled"": 1, ""combat_restored"": 0, ""remaining_mp"": 4, ""remaining_fuel"": 2, ""combat_value"": 11, ""token_destroyed"": false}"
2025-10-01T00:03:58,TOKEN,INFO,Z_Pluton__6_Versorgungs_Kompanie: start tury (budżet PE=5),"{""allocated_pe"": 5, ""position_q"": 53, ""position_r"": -13, ""move_points"": 8, ""fuel"": 4, ""combat_value"": 4}"
2025-10-01T00:03:58,TOKEN,INFO,"Z_Pluton__6_Versorgungs_Kompanie: ruch na (54, -13) udany","{""destination_q"": 54, ""destination_r"": -13, ""remaining_mp"": 7, ""remaining_fuel"": 3}"
2025-10-01T00:03:58,TOKEN,DEBUG,Z_Pluton__6_Versorgungs_Kompanie: uzupełnia paliwo o 1,"{""fuel_after"": 4}"
2025-10-01T00:03:58,TOKEN,INFO,Z_Pluton__6_Versorgungs_Kompanie: koniec tury (wydane PE=1),"{""allocated_pe"": 5, ""spent_pe"": 1, ""unused_pe"": 4, ""movement_success"": true, ""movement_attempts"": 1, ""movement_destination"": [54, -13], ""attack_attempted"": false, ""attack_success"": false, ""counterattack"": null, ""damage_dealt"": null, ""damage_taken"": null, ""attacker_remaining"": null, ""defender_remaining"": null, ""resupply_budget"": 5, ""resupply_spent"": 1, ""refueled"": 1, ""combat_restored"": 0, ""remaining_mp"": 7, ""remaining_fuel"": 4, ""combat_value"": 4, ""token_destroyed"": false}"
2025-10-01T00:03:58,TOKEN,INFO,Z_Pluton__6_Unterst_tzungs_Bataillon: start tury (budżet PE=5),"{""allocated_pe"": 5, ""position_q"": 52, ""position_r"": -12, ""move_points"": 6, ""fuel"": 4, ""combat_value"": 4}"
2025-10-01T00:03:58,TOKEN,INFO,"Z_Pluton__6_Unterst_tzungs_Bataillon: ruch na (53, -13) udany","{""destination_q"": 53, ""destination_r"": -13, ""remaining_mp"": 5, ""remaining_fuel"": 3}"
2025-10-01T00:03:58,TOKEN,DEBUG,Z_Pluton__6_Unterst_tzungs_Bataillon: uzupełnia paliwo o 1,"{""fuel_after"": 4}"
2025-10-01T00:03:58,TOKEN,INFO,Z_Pluton__6_Unterst_tzungs_Bataillon: koniec tury (wydane PE=1),"{""allocated_pe"": 5, ""spent_pe"": 1, ""unused_pe"": 4, ""movement_success"": true, ""movement_attempts"": 1, ""movement_destination"": [53, -13], ""attack_attempted"": false, ""attack_success"": false, ""counterattack"": null, ""damage_dealt"": null, ""damage_taken"": null, ""attacker_remaining"": null, ""defender_remaining"": null, ""resupply_budget"": 5, ""resupply_spent"": 1, ""refueled"": 1, ""combat_restored"": 0, ""remaining_mp"": 5, ""remaining_fuel"": 4, ""combat_value"": 4, ""token_destroyed"": false}"
2025-10-01T00:03:58,TOKEN,INFO,TL_Kompania__2_Batalion_Pancerny: start tury (budżet PE=7),"{""allocated_pe"": 7, ""position_q"": 27, ""position_r"": -11, ""move_points"": 4, ""fuel"": 3, ""combat_value"": 14}"
2025-10-01T00:03:58,TOKEN,INFO,"TL_Kompania__2_Batalion_Pancerny: ruch na (28, -11) udany","{""destination_q"": 28, ""destination_r"": -11, ""remaining_mp"": 3, ""remaining_fuel"": 2}"
2025-10-01T00:03:58,TOKEN,DEBUG,TL_Kompania__2_Batalion_Pancerny: uzupełnia paliwo o 1,"{""fuel_after"": 3}"
2025-10-01T00:03:58,TOKEN,INFO,TL_Kompania__2_Batalion_Pancerny: koniec tury (wydane PE=1),"{""allocated_pe"": 7, ""spent_pe"": 1, ""unused_pe"": 6, ""movement_success"": true, ""movement_attempts"": 1, ""movement_destination"": [28, -11], ""attack_attempted"": false, ""attack_success"": false, ""counterattack"": null, ""damage_dealt"": null, ""damage_taken"": null, ""attacker_remaining"": null, ""defender_remaining"": null, ""resupply_budget"": 7, ""resupply_spent"": 1, ""refueled"": 1, ""combat_restored"": 0, ""remaining_mp"": 3, ""remaining_fuel"": 3, ""combat_value"": 14, ""token_destroyed"": false}"
2025-10-01T00:03:58,TOKEN,INFO,P_Batalion__2_Batalion_Strzelc_w: start tury (budżet PE=7),"{""allocated_pe"": 7, ""position_q"": 28, ""position_r"": -9, ""move_points"": 2, ""fuel"": 2, ""combat_value"": 14}"
2025-10-01T00:03:58,TOKEN,INFO,"P_Batalion__2_Batalion_Strzelc_w: ruch na (29, -9) udany","{""destination_q"": 29, ""destination_r"": -9, ""remaining_mp"": 1, ""remaining_fuel"": 1}"
2025-10-01T00:03:58,TOKEN,DEBUG,P_Batalion__2_Batalion_Strzelc_w: uzupełnia paliwo o 1,"{""fuel_after"": 2}"
2025-10-01T00:03:58,TOKEN,INFO,P_Batalion__2_Batalion_Strzelc_w: koniec tury (wydane PE=1),"{""allocated_pe"": 7, ""spent_pe"": 1, ""unused_pe"": 6, ""movement_success"": true, ""movement_attempts"": 1, ""movement_destination"": [29, -9], ""attack_attempted"": false, ""attack_success"": false, ""counterattack"": null, ""damage_dealt"": null, ""damage_taken"": null, ""attacker_remaining"": null, ""defender_remaining"": null, ""resupply_budget"": 7, ""resupply_spent"": 1, ""refueled"": 1, ""combat_restored"": 0, ""remaining_mp"": 1, ""remaining_fuel"": 2, ""combat_value"": 14, ""token_destroyed"": false}"
2025-10-01T00:03:58,TOKEN,INFO,P_Batalion__2_Batalion_Strzelc_w_20250913214005: start tury (budżet PE=7),"{""allocated_pe"": 7, ""position_q"": 27, ""position_r"": -9, ""move_points"": 7, ""fuel"": 2, ""combat_value"": 14}"
2025-10-01T00:03:58,TOKEN,INFO,"P_Batalion__2_Batalion_Strzelc_w_20250913214005: ruch na (28, -9) udany","{""destination_q"": 28, ""destination_r"": -9, ""remaining_mp"": 6, ""remaining_fuel"": 1}"
2025-10-01T00:03:58,TOKEN,DEBUG,P_Batalion__2_Batalion_Strzelc_w_20250913214005: uzupełnia paliwo o 1,"{""fuel_after"": 2}"
2025-10-01T00:03:58,TOKEN,INFO,P_Batalion__2_Batalion_Strzelc_w_20250913214005: koniec tury (wydane PE=1),"{""allocated_pe"": 7, ""spent_pe"": 1, ""unused_pe"": 6, ""movement_success"": true, ""movement_attempts"": 1, ""movement_destination"": [28, -9], ""attack_attempted"": false, ""attack_success"": false, ""counterattack"": null, ""damage_dealt"": null, ""damage_taken"": null, ""attacker_remaining"": null, ""defender_remaining"": null, ""resupply_budget"": 7, ""resupply_spent"": 1, ""refueled"": 1, ""combat_restored"": 0, ""remaining_mp"": 6, ""remaining_fuel"": 2, ""combat_value"": 14, ""token_destroyed"": false}"
2025-10-01T00:03:58,TOKEN,INFO,P_Pluton__2_Kompania_Grenadier_w: start tury (budżet PE=7),"{""allocated_pe"": 7, ""position_q"": 28, ""position_r"": 5, ""move_points"": 2, ""fuel"": 2, ""combat_value"": 8}"
2025-10-01T00:03:58,TOKEN,INFO,"P_Pluton__2_Kompania_Grenadier_w: ruch na (29, 5) udany","{""destination_q"": 29, ""destination_r"": 5, ""remaining_mp"": 1, ""remaining_fuel"": 1}"
2025-10-01T00:03:58,TOKEN,DEBUG,P_Pluton__2_Kompania_Grenadier_w: uzupełnia paliwo o 1,"{""fuel_after"": 2}"
2025-10-01T00:03:58,TOKEN,INFO,P_Pluton__2_Kompania_Grenadier_w: koniec tury (wydane PE=1),"{""allocated_pe"": 7, ""spent_pe"": 1, ""unused_pe"": 6, ""movement_success"": true, ""movement_attempts"": 1, ""movement_destination"": [29, 5], ""attack_attempted"": false, ""attack_success"": false, ""counterattack"": null, ""damage_dealt"": null, ""damage_taken"": null, ""attacker_remaining"": null, ""defender_remaining"": null, ""resupply_budget"": 7, ""resupply_spent"": 1, ""refueled"": 1, ""combat_restored"": 0, ""remaining_mp"": 1, ""remaining_fuel"": 2, ""combat_value"": 8, ""token_destroyed"": false}"
2025-10-01T00:03:58,TOKEN,INFO,Z_Pluton__2_Batalion_Wsparcia: start tury (budżet PE=7),"{""allocated_pe"": 7, ""position_q"": 28, ""position_r"": 2, ""move_points"": 5, ""fuel"": 4, ""combat_value"": 4}"
2025-10-01T00:03:58,TOKEN,INFO,"Z_Pluton__2_Batalion_Wsparcia: ruch na (29, 2) udany","{""destination_q"": 29, ""destination_r"": 2, ""remaining_mp"": 4, ""remaining_fuel"": 3}"
2025-10-01T00:03:58,TOKEN,DEBUG,Z_Pluton__2_Batalion_Wsparcia: uzupełnia paliwo o 1,"{""fuel_after"": 4}"
2025-10-01T00:03:58,TOKEN,INFO,Z_Pluton__2_Batalion_Wsparcia: koniec tury (wydane PE=1),"{""allocated_pe"": 7, ""spent_pe"": 1, ""unused_pe"": 6, ""movement_success"": true, ""movement_attempts"": 1, ""movement_destination"": [29, 2], ""attack_attempted"": false, ""attack_success"": false, ""counterattack"": null, ""damage_dealt"": null, ""damage_taken"": null, ""attacker_remaining"": null, ""defender_remaining"": null, ""resupply_budget"": 7, ""resupply_spent"": 1, ""refueled"": 1, ""combat_restored"": 0, ""remaining_mp"": 4, ""remaining_fuel"": 4, ""combat_value"": 4, ""token_destroyed"": false}"
2025-10-01T00:03:58,TOKEN,INFO,P_Kompania__2_Pu_k_Piechoty: start tury (budżet PE=7),"{""allocated_pe"": 7, ""position_q"": 31, ""position_r"": 0, ""move_points"": 2, ""fuel"": 2, ""combat_value"": 11}"
2025-10-01T00:03:58,TOKEN,INFO,"P_Kompania__2_Pu_k_Piechoty: ruch na (32, -1) udany","{""destination_q"": 32, ""destination_r"": -1, ""remaining_mp"": 1, ""remaining_fuel"": 1}"
2025-10-01T00:03:58,TOKEN,DEBUG,P_Kompania__2_Pu_k_Piechoty: uzupełnia paliwo o 1,"{""fuel_after"": 2}"
2025-10-01T00:03:58,TOKEN,INFO,P_Kompania__2_Pu_k_Piechoty: koniec tury (wydane PE=1),"{""allocated_pe"": 7, ""spent_pe"": 1, ""unused_pe"": 6, ""movement_success"": true, ""movement_attempts"": 1, ""movement_destination"": [32, -1], ""attack_attempted"": false, ""attack_success"": false, ""counterattack"": null, ""damage_dealt"": null, ""damage_taken"": null, ""attacker_remaining"": null, ""defender_remaining"": null, ""resupply_budget"": 7, ""resupply_spent"": 1, ""refueled"": 1, ""combat_restored"": 0, ""remaining_mp"": 1, ""remaining_fuel"": 2, ""combat_value"": 11, ""token_destroyed"": false}"
2025-10-01T00:03:58,TOKEN,INFO,Z_Pluton__2_Oddzia_Rozpoznawczy: start tury (budżet PE=7),"{""allocated_pe"": 7, ""position_q"": 30, ""position_r"": 1, ""move_points"": 6, ""fuel"": 4, ""combat_value"": 4}"
2025-10-01T00:03:58,TOKEN,INFO,"Z_Pluton__2_Oddzia_Rozpoznawczy: ruch na (31, 0) udany","{""destination_q"": 31, ""destination_r"": 0, ""remaining_mp"": 5, ""remaining_fuel"": 3}"
2025-10-01T00:03:58,TOKEN,DEBUG,Z_Pluton__2_Oddzia_Rozpoznawczy: uzupełnia paliwo o 1,"{""fuel_after"": 4}"
2025-10-01T00:03:58,TOKEN,INFO,Z_Pluton__2_Oddzia_Rozpoznawczy: koniec tury (wydane PE=1),"{""allocated_pe"": 7, ""spent_pe"": 1, ""unused_pe"": 6, ""movement_success"": true, ""movement_attempts"": 1, ""movement_destination"": [31, 0], ""attack_attempted"": false, ""attack_success"": false, ""counterattack"": null, ""damage_dealt"": null, ""damage_taken"": null, ""attacker_remaining"": null, ""defender_remaining"": null, ""resupply_budget"": 7, ""resupply_spent"": 1, ""refueled"": 1, ""combat_restored"": 0, ""remaining_mp"": 5, ""remaining_fuel"": 4, ""combat_value"": 4, ""token_destroyed"": false}"
2025-10-01T00:03:58,TOKEN,INFO,P_Pluton__2_Kompania_Grenadier_w_20250913214010: start tury (budżet PE=7),"{""allocated_pe"": 7, ""position_q"": 31, ""position_r"": 4, ""move_points"": 2, ""fuel"": 2, ""combat_value"": 8}"
2025-10-01T00:03:58,TOKEN,INFO,"P_Pluton__2_Kompania_Grenadier_w_20250913214010: ruch na (31, 3) udany","{""destination_q"": 31, ""destination_r"": 3, ""remaining_mp"": 1, ""remaining_fuel"": 1}"
2025-10-01T00:03:58,TOKEN,DEBUG,P_Pluton__2_Kompania_Grenadier_w_20250913214010: uzupełnia paliwo o 1,"{""fuel_after"": 2}"
2025-10-01T00:03:58,TOKEN,INFO,P_Pluton__2_Kompania_Grenadier_w_20250913214010: koniec tury (wydane PE=1),"{""allocated_pe"": 7, ""spent_pe"": 1, ""unused_pe"": 6, ""movement_success"": true, ""movement_attempts"": 1, ""movement_destination"": [31, 3], ""attack_attempted"": false, ""attack_success"": false, ""counterattack"": null, ""damage_dealt"": null, ""damage_taken"": null, ""attacker_remaining"": null, ""defender_remaining"": null, ""resupply_budget"": 7, ""resupply_spent"": 1, ""refueled"": 1, ""combat_restored"": 0, ""remaining_mp"": 1, ""remaining_fuel"": 2, ""combat_value"": 8, ""token_destroyed"": false}"
2025-10-01T00:03:58,TOKEN,INFO,Z_Batalion__2_Kompania_Zaopatrzeniowa: start tury (budżet PE=7),"{""allocated_pe"": 7, ""position_q"": 27, ""position_r"": -8, ""move_points"": 6, ""fuel"": 4, ""combat_value"": 7}"
2025-10-01T00:03:58,TOKEN,INFO,"Z_Batalion__2_Kompania_Zaopatrzeniowa: ruch na (27, -9) udany","{""destination_q"": 27, ""destination_r"": -9, ""remaining_mp"": 5, ""remaining_fuel"": 3}"
2025-10-01T00:03:58,TOKEN,DEBUG,Z_Batalion__2_Kompania_Zaopatrzeniowa: uzupełnia paliwo o 1,"{""fuel_after"": 4}"
2025-10-01T00:03:58,TOKEN,INFO,Z_Batalion__2_Kompania_Zaopatrzeniowa: koniec tury (wydane PE=1),"{""allocated_pe"": 7, ""spent_pe"": 1, ""unused_pe"": 6, ""movement_success"": true, ""movement_attempts"": 1, ""movement_destination"": [27, -9], ""attack_attempted"": false, ""attack_success"": false, ""counterattack"": null, ""damage_dealt"": null, ""damage_taken"": null, ""attacker_remaining"": null, ""defender_remaining"": null, ""resupply_budget"": 7, ""resupply_spent"": 1, ""refueled"": 1, ""combat_restored"": 0, ""remaining_mp"": 5, ""remaining_fuel"": 4, ""combat_value"": 7, ""token_destroyed"": false}"
2025-10-01T00:03:58,TOKEN,INFO,D_Pluton__2_Dow_dztwo_Einheit: start tury (budżet PE=7),"{""allocated_pe"": 7, ""position_q"": 18, ""position_r"": -7, ""move_points"": 3, ""fuel"": 3, ""combat_value"": 8}"
2025-10-01T00:03:58,TOKEN,INFO,"D_Pluton__2_Dow_dztwo_Einheit: ruch na (19, -7) udany","{""destination_q"": 19, ""destination_r"": -7, ""remaining_mp"": 2, ""remaining_fuel"": 2}"
2025-10-01T00:03:58,TOKEN,DEBUG,D_Pluton__2_Dow_dztwo_Einheit: uzupełnia paliwo o 1,"{""fuel_after"": 3}"
2025-10-01T00:03:58,TOKEN,INFO,D_Pluton__2_Dow_dztwo_Einheit: koniec tury (wydane PE=1),"{""allocated_pe"": 7, ""spent_pe"": 1, ""unused_pe"": 6, ""movement_success"": true, ""movement_attempts"": 1, ""movement_destination"": [19, -7], ""attack_attempted"": false, ""attack_success"": false, ""counterattack"": null, ""damage_dealt"": null, ""damage_taken"": null, ""attacker_remaining"": null, ""defender_remaining"": null, ""resupply_budget"": 7, ""resupply_spent"": 1, ""refueled"": 1, ""combat_restored"": 0, ""remaining_mp"": 2, ""remaining_fuel"": 3, ""combat_value"": 8, ""token_destroyed"": false}"
2025-10-01T00:03:59,TOKEN,INFO,Z_Pluton__3_Batalion_Wsparcia: start tury (budżet PE=8),"{""allocated_pe"": 8, ""position_q"": 9, ""position_r"": 26, ""move_points"": 7, ""fuel"": 4, ""combat_value"": 4}"
2025-10-01T00:03:59,TOKEN,INFO,"Z_Pluton__3_Batalion_Wsparcia: ruch na (10, 26) udany","{""destination_q"": 10, ""destination_r"": 26, ""remaining_mp"": 6, ""remaining_fuel"": 3}"
2025-10-01T00:03:59,TOKEN,DEBUG,Z_Pluton__3_Batalion_Wsparcia: uzupełnia paliwo o 1,"{""fuel_after"": 4}"
2025-10-01T00:03:59,TOKEN,INFO,Z_Pluton__3_Batalion_Wsparcia: koniec tury (wydane PE=1),"{""allocated_pe"": 8, ""spent_pe"": 1, ""unused_pe"": 7, ""movement_success"": true, ""movement_attempts"": 1, ""movement_destination"": [10, 26], ""attack_attempted"": false, ""attack_success"": false, ""counterattack"": null, ""damage_dealt"": null, ""damage_taken"": null, ""attacker_remaining"": null, ""defender_remaining"": null, ""resupply_budget"": 8, ""resupply_spent"": 1, ""refueled"": 1, ""combat_restored"": 0, ""remaining_mp"": 6, ""remaining_fuel"": 4, ""combat_value"": 4, ""token_destroyed"": false}"
2025-10-01T00:03:59,TOKEN,INFO,Z_Pluton__3_Kompania_Zaopatrzeniowa: start tury (budżet PE=8),"{""allocated_pe"": 8, ""position_q"": 19, ""position_r"": 19, ""move_points"": 5, ""fuel"": 4, ""combat_value"": 4}"
2025-10-01T00:03:59,TOKEN,INFO,"Z_Pluton__3_Kompania_Zaopatrzeniowa: ruch na (20, 19) udany","{""destination_q"": 20, ""destination_r"": 19, ""remaining_mp"": 4, ""remaining_fuel"": 3}"
2025-10-01T00:03:59,TOKEN,DEBUG,Z_Pluton__3_Kompania_Zaopatrzeniowa: uzupełnia paliwo o 1,"{""fuel_after"": 4}"
2025-10-01T00:03:59,TOKEN,INFO,Z_Pluton__3_Kompania_Zaopatrzeniowa: koniec tury (wydane PE=1),"{""allocated_pe"": 8, ""spent_pe"": 1, ""unused_pe"": 7, ""movement_success"": true, ""movement_attempts"": 1, ""movement_destination"": [20, 19], ""attack_attempted"": false, ""attack_success"": false, ""counterattack"": null, ""damage_dealt"": null, ""damage_taken"": null, ""attacker_remaining"": null, ""defender_remaining"": null, ""resupply_budget"": 8, ""resupply_spent"": 1, ""refueled"": 1, ""combat_restored"": 0, ""remaining_mp"": 4, ""remaining_fuel"": 4, ""combat_value"": 4, ""token_destroyed"": false}"
2025-10-01T00:03:59,TOKEN,INFO,Z_Pluton__3_Kompania_Zaopatrzeniowa_20250913214023: start tury (budżet PE=8),"{""allocated_pe"": 8, ""position_q"": 19, ""position_r"": 20, ""move_points"": 7, ""fuel"": 4, ""combat_value"": 4}"
2025-10-01T00:03:59,TOKEN,INFO,"Z_Pluton__3_Kompania_Zaopatrzeniowa_20250913214023: ruch na (20, 20) udany","{""destination_q"": 20, ""destination_r"": 20, ""remaining_mp"": 6, ""remaining_fuel"": 3}"
2025-10-01T00:03:59,TOKEN,DEBUG,Z_Pluton__3_Kompania_Zaopatrzeniowa_20250913214023: uzupełnia paliwo o 1,"{""fuel_after"": 4}"
2025-10-01T00:03:59,TOKEN,INFO,Z_Pluton__3_Kompania_Zaopatrzeniowa_20250913214023: koniec tury (wydane PE=1),"{""allocated_pe"": 8, ""spent_pe"": 1, ""unused_pe"": 7, ""movement_success"": true, ""movement_attempts"": 1, ""movement_destination"": [20, 20], ""attack_attempted"": false, ""attack_success"": false, ""counterattack"": null, ""damage_dealt"": null, ""damage_taken"": null, ""attacker_remaining"": null, ""defender_remaining"": null, ""resupply_budget"": 8, ""resupply_spent"": 1, ""refueled"": 1, ""combat_restored"": 0, ""remaining_mp"": 6, ""remaining_fuel"": 4, ""combat_value"": 4, ""token_destroyed"": false}"
2025-10-01T00:03:59,TOKEN,INFO,P_Kompania__3_Batalion_Strzelc_w: start tury (budżet PE=8),"{""allocated_pe"": 8, ""position_q"": 30, ""position_r"": 9, ""move_points"": 7, ""fuel"": 2, ""combat_value"": 11}"
2025-10-01T00:03:59,TOKEN,INFO,"P_Kompania__3_Batalion_Strzelc_w: ruch na (31, 9) udany","{""destination_q"": 31, ""destination_r"": 9, ""remaining_mp"": 6, ""remaining_fuel"": 1}"
2025-10-01T00:03:59,TOKEN,DEBUG,P_Kompania__3_Batalion_Strzelc_w: uzupełnia paliwo o 1,"{""fuel_after"": 2}"
2025-10-01T00:03:59,TOKEN,INFO,P_Kompania__3_Batalion_Strzelc_w: koniec tury (wydane PE=1),"{""allocated_pe"": 8, ""spent_pe"": 1, ""unused_pe"": 7, ""movement_success"": true, ""movement_attempts"": 1, ""movement_destination"": [31, 9], ""attack_attempted"": false, ""attack_success"": false, ""counterattack"": null, ""damage_dealt"": null, ""damage_taken"": null, ""attacker_remaining"": null, ""defender_remaining"": null, ""resupply_budget"": 8, ""resupply_spent"": 1, ""refueled"": 1, ""combat_restored"": 0, ""remaining_mp"": 6, ""remaining_fuel"": 2, ""combat_value"": 11, ""token_destroyed"": false}"
2025-10-01T00:03:59,TOKEN,INFO,P_Pluton__3_Pu_k_Piechoty: start tury (budżet PE=8),"{""allocated_pe"": 8, ""position_q"": 31, ""position_r"": 10, ""move_points"": 4, ""fuel"": 2, ""combat_value"": 8}"
2025-10-01T00:03:59,TOKEN,INFO,"P_Pluton__3_Pu_k_Piechoty: ruch na (32, 10) udany","{""destination_q"": 32, ""destination_r"": 10, ""remaining_mp"": 3, ""remaining_fuel"": 1}"
2025-10-01T00:03:59,TOKEN,DEBUG,P_Pluton__3_Pu_k_Piechoty: uzupełnia paliwo o 1,"{""fuel_after"": 2}"
2025-10-01T00:03:59,TOKEN,INFO,P_Pluton__3_Pu_k_Piechoty: koniec tury (wydane PE=1),"{""allocated_pe"": 8, ""spent_pe"": 1, ""unused_pe"": 7, ""movement_success"": true, ""movement_attempts"": 1, ""movement_destination"": [32, 10], ""attack_attempted"": false, ""attack_success"": false, ""counterattack"": null, ""damage_dealt"": null, ""damage_taken"": null, ""attacker_remaining"": null, ""defender_remaining"": null, ""resupply_budget"": 8, ""resupply_spent"": 1, ""refueled"": 1, ""combat_restored"": 0, ""remaining_mp"": 3, ""remaining_fuel"": 2, ""combat_value"": 8, ""token_destroyed"": false}"
2025-10-01T00:03:59,TOKEN,INFO,P_Batalion__3_Pu_k_Piechoty: start tury (budżet PE=8),"{""allocated_pe"": 8, ""position_q"": 31, ""position_r"": 11, ""move_points"": 4, ""fuel"": 2, ""combat_value"": 14}"
2025-10-01T00:03:59,TOKEN,INFO,"P_Batalion__3_Pu_k_Piechoty: ruch na (32, 11) udany","{""destination_q"": 32, ""destination_r"": 11, ""remaining_mp"": 3, ""remaining_fuel"": 1}"
2025-10-01T00:03:59,TOKEN,DEBUG,P_Batalion__3_Pu_k_Piechoty: uzupełnia paliwo o 1,"{""fuel_after"": 2}"
2025-10-01T00:03:59,TOKEN,INFO,P_Batalion__3_Pu_k_Piechoty: koniec tury (wydane PE=1),"{""allocated_pe"": 8, ""spent_pe"": 1, ""unused_pe"": 7, ""movement_success"": true, ""movement_attempts"": 1, ""movement_destination"": [32, 11], ""attack_attempted"": false, ""attack_success"": false, ""counterattack"": null, ""damage_dealt"": null, ""damage_taken"": null, ""attacker_remaining"": null, ""defender_remaining"": null, ""resupply_budget"": 8, ""resupply_spent"": 1, ""refueled"": 1, ""combat_restored"": 0, ""remaining_mp"": 3, ""remaining_fuel"": 2, ""combat_value"": 14, ""token_destroyed"": false}"
2025-10-01T00:03:59,TOKEN,INFO,Z_Kompania__3_Kompania_Zaopatrzeniowa: start tury (budżet PE=8),"{""allocated_pe"": 8, ""position_q"": 36, ""position_r"": 10, ""move_points"": 5, ""fuel"": 4, ""combat_value"": 6}"
2025-10-01T00:03:59,TOKEN,INFO,"Z_Kompania__3_Kompania_Zaopatrzeniowa: ruch na (37, 10) udany","{""destination_q"": 37, ""destination_r"": 10, ""remaining_mp"": 4, ""remaining_fuel"": 3}"
2025-10-01T00:03:59,TOKEN,DEBUG,Z_Kompania__3_Kompania_Zaopatrzeniowa: inicjuje atak na P_Batalion__6_Infanterie_Regiment,"{""target_id"": ""P_Batalion__6_Infanterie_Regiment"", ""attack_range"": 2, ""distance"": 2}"
2025-10-01T00:03:59,TOKEN,INFO,Z_Kompania__3_Kompania_Zaopatrzeniowa: atak na P_Batalion__6_Infanterie_Regiment,"{""result_message"": ""Obrońca został zniszczony!"", ""target_id"": ""P_Batalion__6_Infanterie_Regiment"", ""success"": true, ""damage_dealt"": 7, ""damage_taken"": 0, ""counterattack"": false, ""attacker_remaining"": 6, ""defender_remaining"": 0}"
2025-10-01T00:03:59,TOKEN,DEBUG,Z_Kompania__3_Kompania_Zaopatrzeniowa: uzupełnia paliwo o 1,"{""fuel_after"": 4}"
2025-10-01T00:03:59,TOKEN,INFO,Z_Kompania__3_Kompania_Zaopatrzeniowa: koniec tury (wydane PE=1),"{""allocated_pe"": 8, ""spent_pe"": 1, ""unused_pe"": 7, ""movement_success"": true, ""movement_attempts"": 1, ""movement_destination"": [37, 10], ""attack_attempted"": true, ""attack_success"": true, ""counterattack"": false, ""damage_dealt"": 7, ""damage_taken"": 0, ""attacker_remaining"": 6, ""defender_remaining"": 0, ""resupply_budget"": 8, ""resupply_spent"": 1, ""refueled"": 1, ""combat_restored"": 0, ""remaining_mp"": 0, ""remaining_fuel"": 4, ""combat_value"": 6, ""token_destroyed"": false}"
2025-10-01T00:03:59,TOKEN,INFO,P_Pluton__3_Kompania_Grenadier_w: start tury (budżet PE=8),"{""allocated_pe"": 8, ""position_q"": 37, ""position_r"": 11, ""move_points"": 4, ""fuel"": 2, ""combat_value"": 8}"
2025-10-01T00:03:59,TOKEN,INFO,"P_Pluton__3_Kompania_Grenadier_w: ruch na (38, 11) udany","{""destination_q"": 38, ""destination_r"": 11, ""remaining_mp"": 3, ""remaining_fuel"": 1}"
2025-10-01T00:03:59,TOKEN,DEBUG,P_Pluton__3_Kompania_Grenadier_w: uzupełnia paliwo o 1,"{""fuel_after"": 2}"
2025-10-01T00:03:59,TOKEN,INFO,P_Pluton__3_Kompania_Grenadier_w: koniec tury (wydane PE=1),"{""allocated_pe"": 8, ""spent_pe"": 1, ""unused_pe"": 7, ""movement_success"": true, ""movement_attempts"": 1, ""movement_destination"": [38, 11], ""attack_attempted"": false, ""attack_success"": false, ""counterattack"": null, ""damage_dealt"": null, ""damage_taken"": null, ""attacker_remaining"": null, ""defender_remaining"": null, ""resupply_budget"": 8, ""resupply_spent"": 1, ""refueled"": 1, ""combat_restored"": 0, ""remaining_mp"": 3, ""remaining_fuel"": 2, ""combat_value"": 8, ""token_destroyed"": false}"
2025-10-01T00:03:59,TOKEN,INFO,P_Pluton__5_Infanterie_Regiment: start tury (budżet PE=7),"{""allocated_pe"": 7, ""position_q"": 40, ""position_r"": -18, ""move_points"": 6, ""fuel"": 2, ""combat_value"": 8}"
2025-10-01T00:03:59,TOKEN,INFO,"P_Pluton__5_Infanterie_Regiment: ruch na (41, -18) udany","{""destination_q"": 41, ""destination_r"": -18, ""remaining_mp"": 5, ""remaining_fuel"": 1}"
2025-10-01T00:03:59,TOKEN,DEBUG,P_Pluton__5_Infanterie_Regiment: uzupełnia paliwo o 1,"{""fuel_after"": 2}"
2025-10-01T00:03:59,TOKEN,INFO,P_Pluton__5_Infanterie_Regiment: koniec tury (wydane PE=1),"{""allocated_pe"": 7, ""spent_pe"": 1, ""unused_pe"": 6, ""movement_success"": true, ""movement_attempts"": 1, ""movement_destination"": [41, -18], ""attack_attempted"": false, ""attack_success"": false, ""counterattack"": null, ""damage_dealt"": null, ""damage_taken"": null, ""attacker_remaining"": null, ""defender_remaining"": null, ""resupply_budget"": 7, ""resupply_spent"": 1, ""refueled"": 1, ""combat_restored"": 0, ""remaining_mp"": 5, ""remaining_fuel"": 2, ""combat_value"": 8, ""token_destroyed"": false}"
2025-10-01T00:03:59,TOKEN,INFO,P_Kompania__5_Infanterie_Regiment: start tury (budżet PE=7),"{""allocated_pe"": 7, ""position_q"": 39, ""position_r"": -18, ""move_points"": 4, ""fuel"": 2, ""combat_value"": 11}"
2025-10-01T00:03:59,TOKEN,INFO,"P_Kompania__5_Infanterie_Regiment: ruch na (40, -18) udany","{""destination_q"": 40, ""destination_r"": -18, ""remaining_mp"": 3, ""remaining_fuel"": 1}"
2025-10-01T00:03:59,TOKEN,DEBUG,P_Kompania__5_Infanterie_Regiment: uzupełnia paliwo o 1,"{""fuel_after"": 2}"
2025-10-01T00:03:59,TOKEN,INFO,P_Kompania__5_Infanterie_Regiment: koniec tury (wydane PE=1),"{""allocated_pe"": 7, ""spent_pe"": 1, ""unused_pe"": 6, ""movement_success"": true, ""movement_attempts"": 1, ""movement_destination"": [40, -18], ""attack_attempted"": false, ""attack_success"": false, ""counterattack"": null, ""damage_dealt"": null, ""damage_taken"": null, ""attacker_remaining"": null, ""defender_remaining"": null, ""resupply_budget"": 7, ""resupply_spent"": 1, ""refueled"": 1, ""combat_restored"": 0, ""remaining_mp"": 3, ""remaining_fuel"": 2, ""combat_value"": 11, ""token_destroyed"": false}"
2025-10-01T00:03:59,TOKEN,INFO,P_Pluton__5_Sch_tzen_Kompanie: start tury (budżet PE=7),"{""allocated_pe"": 7, ""position_q"": 40, ""position_r"": -15, ""move_points"": 5, ""fuel"": 2, ""combat_value"": 8}"
2025-10-01T00:03:59,TOKEN,INFO,"P_Pluton__5_Sch_tzen_Kompanie: ruch na (41, -15) udany","{""destination_q"": 41, ""destination_r"": -15, ""remaining_mp"": 4, ""remaining_fuel"": 1}"
2025-10-01T00:03:59,TOKEN,DEBUG,P_Pluton__5_Sch_tzen_Kompanie: uzupełnia paliwo o 1,"{""fuel_after"": 2}"
2025-10-01T00:03:59,TOKEN,INFO,P_Pluton__5_Sch_tzen_Kompanie: koniec tury (wydane PE=1),"{""allocated_pe"": 7, ""spent_pe"": 1, ""unused_pe"": 6, ""movement_success"": true, ""movement_attempts"": 1, ""movement_destination"": [41, -15], ""attack_attempted"": false, ""attack_success"": false, ""counterattack"": null, ""damage_dealt"": null, ""damage_taken"": null, ""attacker_remaining"": null, ""defender_remaining"": null, ""resupply_budget"": 7, ""resupply_spent"": 1, ""refueled"": 1, ""combat_restored"": 0, ""remaining_mp"": 4, ""remaining_fuel"": 2, ""combat_value"": 8, ""token_destroyed"": false}"
2025-10-01T00:03:59,TOKEN,INFO,AC_Kompania__5_schwere_Artillerie: start tury (budżet PE=7),"{""allocated_pe"": 7, ""position_q"": 41, ""position_r"": -17, ""move_points"": 5, ""fuel"": 2, ""combat_value"": 11}"
2025-10-01T00:03:59,TOKEN,INFO,"AC_Kompania__5_schwere_Artillerie: ruch na (42, -17) udany","{""destination_q"": 42, ""destination_r"": -17, ""remaining_mp"": 4, ""remaining_fuel"": 1}"
2025-10-01T00:03:59,TOKEN,DEBUG,AC_Kompania__5_schwere_Artillerie: uzupełnia paliwo o 1,"{""fuel_after"": 2}"
2025-10-01T00:03:59,TOKEN,INFO,AC_Kompania__5_schwere_Artillerie: koniec tury (wydane PE=1),"{""allocated_pe"": 7, ""spent_pe"": 1, ""unused_pe"": 6, ""movement_success"": true, ""movement_attempts"": 1, ""movement_destination"": [42, -17], ""attack_attempted"": false, ""attack_success"": false, ""counterattack"": null, ""damage_dealt"": null, ""damage_taken"": null, ""attacker_remaining"": null, ""defender_remaining"": null, ""resupply_budget"": 7, ""resupply_spent"": 1, ""refueled"": 1, ""combat_restored"": 0, ""remaining_mp"": 4, ""remaining_fuel"": 2, ""combat_value"": 11, ""token_destroyed"": false}"
2025-10-01T00:03:59,TOKEN,INFO,AL_Batalion__5_Artillerie_Abteilung: start tury (budżet PE=7),"{""allocated_pe"": 7, ""position_q"": 41, ""position_r"": -16, ""move_points"": 6, ""fuel"": 2, ""combat_value"": 11}"
2025-10-01T00:03:59,TOKEN,INFO,"AL_Batalion__5_Artillerie_Abteilung: ruch na (42, -16) udany","{""destination_q"": 42, ""destination_r"": -16, ""remaining_mp"": 5, ""remaining_fuel"": 1}"
2025-10-01T00:03:59,TOKEN,DEBUG,AL_Batalion__5_Artillerie_Abteilung: uzupełnia paliwo o 1,"{""fuel_after"": 2}"
2025-10-01T00:03:59,TOKEN,INFO,AL_Batalion__5_Artillerie_Abteilung: koniec tury (wydane PE=1),"{""allocated_pe"": 7, ""spent_pe"": 1, ""unused_pe"": 6, ""movement_success"": true, ""movement_attempts"": 1, ""movement_destination"": [42, -16], ""attack_attempted"": false, ""attack_success"": false, ""counterattack"": null, ""damage_dealt"": null, ""damage_taken"": null, ""attacker_remaining"": null, ""defender_remaining"": null, ""resupply_budget"": 7, ""resupply_spent"": 1, ""refueled"": 1, ""combat_restored"": 0, ""remaining_mp"": 5, ""remaining_fuel"": 2, ""combat_value"": 11, ""token_destroyed"": false}"
2025-10-01T00:03:59,TOKEN,INFO,P_Pluton__5_Sch_tzen_Kompanie_20250913214034: start tury (budżet PE=7),"{""allocated_pe"": 7, ""position_q"": 44, ""position_r"": -16, ""move_points"": 2, ""fuel"": 2, ""combat_value"": 8}"
2025-10-01T00:03:59,TOKEN,INFO,"P_Pluton__5_Sch_tzen_Kompanie_20250913214034: ruch na (45, -16) udany","{""destination_q"": 45, ""destination_r"": -16, ""remaining_mp"": 1, ""remaining_fuel"": 1}"
2025-10-01T00:03:59,TOKEN,DEBUG,P_Pluton__5_Sch_tzen_Kompanie_20250913214034: uzupełnia paliwo o 1,"{""fuel_after"": 2}"
2025-10-01T00:03:59,TOKEN,INFO,P_Pluton__5_Sch_tzen_Kompanie_20250913214034: koniec tury (wydane PE=1),"{""allocated_pe"": 7, ""spent_pe"": 1, ""unused_pe"": 6, ""movement_success"": true, ""movement_attempts"": 1, ""movement_destination"": [45, -16], ""attack_attempted"": false, ""attack_success"": false, ""counterattack"": null, ""damage_dealt"": null, ""damage_taken"": null, ""attacker_remaining"": null, ""defender_remaining"": null, ""resupply_budget"": 7, ""resupply_spent"": 1, ""refueled"": 1, ""combat_restored"": 0, ""remaining_mp"": 1, ""remaining_fuel"": 2, ""combat_value"": 8, ""token_destroyed"": false}"
2025-10-01T00:03:59,TOKEN,INFO,Z_Kompania__5_Unterst_tzungs_Bataillon: start tury (budżet PE=7),"{""allocated_pe"": 7, ""position_q"": 46, ""position_r"": -18, ""move_points"": 5, ""fuel"": 4, ""combat_value"": 6}"
2025-10-01T00:03:59,TOKEN,INFO,"Z_Kompania__5_Unterst_tzungs_Bataillon: ruch na (47, -18) udany","{""destination_q"": 47, ""destination_r"": -18, ""remaining_mp"": 4, ""remaining_fuel"": 3}"
2025-10-01T00:03:59,TOKEN,DEBUG,Z_Kompania__5_Unterst_tzungs_Bataillon: uzupełnia paliwo o 1,"{""fuel_after"": 4}"
2025-10-01T00:03:59,TOKEN,INFO,Z_Kompania__5_Unterst_tzungs_Bataillon: koniec tury (wydane PE=1),"{""allocated_pe"": 7, ""spent_pe"": 1, ""unused_pe"": 6, ""movement_success"": true, ""movement_attempts"": 1, ""movement_destination"": [47, -18], ""attack_attempted"": false, ""attack_success"": false, ""counterattack"": null, ""damage_dealt"": null, ""damage_taken"": null, ""attacker_remaining"": null, ""defender_remaining"": null, ""resupply_budget"": 7, ""resupply_spent"": 1, ""refueled"": 1, ""combat_restored"": 0, ""remaining_mp"": 4, ""remaining_fuel"": 4, ""combat_value"": 6, ""token_destroyed"": false}"
2025-10-01T00:03:59,TOKEN,INFO,Z_Pluton__5_Versorgungs_Kompanie: start tury (budżet PE=7),"{""allocated_pe"": 7, ""position_q"": 46, ""position_r"": -15, ""move_points"": 9, ""fuel"": 4, ""combat_value"": 4}"
2025-10-01T00:03:59,TOKEN,INFO,"Z_Pluton__5_Versorgungs_Kompanie: ruch na (47, -15) udany","{""destination_q"": 47, ""destination_r"": -15, ""remaining_mp"": 8, ""remaining_fuel"": 3}"
2025-10-01T00:03:59,TOKEN,DEBUG,Z_Pluton__5_Versorgungs_Kompanie: uzupełnia paliwo o 1,"{""fuel_after"": 4}"
2025-10-01T00:03:59,TOKEN,INFO,Z_Pluton__5_Versorgungs_Kompanie: koniec tury (wydane PE=1),"{""allocated_pe"": 7, ""spent_pe"": 1, ""unused_pe"": 6, ""movement_success"": true, ""movement_attempts"": 1, ""movement_destination"": [47, -15], ""attack_attempted"": false, ""attack_success"": false, ""counterattack"": null, ""damage_dealt"": null, ""damage_taken"": null, ""attacker_remaining"": null, ""defender_remaining"": null, ""resupply_budget"": 7, ""resupply_spent"": 1, ""refueled"": 1, ""combat_restored"": 0, ""remaining_mp"": 8, ""remaining_fuel"": 4, ""combat_value"": 4, ""token_destroyed"": false}"
2025-10-01T00:03:59,TOKEN,INFO,Z_Pluton__5_Unterst_tzungs_Bataillon: start tury (budżet PE=7),"{""allocated_pe"": 7, ""position_q"": 47, ""position_r"": -17, ""move_points"": 5, ""fuel"": 4, ""combat_value"": 4}"
2025-10-01T00:03:59,TOKEN,INFO,"Z_Pluton__5_Unterst_tzungs_Bataillon: ruch na (48, -17) udany","{""destination_q"": 48, ""destination_r"": -17, ""remaining_mp"": 4, ""remaining_fuel"": 3}"
2025-10-01T00:03:59,TOKEN,DEBUG,Z_Pluton__5_Unterst_tzungs_Bataillon: uzupełnia paliwo o 1,"{""fuel_after"": 4}"
2025-10-01T00:03:59,TOKEN,INFO,Z_Pluton__5_Unterst_tzungs_Bataillon: koniec tury (wydane PE=1),"{""allocated_pe"": 7, ""spent_pe"": 1, ""unused_pe"": 6, ""movement_success"": true, ""movement_attempts"": 1, ""movement_destination"": [48, -17], ""attack_attempted"": false, ""attack_success"": false, ""counterattack"": null, ""damage_dealt"": null, ""damage_taken"": null, ""attacker_remaining"": null, ""defender_remaining"": null, ""resupply_budget"": 7, ""resupply_spent"": 1, ""refueled"": 1, ""combat_restored"": 0, ""remaining_mp"": 4, ""remaining_fuel"": 4, ""combat_value"": 4, ""token_destroyed"": false}"
2025-10-01T00:03:59,TOKEN,INFO,Z_Pluton__5_Unterst_tzungs_Bataillon_20250913214038: start tury (budżet PE=7),"{""allocated_pe"": 7, ""position_q"": 48, ""position_r"": -15, ""move_points"": 9, ""fuel"": 4, ""combat_value"": 4}"
2025-10-01T00:03:59,TOKEN,INFO,"Z_Pluton__5_Unterst_tzungs_Bataillon_20250913214038: ruch na (49, -15) udany","{""destination_q"": 49, ""destination_r"": -15, ""remaining_mp"": 8, ""remaining_fuel"": 3}"
2025-10-01T00:03:59,TOKEN,DEBUG,Z_Pluton__5_Unterst_tzungs_Bataillon_20250913214038: uzupełnia paliwo o 1,"{""fuel_after"": 4}"
2025-10-01T00:03:59,TOKEN,INFO,Z_Pluton__5_Unterst_tzungs_Bataillon_20250913214038: koniec tury (wydane PE=1),"{""allocated_pe"": 7, ""spent_pe"": 1, ""unused_pe"": 6, ""movement_success"": true, ""movement_attempts"": 1, ""movement_destination"": [49, -15], ""attack_attempted"": false, ""attack_success"": false, ""counterattack"": null, ""damage_dealt"": null, ""damage_taken"": null, ""attacker_remaining"": null, ""defender_remaining"": null, ""resupply_budget"": 7, ""resupply_spent"": 1, ""refueled"": 1, ""combat_restored"": 0, ""remaining_mp"": 8, ""remaining_fuel"": 4, ""combat_value"": 4, ""token_destroyed"": false}"
2025-10-01T00:03:59,TOKEN,INFO,P_Pluton__6_Sch_tzen_Kompanie: start tury (budżet PE=7),"{""allocated_pe"": 7, ""position_q"": 40, ""position_r"": -1, ""move_points"": 5, ""fuel"": 2, ""combat_value"": 8}"
2025-10-01T00:03:59,TOKEN,INFO,"P_Pluton__6_Sch_tzen_Kompanie: ruch na (41, -1) udany","{""destination_q"": 41, ""destination_r"": -1, ""remaining_mp"": 4, ""remaining_fuel"": 1}"
2025-10-01T00:03:59,TOKEN,DEBUG,P_Pluton__6_Sch_tzen_Kompanie: uzupełnia paliwo o 1,"{""fuel_after"": 2}"
2025-10-01T00:03:59,TOKEN,INFO,P_Pluton__6_Sch_tzen_Kompanie: koniec tury (wydane PE=1),"{""allocated_pe"": 7, ""spent_pe"": 1, ""unused_pe"": 6, ""movement_success"": true, ""movement_attempts"": 1, ""movement_destination"": [41, -1], ""attack_attempted"": false, ""attack_success"": false, ""counterattack"": null, ""damage_dealt"": null, ""damage_taken"": null, ""attacker_remaining"": null, ""defender_remaining"": null, ""resupply_budget"": 7, ""resupply_spent"": 1, ""refueled"": 1, ""combat_restored"": 0, ""remaining_mp"": 4, ""remaining_fuel"": 2, ""combat_value"": 8, ""token_destroyed"": false}"
2025-10-01T00:03:59,TOKEN,INFO,P_Pluton__6_Infanterie_Regiment: start tury (budżet PE=7),"{""allocated_pe"": 7, ""position_q"": 41, ""position_r"": 3, ""move_points"": 5, ""fuel"": 2, ""combat_value"": 8}"
2025-10-01T00:03:59,TOKEN,INFO,"P_Pluton__6_Infanterie_Regiment: ruch na (42, 3) udany","{""destination_q"": 42, ""destination_r"": 3, ""remaining_mp"": 4, ""remaining_fuel"": 1}"
2025-10-01T00:03:59,TOKEN,DEBUG,P_Pluton__6_Infanterie_Regiment: uzupełnia paliwo o 1,"{""fuel_after"": 2}"
2025-10-01T00:03:59,TOKEN,INFO,P_Pluton__6_Infanterie_Regiment: koniec tury (wydane PE=1),"{""allocated_pe"": 7, ""spent_pe"": 1, ""unused_pe"": 6, ""movement_success"": true, ""movement_attempts"": 1, ""movement_destination"": [42, 3], ""attack_attempted"": false, ""attack_success"": false, ""counterattack"": null, ""damage_dealt"": null, ""damage_taken"": null, ""attacker_remaining"": null, ""defender_remaining"": null, ""resupply_budget"": 7, ""resupply_spent"": 1, ""refueled"": 1, ""combat_restored"": 0, ""remaining_mp"": 4, ""remaining_fuel"": 2, ""combat_value"": 8, ""token_destroyed"": false}"
2025-10-01T00:03:59,TOKEN,INFO,Z_Pluton__6_Unterst_tzungs_Bataillon_20250913214051: start tury (budżet PE=7),"{""allocated_pe"": 7, ""position_q"": 42, ""position_r"": 1, ""move_points"": 8, ""fuel"": 4, ""combat_value"": 4}"
2025-10-01T00:03:59,TOKEN,INFO,"Z_Pluton__6_Unterst_tzungs_Bataillon_20250913214051: ruch na (43, 1) udany","{""destination_q"": 43, ""destination_r"": 1, ""remaining_mp"": 7, ""remaining_fuel"": 3}"
2025-10-01T00:03:59,TOKEN,DEBUG,Z_Pluton__6_Unterst_tzungs_Bataillon_20250913214051: uzupełnia paliwo o 1,"{""fuel_after"": 4}"
2025-10-01T00:03:59,TOKEN,INFO,Z_Pluton__6_Unterst_tzungs_Bataillon_20250913214051: koniec tury (wydane PE=1),"{""allocated_pe"": 7, ""spent_pe"": 1, ""unused_pe"": 6, ""movement_success"": true, ""movement_attempts"": 1, ""movement_destination"": [43, 1], ""attack_attempted"": false, ""attack_success"": false, ""counterattack"": null, ""damage_dealt"": null, ""damage_taken"": null, ""attacker_remaining"": null, ""defender_remaining"": null, ""resupply_budget"": 7, ""resupply_spent"": 1, ""refueled"": 1, ""combat_restored"": 0, ""remaining_mp"": 7, ""remaining_fuel"": 4, ""combat_value"": 4, ""token_destroyed"": false}"
2025-10-01T00:03:59,TOKEN,INFO,P_Pluton__6_Grenadier_Bataillon: start tury (budżet PE=7),"{""allocated_pe"": 7, ""position_q"": 49, ""position_r"": -12, ""move_points"": 5, ""fuel"": 2, ""combat_value"": 8}"
2025-10-01T00:03:59,TOKEN,INFO,"P_Pluton__6_Grenadier_Bataillon: ruch na (48, -12) udany","{""destination_q"": 48, ""destination_r"": -12, ""remaining_mp"": 4, ""remaining_fuel"": 1}"
2025-10-01T00:03:59,TOKEN,DEBUG,P_Pluton__6_Grenadier_Bataillon: uzupełnia paliwo o 1,"{""fuel_after"": 2}"
2025-10-01T00:03:59,TOKEN,INFO,P_Pluton__6_Grenadier_Bataillon: koniec tury (wydane PE=1),"{""allocated_pe"": 7, ""spent_pe"": 1, ""unused_pe"": 6, ""movement_success"": true, ""movement_attempts"": 1, ""movement_destination"": [48, -12], ""attack_attempted"": false, ""attack_success"": false, ""counterattack"": null, ""damage_dealt"": null, ""damage_taken"": null, ""attacker_remaining"": null, ""defender_remaining"": null, ""resupply_budget"": 7, ""resupply_spent"": 1, ""refueled"": 1, ""combat_restored"": 0, ""remaining_mp"": 4, ""remaining_fuel"": 2, ""combat_value"": 8, ""token_destroyed"": false}"
2025-10-01T00:03:59,TOKEN,INFO,Z_Batalion__6_Versorgungs_Kompanie: start tury (budżet PE=7),"{""allocated_pe"": 7, ""position_q"": 52, ""position_r"": -15, ""move_points"": 6, ""fuel"": 4, ""combat_value"": 7}"
2025-10-01T00:03:59,TOKEN,INFO,"Z_Batalion__6_Versorgungs_Kompanie: ruch na (52, -16) udany","{""destination_q"": 52, ""destination_r"": -16, ""remaining_mp"": 5, ""remaining_fuel"": 3}"
2025-10-01T00:03:59,TOKEN,DEBUG,Z_Batalion__6_Versorgungs_Kompanie: uzupełnia paliwo o 1,"{""fuel_after"": 4}"
2025-10-01T00:03:59,TOKEN,INFO,Z_Batalion__6_Versorgungs_Kompanie: koniec tury (wydane PE=1),"{""allocated_pe"": 7, ""spent_pe"": 1, ""unused_pe"": 6, ""movement_success"": true, ""movement_attempts"": 1, ""movement_destination"": [52, -16], ""attack_attempted"": false, ""attack_success"": false, ""counterattack"": null, ""damage_dealt"": null, ""damage_taken"": null, ""attacker_remaining"": null, ""defender_remaining"": null, ""resupply_budget"": 7, ""resupply_spent"": 1, ""refueled"": 1, ""combat_restored"": 0, ""remaining_mp"": 5, ""remaining_fuel"": 4, ""combat_value"": 7, ""token_destroyed"": false}"
2025-10-01T00:03:59,TOKEN,INFO,Z_Pluton__6_Unterst_tzungs_Bataillon_20250913214048: start tury (budżet PE=7),"{""allocated_pe"": 7, ""position_q"": 49, ""position_r"": -10, ""move_points"": 8, ""fuel"": 4, ""combat_value"": 4}"
2025-10-01T00:03:59,TOKEN,INFO,"Z_Pluton__6_Unterst_tzungs_Bataillon_20250913214048: ruch na (48, -10) udany","{""destination_q"": 48, ""destination_r"": -10, ""remaining_mp"": 7, ""remaining_fuel"": 3}"
2025-10-01T00:03:59,TOKEN,DEBUG,Z_Pluton__6_Unterst_tzungs_Bataillon_20250913214048: uzupełnia paliwo o 1,"{""fuel_after"": 4}"
2025-10-01T00:03:59,TOKEN,INFO,Z_Pluton__6_Unterst_tzungs_Bataillon_20250913214048: koniec tury (wydane PE=1),"{""allocated_pe"": 7, ""spent_pe"": 1, ""unused_pe"": 6, ""movement_success"": true, ""movement_attempts"": 1, ""movement_destination"": [48, -10], ""attack_attempted"": false, ""attack_success"": false, ""counterattack"": null, ""damage_dealt"": null, ""damage_taken"": null, ""attacker_remaining"": null, ""defender_remaining"": null, ""resupply_budget"": 7, ""resupply_spent"": 1, ""refueled"": 1, ""combat_restored"": 0, ""remaining_mp"": 7, ""remaining_fuel"": 4, ""combat_value"": 4, ""token_destroyed"": false}"
2025-10-01T00:03:59,TOKEN,INFO,P_Kompania__6_Sch_tzen_Kompanie: start tury (budżet PE=7),"{""allocated_pe"": 7, ""position_q"": 51, ""position_r"": -9, ""move_points"": 5, ""fuel"": 2, ""combat_value"": 11}"
2025-10-01T00:03:59,TOKEN,INFO,"P_Kompania__6_Sch_tzen_Kompanie: ruch na (52, -10) udany","{""destination_q"": 52, ""destination_r"": -10, ""remaining_mp"": 4, ""remaining_fuel"": 1}"
2025-10-01T00:03:59,TOKEN,DEBUG,P_Kompania__6_Sch_tzen_Kompanie: uzupełnia paliwo o 1,"{""fuel_after"": 2}"
2025-10-01T00:03:59,TOKEN,INFO,P_Kompania__6_Sch_tzen_Kompanie: koniec tury (wydane PE=1),"{""allocated_pe"": 7, ""spent_pe"": 1, ""unused_pe"": 6, ""movement_success"": true, ""movement_attempts"": 1, ""movement_destination"": [52, -10], ""attack_attempted"": false, ""attack_success"": false, ""counterattack"": null, ""damage_dealt"": null, ""damage_taken"": null, ""attacker_remaining"": null, ""defender_remaining"": null, ""resupply_budget"": 7, ""resupply_spent"": 1, ""refueled"": 1, ""combat_restored"": 0, ""remaining_mp"": 4, ""remaining_fuel"": 2, ""combat_value"": 11, ""token_destroyed"": false}"
2025-10-01T00:03:59,TOKEN,INFO,Z_Pluton__6_Versorgungs_Kompanie: start tury (budżet PE=7),"{""allocated_pe"": 7, ""position_q"": 54, ""position_r"": -13, ""move_points"": 8, ""fuel"": 4, ""combat_value"": 4}"
2025-10-01T00:03:59,TOKEN,INFO,"Z_Pluton__6_Versorgungs_Kompanie: ruch na (55, -13) udany","{""destination_q"": 55, ""destination_r"": -13, ""remaining_mp"": 7, ""remaining_fuel"": 3}"
2025-10-01T00:03:59,TOKEN,DEBUG,Z_Pluton__6_Versorgungs_Kompanie: uzupełnia paliwo o 1,"{""fuel_after"": 4}"
2025-10-01T00:03:59,TOKEN,INFO,Z_Pluton__6_Versorgungs_Kompanie: koniec tury (wydane PE=1),"{""allocated_pe"": 7, ""spent_pe"": 1, ""unused_pe"": 6, ""movement_success"": true, ""movement_attempts"": 1, ""movement_destination"": [55, -13], ""attack_attempted"": false, ""attack_success"": false, ""counterattack"": null, ""damage_dealt"": null, ""damage_taken"": null, ""attacker_remaining"": null, ""defender_remaining"": null, ""resupply_budget"": 7, ""resupply_spent"": 1, ""refueled"": 1, ""combat_restored"": 0, ""remaining_mp"": 7, ""remaining_fuel"": 4, ""combat_value"": 4, ""token_destroyed"": false}"
2025-10-01T00:03:59,TOKEN,INFO,Z_Pluton__6_Unterst_tzungs_Bataillon: start tury (budżet PE=7),"{""allocated_pe"": 7, ""position_q"": 53, ""position_r"": -13, ""move_points"": 6, ""fuel"": 4, ""combat_value"": 4}"
2025-10-01T00:03:59,TOKEN,INFO,"Z_Pluton__6_Unterst_tzungs_Bataillon: ruch na (54, -13) udany","{""destination_q"": 54, ""destination_r"": -13, ""remaining_mp"": 5, ""remaining_fuel"": 3}"
2025-10-01T00:03:59,TOKEN,DEBUG,Z_Pluton__6_Unterst_tzungs_Bataillon: uzupełnia paliwo o 1,"{""fuel_after"": 4}"
2025-10-01T00:03:59,TOKEN,INFO,Z_Pluton__6_Unterst_tzungs_Bataillon: koniec tury (wydane PE=1),"{""allocated_pe"": 7, ""spent_pe"": 1, ""unused_pe"": 6, ""movement_success"": true, ""movement_attempts"": 1, ""movement_destination"": [54, -13], ""attack_attempted"": false, ""attack_success"": false, ""counterattack"": null, ""damage_dealt"": null, ""damage_taken"": null, ""attacker_remaining"": null, ""defender_remaining"": null, ""resupply_budget"": 7, ""resupply_spent"": 1, ""refueled"": 1, ""combat_restored"": 0, ""remaining_mp"": 5, ""remaining_fuel"": 4, ""combat_value"": 4, ""token_destroyed"": false}"
2025-10-01T00:03:59,TOKEN,INFO,TL_Kompania__2_Batalion_Pancerny: start tury (budżet PE=7),"{""allocated_pe"": 7, ""position_q"": 28, ""position_r"": -11, ""move_points"": 4, ""fuel"": 3, ""combat_value"": 14}"
2025-10-01T00:03:59,TOKEN,INFO,"TL_Kompania__2_Batalion_Pancerny: ruch na (29, -11) udany","{""destination_q"": 29, ""destination_r"": -11, ""remaining_mp"": 3, ""remaining_fuel"": 2}"
2025-10-01T00:03:59,TOKEN,DEBUG,TL_Kompania__2_Batalion_Pancerny: uzupełnia paliwo o 1,"{""fuel_after"": 3}"
2025-10-01T00:03:59,TOKEN,INFO,TL_Kompania__2_Batalion_Pancerny: koniec tury (wydane PE=1),"{""allocated_pe"": 7, ""spent_pe"": 1, ""unused_pe"": 6, ""movement_success"": true, ""movement_attempts"": 1, ""movement_destination"": [29, -11], ""attack_attempted"": false, ""attack_success"": false, ""counterattack"": null, ""damage_dealt"": null, ""damage_taken"": null, ""attacker_remaining"": null, ""defender_remaining"": null, ""resupply_budget"": 7, ""resupply_spent"": 1, ""refueled"": 1, ""combat_restored"": 0, ""remaining_mp"": 3, ""remaining_fuel"": 3, ""combat_value"": 14, ""token_destroyed"": false}"
2025-10-01T00:03:59,TOKEN,INFO,P_Batalion__2_Batalion_Strzelc_w: start tury (budżet PE=7),"{""allocated_pe"": 7, ""position_q"": 29, ""position_r"": -9, ""move_points"": 2, ""fuel"": 2, ""combat_value"": 14}"
2025-10-01T00:03:59,TOKEN,INFO,"P_Batalion__2_Batalion_Strzelc_w: ruch na (30, -10) udany","{""destination_q"": 30, ""destination_r"": -10, ""remaining_mp"": 1, ""remaining_fuel"": 1}"
2025-10-01T00:03:59,TOKEN,DEBUG,P_Batalion__2_Batalion_Strzelc_w: uzupełnia paliwo o 1,"{""fuel_after"": 2}"
2025-10-01T00:03:59,TOKEN,INFO,P_Batalion__2_Batalion_Strzelc_w: koniec tury (wydane PE=1),"{""allocated_pe"": 7, ""spent_pe"": 1, ""unused_pe"": 6, ""movement_success"": true, ""movement_attempts"": 1, ""movement_destination"": [30, -10], ""attack_attempted"": false, ""attack_success"": false, ""counterattack"": null, ""damage_dealt"": null, ""damage_taken"": null, ""attacker_remaining"": null, ""defender_remaining"": null, ""resupply_budget"": 7, ""resupply_spent"": 1, ""refueled"": 1, ""combat_restored"": 0, ""remaining_mp"": 1, ""remaining_fuel"": 2, ""combat_value"": 14, ""token_destroyed"": false}"
2025-10-01T00:03:59,TOKEN,INFO,P_Batalion__2_Batalion_Strzelc_w_20250913214005: start tury (budżet PE=7),"{""allocated_pe"": 7, ""position_q"": 28, ""position_r"": -9, ""move_points"": 7, ""fuel"": 2, ""combat_value"": 14}"
2025-10-01T00:03:59,TOKEN,INFO,"P_Batalion__2_Batalion_Strzelc_w_20250913214005: ruch na (29, -9) udany","{""destination_q"": 29, ""destination_r"": -9, ""remaining_mp"": 6, ""remaining_fuel"": 1}"
2025-10-01T00:03:59,TOKEN,DEBUG,P_Batalion__2_Batalion_Strzelc_w_20250913214005: uzupełnia paliwo o 1,"{""fuel_after"": 2}"
2025-10-01T00:03:59,TOKEN,INFO,P_Batalion__2_Batalion_Strzelc_w_20250913214005: koniec tury (wydane PE=1),"{""allocated_pe"": 7, ""spent_pe"": 1, ""unused_pe"": 6, ""movement_success"": true, ""movement_attempts"": 1, ""movement_destination"": [29, -9], ""attack_attempted"": false, ""attack_success"": false, ""counterattack"": null, ""damage_dealt"": null, ""damage_taken"": null, ""attacker_remaining"": null, ""defender_remaining"": null, ""resupply_budget"": 7, ""resupply_spent"": 1, ""refueled"": 1, ""combat_restored"": 0, ""remaining_mp"": 6, ""remaining_fuel"": 2, ""combat_value"": 14, ""token_destroyed"": false}"
2025-10-01T00:03:59,TOKEN,INFO,P_Pluton__2_Kompania_Grenadier_w: start tury (budżet PE=7),"{""allocated_pe"": 7, ""position_q"": 29, ""position_r"": 5, ""move_points"": 2, ""fuel"": 2, ""combat_value"": 8}"
2025-10-01T00:03:59,TOKEN,INFO,"P_Pluton__2_Kompania_Grenadier_w: ruch na (30, 5) udany","{""destination_q"": 30, ""destination_r"": 5, ""remaining_mp"": 1, ""remaining_fuel"": 1}"
2025-10-01T00:03:59,TOKEN,DEBUG,P_Pluton__2_Kompania_Grenadier_w: uzupełnia paliwo o 1,"{""fuel_after"": 2}"
2025-10-01T00:03:59,TOKEN,INFO,P_Pluton__2_Kompania_Grenadier_w: koniec tury (wydane PE=1),"{""allocated_pe"": 7, ""spent_pe"": 1, ""unused_pe"": 6, ""movement_success"": true, ""movement_attempts"": 1, ""movement_destination"": [30, 5], ""attack_attempted"": false, ""attack_success"": false, ""counterattack"": null, ""damage_dealt"": null, ""damage_taken"": null, ""attacker_remaining"": null, ""defender_remaining"": null, ""resupply_budget"": 7, ""resupply_spent"": 1, ""refueled"": 1, ""combat_restored"": 0, ""remaining_mp"": 1, ""remaining_fuel"": 2, ""combat_value"": 8, ""token_destroyed"": false}"
2025-10-01T00:03:59,TOKEN,INFO,Z_Pluton__2_Batalion_Wsparcia: start tury (budżet PE=7),"{""allocated_pe"": 7, ""position_q"": 29, ""position_r"": 2, ""move_points"": 5, ""fuel"": 4, ""combat_value"": 4}"
2025-10-01T00:03:59,TOKEN,INFO,"Z_Pluton__2_Batalion_Wsparcia: ruch na (30, 1) udany","{""destination_q"": 30, ""destination_r"": 1, ""remaining_mp"": 4, ""remaining_fuel"": 3}"
2025-10-01T00:03:59,TOKEN,DEBUG,Z_Pluton__2_Batalion_Wsparcia: uzupełnia paliwo o 1,"{""fuel_after"": 4}"
2025-10-01T00:03:59,TOKEN,INFO,Z_Pluton__2_Batalion_Wsparcia: koniec tury (wydane PE=1),"{""allocated_pe"": 7, ""spent_pe"": 1, ""unused_pe"": 6, ""movement_success"": true, ""movement_attempts"": 1, ""movement_destination"": [30, 1], ""attack_attempted"": false, ""attack_success"": false, ""counterattack"": null, ""damage_dealt"": null, ""damage_taken"": null, ""attacker_remaining"": null, ""defender_remaining"": null, ""resupply_budget"": 7, ""resupply_spent"": 1, ""refueled"": 1, ""combat_restored"": 0, ""remaining_mp"": 4, ""remaining_fuel"": 4, ""combat_value"": 4, ""token_destroyed"": false}"
2025-10-01T00:03:59,TOKEN,INFO,P_Kompania__2_Pu_k_Piechoty: start tury (budżet PE=7),"{""allocated_pe"": 7, ""position_q"": 32, ""position_r"": -1, ""move_points"": 2, ""fuel"": 2, ""combat_value"": 11}"
2025-10-01T00:03:59,TOKEN,INFO,"P_Kompania__2_Pu_k_Piechoty: ruch na (33, -2) udany","{""destination_q"": 33, ""destination_r"": -2, ""remaining_mp"": 1, ""remaining_fuel"": 1}"
2025-10-01T00:03:59,TOKEN,DEBUG,P_Kompania__2_Pu_k_Piechoty: uzupełnia paliwo o 1,"{""fuel_after"": 2}"
2025-10-01T00:03:59,TOKEN,INFO,P_Kompania__2_Pu_k_Piechoty: koniec tury (wydane PE=1),"{""allocated_pe"": 7, ""spent_pe"": 1, ""unused_pe"": 6, ""movement_success"": true, ""movement_attempts"": 1, ""movement_destination"": [33, -2], ""attack_attempted"": false, ""attack_success"": false, ""counterattack"": null, ""damage_dealt"": null, ""damage_taken"": null, ""attacker_remaining"": null, ""defender_remaining"": null, ""resupply_budget"": 7, ""resupply_spent"": 1, ""refueled"": 1, ""combat_restored"": 0, ""remaining_mp"": 1, ""remaining_fuel"": 2, ""combat_value"": 11, ""token_destroyed"": false}"
2025-10-01T00:03:59,TOKEN,INFO,Z_Pluton__2_Oddzia_Rozpoznawczy: start tury (budżet PE=7),"{""allocated_pe"": 7, ""position_q"": 31, ""position_r"": 0, ""move_points"": 6, ""fuel"": 4, ""combat_value"": 4}"
2025-10-01T00:03:59,TOKEN,INFO,"Z_Pluton__2_Oddzia_Rozpoznawczy: ruch na (32, -1) udany","{""destination_q"": 32, ""destination_r"": -1, ""remaining_mp"": 5, ""remaining_fuel"": 3}"
2025-10-01T00:03:59,TOKEN,DEBUG,Z_Pluton__2_Oddzia_Rozpoznawczy: uzupełnia paliwo o 1,"{""fuel_after"": 4}"
2025-10-01T00:03:59,TOKEN,INFO,Z_Pluton__2_Oddzia_Rozpoznawczy: koniec tury (wydane PE=1),"{""allocated_pe"": 7, ""spent_pe"": 1, ""unused_pe"": 6, ""movement_success"": true, ""movement_attempts"": 1, ""movement_destination"": [32, -1], ""attack_attempted"": false, ""attack_success"": false, ""counterattack"": null, ""damage_dealt"": null, ""damage_taken"": null, ""attacker_remaining"": null, ""defender_remaining"": null, ""resupply_budget"": 7, ""resupply_spent"": 1, ""refueled"": 1, ""combat_restored"": 0, ""remaining_mp"": 5, ""remaining_fuel"": 4, ""combat_value"": 4, ""token_destroyed"": false}"
2025-10-01T00:03:59,TOKEN,INFO,P_Pluton__2_Kompania_Grenadier_w_20250913214010: start tury (budżet PE=7),"{""allocated_pe"": 7, ""position_q"": 31, ""position_r"": 3, ""move_points"": 2, ""fuel"": 2, ""combat_value"": 8}"
2025-10-01T00:03:59,TOKEN,INFO,"P_Pluton__2_Kompania_Grenadier_w_20250913214010: ruch na (32, 2) udany","{""destination_q"": 32, ""destination_r"": 2, ""remaining_mp"": 1, ""remaining_fuel"": 1}"
2025-10-01T00:03:59,TOKEN,DEBUG,P_Pluton__2_Kompania_Grenadier_w_20250913214010: uzupełnia paliwo o 1,"{""fuel_after"": 2}"
2025-10-01T00:03:59,TOKEN,INFO,P_Pluton__2_Kompania_Grenadier_w_20250913214010: koniec tury (wydane PE=1),"{""allocated_pe"": 7, ""spent_pe"": 1, ""unused_pe"": 6, ""movement_success"": true, ""movement_attempts"": 1, ""movement_destination"": [32, 2], ""attack_attempted"": false, ""attack_success"": false, ""counterattack"": null, ""damage_dealt"": null, ""damage_taken"": null, ""attacker_remaining"": null, ""defender_remaining"": null, ""resupply_budget"": 7, ""resupply_spent"": 1, ""refueled"": 1, ""combat_restored"": 0, ""remaining_mp"": 1, ""remaining_fuel"": 2, ""combat_value"": 8, ""token_destroyed"": false}"
2025-10-01T00:03:59,TOKEN,INFO,Z_Batalion__2_Kompania_Zaopatrzeniowa: start tury (budżet PE=7),"{""allocated_pe"": 7, ""position_q"": 27, ""position_r"": -9, ""move_points"": 6, ""fuel"": 4, ""combat_value"": 7}"
2025-10-01T00:03:59,TOKEN,INFO,"Z_Batalion__2_Kompania_Zaopatrzeniowa: ruch na (28, -9) udany","{""destination_q"": 28, ""destination_r"": -9, ""remaining_mp"": 5, ""remaining_fuel"": 3}"
2025-10-01T00:03:59,TOKEN,DEBUG,Z_Batalion__2_Kompania_Zaopatrzeniowa: uzupełnia paliwo o 1,"{""fuel_after"": 4}"
2025-10-01T00:03:59,TOKEN,INFO,Z_Batalion__2_Kompania_Zaopatrzeniowa: koniec tury (wydane PE=1),"{""allocated_pe"": 7, ""spent_pe"": 1, ""unused_pe"": 6, ""movement_success"": true, ""movement_attempts"": 1, ""movement_destination"": [28, -9], ""attack_attempted"": false, ""attack_success"": false, ""counterattack"": null, ""damage_dealt"": null, ""damage_taken"": null, ""attacker_remaining"": null, ""defender_remaining"": null, ""resupply_budget"": 7, ""resupply_spent"": 1, ""refueled"": 1, ""combat_restored"": 0, ""remaining_mp"": 5, ""remaining_fuel"": 4, ""combat_value"": 7, ""token_destroyed"": false}"
2025-10-01T00:03:59,TOKEN,INFO,D_Pluton__2_Dow_dztwo_Einheit: start tury (budżet PE=7),"{""allocated_pe"": 7, ""position_q"": 19, ""position_r"": -7, ""move_points"": 3, ""fuel"": 3, ""combat_value"": 8}"
2025-10-01T00:03:59,TOKEN,INFO,"D_Pluton__2_Dow_dztwo_Einheit: ruch na (19, -8) udany","{""destination_q"": 19, ""destination_r"": -8, ""remaining_mp"": 2, ""remaining_fuel"": 2}"
2025-10-01T00:03:59,TOKEN,DEBUG,D_Pluton__2_Dow_dztwo_Einheit: uzupełnia paliwo o 1,"{""fuel_after"": 3}"
2025-10-01T00:03:59,TOKEN,INFO,D_Pluton__2_Dow_dztwo_Einheit: koniec tury (wydane PE=1),"{""allocated_pe"": 7, ""spent_pe"": 1, ""unused_pe"": 6, ""movement_success"": true, ""movement_attempts"": 1, ""movement_destination"": [19, -8], ""attack_attempted"": false, ""attack_success"": false, ""counterattack"": null, ""damage_dealt"": null, ""damage_taken"": null, ""attacker_remaining"": null, ""defender_remaining"": null, ""resupply_budget"": 7, ""resupply_spent"": 1, ""refueled"": 1, ""combat_restored"": 0, ""remaining_mp"": 2, ""remaining_fuel"": 3, ""combat_value"": 8, ""token_destroyed"": false}"
2025-10-01T00:03:59,TOKEN,INFO,Z_Pluton__3_Batalion_Wsparcia: start tury (budżet PE=8),"{""allocated_pe"": 8, ""position_q"": 10, ""position_r"": 26, ""move_points"": 7, ""fuel"": 4, ""combat_value"": 4}"
2025-10-01T00:03:59,TOKEN,INFO,"Z_Pluton__3_Batalion_Wsparcia: ruch na (11, 26) udany","{""destination_q"": 11, ""destination_r"": 26, ""remaining_mp"": 6, ""remaining_fuel"": 3}"
2025-10-01T00:03:59,TOKEN,DEBUG,Z_Pluton__3_Batalion_Wsparcia: uzupełnia paliwo o 1,"{""fuel_after"": 4}"
2025-10-01T00:03:59,TOKEN,INFO,Z_Pluton__3_Batalion_Wsparcia: koniec tury (wydane PE=1),"{""allocated_pe"": 8, ""spent_pe"": 1, ""unused_pe"": 7, ""movement_success"": true, ""movement_attempts"": 1, ""movement_destination"": [11, 26], ""attack_attempted"": false, ""attack_success"": false, ""counterattack"": null, ""damage_dealt"": null, ""damage_taken"": null, ""attacker_remaining"": null, ""defender_remaining"": null, ""resupply_budget"": 8, ""resupply_spent"": 1, ""refueled"": 1, ""combat_restored"": 0, ""remaining_mp"": 6, ""remaining_fuel"": 4, ""combat_value"": 4, ""token_destroyed"": false}"
2025-10-01T00:03:59,TOKEN,INFO,Z_Pluton__3_Kompania_Zaopatrzeniowa: start tury (budżet PE=8),"{""allocated_pe"": 8, ""position_q"": 20, ""position_r"": 19, ""move_points"": 5, ""fuel"": 4, ""combat_value"": 4}"
2025-10-01T00:03:59,TOKEN,INFO,"Z_Pluton__3_Kompania_Zaopatrzeniowa: ruch na (21, 19) udany","{""destination_q"": 21, ""destination_r"": 19, ""remaining_mp"": 4, ""remaining_fuel"": 3}"
2025-10-01T00:03:59,TOKEN,DEBUG,Z_Pluton__3_Kompania_Zaopatrzeniowa: uzupełnia paliwo o 1,"{""fuel_after"": 4}"
2025-10-01T00:03:59,TOKEN,INFO,Z_Pluton__3_Kompania_Zaopatrzeniowa: koniec tury (wydane PE=1),"{""allocated_pe"": 8, ""spent_pe"": 1, ""unused_pe"": 7, ""movement_success"": true, ""movement_attempts"": 1, ""movement_destination"": [21, 19], ""attack_attempted"": false, ""attack_success"": false, ""counterattack"": null, ""damage_dealt"": null, ""damage_taken"": null, ""attacker_remaining"": null, ""defender_remaining"": null, ""resupply_budget"": 8, ""resupply_spent"": 1, ""refueled"": 1, ""combat_restored"": 0, ""remaining_mp"": 4, ""remaining_fuel"": 4, ""combat_value"": 4, ""token_destroyed"": false}"
2025-10-01T00:03:59,TOKEN,INFO,Z_Pluton__3_Kompania_Zaopatrzeniowa_20250913214023: start tury (budżet PE=8),"{""allocated_pe"": 8, ""position_q"": 20, ""position_r"": 20, ""move_points"": 7, ""fuel"": 4, ""combat_value"": 4}"
2025-10-01T00:03:59,TOKEN,INFO,"Z_Pluton__3_Kompania_Zaopatrzeniowa_20250913214023: ruch na (21, 20) udany","{""destination_q"": 21, ""destination_r"": 20, ""remaining_mp"": 6, ""remaining_fuel"": 3}"
2025-10-01T00:03:59,TOKEN,DEBUG,Z_Pluton__3_Kompania_Zaopatrzeniowa_20250913214023: uzupełnia paliwo o 1,"{""fuel_after"": 4}"
2025-10-01T00:03:59,TOKEN,INFO,Z_Pluton__3_Kompania_Zaopatrzeniowa_20250913214023: koniec tury (wydane PE=1),"{""allocated_pe"": 8, ""spent_pe"": 1, ""unused_pe"": 7, ""movement_success"": true, ""movement_attempts"": 1, ""movement_destination"": [21, 20], ""attack_attempted"": false, ""attack_success"": false, ""counterattack"": null, ""damage_dealt"": null, ""damage_taken"": null, ""attacker_remaining"": null, ""defender_remaining"": null, ""resupply_budget"": 8, ""resupply_spent"": 1, ""refueled"": 1, ""combat_restored"": 0, ""remaining_mp"": 6, ""remaining_fuel"": 4, ""combat_value"": 4, ""token_destroyed"": false}"
2025-10-01T00:03:59,TOKEN,INFO,P_Kompania__3_Batalion_Strzelc_w: start tury (budżet PE=8),"{""allocated_pe"": 8, ""position_q"": 31, ""position_r"": 9, ""move_points"": 7, ""fuel"": 2, ""combat_value"": 11}"
2025-10-01T00:03:59,TOKEN,INFO,"P_Kompania__3_Batalion_Strzelc_w: ruch na (32, 9) udany","{""destination_q"": 32, ""destination_r"": 9, ""remaining_mp"": 6, ""remaining_fuel"": 1}"
2025-10-01T00:03:59,TOKEN,DEBUG,P_Kompania__3_Batalion_Strzelc_w: uzupełnia paliwo o 1,"{""fuel_after"": 2}"
2025-10-01T00:03:59,TOKEN,INFO,P_Kompania__3_Batalion_Strzelc_w: koniec tury (wydane PE=1),"{""allocated_pe"": 8, ""spent_pe"": 1, ""unused_pe"": 7, ""movement_success"": true, ""movement_attempts"": 1, ""movement_destination"": [32, 9], ""attack_attempted"": false, ""attack_success"": false, ""counterattack"": null, ""damage_dealt"": null, ""damage_taken"": null, ""attacker_remaining"": null, ""defender_remaining"": null, ""resupply_budget"": 8, ""resupply_spent"": 1, ""refueled"": 1, ""combat_restored"": 0, ""remaining_mp"": 6, ""remaining_fuel"": 2, ""combat_value"": 11, ""token_destroyed"": false}"
2025-10-01T00:03:59,TOKEN,INFO,P_Pluton__3_Pu_k_Piechoty: start tury (budżet PE=8),"{""allocated_pe"": 8, ""position_q"": 32, ""position_r"": 10, ""move_points"": 4, ""fuel"": 2, ""combat_value"": 8}"
2025-10-01T00:03:59,TOKEN,INFO,"P_Pluton__3_Pu_k_Piechoty: ruch na (33, 10) udany","{""destination_q"": 33, ""destination_r"": 10, ""remaining_mp"": 3, ""remaining_fuel"": 1}"
2025-10-01T00:03:59,TOKEN,DEBUG,P_Pluton__3_Pu_k_Piechoty: uzupełnia paliwo o 1,"{""fuel_after"": 2}"
2025-10-01T00:03:59,TOKEN,INFO,P_Pluton__3_Pu_k_Piechoty: koniec tury (wydane PE=1),"{""allocated_pe"": 8, ""spent_pe"": 1, ""unused_pe"": 7, ""movement_success"": true, ""movement_attempts"": 1, ""movement_destination"": [33, 10], ""attack_attempted"": false, ""attack_success"": false, ""counterattack"": null, ""damage_dealt"": null, ""damage_taken"": null, ""attacker_remaining"": null, ""defender_remaining"": null, ""resupply_budget"": 8, ""resupply_spent"": 1, ""refueled"": 1, ""combat_restored"": 0, ""remaining_mp"": 3, ""remaining_fuel"": 2, ""combat_value"": 8, ""token_destroyed"": false}"
2025-10-01T00:03:59,TOKEN,INFO,P_Batalion__3_Pu_k_Piechoty: start tury (budżet PE=8),"{""allocated_pe"": 8, ""position_q"": 32, ""position_r"": 11, ""move_points"": 4, ""fuel"": 2, ""combat_value"": 14}"
2025-10-01T00:03:59,TOKEN,INFO,"P_Batalion__3_Pu_k_Piechoty: ruch na (33, 11) udany","{""destination_q"": 33, ""destination_r"": 11, ""remaining_mp"": 3, ""remaining_fuel"": 1}"
2025-10-01T00:03:59,TOKEN,DEBUG,P_Batalion__3_Pu_k_Piechoty: uzupełnia paliwo o 1,"{""fuel_after"": 2}"
2025-10-01T00:03:59,TOKEN,INFO,P_Batalion__3_Pu_k_Piechoty: koniec tury (wydane PE=1),"{""allocated_pe"": 8, ""spent_pe"": 1, ""unused_pe"": 7, ""movement_success"": true, ""movement_attempts"": 1, ""movement_destination"": [33, 11], ""attack_attempted"": false, ""attack_success"": false, ""counterattack"": null, ""damage_dealt"": null, ""damage_taken"": null, ""attacker_remaining"": null, ""defender_remaining"": null, ""resupply_budget"": 8, ""resupply_spent"": 1, ""refueled"": 1, ""combat_restored"": 0, ""remaining_mp"": 3, ""remaining_fuel"": 2, ""combat_value"": 14, ""token_destroyed"": false}"
2025-10-01T00:03:59,TOKEN,INFO,Z_Kompania__3_Kompania_Zaopatrzeniowa: start tury (budżet PE=8),"{""allocated_pe"": 8, ""position_q"": 37, ""position_r"": 10, ""move_points"": 5, ""fuel"": 4, ""combat_value"": 6}"
2025-10-01T00:03:59,TOKEN,INFO,"Z_Kompania__3_Kompania_Zaopatrzeniowa: ruch na (38, 10) udany","{""destination_q"": 38, ""destination_r"": 10, ""remaining_mp"": 4, ""remaining_fuel"": 3}"
2025-10-01T00:03:59,TOKEN,DEBUG,Z_Kompania__3_Kompania_Zaopatrzeniowa: uzupełnia paliwo o 1,"{""fuel_after"": 4}"
2025-10-01T00:03:59,TOKEN,INFO,Z_Kompania__3_Kompania_Zaopatrzeniowa: koniec tury (wydane PE=1),"{""allocated_pe"": 8, ""spent_pe"": 1, ""unused_pe"": 7, ""movement_success"": true, ""movement_attempts"": 1, ""movement_destination"": [38, 10], ""attack_attempted"": false, ""attack_success"": false, ""counterattack"": null, ""damage_dealt"": null, ""damage_taken"": null, ""attacker_remaining"": null, ""defender_remaining"": null, ""resupply_budget"": 8, ""resupply_spent"": 1, ""refueled"": 1, ""combat_restored"": 0, ""remaining_mp"": 4, ""remaining_fuel"": 4, ""combat_value"": 6, ""token_destroyed"": false}"
2025-10-01T00:03:59,TOKEN,INFO,P_Pluton__3_Kompania_Grenadier_w: start tury (budżet PE=8),"{""allocated_pe"": 8, ""position_q"": 38, ""position_r"": 11, ""move_points"": 4, ""fuel"": 2, ""combat_value"": 8}"
2025-10-01T00:03:59,TOKEN,INFO,"P_Pluton__3_Kompania_Grenadier_w: ruch na (39, 11) udany","{""destination_q"": 39, ""destination_r"": 11, ""remaining_mp"": 3, ""remaining_fuel"": 1}"
2025-10-01T00:03:59,TOKEN,DEBUG,P_Pluton__3_Kompania_Grenadier_w: uzupełnia paliwo o 1,"{""fuel_after"": 2}"
2025-10-01T00:03:59,TOKEN,INFO,P_Pluton__3_Kompania_Grenadier_w: koniec tury (wydane PE=1),"{""allocated_pe"": 8, ""spent_pe"": 1, ""unused_pe"": 7, ""movement_success"": true, ""movement_attempts"": 1, ""movement_destination"": [39, 11], ""attack_attempted"": false, ""attack_success"": false, ""counterattack"": null, ""damage_dealt"": null, ""damage_taken"": null, ""attacker_remaining"": null, ""defender_remaining"": null, ""resupply_budget"": 8, ""resupply_spent"": 1, ""refueled"": 1, ""combat_restored"": 0, ""remaining_mp"": 3, ""remaining_fuel"": 2, ""combat_value"": 8, ""token_destroyed"": false}"
2025-10-01T00:03:59,TOKEN,INFO,P_Pluton__5_Infanterie_Regiment: start tury (budżet PE=9),"{""allocated_pe"": 9, ""position_q"": 41, ""position_r"": -18, ""move_points"": 6, ""fuel"": 2, ""combat_value"": 8}"
2025-10-01T00:03:59,TOKEN,INFO,"P_Pluton__5_Infanterie_Regiment: ruch na (42, -18) udany","{""destination_q"": 42, ""destination_r"": -18, ""remaining_mp"": 5, ""remaining_fuel"": 1}"
2025-10-01T00:03:59,TOKEN,DEBUG,P_Pluton__5_Infanterie_Regiment: uzupełnia paliwo o 1,"{""fuel_after"": 2}"
2025-10-01T00:03:59,TOKEN,INFO,P_Pluton__5_Infanterie_Regiment: koniec tury (wydane PE=1),"{""allocated_pe"": 9, ""spent_pe"": 1, ""unused_pe"": 8, ""movement_success"": true, ""movement_attempts"": 1, ""movement_destination"": [42, -18], ""attack_attempted"": false, ""attack_success"": false, ""counterattack"": null, ""damage_dealt"": null, ""damage_taken"": null, ""attacker_remaining"": null, ""defender_remaining"": null, ""resupply_budget"": 9, ""resupply_spent"": 1, ""refueled"": 1, ""combat_restored"": 0, ""remaining_mp"": 5, ""remaining_fuel"": 2, ""combat_value"": 8, ""token_destroyed"": false}"
2025-10-01T00:03:59,TOKEN,INFO,P_Kompania__5_Infanterie_Regiment: start tury (budżet PE=9),"{""allocated_pe"": 9, ""position_q"": 40, ""position_r"": -18, ""move_points"": 4, ""fuel"": 2, ""combat_value"": 11}"
2025-10-01T00:03:59,TOKEN,INFO,"P_Kompania__5_Infanterie_Regiment: ruch na (41, -18) udany","{""destination_q"": 41, ""destination_r"": -18, ""remaining_mp"": 3, ""remaining_fuel"": 1}"
2025-10-01T00:03:59,TOKEN,DEBUG,P_Kompania__5_Infanterie_Regiment: uzupełnia paliwo o 1,"{""fuel_after"": 2}"
2025-10-01T00:03:59,TOKEN,INFO,P_Kompania__5_Infanterie_Regiment: koniec tury (wydane PE=1),"{""allocated_pe"": 9, ""spent_pe"": 1, ""unused_pe"": 8, ""movement_success"": true, ""movement_attempts"": 1, ""movement_destination"": [41, -18], ""attack_attempted"": false, ""attack_success"": false, ""counterattack"": null, ""damage_dealt"": null, ""damage_taken"": null, ""attacker_remaining"": null, ""defender_remaining"": null, ""resupply_budget"": 9, ""resupply_spent"": 1, ""refueled"": 1, ""combat_restored"": 0, ""remaining_mp"": 3, ""remaining_fuel"": 2, ""combat_value"": 11, ""token_destroyed"": false}"
2025-10-01T00:03:59,TOKEN,INFO,P_Pluton__5_Sch_tzen_Kompanie: start tury (budżet PE=9),"{""allocated_pe"": 9, ""position_q"": 41, ""position_r"": -15, ""move_points"": 5, ""fuel"": 2, ""combat_value"": 8}"
2025-10-01T00:03:59,TOKEN,INFO,"P_Pluton__5_Sch_tzen_Kompanie: ruch na (42, -15) udany","{""destination_q"": 42, ""destination_r"": -15, ""remaining_mp"": 4, ""remaining_fuel"": 1}"
2025-10-01T00:03:59,TOKEN,DEBUG,P_Pluton__5_Sch_tzen_Kompanie: uzupełnia paliwo o 1,"{""fuel_after"": 2}"
2025-10-01T00:03:59,TOKEN,INFO,P_Pluton__5_Sch_tzen_Kompanie: koniec tury (wydane PE=1),"{""allocated_pe"": 9, ""spent_pe"": 1, ""unused_pe"": 8, ""movement_success"": true, ""movement_attempts"": 1, ""movement_destination"": [42, -15], ""attack_attempted"": false, ""attack_success"": false, ""counterattack"": null, ""damage_dealt"": null, ""damage_taken"": null, ""attacker_remaining"": null, ""defender_remaining"": null, ""resupply_budget"": 9, ""resupply_spent"": 1, ""refueled"": 1, ""combat_restored"": 0, ""remaining_mp"": 4, ""remaining_fuel"": 2, ""combat_value"": 8, ""token_destroyed"": false}"
2025-10-01T00:03:59,TOKEN,INFO,AC_Kompania__5_schwere_Artillerie: start tury (budżet PE=9),"{""allocated_pe"": 9, ""position_q"": 42, ""position_r"": -17, ""move_points"": 5, ""fuel"": 2, ""combat_value"": 11}"
2025-10-01T00:03:59,TOKEN,INFO,"AC_Kompania__5_schwere_Artillerie: ruch na (43, -17) udany","{""destination_q"": 43, ""destination_r"": -17, ""remaining_mp"": 4, ""remaining_fuel"": 1}"
2025-10-01T00:03:59,TOKEN,DEBUG,AC_Kompania__5_schwere_Artillerie: uzupełnia paliwo o 1,"{""fuel_after"": 2}"
2025-10-01T00:03:59,TOKEN,INFO,AC_Kompania__5_schwere_Artillerie: koniec tury (wydane PE=1),"{""allocated_pe"": 9, ""spent_pe"": 1, ""unused_pe"": 8, ""movement_success"": true, ""movement_attempts"": 1, ""movement_destination"": [43, -17], ""attack_attempted"": false, ""attack_success"": false, ""counterattack"": null, ""damage_dealt"": null, ""damage_taken"": null, ""attacker_remaining"": null, ""defender_remaining"": null, ""resupply_budget"": 9, ""resupply_spent"": 1, ""refueled"": 1, ""combat_restored"": 0, ""remaining_mp"": 4, ""remaining_fuel"": 2, ""combat_value"": 11, ""token_destroyed"": false}"
2025-10-01T00:03:59,TOKEN,INFO,AL_Batalion__5_Artillerie_Abteilung: start tury (budżet PE=9),"{""allocated_pe"": 9, ""position_q"": 42, ""position_r"": -16, ""move_points"": 6, ""fuel"": 2, ""combat_value"": 11}"
2025-10-01T00:03:59,TOKEN,INFO,"AL_Batalion__5_Artillerie_Abteilung: ruch na (43, -16) udany","{""destination_q"": 43, ""destination_r"": -16, ""remaining_mp"": 5, ""remaining_fuel"": 1}"
2025-10-01T00:03:59,TOKEN,DEBUG,AL_Batalion__5_Artillerie_Abteilung: uzupełnia paliwo o 1,"{""fuel_after"": 2}"
2025-10-01T00:03:59,TOKEN,INFO,AL_Batalion__5_Artillerie_Abteilung: koniec tury (wydane PE=1),"{""allocated_pe"": 9, ""spent_pe"": 1, ""unused_pe"": 8, ""movement_success"": true, ""movement_attempts"": 1, ""movement_destination"": [43, -16], ""attack_attempted"": false, ""attack_success"": false, ""counterattack"": null, ""damage_dealt"": null, ""damage_taken"": null, ""attacker_remaining"": null, ""defender_remaining"": null, ""resupply_budget"": 9, ""resupply_spent"": 1, ""refueled"": 1, ""combat_restored"": 0, ""remaining_mp"": 5, ""remaining_fuel"": 2, ""combat_value"": 11, ""token_destroyed"": false}"
2025-10-01T00:03:59,TOKEN,INFO,P_Pluton__5_Sch_tzen_Kompanie_20250913214034: start tury (budżet PE=9),"{""allocated_pe"": 9, ""position_q"": 45, ""position_r"": -16, ""move_points"": 2, ""fuel"": 2, ""combat_value"": 8}"
2025-10-01T00:03:59,TOKEN,INFO,"P_Pluton__5_Sch_tzen_Kompanie_20250913214034: ruch na (46, -17) udany","{""destination_q"": 46, ""destination_r"": -17, ""remaining_mp"": 1, ""remaining_fuel"": 1}"
2025-10-01T00:03:59,TOKEN,DEBUG,P_Pluton__5_Sch_tzen_Kompanie_20250913214034: uzupełnia paliwo o 1,"{""fuel_after"": 2}"
2025-10-01T00:03:59,TOKEN,INFO,P_Pluton__5_Sch_tzen_Kompanie_20250913214034: koniec tury (wydane PE=1),"{""allocated_pe"": 9, ""spent_pe"": 1, ""unused_pe"": 8, ""movement_success"": true, ""movement_attempts"": 1, ""movement_destination"": [46, -17], ""attack_attempted"": false, ""attack_success"": false, ""counterattack"": null, ""damage_dealt"": null, ""damage_taken"": null, ""attacker_remaining"": null, ""defender_remaining"": null, ""resupply_budget"": 9, ""resupply_spent"": 1, ""refueled"": 1, ""combat_restored"": 0, ""remaining_mp"": 1, ""remaining_fuel"": 2, ""combat_value"": 8, ""token_destroyed"": false}"
2025-10-01T00:03:59,TOKEN,INFO,Z_Kompania__5_Unterst_tzungs_Bataillon: start tury (budżet PE=9),"{""allocated_pe"": 9, ""position_q"": 47, ""position_r"": -18, ""move_points"": 5, ""fuel"": 4, ""combat_value"": 6}"
2025-10-01T00:03:59,TOKEN,INFO,"Z_Kompania__5_Unterst_tzungs_Bataillon: ruch na (48, -18) udany","{""destination_q"": 48, ""destination_r"": -18, ""remaining_mp"": 4, ""remaining_fuel"": 3}"
2025-10-01T00:03:59,TOKEN,DEBUG,Z_Kompania__5_Unterst_tzungs_Bataillon: uzupełnia paliwo o 1,"{""fuel_after"": 4}"
2025-10-01T00:03:59,TOKEN,INFO,Z_Kompania__5_Unterst_tzungs_Bataillon: koniec tury (wydane PE=1),"{""allocated_pe"": 9, ""spent_pe"": 1, ""unused_pe"": 8, ""movement_success"": true, ""movement_attempts"": 1, ""movement_destination"": [48, -18], ""attack_attempted"": false, ""attack_success"": false, ""counterattack"": null, ""damage_dealt"": null, ""damage_taken"": null, ""attacker_remaining"": null, ""defender_remaining"": null, ""resupply_budget"": 9, ""resupply_spent"": 1, ""refueled"": 1, ""combat_restored"": 0, ""remaining_mp"": 4, ""remaining_fuel"": 4, ""combat_value"": 6, ""token_destroyed"": false}"
2025-10-01T00:03:59,TOKEN,INFO,Z_Pluton__5_Versorgungs_Kompanie: start tury (budżet PE=9),"{""allocated_pe"": 9, ""position_q"": 47, ""position_r"": -15, ""move_points"": 9, ""fuel"": 4, ""combat_value"": 4}"
2025-10-01T00:03:59,TOKEN,INFO,"Z_Pluton__5_Versorgungs_Kompanie: ruch na (48, -15) udany","{""destination_q"": 48, ""destination_r"": -15, ""remaining_mp"": 8, ""remaining_fuel"": 3}"
2025-10-01T00:03:59,TOKEN,DEBUG,Z_Pluton__5_Versorgungs_Kompanie: uzupełnia paliwo o 1,"{""fuel_after"": 4}"
2025-10-01T00:03:59,TOKEN,INFO,Z_Pluton__5_Versorgungs_Kompanie: koniec tury (wydane PE=1),"{""allocated_pe"": 9, ""spent_pe"": 1, ""unused_pe"": 8, ""movement_success"": true, ""movement_attempts"": 1, ""movement_destination"": [48, -15], ""attack_attempted"": false, ""attack_success"": false, ""counterattack"": null, ""damage_dealt"": null, ""damage_taken"": null, ""attacker_remaining"": null, ""defender_remaining"": null, ""resupply_budget"": 9, ""resupply_spent"": 1, ""refueled"": 1, ""combat_restored"": 0, ""remaining_mp"": 8, ""remaining_fuel"": 4, ""combat_value"": 4, ""token_destroyed"": false}"
2025-10-01T00:03:59,TOKEN,INFO,Z_Pluton__5_Unterst_tzungs_Bataillon: start tury (budżet PE=9),"{""allocated_pe"": 9, ""position_q"": 48, ""position_r"": -17, ""move_points"": 5, ""fuel"": 4, ""combat_value"": 4}"
2025-10-01T00:03:59,TOKEN,INFO,"Z_Pluton__5_Unterst_tzungs_Bataillon: ruch na (49, -17) udany","{""destination_q"": 49, ""destination_r"": -17, ""remaining_mp"": 4, ""remaining_fuel"": 3}"
2025-10-01T00:03:59,TOKEN,DEBUG,Z_Pluton__5_Unterst_tzungs_Bataillon: uzupełnia paliwo o 1,"{""fuel_after"": 4}"
2025-10-01T00:03:59,TOKEN,INFO,Z_Pluton__5_Unterst_tzungs_Bataillon: koniec tury (wydane PE=1),"{""allocated_pe"": 9, ""spent_pe"": 1, ""unused_pe"": 8, ""movement_success"": true, ""movement_attempts"": 1, ""movement_destination"": [49, -17], ""attack_attempted"": false, ""attack_success"": false, ""counterattack"": null, ""damage_dealt"": null, ""damage_taken"": null, ""attacker_remaining"": null, ""defender_remaining"": null, ""resupply_budget"": 9, ""resupply_spent"": 1, ""refueled"": 1, ""combat_restored"": 0, ""remaining_mp"": 4, ""remaining_fuel"": 4, ""combat_value"": 4, ""token_destroyed"": false}"
2025-10-01T00:03:59,TOKEN,INFO,Z_Pluton__5_Unterst_tzungs_Bataillon_20250913214038: start tury (budżet PE=9),"{""allocated_pe"": 9, ""position_q"": 49, ""position_r"": -15, ""move_points"": 9, ""fuel"": 4, ""combat_value"": 4}"
2025-10-01T00:03:59,TOKEN,INFO,"Z_Pluton__5_Unterst_tzungs_Bataillon_20250913214038: ruch na (50, -15) udany","{""destination_q"": 50, ""destination_r"": -15, ""remaining_mp"": 8, ""remaining_fuel"": 3}"
2025-10-01T00:03:59,TOKEN,DEBUG,Z_Pluton__5_Unterst_tzungs_Bataillon_20250913214038: uzupełnia paliwo o 1,"{""fuel_after"": 4}"
2025-10-01T00:03:59,TOKEN,INFO,Z_Pluton__5_Unterst_tzungs_Bataillon_20250913214038: koniec tury (wydane PE=1),"{""allocated_pe"": 9, ""spent_pe"": 1, ""unused_pe"": 8, ""movement_success"": true, ""movement_attempts"": 1, ""movement_destination"": [50, -15], ""attack_attempted"": false, ""attack_success"": false, ""counterattack"": null, ""damage_dealt"": null, ""damage_taken"": null, ""attacker_remaining"": null, ""defender_remaining"": null, ""resupply_budget"": 9, ""resupply_spent"": 1, ""refueled"": 1, ""combat_restored"": 0, ""remaining_mp"": 8, ""remaining_fuel"": 4, ""combat_value"": 4, ""token_destroyed"": false}"
2025-10-01T00:03:59,TOKEN,INFO,P_Pluton__6_Sch_tzen_Kompanie: start tury (budżet PE=9),"{""allocated_pe"": 9, ""position_q"": 41, ""position_r"": -1, ""move_points"": 5, ""fuel"": 2, ""combat_value"": 8}"
2025-10-01T00:03:59,TOKEN,INFO,"P_Pluton__6_Sch_tzen_Kompanie: ruch na (42, -1) udany","{""destination_q"": 42, ""destination_r"": -1, ""remaining_mp"": 4, ""remaining_fuel"": 1}"
2025-10-01T00:03:59,TOKEN,DEBUG,P_Pluton__6_Sch_tzen_Kompanie: uzupełnia paliwo o 1,"{""fuel_after"": 2}"
2025-10-01T00:03:59,TOKEN,INFO,P_Pluton__6_Sch_tzen_Kompanie: koniec tury (wydane PE=1),"{""allocated_pe"": 9, ""spent_pe"": 1, ""unused_pe"": 8, ""movement_success"": true, ""movement_attempts"": 1, ""movement_destination"": [42, -1], ""attack_attempted"": false, ""attack_success"": false, ""counterattack"": null, ""damage_dealt"": null, ""damage_taken"": null, ""attacker_remaining"": null, ""defender_remaining"": null, ""resupply_budget"": 9, ""resupply_spent"": 1, ""refueled"": 1, ""combat_restored"": 0, ""remaining_mp"": 4, ""remaining_fuel"": 2, ""combat_value"": 8, ""token_destroyed"": false}"
2025-10-01T00:03:59,TOKEN,INFO,P_Pluton__6_Infanterie_Regiment: start tury (budżet PE=9),"{""allocated_pe"": 9, ""position_q"": 42, ""position_r"": 3, ""move_points"": 5, ""fuel"": 2, ""combat_value"": 8}"
2025-10-01T00:03:59,TOKEN,INFO,"P_Pluton__6_Infanterie_Regiment: ruch na (43, 3) udany","{""destination_q"": 43, ""destination_r"": 3, ""remaining_mp"": 4, ""remaining_fuel"": 1}"
2025-10-01T00:04:00,TOKEN,DEBUG,P_Pluton__6_Infanterie_Regiment: uzupełnia paliwo o 1,"{""fuel_after"": 2}"
2025-10-01T00:04:00,TOKEN,INFO,P_Pluton__6_Infanterie_Regiment: koniec tury (wydane PE=1),"{""allocated_pe"": 9, ""spent_pe"": 1, ""unused_pe"": 8, ""movement_success"": true, ""movement_attempts"": 1, ""movement_destination"": [43, 3], ""attack_attempted"": false, ""attack_success"": false, ""counterattack"": null, ""damage_dealt"": null, ""damage_taken"": null, ""attacker_remaining"": null, ""defender_remaining"": null, ""resupply_budget"": 9, ""resupply_spent"": 1, ""refueled"": 1, ""combat_restored"": 0, ""remaining_mp"": 4, ""remaining_fuel"": 2, ""combat_value"": 8, ""token_destroyed"": false}"
2025-10-01T00:04:00,TOKEN,INFO,Z_Pluton__6_Unterst_tzungs_Bataillon_20250913214051: start tury (budżet PE=9),"{""allocated_pe"": 9, ""position_q"": 43, ""position_r"": 1, ""move_points"": 8, ""fuel"": 4, ""combat_value"": 4}"
2025-10-01T00:04:00,TOKEN,INFO,"Z_Pluton__6_Unterst_tzungs_Bataillon_20250913214051: ruch na (44, 1) udany","{""destination_q"": 44, ""destination_r"": 1, ""remaining_mp"": 7, ""remaining_fuel"": 3}"
2025-10-01T00:04:00,TOKEN,DEBUG,Z_Pluton__6_Unterst_tzungs_Bataillon_20250913214051: uzupełnia paliwo o 1,"{""fuel_after"": 4}"
2025-10-01T00:04:00,TOKEN,INFO,Z_Pluton__6_Unterst_tzungs_Bataillon_20250913214051: koniec tury (wydane PE=1),"{""allocated_pe"": 9, ""spent_pe"": 1, ""unused_pe"": 8, ""movement_success"": true, ""movement_attempts"": 1, ""movement_destination"": [44, 1], ""attack_attempted"": false, ""attack_success"": false, ""counterattack"": null, ""damage_dealt"": null, ""damage_taken"": null, ""attacker_remaining"": null, ""defender_remaining"": null, ""resupply_budget"": 9, ""resupply_spent"": 1, ""refueled"": 1, ""combat_restored"": 0, ""remaining_mp"": 7, ""remaining_fuel"": 4, ""combat_value"": 4, ""token_destroyed"": false}"
2025-10-01T00:04:00,TOKEN,INFO,P_Pluton__6_Grenadier_Bataillon: start tury (budżet PE=9),"{""allocated_pe"": 9, ""position_q"": 48, ""position_r"": -12, ""move_points"": 5, ""fuel"": 2, ""combat_value"": 8}"
2025-10-01T00:04:00,TOKEN,INFO,"P_Pluton__6_Grenadier_Bataillon: ruch na (49, -12) udany","{""destination_q"": 49, ""destination_r"": -12, ""remaining_mp"": 4, ""remaining_fuel"": 1}"
2025-10-01T00:04:00,TOKEN,DEBUG,P_Pluton__6_Grenadier_Bataillon: uzupełnia paliwo o 1,"{""fuel_after"": 2}"
2025-10-01T00:04:00,TOKEN,INFO,P_Pluton__6_Grenadier_Bataillon: koniec tury (wydane PE=1),"{""allocated_pe"": 9, ""spent_pe"": 1, ""unused_pe"": 8, ""movement_success"": true, ""movement_attempts"": 1, ""movement_destination"": [49, -12], ""attack_attempted"": false, ""attack_success"": false, ""counterattack"": null, ""damage_dealt"": null, ""damage_taken"": null, ""attacker_remaining"": null, ""defender_remaining"": null, ""resupply_budget"": 9, ""resupply_spent"": 1, ""refueled"": 1, ""combat_restored"": 0, ""remaining_mp"": 4, ""remaining_fuel"": 2, ""combat_value"": 8, ""token_destroyed"": false}"
2025-10-01T00:04:00,TOKEN,INFO,Z_Batalion__6_Versorgungs_Kompanie: start tury (budżet PE=9),"{""allocated_pe"": 9, ""position_q"": 52, ""position_r"": -16, ""move_points"": 6, ""fuel"": 4, ""combat_value"": 7}"
2025-10-01T00:04:00,TOKEN,INFO,"Z_Batalion__6_Versorgungs_Kompanie: ruch na (52, -17) udany","{""destination_q"": 52, ""destination_r"": -17, ""remaining_mp"": 5, ""remaining_fuel"": 3}"
2025-10-01T00:04:00,TOKEN,DEBUG,Z_Batalion__6_Versorgungs_Kompanie: uzupełnia paliwo o 1,"{""fuel_after"": 4}"
2025-10-01T00:04:00,TOKEN,INFO,Z_Batalion__6_Versorgungs_Kompanie: koniec tury (wydane PE=1),"{""allocated_pe"": 9, ""spent_pe"": 1, ""unused_pe"": 8, ""movement_success"": true, ""movement_attempts"": 1, ""movement_destination"": [52, -17], ""attack_attempted"": false, ""attack_success"": false, ""counterattack"": null, ""damage_dealt"": null, ""damage_taken"": null, ""attacker_remaining"": null, ""defender_remaining"": null, ""resupply_budget"": 9, ""resupply_spent"": 1, ""refueled"": 1, ""combat_restored"": 0, ""remaining_mp"": 5, ""remaining_fuel"": 4, ""combat_value"": 7, ""token_destroyed"": false}"
2025-10-01T00:04:00,TOKEN,INFO,Z_Pluton__6_Unterst_tzungs_Bataillon_20250913214048: start tury (budżet PE=9),"{""allocated_pe"": 9, ""position_q"": 48, ""position_r"": -10, ""move_points"": 8, ""fuel"": 4, ""combat_value"": 4}"
2025-10-01T00:04:00,TOKEN,INFO,"Z_Pluton__6_Unterst_tzungs_Bataillon_20250913214048: ruch na (49, -10) udany","{""destination_q"": 49, ""destination_r"": -10, ""remaining_mp"": 7, ""remaining_fuel"": 3}"
2025-10-01T00:04:00,TOKEN,DEBUG,Z_Pluton__6_Unterst_tzungs_Bataillon_20250913214048: uzupełnia paliwo o 1,"{""fuel_after"": 4}"
2025-10-01T00:04:00,TOKEN,INFO,Z_Pluton__6_Unterst_tzungs_Bataillon_20250913214048: koniec tury (wydane PE=1),"{""allocated_pe"": 9, ""spent_pe"": 1, ""unused_pe"": 8, ""movement_success"": true, ""movement_attempts"": 1, ""movement_destination"": [49, -10], ""attack_attempted"": false, ""attack_success"": false, ""counterattack"": null, ""damage_dealt"": null, ""damage_taken"": null, ""attacker_remaining"": null, ""defender_remaining"": null, ""resupply_budget"": 9, ""resupply_spent"": 1, ""refueled"": 1, ""combat_restored"": 0, ""remaining_mp"": 7, ""remaining_fuel"": 4, ""combat_value"": 4, ""token_destroyed"": false}"
2025-10-01T00:04:00,TOKEN,INFO,P_Kompania__6_Sch_tzen_Kompanie: start tury (budżet PE=9),"{""allocated_pe"": 9, ""position_q"": 52, ""position_r"": -10, ""move_points"": 5, ""fuel"": 2, ""combat_value"": 11}"
2025-10-01T00:04:00,TOKEN,INFO,"P_Kompania__6_Sch_tzen_Kompanie: ruch na (53, -10) udany","{""destination_q"": 53, ""destination_r"": -10, ""remaining_mp"": 4, ""remaining_fuel"": 1}"
2025-10-01T00:04:00,TOKEN,DEBUG,P_Kompania__6_Sch_tzen_Kompanie: uzupełnia paliwo o 1,"{""fuel_after"": 2}"
2025-10-01T00:04:00,TOKEN,INFO,P_Kompania__6_Sch_tzen_Kompanie: koniec tury (wydane PE=1),"{""allocated_pe"": 9, ""spent_pe"": 1, ""unused_pe"": 8, ""movement_success"": true, ""movement_attempts"": 1, ""movement_destination"": [53, -10], ""attack_attempted"": false, ""attack_success"": false, ""counterattack"": null, ""damage_dealt"": null, ""damage_taken"": null, ""attacker_remaining"": null, ""defender_remaining"": null, ""resupply_budget"": 9, ""resupply_spent"": 1, ""refueled"": 1, ""combat_restored"": 0, ""remaining_mp"": 4, ""remaining_fuel"": 2, ""combat_value"": 11, ""token_destroyed"": false}"
2025-10-01T00:04:00,TOKEN,INFO,Z_Pluton__6_Versorgungs_Kompanie: start tury (budżet PE=9),"{""allocated_pe"": 9, ""position_q"": 55, ""position_r"": -13, ""move_points"": 8, ""fuel"": 4, ""combat_value"": 4}"
2025-10-01T00:04:00,TOKEN,INFO,"Z_Pluton__6_Versorgungs_Kompanie: ruch na (55, -14) udany","{""destination_q"": 55, ""destination_r"": -14, ""remaining_mp"": 7, ""remaining_fuel"": 3}"
2025-10-01T00:04:00,TOKEN,DEBUG,Z_Pluton__6_Versorgungs_Kompanie: uzupełnia paliwo o 1,"{""fuel_after"": 4}"
2025-10-01T00:04:00,TOKEN,INFO,Z_Pluton__6_Versorgungs_Kompanie: koniec tury (wydane PE=1),"{""allocated_pe"": 9, ""spent_pe"": 1, ""unused_pe"": 8, ""movement_success"": true, ""movement_attempts"": 1, ""movement_destination"": [55, -14], ""attack_attempted"": false, ""attack_success"": false, ""counterattack"": null, ""damage_dealt"": null, ""damage_taken"": null, ""attacker_remaining"": null, ""defender_remaining"": null, ""resupply_budget"": 9, ""resupply_spent"": 1, ""refueled"": 1, ""combat_restored"": 0, ""remaining_mp"": 7, ""remaining_fuel"": 4, ""combat_value"": 4, ""token_destroyed"": false}"
2025-10-01T00:04:00,TOKEN,INFO,Z_Pluton__6_Unterst_tzungs_Bataillon: start tury (budżet PE=9),"{""allocated_pe"": 9, ""position_q"": 54, ""position_r"": -13, ""move_points"": 6, ""fuel"": 4, ""combat_value"": 4}"
2025-10-01T00:04:00,TOKEN,INFO,"Z_Pluton__6_Unterst_tzungs_Bataillon: ruch na (55, -13) udany","{""destination_q"": 55, ""destination_r"": -13, ""remaining_mp"": 5, ""remaining_fuel"": 3}"
2025-10-01T00:04:00,TOKEN,DEBUG,Z_Pluton__6_Unterst_tzungs_Bataillon: uzupełnia paliwo o 1,"{""fuel_after"": 4}"
2025-10-01T00:04:00,TOKEN,INFO,Z_Pluton__6_Unterst_tzungs_Bataillon: koniec tury (wydane PE=1),"{""allocated_pe"": 9, ""spent_pe"": 1, ""unused_pe"": 8, ""movement_success"": true, ""movement_attempts"": 1, ""movement_destination"": [55, -13], ""attack_attempted"": false, ""attack_success"": false, ""counterattack"": null, ""damage_dealt"": null, ""damage_taken"": null, ""attacker_remaining"": null, ""defender_remaining"": null, ""resupply_budget"": 9, ""resupply_spent"": 1, ""refueled"": 1, ""combat_restored"": 0, ""remaining_mp"": 5, ""remaining_fuel"": 4, ""combat_value"": 4, ""token_destroyed"": false}"
2025-10-01T00:04:00,TOKEN,INFO,TL_Kompania__2_Batalion_Pancerny: start tury (budżet PE=8),"{""allocated_pe"": 8, ""position_q"": 29, ""position_r"": -11, ""move_points"": 4, ""fuel"": 3, ""combat_value"": 14}"
2025-10-01T00:04:00,TOKEN,INFO,"TL_Kompania__2_Batalion_Pancerny: ruch na (30, -11) udany","{""destination_q"": 30, ""destination_r"": -11, ""remaining_mp"": 3, ""remaining_fuel"": 2}"
2025-10-01T00:04:00,TOKEN,DEBUG,TL_Kompania__2_Batalion_Pancerny: uzupełnia paliwo o 1,"{""fuel_after"": 3}"
2025-10-01T00:04:00,TOKEN,INFO,TL_Kompania__2_Batalion_Pancerny: koniec tury (wydane PE=1),"{""allocated_pe"": 8, ""spent_pe"": 1, ""unused_pe"": 7, ""movement_success"": true, ""movement_attempts"": 1, ""movement_destination"": [30, -11], ""attack_attempted"": false, ""attack_success"": false, ""counterattack"": null, ""damage_dealt"": null, ""damage_taken"": null, ""attacker_remaining"": null, ""defender_remaining"": null, ""resupply_budget"": 8, ""resupply_spent"": 1, ""refueled"": 1, ""combat_restored"": 0, ""remaining_mp"": 3, ""remaining_fuel"": 3, ""combat_value"": 14, ""token_destroyed"": false}"
2025-10-01T00:04:00,TOKEN,INFO,P_Batalion__2_Batalion_Strzelc_w: start tury (budżet PE=8),"{""allocated_pe"": 8, ""position_q"": 30, ""position_r"": -10, ""move_points"": 2, ""fuel"": 2, ""combat_value"": 14}"
2025-10-01T00:04:00,TOKEN,INFO,"P_Batalion__2_Batalion_Strzelc_w: ruch na (31, -11) udany","{""destination_q"": 31, ""destination_r"": -11, ""remaining_mp"": 1, ""remaining_fuel"": 1}"
2025-10-01T00:04:00,TOKEN,DEBUG,P_Batalion__2_Batalion_Strzelc_w: uzupełnia paliwo o 1,"{""fuel_after"": 2}"
2025-10-01T00:04:00,TOKEN,INFO,P_Batalion__2_Batalion_Strzelc_w: koniec tury (wydane PE=1),"{""allocated_pe"": 8, ""spent_pe"": 1, ""unused_pe"": 7, ""movement_success"": true, ""movement_attempts"": 1, ""movement_destination"": [31, -11], ""attack_attempted"": false, ""attack_success"": false, ""counterattack"": null, ""damage_dealt"": null, ""damage_taken"": null, ""attacker_remaining"": null, ""defender_remaining"": null, ""resupply_budget"": 8, ""resupply_spent"": 1, ""refueled"": 1, ""combat_restored"": 0, ""remaining_mp"": 1, ""remaining_fuel"": 2, ""combat_value"": 14, ""token_destroyed"": false}"
2025-10-01T00:04:00,TOKEN,INFO,P_Batalion__2_Batalion_Strzelc_w_20250913214005: start tury (budżet PE=8),"{""allocated_pe"": 8, ""position_q"": 29, ""position_r"": -9, ""move_points"": 7, ""fuel"": 2, ""combat_value"": 14}"
2025-10-01T00:04:00,TOKEN,INFO,"P_Batalion__2_Batalion_Strzelc_w_20250913214005: ruch na (30, -10) udany","{""destination_q"": 30, ""destination_r"": -10, ""remaining_mp"": 6, ""remaining_fuel"": 1}"
2025-10-01T00:04:00,TOKEN,DEBUG,P_Batalion__2_Batalion_Strzelc_w_20250913214005: uzupełnia paliwo o 1,"{""fuel_after"": 2}"
2025-10-01T00:04:00,TOKEN,INFO,P_Batalion__2_Batalion_Strzelc_w_20250913214005: koniec tury (wydane PE=1),"{""allocated_pe"": 8, ""spent_pe"": 1, ""unused_pe"": 7, ""movement_success"": true, ""movement_attempts"": 1, ""movement_destination"": [30, -10], ""attack_attempted"": false, ""attack_success"": false, ""counterattack"": null, ""damage_dealt"": null, ""damage_taken"": null, ""attacker_remaining"": null, ""defender_remaining"": null, ""resupply_budget"": 8, ""resupply_spent"": 1, ""refueled"": 1, ""combat_restored"": 0, ""remaining_mp"": 6, ""remaining_fuel"": 2, ""combat_value"": 14, ""token_destroyed"": false}"
2025-10-01T00:04:00,TOKEN,INFO,P_Pluton__2_Kompania_Grenadier_w: start tury (budżet PE=8),"{""allocated_pe"": 8, ""position_q"": 30, ""position_r"": 5, ""move_points"": 2, ""fuel"": 2, ""combat_value"": 8}"
2025-10-01T00:04:00,TOKEN,INFO,"P_Pluton__2_Kompania_Grenadier_w: ruch na (31, 5) udany","{""destination_q"": 31, ""destination_r"": 5, ""remaining_mp"": 1, ""remaining_fuel"": 1}"
2025-10-01T00:04:00,TOKEN,DEBUG,P_Pluton__2_Kompania_Grenadier_w: uzupełnia paliwo o 1,"{""fuel_after"": 2}"
2025-10-01T00:04:00,TOKEN,INFO,P_Pluton__2_Kompania_Grenadier_w: koniec tury (wydane PE=1),"{""allocated_pe"": 8, ""spent_pe"": 1, ""unused_pe"": 7, ""movement_success"": true, ""movement_attempts"": 1, ""movement_destination"": [31, 5], ""attack_attempted"": false, ""attack_success"": false, ""counterattack"": null, ""damage_dealt"": null, ""damage_taken"": null, ""attacker_remaining"": null, ""defender_remaining"": null, ""resupply_budget"": 8, ""resupply_spent"": 1, ""refueled"": 1, ""combat_restored"": 0, ""remaining_mp"": 1, ""remaining_fuel"": 2, ""combat_value"": 8, ""token_destroyed"": false}"
2025-10-01T00:04:00,TOKEN,INFO,Z_Pluton__2_Batalion_Wsparcia: start tury (budżet PE=8),"{""allocated_pe"": 8, ""position_q"": 30, ""position_r"": 1, ""move_points"": 5, ""fuel"": 4, ""combat_value"": 4}"
2025-10-01T00:04:00,TOKEN,INFO,"Z_Pluton__2_Batalion_Wsparcia: ruch na (31, 0) udany","{""destination_q"": 31, ""destination_r"": 0, ""remaining_mp"": 4, ""remaining_fuel"": 3}"
2025-10-01T00:04:00,TOKEN,DEBUG,Z_Pluton__2_Batalion_Wsparcia: uzupełnia paliwo o 1,"{""fuel_after"": 4}"
2025-10-01T00:04:00,TOKEN,INFO,Z_Pluton__2_Batalion_Wsparcia: koniec tury (wydane PE=1),"{""allocated_pe"": 8, ""spent_pe"": 1, ""unused_pe"": 7, ""movement_success"": true, ""movement_attempts"": 1, ""movement_destination"": [31, 0], ""attack_attempted"": false, ""attack_success"": false, ""counterattack"": null, ""damage_dealt"": null, ""damage_taken"": null, ""attacker_remaining"": null, ""defender_remaining"": null, ""resupply_budget"": 8, ""resupply_spent"": 1, ""refueled"": 1, ""combat_restored"": 0, ""remaining_mp"": 4, ""remaining_fuel"": 4, ""combat_value"": 4, ""token_destroyed"": false}"
2025-10-01T00:04:00,TOKEN,INFO,P_Kompania__2_Pu_k_Piechoty: start tury (budżet PE=8),"{""allocated_pe"": 8, ""position_q"": 33, ""position_r"": -2, ""move_points"": 2, ""fuel"": 2, ""combat_value"": 11}"
2025-10-01T00:04:00,TOKEN,INFO,"P_Kompania__2_Pu_k_Piechoty: ruch na (33, -3) udany","{""destination_q"": 33, ""destination_r"": -3, ""remaining_mp"": 1, ""remaining_fuel"": 1}"
2025-10-01T00:04:00,TOKEN,DEBUG,P_Kompania__2_Pu_k_Piechoty: uzupełnia paliwo o 1,"{""fuel_after"": 2}"
2025-10-01T00:04:00,TOKEN,INFO,P_Kompania__2_Pu_k_Piechoty: koniec tury (wydane PE=1),"{""allocated_pe"": 8, ""spent_pe"": 1, ""unused_pe"": 7, ""movement_success"": true, ""movement_attempts"": 1, ""movement_destination"": [33, -3], ""attack_attempted"": false, ""attack_success"": false, ""counterattack"": null, ""damage_dealt"": null, ""damage_taken"": null, ""attacker_remaining"": null, ""defender_remaining"": null, ""resupply_budget"": 8, ""resupply_spent"": 1, ""refueled"": 1, ""combat_restored"": 0, ""remaining_mp"": 1, ""remaining_fuel"": 2, ""combat_value"": 11, ""token_destroyed"": false}"
2025-10-01T00:04:00,TOKEN,INFO,Z_Pluton__2_Oddzia_Rozpoznawczy: start tury (budżet PE=8),"{""allocated_pe"": 8, ""position_q"": 32, ""position_r"": -1, ""move_points"": 6, ""fuel"": 4, ""combat_value"": 4}"
2025-10-01T00:04:00,TOKEN,INFO,"Z_Pluton__2_Oddzia_Rozpoznawczy: ruch na (33, -2) udany","{""destination_q"": 33, ""destination_r"": -2, ""remaining_mp"": 5, ""remaining_fuel"": 3}"
2025-10-01T00:04:00,TOKEN,DEBUG,Z_Pluton__2_Oddzia_Rozpoznawczy: uzupełnia paliwo o 1,"{""fuel_after"": 4}"
2025-10-01T00:04:00,TOKEN,INFO,Z_Pluton__2_Oddzia_Rozpoznawczy: koniec tury (wydane PE=1),"{""allocated_pe"": 8, ""spent_pe"": 1, ""unused_pe"": 7, ""movement_success"": true, ""movement_attempts"": 1, ""movement_destination"": [33, -2], ""attack_attempted"": false, ""attack_success"": false, ""counterattack"": null, ""damage_dealt"": null, ""damage_taken"": null, ""attacker_remaining"": null, ""defender_remaining"": null, ""resupply_budget"": 8, ""resupply_spent"": 1, ""refueled"": 1, ""combat_restored"": 0, ""remaining_mp"": 5, ""remaining_fuel"": 4, ""combat_value"": 4, ""token_destroyed"": false}"
2025-10-01T00:04:00,TOKEN,INFO,P_Pluton__2_Kompania_Grenadier_w_20250913214010: start tury (budżet PE=8),"{""allocated_pe"": 8, ""position_q"": 32, ""position_r"": 2, ""move_points"": 2, ""fuel"": 2, ""combat_value"": 8}"
2025-10-01T00:04:00,TOKEN,INFO,"P_Pluton__2_Kompania_Grenadier_w_20250913214010: ruch na (33, 2) udany","{""destination_q"": 33, ""destination_r"": 2, ""remaining_mp"": 1, ""remaining_fuel"": 1}"
2025-10-01T00:04:00,TOKEN,DEBUG,P_Pluton__2_Kompania_Grenadier_w_20250913214010: uzupełnia paliwo o 1,"{""fuel_after"": 2}"
2025-10-01T00:04:00,TOKEN,INFO,P_Pluton__2_Kompania_Grenadier_w_20250913214010: koniec tury (wydane PE=1),"{""allocated_pe"": 8, ""spent_pe"": 1, ""unused_pe"": 7, ""movement_success"": true, ""movement_attempts"": 1, ""movement_destination"": [33, 2], ""attack_attempted"": false, ""attack_success"": false, ""counterattack"": null, ""damage_dealt"": null, ""damage_taken"": null, ""attacker_remaining"": null, ""defender_remaining"": null, ""resupply_budget"": 8, ""resupply_spent"": 1, ""refueled"": 1, ""combat_restored"": 0, ""remaining_mp"": 1, ""remaining_fuel"": 2, ""combat_value"": 8, ""token_destroyed"": false}"
2025-10-01T00:04:00,TOKEN,INFO,Z_Batalion__2_Kompania_Zaopatrzeniowa: start tury (budżet PE=8),"{""allocated_pe"": 8, ""position_q"": 28, ""position_r"": -9, ""move_points"": 6, ""fuel"": 4, ""combat_value"": 7}"
2025-10-01T00:04:00,TOKEN,INFO,"Z_Batalion__2_Kompania_Zaopatrzeniowa: ruch na (29, -9) udany","{""destination_q"": 29, ""destination_r"": -9, ""remaining_mp"": 5, ""remaining_fuel"": 3}"
2025-10-01T00:04:00,TOKEN,DEBUG,Z_Batalion__2_Kompania_Zaopatrzeniowa: uzupełnia paliwo o 1,"{""fuel_after"": 4}"
2025-10-01T00:04:00,TOKEN,INFO,Z_Batalion__2_Kompania_Zaopatrzeniowa: koniec tury (wydane PE=1),"{""allocated_pe"": 8, ""spent_pe"": 1, ""unused_pe"": 7, ""movement_success"": true, ""movement_attempts"": 1, ""movement_destination"": [29, -9], ""attack_attempted"": false, ""attack_success"": false, ""counterattack"": null, ""damage_dealt"": null, ""damage_taken"": null, ""attacker_remaining"": null, ""defender_remaining"": null, ""resupply_budget"": 8, ""resupply_spent"": 1, ""refueled"": 1, ""combat_restored"": 0, ""remaining_mp"": 5, ""remaining_fuel"": 4, ""combat_value"": 7, ""token_destroyed"": false}"
2025-10-01T00:04:00,TOKEN,INFO,D_Pluton__2_Dow_dztwo_Einheit: start tury (budżet PE=8),"{""allocated_pe"": 8, ""position_q"": 19, ""position_r"": -8, ""move_points"": 3, ""fuel"": 3, ""combat_value"": 8}"
2025-10-01T00:04:00,TOKEN,INFO,"D_Pluton__2_Dow_dztwo_Einheit: ruch na (20, -9) udany","{""destination_q"": 20, ""destination_r"": -9, ""remaining_mp"": 2, ""remaining_fuel"": 2}"
2025-10-01T00:04:00,TOKEN,DEBUG,D_Pluton__2_Dow_dztwo_Einheit: uzupełnia paliwo o 1,"{""fuel_after"": 3}"
2025-10-01T00:04:00,TOKEN,INFO,D_Pluton__2_Dow_dztwo_Einheit: koniec tury (wydane PE=1),"{""allocated_pe"": 8, ""spent_pe"": 1, ""unused_pe"": 7, ""movement_success"": true, ""movement_attempts"": 1, ""movement_destination"": [20, -9], ""attack_attempted"": false, ""attack_success"": false, ""counterattack"": null, ""damage_dealt"": null, ""damage_taken"": null, ""attacker_remaining"": null, ""defender_remaining"": null, ""resupply_budget"": 8, ""resupply_spent"": 1, ""refueled"": 1, ""combat_restored"": 0, ""remaining_mp"": 2, ""remaining_fuel"": 3, ""combat_value"": 8, ""token_destroyed"": false}"
2025-10-01T00:04:00,TOKEN,INFO,Z_Pluton__3_Batalion_Wsparcia: start tury (budżet PE=9),"{""allocated_pe"": 9, ""position_q"": 11, ""position_r"": 26, ""move_points"": 7, ""fuel"": 4, ""combat_value"": 4}"
2025-10-01T00:04:00,TOKEN,INFO,"Z_Pluton__3_Batalion_Wsparcia: ruch na (12, 26) udany","{""destination_q"": 12, ""destination_r"": 26, ""remaining_mp"": 6, ""remaining_fuel"": 3}"
2025-10-01T00:04:00,TOKEN,DEBUG,Z_Pluton__3_Batalion_Wsparcia: uzupełnia paliwo o 1,"{""fuel_after"": 4}"
2025-10-01T00:04:00,TOKEN,INFO,Z_Pluton__3_Batalion_Wsparcia: koniec tury (wydane PE=1),"{""allocated_pe"": 9, ""spent_pe"": 1, ""unused_pe"": 8, ""movement_success"": true, ""movement_attempts"": 1, ""movement_destination"": [12, 26], ""attack_attempted"": false, ""attack_success"": false, ""counterattack"": null, ""damage_dealt"": null, ""damage_taken"": null, ""attacker_remaining"": null, ""defender_remaining"": null, ""resupply_budget"": 9, ""resupply_spent"": 1, ""refueled"": 1, ""combat_restored"": 0, ""remaining_mp"": 6, ""remaining_fuel"": 4, ""combat_value"": 4, ""token_destroyed"": false}"
2025-10-01T00:04:00,TOKEN,INFO,Z_Pluton__3_Kompania_Zaopatrzeniowa: start tury (budżet PE=9),"{""allocated_pe"": 9, ""position_q"": 21, ""position_r"": 19, ""move_points"": 5, ""fuel"": 4, ""combat_value"": 4}"
2025-10-01T00:04:00,TOKEN,INFO,"Z_Pluton__3_Kompania_Zaopatrzeniowa: ruch na (22, 19) udany","{""destination_q"": 22, ""destination_r"": 19, ""remaining_mp"": 4, ""remaining_fuel"": 3}"
2025-10-01T00:04:00,TOKEN,DEBUG,Z_Pluton__3_Kompania_Zaopatrzeniowa: uzupełnia paliwo o 1,"{""fuel_after"": 4}"
2025-10-01T00:04:00,TOKEN,INFO,Z_Pluton__3_Kompania_Zaopatrzeniowa: koniec tury (wydane PE=1),"{""allocated_pe"": 9, ""spent_pe"": 1, ""unused_pe"": 8, ""movement_success"": true, ""movement_attempts"": 1, ""movement_destination"": [22, 19], ""attack_attempted"": false, ""attack_success"": false, ""counterattack"": null, ""damage_dealt"": null, ""damage_taken"": null, ""attacker_remaining"": null, ""defender_remaining"": null, ""resupply_budget"": 9, ""resupply_spent"": 1, ""refueled"": 1, ""combat_restored"": 0, ""remaining_mp"": 4, ""remaining_fuel"": 4, ""combat_value"": 4, ""token_destroyed"": false}"
2025-10-01T00:04:00,TOKEN,INFO,Z_Pluton__3_Kompania_Zaopatrzeniowa_20250913214023: start tury (budżet PE=9),"{""allocated_pe"": 9, ""position_q"": 21, ""position_r"": 20, ""move_points"": 7, ""fuel"": 4, ""combat_value"": 4}"
2025-10-01T00:04:00,TOKEN,INFO,"Z_Pluton__3_Kompania_Zaopatrzeniowa_20250913214023: ruch na (22, 20) udany","{""destination_q"": 22, ""destination_r"": 20, ""remaining_mp"": 6, ""remaining_fuel"": 3}"
2025-10-01T00:04:00,TOKEN,DEBUG,Z_Pluton__3_Kompania_Zaopatrzeniowa_20250913214023: uzupełnia paliwo o 1,"{""fuel_after"": 4}"
2025-10-01T00:04:00,TOKEN,INFO,Z_Pluton__3_Kompania_Zaopatrzeniowa_20250913214023: koniec tury (wydane PE=1),"{""allocated_pe"": 9, ""spent_pe"": 1, ""unused_pe"": 8, ""movement_success"": true, ""movement_attempts"": 1, ""movement_destination"": [22, 20], ""attack_attempted"": false, ""attack_success"": false, ""counterattack"": null, ""damage_dealt"": null, ""damage_taken"": null, ""attacker_remaining"": null, ""defender_remaining"": null, ""resupply_budget"": 9, ""resupply_spent"": 1, ""refueled"": 1, ""combat_restored"": 0, ""remaining_mp"": 6, ""remaining_fuel"": 4, ""combat_value"": 4, ""token_destroyed"": false}"
2025-10-01T00:04:00,TOKEN,INFO,P_Kompania__3_Batalion_Strzelc_w: start tury (budżet PE=9),"{""allocated_pe"": 9, ""position_q"": 32, ""position_r"": 9, ""move_points"": 7, ""fuel"": 2, ""combat_value"": 11}"
2025-10-01T00:04:00,TOKEN,INFO,"P_Kompania__3_Batalion_Strzelc_w: ruch na (33, 9) udany","{""destination_q"": 33, ""destination_r"": 9, ""remaining_mp"": 6, ""remaining_fuel"": 1}"
2025-10-01T00:04:00,TOKEN,DEBUG,P_Kompania__3_Batalion_Strzelc_w: uzupełnia paliwo o 1,"{""fuel_after"": 2}"
2025-10-01T00:04:00,TOKEN,INFO,P_Kompania__3_Batalion_Strzelc_w: koniec tury (wydane PE=1),"{""allocated_pe"": 9, ""spent_pe"": 1, ""unused_pe"": 8, ""movement_success"": true, ""movement_attempts"": 1, ""movement_destination"": [33, 9], ""attack_attempted"": false, ""attack_success"": false, ""counterattack"": null, ""damage_dealt"": null, ""damage_taken"": null, ""attacker_remaining"": null, ""defender_remaining"": null, ""resupply_budget"": 9, ""resupply_spent"": 1, ""refueled"": 1, ""combat_restored"": 0, ""remaining_mp"": 6, ""remaining_fuel"": 2, ""combat_value"": 11, ""token_destroyed"": false}"
2025-10-01T00:04:00,TOKEN,INFO,P_Pluton__3_Pu_k_Piechoty: start tury (budżet PE=9),"{""allocated_pe"": 9, ""position_q"": 33, ""position_r"": 10, ""move_points"": 4, ""fuel"": 2, ""combat_value"": 8}"
2025-10-01T00:04:00,TOKEN,INFO,"P_Pluton__3_Pu_k_Piechoty: ruch na (32, 10) udany","{""destination_q"": 32, ""destination_r"": 10, ""remaining_mp"": 3, ""remaining_fuel"": 1}"
2025-10-01T00:04:00,TOKEN,DEBUG,P_Pluton__3_Pu_k_Piechoty: uzupełnia paliwo o 1,"{""fuel_after"": 2}"
2025-10-01T00:04:00,TOKEN,INFO,P_Pluton__3_Pu_k_Piechoty: koniec tury (wydane PE=1),"{""allocated_pe"": 9, ""spent_pe"": 1, ""unused_pe"": 8, ""movement_success"": true, ""movement_attempts"": 1, ""movement_destination"": [32, 10], ""attack_attempted"": false, ""attack_success"": false, ""counterattack"": null, ""damage_dealt"": null, ""damage_taken"": null, ""attacker_remaining"": null, ""defender_remaining"": null, ""resupply_budget"": 9, ""resupply_spent"": 1, ""refueled"": 1, ""combat_restored"": 0, ""remaining_mp"": 3, ""remaining_fuel"": 2, ""combat_value"": 8, ""token_destroyed"": false}"
2025-10-01T00:04:00,TOKEN,INFO,P_Batalion__3_Pu_k_Piechoty: start tury (budżet PE=9),"{""allocated_pe"": 9, ""position_q"": 33, ""position_r"": 11, ""move_points"": 4, ""fuel"": 2, ""combat_value"": 14}"
2025-10-01T00:04:00,TOKEN,INFO,"P_Batalion__3_Pu_k_Piechoty: ruch na (33, 10) udany","{""destination_q"": 33, ""destination_r"": 10, ""remaining_mp"": 3, ""remaining_fuel"": 1}"
2025-10-01T00:04:00,TOKEN,DEBUG,P_Batalion__3_Pu_k_Piechoty: uzupełnia paliwo o 1,"{""fuel_after"": 2}"
2025-10-01T00:04:00,TOKEN,INFO,P_Batalion__3_Pu_k_Piechoty: koniec tury (wydane PE=1),"{""allocated_pe"": 9, ""spent_pe"": 1, ""unused_pe"": 8, ""movement_success"": true, ""movement_attempts"": 1, ""movement_destination"": [33, 10], ""attack_attempted"": false, ""attack_success"": false, ""counterattack"": null, ""damage_dealt"": null, ""damage_taken"": null, ""attacker_remaining"": null, ""defender_remaining"": null, ""resupply_budget"": 9, ""resupply_spent"": 1, ""refueled"": 1, ""combat_restored"": 0, ""remaining_mp"": 3, ""remaining_fuel"": 2, ""combat_value"": 14, ""token_destroyed"": false}"
2025-10-01T00:04:00,TOKEN,INFO,Z_Kompania__3_Kompania_Zaopatrzeniowa: start tury (budżet PE=9),"{""allocated_pe"": 9, ""position_q"": 38, ""position_r"": 10, ""move_points"": 5, ""fuel"": 4, ""combat_value"": 6}"
2025-10-01T00:04:00,TOKEN,INFO,"Z_Kompania__3_Kompania_Zaopatrzeniowa: ruch na (39, 10) udany","{""destination_q"": 39, ""destination_r"": 10, ""remaining_mp"": 4, ""remaining_fuel"": 3}"
2025-10-01T00:04:00,TOKEN,DEBUG,Z_Kompania__3_Kompania_Zaopatrzeniowa: uzupełnia paliwo o 1,"{""fuel_after"": 4}"
2025-10-01T00:04:00,TOKEN,INFO,Z_Kompania__3_Kompania_Zaopatrzeniowa: koniec tury (wydane PE=1),"{""allocated_pe"": 9, ""spent_pe"": 1, ""unused_pe"": 8, ""movement_success"": true, ""movement_attempts"": 1, ""movement_destination"": [39, 10], ""attack_attempted"": false, ""attack_success"": false, ""counterattack"": null, ""damage_dealt"": null, ""damage_taken"": null, ""attacker_remaining"": null, ""defender_remaining"": null, ""resupply_budget"": 9, ""resupply_spent"": 1, ""refueled"": 1, ""combat_restored"": 0, ""remaining_mp"": 4, ""remaining_fuel"": 4, ""combat_value"": 6, ""token_destroyed"": false}"
2025-10-01T00:04:00,TOKEN,INFO,P_Pluton__3_Kompania_Grenadier_w: start tury (budżet PE=9),"{""allocated_pe"": 9, ""position_q"": 39, ""position_r"": 11, ""move_points"": 4, ""fuel"": 2, ""combat_value"": 8}"
2025-10-01T00:04:00,TOKEN,INFO,"P_Pluton__3_Kompania_Grenadier_w: ruch na (40, 11) udany","{""destination_q"": 40, ""destination_r"": 11, ""remaining_mp"": 3, ""remaining_fuel"": 1}"
2025-10-01T00:04:00,TOKEN,DEBUG,P_Pluton__3_Kompania_Grenadier_w: uzupełnia paliwo o 1,"{""fuel_after"": 2}"
2025-10-01T00:04:00,TOKEN,INFO,P_Pluton__3_Kompania_Grenadier_w: koniec tury (wydane PE=1),"{""allocated_pe"": 9, ""spent_pe"": 1, ""unused_pe"": 8, ""movement_success"": true, ""movement_attempts"": 1, ""movement_destination"": [40, 11], ""attack_attempted"": false, ""attack_success"": false, ""counterattack"": null, ""damage_dealt"": null, ""damage_taken"": null, ""attacker_remaining"": null, ""defender_remaining"": null, ""resupply_budget"": 9, ""resupply_spent"": 1, ""refueled"": 1, ""combat_restored"": 0, ""remaining_mp"": 3, ""remaining_fuel"": 2, ""combat_value"": 8, ""token_destroyed"": false}"
2025-10-01T00:04:00,TOKEN,INFO,P_Pluton__5_Infanterie_Regiment: start tury (budżet PE=10),"{""allocated_pe"": 10, ""position_q"": 42, ""position_r"": -18, ""move_points"": 6, ""fuel"": 2, ""combat_value"": 8}"
2025-10-01T00:04:00,TOKEN,INFO,"P_Pluton__5_Infanterie_Regiment: ruch na (43, -18) udany","{""destination_q"": 43, ""destination_r"": -18, ""remaining_mp"": 5, ""remaining_fuel"": 1}"
2025-10-01T00:04:00,TOKEN,DEBUG,P_Pluton__5_Infanterie_Regiment: uzupełnia paliwo o 1,"{""fuel_after"": 2}"
2025-10-01T00:04:00,TOKEN,INFO,P_Pluton__5_Infanterie_Regiment: koniec tury (wydane PE=1),"{""allocated_pe"": 10, ""spent_pe"": 1, ""unused_pe"": 9, ""movement_success"": true, ""movement_attempts"": 1, ""movement_destination"": [43, -18], ""attack_attempted"": false, ""attack_success"": false, ""counterattack"": null, ""damage_dealt"": null, ""damage_taken"": null, ""attacker_remaining"": null, ""defender_remaining"": null, ""resupply_budget"": 10, ""resupply_spent"": 1, ""refueled"": 1, ""combat_restored"": 0, ""remaining_mp"": 5, ""remaining_fuel"": 2, ""combat_value"": 8, ""token_destroyed"": false}"
2025-10-01T00:04:00,TOKEN,INFO,P_Kompania__5_Infanterie_Regiment: start tury (budżet PE=10),"{""allocated_pe"": 10, ""position_q"": 41, ""position_r"": -18, ""move_points"": 4, ""fuel"": 2, ""combat_value"": 11}"
2025-10-01T00:04:00,TOKEN,INFO,"P_Kompania__5_Infanterie_Regiment: ruch na (42, -18) udany","{""destination_q"": 42, ""destination_r"": -18, ""remaining_mp"": 3, ""remaining_fuel"": 1}"
2025-10-01T00:04:00,TOKEN,DEBUG,P_Kompania__5_Infanterie_Regiment: uzupełnia paliwo o 1,"{""fuel_after"": 2}"
2025-10-01T00:04:00,TOKEN,INFO,P_Kompania__5_Infanterie_Regiment: koniec tury (wydane PE=1),"{""allocated_pe"": 10, ""spent_pe"": 1, ""unused_pe"": 9, ""movement_success"": true, ""movement_attempts"": 1, ""movement_destination"": [42, -18], ""attack_attempted"": false, ""attack_success"": false, ""counterattack"": null, ""damage_dealt"": null, ""damage_taken"": null, ""attacker_remaining"": null, ""defender_remaining"": null, ""resupply_budget"": 10, ""resupply_spent"": 1, ""refueled"": 1, ""combat_restored"": 0, ""remaining_mp"": 3, ""remaining_fuel"": 2, ""combat_value"": 11, ""token_destroyed"": false}"
2025-10-01T00:04:00,TOKEN,INFO,P_Pluton__5_Sch_tzen_Kompanie: start tury (budżet PE=10),"{""allocated_pe"": 10, ""position_q"": 42, ""position_r"": -15, ""move_points"": 5, ""fuel"": 2, ""combat_value"": 8}"
2025-10-01T00:04:00,TOKEN,INFO,"P_Pluton__5_Sch_tzen_Kompanie: ruch na (43, -15) udany","{""destination_q"": 43, ""destination_r"": -15, ""remaining_mp"": 4, ""remaining_fuel"": 1}"
2025-10-01T00:04:00,TOKEN,DEBUG,P_Pluton__5_Sch_tzen_Kompanie: uzupełnia paliwo o 1,"{""fuel_after"": 2}"
2025-10-01T00:04:00,TOKEN,INFO,P_Pluton__5_Sch_tzen_Kompanie: koniec tury (wydane PE=1),"{""allocated_pe"": 10, ""spent_pe"": 1, ""unused_pe"": 9, ""movement_success"": true, ""movement_attempts"": 1, ""movement_destination"": [43, -15], ""attack_attempted"": false, ""attack_success"": false, ""counterattack"": null, ""damage_dealt"": null, ""damage_taken"": null, ""attacker_remaining"": null, ""defender_remaining"": null, ""resupply_budget"": 10, ""resupply_spent"": 1, ""refueled"": 1, ""combat_restored"": 0, ""remaining_mp"": 4, ""remaining_fuel"": 2, ""combat_value"": 8, ""token_destroyed"": false}"
2025-10-01T00:04:00,TOKEN,INFO,AC_Kompania__5_schwere_Artillerie: start tury (budżet PE=10),"{""allocated_pe"": 10, ""position_q"": 43, ""position_r"": -17, ""move_points"": 5, ""fuel"": 2, ""combat_value"": 11}"
2025-10-01T00:04:00,TOKEN,INFO,"AC_Kompania__5_schwere_Artillerie: ruch na (44, -17) udany","{""destination_q"": 44, ""destination_r"": -17, ""remaining_mp"": 4, ""remaining_fuel"": 1}"
2025-10-01T00:04:00,TOKEN,DEBUG,AC_Kompania__5_schwere_Artillerie: uzupełnia paliwo o 1,"{""fuel_after"": 2}"
2025-10-01T00:04:00,TOKEN,INFO,AC_Kompania__5_schwere_Artillerie: koniec tury (wydane PE=1),"{""allocated_pe"": 10, ""spent_pe"": 1, ""unused_pe"": 9, ""movement_success"": true, ""movement_attempts"": 1, ""movement_destination"": [44, -17], ""attack_attempted"": false, ""attack_success"": false, ""counterattack"": null, ""damage_dealt"": null, ""damage_taken"": null, ""attacker_remaining"": null, ""defender_remaining"": null, ""resupply_budget"": 10, ""resupply_spent"": 1, ""refueled"": 1, ""combat_restored"": 0, ""remaining_mp"": 4, ""remaining_fuel"": 2, ""combat_value"": 11, ""token_destroyed"": false}"
2025-10-01T00:04:00,TOKEN,INFO,AL_Batalion__5_Artillerie_Abteilung: start tury (budżet PE=10),"{""allocated_pe"": 10, ""position_q"": 43, ""position_r"": -16, ""move_points"": 6, ""fuel"": 2, ""combat_value"": 11}"
2025-10-01T00:04:00,TOKEN,INFO,"AL_Batalion__5_Artillerie_Abteilung: ruch na (44, -16) udany","{""destination_q"": 44, ""destination_r"": -16, ""remaining_mp"": 5, ""remaining_fuel"": 1}"
2025-10-01T00:04:00,TOKEN,DEBUG,AL_Batalion__5_Artillerie_Abteilung: uzupełnia paliwo o 1,"{""fuel_after"": 2}"
2025-10-01T00:04:00,TOKEN,INFO,AL_Batalion__5_Artillerie_Abteilung: koniec tury (wydane PE=1),"{""allocated_pe"": 10, ""spent_pe"": 1, ""unused_pe"": 9, ""movement_success"": true, ""movement_attempts"": 1, ""movement_destination"": [44, -16], ""attack_attempted"": false, ""attack_success"": false, ""counterattack"": null, ""damage_dealt"": null, ""damage_taken"": null, ""attacker_remaining"": null, ""defender_remaining"": null, ""resupply_budget"": 10, ""resupply_spent"": 1, ""refueled"": 1, ""combat_restored"": 0, ""remaining_mp"": 5, ""remaining_fuel"": 2, ""combat_value"": 11, ""token_destroyed"": false}"
2025-10-01T00:04:00,TOKEN,INFO,P_Pluton__5_Sch_tzen_Kompanie_20250913214034: start tury (budżet PE=10),"{""allocated_pe"": 10, ""position_q"": 46, ""position_r"": -17, ""move_points"": 2, ""fuel"": 2, ""combat_value"": 8}"
2025-10-01T00:04:00,TOKEN,INFO,"P_Pluton__5_Sch_tzen_Kompanie_20250913214034: ruch na (47, -17) udany","{""destination_q"": 47, ""destination_r"": -17, ""remaining_mp"": 1, ""remaining_fuel"": 1}"
2025-10-01T00:04:00,TOKEN,DEBUG,P_Pluton__5_Sch_tzen_Kompanie_20250913214034: uzupełnia paliwo o 1,"{""fuel_after"": 2}"
2025-10-01T00:04:00,TOKEN,INFO,P_Pluton__5_Sch_tzen_Kompanie_20250913214034: koniec tury (wydane PE=1),"{""allocated_pe"": 10, ""spent_pe"": 1, ""unused_pe"": 9, ""movement_success"": true, ""movement_attempts"": 1, ""movement_destination"": [47, -17], ""attack_attempted"": false, ""attack_success"": false, ""counterattack"": null, ""damage_dealt"": null, ""damage_taken"": null, ""attacker_remaining"": null, ""defender_remaining"": null, ""resupply_budget"": 10, ""resupply_spent"": 1, ""refueled"": 1, ""combat_restored"": 0, ""remaining_mp"": 1, ""remaining_fuel"": 2, ""combat_value"": 8, ""token_destroyed"": false}"
2025-10-01T00:04:00,TOKEN,INFO,Z_Kompania__5_Unterst_tzungs_Bataillon: start tury (budżet PE=10),"{""allocated_pe"": 10, ""position_q"": 48, ""position_r"": -18, ""move_points"": 5, ""fuel"": 4, ""combat_value"": 6}"
2025-10-01T00:04:00,TOKEN,INFO,"Z_Kompania__5_Unterst_tzungs_Bataillon: ruch na (49, -18) udany","{""destination_q"": 49, ""destination_r"": -18, ""remaining_mp"": 4, ""remaining_fuel"": 3}"
2025-10-01T00:04:00,TOKEN,DEBUG,Z_Kompania__5_Unterst_tzungs_Bataillon: uzupełnia paliwo o 1,"{""fuel_after"": 4}"
2025-10-01T00:04:00,TOKEN,INFO,Z_Kompania__5_Unterst_tzungs_Bataillon: koniec tury (wydane PE=1),"{""allocated_pe"": 10, ""spent_pe"": 1, ""unused_pe"": 9, ""movement_success"": true, ""movement_attempts"": 1, ""movement_destination"": [49, -18], ""attack_attempted"": false, ""attack_success"": false, ""counterattack"": null, ""damage_dealt"": null, ""damage_taken"": null, ""attacker_remaining"": null, ""defender_remaining"": null, ""resupply_budget"": 10, ""resupply_spent"": 1, ""refueled"": 1, ""combat_restored"": 0, ""remaining_mp"": 4, ""remaining_fuel"": 4, ""combat_value"": 6, ""token_destroyed"": false}"
2025-10-01T00:04:00,TOKEN,INFO,Z_Pluton__5_Versorgungs_Kompanie: start tury (budżet PE=10),"{""allocated_pe"": 10, ""position_q"": 48, ""position_r"": -15, ""move_points"": 9, ""fuel"": 4, ""combat_value"": 4}"
2025-10-01T00:04:00,TOKEN,INFO,"Z_Pluton__5_Versorgungs_Kompanie: ruch na (49, -15) udany","{""destination_q"": 49, ""destination_r"": -15, ""remaining_mp"": 8, ""remaining_fuel"": 3}"
2025-10-01T00:04:00,TOKEN,DEBUG,Z_Pluton__5_Versorgungs_Kompanie: uzupełnia paliwo o 1,"{""fuel_after"": 4}"
2025-10-01T00:04:00,TOKEN,INFO,Z_Pluton__5_Versorgungs_Kompanie: koniec tury (wydane PE=1),"{""allocated_pe"": 10, ""spent_pe"": 1, ""unused_pe"": 9, ""movement_success"": true, ""movement_attempts"": 1, ""movement_destination"": [49, -15], ""attack_attempted"": false, ""attack_success"": false, ""counterattack"": null, ""damage_dealt"": null, ""damage_taken"": null, ""attacker_remaining"": null, ""defender_remaining"": null, ""resupply_budget"": 10, ""resupply_spent"": 1, ""refueled"": 1, ""combat_restored"": 0, ""remaining_mp"": 8, ""remaining_fuel"": 4, ""combat_value"": 4, ""token_destroyed"": false}"
2025-10-01T00:04:00,TOKEN,INFO,Z_Pluton__5_Unterst_tzungs_Bataillon: start tury (budżet PE=10),"{""allocated_pe"": 10, ""position_q"": 49, ""position_r"": -17, ""move_points"": 5, ""fuel"": 4, ""combat_value"": 4}"
2025-10-01T00:04:00,TOKEN,INFO,"Z_Pluton__5_Unterst_tzungs_Bataillon: ruch na (50, -17) udany","{""destination_q"": 50, ""destination_r"": -17, ""remaining_mp"": 4, ""remaining_fuel"": 3}"
2025-10-01T00:04:00,TOKEN,DEBUG,Z_Pluton__5_Unterst_tzungs_Bataillon: uzupełnia paliwo o 1,"{""fuel_after"": 4}"
2025-10-01T00:04:00,TOKEN,INFO,Z_Pluton__5_Unterst_tzungs_Bataillon: koniec tury (wydane PE=1),"{""allocated_pe"": 10, ""spent_pe"": 1, ""unused_pe"": 9, ""movement_success"": true, ""movement_attempts"": 1, ""movement_destination"": [50, -17], ""attack_attempted"": false, ""attack_success"": false, ""counterattack"": null, ""damage_dealt"": null, ""damage_taken"": null, ""attacker_remaining"": null, ""defender_remaining"": null, ""resupply_budget"": 10, ""resupply_spent"": 1, ""refueled"": 1, ""combat_restored"": 0, ""remaining_mp"": 4, ""remaining_fuel"": 4, ""combat_value"": 4, ""token_destroyed"": false}"
2025-10-01T00:04:00,TOKEN,INFO,Z_Pluton__5_Unterst_tzungs_Bataillon_20250913214038: start tury (budżet PE=10),"{""allocated_pe"": 10, ""position_q"": 50, ""position_r"": -15, ""move_points"": 9, ""fuel"": 4, ""combat_value"": 4}"
2025-10-01T00:04:00,TOKEN,INFO,"Z_Pluton__5_Unterst_tzungs_Bataillon_20250913214038: ruch na (51, -15) udany","{""destination_q"": 51, ""destination_r"": -15, ""remaining_mp"": 8, ""remaining_fuel"": 3}"
2025-10-01T00:04:00,TOKEN,DEBUG,Z_Pluton__5_Unterst_tzungs_Bataillon_20250913214038: uzupełnia paliwo o 1,"{""fuel_after"": 4}"
2025-10-01T00:04:00,TOKEN,INFO,Z_Pluton__5_Unterst_tzungs_Bataillon_20250913214038: koniec tury (wydane PE=1),"{""allocated_pe"": 10, ""spent_pe"": 1, ""unused_pe"": 9, ""movement_success"": true, ""movement_attempts"": 1, ""movement_destination"": [51, -15], ""attack_attempted"": false, ""attack_success"": false, ""counterattack"": null, ""damage_dealt"": null, ""damage_taken"": null, ""attacker_remaining"": null, ""defender_remaining"": null, ""resupply_budget"": 10, ""resupply_spent"": 1, ""refueled"": 1, ""combat_restored"": 0, ""remaining_mp"": 8, ""remaining_fuel"": 4, ""combat_value"": 4, ""token_destroyed"": false}"
2025-10-01T00:04:00,TOKEN,INFO,P_Pluton__6_Sch_tzen_Kompanie: start tury (budżet PE=10),"{""allocated_pe"": 10, ""position_q"": 42, ""position_r"": -1, ""move_points"": 5, ""fuel"": 2, ""combat_value"": 8}"
2025-10-01T00:04:00,TOKEN,INFO,"P_Pluton__6_Sch_tzen_Kompanie: ruch na (43, -1) udany","{""destination_q"": 43, ""destination_r"": -1, ""remaining_mp"": 4, ""remaining_fuel"": 1}"
2025-10-01T00:04:00,TOKEN,DEBUG,P_Pluton__6_Sch_tzen_Kompanie: uzupełnia paliwo o 1,"{""fuel_after"": 2}"
2025-10-01T00:04:00,TOKEN,INFO,P_Pluton__6_Sch_tzen_Kompanie: koniec tury (wydane PE=1),"{""allocated_pe"": 10, ""spent_pe"": 1, ""unused_pe"": 9, ""movement_success"": true, ""movement_attempts"": 1, ""movement_destination"": [43, -1], ""attack_attempted"": false, ""attack_success"": false, ""counterattack"": null, ""damage_dealt"": null, ""damage_taken"": null, ""attacker_remaining"": null, ""defender_remaining"": null, ""resupply_budget"": 10, ""resupply_spent"": 1, ""refueled"": 1, ""combat_restored"": 0, ""remaining_mp"": 4, ""remaining_fuel"": 2, ""combat_value"": 8, ""token_destroyed"": false}"
2025-10-01T00:04:00,TOKEN,INFO,P_Pluton__6_Infanterie_Regiment: start tury (budżet PE=10),"{""allocated_pe"": 10, ""position_q"": 43, ""position_r"": 3, ""move_points"": 5, ""fuel"": 2, ""combat_value"": 8}"
2025-10-01T00:04:00,TOKEN,INFO,"P_Pluton__6_Infanterie_Regiment: ruch na (44, 3) udany","{""destination_q"": 44, ""destination_r"": 3, ""remaining_mp"": 4, ""remaining_fuel"": 1}"
2025-10-01T00:04:00,TOKEN,DEBUG,P_Pluton__6_Infanterie_Regiment: uzupełnia paliwo o 1,"{""fuel_after"": 2}"
2025-10-01T00:04:00,TOKEN,INFO,P_Pluton__6_Infanterie_Regiment: koniec tury (wydane PE=1),"{""allocated_pe"": 10, ""spent_pe"": 1, ""unused_pe"": 9, ""movement_success"": true, ""movement_attempts"": 1, ""movement_destination"": [44, 3], ""attack_attempted"": false, ""attack_success"": false, ""counterattack"": null, ""damage_dealt"": null, ""damage_taken"": null, ""attacker_remaining"": null, ""defender_remaining"": null, ""resupply_budget"": 10, ""resupply_spent"": 1, ""refueled"": 1, ""combat_restored"": 0, ""remaining_mp"": 4, ""remaining_fuel"": 2, ""combat_value"": 8, ""token_destroyed"": false}"
2025-10-01T00:04:00,TOKEN,INFO,Z_Pluton__6_Unterst_tzungs_Bataillon_20250913214051: start tury (budżet PE=10),"{""allocated_pe"": 10, ""position_q"": 44, ""position_r"": 1, ""move_points"": 8, ""fuel"": 4, ""combat_value"": 4}"
2025-10-01T00:04:00,TOKEN,INFO,"Z_Pluton__6_Unterst_tzungs_Bataillon_20250913214051: ruch na (45, 1) udany","{""destination_q"": 45, ""destination_r"": 1, ""remaining_mp"": 7, ""remaining_fuel"": 3}"
2025-10-01T00:04:00,TOKEN,DEBUG,Z_Pluton__6_Unterst_tzungs_Bataillon_20250913214051: uzupełnia paliwo o 1,"{""fuel_after"": 4}"
2025-10-01T00:04:00,TOKEN,INFO,Z_Pluton__6_Unterst_tzungs_Bataillon_20250913214051: koniec tury (wydane PE=1),"{""allocated_pe"": 10, ""spent_pe"": 1, ""unused_pe"": 9, ""movement_success"": true, ""movement_attempts"": 1, ""movement_destination"": [45, 1], ""attack_attempted"": false, ""attack_success"": false, ""counterattack"": null, ""damage_dealt"": null, ""damage_taken"": null, ""attacker_remaining"": null, ""defender_remaining"": null, ""resupply_budget"": 10, ""resupply_spent"": 1, ""refueled"": 1, ""combat_restored"": 0, ""remaining_mp"": 7, ""remaining_fuel"": 4, ""combat_value"": 4, ""token_destroyed"": false}"
2025-10-01T00:04:00,TOKEN,INFO,P_Pluton__6_Grenadier_Bataillon: start tury (budżet PE=10),"{""allocated_pe"": 10, ""position_q"": 49, ""position_r"": -12, ""move_points"": 5, ""fuel"": 2, ""combat_value"": 8}"
2025-10-01T00:04:00,TOKEN,INFO,"P_Pluton__6_Grenadier_Bataillon: ruch na (48, -12) udany","{""destination_q"": 48, ""destination_r"": -12, ""remaining_mp"": 4, ""remaining_fuel"": 1}"
2025-10-01T00:04:00,TOKEN,DEBUG,P_Pluton__6_Grenadier_Bataillon: uzupełnia paliwo o 1,"{""fuel_after"": 2}"
2025-10-01T00:04:00,TOKEN,INFO,P_Pluton__6_Grenadier_Bataillon: koniec tury (wydane PE=1),"{""allocated_pe"": 10, ""spent_pe"": 1, ""unused_pe"": 9, ""movement_success"": true, ""movement_attempts"": 1, ""movement_destination"": [48, -12], ""attack_attempted"": false, ""attack_success"": false, ""counterattack"": null, ""damage_dealt"": null, ""damage_taken"": null, ""attacker_remaining"": null, ""defender_remaining"": null, ""resupply_budget"": 10, ""resupply_spent"": 1, ""refueled"": 1, ""combat_restored"": 0, ""remaining_mp"": 4, ""remaining_fuel"": 2, ""combat_value"": 8, ""token_destroyed"": false}"
2025-10-01T00:04:00,TOKEN,INFO,Z_Batalion__6_Versorgungs_Kompanie: start tury (budżet PE=10),"{""allocated_pe"": 10, ""position_q"": 52, ""position_r"": -17, ""move_points"": 6, ""fuel"": 4, ""combat_value"": 7}"
2025-10-01T00:04:00,TOKEN,INFO,"Z_Batalion__6_Versorgungs_Kompanie: ruch na (53, -18) udany","{""destination_q"": 53, ""destination_r"": -18, ""remaining_mp"": 5, ""remaining_fuel"": 3}"
2025-10-01T00:04:00,TOKEN,DEBUG,Z_Batalion__6_Versorgungs_Kompanie: uzupełnia paliwo o 1,"{""fuel_after"": 4}"
2025-10-01T00:04:00,TOKEN,INFO,Z_Batalion__6_Versorgungs_Kompanie: koniec tury (wydane PE=1),"{""allocated_pe"": 10, ""spent_pe"": 1, ""unused_pe"": 9, ""movement_success"": true, ""movement_attempts"": 1, ""movement_destination"": [53, -18], ""attack_attempted"": false, ""attack_success"": false, ""counterattack"": null, ""damage_dealt"": null, ""damage_taken"": null, ""attacker_remaining"": null, ""defender_remaining"": null, ""resupply_budget"": 10, ""resupply_spent"": 1, ""refueled"": 1, ""combat_restored"": 0, ""remaining_mp"": 5, ""remaining_fuel"": 4, ""combat_value"": 7, ""token_destroyed"": false}"
2025-10-01T00:04:00,TOKEN,INFO,Z_Pluton__6_Unterst_tzungs_Bataillon_20250913214048: start tury (budżet PE=10),"{""allocated_pe"": 10, ""position_q"": 49, ""position_r"": -10, ""move_points"": 8, ""fuel"": 4, ""combat_value"": 4}"
2025-10-01T00:04:00,TOKEN,INFO,"Z_Pluton__6_Unterst_tzungs_Bataillon_20250913214048: ruch na (48, -10) udany","{""destination_q"": 48, ""destination_r"": -10, ""remaining_mp"": 7, ""remaining_fuel"": 3}"
2025-10-01T00:04:00,TOKEN,DEBUG,Z_Pluton__6_Unterst_tzungs_Bataillon_20250913214048: uzupełnia paliwo o 1,"{""fuel_after"": 4}"
2025-10-01T00:04:00,TOKEN,INFO,Z_Pluton__6_Unterst_tzungs_Bataillon_20250913214048: koniec tury (wydane PE=1),"{""allocated_pe"": 10, ""spent_pe"": 1, ""unused_pe"": 9, ""movement_success"": true, ""movement_attempts"": 1, ""movement_destination"": [48, -10], ""attack_attempted"": false, ""attack_success"": false, ""counterattack"": null, ""damage_dealt"": null, ""damage_taken"": null, ""attacker_remaining"": null, ""defender_remaining"": null, ""resupply_budget"": 10, ""resupply_spent"": 1, ""refueled"": 1, ""combat_restored"": 0, ""remaining_mp"": 7, ""remaining_fuel"": 4, ""combat_value"": 4, ""token_destroyed"": false}"
2025-10-01T00:04:00,TOKEN,INFO,P_Kompania__6_Sch_tzen_Kompanie: start tury (budżet PE=10),"{""allocated_pe"": 10, ""position_q"": 53, ""position_r"": -10, ""move_points"": 5, ""fuel"": 2, ""combat_value"": 11}"
2025-10-01T00:04:00,TOKEN,INFO,"P_Kompania__6_Sch_tzen_Kompanie: ruch na (52, -10) udany","{""destination_q"": 52, ""destination_r"": -10, ""remaining_mp"": 4, ""remaining_fuel"": 1}"
2025-10-01T00:04:00,TOKEN,DEBUG,P_Kompania__6_Sch_tzen_Kompanie: uzupełnia paliwo o 1,"{""fuel_after"": 2}"
2025-10-01T00:04:00,TOKEN,INFO,P_Kompania__6_Sch_tzen_Kompanie: koniec tury (wydane PE=1),"{""allocated_pe"": 10, ""spent_pe"": 1, ""unused_pe"": 9, ""movement_success"": true, ""movement_attempts"": 1, ""movement_destination"": [52, -10], ""attack_attempted"": false, ""attack_success"": false, ""counterattack"": null, ""damage_dealt"": null, ""damage_taken"": null, ""attacker_remaining"": null, ""defender_remaining"": null, ""resupply_budget"": 10, ""resupply_spent"": 1, ""refueled"": 1, ""combat_restored"": 0, ""remaining_mp"": 4, ""remaining_fuel"": 2, ""combat_value"": 11, ""token_destroyed"": false}"
2025-10-01T00:04:00,TOKEN,INFO,Z_Pluton__6_Versorgungs_Kompanie: start tury (budżet PE=10),"{""allocated_pe"": 10, ""position_q"": 55, ""position_r"": -14, ""move_points"": 8, ""fuel"": 4, ""combat_value"": 4}"
2025-10-01T00:04:00,TOKEN,INFO,"Z_Pluton__6_Versorgungs_Kompanie: ruch na (55, -15) udany","{""destination_q"": 55, ""destination_r"": -15, ""remaining_mp"": 7, ""remaining_fuel"": 3}"
2025-10-01T00:04:00,TOKEN,DEBUG,Z_Pluton__6_Versorgungs_Kompanie: uzupełnia paliwo o 1,"{""fuel_after"": 4}"
2025-10-01T00:04:00,TOKEN,INFO,Z_Pluton__6_Versorgungs_Kompanie: koniec tury (wydane PE=1),"{""allocated_pe"": 10, ""spent_pe"": 1, ""unused_pe"": 9, ""movement_success"": true, ""movement_attempts"": 1, ""movement_destination"": [55, -15], ""attack_attempted"": false, ""attack_success"": false, ""counterattack"": null, ""damage_dealt"": null, ""damage_taken"": null, ""attacker_remaining"": null, ""defender_remaining"": null, ""resupply_budget"": 10, ""resupply_spent"": 1, ""refueled"": 1, ""combat_restored"": 0, ""remaining_mp"": 7, ""remaining_fuel"": 4, ""combat_value"": 4, ""token_destroyed"": false}"
2025-10-01T00:04:00,TOKEN,INFO,Z_Pluton__6_Unterst_tzungs_Bataillon: start tury (budżet PE=10),"{""allocated_pe"": 10, ""position_q"": 55, ""position_r"": -13, ""move_points"": 6, ""fuel"": 4, ""combat_value"": 4}"
2025-10-01T00:04:00,TOKEN,INFO,"Z_Pluton__6_Unterst_tzungs_Bataillon: ruch na (55, -14) udany","{""destination_q"": 55, ""destination_r"": -14, ""remaining_mp"": 5, ""remaining_fuel"": 3}"
2025-10-01T00:04:00,TOKEN,DEBUG,Z_Pluton__6_Unterst_tzungs_Bataillon: uzupełnia paliwo o 1,"{""fuel_after"": 4}"
2025-10-01T00:04:00,TOKEN,INFO,Z_Pluton__6_Unterst_tzungs_Bataillon: koniec tury (wydane PE=1),"{""allocated_pe"": 10, ""spent_pe"": 1, ""unused_pe"": 9, ""movement_success"": true, ""movement_attempts"": 1, ""movement_destination"": [55, -14], ""attack_attempted"": false, ""attack_success"": false, ""counterattack"": null, ""damage_dealt"": null, ""damage_taken"": null, ""attacker_remaining"": null, ""defender_remaining"": null, ""resupply_budget"": 10, ""resupply_spent"": 1, ""refueled"": 1, ""combat_restored"": 0, ""remaining_mp"": 5, ""remaining_fuel"": 4, ""combat_value"": 4, ""token_destroyed"": false}"
2025-10-01T00:04:00,TOKEN,INFO,TL_Kompania__2_Batalion_Pancerny: start tury (budżet PE=9),"{""allocated_pe"": 9, ""position_q"": 30, ""position_r"": -11, ""move_points"": 4, ""fuel"": 3, ""combat_value"": 14}"
2025-10-01T00:04:00,TOKEN,INFO,"TL_Kompania__2_Batalion_Pancerny: ruch na (31, -12) udany","{""destination_q"": 31, ""destination_r"": -12, ""remaining_mp"": 3, ""remaining_fuel"": 2}"
2025-10-01T00:04:00,TOKEN,DEBUG,TL_Kompania__2_Batalion_Pancerny: uzupełnia paliwo o 1,"{""fuel_after"": 3}"
2025-10-01T00:04:00,TOKEN,INFO,TL_Kompania__2_Batalion_Pancerny: koniec tury (wydane PE=1),"{""allocated_pe"": 9, ""spent_pe"": 1, ""unused_pe"": 8, ""movement_success"": true, ""movement_attempts"": 1, ""movement_destination"": [31, -12], ""attack_attempted"": false, ""attack_success"": false, ""counterattack"": null, ""damage_dealt"": null, ""damage_taken"": null, ""attacker_remaining"": null, ""defender_remaining"": null, ""resupply_budget"": 9, ""resupply_spent"": 1, ""refueled"": 1, ""combat_restored"": 0, ""remaining_mp"": 3, ""remaining_fuel"": 3, ""combat_value"": 14, ""token_destroyed"": false}"
2025-10-01T00:04:00,TOKEN,INFO,P_Batalion__2_Batalion_Strzelc_w: start tury (budżet PE=9),"{""allocated_pe"": 9, ""position_q"": 31, ""position_r"": -11, ""move_points"": 2, ""fuel"": 2, ""combat_value"": 14}"
2025-10-01T00:04:00,TOKEN,INFO,"P_Batalion__2_Batalion_Strzelc_w: ruch na (32, -11) udany","{""destination_q"": 32, ""destination_r"": -11, ""remaining_mp"": 1, ""remaining_fuel"": 1}"
2025-10-01T00:04:00,TOKEN,DEBUG,P_Batalion__2_Batalion_Strzelc_w: uzupełnia paliwo o 1,"{""fuel_after"": 2}"
2025-10-01T00:04:00,TOKEN,INFO,P_Batalion__2_Batalion_Strzelc_w: koniec tury (wydane PE=1),"{""allocated_pe"": 9, ""spent_pe"": 1, ""unused_pe"": 8, ""movement_success"": true, ""movement_attempts"": 1, ""movement_destination"": [32, -11], ""attack_attempted"": false, ""attack_success"": false, ""counterattack"": null, ""damage_dealt"": null, ""damage_taken"": null, ""attacker_remaining"": null, ""defender_remaining"": null, ""resupply_budget"": 9, ""resupply_spent"": 1, ""refueled"": 1, ""combat_restored"": 0, ""remaining_mp"": 1, ""remaining_fuel"": 2, ""combat_value"": 14, ""token_destroyed"": false}"
2025-10-01T00:04:00,TOKEN,INFO,P_Batalion__2_Batalion_Strzelc_w_20250913214005: start tury (budżet PE=9),"{""allocated_pe"": 9, ""position_q"": 30, ""position_r"": -10, ""move_points"": 7, ""fuel"": 2, ""combat_value"": 14}"
2025-10-01T00:04:00,TOKEN,INFO,"P_Batalion__2_Batalion_Strzelc_w_20250913214005: ruch na (31, -11) udany","{""destination_q"": 31, ""destination_r"": -11, ""remaining_mp"": 6, ""remaining_fuel"": 1}"
2025-10-01T00:04:00,TOKEN,DEBUG,P_Batalion__2_Batalion_Strzelc_w_20250913214005: uzupełnia paliwo o 1,"{""fuel_after"": 2}"
2025-10-01T00:04:00,TOKEN,INFO,P_Batalion__2_Batalion_Strzelc_w_20250913214005: koniec tury (wydane PE=1),"{""allocated_pe"": 9, ""spent_pe"": 1, ""unused_pe"": 8, ""movement_success"": true, ""movement_attempts"": 1, ""movement_destination"": [31, -11], ""attack_attempted"": false, ""attack_success"": false, ""counterattack"": null, ""damage_dealt"": null, ""damage_taken"": null, ""attacker_remaining"": null, ""defender_remaining"": null, ""resupply_budget"": 9, ""resupply_spent"": 1, ""refueled"": 1, ""combat_restored"": 0, ""remaining_mp"": 6, ""remaining_fuel"": 2, ""combat_value"": 14, ""token_destroyed"": false}"
2025-10-01T00:04:00,TOKEN,INFO,P_Pluton__2_Kompania_Grenadier_w: start tury (budżet PE=9),"{""allocated_pe"": 9, ""position_q"": 31, ""position_r"": 5, ""move_points"": 2, ""fuel"": 2, ""combat_value"": 8}"
2025-10-01T00:04:00,TOKEN,INFO,"P_Pluton__2_Kompania_Grenadier_w: ruch na (32, 5) udany","{""destination_q"": 32, ""destination_r"": 5, ""remaining_mp"": 1, ""remaining_fuel"": 1}"
2025-10-01T00:04:00,TOKEN,DEBUG,P_Pluton__2_Kompania_Grenadier_w: uzupełnia paliwo o 1,"{""fuel_after"": 2}"
2025-10-01T00:04:00,TOKEN,INFO,P_Pluton__2_Kompania_Grenadier_w: koniec tury (wydane PE=1),"{""allocated_pe"": 9, ""spent_pe"": 1, ""unused_pe"": 8, ""movement_success"": true, ""movement_attempts"": 1, ""movement_destination"": [32, 5], ""attack_attempted"": false, ""attack_success"": false, ""counterattack"": null, ""damage_dealt"": null, ""damage_taken"": null, ""attacker_remaining"": null, ""defender_remaining"": null, ""resupply_budget"": 9, ""resupply_spent"": 1, ""refueled"": 1, ""combat_restored"": 0, ""remaining_mp"": 1, ""remaining_fuel"": 2, ""combat_value"": 8, ""token_destroyed"": false}"
2025-10-01T00:04:00,TOKEN,INFO,Z_Pluton__2_Batalion_Wsparcia: start tury (budżet PE=9),"{""allocated_pe"": 9, ""position_q"": 31, ""position_r"": 0, ""move_points"": 5, ""fuel"": 4, ""combat_value"": 4}"
2025-10-01T00:04:00,TOKEN,INFO,"Z_Pluton__2_Batalion_Wsparcia: ruch na (32, -1) udany","{""destination_q"": 32, ""destination_r"": -1, ""remaining_mp"": 4, ""remaining_fuel"": 3}"
2025-10-01T00:04:00,TOKEN,DEBUG,Z_Pluton__2_Batalion_Wsparcia: uzupełnia paliwo o 1,"{""fuel_after"": 4}"
2025-10-01T00:04:00,TOKEN,INFO,Z_Pluton__2_Batalion_Wsparcia: koniec tury (wydane PE=1),"{""allocated_pe"": 9, ""spent_pe"": 1, ""unused_pe"": 8, ""movement_success"": true, ""movement_attempts"": 1, ""movement_destination"": [32, -1], ""attack_attempted"": false, ""attack_success"": false, ""counterattack"": null, ""damage_dealt"": null, ""damage_taken"": null, ""attacker_remaining"": null, ""defender_remaining"": null, ""resupply_budget"": 9, ""resupply_spent"": 1, ""refueled"": 1, ""combat_restored"": 0, ""remaining_mp"": 4, ""remaining_fuel"": 4, ""combat_value"": 4, ""token_destroyed"": false}"
2025-10-01T00:04:00,TOKEN,INFO,P_Kompania__2_Pu_k_Piechoty: start tury (budżet PE=9),"{""allocated_pe"": 9, ""position_q"": 33, ""position_r"": -3, ""move_points"": 2, ""fuel"": 2, ""combat_value"": 11}"
2025-10-01T00:04:00,TOKEN,INFO,"P_Kompania__2_Pu_k_Piechoty: ruch na (34, -4) udany","{""destination_q"": 34, ""destination_r"": -4, ""remaining_mp"": 1, ""remaining_fuel"": 1}"
2025-10-01T00:04:00,TOKEN,DEBUG,P_Kompania__2_Pu_k_Piechoty: uzupełnia paliwo o 1,"{""fuel_after"": 2}"
2025-10-01T00:04:00,TOKEN,INFO,P_Kompania__2_Pu_k_Piechoty: koniec tury (wydane PE=1),"{""allocated_pe"": 9, ""spent_pe"": 1, ""unused_pe"": 8, ""movement_success"": true, ""movement_attempts"": 1, ""movement_destination"": [34, -4], ""attack_attempted"": false, ""attack_success"": false, ""counterattack"": null, ""damage_dealt"": null, ""damage_taken"": null, ""attacker_remaining"": null, ""defender_remaining"": null, ""resupply_budget"": 9, ""resupply_spent"": 1, ""refueled"": 1, ""combat_restored"": 0, ""remaining_mp"": 1, ""remaining_fuel"": 2, ""combat_value"": 11, ""token_destroyed"": false}"
2025-10-01T00:04:00,TOKEN,INFO,Z_Pluton__2_Oddzia_Rozpoznawczy: start tury (budżet PE=9),"{""allocated_pe"": 9, ""position_q"": 33, ""position_r"": -2, ""move_points"": 6, ""fuel"": 4, ""combat_value"": 4}"
2025-10-01T00:04:00,TOKEN,INFO,"Z_Pluton__2_Oddzia_Rozpoznawczy: ruch na (33, -3) udany","{""destination_q"": 33, ""destination_r"": -3, ""remaining_mp"": 5, ""remaining_fuel"": 3}"
2025-10-01T00:04:00,TOKEN,DEBUG,Z_Pluton__2_Oddzia_Rozpoznawczy: uzupełnia paliwo o 1,"{""fuel_after"": 4}"
2025-10-01T00:04:00,TOKEN,INFO,Z_Pluton__2_Oddzia_Rozpoznawczy: koniec tury (wydane PE=1),"{""allocated_pe"": 9, ""spent_pe"": 1, ""unused_pe"": 8, ""movement_success"": true, ""movement_attempts"": 1, ""movement_destination"": [33, -3], ""attack_attempted"": false, ""attack_success"": false, ""counterattack"": null, ""damage_dealt"": null, ""damage_taken"": null, ""attacker_remaining"": null, ""defender_remaining"": null, ""resupply_budget"": 9, ""resupply_spent"": 1, ""refueled"": 1, ""combat_restored"": 0, ""remaining_mp"": 5, ""remaining_fuel"": 4, ""combat_value"": 4, ""token_destroyed"": false}"
2025-10-01T00:04:00,TOKEN,INFO,P_Pluton__2_Kompania_Grenadier_w_20250913214010: start tury (budżet PE=9),"{""allocated_pe"": 9, ""position_q"": 33, ""position_r"": 2, ""move_points"": 2, ""fuel"": 2, ""combat_value"": 8}"
2025-10-01T00:04:00,TOKEN,INFO,"P_Pluton__2_Kompania_Grenadier_w_20250913214010: ruch na (34, 2) udany","{""destination_q"": 34, ""destination_r"": 2, ""remaining_mp"": 1, ""remaining_fuel"": 1}"
2025-10-01T00:04:00,TOKEN,DEBUG,P_Pluton__2_Kompania_Grenadier_w_20250913214010: uzupełnia paliwo o 1,"{""fuel_after"": 2}"
2025-10-01T00:04:00,TOKEN,INFO,P_Pluton__2_Kompania_Grenadier_w_20250913214010: koniec tury (wydane PE=1),"{""allocated_pe"": 9, ""spent_pe"": 1, ""unused_pe"": 8, ""movement_success"": true, ""movement_attempts"": 1, ""movement_destination"": [34, 2], ""attack_attempted"": false, ""attack_success"": false, ""counterattack"": null, ""damage_dealt"": null, ""damage_taken"": null, ""attacker_remaining"": null, ""defender_remaining"": null, ""resupply_budget"": 9, ""resupply_spent"": 1, ""refueled"": 1, ""combat_restored"": 0, ""remaining_mp"": 1, ""remaining_fuel"": 2, ""combat_value"": 8, ""token_destroyed"": false}"
2025-10-01T00:04:00,TOKEN,INFO,Z_Batalion__2_Kompania_Zaopatrzeniowa: start tury (budżet PE=9),"{""allocated_pe"": 9, ""position_q"": 29, ""position_r"": -9, ""move_points"": 6, ""fuel"": 4, ""combat_value"": 7}"
2025-10-01T00:04:00,TOKEN,INFO,"Z_Batalion__2_Kompania_Zaopatrzeniowa: ruch na (30, -10) udany","{""destination_q"": 30, ""destination_r"": -10, ""remaining_mp"": 5, ""remaining_fuel"": 3}"
2025-10-01T00:04:00,TOKEN,DEBUG,Z_Batalion__2_Kompania_Zaopatrzeniowa: uzupełnia paliwo o 1,"{""fuel_after"": 4}"
2025-10-01T00:04:00,TOKEN,INFO,Z_Batalion__2_Kompania_Zaopatrzeniowa: koniec tury (wydane PE=1),"{""allocated_pe"": 9, ""spent_pe"": 1, ""unused_pe"": 8, ""movement_success"": true, ""movement_attempts"": 1, ""movement_destination"": [30, -10], ""attack_attempted"": false, ""attack_success"": false, ""counterattack"": null, ""damage_dealt"": null, ""damage_taken"": null, ""attacker_remaining"": null, ""defender_remaining"": null, ""resupply_budget"": 9, ""resupply_spent"": 1, ""refueled"": 1, ""combat_restored"": 0, ""remaining_mp"": 5, ""remaining_fuel"": 4, ""combat_value"": 7, ""token_destroyed"": false}"
2025-10-01T00:04:00,TOKEN,INFO,D_Pluton__2_Dow_dztwo_Einheit: start tury (budżet PE=9),"{""allocated_pe"": 9, ""position_q"": 20, ""position_r"": -9, ""move_points"": 3, ""fuel"": 3, ""combat_value"": 8}"
2025-10-01T00:04:00,TOKEN,INFO,"D_Pluton__2_Dow_dztwo_Einheit: ruch na (21, -9) udany","{""destination_q"": 21, ""destination_r"": -9, ""remaining_mp"": 2, ""remaining_fuel"": 2}"
2025-10-01T00:04:00,TOKEN,DEBUG,D_Pluton__2_Dow_dztwo_Einheit: uzupełnia paliwo o 1,"{""fuel_after"": 3}"
2025-10-01T00:04:00,TOKEN,INFO,D_Pluton__2_Dow_dztwo_Einheit: koniec tury (wydane PE=1),"{""allocated_pe"": 9, ""spent_pe"": 1, ""unused_pe"": 8, ""movement_success"": true, ""movement_attempts"": 1, ""movement_destination"": [21, -9], ""attack_attempted"": false, ""attack_success"": false, ""counterattack"": null, ""damage_dealt"": null, ""damage_taken"": null, ""attacker_remaining"": null, ""defender_remaining"": null, ""resupply_budget"": 9, ""resupply_spent"": 1, ""refueled"": 1, ""combat_restored"": 0, ""remaining_mp"": 2, ""remaining_fuel"": 3, ""combat_value"": 8, ""token_destroyed"": false}"
2025-10-01T00:04:00,TOKEN,INFO,Z_Pluton__3_Batalion_Wsparcia: start tury (budżet PE=10),"{""allocated_pe"": 10, ""position_q"": 12, ""position_r"": 26, ""move_points"": 7, ""fuel"": 4, ""combat_value"": 4}"
2025-10-01T00:04:00,TOKEN,INFO,"Z_Pluton__3_Batalion_Wsparcia: ruch na (13, 26) udany","{""destination_q"": 13, ""destination_r"": 26, ""remaining_mp"": 6, ""remaining_fuel"": 3}"
2025-10-01T00:04:00,TOKEN,DEBUG,Z_Pluton__3_Batalion_Wsparcia: uzupełnia paliwo o 1,"{""fuel_after"": 4}"
2025-10-01T00:04:00,TOKEN,INFO,Z_Pluton__3_Batalion_Wsparcia: koniec tury (wydane PE=1),"{""allocated_pe"": 10, ""spent_pe"": 1, ""unused_pe"": 9, ""movement_success"": true, ""movement_attempts"": 1, ""movement_destination"": [13, 26], ""attack_attempted"": false, ""attack_success"": false, ""counterattack"": null, ""damage_dealt"": null, ""damage_taken"": null, ""attacker_remaining"": null, ""defender_remaining"": null, ""resupply_budget"": 10, ""resupply_spent"": 1, ""refueled"": 1, ""combat_restored"": 0, ""remaining_mp"": 6, ""remaining_fuel"": 4, ""combat_value"": 4, ""token_destroyed"": false}"
2025-10-01T00:04:00,TOKEN,INFO,Z_Pluton__3_Kompania_Zaopatrzeniowa: start tury (budżet PE=10),"{""allocated_pe"": 10, ""position_q"": 22, ""position_r"": 19, ""move_points"": 5, ""fuel"": 4, ""combat_value"": 4}"
2025-10-01T00:04:00,TOKEN,INFO,"Z_Pluton__3_Kompania_Zaopatrzeniowa: ruch na (23, 19) udany","{""destination_q"": 23, ""destination_r"": 19, ""remaining_mp"": 4, ""remaining_fuel"": 3}"
2025-10-01T00:04:00,TOKEN,DEBUG,Z_Pluton__3_Kompania_Zaopatrzeniowa: uzupełnia paliwo o 1,"{""fuel_after"": 4}"
2025-10-01T00:04:00,TOKEN,INFO,Z_Pluton__3_Kompania_Zaopatrzeniowa: koniec tury (wydane PE=1),"{""allocated_pe"": 10, ""spent_pe"": 1, ""unused_pe"": 9, ""movement_success"": true, ""movement_attempts"": 1, ""movement_destination"": [23, 19], ""attack_attempted"": false, ""attack_success"": false, ""counterattack"": null, ""damage_dealt"": null, ""damage_taken"": null, ""attacker_remaining"": null, ""defender_remaining"": null, ""resupply_budget"": 10, ""resupply_spent"": 1, ""refueled"": 1, ""combat_restored"": 0, ""remaining_mp"": 4, ""remaining_fuel"": 4, ""combat_value"": 4, ""token_destroyed"": false}"
2025-10-01T00:04:00,TOKEN,INFO,Z_Pluton__3_Kompania_Zaopatrzeniowa_20250913214023: start tury (budżet PE=10),"{""allocated_pe"": 10, ""position_q"": 22, ""position_r"": 20, ""move_points"": 7, ""fuel"": 4, ""combat_value"": 4}"
2025-10-01T00:04:00,TOKEN,INFO,"Z_Pluton__3_Kompania_Zaopatrzeniowa_20250913214023: ruch na (23, 20) udany","{""destination_q"": 23, ""destination_r"": 20, ""remaining_mp"": 6, ""remaining_fuel"": 3}"
2025-10-01T00:04:00,TOKEN,DEBUG,Z_Pluton__3_Kompania_Zaopatrzeniowa_20250913214023: uzupełnia paliwo o 1,"{""fuel_after"": 4}"
2025-10-01T00:04:00,TOKEN,INFO,Z_Pluton__3_Kompania_Zaopatrzeniowa_20250913214023: koniec tury (wydane PE=1),"{""allocated_pe"": 10, ""spent_pe"": 1, ""unused_pe"": 9, ""movement_success"": true, ""movement_attempts"": 1, ""movement_destination"": [23, 20], ""attack_attempted"": false, ""attack_success"": false, ""counterattack"": null, ""damage_dealt"": null, ""damage_taken"": null, ""attacker_remaining"": null, ""defender_remaining"": null, ""resupply_budget"": 10, ""resupply_spent"": 1, ""refueled"": 1, ""combat_restored"": 0, ""remaining_mp"": 6, ""remaining_fuel"": 4, ""combat_value"": 4, ""token_destroyed"": false}"
2025-10-01T00:04:00,TOKEN,INFO,P_Kompania__3_Batalion_Strzelc_w: start tury (budżet PE=10),"{""allocated_pe"": 10, ""position_q"": 33, ""position_r"": 9, ""move_points"": 7, ""fuel"": 2, ""combat_value"": 11}"
2025-10-01T00:04:00,TOKEN,INFO,"P_Kompania__3_Batalion_Strzelc_w: ruch na (34, 8) udany","{""destination_q"": 34, ""destination_r"": 8, ""remaining_mp"": 6, ""remaining_fuel"": 1}"
2025-10-01T00:04:00,TOKEN,DEBUG,P_Kompania__3_Batalion_Strzelc_w: uzupełnia paliwo o 1,"{""fuel_after"": 2}"
2025-10-01T00:04:00,TOKEN,INFO,P_Kompania__3_Batalion_Strzelc_w: koniec tury (wydane PE=1),"{""allocated_pe"": 10, ""spent_pe"": 1, ""unused_pe"": 9, ""movement_success"": true, ""movement_attempts"": 1, ""movement_destination"": [34, 8], ""attack_attempted"": false, ""attack_success"": false, ""counterattack"": null, ""damage_dealt"": null, ""damage_taken"": null, ""attacker_remaining"": null, ""defender_remaining"": null, ""resupply_budget"": 10, ""resupply_spent"": 1, ""refueled"": 1, ""combat_restored"": 0, ""remaining_mp"": 6, ""remaining_fuel"": 2, ""combat_value"": 11, ""token_destroyed"": false}"
2025-10-01T00:04:00,TOKEN,INFO,P_Pluton__3_Pu_k_Piechoty: start tury (budżet PE=10),"{""allocated_pe"": 10, ""position_q"": 32, ""position_r"": 10, ""move_points"": 4, ""fuel"": 2, ""combat_value"": 8}"
2025-10-01T00:04:00,TOKEN,INFO,"P_Pluton__3_Pu_k_Piechoty: ruch na (33, 9) udany","{""destination_q"": 33, ""destination_r"": 9, ""remaining_mp"": 3, ""remaining_fuel"": 1}"
2025-10-01T00:04:00,TOKEN,DEBUG,P_Pluton__3_Pu_k_Piechoty: uzupełnia paliwo o 1,"{""fuel_after"": 2}"
2025-10-01T00:04:00,TOKEN,INFO,P_Pluton__3_Pu_k_Piechoty: koniec tury (wydane PE=1),"{""allocated_pe"": 10, ""spent_pe"": 1, ""unused_pe"": 9, ""movement_success"": true, ""movement_attempts"": 1, ""movement_destination"": [33, 9], ""attack_attempted"": false, ""attack_success"": false, ""counterattack"": null, ""damage_dealt"": null, ""damage_taken"": null, ""attacker_remaining"": null, ""defender_remaining"": null, ""resupply_budget"": 10, ""resupply_spent"": 1, ""refueled"": 1, ""combat_restored"": 0, ""remaining_mp"": 3, ""remaining_fuel"": 2, ""combat_value"": 8, ""token_destroyed"": false}"
2025-10-01T00:04:00,TOKEN,INFO,P_Batalion__3_Pu_k_Piechoty: start tury (budżet PE=10),"{""allocated_pe"": 10, ""position_q"": 33, ""position_r"": 10, ""move_points"": 4, ""fuel"": 2, ""combat_value"": 14}"
2025-10-01T00:04:00,TOKEN,INFO,"P_Batalion__3_Pu_k_Piechoty: ruch na (32, 10) udany","{""destination_q"": 32, ""destination_r"": 10, ""remaining_mp"": 3, ""remaining_fuel"": 1}"
2025-10-01T00:04:00,TOKEN,DEBUG,P_Batalion__3_Pu_k_Piechoty: uzupełnia paliwo o 1,"{""fuel_after"": 2}"
2025-10-01T00:04:00,TOKEN,INFO,P_Batalion__3_Pu_k_Piechoty: koniec tury (wydane PE=1),"{""allocated_pe"": 10, ""spent_pe"": 1, ""unused_pe"": 9, ""movement_success"": true, ""movement_attempts"": 1, ""movement_destination"": [32, 10], ""attack_attempted"": false, ""attack_success"": false, ""counterattack"": null, ""damage_dealt"": null, ""damage_taken"": null, ""attacker_remaining"": null, ""defender_remaining"": null, ""resupply_budget"": 10, ""resupply_spent"": 1, ""refueled"": 1, ""combat_restored"": 0, ""remaining_mp"": 3, ""remaining_fuel"": 2, ""combat_value"": 14, ""token_destroyed"": false}"
2025-10-01T00:04:00,TOKEN,INFO,Z_Kompania__3_Kompania_Zaopatrzeniowa: start tury (budżet PE=10),"{""allocated_pe"": 10, ""position_q"": 39, ""position_r"": 10, ""move_points"": 5, ""fuel"": 4, ""combat_value"": 6}"
2025-10-01T00:04:00,TOKEN,INFO,"Z_Kompania__3_Kompania_Zaopatrzeniowa: ruch na (40, 10) udany","{""destination_q"": 40, ""destination_r"": 10, ""remaining_mp"": 4, ""remaining_fuel"": 3}"
2025-10-01T00:04:00,TOKEN,DEBUG,Z_Kompania__3_Kompania_Zaopatrzeniowa: uzupełnia paliwo o 1,"{""fuel_after"": 4}"
2025-10-01T00:04:00,TOKEN,INFO,Z_Kompania__3_Kompania_Zaopatrzeniowa: koniec tury (wydane PE=1),"{""allocated_pe"": 10, ""spent_pe"": 1, ""unused_pe"": 9, ""movement_success"": true, ""movement_attempts"": 1, ""movement_destination"": [40, 10], ""attack_attempted"": false, ""attack_success"": false, ""counterattack"": null, ""damage_dealt"": null, ""damage_taken"": null, ""attacker_remaining"": null, ""defender_remaining"": null, ""resupply_budget"": 10, ""resupply_spent"": 1, ""refueled"": 1, ""combat_restored"": 0, ""remaining_mp"": 4, ""remaining_fuel"": 4, ""combat_value"": 6, ""token_destroyed"": false}"
2025-10-01T00:04:00,TOKEN,INFO,P_Pluton__3_Kompania_Grenadier_w: start tury (budżet PE=10),"{""allocated_pe"": 10, ""position_q"": 40, ""position_r"": 11, ""move_points"": 4, ""fuel"": 2, ""combat_value"": 8}"
2025-10-01T00:04:00,TOKEN,INFO,"P_Pluton__3_Kompania_Grenadier_w: ruch na (41, 11) udany","{""destination_q"": 41, ""destination_r"": 11, ""remaining_mp"": 3, ""remaining_fuel"": 1}"
2025-10-01T00:04:00,TOKEN,DEBUG,P_Pluton__3_Kompania_Grenadier_w: uzupełnia paliwo o 1,"{""fuel_after"": 2}"
2025-10-01T00:04:00,TOKEN,INFO,P_Pluton__3_Kompania_Grenadier_w: koniec tury (wydane PE=1),"{""allocated_pe"": 10, ""spent_pe"": 1, ""unused_pe"": 9, ""movement_success"": true, ""movement_attempts"": 1, ""movement_destination"": [41, 11], ""attack_attempted"": false, ""attack_success"": false, ""counterattack"": null, ""damage_dealt"": null, ""damage_taken"": null, ""attacker_remaining"": null, ""defender_remaining"": null, ""resupply_budget"": 10, ""resupply_spent"": 1, ""refueled"": 1, ""combat_restored"": 0, ""remaining_mp"": 3, ""remaining_fuel"": 2, ""combat_value"": 8, ""token_destroyed"": false}"
2025-10-01T00:04:00,TOKEN,INFO,P_Pluton__5_Infanterie_Regiment: start tury (budżet PE=10),"{""allocated_pe"": 10, ""position_q"": 43, ""position_r"": -18, ""move_points"": 6, ""fuel"": 2, ""combat_value"": 8}"
2025-10-01T00:04:00,TOKEN,INFO,"P_Pluton__5_Infanterie_Regiment: ruch na (44, -18) udany","{""destination_q"": 44, ""destination_r"": -18, ""remaining_mp"": 5, ""remaining_fuel"": 1}"
2025-10-01T00:04:00,TOKEN,DEBUG,P_Pluton__5_Infanterie_Regiment: uzupełnia paliwo o 1,"{""fuel_after"": 2}"
2025-10-01T00:04:00,TOKEN,INFO,P_Pluton__5_Infanterie_Regiment: koniec tury (wydane PE=1),"{""allocated_pe"": 10, ""spent_pe"": 1, ""unused_pe"": 9, ""movement_success"": true, ""movement_attempts"": 1, ""movement_destination"": [44, -18], ""attack_attempted"": false, ""attack_success"": false, ""counterattack"": null, ""damage_dealt"": null, ""damage_taken"": null, ""attacker_remaining"": null, ""defender_remaining"": null, ""resupply_budget"": 10, ""resupply_spent"": 1, ""refueled"": 1, ""combat_restored"": 0, ""remaining_mp"": 5, ""remaining_fuel"": 2, ""combat_value"": 8, ""token_destroyed"": false}"
2025-10-01T00:04:00,TOKEN,INFO,P_Kompania__5_Infanterie_Regiment: start tury (budżet PE=10),"{""allocated_pe"": 10, ""position_q"": 42, ""position_r"": -18, ""move_points"": 4, ""fuel"": 2, ""combat_value"": 11}"
2025-10-01T00:04:00,TOKEN,INFO,"P_Kompania__5_Infanterie_Regiment: ruch na (43, -18) udany","{""destination_q"": 43, ""destination_r"": -18, ""remaining_mp"": 3, ""remaining_fuel"": 1}"
2025-10-01T00:04:00,TOKEN,DEBUG,P_Kompania__5_Infanterie_Regiment: uzupełnia paliwo o 1,"{""fuel_after"": 2}"
2025-10-01T00:04:00,TOKEN,INFO,P_Kompania__5_Infanterie_Regiment: koniec tury (wydane PE=1),"{""allocated_pe"": 10, ""spent_pe"": 1, ""unused_pe"": 9, ""movement_success"": true, ""movement_attempts"": 1, ""movement_destination"": [43, -18], ""attack_attempted"": false, ""attack_success"": false, ""counterattack"": null, ""damage_dealt"": null, ""damage_taken"": null, ""attacker_remaining"": null, ""defender_remaining"": null, ""resupply_budget"": 10, ""resupply_spent"": 1, ""refueled"": 1, ""combat_restored"": 0, ""remaining_mp"": 3, ""remaining_fuel"": 2, ""combat_value"": 11, ""token_destroyed"": false}"
2025-10-01T00:04:00,TOKEN,INFO,P_Pluton__5_Sch_tzen_Kompanie: start tury (budżet PE=10),"{""allocated_pe"": 10, ""position_q"": 43, ""position_r"": -15, ""move_points"": 5, ""fuel"": 2, ""combat_value"": 8}"
2025-10-01T00:04:00,TOKEN,INFO,"P_Pluton__5_Sch_tzen_Kompanie: ruch na (43, -16) udany","{""destination_q"": 43, ""destination_r"": -16, ""remaining_mp"": 4, ""remaining_fuel"": 1}"
2025-10-01T00:04:00,TOKEN,DEBUG,P_Pluton__5_Sch_tzen_Kompanie: uzupełnia paliwo o 1,"{""fuel_after"": 2}"
2025-10-01T00:04:00,TOKEN,INFO,P_Pluton__5_Sch_tzen_Kompanie: koniec tury (wydane PE=1),"{""allocated_pe"": 10, ""spent_pe"": 1, ""unused_pe"": 9, ""movement_success"": true, ""movement_attempts"": 1, ""movement_destination"": [43, -16], ""attack_attempted"": false, ""attack_success"": false, ""counterattack"": null, ""damage_dealt"": null, ""damage_taken"": null, ""attacker_remaining"": null, ""defender_remaining"": null, ""resupply_budget"": 10, ""resupply_spent"": 1, ""refueled"": 1, ""combat_restored"": 0, ""remaining_mp"": 4, ""remaining_fuel"": 2, ""combat_value"": 8, ""token_destroyed"": false}"
2025-10-01T00:04:00,TOKEN,INFO,AC_Kompania__5_schwere_Artillerie: start tury (budżet PE=10),"{""allocated_pe"": 10, ""position_q"": 44, ""position_r"": -17, ""move_points"": 5, ""fuel"": 2, ""combat_value"": 11}"
2025-10-01T00:04:00,TOKEN,INFO,"AC_Kompania__5_schwere_Artillerie: ruch na (45, -17) udany","{""destination_q"": 45, ""destination_r"": -17, ""remaining_mp"": 4, ""remaining_fuel"": 1}"
2025-10-01T00:04:00,TOKEN,DEBUG,AC_Kompania__5_schwere_Artillerie: uzupełnia paliwo o 1,"{""fuel_after"": 2}"
2025-10-01T00:04:00,TOKEN,INFO,AC_Kompania__5_schwere_Artillerie: koniec tury (wydane PE=1),"{""allocated_pe"": 10, ""spent_pe"": 1, ""unused_pe"": 9, ""movement_success"": true, ""movement_attempts"": 1, ""movement_destination"": [45, -17], ""attack_attempted"": false, ""attack_success"": false, ""counterattack"": null, ""damage_dealt"": null, ""damage_taken"": null, ""attacker_remaining"": null, ""defender_remaining"": null, ""resupply_budget"": 10, ""resupply_spent"": 1, ""refueled"": 1, ""combat_restored"": 0, ""remaining_mp"": 4, ""remaining_fuel"": 2, ""combat_value"": 11, ""token_destroyed"": false}"
2025-10-01T00:04:00,TOKEN,INFO,AL_Batalion__5_Artillerie_Abteilung: start tury (budżet PE=10),"{""allocated_pe"": 10, ""position_q"": 44, ""position_r"": -16, ""move_points"": 6, ""fuel"": 2, ""combat_value"": 11}"
2025-10-01T00:04:00,TOKEN,INFO,"AL_Batalion__5_Artillerie_Abteilung: ruch na (45, -16) udany","{""destination_q"": 45, ""destination_r"": -16, ""remaining_mp"": 5, ""remaining_fuel"": 1}"
2025-10-01T00:04:00,TOKEN,DEBUG,AL_Batalion__5_Artillerie_Abteilung: uzupełnia paliwo o 1,"{""fuel_after"": 2}"
2025-10-01T00:04:00,TOKEN,INFO,AL_Batalion__5_Artillerie_Abteilung: koniec tury (wydane PE=1),"{""allocated_pe"": 10, ""spent_pe"": 1, ""unused_pe"": 9, ""movement_success"": true, ""movement_attempts"": 1, ""movement_destination"": [45, -16], ""attack_attempted"": false, ""attack_success"": false, ""counterattack"": null, ""damage_dealt"": null, ""damage_taken"": null, ""attacker_remaining"": null, ""defender_remaining"": null, ""resupply_budget"": 10, ""resupply_spent"": 1, ""refueled"": 1, ""combat_restored"": 0, ""remaining_mp"": 5, ""remaining_fuel"": 2, ""combat_value"": 11, ""token_destroyed"": false}"
2025-10-01T00:04:00,TOKEN,INFO,P_Pluton__5_Sch_tzen_Kompanie_20250913214034: start tury (budżet PE=10),"{""allocated_pe"": 10, ""position_q"": 47, ""position_r"": -17, ""move_points"": 2, ""fuel"": 2, ""combat_value"": 8}"
2025-10-01T00:04:00,TOKEN,INFO,"P_Pluton__5_Sch_tzen_Kompanie_20250913214034: ruch na (48, -17) udany","{""destination_q"": 48, ""destination_r"": -17, ""remaining_mp"": 1, ""remaining_fuel"": 1}"
2025-10-01T00:04:00,TOKEN,DEBUG,P_Pluton__5_Sch_tzen_Kompanie_20250913214034: uzupełnia paliwo o 1,"{""fuel_after"": 2}"
2025-10-01T00:04:00,TOKEN,INFO,P_Pluton__5_Sch_tzen_Kompanie_20250913214034: koniec tury (wydane PE=1),"{""allocated_pe"": 10, ""spent_pe"": 1, ""unused_pe"": 9, ""movement_success"": true, ""movement_attempts"": 1, ""movement_destination"": [48, -17], ""attack_attempted"": false, ""attack_success"": false, ""counterattack"": null, ""damage_dealt"": null, ""damage_taken"": null, ""attacker_remaining"": null, ""defender_remaining"": null, ""resupply_budget"": 10, ""resupply_spent"": 1, ""refueled"": 1, ""combat_restored"": 0, ""remaining_mp"": 1, ""remaining_fuel"": 2, ""combat_value"": 8, ""token_destroyed"": false}"
2025-10-01T00:04:00,TOKEN,INFO,Z_Kompania__5_Unterst_tzungs_Bataillon: start tury (budżet PE=10),"{""allocated_pe"": 10, ""position_q"": 49, ""position_r"": -18, ""move_points"": 5, ""fuel"": 4, ""combat_value"": 6}"
2025-10-01T00:04:00,TOKEN,INFO,"Z_Kompania__5_Unterst_tzungs_Bataillon: ruch na (50, -19) udany","{""destination_q"": 50, ""destination_r"": -19, ""remaining_mp"": 4, ""remaining_fuel"": 3}"
2025-10-01T00:04:00,TOKEN,DEBUG,Z_Kompania__5_Unterst_tzungs_Bataillon: uzupełnia paliwo o 1,"{""fuel_after"": 4}"
2025-10-01T00:04:00,TOKEN,INFO,Z_Kompania__5_Unterst_tzungs_Bataillon: koniec tury (wydane PE=1),"{""allocated_pe"": 10, ""spent_pe"": 1, ""unused_pe"": 9, ""movement_success"": true, ""movement_attempts"": 1, ""movement_destination"": [50, -19], ""attack_attempted"": false, ""attack_success"": false, ""counterattack"": null, ""damage_dealt"": null, ""damage_taken"": null, ""attacker_remaining"": null, ""defender_remaining"": null, ""resupply_budget"": 10, ""resupply_spent"": 1, ""refueled"": 1, ""combat_restored"": 0, ""remaining_mp"": 4, ""remaining_fuel"": 4, ""combat_value"": 6, ""token_destroyed"": false}"
2025-10-01T00:04:00,TOKEN,INFO,Z_Pluton__5_Versorgungs_Kompanie: start tury (budżet PE=10),"{""allocated_pe"": 10, ""position_q"": 49, ""position_r"": -15, ""move_points"": 9, ""fuel"": 4, ""combat_value"": 4}"
2025-10-01T00:04:00,TOKEN,INFO,"Z_Pluton__5_Versorgungs_Kompanie: ruch na (50, -15) udany","{""destination_q"": 50, ""destination_r"": -15, ""remaining_mp"": 8, ""remaining_fuel"": 3}"
2025-10-01T00:04:00,TOKEN,DEBUG,Z_Pluton__5_Versorgungs_Kompanie: uzupełnia paliwo o 1,"{""fuel_after"": 4}"
2025-10-01T00:04:00,TOKEN,INFO,Z_Pluton__5_Versorgungs_Kompanie: koniec tury (wydane PE=1),"{""allocated_pe"": 10, ""spent_pe"": 1, ""unused_pe"": 9, ""movement_success"": true, ""movement_attempts"": 1, ""movement_destination"": [50, -15], ""attack_attempted"": false, ""attack_success"": false, ""counterattack"": null, ""damage_dealt"": null, ""damage_taken"": null, ""attacker_remaining"": null, ""defender_remaining"": null, ""resupply_budget"": 10, ""resupply_spent"": 1, ""refueled"": 1, ""combat_restored"": 0, ""remaining_mp"": 8, ""remaining_fuel"": 4, ""combat_value"": 4, ""token_destroyed"": false}"
2025-10-01T00:04:00,TOKEN,INFO,Z_Pluton__5_Unterst_tzungs_Bataillon: start tury (budżet PE=10),"{""allocated_pe"": 10, ""position_q"": 50, ""position_r"": -17, ""move_points"": 5, ""fuel"": 4, ""combat_value"": 4}"
2025-10-01T00:04:00,TOKEN,INFO,"Z_Pluton__5_Unterst_tzungs_Bataillon: ruch na (51, -17) udany","{""destination_q"": 51, ""destination_r"": -17, ""remaining_mp"": 4, ""remaining_fuel"": 3}"
2025-10-01T00:04:00,TOKEN,DEBUG,Z_Pluton__5_Unterst_tzungs_Bataillon: uzupełnia paliwo o 1,"{""fuel_after"": 4}"
2025-10-01T00:04:00,TOKEN,INFO,Z_Pluton__5_Unterst_tzungs_Bataillon: koniec tury (wydane PE=1),"{""allocated_pe"": 10, ""spent_pe"": 1, ""unused_pe"": 9, ""movement_success"": true, ""movement_attempts"": 1, ""movement_destination"": [51, -17], ""attack_attempted"": false, ""attack_success"": false, ""counterattack"": null, ""damage_dealt"": null, ""damage_taken"": null, ""attacker_remaining"": null, ""defender_remaining"": null, ""resupply_budget"": 10, ""resupply_spent"": 1, ""refueled"": 1, ""combat_restored"": 0, ""remaining_mp"": 4, ""remaining_fuel"": 4, ""combat_value"": 4, ""token_destroyed"": false}"
2025-10-01T00:04:00,TOKEN,INFO,Z_Pluton__5_Unterst_tzungs_Bataillon_20250913214038: start tury (budżet PE=10),"{""allocated_pe"": 10, ""position_q"": 51, ""position_r"": -15, ""move_points"": 9, ""fuel"": 4, ""combat_value"": 4}"
2025-10-01T00:04:00,TOKEN,INFO,"Z_Pluton__5_Unterst_tzungs_Bataillon_20250913214038: ruch na (52, -15) udany","{""destination_q"": 52, ""destination_r"": -15, ""remaining_mp"": 8, ""remaining_fuel"": 3}"
2025-10-01T00:04:00,TOKEN,DEBUG,Z_Pluton__5_Unterst_tzungs_Bataillon_20250913214038: uzupełnia paliwo o 1,"{""fuel_after"": 4}"
2025-10-01T00:04:00,TOKEN,INFO,Z_Pluton__5_Unterst_tzungs_Bataillon_20250913214038: koniec tury (wydane PE=1),"{""allocated_pe"": 10, ""spent_pe"": 1, ""unused_pe"": 9, ""movement_success"": true, ""movement_attempts"": 1, ""movement_destination"": [52, -15], ""attack_attempted"": false, ""attack_success"": false, ""counterattack"": null, ""damage_dealt"": null, ""damage_taken"": null, ""attacker_remaining"": null, ""defender_remaining"": null, ""resupply_budget"": 10, ""resupply_spent"": 1, ""refueled"": 1, ""combat_restored"": 0, ""remaining_mp"": 8, ""remaining_fuel"": 4, ""combat_value"": 4, ""token_destroyed"": false}"
2025-10-01T00:04:00,TOKEN,INFO,P_Pluton__6_Sch_tzen_Kompanie: start tury (budżet PE=10),"{""allocated_pe"": 10, ""position_q"": 43, ""position_r"": -1, ""move_points"": 5, ""fuel"": 2, ""combat_value"": 8}"
2025-10-01T00:04:00,TOKEN,INFO,"P_Pluton__6_Sch_tzen_Kompanie: ruch na (44, -1) udany","{""destination_q"": 44, ""destination_r"": -1, ""remaining_mp"": 4, ""remaining_fuel"": 1}"
2025-10-01T00:04:00,TOKEN,DEBUG,P_Pluton__6_Sch_tzen_Kompanie: uzupełnia paliwo o 1,"{""fuel_after"": 2}"
2025-10-01T00:04:00,TOKEN,INFO,P_Pluton__6_Sch_tzen_Kompanie: koniec tury (wydane PE=1),"{""allocated_pe"": 10, ""spent_pe"": 1, ""unused_pe"": 9, ""movement_success"": true, ""movement_attempts"": 1, ""movement_destination"": [44, -1], ""attack_attempted"": false, ""attack_success"": false, ""counterattack"": null, ""damage_dealt"": null, ""damage_taken"": null, ""attacker_remaining"": null, ""defender_remaining"": null, ""resupply_budget"": 10, ""resupply_spent"": 1, ""refueled"": 1, ""combat_restored"": 0, ""remaining_mp"": 4, ""remaining_fuel"": 2, ""combat_value"": 8, ""token_destroyed"": false}"
2025-10-01T00:04:00,TOKEN,INFO,P_Pluton__6_Infanterie_Regiment: start tury (budżet PE=10),"{""allocated_pe"": 10, ""position_q"": 44, ""position_r"": 3, ""move_points"": 5, ""fuel"": 2, ""combat_value"": 8}"
2025-10-01T00:04:00,TOKEN,INFO,"P_Pluton__6_Infanterie_Regiment: ruch na (45, 3) udany","{""destination_q"": 45, ""destination_r"": 3, ""remaining_mp"": 4, ""remaining_fuel"": 1}"
2025-10-01T00:04:00,TOKEN,DEBUG,P_Pluton__6_Infanterie_Regiment: uzupełnia paliwo o 1,"{""fuel_after"": 2}"
2025-10-01T00:04:00,TOKEN,INFO,P_Pluton__6_Infanterie_Regiment: koniec tury (wydane PE=1),"{""allocated_pe"": 10, ""spent_pe"": 1, ""unused_pe"": 9, ""movement_success"": true, ""movement_attempts"": 1, ""movement_destination"": [45, 3], ""attack_attempted"": false, ""attack_success"": false, ""counterattack"": null, ""damage_dealt"": null, ""damage_taken"": null, ""attacker_remaining"": null, ""defender_remaining"": null, ""resupply_budget"": 10, ""resupply_spent"": 1, ""refueled"": 1, ""combat_restored"": 0, ""remaining_mp"": 4, ""remaining_fuel"": 2, ""combat_value"": 8, ""token_destroyed"": false}"
2025-10-01T00:04:00,TOKEN,INFO,Z_Pluton__6_Unterst_tzungs_Bataillon_20250913214051: start tury (budżet PE=10),"{""allocated_pe"": 10, ""position_q"": 45, ""position_r"": 1, ""move_points"": 8, ""fuel"": 4, ""combat_value"": 4}"
2025-10-01T00:04:00,TOKEN,INFO,"Z_Pluton__6_Unterst_tzungs_Bataillon_20250913214051: ruch na (46, 1) udany","{""destination_q"": 46, ""destination_r"": 1, ""remaining_mp"": 7, ""remaining_fuel"": 3}"
2025-10-01T00:04:00,TOKEN,DEBUG,Z_Pluton__6_Unterst_tzungs_Bataillon_20250913214051: uzupełnia paliwo o 1,"{""fuel_after"": 4}"
2025-10-01T00:04:00,TOKEN,INFO,Z_Pluton__6_Unterst_tzungs_Bataillon_20250913214051: koniec tury (wydane PE=1),"{""allocated_pe"": 10, ""spent_pe"": 1, ""unused_pe"": 9, ""movement_success"": true, ""movement_attempts"": 1, ""movement_destination"": [46, 1], ""attack_attempted"": false, ""attack_success"": false, ""counterattack"": null, ""damage_dealt"": null, ""damage_taken"": null, ""attacker_remaining"": null, ""defender_remaining"": null, ""resupply_budget"": 10, ""resupply_spent"": 1, ""refueled"": 1, ""combat_restored"": 0, ""remaining_mp"": 7, ""remaining_fuel"": 4, ""combat_value"": 4, ""token_destroyed"": false}"
2025-10-01T00:04:00,TOKEN,INFO,P_Pluton__6_Grenadier_Bataillon: start tury (budżet PE=10),"{""allocated_pe"": 10, ""position_q"": 48, ""position_r"": -12, ""move_points"": 5, ""fuel"": 2, ""combat_value"": 8}"
2025-10-01T00:04:00,TOKEN,INFO,"P_Pluton__6_Grenadier_Bataillon: ruch na (49, -12) udany","{""destination_q"": 49, ""destination_r"": -12, ""remaining_mp"": 4, ""remaining_fuel"": 1}"
2025-10-01T00:04:00,TOKEN,DEBUG,P_Pluton__6_Grenadier_Bataillon: uzupełnia paliwo o 1,"{""fuel_after"": 2}"
2025-10-01T00:04:00,TOKEN,INFO,P_Pluton__6_Grenadier_Bataillon: koniec tury (wydane PE=1),"{""allocated_pe"": 10, ""spent_pe"": 1, ""unused_pe"": 9, ""movement_success"": true, ""movement_attempts"": 1, ""movement_destination"": [49, -12], ""attack_attempted"": false, ""attack_success"": false, ""counterattack"": null, ""damage_dealt"": null, ""damage_taken"": null, ""attacker_remaining"": null, ""defender_remaining"": null, ""resupply_budget"": 10, ""resupply_spent"": 1, ""refueled"": 1, ""combat_restored"": 0, ""remaining_mp"": 4, ""remaining_fuel"": 2, ""combat_value"": 8, ""token_destroyed"": false}"
2025-10-01T00:04:00,TOKEN,INFO,Z_Batalion__6_Versorgungs_Kompanie: start tury (budżet PE=10),"{""allocated_pe"": 10, ""position_q"": 53, ""position_r"": -18, ""move_points"": 6, ""fuel"": 4, ""combat_value"": 7}"
2025-10-01T00:04:00,TOKEN,INFO,"Z_Batalion__6_Versorgungs_Kompanie: ruch na (54, -18) udany","{""destination_q"": 54, ""destination_r"": -18, ""remaining_mp"": 5, ""remaining_fuel"": 3}"
2025-10-01T00:04:00,TOKEN,DEBUG,Z_Batalion__6_Versorgungs_Kompanie: uzupełnia paliwo o 1,"{""fuel_after"": 4}"
2025-10-01T00:04:00,TOKEN,INFO,Z_Batalion__6_Versorgungs_Kompanie: koniec tury (wydane PE=1),"{""allocated_pe"": 10, ""spent_pe"": 1, ""unused_pe"": 9, ""movement_success"": true, ""movement_attempts"": 1, ""movement_destination"": [54, -18], ""attack_attempted"": false, ""attack_success"": false, ""counterattack"": null, ""damage_dealt"": null, ""damage_taken"": null, ""attacker_remaining"": null, ""defender_remaining"": null, ""resupply_budget"": 10, ""resupply_spent"": 1, ""refueled"": 1, ""combat_restored"": 0, ""remaining_mp"": 5, ""remaining_fuel"": 4, ""combat_value"": 7, ""token_destroyed"": false}"
2025-10-01T00:04:00,TOKEN,INFO,Z_Pluton__6_Unterst_tzungs_Bataillon_20250913214048: start tury (budżet PE=10),"{""allocated_pe"": 10, ""position_q"": 48, ""position_r"": -10, ""move_points"": 8, ""fuel"": 4, ""combat_value"": 4}"
2025-10-01T00:04:00,TOKEN,INFO,"Z_Pluton__6_Unterst_tzungs_Bataillon_20250913214048: ruch na (49, -10) udany","{""destination_q"": 49, ""destination_r"": -10, ""remaining_mp"": 7, ""remaining_fuel"": 3}"
2025-10-01T00:04:00,TOKEN,DEBUG,Z_Pluton__6_Unterst_tzungs_Bataillon_20250913214048: uzupełnia paliwo o 1,"{""fuel_after"": 4}"
2025-10-01T00:04:00,TOKEN,INFO,Z_Pluton__6_Unterst_tzungs_Bataillon_20250913214048: koniec tury (wydane PE=1),"{""allocated_pe"": 10, ""spent_pe"": 1, ""unused_pe"": 9, ""movement_success"": true, ""movement_attempts"": 1, ""movement_destination"": [49, -10], ""attack_attempted"": false, ""attack_success"": false, ""counterattack"": null, ""damage_dealt"": null, ""damage_taken"": null, ""attacker_remaining"": null, ""defender_remaining"": null, ""resupply_budget"": 10, ""resupply_spent"": 1, ""refueled"": 1, ""combat_restored"": 0, ""remaining_mp"": 7, ""remaining_fuel"": 4, ""combat_value"": 4, ""token_destroyed"": false}"
2025-10-01T00:04:00,TOKEN,INFO,P_Kompania__6_Sch_tzen_Kompanie: start tury (budżet PE=10),"{""allocated_pe"": 10, ""position_q"": 52, ""position_r"": -10, ""move_points"": 5, ""fuel"": 2, ""combat_value"": 11}"
2025-10-01T00:04:00,TOKEN,INFO,"P_Kompania__6_Sch_tzen_Kompanie: ruch na (53, -10) udany","{""destination_q"": 53, ""destination_r"": -10, ""remaining_mp"": 4, ""remaining_fuel"": 1}"
2025-10-01T00:04:00,TOKEN,DEBUG,P_Kompania__6_Sch_tzen_Kompanie: uzupełnia paliwo o 1,"{""fuel_after"": 2}"
2025-10-01T00:04:00,TOKEN,INFO,P_Kompania__6_Sch_tzen_Kompanie: koniec tury (wydane PE=1),"{""allocated_pe"": 10, ""spent_pe"": 1, ""unused_pe"": 9, ""movement_success"": true, ""movement_attempts"": 1, ""movement_destination"": [53, -10], ""attack_attempted"": false, ""attack_success"": false, ""counterattack"": null, ""damage_dealt"": null, ""damage_taken"": null, ""attacker_remaining"": null, ""defender_remaining"": null, ""resupply_budget"": 10, ""resupply_spent"": 1, ""refueled"": 1, ""combat_restored"": 0, ""remaining_mp"": 4, ""remaining_fuel"": 2, ""combat_value"": 11, ""token_destroyed"": false}"
2025-10-01T00:04:00,TOKEN,INFO,Z_Pluton__6_Versorgungs_Kompanie: start tury (budżet PE=10),"{""allocated_pe"": 10, ""position_q"": 55, ""position_r"": -15, ""move_points"": 8, ""fuel"": 4, ""combat_value"": 4}"
2025-10-01T00:04:00,TOKEN,INFO,"Z_Pluton__6_Versorgungs_Kompanie: ruch na (55, -16) udany","{""destination_q"": 55, ""destination_r"": -16, ""remaining_mp"": 7, ""remaining_fuel"": 3}"
2025-10-01T00:04:00,TOKEN,DEBUG,Z_Pluton__6_Versorgungs_Kompanie: uzupełnia paliwo o 1,"{""fuel_after"": 4}"
2025-10-01T00:04:00,TOKEN,INFO,Z_Pluton__6_Versorgungs_Kompanie: koniec tury (wydane PE=1),"{""allocated_pe"": 10, ""spent_pe"": 1, ""unused_pe"": 9, ""movement_success"": true, ""movement_attempts"": 1, ""movement_destination"": [55, -16], ""attack_attempted"": false, ""attack_success"": false, ""counterattack"": null, ""damage_dealt"": null, ""damage_taken"": null, ""attacker_remaining"": null, ""defender_remaining"": null, ""resupply_budget"": 10, ""resupply_spent"": 1, ""refueled"": 1, ""combat_restored"": 0, ""remaining_mp"": 7, ""remaining_fuel"": 4, ""combat_value"": 4, ""token_destroyed"": false}"
2025-10-01T00:04:00,TOKEN,INFO,Z_Pluton__6_Unterst_tzungs_Bataillon: start tury (budżet PE=10),"{""allocated_pe"": 10, ""position_q"": 55, ""position_r"": -14, ""move_points"": 6, ""fuel"": 4, ""combat_value"": 4}"
2025-10-01T00:04:00,TOKEN,INFO,"Z_Pluton__6_Unterst_tzungs_Bataillon: ruch na (55, -15) udany","{""destination_q"": 55, ""destination_r"": -15, ""remaining_mp"": 5, ""remaining_fuel"": 3}"
2025-10-01T00:04:00,TOKEN,DEBUG,Z_Pluton__6_Unterst_tzungs_Bataillon: uzupełnia paliwo o 1,"{""fuel_after"": 4}"
2025-10-01T00:04:00,TOKEN,INFO,Z_Pluton__6_Unterst_tzungs_Bataillon: koniec tury (wydane PE=1),"{""allocated_pe"": 10, ""spent_pe"": 1, ""unused_pe"": 9, ""movement_success"": true, ""movement_attempts"": 1, ""movement_destination"": [55, -15], ""attack_attempted"": false, ""attack_success"": false, ""counterattack"": null, ""damage_dealt"": null, ""damage_taken"": null, ""attacker_remaining"": null, ""defender_remaining"": null, ""resupply_budget"": 10, ""resupply_spent"": 1, ""refueled"": 1, ""combat_restored"": 0, ""remaining_mp"": 5, ""remaining_fuel"": 4, ""combat_value"": 4, ""token_destroyed"": false}"
2025-10-01T00:04:01,TOKEN,INFO,TL_Kompania__2_Batalion_Pancerny: start tury (budżet PE=13),"{""allocated_pe"": 13, ""position_q"": 31, ""position_r"": -12, ""move_points"": 4, ""fuel"": 3, ""combat_value"": 14}"
2025-10-01T00:04:01,TOKEN,INFO,"TL_Kompania__2_Batalion_Pancerny: ruch na (32, -12) udany","{""destination_q"": 32, ""destination_r"": -12, ""remaining_mp"": 3, ""remaining_fuel"": 2}"
2025-10-01T00:04:01,TOKEN,DEBUG,TL_Kompania__2_Batalion_Pancerny: uzupełnia paliwo o 1,"{""fuel_after"": 3}"
2025-10-01T00:04:01,TOKEN,INFO,TL_Kompania__2_Batalion_Pancerny: koniec tury (wydane PE=1),"{""allocated_pe"": 13, ""spent_pe"": 1, ""unused_pe"": 12, ""movement_success"": true, ""movement_attempts"": 1, ""movement_destination"": [32, -12], ""attack_attempted"": false, ""attack_success"": false, ""counterattack"": null, ""damage_dealt"": null, ""damage_taken"": null, ""attacker_remaining"": null, ""defender_remaining"": null, ""resupply_budget"": 13, ""resupply_spent"": 1, ""refueled"": 1, ""combat_restored"": 0, ""remaining_mp"": 3, ""remaining_fuel"": 3, ""combat_value"": 14, ""token_destroyed"": false}"
2025-10-01T00:04:01,TOKEN,INFO,P_Batalion__2_Batalion_Strzelc_w: start tury (budżet PE=13),"{""allocated_pe"": 13, ""position_q"": 32, ""position_r"": -11, ""move_points"": 2, ""fuel"": 2, ""combat_value"": 14}"
2025-10-01T00:04:01,TOKEN,INFO,"P_Batalion__2_Batalion_Strzelc_w: ruch na (33, -11) udany","{""destination_q"": 33, ""destination_r"": -11, ""remaining_mp"": 1, ""remaining_fuel"": 1}"
2025-10-01T00:04:01,TOKEN,DEBUG,P_Batalion__2_Batalion_Strzelc_w: uzupełnia paliwo o 1,"{""fuel_after"": 2}"
2025-10-01T00:04:01,TOKEN,INFO,P_Batalion__2_Batalion_Strzelc_w: koniec tury (wydane PE=1),"{""allocated_pe"": 13, ""spent_pe"": 1, ""unused_pe"": 12, ""movement_success"": true, ""movement_attempts"": 1, ""movement_destination"": [33, -11], ""attack_attempted"": false, ""attack_success"": false, ""counterattack"": null, ""damage_dealt"": null, ""damage_taken"": null, ""attacker_remaining"": null, ""defender_remaining"": null, ""resupply_budget"": 13, ""resupply_spent"": 1, ""refueled"": 1, ""combat_restored"": 0, ""remaining_mp"": 1, ""remaining_fuel"": 2, ""combat_value"": 14, ""token_destroyed"": false}"
2025-10-01T00:04:01,TOKEN,INFO,P_Batalion__2_Batalion_Strzelc_w_20250913214005: start tury (budżet PE=13),"{""allocated_pe"": 13, ""position_q"": 31, ""position_r"": -11, ""move_points"": 7, ""fuel"": 2, ""combat_value"": 14}"
2025-10-01T00:04:01,TOKEN,INFO,"P_Batalion__2_Batalion_Strzelc_w_20250913214005: ruch na (32, -11) udany","{""destination_q"": 32, ""destination_r"": -11, ""remaining_mp"": 6, ""remaining_fuel"": 1}"
2025-10-01T00:04:01,TOKEN,DEBUG,P_Batalion__2_Batalion_Strzelc_w_20250913214005: uzupełnia paliwo o 1,"{""fuel_after"": 2}"
2025-10-01T00:04:01,TOKEN,INFO,P_Batalion__2_Batalion_Strzelc_w_20250913214005: koniec tury (wydane PE=1),"{""allocated_pe"": 13, ""spent_pe"": 1, ""unused_pe"": 12, ""movement_success"": true, ""movement_attempts"": 1, ""movement_destination"": [32, -11], ""attack_attempted"": false, ""attack_success"": false, ""counterattack"": null, ""damage_dealt"": null, ""damage_taken"": null, ""attacker_remaining"": null, ""defender_remaining"": null, ""resupply_budget"": 13, ""resupply_spent"": 1, ""refueled"": 1, ""combat_restored"": 0, ""remaining_mp"": 6, ""remaining_fuel"": 2, ""combat_value"": 14, ""token_destroyed"": false}"
2025-10-01T00:04:01,TOKEN,INFO,P_Pluton__2_Kompania_Grenadier_w: start tury (budżet PE=13),"{""allocated_pe"": 13, ""position_q"": 32, ""position_r"": 5, ""move_points"": 2, ""fuel"": 2, ""combat_value"": 8}"
2025-10-01T00:04:01,TOKEN,INFO,"P_Pluton__2_Kompania_Grenadier_w: ruch na (33, 5) udany","{""destination_q"": 33, ""destination_r"": 5, ""remaining_mp"": 1, ""remaining_fuel"": 1}"
2025-10-01T00:04:01,TOKEN,DEBUG,P_Pluton__2_Kompania_Grenadier_w: uzupełnia paliwo o 1,"{""fuel_after"": 2}"
2025-10-01T00:04:01,TOKEN,INFO,P_Pluton__2_Kompania_Grenadier_w: koniec tury (wydane PE=1),"{""allocated_pe"": 13, ""spent_pe"": 1, ""unused_pe"": 12, ""movement_success"": true, ""movement_attempts"": 1, ""movement_destination"": [33, 5], ""attack_attempted"": false, ""attack_success"": false, ""counterattack"": null, ""damage_dealt"": null, ""damage_taken"": null, ""attacker_remaining"": null, ""defender_remaining"": null, ""resupply_budget"": 13, ""resupply_spent"": 1, ""refueled"": 1, ""combat_restored"": 0, ""remaining_mp"": 1, ""remaining_fuel"": 2, ""combat_value"": 8, ""token_destroyed"": false}"
2025-10-01T00:04:01,TOKEN,INFO,Z_Pluton__2_Batalion_Wsparcia: start tury (budżet PE=13),"{""allocated_pe"": 13, ""position_q"": 32, ""position_r"": -1, ""move_points"": 5, ""fuel"": 4, ""combat_value"": 4}"
2025-10-01T00:04:01,TOKEN,INFO,"Z_Pluton__2_Batalion_Wsparcia: ruch na (33, -2) udany","{""destination_q"": 33, ""destination_r"": -2, ""remaining_mp"": 4, ""remaining_fuel"": 3}"
2025-10-01T00:04:01,TOKEN,DEBUG,Z_Pluton__2_Batalion_Wsparcia: uzupełnia paliwo o 1,"{""fuel_after"": 4}"
2025-10-01T00:04:01,TOKEN,INFO,Z_Pluton__2_Batalion_Wsparcia: koniec tury (wydane PE=1),"{""allocated_pe"": 13, ""spent_pe"": 1, ""unused_pe"": 12, ""movement_success"": true, ""movement_attempts"": 1, ""movement_destination"": [33, -2], ""attack_attempted"": false, ""attack_success"": false, ""counterattack"": null, ""damage_dealt"": null, ""damage_taken"": null, ""attacker_remaining"": null, ""defender_remaining"": null, ""resupply_budget"": 13, ""resupply_spent"": 1, ""refueled"": 1, ""combat_restored"": 0, ""remaining_mp"": 4, ""remaining_fuel"": 4, ""combat_value"": 4, ""token_destroyed"": false}"
2025-10-01T00:04:01,TOKEN,INFO,P_Kompania__2_Pu_k_Piechoty: start tury (budżet PE=13),"{""allocated_pe"": 13, ""position_q"": 34, ""position_r"": -4, ""move_points"": 2, ""fuel"": 2, ""combat_value"": 11}"
2025-10-01T00:04:01,TOKEN,INFO,"P_Kompania__2_Pu_k_Piechoty: ruch na (35, -5) udany","{""destination_q"": 35, ""destination_r"": -5, ""remaining_mp"": 1, ""remaining_fuel"": 1}"
2025-10-01T00:04:01,TOKEN,DEBUG,P_Kompania__2_Pu_k_Piechoty: uzupełnia paliwo o 1,"{""fuel_after"": 2}"
2025-10-01T00:04:01,TOKEN,INFO,P_Kompania__2_Pu_k_Piechoty: koniec tury (wydane PE=1),"{""allocated_pe"": 13, ""spent_pe"": 1, ""unused_pe"": 12, ""movement_success"": true, ""movement_attempts"": 1, ""movement_destination"": [35, -5], ""attack_attempted"": false, ""attack_success"": false, ""counterattack"": null, ""damage_dealt"": null, ""damage_taken"": null, ""attacker_remaining"": null, ""defender_remaining"": null, ""resupply_budget"": 13, ""resupply_spent"": 1, ""refueled"": 1, ""combat_restored"": 0, ""remaining_mp"": 1, ""remaining_fuel"": 2, ""combat_value"": 11, ""token_destroyed"": false}"
2025-10-01T00:04:01,TOKEN,INFO,Z_Pluton__2_Oddzia_Rozpoznawczy: start tury (budżet PE=13),"{""allocated_pe"": 13, ""position_q"": 33, ""position_r"": -3, ""move_points"": 6, ""fuel"": 4, ""combat_value"": 4}"
2025-10-01T00:04:01,TOKEN,INFO,"Z_Pluton__2_Oddzia_Rozpoznawczy: ruch na (34, -4) udany","{""destination_q"": 34, ""destination_r"": -4, ""remaining_mp"": 5, ""remaining_fuel"": 3}"
2025-10-01T00:04:01,TOKEN,DEBUG,Z_Pluton__2_Oddzia_Rozpoznawczy: uzupełnia paliwo o 1,"{""fuel_after"": 4}"
2025-10-01T00:04:01,TOKEN,INFO,Z_Pluton__2_Oddzia_Rozpoznawczy: koniec tury (wydane PE=1),"{""allocated_pe"": 13, ""spent_pe"": 1, ""unused_pe"": 12, ""movement_success"": true, ""movement_attempts"": 1, ""movement_destination"": [34, -4], ""attack_attempted"": false, ""attack_success"": false, ""counterattack"": null, ""damage_dealt"": null, ""damage_taken"": null, ""attacker_remaining"": null, ""defender_remaining"": null, ""resupply_budget"": 13, ""resupply_spent"": 1, ""refueled"": 1, ""combat_restored"": 0, ""remaining_mp"": 5, ""remaining_fuel"": 4, ""combat_value"": 4, ""token_destroyed"": false}"
2025-10-01T00:04:01,TOKEN,INFO,P_Pluton__2_Kompania_Grenadier_w_20250913214010: start tury (budżet PE=13),"{""allocated_pe"": 13, ""position_q"": 34, ""position_r"": 2, ""move_points"": 2, ""fuel"": 2, ""combat_value"": 8}"
2025-10-01T00:04:01,TOKEN,INFO,"P_Pluton__2_Kompania_Grenadier_w_20250913214010: ruch na (35, 2) udany","{""destination_q"": 35, ""destination_r"": 2, ""remaining_mp"": 1, ""remaining_fuel"": 1}"
2025-10-01T00:04:01,TOKEN,DEBUG,P_Pluton__2_Kompania_Grenadier_w_20250913214010: uzupełnia paliwo o 1,"{""fuel_after"": 2}"
2025-10-01T00:04:01,TOKEN,INFO,P_Pluton__2_Kompania_Grenadier_w_20250913214010: koniec tury (wydane PE=1),"{""allocated_pe"": 13, ""spent_pe"": 1, ""unused_pe"": 12, ""movement_success"": true, ""movement_attempts"": 1, ""movement_destination"": [35, 2], ""attack_attempted"": false, ""attack_success"": false, ""counterattack"": null, ""damage_dealt"": null, ""damage_taken"": null, ""attacker_remaining"": null, ""defender_remaining"": null, ""resupply_budget"": 13, ""resupply_spent"": 1, ""refueled"": 1, ""combat_restored"": 0, ""remaining_mp"": 1, ""remaining_fuel"": 2, ""combat_value"": 8, ""token_destroyed"": false}"
2025-10-01T00:04:01,TOKEN,INFO,Z_Batalion__2_Kompania_Zaopatrzeniowa: start tury (budżet PE=13),"{""allocated_pe"": 13, ""position_q"": 30, ""position_r"": -10, ""move_points"": 6, ""fuel"": 4, ""combat_value"": 7}"
2025-10-01T00:04:01,TOKEN,INFO,"Z_Batalion__2_Kompania_Zaopatrzeniowa: ruch na (31, -11) udany","{""destination_q"": 31, ""destination_r"": -11, ""remaining_mp"": 5, ""remaining_fuel"": 3}"
2025-10-01T00:04:01,TOKEN,DEBUG,Z_Batalion__2_Kompania_Zaopatrzeniowa: uzupełnia paliwo o 1,"{""fuel_after"": 4}"
2025-10-01T00:04:01,TOKEN,INFO,Z_Batalion__2_Kompania_Zaopatrzeniowa: koniec tury (wydane PE=1),"{""allocated_pe"": 13, ""spent_pe"": 1, ""unused_pe"": 12, ""movement_success"": true, ""movement_attempts"": 1, ""movement_destination"": [31, -11], ""attack_attempted"": false, ""attack_success"": false, ""counterattack"": null, ""damage_dealt"": null, ""damage_taken"": null, ""attacker_remaining"": null, ""defender_remaining"": null, ""resupply_budget"": 13, ""resupply_spent"": 1, ""refueled"": 1, ""combat_restored"": 0, ""remaining_mp"": 5, ""remaining_fuel"": 4, ""combat_value"": 7, ""token_destroyed"": false}"
2025-10-01T00:04:01,TOKEN,INFO,D_Pluton__2_Dow_dztwo_Einheit: start tury (budżet PE=13),"{""allocated_pe"": 13, ""position_q"": 21, ""position_r"": -9, ""move_points"": 3, ""fuel"": 3, ""combat_value"": 8}"
2025-10-01T00:04:01,TOKEN,INFO,"D_Pluton__2_Dow_dztwo_Einheit: ruch na (22, -9) udany","{""destination_q"": 22, ""destination_r"": -9, ""remaining_mp"": 2, ""remaining_fuel"": 2}"
2025-10-01T00:04:01,TOKEN,DEBUG,D_Pluton__2_Dow_dztwo_Einheit: uzupełnia paliwo o 1,"{""fuel_after"": 3}"
2025-10-01T00:04:01,TOKEN,INFO,D_Pluton__2_Dow_dztwo_Einheit: koniec tury (wydane PE=1),"{""allocated_pe"": 13, ""spent_pe"": 1, ""unused_pe"": 12, ""movement_success"": true, ""movement_attempts"": 1, ""movement_destination"": [22, -9], ""attack_attempted"": false, ""attack_success"": false, ""counterattack"": null, ""damage_dealt"": null, ""damage_taken"": null, ""attacker_remaining"": null, ""defender_remaining"": null, ""resupply_budget"": 13, ""resupply_spent"": 1, ""refueled"": 1, ""combat_restored"": 0, ""remaining_mp"": 2, ""remaining_fuel"": 3, ""combat_value"": 8, ""token_destroyed"": false}"
2025-10-01T00:04:01,TOKEN,INFO,Z_Pluton__3_Batalion_Wsparcia: start tury (budżet PE=14),"{""allocated_pe"": 14, ""position_q"": 13, ""position_r"": 26, ""move_points"": 7, ""fuel"": 4, ""combat_value"": 4}"
2025-10-01T00:04:01,TOKEN,INFO,"Z_Pluton__3_Batalion_Wsparcia: ruch na (14, 26) udany","{""destination_q"": 14, ""destination_r"": 26, ""remaining_mp"": 6, ""remaining_fuel"": 3}"
2025-10-01T00:04:01,TOKEN,DEBUG,Z_Pluton__3_Batalion_Wsparcia: uzupełnia paliwo o 1,"{""fuel_after"": 4}"
2025-10-01T00:04:01,TOKEN,INFO,Z_Pluton__3_Batalion_Wsparcia: koniec tury (wydane PE=1),"{""allocated_pe"": 14, ""spent_pe"": 1, ""unused_pe"": 13, ""movement_success"": true, ""movement_attempts"": 1, ""movement_destination"": [14, 26], ""attack_attempted"": false, ""attack_success"": false, ""counterattack"": null, ""damage_dealt"": null, ""damage_taken"": null, ""attacker_remaining"": null, ""defender_remaining"": null, ""resupply_budget"": 14, ""resupply_spent"": 1, ""refueled"": 1, ""combat_restored"": 0, ""remaining_mp"": 6, ""remaining_fuel"": 4, ""combat_value"": 4, ""token_destroyed"": false}"
2025-10-01T00:04:01,TOKEN,INFO,Z_Pluton__3_Kompania_Zaopatrzeniowa: start tury (budżet PE=14),"{""allocated_pe"": 14, ""position_q"": 23, ""position_r"": 19, ""move_points"": 5, ""fuel"": 4, ""combat_value"": 4}"
2025-10-01T00:04:01,TOKEN,INFO,"Z_Pluton__3_Kompania_Zaopatrzeniowa: ruch na (24, 19) udany","{""destination_q"": 24, ""destination_r"": 19, ""remaining_mp"": 4, ""remaining_fuel"": 3}"
2025-10-01T00:04:01,TOKEN,DEBUG,Z_Pluton__3_Kompania_Zaopatrzeniowa: uzupełnia paliwo o 1,"{""fuel_after"": 4}"
2025-10-01T00:04:01,TOKEN,INFO,Z_Pluton__3_Kompania_Zaopatrzeniowa: koniec tury (wydane PE=1),"{""allocated_pe"": 14, ""spent_pe"": 1, ""unused_pe"": 13, ""movement_success"": true, ""movement_attempts"": 1, ""movement_destination"": [24, 19], ""attack_attempted"": false, ""attack_success"": false, ""counterattack"": null, ""damage_dealt"": null, ""damage_taken"": null, ""attacker_remaining"": null, ""defender_remaining"": null, ""resupply_budget"": 14, ""resupply_spent"": 1, ""refueled"": 1, ""combat_restored"": 0, ""remaining_mp"": 4, ""remaining_fuel"": 4, ""combat_value"": 4, ""token_destroyed"": false}"
2025-10-01T00:04:01,TOKEN,INFO,Z_Pluton__3_Kompania_Zaopatrzeniowa_20250913214023: start tury (budżet PE=14),"{""allocated_pe"": 14, ""position_q"": 23, ""position_r"": 20, ""move_points"": 7, ""fuel"": 4, ""combat_value"": 4}"
2025-10-01T00:04:01,TOKEN,INFO,"Z_Pluton__3_Kompania_Zaopatrzeniowa_20250913214023: ruch na (24, 20) udany","{""destination_q"": 24, ""destination_r"": 20, ""remaining_mp"": 6, ""remaining_fuel"": 3}"
2025-10-01T00:04:01,TOKEN,DEBUG,Z_Pluton__3_Kompania_Zaopatrzeniowa_20250913214023: uzupełnia paliwo o 1,"{""fuel_after"": 4}"
2025-10-01T00:04:01,TOKEN,INFO,Z_Pluton__3_Kompania_Zaopatrzeniowa_20250913214023: koniec tury (wydane PE=1),"{""allocated_pe"": 14, ""spent_pe"": 1, ""unused_pe"": 13, ""movement_success"": true, ""movement_attempts"": 1, ""movement_destination"": [24, 20], ""attack_attempted"": false, ""attack_success"": false, ""counterattack"": null, ""damage_dealt"": null, ""damage_taken"": null, ""attacker_remaining"": null, ""defender_remaining"": null, ""resupply_budget"": 14, ""resupply_spent"": 1, ""refueled"": 1, ""combat_restored"": 0, ""remaining_mp"": 6, ""remaining_fuel"": 4, ""combat_value"": 4, ""token_destroyed"": false}"
2025-10-01T00:04:01,TOKEN,INFO,P_Kompania__3_Batalion_Strzelc_w: start tury (budżet PE=14),"{""allocated_pe"": 14, ""position_q"": 34, ""position_r"": 8, ""move_points"": 7, ""fuel"": 2, ""combat_value"": 11}"
2025-10-01T00:04:01,TOKEN,INFO,"P_Kompania__3_Batalion_Strzelc_w: ruch na (34, 7) udany","{""destination_q"": 34, ""destination_r"": 7, ""remaining_mp"": 6, ""remaining_fuel"": 1}"
2025-10-01T00:04:01,TOKEN,DEBUG,P_Kompania__3_Batalion_Strzelc_w: uzupełnia paliwo o 1,"{""fuel_after"": 2}"
2025-10-01T00:04:01,TOKEN,INFO,P_Kompania__3_Batalion_Strzelc_w: koniec tury (wydane PE=1),"{""allocated_pe"": 14, ""spent_pe"": 1, ""unused_pe"": 13, ""movement_success"": true, ""movement_attempts"": 1, ""movement_destination"": [34, 7], ""attack_attempted"": false, ""attack_success"": false, ""counterattack"": null, ""damage_dealt"": null, ""damage_taken"": null, ""attacker_remaining"": null, ""defender_remaining"": null, ""resupply_budget"": 14, ""resupply_spent"": 1, ""refueled"": 1, ""combat_restored"": 0, ""remaining_mp"": 6, ""remaining_fuel"": 2, ""combat_value"": 11, ""token_destroyed"": false}"
2025-10-01T00:04:01,TOKEN,INFO,P_Pluton__3_Pu_k_Piechoty: start tury (budżet PE=14),"{""allocated_pe"": 14, ""position_q"": 33, ""position_r"": 9, ""move_points"": 4, ""fuel"": 2, ""combat_value"": 8}"
2025-10-01T00:04:01,TOKEN,INFO,"P_Pluton__3_Pu_k_Piechoty: ruch na (34, 8) udany","{""destination_q"": 34, ""destination_r"": 8, ""remaining_mp"": 3, ""remaining_fuel"": 1}"
2025-10-01T00:04:01,TOKEN,DEBUG,P_Pluton__3_Pu_k_Piechoty: uzupełnia paliwo o 1,"{""fuel_after"": 2}"
2025-10-01T00:04:01,TOKEN,INFO,P_Pluton__3_Pu_k_Piechoty: koniec tury (wydane PE=1),"{""allocated_pe"": 14, ""spent_pe"": 1, ""unused_pe"": 13, ""movement_success"": true, ""movement_attempts"": 1, ""movement_destination"": [34, 8], ""attack_attempted"": false, ""attack_success"": false, ""counterattack"": null, ""damage_dealt"": null, ""damage_taken"": null, ""attacker_remaining"": null, ""defender_remaining"": null, ""resupply_budget"": 14, ""resupply_spent"": 1, ""refueled"": 1, ""combat_restored"": 0, ""remaining_mp"": 3, ""remaining_fuel"": 2, ""combat_value"": 8, ""token_destroyed"": false}"
2025-10-01T00:04:01,TOKEN,INFO,P_Batalion__3_Pu_k_Piechoty: start tury (budżet PE=14),"{""allocated_pe"": 14, ""position_q"": 32, ""position_r"": 10, ""move_points"": 4, ""fuel"": 2, ""combat_value"": 14}"
2025-10-01T00:04:01,TOKEN,INFO,"P_Batalion__3_Pu_k_Piechoty: ruch na (33, 10) udany","{""destination_q"": 33, ""destination_r"": 10, ""remaining_mp"": 3, ""remaining_fuel"": 1}"
2025-10-01T00:04:01,TOKEN,DEBUG,P_Batalion__3_Pu_k_Piechoty: uzupełnia paliwo o 1,"{""fuel_after"": 2}"
2025-10-01T00:04:01,TOKEN,INFO,P_Batalion__3_Pu_k_Piechoty: koniec tury (wydane PE=1),"{""allocated_pe"": 14, ""spent_pe"": 1, ""unused_pe"": 13, ""movement_success"": true, ""movement_attempts"": 1, ""movement_destination"": [33, 10], ""attack_attempted"": false, ""attack_success"": false, ""counterattack"": null, ""damage_dealt"": null, ""damage_taken"": null, ""attacker_remaining"": null, ""defender_remaining"": null, ""resupply_budget"": 14, ""resupply_spent"": 1, ""refueled"": 1, ""combat_restored"": 0, ""remaining_mp"": 3, ""remaining_fuel"": 2, ""combat_value"": 14, ""token_destroyed"": false}"
2025-10-01T00:04:01,TOKEN,INFO,Z_Kompania__3_Kompania_Zaopatrzeniowa: start tury (budżet PE=14),"{""allocated_pe"": 14, ""position_q"": 40, ""position_r"": 10, ""move_points"": 5, ""fuel"": 4, ""combat_value"": 6}"
2025-10-01T00:04:01,TOKEN,INFO,"Z_Kompania__3_Kompania_Zaopatrzeniowa: ruch na (41, 10) udany","{""destination_q"": 41, ""destination_r"": 10, ""remaining_mp"": 4, ""remaining_fuel"": 3}"
2025-10-01T00:04:01,TOKEN,DEBUG,Z_Kompania__3_Kompania_Zaopatrzeniowa: uzupełnia paliwo o 1,"{""fuel_after"": 4}"
2025-10-01T00:04:01,TOKEN,INFO,Z_Kompania__3_Kompania_Zaopatrzeniowa: koniec tury (wydane PE=1),"{""allocated_pe"": 14, ""spent_pe"": 1, ""unused_pe"": 13, ""movement_success"": true, ""movement_attempts"": 1, ""movement_destination"": [41, 10], ""attack_attempted"": false, ""attack_success"": false, ""counterattack"": null, ""damage_dealt"": null, ""damage_taken"": null, ""attacker_remaining"": null, ""defender_remaining"": null, ""resupply_budget"": 14, ""resupply_spent"": 1, ""refueled"": 1, ""combat_restored"": 0, ""remaining_mp"": 4, ""remaining_fuel"": 4, ""combat_value"": 6, ""token_destroyed"": false}"
2025-10-01T00:04:01,TOKEN,INFO,P_Pluton__3_Kompania_Grenadier_w: start tury (budżet PE=14),"{""allocated_pe"": 14, ""position_q"": 41, ""position_r"": 11, ""move_points"": 4, ""fuel"": 2, ""combat_value"": 8}"
2025-10-01T00:04:01,TOKEN,INFO,"P_Pluton__3_Kompania_Grenadier_w: ruch na (42, 11) udany","{""destination_q"": 42, ""destination_r"": 11, ""remaining_mp"": 3, ""remaining_fuel"": 1}"
2025-10-01T00:04:01,TOKEN,DEBUG,P_Pluton__3_Kompania_Grenadier_w: uzupełnia paliwo o 1,"{""fuel_after"": 2}"
2025-10-01T00:04:01,TOKEN,INFO,P_Pluton__3_Kompania_Grenadier_w: koniec tury (wydane PE=1),"{""allocated_pe"": 14, ""spent_pe"": 1, ""unused_pe"": 13, ""movement_success"": true, ""movement_attempts"": 1, ""movement_destination"": [42, 11], ""attack_attempted"": false, ""attack_success"": false, ""counterattack"": null, ""damage_dealt"": null, ""damage_taken"": null, ""attacker_remaining"": null, ""defender_remaining"": null, ""resupply_budget"": 14, ""resupply_spent"": 1, ""refueled"": 1, ""combat_restored"": 0, ""remaining_mp"": 3, ""remaining_fuel"": 2, ""combat_value"": 8, ""token_destroyed"": false}"
2025-10-01T00:04:01,TOKEN,INFO,P_Pluton__5_Infanterie_Regiment: start tury (budżet PE=12),"{""allocated_pe"": 12, ""position_q"": 44, ""position_r"": -18, ""move_points"": 6, ""fuel"": 2, ""combat_value"": 8}"
2025-10-01T00:04:01,TOKEN,INFO,"P_Pluton__5_Infanterie_Regiment: ruch na (45, -18) udany","{""destination_q"": 45, ""destination_r"": -18, ""remaining_mp"": 5, ""remaining_fuel"": 1}"
2025-10-01T00:04:01,TOKEN,DEBUG,P_Pluton__5_Infanterie_Regiment: uzupełnia paliwo o 1,"{""fuel_after"": 2}"
2025-10-01T00:04:01,TOKEN,INFO,P_Pluton__5_Infanterie_Regiment: koniec tury (wydane PE=1),"{""allocated_pe"": 12, ""spent_pe"": 1, ""unused_pe"": 11, ""movement_success"": true, ""movement_attempts"": 1, ""movement_destination"": [45, -18], ""attack_attempted"": false, ""attack_success"": false, ""counterattack"": null, ""damage_dealt"": null, ""damage_taken"": null, ""attacker_remaining"": null, ""defender_remaining"": null, ""resupply_budget"": 12, ""resupply_spent"": 1, ""refueled"": 1, ""combat_restored"": 0, ""remaining_mp"": 5, ""remaining_fuel"": 2, ""combat_value"": 8, ""token_destroyed"": false}"
2025-10-01T00:04:01,TOKEN,INFO,P_Kompania__5_Infanterie_Regiment: start tury (budżet PE=12),"{""allocated_pe"": 12, ""position_q"": 43, ""position_r"": -18, ""move_points"": 4, ""fuel"": 2, ""combat_value"": 11}"
2025-10-01T00:04:01,TOKEN,INFO,"P_Kompania__5_Infanterie_Regiment: ruch na (44, -18) udany","{""destination_q"": 44, ""destination_r"": -18, ""remaining_mp"": 3, ""remaining_fuel"": 1}"
2025-10-01T00:04:01,TOKEN,DEBUG,P_Kompania__5_Infanterie_Regiment: uzupełnia paliwo o 1,"{""fuel_after"": 2}"
2025-10-01T00:04:01,TOKEN,INFO,P_Kompania__5_Infanterie_Regiment: koniec tury (wydane PE=1),"{""allocated_pe"": 12, ""spent_pe"": 1, ""unused_pe"": 11, ""movement_success"": true, ""movement_attempts"": 1, ""movement_destination"": [44, -18], ""attack_attempted"": false, ""attack_success"": false, ""counterattack"": null, ""damage_dealt"": null, ""damage_taken"": null, ""attacker_remaining"": null, ""defender_remaining"": null, ""resupply_budget"": 12, ""resupply_spent"": 1, ""refueled"": 1, ""combat_restored"": 0, ""remaining_mp"": 3, ""remaining_fuel"": 2, ""combat_value"": 11, ""token_destroyed"": false}"
2025-10-01T00:04:01,TOKEN,INFO,P_Pluton__5_Sch_tzen_Kompanie: start tury (budżet PE=12),"{""allocated_pe"": 12, ""position_q"": 43, ""position_r"": -16, ""move_points"": 5, ""fuel"": 2, ""combat_value"": 8}"
2025-10-01T00:04:01,TOKEN,INFO,"P_Pluton__5_Sch_tzen_Kompanie: ruch na (44, -16) udany","{""destination_q"": 44, ""destination_r"": -16, ""remaining_mp"": 4, ""remaining_fuel"": 1}"
2025-10-01T00:04:01,TOKEN,DEBUG,P_Pluton__5_Sch_tzen_Kompanie: uzupełnia paliwo o 1,"{""fuel_after"": 2}"
2025-10-01T00:04:01,TOKEN,INFO,P_Pluton__5_Sch_tzen_Kompanie: koniec tury (wydane PE=1),"{""allocated_pe"": 12, ""spent_pe"": 1, ""unused_pe"": 11, ""movement_success"": true, ""movement_attempts"": 1, ""movement_destination"": [44, -16], ""attack_attempted"": false, ""attack_success"": false, ""counterattack"": null, ""damage_dealt"": null, ""damage_taken"": null, ""attacker_remaining"": null, ""defender_remaining"": null, ""resupply_budget"": 12, ""resupply_spent"": 1, ""refueled"": 1, ""combat_restored"": 0, ""remaining_mp"": 4, ""remaining_fuel"": 2, ""combat_value"": 8, ""token_destroyed"": false}"
2025-10-01T00:04:01,TOKEN,INFO,AC_Kompania__5_schwere_Artillerie: start tury (budżet PE=12),"{""allocated_pe"": 12, ""position_q"": 45, ""position_r"": -17, ""move_points"": 5, ""fuel"": 2, ""combat_value"": 11}"
2025-10-01T00:04:01,TOKEN,INFO,"AC_Kompania__5_schwere_Artillerie: ruch na (46, -17) udany","{""destination_q"": 46, ""destination_r"": -17, ""remaining_mp"": 4, ""remaining_fuel"": 1}"
2025-10-01T00:04:01,TOKEN,DEBUG,AC_Kompania__5_schwere_Artillerie: uzupełnia paliwo o 1,"{""fuel_after"": 2}"
2025-10-01T00:04:01,TOKEN,INFO,AC_Kompania__5_schwere_Artillerie: koniec tury (wydane PE=1),"{""allocated_pe"": 12, ""spent_pe"": 1, ""unused_pe"": 11, ""movement_success"": true, ""movement_attempts"": 1, ""movement_destination"": [46, -17], ""attack_attempted"": false, ""attack_success"": false, ""counterattack"": null, ""damage_dealt"": null, ""damage_taken"": null, ""attacker_remaining"": null, ""defender_remaining"": null, ""resupply_budget"": 12, ""resupply_spent"": 1, ""refueled"": 1, ""combat_restored"": 0, ""remaining_mp"": 4, ""remaining_fuel"": 2, ""combat_value"": 11, ""token_destroyed"": false}"
2025-10-01T00:04:01,TOKEN,INFO,AL_Batalion__5_Artillerie_Abteilung: start tury (budżet PE=12),"{""allocated_pe"": 12, ""position_q"": 45, ""position_r"": -16, ""move_points"": 6, ""fuel"": 2, ""combat_value"": 11}"
2025-10-01T00:04:01,TOKEN,INFO,"AL_Batalion__5_Artillerie_Abteilung: ruch na (45, -17) udany","{""destination_q"": 45, ""destination_r"": -17, ""remaining_mp"": 5, ""remaining_fuel"": 1}"
2025-10-01T00:04:01,TOKEN,DEBUG,AL_Batalion__5_Artillerie_Abteilung: uzupełnia paliwo o 1,"{""fuel_after"": 2}"
2025-10-01T00:04:01,TOKEN,INFO,AL_Batalion__5_Artillerie_Abteilung: koniec tury (wydane PE=1),"{""allocated_pe"": 12, ""spent_pe"": 1, ""unused_pe"": 11, ""movement_success"": true, ""movement_attempts"": 1, ""movement_destination"": [45, -17], ""attack_attempted"": false, ""attack_success"": false, ""counterattack"": null, ""damage_dealt"": null, ""damage_taken"": null, ""attacker_remaining"": null, ""defender_remaining"": null, ""resupply_budget"": 12, ""resupply_spent"": 1, ""refueled"": 1, ""combat_restored"": 0, ""remaining_mp"": 5, ""remaining_fuel"": 2, ""combat_value"": 11, ""token_destroyed"": false}"
2025-10-01T00:04:01,TOKEN,INFO,P_Pluton__5_Sch_tzen_Kompanie_20250913214034: start tury (budżet PE=12),"{""allocated_pe"": 12, ""position_q"": 48, ""position_r"": -17, ""move_points"": 2, ""fuel"": 2, ""combat_value"": 8}"
2025-10-01T00:04:01,TOKEN,INFO,"P_Pluton__5_Sch_tzen_Kompanie_20250913214034: ruch na (49, -17) udany","{""destination_q"": 49, ""destination_r"": -17, ""remaining_mp"": 1, ""remaining_fuel"": 1}"
2025-10-01T00:04:01,TOKEN,DEBUG,P_Pluton__5_Sch_tzen_Kompanie_20250913214034: uzupełnia paliwo o 1,"{""fuel_after"": 2}"
2025-10-01T00:04:01,TOKEN,INFO,P_Pluton__5_Sch_tzen_Kompanie_20250913214034: koniec tury (wydane PE=1),"{""allocated_pe"": 12, ""spent_pe"": 1, ""unused_pe"": 11, ""movement_success"": true, ""movement_attempts"": 1, ""movement_destination"": [49, -17], ""attack_attempted"": false, ""attack_success"": false, ""counterattack"": null, ""damage_dealt"": null, ""damage_taken"": null, ""attacker_remaining"": null, ""defender_remaining"": null, ""resupply_budget"": 12, ""resupply_spent"": 1, ""refueled"": 1, ""combat_restored"": 0, ""remaining_mp"": 1, ""remaining_fuel"": 2, ""combat_value"": 8, ""token_destroyed"": false}"
2025-10-01T00:04:01,TOKEN,INFO,Z_Kompania__5_Unterst_tzungs_Bataillon: start tury (budżet PE=12),"{""allocated_pe"": 12, ""position_q"": 50, ""position_r"": -19, ""move_points"": 5, ""fuel"": 4, ""combat_value"": 6}"
2025-10-01T00:04:01,TOKEN,INFO,"Z_Kompania__5_Unterst_tzungs_Bataillon: ruch na (51, -20) udany","{""destination_q"": 51, ""destination_r"": -20, ""remaining_mp"": 4, ""remaining_fuel"": 3}"
2025-10-01T00:04:01,TOKEN,DEBUG,Z_Kompania__5_Unterst_tzungs_Bataillon: uzupełnia paliwo o 1,"{""fuel_after"": 4}"
2025-10-01T00:04:01,TOKEN,INFO,Z_Kompania__5_Unterst_tzungs_Bataillon: koniec tury (wydane PE=1),"{""allocated_pe"": 12, ""spent_pe"": 1, ""unused_pe"": 11, ""movement_success"": true, ""movement_attempts"": 1, ""movement_destination"": [51, -20], ""attack_attempted"": false, ""attack_success"": false, ""counterattack"": null, ""damage_dealt"": null, ""damage_taken"": null, ""attacker_remaining"": null, ""defender_remaining"": null, ""resupply_budget"": 12, ""resupply_spent"": 1, ""refueled"": 1, ""combat_restored"": 0, ""remaining_mp"": 4, ""remaining_fuel"": 4, ""combat_value"": 6, ""token_destroyed"": false}"
2025-10-01T00:04:01,TOKEN,INFO,Z_Pluton__5_Versorgungs_Kompanie: start tury (budżet PE=12),"{""allocated_pe"": 12, ""position_q"": 50, ""position_r"": -15, ""move_points"": 9, ""fuel"": 4, ""combat_value"": 4}"
2025-10-01T00:04:01,TOKEN,INFO,"Z_Pluton__5_Versorgungs_Kompanie: ruch na (51, -15) udany","{""destination_q"": 51, ""destination_r"": -15, ""remaining_mp"": 8, ""remaining_fuel"": 3}"
2025-10-01T00:04:01,TOKEN,DEBUG,Z_Pluton__5_Versorgungs_Kompanie: uzupełnia paliwo o 1,"{""fuel_after"": 4}"
2025-10-01T00:04:01,TOKEN,INFO,Z_Pluton__5_Versorgungs_Kompanie: koniec tury (wydane PE=1),"{""allocated_pe"": 12, ""spent_pe"": 1, ""unused_pe"": 11, ""movement_success"": true, ""movement_attempts"": 1, ""movement_destination"": [51, -15], ""attack_attempted"": false, ""attack_success"": false, ""counterattack"": null, ""damage_dealt"": null, ""damage_taken"": null, ""attacker_remaining"": null, ""defender_remaining"": null, ""resupply_budget"": 12, ""resupply_spent"": 1, ""refueled"": 1, ""combat_restored"": 0, ""remaining_mp"": 8, ""remaining_fuel"": 4, ""combat_value"": 4, ""token_destroyed"": false}"
2025-10-01T00:04:01,TOKEN,INFO,Z_Pluton__5_Unterst_tzungs_Bataillon: start tury (budżet PE=12),"{""allocated_pe"": 12, ""position_q"": 51, ""position_r"": -17, ""move_points"": 5, ""fuel"": 4, ""combat_value"": 4}"
2025-10-01T00:04:01,TOKEN,INFO,"Z_Pluton__5_Unterst_tzungs_Bataillon: ruch na (52, -17) udany","{""destination_q"": 52, ""destination_r"": -17, ""remaining_mp"": 4, ""remaining_fuel"": 3}"
2025-10-01T00:04:01,TOKEN,DEBUG,Z_Pluton__5_Unterst_tzungs_Bataillon: uzupełnia paliwo o 1,"{""fuel_after"": 4}"
2025-10-01T00:04:01,TOKEN,INFO,Z_Pluton__5_Unterst_tzungs_Bataillon: koniec tury (wydane PE=1),"{""allocated_pe"": 12, ""spent_pe"": 1, ""unused_pe"": 11, ""movement_success"": true, ""movement_attempts"": 1, ""movement_destination"": [52, -17], ""attack_attempted"": false, ""attack_success"": false, ""counterattack"": null, ""damage_dealt"": null, ""damage_taken"": null, ""attacker_remaining"": null, ""defender_remaining"": null, ""resupply_budget"": 12, ""resupply_spent"": 1, ""refueled"": 1, ""combat_restored"": 0, ""remaining_mp"": 4, ""remaining_fuel"": 4, ""combat_value"": 4, ""token_destroyed"": false}"
2025-10-01T00:04:01,TOKEN,INFO,Z_Pluton__5_Unterst_tzungs_Bataillon_20250913214038: start tury (budżet PE=12),"{""allocated_pe"": 12, ""position_q"": 52, ""position_r"": -15, ""move_points"": 9, ""fuel"": 4, ""combat_value"": 4}"
2025-10-01T00:04:01,TOKEN,INFO,"Z_Pluton__5_Unterst_tzungs_Bataillon_20250913214038: ruch na (52, -16) udany","{""destination_q"": 52, ""destination_r"": -16, ""remaining_mp"": 8, ""remaining_fuel"": 3}"
2025-10-01T00:04:01,TOKEN,DEBUG,Z_Pluton__5_Unterst_tzungs_Bataillon_20250913214038: uzupełnia paliwo o 1,"{""fuel_after"": 4}"
2025-10-01T00:04:01,TOKEN,INFO,Z_Pluton__5_Unterst_tzungs_Bataillon_20250913214038: koniec tury (wydane PE=1),"{""allocated_pe"": 12, ""spent_pe"": 1, ""unused_pe"": 11, ""movement_success"": true, ""movement_attempts"": 1, ""movement_destination"": [52, -16], ""attack_attempted"": false, ""attack_success"": false, ""counterattack"": null, ""damage_dealt"": null, ""damage_taken"": null, ""attacker_remaining"": null, ""defender_remaining"": null, ""resupply_budget"": 12, ""resupply_spent"": 1, ""refueled"": 1, ""combat_restored"": 0, ""remaining_mp"": 8, ""remaining_fuel"": 4, ""combat_value"": 4, ""token_destroyed"": false}"
2025-10-01T00:04:01,TOKEN,INFO,P_Pluton__6_Sch_tzen_Kompanie: start tury (budżet PE=12),"{""allocated_pe"": 12, ""position_q"": 44, ""position_r"": -1, ""move_points"": 5, ""fuel"": 2, ""combat_value"": 8}"
2025-10-01T00:04:01,TOKEN,INFO,"P_Pluton__6_Sch_tzen_Kompanie: ruch na (45, -1) udany","{""destination_q"": 45, ""destination_r"": -1, ""remaining_mp"": 4, ""remaining_fuel"": 1}"
2025-10-01T00:04:01,TOKEN,DEBUG,P_Pluton__6_Sch_tzen_Kompanie: uzupełnia paliwo o 1,"{""fuel_after"": 2}"
2025-10-01T00:04:01,TOKEN,INFO,P_Pluton__6_Sch_tzen_Kompanie: koniec tury (wydane PE=1),"{""allocated_pe"": 12, ""spent_pe"": 1, ""unused_pe"": 11, ""movement_success"": true, ""movement_attempts"": 1, ""movement_destination"": [45, -1], ""attack_attempted"": false, ""attack_success"": false, ""counterattack"": null, ""damage_dealt"": null, ""damage_taken"": null, ""attacker_remaining"": null, ""defender_remaining"": null, ""resupply_budget"": 12, ""resupply_spent"": 1, ""refueled"": 1, ""combat_restored"": 0, ""remaining_mp"": 4, ""remaining_fuel"": 2, ""combat_value"": 8, ""token_destroyed"": false}"
2025-10-01T00:04:01,TOKEN,INFO,P_Pluton__6_Infanterie_Regiment: start tury (budżet PE=12),"{""allocated_pe"": 12, ""position_q"": 45, ""position_r"": 3, ""move_points"": 5, ""fuel"": 2, ""combat_value"": 8}"
2025-10-01T00:04:01,TOKEN,INFO,"P_Pluton__6_Infanterie_Regiment: ruch na (46, 3) udany","{""destination_q"": 46, ""destination_r"": 3, ""remaining_mp"": 4, ""remaining_fuel"": 1}"
2025-10-01T00:04:01,TOKEN,DEBUG,P_Pluton__6_Infanterie_Regiment: uzupełnia paliwo o 1,"{""fuel_after"": 2}"
2025-10-01T00:04:01,TOKEN,INFO,P_Pluton__6_Infanterie_Regiment: koniec tury (wydane PE=1),"{""allocated_pe"": 12, ""spent_pe"": 1, ""unused_pe"": 11, ""movement_success"": true, ""movement_attempts"": 1, ""movement_destination"": [46, 3], ""attack_attempted"": false, ""attack_success"": false, ""counterattack"": null, ""damage_dealt"": null, ""damage_taken"": null, ""attacker_remaining"": null, ""defender_remaining"": null, ""resupply_budget"": 12, ""resupply_spent"": 1, ""refueled"": 1, ""combat_restored"": 0, ""remaining_mp"": 4, ""remaining_fuel"": 2, ""combat_value"": 8, ""token_destroyed"": false}"
2025-10-01T00:04:01,TOKEN,INFO,Z_Pluton__6_Unterst_tzungs_Bataillon_20250913214051: start tury (budżet PE=12),"{""allocated_pe"": 12, ""position_q"": 46, ""position_r"": 1, ""move_points"": 8, ""fuel"": 4, ""combat_value"": 4}"
2025-10-01T00:04:01,TOKEN,INFO,"Z_Pluton__6_Unterst_tzungs_Bataillon_20250913214051: ruch na (47, 1) udany","{""destination_q"": 47, ""destination_r"": 1, ""remaining_mp"": 7, ""remaining_fuel"": 3}"
2025-10-01T00:04:01,TOKEN,DEBUG,Z_Pluton__6_Unterst_tzungs_Bataillon_20250913214051: uzupełnia paliwo o 1,"{""fuel_after"": 4}"
2025-10-01T00:04:01,TOKEN,INFO,Z_Pluton__6_Unterst_tzungs_Bataillon_20250913214051: koniec tury (wydane PE=1),"{""allocated_pe"": 12, ""spent_pe"": 1, ""unused_pe"": 11, ""movement_success"": true, ""movement_attempts"": 1, ""movement_destination"": [47, 1], ""attack_attempted"": false, ""attack_success"": false, ""counterattack"": null, ""damage_dealt"": null, ""damage_taken"": null, ""attacker_remaining"": null, ""defender_remaining"": null, ""resupply_budget"": 12, ""resupply_spent"": 1, ""refueled"": 1, ""combat_restored"": 0, ""remaining_mp"": 7, ""remaining_fuel"": 4, ""combat_value"": 4, ""token_destroyed"": false}"
2025-10-01T00:04:01,TOKEN,INFO,P_Pluton__6_Grenadier_Bataillon: start tury (budżet PE=12),"{""allocated_pe"": 12, ""position_q"": 49, ""position_r"": -12, ""move_points"": 5, ""fuel"": 2, ""combat_value"": 8}"
2025-10-01T00:04:01,TOKEN,INFO,"P_Pluton__6_Grenadier_Bataillon: ruch na (48, -12) udany","{""destination_q"": 48, ""destination_r"": -12, ""remaining_mp"": 4, ""remaining_fuel"": 1}"
2025-10-01T00:04:01,TOKEN,DEBUG,P_Pluton__6_Grenadier_Bataillon: uzupełnia paliwo o 1,"{""fuel_after"": 2}"
2025-10-01T00:04:01,TOKEN,INFO,P_Pluton__6_Grenadier_Bataillon: koniec tury (wydane PE=1),"{""allocated_pe"": 12, ""spent_pe"": 1, ""unused_pe"": 11, ""movement_success"": true, ""movement_attempts"": 1, ""movement_destination"": [48, -12], ""attack_attempted"": false, ""attack_success"": false, ""counterattack"": null, ""damage_dealt"": null, ""damage_taken"": null, ""attacker_remaining"": null, ""defender_remaining"": null, ""resupply_budget"": 12, ""resupply_spent"": 1, ""refueled"": 1, ""combat_restored"": 0, ""remaining_mp"": 4, ""remaining_fuel"": 2, ""combat_value"": 8, ""token_destroyed"": false}"
2025-10-01T00:04:01,TOKEN,INFO,Z_Batalion__6_Versorgungs_Kompanie: start tury (budżet PE=12),"{""allocated_pe"": 12, ""position_q"": 54, ""position_r"": -18, ""move_points"": 6, ""fuel"": 4, ""combat_value"": 7}"
2025-10-01T00:04:01,TOKEN,INFO,"Z_Batalion__6_Versorgungs_Kompanie: ruch na (55, -18) udany","{""destination_q"": 55, ""destination_r"": -18, ""remaining_mp"": 5, ""remaining_fuel"": 3}"
2025-10-01T00:04:01,TOKEN,DEBUG,Z_Batalion__6_Versorgungs_Kompanie: uzupełnia paliwo o 1,"{""fuel_after"": 4}"
2025-10-01T00:04:01,TOKEN,INFO,Z_Batalion__6_Versorgungs_Kompanie: koniec tury (wydane PE=1),"{""allocated_pe"": 12, ""spent_pe"": 1, ""unused_pe"": 11, ""movement_success"": true, ""movement_attempts"": 1, ""movement_destination"": [55, -18], ""attack_attempted"": false, ""attack_success"": false, ""counterattack"": null, ""damage_dealt"": null, ""damage_taken"": null, ""attacker_remaining"": null, ""defender_remaining"": null, ""resupply_budget"": 12, ""resupply_spent"": 1, ""refueled"": 1, ""combat_restored"": 0, ""remaining_mp"": 5, ""remaining_fuel"": 4, ""combat_value"": 7, ""token_destroyed"": false}"
2025-10-01T00:04:01,TOKEN,INFO,Z_Pluton__6_Unterst_tzungs_Bataillon_20250913214048: start tury (budżet PE=12),"{""allocated_pe"": 12, ""position_q"": 49, ""position_r"": -10, ""move_points"": 8, ""fuel"": 4, ""combat_value"": 4}"
2025-10-01T00:04:01,TOKEN,INFO,"Z_Pluton__6_Unterst_tzungs_Bataillon_20250913214048: ruch na (48, -10) udany","{""destination_q"": 48, ""destination_r"": -10, ""remaining_mp"": 7, ""remaining_fuel"": 3}"
2025-10-01T00:04:01,TOKEN,DEBUG,Z_Pluton__6_Unterst_tzungs_Bataillon_20250913214048: uzupełnia paliwo o 1,"{""fuel_after"": 4}"
2025-10-01T00:04:01,TOKEN,INFO,Z_Pluton__6_Unterst_tzungs_Bataillon_20250913214048: koniec tury (wydane PE=1),"{""allocated_pe"": 12, ""spent_pe"": 1, ""unused_pe"": 11, ""movement_success"": true, ""movement_attempts"": 1, ""movement_destination"": [48, -10], ""attack_attempted"": false, ""attack_success"": false, ""counterattack"": null, ""damage_dealt"": null, ""damage_taken"": null, ""attacker_remaining"": null, ""defender_remaining"": null, ""resupply_budget"": 12, ""resupply_spent"": 1, ""refueled"": 1, ""combat_restored"": 0, ""remaining_mp"": 7, ""remaining_fuel"": 4, ""combat_value"": 4, ""token_destroyed"": false}"
2025-10-01T00:04:01,TOKEN,INFO,P_Kompania__6_Sch_tzen_Kompanie: start tury (budżet PE=12),"{""allocated_pe"": 12, ""position_q"": 53, ""position_r"": -10, ""move_points"": 5, ""fuel"": 2, ""combat_value"": 11}"
2025-10-01T00:04:01,TOKEN,INFO,"P_Kompania__6_Sch_tzen_Kompanie: ruch na (52, -10) udany","{""destination_q"": 52, ""destination_r"": -10, ""remaining_mp"": 4, ""remaining_fuel"": 1}"
2025-10-01T00:04:01,TOKEN,DEBUG,P_Kompania__6_Sch_tzen_Kompanie: uzupełnia paliwo o 1,"{""fuel_after"": 2}"
2025-10-01T00:04:01,TOKEN,INFO,P_Kompania__6_Sch_tzen_Kompanie: koniec tury (wydane PE=1),"{""allocated_pe"": 12, ""spent_pe"": 1, ""unused_pe"": 11, ""movement_success"": true, ""movement_attempts"": 1, ""movement_destination"": [52, -10], ""attack_attempted"": false, ""attack_success"": false, ""counterattack"": null, ""damage_dealt"": null, ""damage_taken"": null, ""attacker_remaining"": null, ""defender_remaining"": null, ""resupply_budget"": 12, ""resupply_spent"": 1, ""refueled"": 1, ""combat_restored"": 0, ""remaining_mp"": 4, ""remaining_fuel"": 2, ""combat_value"": 11, ""token_destroyed"": false}"
2025-10-01T00:04:01,TOKEN,INFO,Z_Pluton__6_Versorgungs_Kompanie: start tury (budżet PE=12),"{""allocated_pe"": 12, ""position_q"": 55, ""position_r"": -16, ""move_points"": 8, ""fuel"": 4, ""combat_value"": 4}"
2025-10-01T00:04:01,TOKEN,INFO,"Z_Pluton__6_Versorgungs_Kompanie: ruch na (54, -16) udany","{""destination_q"": 54, ""destination_r"": -16, ""remaining_mp"": 7, ""remaining_fuel"": 3}"
2025-10-01T00:04:01,TOKEN,DEBUG,Z_Pluton__6_Versorgungs_Kompanie: uzupełnia paliwo o 1,"{""fuel_after"": 4}"
2025-10-01T00:04:01,TOKEN,INFO,Z_Pluton__6_Versorgungs_Kompanie: koniec tury (wydane PE=1),"{""allocated_pe"": 12, ""spent_pe"": 1, ""unused_pe"": 11, ""movement_success"": true, ""movement_attempts"": 1, ""movement_destination"": [54, -16], ""attack_attempted"": false, ""attack_success"": false, ""counterattack"": null, ""damage_dealt"": null, ""damage_taken"": null, ""attacker_remaining"": null, ""defender_remaining"": null, ""resupply_budget"": 12, ""resupply_spent"": 1, ""refueled"": 1, ""combat_restored"": 0, ""remaining_mp"": 7, ""remaining_fuel"": 4, ""combat_value"": 4, ""token_destroyed"": false}"
2025-10-01T00:04:01,TOKEN,INFO,Z_Pluton__6_Unterst_tzungs_Bataillon: start tury (budżet PE=12),"{""allocated_pe"": 12, ""position_q"": 55, ""position_r"": -15, ""move_points"": 6, ""fuel"": 4, ""combat_value"": 4}"
2025-10-01T00:04:01,TOKEN,INFO,"Z_Pluton__6_Unterst_tzungs_Bataillon: ruch na (55, -16) udany","{""destination_q"": 55, ""destination_r"": -16, ""remaining_mp"": 5, ""remaining_fuel"": 3}"
2025-10-01T00:04:01,TOKEN,DEBUG,Z_Pluton__6_Unterst_tzungs_Bataillon: uzupełnia paliwo o 1,"{""fuel_after"": 4}"
2025-10-01T00:04:01,TOKEN,INFO,Z_Pluton__6_Unterst_tzungs_Bataillon: koniec tury (wydane PE=1),"{""allocated_pe"": 12, ""spent_pe"": 1, ""unused_pe"": 11, ""movement_success"": true, ""movement_attempts"": 1, ""movement_destination"": [55, -16], ""attack_attempted"": false, ""attack_success"": false, ""counterattack"": null, ""damage_dealt"": null, ""damage_taken"": null, ""attacker_remaining"": null, ""defender_remaining"": null, ""resupply_budget"": 12, ""resupply_spent"": 1, ""refueled"": 1, ""combat_restored"": 0, ""remaining_mp"": 5, ""remaining_fuel"": 4, ""combat_value"": 4, ""token_destroyed"": false}"
2025-10-01T00:04:01,TOKEN,INFO,TL_Kompania__2_Batalion_Pancerny: start tury (budżet PE=13),"{""allocated_pe"": 13, ""position_q"": 32, ""position_r"": -12, ""move_points"": 4, ""fuel"": 3, ""combat_value"": 14}"
2025-10-01T00:04:01,TOKEN,INFO,"TL_Kompania__2_Batalion_Pancerny: ruch na (33, -12) udany","{""destination_q"": 33, ""destination_r"": -12, ""remaining_mp"": 3, ""remaining_fuel"": 2}"
2025-10-01T00:04:01,TOKEN,DEBUG,TL_Kompania__2_Batalion_Pancerny: uzupełnia paliwo o 1,"{""fuel_after"": 3}"
2025-10-01T00:04:01,TOKEN,INFO,TL_Kompania__2_Batalion_Pancerny: koniec tury (wydane PE=1),"{""allocated_pe"": 13, ""spent_pe"": 1, ""unused_pe"": 12, ""movement_success"": true, ""movement_attempts"": 1, ""movement_destination"": [33, -12], ""attack_attempted"": false, ""attack_success"": false, ""counterattack"": null, ""damage_dealt"": null, ""damage_taken"": null, ""attacker_remaining"": null, ""defender_remaining"": null, ""resupply_budget"": 13, ""resupply_spent"": 1, ""refueled"": 1, ""combat_restored"": 0, ""remaining_mp"": 3, ""remaining_fuel"": 3, ""combat_value"": 14, ""token_destroyed"": false}"
2025-10-01T00:04:01,TOKEN,INFO,P_Batalion__2_Batalion_Strzelc_w: start tury (budżet PE=13),"{""allocated_pe"": 13, ""position_q"": 33, ""position_r"": -11, ""move_points"": 2, ""fuel"": 2, ""combat_value"": 14}"
2025-10-01T00:04:01,TOKEN,INFO,"P_Batalion__2_Batalion_Strzelc_w: ruch na (34, -11) udany","{""destination_q"": 34, ""destination_r"": -11, ""remaining_mp"": 1, ""remaining_fuel"": 1}"
2025-10-01T00:04:01,TOKEN,DEBUG,P_Batalion__2_Batalion_Strzelc_w: uzupełnia paliwo o 1,"{""fuel_after"": 2}"
2025-10-01T00:04:01,TOKEN,INFO,P_Batalion__2_Batalion_Strzelc_w: koniec tury (wydane PE=1),"{""allocated_pe"": 13, ""spent_pe"": 1, ""unused_pe"": 12, ""movement_success"": true, ""movement_attempts"": 1, ""movement_destination"": [34, -11], ""attack_attempted"": false, ""attack_success"": false, ""counterattack"": null, ""damage_dealt"": null, ""damage_taken"": null, ""attacker_remaining"": null, ""defender_remaining"": null, ""resupply_budget"": 13, ""resupply_spent"": 1, ""refueled"": 1, ""combat_restored"": 0, ""remaining_mp"": 1, ""remaining_fuel"": 2, ""combat_value"": 14, ""token_destroyed"": false}"
2025-10-01T00:04:01,TOKEN,INFO,P_Batalion__2_Batalion_Strzelc_w_20250913214005: start tury (budżet PE=13),"{""allocated_pe"": 13, ""position_q"": 32, ""position_r"": -11, ""move_points"": 7, ""fuel"": 2, ""combat_value"": 14}"
2025-10-01T00:04:01,TOKEN,INFO,"P_Batalion__2_Batalion_Strzelc_w_20250913214005: ruch na (33, -11) udany","{""destination_q"": 33, ""destination_r"": -11, ""remaining_mp"": 6, ""remaining_fuel"": 1}"
2025-10-01T00:04:01,TOKEN,DEBUG,P_Batalion__2_Batalion_Strzelc_w_20250913214005: uzupełnia paliwo o 1,"{""fuel_after"": 2}"
2025-10-01T00:04:01,TOKEN,INFO,P_Batalion__2_Batalion_Strzelc_w_20250913214005: koniec tury (wydane PE=1),"{""allocated_pe"": 13, ""spent_pe"": 1, ""unused_pe"": 12, ""movement_success"": true, ""movement_attempts"": 1, ""movement_destination"": [33, -11], ""attack_attempted"": false, ""attack_success"": false, ""counterattack"": null, ""damage_dealt"": null, ""damage_taken"": null, ""attacker_remaining"": null, ""defender_remaining"": null, ""resupply_budget"": 13, ""resupply_spent"": 1, ""refueled"": 1, ""combat_restored"": 0, ""remaining_mp"": 6, ""remaining_fuel"": 2, ""combat_value"": 14, ""token_destroyed"": false}"
2025-10-01T00:04:01,TOKEN,INFO,P_Pluton__2_Kompania_Grenadier_w: start tury (budżet PE=13),"{""allocated_pe"": 13, ""position_q"": 33, ""position_r"": 5, ""move_points"": 2, ""fuel"": 2, ""combat_value"": 8}"
2025-10-01T00:04:01,TOKEN,INFO,"P_Pluton__2_Kompania_Grenadier_w: ruch na (34, 5) udany","{""destination_q"": 34, ""destination_r"": 5, ""remaining_mp"": 1, ""remaining_fuel"": 1}"
2025-10-01T00:04:01,TOKEN,DEBUG,P_Pluton__2_Kompania_Grenadier_w: uzupełnia paliwo o 1,"{""fuel_after"": 2}"
2025-10-01T00:04:01,TOKEN,INFO,P_Pluton__2_Kompania_Grenadier_w: koniec tury (wydane PE=1),"{""allocated_pe"": 13, ""spent_pe"": 1, ""unused_pe"": 12, ""movement_success"": true, ""movement_attempts"": 1, ""movement_destination"": [34, 5], ""attack_attempted"": false, ""attack_success"": false, ""counterattack"": null, ""damage_dealt"": null, ""damage_taken"": null, ""attacker_remaining"": null, ""defender_remaining"": null, ""resupply_budget"": 13, ""resupply_spent"": 1, ""refueled"": 1, ""combat_restored"": 0, ""remaining_mp"": 1, ""remaining_fuel"": 2, ""combat_value"": 8, ""token_destroyed"": false}"
2025-10-01T00:04:01,TOKEN,INFO,Z_Pluton__2_Batalion_Wsparcia: start tury (budżet PE=13),"{""allocated_pe"": 13, ""position_q"": 33, ""position_r"": -2, ""move_points"": 5, ""fuel"": 4, ""combat_value"": 4}"
2025-10-01T00:04:01,TOKEN,INFO,"Z_Pluton__2_Batalion_Wsparcia: ruch na (33, -3) udany","{""destination_q"": 33, ""destination_r"": -3, ""remaining_mp"": 4, ""remaining_fuel"": 3}"
2025-10-01T00:04:01,TOKEN,DEBUG,Z_Pluton__2_Batalion_Wsparcia: uzupełnia paliwo o 1,"{""fuel_after"": 4}"
2025-10-01T00:04:01,TOKEN,INFO,Z_Pluton__2_Batalion_Wsparcia: koniec tury (wydane PE=1),"{""allocated_pe"": 13, ""spent_pe"": 1, ""unused_pe"": 12, ""movement_success"": true, ""movement_attempts"": 1, ""movement_destination"": [33, -3], ""attack_attempted"": false, ""attack_success"": false, ""counterattack"": null, ""damage_dealt"": null, ""damage_taken"": null, ""attacker_remaining"": null, ""defender_remaining"": null, ""resupply_budget"": 13, ""resupply_spent"": 1, ""refueled"": 1, ""combat_restored"": 0, ""remaining_mp"": 4, ""remaining_fuel"": 4, ""combat_value"": 4, ""token_destroyed"": false}"
2025-10-01T00:04:01,TOKEN,INFO,P_Kompania__2_Pu_k_Piechoty: start tury (budżet PE=13),"{""allocated_pe"": 13, ""position_q"": 35, ""position_r"": -5, ""move_points"": 2, ""fuel"": 2, ""combat_value"": 11}"
2025-10-01T00:04:01,TOKEN,INFO,"P_Kompania__2_Pu_k_Piechoty: ruch na (36, -5) udany","{""destination_q"": 36, ""destination_r"": -5, ""remaining_mp"": 1, ""remaining_fuel"": 1}"
2025-10-01T00:04:01,TOKEN,DEBUG,P_Kompania__2_Pu_k_Piechoty: uzupełnia paliwo o 1,"{""fuel_after"": 2}"
2025-10-01T00:04:01,TOKEN,INFO,P_Kompania__2_Pu_k_Piechoty: koniec tury (wydane PE=1),"{""allocated_pe"": 13, ""spent_pe"": 1, ""unused_pe"": 12, ""movement_success"": true, ""movement_attempts"": 1, ""movement_destination"": [36, -5], ""attack_attempted"": false, ""attack_success"": false, ""counterattack"": null, ""damage_dealt"": null, ""damage_taken"": null, ""attacker_remaining"": null, ""defender_remaining"": null, ""resupply_budget"": 13, ""resupply_spent"": 1, ""refueled"": 1, ""combat_restored"": 0, ""remaining_mp"": 1, ""remaining_fuel"": 2, ""combat_value"": 11, ""token_destroyed"": false}"
2025-10-01T00:04:01,TOKEN,INFO,Z_Pluton__2_Oddzia_Rozpoznawczy: start tury (budżet PE=13),"{""allocated_pe"": 13, ""position_q"": 34, ""position_r"": -4, ""move_points"": 6, ""fuel"": 4, ""combat_value"": 4}"
2025-10-01T00:04:01,TOKEN,INFO,"Z_Pluton__2_Oddzia_Rozpoznawczy: ruch na (35, -5) udany","{""destination_q"": 35, ""destination_r"": -5, ""remaining_mp"": 5, ""remaining_fuel"": 3}"
2025-10-01T00:04:01,TOKEN,DEBUG,Z_Pluton__2_Oddzia_Rozpoznawczy: uzupełnia paliwo o 1,"{""fuel_after"": 4}"
2025-10-01T00:04:01,TOKEN,INFO,Z_Pluton__2_Oddzia_Rozpoznawczy: koniec tury (wydane PE=1),"{""allocated_pe"": 13, ""spent_pe"": 1, ""unused_pe"": 12, ""movement_success"": true, ""movement_attempts"": 1, ""movement_destination"": [35, -5], ""attack_attempted"": false, ""attack_success"": false, ""counterattack"": null, ""damage_dealt"": null, ""damage_taken"": null, ""attacker_remaining"": null, ""defender_remaining"": null, ""resupply_budget"": 13, ""resupply_spent"": 1, ""refueled"": 1, ""combat_restored"": 0, ""remaining_mp"": 5, ""remaining_fuel"": 4, ""combat_value"": 4, ""token_destroyed"": false}"
2025-10-01T00:04:01,TOKEN,INFO,P_Pluton__2_Kompania_Grenadier_w_20250913214010: start tury (budżet PE=13),"{""allocated_pe"": 13, ""position_q"": 35, ""position_r"": 2, ""move_points"": 2, ""fuel"": 2, ""combat_value"": 8}"
2025-10-01T00:04:01,TOKEN,INFO,"P_Pluton__2_Kompania_Grenadier_w_20250913214010: ruch na (36, 2) udany","{""destination_q"": 36, ""destination_r"": 2, ""remaining_mp"": 1, ""remaining_fuel"": 1}"
2025-10-01T00:04:01,TOKEN,DEBUG,P_Pluton__2_Kompania_Grenadier_w_20250913214010: uzupełnia paliwo o 1,"{""fuel_after"": 2}"
2025-10-01T00:04:01,TOKEN,INFO,P_Pluton__2_Kompania_Grenadier_w_20250913214010: koniec tury (wydane PE=1),"{""allocated_pe"": 13, ""spent_pe"": 1, ""unused_pe"": 12, ""movement_success"": true, ""movement_attempts"": 1, ""movement_destination"": [36, 2], ""attack_attempted"": false, ""attack_success"": false, ""counterattack"": null, ""damage_dealt"": null, ""damage_taken"": null, ""attacker_remaining"": null, ""defender_remaining"": null, ""resupply_budget"": 13, ""resupply_spent"": 1, ""refueled"": 1, ""combat_restored"": 0, ""remaining_mp"": 1, ""remaining_fuel"": 2, ""combat_value"": 8, ""token_destroyed"": false}"
2025-10-01T00:04:01,TOKEN,INFO,Z_Batalion__2_Kompania_Zaopatrzeniowa: start tury (budżet PE=13),"{""allocated_pe"": 13, ""position_q"": 31, ""position_r"": -11, ""move_points"": 6, ""fuel"": 4, ""combat_value"": 7}"
2025-10-01T00:04:01,TOKEN,INFO,"Z_Batalion__2_Kompania_Zaopatrzeniowa: ruch na (32, -11) udany","{""destination_q"": 32, ""destination_r"": -11, ""remaining_mp"": 5, ""remaining_fuel"": 3}"
2025-10-01T00:04:01,TOKEN,DEBUG,Z_Batalion__2_Kompania_Zaopatrzeniowa: uzupełnia paliwo o 1,"{""fuel_after"": 4}"
2025-10-01T00:04:01,TOKEN,INFO,Z_Batalion__2_Kompania_Zaopatrzeniowa: koniec tury (wydane PE=1),"{""allocated_pe"": 13, ""spent_pe"": 1, ""unused_pe"": 12, ""movement_success"": true, ""movement_attempts"": 1, ""movement_destination"": [32, -11], ""attack_attempted"": false, ""attack_success"": false, ""counterattack"": null, ""damage_dealt"": null, ""damage_taken"": null, ""attacker_remaining"": null, ""defender_remaining"": null, ""resupply_budget"": 13, ""resupply_spent"": 1, ""refueled"": 1, ""combat_restored"": 0, ""remaining_mp"": 5, ""remaining_fuel"": 4, ""combat_value"": 7, ""token_destroyed"": false}"
2025-10-01T00:04:01,TOKEN,INFO,D_Pluton__2_Dow_dztwo_Einheit: start tury (budżet PE=13),"{""allocated_pe"": 13, ""position_q"": 22, ""position_r"": -9, ""move_points"": 3, ""fuel"": 3, ""combat_value"": 8}"
2025-10-01T00:04:01,TOKEN,INFO,"D_Pluton__2_Dow_dztwo_Einheit: ruch na (23, -9) udany","{""destination_q"": 23, ""destination_r"": -9, ""remaining_mp"": 2, ""remaining_fuel"": 2}"
2025-10-01T00:04:01,TOKEN,DEBUG,D_Pluton__2_Dow_dztwo_Einheit: uzupełnia paliwo o 1,"{""fuel_after"": 3}"
2025-10-01T00:04:01,TOKEN,INFO,D_Pluton__2_Dow_dztwo_Einheit: koniec tury (wydane PE=1),"{""allocated_pe"": 13, ""spent_pe"": 1, ""unused_pe"": 12, ""movement_success"": true, ""movement_attempts"": 1, ""movement_destination"": [23, -9], ""attack_attempted"": false, ""attack_success"": false, ""counterattack"": null, ""damage_dealt"": null, ""damage_taken"": null, ""attacker_remaining"": null, ""defender_remaining"": null, ""resupply_budget"": 13, ""resupply_spent"": 1, ""refueled"": 1, ""combat_restored"": 0, ""remaining_mp"": 2, ""remaining_fuel"": 3, ""combat_value"": 8, ""token_destroyed"": false}"
2025-10-01T00:04:01,TOKEN,INFO,Z_Pluton__3_Batalion_Wsparcia: start tury (budżet PE=14),"{""allocated_pe"": 14, ""position_q"": 14, ""position_r"": 26, ""move_points"": 7, ""fuel"": 4, ""combat_value"": 4}"
2025-10-01T00:04:01,TOKEN,INFO,"Z_Pluton__3_Batalion_Wsparcia: ruch na (15, 25) udany","{""destination_q"": 15, ""destination_r"": 25, ""remaining_mp"": 6, ""remaining_fuel"": 3}"
2025-10-01T00:04:01,TOKEN,DEBUG,Z_Pluton__3_Batalion_Wsparcia: uzupełnia paliwo o 1,"{""fuel_after"": 4}"
2025-10-01T00:04:01,TOKEN,INFO,Z_Pluton__3_Batalion_Wsparcia: koniec tury (wydane PE=1),"{""allocated_pe"": 14, ""spent_pe"": 1, ""unused_pe"": 13, ""movement_success"": true, ""movement_attempts"": 1, ""movement_destination"": [15, 25], ""attack_attempted"": false, ""attack_success"": false, ""counterattack"": null, ""damage_dealt"": null, ""damage_taken"": null, ""attacker_remaining"": null, ""defender_remaining"": null, ""resupply_budget"": 14, ""resupply_spent"": 1, ""refueled"": 1, ""combat_restored"": 0, ""remaining_mp"": 6, ""remaining_fuel"": 4, ""combat_value"": 4, ""token_destroyed"": false}"
2025-10-01T00:04:01,TOKEN,INFO,Z_Pluton__3_Kompania_Zaopatrzeniowa: start tury (budżet PE=14),"{""allocated_pe"": 14, ""position_q"": 24, ""position_r"": 19, ""move_points"": 5, ""fuel"": 4, ""combat_value"": 4}"
2025-10-01T00:04:01,TOKEN,INFO,"Z_Pluton__3_Kompania_Zaopatrzeniowa: ruch na (25, 19) udany","{""destination_q"": 25, ""destination_r"": 19, ""remaining_mp"": 4, ""remaining_fuel"": 3}"
2025-10-01T00:04:01,TOKEN,DEBUG,Z_Pluton__3_Kompania_Zaopatrzeniowa: uzupełnia paliwo o 1,"{""fuel_after"": 4}"
2025-10-01T00:04:01,TOKEN,INFO,Z_Pluton__3_Kompania_Zaopatrzeniowa: koniec tury (wydane PE=1),"{""allocated_pe"": 14, ""spent_pe"": 1, ""unused_pe"": 13, ""movement_success"": true, ""movement_attempts"": 1, ""movement_destination"": [25, 19], ""attack_attempted"": false, ""attack_success"": false, ""counterattack"": null, ""damage_dealt"": null, ""damage_taken"": null, ""attacker_remaining"": null, ""defender_remaining"": null, ""resupply_budget"": 14, ""resupply_spent"": 1, ""refueled"": 1, ""combat_restored"": 0, ""remaining_mp"": 4, ""remaining_fuel"": 4, ""combat_value"": 4, ""token_destroyed"": false}"
2025-10-01T00:04:01,TOKEN,INFO,Z_Pluton__3_Kompania_Zaopatrzeniowa_20250913214023: start tury (budżet PE=14),"{""allocated_pe"": 14, ""position_q"": 24, ""position_r"": 20, ""move_points"": 7, ""fuel"": 4, ""combat_value"": 4}"
2025-10-01T00:04:01,TOKEN,INFO,"Z_Pluton__3_Kompania_Zaopatrzeniowa_20250913214023: ruch na (25, 20) udany","{""destination_q"": 25, ""destination_r"": 20, ""remaining_mp"": 6, ""remaining_fuel"": 3}"
2025-10-01T00:04:01,TOKEN,DEBUG,Z_Pluton__3_Kompania_Zaopatrzeniowa_20250913214023: uzupełnia paliwo o 1,"{""fuel_after"": 4}"
2025-10-01T00:04:01,TOKEN,INFO,Z_Pluton__3_Kompania_Zaopatrzeniowa_20250913214023: koniec tury (wydane PE=1),"{""allocated_pe"": 14, ""spent_pe"": 1, ""unused_pe"": 13, ""movement_success"": true, ""movement_attempts"": 1, ""movement_destination"": [25, 20], ""attack_attempted"": false, ""attack_success"": false, ""counterattack"": null, ""damage_dealt"": null, ""damage_taken"": null, ""attacker_remaining"": null, ""defender_remaining"": null, ""resupply_budget"": 14, ""resupply_spent"": 1, ""refueled"": 1, ""combat_restored"": 0, ""remaining_mp"": 6, ""remaining_fuel"": 4, ""combat_value"": 4, ""token_destroyed"": false}"
2025-10-01T00:04:01,TOKEN,INFO,P_Kompania__3_Batalion_Strzelc_w: start tury (budżet PE=14),"{""allocated_pe"": 14, ""position_q"": 34, ""position_r"": 7, ""move_points"": 7, ""fuel"": 2, ""combat_value"": 11}"
2025-10-01T00:04:01,TOKEN,INFO,"P_Kompania__3_Batalion_Strzelc_w: ruch na (34, 6) udany","{""destination_q"": 34, ""destination_r"": 6, ""remaining_mp"": 6, ""remaining_fuel"": 1}"
2025-10-01T00:04:01,TOKEN,DEBUG,P_Kompania__3_Batalion_Strzelc_w: uzupełnia paliwo o 1,"{""fuel_after"": 2}"
2025-10-01T00:04:01,TOKEN,INFO,P_Kompania__3_Batalion_Strzelc_w: koniec tury (wydane PE=1),"{""allocated_pe"": 14, ""spent_pe"": 1, ""unused_pe"": 13, ""movement_success"": true, ""movement_attempts"": 1, ""movement_destination"": [34, 6], ""attack_attempted"": false, ""attack_success"": false, ""counterattack"": null, ""damage_dealt"": null, ""damage_taken"": null, ""attacker_remaining"": null, ""defender_remaining"": null, ""resupply_budget"": 14, ""resupply_spent"": 1, ""refueled"": 1, ""combat_restored"": 0, ""remaining_mp"": 6, ""remaining_fuel"": 2, ""combat_value"": 11, ""token_destroyed"": false}"
2025-10-01T00:04:01,TOKEN,INFO,P_Pluton__3_Pu_k_Piechoty: start tury (budżet PE=14),"{""allocated_pe"": 14, ""position_q"": 34, ""position_r"": 8, ""move_points"": 4, ""fuel"": 2, ""combat_value"": 8}"
2025-10-01T00:04:01,TOKEN,INFO,"P_Pluton__3_Pu_k_Piechoty: ruch na (34, 7) udany","{""destination_q"": 34, ""destination_r"": 7, ""remaining_mp"": 3, ""remaining_fuel"": 1}"
2025-10-01T00:04:01,TOKEN,DEBUG,P_Pluton__3_Pu_k_Piechoty: uzupełnia paliwo o 1,"{""fuel_after"": 2}"
2025-10-01T00:04:01,TOKEN,INFO,P_Pluton__3_Pu_k_Piechoty: koniec tury (wydane PE=1),"{""allocated_pe"": 14, ""spent_pe"": 1, ""unused_pe"": 13, ""movement_success"": true, ""movement_attempts"": 1, ""movement_destination"": [34, 7], ""attack_attempted"": false, ""attack_success"": false, ""counterattack"": null, ""damage_dealt"": null, ""damage_taken"": null, ""attacker_remaining"": null, ""defender_remaining"": null, ""resupply_budget"": 14, ""resupply_spent"": 1, ""refueled"": 1, ""combat_restored"": 0, ""remaining_mp"": 3, ""remaining_fuel"": 2, ""combat_value"": 8, ""token_destroyed"": false}"
2025-10-01T00:04:01,TOKEN,INFO,P_Batalion__3_Pu_k_Piechoty: start tury (budżet PE=14),"{""allocated_pe"": 14, ""position_q"": 33, ""position_r"": 10, ""move_points"": 4, ""fuel"": 2, ""combat_value"": 14}"
2025-10-01T00:04:01,TOKEN,INFO,"P_Batalion__3_Pu_k_Piechoty: ruch na (33, 9) udany","{""destination_q"": 33, ""destination_r"": 9, ""remaining_mp"": 3, ""remaining_fuel"": 1}"
2025-10-01T00:04:01,TOKEN,DEBUG,P_Batalion__3_Pu_k_Piechoty: uzupełnia paliwo o 1,"{""fuel_after"": 2}"
2025-10-01T00:04:01,TOKEN,INFO,P_Batalion__3_Pu_k_Piechoty: koniec tury (wydane PE=1),"{""allocated_pe"": 14, ""spent_pe"": 1, ""unused_pe"": 13, ""movement_success"": true, ""movement_attempts"": 1, ""movement_destination"": [33, 9], ""attack_attempted"": false, ""attack_success"": false, ""counterattack"": null, ""damage_dealt"": null, ""damage_taken"": null, ""attacker_remaining"": null, ""defender_remaining"": null, ""resupply_budget"": 14, ""resupply_spent"": 1, ""refueled"": 1, ""combat_restored"": 0, ""remaining_mp"": 3, ""remaining_fuel"": 2, ""combat_value"": 14, ""token_destroyed"": false}"
2025-10-01T00:04:01,TOKEN,INFO,Z_Kompania__3_Kompania_Zaopatrzeniowa: start tury (budżet PE=14),"{""allocated_pe"": 14, ""position_q"": 41, ""position_r"": 10, ""move_points"": 5, ""fuel"": 4, ""combat_value"": 6}"
2025-10-01T00:04:01,TOKEN,INFO,"Z_Kompania__3_Kompania_Zaopatrzeniowa: ruch na (42, 10) udany","{""destination_q"": 42, ""destination_r"": 10, ""remaining_mp"": 4, ""remaining_fuel"": 3}"
2025-10-01T00:04:01,TOKEN,DEBUG,Z_Kompania__3_Kompania_Zaopatrzeniowa: uzupełnia paliwo o 1,"{""fuel_after"": 4}"
2025-10-01T00:04:01,TOKEN,INFO,Z_Kompania__3_Kompania_Zaopatrzeniowa: koniec tury (wydane PE=1),"{""allocated_pe"": 14, ""spent_pe"": 1, ""unused_pe"": 13, ""movement_success"": true, ""movement_attempts"": 1, ""movement_destination"": [42, 10], ""attack_attempted"": false, ""attack_success"": false, ""counterattack"": null, ""damage_dealt"": null, ""damage_taken"": null, ""attacker_remaining"": null, ""defender_remaining"": null, ""resupply_budget"": 14, ""resupply_spent"": 1, ""refueled"": 1, ""combat_restored"": 0, ""remaining_mp"": 4, ""remaining_fuel"": 4, ""combat_value"": 6, ""token_destroyed"": false}"
2025-10-01T00:04:01,TOKEN,INFO,P_Pluton__3_Kompania_Grenadier_w: start tury (budżet PE=14),"{""allocated_pe"": 14, ""position_q"": 42, ""position_r"": 11, ""move_points"": 4, ""fuel"": 2, ""combat_value"": 8}"
2025-10-01T00:04:01,TOKEN,INFO,"P_Pluton__3_Kompania_Grenadier_w: ruch na (43, 10) udany","{""destination_q"": 43, ""destination_r"": 10, ""remaining_mp"": 3, ""remaining_fuel"": 1}"
2025-10-01T00:04:01,TOKEN,DEBUG,P_Pluton__3_Kompania_Grenadier_w: uzupełnia paliwo o 1,"{""fuel_after"": 2}"
2025-10-01T00:04:01,TOKEN,INFO,P_Pluton__3_Kompania_Grenadier_w: koniec tury (wydane PE=1),"{""allocated_pe"": 14, ""spent_pe"": 1, ""unused_pe"": 13, ""movement_success"": true, ""movement_attempts"": 1, ""movement_destination"": [43, 10], ""attack_attempted"": false, ""attack_success"": false, ""counterattack"": null, ""damage_dealt"": null, ""damage_taken"": null, ""attacker_remaining"": null, ""defender_remaining"": null, ""resupply_budget"": 14, ""resupply_spent"": 1, ""refueled"": 1, ""combat_restored"": 0, ""remaining_mp"": 3, ""remaining_fuel"": 2, ""combat_value"": 8, ""token_destroyed"": false}"
2025-10-01T00:04:01,TOKEN,INFO,P_Pluton__5_Infanterie_Regiment: start tury (budżet PE=12),"{""allocated_pe"": 12, ""position_q"": 45, ""position_r"": -18, ""move_points"": 6, ""fuel"": 2, ""combat_value"": 8}"
2025-10-01T00:04:01,TOKEN,INFO,"P_Pluton__5_Infanterie_Regiment: ruch na (46, -18) udany","{""destination_q"": 46, ""destination_r"": -18, ""remaining_mp"": 5, ""remaining_fuel"": 1}"
2025-10-01T00:04:01,TOKEN,DEBUG,P_Pluton__5_Infanterie_Regiment: uzupełnia paliwo o 1,"{""fuel_after"": 2}"
2025-10-01T00:04:01,TOKEN,INFO,P_Pluton__5_Infanterie_Regiment: koniec tury (wydane PE=1),"{""allocated_pe"": 12, ""spent_pe"": 1, ""unused_pe"": 11, ""movement_success"": true, ""movement_attempts"": 1, ""movement_destination"": [46, -18], ""attack_attempted"": false, ""attack_success"": false, ""counterattack"": null, ""damage_dealt"": null, ""damage_taken"": null, ""attacker_remaining"": null, ""defender_remaining"": null, ""resupply_budget"": 12, ""resupply_spent"": 1, ""refueled"": 1, ""combat_restored"": 0, ""remaining_mp"": 5, ""remaining_fuel"": 2, ""combat_value"": 8, ""token_destroyed"": false}"
2025-10-01T00:04:01,TOKEN,INFO,P_Kompania__5_Infanterie_Regiment: start tury (budżet PE=12),"{""allocated_pe"": 12, ""position_q"": 44, ""position_r"": -18, ""move_points"": 4, ""fuel"": 2, ""combat_value"": 11}"
2025-10-01T00:04:01,TOKEN,INFO,"P_Kompania__5_Infanterie_Regiment: ruch na (45, -18) udany","{""destination_q"": 45, ""destination_r"": -18, ""remaining_mp"": 3, ""remaining_fuel"": 1}"
2025-10-01T00:04:01,TOKEN,DEBUG,P_Kompania__5_Infanterie_Regiment: uzupełnia paliwo o 1,"{""fuel_after"": 2}"
2025-10-01T00:04:01,TOKEN,INFO,P_Kompania__5_Infanterie_Regiment: koniec tury (wydane PE=1),"{""allocated_pe"": 12, ""spent_pe"": 1, ""unused_pe"": 11, ""movement_success"": true, ""movement_attempts"": 1, ""movement_destination"": [45, -18], ""attack_attempted"": false, ""attack_success"": false, ""counterattack"": null, ""damage_dealt"": null, ""damage_taken"": null, ""attacker_remaining"": null, ""defender_remaining"": null, ""resupply_budget"": 12, ""resupply_spent"": 1, ""refueled"": 1, ""combat_restored"": 0, ""remaining_mp"": 3, ""remaining_fuel"": 2, ""combat_value"": 11, ""token_destroyed"": false}"
2025-10-01T00:04:01,TOKEN,INFO,P_Pluton__5_Sch_tzen_Kompanie: start tury (budżet PE=12),"{""allocated_pe"": 12, ""position_q"": 44, ""position_r"": -16, ""move_points"": 5, ""fuel"": 2, ""combat_value"": 8}"
2025-10-01T00:04:01,TOKEN,INFO,"P_Pluton__5_Sch_tzen_Kompanie: ruch na (45, -16) udany","{""destination_q"": 45, ""destination_r"": -16, ""remaining_mp"": 4, ""remaining_fuel"": 1}"
2025-10-01T00:04:01,TOKEN,DEBUG,P_Pluton__5_Sch_tzen_Kompanie: uzupełnia paliwo o 1,"{""fuel_after"": 2}"
2025-10-01T00:04:01,TOKEN,INFO,P_Pluton__5_Sch_tzen_Kompanie: koniec tury (wydane PE=1),"{""allocated_pe"": 12, ""spent_pe"": 1, ""unused_pe"": 11, ""movement_success"": true, ""movement_attempts"": 1, ""movement_destination"": [45, -16], ""attack_attempted"": false, ""attack_success"": false, ""counterattack"": null, ""damage_dealt"": null, ""damage_taken"": null, ""attacker_remaining"": null, ""defender_remaining"": null, ""resupply_budget"": 12, ""resupply_spent"": 1, ""refueled"": 1, ""combat_restored"": 0, ""remaining_mp"": 4, ""remaining_fuel"": 2, ""combat_value"": 8, ""token_destroyed"": false}"
2025-10-01T00:04:01,TOKEN,INFO,AC_Kompania__5_schwere_Artillerie: start tury (budżet PE=12),"{""allocated_pe"": 12, ""position_q"": 46, ""position_r"": -17, ""move_points"": 5, ""fuel"": 2, ""combat_value"": 11}"
2025-10-01T00:04:01,TOKEN,INFO,"AC_Kompania__5_schwere_Artillerie: ruch na (47, -17) udany","{""destination_q"": 47, ""destination_r"": -17, ""remaining_mp"": 4, ""remaining_fuel"": 1}"
2025-10-01T00:04:01,TOKEN,DEBUG,AC_Kompania__5_schwere_Artillerie: uzupełnia paliwo o 1,"{""fuel_after"": 2}"
2025-10-01T00:04:01,TOKEN,INFO,AC_Kompania__5_schwere_Artillerie: koniec tury (wydane PE=1),"{""allocated_pe"": 12, ""spent_pe"": 1, ""unused_pe"": 11, ""movement_success"": true, ""movement_attempts"": 1, ""movement_destination"": [47, -17], ""attack_attempted"": false, ""attack_success"": false, ""counterattack"": null, ""damage_dealt"": null, ""damage_taken"": null, ""attacker_remaining"": null, ""defender_remaining"": null, ""resupply_budget"": 12, ""resupply_spent"": 1, ""refueled"": 1, ""combat_restored"": 0, ""remaining_mp"": 4, ""remaining_fuel"": 2, ""combat_value"": 11, ""token_destroyed"": false}"
2025-10-01T00:04:01,TOKEN,INFO,AL_Batalion__5_Artillerie_Abteilung: start tury (budżet PE=12),"{""allocated_pe"": 12, ""position_q"": 45, ""position_r"": -17, ""move_points"": 6, ""fuel"": 2, ""combat_value"": 11}"
2025-10-01T00:04:01,TOKEN,INFO,"AL_Batalion__5_Artillerie_Abteilung: ruch na (46, -17) udany","{""destination_q"": 46, ""destination_r"": -17, ""remaining_mp"": 5, ""remaining_fuel"": 1}"
2025-10-01T00:04:01,TOKEN,DEBUG,AL_Batalion__5_Artillerie_Abteilung: uzupełnia paliwo o 1,"{""fuel_after"": 2}"
2025-10-01T00:04:01,TOKEN,INFO,AL_Batalion__5_Artillerie_Abteilung: koniec tury (wydane PE=1),"{""allocated_pe"": 12, ""spent_pe"": 1, ""unused_pe"": 11, ""movement_success"": true, ""movement_attempts"": 1, ""movement_destination"": [46, -17], ""attack_attempted"": false, ""attack_success"": false, ""counterattack"": null, ""damage_dealt"": null, ""damage_taken"": null, ""attacker_remaining"": null, ""defender_remaining"": null, ""resupply_budget"": 12, ""resupply_spent"": 1, ""refueled"": 1, ""combat_restored"": 0, ""remaining_mp"": 5, ""remaining_fuel"": 2, ""combat_value"": 11, ""token_destroyed"": false}"
2025-10-01T00:04:01,TOKEN,INFO,P_Pluton__5_Sch_tzen_Kompanie_20250913214034: start tury (budżet PE=12),"{""allocated_pe"": 12, ""position_q"": 49, ""position_r"": -17, ""move_points"": 2, ""fuel"": 2, ""combat_value"": 8}"
2025-10-01T00:04:01,TOKEN,INFO,"P_Pluton__5_Sch_tzen_Kompanie_20250913214034: ruch na (50, -17) udany","{""destination_q"": 50, ""destination_r"": -17, ""remaining_mp"": 1, ""remaining_fuel"": 1}"
2025-10-01T00:04:01,TOKEN,DEBUG,P_Pluton__5_Sch_tzen_Kompanie_20250913214034: uzupełnia paliwo o 1,"{""fuel_after"": 2}"
2025-10-01T00:04:01,TOKEN,INFO,P_Pluton__5_Sch_tzen_Kompanie_20250913214034: koniec tury (wydane PE=1),"{""allocated_pe"": 12, ""spent_pe"": 1, ""unused_pe"": 11, ""movement_success"": true, ""movement_attempts"": 1, ""movement_destination"": [50, -17], ""attack_attempted"": false, ""attack_success"": false, ""counterattack"": null, ""damage_dealt"": null, ""damage_taken"": null, ""attacker_remaining"": null, ""defender_remaining"": null, ""resupply_budget"": 12, ""resupply_spent"": 1, ""refueled"": 1, ""combat_restored"": 0, ""remaining_mp"": 1, ""remaining_fuel"": 2, ""combat_value"": 8, ""token_destroyed"": false}"
2025-10-01T00:04:01,TOKEN,INFO,Z_Kompania__5_Unterst_tzungs_Bataillon: start tury (budżet PE=12),"{""allocated_pe"": 12, ""position_q"": 51, ""position_r"": -20, ""move_points"": 5, ""fuel"": 4, ""combat_value"": 6}"
2025-10-01T00:04:01,TOKEN,INFO,"Z_Kompania__5_Unterst_tzungs_Bataillon: ruch na (52, -21) udany","{""destination_q"": 52, ""destination_r"": -21, ""remaining_mp"": 4, ""remaining_fuel"": 3}"
2025-10-01T00:04:01,TOKEN,DEBUG,Z_Kompania__5_Unterst_tzungs_Bataillon: uzupełnia paliwo o 1,"{""fuel_after"": 4}"
2025-10-01T00:04:01,TOKEN,INFO,Z_Kompania__5_Unterst_tzungs_Bataillon: koniec tury (wydane PE=1),"{""allocated_pe"": 12, ""spent_pe"": 1, ""unused_pe"": 11, ""movement_success"": true, ""movement_attempts"": 1, ""movement_destination"": [52, -21], ""attack_attempted"": false, ""attack_success"": false, ""counterattack"": null, ""damage_dealt"": null, ""damage_taken"": null, ""attacker_remaining"": null, ""defender_remaining"": null, ""resupply_budget"": 12, ""resupply_spent"": 1, ""refueled"": 1, ""combat_restored"": 0, ""remaining_mp"": 4, ""remaining_fuel"": 4, ""combat_value"": 6, ""token_destroyed"": false}"
2025-10-01T00:04:01,TOKEN,INFO,Z_Pluton__5_Versorgungs_Kompanie: start tury (budżet PE=12),"{""allocated_pe"": 12, ""position_q"": 51, ""position_r"": -15, ""move_points"": 9, ""fuel"": 4, ""combat_value"": 4}"
2025-10-01T00:04:01,TOKEN,INFO,"Z_Pluton__5_Versorgungs_Kompanie: ruch na (52, -15) udany","{""destination_q"": 52, ""destination_r"": -15, ""remaining_mp"": 8, ""remaining_fuel"": 3}"
2025-10-01T00:04:01,TOKEN,DEBUG,Z_Pluton__5_Versorgungs_Kompanie: uzupełnia paliwo o 1,"{""fuel_after"": 4}"
2025-10-01T00:04:01,TOKEN,INFO,Z_Pluton__5_Versorgungs_Kompanie: koniec tury (wydane PE=1),"{""allocated_pe"": 12, ""spent_pe"": 1, ""unused_pe"": 11, ""movement_success"": true, ""movement_attempts"": 1, ""movement_destination"": [52, -15], ""attack_attempted"": false, ""attack_success"": false, ""counterattack"": null, ""damage_dealt"": null, ""damage_taken"": null, ""attacker_remaining"": null, ""defender_remaining"": null, ""resupply_budget"": 12, ""resupply_spent"": 1, ""refueled"": 1, ""combat_restored"": 0, ""remaining_mp"": 8, ""remaining_fuel"": 4, ""combat_value"": 4, ""token_destroyed"": false}"
2025-10-01T00:04:01,TOKEN,INFO,Z_Pluton__5_Unterst_tzungs_Bataillon: start tury (budżet PE=12),"{""allocated_pe"": 12, ""position_q"": 52, ""position_r"": -17, ""move_points"": 5, ""fuel"": 4, ""combat_value"": 4}"
2025-10-01T00:04:01,TOKEN,INFO,"Z_Pluton__5_Unterst_tzungs_Bataillon: ruch na (53, -18) udany","{""destination_q"": 53, ""destination_r"": -18, ""remaining_mp"": 4, ""remaining_fuel"": 3}"
2025-10-01T00:04:01,TOKEN,DEBUG,Z_Pluton__5_Unterst_tzungs_Bataillon: uzupełnia paliwo o 1,"{""fuel_after"": 4}"
2025-10-01T00:04:01,TOKEN,INFO,Z_Pluton__5_Unterst_tzungs_Bataillon: koniec tury (wydane PE=1),"{""allocated_pe"": 12, ""spent_pe"": 1, ""unused_pe"": 11, ""movement_success"": true, ""movement_attempts"": 1, ""movement_destination"": [53, -18], ""attack_attempted"": false, ""attack_success"": false, ""counterattack"": null, ""damage_dealt"": null, ""damage_taken"": null, ""attacker_remaining"": null, ""defender_remaining"": null, ""resupply_budget"": 12, ""resupply_spent"": 1, ""refueled"": 1, ""combat_restored"": 0, ""remaining_mp"": 4, ""remaining_fuel"": 4, ""combat_value"": 4, ""token_destroyed"": false}"
2025-10-01T00:04:01,TOKEN,INFO,Z_Pluton__5_Unterst_tzungs_Bataillon_20250913214038: start tury (budżet PE=12),"{""allocated_pe"": 12, ""position_q"": 52, ""position_r"": -16, ""move_points"": 9, ""fuel"": 4, ""combat_value"": 4}"
2025-10-01T00:04:01,TOKEN,INFO,"Z_Pluton__5_Unterst_tzungs_Bataillon_20250913214038: ruch na (52, -17) udany","{""destination_q"": 52, ""destination_r"": -17, ""remaining_mp"": 8, ""remaining_fuel"": 3}"
2025-10-01T00:04:01,TOKEN,DEBUG,Z_Pluton__5_Unterst_tzungs_Bataillon_20250913214038: uzupełnia paliwo o 1,"{""fuel_after"": 4}"
2025-10-01T00:04:01,TOKEN,INFO,Z_Pluton__5_Unterst_tzungs_Bataillon_20250913214038: koniec tury (wydane PE=1),"{""allocated_pe"": 12, ""spent_pe"": 1, ""unused_pe"": 11, ""movement_success"": true, ""movement_attempts"": 1, ""movement_destination"": [52, -17], ""attack_attempted"": false, ""attack_success"": false, ""counterattack"": null, ""damage_dealt"": null, ""damage_taken"": null, ""attacker_remaining"": null, ""defender_remaining"": null, ""resupply_budget"": 12, ""resupply_spent"": 1, ""refueled"": 1, ""combat_restored"": 0, ""remaining_mp"": 8, ""remaining_fuel"": 4, ""combat_value"": 4, ""token_destroyed"": false}"
2025-10-01T00:04:01,TOKEN,INFO,P_Pluton__6_Sch_tzen_Kompanie: start tury (budżet PE=13),"{""allocated_pe"": 13, ""position_q"": 45, ""position_r"": -1, ""move_points"": 5, ""fuel"": 2, ""combat_value"": 8}"
2025-10-01T00:04:01,TOKEN,INFO,"P_Pluton__6_Sch_tzen_Kompanie: ruch na (46, -1) udany","{""destination_q"": 46, ""destination_r"": -1, ""remaining_mp"": 4, ""remaining_fuel"": 1}"
2025-10-01T00:04:01,TOKEN,DEBUG,P_Pluton__6_Sch_tzen_Kompanie: uzupełnia paliwo o 1,"{""fuel_after"": 2}"
2025-10-01T00:04:01,TOKEN,INFO,P_Pluton__6_Sch_tzen_Kompanie: koniec tury (wydane PE=1),"{""allocated_pe"": 13, ""spent_pe"": 1, ""unused_pe"": 12, ""movement_success"": true, ""movement_attempts"": 1, ""movement_destination"": [46, -1], ""attack_attempted"": false, ""attack_success"": false, ""counterattack"": null, ""damage_dealt"": null, ""damage_taken"": null, ""attacker_remaining"": null, ""defender_remaining"": null, ""resupply_budget"": 13, ""resupply_spent"": 1, ""refueled"": 1, ""combat_restored"": 0, ""remaining_mp"": 4, ""remaining_fuel"": 2, ""combat_value"": 8, ""token_destroyed"": false}"
2025-10-01T00:04:01,TOKEN,INFO,P_Pluton__6_Infanterie_Regiment: start tury (budżet PE=13),"{""allocated_pe"": 13, ""position_q"": 46, ""position_r"": 3, ""move_points"": 5, ""fuel"": 2, ""combat_value"": 8}"
2025-10-01T00:04:01,TOKEN,INFO,"P_Pluton__6_Infanterie_Regiment: ruch na (47, 3) udany","{""destination_q"": 47, ""destination_r"": 3, ""remaining_mp"": 4, ""remaining_fuel"": 1}"
2025-10-01T00:04:01,TOKEN,DEBUG,P_Pluton__6_Infanterie_Regiment: uzupełnia paliwo o 1,"{""fuel_after"": 2}"
2025-10-01T00:04:01,TOKEN,INFO,P_Pluton__6_Infanterie_Regiment: koniec tury (wydane PE=1),"{""allocated_pe"": 13, ""spent_pe"": 1, ""unused_pe"": 12, ""movement_success"": true, ""movement_attempts"": 1, ""movement_destination"": [47, 3], ""attack_attempted"": false, ""attack_success"": false, ""counterattack"": null, ""damage_dealt"": null, ""damage_taken"": null, ""attacker_remaining"": null, ""defender_remaining"": null, ""resupply_budget"": 13, ""resupply_spent"": 1, ""refueled"": 1, ""combat_restored"": 0, ""remaining_mp"": 4, ""remaining_fuel"": 2, ""combat_value"": 8, ""token_destroyed"": false}"
2025-10-01T00:04:01,TOKEN,INFO,Z_Pluton__6_Unterst_tzungs_Bataillon_20250913214051: start tury (budżet PE=13),"{""allocated_pe"": 13, ""position_q"": 47, ""position_r"": 1, ""move_points"": 8, ""fuel"": 4, ""combat_value"": 4}"
2025-10-01T00:04:01,TOKEN,INFO,"Z_Pluton__6_Unterst_tzungs_Bataillon_20250913214051: ruch na (48, 1) udany","{""destination_q"": 48, ""destination_r"": 1, ""remaining_mp"": 7, ""remaining_fuel"": 3}"
2025-10-01T00:04:01,TOKEN,DEBUG,Z_Pluton__6_Unterst_tzungs_Bataillon_20250913214051: uzupełnia paliwo o 1,"{""fuel_after"": 4}"
2025-10-01T00:04:01,TOKEN,INFO,Z_Pluton__6_Unterst_tzungs_Bataillon_20250913214051: koniec tury (wydane PE=1),"{""allocated_pe"": 13, ""spent_pe"": 1, ""unused_pe"": 12, ""movement_success"": true, ""movement_attempts"": 1, ""movement_destination"": [48, 1], ""attack_attempted"": false, ""attack_success"": false, ""counterattack"": null, ""damage_dealt"": null, ""damage_taken"": null, ""attacker_remaining"": null, ""defender_remaining"": null, ""resupply_budget"": 13, ""resupply_spent"": 1, ""refueled"": 1, ""combat_restored"": 0, ""remaining_mp"": 7, ""remaining_fuel"": 4, ""combat_value"": 4, ""token_destroyed"": false}"
2025-10-01T00:04:01,TOKEN,INFO,P_Pluton__6_Grenadier_Bataillon: start tury (budżet PE=13),"{""allocated_pe"": 13, ""position_q"": 48, ""position_r"": -12, ""move_points"": 5, ""fuel"": 2, ""combat_value"": 8}"
2025-10-01T00:04:01,TOKEN,INFO,"P_Pluton__6_Grenadier_Bataillon: ruch na (49, -12) udany","{""destination_q"": 49, ""destination_r"": -12, ""remaining_mp"": 4, ""remaining_fuel"": 1}"
2025-10-01T00:04:01,TOKEN,DEBUG,P_Pluton__6_Grenadier_Bataillon: uzupełnia paliwo o 1,"{""fuel_after"": 2}"
2025-10-01T00:04:01,TOKEN,INFO,P_Pluton__6_Grenadier_Bataillon: koniec tury (wydane PE=1),"{""allocated_pe"": 13, ""spent_pe"": 1, ""unused_pe"": 12, ""movement_success"": true, ""movement_attempts"": 1, ""movement_destination"": [49, -12], ""attack_attempted"": false, ""attack_success"": false, ""counterattack"": null, ""damage_dealt"": null, ""damage_taken"": null, ""attacker_remaining"": null, ""defender_remaining"": null, ""resupply_budget"": 13, ""resupply_spent"": 1, ""refueled"": 1, ""combat_restored"": 0, ""remaining_mp"": 4, ""remaining_fuel"": 2, ""combat_value"": 8, ""token_destroyed"": false}"
2025-10-01T00:04:01,TOKEN,INFO,Z_Batalion__6_Versorgungs_Kompanie: start tury (budżet PE=13),"{""allocated_pe"": 13, ""position_q"": 55, ""position_r"": -18, ""move_points"": 6, ""fuel"": 4, ""combat_value"": 7}"
2025-10-01T00:04:01,TOKEN,INFO,"Z_Batalion__6_Versorgungs_Kompanie: ruch na (55, -19) udany","{""destination_q"": 55, ""destination_r"": -19, ""remaining_mp"": 5, ""remaining_fuel"": 3}"
2025-10-01T00:04:01,TOKEN,DEBUG,Z_Batalion__6_Versorgungs_Kompanie: uzupełnia paliwo o 1,"{""fuel_after"": 4}"
2025-10-01T00:04:01,TOKEN,INFO,Z_Batalion__6_Versorgungs_Kompanie: koniec tury (wydane PE=1),"{""allocated_pe"": 13, ""spent_pe"": 1, ""unused_pe"": 12, ""movement_success"": true, ""movement_attempts"": 1, ""movement_destination"": [55, -19], ""attack_attempted"": false, ""attack_success"": false, ""counterattack"": null, ""damage_dealt"": null, ""damage_taken"": null, ""attacker_remaining"": null, ""defender_remaining"": null, ""resupply_budget"": 13, ""resupply_spent"": 1, ""refueled"": 1, ""combat_restored"": 0, ""remaining_mp"": 5, ""remaining_fuel"": 4, ""combat_value"": 7, ""token_destroyed"": false}"
2025-10-01T00:04:01,TOKEN,INFO,Z_Pluton__6_Unterst_tzungs_Bataillon_20250913214048: start tury (budżet PE=13),"{""allocated_pe"": 13, ""position_q"": 48, ""position_r"": -10, ""move_points"": 8, ""fuel"": 4, ""combat_value"": 4}"
2025-10-01T00:04:01,TOKEN,INFO,"Z_Pluton__6_Unterst_tzungs_Bataillon_20250913214048: ruch na (49, -10) udany","{""destination_q"": 49, ""destination_r"": -10, ""remaining_mp"": 7, ""remaining_fuel"": 3}"
2025-10-01T00:04:01,TOKEN,DEBUG,Z_Pluton__6_Unterst_tzungs_Bataillon_20250913214048: uzupełnia paliwo o 1,"{""fuel_after"": 4}"
2025-10-01T00:04:01,TOKEN,INFO,Z_Pluton__6_Unterst_tzungs_Bataillon_20250913214048: koniec tury (wydane PE=1),"{""allocated_pe"": 13, ""spent_pe"": 1, ""unused_pe"": 12, ""movement_success"": true, ""movement_attempts"": 1, ""movement_destination"": [49, -10], ""attack_attempted"": false, ""attack_success"": false, ""counterattack"": null, ""damage_dealt"": null, ""damage_taken"": null, ""attacker_remaining"": null, ""defender_remaining"": null, ""resupply_budget"": 13, ""resupply_spent"": 1, ""refueled"": 1, ""combat_restored"": 0, ""remaining_mp"": 7, ""remaining_fuel"": 4, ""combat_value"": 4, ""token_destroyed"": false}"
2025-10-01T00:04:01,TOKEN,INFO,P_Kompania__6_Sch_tzen_Kompanie: start tury (budżet PE=13),"{""allocated_pe"": 13, ""position_q"": 52, ""position_r"": -10, ""move_points"": 5, ""fuel"": 2, ""combat_value"": 11}"
2025-10-01T00:04:01,TOKEN,INFO,"P_Kompania__6_Sch_tzen_Kompanie: ruch na (53, -10) udany","{""destination_q"": 53, ""destination_r"": -10, ""remaining_mp"": 4, ""remaining_fuel"": 1}"
2025-10-01T00:04:01,TOKEN,DEBUG,P_Kompania__6_Sch_tzen_Kompanie: uzupełnia paliwo o 1,"{""fuel_after"": 2}"
2025-10-01T00:04:01,TOKEN,INFO,P_Kompania__6_Sch_tzen_Kompanie: koniec tury (wydane PE=1),"{""allocated_pe"": 13, ""spent_pe"": 1, ""unused_pe"": 12, ""movement_success"": true, ""movement_attempts"": 1, ""movement_destination"": [53, -10], ""attack_attempted"": false, ""attack_success"": false, ""counterattack"": null, ""damage_dealt"": null, ""damage_taken"": null, ""attacker_remaining"": null, ""defender_remaining"": null, ""resupply_budget"": 13, ""resupply_spent"": 1, ""refueled"": 1, ""combat_restored"": 0, ""remaining_mp"": 4, ""remaining_fuel"": 2, ""combat_value"": 11, ""token_destroyed"": false}"
2025-10-01T00:04:01,TOKEN,INFO,Z_Pluton__6_Versorgungs_Kompanie: start tury (budżet PE=13),"{""allocated_pe"": 13, ""position_q"": 54, ""position_r"": -16, ""move_points"": 8, ""fuel"": 4, ""combat_value"": 4}"
2025-10-01T00:04:01,TOKEN,INFO,"Z_Pluton__6_Versorgungs_Kompanie: ruch na (54, -17) udany","{""destination_q"": 54, ""destination_r"": -17, ""remaining_mp"": 7, ""remaining_fuel"": 3}"
2025-10-01T00:04:01,TOKEN,DEBUG,Z_Pluton__6_Versorgungs_Kompanie: uzupełnia paliwo o 1,"{""fuel_after"": 4}"
2025-10-01T00:04:01,TOKEN,INFO,Z_Pluton__6_Versorgungs_Kompanie: koniec tury (wydane PE=1),"{""allocated_pe"": 13, ""spent_pe"": 1, ""unused_pe"": 12, ""movement_success"": true, ""movement_attempts"": 1, ""movement_destination"": [54, -17], ""attack_attempted"": false, ""attack_success"": false, ""counterattack"": null, ""damage_dealt"": null, ""damage_taken"": null, ""attacker_remaining"": null, ""defender_remaining"": null, ""resupply_budget"": 13, ""resupply_spent"": 1, ""refueled"": 1, ""combat_restored"": 0, ""remaining_mp"": 7, ""remaining_fuel"": 4, ""combat_value"": 4, ""token_destroyed"": false}"
2025-10-01T00:04:01,TOKEN,INFO,Z_Pluton__6_Unterst_tzungs_Bataillon: start tury (budżet PE=13),"{""allocated_pe"": 13, ""position_q"": 55, ""position_r"": -16, ""move_points"": 6, ""fuel"": 4, ""combat_value"": 4}"
2025-10-01T00:04:01,TOKEN,INFO,"Z_Pluton__6_Unterst_tzungs_Bataillon: ruch na (54, -16) udany","{""destination_q"": 54, ""destination_r"": -16, ""remaining_mp"": 5, ""remaining_fuel"": 3}"
2025-10-01T00:04:01,TOKEN,DEBUG,Z_Pluton__6_Unterst_tzungs_Bataillon: uzupełnia paliwo o 1,"{""fuel_after"": 4}"
2025-10-01T00:04:01,TOKEN,INFO,Z_Pluton__6_Unterst_tzungs_Bataillon: koniec tury (wydane PE=1),"{""allocated_pe"": 13, ""spent_pe"": 1, ""unused_pe"": 12, ""movement_success"": true, ""movement_attempts"": 1, ""movement_destination"": [54, -16], ""attack_attempted"": false, ""attack_success"": false, ""counterattack"": null, ""damage_dealt"": null, ""damage_taken"": null, ""attacker_remaining"": null, ""defender_remaining"": null, ""resupply_budget"": 13, ""resupply_spent"": 1, ""refueled"": 1, ""combat_restored"": 0, ""remaining_mp"": 5, ""remaining_fuel"": 4, ""combat_value"": 4, ""token_destroyed"": false}"
2025-10-01T00:04:01,TOKEN,INFO,TL_Kompania__2_Batalion_Pancerny: start tury (budżet PE=13),"{""allocated_pe"": 13, ""position_q"": 33, ""position_r"": -12, ""move_points"": 4, ""fuel"": 3, ""combat_value"": 14}"
2025-10-01T00:04:01,TOKEN,INFO,"TL_Kompania__2_Batalion_Pancerny: ruch na (34, -12) udany","{""destination_q"": 34, ""destination_r"": -12, ""remaining_mp"": 3, ""remaining_fuel"": 2}"
2025-10-01T00:04:01,TOKEN,DEBUG,TL_Kompania__2_Batalion_Pancerny: uzupełnia paliwo o 1,"{""fuel_after"": 3}"
2025-10-01T00:04:01,TOKEN,INFO,TL_Kompania__2_Batalion_Pancerny: koniec tury (wydane PE=1),"{""allocated_pe"": 13, ""spent_pe"": 1, ""unused_pe"": 12, ""movement_success"": true, ""movement_attempts"": 1, ""movement_destination"": [34, -12], ""attack_attempted"": false, ""attack_success"": false, ""counterattack"": null, ""damage_dealt"": null, ""damage_taken"": null, ""attacker_remaining"": null, ""defender_remaining"": null, ""resupply_budget"": 13, ""resupply_spent"": 1, ""refueled"": 1, ""combat_restored"": 0, ""remaining_mp"": 3, ""remaining_fuel"": 3, ""combat_value"": 14, ""token_destroyed"": false}"
2025-10-01T00:04:01,TOKEN,INFO,P_Batalion__2_Batalion_Strzelc_w: start tury (budżet PE=13),"{""allocated_pe"": 13, ""position_q"": 34, ""position_r"": -11, ""move_points"": 2, ""fuel"": 2, ""combat_value"": 14}"
2025-10-01T00:04:01,TOKEN,INFO,"P_Batalion__2_Batalion_Strzelc_w: ruch na (35, -11) udany","{""destination_q"": 35, ""destination_r"": -11, ""remaining_mp"": 1, ""remaining_fuel"": 1}"
2025-10-01T00:04:01,TOKEN,DEBUG,P_Batalion__2_Batalion_Strzelc_w: uzupełnia paliwo o 1,"{""fuel_after"": 2}"
2025-10-01T00:04:01,TOKEN,INFO,P_Batalion__2_Batalion_Strzelc_w: koniec tury (wydane PE=1),"{""allocated_pe"": 13, ""spent_pe"": 1, ""unused_pe"": 12, ""movement_success"": true, ""movement_attempts"": 1, ""movement_destination"": [35, -11], ""attack_attempted"": false, ""attack_success"": false, ""counterattack"": null, ""damage_dealt"": null, ""damage_taken"": null, ""attacker_remaining"": null, ""defender_remaining"": null, ""resupply_budget"": 13, ""resupply_spent"": 1, ""refueled"": 1, ""combat_restored"": 0, ""remaining_mp"": 1, ""remaining_fuel"": 2, ""combat_value"": 14, ""token_destroyed"": false}"
2025-10-01T00:04:01,TOKEN,INFO,P_Batalion__2_Batalion_Strzelc_w_20250913214005: start tury (budżet PE=13),"{""allocated_pe"": 13, ""position_q"": 33, ""position_r"": -11, ""move_points"": 7, ""fuel"": 2, ""combat_value"": 14}"
2025-10-01T00:04:01,TOKEN,INFO,"P_Batalion__2_Batalion_Strzelc_w_20250913214005: ruch na (34, -11) udany","{""destination_q"": 34, ""destination_r"": -11, ""remaining_mp"": 6, ""remaining_fuel"": 1}"
2025-10-01T00:04:01,TOKEN,DEBUG,P_Batalion__2_Batalion_Strzelc_w_20250913214005: uzupełnia paliwo o 1,"{""fuel_after"": 2}"
2025-10-01T00:04:01,TOKEN,INFO,P_Batalion__2_Batalion_Strzelc_w_20250913214005: koniec tury (wydane PE=1),"{""allocated_pe"": 13, ""spent_pe"": 1, ""unused_pe"": 12, ""movement_success"": true, ""movement_attempts"": 1, ""movement_destination"": [34, -11], ""attack_attempted"": false, ""attack_success"": false, ""counterattack"": null, ""damage_dealt"": null, ""damage_taken"": null, ""attacker_remaining"": null, ""defender_remaining"": null, ""resupply_budget"": 13, ""resupply_spent"": 1, ""refueled"": 1, ""combat_restored"": 0, ""remaining_mp"": 6, ""remaining_fuel"": 2, ""combat_value"": 14, ""token_destroyed"": false}"
2025-10-01T00:04:02,TOKEN,INFO,P_Pluton__2_Kompania_Grenadier_w: start tury (budżet PE=13),"{""allocated_pe"": 13, ""position_q"": 34, ""position_r"": 5, ""move_points"": 2, ""fuel"": 2, ""combat_value"": 8}"
2025-10-01T00:04:02,TOKEN,INFO,"P_Pluton__2_Kompania_Grenadier_w: ruch na (35, 5) udany","{""destination_q"": 35, ""destination_r"": 5, ""remaining_mp"": 1, ""remaining_fuel"": 1}"
2025-10-01T00:04:02,TOKEN,DEBUG,P_Pluton__2_Kompania_Grenadier_w: uzupełnia paliwo o 1,"{""fuel_after"": 2}"
2025-10-01T00:04:02,TOKEN,INFO,P_Pluton__2_Kompania_Grenadier_w: koniec tury (wydane PE=1),"{""allocated_pe"": 13, ""spent_pe"": 1, ""unused_pe"": 12, ""movement_success"": true, ""movement_attempts"": 1, ""movement_destination"": [35, 5], ""attack_attempted"": false, ""attack_success"": false, ""counterattack"": null, ""damage_dealt"": null, ""damage_taken"": null, ""attacker_remaining"": null, ""defender_remaining"": null, ""resupply_budget"": 13, ""resupply_spent"": 1, ""refueled"": 1, ""combat_restored"": 0, ""remaining_mp"": 1, ""remaining_fuel"": 2, ""combat_value"": 8, ""token_destroyed"": false}"
2025-10-01T00:04:02,TOKEN,INFO,Z_Pluton__2_Batalion_Wsparcia: start tury (budżet PE=13),"{""allocated_pe"": 13, ""position_q"": 33, ""position_r"": -3, ""move_points"": 5, ""fuel"": 4, ""combat_value"": 4}"
2025-10-01T00:04:02,TOKEN,INFO,"Z_Pluton__2_Batalion_Wsparcia: ruch na (34, -4) udany","{""destination_q"": 34, ""destination_r"": -4, ""remaining_mp"": 4, ""remaining_fuel"": 3}"
2025-10-01T00:04:02,TOKEN,DEBUG,Z_Pluton__2_Batalion_Wsparcia: uzupełnia paliwo o 1,"{""fuel_after"": 4}"
2025-10-01T00:04:02,TOKEN,INFO,Z_Pluton__2_Batalion_Wsparcia: koniec tury (wydane PE=1),"{""allocated_pe"": 13, ""spent_pe"": 1, ""unused_pe"": 12, ""movement_success"": true, ""movement_attempts"": 1, ""movement_destination"": [34, -4], ""attack_attempted"": false, ""attack_success"": false, ""counterattack"": null, ""damage_dealt"": null, ""damage_taken"": null, ""attacker_remaining"": null, ""defender_remaining"": null, ""resupply_budget"": 13, ""resupply_spent"": 1, ""refueled"": 1, ""combat_restored"": 0, ""remaining_mp"": 4, ""remaining_fuel"": 4, ""combat_value"": 4, ""token_destroyed"": false}"
2025-10-01T00:04:02,TOKEN,INFO,P_Kompania__2_Pu_k_Piechoty: start tury (budżet PE=13),"{""allocated_pe"": 13, ""position_q"": 36, ""position_r"": -5, ""move_points"": 2, ""fuel"": 2, ""combat_value"": 11}"
2025-10-01T00:04:02,TOKEN,INFO,"P_Kompania__2_Pu_k_Piechoty: ruch na (37, -5) udany","{""destination_q"": 37, ""destination_r"": -5, ""remaining_mp"": 1, ""remaining_fuel"": 1}"
2025-10-01T00:04:02,TOKEN,DEBUG,P_Kompania__2_Pu_k_Piechoty: uzupełnia paliwo o 1,"{""fuel_after"": 2}"
2025-10-01T00:04:02,TOKEN,INFO,P_Kompania__2_Pu_k_Piechoty: koniec tury (wydane PE=1),"{""allocated_pe"": 13, ""spent_pe"": 1, ""unused_pe"": 12, ""movement_success"": true, ""movement_attempts"": 1, ""movement_destination"": [37, -5], ""attack_attempted"": false, ""attack_success"": false, ""counterattack"": null, ""damage_dealt"": null, ""damage_taken"": null, ""attacker_remaining"": null, ""defender_remaining"": null, ""resupply_budget"": 13, ""resupply_spent"": 1, ""refueled"": 1, ""combat_restored"": 0, ""remaining_mp"": 1, ""remaining_fuel"": 2, ""combat_value"": 11, ""token_destroyed"": false}"
2025-10-01T00:04:02,TOKEN,INFO,Z_Pluton__2_Oddzia_Rozpoznawczy: start tury (budżet PE=13),"{""allocated_pe"": 13, ""position_q"": 35, ""position_r"": -5, ""move_points"": 6, ""fuel"": 4, ""combat_value"": 4}"
2025-10-01T00:04:02,TOKEN,INFO,"Z_Pluton__2_Oddzia_Rozpoznawczy: ruch na (36, -5) udany","{""destination_q"": 36, ""destination_r"": -5, ""remaining_mp"": 5, ""remaining_fuel"": 3}"
2025-10-01T00:04:02,TOKEN,DEBUG,Z_Pluton__2_Oddzia_Rozpoznawczy: uzupełnia paliwo o 1,"{""fuel_after"": 4}"
2025-10-01T00:04:02,TOKEN,INFO,Z_Pluton__2_Oddzia_Rozpoznawczy: koniec tury (wydane PE=1),"{""allocated_pe"": 13, ""spent_pe"": 1, ""unused_pe"": 12, ""movement_success"": true, ""movement_attempts"": 1, ""movement_destination"": [36, -5], ""attack_attempted"": false, ""attack_success"": false, ""counterattack"": null, ""damage_dealt"": null, ""damage_taken"": null, ""attacker_remaining"": null, ""defender_remaining"": null, ""resupply_budget"": 13, ""resupply_spent"": 1, ""refueled"": 1, ""combat_restored"": 0, ""remaining_mp"": 5, ""remaining_fuel"": 4, ""combat_value"": 4, ""token_destroyed"": false}"
2025-10-01T00:04:02,TOKEN,INFO,P_Pluton__2_Kompania_Grenadier_w_20250913214010: start tury (budżet PE=13),"{""allocated_pe"": 13, ""position_q"": 36, ""position_r"": 2, ""move_points"": 2, ""fuel"": 2, ""combat_value"": 8}"
2025-10-01T00:04:02,TOKEN,INFO,"P_Pluton__2_Kompania_Grenadier_w_20250913214010: ruch na (37, 2) udany","{""destination_q"": 37, ""destination_r"": 2, ""remaining_mp"": 1, ""remaining_fuel"": 1}"
2025-10-01T00:04:02,TOKEN,DEBUG,P_Pluton__2_Kompania_Grenadier_w_20250913214010: uzupełnia paliwo o 1,"{""fuel_after"": 2}"
2025-10-01T00:04:02,TOKEN,INFO,P_Pluton__2_Kompania_Grenadier_w_20250913214010: koniec tury (wydane PE=1),"{""allocated_pe"": 13, ""spent_pe"": 1, ""unused_pe"": 12, ""movement_success"": true, ""movement_attempts"": 1, ""movement_destination"": [37, 2], ""attack_attempted"": false, ""attack_success"": false, ""counterattack"": null, ""damage_dealt"": null, ""damage_taken"": null, ""attacker_remaining"": null, ""defender_remaining"": null, ""resupply_budget"": 13, ""resupply_spent"": 1, ""refueled"": 1, ""combat_restored"": 0, ""remaining_mp"": 1, ""remaining_fuel"": 2, ""combat_value"": 8, ""token_destroyed"": false}"
2025-10-01T00:04:02,TOKEN,INFO,Z_Batalion__2_Kompania_Zaopatrzeniowa: start tury (budżet PE=13),"{""allocated_pe"": 13, ""position_q"": 32, ""position_r"": -11, ""move_points"": 6, ""fuel"": 4, ""combat_value"": 7}"
2025-10-01T00:04:02,TOKEN,INFO,"Z_Batalion__2_Kompania_Zaopatrzeniowa: ruch na (33, -11) udany","{""destination_q"": 33, ""destination_r"": -11, ""remaining_mp"": 5, ""remaining_fuel"": 3}"
2025-10-01T00:04:02,TOKEN,DEBUG,Z_Batalion__2_Kompania_Zaopatrzeniowa: uzupełnia paliwo o 1,"{""fuel_after"": 4}"
2025-10-01T00:04:02,TOKEN,INFO,Z_Batalion__2_Kompania_Zaopatrzeniowa: koniec tury (wydane PE=1),"{""allocated_pe"": 13, ""spent_pe"": 1, ""unused_pe"": 12, ""movement_success"": true, ""movement_attempts"": 1, ""movement_destination"": [33, -11], ""attack_attempted"": false, ""attack_success"": false, ""counterattack"": null, ""damage_dealt"": null, ""damage_taken"": null, ""attacker_remaining"": null, ""defender_remaining"": null, ""resupply_budget"": 13, ""resupply_spent"": 1, ""refueled"": 1, ""combat_restored"": 0, ""remaining_mp"": 5, ""remaining_fuel"": 4, ""combat_value"": 7, ""token_destroyed"": false}"
2025-10-01T00:04:02,TOKEN,INFO,D_Pluton__2_Dow_dztwo_Einheit: start tury (budżet PE=13),"{""allocated_pe"": 13, ""position_q"": 23, ""position_r"": -9, ""move_points"": 3, ""fuel"": 3, ""combat_value"": 8}"
2025-10-01T00:04:02,TOKEN,INFO,"D_Pluton__2_Dow_dztwo_Einheit: ruch na (24, -9) udany","{""destination_q"": 24, ""destination_r"": -9, ""remaining_mp"": 2, ""remaining_fuel"": 2}"
2025-10-01T00:04:02,TOKEN,DEBUG,D_Pluton__2_Dow_dztwo_Einheit: uzupełnia paliwo o 1,"{""fuel_after"": 3}"
2025-10-01T00:04:02,TOKEN,INFO,D_Pluton__2_Dow_dztwo_Einheit: koniec tury (wydane PE=1),"{""allocated_pe"": 13, ""spent_pe"": 1, ""unused_pe"": 12, ""movement_success"": true, ""movement_attempts"": 1, ""movement_destination"": [24, -9], ""attack_attempted"": false, ""attack_success"": false, ""counterattack"": null, ""damage_dealt"": null, ""damage_taken"": null, ""attacker_remaining"": null, ""defender_remaining"": null, ""resupply_budget"": 13, ""resupply_spent"": 1, ""refueled"": 1, ""combat_restored"": 0, ""remaining_mp"": 2, ""remaining_fuel"": 3, ""combat_value"": 8, ""token_destroyed"": false}"
2025-10-01T00:04:02,TOKEN,INFO,Z_Pluton__3_Batalion_Wsparcia: start tury (budżet PE=14),"{""allocated_pe"": 14, ""position_q"": 15, ""position_r"": 25, ""move_points"": 7, ""fuel"": 4, ""combat_value"": 4}"
2025-10-01T00:04:02,TOKEN,INFO,"Z_Pluton__3_Batalion_Wsparcia: ruch na (16, 25) udany","{""destination_q"": 16, ""destination_r"": 25, ""remaining_mp"": 6, ""remaining_fuel"": 3}"
2025-10-01T00:04:02,TOKEN,DEBUG,Z_Pluton__3_Batalion_Wsparcia: uzupełnia paliwo o 1,"{""fuel_after"": 4}"
2025-10-01T00:04:02,TOKEN,INFO,Z_Pluton__3_Batalion_Wsparcia: koniec tury (wydane PE=1),"{""allocated_pe"": 14, ""spent_pe"": 1, ""unused_pe"": 13, ""movement_success"": true, ""movement_attempts"": 1, ""movement_destination"": [16, 25], ""attack_attempted"": false, ""attack_success"": false, ""counterattack"": null, ""damage_dealt"": null, ""damage_taken"": null, ""attacker_remaining"": null, ""defender_remaining"": null, ""resupply_budget"": 14, ""resupply_spent"": 1, ""refueled"": 1, ""combat_restored"": 0, ""remaining_mp"": 6, ""remaining_fuel"": 4, ""combat_value"": 4, ""token_destroyed"": false}"
2025-10-01T00:04:02,TOKEN,INFO,Z_Pluton__3_Kompania_Zaopatrzeniowa: start tury (budżet PE=14),"{""allocated_pe"": 14, ""position_q"": 25, ""position_r"": 19, ""move_points"": 5, ""fuel"": 4, ""combat_value"": 4}"
2025-10-01T00:04:02,TOKEN,INFO,"Z_Pluton__3_Kompania_Zaopatrzeniowa: ruch na (26, 19) udany","{""destination_q"": 26, ""destination_r"": 19, ""remaining_mp"": 4, ""remaining_fuel"": 3}"
2025-10-01T00:04:02,TOKEN,DEBUG,Z_Pluton__3_Kompania_Zaopatrzeniowa: uzupełnia paliwo o 1,"{""fuel_after"": 4}"
2025-10-01T00:04:02,TOKEN,INFO,Z_Pluton__3_Kompania_Zaopatrzeniowa: koniec tury (wydane PE=1),"{""allocated_pe"": 14, ""spent_pe"": 1, ""unused_pe"": 13, ""movement_success"": true, ""movement_attempts"": 1, ""movement_destination"": [26, 19], ""attack_attempted"": false, ""attack_success"": false, ""counterattack"": null, ""damage_dealt"": null, ""damage_taken"": null, ""attacker_remaining"": null, ""defender_remaining"": null, ""resupply_budget"": 14, ""resupply_spent"": 1, ""refueled"": 1, ""combat_restored"": 0, ""remaining_mp"": 4, ""remaining_fuel"": 4, ""combat_value"": 4, ""token_destroyed"": false}"
2025-10-01T00:04:02,TOKEN,INFO,Z_Pluton__3_Kompania_Zaopatrzeniowa_20250913214023: start tury (budżet PE=14),"{""allocated_pe"": 14, ""position_q"": 25, ""position_r"": 20, ""move_points"": 7, ""fuel"": 4, ""combat_value"": 4}"
2025-10-01T00:04:02,TOKEN,INFO,"Z_Pluton__3_Kompania_Zaopatrzeniowa_20250913214023: ruch na (26, 20) udany","{""destination_q"": 26, ""destination_r"": 20, ""remaining_mp"": 6, ""remaining_fuel"": 3}"
2025-10-01T00:04:02,TOKEN,DEBUG,Z_Pluton__3_Kompania_Zaopatrzeniowa_20250913214023: uzupełnia paliwo o 1,"{""fuel_after"": 4}"
2025-10-01T00:04:02,TOKEN,INFO,Z_Pluton__3_Kompania_Zaopatrzeniowa_20250913214023: koniec tury (wydane PE=1),"{""allocated_pe"": 14, ""spent_pe"": 1, ""unused_pe"": 13, ""movement_success"": true, ""movement_attempts"": 1, ""movement_destination"": [26, 20], ""attack_attempted"": false, ""attack_success"": false, ""counterattack"": null, ""damage_dealt"": null, ""damage_taken"": null, ""attacker_remaining"": null, ""defender_remaining"": null, ""resupply_budget"": 14, ""resupply_spent"": 1, ""refueled"": 1, ""combat_restored"": 0, ""remaining_mp"": 6, ""remaining_fuel"": 4, ""combat_value"": 4, ""token_destroyed"": false}"
2025-10-01T00:04:02,TOKEN,INFO,P_Kompania__3_Batalion_Strzelc_w: start tury (budżet PE=14),"{""allocated_pe"": 14, ""position_q"": 34, ""position_r"": 6, ""move_points"": 7, ""fuel"": 2, ""combat_value"": 11}"
2025-10-01T00:04:02,TOKEN,INFO,"P_Kompania__3_Batalion_Strzelc_w: ruch na (34, 5) udany","{""destination_q"": 34, ""destination_r"": 5, ""remaining_mp"": 6, ""remaining_fuel"": 1}"
2025-10-01T00:04:02,TOKEN,DEBUG,P_Kompania__3_Batalion_Strzelc_w: uzupełnia paliwo o 1,"{""fuel_after"": 2}"
2025-10-01T00:04:02,TOKEN,INFO,P_Kompania__3_Batalion_Strzelc_w: koniec tury (wydane PE=1),"{""allocated_pe"": 14, ""spent_pe"": 1, ""unused_pe"": 13, ""movement_success"": true, ""movement_attempts"": 1, ""movement_destination"": [34, 5], ""attack_attempted"": false, ""attack_success"": false, ""counterattack"": null, ""damage_dealt"": null, ""damage_taken"": null, ""attacker_remaining"": null, ""defender_remaining"": null, ""resupply_budget"": 14, ""resupply_spent"": 1, ""refueled"": 1, ""combat_restored"": 0, ""remaining_mp"": 6, ""remaining_fuel"": 2, ""combat_value"": 11, ""token_destroyed"": false}"
2025-10-01T00:04:02,TOKEN,INFO,P_Pluton__3_Pu_k_Piechoty: start tury (budżet PE=14),"{""allocated_pe"": 14, ""position_q"": 34, ""position_r"": 7, ""move_points"": 4, ""fuel"": 2, ""combat_value"": 8}"
2025-10-01T00:04:02,TOKEN,INFO,"P_Pluton__3_Pu_k_Piechoty: ruch na (34, 6) udany","{""destination_q"": 34, ""destination_r"": 6, ""remaining_mp"": 3, ""remaining_fuel"": 1}"
2025-10-01T00:04:02,TOKEN,DEBUG,P_Pluton__3_Pu_k_Piechoty: uzupełnia paliwo o 1,"{""fuel_after"": 2}"
2025-10-01T00:04:02,TOKEN,INFO,P_Pluton__3_Pu_k_Piechoty: koniec tury (wydane PE=1),"{""allocated_pe"": 14, ""spent_pe"": 1, ""unused_pe"": 13, ""movement_success"": true, ""movement_attempts"": 1, ""movement_destination"": [34, 6], ""attack_attempted"": false, ""attack_success"": false, ""counterattack"": null, ""damage_dealt"": null, ""damage_taken"": null, ""attacker_remaining"": null, ""defender_remaining"": null, ""resupply_budget"": 14, ""resupply_spent"": 1, ""refueled"": 1, ""combat_restored"": 0, ""remaining_mp"": 3, ""remaining_fuel"": 2, ""combat_value"": 8, ""token_destroyed"": false}"
2025-10-01T00:04:02,TOKEN,INFO,P_Batalion__3_Pu_k_Piechoty: start tury (budżet PE=14),"{""allocated_pe"": 14, ""position_q"": 33, ""position_r"": 9, ""move_points"": 4, ""fuel"": 2, ""combat_value"": 14}"
2025-10-01T00:04:02,TOKEN,INFO,"P_Batalion__3_Pu_k_Piechoty: ruch na (34, 8) udany","{""destination_q"": 34, ""destination_r"": 8, ""remaining_mp"": 3, ""remaining_fuel"": 1}"
2025-10-01T00:04:02,TOKEN,DEBUG,P_Batalion__3_Pu_k_Piechoty: uzupełnia paliwo o 1,"{""fuel_after"": 2}"
2025-10-01T00:04:02,TOKEN,INFO,P_Batalion__3_Pu_k_Piechoty: koniec tury (wydane PE=1),"{""allocated_pe"": 14, ""spent_pe"": 1, ""unused_pe"": 13, ""movement_success"": true, ""movement_attempts"": 1, ""movement_destination"": [34, 8], ""attack_attempted"": false, ""attack_success"": false, ""counterattack"": null, ""damage_dealt"": null, ""damage_taken"": null, ""attacker_remaining"": null, ""defender_remaining"": null, ""resupply_budget"": 14, ""resupply_spent"": 1, ""refueled"": 1, ""combat_restored"": 0, ""remaining_mp"": 3, ""remaining_fuel"": 2, ""combat_value"": 14, ""token_destroyed"": false}"
2025-10-01T00:04:02,TOKEN,INFO,Z_Kompania__3_Kompania_Zaopatrzeniowa: start tury (budżet PE=14),"{""allocated_pe"": 14, ""position_q"": 42, ""position_r"": 10, ""move_points"": 5, ""fuel"": 4, ""combat_value"": 6}"
2025-10-01T00:04:02,TOKEN,INFO,"Z_Kompania__3_Kompania_Zaopatrzeniowa: ruch na (43, 9) udany","{""destination_q"": 43, ""destination_r"": 9, ""remaining_mp"": 4, ""remaining_fuel"": 3}"
2025-10-01T00:04:02,TOKEN,DEBUG,Z_Kompania__3_Kompania_Zaopatrzeniowa: uzupełnia paliwo o 1,"{""fuel_after"": 4}"
2025-10-01T00:04:02,TOKEN,INFO,Z_Kompania__3_Kompania_Zaopatrzeniowa: koniec tury (wydane PE=1),"{""allocated_pe"": 14, ""spent_pe"": 1, ""unused_pe"": 13, ""movement_success"": true, ""movement_attempts"": 1, ""movement_destination"": [43, 9], ""attack_attempted"": false, ""attack_success"": false, ""counterattack"": null, ""damage_dealt"": null, ""damage_taken"": null, ""attacker_remaining"": null, ""defender_remaining"": null, ""resupply_budget"": 14, ""resupply_spent"": 1, ""refueled"": 1, ""combat_restored"": 0, ""remaining_mp"": 4, ""remaining_fuel"": 4, ""combat_value"": 6, ""token_destroyed"": false}"
2025-10-01T00:04:02,TOKEN,INFO,P_Pluton__3_Kompania_Grenadier_w: start tury (budżet PE=14),"{""allocated_pe"": 14, ""position_q"": 43, ""position_r"": 10, ""move_points"": 4, ""fuel"": 2, ""combat_value"": 8}"
2025-10-01T00:04:02,TOKEN,INFO,"P_Pluton__3_Kompania_Grenadier_w: ruch na (42, 10) udany","{""destination_q"": 42, ""destination_r"": 10, ""remaining_mp"": 3, ""remaining_fuel"": 1}"
2025-10-01T00:04:02,TOKEN,DEBUG,P_Pluton__3_Kompania_Grenadier_w: uzupełnia paliwo o 1,"{""fuel_after"": 2}"
2025-10-01T00:04:02,TOKEN,INFO,P_Pluton__3_Kompania_Grenadier_w: koniec tury (wydane PE=1),"{""allocated_pe"": 14, ""spent_pe"": 1, ""unused_pe"": 13, ""movement_success"": true, ""movement_attempts"": 1, ""movement_destination"": [42, 10], ""attack_attempted"": false, ""attack_success"": false, ""counterattack"": null, ""damage_dealt"": null, ""damage_taken"": null, ""attacker_remaining"": null, ""defender_remaining"": null, ""resupply_budget"": 14, ""resupply_spent"": 1, ""refueled"": 1, ""combat_restored"": 0, ""remaining_mp"": 3, ""remaining_fuel"": 2, ""combat_value"": 8, ""token_destroyed"": false}"
2025-10-01T00:04:02,TOKEN,INFO,P_Pluton__5_Infanterie_Regiment: start tury (budżet PE=13),"{""allocated_pe"": 13, ""position_q"": 46, ""position_r"": -18, ""move_points"": 6, ""fuel"": 2, ""combat_value"": 8}"
2025-10-01T00:04:02,TOKEN,INFO,"P_Pluton__5_Infanterie_Regiment: ruch na (47, -18) udany","{""destination_q"": 47, ""destination_r"": -18, ""remaining_mp"": 5, ""remaining_fuel"": 1}"
2025-10-01T00:04:02,TOKEN,DEBUG,P_Pluton__5_Infanterie_Regiment: uzupełnia paliwo o 1,"{""fuel_after"": 2}"
2025-10-01T00:04:02,TOKEN,INFO,P_Pluton__5_Infanterie_Regiment: koniec tury (wydane PE=1),"{""allocated_pe"": 13, ""spent_pe"": 1, ""unused_pe"": 12, ""movement_success"": true, ""movement_attempts"": 1, ""movement_destination"": [47, -18], ""attack_attempted"": false, ""attack_success"": false, ""counterattack"": null, ""damage_dealt"": null, ""damage_taken"": null, ""attacker_remaining"": null, ""defender_remaining"": null, ""resupply_budget"": 13, ""resupply_spent"": 1, ""refueled"": 1, ""combat_restored"": 0, ""remaining_mp"": 5, ""remaining_fuel"": 2, ""combat_value"": 8, ""token_destroyed"": false}"
2025-10-01T00:04:02,TOKEN,INFO,P_Kompania__5_Infanterie_Regiment: start tury (budżet PE=13),"{""allocated_pe"": 13, ""position_q"": 45, ""position_r"": -18, ""move_points"": 4, ""fuel"": 2, ""combat_value"": 11}"
2025-10-01T00:04:02,TOKEN,INFO,"P_Kompania__5_Infanterie_Regiment: ruch na (46, -18) udany","{""destination_q"": 46, ""destination_r"": -18, ""remaining_mp"": 3, ""remaining_fuel"": 1}"
2025-10-01T00:04:02,TOKEN,DEBUG,P_Kompania__5_Infanterie_Regiment: uzupełnia paliwo o 1,"{""fuel_after"": 2}"
2025-10-01T00:04:02,TOKEN,INFO,P_Kompania__5_Infanterie_Regiment: koniec tury (wydane PE=1),"{""allocated_pe"": 13, ""spent_pe"": 1, ""unused_pe"": 12, ""movement_success"": true, ""movement_attempts"": 1, ""movement_destination"": [46, -18], ""attack_attempted"": false, ""attack_success"": false, ""counterattack"": null, ""damage_dealt"": null, ""damage_taken"": null, ""attacker_remaining"": null, ""defender_remaining"": null, ""resupply_budget"": 13, ""resupply_spent"": 1, ""refueled"": 1, ""combat_restored"": 0, ""remaining_mp"": 3, ""remaining_fuel"": 2, ""combat_value"": 11, ""token_destroyed"": false}"
2025-10-01T00:04:02,TOKEN,INFO,P_Pluton__5_Sch_tzen_Kompanie: start tury (budżet PE=13),"{""allocated_pe"": 13, ""position_q"": 45, ""position_r"": -16, ""move_points"": 5, ""fuel"": 2, ""combat_value"": 8}"
2025-10-01T00:04:02,TOKEN,INFO,"P_Pluton__5_Sch_tzen_Kompanie: ruch na (45, -17) udany","{""destination_q"": 45, ""destination_r"": -17, ""remaining_mp"": 4, ""remaining_fuel"": 1}"
2025-10-01T00:04:02,TOKEN,DEBUG,P_Pluton__5_Sch_tzen_Kompanie: uzupełnia paliwo o 1,"{""fuel_after"": 2}"
2025-10-01T00:04:02,TOKEN,INFO,P_Pluton__5_Sch_tzen_Kompanie: koniec tury (wydane PE=1),"{""allocated_pe"": 13, ""spent_pe"": 1, ""unused_pe"": 12, ""movement_success"": true, ""movement_attempts"": 1, ""movement_destination"": [45, -17], ""attack_attempted"": false, ""attack_success"": false, ""counterattack"": null, ""damage_dealt"": null, ""damage_taken"": null, ""attacker_remaining"": null, ""defender_remaining"": null, ""resupply_budget"": 13, ""resupply_spent"": 1, ""refueled"": 1, ""combat_restored"": 0, ""remaining_mp"": 4, ""remaining_fuel"": 2, ""combat_value"": 8, ""token_destroyed"": false}"
2025-10-01T00:04:02,TOKEN,INFO,AC_Kompania__5_schwere_Artillerie: start tury (budżet PE=13),"{""allocated_pe"": 13, ""position_q"": 47, ""position_r"": -17, ""move_points"": 5, ""fuel"": 2, ""combat_value"": 11}"
2025-10-01T00:04:02,TOKEN,INFO,"AC_Kompania__5_schwere_Artillerie: ruch na (48, -17) udany","{""destination_q"": 48, ""destination_r"": -17, ""remaining_mp"": 4, ""remaining_fuel"": 1}"
2025-10-01T00:04:02,TOKEN,DEBUG,AC_Kompania__5_schwere_Artillerie: uzupełnia paliwo o 1,"{""fuel_after"": 2}"
2025-10-01T00:04:02,TOKEN,INFO,AC_Kompania__5_schwere_Artillerie: koniec tury (wydane PE=1),"{""allocated_pe"": 13, ""spent_pe"": 1, ""unused_pe"": 12, ""movement_success"": true, ""movement_attempts"": 1, ""movement_destination"": [48, -17], ""attack_attempted"": false, ""attack_success"": false, ""counterattack"": null, ""damage_dealt"": null, ""damage_taken"": null, ""attacker_remaining"": null, ""defender_remaining"": null, ""resupply_budget"": 13, ""resupply_spent"": 1, ""refueled"": 1, ""combat_restored"": 0, ""remaining_mp"": 4, ""remaining_fuel"": 2, ""combat_value"": 11, ""token_destroyed"": false}"
2025-10-01T00:04:02,TOKEN,INFO,AL_Batalion__5_Artillerie_Abteilung: start tury (budżet PE=13),"{""allocated_pe"": 13, ""position_q"": 46, ""position_r"": -17, ""move_points"": 6, ""fuel"": 2, ""combat_value"": 11}"
2025-10-01T00:04:02,TOKEN,INFO,"AL_Batalion__5_Artillerie_Abteilung: ruch na (47, -17) udany","{""destination_q"": 47, ""destination_r"": -17, ""remaining_mp"": 5, ""remaining_fuel"": 1}"
2025-10-01T00:04:02,TOKEN,DEBUG,AL_Batalion__5_Artillerie_Abteilung: uzupełnia paliwo o 1,"{""fuel_after"": 2}"
2025-10-01T00:04:02,TOKEN,INFO,AL_Batalion__5_Artillerie_Abteilung: koniec tury (wydane PE=1),"{""allocated_pe"": 13, ""spent_pe"": 1, ""unused_pe"": 12, ""movement_success"": true, ""movement_attempts"": 1, ""movement_destination"": [47, -17], ""attack_attempted"": false, ""attack_success"": false, ""counterattack"": null, ""damage_dealt"": null, ""damage_taken"": null, ""attacker_remaining"": null, ""defender_remaining"": null, ""resupply_budget"": 13, ""resupply_spent"": 1, ""refueled"": 1, ""combat_restored"": 0, ""remaining_mp"": 5, ""remaining_fuel"": 2, ""combat_value"": 11, ""token_destroyed"": false}"
2025-10-01T00:04:02,TOKEN,INFO,P_Pluton__5_Sch_tzen_Kompanie_20250913214034: start tury (budżet PE=13),"{""allocated_pe"": 13, ""position_q"": 50, ""position_r"": -17, ""move_points"": 2, ""fuel"": 2, ""combat_value"": 8}"
2025-10-01T00:04:02,TOKEN,INFO,"P_Pluton__5_Sch_tzen_Kompanie_20250913214034: ruch na (51, -17) udany","{""destination_q"": 51, ""destination_r"": -17, ""remaining_mp"": 1, ""remaining_fuel"": 1}"
2025-10-01T00:04:02,TOKEN,DEBUG,P_Pluton__5_Sch_tzen_Kompanie_20250913214034: uzupełnia paliwo o 1,"{""fuel_after"": 2}"
2025-10-01T00:04:02,TOKEN,INFO,P_Pluton__5_Sch_tzen_Kompanie_20250913214034: koniec tury (wydane PE=1),"{""allocated_pe"": 13, ""spent_pe"": 1, ""unused_pe"": 12, ""movement_success"": true, ""movement_attempts"": 1, ""movement_destination"": [51, -17], ""attack_attempted"": false, ""attack_success"": false, ""counterattack"": null, ""damage_dealt"": null, ""damage_taken"": null, ""attacker_remaining"": null, ""defender_remaining"": null, ""resupply_budget"": 13, ""resupply_spent"": 1, ""refueled"": 1, ""combat_restored"": 0, ""remaining_mp"": 1, ""remaining_fuel"": 2, ""combat_value"": 8, ""token_destroyed"": false}"
2025-10-01T00:04:02,TOKEN,INFO,Z_Kompania__5_Unterst_tzungs_Bataillon: start tury (budżet PE=13),"{""allocated_pe"": 13, ""position_q"": 52, ""position_r"": -21, ""move_points"": 5, ""fuel"": 4, ""combat_value"": 6}"
2025-10-01T00:04:02,TOKEN,INFO,"Z_Kompania__5_Unterst_tzungs_Bataillon: ruch na (53, -21) udany","{""destination_q"": 53, ""destination_r"": -21, ""remaining_mp"": 4, ""remaining_fuel"": 3}"
2025-10-01T00:04:02,TOKEN,DEBUG,Z_Kompania__5_Unterst_tzungs_Bataillon: uzupełnia paliwo o 1,"{""fuel_after"": 4}"
2025-10-01T00:04:02,TOKEN,INFO,Z_Kompania__5_Unterst_tzungs_Bataillon: koniec tury (wydane PE=1),"{""allocated_pe"": 13, ""spent_pe"": 1, ""unused_pe"": 12, ""movement_success"": true, ""movement_attempts"": 1, ""movement_destination"": [53, -21], ""attack_attempted"": false, ""attack_success"": false, ""counterattack"": null, ""damage_dealt"": null, ""damage_taken"": null, ""attacker_remaining"": null, ""defender_remaining"": null, ""resupply_budget"": 13, ""resupply_spent"": 1, ""refueled"": 1, ""combat_restored"": 0, ""remaining_mp"": 4, ""remaining_fuel"": 4, ""combat_value"": 6, ""token_destroyed"": false}"
2025-10-01T00:04:02,TOKEN,INFO,Z_Pluton__5_Versorgungs_Kompanie: start tury (budżet PE=13),"{""allocated_pe"": 13, ""position_q"": 52, ""position_r"": -15, ""move_points"": 9, ""fuel"": 4, ""combat_value"": 4}"
2025-10-01T00:04:02,TOKEN,INFO,"Z_Pluton__5_Versorgungs_Kompanie: ruch na (52, -16) udany","{""destination_q"": 52, ""destination_r"": -16, ""remaining_mp"": 8, ""remaining_fuel"": 3}"
2025-10-01T00:04:02,TOKEN,DEBUG,Z_Pluton__5_Versorgungs_Kompanie: uzupełnia paliwo o 1,"{""fuel_after"": 4}"
2025-10-01T00:04:02,TOKEN,INFO,Z_Pluton__5_Versorgungs_Kompanie: koniec tury (wydane PE=1),"{""allocated_pe"": 13, ""spent_pe"": 1, ""unused_pe"": 12, ""movement_success"": true, ""movement_attempts"": 1, ""movement_destination"": [52, -16], ""attack_attempted"": false, ""attack_success"": false, ""counterattack"": null, ""damage_dealt"": null, ""damage_taken"": null, ""attacker_remaining"": null, ""defender_remaining"": null, ""resupply_budget"": 13, ""resupply_spent"": 1, ""refueled"": 1, ""combat_restored"": 0, ""remaining_mp"": 8, ""remaining_fuel"": 4, ""combat_value"": 4, ""token_destroyed"": false}"
2025-10-01T00:04:02,TOKEN,INFO,Z_Pluton__5_Unterst_tzungs_Bataillon: start tury (budżet PE=13),"{""allocated_pe"": 13, ""position_q"": 53, ""position_r"": -18, ""move_points"": 5, ""fuel"": 4, ""combat_value"": 4}"
2025-10-01T00:04:02,TOKEN,INFO,"Z_Pluton__5_Unterst_tzungs_Bataillon: ruch na (54, -18) udany","{""destination_q"": 54, ""destination_r"": -18, ""remaining_mp"": 4, ""remaining_fuel"": 3}"
2025-10-01T00:04:02,TOKEN,DEBUG,Z_Pluton__5_Unterst_tzungs_Bataillon: uzupełnia paliwo o 1,"{""fuel_after"": 4}"
2025-10-01T00:04:02,TOKEN,INFO,Z_Pluton__5_Unterst_tzungs_Bataillon: koniec tury (wydane PE=1),"{""allocated_pe"": 13, ""spent_pe"": 1, ""unused_pe"": 12, ""movement_success"": true, ""movement_attempts"": 1, ""movement_destination"": [54, -18], ""attack_attempted"": false, ""attack_success"": false, ""counterattack"": null, ""damage_dealt"": null, ""damage_taken"": null, ""attacker_remaining"": null, ""defender_remaining"": null, ""resupply_budget"": 13, ""resupply_spent"": 1, ""refueled"": 1, ""combat_restored"": 0, ""remaining_mp"": 4, ""remaining_fuel"": 4, ""combat_value"": 4, ""token_destroyed"": false}"
2025-10-01T00:04:02,TOKEN,INFO,Z_Pluton__5_Unterst_tzungs_Bataillon_20250913214038: start tury (budżet PE=13),"{""allocated_pe"": 13, ""position_q"": 52, ""position_r"": -17, ""move_points"": 9, ""fuel"": 4, ""combat_value"": 4}"
2025-10-01T00:04:02,TOKEN,INFO,"Z_Pluton__5_Unterst_tzungs_Bataillon_20250913214038: ruch na (53, -18) udany","{""destination_q"": 53, ""destination_r"": -18, ""remaining_mp"": 8, ""remaining_fuel"": 3}"
2025-10-01T00:04:02,TOKEN,DEBUG,Z_Pluton__5_Unterst_tzungs_Bataillon_20250913214038: uzupełnia paliwo o 1,"{""fuel_after"": 4}"
2025-10-01T00:04:02,TOKEN,INFO,Z_Pluton__5_Unterst_tzungs_Bataillon_20250913214038: koniec tury (wydane PE=1),"{""allocated_pe"": 13, ""spent_pe"": 1, ""unused_pe"": 12, ""movement_success"": true, ""movement_attempts"": 1, ""movement_destination"": [53, -18], ""attack_attempted"": false, ""attack_success"": false, ""counterattack"": null, ""damage_dealt"": null, ""damage_taken"": null, ""attacker_remaining"": null, ""defender_remaining"": null, ""resupply_budget"": 13, ""resupply_spent"": 1, ""refueled"": 1, ""combat_restored"": 0, ""remaining_mp"": 8, ""remaining_fuel"": 4, ""combat_value"": 4, ""token_destroyed"": false}"
2025-10-01T00:04:02,TOKEN,INFO,P_Pluton__6_Sch_tzen_Kompanie: start tury (budżet PE=14),"{""allocated_pe"": 14, ""position_q"": 46, ""position_r"": -1, ""move_points"": 5, ""fuel"": 2, ""combat_value"": 8}"
2025-10-01T00:04:02,TOKEN,INFO,"P_Pluton__6_Sch_tzen_Kompanie: ruch na (47, -1) udany","{""destination_q"": 47, ""destination_r"": -1, ""remaining_mp"": 4, ""remaining_fuel"": 1}"
2025-10-01T00:04:02,TOKEN,DEBUG,P_Pluton__6_Sch_tzen_Kompanie: uzupełnia paliwo o 1,"{""fuel_after"": 2}"
2025-10-01T00:04:02,TOKEN,INFO,P_Pluton__6_Sch_tzen_Kompanie: koniec tury (wydane PE=1),"{""allocated_pe"": 14, ""spent_pe"": 1, ""unused_pe"": 13, ""movement_success"": true, ""movement_attempts"": 1, ""movement_destination"": [47, -1], ""attack_attempted"": false, ""attack_success"": false, ""counterattack"": null, ""damage_dealt"": null, ""damage_taken"": null, ""attacker_remaining"": null, ""defender_remaining"": null, ""resupply_budget"": 14, ""resupply_spent"": 1, ""refueled"": 1, ""combat_restored"": 0, ""remaining_mp"": 4, ""remaining_fuel"": 2, ""combat_value"": 8, ""token_destroyed"": false}"
2025-10-01T00:04:02,TOKEN,INFO,P_Pluton__6_Infanterie_Regiment: start tury (budżet PE=14),"{""allocated_pe"": 14, ""position_q"": 47, ""position_r"": 3, ""move_points"": 5, ""fuel"": 2, ""combat_value"": 8}"
2025-10-01T00:04:02,TOKEN,INFO,"P_Pluton__6_Infanterie_Regiment: ruch na (48, 3) udany","{""destination_q"": 48, ""destination_r"": 3, ""remaining_mp"": 4, ""remaining_fuel"": 1}"
2025-10-01T00:04:02,TOKEN,DEBUG,P_Pluton__6_Infanterie_Regiment: uzupełnia paliwo o 1,"{""fuel_after"": 2}"
2025-10-01T00:04:02,TOKEN,INFO,P_Pluton__6_Infanterie_Regiment: koniec tury (wydane PE=1),"{""allocated_pe"": 14, ""spent_pe"": 1, ""unused_pe"": 13, ""movement_success"": true, ""movement_attempts"": 1, ""movement_destination"": [48, 3], ""attack_attempted"": false, ""attack_success"": false, ""counterattack"": null, ""damage_dealt"": null, ""damage_taken"": null, ""attacker_remaining"": null, ""defender_remaining"": null, ""resupply_budget"": 14, ""resupply_spent"": 1, ""refueled"": 1, ""combat_restored"": 0, ""remaining_mp"": 4, ""remaining_fuel"": 2, ""combat_value"": 8, ""token_destroyed"": false}"
2025-10-01T00:04:02,TOKEN,INFO,Z_Pluton__6_Unterst_tzungs_Bataillon_20250913214051: start tury (budżet PE=14),"{""allocated_pe"": 14, ""position_q"": 48, ""position_r"": 1, ""move_points"": 8, ""fuel"": 4, ""combat_value"": 4}"
2025-10-01T00:04:02,TOKEN,INFO,"Z_Pluton__6_Unterst_tzungs_Bataillon_20250913214051: ruch na (49, 1) udany","{""destination_q"": 49, ""destination_r"": 1, ""remaining_mp"": 7, ""remaining_fuel"": 3}"
2025-10-01T00:04:02,TOKEN,DEBUG,Z_Pluton__6_Unterst_tzungs_Bataillon_20250913214051: uzupełnia paliwo o 1,"{""fuel_after"": 4}"
2025-10-01T00:04:02,TOKEN,INFO,Z_Pluton__6_Unterst_tzungs_Bataillon_20250913214051: koniec tury (wydane PE=1),"{""allocated_pe"": 14, ""spent_pe"": 1, ""unused_pe"": 13, ""movement_success"": true, ""movement_attempts"": 1, ""movement_destination"": [49, 1], ""attack_attempted"": false, ""attack_success"": false, ""counterattack"": null, ""damage_dealt"": null, ""damage_taken"": null, ""attacker_remaining"": null, ""defender_remaining"": null, ""resupply_budget"": 14, ""resupply_spent"": 1, ""refueled"": 1, ""combat_restored"": 0, ""remaining_mp"": 7, ""remaining_fuel"": 4, ""combat_value"": 4, ""token_destroyed"": false}"
2025-10-01T00:04:02,TOKEN,INFO,P_Pluton__6_Grenadier_Bataillon: start tury (budżet PE=14),"{""allocated_pe"": 14, ""position_q"": 49, ""position_r"": -12, ""move_points"": 5, ""fuel"": 2, ""combat_value"": 8}"
2025-10-01T00:04:02,TOKEN,INFO,"P_Pluton__6_Grenadier_Bataillon: ruch na (48, -12) udany","{""destination_q"": 48, ""destination_r"": -12, ""remaining_mp"": 4, ""remaining_fuel"": 1}"
2025-10-01T00:04:02,TOKEN,DEBUG,P_Pluton__6_Grenadier_Bataillon: uzupełnia paliwo o 1,"{""fuel_after"": 2}"
2025-10-01T00:04:02,TOKEN,INFO,P_Pluton__6_Grenadier_Bataillon: koniec tury (wydane PE=1),"{""allocated_pe"": 14, ""spent_pe"": 1, ""unused_pe"": 13, ""movement_success"": true, ""movement_attempts"": 1, ""movement_destination"": [48, -12], ""attack_attempted"": false, ""attack_success"": false, ""counterattack"": null, ""damage_dealt"": null, ""damage_taken"": null, ""attacker_remaining"": null, ""defender_remaining"": null, ""resupply_budget"": 14, ""resupply_spent"": 1, ""refueled"": 1, ""combat_restored"": 0, ""remaining_mp"": 4, ""remaining_fuel"": 2, ""combat_value"": 8, ""token_destroyed"": false}"
2025-10-01T00:04:02,TOKEN,INFO,Z_Batalion__6_Versorgungs_Kompanie: start tury (budżet PE=14),"{""allocated_pe"": 14, ""position_q"": 55, ""position_r"": -19, ""move_points"": 6, ""fuel"": 4, ""combat_value"": 7}"
2025-10-01T00:04:02,TOKEN,INFO,"Z_Batalion__6_Versorgungs_Kompanie: ruch na (55, -20) udany","{""destination_q"": 55, ""destination_r"": -20, ""remaining_mp"": 5, ""remaining_fuel"": 3}"
2025-10-01T00:04:02,TOKEN,DEBUG,Z_Batalion__6_Versorgungs_Kompanie: uzupełnia paliwo o 1,"{""fuel_after"": 4}"
2025-10-01T00:04:02,TOKEN,INFO,Z_Batalion__6_Versorgungs_Kompanie: koniec tury (wydane PE=1),"{""allocated_pe"": 14, ""spent_pe"": 1, ""unused_pe"": 13, ""movement_success"": true, ""movement_attempts"": 1, ""movement_destination"": [55, -20], ""attack_attempted"": false, ""attack_success"": false, ""counterattack"": null, ""damage_dealt"": null, ""damage_taken"": null, ""attacker_remaining"": null, ""defender_remaining"": null, ""resupply_budget"": 14, ""resupply_spent"": 1, ""refueled"": 1, ""combat_restored"": 0, ""remaining_mp"": 5, ""remaining_fuel"": 4, ""combat_value"": 7, ""token_destroyed"": false}"
2025-10-01T00:04:02,TOKEN,INFO,Z_Pluton__6_Unterst_tzungs_Bataillon_20250913214048: start tury (budżet PE=14),"{""allocated_pe"": 14, ""position_q"": 49, ""position_r"": -10, ""move_points"": 8, ""fuel"": 4, ""combat_value"": 4}"
2025-10-01T00:04:02,TOKEN,INFO,"Z_Pluton__6_Unterst_tzungs_Bataillon_20250913214048: ruch na (48, -10) udany","{""destination_q"": 48, ""destination_r"": -10, ""remaining_mp"": 7, ""remaining_fuel"": 3}"
2025-10-01T00:04:02,TOKEN,DEBUG,Z_Pluton__6_Unterst_tzungs_Bataillon_20250913214048: uzupełnia paliwo o 1,"{""fuel_after"": 4}"
2025-10-01T00:04:02,TOKEN,INFO,Z_Pluton__6_Unterst_tzungs_Bataillon_20250913214048: koniec tury (wydane PE=1),"{""allocated_pe"": 14, ""spent_pe"": 1, ""unused_pe"": 13, ""movement_success"": true, ""movement_attempts"": 1, ""movement_destination"": [48, -10], ""attack_attempted"": false, ""attack_success"": false, ""counterattack"": null, ""damage_dealt"": null, ""damage_taken"": null, ""attacker_remaining"": null, ""defender_remaining"": null, ""resupply_budget"": 14, ""resupply_spent"": 1, ""refueled"": 1, ""combat_restored"": 0, ""remaining_mp"": 7, ""remaining_fuel"": 4, ""combat_value"": 4, ""token_destroyed"": false}"
2025-10-01T00:04:02,TOKEN,INFO,P_Kompania__6_Sch_tzen_Kompanie: start tury (budżet PE=14),"{""allocated_pe"": 14, ""position_q"": 53, ""position_r"": -10, ""move_points"": 5, ""fuel"": 2, ""combat_value"": 11}"
2025-10-01T00:04:02,TOKEN,INFO,"P_Kompania__6_Sch_tzen_Kompanie: ruch na (52, -10) udany","{""destination_q"": 52, ""destination_r"": -10, ""remaining_mp"": 4, ""remaining_fuel"": 1}"
2025-10-01T00:04:02,TOKEN,DEBUG,P_Kompania__6_Sch_tzen_Kompanie: uzupełnia paliwo o 1,"{""fuel_after"": 2}"
2025-10-01T00:04:02,TOKEN,INFO,P_Kompania__6_Sch_tzen_Kompanie: koniec tury (wydane PE=1),"{""allocated_pe"": 14, ""spent_pe"": 1, ""unused_pe"": 13, ""movement_success"": true, ""movement_attempts"": 1, ""movement_destination"": [52, -10], ""attack_attempted"": false, ""attack_success"": false, ""counterattack"": null, ""damage_dealt"": null, ""damage_taken"": null, ""attacker_remaining"": null, ""defender_remaining"": null, ""resupply_budget"": 14, ""resupply_spent"": 1, ""refueled"": 1, ""combat_restored"": 0, ""remaining_mp"": 4, ""remaining_fuel"": 2, ""combat_value"": 11, ""token_destroyed"": false}"
2025-10-01T00:04:02,TOKEN,INFO,Z_Pluton__6_Versorgungs_Kompanie: start tury (budżet PE=14),"{""allocated_pe"": 14, ""position_q"": 54, ""position_r"": -17, ""move_points"": 8, ""fuel"": 4, ""combat_value"": 4}"
2025-10-01T00:04:02,TOKEN,INFO,"Z_Pluton__6_Versorgungs_Kompanie: ruch na (55, -18) udany","{""destination_q"": 55, ""destination_r"": -18, ""remaining_mp"": 7, ""remaining_fuel"": 3}"
2025-10-01T00:04:02,TOKEN,DEBUG,Z_Pluton__6_Versorgungs_Kompanie: uzupełnia paliwo o 1,"{""fuel_after"": 4}"
2025-10-01T00:04:02,TOKEN,INFO,Z_Pluton__6_Versorgungs_Kompanie: koniec tury (wydane PE=1),"{""allocated_pe"": 14, ""spent_pe"": 1, ""unused_pe"": 13, ""movement_success"": true, ""movement_attempts"": 1, ""movement_destination"": [55, -18], ""attack_attempted"": false, ""attack_success"": false, ""counterattack"": null, ""damage_dealt"": null, ""damage_taken"": null, ""attacker_remaining"": null, ""defender_remaining"": null, ""resupply_budget"": 14, ""resupply_spent"": 1, ""refueled"": 1, ""combat_restored"": 0, ""remaining_mp"": 7, ""remaining_fuel"": 4, ""combat_value"": 4, ""token_destroyed"": false}"
2025-10-01T00:04:02,TOKEN,INFO,Z_Pluton__6_Unterst_tzungs_Bataillon: start tury (budżet PE=14),"{""allocated_pe"": 14, ""position_q"": 54, ""position_r"": -16, ""move_points"": 6, ""fuel"": 4, ""combat_value"": 4}"
2025-10-01T00:04:02,TOKEN,INFO,"Z_Pluton__6_Unterst_tzungs_Bataillon: ruch na (55, -16) udany","{""destination_q"": 55, ""destination_r"": -16, ""remaining_mp"": 5, ""remaining_fuel"": 3}"
2025-10-01T00:04:02,TOKEN,DEBUG,Z_Pluton__6_Unterst_tzungs_Bataillon: uzupełnia paliwo o 1,"{""fuel_after"": 4}"
2025-10-01T00:04:02,TOKEN,INFO,Z_Pluton__6_Unterst_tzungs_Bataillon: koniec tury (wydane PE=1),"{""allocated_pe"": 14, ""spent_pe"": 1, ""unused_pe"": 13, ""movement_success"": true, ""movement_attempts"": 1, ""movement_destination"": [55, -16], ""attack_attempted"": false, ""attack_success"": false, ""counterattack"": null, ""damage_dealt"": null, ""damage_taken"": null, ""attacker_remaining"": null, ""defender_remaining"": null, ""resupply_budget"": 14, ""resupply_spent"": 1, ""refueled"": 1, ""combat_restored"": 0, ""remaining_mp"": 5, ""remaining_fuel"": 4, ""combat_value"": 4, ""token_destroyed"": false}"
