timestamp,turn,player_id,action,details
21:16:10,1,2,TURN_START,player_nation=Unknown|total_tokens=0|captured_kps=0
21:16:10,1,2,VP_INTELLIGENCE,"vp_status={'vp_own': 0, 'vp_enemy': 0, 'vp_gap': 0, 'turn': 1, 'max_turns': 30}|trend_direction=STABLE|threat_level=LOW|opportunities_count=0|recommendations_count=0"
21:16:10,UNKNOWN,UNKNOWN,SCOUT_IDENTIFICATION,total_units=0|scouts_found=0|scout_ids=
21:16:10,1,2,PHASE1_SUMMARY,total_units=0|scouts_identified=0|scouts_deployed=0|enemies_detected=0|combat_opportunities=0|threat_clusters=0
21:16:10,UNKNOWN,UNKNOWN,SCOUT_IDENTIFICATION,total_units=0|scouts_found=0|scout_ids=
21:16:10,1,2,PHASE1_SUMMARY,total_units=0|scouts_identified=0|scouts_deployed=0|enemies_detected=0|combat_opportunities=0|threat_clusters=0
21:16:10,1,2,PHASE2_SUMMARY,active_plans=0|new_plans=0|executed_plans=0|aborted_plans=0
21:16:10,1,2,TURN_START,player_nation=Polska|total_units=0|available_units=0
21:16:10,1,2,PHASE3_SUMMARY,defenders_assigned=0|kps_covered=0|pe_secure=True|threat_level=0.0|active_plans=0
21:16:10,UNKNOWN,UNKNOWN,SCOUT_IDENTIFICATION,total_units=0|scouts_found=0|scout_ids=
21:16:10,1,2,PHASE1_SUMMARY,total_units=0|scouts_identified=0|scouts_deployed=0|enemies_detected=0|combat_opportunities=0|threat_clusters=0
21:16:10,UNKNOWN,UNKNOWN,SCOUT_IDENTIFICATION,total_units=0|scouts_found=0|scout_ids=
21:16:10,1,2,PHASE1_SUMMARY,total_units=0|scouts_identified=0|scouts_deployed=0|enemies_detected=0|combat_opportunities=0|threat_clusters=0
21:16:10,1,2,PHASE2_SUMMARY,active_plans=0|new_plans=0|executed_plans=0|aborted_plans=0
21:16:10,1,2,TURN_START,player_nation=Polska|total_units=0|available_units=0
21:16:10,1,2,PHASE3_SUMMARY,defenders_assigned=0|kps_covered=0|pe_secure=True|threat_level=0.0|active_plans=0
21:16:10,UNKNOWN,2,PHASE_4_COMPLETE,request_generated=False|urgency=NONE|requirements=0|priority_areas=
21:16:10,1,5,TURN_START,player_nation=Unknown|total_tokens=0|captured_kps=0
21:16:10,1,5,VP_INTELLIGENCE,"vp_status={'vp_own': 0, 'vp_enemy': 0, 'vp_gap': 0, 'turn': 1, 'max_turns': 30}|trend_direction=STABLE|threat_level=LOW|opportunities_count=0|recommendations_count=0"
21:16:10,UNKNOWN,UNKNOWN,SCOUT_IDENTIFICATION,total_units=0|scouts_found=0|scout_ids=
21:16:10,1,5,PHASE1_SUMMARY,total_units=0|scouts_identified=0|scouts_deployed=0|enemies_detected=0|combat_opportunities=0|threat_clusters=0
21:16:10,UNKNOWN,UNKNOWN,SCOUT_IDENTIFICATION,total_units=0|scouts_found=0|scout_ids=
21:16:10,1,5,PHASE1_SUMMARY,total_units=0|scouts_identified=0|scouts_deployed=0|enemies_detected=0|combat_opportunities=0|threat_clusters=0
21:16:10,1,5,PHASE2_SUMMARY,active_plans=0|new_plans=0|executed_plans=0|aborted_plans=0
21:16:10,1,5,TURN_START,player_nation=Niemcy|total_units=0|available_units=0
21:16:10,1,5,PHASE3_SUMMARY,defenders_assigned=0|kps_covered=0|pe_secure=True|threat_level=0.0|active_plans=0
21:16:10,UNKNOWN,UNKNOWN,SCOUT_IDENTIFICATION,total_units=0|scouts_found=0|scout_ids=
21:16:10,1,5,PHASE1_SUMMARY,total_units=0|scouts_identified=0|scouts_deployed=0|enemies_detected=0|combat_opportunities=0|threat_clusters=0
21:16:10,UNKNOWN,UNKNOWN,SCOUT_IDENTIFICATION,total_units=0|scouts_found=0|scout_ids=
21:16:10,1,5,PHASE1_SUMMARY,total_units=0|scouts_identified=0|scouts_deployed=0|enemies_detected=0|combat_opportunities=0|threat_clusters=0
21:16:10,1,5,PHASE2_SUMMARY,active_plans=0|new_plans=0|executed_plans=0|aborted_plans=0
21:16:10,1,5,TURN_START,player_nation=Niemcy|total_units=0|available_units=0
21:16:10,1,5,PHASE3_SUMMARY,defenders_assigned=0|kps_covered=0|pe_secure=True|threat_level=0.0|active_plans=0
21:16:10,UNKNOWN,5,PHASE_4_COMPLETE,request_generated=False|urgency=NONE|requirements=0|priority_areas=
21:16:10,1,2,TURN_START,player_nation=Unknown|total_tokens=0|captured_kps=0
21:16:10,1,2,VP_INTELLIGENCE,"vp_status={'vp_own': 0, 'vp_enemy': 0, 'vp_gap': 0, 'turn': 1, 'max_turns': 30}|trend_direction=STABLE|threat_level=LOW|opportunities_count=0|recommendations_count=0"
21:16:10,UNKNOWN,UNKNOWN,SCOUT_IDENTIFICATION,total_units=0|scouts_found=0|scout_ids=
21:16:10,1,2,PHASE1_SUMMARY,total_units=0|scouts_identified=0|scouts_deployed=0|enemies_detected=0|combat_opportunities=0|threat_clusters=0
21:16:10,UNKNOWN,UNKNOWN,SCOUT_IDENTIFICATION,total_units=0|scouts_found=0|scout_ids=
21:16:10,1,2,PHASE1_SUMMARY,total_units=0|scouts_identified=0|scouts_deployed=0|enemies_detected=0|combat_opportunities=0|threat_clusters=0
21:16:10,1,2,PHASE2_SUMMARY,active_plans=0|new_plans=0|executed_plans=0|aborted_plans=0
21:16:10,1,2,TURN_START,player_nation=Polska|total_units=0|available_units=0
21:16:10,1,2,PHASE3_SUMMARY,defenders_assigned=0|kps_covered=0|pe_secure=True|threat_level=0.0|active_plans=0
21:16:10,UNKNOWN,UNKNOWN,SCOUT_IDENTIFICATION,total_units=0|scouts_found=0|scout_ids=
21:16:10,1,2,PHASE1_SUMMARY,total_units=0|scouts_identified=0|scouts_deployed=0|enemies_detected=0|combat_opportunities=0|threat_clusters=0
21:16:10,UNKNOWN,UNKNOWN,SCOUT_IDENTIFICATION,total_units=0|scouts_found=0|scout_ids=
21:16:10,1,2,PHASE1_SUMMARY,total_units=0|scouts_identified=0|scouts_deployed=0|enemies_detected=0|combat_opportunities=0|threat_clusters=0
21:16:10,1,2,PHASE2_SUMMARY,active_plans=0|new_plans=0|executed_plans=0|aborted_plans=0
21:16:10,1,2,TURN_START,player_nation=Polska|total_units=0|available_units=0
21:16:10,1,2,PHASE3_SUMMARY,defenders_assigned=0|kps_covered=0|pe_secure=True|threat_level=0.0|active_plans=0
21:16:10,UNKNOWN,2,PHASE_4_COMPLETE,request_generated=False|urgency=NONE|requirements=0|priority_areas=
21:16:10,1,5,TURN_START,player_nation=Unknown|total_tokens=0|captured_kps=0
21:16:10,1,5,VP_INTELLIGENCE,"vp_status={'vp_own': 0, 'vp_enemy': 0, 'vp_gap': 0, 'turn': 1, 'max_turns': 30}|trend_direction=STABLE|threat_level=LOW|opportunities_count=0|recommendations_count=0"
21:16:10,UNKNOWN,UNKNOWN,SCOUT_IDENTIFICATION,total_units=0|scouts_found=0|scout_ids=
21:16:10,1,5,PHASE1_SUMMARY,total_units=0|scouts_identified=0|scouts_deployed=0|enemies_detected=0|combat_opportunities=0|threat_clusters=0
21:16:10,UNKNOWN,UNKNOWN,SCOUT_IDENTIFICATION,total_units=0|scouts_found=0|scout_ids=
21:16:10,1,5,PHASE1_SUMMARY,total_units=0|scouts_identified=0|scouts_deployed=0|enemies_detected=0|combat_opportunities=0|threat_clusters=0
21:16:10,1,5,PHASE2_SUMMARY,active_plans=0|new_plans=0|executed_plans=0|aborted_plans=0
21:16:10,1,5,TURN_START,player_nation=Niemcy|total_units=0|available_units=0
21:16:10,1,5,PHASE3_SUMMARY,defenders_assigned=0|kps_covered=0|pe_secure=True|threat_level=0.0|active_plans=0
21:16:10,UNKNOWN,UNKNOWN,SCOUT_IDENTIFICATION,total_units=0|scouts_found=0|scout_ids=
21:16:10,1,5,PHASE1_SUMMARY,total_units=0|scouts_identified=0|scouts_deployed=0|enemies_detected=0|combat_opportunities=0|threat_clusters=0
21:16:10,UNKNOWN,UNKNOWN,SCOUT_IDENTIFICATION,total_units=0|scouts_found=0|scout_ids=
21:16:10,1,5,PHASE1_SUMMARY,total_units=0|scouts_identified=0|scouts_deployed=0|enemies_detected=0|combat_opportunities=0|threat_clusters=0
21:16:10,1,5,PHASE2_SUMMARY,active_plans=0|new_plans=0|executed_plans=0|aborted_plans=0
21:16:10,1,5,TURN_START,player_nation=Niemcy|total_units=0|available_units=0
21:16:10,1,5,PHASE3_SUMMARY,defenders_assigned=0|kps_covered=0|pe_secure=True|threat_level=0.0|active_plans=0
21:16:10,UNKNOWN,5,PHASE_4_COMPLETE,request_generated=False|urgency=NONE|requirements=0|priority_areas=
21:16:10,1,2,TURN_START,player_nation=Unknown|total_tokens=0|captured_kps=0
21:16:10,1,2,VP_INTELLIGENCE,"vp_status={'vp_own': 0, 'vp_enemy': 0, 'vp_gap': 0, 'turn': 1, 'max_turns': 30}|trend_direction=STABLE|threat_level=LOW|opportunities_count=0|recommendations_count=0"
21:16:10,UNKNOWN,UNKNOWN,SCOUT_IDENTIFICATION,total_units=0|scouts_found=0|scout_ids=
21:16:10,1,2,PHASE1_SUMMARY,total_units=0|scouts_identified=0|scouts_deployed=0|enemies_detected=0|combat_opportunities=0|threat_clusters=0
21:16:10,UNKNOWN,UNKNOWN,SCOUT_IDENTIFICATION,total_units=0|scouts_found=0|scout_ids=
21:16:10,1,2,PHASE1_SUMMARY,total_units=0|scouts_identified=0|scouts_deployed=0|enemies_detected=0|combat_opportunities=0|threat_clusters=0
21:16:10,1,2,PHASE2_SUMMARY,active_plans=0|new_plans=0|executed_plans=0|aborted_plans=0
21:16:10,1,2,TURN_START,player_nation=Polska|total_units=0|available_units=0
21:16:10,1,2,PHASE3_SUMMARY,defenders_assigned=0|kps_covered=0|pe_secure=True|threat_level=0.0|active_plans=0
21:16:10,UNKNOWN,UNKNOWN,SCOUT_IDENTIFICATION,total_units=0|scouts_found=0|scout_ids=
21:16:10,1,2,PHASE1_SUMMARY,total_units=0|scouts_identified=0|scouts_deployed=0|enemies_detected=0|combat_opportunities=0|threat_clusters=0
21:16:10,UNKNOWN,UNKNOWN,SCOUT_IDENTIFICATION,total_units=0|scouts_found=0|scout_ids=
21:16:10,1,2,PHASE1_SUMMARY,total_units=0|scouts_identified=0|scouts_deployed=0|enemies_detected=0|combat_opportunities=0|threat_clusters=0
21:16:10,1,2,PHASE2_SUMMARY,active_plans=0|new_plans=0|executed_plans=0|aborted_plans=0
21:16:10,1,2,TURN_START,player_nation=Polska|total_units=0|available_units=0
21:16:10,1,2,PHASE3_SUMMARY,defenders_assigned=0|kps_covered=0|pe_secure=True|threat_level=0.0|active_plans=0
21:16:10,UNKNOWN,2,PHASE_4_COMPLETE,request_generated=False|urgency=NONE|requirements=0|priority_areas=
21:16:10,1,5,TURN_START,player_nation=Unknown|total_tokens=0|captured_kps=0
21:16:10,1,5,VP_INTELLIGENCE,"vp_status={'vp_own': 0, 'vp_enemy': 0, 'vp_gap': 0, 'turn': 1, 'max_turns': 30}|trend_direction=STABLE|threat_level=LOW|opportunities_count=0|recommendations_count=0"
21:16:10,UNKNOWN,UNKNOWN,SCOUT_IDENTIFICATION,total_units=0|scouts_found=0|scout_ids=
21:16:10,1,5,PHASE1_SUMMARY,total_units=0|scouts_identified=0|scouts_deployed=0|enemies_detected=0|combat_opportunities=0|threat_clusters=0
21:16:10,UNKNOWN,UNKNOWN,SCOUT_IDENTIFICATION,total_units=0|scouts_found=0|scout_ids=
21:16:10,1,5,PHASE1_SUMMARY,total_units=0|scouts_identified=0|scouts_deployed=0|enemies_detected=0|combat_opportunities=0|threat_clusters=0
21:16:10,1,5,PHASE2_SUMMARY,active_plans=0|new_plans=0|executed_plans=0|aborted_plans=0
21:16:10,1,5,TURN_START,player_nation=Niemcy|total_units=0|available_units=0
21:16:10,1,5,PHASE3_SUMMARY,defenders_assigned=0|kps_covered=0|pe_secure=True|threat_level=0.0|active_plans=0
21:16:10,UNKNOWN,UNKNOWN,SCOUT_IDENTIFICATION,total_units=0|scouts_found=0|scout_ids=
21:16:10,1,5,PHASE1_SUMMARY,total_units=0|scouts_identified=0|scouts_deployed=0|enemies_detected=0|combat_opportunities=0|threat_clusters=0
21:16:10,UNKNOWN,UNKNOWN,SCOUT_IDENTIFICATION,total_units=0|scouts_found=0|scout_ids=
21:16:10,1,5,PHASE1_SUMMARY,total_units=0|scouts_identified=0|scouts_deployed=0|enemies_detected=0|combat_opportunities=0|threat_clusters=0
21:16:10,1,5,PHASE2_SUMMARY,active_plans=0|new_plans=0|executed_plans=0|aborted_plans=0
21:16:10,1,5,TURN_START,player_nation=Niemcy|total_units=0|available_units=0
21:16:10,1,5,PHASE3_SUMMARY,defenders_assigned=0|kps_covered=0|pe_secure=True|threat_level=0.0|active_plans=0
21:16:10,UNKNOWN,5,PHASE_4_COMPLETE,request_generated=False|urgency=NONE|requirements=0|priority_areas=
21:16:10,1,2,TURN_START,player_nation=Unknown|total_tokens=0|captured_kps=0
21:16:10,1,2,VP_INTELLIGENCE,"vp_status={'vp_own': 0, 'vp_enemy': 0, 'vp_gap': 0, 'turn': 1, 'max_turns': 30}|trend_direction=STABLE|threat_level=LOW|opportunities_count=0|recommendations_count=0"
21:16:10,UNKNOWN,UNKNOWN,SCOUT_IDENTIFICATION,total_units=0|scouts_found=0|scout_ids=
21:16:10,1,2,PHASE1_SUMMARY,total_units=0|scouts_identified=0|scouts_deployed=0|enemies_detected=0|combat_opportunities=0|threat_clusters=0
21:16:10,UNKNOWN,UNKNOWN,SCOUT_IDENTIFICATION,total_units=0|scouts_found=0|scout_ids=
21:16:10,1,2,PHASE1_SUMMARY,total_units=0|scouts_identified=0|scouts_deployed=0|enemies_detected=0|combat_opportunities=0|threat_clusters=0
21:16:10,1,2,PHASE2_SUMMARY,active_plans=0|new_plans=0|executed_plans=0|aborted_plans=0
21:16:10,1,2,TURN_START,player_nation=Polska|total_units=0|available_units=0
21:16:10,1,2,PHASE3_SUMMARY,defenders_assigned=0|kps_covered=0|pe_secure=True|threat_level=0.0|active_plans=0
21:16:10,UNKNOWN,UNKNOWN,SCOUT_IDENTIFICATION,total_units=0|scouts_found=0|scout_ids=
21:16:10,1,2,PHASE1_SUMMARY,total_units=0|scouts_identified=0|scouts_deployed=0|enemies_detected=0|combat_opportunities=0|threat_clusters=0
21:16:10,UNKNOWN,UNKNOWN,SCOUT_IDENTIFICATION,total_units=0|scouts_found=0|scout_ids=
21:16:10,1,2,PHASE1_SUMMARY,total_units=0|scouts_identified=0|scouts_deployed=0|enemies_detected=0|combat_opportunities=0|threat_clusters=0
21:16:10,1,2,PHASE2_SUMMARY,active_plans=0|new_plans=0|executed_plans=0|aborted_plans=0
21:16:10,1,2,TURN_START,player_nation=Polska|total_units=0|available_units=0
21:16:10,1,2,PHASE3_SUMMARY,defenders_assigned=0|kps_covered=0|pe_secure=True|threat_level=0.0|active_plans=0
21:16:10,UNKNOWN,2,PHASE_4_COMPLETE,request_generated=False|urgency=NONE|requirements=0|priority_areas=
21:16:10,1,5,TURN_START,player_nation=Unknown|total_tokens=0|captured_kps=0
21:16:10,1,5,VP_INTELLIGENCE,"vp_status={'vp_own': 0, 'vp_enemy': 0, 'vp_gap': 0, 'turn': 1, 'max_turns': 30}|trend_direction=STABLE|threat_level=LOW|opportunities_count=0|recommendations_count=0"
21:16:10,UNKNOWN,UNKNOWN,SCOUT_IDENTIFICATION,total_units=0|scouts_found=0|scout_ids=
21:16:10,1,5,PHASE1_SUMMARY,total_units=0|scouts_identified=0|scouts_deployed=0|enemies_detected=0|combat_opportunities=0|threat_clusters=0
21:16:10,UNKNOWN,UNKNOWN,SCOUT_IDENTIFICATION,total_units=0|scouts_found=0|scout_ids=
21:16:10,1,5,PHASE1_SUMMARY,total_units=0|scouts_identified=0|scouts_deployed=0|enemies_detected=0|combat_opportunities=0|threat_clusters=0
21:16:10,1,5,PHASE2_SUMMARY,active_plans=0|new_plans=0|executed_plans=0|aborted_plans=0
21:16:10,1,5,TURN_START,player_nation=Niemcy|total_units=0|available_units=0
21:16:10,1,5,PHASE3_SUMMARY,defenders_assigned=0|kps_covered=0|pe_secure=True|threat_level=0.0|active_plans=0
21:16:10,UNKNOWN,UNKNOWN,SCOUT_IDENTIFICATION,total_units=0|scouts_found=0|scout_ids=
21:16:10,1,5,PHASE1_SUMMARY,total_units=0|scouts_identified=0|scouts_deployed=0|enemies_detected=0|combat_opportunities=0|threat_clusters=0
21:16:10,UNKNOWN,UNKNOWN,SCOUT_IDENTIFICATION,total_units=0|scouts_found=0|scout_ids=
21:16:10,1,5,PHASE1_SUMMARY,total_units=0|scouts_identified=0|scouts_deployed=0|enemies_detected=0|combat_opportunities=0|threat_clusters=0
21:16:10,1,5,PHASE2_SUMMARY,active_plans=0|new_plans=0|executed_plans=0|aborted_plans=0
21:16:10,1,5,TURN_START,player_nation=Niemcy|total_units=0|available_units=0
21:16:10,1,5,PHASE3_SUMMARY,defenders_assigned=0|kps_covered=0|pe_secure=True|threat_level=0.0|active_plans=0
21:16:10,UNKNOWN,5,PHASE_4_COMPLETE,request_generated=False|urgency=NONE|requirements=0|priority_areas=
21:16:10,1,2,TURN_START,player_nation=Unknown|total_tokens=0|captured_kps=0
21:16:10,1,2,VP_INTELLIGENCE,"vp_status={'vp_own': 0, 'vp_enemy': 0, 'vp_gap': 0, 'turn': 1, 'max_turns': 30}|trend_direction=STABLE|threat_level=LOW|opportunities_count=0|recommendations_count=0"
21:16:10,UNKNOWN,UNKNOWN,SCOUT_IDENTIFICATION,total_units=0|scouts_found=0|scout_ids=
21:16:10,1,2,PHASE1_SUMMARY,total_units=0|scouts_identified=0|scouts_deployed=0|enemies_detected=0|combat_opportunities=0|threat_clusters=0
21:16:10,UNKNOWN,UNKNOWN,SCOUT_IDENTIFICATION,total_units=0|scouts_found=0|scout_ids=
21:16:10,1,2,PHASE1_SUMMARY,total_units=0|scouts_identified=0|scouts_deployed=0|enemies_detected=0|combat_opportunities=0|threat_clusters=0
21:16:10,1,2,PHASE2_SUMMARY,active_plans=0|new_plans=0|executed_plans=0|aborted_plans=0
21:16:10,1,2,TURN_START,player_nation=Polska|total_units=0|available_units=0
21:16:10,1,2,PHASE3_SUMMARY,defenders_assigned=0|kps_covered=0|pe_secure=True|threat_level=0.0|active_plans=0
21:16:10,UNKNOWN,UNKNOWN,SCOUT_IDENTIFICATION,total_units=0|scouts_found=0|scout_ids=
21:16:10,1,2,PHASE1_SUMMARY,total_units=0|scouts_identified=0|scouts_deployed=0|enemies_detected=0|combat_opportunities=0|threat_clusters=0
21:16:10,UNKNOWN,UNKNOWN,SCOUT_IDENTIFICATION,total_units=0|scouts_found=0|scout_ids=
21:16:10,1,2,PHASE1_SUMMARY,total_units=0|scouts_identified=0|scouts_deployed=0|enemies_detected=0|combat_opportunities=0|threat_clusters=0
21:16:10,1,2,PHASE2_SUMMARY,active_plans=0|new_plans=0|executed_plans=0|aborted_plans=0
21:16:10,1,2,TURN_START,player_nation=Polska|total_units=0|available_units=0
21:16:10,1,2,PHASE3_SUMMARY,defenders_assigned=0|kps_covered=0|pe_secure=True|threat_level=0.0|active_plans=0
21:16:10,UNKNOWN,2,PHASE_4_COMPLETE,request_generated=False|urgency=NONE|requirements=0|priority_areas=
21:16:10,1,5,TURN_START,player_nation=Unknown|total_tokens=0|captured_kps=0
21:16:10,1,5,VP_INTELLIGENCE,"vp_status={'vp_own': 0, 'vp_enemy': 0, 'vp_gap': 0, 'turn': 1, 'max_turns': 30}|trend_direction=STABLE|threat_level=LOW|opportunities_count=0|recommendations_count=0"
21:16:10,UNKNOWN,UNKNOWN,SCOUT_IDENTIFICATION,total_units=0|scouts_found=0|scout_ids=
21:16:10,1,5,PHASE1_SUMMARY,total_units=0|scouts_identified=0|scouts_deployed=0|enemies_detected=0|combat_opportunities=0|threat_clusters=0
21:16:10,UNKNOWN,UNKNOWN,SCOUT_IDENTIFICATION,total_units=0|scouts_found=0|scout_ids=
21:16:10,1,5,PHASE1_SUMMARY,total_units=0|scouts_identified=0|scouts_deployed=0|enemies_detected=0|combat_opportunities=0|threat_clusters=0
21:16:10,1,5,PHASE2_SUMMARY,active_plans=0|new_plans=0|executed_plans=0|aborted_plans=0
21:16:10,1,5,TURN_START,player_nation=Niemcy|total_units=0|available_units=0
21:16:10,1,5,PHASE3_SUMMARY,defenders_assigned=0|kps_covered=0|pe_secure=True|threat_level=0.0|active_plans=0
21:16:10,UNKNOWN,UNKNOWN,SCOUT_IDENTIFICATION,total_units=0|scouts_found=0|scout_ids=
21:16:10,1,5,PHASE1_SUMMARY,total_units=0|scouts_identified=0|scouts_deployed=0|enemies_detected=0|combat_opportunities=0|threat_clusters=0
21:16:10,UNKNOWN,UNKNOWN,SCOUT_IDENTIFICATION,total_units=0|scouts_found=0|scout_ids=
21:16:10,1,5,PHASE1_SUMMARY,total_units=0|scouts_identified=0|scouts_deployed=0|enemies_detected=0|combat_opportunities=0|threat_clusters=0
21:16:10,1,5,PHASE2_SUMMARY,active_plans=0|new_plans=0|executed_plans=0|aborted_plans=0
21:16:10,1,5,TURN_START,player_nation=Niemcy|total_units=0|available_units=0
21:16:10,1,5,PHASE3_SUMMARY,defenders_assigned=0|kps_covered=0|pe_secure=True|threat_level=0.0|active_plans=0
21:16:10,UNKNOWN,5,PHASE_4_COMPLETE,request_generated=False|urgency=NONE|requirements=0|priority_areas=
21:16:10,1,2,TURN_START,player_nation=Unknown|total_tokens=0|captured_kps=0
21:16:10,1,2,VP_INTELLIGENCE,"vp_status={'vp_own': 0, 'vp_enemy': 0, 'vp_gap': 0, 'turn': 1, 'max_turns': 30}|trend_direction=STABLE|threat_level=LOW|opportunities_count=0|recommendations_count=0"
21:16:10,UNKNOWN,UNKNOWN,SCOUT_IDENTIFICATION,total_units=0|scouts_found=0|scout_ids=
21:16:10,1,2,PHASE1_SUMMARY,total_units=0|scouts_identified=0|scouts_deployed=0|enemies_detected=0|combat_opportunities=0|threat_clusters=0
21:16:10,UNKNOWN,UNKNOWN,SCOUT_IDENTIFICATION,total_units=0|scouts_found=0|scout_ids=
21:16:10,1,2,PHASE1_SUMMARY,total_units=0|scouts_identified=0|scouts_deployed=0|enemies_detected=0|combat_opportunities=0|threat_clusters=0
21:16:10,1,2,PHASE2_SUMMARY,active_plans=0|new_plans=0|executed_plans=0|aborted_plans=0
21:16:10,1,2,TURN_START,player_nation=Polska|total_units=0|available_units=0
21:16:10,1,2,PHASE3_SUMMARY,defenders_assigned=0|kps_covered=0|pe_secure=True|threat_level=0.0|active_plans=0
21:16:10,UNKNOWN,UNKNOWN,SCOUT_IDENTIFICATION,total_units=0|scouts_found=0|scout_ids=
21:16:10,1,2,PHASE1_SUMMARY,total_units=0|scouts_identified=0|scouts_deployed=0|enemies_detected=0|combat_opportunities=0|threat_clusters=0
21:16:10,UNKNOWN,UNKNOWN,SCOUT_IDENTIFICATION,total_units=0|scouts_found=0|scout_ids=
21:16:10,1,2,PHASE1_SUMMARY,total_units=0|scouts_identified=0|scouts_deployed=0|enemies_detected=0|combat_opportunities=0|threat_clusters=0
21:16:10,1,2,PHASE2_SUMMARY,active_plans=0|new_plans=0|executed_plans=0|aborted_plans=0
21:16:10,1,2,TURN_START,player_nation=Polska|total_units=0|available_units=0
21:16:10,1,2,PHASE3_SUMMARY,defenders_assigned=0|kps_covered=0|pe_secure=True|threat_level=0.0|active_plans=0
21:16:10,UNKNOWN,2,PHASE_4_COMPLETE,request_generated=False|urgency=NONE|requirements=0|priority_areas=
21:16:10,1,5,TURN_START,player_nation=Unknown|total_tokens=0|captured_kps=0
21:16:10,1,5,VP_INTELLIGENCE,"vp_status={'vp_own': 0, 'vp_enemy': 0, 'vp_gap': 0, 'turn': 1, 'max_turns': 30}|trend_direction=STABLE|threat_level=LOW|opportunities_count=0|recommendations_count=0"
21:16:10,UNKNOWN,UNKNOWN,SCOUT_IDENTIFICATION,total_units=0|scouts_found=0|scout_ids=
21:16:10,1,5,PHASE1_SUMMARY,total_units=0|scouts_identified=0|scouts_deployed=0|enemies_detected=0|combat_opportunities=0|threat_clusters=0
21:16:10,UNKNOWN,UNKNOWN,SCOUT_IDENTIFICATION,total_units=0|scouts_found=0|scout_ids=
21:16:10,1,5,PHASE1_SUMMARY,total_units=0|scouts_identified=0|scouts_deployed=0|enemies_detected=0|combat_opportunities=0|threat_clusters=0
21:16:10,1,5,PHASE2_SUMMARY,active_plans=0|new_plans=0|executed_plans=0|aborted_plans=0
21:16:10,1,5,TURN_START,player_nation=Niemcy|total_units=0|available_units=0
21:16:10,1,5,PHASE3_SUMMARY,defenders_assigned=0|kps_covered=0|pe_secure=True|threat_level=0.0|active_plans=0
21:16:10,UNKNOWN,UNKNOWN,SCOUT_IDENTIFICATION,total_units=0|scouts_found=0|scout_ids=
21:16:10,1,5,PHASE1_SUMMARY,total_units=0|scouts_identified=0|scouts_deployed=0|enemies_detected=0|combat_opportunities=0|threat_clusters=0
21:16:10,UNKNOWN,UNKNOWN,SCOUT_IDENTIFICATION,total_units=0|scouts_found=0|scout_ids=
21:16:10,1,5,PHASE1_SUMMARY,total_units=0|scouts_identified=0|scouts_deployed=0|enemies_detected=0|combat_opportunities=0|threat_clusters=0
21:16:10,1,5,PHASE2_SUMMARY,active_plans=0|new_plans=0|executed_plans=0|aborted_plans=0
21:16:10,1,5,TURN_START,player_nation=Niemcy|total_units=0|available_units=0
21:16:10,1,5,PHASE3_SUMMARY,defenders_assigned=0|kps_covered=0|pe_secure=True|threat_level=0.0|active_plans=0
21:16:10,UNKNOWN,5,PHASE_4_COMPLETE,request_generated=False|urgency=NONE|requirements=0|priority_areas=
21:16:10,1,2,TURN_START,player_nation=Unknown|total_tokens=0|captured_kps=0
21:16:10,1,2,VP_INTELLIGENCE,"vp_status={'vp_own': 0, 'vp_enemy': 0, 'vp_gap': 0, 'turn': 1, 'max_turns': 30}|trend_direction=STABLE|threat_level=LOW|opportunities_count=0|recommendations_count=0"
21:16:10,UNKNOWN,UNKNOWN,SCOUT_IDENTIFICATION,total_units=0|scouts_found=0|scout_ids=
21:16:10,1,2,PHASE1_SUMMARY,total_units=0|scouts_identified=0|scouts_deployed=0|enemies_detected=0|combat_opportunities=0|threat_clusters=0
21:16:10,UNKNOWN,UNKNOWN,SCOUT_IDENTIFICATION,total_units=0|scouts_found=0|scout_ids=
21:16:10,1,2,PHASE1_SUMMARY,total_units=0|scouts_identified=0|scouts_deployed=0|enemies_detected=0|combat_opportunities=0|threat_clusters=0
21:16:10,1,2,PHASE2_SUMMARY,active_plans=0|new_plans=0|executed_plans=0|aborted_plans=0
21:16:10,1,2,TURN_START,player_nation=Polska|total_units=0|available_units=0
21:16:10,1,2,PHASE3_SUMMARY,defenders_assigned=0|kps_covered=0|pe_secure=True|threat_level=0.0|active_plans=0
21:16:10,UNKNOWN,UNKNOWN,SCOUT_IDENTIFICATION,total_units=0|scouts_found=0|scout_ids=
21:16:10,1,2,PHASE1_SUMMARY,total_units=0|scouts_identified=0|scouts_deployed=0|enemies_detected=0|combat_opportunities=0|threat_clusters=0
21:16:10,UNKNOWN,UNKNOWN,SCOUT_IDENTIFICATION,total_units=0|scouts_found=0|scout_ids=
21:16:10,1,2,PHASE1_SUMMARY,total_units=0|scouts_identified=0|scouts_deployed=0|enemies_detected=0|combat_opportunities=0|threat_clusters=0
21:16:10,1,2,PHASE2_SUMMARY,active_plans=0|new_plans=0|executed_plans=0|aborted_plans=0
21:16:10,1,2,TURN_START,player_nation=Polska|total_units=0|available_units=0
21:16:10,1,2,PHASE3_SUMMARY,defenders_assigned=0|kps_covered=0|pe_secure=True|threat_level=0.0|active_plans=0
21:16:10,UNKNOWN,2,PHASE_4_COMPLETE,request_generated=False|urgency=NONE|requirements=0|priority_areas=
21:16:10,1,5,TURN_START,player_nation=Unknown|total_tokens=0|captured_kps=0
21:16:10,1,5,VP_INTELLIGENCE,"vp_status={'vp_own': 0, 'vp_enemy': 0, 'vp_gap': 0, 'turn': 1, 'max_turns': 30}|trend_direction=STABLE|threat_level=LOW|opportunities_count=0|recommendations_count=0"
21:16:10,UNKNOWN,UNKNOWN,SCOUT_IDENTIFICATION,total_units=0|scouts_found=0|scout_ids=
21:16:10,1,5,PHASE1_SUMMARY,total_units=0|scouts_identified=0|scouts_deployed=0|enemies_detected=0|combat_opportunities=0|threat_clusters=0
21:16:10,UNKNOWN,UNKNOWN,SCOUT_IDENTIFICATION,total_units=0|scouts_found=0|scout_ids=
21:16:11,1,5,PHASE1_SUMMARY,total_units=0|scouts_identified=0|scouts_deployed=0|enemies_detected=0|combat_opportunities=0|threat_clusters=0
21:16:11,1,5,PHASE2_SUMMARY,active_plans=0|new_plans=0|executed_plans=0|aborted_plans=0
21:16:11,1,5,TURN_START,player_nation=Niemcy|total_units=0|available_units=0
21:16:11,1,5,PHASE3_SUMMARY,defenders_assigned=0|kps_covered=0|pe_secure=True|threat_level=0.0|active_plans=0
21:16:11,UNKNOWN,UNKNOWN,SCOUT_IDENTIFICATION,total_units=0|scouts_found=0|scout_ids=
21:16:11,1,5,PHASE1_SUMMARY,total_units=0|scouts_identified=0|scouts_deployed=0|enemies_detected=0|combat_opportunities=0|threat_clusters=0
21:16:11,UNKNOWN,UNKNOWN,SCOUT_IDENTIFICATION,total_units=0|scouts_found=0|scout_ids=
21:16:11,1,5,PHASE1_SUMMARY,total_units=0|scouts_identified=0|scouts_deployed=0|enemies_detected=0|combat_opportunities=0|threat_clusters=0
21:16:11,1,5,PHASE2_SUMMARY,active_plans=0|new_plans=0|executed_plans=0|aborted_plans=0
21:16:11,1,5,TURN_START,player_nation=Niemcy|total_units=0|available_units=0
21:16:11,1,5,PHASE3_SUMMARY,defenders_assigned=0|kps_covered=0|pe_secure=True|threat_level=0.0|active_plans=0
21:16:11,UNKNOWN,5,PHASE_4_COMPLETE,request_generated=False|urgency=NONE|requirements=0|priority_areas=
21:16:11,1,2,TURN_START,player_nation=Unknown|total_tokens=0|captured_kps=0
21:16:11,1,2,VP_INTELLIGENCE,"vp_status={'vp_own': 0, 'vp_enemy': 0, 'vp_gap': 0, 'turn': 1, 'max_turns': 30}|trend_direction=STABLE|threat_level=LOW|opportunities_count=0|recommendations_count=0"
21:16:11,UNKNOWN,UNKNOWN,SCOUT_IDENTIFICATION,total_units=0|scouts_found=0|scout_ids=
21:16:11,1,2,PHASE1_SUMMARY,total_units=0|scouts_identified=0|scouts_deployed=0|enemies_detected=0|combat_opportunities=0|threat_clusters=0
21:16:11,UNKNOWN,UNKNOWN,SCOUT_IDENTIFICATION,total_units=0|scouts_found=0|scout_ids=
21:16:11,1,2,PHASE1_SUMMARY,total_units=0|scouts_identified=0|scouts_deployed=0|enemies_detected=0|combat_opportunities=0|threat_clusters=0
21:16:11,1,2,PHASE2_SUMMARY,active_plans=0|new_plans=0|executed_plans=0|aborted_plans=0
21:16:11,1,2,TURN_START,player_nation=Polska|total_units=0|available_units=0
21:16:11,1,2,PHASE3_SUMMARY,defenders_assigned=0|kps_covered=0|pe_secure=True|threat_level=0.0|active_plans=0
21:16:11,UNKNOWN,UNKNOWN,SCOUT_IDENTIFICATION,total_units=0|scouts_found=0|scout_ids=
21:16:11,1,2,PHASE1_SUMMARY,total_units=0|scouts_identified=0|scouts_deployed=0|enemies_detected=0|combat_opportunities=0|threat_clusters=0
21:16:11,UNKNOWN,UNKNOWN,SCOUT_IDENTIFICATION,total_units=0|scouts_found=0|scout_ids=
21:16:11,1,2,PHASE1_SUMMARY,total_units=0|scouts_identified=0|scouts_deployed=0|enemies_detected=0|combat_opportunities=0|threat_clusters=0
21:16:11,1,2,PHASE2_SUMMARY,active_plans=0|new_plans=0|executed_plans=0|aborted_plans=0
21:16:11,1,2,TURN_START,player_nation=Polska|total_units=0|available_units=0
21:16:11,1,2,PHASE3_SUMMARY,defenders_assigned=0|kps_covered=0|pe_secure=True|threat_level=0.0|active_plans=0
21:16:11,UNKNOWN,2,PHASE_4_COMPLETE,request_generated=False|urgency=NONE|requirements=0|priority_areas=
21:16:11,1,5,TURN_START,player_nation=Unknown|total_tokens=0|captured_kps=0
21:16:11,1,5,VP_INTELLIGENCE,"vp_status={'vp_own': 0, 'vp_enemy': 0, 'vp_gap': 0, 'turn': 1, 'max_turns': 30}|trend_direction=STABLE|threat_level=LOW|opportunities_count=0|recommendations_count=0"
21:16:11,UNKNOWN,UNKNOWN,SCOUT_IDENTIFICATION,total_units=0|scouts_found=0|scout_ids=
21:16:11,1,5,PHASE1_SUMMARY,total_units=0|scouts_identified=0|scouts_deployed=0|enemies_detected=0|combat_opportunities=0|threat_clusters=0
21:16:11,UNKNOWN,UNKNOWN,SCOUT_IDENTIFICATION,total_units=0|scouts_found=0|scout_ids=
21:16:11,1,5,PHASE1_SUMMARY,total_units=0|scouts_identified=0|scouts_deployed=0|enemies_detected=0|combat_opportunities=0|threat_clusters=0
21:16:11,1,5,PHASE2_SUMMARY,active_plans=0|new_plans=0|executed_plans=0|aborted_plans=0
21:16:11,1,5,TURN_START,player_nation=Niemcy|total_units=0|available_units=0
21:16:11,1,5,PHASE3_SUMMARY,defenders_assigned=0|kps_covered=0|pe_secure=True|threat_level=0.0|active_plans=0
21:16:11,UNKNOWN,UNKNOWN,SCOUT_IDENTIFICATION,total_units=0|scouts_found=0|scout_ids=
21:16:11,1,5,PHASE1_SUMMARY,total_units=0|scouts_identified=0|scouts_deployed=0|enemies_detected=0|combat_opportunities=0|threat_clusters=0
21:16:11,UNKNOWN,UNKNOWN,SCOUT_IDENTIFICATION,total_units=0|scouts_found=0|scout_ids=
21:16:11,1,5,PHASE1_SUMMARY,total_units=0|scouts_identified=0|scouts_deployed=0|enemies_detected=0|combat_opportunities=0|threat_clusters=0
21:16:11,1,5,PHASE2_SUMMARY,active_plans=0|new_plans=0|executed_plans=0|aborted_plans=0
21:16:11,1,5,TURN_START,player_nation=Niemcy|total_units=0|available_units=0
21:16:11,1,5,PHASE3_SUMMARY,defenders_assigned=0|kps_covered=0|pe_secure=True|threat_level=0.0|active_plans=0
21:16:11,UNKNOWN,5,PHASE_4_COMPLETE,request_generated=False|urgency=NONE|requirements=0|priority_areas=
21:16:11,1,2,TURN_START,player_nation=Unknown|total_tokens=0|captured_kps=0
21:16:11,1,2,VP_INTELLIGENCE,"vp_status={'vp_own': 0, 'vp_enemy': 0, 'vp_gap': 0, 'turn': 1, 'max_turns': 30}|trend_direction=STABLE|threat_level=LOW|opportunities_count=0|recommendations_count=0"
21:16:11,UNKNOWN,UNKNOWN,SCOUT_IDENTIFICATION,total_units=0|scouts_found=0|scout_ids=
21:16:11,1,2,PHASE1_SUMMARY,total_units=0|scouts_identified=0|scouts_deployed=0|enemies_detected=0|combat_opportunities=0|threat_clusters=0
21:16:11,UNKNOWN,UNKNOWN,SCOUT_IDENTIFICATION,total_units=0|scouts_found=0|scout_ids=
21:16:11,1,2,PHASE1_SUMMARY,total_units=0|scouts_identified=0|scouts_deployed=0|enemies_detected=0|combat_opportunities=0|threat_clusters=0
21:16:11,1,2,PHASE2_SUMMARY,active_plans=0|new_plans=0|executed_plans=0|aborted_plans=0
21:16:11,1,2,TURN_START,player_nation=Polska|total_units=0|available_units=0
21:16:11,1,2,PHASE3_SUMMARY,defenders_assigned=0|kps_covered=0|pe_secure=True|threat_level=0.0|active_plans=0
21:16:11,UNKNOWN,UNKNOWN,SCOUT_IDENTIFICATION,total_units=0|scouts_found=0|scout_ids=
21:16:11,1,2,PHASE1_SUMMARY,total_units=0|scouts_identified=0|scouts_deployed=0|enemies_detected=0|combat_opportunities=0|threat_clusters=0
21:16:11,UNKNOWN,UNKNOWN,SCOUT_IDENTIFICATION,total_units=0|scouts_found=0|scout_ids=
21:16:11,1,2,PHASE1_SUMMARY,total_units=0|scouts_identified=0|scouts_deployed=0|enemies_detected=0|combat_opportunities=0|threat_clusters=0
21:16:11,1,2,PHASE2_SUMMARY,active_plans=0|new_plans=0|executed_plans=0|aborted_plans=0
21:16:11,1,2,TURN_START,player_nation=Polska|total_units=0|available_units=0
21:16:11,1,2,PHASE3_SUMMARY,defenders_assigned=0|kps_covered=0|pe_secure=True|threat_level=0.0|active_plans=0
21:16:11,UNKNOWN,2,PHASE_4_COMPLETE,request_generated=False|urgency=NONE|requirements=0|priority_areas=
21:16:11,1,5,TURN_START,player_nation=Unknown|total_tokens=0|captured_kps=0
21:16:11,1,5,VP_INTELLIGENCE,"vp_status={'vp_own': 0, 'vp_enemy': 0, 'vp_gap': 0, 'turn': 1, 'max_turns': 30}|trend_direction=STABLE|threat_level=LOW|opportunities_count=0|recommendations_count=0"
21:16:11,UNKNOWN,UNKNOWN,SCOUT_IDENTIFICATION,total_units=0|scouts_found=0|scout_ids=
21:16:11,1,5,PHASE1_SUMMARY,total_units=0|scouts_identified=0|scouts_deployed=0|enemies_detected=0|combat_opportunities=0|threat_clusters=0
21:16:11,UNKNOWN,UNKNOWN,SCOUT_IDENTIFICATION,total_units=0|scouts_found=0|scout_ids=
21:16:11,1,5,PHASE1_SUMMARY,total_units=0|scouts_identified=0|scouts_deployed=0|enemies_detected=0|combat_opportunities=0|threat_clusters=0
21:16:11,1,5,PHASE2_SUMMARY,active_plans=0|new_plans=0|executed_plans=0|aborted_plans=0
21:16:11,1,5,TURN_START,player_nation=Niemcy|total_units=0|available_units=0
21:16:11,1,5,PHASE3_SUMMARY,defenders_assigned=0|kps_covered=0|pe_secure=True|threat_level=0.0|active_plans=0
21:16:11,UNKNOWN,UNKNOWN,SCOUT_IDENTIFICATION,total_units=0|scouts_found=0|scout_ids=
21:16:11,1,5,PHASE1_SUMMARY,total_units=0|scouts_identified=0|scouts_deployed=0|enemies_detected=0|combat_opportunities=0|threat_clusters=0
21:16:11,UNKNOWN,UNKNOWN,SCOUT_IDENTIFICATION,total_units=0|scouts_found=0|scout_ids=
21:16:11,1,5,PHASE1_SUMMARY,total_units=0|scouts_identified=0|scouts_deployed=0|enemies_detected=0|combat_opportunities=0|threat_clusters=0
21:16:11,1,5,PHASE2_SUMMARY,active_plans=0|new_plans=0|executed_plans=0|aborted_plans=0
21:16:11,1,5,TURN_START,player_nation=Niemcy|total_units=0|available_units=0
21:16:11,1,5,PHASE3_SUMMARY,defenders_assigned=0|kps_covered=0|pe_secure=True|threat_level=0.0|active_plans=0
21:16:11,UNKNOWN,5,PHASE_4_COMPLETE,request_generated=False|urgency=NONE|requirements=0|priority_areas=
21:16:11,1,2,TURN_START,player_nation=Unknown|total_tokens=0|captured_kps=0
21:16:11,1,2,VP_INTELLIGENCE,"vp_status={'vp_own': 0, 'vp_enemy': 0, 'vp_gap': 0, 'turn': 1, 'max_turns': 30}|trend_direction=STABLE|threat_level=LOW|opportunities_count=0|recommendations_count=0"
21:16:11,UNKNOWN,UNKNOWN,SCOUT_IDENTIFICATION,total_units=0|scouts_found=0|scout_ids=
21:16:11,1,2,PHASE1_SUMMARY,total_units=0|scouts_identified=0|scouts_deployed=0|enemies_detected=0|combat_opportunities=0|threat_clusters=0
21:16:11,UNKNOWN,UNKNOWN,SCOUT_IDENTIFICATION,total_units=0|scouts_found=0|scout_ids=
21:16:11,1,2,PHASE1_SUMMARY,total_units=0|scouts_identified=0|scouts_deployed=0|enemies_detected=0|combat_opportunities=0|threat_clusters=0
21:16:11,1,2,PHASE2_SUMMARY,active_plans=0|new_plans=0|executed_plans=0|aborted_plans=0
21:16:11,1,2,TURN_START,player_nation=Polska|total_units=0|available_units=0
21:16:11,1,2,PHASE3_SUMMARY,defenders_assigned=0|kps_covered=0|pe_secure=True|threat_level=0.0|active_plans=0
21:16:11,UNKNOWN,UNKNOWN,SCOUT_IDENTIFICATION,total_units=0|scouts_found=0|scout_ids=
21:16:11,1,2,PHASE1_SUMMARY,total_units=0|scouts_identified=0|scouts_deployed=0|enemies_detected=0|combat_opportunities=0|threat_clusters=0
21:16:11,UNKNOWN,UNKNOWN,SCOUT_IDENTIFICATION,total_units=0|scouts_found=0|scout_ids=
21:16:11,1,2,PHASE1_SUMMARY,total_units=0|scouts_identified=0|scouts_deployed=0|enemies_detected=0|combat_opportunities=0|threat_clusters=0
21:16:11,1,2,PHASE2_SUMMARY,active_plans=0|new_plans=0|executed_plans=0|aborted_plans=0
21:16:11,1,2,TURN_START,player_nation=Polska|total_units=0|available_units=0
21:16:11,1,2,PHASE3_SUMMARY,defenders_assigned=0|kps_covered=0|pe_secure=True|threat_level=0.0|active_plans=0
21:16:11,UNKNOWN,2,PHASE_4_COMPLETE,request_generated=False|urgency=NONE|requirements=0|priority_areas=
21:16:11,1,5,TURN_START,player_nation=Unknown|total_tokens=0|captured_kps=0
21:16:11,1,5,VP_INTELLIGENCE,"vp_status={'vp_own': 0, 'vp_enemy': 0, 'vp_gap': 0, 'turn': 1, 'max_turns': 30}|trend_direction=STABLE|threat_level=LOW|opportunities_count=0|recommendations_count=0"
21:16:11,UNKNOWN,UNKNOWN,SCOUT_IDENTIFICATION,total_units=0|scouts_found=0|scout_ids=
21:16:11,1,5,PHASE1_SUMMARY,total_units=0|scouts_identified=0|scouts_deployed=0|enemies_detected=0|combat_opportunities=0|threat_clusters=0
21:16:11,UNKNOWN,UNKNOWN,SCOUT_IDENTIFICATION,total_units=0|scouts_found=0|scout_ids=
21:16:11,1,5,PHASE1_SUMMARY,total_units=0|scouts_identified=0|scouts_deployed=0|enemies_detected=0|combat_opportunities=0|threat_clusters=0
21:16:11,1,5,PHASE2_SUMMARY,active_plans=0|new_plans=0|executed_plans=0|aborted_plans=0
21:16:11,1,5,TURN_START,player_nation=Niemcy|total_units=0|available_units=0
21:16:11,1,5,PHASE3_SUMMARY,defenders_assigned=0|kps_covered=0|pe_secure=True|threat_level=0.0|active_plans=0
21:16:11,UNKNOWN,UNKNOWN,SCOUT_IDENTIFICATION,total_units=0|scouts_found=0|scout_ids=
21:16:11,1,5,PHASE1_SUMMARY,total_units=0|scouts_identified=0|scouts_deployed=0|enemies_detected=0|combat_opportunities=0|threat_clusters=0
21:16:11,UNKNOWN,UNKNOWN,SCOUT_IDENTIFICATION,total_units=0|scouts_found=0|scout_ids=
21:16:11,1,5,PHASE1_SUMMARY,total_units=0|scouts_identified=0|scouts_deployed=0|enemies_detected=0|combat_opportunities=0|threat_clusters=0
21:16:11,1,5,PHASE2_SUMMARY,active_plans=0|new_plans=0|executed_plans=0|aborted_plans=0
21:16:11,1,5,TURN_START,player_nation=Niemcy|total_units=0|available_units=0
21:16:11,1,5,PHASE3_SUMMARY,defenders_assigned=0|kps_covered=0|pe_secure=True|threat_level=0.0|active_plans=0
21:16:11,UNKNOWN,5,PHASE_4_COMPLETE,request_generated=False|urgency=NONE|requirements=0|priority_areas=
21:16:11,1,2,TURN_START,player_nation=Unknown|total_tokens=0|captured_kps=0
21:16:11,1,2,VP_INTELLIGENCE,"vp_status={'vp_own': 0, 'vp_enemy': 0, 'vp_gap': 0, 'turn': 1, 'max_turns': 30}|trend_direction=STABLE|threat_level=LOW|opportunities_count=0|recommendations_count=0"
21:16:11,UNKNOWN,UNKNOWN,SCOUT_IDENTIFICATION,total_units=0|scouts_found=0|scout_ids=
21:16:11,1,2,PHASE1_SUMMARY,total_units=0|scouts_identified=0|scouts_deployed=0|enemies_detected=0|combat_opportunities=0|threat_clusters=0
21:16:11,UNKNOWN,UNKNOWN,SCOUT_IDENTIFICATION,total_units=0|scouts_found=0|scout_ids=
21:16:11,1,2,PHASE1_SUMMARY,total_units=0|scouts_identified=0|scouts_deployed=0|enemies_detected=0|combat_opportunities=0|threat_clusters=0
21:16:11,1,2,PHASE2_SUMMARY,active_plans=0|new_plans=0|executed_plans=0|aborted_plans=0
21:16:11,1,2,TURN_START,player_nation=Polska|total_units=0|available_units=0
21:16:11,1,2,PHASE3_SUMMARY,defenders_assigned=0|kps_covered=0|pe_secure=True|threat_level=0.0|active_plans=0
21:16:11,UNKNOWN,UNKNOWN,SCOUT_IDENTIFICATION,total_units=0|scouts_found=0|scout_ids=
21:16:11,1,2,PHASE1_SUMMARY,total_units=0|scouts_identified=0|scouts_deployed=0|enemies_detected=0|combat_opportunities=0|threat_clusters=0
21:16:11,UNKNOWN,UNKNOWN,SCOUT_IDENTIFICATION,total_units=0|scouts_found=0|scout_ids=
21:16:11,1,2,PHASE1_SUMMARY,total_units=0|scouts_identified=0|scouts_deployed=0|enemies_detected=0|combat_opportunities=0|threat_clusters=0
21:16:11,1,2,PHASE2_SUMMARY,active_plans=0|new_plans=0|executed_plans=0|aborted_plans=0
21:16:11,1,2,TURN_START,player_nation=Polska|total_units=0|available_units=0
21:16:11,1,2,PHASE3_SUMMARY,defenders_assigned=0|kps_covered=0|pe_secure=True|threat_level=0.0|active_plans=0
21:16:11,UNKNOWN,2,PHASE_4_COMPLETE,request_generated=False|urgency=NONE|requirements=0|priority_areas=
21:16:11,1,5,TURN_START,player_nation=Unknown|total_tokens=0|captured_kps=0
21:16:11,1,5,VP_INTELLIGENCE,"vp_status={'vp_own': 0, 'vp_enemy': 0, 'vp_gap': 0, 'turn': 1, 'max_turns': 30}|trend_direction=STABLE|threat_level=LOW|opportunities_count=0|recommendations_count=0"
21:16:11,UNKNOWN,UNKNOWN,SCOUT_IDENTIFICATION,total_units=0|scouts_found=0|scout_ids=
21:16:11,1,5,PHASE1_SUMMARY,total_units=0|scouts_identified=0|scouts_deployed=0|enemies_detected=0|combat_opportunities=0|threat_clusters=0
21:16:11,UNKNOWN,UNKNOWN,SCOUT_IDENTIFICATION,total_units=0|scouts_found=0|scout_ids=
21:16:11,1,5,PHASE1_SUMMARY,total_units=0|scouts_identified=0|scouts_deployed=0|enemies_detected=0|combat_opportunities=0|threat_clusters=0
21:16:11,1,5,PHASE2_SUMMARY,active_plans=0|new_plans=0|executed_plans=0|aborted_plans=0
21:16:11,1,5,TURN_START,player_nation=Niemcy|total_units=0|available_units=0
21:16:11,1,5,PHASE3_SUMMARY,defenders_assigned=0|kps_covered=0|pe_secure=True|threat_level=0.0|active_plans=0
21:16:11,UNKNOWN,UNKNOWN,SCOUT_IDENTIFICATION,total_units=0|scouts_found=0|scout_ids=
21:16:11,1,5,PHASE1_SUMMARY,total_units=0|scouts_identified=0|scouts_deployed=0|enemies_detected=0|combat_opportunities=0|threat_clusters=0
21:16:11,UNKNOWN,UNKNOWN,SCOUT_IDENTIFICATION,total_units=0|scouts_found=0|scout_ids=
21:16:11,1,5,PHASE1_SUMMARY,total_units=0|scouts_identified=0|scouts_deployed=0|enemies_detected=0|combat_opportunities=0|threat_clusters=0
21:16:11,1,5,PHASE2_SUMMARY,active_plans=0|new_plans=0|executed_plans=0|aborted_plans=0
21:16:11,1,5,TURN_START,player_nation=Niemcy|total_units=0|available_units=0
21:16:11,1,5,PHASE3_SUMMARY,defenders_assigned=0|kps_covered=0|pe_secure=True|threat_level=0.0|active_plans=0
21:16:11,UNKNOWN,5,PHASE_4_COMPLETE,request_generated=False|urgency=NONE|requirements=0|priority_areas=
21:16:11,1,2,TURN_START,player_nation=Unknown|total_tokens=0|captured_kps=0
21:16:11,1,2,VP_INTELLIGENCE,"vp_status={'vp_own': 0, 'vp_enemy': 0, 'vp_gap': 0, 'turn': 1, 'max_turns': 30}|trend_direction=STABLE|threat_level=LOW|opportunities_count=0|recommendations_count=0"
21:16:11,UNKNOWN,UNKNOWN,SCOUT_IDENTIFICATION,total_units=0|scouts_found=0|scout_ids=
21:16:11,1,2,PHASE1_SUMMARY,total_units=0|scouts_identified=0|scouts_deployed=0|enemies_detected=0|combat_opportunities=0|threat_clusters=0
21:16:11,UNKNOWN,UNKNOWN,SCOUT_IDENTIFICATION,total_units=0|scouts_found=0|scout_ids=
21:16:11,1,2,PHASE1_SUMMARY,total_units=0|scouts_identified=0|scouts_deployed=0|enemies_detected=0|combat_opportunities=0|threat_clusters=0
21:16:11,1,2,PHASE2_SUMMARY,active_plans=0|new_plans=0|executed_plans=0|aborted_plans=0
21:16:11,1,2,TURN_START,player_nation=Polska|total_units=0|available_units=0
21:16:11,1,2,PHASE3_SUMMARY,defenders_assigned=0|kps_covered=0|pe_secure=True|threat_level=0.0|active_plans=0
21:16:11,UNKNOWN,UNKNOWN,SCOUT_IDENTIFICATION,total_units=0|scouts_found=0|scout_ids=
21:16:11,1,2,PHASE1_SUMMARY,total_units=0|scouts_identified=0|scouts_deployed=0|enemies_detected=0|combat_opportunities=0|threat_clusters=0
21:16:11,UNKNOWN,UNKNOWN,SCOUT_IDENTIFICATION,total_units=0|scouts_found=0|scout_ids=
21:16:11,1,2,PHASE1_SUMMARY,total_units=0|scouts_identified=0|scouts_deployed=0|enemies_detected=0|combat_opportunities=0|threat_clusters=0
21:16:11,1,2,PHASE2_SUMMARY,active_plans=0|new_plans=0|executed_plans=0|aborted_plans=0
21:16:11,1,2,TURN_START,player_nation=Polska|total_units=0|available_units=0
21:16:11,1,2,PHASE3_SUMMARY,defenders_assigned=0|kps_covered=0|pe_secure=True|threat_level=0.0|active_plans=0
21:16:11,UNKNOWN,2,PHASE_4_COMPLETE,request_generated=False|urgency=NONE|requirements=0|priority_areas=
21:16:11,1,5,TURN_START,player_nation=Unknown|total_tokens=0|captured_kps=0
21:16:11,1,5,VP_INTELLIGENCE,"vp_status={'vp_own': 0, 'vp_enemy': 0, 'vp_gap': 0, 'turn': 1, 'max_turns': 30}|trend_direction=STABLE|threat_level=LOW|opportunities_count=0|recommendations_count=0"
21:16:11,UNKNOWN,UNKNOWN,SCOUT_IDENTIFICATION,total_units=0|scouts_found=0|scout_ids=
21:16:11,1,5,PHASE1_SUMMARY,total_units=0|scouts_identified=0|scouts_deployed=0|enemies_detected=0|combat_opportunities=0|threat_clusters=0
21:16:11,UNKNOWN,UNKNOWN,SCOUT_IDENTIFICATION,total_units=0|scouts_found=0|scout_ids=
21:16:11,1,5,PHASE1_SUMMARY,total_units=0|scouts_identified=0|scouts_deployed=0|enemies_detected=0|combat_opportunities=0|threat_clusters=0
21:16:11,1,5,PHASE2_SUMMARY,active_plans=0|new_plans=0|executed_plans=0|aborted_plans=0
21:16:11,1,5,TURN_START,player_nation=Niemcy|total_units=0|available_units=0
21:16:11,1,5,PHASE3_SUMMARY,defenders_assigned=0|kps_covered=0|pe_secure=True|threat_level=0.0|active_plans=0
21:16:11,UNKNOWN,UNKNOWN,SCOUT_IDENTIFICATION,total_units=0|scouts_found=0|scout_ids=
21:16:11,1,5,PHASE1_SUMMARY,total_units=0|scouts_identified=0|scouts_deployed=0|enemies_detected=0|combat_opportunities=0|threat_clusters=0
21:16:11,UNKNOWN,UNKNOWN,SCOUT_IDENTIFICATION,total_units=0|scouts_found=0|scout_ids=
21:16:11,1,5,PHASE1_SUMMARY,total_units=0|scouts_identified=0|scouts_deployed=0|enemies_detected=0|combat_opportunities=0|threat_clusters=0
21:16:11,1,5,PHASE2_SUMMARY,active_plans=0|new_plans=0|executed_plans=0|aborted_plans=0
21:16:11,1,5,TURN_START,player_nation=Niemcy|total_units=0|available_units=0
21:16:11,1,5,PHASE3_SUMMARY,defenders_assigned=0|kps_covered=0|pe_secure=True|threat_level=0.0|active_plans=0
21:16:11,UNKNOWN,5,PHASE_4_COMPLETE,request_generated=False|urgency=NONE|requirements=0|priority_areas=
21:16:11,1,2,TURN_START,player_nation=Unknown|total_tokens=0|captured_kps=0
21:16:11,1,2,VP_INTELLIGENCE,"vp_status={'vp_own': 0, 'vp_enemy': 0, 'vp_gap': 0, 'turn': 1, 'max_turns': 30}|trend_direction=STABLE|threat_level=LOW|opportunities_count=0|recommendations_count=0"
21:16:11,UNKNOWN,UNKNOWN,SCOUT_IDENTIFICATION,total_units=0|scouts_found=0|scout_ids=
21:16:11,1,2,PHASE1_SUMMARY,total_units=0|scouts_identified=0|scouts_deployed=0|enemies_detected=0|combat_opportunities=0|threat_clusters=0
21:16:11,UNKNOWN,UNKNOWN,SCOUT_IDENTIFICATION,total_units=0|scouts_found=0|scout_ids=
21:16:11,1,2,PHASE1_SUMMARY,total_units=0|scouts_identified=0|scouts_deployed=0|enemies_detected=0|combat_opportunities=0|threat_clusters=0
21:16:11,1,2,PHASE2_SUMMARY,active_plans=0|new_plans=0|executed_plans=0|aborted_plans=0
21:16:11,1,2,TURN_START,player_nation=Polska|total_units=0|available_units=0
21:16:11,1,2,PHASE3_SUMMARY,defenders_assigned=0|kps_covered=0|pe_secure=True|threat_level=0.0|active_plans=0
21:16:11,UNKNOWN,UNKNOWN,SCOUT_IDENTIFICATION,total_units=0|scouts_found=0|scout_ids=
21:16:11,1,2,PHASE1_SUMMARY,total_units=0|scouts_identified=0|scouts_deployed=0|enemies_detected=0|combat_opportunities=0|threat_clusters=0
21:16:11,UNKNOWN,UNKNOWN,SCOUT_IDENTIFICATION,total_units=0|scouts_found=0|scout_ids=
21:16:11,1,2,PHASE1_SUMMARY,total_units=0|scouts_identified=0|scouts_deployed=0|enemies_detected=0|combat_opportunities=0|threat_clusters=0
21:16:11,1,2,PHASE2_SUMMARY,active_plans=0|new_plans=0|executed_plans=0|aborted_plans=0
21:16:11,1,2,TURN_START,player_nation=Polska|total_units=0|available_units=0
21:16:11,1,2,PHASE3_SUMMARY,defenders_assigned=0|kps_covered=0|pe_secure=True|threat_level=0.0|active_plans=0
21:16:11,UNKNOWN,2,PHASE_4_COMPLETE,request_generated=False|urgency=NONE|requirements=0|priority_areas=
21:16:11,1,5,TURN_START,player_nation=Unknown|total_tokens=0|captured_kps=0
21:16:11,1,5,VP_INTELLIGENCE,"vp_status={'vp_own': 0, 'vp_enemy': 0, 'vp_gap': 0, 'turn': 1, 'max_turns': 30}|trend_direction=STABLE|threat_level=LOW|opportunities_count=0|recommendations_count=0"
21:16:11,UNKNOWN,UNKNOWN,SCOUT_IDENTIFICATION,total_units=0|scouts_found=0|scout_ids=
21:16:11,1,5,PHASE1_SUMMARY,total_units=0|scouts_identified=0|scouts_deployed=0|enemies_detected=0|combat_opportunities=0|threat_clusters=0
21:16:11,UNKNOWN,UNKNOWN,SCOUT_IDENTIFICATION,total_units=0|scouts_found=0|scout_ids=
21:16:11,1,5,PHASE1_SUMMARY,total_units=0|scouts_identified=0|scouts_deployed=0|enemies_detected=0|combat_opportunities=0|threat_clusters=0
21:16:11,1,5,PHASE2_SUMMARY,active_plans=0|new_plans=0|executed_plans=0|aborted_plans=0
21:16:11,1,5,TURN_START,player_nation=Niemcy|total_units=0|available_units=0
21:16:11,1,5,PHASE3_SUMMARY,defenders_assigned=0|kps_covered=0|pe_secure=True|threat_level=0.0|active_plans=0
21:16:11,UNKNOWN,UNKNOWN,SCOUT_IDENTIFICATION,total_units=0|scouts_found=0|scout_ids=
21:16:11,1,5,PHASE1_SUMMARY,total_units=0|scouts_identified=0|scouts_deployed=0|enemies_detected=0|combat_opportunities=0|threat_clusters=0
21:16:11,UNKNOWN,UNKNOWN,SCOUT_IDENTIFICATION,total_units=0|scouts_found=0|scout_ids=
21:16:11,1,5,PHASE1_SUMMARY,total_units=0|scouts_identified=0|scouts_deployed=0|enemies_detected=0|combat_opportunities=0|threat_clusters=0
21:16:11,1,5,PHASE2_SUMMARY,active_plans=0|new_plans=0|executed_plans=0|aborted_plans=0
21:16:11,1,5,TURN_START,player_nation=Niemcy|total_units=0|available_units=0
21:16:11,1,5,PHASE3_SUMMARY,defenders_assigned=0|kps_covered=0|pe_secure=True|threat_level=0.0|active_plans=0
21:16:11,UNKNOWN,5,PHASE_4_COMPLETE,request_generated=False|urgency=NONE|requirements=0|priority_areas=
21:16:11,1,2,TURN_START,player_nation=Unknown|total_tokens=0|captured_kps=0
21:16:11,1,2,VP_INTELLIGENCE,"vp_status={'vp_own': 0, 'vp_enemy': 0, 'vp_gap': 0, 'turn': 1, 'max_turns': 30}|trend_direction=STABLE|threat_level=LOW|opportunities_count=0|recommendations_count=0"
21:16:11,UNKNOWN,UNKNOWN,SCOUT_IDENTIFICATION,total_units=0|scouts_found=0|scout_ids=
21:16:11,1,2,PHASE1_SUMMARY,total_units=0|scouts_identified=0|scouts_deployed=0|enemies_detected=0|combat_opportunities=0|threat_clusters=0
21:16:11,UNKNOWN,UNKNOWN,SCOUT_IDENTIFICATION,total_units=0|scouts_found=0|scout_ids=
21:16:11,1,2,PHASE1_SUMMARY,total_units=0|scouts_identified=0|scouts_deployed=0|enemies_detected=0|combat_opportunities=0|threat_clusters=0
21:16:11,1,2,PHASE2_SUMMARY,active_plans=0|new_plans=0|executed_plans=0|aborted_plans=0
21:16:11,1,2,TURN_START,player_nation=Polska|total_units=0|available_units=0
21:16:11,1,2,PHASE3_SUMMARY,defenders_assigned=0|kps_covered=0|pe_secure=True|threat_level=0.0|active_plans=0
21:16:11,UNKNOWN,UNKNOWN,SCOUT_IDENTIFICATION,total_units=0|scouts_found=0|scout_ids=
21:16:11,1,2,PHASE1_SUMMARY,total_units=0|scouts_identified=0|scouts_deployed=0|enemies_detected=0|combat_opportunities=0|threat_clusters=0
21:16:11,UNKNOWN,UNKNOWN,SCOUT_IDENTIFICATION,total_units=0|scouts_found=0|scout_ids=
21:16:11,1,2,PHASE1_SUMMARY,total_units=0|scouts_identified=0|scouts_deployed=0|enemies_detected=0|combat_opportunities=0|threat_clusters=0
21:16:11,1,2,PHASE2_SUMMARY,active_plans=0|new_plans=0|executed_plans=0|aborted_plans=0
21:16:11,1,2,TURN_START,player_nation=Polska|total_units=0|available_units=0
21:16:11,1,2,PHASE3_SUMMARY,defenders_assigned=0|kps_covered=0|pe_secure=True|threat_level=0.0|active_plans=0
21:16:11,UNKNOWN,2,PHASE_4_COMPLETE,request_generated=False|urgency=NONE|requirements=0|priority_areas=
21:16:11,1,5,TURN_START,player_nation=Unknown|total_tokens=0|captured_kps=0
21:16:11,1,5,VP_INTELLIGENCE,"vp_status={'vp_own': 0, 'vp_enemy': 0, 'vp_gap': 0, 'turn': 1, 'max_turns': 30}|trend_direction=STABLE|threat_level=LOW|opportunities_count=0|recommendations_count=0"
21:16:11,UNKNOWN,UNKNOWN,SCOUT_IDENTIFICATION,total_units=0|scouts_found=0|scout_ids=
21:16:11,1,5,PHASE1_SUMMARY,total_units=0|scouts_identified=0|scouts_deployed=0|enemies_detected=0|combat_opportunities=0|threat_clusters=0
21:16:11,UNKNOWN,UNKNOWN,SCOUT_IDENTIFICATION,total_units=0|scouts_found=0|scout_ids=
21:16:11,1,5,PHASE1_SUMMARY,total_units=0|scouts_identified=0|scouts_deployed=0|enemies_detected=0|combat_opportunities=0|threat_clusters=0
21:16:11,1,5,PHASE2_SUMMARY,active_plans=0|new_plans=0|executed_plans=0|aborted_plans=0
21:16:11,1,5,TURN_START,player_nation=Niemcy|total_units=0|available_units=0
21:16:11,1,5,PHASE3_SUMMARY,defenders_assigned=0|kps_covered=0|pe_secure=True|threat_level=0.0|active_plans=0
21:16:11,UNKNOWN,UNKNOWN,SCOUT_IDENTIFICATION,total_units=0|scouts_found=0|scout_ids=
21:16:11,1,5,PHASE1_SUMMARY,total_units=0|scouts_identified=0|scouts_deployed=0|enemies_detected=0|combat_opportunities=0|threat_clusters=0
21:16:11,UNKNOWN,UNKNOWN,SCOUT_IDENTIFICATION,total_units=0|scouts_found=0|scout_ids=
21:16:11,1,5,PHASE1_SUMMARY,total_units=0|scouts_identified=0|scouts_deployed=0|enemies_detected=0|combat_opportunities=0|threat_clusters=0
21:16:11,1,5,PHASE2_SUMMARY,active_plans=0|new_plans=0|executed_plans=0|aborted_plans=0
21:16:11,1,5,TURN_START,player_nation=Niemcy|total_units=0|available_units=0
21:16:11,1,5,PHASE3_SUMMARY,defenders_assigned=0|kps_covered=0|pe_secure=True|threat_level=0.0|active_plans=0
21:16:11,UNKNOWN,5,PHASE_4_COMPLETE,request_generated=False|urgency=NONE|requirements=0|priority_areas=
21:16:11,1,2,TURN_START,player_nation=Unknown|total_tokens=0|captured_kps=0
21:16:11,1,2,VP_INTELLIGENCE,"vp_status={'vp_own': 0, 'vp_enemy': 0, 'vp_gap': 0, 'turn': 1, 'max_turns': 30}|trend_direction=STABLE|threat_level=LOW|opportunities_count=0|recommendations_count=0"
21:16:11,UNKNOWN,UNKNOWN,SCOUT_IDENTIFICATION,total_units=0|scouts_found=0|scout_ids=
21:16:11,1,2,PHASE1_SUMMARY,total_units=0|scouts_identified=0|scouts_deployed=0|enemies_detected=0|combat_opportunities=0|threat_clusters=0
21:16:11,UNKNOWN,UNKNOWN,SCOUT_IDENTIFICATION,total_units=0|scouts_found=0|scout_ids=
21:16:11,1,2,PHASE1_SUMMARY,total_units=0|scouts_identified=0|scouts_deployed=0|enemies_detected=0|combat_opportunities=0|threat_clusters=0
21:16:11,1,2,PHASE2_SUMMARY,active_plans=0|new_plans=0|executed_plans=0|aborted_plans=0
21:16:11,1,2,TURN_START,player_nation=Polska|total_units=0|available_units=0
21:16:11,1,2,PHASE3_SUMMARY,defenders_assigned=0|kps_covered=0|pe_secure=True|threat_level=0.0|active_plans=0
21:16:11,UNKNOWN,UNKNOWN,SCOUT_IDENTIFICATION,total_units=0|scouts_found=0|scout_ids=
21:16:11,1,2,PHASE1_SUMMARY,total_units=0|scouts_identified=0|scouts_deployed=0|enemies_detected=0|combat_opportunities=0|threat_clusters=0
21:16:11,UNKNOWN,UNKNOWN,SCOUT_IDENTIFICATION,total_units=0|scouts_found=0|scout_ids=
21:16:11,1,2,PHASE1_SUMMARY,total_units=0|scouts_identified=0|scouts_deployed=0|enemies_detected=0|combat_opportunities=0|threat_clusters=0
21:16:11,1,2,PHASE2_SUMMARY,active_plans=0|new_plans=0|executed_plans=0|aborted_plans=0
21:16:11,1,2,TURN_START,player_nation=Polska|total_units=0|available_units=0
21:16:11,1,2,PHASE3_SUMMARY,defenders_assigned=0|kps_covered=0|pe_secure=True|threat_level=0.0|active_plans=0
21:16:11,UNKNOWN,2,PHASE_4_COMPLETE,request_generated=False|urgency=NONE|requirements=0|priority_areas=
21:16:11,1,5,TURN_START,player_nation=Unknown|total_tokens=0|captured_kps=0
21:16:11,1,5,VP_INTELLIGENCE,"vp_status={'vp_own': 0, 'vp_enemy': 0, 'vp_gap': 0, 'turn': 1, 'max_turns': 30}|trend_direction=STABLE|threat_level=LOW|opportunities_count=0|recommendations_count=0"
21:16:11,UNKNOWN,UNKNOWN,SCOUT_IDENTIFICATION,total_units=0|scouts_found=0|scout_ids=
21:16:11,1,5,PHASE1_SUMMARY,total_units=0|scouts_identified=0|scouts_deployed=0|enemies_detected=0|combat_opportunities=0|threat_clusters=0
21:16:11,UNKNOWN,UNKNOWN,SCOUT_IDENTIFICATION,total_units=0|scouts_found=0|scout_ids=
21:16:11,1,5,PHASE1_SUMMARY,total_units=0|scouts_identified=0|scouts_deployed=0|enemies_detected=0|combat_opportunities=0|threat_clusters=0
21:16:11,1,5,PHASE2_SUMMARY,active_plans=0|new_plans=0|executed_plans=0|aborted_plans=0
21:16:11,1,5,TURN_START,player_nation=Niemcy|total_units=0|available_units=0
21:16:11,1,5,PHASE3_SUMMARY,defenders_assigned=0|kps_covered=0|pe_secure=True|threat_level=0.0|active_plans=0
21:16:11,UNKNOWN,UNKNOWN,SCOUT_IDENTIFICATION,total_units=0|scouts_found=0|scout_ids=
21:16:11,1,5,PHASE1_SUMMARY,total_units=0|scouts_identified=0|scouts_deployed=0|enemies_detected=0|combat_opportunities=0|threat_clusters=0
21:16:11,UNKNOWN,UNKNOWN,SCOUT_IDENTIFICATION,total_units=0|scouts_found=0|scout_ids=
21:16:11,1,5,PHASE1_SUMMARY,total_units=0|scouts_identified=0|scouts_deployed=0|enemies_detected=0|combat_opportunities=0|threat_clusters=0
21:16:11,1,5,PHASE2_SUMMARY,active_plans=0|new_plans=0|executed_plans=0|aborted_plans=0
21:16:11,1,5,TURN_START,player_nation=Niemcy|total_units=0|available_units=0
21:16:11,1,5,PHASE3_SUMMARY,defenders_assigned=0|kps_covered=0|pe_secure=True|threat_level=0.0|active_plans=0
21:16:11,UNKNOWN,5,PHASE_4_COMPLETE,request_generated=False|urgency=NONE|requirements=0|priority_areas=
21:16:11,1,2,TURN_START,player_nation=Unknown|total_tokens=0|captured_kps=0
21:16:11,1,2,VP_INTELLIGENCE,"vp_status={'vp_own': 0, 'vp_enemy': 0, 'vp_gap': 0, 'turn': 1, 'max_turns': 30}|trend_direction=STABLE|threat_level=LOW|opportunities_count=0|recommendations_count=0"
21:16:11,UNKNOWN,UNKNOWN,SCOUT_IDENTIFICATION,total_units=0|scouts_found=0|scout_ids=
21:16:11,1,2,PHASE1_SUMMARY,total_units=0|scouts_identified=0|scouts_deployed=0|enemies_detected=0|combat_opportunities=0|threat_clusters=0
21:16:11,UNKNOWN,UNKNOWN,SCOUT_IDENTIFICATION,total_units=0|scouts_found=0|scout_ids=
21:16:11,1,2,PHASE1_SUMMARY,total_units=0|scouts_identified=0|scouts_deployed=0|enemies_detected=0|combat_opportunities=0|threat_clusters=0
21:16:11,1,2,PHASE2_SUMMARY,active_plans=0|new_plans=0|executed_plans=0|aborted_plans=0
21:16:11,1,2,TURN_START,player_nation=Polska|total_units=0|available_units=0
21:16:11,1,2,PHASE3_SUMMARY,defenders_assigned=0|kps_covered=0|pe_secure=True|threat_level=0.0|active_plans=0
21:16:11,UNKNOWN,UNKNOWN,SCOUT_IDENTIFICATION,total_units=0|scouts_found=0|scout_ids=
21:16:11,1,2,PHASE1_SUMMARY,total_units=0|scouts_identified=0|scouts_deployed=0|enemies_detected=0|combat_opportunities=0|threat_clusters=0
21:16:11,UNKNOWN,UNKNOWN,SCOUT_IDENTIFICATION,total_units=0|scouts_found=0|scout_ids=
21:16:11,1,2,PHASE1_SUMMARY,total_units=0|scouts_identified=0|scouts_deployed=0|enemies_detected=0|combat_opportunities=0|threat_clusters=0
21:16:11,1,2,PHASE2_SUMMARY,active_plans=0|new_plans=0|executed_plans=0|aborted_plans=0
21:16:11,1,2,TURN_START,player_nation=Polska|total_units=0|available_units=0
21:16:11,1,2,PHASE3_SUMMARY,defenders_assigned=0|kps_covered=0|pe_secure=True|threat_level=0.0|active_plans=0
21:16:11,UNKNOWN,2,PHASE_4_COMPLETE,request_generated=False|urgency=NONE|requirements=0|priority_areas=
21:16:11,1,5,TURN_START,player_nation=Unknown|total_tokens=0|captured_kps=0
21:16:11,1,5,VP_INTELLIGENCE,"vp_status={'vp_own': 0, 'vp_enemy': 0, 'vp_gap': 0, 'turn': 1, 'max_turns': 30}|trend_direction=STABLE|threat_level=LOW|opportunities_count=0|recommendations_count=0"
21:16:11,UNKNOWN,UNKNOWN,SCOUT_IDENTIFICATION,total_units=0|scouts_found=0|scout_ids=
21:16:11,1,5,PHASE1_SUMMARY,total_units=0|scouts_identified=0|scouts_deployed=0|enemies_detected=0|combat_opportunities=0|threat_clusters=0
21:16:11,UNKNOWN,UNKNOWN,SCOUT_IDENTIFICATION,total_units=0|scouts_found=0|scout_ids=
21:16:11,1,5,PHASE1_SUMMARY,total_units=0|scouts_identified=0|scouts_deployed=0|enemies_detected=0|combat_opportunities=0|threat_clusters=0
21:16:11,1,5,PHASE2_SUMMARY,active_plans=0|new_plans=0|executed_plans=0|aborted_plans=0
21:16:11,1,5,TURN_START,player_nation=Niemcy|total_units=0|available_units=0
21:16:11,1,5,PHASE3_SUMMARY,defenders_assigned=0|kps_covered=0|pe_secure=True|threat_level=0.0|active_plans=0
21:16:11,UNKNOWN,UNKNOWN,SCOUT_IDENTIFICATION,total_units=0|scouts_found=0|scout_ids=
21:16:11,1,5,PHASE1_SUMMARY,total_units=0|scouts_identified=0|scouts_deployed=0|enemies_detected=0|combat_opportunities=0|threat_clusters=0
21:16:11,UNKNOWN,UNKNOWN,SCOUT_IDENTIFICATION,total_units=0|scouts_found=0|scout_ids=
21:16:11,1,5,PHASE1_SUMMARY,total_units=0|scouts_identified=0|scouts_deployed=0|enemies_detected=0|combat_opportunities=0|threat_clusters=0
21:16:11,1,5,PHASE2_SUMMARY,active_plans=0|new_plans=0|executed_plans=0|aborted_plans=0
21:16:11,1,5,TURN_START,player_nation=Niemcy|total_units=0|available_units=0
21:16:11,1,5,PHASE3_SUMMARY,defenders_assigned=0|kps_covered=0|pe_secure=True|threat_level=0.0|active_plans=0
21:16:11,UNKNOWN,5,PHASE_4_COMPLETE,request_generated=False|urgency=NONE|requirements=0|priority_areas=
21:16:11,1,2,TURN_START,player_nation=Unknown|total_tokens=0|captured_kps=0
21:16:11,1,2,VP_INTELLIGENCE,"vp_status={'vp_own': 0, 'vp_enemy': 0, 'vp_gap': 0, 'turn': 1, 'max_turns': 30}|trend_direction=STABLE|threat_level=LOW|opportunities_count=0|recommendations_count=0"
21:16:11,UNKNOWN,UNKNOWN,SCOUT_IDENTIFICATION,total_units=0|scouts_found=0|scout_ids=
21:16:11,1,2,PHASE1_SUMMARY,total_units=0|scouts_identified=0|scouts_deployed=0|enemies_detected=0|combat_opportunities=0|threat_clusters=0
21:16:11,UNKNOWN,UNKNOWN,SCOUT_IDENTIFICATION,total_units=0|scouts_found=0|scout_ids=
21:16:11,1,2,PHASE1_SUMMARY,total_units=0|scouts_identified=0|scouts_deployed=0|enemies_detected=0|combat_opportunities=0|threat_clusters=0
21:16:11,1,2,PHASE2_SUMMARY,active_plans=0|new_plans=0|executed_plans=0|aborted_plans=0
21:16:11,1,2,TURN_START,player_nation=Polska|total_units=0|available_units=0
21:16:11,1,2,PHASE3_SUMMARY,defenders_assigned=0|kps_covered=0|pe_secure=True|threat_level=0.0|active_plans=0
21:16:11,UNKNOWN,UNKNOWN,SCOUT_IDENTIFICATION,total_units=0|scouts_found=0|scout_ids=
21:16:11,1,2,PHASE1_SUMMARY,total_units=0|scouts_identified=0|scouts_deployed=0|enemies_detected=0|combat_opportunities=0|threat_clusters=0
21:16:11,UNKNOWN,UNKNOWN,SCOUT_IDENTIFICATION,total_units=0|scouts_found=0|scout_ids=
21:16:11,1,2,PHASE1_SUMMARY,total_units=0|scouts_identified=0|scouts_deployed=0|enemies_detected=0|combat_opportunities=0|threat_clusters=0
21:16:11,1,2,PHASE2_SUMMARY,active_plans=0|new_plans=0|executed_plans=0|aborted_plans=0
21:16:11,1,2,TURN_START,player_nation=Polska|total_units=0|available_units=0
21:16:11,1,2,PHASE3_SUMMARY,defenders_assigned=0|kps_covered=0|pe_secure=True|threat_level=0.0|active_plans=0
21:16:11,UNKNOWN,2,PHASE_4_COMPLETE,request_generated=False|urgency=NONE|requirements=0|priority_areas=
21:16:11,1,5,TURN_START,player_nation=Unknown|total_tokens=0|captured_kps=0
21:16:11,1,5,VP_INTELLIGENCE,"vp_status={'vp_own': 0, 'vp_enemy': 0, 'vp_gap': 0, 'turn': 1, 'max_turns': 30}|trend_direction=STABLE|threat_level=LOW|opportunities_count=0|recommendations_count=0"
21:16:11,UNKNOWN,UNKNOWN,SCOUT_IDENTIFICATION,total_units=0|scouts_found=0|scout_ids=
21:16:11,1,5,PHASE1_SUMMARY,total_units=0|scouts_identified=0|scouts_deployed=0|enemies_detected=0|combat_opportunities=0|threat_clusters=0
21:16:11,UNKNOWN,UNKNOWN,SCOUT_IDENTIFICATION,total_units=0|scouts_found=0|scout_ids=
21:16:11,1,5,PHASE1_SUMMARY,total_units=0|scouts_identified=0|scouts_deployed=0|enemies_detected=0|combat_opportunities=0|threat_clusters=0
21:16:11,1,5,PHASE2_SUMMARY,active_plans=0|new_plans=0|executed_plans=0|aborted_plans=0
21:16:11,1,5,TURN_START,player_nation=Niemcy|total_units=0|available_units=0
21:16:11,1,5,PHASE3_SUMMARY,defenders_assigned=0|kps_covered=0|pe_secure=True|threat_level=0.0|active_plans=0
21:16:11,UNKNOWN,UNKNOWN,SCOUT_IDENTIFICATION,total_units=0|scouts_found=0|scout_ids=
21:16:11,1,5,PHASE1_SUMMARY,total_units=0|scouts_identified=0|scouts_deployed=0|enemies_detected=0|combat_opportunities=0|threat_clusters=0
21:16:11,UNKNOWN,UNKNOWN,SCOUT_IDENTIFICATION,total_units=0|scouts_found=0|scout_ids=
21:16:11,1,5,PHASE1_SUMMARY,total_units=0|scouts_identified=0|scouts_deployed=0|enemies_detected=0|combat_opportunities=0|threat_clusters=0
21:16:11,1,5,PHASE2_SUMMARY,active_plans=0|new_plans=0|executed_plans=0|aborted_plans=0
21:16:11,1,5,TURN_START,player_nation=Niemcy|total_units=0|available_units=0
21:16:11,1,5,PHASE3_SUMMARY,defenders_assigned=0|kps_covered=0|pe_secure=True|threat_level=0.0|active_plans=0
21:16:11,UNKNOWN,5,PHASE_4_COMPLETE,request_generated=False|urgency=NONE|requirements=0|priority_areas=
21:17:05,1,2,TURN_START,player_nation=Unknown|total_tokens=0|captured_kps=0
21:17:05,1,2,VP_INTELLIGENCE,"vp_status={'vp_own': 0, 'vp_enemy': 0, 'vp_gap': 0, 'turn': 1, 'max_turns': 30}|trend_direction=STABLE|threat_level=LOW|opportunities_count=0|recommendations_count=0"
21:17:05,UNKNOWN,UNKNOWN,SCOUT_IDENTIFICATION,total_units=0|scouts_found=0|scout_ids=
21:17:05,1,2,PHASE1_SUMMARY,total_units=0|scouts_identified=0|scouts_deployed=0|enemies_detected=0|combat_opportunities=0|threat_clusters=0
21:17:05,UNKNOWN,UNKNOWN,SCOUT_IDENTIFICATION,total_units=0|scouts_found=0|scout_ids=
21:17:05,1,2,PHASE1_SUMMARY,total_units=0|scouts_identified=0|scouts_deployed=0|enemies_detected=0|combat_opportunities=0|threat_clusters=0
21:17:05,1,2,PHASE2_SUMMARY,active_plans=0|new_plans=0|executed_plans=0|aborted_plans=0
21:17:05,1,2,TURN_START,player_nation=Polska|total_units=0|available_units=0
21:17:05,1,2,PHASE3_SUMMARY,defenders_assigned=0|kps_covered=0|pe_secure=True|threat_level=0.0|active_plans=0
21:17:05,UNKNOWN,UNKNOWN,SCOUT_IDENTIFICATION,total_units=0|scouts_found=0|scout_ids=
21:17:05,1,2,PHASE1_SUMMARY,total_units=0|scouts_identified=0|scouts_deployed=0|enemies_detected=0|combat_opportunities=0|threat_clusters=0
21:17:05,UNKNOWN,UNKNOWN,SCOUT_IDENTIFICATION,total_units=0|scouts_found=0|scout_ids=
21:17:05,1,2,PHASE1_SUMMARY,total_units=0|scouts_identified=0|scouts_deployed=0|enemies_detected=0|combat_opportunities=0|threat_clusters=0
21:17:05,1,2,PHASE2_SUMMARY,active_plans=0|new_plans=0|executed_plans=0|aborted_plans=0
21:17:05,1,2,TURN_START,player_nation=Polska|total_units=0|available_units=0
21:17:05,1,2,PHASE3_SUMMARY,defenders_assigned=0|kps_covered=0|pe_secure=True|threat_level=0.0|active_plans=0
21:17:05,UNKNOWN,2,PHASE_4_COMPLETE,request_generated=False|urgency=NONE|requirements=0|priority_areas=
21:17:05,1,5,TURN_START,player_nation=Unknown|total_tokens=0|captured_kps=0
21:17:05,1,5,VP_INTELLIGENCE,"vp_status={'vp_own': 0, 'vp_enemy': 0, 'vp_gap': 0, 'turn': 1, 'max_turns': 30}|trend_direction=STABLE|threat_level=LOW|opportunities_count=0|recommendations_count=0"
21:17:05,UNKNOWN,UNKNOWN,SCOUT_IDENTIFICATION,total_units=0|scouts_found=0|scout_ids=
21:17:05,1,5,PHASE1_SUMMARY,total_units=0|scouts_identified=0|scouts_deployed=0|enemies_detected=0|combat_opportunities=0|threat_clusters=0
21:17:05,UNKNOWN,UNKNOWN,SCOUT_IDENTIFICATION,total_units=0|scouts_found=0|scout_ids=
21:17:05,1,5,PHASE1_SUMMARY,total_units=0|scouts_identified=0|scouts_deployed=0|enemies_detected=0|combat_opportunities=0|threat_clusters=0
21:17:05,1,5,PHASE2_SUMMARY,active_plans=0|new_plans=0|executed_plans=0|aborted_plans=0
21:17:05,1,5,TURN_START,player_nation=Niemcy|total_units=0|available_units=0
21:17:05,1,5,PHASE3_SUMMARY,defenders_assigned=0|kps_covered=0|pe_secure=True|threat_level=0.0|active_plans=0
21:17:05,UNKNOWN,UNKNOWN,SCOUT_IDENTIFICATION,total_units=0|scouts_found=0|scout_ids=
21:17:05,1,5,PHASE1_SUMMARY,total_units=0|scouts_identified=0|scouts_deployed=0|enemies_detected=0|combat_opportunities=0|threat_clusters=0
21:17:05,UNKNOWN,UNKNOWN,SCOUT_IDENTIFICATION,total_units=0|scouts_found=0|scout_ids=
21:17:05,1,5,PHASE1_SUMMARY,total_units=0|scouts_identified=0|scouts_deployed=0|enemies_detected=0|combat_opportunities=0|threat_clusters=0
21:17:05,1,5,PHASE2_SUMMARY,active_plans=0|new_plans=0|executed_plans=0|aborted_plans=0
21:17:05,1,5,TURN_START,player_nation=Niemcy|total_units=0|available_units=0
21:17:05,1,5,PHASE3_SUMMARY,defenders_assigned=0|kps_covered=0|pe_secure=True|threat_level=0.0|active_plans=0
21:17:05,UNKNOWN,5,PHASE_4_COMPLETE,request_generated=False|urgency=NONE|requirements=0|priority_areas=
21:17:05,1,2,TURN_START,player_nation=Unknown|total_tokens=0|captured_kps=0
21:17:05,1,2,VP_INTELLIGENCE,"vp_status={'vp_own': 0, 'vp_enemy': 0, 'vp_gap': 0, 'turn': 1, 'max_turns': 30}|trend_direction=STABLE|threat_level=LOW|opportunities_count=0|recommendations_count=0"
21:17:05,UNKNOWN,UNKNOWN,SCOUT_IDENTIFICATION,total_units=0|scouts_found=0|scout_ids=
21:17:05,1,2,PHASE1_SUMMARY,total_units=0|scouts_identified=0|scouts_deployed=0|enemies_detected=0|combat_opportunities=0|threat_clusters=0
21:17:05,UNKNOWN,UNKNOWN,SCOUT_IDENTIFICATION,total_units=0|scouts_found=0|scout_ids=
21:17:05,1,2,PHASE1_SUMMARY,total_units=0|scouts_identified=0|scouts_deployed=0|enemies_detected=0|combat_opportunities=0|threat_clusters=0
21:17:05,1,2,PHASE2_SUMMARY,active_plans=0|new_plans=0|executed_plans=0|aborted_plans=0
21:17:05,1,2,TURN_START,player_nation=Polska|total_units=0|available_units=0
21:17:05,1,2,PHASE3_SUMMARY,defenders_assigned=0|kps_covered=0|pe_secure=True|threat_level=0.0|active_plans=0
21:17:05,UNKNOWN,UNKNOWN,SCOUT_IDENTIFICATION,total_units=0|scouts_found=0|scout_ids=
21:17:05,1,2,PHASE1_SUMMARY,total_units=0|scouts_identified=0|scouts_deployed=0|enemies_detected=0|combat_opportunities=0|threat_clusters=0
21:17:05,UNKNOWN,UNKNOWN,SCOUT_IDENTIFICATION,total_units=0|scouts_found=0|scout_ids=
21:17:05,1,2,PHASE1_SUMMARY,total_units=0|scouts_identified=0|scouts_deployed=0|enemies_detected=0|combat_opportunities=0|threat_clusters=0
21:17:05,1,2,PHASE2_SUMMARY,active_plans=0|new_plans=0|executed_plans=0|aborted_plans=0
21:17:05,1,2,TURN_START,player_nation=Polska|total_units=0|available_units=0
21:17:05,1,2,PHASE3_SUMMARY,defenders_assigned=0|kps_covered=0|pe_secure=True|threat_level=0.0|active_plans=0
21:17:05,UNKNOWN,2,PHASE_4_COMPLETE,request_generated=False|urgency=NONE|requirements=0|priority_areas=
21:17:05,1,5,TURN_START,player_nation=Unknown|total_tokens=0|captured_kps=0
21:17:05,1,5,VP_INTELLIGENCE,"vp_status={'vp_own': 0, 'vp_enemy': 0, 'vp_gap': 0, 'turn': 1, 'max_turns': 30}|trend_direction=STABLE|threat_level=LOW|opportunities_count=0|recommendations_count=0"
21:17:05,UNKNOWN,UNKNOWN,SCOUT_IDENTIFICATION,total_units=0|scouts_found=0|scout_ids=
21:17:05,1,5,PHASE1_SUMMARY,total_units=0|scouts_identified=0|scouts_deployed=0|enemies_detected=0|combat_opportunities=0|threat_clusters=0
21:17:05,UNKNOWN,UNKNOWN,SCOUT_IDENTIFICATION,total_units=0|scouts_found=0|scout_ids=
21:17:05,1,5,PHASE1_SUMMARY,total_units=0|scouts_identified=0|scouts_deployed=0|enemies_detected=0|combat_opportunities=0|threat_clusters=0
21:17:05,1,5,PHASE2_SUMMARY,active_plans=0|new_plans=0|executed_plans=0|aborted_plans=0
21:17:05,1,5,TURN_START,player_nation=Niemcy|total_units=0|available_units=0
21:17:05,1,5,PHASE3_SUMMARY,defenders_assigned=0|kps_covered=0|pe_secure=True|threat_level=0.0|active_plans=0
21:17:05,UNKNOWN,UNKNOWN,SCOUT_IDENTIFICATION,total_units=0|scouts_found=0|scout_ids=
21:17:05,1,5,PHASE1_SUMMARY,total_units=0|scouts_identified=0|scouts_deployed=0|enemies_detected=0|combat_opportunities=0|threat_clusters=0
21:17:05,UNKNOWN,UNKNOWN,SCOUT_IDENTIFICATION,total_units=0|scouts_found=0|scout_ids=
21:17:05,1,5,PHASE1_SUMMARY,total_units=0|scouts_identified=0|scouts_deployed=0|enemies_detected=0|combat_opportunities=0|threat_clusters=0
21:17:05,1,5,PHASE2_SUMMARY,active_plans=0|new_plans=0|executed_plans=0|aborted_plans=0
21:17:05,1,5,TURN_START,player_nation=Niemcy|total_units=0|available_units=0
21:17:05,1,5,PHASE3_SUMMARY,defenders_assigned=0|kps_covered=0|pe_secure=True|threat_level=0.0|active_plans=0
21:17:06,UNKNOWN,5,PHASE_4_COMPLETE,request_generated=False|urgency=NONE|requirements=0|priority_areas=
21:17:06,1,2,TURN_START,player_nation=Unknown|total_tokens=0|captured_kps=0
21:17:06,1,2,VP_INTELLIGENCE,"vp_status={'vp_own': 0, 'vp_enemy': 0, 'vp_gap': 0, 'turn': 1, 'max_turns': 30}|trend_direction=STABLE|threat_level=LOW|opportunities_count=0|recommendations_count=0"
21:17:06,UNKNOWN,UNKNOWN,SCOUT_IDENTIFICATION,total_units=0|scouts_found=0|scout_ids=
21:17:06,1,2,PHASE1_SUMMARY,total_units=0|scouts_identified=0|scouts_deployed=0|enemies_detected=0|combat_opportunities=0|threat_clusters=0
21:17:06,UNKNOWN,UNKNOWN,SCOUT_IDENTIFICATION,total_units=0|scouts_found=0|scout_ids=
21:17:06,1,2,PHASE1_SUMMARY,total_units=0|scouts_identified=0|scouts_deployed=0|enemies_detected=0|combat_opportunities=0|threat_clusters=0
21:17:06,1,2,PHASE2_SUMMARY,active_plans=0|new_plans=0|executed_plans=0|aborted_plans=0
21:17:06,1,2,TURN_START,player_nation=Polska|total_units=0|available_units=0
21:17:06,1,2,PHASE3_SUMMARY,defenders_assigned=0|kps_covered=0|pe_secure=True|threat_level=0.0|active_plans=0
21:17:06,UNKNOWN,UNKNOWN,SCOUT_IDENTIFICATION,total_units=0|scouts_found=0|scout_ids=
21:17:06,1,2,PHASE1_SUMMARY,total_units=0|scouts_identified=0|scouts_deployed=0|enemies_detected=0|combat_opportunities=0|threat_clusters=0
21:17:06,UNKNOWN,UNKNOWN,SCOUT_IDENTIFICATION,total_units=0|scouts_found=0|scout_ids=
21:17:06,1,2,PHASE1_SUMMARY,total_units=0|scouts_identified=0|scouts_deployed=0|enemies_detected=0|combat_opportunities=0|threat_clusters=0
21:17:06,1,2,PHASE2_SUMMARY,active_plans=0|new_plans=0|executed_plans=0|aborted_plans=0
21:17:06,1,2,TURN_START,player_nation=Polska|total_units=0|available_units=0
21:17:06,1,2,PHASE3_SUMMARY,defenders_assigned=0|kps_covered=0|pe_secure=True|threat_level=0.0|active_plans=0
21:17:06,UNKNOWN,2,PHASE_4_COMPLETE,request_generated=False|urgency=NONE|requirements=0|priority_areas=
21:17:06,1,5,TURN_START,player_nation=Unknown|total_tokens=0|captured_kps=0
21:17:06,1,5,VP_INTELLIGENCE,"vp_status={'vp_own': 0, 'vp_enemy': 0, 'vp_gap': 0, 'turn': 1, 'max_turns': 30}|trend_direction=STABLE|threat_level=LOW|opportunities_count=0|recommendations_count=0"
21:17:06,UNKNOWN,UNKNOWN,SCOUT_IDENTIFICATION,total_units=0|scouts_found=0|scout_ids=
21:17:06,1,5,PHASE1_SUMMARY,total_units=0|scouts_identified=0|scouts_deployed=0|enemies_detected=0|combat_opportunities=0|threat_clusters=0
21:17:06,UNKNOWN,UNKNOWN,SCOUT_IDENTIFICATION,total_units=0|scouts_found=0|scout_ids=
21:17:06,1,5,PHASE1_SUMMARY,total_units=0|scouts_identified=0|scouts_deployed=0|enemies_detected=0|combat_opportunities=0|threat_clusters=0
21:17:06,1,5,PHASE2_SUMMARY,active_plans=0|new_plans=0|executed_plans=0|aborted_plans=0
21:17:06,1,5,TURN_START,player_nation=Niemcy|total_units=0|available_units=0
21:17:06,1,5,PHASE3_SUMMARY,defenders_assigned=0|kps_covered=0|pe_secure=True|threat_level=0.0|active_plans=0
21:17:06,UNKNOWN,UNKNOWN,SCOUT_IDENTIFICATION,total_units=0|scouts_found=0|scout_ids=
21:17:06,1,5,PHASE1_SUMMARY,total_units=0|scouts_identified=0|scouts_deployed=0|enemies_detected=0|combat_opportunities=0|threat_clusters=0
21:17:06,UNKNOWN,UNKNOWN,SCOUT_IDENTIFICATION,total_units=0|scouts_found=0|scout_ids=
21:17:06,1,5,PHASE1_SUMMARY,total_units=0|scouts_identified=0|scouts_deployed=0|enemies_detected=0|combat_opportunities=0|threat_clusters=0
21:17:06,1,5,PHASE2_SUMMARY,active_plans=0|new_plans=0|executed_plans=0|aborted_plans=0
21:17:06,1,5,TURN_START,player_nation=Niemcy|total_units=0|available_units=0
21:17:06,1,5,PHASE3_SUMMARY,defenders_assigned=0|kps_covered=0|pe_secure=True|threat_level=0.0|active_plans=0
21:17:06,UNKNOWN,5,PHASE_4_COMPLETE,request_generated=False|urgency=NONE|requirements=0|priority_areas=
21:17:06,1,2,TURN_START,player_nation=Unknown|total_tokens=0|captured_kps=0
21:17:06,1,2,VP_INTELLIGENCE,"vp_status={'vp_own': 0, 'vp_enemy': 0, 'vp_gap': 0, 'turn': 1, 'max_turns': 30}|trend_direction=STABLE|threat_level=LOW|opportunities_count=0|recommendations_count=0"
21:17:06,UNKNOWN,UNKNOWN,SCOUT_IDENTIFICATION,total_units=0|scouts_found=0|scout_ids=
21:17:06,1,2,PHASE1_SUMMARY,total_units=0|scouts_identified=0|scouts_deployed=0|enemies_detected=0|combat_opportunities=0|threat_clusters=0
21:17:06,UNKNOWN,UNKNOWN,SCOUT_IDENTIFICATION,total_units=0|scouts_found=0|scout_ids=
21:17:06,1,2,PHASE1_SUMMARY,total_units=0|scouts_identified=0|scouts_deployed=0|enemies_detected=0|combat_opportunities=0|threat_clusters=0
21:17:06,1,2,PHASE2_SUMMARY,active_plans=0|new_plans=0|executed_plans=0|aborted_plans=0
21:17:06,1,2,TURN_START,player_nation=Polska|total_units=0|available_units=0
21:17:06,1,2,PHASE3_SUMMARY,defenders_assigned=0|kps_covered=0|pe_secure=True|threat_level=0.0|active_plans=0
21:17:06,UNKNOWN,UNKNOWN,SCOUT_IDENTIFICATION,total_units=0|scouts_found=0|scout_ids=
21:17:06,1,2,PHASE1_SUMMARY,total_units=0|scouts_identified=0|scouts_deployed=0|enemies_detected=0|combat_opportunities=0|threat_clusters=0
21:17:06,UNKNOWN,UNKNOWN,SCOUT_IDENTIFICATION,total_units=0|scouts_found=0|scout_ids=
21:17:06,1,2,PHASE1_SUMMARY,total_units=0|scouts_identified=0|scouts_deployed=0|enemies_detected=0|combat_opportunities=0|threat_clusters=0
21:17:06,1,2,PHASE2_SUMMARY,active_plans=0|new_plans=0|executed_plans=0|aborted_plans=0
21:17:06,1,2,TURN_START,player_nation=Polska|total_units=0|available_units=0
21:17:06,1,2,PHASE3_SUMMARY,defenders_assigned=0|kps_covered=0|pe_secure=True|threat_level=0.0|active_plans=0
21:17:06,UNKNOWN,2,PHASE_4_COMPLETE,request_generated=False|urgency=NONE|requirements=0|priority_areas=
21:17:06,1,5,TURN_START,player_nation=Unknown|total_tokens=0|captured_kps=0
21:17:06,1,5,VP_INTELLIGENCE,"vp_status={'vp_own': 0, 'vp_enemy': 0, 'vp_gap': 0, 'turn': 1, 'max_turns': 30}|trend_direction=STABLE|threat_level=LOW|opportunities_count=0|recommendations_count=0"
21:17:06,UNKNOWN,UNKNOWN,SCOUT_IDENTIFICATION,total_units=0|scouts_found=0|scout_ids=
21:17:06,1,5,PHASE1_SUMMARY,total_units=0|scouts_identified=0|scouts_deployed=0|enemies_detected=0|combat_opportunities=0|threat_clusters=0
21:17:06,UNKNOWN,UNKNOWN,SCOUT_IDENTIFICATION,total_units=0|scouts_found=0|scout_ids=
21:17:06,1,5,PHASE1_SUMMARY,total_units=0|scouts_identified=0|scouts_deployed=0|enemies_detected=0|combat_opportunities=0|threat_clusters=0
21:17:06,1,5,PHASE2_SUMMARY,active_plans=0|new_plans=0|executed_plans=0|aborted_plans=0
21:17:06,1,5,TURN_START,player_nation=Niemcy|total_units=0|available_units=0
21:17:06,1,5,PHASE3_SUMMARY,defenders_assigned=0|kps_covered=0|pe_secure=True|threat_level=0.0|active_plans=0
21:17:06,UNKNOWN,UNKNOWN,SCOUT_IDENTIFICATION,total_units=0|scouts_found=0|scout_ids=
21:17:06,1,5,PHASE1_SUMMARY,total_units=0|scouts_identified=0|scouts_deployed=0|enemies_detected=0|combat_opportunities=0|threat_clusters=0
21:17:06,UNKNOWN,UNKNOWN,SCOUT_IDENTIFICATION,total_units=0|scouts_found=0|scout_ids=
21:17:06,1,5,PHASE1_SUMMARY,total_units=0|scouts_identified=0|scouts_deployed=0|enemies_detected=0|combat_opportunities=0|threat_clusters=0
21:17:06,1,5,PHASE2_SUMMARY,active_plans=0|new_plans=0|executed_plans=0|aborted_plans=0
21:17:06,1,5,TURN_START,player_nation=Niemcy|total_units=0|available_units=0
21:17:06,1,5,PHASE3_SUMMARY,defenders_assigned=0|kps_covered=0|pe_secure=True|threat_level=0.0|active_plans=0
21:17:06,UNKNOWN,5,PHASE_4_COMPLETE,request_generated=False|urgency=NONE|requirements=0|priority_areas=
21:17:06,1,2,TURN_START,player_nation=Unknown|total_tokens=0|captured_kps=0
21:17:06,1,2,VP_INTELLIGENCE,"vp_status={'vp_own': 0, 'vp_enemy': 0, 'vp_gap': 0, 'turn': 1, 'max_turns': 30}|trend_direction=STABLE|threat_level=LOW|opportunities_count=0|recommendations_count=0"
21:17:06,UNKNOWN,UNKNOWN,SCOUT_IDENTIFICATION,total_units=0|scouts_found=0|scout_ids=
21:17:06,1,2,PHASE1_SUMMARY,total_units=0|scouts_identified=0|scouts_deployed=0|enemies_detected=0|combat_opportunities=0|threat_clusters=0
21:17:06,UNKNOWN,UNKNOWN,SCOUT_IDENTIFICATION,total_units=0|scouts_found=0|scout_ids=
21:17:06,1,2,PHASE1_SUMMARY,total_units=0|scouts_identified=0|scouts_deployed=0|enemies_detected=0|combat_opportunities=0|threat_clusters=0
21:17:06,1,2,PHASE2_SUMMARY,active_plans=0|new_plans=0|executed_plans=0|aborted_plans=0
21:17:06,1,2,TURN_START,player_nation=Polska|total_units=0|available_units=0
21:17:06,1,2,PHASE3_SUMMARY,defenders_assigned=0|kps_covered=0|pe_secure=True|threat_level=0.0|active_plans=0
21:17:06,UNKNOWN,UNKNOWN,SCOUT_IDENTIFICATION,total_units=0|scouts_found=0|scout_ids=
21:17:06,1,2,PHASE1_SUMMARY,total_units=0|scouts_identified=0|scouts_deployed=0|enemies_detected=0|combat_opportunities=0|threat_clusters=0
21:17:06,UNKNOWN,UNKNOWN,SCOUT_IDENTIFICATION,total_units=0|scouts_found=0|scout_ids=
21:17:06,1,2,PHASE1_SUMMARY,total_units=0|scouts_identified=0|scouts_deployed=0|enemies_detected=0|combat_opportunities=0|threat_clusters=0
21:17:06,1,2,PHASE2_SUMMARY,active_plans=0|new_plans=0|executed_plans=0|aborted_plans=0
21:17:06,1,2,TURN_START,player_nation=Polska|total_units=0|available_units=0
21:17:06,1,2,PHASE3_SUMMARY,defenders_assigned=0|kps_covered=0|pe_secure=True|threat_level=0.0|active_plans=0
21:17:06,UNKNOWN,2,PHASE_4_COMPLETE,request_generated=False|urgency=NONE|requirements=0|priority_areas=
21:17:06,1,5,TURN_START,player_nation=Unknown|total_tokens=0|captured_kps=0
21:17:06,1,5,VP_INTELLIGENCE,"vp_status={'vp_own': 0, 'vp_enemy': 0, 'vp_gap': 0, 'turn': 1, 'max_turns': 30}|trend_direction=STABLE|threat_level=LOW|opportunities_count=0|recommendations_count=0"
21:17:06,UNKNOWN,UNKNOWN,SCOUT_IDENTIFICATION,total_units=0|scouts_found=0|scout_ids=
21:17:06,1,5,PHASE1_SUMMARY,total_units=0|scouts_identified=0|scouts_deployed=0|enemies_detected=0|combat_opportunities=0|threat_clusters=0
21:17:06,UNKNOWN,UNKNOWN,SCOUT_IDENTIFICATION,total_units=0|scouts_found=0|scout_ids=
21:17:06,1,5,PHASE1_SUMMARY,total_units=0|scouts_identified=0|scouts_deployed=0|enemies_detected=0|combat_opportunities=0|threat_clusters=0
21:17:06,1,5,PHASE2_SUMMARY,active_plans=0|new_plans=0|executed_plans=0|aborted_plans=0
21:17:06,1,5,TURN_START,player_nation=Niemcy|total_units=0|available_units=0
21:17:06,1,5,PHASE3_SUMMARY,defenders_assigned=0|kps_covered=0|pe_secure=True|threat_level=0.0|active_plans=0
21:17:06,UNKNOWN,UNKNOWN,SCOUT_IDENTIFICATION,total_units=0|scouts_found=0|scout_ids=
21:17:06,1,5,PHASE1_SUMMARY,total_units=0|scouts_identified=0|scouts_deployed=0|enemies_detected=0|combat_opportunities=0|threat_clusters=0
21:17:06,UNKNOWN,UNKNOWN,SCOUT_IDENTIFICATION,total_units=0|scouts_found=0|scout_ids=
21:17:06,1,5,PHASE1_SUMMARY,total_units=0|scouts_identified=0|scouts_deployed=0|enemies_detected=0|combat_opportunities=0|threat_clusters=0
21:17:06,1,5,PHASE2_SUMMARY,active_plans=0|new_plans=0|executed_plans=0|aborted_plans=0
21:17:06,1,5,TURN_START,player_nation=Niemcy|total_units=0|available_units=0
21:17:06,1,5,PHASE3_SUMMARY,defenders_assigned=0|kps_covered=0|pe_secure=True|threat_level=0.0|active_plans=0
21:17:06,UNKNOWN,5,PHASE_4_COMPLETE,request_generated=False|urgency=NONE|requirements=0|priority_areas=
21:17:06,1,2,TURN_START,player_nation=Unknown|total_tokens=0|captured_kps=0
21:17:06,1,2,VP_INTELLIGENCE,"vp_status={'vp_own': 0, 'vp_enemy': 0, 'vp_gap': 0, 'turn': 1, 'max_turns': 30}|trend_direction=STABLE|threat_level=LOW|opportunities_count=0|recommendations_count=0"
21:17:06,UNKNOWN,UNKNOWN,SCOUT_IDENTIFICATION,total_units=0|scouts_found=0|scout_ids=
21:17:06,1,2,PHASE1_SUMMARY,total_units=0|scouts_identified=0|scouts_deployed=0|enemies_detected=0|combat_opportunities=0|threat_clusters=0
21:17:06,UNKNOWN,UNKNOWN,SCOUT_IDENTIFICATION,total_units=0|scouts_found=0|scout_ids=
21:17:06,1,2,PHASE1_SUMMARY,total_units=0|scouts_identified=0|scouts_deployed=0|enemies_detected=0|combat_opportunities=0|threat_clusters=0
21:17:06,1,2,PHASE2_SUMMARY,active_plans=0|new_plans=0|executed_plans=0|aborted_plans=0
21:17:06,1,2,TURN_START,player_nation=Polska|total_units=0|available_units=0
21:17:06,1,2,PHASE3_SUMMARY,defenders_assigned=0|kps_covered=0|pe_secure=True|threat_level=0.0|active_plans=0
21:17:06,UNKNOWN,UNKNOWN,SCOUT_IDENTIFICATION,total_units=0|scouts_found=0|scout_ids=
21:17:06,1,2,PHASE1_SUMMARY,total_units=0|scouts_identified=0|scouts_deployed=0|enemies_detected=0|combat_opportunities=0|threat_clusters=0
21:17:06,UNKNOWN,UNKNOWN,SCOUT_IDENTIFICATION,total_units=0|scouts_found=0|scout_ids=
21:17:06,1,2,PHASE1_SUMMARY,total_units=0|scouts_identified=0|scouts_deployed=0|enemies_detected=0|combat_opportunities=0|threat_clusters=0
21:17:06,1,2,PHASE2_SUMMARY,active_plans=0|new_plans=0|executed_plans=0|aborted_plans=0
21:17:06,1,2,TURN_START,player_nation=Polska|total_units=0|available_units=0
21:17:06,1,2,PHASE3_SUMMARY,defenders_assigned=0|kps_covered=0|pe_secure=True|threat_level=0.0|active_plans=0
21:17:06,UNKNOWN,2,PHASE_4_COMPLETE,request_generated=False|urgency=NONE|requirements=0|priority_areas=
21:17:06,1,5,TURN_START,player_nation=Unknown|total_tokens=0|captured_kps=0
21:17:06,1,5,VP_INTELLIGENCE,"vp_status={'vp_own': 0, 'vp_enemy': 0, 'vp_gap': 0, 'turn': 1, 'max_turns': 30}|trend_direction=STABLE|threat_level=LOW|opportunities_count=0|recommendations_count=0"
21:17:06,UNKNOWN,UNKNOWN,SCOUT_IDENTIFICATION,total_units=0|scouts_found=0|scout_ids=
21:17:06,1,5,PHASE1_SUMMARY,total_units=0|scouts_identified=0|scouts_deployed=0|enemies_detected=0|combat_opportunities=0|threat_clusters=0
21:17:06,UNKNOWN,UNKNOWN,SCOUT_IDENTIFICATION,total_units=0|scouts_found=0|scout_ids=
21:17:06,1,5,PHASE1_SUMMARY,total_units=0|scouts_identified=0|scouts_deployed=0|enemies_detected=0|combat_opportunities=0|threat_clusters=0
21:17:06,1,5,PHASE2_SUMMARY,active_plans=0|new_plans=0|executed_plans=0|aborted_plans=0
21:17:06,1,5,TURN_START,player_nation=Niemcy|total_units=0|available_units=0
21:17:06,1,5,PHASE3_SUMMARY,defenders_assigned=0|kps_covered=0|pe_secure=True|threat_level=0.0|active_plans=0
21:17:06,UNKNOWN,UNKNOWN,SCOUT_IDENTIFICATION,total_units=0|scouts_found=0|scout_ids=
21:17:06,1,5,PHASE1_SUMMARY,total_units=0|scouts_identified=0|scouts_deployed=0|enemies_detected=0|combat_opportunities=0|threat_clusters=0
21:17:06,UNKNOWN,UNKNOWN,SCOUT_IDENTIFICATION,total_units=0|scouts_found=0|scout_ids=
21:17:06,1,5,PHASE1_SUMMARY,total_units=0|scouts_identified=0|scouts_deployed=0|enemies_detected=0|combat_opportunities=0|threat_clusters=0
21:17:06,1,5,PHASE2_SUMMARY,active_plans=0|new_plans=0|executed_plans=0|aborted_plans=0
21:17:06,1,5,TURN_START,player_nation=Niemcy|total_units=0|available_units=0
21:17:06,1,5,PHASE3_SUMMARY,defenders_assigned=0|kps_covered=0|pe_secure=True|threat_level=0.0|active_plans=0
21:17:06,UNKNOWN,5,PHASE_4_COMPLETE,request_generated=False|urgency=NONE|requirements=0|priority_areas=
21:17:06,1,2,TURN_START,player_nation=Unknown|total_tokens=0|captured_kps=0
21:17:06,1,2,VP_INTELLIGENCE,"vp_status={'vp_own': 0, 'vp_enemy': 0, 'vp_gap': 0, 'turn': 1, 'max_turns': 30}|trend_direction=STABLE|threat_level=LOW|opportunities_count=0|recommendations_count=0"
21:17:06,UNKNOWN,UNKNOWN,SCOUT_IDENTIFICATION,total_units=0|scouts_found=0|scout_ids=
21:17:06,1,2,PHASE1_SUMMARY,total_units=0|scouts_identified=0|scouts_deployed=0|enemies_detected=0|combat_opportunities=0|threat_clusters=0
21:17:06,UNKNOWN,UNKNOWN,SCOUT_IDENTIFICATION,total_units=0|scouts_found=0|scout_ids=
21:17:06,1,2,PHASE1_SUMMARY,total_units=0|scouts_identified=0|scouts_deployed=0|enemies_detected=0|combat_opportunities=0|threat_clusters=0
21:17:06,1,2,PHASE2_SUMMARY,active_plans=0|new_plans=0|executed_plans=0|aborted_plans=0
21:17:06,1,2,TURN_START,player_nation=Polska|total_units=0|available_units=0
21:17:06,1,2,PHASE3_SUMMARY,defenders_assigned=0|kps_covered=0|pe_secure=True|threat_level=0.0|active_plans=0
21:17:06,UNKNOWN,UNKNOWN,SCOUT_IDENTIFICATION,total_units=0|scouts_found=0|scout_ids=
21:17:06,1,2,PHASE1_SUMMARY,total_units=0|scouts_identified=0|scouts_deployed=0|enemies_detected=0|combat_opportunities=0|threat_clusters=0
21:17:06,UNKNOWN,UNKNOWN,SCOUT_IDENTIFICATION,total_units=0|scouts_found=0|scout_ids=
21:17:06,1,2,PHASE1_SUMMARY,total_units=0|scouts_identified=0|scouts_deployed=0|enemies_detected=0|combat_opportunities=0|threat_clusters=0
21:17:06,1,2,PHASE2_SUMMARY,active_plans=0|new_plans=0|executed_plans=0|aborted_plans=0
21:17:06,1,2,TURN_START,player_nation=Polska|total_units=0|available_units=0
21:17:06,1,2,PHASE3_SUMMARY,defenders_assigned=0|kps_covered=0|pe_secure=True|threat_level=0.0|active_plans=0
21:17:06,UNKNOWN,2,PHASE_4_COMPLETE,request_generated=False|urgency=NONE|requirements=0|priority_areas=
21:17:06,1,5,TURN_START,player_nation=Unknown|total_tokens=0|captured_kps=0
21:17:06,1,5,VP_INTELLIGENCE,"vp_status={'vp_own': 0, 'vp_enemy': 0, 'vp_gap': 0, 'turn': 1, 'max_turns': 30}|trend_direction=STABLE|threat_level=LOW|opportunities_count=0|recommendations_count=0"
21:17:06,UNKNOWN,UNKNOWN,SCOUT_IDENTIFICATION,total_units=0|scouts_found=0|scout_ids=
21:17:06,1,5,PHASE1_SUMMARY,total_units=0|scouts_identified=0|scouts_deployed=0|enemies_detected=0|combat_opportunities=0|threat_clusters=0
21:17:06,UNKNOWN,UNKNOWN,SCOUT_IDENTIFICATION,total_units=0|scouts_found=0|scout_ids=
21:17:06,1,5,PHASE1_SUMMARY,total_units=0|scouts_identified=0|scouts_deployed=0|enemies_detected=0|combat_opportunities=0|threat_clusters=0
21:17:06,1,5,PHASE2_SUMMARY,active_plans=0|new_plans=0|executed_plans=0|aborted_plans=0
21:17:06,1,5,TURN_START,player_nation=Niemcy|total_units=0|available_units=0
21:17:06,1,5,PHASE3_SUMMARY,defenders_assigned=0|kps_covered=0|pe_secure=True|threat_level=0.0|active_plans=0
21:17:06,UNKNOWN,UNKNOWN,SCOUT_IDENTIFICATION,total_units=0|scouts_found=0|scout_ids=
21:17:06,1,5,PHASE1_SUMMARY,total_units=0|scouts_identified=0|scouts_deployed=0|enemies_detected=0|combat_opportunities=0|threat_clusters=0
21:17:06,UNKNOWN,UNKNOWN,SCOUT_IDENTIFICATION,total_units=0|scouts_found=0|scout_ids=
21:17:06,1,5,PHASE1_SUMMARY,total_units=0|scouts_identified=0|scouts_deployed=0|enemies_detected=0|combat_opportunities=0|threat_clusters=0
21:17:06,1,5,PHASE2_SUMMARY,active_plans=0|new_plans=0|executed_plans=0|aborted_plans=0
21:17:06,1,5,TURN_START,player_nation=Niemcy|total_units=0|available_units=0
21:17:06,1,5,PHASE3_SUMMARY,defenders_assigned=0|kps_covered=0|pe_secure=True|threat_level=0.0|active_plans=0
21:17:06,UNKNOWN,5,PHASE_4_COMPLETE,request_generated=False|urgency=NONE|requirements=0|priority_areas=
21:17:06,1,2,TURN_START,player_nation=Unknown|total_tokens=0|captured_kps=0
21:17:06,1,2,VP_INTELLIGENCE,"vp_status={'vp_own': 0, 'vp_enemy': 0, 'vp_gap': 0, 'turn': 1, 'max_turns': 30}|trend_direction=STABLE|threat_level=LOW|opportunities_count=0|recommendations_count=0"
21:17:06,UNKNOWN,UNKNOWN,SCOUT_IDENTIFICATION,total_units=0|scouts_found=0|scout_ids=
21:17:06,1,2,PHASE1_SUMMARY,total_units=0|scouts_identified=0|scouts_deployed=0|enemies_detected=0|combat_opportunities=0|threat_clusters=0
21:17:06,UNKNOWN,UNKNOWN,SCOUT_IDENTIFICATION,total_units=0|scouts_found=0|scout_ids=
21:17:06,1,2,PHASE1_SUMMARY,total_units=0|scouts_identified=0|scouts_deployed=0|enemies_detected=0|combat_opportunities=0|threat_clusters=0
21:17:06,1,2,PHASE2_SUMMARY,active_plans=0|new_plans=0|executed_plans=0|aborted_plans=0
21:17:06,1,2,TURN_START,player_nation=Polska|total_units=0|available_units=0
21:17:06,1,2,PHASE3_SUMMARY,defenders_assigned=0|kps_covered=0|pe_secure=True|threat_level=0.0|active_plans=0
21:17:06,UNKNOWN,UNKNOWN,SCOUT_IDENTIFICATION,total_units=0|scouts_found=0|scout_ids=
21:17:06,1,2,PHASE1_SUMMARY,total_units=0|scouts_identified=0|scouts_deployed=0|enemies_detected=0|combat_opportunities=0|threat_clusters=0
21:17:06,UNKNOWN,UNKNOWN,SCOUT_IDENTIFICATION,total_units=0|scouts_found=0|scout_ids=
21:17:06,1,2,PHASE1_SUMMARY,total_units=0|scouts_identified=0|scouts_deployed=0|enemies_detected=0|combat_opportunities=0|threat_clusters=0
21:17:06,1,2,PHASE2_SUMMARY,active_plans=0|new_plans=0|executed_plans=0|aborted_plans=0
21:17:06,1,2,TURN_START,player_nation=Polska|total_units=0|available_units=0
21:17:06,1,2,PHASE3_SUMMARY,defenders_assigned=0|kps_covered=0|pe_secure=True|threat_level=0.0|active_plans=0
21:17:06,UNKNOWN,2,PHASE_4_COMPLETE,request_generated=False|urgency=NONE|requirements=0|priority_areas=
21:17:06,1,5,TURN_START,player_nation=Unknown|total_tokens=0|captured_kps=0
21:17:06,1,5,VP_INTELLIGENCE,"vp_status={'vp_own': 0, 'vp_enemy': 0, 'vp_gap': 0, 'turn': 1, 'max_turns': 30}|trend_direction=STABLE|threat_level=LOW|opportunities_count=0|recommendations_count=0"
21:17:06,UNKNOWN,UNKNOWN,SCOUT_IDENTIFICATION,total_units=0|scouts_found=0|scout_ids=
21:17:06,1,5,PHASE1_SUMMARY,total_units=0|scouts_identified=0|scouts_deployed=0|enemies_detected=0|combat_opportunities=0|threat_clusters=0
21:17:06,UNKNOWN,UNKNOWN,SCOUT_IDENTIFICATION,total_units=0|scouts_found=0|scout_ids=
21:17:06,1,5,PHASE1_SUMMARY,total_units=0|scouts_identified=0|scouts_deployed=0|enemies_detected=0|combat_opportunities=0|threat_clusters=0
21:17:06,1,5,PHASE2_SUMMARY,active_plans=0|new_plans=0|executed_plans=0|aborted_plans=0
21:17:06,1,5,TURN_START,player_nation=Niemcy|total_units=0|available_units=0
21:17:06,1,5,PHASE3_SUMMARY,defenders_assigned=0|kps_covered=0|pe_secure=True|threat_level=0.0|active_plans=0
21:17:06,UNKNOWN,UNKNOWN,SCOUT_IDENTIFICATION,total_units=0|scouts_found=0|scout_ids=
21:17:06,1,5,PHASE1_SUMMARY,total_units=0|scouts_identified=0|scouts_deployed=0|enemies_detected=0|combat_opportunities=0|threat_clusters=0
21:17:06,UNKNOWN,UNKNOWN,SCOUT_IDENTIFICATION,total_units=0|scouts_found=0|scout_ids=
21:17:06,1,5,PHASE1_SUMMARY,total_units=0|scouts_identified=0|scouts_deployed=0|enemies_detected=0|combat_opportunities=0|threat_clusters=0
21:17:06,1,5,PHASE2_SUMMARY,active_plans=0|new_plans=0|executed_plans=0|aborted_plans=0
21:17:06,1,5,TURN_START,player_nation=Niemcy|total_units=0|available_units=0
21:17:06,1,5,PHASE3_SUMMARY,defenders_assigned=0|kps_covered=0|pe_secure=True|threat_level=0.0|active_plans=0
21:17:06,UNKNOWN,5,PHASE_4_COMPLETE,request_generated=False|urgency=NONE|requirements=0|priority_areas=
21:17:06,1,2,TURN_START,player_nation=Unknown|total_tokens=0|captured_kps=0
21:17:06,1,2,VP_INTELLIGENCE,"vp_status={'vp_own': 0, 'vp_enemy': 0, 'vp_gap': 0, 'turn': 1, 'max_turns': 30}|trend_direction=STABLE|threat_level=LOW|opportunities_count=0|recommendations_count=0"
21:17:06,UNKNOWN,UNKNOWN,SCOUT_IDENTIFICATION,total_units=0|scouts_found=0|scout_ids=
21:17:06,1,2,PHASE1_SUMMARY,total_units=0|scouts_identified=0|scouts_deployed=0|enemies_detected=0|combat_opportunities=0|threat_clusters=0
21:17:06,UNKNOWN,UNKNOWN,SCOUT_IDENTIFICATION,total_units=0|scouts_found=0|scout_ids=
21:17:06,1,2,PHASE1_SUMMARY,total_units=0|scouts_identified=0|scouts_deployed=0|enemies_detected=0|combat_opportunities=0|threat_clusters=0
21:17:06,1,2,PHASE2_SUMMARY,active_plans=0|new_plans=0|executed_plans=0|aborted_plans=0
21:17:06,1,2,TURN_START,player_nation=Polska|total_units=0|available_units=0
21:17:06,1,2,PHASE3_SUMMARY,defenders_assigned=0|kps_covered=0|pe_secure=True|threat_level=0.0|active_plans=0
21:17:06,UNKNOWN,UNKNOWN,SCOUT_IDENTIFICATION,total_units=0|scouts_found=0|scout_ids=
21:17:06,1,2,PHASE1_SUMMARY,total_units=0|scouts_identified=0|scouts_deployed=0|enemies_detected=0|combat_opportunities=0|threat_clusters=0
21:17:06,UNKNOWN,UNKNOWN,SCOUT_IDENTIFICATION,total_units=0|scouts_found=0|scout_ids=
21:17:06,1,2,PHASE1_SUMMARY,total_units=0|scouts_identified=0|scouts_deployed=0|enemies_detected=0|combat_opportunities=0|threat_clusters=0
21:17:06,1,2,PHASE2_SUMMARY,active_plans=0|new_plans=0|executed_plans=0|aborted_plans=0
21:17:06,1,2,TURN_START,player_nation=Polska|total_units=0|available_units=0
21:17:06,1,2,PHASE3_SUMMARY,defenders_assigned=0|kps_covered=0|pe_secure=True|threat_level=0.0|active_plans=0
21:17:06,UNKNOWN,2,PHASE_4_COMPLETE,request_generated=False|urgency=NONE|requirements=0|priority_areas=
21:17:06,1,5,TURN_START,player_nation=Unknown|total_tokens=0|captured_kps=0
21:17:06,1,5,VP_INTELLIGENCE,"vp_status={'vp_own': 0, 'vp_enemy': 0, 'vp_gap': 0, 'turn': 1, 'max_turns': 30}|trend_direction=STABLE|threat_level=LOW|opportunities_count=0|recommendations_count=0"
21:17:06,UNKNOWN,UNKNOWN,SCOUT_IDENTIFICATION,total_units=0|scouts_found=0|scout_ids=
21:17:06,1,5,PHASE1_SUMMARY,total_units=0|scouts_identified=0|scouts_deployed=0|enemies_detected=0|combat_opportunities=0|threat_clusters=0
21:17:06,UNKNOWN,UNKNOWN,SCOUT_IDENTIFICATION,total_units=0|scouts_found=0|scout_ids=
21:17:06,1,5,PHASE1_SUMMARY,total_units=0|scouts_identified=0|scouts_deployed=0|enemies_detected=0|combat_opportunities=0|threat_clusters=0
21:17:06,1,5,PHASE2_SUMMARY,active_plans=0|new_plans=0|executed_plans=0|aborted_plans=0
21:17:06,1,5,TURN_START,player_nation=Niemcy|total_units=0|available_units=0
21:17:06,1,5,PHASE3_SUMMARY,defenders_assigned=0|kps_covered=0|pe_secure=True|threat_level=0.0|active_plans=0
21:17:06,UNKNOWN,UNKNOWN,SCOUT_IDENTIFICATION,total_units=0|scouts_found=0|scout_ids=
21:17:06,1,5,PHASE1_SUMMARY,total_units=0|scouts_identified=0|scouts_deployed=0|enemies_detected=0|combat_opportunities=0|threat_clusters=0
21:17:06,UNKNOWN,UNKNOWN,SCOUT_IDENTIFICATION,total_units=0|scouts_found=0|scout_ids=
21:17:06,1,5,PHASE1_SUMMARY,total_units=0|scouts_identified=0|scouts_deployed=0|enemies_detected=0|combat_opportunities=0|threat_clusters=0
21:17:06,1,5,PHASE2_SUMMARY,active_plans=0|new_plans=0|executed_plans=0|aborted_plans=0
21:17:06,1,5,TURN_START,player_nation=Niemcy|total_units=0|available_units=0
21:17:06,1,5,PHASE3_SUMMARY,defenders_assigned=0|kps_covered=0|pe_secure=True|threat_level=0.0|active_plans=0
21:17:06,UNKNOWN,5,PHASE_4_COMPLETE,request_generated=False|urgency=NONE|requirements=0|priority_areas=
21:17:06,1,2,TURN_START,player_nation=Unknown|total_tokens=0|captured_kps=0
21:17:06,1,2,VP_INTELLIGENCE,"vp_status={'vp_own': 0, 'vp_enemy': 0, 'vp_gap': 0, 'turn': 1, 'max_turns': 30}|trend_direction=STABLE|threat_level=LOW|opportunities_count=0|recommendations_count=0"
21:17:06,UNKNOWN,UNKNOWN,SCOUT_IDENTIFICATION,total_units=0|scouts_found=0|scout_ids=
21:17:06,1,2,PHASE1_SUMMARY,total_units=0|scouts_identified=0|scouts_deployed=0|enemies_detected=0|combat_opportunities=0|threat_clusters=0
21:17:06,UNKNOWN,UNKNOWN,SCOUT_IDENTIFICATION,total_units=0|scouts_found=0|scout_ids=
21:17:06,1,2,PHASE1_SUMMARY,total_units=0|scouts_identified=0|scouts_deployed=0|enemies_detected=0|combat_opportunities=0|threat_clusters=0
21:17:06,1,2,PHASE2_SUMMARY,active_plans=0|new_plans=0|executed_plans=0|aborted_plans=0
21:17:06,1,2,TURN_START,player_nation=Polska|total_units=0|available_units=0
21:17:06,1,2,PHASE3_SUMMARY,defenders_assigned=0|kps_covered=0|pe_secure=True|threat_level=0.0|active_plans=0
21:17:06,UNKNOWN,UNKNOWN,SCOUT_IDENTIFICATION,total_units=0|scouts_found=0|scout_ids=
21:17:06,1,2,PHASE1_SUMMARY,total_units=0|scouts_identified=0|scouts_deployed=0|enemies_detected=0|combat_opportunities=0|threat_clusters=0
21:17:06,UNKNOWN,UNKNOWN,SCOUT_IDENTIFICATION,total_units=0|scouts_found=0|scout_ids=
21:17:06,1,2,PHASE1_SUMMARY,total_units=0|scouts_identified=0|scouts_deployed=0|enemies_detected=0|combat_opportunities=0|threat_clusters=0
21:17:06,1,2,PHASE2_SUMMARY,active_plans=0|new_plans=0|executed_plans=0|aborted_plans=0
21:17:06,1,2,TURN_START,player_nation=Polska|total_units=0|available_units=0
21:17:06,1,2,PHASE3_SUMMARY,defenders_assigned=0|kps_covered=0|pe_secure=True|threat_level=0.0|active_plans=0
21:17:06,UNKNOWN,2,PHASE_4_COMPLETE,request_generated=False|urgency=NONE|requirements=0|priority_areas=
21:17:06,1,5,TURN_START,player_nation=Unknown|total_tokens=0|captured_kps=0
21:17:06,1,5,VP_INTELLIGENCE,"vp_status={'vp_own': 0, 'vp_enemy': 0, 'vp_gap': 0, 'turn': 1, 'max_turns': 30}|trend_direction=STABLE|threat_level=LOW|opportunities_count=0|recommendations_count=0"
21:17:06,UNKNOWN,UNKNOWN,SCOUT_IDENTIFICATION,total_units=0|scouts_found=0|scout_ids=
21:17:06,1,5,PHASE1_SUMMARY,total_units=0|scouts_identified=0|scouts_deployed=0|enemies_detected=0|combat_opportunities=0|threat_clusters=0
21:17:06,UNKNOWN,UNKNOWN,SCOUT_IDENTIFICATION,total_units=0|scouts_found=0|scout_ids=
21:17:06,1,5,PHASE1_SUMMARY,total_units=0|scouts_identified=0|scouts_deployed=0|enemies_detected=0|combat_opportunities=0|threat_clusters=0
21:17:06,1,5,PHASE2_SUMMARY,active_plans=0|new_plans=0|executed_plans=0|aborted_plans=0
21:17:06,1,5,TURN_START,player_nation=Niemcy|total_units=0|available_units=0
21:17:06,1,5,PHASE3_SUMMARY,defenders_assigned=0|kps_covered=0|pe_secure=True|threat_level=0.0|active_plans=0
21:17:06,UNKNOWN,UNKNOWN,SCOUT_IDENTIFICATION,total_units=0|scouts_found=0|scout_ids=
21:17:06,1,5,PHASE1_SUMMARY,total_units=0|scouts_identified=0|scouts_deployed=0|enemies_detected=0|combat_opportunities=0|threat_clusters=0
21:17:06,UNKNOWN,UNKNOWN,SCOUT_IDENTIFICATION,total_units=0|scouts_found=0|scout_ids=
21:17:06,1,5,PHASE1_SUMMARY,total_units=0|scouts_identified=0|scouts_deployed=0|enemies_detected=0|combat_opportunities=0|threat_clusters=0
21:17:06,1,5,PHASE2_SUMMARY,active_plans=0|new_plans=0|executed_plans=0|aborted_plans=0
21:17:06,1,5,TURN_START,player_nation=Niemcy|total_units=0|available_units=0
21:17:06,1,5,PHASE3_SUMMARY,defenders_assigned=0|kps_covered=0|pe_secure=True|threat_level=0.0|active_plans=0
21:17:06,UNKNOWN,5,PHASE_4_COMPLETE,request_generated=False|urgency=NONE|requirements=0|priority_areas=
21:17:06,1,2,TURN_START,player_nation=Unknown|total_tokens=0|captured_kps=0
21:17:06,1,2,VP_INTELLIGENCE,"vp_status={'vp_own': 0, 'vp_enemy': 0, 'vp_gap': 0, 'turn': 1, 'max_turns': 30}|trend_direction=STABLE|threat_level=LOW|opportunities_count=0|recommendations_count=0"
21:17:06,UNKNOWN,UNKNOWN,SCOUT_IDENTIFICATION,total_units=0|scouts_found=0|scout_ids=
21:17:06,1,2,PHASE1_SUMMARY,total_units=0|scouts_identified=0|scouts_deployed=0|enemies_detected=0|combat_opportunities=0|threat_clusters=0
21:17:06,UNKNOWN,UNKNOWN,SCOUT_IDENTIFICATION,total_units=0|scouts_found=0|scout_ids=
21:17:06,1,2,PHASE1_SUMMARY,total_units=0|scouts_identified=0|scouts_deployed=0|enemies_detected=0|combat_opportunities=0|threat_clusters=0
21:17:06,1,2,PHASE2_SUMMARY,active_plans=0|new_plans=0|executed_plans=0|aborted_plans=0
21:17:06,1,2,TURN_START,player_nation=Polska|total_units=0|available_units=0
21:17:06,1,2,PHASE3_SUMMARY,defenders_assigned=0|kps_covered=0|pe_secure=True|threat_level=0.0|active_plans=0
21:17:06,UNKNOWN,UNKNOWN,SCOUT_IDENTIFICATION,total_units=0|scouts_found=0|scout_ids=
21:17:06,1,2,PHASE1_SUMMARY,total_units=0|scouts_identified=0|scouts_deployed=0|enemies_detected=0|combat_opportunities=0|threat_clusters=0
21:17:06,UNKNOWN,UNKNOWN,SCOUT_IDENTIFICATION,total_units=0|scouts_found=0|scout_ids=
21:17:06,1,2,PHASE1_SUMMARY,total_units=0|scouts_identified=0|scouts_deployed=0|enemies_detected=0|combat_opportunities=0|threat_clusters=0
21:17:06,1,2,PHASE2_SUMMARY,active_plans=0|new_plans=0|executed_plans=0|aborted_plans=0
21:17:06,1,2,TURN_START,player_nation=Polska|total_units=0|available_units=0
21:17:06,1,2,PHASE3_SUMMARY,defenders_assigned=0|kps_covered=0|pe_secure=True|threat_level=0.0|active_plans=0
21:17:06,UNKNOWN,2,PHASE_4_COMPLETE,request_generated=False|urgency=NONE|requirements=0|priority_areas=
21:17:06,1,5,TURN_START,player_nation=Unknown|total_tokens=0|captured_kps=0
21:17:06,1,5,VP_INTELLIGENCE,"vp_status={'vp_own': 0, 'vp_enemy': 0, 'vp_gap': 0, 'turn': 1, 'max_turns': 30}|trend_direction=STABLE|threat_level=LOW|opportunities_count=0|recommendations_count=0"
21:17:06,UNKNOWN,UNKNOWN,SCOUT_IDENTIFICATION,total_units=0|scouts_found=0|scout_ids=
21:17:06,1,5,PHASE1_SUMMARY,total_units=0|scouts_identified=0|scouts_deployed=0|enemies_detected=0|combat_opportunities=0|threat_clusters=0
21:17:06,UNKNOWN,UNKNOWN,SCOUT_IDENTIFICATION,total_units=0|scouts_found=0|scout_ids=
21:17:06,1,5,PHASE1_SUMMARY,total_units=0|scouts_identified=0|scouts_deployed=0|enemies_detected=0|combat_opportunities=0|threat_clusters=0
21:17:06,1,5,PHASE2_SUMMARY,active_plans=0|new_plans=0|executed_plans=0|aborted_plans=0
21:17:06,1,5,TURN_START,player_nation=Niemcy|total_units=0|available_units=0
21:17:06,1,5,PHASE3_SUMMARY,defenders_assigned=0|kps_covered=0|pe_secure=True|threat_level=0.0|active_plans=0
21:17:06,UNKNOWN,UNKNOWN,SCOUT_IDENTIFICATION,total_units=0|scouts_found=0|scout_ids=
21:17:06,1,5,PHASE1_SUMMARY,total_units=0|scouts_identified=0|scouts_deployed=0|enemies_detected=0|combat_opportunities=0|threat_clusters=0
21:17:06,UNKNOWN,UNKNOWN,SCOUT_IDENTIFICATION,total_units=0|scouts_found=0|scout_ids=
21:17:06,1,5,PHASE1_SUMMARY,total_units=0|scouts_identified=0|scouts_deployed=0|enemies_detected=0|combat_opportunities=0|threat_clusters=0
21:17:06,1,5,PHASE2_SUMMARY,active_plans=0|new_plans=0|executed_plans=0|aborted_plans=0
21:17:06,1,5,TURN_START,player_nation=Niemcy|total_units=0|available_units=0
21:17:06,1,5,PHASE3_SUMMARY,defenders_assigned=0|kps_covered=0|pe_secure=True|threat_level=0.0|active_plans=0
21:17:06,UNKNOWN,5,PHASE_4_COMPLETE,request_generated=False|urgency=NONE|requirements=0|priority_areas=
21:17:06,1,2,TURN_START,player_nation=Unknown|total_tokens=0|captured_kps=0
21:17:06,1,2,VP_INTELLIGENCE,"vp_status={'vp_own': 0, 'vp_enemy': 0, 'vp_gap': 0, 'turn': 1, 'max_turns': 30}|trend_direction=STABLE|threat_level=LOW|opportunities_count=0|recommendations_count=0"
21:17:06,UNKNOWN,UNKNOWN,SCOUT_IDENTIFICATION,total_units=0|scouts_found=0|scout_ids=
21:17:06,1,2,PHASE1_SUMMARY,total_units=0|scouts_identified=0|scouts_deployed=0|enemies_detected=0|combat_opportunities=0|threat_clusters=0
21:17:06,UNKNOWN,UNKNOWN,SCOUT_IDENTIFICATION,total_units=0|scouts_found=0|scout_ids=
21:17:06,1,2,PHASE1_SUMMARY,total_units=0|scouts_identified=0|scouts_deployed=0|enemies_detected=0|combat_opportunities=0|threat_clusters=0
21:17:06,1,2,PHASE2_SUMMARY,active_plans=0|new_plans=0|executed_plans=0|aborted_plans=0
21:17:06,1,2,TURN_START,player_nation=Polska|total_units=0|available_units=0
21:17:06,1,2,PHASE3_SUMMARY,defenders_assigned=0|kps_covered=0|pe_secure=True|threat_level=0.0|active_plans=0
21:17:06,UNKNOWN,UNKNOWN,SCOUT_IDENTIFICATION,total_units=0|scouts_found=0|scout_ids=
21:17:06,1,2,PHASE1_SUMMARY,total_units=0|scouts_identified=0|scouts_deployed=0|enemies_detected=0|combat_opportunities=0|threat_clusters=0
21:17:06,UNKNOWN,UNKNOWN,SCOUT_IDENTIFICATION,total_units=0|scouts_found=0|scout_ids=
21:17:06,1,2,PHASE1_SUMMARY,total_units=0|scouts_identified=0|scouts_deployed=0|enemies_detected=0|combat_opportunities=0|threat_clusters=0
21:17:06,1,2,PHASE2_SUMMARY,active_plans=0|new_plans=0|executed_plans=0|aborted_plans=0
21:17:06,1,2,TURN_START,player_nation=Polska|total_units=0|available_units=0
21:17:06,1,2,PHASE3_SUMMARY,defenders_assigned=0|kps_covered=0|pe_secure=True|threat_level=0.0|active_plans=0
21:17:06,UNKNOWN,2,PHASE_4_COMPLETE,request_generated=False|urgency=NONE|requirements=0|priority_areas=
21:17:06,1,5,TURN_START,player_nation=Unknown|total_tokens=0|captured_kps=0
21:17:06,1,5,VP_INTELLIGENCE,"vp_status={'vp_own': 0, 'vp_enemy': 0, 'vp_gap': 0, 'turn': 1, 'max_turns': 30}|trend_direction=STABLE|threat_level=LOW|opportunities_count=0|recommendations_count=0"
21:17:06,UNKNOWN,UNKNOWN,SCOUT_IDENTIFICATION,total_units=0|scouts_found=0|scout_ids=
21:17:06,1,5,PHASE1_SUMMARY,total_units=0|scouts_identified=0|scouts_deployed=0|enemies_detected=0|combat_opportunities=0|threat_clusters=0
21:17:06,UNKNOWN,UNKNOWN,SCOUT_IDENTIFICATION,total_units=0|scouts_found=0|scout_ids=
21:17:06,1,5,PHASE1_SUMMARY,total_units=0|scouts_identified=0|scouts_deployed=0|enemies_detected=0|combat_opportunities=0|threat_clusters=0
21:17:06,1,5,PHASE2_SUMMARY,active_plans=0|new_plans=0|executed_plans=0|aborted_plans=0
21:17:06,1,5,TURN_START,player_nation=Niemcy|total_units=0|available_units=0
21:17:06,1,5,PHASE3_SUMMARY,defenders_assigned=0|kps_covered=0|pe_secure=True|threat_level=0.0|active_plans=0
21:17:06,UNKNOWN,UNKNOWN,SCOUT_IDENTIFICATION,total_units=0|scouts_found=0|scout_ids=
21:17:06,1,5,PHASE1_SUMMARY,total_units=0|scouts_identified=0|scouts_deployed=0|enemies_detected=0|combat_opportunities=0|threat_clusters=0
21:17:06,UNKNOWN,UNKNOWN,SCOUT_IDENTIFICATION,total_units=0|scouts_found=0|scout_ids=
21:17:06,1,5,PHASE1_SUMMARY,total_units=0|scouts_identified=0|scouts_deployed=0|enemies_detected=0|combat_opportunities=0|threat_clusters=0
21:17:06,1,5,PHASE2_SUMMARY,active_plans=0|new_plans=0|executed_plans=0|aborted_plans=0
21:17:06,1,5,TURN_START,player_nation=Niemcy|total_units=0|available_units=0
21:17:06,1,5,PHASE3_SUMMARY,defenders_assigned=0|kps_covered=0|pe_secure=True|threat_level=0.0|active_plans=0
21:17:06,UNKNOWN,5,PHASE_4_COMPLETE,request_generated=False|urgency=NONE|requirements=0|priority_areas=
21:17:06,1,2,TURN_START,player_nation=Unknown|total_tokens=0|captured_kps=0
21:17:06,1,2,VP_INTELLIGENCE,"vp_status={'vp_own': 0, 'vp_enemy': 0, 'vp_gap': 0, 'turn': 1, 'max_turns': 30}|trend_direction=STABLE|threat_level=LOW|opportunities_count=0|recommendations_count=0"
21:17:06,UNKNOWN,UNKNOWN,SCOUT_IDENTIFICATION,total_units=0|scouts_found=0|scout_ids=
21:17:06,1,2,PHASE1_SUMMARY,total_units=0|scouts_identified=0|scouts_deployed=0|enemies_detected=0|combat_opportunities=0|threat_clusters=0
21:17:06,UNKNOWN,UNKNOWN,SCOUT_IDENTIFICATION,total_units=0|scouts_found=0|scout_ids=
21:17:06,1,2,PHASE1_SUMMARY,total_units=0|scouts_identified=0|scouts_deployed=0|enemies_detected=0|combat_opportunities=0|threat_clusters=0
21:17:06,1,2,PHASE2_SUMMARY,active_plans=0|new_plans=0|executed_plans=0|aborted_plans=0
21:17:06,1,2,TURN_START,player_nation=Polska|total_units=0|available_units=0
21:17:06,1,2,PHASE3_SUMMARY,defenders_assigned=0|kps_covered=0|pe_secure=True|threat_level=0.0|active_plans=0
21:17:06,UNKNOWN,UNKNOWN,SCOUT_IDENTIFICATION,total_units=0|scouts_found=0|scout_ids=
21:17:06,1,2,PHASE1_SUMMARY,total_units=0|scouts_identified=0|scouts_deployed=0|enemies_detected=0|combat_opportunities=0|threat_clusters=0
21:17:06,UNKNOWN,UNKNOWN,SCOUT_IDENTIFICATION,total_units=0|scouts_found=0|scout_ids=
21:17:07,1,2,PHASE1_SUMMARY,total_units=0|scouts_identified=0|scouts_deployed=0|enemies_detected=0|combat_opportunities=0|threat_clusters=0
21:17:07,1,2,PHASE2_SUMMARY,active_plans=0|new_plans=0|executed_plans=0|aborted_plans=0
21:17:07,1,2,TURN_START,player_nation=Polska|total_units=0|available_units=0
21:17:07,1,2,PHASE3_SUMMARY,defenders_assigned=0|kps_covered=0|pe_secure=True|threat_level=0.0|active_plans=0
21:17:07,UNKNOWN,2,PHASE_4_COMPLETE,request_generated=False|urgency=NONE|requirements=0|priority_areas=
21:17:07,1,5,TURN_START,player_nation=Unknown|total_tokens=0|captured_kps=0
21:17:07,1,5,VP_INTELLIGENCE,"vp_status={'vp_own': 0, 'vp_enemy': 0, 'vp_gap': 0, 'turn': 1, 'max_turns': 30}|trend_direction=STABLE|threat_level=LOW|opportunities_count=0|recommendations_count=0"
21:17:07,UNKNOWN,UNKNOWN,SCOUT_IDENTIFICATION,total_units=0|scouts_found=0|scout_ids=
21:17:07,1,5,PHASE1_SUMMARY,total_units=0|scouts_identified=0|scouts_deployed=0|enemies_detected=0|combat_opportunities=0|threat_clusters=0
21:17:07,UNKNOWN,UNKNOWN,SCOUT_IDENTIFICATION,total_units=0|scouts_found=0|scout_ids=
21:17:07,1,5,PHASE1_SUMMARY,total_units=0|scouts_identified=0|scouts_deployed=0|enemies_detected=0|combat_opportunities=0|threat_clusters=0
21:17:07,1,5,PHASE2_SUMMARY,active_plans=0|new_plans=0|executed_plans=0|aborted_plans=0
21:17:07,1,5,TURN_START,player_nation=Niemcy|total_units=0|available_units=0
21:17:07,1,5,PHASE3_SUMMARY,defenders_assigned=0|kps_covered=0|pe_secure=True|threat_level=0.0|active_plans=0
21:17:07,UNKNOWN,UNKNOWN,SCOUT_IDENTIFICATION,total_units=0|scouts_found=0|scout_ids=
21:17:07,1,5,PHASE1_SUMMARY,total_units=0|scouts_identified=0|scouts_deployed=0|enemies_detected=0|combat_opportunities=0|threat_clusters=0
21:17:07,UNKNOWN,UNKNOWN,SCOUT_IDENTIFICATION,total_units=0|scouts_found=0|scout_ids=
21:17:07,1,5,PHASE1_SUMMARY,total_units=0|scouts_identified=0|scouts_deployed=0|enemies_detected=0|combat_opportunities=0|threat_clusters=0
21:17:07,1,5,PHASE2_SUMMARY,active_plans=0|new_plans=0|executed_plans=0|aborted_plans=0
21:17:07,1,5,TURN_START,player_nation=Niemcy|total_units=0|available_units=0
21:17:07,1,5,PHASE3_SUMMARY,defenders_assigned=0|kps_covered=0|pe_secure=True|threat_level=0.0|active_plans=0
21:17:07,UNKNOWN,5,PHASE_4_COMPLETE,request_generated=False|urgency=NONE|requirements=0|priority_areas=
21:17:07,1,2,TURN_START,player_nation=Unknown|total_tokens=0|captured_kps=0
21:17:07,1,2,VP_INTELLIGENCE,"vp_status={'vp_own': 0, 'vp_enemy': 0, 'vp_gap': 0, 'turn': 1, 'max_turns': 30}|trend_direction=STABLE|threat_level=LOW|opportunities_count=0|recommendations_count=0"
21:17:07,UNKNOWN,UNKNOWN,SCOUT_IDENTIFICATION,total_units=0|scouts_found=0|scout_ids=
21:17:07,1,2,PHASE1_SUMMARY,total_units=0|scouts_identified=0|scouts_deployed=0|enemies_detected=0|combat_opportunities=0|threat_clusters=0
21:17:07,UNKNOWN,UNKNOWN,SCOUT_IDENTIFICATION,total_units=0|scouts_found=0|scout_ids=
21:17:07,1,2,PHASE1_SUMMARY,total_units=0|scouts_identified=0|scouts_deployed=0|enemies_detected=0|combat_opportunities=0|threat_clusters=0
21:17:07,1,2,PHASE2_SUMMARY,active_plans=0|new_plans=0|executed_plans=0|aborted_plans=0
21:17:07,1,2,TURN_START,player_nation=Polska|total_units=0|available_units=0
21:17:07,1,2,PHASE3_SUMMARY,defenders_assigned=0|kps_covered=0|pe_secure=True|threat_level=0.0|active_plans=0
21:17:07,UNKNOWN,UNKNOWN,SCOUT_IDENTIFICATION,total_units=0|scouts_found=0|scout_ids=
21:17:07,1,2,PHASE1_SUMMARY,total_units=0|scouts_identified=0|scouts_deployed=0|enemies_detected=0|combat_opportunities=0|threat_clusters=0
21:17:07,UNKNOWN,UNKNOWN,SCOUT_IDENTIFICATION,total_units=0|scouts_found=0|scout_ids=
21:17:07,1,2,PHASE1_SUMMARY,total_units=0|scouts_identified=0|scouts_deployed=0|enemies_detected=0|combat_opportunities=0|threat_clusters=0
21:17:07,1,2,PHASE2_SUMMARY,active_plans=0|new_plans=0|executed_plans=0|aborted_plans=0
21:17:07,1,2,TURN_START,player_nation=Polska|total_units=0|available_units=0
21:17:07,1,2,PHASE3_SUMMARY,defenders_assigned=0|kps_covered=0|pe_secure=True|threat_level=0.0|active_plans=0
21:17:07,UNKNOWN,2,PHASE_4_COMPLETE,request_generated=False|urgency=NONE|requirements=0|priority_areas=
21:17:07,1,5,TURN_START,player_nation=Unknown|total_tokens=0|captured_kps=0
21:17:07,1,5,VP_INTELLIGENCE,"vp_status={'vp_own': 0, 'vp_enemy': 0, 'vp_gap': 0, 'turn': 1, 'max_turns': 30}|trend_direction=STABLE|threat_level=LOW|opportunities_count=0|recommendations_count=0"
21:17:07,UNKNOWN,UNKNOWN,SCOUT_IDENTIFICATION,total_units=0|scouts_found=0|scout_ids=
21:17:07,1,5,PHASE1_SUMMARY,total_units=0|scouts_identified=0|scouts_deployed=0|enemies_detected=0|combat_opportunities=0|threat_clusters=0
21:17:07,UNKNOWN,UNKNOWN,SCOUT_IDENTIFICATION,total_units=0|scouts_found=0|scout_ids=
21:17:07,1,5,PHASE1_SUMMARY,total_units=0|scouts_identified=0|scouts_deployed=0|enemies_detected=0|combat_opportunities=0|threat_clusters=0
21:17:07,1,5,PHASE2_SUMMARY,active_plans=0|new_plans=0|executed_plans=0|aborted_plans=0
21:17:07,1,5,TURN_START,player_nation=Niemcy|total_units=0|available_units=0
21:17:07,1,5,PHASE3_SUMMARY,defenders_assigned=0|kps_covered=0|pe_secure=True|threat_level=0.0|active_plans=0
21:17:07,UNKNOWN,UNKNOWN,SCOUT_IDENTIFICATION,total_units=0|scouts_found=0|scout_ids=
21:17:07,1,5,PHASE1_SUMMARY,total_units=0|scouts_identified=0|scouts_deployed=0|enemies_detected=0|combat_opportunities=0|threat_clusters=0
21:17:07,UNKNOWN,UNKNOWN,SCOUT_IDENTIFICATION,total_units=0|scouts_found=0|scout_ids=
21:17:07,1,5,PHASE1_SUMMARY,total_units=0|scouts_identified=0|scouts_deployed=0|enemies_detected=0|combat_opportunities=0|threat_clusters=0
21:17:07,1,5,PHASE2_SUMMARY,active_plans=0|new_plans=0|executed_plans=0|aborted_plans=0
21:17:07,1,5,TURN_START,player_nation=Niemcy|total_units=0|available_units=0
21:17:07,1,5,PHASE3_SUMMARY,defenders_assigned=0|kps_covered=0|pe_secure=True|threat_level=0.0|active_plans=0
21:17:07,UNKNOWN,5,PHASE_4_COMPLETE,request_generated=False|urgency=NONE|requirements=0|priority_areas=
21:17:07,1,2,TURN_START,player_nation=Unknown|total_tokens=0|captured_kps=0
21:17:07,1,2,VP_INTELLIGENCE,"vp_status={'vp_own': 0, 'vp_enemy': 0, 'vp_gap': 0, 'turn': 1, 'max_turns': 30}|trend_direction=STABLE|threat_level=LOW|opportunities_count=0|recommendations_count=0"
21:17:07,UNKNOWN,UNKNOWN,SCOUT_IDENTIFICATION,total_units=0|scouts_found=0|scout_ids=
21:17:07,1,2,PHASE1_SUMMARY,total_units=0|scouts_identified=0|scouts_deployed=0|enemies_detected=0|combat_opportunities=0|threat_clusters=0
21:17:07,UNKNOWN,UNKNOWN,SCOUT_IDENTIFICATION,total_units=0|scouts_found=0|scout_ids=
21:17:07,1,2,PHASE1_SUMMARY,total_units=0|scouts_identified=0|scouts_deployed=0|enemies_detected=0|combat_opportunities=0|threat_clusters=0
21:17:07,1,2,PHASE2_SUMMARY,active_plans=0|new_plans=0|executed_plans=0|aborted_plans=0
21:17:07,1,2,TURN_START,player_nation=Polska|total_units=0|available_units=0
21:17:07,1,2,PHASE3_SUMMARY,defenders_assigned=0|kps_covered=0|pe_secure=True|threat_level=0.0|active_plans=0
21:17:07,UNKNOWN,UNKNOWN,SCOUT_IDENTIFICATION,total_units=0|scouts_found=0|scout_ids=
21:17:07,1,2,PHASE1_SUMMARY,total_units=0|scouts_identified=0|scouts_deployed=0|enemies_detected=0|combat_opportunities=0|threat_clusters=0
21:17:07,UNKNOWN,UNKNOWN,SCOUT_IDENTIFICATION,total_units=0|scouts_found=0|scout_ids=
21:17:07,1,2,PHASE1_SUMMARY,total_units=0|scouts_identified=0|scouts_deployed=0|enemies_detected=0|combat_opportunities=0|threat_clusters=0
21:17:07,1,2,PHASE2_SUMMARY,active_plans=0|new_plans=0|executed_plans=0|aborted_plans=0
21:17:07,1,2,TURN_START,player_nation=Polska|total_units=0|available_units=0
21:17:07,1,2,PHASE3_SUMMARY,defenders_assigned=0|kps_covered=0|pe_secure=True|threat_level=0.0|active_plans=0
21:17:07,UNKNOWN,2,PHASE_4_COMPLETE,request_generated=False|urgency=NONE|requirements=0|priority_areas=
21:17:07,1,5,TURN_START,player_nation=Unknown|total_tokens=0|captured_kps=0
21:17:07,1,5,VP_INTELLIGENCE,"vp_status={'vp_own': 0, 'vp_enemy': 0, 'vp_gap': 0, 'turn': 1, 'max_turns': 30}|trend_direction=STABLE|threat_level=LOW|opportunities_count=0|recommendations_count=0"
21:17:07,UNKNOWN,UNKNOWN,SCOUT_IDENTIFICATION,total_units=0|scouts_found=0|scout_ids=
21:17:07,1,5,PHASE1_SUMMARY,total_units=0|scouts_identified=0|scouts_deployed=0|enemies_detected=0|combat_opportunities=0|threat_clusters=0
21:17:07,UNKNOWN,UNKNOWN,SCOUT_IDENTIFICATION,total_units=0|scouts_found=0|scout_ids=
21:17:07,1,5,PHASE1_SUMMARY,total_units=0|scouts_identified=0|scouts_deployed=0|enemies_detected=0|combat_opportunities=0|threat_clusters=0
21:17:07,1,5,PHASE2_SUMMARY,active_plans=0|new_plans=0|executed_plans=0|aborted_plans=0
21:17:07,1,5,TURN_START,player_nation=Niemcy|total_units=0|available_units=0
21:17:07,1,5,PHASE3_SUMMARY,defenders_assigned=0|kps_covered=0|pe_secure=True|threat_level=0.0|active_plans=0
21:17:07,UNKNOWN,UNKNOWN,SCOUT_IDENTIFICATION,total_units=0|scouts_found=0|scout_ids=
21:17:07,1,5,PHASE1_SUMMARY,total_units=0|scouts_identified=0|scouts_deployed=0|enemies_detected=0|combat_opportunities=0|threat_clusters=0
21:17:07,UNKNOWN,UNKNOWN,SCOUT_IDENTIFICATION,total_units=0|scouts_found=0|scout_ids=
21:17:07,1,5,PHASE1_SUMMARY,total_units=0|scouts_identified=0|scouts_deployed=0|enemies_detected=0|combat_opportunities=0|threat_clusters=0
21:17:07,1,5,PHASE2_SUMMARY,active_plans=0|new_plans=0|executed_plans=0|aborted_plans=0
21:17:07,1,5,TURN_START,player_nation=Niemcy|total_units=0|available_units=0
21:17:07,1,5,PHASE3_SUMMARY,defenders_assigned=0|kps_covered=0|pe_secure=True|threat_level=0.0|active_plans=0
21:17:07,UNKNOWN,5,PHASE_4_COMPLETE,request_generated=False|urgency=NONE|requirements=0|priority_areas=
21:17:07,1,2,TURN_START,player_nation=Unknown|total_tokens=0|captured_kps=0
21:17:07,1,2,VP_INTELLIGENCE,"vp_status={'vp_own': 0, 'vp_enemy': 0, 'vp_gap': 0, 'turn': 1, 'max_turns': 30}|trend_direction=STABLE|threat_level=LOW|opportunities_count=0|recommendations_count=0"
21:17:07,UNKNOWN,UNKNOWN,SCOUT_IDENTIFICATION,total_units=0|scouts_found=0|scout_ids=
21:17:07,1,2,PHASE1_SUMMARY,total_units=0|scouts_identified=0|scouts_deployed=0|enemies_detected=0|combat_opportunities=0|threat_clusters=0
21:17:07,UNKNOWN,UNKNOWN,SCOUT_IDENTIFICATION,total_units=0|scouts_found=0|scout_ids=
21:17:07,1,2,PHASE1_SUMMARY,total_units=0|scouts_identified=0|scouts_deployed=0|enemies_detected=0|combat_opportunities=0|threat_clusters=0
21:17:07,1,2,PHASE2_SUMMARY,active_plans=0|new_plans=0|executed_plans=0|aborted_plans=0
21:17:07,1,2,TURN_START,player_nation=Polska|total_units=0|available_units=0
21:17:07,1,2,PHASE3_SUMMARY,defenders_assigned=0|kps_covered=0|pe_secure=True|threat_level=0.0|active_plans=0
21:17:07,UNKNOWN,UNKNOWN,SCOUT_IDENTIFICATION,total_units=0|scouts_found=0|scout_ids=
21:17:07,1,2,PHASE1_SUMMARY,total_units=0|scouts_identified=0|scouts_deployed=0|enemies_detected=0|combat_opportunities=0|threat_clusters=0
21:17:07,UNKNOWN,UNKNOWN,SCOUT_IDENTIFICATION,total_units=0|scouts_found=0|scout_ids=
21:17:07,1,2,PHASE1_SUMMARY,total_units=0|scouts_identified=0|scouts_deployed=0|enemies_detected=0|combat_opportunities=0|threat_clusters=0
21:17:07,1,2,PHASE2_SUMMARY,active_plans=0|new_plans=0|executed_plans=0|aborted_plans=0
21:17:07,1,2,TURN_START,player_nation=Polska|total_units=0|available_units=0
21:17:07,1,2,PHASE3_SUMMARY,defenders_assigned=0|kps_covered=0|pe_secure=True|threat_level=0.0|active_plans=0
21:17:07,UNKNOWN,2,PHASE_4_COMPLETE,request_generated=False|urgency=NONE|requirements=0|priority_areas=
21:17:07,1,5,TURN_START,player_nation=Unknown|total_tokens=0|captured_kps=0
21:17:07,1,5,VP_INTELLIGENCE,"vp_status={'vp_own': 0, 'vp_enemy': 0, 'vp_gap': 0, 'turn': 1, 'max_turns': 30}|trend_direction=STABLE|threat_level=LOW|opportunities_count=0|recommendations_count=0"
21:17:07,UNKNOWN,UNKNOWN,SCOUT_IDENTIFICATION,total_units=0|scouts_found=0|scout_ids=
21:17:07,1,5,PHASE1_SUMMARY,total_units=0|scouts_identified=0|scouts_deployed=0|enemies_detected=0|combat_opportunities=0|threat_clusters=0
21:17:07,UNKNOWN,UNKNOWN,SCOUT_IDENTIFICATION,total_units=0|scouts_found=0|scout_ids=
21:17:07,1,5,PHASE1_SUMMARY,total_units=0|scouts_identified=0|scouts_deployed=0|enemies_detected=0|combat_opportunities=0|threat_clusters=0
21:17:07,1,5,PHASE2_SUMMARY,active_plans=0|new_plans=0|executed_plans=0|aborted_plans=0
21:17:07,1,5,TURN_START,player_nation=Niemcy|total_units=0|available_units=0
21:17:07,1,5,PHASE3_SUMMARY,defenders_assigned=0|kps_covered=0|pe_secure=True|threat_level=0.0|active_plans=0
21:17:07,UNKNOWN,UNKNOWN,SCOUT_IDENTIFICATION,total_units=0|scouts_found=0|scout_ids=
21:17:07,1,5,PHASE1_SUMMARY,total_units=0|scouts_identified=0|scouts_deployed=0|enemies_detected=0|combat_opportunities=0|threat_clusters=0
21:17:07,UNKNOWN,UNKNOWN,SCOUT_IDENTIFICATION,total_units=0|scouts_found=0|scout_ids=
21:17:07,1,5,PHASE1_SUMMARY,total_units=0|scouts_identified=0|scouts_deployed=0|enemies_detected=0|combat_opportunities=0|threat_clusters=0
21:17:07,1,5,PHASE2_SUMMARY,active_plans=0|new_plans=0|executed_plans=0|aborted_plans=0
21:17:07,1,5,TURN_START,player_nation=Niemcy|total_units=0|available_units=0
21:17:07,1,5,PHASE3_SUMMARY,defenders_assigned=0|kps_covered=0|pe_secure=True|threat_level=0.0|active_plans=0
21:17:07,UNKNOWN,5,PHASE_4_COMPLETE,request_generated=False|urgency=NONE|requirements=0|priority_areas=
21:17:07,1,2,TURN_START,player_nation=Unknown|total_tokens=0|captured_kps=0
21:17:07,1,2,VP_INTELLIGENCE,"vp_status={'vp_own': 0, 'vp_enemy': 0, 'vp_gap': 0, 'turn': 1, 'max_turns': 30}|trend_direction=STABLE|threat_level=LOW|opportunities_count=0|recommendations_count=0"
21:17:07,UNKNOWN,UNKNOWN,SCOUT_IDENTIFICATION,total_units=0|scouts_found=0|scout_ids=
21:17:07,1,2,PHASE1_SUMMARY,total_units=0|scouts_identified=0|scouts_deployed=0|enemies_detected=0|combat_opportunities=0|threat_clusters=0
21:17:07,UNKNOWN,UNKNOWN,SCOUT_IDENTIFICATION,total_units=0|scouts_found=0|scout_ids=
21:17:07,1,2,PHASE1_SUMMARY,total_units=0|scouts_identified=0|scouts_deployed=0|enemies_detected=0|combat_opportunities=0|threat_clusters=0
21:17:07,1,2,PHASE2_SUMMARY,active_plans=0|new_plans=0|executed_plans=0|aborted_plans=0
21:17:07,1,2,TURN_START,player_nation=Polska|total_units=0|available_units=0
21:17:07,1,2,PHASE3_SUMMARY,defenders_assigned=0|kps_covered=0|pe_secure=True|threat_level=0.0|active_plans=0
21:17:07,UNKNOWN,UNKNOWN,SCOUT_IDENTIFICATION,total_units=0|scouts_found=0|scout_ids=
21:17:07,1,2,PHASE1_SUMMARY,total_units=0|scouts_identified=0|scouts_deployed=0|enemies_detected=0|combat_opportunities=0|threat_clusters=0
21:17:07,UNKNOWN,UNKNOWN,SCOUT_IDENTIFICATION,total_units=0|scouts_found=0|scout_ids=
21:17:07,1,2,PHASE1_SUMMARY,total_units=0|scouts_identified=0|scouts_deployed=0|enemies_detected=0|combat_opportunities=0|threat_clusters=0
21:17:07,1,2,PHASE2_SUMMARY,active_plans=0|new_plans=0|executed_plans=0|aborted_plans=0
21:17:07,1,2,TURN_START,player_nation=Polska|total_units=0|available_units=0
21:17:07,1,2,PHASE3_SUMMARY,defenders_assigned=0|kps_covered=0|pe_secure=True|threat_level=0.0|active_plans=0
21:17:07,UNKNOWN,2,PHASE_4_COMPLETE,request_generated=False|urgency=NONE|requirements=0|priority_areas=
21:17:07,1,5,TURN_START,player_nation=Unknown|total_tokens=0|captured_kps=0
21:17:07,1,5,VP_INTELLIGENCE,"vp_status={'vp_own': 0, 'vp_enemy': 0, 'vp_gap': 0, 'turn': 1, 'max_turns': 30}|trend_direction=STABLE|threat_level=LOW|opportunities_count=0|recommendations_count=0"
21:17:07,UNKNOWN,UNKNOWN,SCOUT_IDENTIFICATION,total_units=0|scouts_found=0|scout_ids=
21:17:07,1,5,PHASE1_SUMMARY,total_units=0|scouts_identified=0|scouts_deployed=0|enemies_detected=0|combat_opportunities=0|threat_clusters=0
21:17:07,UNKNOWN,UNKNOWN,SCOUT_IDENTIFICATION,total_units=0|scouts_found=0|scout_ids=
21:17:07,1,5,PHASE1_SUMMARY,total_units=0|scouts_identified=0|scouts_deployed=0|enemies_detected=0|combat_opportunities=0|threat_clusters=0
21:17:07,1,5,PHASE2_SUMMARY,active_plans=0|new_plans=0|executed_plans=0|aborted_plans=0
21:17:07,1,5,TURN_START,player_nation=Niemcy|total_units=0|available_units=0
21:17:07,1,5,PHASE3_SUMMARY,defenders_assigned=0|kps_covered=0|pe_secure=True|threat_level=0.0|active_plans=0
21:17:07,UNKNOWN,UNKNOWN,SCOUT_IDENTIFICATION,total_units=0|scouts_found=0|scout_ids=
21:17:07,1,5,PHASE1_SUMMARY,total_units=0|scouts_identified=0|scouts_deployed=0|enemies_detected=0|combat_opportunities=0|threat_clusters=0
21:17:07,UNKNOWN,UNKNOWN,SCOUT_IDENTIFICATION,total_units=0|scouts_found=0|scout_ids=
21:17:07,1,5,PHASE1_SUMMARY,total_units=0|scouts_identified=0|scouts_deployed=0|enemies_detected=0|combat_opportunities=0|threat_clusters=0
21:17:07,1,5,PHASE2_SUMMARY,active_plans=0|new_plans=0|executed_plans=0|aborted_plans=0
21:17:07,1,5,TURN_START,player_nation=Niemcy|total_units=0|available_units=0
21:17:07,1,5,PHASE3_SUMMARY,defenders_assigned=0|kps_covered=0|pe_secure=True|threat_level=0.0|active_plans=0
21:17:07,UNKNOWN,5,PHASE_4_COMPLETE,request_generated=False|urgency=NONE|requirements=0|priority_areas=
21:17:07,1,2,TURN_START,player_nation=Unknown|total_tokens=0|captured_kps=0
21:17:07,1,2,VP_INTELLIGENCE,"vp_status={'vp_own': 0, 'vp_enemy': 0, 'vp_gap': 0, 'turn': 1, 'max_turns': 30}|trend_direction=STABLE|threat_level=LOW|opportunities_count=0|recommendations_count=0"
21:17:07,UNKNOWN,UNKNOWN,SCOUT_IDENTIFICATION,total_units=0|scouts_found=0|scout_ids=
21:17:07,1,2,PHASE1_SUMMARY,total_units=0|scouts_identified=0|scouts_deployed=0|enemies_detected=0|combat_opportunities=0|threat_clusters=0
21:17:07,UNKNOWN,UNKNOWN,SCOUT_IDENTIFICATION,total_units=0|scouts_found=0|scout_ids=
21:17:07,1,2,PHASE1_SUMMARY,total_units=0|scouts_identified=0|scouts_deployed=0|enemies_detected=0|combat_opportunities=0|threat_clusters=0
21:17:07,1,2,PHASE2_SUMMARY,active_plans=0|new_plans=0|executed_plans=0|aborted_plans=0
21:17:07,1,2,TURN_START,player_nation=Polska|total_units=0|available_units=0
21:17:07,1,2,PHASE3_SUMMARY,defenders_assigned=0|kps_covered=0|pe_secure=True|threat_level=0.0|active_plans=0
21:17:07,UNKNOWN,UNKNOWN,SCOUT_IDENTIFICATION,total_units=0|scouts_found=0|scout_ids=
21:17:07,1,2,PHASE1_SUMMARY,total_units=0|scouts_identified=0|scouts_deployed=0|enemies_detected=0|combat_opportunities=0|threat_clusters=0
21:17:07,UNKNOWN,UNKNOWN,SCOUT_IDENTIFICATION,total_units=0|scouts_found=0|scout_ids=
21:17:07,1,2,PHASE1_SUMMARY,total_units=0|scouts_identified=0|scouts_deployed=0|enemies_detected=0|combat_opportunities=0|threat_clusters=0
21:17:07,1,2,PHASE2_SUMMARY,active_plans=0|new_plans=0|executed_plans=0|aborted_plans=0
21:17:07,1,2,TURN_START,player_nation=Polska|total_units=0|available_units=0
21:17:07,1,2,PHASE3_SUMMARY,defenders_assigned=0|kps_covered=0|pe_secure=True|threat_level=0.0|active_plans=0
21:17:07,UNKNOWN,2,PHASE_4_COMPLETE,request_generated=False|urgency=NONE|requirements=0|priority_areas=
21:17:07,1,5,TURN_START,player_nation=Unknown|total_tokens=0|captured_kps=0
21:17:07,1,5,VP_INTELLIGENCE,"vp_status={'vp_own': 0, 'vp_enemy': 0, 'vp_gap': 0, 'turn': 1, 'max_turns': 30}|trend_direction=STABLE|threat_level=LOW|opportunities_count=0|recommendations_count=0"
21:17:07,UNKNOWN,UNKNOWN,SCOUT_IDENTIFICATION,total_units=0|scouts_found=0|scout_ids=
21:17:07,1,5,PHASE1_SUMMARY,total_units=0|scouts_identified=0|scouts_deployed=0|enemies_detected=0|combat_opportunities=0|threat_clusters=0
21:17:07,UNKNOWN,UNKNOWN,SCOUT_IDENTIFICATION,total_units=0|scouts_found=0|scout_ids=
21:17:07,1,5,PHASE1_SUMMARY,total_units=0|scouts_identified=0|scouts_deployed=0|enemies_detected=0|combat_opportunities=0|threat_clusters=0
21:17:07,1,5,PHASE2_SUMMARY,active_plans=0|new_plans=0|executed_plans=0|aborted_plans=0
21:17:07,1,5,TURN_START,player_nation=Niemcy|total_units=0|available_units=0
21:17:07,1,5,PHASE3_SUMMARY,defenders_assigned=0|kps_covered=0|pe_secure=True|threat_level=0.0|active_plans=0
21:17:07,UNKNOWN,UNKNOWN,SCOUT_IDENTIFICATION,total_units=0|scouts_found=0|scout_ids=
21:17:07,1,5,PHASE1_SUMMARY,total_units=0|scouts_identified=0|scouts_deployed=0|enemies_detected=0|combat_opportunities=0|threat_clusters=0
21:17:07,UNKNOWN,UNKNOWN,SCOUT_IDENTIFICATION,total_units=0|scouts_found=0|scout_ids=
21:17:07,1,5,PHASE1_SUMMARY,total_units=0|scouts_identified=0|scouts_deployed=0|enemies_detected=0|combat_opportunities=0|threat_clusters=0
21:17:07,1,5,PHASE2_SUMMARY,active_plans=0|new_plans=0|executed_plans=0|aborted_plans=0
21:17:07,1,5,TURN_START,player_nation=Niemcy|total_units=0|available_units=0
21:17:07,1,5,PHASE3_SUMMARY,defenders_assigned=0|kps_covered=0|pe_secure=True|threat_level=0.0|active_plans=0
21:17:07,UNKNOWN,5,PHASE_4_COMPLETE,request_generated=False|urgency=NONE|requirements=0|priority_areas=
21:17:07,1,2,TURN_START,player_nation=Unknown|total_tokens=0|captured_kps=0
21:17:07,1,2,VP_INTELLIGENCE,"vp_status={'vp_own': 0, 'vp_enemy': 0, 'vp_gap': 0, 'turn': 1, 'max_turns': 30}|trend_direction=STABLE|threat_level=LOW|opportunities_count=0|recommendations_count=0"
21:17:07,UNKNOWN,UNKNOWN,SCOUT_IDENTIFICATION,total_units=0|scouts_found=0|scout_ids=
21:17:07,1,2,PHASE1_SUMMARY,total_units=0|scouts_identified=0|scouts_deployed=0|enemies_detected=0|combat_opportunities=0|threat_clusters=0
21:17:07,UNKNOWN,UNKNOWN,SCOUT_IDENTIFICATION,total_units=0|scouts_found=0|scout_ids=
21:17:07,1,2,PHASE1_SUMMARY,total_units=0|scouts_identified=0|scouts_deployed=0|enemies_detected=0|combat_opportunities=0|threat_clusters=0
21:17:07,1,2,PHASE2_SUMMARY,active_plans=0|new_plans=0|executed_plans=0|aborted_plans=0
21:17:07,1,2,TURN_START,player_nation=Polska|total_units=0|available_units=0
21:17:07,1,2,PHASE3_SUMMARY,defenders_assigned=0|kps_covered=0|pe_secure=True|threat_level=0.0|active_plans=0
21:17:07,UNKNOWN,UNKNOWN,SCOUT_IDENTIFICATION,total_units=0|scouts_found=0|scout_ids=
21:17:07,1,2,PHASE1_SUMMARY,total_units=0|scouts_identified=0|scouts_deployed=0|enemies_detected=0|combat_opportunities=0|threat_clusters=0
21:17:07,UNKNOWN,UNKNOWN,SCOUT_IDENTIFICATION,total_units=0|scouts_found=0|scout_ids=
21:17:07,1,2,PHASE1_SUMMARY,total_units=0|scouts_identified=0|scouts_deployed=0|enemies_detected=0|combat_opportunities=0|threat_clusters=0
21:17:07,1,2,PHASE2_SUMMARY,active_plans=0|new_plans=0|executed_plans=0|aborted_plans=0
21:17:07,1,2,TURN_START,player_nation=Polska|total_units=0|available_units=0
21:17:07,1,2,PHASE3_SUMMARY,defenders_assigned=0|kps_covered=0|pe_secure=True|threat_level=0.0|active_plans=0
21:17:07,UNKNOWN,2,PHASE_4_COMPLETE,request_generated=False|urgency=NONE|requirements=0|priority_areas=
21:17:07,1,5,TURN_START,player_nation=Unknown|total_tokens=0|captured_kps=0
21:17:07,1,5,VP_INTELLIGENCE,"vp_status={'vp_own': 0, 'vp_enemy': 0, 'vp_gap': 0, 'turn': 1, 'max_turns': 30}|trend_direction=STABLE|threat_level=LOW|opportunities_count=0|recommendations_count=0"
21:17:07,UNKNOWN,UNKNOWN,SCOUT_IDENTIFICATION,total_units=0|scouts_found=0|scout_ids=
21:17:07,1,5,PHASE1_SUMMARY,total_units=0|scouts_identified=0|scouts_deployed=0|enemies_detected=0|combat_opportunities=0|threat_clusters=0
21:17:07,UNKNOWN,UNKNOWN,SCOUT_IDENTIFICATION,total_units=0|scouts_found=0|scout_ids=
21:17:07,1,5,PHASE1_SUMMARY,total_units=0|scouts_identified=0|scouts_deployed=0|enemies_detected=0|combat_opportunities=0|threat_clusters=0
21:17:07,1,5,PHASE2_SUMMARY,active_plans=0|new_plans=0|executed_plans=0|aborted_plans=0
21:17:07,1,5,TURN_START,player_nation=Niemcy|total_units=0|available_units=0
21:17:07,1,5,PHASE3_SUMMARY,defenders_assigned=0|kps_covered=0|pe_secure=True|threat_level=0.0|active_plans=0
21:17:07,UNKNOWN,UNKNOWN,SCOUT_IDENTIFICATION,total_units=0|scouts_found=0|scout_ids=
21:17:07,1,5,PHASE1_SUMMARY,total_units=0|scouts_identified=0|scouts_deployed=0|enemies_detected=0|combat_opportunities=0|threat_clusters=0
21:17:07,UNKNOWN,UNKNOWN,SCOUT_IDENTIFICATION,total_units=0|scouts_found=0|scout_ids=
21:17:07,1,5,PHASE1_SUMMARY,total_units=0|scouts_identified=0|scouts_deployed=0|enemies_detected=0|combat_opportunities=0|threat_clusters=0
21:17:07,1,5,PHASE2_SUMMARY,active_plans=0|new_plans=0|executed_plans=0|aborted_plans=0
21:17:07,1,5,TURN_START,player_nation=Niemcy|total_units=0|available_units=0
21:17:07,1,5,PHASE3_SUMMARY,defenders_assigned=0|kps_covered=0|pe_secure=True|threat_level=0.0|active_plans=0
21:17:07,UNKNOWN,5,PHASE_4_COMPLETE,request_generated=False|urgency=NONE|requirements=0|priority_areas=
21:17:07,1,2,TURN_START,player_nation=Unknown|total_tokens=0|captured_kps=0
21:17:07,1,2,VP_INTELLIGENCE,"vp_status={'vp_own': 0, 'vp_enemy': 0, 'vp_gap': 0, 'turn': 1, 'max_turns': 30}|trend_direction=STABLE|threat_level=LOW|opportunities_count=0|recommendations_count=0"
21:17:07,UNKNOWN,UNKNOWN,SCOUT_IDENTIFICATION,total_units=0|scouts_found=0|scout_ids=
21:17:07,1,2,PHASE1_SUMMARY,total_units=0|scouts_identified=0|scouts_deployed=0|enemies_detected=0|combat_opportunities=0|threat_clusters=0
21:17:07,UNKNOWN,UNKNOWN,SCOUT_IDENTIFICATION,total_units=0|scouts_found=0|scout_ids=
21:17:07,1,2,PHASE1_SUMMARY,total_units=0|scouts_identified=0|scouts_deployed=0|enemies_detected=0|combat_opportunities=0|threat_clusters=0
21:17:07,1,2,PHASE2_SUMMARY,active_plans=0|new_plans=0|executed_plans=0|aborted_plans=0
21:17:07,1,2,TURN_START,player_nation=Polska|total_units=0|available_units=0
21:17:07,1,2,PHASE3_SUMMARY,defenders_assigned=0|kps_covered=0|pe_secure=True|threat_level=0.0|active_plans=0
21:17:07,UNKNOWN,UNKNOWN,SCOUT_IDENTIFICATION,total_units=0|scouts_found=0|scout_ids=
21:17:07,1,2,PHASE1_SUMMARY,total_units=0|scouts_identified=0|scouts_deployed=0|enemies_detected=0|combat_opportunities=0|threat_clusters=0
21:17:07,UNKNOWN,UNKNOWN,SCOUT_IDENTIFICATION,total_units=0|scouts_found=0|scout_ids=
21:17:07,1,2,PHASE1_SUMMARY,total_units=0|scouts_identified=0|scouts_deployed=0|enemies_detected=0|combat_opportunities=0|threat_clusters=0
21:17:07,1,2,PHASE2_SUMMARY,active_plans=0|new_plans=0|executed_plans=0|aborted_plans=0
21:17:07,1,2,TURN_START,player_nation=Polska|total_units=0|available_units=0
21:17:07,1,2,PHASE3_SUMMARY,defenders_assigned=0|kps_covered=0|pe_secure=True|threat_level=0.0|active_plans=0
21:17:07,UNKNOWN,2,PHASE_4_COMPLETE,request_generated=False|urgency=NONE|requirements=0|priority_areas=
21:17:07,1,5,TURN_START,player_nation=Unknown|total_tokens=0|captured_kps=0
21:17:07,1,5,VP_INTELLIGENCE,"vp_status={'vp_own': 0, 'vp_enemy': 0, 'vp_gap': 0, 'turn': 1, 'max_turns': 30}|trend_direction=STABLE|threat_level=LOW|opportunities_count=0|recommendations_count=0"
21:17:07,UNKNOWN,UNKNOWN,SCOUT_IDENTIFICATION,total_units=0|scouts_found=0|scout_ids=
21:17:07,1,5,PHASE1_SUMMARY,total_units=0|scouts_identified=0|scouts_deployed=0|enemies_detected=0|combat_opportunities=0|threat_clusters=0
21:17:07,UNKNOWN,UNKNOWN,SCOUT_IDENTIFICATION,total_units=0|scouts_found=0|scout_ids=
21:17:07,1,5,PHASE1_SUMMARY,total_units=0|scouts_identified=0|scouts_deployed=0|enemies_detected=0|combat_opportunities=0|threat_clusters=0
21:17:07,1,5,PHASE2_SUMMARY,active_plans=0|new_plans=0|executed_plans=0|aborted_plans=0
21:17:07,1,5,TURN_START,player_nation=Niemcy|total_units=0|available_units=0
21:17:07,1,5,PHASE3_SUMMARY,defenders_assigned=0|kps_covered=0|pe_secure=True|threat_level=0.0|active_plans=0
21:17:07,UNKNOWN,UNKNOWN,SCOUT_IDENTIFICATION,total_units=0|scouts_found=0|scout_ids=
21:17:07,1,5,PHASE1_SUMMARY,total_units=0|scouts_identified=0|scouts_deployed=0|enemies_detected=0|combat_opportunities=0|threat_clusters=0
21:17:07,UNKNOWN,UNKNOWN,SCOUT_IDENTIFICATION,total_units=0|scouts_found=0|scout_ids=
21:17:07,1,5,PHASE1_SUMMARY,total_units=0|scouts_identified=0|scouts_deployed=0|enemies_detected=0|combat_opportunities=0|threat_clusters=0
21:17:07,1,5,PHASE2_SUMMARY,active_plans=0|new_plans=0|executed_plans=0|aborted_plans=0
21:17:07,1,5,TURN_START,player_nation=Niemcy|total_units=0|available_units=0
21:17:07,1,5,PHASE3_SUMMARY,defenders_assigned=0|kps_covered=0|pe_secure=True|threat_level=0.0|active_plans=0
21:17:07,UNKNOWN,5,PHASE_4_COMPLETE,request_generated=False|urgency=NONE|requirements=0|priority_areas=
21:17:07,1,2,TURN_START,player_nation=Unknown|total_tokens=0|captured_kps=0
21:17:07,1,2,VP_INTELLIGENCE,"vp_status={'vp_own': 0, 'vp_enemy': 0, 'vp_gap': 0, 'turn': 1, 'max_turns': 30}|trend_direction=STABLE|threat_level=LOW|opportunities_count=0|recommendations_count=0"
21:17:07,UNKNOWN,UNKNOWN,SCOUT_IDENTIFICATION,total_units=0|scouts_found=0|scout_ids=
21:17:07,1,2,PHASE1_SUMMARY,total_units=0|scouts_identified=0|scouts_deployed=0|enemies_detected=0|combat_opportunities=0|threat_clusters=0
21:17:07,UNKNOWN,UNKNOWN,SCOUT_IDENTIFICATION,total_units=0|scouts_found=0|scout_ids=
21:17:07,1,2,PHASE1_SUMMARY,total_units=0|scouts_identified=0|scouts_deployed=0|enemies_detected=0|combat_opportunities=0|threat_clusters=0
21:17:07,1,2,PHASE2_SUMMARY,active_plans=0|new_plans=0|executed_plans=0|aborted_plans=0
21:17:07,1,2,TURN_START,player_nation=Polska|total_units=0|available_units=0
21:17:07,1,2,PHASE3_SUMMARY,defenders_assigned=0|kps_covered=0|pe_secure=True|threat_level=0.0|active_plans=0
21:17:07,UNKNOWN,UNKNOWN,SCOUT_IDENTIFICATION,total_units=0|scouts_found=0|scout_ids=
21:17:07,1,2,PHASE1_SUMMARY,total_units=0|scouts_identified=0|scouts_deployed=0|enemies_detected=0|combat_opportunities=0|threat_clusters=0
21:17:07,UNKNOWN,UNKNOWN,SCOUT_IDENTIFICATION,total_units=0|scouts_found=0|scout_ids=
21:17:07,1,2,PHASE1_SUMMARY,total_units=0|scouts_identified=0|scouts_deployed=0|enemies_detected=0|combat_opportunities=0|threat_clusters=0
21:17:07,1,2,PHASE2_SUMMARY,active_plans=0|new_plans=0|executed_plans=0|aborted_plans=0
21:17:07,1,2,TURN_START,player_nation=Polska|total_units=0|available_units=0
21:17:07,1,2,PHASE3_SUMMARY,defenders_assigned=0|kps_covered=0|pe_secure=True|threat_level=0.0|active_plans=0
21:17:07,UNKNOWN,2,PHASE_4_COMPLETE,request_generated=False|urgency=NONE|requirements=0|priority_areas=
21:17:07,1,5,TURN_START,player_nation=Unknown|total_tokens=0|captured_kps=0
21:17:07,1,5,VP_INTELLIGENCE,"vp_status={'vp_own': 0, 'vp_enemy': 0, 'vp_gap': 0, 'turn': 1, 'max_turns': 30}|trend_direction=STABLE|threat_level=LOW|opportunities_count=0|recommendations_count=0"
21:17:07,UNKNOWN,UNKNOWN,SCOUT_IDENTIFICATION,total_units=0|scouts_found=0|scout_ids=
21:17:07,1,5,PHASE1_SUMMARY,total_units=0|scouts_identified=0|scouts_deployed=0|enemies_detected=0|combat_opportunities=0|threat_clusters=0
21:17:07,UNKNOWN,UNKNOWN,SCOUT_IDENTIFICATION,total_units=0|scouts_found=0|scout_ids=
21:17:07,1,5,PHASE1_SUMMARY,total_units=0|scouts_identified=0|scouts_deployed=0|enemies_detected=0|combat_opportunities=0|threat_clusters=0
21:17:07,1,5,PHASE2_SUMMARY,active_plans=0|new_plans=0|executed_plans=0|aborted_plans=0
21:17:07,1,5,TURN_START,player_nation=Niemcy|total_units=0|available_units=0
21:17:07,1,5,PHASE3_SUMMARY,defenders_assigned=0|kps_covered=0|pe_secure=True|threat_level=0.0|active_plans=0
21:17:07,UNKNOWN,UNKNOWN,SCOUT_IDENTIFICATION,total_units=0|scouts_found=0|scout_ids=
21:17:07,1,5,PHASE1_SUMMARY,total_units=0|scouts_identified=0|scouts_deployed=0|enemies_detected=0|combat_opportunities=0|threat_clusters=0
21:17:07,UNKNOWN,UNKNOWN,SCOUT_IDENTIFICATION,total_units=0|scouts_found=0|scout_ids=
21:17:07,1,5,PHASE1_SUMMARY,total_units=0|scouts_identified=0|scouts_deployed=0|enemies_detected=0|combat_opportunities=0|threat_clusters=0
21:17:07,1,5,PHASE2_SUMMARY,active_plans=0|new_plans=0|executed_plans=0|aborted_plans=0
21:17:07,1,5,TURN_START,player_nation=Niemcy|total_units=0|available_units=0
21:17:07,1,5,PHASE3_SUMMARY,defenders_assigned=0|kps_covered=0|pe_secure=True|threat_level=0.0|active_plans=0
21:17:07,UNKNOWN,5,PHASE_4_COMPLETE,request_generated=False|urgency=NONE|requirements=0|priority_areas=
21:17:07,1,2,TURN_START,player_nation=Unknown|total_tokens=0|captured_kps=0
21:17:07,1,2,VP_INTELLIGENCE,"vp_status={'vp_own': 0, 'vp_enemy': 0, 'vp_gap': 0, 'turn': 1, 'max_turns': 30}|trend_direction=STABLE|threat_level=LOW|opportunities_count=0|recommendations_count=0"
21:17:07,UNKNOWN,UNKNOWN,SCOUT_IDENTIFICATION,total_units=0|scouts_found=0|scout_ids=
21:17:07,1,2,PHASE1_SUMMARY,total_units=0|scouts_identified=0|scouts_deployed=0|enemies_detected=0|combat_opportunities=0|threat_clusters=0
21:17:07,UNKNOWN,UNKNOWN,SCOUT_IDENTIFICATION,total_units=0|scouts_found=0|scout_ids=
21:17:07,1,2,PHASE1_SUMMARY,total_units=0|scouts_identified=0|scouts_deployed=0|enemies_detected=0|combat_opportunities=0|threat_clusters=0
21:17:07,1,2,PHASE2_SUMMARY,active_plans=0|new_plans=0|executed_plans=0|aborted_plans=0
21:17:07,1,2,TURN_START,player_nation=Polska|total_units=0|available_units=0
21:17:07,1,2,PHASE3_SUMMARY,defenders_assigned=0|kps_covered=0|pe_secure=True|threat_level=0.0|active_plans=0
21:17:07,UNKNOWN,UNKNOWN,SCOUT_IDENTIFICATION,total_units=0|scouts_found=0|scout_ids=
21:17:07,1,2,PHASE1_SUMMARY,total_units=0|scouts_identified=0|scouts_deployed=0|enemies_detected=0|combat_opportunities=0|threat_clusters=0
21:17:07,UNKNOWN,UNKNOWN,SCOUT_IDENTIFICATION,total_units=0|scouts_found=0|scout_ids=
21:17:07,1,2,PHASE1_SUMMARY,total_units=0|scouts_identified=0|scouts_deployed=0|enemies_detected=0|combat_opportunities=0|threat_clusters=0
21:17:07,1,2,PHASE2_SUMMARY,active_plans=0|new_plans=0|executed_plans=0|aborted_plans=0
21:17:07,1,2,TURN_START,player_nation=Polska|total_units=0|available_units=0
21:17:07,1,2,PHASE3_SUMMARY,defenders_assigned=0|kps_covered=0|pe_secure=True|threat_level=0.0|active_plans=0
21:17:07,UNKNOWN,2,PHASE_4_COMPLETE,request_generated=False|urgency=NONE|requirements=0|priority_areas=
21:17:07,1,5,TURN_START,player_nation=Unknown|total_tokens=0|captured_kps=0
21:17:07,1,5,VP_INTELLIGENCE,"vp_status={'vp_own': 0, 'vp_enemy': 0, 'vp_gap': 0, 'turn': 1, 'max_turns': 30}|trend_direction=STABLE|threat_level=LOW|opportunities_count=0|recommendations_count=0"
21:17:07,UNKNOWN,UNKNOWN,SCOUT_IDENTIFICATION,total_units=0|scouts_found=0|scout_ids=
21:17:07,1,5,PHASE1_SUMMARY,total_units=0|scouts_identified=0|scouts_deployed=0|enemies_detected=0|combat_opportunities=0|threat_clusters=0
21:17:07,UNKNOWN,UNKNOWN,SCOUT_IDENTIFICATION,total_units=0|scouts_found=0|scout_ids=
21:17:07,1,5,PHASE1_SUMMARY,total_units=0|scouts_identified=0|scouts_deployed=0|enemies_detected=0|combat_opportunities=0|threat_clusters=0
21:17:07,1,5,PHASE2_SUMMARY,active_plans=0|new_plans=0|executed_plans=0|aborted_plans=0
21:17:07,1,5,TURN_START,player_nation=Niemcy|total_units=0|available_units=0
21:17:07,1,5,PHASE3_SUMMARY,defenders_assigned=0|kps_covered=0|pe_secure=True|threat_level=0.0|active_plans=0
21:17:07,UNKNOWN,UNKNOWN,SCOUT_IDENTIFICATION,total_units=0|scouts_found=0|scout_ids=
21:17:07,1,5,PHASE1_SUMMARY,total_units=0|scouts_identified=0|scouts_deployed=0|enemies_detected=0|combat_opportunities=0|threat_clusters=0
21:17:07,UNKNOWN,UNKNOWN,SCOUT_IDENTIFICATION,total_units=0|scouts_found=0|scout_ids=
21:17:07,1,5,PHASE1_SUMMARY,total_units=0|scouts_identified=0|scouts_deployed=0|enemies_detected=0|combat_opportunities=0|threat_clusters=0
21:17:07,1,5,PHASE2_SUMMARY,active_plans=0|new_plans=0|executed_plans=0|aborted_plans=0
21:17:07,1,5,TURN_START,player_nation=Niemcy|total_units=0|available_units=0
21:17:07,1,5,PHASE3_SUMMARY,defenders_assigned=0|kps_covered=0|pe_secure=True|threat_level=0.0|active_plans=0
21:17:07,UNKNOWN,5,PHASE_4_COMPLETE,request_generated=False|urgency=NONE|requirements=0|priority_areas=
21:17:07,1,2,TURN_START,player_nation=Unknown|total_tokens=0|captured_kps=0
21:17:07,1,2,VP_INTELLIGENCE,"vp_status={'vp_own': 0, 'vp_enemy': 0, 'vp_gap': 0, 'turn': 1, 'max_turns': 30}|trend_direction=STABLE|threat_level=LOW|opportunities_count=0|recommendations_count=0"
21:17:07,UNKNOWN,UNKNOWN,SCOUT_IDENTIFICATION,total_units=0|scouts_found=0|scout_ids=
21:17:07,1,2,PHASE1_SUMMARY,total_units=0|scouts_identified=0|scouts_deployed=0|enemies_detected=0|combat_opportunities=0|threat_clusters=0
21:17:07,UNKNOWN,UNKNOWN,SCOUT_IDENTIFICATION,total_units=0|scouts_found=0|scout_ids=
21:17:07,1,2,PHASE1_SUMMARY,total_units=0|scouts_identified=0|scouts_deployed=0|enemies_detected=0|combat_opportunities=0|threat_clusters=0
21:17:07,1,2,PHASE2_SUMMARY,active_plans=0|new_plans=0|executed_plans=0|aborted_plans=0
21:17:07,1,2,TURN_START,player_nation=Polska|total_units=0|available_units=0
21:17:07,1,2,PHASE3_SUMMARY,defenders_assigned=0|kps_covered=0|pe_secure=True|threat_level=0.0|active_plans=0
21:17:07,UNKNOWN,UNKNOWN,SCOUT_IDENTIFICATION,total_units=0|scouts_found=0|scout_ids=
21:17:07,1,2,PHASE1_SUMMARY,total_units=0|scouts_identified=0|scouts_deployed=0|enemies_detected=0|combat_opportunities=0|threat_clusters=0
21:17:07,UNKNOWN,UNKNOWN,SCOUT_IDENTIFICATION,total_units=0|scouts_found=0|scout_ids=
21:17:07,1,2,PHASE1_SUMMARY,total_units=0|scouts_identified=0|scouts_deployed=0|enemies_detected=0|combat_opportunities=0|threat_clusters=0
21:17:07,1,2,PHASE2_SUMMARY,active_plans=0|new_plans=0|executed_plans=0|aborted_plans=0
21:17:07,1,2,TURN_START,player_nation=Polska|total_units=0|available_units=0
21:17:07,1,2,PHASE3_SUMMARY,defenders_assigned=0|kps_covered=0|pe_secure=True|threat_level=0.0|active_plans=0
21:17:07,UNKNOWN,2,PHASE_4_COMPLETE,request_generated=False|urgency=NONE|requirements=0|priority_areas=
21:17:07,1,5,TURN_START,player_nation=Unknown|total_tokens=0|captured_kps=0
21:17:07,1,5,VP_INTELLIGENCE,"vp_status={'vp_own': 0, 'vp_enemy': 0, 'vp_gap': 0, 'turn': 1, 'max_turns': 30}|trend_direction=STABLE|threat_level=LOW|opportunities_count=0|recommendations_count=0"
21:17:07,UNKNOWN,UNKNOWN,SCOUT_IDENTIFICATION,total_units=0|scouts_found=0|scout_ids=
21:17:07,1,5,PHASE1_SUMMARY,total_units=0|scouts_identified=0|scouts_deployed=0|enemies_detected=0|combat_opportunities=0|threat_clusters=0
21:17:07,UNKNOWN,UNKNOWN,SCOUT_IDENTIFICATION,total_units=0|scouts_found=0|scout_ids=
21:17:07,1,5,PHASE1_SUMMARY,total_units=0|scouts_identified=0|scouts_deployed=0|enemies_detected=0|combat_opportunities=0|threat_clusters=0
21:17:07,1,5,PHASE2_SUMMARY,active_plans=0|new_plans=0|executed_plans=0|aborted_plans=0
21:17:07,1,5,TURN_START,player_nation=Niemcy|total_units=0|available_units=0
21:17:07,1,5,PHASE3_SUMMARY,defenders_assigned=0|kps_covered=0|pe_secure=True|threat_level=0.0|active_plans=0
21:17:07,UNKNOWN,UNKNOWN,SCOUT_IDENTIFICATION,total_units=0|scouts_found=0|scout_ids=
21:17:07,1,5,PHASE1_SUMMARY,total_units=0|scouts_identified=0|scouts_deployed=0|enemies_detected=0|combat_opportunities=0|threat_clusters=0
21:17:07,UNKNOWN,UNKNOWN,SCOUT_IDENTIFICATION,total_units=0|scouts_found=0|scout_ids=
21:17:07,1,5,PHASE1_SUMMARY,total_units=0|scouts_identified=0|scouts_deployed=0|enemies_detected=0|combat_opportunities=0|threat_clusters=0
21:17:07,1,5,PHASE2_SUMMARY,active_plans=0|new_plans=0|executed_plans=0|aborted_plans=0
21:17:07,1,5,TURN_START,player_nation=Niemcy|total_units=0|available_units=0
21:17:07,1,5,PHASE3_SUMMARY,defenders_assigned=0|kps_covered=0|pe_secure=True|threat_level=0.0|active_plans=0
21:17:07,UNKNOWN,5,PHASE_4_COMPLETE,request_generated=False|urgency=NONE|requirements=0|priority_areas=
21:17:07,1,2,TURN_START,player_nation=Unknown|total_tokens=0|captured_kps=0
21:17:07,1,2,VP_INTELLIGENCE,"vp_status={'vp_own': 0, 'vp_enemy': 0, 'vp_gap': 0, 'turn': 1, 'max_turns': 30}|trend_direction=STABLE|threat_level=LOW|opportunities_count=0|recommendations_count=0"
21:17:07,UNKNOWN,UNKNOWN,SCOUT_IDENTIFICATION,total_units=0|scouts_found=0|scout_ids=
21:17:07,1,2,PHASE1_SUMMARY,total_units=0|scouts_identified=0|scouts_deployed=0|enemies_detected=0|combat_opportunities=0|threat_clusters=0
21:17:07,UNKNOWN,UNKNOWN,SCOUT_IDENTIFICATION,total_units=0|scouts_found=0|scout_ids=
21:17:07,1,2,PHASE1_SUMMARY,total_units=0|scouts_identified=0|scouts_deployed=0|enemies_detected=0|combat_opportunities=0|threat_clusters=0
21:17:07,1,2,PHASE2_SUMMARY,active_plans=0|new_plans=0|executed_plans=0|aborted_plans=0
21:17:07,1,2,TURN_START,player_nation=Polska|total_units=0|available_units=0
21:17:07,1,2,PHASE3_SUMMARY,defenders_assigned=0|kps_covered=0|pe_secure=True|threat_level=0.0|active_plans=0
21:17:07,UNKNOWN,UNKNOWN,SCOUT_IDENTIFICATION,total_units=0|scouts_found=0|scout_ids=
21:17:07,1,2,PHASE1_SUMMARY,total_units=0|scouts_identified=0|scouts_deployed=0|enemies_detected=0|combat_opportunities=0|threat_clusters=0
21:17:07,UNKNOWN,UNKNOWN,SCOUT_IDENTIFICATION,total_units=0|scouts_found=0|scout_ids=
21:17:07,1,2,PHASE1_SUMMARY,total_units=0|scouts_identified=0|scouts_deployed=0|enemies_detected=0|combat_opportunities=0|threat_clusters=0
21:17:07,1,2,PHASE2_SUMMARY,active_plans=0|new_plans=0|executed_plans=0|aborted_plans=0
21:17:07,1,2,TURN_START,player_nation=Polska|total_units=0|available_units=0
21:17:07,1,2,PHASE3_SUMMARY,defenders_assigned=0|kps_covered=0|pe_secure=True|threat_level=0.0|active_plans=0
21:17:07,UNKNOWN,2,PHASE_4_COMPLETE,request_generated=False|urgency=NONE|requirements=0|priority_areas=
21:17:07,1,5,TURN_START,player_nation=Unknown|total_tokens=0|captured_kps=0
21:17:07,1,5,VP_INTELLIGENCE,"vp_status={'vp_own': 0, 'vp_enemy': 0, 'vp_gap': 0, 'turn': 1, 'max_turns': 30}|trend_direction=STABLE|threat_level=LOW|opportunities_count=0|recommendations_count=0"
21:17:07,UNKNOWN,UNKNOWN,SCOUT_IDENTIFICATION,total_units=0|scouts_found=0|scout_ids=
21:17:07,1,5,PHASE1_SUMMARY,total_units=0|scouts_identified=0|scouts_deployed=0|enemies_detected=0|combat_opportunities=0|threat_clusters=0
21:17:07,UNKNOWN,UNKNOWN,SCOUT_IDENTIFICATION,total_units=0|scouts_found=0|scout_ids=
21:17:07,1,5,PHASE1_SUMMARY,total_units=0|scouts_identified=0|scouts_deployed=0|enemies_detected=0|combat_opportunities=0|threat_clusters=0
21:17:07,1,5,PHASE2_SUMMARY,active_plans=0|new_plans=0|executed_plans=0|aborted_plans=0
21:17:07,1,5,TURN_START,player_nation=Niemcy|total_units=0|available_units=0
21:17:07,1,5,PHASE3_SUMMARY,defenders_assigned=0|kps_covered=0|pe_secure=True|threat_level=0.0|active_plans=0
21:17:07,UNKNOWN,UNKNOWN,SCOUT_IDENTIFICATION,total_units=0|scouts_found=0|scout_ids=
21:17:07,1,5,PHASE1_SUMMARY,total_units=0|scouts_identified=0|scouts_deployed=0|enemies_detected=0|combat_opportunities=0|threat_clusters=0
21:17:07,UNKNOWN,UNKNOWN,SCOUT_IDENTIFICATION,total_units=0|scouts_found=0|scout_ids=
21:17:07,1,5,PHASE1_SUMMARY,total_units=0|scouts_identified=0|scouts_deployed=0|enemies_detected=0|combat_opportunities=0|threat_clusters=0
21:17:07,1,5,PHASE2_SUMMARY,active_plans=0|new_plans=0|executed_plans=0|aborted_plans=0
21:17:07,1,5,TURN_START,player_nation=Niemcy|total_units=0|available_units=0
21:17:07,1,5,PHASE3_SUMMARY,defenders_assigned=0|kps_covered=0|pe_secure=True|threat_level=0.0|active_plans=0
21:17:07,UNKNOWN,5,PHASE_4_COMPLETE,request_generated=False|urgency=NONE|requirements=0|priority_areas=
21:17:07,1,2,TURN_START,player_nation=Unknown|total_tokens=0|captured_kps=0
21:17:07,1,2,VP_INTELLIGENCE,"vp_status={'vp_own': 0, 'vp_enemy': 0, 'vp_gap': 0, 'turn': 1, 'max_turns': 30}|trend_direction=STABLE|threat_level=LOW|opportunities_count=0|recommendations_count=0"
21:17:07,UNKNOWN,UNKNOWN,SCOUT_IDENTIFICATION,total_units=0|scouts_found=0|scout_ids=
21:17:07,1,2,PHASE1_SUMMARY,total_units=0|scouts_identified=0|scouts_deployed=0|enemies_detected=0|combat_opportunities=0|threat_clusters=0
21:17:07,UNKNOWN,UNKNOWN,SCOUT_IDENTIFICATION,total_units=0|scouts_found=0|scout_ids=
21:17:07,1,2,PHASE1_SUMMARY,total_units=0|scouts_identified=0|scouts_deployed=0|enemies_detected=0|combat_opportunities=0|threat_clusters=0
21:17:07,1,2,PHASE2_SUMMARY,active_plans=0|new_plans=0|executed_plans=0|aborted_plans=0
21:17:07,1,2,TURN_START,player_nation=Polska|total_units=0|available_units=0
21:17:07,1,2,PHASE3_SUMMARY,defenders_assigned=0|kps_covered=0|pe_secure=True|threat_level=0.0|active_plans=0
21:17:07,UNKNOWN,UNKNOWN,SCOUT_IDENTIFICATION,total_units=0|scouts_found=0|scout_ids=
21:17:07,1,2,PHASE1_SUMMARY,total_units=0|scouts_identified=0|scouts_deployed=0|enemies_detected=0|combat_opportunities=0|threat_clusters=0
21:17:07,UNKNOWN,UNKNOWN,SCOUT_IDENTIFICATION,total_units=0|scouts_found=0|scout_ids=
21:17:07,1,2,PHASE1_SUMMARY,total_units=0|scouts_identified=0|scouts_deployed=0|enemies_detected=0|combat_opportunities=0|threat_clusters=0
21:17:07,1,2,PHASE2_SUMMARY,active_plans=0|new_plans=0|executed_plans=0|aborted_plans=0
21:17:07,1,2,TURN_START,player_nation=Polska|total_units=0|available_units=0
21:17:07,1,2,PHASE3_SUMMARY,defenders_assigned=0|kps_covered=0|pe_secure=True|threat_level=0.0|active_plans=0
21:17:07,UNKNOWN,2,PHASE_4_COMPLETE,request_generated=False|urgency=NONE|requirements=0|priority_areas=
21:17:07,1,5,TURN_START,player_nation=Unknown|total_tokens=0|captured_kps=0
21:17:07,1,5,VP_INTELLIGENCE,"vp_status={'vp_own': 0, 'vp_enemy': 0, 'vp_gap': 0, 'turn': 1, 'max_turns': 30}|trend_direction=STABLE|threat_level=LOW|opportunities_count=0|recommendations_count=0"
21:17:07,UNKNOWN,UNKNOWN,SCOUT_IDENTIFICATION,total_units=0|scouts_found=0|scout_ids=
21:17:07,1,5,PHASE1_SUMMARY,total_units=0|scouts_identified=0|scouts_deployed=0|enemies_detected=0|combat_opportunities=0|threat_clusters=0
21:17:07,UNKNOWN,UNKNOWN,SCOUT_IDENTIFICATION,total_units=0|scouts_found=0|scout_ids=
21:17:07,1,5,PHASE1_SUMMARY,total_units=0|scouts_identified=0|scouts_deployed=0|enemies_detected=0|combat_opportunities=0|threat_clusters=0
21:17:07,1,5,PHASE2_SUMMARY,active_plans=0|new_plans=0|executed_plans=0|aborted_plans=0
21:17:07,1,5,TURN_START,player_nation=Niemcy|total_units=0|available_units=0
21:17:07,1,5,PHASE3_SUMMARY,defenders_assigned=0|kps_covered=0|pe_secure=True|threat_level=0.0|active_plans=0
21:17:07,UNKNOWN,UNKNOWN,SCOUT_IDENTIFICATION,total_units=0|scouts_found=0|scout_ids=
21:17:07,1,5,PHASE1_SUMMARY,total_units=0|scouts_identified=0|scouts_deployed=0|enemies_detected=0|combat_opportunities=0|threat_clusters=0
21:17:07,UNKNOWN,UNKNOWN,SCOUT_IDENTIFICATION,total_units=0|scouts_found=0|scout_ids=
21:17:07,1,5,PHASE1_SUMMARY,total_units=0|scouts_identified=0|scouts_deployed=0|enemies_detected=0|combat_opportunities=0|threat_clusters=0
21:17:07,1,5,PHASE2_SUMMARY,active_plans=0|new_plans=0|executed_plans=0|aborted_plans=0
21:17:07,1,5,TURN_START,player_nation=Niemcy|total_units=0|available_units=0
21:17:07,1,5,PHASE3_SUMMARY,defenders_assigned=0|kps_covered=0|pe_secure=True|threat_level=0.0|active_plans=0
21:17:07,UNKNOWN,5,PHASE_4_COMPLETE,request_generated=False|urgency=NONE|requirements=0|priority_areas=
21:17:07,1,2,TURN_START,player_nation=Unknown|total_tokens=0|captured_kps=0
21:17:07,1,2,VP_INTELLIGENCE,"vp_status={'vp_own': 0, 'vp_enemy': 0, 'vp_gap': 0, 'turn': 1, 'max_turns': 30}|trend_direction=STABLE|threat_level=LOW|opportunities_count=0|recommendations_count=0"
21:17:07,UNKNOWN,UNKNOWN,SCOUT_IDENTIFICATION,total_units=0|scouts_found=0|scout_ids=
21:17:07,1,2,PHASE1_SUMMARY,total_units=0|scouts_identified=0|scouts_deployed=0|enemies_detected=0|combat_opportunities=0|threat_clusters=0
21:17:07,UNKNOWN,UNKNOWN,SCOUT_IDENTIFICATION,total_units=0|scouts_found=0|scout_ids=
21:17:07,1,2,PHASE1_SUMMARY,total_units=0|scouts_identified=0|scouts_deployed=0|enemies_detected=0|combat_opportunities=0|threat_clusters=0
21:17:07,1,2,PHASE2_SUMMARY,active_plans=0|new_plans=0|executed_plans=0|aborted_plans=0
21:17:07,1,2,TURN_START,player_nation=Polska|total_units=0|available_units=0
21:17:07,1,2,PHASE3_SUMMARY,defenders_assigned=0|kps_covered=0|pe_secure=True|threat_level=0.0|active_plans=0
21:17:07,UNKNOWN,UNKNOWN,SCOUT_IDENTIFICATION,total_units=0|scouts_found=0|scout_ids=
21:17:07,1,2,PHASE1_SUMMARY,total_units=0|scouts_identified=0|scouts_deployed=0|enemies_detected=0|combat_opportunities=0|threat_clusters=0
21:17:07,UNKNOWN,UNKNOWN,SCOUT_IDENTIFICATION,total_units=0|scouts_found=0|scout_ids=
21:17:07,1,2,PHASE1_SUMMARY,total_units=0|scouts_identified=0|scouts_deployed=0|enemies_detected=0|combat_opportunities=0|threat_clusters=0
21:17:07,1,2,PHASE2_SUMMARY,active_plans=0|new_plans=0|executed_plans=0|aborted_plans=0
21:17:07,1,2,TURN_START,player_nation=Polska|total_units=0|available_units=0
21:17:07,1,2,PHASE3_SUMMARY,defenders_assigned=0|kps_covered=0|pe_secure=True|threat_level=0.0|active_plans=0
21:17:07,UNKNOWN,2,PHASE_4_COMPLETE,request_generated=False|urgency=NONE|requirements=0|priority_areas=
21:17:07,1,5,TURN_START,player_nation=Unknown|total_tokens=0|captured_kps=0
21:17:07,1,5,VP_INTELLIGENCE,"vp_status={'vp_own': 0, 'vp_enemy': 0, 'vp_gap': 0, 'turn': 1, 'max_turns': 30}|trend_direction=STABLE|threat_level=LOW|opportunities_count=0|recommendations_count=0"
21:17:07,UNKNOWN,UNKNOWN,SCOUT_IDENTIFICATION,total_units=0|scouts_found=0|scout_ids=
21:17:07,1,5,PHASE1_SUMMARY,total_units=0|scouts_identified=0|scouts_deployed=0|enemies_detected=0|combat_opportunities=0|threat_clusters=0
21:17:07,UNKNOWN,UNKNOWN,SCOUT_IDENTIFICATION,total_units=0|scouts_found=0|scout_ids=
21:17:07,1,5,PHASE1_SUMMARY,total_units=0|scouts_identified=0|scouts_deployed=0|enemies_detected=0|combat_opportunities=0|threat_clusters=0
21:17:07,1,5,PHASE2_SUMMARY,active_plans=0|new_plans=0|executed_plans=0|aborted_plans=0
21:17:07,1,5,TURN_START,player_nation=Niemcy|total_units=0|available_units=0
21:17:07,1,5,PHASE3_SUMMARY,defenders_assigned=0|kps_covered=0|pe_secure=True|threat_level=0.0|active_plans=0
21:17:07,UNKNOWN,UNKNOWN,SCOUT_IDENTIFICATION,total_units=0|scouts_found=0|scout_ids=
21:17:07,1,5,PHASE1_SUMMARY,total_units=0|scouts_identified=0|scouts_deployed=0|enemies_detected=0|combat_opportunities=0|threat_clusters=0
21:17:07,UNKNOWN,UNKNOWN,SCOUT_IDENTIFICATION,total_units=0|scouts_found=0|scout_ids=
21:17:07,1,5,PHASE1_SUMMARY,total_units=0|scouts_identified=0|scouts_deployed=0|enemies_detected=0|combat_opportunities=0|threat_clusters=0
21:17:07,1,5,PHASE2_SUMMARY,active_plans=0|new_plans=0|executed_plans=0|aborted_plans=0
21:17:07,1,5,TURN_START,player_nation=Niemcy|total_units=0|available_units=0
21:17:07,1,5,PHASE3_SUMMARY,defenders_assigned=0|kps_covered=0|pe_secure=True|threat_level=0.0|active_plans=0
21:17:07,UNKNOWN,5,PHASE_4_COMPLETE,request_generated=False|urgency=NONE|requirements=0|priority_areas=
21:17:07,1,2,TURN_START,player_nation=Unknown|total_tokens=0|captured_kps=0
21:17:07,1,2,VP_INTELLIGENCE,"vp_status={'vp_own': 0, 'vp_enemy': 0, 'vp_gap': 0, 'turn': 1, 'max_turns': 30}|trend_direction=STABLE|threat_level=LOW|opportunities_count=0|recommendations_count=0"
21:17:07,UNKNOWN,UNKNOWN,SCOUT_IDENTIFICATION,total_units=0|scouts_found=0|scout_ids=
21:17:07,1,2,PHASE1_SUMMARY,total_units=0|scouts_identified=0|scouts_deployed=0|enemies_detected=0|combat_opportunities=0|threat_clusters=0
21:17:07,UNKNOWN,UNKNOWN,SCOUT_IDENTIFICATION,total_units=0|scouts_found=0|scout_ids=
21:17:07,1,2,PHASE1_SUMMARY,total_units=0|scouts_identified=0|scouts_deployed=0|enemies_detected=0|combat_opportunities=0|threat_clusters=0
21:17:07,1,2,PHASE2_SUMMARY,active_plans=0|new_plans=0|executed_plans=0|aborted_plans=0
21:17:07,1,2,TURN_START,player_nation=Polska|total_units=0|available_units=0
21:17:07,1,2,PHASE3_SUMMARY,defenders_assigned=0|kps_covered=0|pe_secure=True|threat_level=0.0|active_plans=0
21:17:07,UNKNOWN,UNKNOWN,SCOUT_IDENTIFICATION,total_units=0|scouts_found=0|scout_ids=
21:17:07,1,2,PHASE1_SUMMARY,total_units=0|scouts_identified=0|scouts_deployed=0|enemies_detected=0|combat_opportunities=0|threat_clusters=0
21:17:07,UNKNOWN,UNKNOWN,SCOUT_IDENTIFICATION,total_units=0|scouts_found=0|scout_ids=
21:17:07,1,2,PHASE1_SUMMARY,total_units=0|scouts_identified=0|scouts_deployed=0|enemies_detected=0|combat_opportunities=0|threat_clusters=0
21:17:07,1,2,PHASE2_SUMMARY,active_plans=0|new_plans=0|executed_plans=0|aborted_plans=0
21:17:07,1,2,TURN_START,player_nation=Polska|total_units=0|available_units=0
21:17:07,1,2,PHASE3_SUMMARY,defenders_assigned=0|kps_covered=0|pe_secure=True|threat_level=0.0|active_plans=0
21:17:08,UNKNOWN,2,PHASE_4_COMPLETE,request_generated=False|urgency=NONE|requirements=0|priority_areas=
21:17:08,1,5,TURN_START,player_nation=Unknown|total_tokens=0|captured_kps=0
21:17:08,1,5,VP_INTELLIGENCE,"vp_status={'vp_own': 0, 'vp_enemy': 0, 'vp_gap': 0, 'turn': 1, 'max_turns': 30}|trend_direction=STABLE|threat_level=LOW|opportunities_count=0|recommendations_count=0"
21:17:08,UNKNOWN,UNKNOWN,SCOUT_IDENTIFICATION,total_units=0|scouts_found=0|scout_ids=
21:17:08,1,5,PHASE1_SUMMARY,total_units=0|scouts_identified=0|scouts_deployed=0|enemies_detected=0|combat_opportunities=0|threat_clusters=0
21:17:08,UNKNOWN,UNKNOWN,SCOUT_IDENTIFICATION,total_units=0|scouts_found=0|scout_ids=
21:17:08,1,5,PHASE1_SUMMARY,total_units=0|scouts_identified=0|scouts_deployed=0|enemies_detected=0|combat_opportunities=0|threat_clusters=0
21:17:08,1,5,PHASE2_SUMMARY,active_plans=0|new_plans=0|executed_plans=0|aborted_plans=0
21:17:08,1,5,TURN_START,player_nation=Niemcy|total_units=0|available_units=0
21:17:08,1,5,PHASE3_SUMMARY,defenders_assigned=0|kps_covered=0|pe_secure=True|threat_level=0.0|active_plans=0
21:17:08,UNKNOWN,UNKNOWN,SCOUT_IDENTIFICATION,total_units=0|scouts_found=0|scout_ids=
21:17:08,1,5,PHASE1_SUMMARY,total_units=0|scouts_identified=0|scouts_deployed=0|enemies_detected=0|combat_opportunities=0|threat_clusters=0
21:17:08,UNKNOWN,UNKNOWN,SCOUT_IDENTIFICATION,total_units=0|scouts_found=0|scout_ids=
21:17:08,1,5,PHASE1_SUMMARY,total_units=0|scouts_identified=0|scouts_deployed=0|enemies_detected=0|combat_opportunities=0|threat_clusters=0
21:17:08,1,5,PHASE2_SUMMARY,active_plans=0|new_plans=0|executed_plans=0|aborted_plans=0
21:17:08,1,5,TURN_START,player_nation=Niemcy|total_units=0|available_units=0
21:17:08,1,5,PHASE3_SUMMARY,defenders_assigned=0|kps_covered=0|pe_secure=True|threat_level=0.0|active_plans=0
21:17:08,UNKNOWN,5,PHASE_4_COMPLETE,request_generated=False|urgency=NONE|requirements=0|priority_areas=
21:17:08,1,2,TURN_START,player_nation=Unknown|total_tokens=0|captured_kps=0
21:17:08,1,2,VP_INTELLIGENCE,"vp_status={'vp_own': 0, 'vp_enemy': 0, 'vp_gap': 0, 'turn': 1, 'max_turns': 30}|trend_direction=STABLE|threat_level=LOW|opportunities_count=0|recommendations_count=0"
21:17:08,UNKNOWN,UNKNOWN,SCOUT_IDENTIFICATION,total_units=0|scouts_found=0|scout_ids=
21:17:08,1,2,PHASE1_SUMMARY,total_units=0|scouts_identified=0|scouts_deployed=0|enemies_detected=0|combat_opportunities=0|threat_clusters=0
21:17:08,UNKNOWN,UNKNOWN,SCOUT_IDENTIFICATION,total_units=0|scouts_found=0|scout_ids=
21:17:08,1,2,PHASE1_SUMMARY,total_units=0|scouts_identified=0|scouts_deployed=0|enemies_detected=0|combat_opportunities=0|threat_clusters=0
21:17:08,1,2,PHASE2_SUMMARY,active_plans=0|new_plans=0|executed_plans=0|aborted_plans=0
21:17:08,1,2,TURN_START,player_nation=Polska|total_units=0|available_units=0
21:17:08,1,2,PHASE3_SUMMARY,defenders_assigned=0|kps_covered=0|pe_secure=True|threat_level=0.0|active_plans=0
21:17:08,UNKNOWN,UNKNOWN,SCOUT_IDENTIFICATION,total_units=0|scouts_found=0|scout_ids=
21:17:08,1,2,PHASE1_SUMMARY,total_units=0|scouts_identified=0|scouts_deployed=0|enemies_detected=0|combat_opportunities=0|threat_clusters=0
21:17:08,UNKNOWN,UNKNOWN,SCOUT_IDENTIFICATION,total_units=0|scouts_found=0|scout_ids=
21:17:08,1,2,PHASE1_SUMMARY,total_units=0|scouts_identified=0|scouts_deployed=0|enemies_detected=0|combat_opportunities=0|threat_clusters=0
21:17:08,1,2,PHASE2_SUMMARY,active_plans=0|new_plans=0|executed_plans=0|aborted_plans=0
21:17:08,1,2,TURN_START,player_nation=Polska|total_units=0|available_units=0
21:17:08,1,2,PHASE3_SUMMARY,defenders_assigned=0|kps_covered=0|pe_secure=True|threat_level=0.0|active_plans=0
21:17:08,UNKNOWN,2,PHASE_4_COMPLETE,request_generated=False|urgency=NONE|requirements=0|priority_areas=
21:17:08,1,5,TURN_START,player_nation=Unknown|total_tokens=0|captured_kps=0
21:17:08,1,5,VP_INTELLIGENCE,"vp_status={'vp_own': 0, 'vp_enemy': 0, 'vp_gap': 0, 'turn': 1, 'max_turns': 30}|trend_direction=STABLE|threat_level=LOW|opportunities_count=0|recommendations_count=0"
21:17:08,UNKNOWN,UNKNOWN,SCOUT_IDENTIFICATION,total_units=0|scouts_found=0|scout_ids=
21:17:08,1,5,PHASE1_SUMMARY,total_units=0|scouts_identified=0|scouts_deployed=0|enemies_detected=0|combat_opportunities=0|threat_clusters=0
21:17:08,UNKNOWN,UNKNOWN,SCOUT_IDENTIFICATION,total_units=0|scouts_found=0|scout_ids=
21:17:08,1,5,PHASE1_SUMMARY,total_units=0|scouts_identified=0|scouts_deployed=0|enemies_detected=0|combat_opportunities=0|threat_clusters=0
21:17:08,1,5,PHASE2_SUMMARY,active_plans=0|new_plans=0|executed_plans=0|aborted_plans=0
21:17:08,1,5,TURN_START,player_nation=Niemcy|total_units=0|available_units=0
21:17:08,1,5,PHASE3_SUMMARY,defenders_assigned=0|kps_covered=0|pe_secure=True|threat_level=0.0|active_plans=0
21:17:08,UNKNOWN,UNKNOWN,SCOUT_IDENTIFICATION,total_units=0|scouts_found=0|scout_ids=
21:17:08,1,5,PHASE1_SUMMARY,total_units=0|scouts_identified=0|scouts_deployed=0|enemies_detected=0|combat_opportunities=0|threat_clusters=0
21:17:08,UNKNOWN,UNKNOWN,SCOUT_IDENTIFICATION,total_units=0|scouts_found=0|scout_ids=
21:17:08,1,5,PHASE1_SUMMARY,total_units=0|scouts_identified=0|scouts_deployed=0|enemies_detected=0|combat_opportunities=0|threat_clusters=0
21:17:08,1,5,PHASE2_SUMMARY,active_plans=0|new_plans=0|executed_plans=0|aborted_plans=0
21:17:08,1,5,TURN_START,player_nation=Niemcy|total_units=0|available_units=0
21:17:08,1,5,PHASE3_SUMMARY,defenders_assigned=0|kps_covered=0|pe_secure=True|threat_level=0.0|active_plans=0
21:17:08,UNKNOWN,5,PHASE_4_COMPLETE,request_generated=False|urgency=NONE|requirements=0|priority_areas=
21:17:08,1,2,TURN_START,player_nation=Unknown|total_tokens=0|captured_kps=0
21:17:08,1,2,VP_INTELLIGENCE,"vp_status={'vp_own': 0, 'vp_enemy': 0, 'vp_gap': 0, 'turn': 1, 'max_turns': 30}|trend_direction=STABLE|threat_level=LOW|opportunities_count=0|recommendations_count=0"
21:17:08,UNKNOWN,UNKNOWN,SCOUT_IDENTIFICATION,total_units=0|scouts_found=0|scout_ids=
21:17:08,1,2,PHASE1_SUMMARY,total_units=0|scouts_identified=0|scouts_deployed=0|enemies_detected=0|combat_opportunities=0|threat_clusters=0
21:17:08,UNKNOWN,UNKNOWN,SCOUT_IDENTIFICATION,total_units=0|scouts_found=0|scout_ids=
21:17:08,1,2,PHASE1_SUMMARY,total_units=0|scouts_identified=0|scouts_deployed=0|enemies_detected=0|combat_opportunities=0|threat_clusters=0
21:17:08,1,2,PHASE2_SUMMARY,active_plans=0|new_plans=0|executed_plans=0|aborted_plans=0
21:17:08,1,2,TURN_START,player_nation=Polska|total_units=0|available_units=0
21:17:08,1,2,PHASE3_SUMMARY,defenders_assigned=0|kps_covered=0|pe_secure=True|threat_level=0.0|active_plans=0
21:17:08,UNKNOWN,UNKNOWN,SCOUT_IDENTIFICATION,total_units=0|scouts_found=0|scout_ids=
21:17:08,1,2,PHASE1_SUMMARY,total_units=0|scouts_identified=0|scouts_deployed=0|enemies_detected=0|combat_opportunities=0|threat_clusters=0
21:17:08,UNKNOWN,UNKNOWN,SCOUT_IDENTIFICATION,total_units=0|scouts_found=0|scout_ids=
21:17:08,1,2,PHASE1_SUMMARY,total_units=0|scouts_identified=0|scouts_deployed=0|enemies_detected=0|combat_opportunities=0|threat_clusters=0
21:17:08,1,2,PHASE2_SUMMARY,active_plans=0|new_plans=0|executed_plans=0|aborted_plans=0
21:17:08,1,2,TURN_START,player_nation=Polska|total_units=0|available_units=0
21:17:08,1,2,PHASE3_SUMMARY,defenders_assigned=0|kps_covered=0|pe_secure=True|threat_level=0.0|active_plans=0
21:17:08,UNKNOWN,2,PHASE_4_COMPLETE,request_generated=False|urgency=NONE|requirements=0|priority_areas=
21:17:08,1,5,TURN_START,player_nation=Unknown|total_tokens=0|captured_kps=0
21:17:08,1,5,VP_INTELLIGENCE,"vp_status={'vp_own': 0, 'vp_enemy': 0, 'vp_gap': 0, 'turn': 1, 'max_turns': 30}|trend_direction=STABLE|threat_level=LOW|opportunities_count=0|recommendations_count=0"
21:17:08,UNKNOWN,UNKNOWN,SCOUT_IDENTIFICATION,total_units=0|scouts_found=0|scout_ids=
21:17:08,1,5,PHASE1_SUMMARY,total_units=0|scouts_identified=0|scouts_deployed=0|enemies_detected=0|combat_opportunities=0|threat_clusters=0
21:17:08,UNKNOWN,UNKNOWN,SCOUT_IDENTIFICATION,total_units=0|scouts_found=0|scout_ids=
21:17:08,1,5,PHASE1_SUMMARY,total_units=0|scouts_identified=0|scouts_deployed=0|enemies_detected=0|combat_opportunities=0|threat_clusters=0
21:17:08,1,5,PHASE2_SUMMARY,active_plans=0|new_plans=0|executed_plans=0|aborted_plans=0
21:17:08,1,5,TURN_START,player_nation=Niemcy|total_units=0|available_units=0
21:17:08,1,5,PHASE3_SUMMARY,defenders_assigned=0|kps_covered=0|pe_secure=True|threat_level=0.0|active_plans=0
21:17:08,UNKNOWN,UNKNOWN,SCOUT_IDENTIFICATION,total_units=0|scouts_found=0|scout_ids=
21:17:08,1,5,PHASE1_SUMMARY,total_units=0|scouts_identified=0|scouts_deployed=0|enemies_detected=0|combat_opportunities=0|threat_clusters=0
21:17:08,UNKNOWN,UNKNOWN,SCOUT_IDENTIFICATION,total_units=0|scouts_found=0|scout_ids=
21:17:08,1,5,PHASE1_SUMMARY,total_units=0|scouts_identified=0|scouts_deployed=0|enemies_detected=0|combat_opportunities=0|threat_clusters=0
21:17:08,1,5,PHASE2_SUMMARY,active_plans=0|new_plans=0|executed_plans=0|aborted_plans=0
21:17:08,1,5,TURN_START,player_nation=Niemcy|total_units=0|available_units=0
21:17:08,1,5,PHASE3_SUMMARY,defenders_assigned=0|kps_covered=0|pe_secure=True|threat_level=0.0|active_plans=0
21:17:08,UNKNOWN,5,PHASE_4_COMPLETE,request_generated=False|urgency=NONE|requirements=0|priority_areas=
21:17:08,1,2,TURN_START,player_nation=Unknown|total_tokens=0|captured_kps=0
21:17:08,1,2,VP_INTELLIGENCE,"vp_status={'vp_own': 0, 'vp_enemy': 0, 'vp_gap': 0, 'turn': 1, 'max_turns': 30}|trend_direction=STABLE|threat_level=LOW|opportunities_count=0|recommendations_count=0"
21:17:08,UNKNOWN,UNKNOWN,SCOUT_IDENTIFICATION,total_units=0|scouts_found=0|scout_ids=
21:17:08,1,2,PHASE1_SUMMARY,total_units=0|scouts_identified=0|scouts_deployed=0|enemies_detected=0|combat_opportunities=0|threat_clusters=0
21:17:08,UNKNOWN,UNKNOWN,SCOUT_IDENTIFICATION,total_units=0|scouts_found=0|scout_ids=
21:17:08,1,2,PHASE1_SUMMARY,total_units=0|scouts_identified=0|scouts_deployed=0|enemies_detected=0|combat_opportunities=0|threat_clusters=0
21:17:08,1,2,PHASE2_SUMMARY,active_plans=0|new_plans=0|executed_plans=0|aborted_plans=0
21:17:08,1,2,TURN_START,player_nation=Polska|total_units=0|available_units=0
21:17:08,1,2,PHASE3_SUMMARY,defenders_assigned=0|kps_covered=0|pe_secure=True|threat_level=0.0|active_plans=0
21:17:08,UNKNOWN,UNKNOWN,SCOUT_IDENTIFICATION,total_units=0|scouts_found=0|scout_ids=
21:17:08,1,2,PHASE1_SUMMARY,total_units=0|scouts_identified=0|scouts_deployed=0|enemies_detected=0|combat_opportunities=0|threat_clusters=0
21:17:08,UNKNOWN,UNKNOWN,SCOUT_IDENTIFICATION,total_units=0|scouts_found=0|scout_ids=
21:17:08,1,2,PHASE1_SUMMARY,total_units=0|scouts_identified=0|scouts_deployed=0|enemies_detected=0|combat_opportunities=0|threat_clusters=0
21:17:08,1,2,PHASE2_SUMMARY,active_plans=0|new_plans=0|executed_plans=0|aborted_plans=0
21:17:08,1,2,TURN_START,player_nation=Polska|total_units=0|available_units=0
21:17:08,1,2,PHASE3_SUMMARY,defenders_assigned=0|kps_covered=0|pe_secure=True|threat_level=0.0|active_plans=0
21:17:08,UNKNOWN,2,PHASE_4_COMPLETE,request_generated=False|urgency=NONE|requirements=0|priority_areas=
21:17:08,1,5,TURN_START,player_nation=Unknown|total_tokens=0|captured_kps=0
21:17:08,1,5,VP_INTELLIGENCE,"vp_status={'vp_own': 0, 'vp_enemy': 0, 'vp_gap': 0, 'turn': 1, 'max_turns': 30}|trend_direction=STABLE|threat_level=LOW|opportunities_count=0|recommendations_count=0"
21:17:08,UNKNOWN,UNKNOWN,SCOUT_IDENTIFICATION,total_units=0|scouts_found=0|scout_ids=
21:17:08,1,5,PHASE1_SUMMARY,total_units=0|scouts_identified=0|scouts_deployed=0|enemies_detected=0|combat_opportunities=0|threat_clusters=0
21:17:08,UNKNOWN,UNKNOWN,SCOUT_IDENTIFICATION,total_units=0|scouts_found=0|scout_ids=
21:17:08,1,5,PHASE1_SUMMARY,total_units=0|scouts_identified=0|scouts_deployed=0|enemies_detected=0|combat_opportunities=0|threat_clusters=0
21:17:08,1,5,PHASE2_SUMMARY,active_plans=0|new_plans=0|executed_plans=0|aborted_plans=0
21:17:08,1,5,TURN_START,player_nation=Niemcy|total_units=0|available_units=0
21:17:08,1,5,PHASE3_SUMMARY,defenders_assigned=0|kps_covered=0|pe_secure=True|threat_level=0.0|active_plans=0
21:17:08,UNKNOWN,UNKNOWN,SCOUT_IDENTIFICATION,total_units=0|scouts_found=0|scout_ids=
21:17:08,1,5,PHASE1_SUMMARY,total_units=0|scouts_identified=0|scouts_deployed=0|enemies_detected=0|combat_opportunities=0|threat_clusters=0
21:17:08,UNKNOWN,UNKNOWN,SCOUT_IDENTIFICATION,total_units=0|scouts_found=0|scout_ids=
21:17:08,1,5,PHASE1_SUMMARY,total_units=0|scouts_identified=0|scouts_deployed=0|enemies_detected=0|combat_opportunities=0|threat_clusters=0
21:17:08,1,5,PHASE2_SUMMARY,active_plans=0|new_plans=0|executed_plans=0|aborted_plans=0
21:17:08,1,5,TURN_START,player_nation=Niemcy|total_units=0|available_units=0
21:17:08,1,5,PHASE3_SUMMARY,defenders_assigned=0|kps_covered=0|pe_secure=True|threat_level=0.0|active_plans=0
21:17:08,UNKNOWN,5,PHASE_4_COMPLETE,request_generated=False|urgency=NONE|requirements=0|priority_areas=
21:17:08,1,2,TURN_START,player_nation=Unknown|total_tokens=0|captured_kps=0
21:17:08,1,2,VP_INTELLIGENCE,"vp_status={'vp_own': 0, 'vp_enemy': 0, 'vp_gap': 0, 'turn': 1, 'max_turns': 30}|trend_direction=STABLE|threat_level=LOW|opportunities_count=0|recommendations_count=0"
21:17:08,UNKNOWN,UNKNOWN,SCOUT_IDENTIFICATION,total_units=0|scouts_found=0|scout_ids=
21:17:08,1,2,PHASE1_SUMMARY,total_units=0|scouts_identified=0|scouts_deployed=0|enemies_detected=0|combat_opportunities=0|threat_clusters=0
21:17:08,UNKNOWN,UNKNOWN,SCOUT_IDENTIFICATION,total_units=0|scouts_found=0|scout_ids=
21:17:08,1,2,PHASE1_SUMMARY,total_units=0|scouts_identified=0|scouts_deployed=0|enemies_detected=0|combat_opportunities=0|threat_clusters=0
21:17:08,1,2,PHASE2_SUMMARY,active_plans=0|new_plans=0|executed_plans=0|aborted_plans=0
21:17:08,1,2,TURN_START,player_nation=Polska|total_units=0|available_units=0
21:17:08,1,2,PHASE3_SUMMARY,defenders_assigned=0|kps_covered=0|pe_secure=True|threat_level=0.0|active_plans=0
21:17:08,UNKNOWN,UNKNOWN,SCOUT_IDENTIFICATION,total_units=0|scouts_found=0|scout_ids=
21:17:08,1,2,PHASE1_SUMMARY,total_units=0|scouts_identified=0|scouts_deployed=0|enemies_detected=0|combat_opportunities=0|threat_clusters=0
21:17:08,UNKNOWN,UNKNOWN,SCOUT_IDENTIFICATION,total_units=0|scouts_found=0|scout_ids=
21:17:08,1,2,PHASE1_SUMMARY,total_units=0|scouts_identified=0|scouts_deployed=0|enemies_detected=0|combat_opportunities=0|threat_clusters=0
21:17:08,1,2,PHASE2_SUMMARY,active_plans=0|new_plans=0|executed_plans=0|aborted_plans=0
21:17:08,1,2,TURN_START,player_nation=Polska|total_units=0|available_units=0
21:17:08,1,2,PHASE3_SUMMARY,defenders_assigned=0|kps_covered=0|pe_secure=True|threat_level=0.0|active_plans=0
21:17:08,UNKNOWN,2,PHASE_4_COMPLETE,request_generated=False|urgency=NONE|requirements=0|priority_areas=
21:17:08,1,5,TURN_START,player_nation=Unknown|total_tokens=0|captured_kps=0
21:17:08,1,5,VP_INTELLIGENCE,"vp_status={'vp_own': 0, 'vp_enemy': 0, 'vp_gap': 0, 'turn': 1, 'max_turns': 30}|trend_direction=STABLE|threat_level=LOW|opportunities_count=0|recommendations_count=0"
21:17:08,UNKNOWN,UNKNOWN,SCOUT_IDENTIFICATION,total_units=0|scouts_found=0|scout_ids=
21:17:08,1,5,PHASE1_SUMMARY,total_units=0|scouts_identified=0|scouts_deployed=0|enemies_detected=0|combat_opportunities=0|threat_clusters=0
21:17:08,UNKNOWN,UNKNOWN,SCOUT_IDENTIFICATION,total_units=0|scouts_found=0|scout_ids=
21:17:08,1,5,PHASE1_SUMMARY,total_units=0|scouts_identified=0|scouts_deployed=0|enemies_detected=0|combat_opportunities=0|threat_clusters=0
21:17:08,1,5,PHASE2_SUMMARY,active_plans=0|new_plans=0|executed_plans=0|aborted_plans=0
21:17:08,1,5,TURN_START,player_nation=Niemcy|total_units=0|available_units=0
21:17:08,1,5,PHASE3_SUMMARY,defenders_assigned=0|kps_covered=0|pe_secure=True|threat_level=0.0|active_plans=0
21:17:08,UNKNOWN,UNKNOWN,SCOUT_IDENTIFICATION,total_units=0|scouts_found=0|scout_ids=
21:17:08,1,5,PHASE1_SUMMARY,total_units=0|scouts_identified=0|scouts_deployed=0|enemies_detected=0|combat_opportunities=0|threat_clusters=0
21:17:08,UNKNOWN,UNKNOWN,SCOUT_IDENTIFICATION,total_units=0|scouts_found=0|scout_ids=
21:17:08,1,5,PHASE1_SUMMARY,total_units=0|scouts_identified=0|scouts_deployed=0|enemies_detected=0|combat_opportunities=0|threat_clusters=0
21:17:08,1,5,PHASE2_SUMMARY,active_plans=0|new_plans=0|executed_plans=0|aborted_plans=0
21:17:08,1,5,TURN_START,player_nation=Niemcy|total_units=0|available_units=0
21:17:08,1,5,PHASE3_SUMMARY,defenders_assigned=0|kps_covered=0|pe_secure=True|threat_level=0.0|active_plans=0
21:17:08,UNKNOWN,5,PHASE_4_COMPLETE,request_generated=False|urgency=NONE|requirements=0|priority_areas=
21:17:08,1,2,TURN_START,player_nation=Unknown|total_tokens=0|captured_kps=0
21:17:08,1,2,VP_INTELLIGENCE,"vp_status={'vp_own': 0, 'vp_enemy': 0, 'vp_gap': 0, 'turn': 1, 'max_turns': 30}|trend_direction=STABLE|threat_level=LOW|opportunities_count=0|recommendations_count=0"
21:17:08,UNKNOWN,UNKNOWN,SCOUT_IDENTIFICATION,total_units=0|scouts_found=0|scout_ids=
21:17:08,1,2,PHASE1_SUMMARY,total_units=0|scouts_identified=0|scouts_deployed=0|enemies_detected=0|combat_opportunities=0|threat_clusters=0
21:17:08,UNKNOWN,UNKNOWN,SCOUT_IDENTIFICATION,total_units=0|scouts_found=0|scout_ids=
21:17:08,1,2,PHASE1_SUMMARY,total_units=0|scouts_identified=0|scouts_deployed=0|enemies_detected=0|combat_opportunities=0|threat_clusters=0
21:17:08,1,2,PHASE2_SUMMARY,active_plans=0|new_plans=0|executed_plans=0|aborted_plans=0
21:17:08,1,2,TURN_START,player_nation=Polska|total_units=0|available_units=0
21:17:08,1,2,PHASE3_SUMMARY,defenders_assigned=0|kps_covered=0|pe_secure=True|threat_level=0.0|active_plans=0
21:17:08,UNKNOWN,UNKNOWN,SCOUT_IDENTIFICATION,total_units=0|scouts_found=0|scout_ids=
21:17:08,1,2,PHASE1_SUMMARY,total_units=0|scouts_identified=0|scouts_deployed=0|enemies_detected=0|combat_opportunities=0|threat_clusters=0
21:17:08,UNKNOWN,UNKNOWN,SCOUT_IDENTIFICATION,total_units=0|scouts_found=0|scout_ids=
21:17:08,1,2,PHASE1_SUMMARY,total_units=0|scouts_identified=0|scouts_deployed=0|enemies_detected=0|combat_opportunities=0|threat_clusters=0
21:17:08,1,2,PHASE2_SUMMARY,active_plans=0|new_plans=0|executed_plans=0|aborted_plans=0
21:17:08,1,2,TURN_START,player_nation=Polska|total_units=0|available_units=0
21:17:08,1,2,PHASE3_SUMMARY,defenders_assigned=0|kps_covered=0|pe_secure=True|threat_level=0.0|active_plans=0
21:17:08,UNKNOWN,2,PHASE_4_COMPLETE,request_generated=False|urgency=NONE|requirements=0|priority_areas=
21:17:08,1,5,TURN_START,player_nation=Unknown|total_tokens=0|captured_kps=0
21:17:08,1,5,VP_INTELLIGENCE,"vp_status={'vp_own': 0, 'vp_enemy': 0, 'vp_gap': 0, 'turn': 1, 'max_turns': 30}|trend_direction=STABLE|threat_level=LOW|opportunities_count=0|recommendations_count=0"
21:17:08,UNKNOWN,UNKNOWN,SCOUT_IDENTIFICATION,total_units=0|scouts_found=0|scout_ids=
21:17:08,1,5,PHASE1_SUMMARY,total_units=0|scouts_identified=0|scouts_deployed=0|enemies_detected=0|combat_opportunities=0|threat_clusters=0
21:17:08,UNKNOWN,UNKNOWN,SCOUT_IDENTIFICATION,total_units=0|scouts_found=0|scout_ids=
21:17:08,1,5,PHASE1_SUMMARY,total_units=0|scouts_identified=0|scouts_deployed=0|enemies_detected=0|combat_opportunities=0|threat_clusters=0
21:17:08,1,5,PHASE2_SUMMARY,active_plans=0|new_plans=0|executed_plans=0|aborted_plans=0
21:17:08,1,5,TURN_START,player_nation=Niemcy|total_units=0|available_units=0
21:17:08,1,5,PHASE3_SUMMARY,defenders_assigned=0|kps_covered=0|pe_secure=True|threat_level=0.0|active_plans=0
21:17:08,UNKNOWN,UNKNOWN,SCOUT_IDENTIFICATION,total_units=0|scouts_found=0|scout_ids=
21:17:08,1,5,PHASE1_SUMMARY,total_units=0|scouts_identified=0|scouts_deployed=0|enemies_detected=0|combat_opportunities=0|threat_clusters=0
21:17:08,UNKNOWN,UNKNOWN,SCOUT_IDENTIFICATION,total_units=0|scouts_found=0|scout_ids=
21:17:08,1,5,PHASE1_SUMMARY,total_units=0|scouts_identified=0|scouts_deployed=0|enemies_detected=0|combat_opportunities=0|threat_clusters=0
21:17:08,1,5,PHASE2_SUMMARY,active_plans=0|new_plans=0|executed_plans=0|aborted_plans=0
21:17:08,1,5,TURN_START,player_nation=Niemcy|total_units=0|available_units=0
21:17:08,1,5,PHASE3_SUMMARY,defenders_assigned=0|kps_covered=0|pe_secure=True|threat_level=0.0|active_plans=0
21:17:08,UNKNOWN,5,PHASE_4_COMPLETE,request_generated=False|urgency=NONE|requirements=0|priority_areas=
21:17:08,1,2,TURN_START,player_nation=Unknown|total_tokens=0|captured_kps=0
21:17:08,1,2,VP_INTELLIGENCE,"vp_status={'vp_own': 0, 'vp_enemy': 0, 'vp_gap': 0, 'turn': 1, 'max_turns': 30}|trend_direction=STABLE|threat_level=LOW|opportunities_count=0|recommendations_count=0"
21:17:08,UNKNOWN,UNKNOWN,SCOUT_IDENTIFICATION,total_units=0|scouts_found=0|scout_ids=
21:17:08,1,2,PHASE1_SUMMARY,total_units=0|scouts_identified=0|scouts_deployed=0|enemies_detected=0|combat_opportunities=0|threat_clusters=0
21:17:08,UNKNOWN,UNKNOWN,SCOUT_IDENTIFICATION,total_units=0|scouts_found=0|scout_ids=
21:17:08,1,2,PHASE1_SUMMARY,total_units=0|scouts_identified=0|scouts_deployed=0|enemies_detected=0|combat_opportunities=0|threat_clusters=0
21:17:08,1,2,PHASE2_SUMMARY,active_plans=0|new_plans=0|executed_plans=0|aborted_plans=0
21:17:08,1,2,TURN_START,player_nation=Polska|total_units=0|available_units=0
21:17:08,1,2,PHASE3_SUMMARY,defenders_assigned=0|kps_covered=0|pe_secure=True|threat_level=0.0|active_plans=0
21:17:08,UNKNOWN,UNKNOWN,SCOUT_IDENTIFICATION,total_units=0|scouts_found=0|scout_ids=
21:17:08,1,2,PHASE1_SUMMARY,total_units=0|scouts_identified=0|scouts_deployed=0|enemies_detected=0|combat_opportunities=0|threat_clusters=0
21:17:08,UNKNOWN,UNKNOWN,SCOUT_IDENTIFICATION,total_units=0|scouts_found=0|scout_ids=
21:17:08,1,2,PHASE1_SUMMARY,total_units=0|scouts_identified=0|scouts_deployed=0|enemies_detected=0|combat_opportunities=0|threat_clusters=0
21:17:08,1,2,PHASE2_SUMMARY,active_plans=0|new_plans=0|executed_plans=0|aborted_plans=0
21:17:08,1,2,TURN_START,player_nation=Polska|total_units=0|available_units=0
21:17:08,1,2,PHASE3_SUMMARY,defenders_assigned=0|kps_covered=0|pe_secure=True|threat_level=0.0|active_plans=0
21:17:08,UNKNOWN,2,PHASE_4_COMPLETE,request_generated=False|urgency=NONE|requirements=0|priority_areas=
21:17:08,1,5,TURN_START,player_nation=Unknown|total_tokens=0|captured_kps=0
21:17:08,1,5,VP_INTELLIGENCE,"vp_status={'vp_own': 0, 'vp_enemy': 0, 'vp_gap': 0, 'turn': 1, 'max_turns': 30}|trend_direction=STABLE|threat_level=LOW|opportunities_count=0|recommendations_count=0"
21:17:08,UNKNOWN,UNKNOWN,SCOUT_IDENTIFICATION,total_units=0|scouts_found=0|scout_ids=
21:17:08,1,5,PHASE1_SUMMARY,total_units=0|scouts_identified=0|scouts_deployed=0|enemies_detected=0|combat_opportunities=0|threat_clusters=0
21:17:08,UNKNOWN,UNKNOWN,SCOUT_IDENTIFICATION,total_units=0|scouts_found=0|scout_ids=
21:17:08,1,5,PHASE1_SUMMARY,total_units=0|scouts_identified=0|scouts_deployed=0|enemies_detected=0|combat_opportunities=0|threat_clusters=0
21:17:08,1,5,PHASE2_SUMMARY,active_plans=0|new_plans=0|executed_plans=0|aborted_plans=0
21:17:08,1,5,TURN_START,player_nation=Niemcy|total_units=0|available_units=0
21:17:08,1,5,PHASE3_SUMMARY,defenders_assigned=0|kps_covered=0|pe_secure=True|threat_level=0.0|active_plans=0
21:17:08,UNKNOWN,UNKNOWN,SCOUT_IDENTIFICATION,total_units=0|scouts_found=0|scout_ids=
21:17:08,1,5,PHASE1_SUMMARY,total_units=0|scouts_identified=0|scouts_deployed=0|enemies_detected=0|combat_opportunities=0|threat_clusters=0
21:17:08,UNKNOWN,UNKNOWN,SCOUT_IDENTIFICATION,total_units=0|scouts_found=0|scout_ids=
21:17:08,1,5,PHASE1_SUMMARY,total_units=0|scouts_identified=0|scouts_deployed=0|enemies_detected=0|combat_opportunities=0|threat_clusters=0
21:17:08,1,5,PHASE2_SUMMARY,active_plans=0|new_plans=0|executed_plans=0|aborted_plans=0
21:17:08,1,5,TURN_START,player_nation=Niemcy|total_units=0|available_units=0
21:17:08,1,5,PHASE3_SUMMARY,defenders_assigned=0|kps_covered=0|pe_secure=True|threat_level=0.0|active_plans=0
21:17:08,UNKNOWN,5,PHASE_4_COMPLETE,request_generated=False|urgency=NONE|requirements=0|priority_areas=
21:17:08,1,2,TURN_START,player_nation=Unknown|total_tokens=0|captured_kps=0
21:17:08,1,2,VP_INTELLIGENCE,"vp_status={'vp_own': 0, 'vp_enemy': 0, 'vp_gap': 0, 'turn': 1, 'max_turns': 30}|trend_direction=STABLE|threat_level=LOW|opportunities_count=0|recommendations_count=0"
21:17:08,UNKNOWN,UNKNOWN,SCOUT_IDENTIFICATION,total_units=0|scouts_found=0|scout_ids=
21:17:08,1,2,PHASE1_SUMMARY,total_units=0|scouts_identified=0|scouts_deployed=0|enemies_detected=0|combat_opportunities=0|threat_clusters=0
21:17:08,UNKNOWN,UNKNOWN,SCOUT_IDENTIFICATION,total_units=0|scouts_found=0|scout_ids=
21:17:08,1,2,PHASE1_SUMMARY,total_units=0|scouts_identified=0|scouts_deployed=0|enemies_detected=0|combat_opportunities=0|threat_clusters=0
21:17:08,1,2,PHASE2_SUMMARY,active_plans=0|new_plans=0|executed_plans=0|aborted_plans=0
21:17:08,1,2,TURN_START,player_nation=Polska|total_units=0|available_units=0
21:17:08,1,2,PHASE3_SUMMARY,defenders_assigned=0|kps_covered=0|pe_secure=True|threat_level=0.0|active_plans=0
21:17:08,UNKNOWN,UNKNOWN,SCOUT_IDENTIFICATION,total_units=0|scouts_found=0|scout_ids=
21:17:08,1,2,PHASE1_SUMMARY,total_units=0|scouts_identified=0|scouts_deployed=0|enemies_detected=0|combat_opportunities=0|threat_clusters=0
21:17:08,UNKNOWN,UNKNOWN,SCOUT_IDENTIFICATION,total_units=0|scouts_found=0|scout_ids=
21:17:08,1,2,PHASE1_SUMMARY,total_units=0|scouts_identified=0|scouts_deployed=0|enemies_detected=0|combat_opportunities=0|threat_clusters=0
21:17:08,1,2,PHASE2_SUMMARY,active_plans=0|new_plans=0|executed_plans=0|aborted_plans=0
21:17:08,1,2,TURN_START,player_nation=Polska|total_units=0|available_units=0
21:17:08,1,2,PHASE3_SUMMARY,defenders_assigned=0|kps_covered=0|pe_secure=True|threat_level=0.0|active_plans=0
21:17:08,UNKNOWN,2,PHASE_4_COMPLETE,request_generated=False|urgency=NONE|requirements=0|priority_areas=
21:17:08,1,5,TURN_START,player_nation=Unknown|total_tokens=0|captured_kps=0
21:17:08,1,5,VP_INTELLIGENCE,"vp_status={'vp_own': 0, 'vp_enemy': 0, 'vp_gap': 0, 'turn': 1, 'max_turns': 30}|trend_direction=STABLE|threat_level=LOW|opportunities_count=0|recommendations_count=0"
21:17:08,UNKNOWN,UNKNOWN,SCOUT_IDENTIFICATION,total_units=0|scouts_found=0|scout_ids=
21:17:08,1,5,PHASE1_SUMMARY,total_units=0|scouts_identified=0|scouts_deployed=0|enemies_detected=0|combat_opportunities=0|threat_clusters=0
21:17:08,UNKNOWN,UNKNOWN,SCOUT_IDENTIFICATION,total_units=0|scouts_found=0|scout_ids=
21:17:08,1,5,PHASE1_SUMMARY,total_units=0|scouts_identified=0|scouts_deployed=0|enemies_detected=0|combat_opportunities=0|threat_clusters=0
21:17:08,1,5,PHASE2_SUMMARY,active_plans=0|new_plans=0|executed_plans=0|aborted_plans=0
21:17:08,1,5,TURN_START,player_nation=Niemcy|total_units=0|available_units=0
21:17:08,1,5,PHASE3_SUMMARY,defenders_assigned=0|kps_covered=0|pe_secure=True|threat_level=0.0|active_plans=0
21:17:08,UNKNOWN,UNKNOWN,SCOUT_IDENTIFICATION,total_units=0|scouts_found=0|scout_ids=
21:17:08,1,5,PHASE1_SUMMARY,total_units=0|scouts_identified=0|scouts_deployed=0|enemies_detected=0|combat_opportunities=0|threat_clusters=0
21:17:08,UNKNOWN,UNKNOWN,SCOUT_IDENTIFICATION,total_units=0|scouts_found=0|scout_ids=
21:17:08,1,5,PHASE1_SUMMARY,total_units=0|scouts_identified=0|scouts_deployed=0|enemies_detected=0|combat_opportunities=0|threat_clusters=0
21:17:08,1,5,PHASE2_SUMMARY,active_plans=0|new_plans=0|executed_plans=0|aborted_plans=0
21:17:08,1,5,TURN_START,player_nation=Niemcy|total_units=0|available_units=0
21:17:08,1,5,PHASE3_SUMMARY,defenders_assigned=0|kps_covered=0|pe_secure=True|threat_level=0.0|active_plans=0
21:17:08,UNKNOWN,5,PHASE_4_COMPLETE,request_generated=False|urgency=NONE|requirements=0|priority_areas=
21:17:08,1,2,TURN_START,player_nation=Unknown|total_tokens=0|captured_kps=0
21:17:08,1,2,VP_INTELLIGENCE,"vp_status={'vp_own': 0, 'vp_enemy': 0, 'vp_gap': 0, 'turn': 1, 'max_turns': 30}|trend_direction=STABLE|threat_level=LOW|opportunities_count=0|recommendations_count=0"
21:17:08,UNKNOWN,UNKNOWN,SCOUT_IDENTIFICATION,total_units=0|scouts_found=0|scout_ids=
21:17:08,1,2,PHASE1_SUMMARY,total_units=0|scouts_identified=0|scouts_deployed=0|enemies_detected=0|combat_opportunities=0|threat_clusters=0
21:17:08,UNKNOWN,UNKNOWN,SCOUT_IDENTIFICATION,total_units=0|scouts_found=0|scout_ids=
21:17:08,1,2,PHASE1_SUMMARY,total_units=0|scouts_identified=0|scouts_deployed=0|enemies_detected=0|combat_opportunities=0|threat_clusters=0
21:17:08,1,2,PHASE2_SUMMARY,active_plans=0|new_plans=0|executed_plans=0|aborted_plans=0
21:17:08,1,2,TURN_START,player_nation=Polska|total_units=0|available_units=0
21:17:08,1,2,PHASE3_SUMMARY,defenders_assigned=0|kps_covered=0|pe_secure=True|threat_level=0.0|active_plans=0
21:17:08,UNKNOWN,UNKNOWN,SCOUT_IDENTIFICATION,total_units=0|scouts_found=0|scout_ids=
21:17:08,1,2,PHASE1_SUMMARY,total_units=0|scouts_identified=0|scouts_deployed=0|enemies_detected=0|combat_opportunities=0|threat_clusters=0
21:17:08,UNKNOWN,UNKNOWN,SCOUT_IDENTIFICATION,total_units=0|scouts_found=0|scout_ids=
21:17:08,1,2,PHASE1_SUMMARY,total_units=0|scouts_identified=0|scouts_deployed=0|enemies_detected=0|combat_opportunities=0|threat_clusters=0
21:17:08,1,2,PHASE2_SUMMARY,active_plans=0|new_plans=0|executed_plans=0|aborted_plans=0
21:17:08,1,2,TURN_START,player_nation=Polska|total_units=0|available_units=0
21:17:08,1,2,PHASE3_SUMMARY,defenders_assigned=0|kps_covered=0|pe_secure=True|threat_level=0.0|active_plans=0
21:17:08,UNKNOWN,2,PHASE_4_COMPLETE,request_generated=False|urgency=NONE|requirements=0|priority_areas=
21:17:08,1,5,TURN_START,player_nation=Unknown|total_tokens=0|captured_kps=0
21:17:08,1,5,VP_INTELLIGENCE,"vp_status={'vp_own': 0, 'vp_enemy': 0, 'vp_gap': 0, 'turn': 1, 'max_turns': 30}|trend_direction=STABLE|threat_level=LOW|opportunities_count=0|recommendations_count=0"
21:17:08,UNKNOWN,UNKNOWN,SCOUT_IDENTIFICATION,total_units=0|scouts_found=0|scout_ids=
21:17:08,1,5,PHASE1_SUMMARY,total_units=0|scouts_identified=0|scouts_deployed=0|enemies_detected=0|combat_opportunities=0|threat_clusters=0
21:17:08,UNKNOWN,UNKNOWN,SCOUT_IDENTIFICATION,total_units=0|scouts_found=0|scout_ids=
21:17:08,1,5,PHASE1_SUMMARY,total_units=0|scouts_identified=0|scouts_deployed=0|enemies_detected=0|combat_opportunities=0|threat_clusters=0
21:17:08,1,5,PHASE2_SUMMARY,active_plans=0|new_plans=0|executed_plans=0|aborted_plans=0
21:17:08,1,5,TURN_START,player_nation=Niemcy|total_units=0|available_units=0
21:17:08,1,5,PHASE3_SUMMARY,defenders_assigned=0|kps_covered=0|pe_secure=True|threat_level=0.0|active_plans=0
21:17:08,UNKNOWN,UNKNOWN,SCOUT_IDENTIFICATION,total_units=0|scouts_found=0|scout_ids=
21:17:08,1,5,PHASE1_SUMMARY,total_units=0|scouts_identified=0|scouts_deployed=0|enemies_detected=0|combat_opportunities=0|threat_clusters=0
21:17:08,UNKNOWN,UNKNOWN,SCOUT_IDENTIFICATION,total_units=0|scouts_found=0|scout_ids=
21:17:08,1,5,PHASE1_SUMMARY,total_units=0|scouts_identified=0|scouts_deployed=0|enemies_detected=0|combat_opportunities=0|threat_clusters=0
21:17:08,1,5,PHASE2_SUMMARY,active_plans=0|new_plans=0|executed_plans=0|aborted_plans=0
21:17:08,1,5,TURN_START,player_nation=Niemcy|total_units=0|available_units=0
21:17:08,1,5,PHASE3_SUMMARY,defenders_assigned=0|kps_covered=0|pe_secure=True|threat_level=0.0|active_plans=0
21:17:08,UNKNOWN,5,PHASE_4_COMPLETE,request_generated=False|urgency=NONE|requirements=0|priority_areas=
21:17:08,1,2,TURN_START,player_nation=Unknown|total_tokens=0|captured_kps=0
21:17:08,1,2,VP_INTELLIGENCE,"vp_status={'vp_own': 0, 'vp_enemy': 0, 'vp_gap': 0, 'turn': 1, 'max_turns': 30}|trend_direction=STABLE|threat_level=LOW|opportunities_count=0|recommendations_count=0"
21:17:08,UNKNOWN,UNKNOWN,SCOUT_IDENTIFICATION,total_units=0|scouts_found=0|scout_ids=
21:17:08,1,2,PHASE1_SUMMARY,total_units=0|scouts_identified=0|scouts_deployed=0|enemies_detected=0|combat_opportunities=0|threat_clusters=0
21:17:08,UNKNOWN,UNKNOWN,SCOUT_IDENTIFICATION,total_units=0|scouts_found=0|scout_ids=
21:17:08,1,2,PHASE1_SUMMARY,total_units=0|scouts_identified=0|scouts_deployed=0|enemies_detected=0|combat_opportunities=0|threat_clusters=0
21:17:08,1,2,PHASE2_SUMMARY,active_plans=0|new_plans=0|executed_plans=0|aborted_plans=0
21:17:08,1,2,TURN_START,player_nation=Polska|total_units=0|available_units=0
21:17:08,1,2,PHASE3_SUMMARY,defenders_assigned=0|kps_covered=0|pe_secure=True|threat_level=0.0|active_plans=0
21:17:08,UNKNOWN,UNKNOWN,SCOUT_IDENTIFICATION,total_units=0|scouts_found=0|scout_ids=
21:17:08,1,2,PHASE1_SUMMARY,total_units=0|scouts_identified=0|scouts_deployed=0|enemies_detected=0|combat_opportunities=0|threat_clusters=0
21:17:08,UNKNOWN,UNKNOWN,SCOUT_IDENTIFICATION,total_units=0|scouts_found=0|scout_ids=
21:17:08,1,2,PHASE1_SUMMARY,total_units=0|scouts_identified=0|scouts_deployed=0|enemies_detected=0|combat_opportunities=0|threat_clusters=0
21:17:08,1,2,PHASE2_SUMMARY,active_plans=0|new_plans=0|executed_plans=0|aborted_plans=0
21:17:08,1,2,TURN_START,player_nation=Polska|total_units=0|available_units=0
21:17:08,1,2,PHASE3_SUMMARY,defenders_assigned=0|kps_covered=0|pe_secure=True|threat_level=0.0|active_plans=0
21:17:08,UNKNOWN,2,PHASE_4_COMPLETE,request_generated=False|urgency=NONE|requirements=0|priority_areas=
21:17:08,1,5,TURN_START,player_nation=Unknown|total_tokens=0|captured_kps=0
21:17:08,1,5,VP_INTELLIGENCE,"vp_status={'vp_own': 0, 'vp_enemy': 0, 'vp_gap': 0, 'turn': 1, 'max_turns': 30}|trend_direction=STABLE|threat_level=LOW|opportunities_count=0|recommendations_count=0"
21:17:08,UNKNOWN,UNKNOWN,SCOUT_IDENTIFICATION,total_units=0|scouts_found=0|scout_ids=
21:17:08,1,5,PHASE1_SUMMARY,total_units=0|scouts_identified=0|scouts_deployed=0|enemies_detected=0|combat_opportunities=0|threat_clusters=0
21:17:08,UNKNOWN,UNKNOWN,SCOUT_IDENTIFICATION,total_units=0|scouts_found=0|scout_ids=
21:17:08,1,5,PHASE1_SUMMARY,total_units=0|scouts_identified=0|scouts_deployed=0|enemies_detected=0|combat_opportunities=0|threat_clusters=0
21:17:08,1,5,PHASE2_SUMMARY,active_plans=0|new_plans=0|executed_plans=0|aborted_plans=0
21:17:08,1,5,TURN_START,player_nation=Niemcy|total_units=0|available_units=0
21:17:08,1,5,PHASE3_SUMMARY,defenders_assigned=0|kps_covered=0|pe_secure=True|threat_level=0.0|active_plans=0
21:17:08,UNKNOWN,UNKNOWN,SCOUT_IDENTIFICATION,total_units=0|scouts_found=0|scout_ids=
21:17:08,1,5,PHASE1_SUMMARY,total_units=0|scouts_identified=0|scouts_deployed=0|enemies_detected=0|combat_opportunities=0|threat_clusters=0
21:17:08,UNKNOWN,UNKNOWN,SCOUT_IDENTIFICATION,total_units=0|scouts_found=0|scout_ids=
21:17:08,1,5,PHASE1_SUMMARY,total_units=0|scouts_identified=0|scouts_deployed=0|enemies_detected=0|combat_opportunities=0|threat_clusters=0
21:17:08,1,5,PHASE2_SUMMARY,active_plans=0|new_plans=0|executed_plans=0|aborted_plans=0
21:17:08,1,5,TURN_START,player_nation=Niemcy|total_units=0|available_units=0
21:17:08,1,5,PHASE3_SUMMARY,defenders_assigned=0|kps_covered=0|pe_secure=True|threat_level=0.0|active_plans=0
21:17:08,UNKNOWN,5,PHASE_4_COMPLETE,request_generated=False|urgency=NONE|requirements=0|priority_areas=
21:17:08,1,2,TURN_START,player_nation=Unknown|total_tokens=0|captured_kps=0
21:17:08,1,2,VP_INTELLIGENCE,"vp_status={'vp_own': 0, 'vp_enemy': 0, 'vp_gap': 0, 'turn': 1, 'max_turns': 30}|trend_direction=STABLE|threat_level=LOW|opportunities_count=0|recommendations_count=0"
21:17:08,UNKNOWN,UNKNOWN,SCOUT_IDENTIFICATION,total_units=0|scouts_found=0|scout_ids=
21:17:08,1,2,PHASE1_SUMMARY,total_units=0|scouts_identified=0|scouts_deployed=0|enemies_detected=0|combat_opportunities=0|threat_clusters=0
21:17:08,UNKNOWN,UNKNOWN,SCOUT_IDENTIFICATION,total_units=0|scouts_found=0|scout_ids=
21:17:08,1,2,PHASE1_SUMMARY,total_units=0|scouts_identified=0|scouts_deployed=0|enemies_detected=0|combat_opportunities=0|threat_clusters=0
21:17:08,1,2,PHASE2_SUMMARY,active_plans=0|new_plans=0|executed_plans=0|aborted_plans=0
21:17:08,1,2,TURN_START,player_nation=Polska|total_units=0|available_units=0
21:17:08,1,2,PHASE3_SUMMARY,defenders_assigned=0|kps_covered=0|pe_secure=True|threat_level=0.0|active_plans=0
21:17:08,UNKNOWN,UNKNOWN,SCOUT_IDENTIFICATION,total_units=0|scouts_found=0|scout_ids=
21:17:08,1,2,PHASE1_SUMMARY,total_units=0|scouts_identified=0|scouts_deployed=0|enemies_detected=0|combat_opportunities=0|threat_clusters=0
21:17:08,UNKNOWN,UNKNOWN,SCOUT_IDENTIFICATION,total_units=0|scouts_found=0|scout_ids=
21:17:08,1,2,PHASE1_SUMMARY,total_units=0|scouts_identified=0|scouts_deployed=0|enemies_detected=0|combat_opportunities=0|threat_clusters=0
21:17:08,1,2,PHASE2_SUMMARY,active_plans=0|new_plans=0|executed_plans=0|aborted_plans=0
21:17:08,1,2,TURN_START,player_nation=Polska|total_units=0|available_units=0
21:17:08,1,2,PHASE3_SUMMARY,defenders_assigned=0|kps_covered=0|pe_secure=True|threat_level=0.0|active_plans=0
21:17:08,UNKNOWN,2,PHASE_4_COMPLETE,request_generated=False|urgency=NONE|requirements=0|priority_areas=
21:17:08,1,5,TURN_START,player_nation=Unknown|total_tokens=0|captured_kps=0
21:17:08,1,5,VP_INTELLIGENCE,"vp_status={'vp_own': 0, 'vp_enemy': 0, 'vp_gap': 0, 'turn': 1, 'max_turns': 30}|trend_direction=STABLE|threat_level=LOW|opportunities_count=0|recommendations_count=0"
21:17:08,UNKNOWN,UNKNOWN,SCOUT_IDENTIFICATION,total_units=0|scouts_found=0|scout_ids=
21:17:08,1,5,PHASE1_SUMMARY,total_units=0|scouts_identified=0|scouts_deployed=0|enemies_detected=0|combat_opportunities=0|threat_clusters=0
21:17:08,UNKNOWN,UNKNOWN,SCOUT_IDENTIFICATION,total_units=0|scouts_found=0|scout_ids=
21:17:08,1,5,PHASE1_SUMMARY,total_units=0|scouts_identified=0|scouts_deployed=0|enemies_detected=0|combat_opportunities=0|threat_clusters=0
21:17:08,1,5,PHASE2_SUMMARY,active_plans=0|new_plans=0|executed_plans=0|aborted_plans=0
21:17:08,1,5,TURN_START,player_nation=Niemcy|total_units=0|available_units=0
21:17:08,1,5,PHASE3_SUMMARY,defenders_assigned=0|kps_covered=0|pe_secure=True|threat_level=0.0|active_plans=0
21:17:08,UNKNOWN,UNKNOWN,SCOUT_IDENTIFICATION,total_units=0|scouts_found=0|scout_ids=
21:17:08,1,5,PHASE1_SUMMARY,total_units=0|scouts_identified=0|scouts_deployed=0|enemies_detected=0|combat_opportunities=0|threat_clusters=0
21:17:08,UNKNOWN,UNKNOWN,SCOUT_IDENTIFICATION,total_units=0|scouts_found=0|scout_ids=
21:17:08,1,5,PHASE1_SUMMARY,total_units=0|scouts_identified=0|scouts_deployed=0|enemies_detected=0|combat_opportunities=0|threat_clusters=0
21:17:08,1,5,PHASE2_SUMMARY,active_plans=0|new_plans=0|executed_plans=0|aborted_plans=0
21:17:08,1,5,TURN_START,player_nation=Niemcy|total_units=0|available_units=0
21:17:08,1,5,PHASE3_SUMMARY,defenders_assigned=0|kps_covered=0|pe_secure=True|threat_level=0.0|active_plans=0
21:17:08,UNKNOWN,5,PHASE_4_COMPLETE,request_generated=False|urgency=NONE|requirements=0|priority_areas=
21:17:08,1,2,TURN_START,player_nation=Unknown|total_tokens=0|captured_kps=0
21:17:08,1,2,VP_INTELLIGENCE,"vp_status={'vp_own': 0, 'vp_enemy': 0, 'vp_gap': 0, 'turn': 1, 'max_turns': 30}|trend_direction=STABLE|threat_level=LOW|opportunities_count=0|recommendations_count=0"
21:17:08,UNKNOWN,UNKNOWN,SCOUT_IDENTIFICATION,total_units=0|scouts_found=0|scout_ids=
21:17:08,1,2,PHASE1_SUMMARY,total_units=0|scouts_identified=0|scouts_deployed=0|enemies_detected=0|combat_opportunities=0|threat_clusters=0
21:17:08,UNKNOWN,UNKNOWN,SCOUT_IDENTIFICATION,total_units=0|scouts_found=0|scout_ids=
21:17:08,1,2,PHASE1_SUMMARY,total_units=0|scouts_identified=0|scouts_deployed=0|enemies_detected=0|combat_opportunities=0|threat_clusters=0
21:17:08,1,2,PHASE2_SUMMARY,active_plans=0|new_plans=0|executed_plans=0|aborted_plans=0
21:17:08,1,2,TURN_START,player_nation=Polska|total_units=0|available_units=0
21:17:08,1,2,PHASE3_SUMMARY,defenders_assigned=0|kps_covered=0|pe_secure=True|threat_level=0.0|active_plans=0
21:17:08,UNKNOWN,UNKNOWN,SCOUT_IDENTIFICATION,total_units=0|scouts_found=0|scout_ids=
21:17:08,1,2,PHASE1_SUMMARY,total_units=0|scouts_identified=0|scouts_deployed=0|enemies_detected=0|combat_opportunities=0|threat_clusters=0
21:17:08,UNKNOWN,UNKNOWN,SCOUT_IDENTIFICATION,total_units=0|scouts_found=0|scout_ids=
21:17:08,1,2,PHASE1_SUMMARY,total_units=0|scouts_identified=0|scouts_deployed=0|enemies_detected=0|combat_opportunities=0|threat_clusters=0
21:17:08,1,2,PHASE2_SUMMARY,active_plans=0|new_plans=0|executed_plans=0|aborted_plans=0
21:17:08,1,2,TURN_START,player_nation=Polska|total_units=0|available_units=0
21:17:08,1,2,PHASE3_SUMMARY,defenders_assigned=0|kps_covered=0|pe_secure=True|threat_level=0.0|active_plans=0
21:17:08,UNKNOWN,2,PHASE_4_COMPLETE,request_generated=False|urgency=NONE|requirements=0|priority_areas=
21:17:08,1,5,TURN_START,player_nation=Unknown|total_tokens=0|captured_kps=0
21:17:08,1,5,VP_INTELLIGENCE,"vp_status={'vp_own': 0, 'vp_enemy': 0, 'vp_gap': 0, 'turn': 1, 'max_turns': 30}|trend_direction=STABLE|threat_level=LOW|opportunities_count=0|recommendations_count=0"
21:17:08,UNKNOWN,UNKNOWN,SCOUT_IDENTIFICATION,total_units=0|scouts_found=0|scout_ids=
21:17:08,1,5,PHASE1_SUMMARY,total_units=0|scouts_identified=0|scouts_deployed=0|enemies_detected=0|combat_opportunities=0|threat_clusters=0
21:17:08,UNKNOWN,UNKNOWN,SCOUT_IDENTIFICATION,total_units=0|scouts_found=0|scout_ids=
21:17:08,1,5,PHASE1_SUMMARY,total_units=0|scouts_identified=0|scouts_deployed=0|enemies_detected=0|combat_opportunities=0|threat_clusters=0
21:17:08,1,5,PHASE2_SUMMARY,active_plans=0|new_plans=0|executed_plans=0|aborted_plans=0
21:17:08,1,5,TURN_START,player_nation=Niemcy|total_units=0|available_units=0
21:17:08,1,5,PHASE3_SUMMARY,defenders_assigned=0|kps_covered=0|pe_secure=True|threat_level=0.0|active_plans=0
21:17:08,UNKNOWN,UNKNOWN,SCOUT_IDENTIFICATION,total_units=0|scouts_found=0|scout_ids=
21:17:08,1,5,PHASE1_SUMMARY,total_units=0|scouts_identified=0|scouts_deployed=0|enemies_detected=0|combat_opportunities=0|threat_clusters=0
21:17:08,UNKNOWN,UNKNOWN,SCOUT_IDENTIFICATION,total_units=0|scouts_found=0|scout_ids=
21:17:08,1,5,PHASE1_SUMMARY,total_units=0|scouts_identified=0|scouts_deployed=0|enemies_detected=0|combat_opportunities=0|threat_clusters=0
21:17:08,1,5,PHASE2_SUMMARY,active_plans=0|new_plans=0|executed_plans=0|aborted_plans=0
21:17:08,1,5,TURN_START,player_nation=Niemcy|total_units=0|available_units=0
21:17:08,1,5,PHASE3_SUMMARY,defenders_assigned=0|kps_covered=0|pe_secure=True|threat_level=0.0|active_plans=0
21:17:08,UNKNOWN,5,PHASE_4_COMPLETE,request_generated=False|urgency=NONE|requirements=0|priority_areas=
21:17:08,1,2,TURN_START,player_nation=Unknown|total_tokens=0|captured_kps=0
21:17:08,1,2,VP_INTELLIGENCE,"vp_status={'vp_own': 0, 'vp_enemy': 0, 'vp_gap': 0, 'turn': 1, 'max_turns': 30}|trend_direction=STABLE|threat_level=LOW|opportunities_count=0|recommendations_count=0"
21:17:08,UNKNOWN,UNKNOWN,SCOUT_IDENTIFICATION,total_units=0|scouts_found=0|scout_ids=
21:17:08,1,2,PHASE1_SUMMARY,total_units=0|scouts_identified=0|scouts_deployed=0|enemies_detected=0|combat_opportunities=0|threat_clusters=0
21:17:08,UNKNOWN,UNKNOWN,SCOUT_IDENTIFICATION,total_units=0|scouts_found=0|scout_ids=
21:17:08,1,2,PHASE1_SUMMARY,total_units=0|scouts_identified=0|scouts_deployed=0|enemies_detected=0|combat_opportunities=0|threat_clusters=0
21:17:08,1,2,PHASE2_SUMMARY,active_plans=0|new_plans=0|executed_plans=0|aborted_plans=0
21:17:08,1,2,TURN_START,player_nation=Polska|total_units=0|available_units=0
21:17:08,1,2,PHASE3_SUMMARY,defenders_assigned=0|kps_covered=0|pe_secure=True|threat_level=0.0|active_plans=0
21:17:08,UNKNOWN,UNKNOWN,SCOUT_IDENTIFICATION,total_units=0|scouts_found=0|scout_ids=
21:17:08,1,2,PHASE1_SUMMARY,total_units=0|scouts_identified=0|scouts_deployed=0|enemies_detected=0|combat_opportunities=0|threat_clusters=0
21:17:08,UNKNOWN,UNKNOWN,SCOUT_IDENTIFICATION,total_units=0|scouts_found=0|scout_ids=
21:17:08,1,2,PHASE1_SUMMARY,total_units=0|scouts_identified=0|scouts_deployed=0|enemies_detected=0|combat_opportunities=0|threat_clusters=0
21:17:08,1,2,PHASE2_SUMMARY,active_plans=0|new_plans=0|executed_plans=0|aborted_plans=0
21:17:08,1,2,TURN_START,player_nation=Polska|total_units=0|available_units=0
21:17:08,1,2,PHASE3_SUMMARY,defenders_assigned=0|kps_covered=0|pe_secure=True|threat_level=0.0|active_plans=0
21:17:08,UNKNOWN,2,PHASE_4_COMPLETE,request_generated=False|urgency=NONE|requirements=0|priority_areas=
21:17:08,1,5,TURN_START,player_nation=Unknown|total_tokens=0|captured_kps=0
21:17:08,1,5,VP_INTELLIGENCE,"vp_status={'vp_own': 0, 'vp_enemy': 0, 'vp_gap': 0, 'turn': 1, 'max_turns': 30}|trend_direction=STABLE|threat_level=LOW|opportunities_count=0|recommendations_count=0"
21:17:08,UNKNOWN,UNKNOWN,SCOUT_IDENTIFICATION,total_units=0|scouts_found=0|scout_ids=
21:17:08,1,5,PHASE1_SUMMARY,total_units=0|scouts_identified=0|scouts_deployed=0|enemies_detected=0|combat_opportunities=0|threat_clusters=0
21:17:08,UNKNOWN,UNKNOWN,SCOUT_IDENTIFICATION,total_units=0|scouts_found=0|scout_ids=
21:17:08,1,5,PHASE1_SUMMARY,total_units=0|scouts_identified=0|scouts_deployed=0|enemies_detected=0|combat_opportunities=0|threat_clusters=0
21:17:08,1,5,PHASE2_SUMMARY,active_plans=0|new_plans=0|executed_plans=0|aborted_plans=0
21:17:08,1,5,TURN_START,player_nation=Niemcy|total_units=0|available_units=0
21:17:08,1,5,PHASE3_SUMMARY,defenders_assigned=0|kps_covered=0|pe_secure=True|threat_level=0.0|active_plans=0
21:17:08,UNKNOWN,UNKNOWN,SCOUT_IDENTIFICATION,total_units=0|scouts_found=0|scout_ids=
21:17:08,1,5,PHASE1_SUMMARY,total_units=0|scouts_identified=0|scouts_deployed=0|enemies_detected=0|combat_opportunities=0|threat_clusters=0
21:17:08,UNKNOWN,UNKNOWN,SCOUT_IDENTIFICATION,total_units=0|scouts_found=0|scout_ids=
21:17:09,1,5,PHASE1_SUMMARY,total_units=0|scouts_identified=0|scouts_deployed=0|enemies_detected=0|combat_opportunities=0|threat_clusters=0
21:17:09,1,5,PHASE2_SUMMARY,active_plans=0|new_plans=0|executed_plans=0|aborted_plans=0
21:17:09,1,5,TURN_START,player_nation=Niemcy|total_units=0|available_units=0
21:17:09,1,5,PHASE3_SUMMARY,defenders_assigned=0|kps_covered=0|pe_secure=True|threat_level=0.0|active_plans=0
21:17:09,UNKNOWN,5,PHASE_4_COMPLETE,request_generated=False|urgency=NONE|requirements=0|priority_areas=
21:17:09,1,2,TURN_START,player_nation=Unknown|total_tokens=0|captured_kps=0
21:17:09,1,2,VP_INTELLIGENCE,"vp_status={'vp_own': 0, 'vp_enemy': 0, 'vp_gap': 0, 'turn': 1, 'max_turns': 30}|trend_direction=STABLE|threat_level=LOW|opportunities_count=0|recommendations_count=0"
21:17:09,UNKNOWN,UNKNOWN,SCOUT_IDENTIFICATION,total_units=0|scouts_found=0|scout_ids=
21:17:09,1,2,PHASE1_SUMMARY,total_units=0|scouts_identified=0|scouts_deployed=0|enemies_detected=0|combat_opportunities=0|threat_clusters=0
21:17:09,UNKNOWN,UNKNOWN,SCOUT_IDENTIFICATION,total_units=0|scouts_found=0|scout_ids=
21:17:09,1,2,PHASE1_SUMMARY,total_units=0|scouts_identified=0|scouts_deployed=0|enemies_detected=0|combat_opportunities=0|threat_clusters=0
21:17:09,1,2,PHASE2_SUMMARY,active_plans=0|new_plans=0|executed_plans=0|aborted_plans=0
21:17:09,1,2,TURN_START,player_nation=Polska|total_units=0|available_units=0
21:17:09,1,2,PHASE3_SUMMARY,defenders_assigned=0|kps_covered=0|pe_secure=True|threat_level=0.0|active_plans=0
21:17:09,UNKNOWN,UNKNOWN,SCOUT_IDENTIFICATION,total_units=0|scouts_found=0|scout_ids=
21:17:09,1,2,PHASE1_SUMMARY,total_units=0|scouts_identified=0|scouts_deployed=0|enemies_detected=0|combat_opportunities=0|threat_clusters=0
21:17:09,UNKNOWN,UNKNOWN,SCOUT_IDENTIFICATION,total_units=0|scouts_found=0|scout_ids=
21:17:09,1,2,PHASE1_SUMMARY,total_units=0|scouts_identified=0|scouts_deployed=0|enemies_detected=0|combat_opportunities=0|threat_clusters=0
21:17:09,1,2,PHASE2_SUMMARY,active_plans=0|new_plans=0|executed_plans=0|aborted_plans=0
21:17:09,1,2,TURN_START,player_nation=Polska|total_units=0|available_units=0
21:17:09,1,2,PHASE3_SUMMARY,defenders_assigned=0|kps_covered=0|pe_secure=True|threat_level=0.0|active_plans=0
21:17:09,UNKNOWN,2,PHASE_4_COMPLETE,request_generated=False|urgency=NONE|requirements=0|priority_areas=
21:17:09,1,5,TURN_START,player_nation=Unknown|total_tokens=0|captured_kps=0
21:17:09,1,5,VP_INTELLIGENCE,"vp_status={'vp_own': 0, 'vp_enemy': 0, 'vp_gap': 0, 'turn': 1, 'max_turns': 30}|trend_direction=STABLE|threat_level=LOW|opportunities_count=0|recommendations_count=0"
21:17:09,UNKNOWN,UNKNOWN,SCOUT_IDENTIFICATION,total_units=0|scouts_found=0|scout_ids=
21:17:09,1,5,PHASE1_SUMMARY,total_units=0|scouts_identified=0|scouts_deployed=0|enemies_detected=0|combat_opportunities=0|threat_clusters=0
21:17:09,UNKNOWN,UNKNOWN,SCOUT_IDENTIFICATION,total_units=0|scouts_found=0|scout_ids=
21:17:09,1,5,PHASE1_SUMMARY,total_units=0|scouts_identified=0|scouts_deployed=0|enemies_detected=0|combat_opportunities=0|threat_clusters=0
21:17:09,1,5,PHASE2_SUMMARY,active_plans=0|new_plans=0|executed_plans=0|aborted_plans=0
21:17:09,1,5,TURN_START,player_nation=Niemcy|total_units=0|available_units=0
21:17:09,1,5,PHASE3_SUMMARY,defenders_assigned=0|kps_covered=0|pe_secure=True|threat_level=0.0|active_plans=0
21:17:09,UNKNOWN,UNKNOWN,SCOUT_IDENTIFICATION,total_units=0|scouts_found=0|scout_ids=
21:17:09,1,5,PHASE1_SUMMARY,total_units=0|scouts_identified=0|scouts_deployed=0|enemies_detected=0|combat_opportunities=0|threat_clusters=0
21:17:09,UNKNOWN,UNKNOWN,SCOUT_IDENTIFICATION,total_units=0|scouts_found=0|scout_ids=
21:17:09,1,5,PHASE1_SUMMARY,total_units=0|scouts_identified=0|scouts_deployed=0|enemies_detected=0|combat_opportunities=0|threat_clusters=0
21:17:09,1,5,PHASE2_SUMMARY,active_plans=0|new_plans=0|executed_plans=0|aborted_plans=0
21:17:09,1,5,TURN_START,player_nation=Niemcy|total_units=0|available_units=0
21:17:09,1,5,PHASE3_SUMMARY,defenders_assigned=0|kps_covered=0|pe_secure=True|threat_level=0.0|active_plans=0
21:17:09,UNKNOWN,5,PHASE_4_COMPLETE,request_generated=False|urgency=NONE|requirements=0|priority_areas=
21:17:09,1,2,TURN_START,player_nation=Unknown|total_tokens=0|captured_kps=0
21:17:09,1,2,VP_INTELLIGENCE,"vp_status={'vp_own': 0, 'vp_enemy': 0, 'vp_gap': 0, 'turn': 1, 'max_turns': 30}|trend_direction=STABLE|threat_level=LOW|opportunities_count=0|recommendations_count=0"
21:17:09,UNKNOWN,UNKNOWN,SCOUT_IDENTIFICATION,total_units=0|scouts_found=0|scout_ids=
21:17:09,1,2,PHASE1_SUMMARY,total_units=0|scouts_identified=0|scouts_deployed=0|enemies_detected=0|combat_opportunities=0|threat_clusters=0
21:17:09,UNKNOWN,UNKNOWN,SCOUT_IDENTIFICATION,total_units=0|scouts_found=0|scout_ids=
21:17:09,1,2,PHASE1_SUMMARY,total_units=0|scouts_identified=0|scouts_deployed=0|enemies_detected=0|combat_opportunities=0|threat_clusters=0
21:17:09,1,2,PHASE2_SUMMARY,active_plans=0|new_plans=0|executed_plans=0|aborted_plans=0
21:17:09,1,2,TURN_START,player_nation=Polska|total_units=0|available_units=0
21:17:09,1,2,PHASE3_SUMMARY,defenders_assigned=0|kps_covered=0|pe_secure=True|threat_level=0.0|active_plans=0
21:17:09,UNKNOWN,UNKNOWN,SCOUT_IDENTIFICATION,total_units=0|scouts_found=0|scout_ids=
21:17:09,1,2,PHASE1_SUMMARY,total_units=0|scouts_identified=0|scouts_deployed=0|enemies_detected=0|combat_opportunities=0|threat_clusters=0
21:17:09,UNKNOWN,UNKNOWN,SCOUT_IDENTIFICATION,total_units=0|scouts_found=0|scout_ids=
21:17:09,1,2,PHASE1_SUMMARY,total_units=0|scouts_identified=0|scouts_deployed=0|enemies_detected=0|combat_opportunities=0|threat_clusters=0
21:17:09,1,2,PHASE2_SUMMARY,active_plans=0|new_plans=0|executed_plans=0|aborted_plans=0
21:17:09,1,2,TURN_START,player_nation=Polska|total_units=0|available_units=0
21:17:09,1,2,PHASE3_SUMMARY,defenders_assigned=0|kps_covered=0|pe_secure=True|threat_level=0.0|active_plans=0
21:17:09,UNKNOWN,2,PHASE_4_COMPLETE,request_generated=False|urgency=NONE|requirements=0|priority_areas=
21:17:09,1,5,TURN_START,player_nation=Unknown|total_tokens=0|captured_kps=0
21:17:09,1,5,VP_INTELLIGENCE,"vp_status={'vp_own': 0, 'vp_enemy': 0, 'vp_gap': 0, 'turn': 1, 'max_turns': 30}|trend_direction=STABLE|threat_level=LOW|opportunities_count=0|recommendations_count=0"
21:17:09,UNKNOWN,UNKNOWN,SCOUT_IDENTIFICATION,total_units=0|scouts_found=0|scout_ids=
21:17:09,1,5,PHASE1_SUMMARY,total_units=0|scouts_identified=0|scouts_deployed=0|enemies_detected=0|combat_opportunities=0|threat_clusters=0
21:17:09,UNKNOWN,UNKNOWN,SCOUT_IDENTIFICATION,total_units=0|scouts_found=0|scout_ids=
21:17:09,1,5,PHASE1_SUMMARY,total_units=0|scouts_identified=0|scouts_deployed=0|enemies_detected=0|combat_opportunities=0|threat_clusters=0
21:17:09,1,5,PHASE2_SUMMARY,active_plans=0|new_plans=0|executed_plans=0|aborted_plans=0
21:17:09,1,5,TURN_START,player_nation=Niemcy|total_units=0|available_units=0
21:17:09,1,5,PHASE3_SUMMARY,defenders_assigned=0|kps_covered=0|pe_secure=True|threat_level=0.0|active_plans=0
21:17:09,UNKNOWN,UNKNOWN,SCOUT_IDENTIFICATION,total_units=0|scouts_found=0|scout_ids=
21:17:09,1,5,PHASE1_SUMMARY,total_units=0|scouts_identified=0|scouts_deployed=0|enemies_detected=0|combat_opportunities=0|threat_clusters=0
21:17:09,UNKNOWN,UNKNOWN,SCOUT_IDENTIFICATION,total_units=0|scouts_found=0|scout_ids=
21:17:09,1,5,PHASE1_SUMMARY,total_units=0|scouts_identified=0|scouts_deployed=0|enemies_detected=0|combat_opportunities=0|threat_clusters=0
21:17:09,1,5,PHASE2_SUMMARY,active_plans=0|new_plans=0|executed_plans=0|aborted_plans=0
21:17:09,1,5,TURN_START,player_nation=Niemcy|total_units=0|available_units=0
21:17:09,1,5,PHASE3_SUMMARY,defenders_assigned=0|kps_covered=0|pe_secure=True|threat_level=0.0|active_plans=0
21:17:09,UNKNOWN,5,PHASE_4_COMPLETE,request_generated=False|urgency=NONE|requirements=0|priority_areas=
21:17:09,1,2,TURN_START,player_nation=Unknown|total_tokens=0|captured_kps=0
21:17:09,1,2,VP_INTELLIGENCE,"vp_status={'vp_own': 0, 'vp_enemy': 0, 'vp_gap': 0, 'turn': 1, 'max_turns': 30}|trend_direction=STABLE|threat_level=LOW|opportunities_count=0|recommendations_count=0"
21:17:09,UNKNOWN,UNKNOWN,SCOUT_IDENTIFICATION,total_units=0|scouts_found=0|scout_ids=
21:17:09,1,2,PHASE1_SUMMARY,total_units=0|scouts_identified=0|scouts_deployed=0|enemies_detected=0|combat_opportunities=0|threat_clusters=0
21:17:09,UNKNOWN,UNKNOWN,SCOUT_IDENTIFICATION,total_units=0|scouts_found=0|scout_ids=
21:17:09,1,2,PHASE1_SUMMARY,total_units=0|scouts_identified=0|scouts_deployed=0|enemies_detected=0|combat_opportunities=0|threat_clusters=0
21:17:09,1,2,PHASE2_SUMMARY,active_plans=0|new_plans=0|executed_plans=0|aborted_plans=0
21:17:09,1,2,TURN_START,player_nation=Polska|total_units=0|available_units=0
21:17:09,1,2,PHASE3_SUMMARY,defenders_assigned=0|kps_covered=0|pe_secure=True|threat_level=0.0|active_plans=0
21:17:09,UNKNOWN,UNKNOWN,SCOUT_IDENTIFICATION,total_units=0|scouts_found=0|scout_ids=
21:17:09,1,2,PHASE1_SUMMARY,total_units=0|scouts_identified=0|scouts_deployed=0|enemies_detected=0|combat_opportunities=0|threat_clusters=0
21:17:09,UNKNOWN,UNKNOWN,SCOUT_IDENTIFICATION,total_units=0|scouts_found=0|scout_ids=
21:17:09,1,2,PHASE1_SUMMARY,total_units=0|scouts_identified=0|scouts_deployed=0|enemies_detected=0|combat_opportunities=0|threat_clusters=0
21:17:09,1,2,PHASE2_SUMMARY,active_plans=0|new_plans=0|executed_plans=0|aborted_plans=0
21:17:09,1,2,TURN_START,player_nation=Polska|total_units=0|available_units=0
21:17:09,1,2,PHASE3_SUMMARY,defenders_assigned=0|kps_covered=0|pe_secure=True|threat_level=0.0|active_plans=0
21:17:09,UNKNOWN,2,PHASE_4_COMPLETE,request_generated=False|urgency=NONE|requirements=0|priority_areas=
21:17:09,1,5,TURN_START,player_nation=Unknown|total_tokens=0|captured_kps=0
21:17:09,1,5,VP_INTELLIGENCE,"vp_status={'vp_own': 0, 'vp_enemy': 0, 'vp_gap': 0, 'turn': 1, 'max_turns': 30}|trend_direction=STABLE|threat_level=LOW|opportunities_count=0|recommendations_count=0"
21:17:09,UNKNOWN,UNKNOWN,SCOUT_IDENTIFICATION,total_units=0|scouts_found=0|scout_ids=
21:17:09,1,5,PHASE1_SUMMARY,total_units=0|scouts_identified=0|scouts_deployed=0|enemies_detected=0|combat_opportunities=0|threat_clusters=0
21:17:09,UNKNOWN,UNKNOWN,SCOUT_IDENTIFICATION,total_units=0|scouts_found=0|scout_ids=
21:17:09,1,5,PHASE1_SUMMARY,total_units=0|scouts_identified=0|scouts_deployed=0|enemies_detected=0|combat_opportunities=0|threat_clusters=0
21:17:09,1,5,PHASE2_SUMMARY,active_plans=0|new_plans=0|executed_plans=0|aborted_plans=0
21:17:09,1,5,TURN_START,player_nation=Niemcy|total_units=0|available_units=0
21:17:09,1,5,PHASE3_SUMMARY,defenders_assigned=0|kps_covered=0|pe_secure=True|threat_level=0.0|active_plans=0
21:17:09,UNKNOWN,UNKNOWN,SCOUT_IDENTIFICATION,total_units=0|scouts_found=0|scout_ids=
21:17:09,1,5,PHASE1_SUMMARY,total_units=0|scouts_identified=0|scouts_deployed=0|enemies_detected=0|combat_opportunities=0|threat_clusters=0
21:17:09,UNKNOWN,UNKNOWN,SCOUT_IDENTIFICATION,total_units=0|scouts_found=0|scout_ids=
21:17:09,1,5,PHASE1_SUMMARY,total_units=0|scouts_identified=0|scouts_deployed=0|enemies_detected=0|combat_opportunities=0|threat_clusters=0
21:17:09,1,5,PHASE2_SUMMARY,active_plans=0|new_plans=0|executed_plans=0|aborted_plans=0
21:17:09,1,5,TURN_START,player_nation=Niemcy|total_units=0|available_units=0
21:17:09,1,5,PHASE3_SUMMARY,defenders_assigned=0|kps_covered=0|pe_secure=True|threat_level=0.0|active_plans=0
21:17:09,UNKNOWN,5,PHASE_4_COMPLETE,request_generated=False|urgency=NONE|requirements=0|priority_areas=
21:17:09,1,2,TURN_START,player_nation=Unknown|total_tokens=0|captured_kps=0
21:17:09,1,2,VP_INTELLIGENCE,"vp_status={'vp_own': 0, 'vp_enemy': 0, 'vp_gap': 0, 'turn': 1, 'max_turns': 30}|trend_direction=STABLE|threat_level=LOW|opportunities_count=0|recommendations_count=0"
21:17:09,UNKNOWN,UNKNOWN,SCOUT_IDENTIFICATION,total_units=0|scouts_found=0|scout_ids=
21:17:09,1,2,PHASE1_SUMMARY,total_units=0|scouts_identified=0|scouts_deployed=0|enemies_detected=0|combat_opportunities=0|threat_clusters=0
21:17:09,UNKNOWN,UNKNOWN,SCOUT_IDENTIFICATION,total_units=0|scouts_found=0|scout_ids=
21:17:09,1,2,PHASE1_SUMMARY,total_units=0|scouts_identified=0|scouts_deployed=0|enemies_detected=0|combat_opportunities=0|threat_clusters=0
21:17:09,1,2,PHASE2_SUMMARY,active_plans=0|new_plans=0|executed_plans=0|aborted_plans=0
21:17:09,1,2,TURN_START,player_nation=Polska|total_units=0|available_units=0
21:17:09,1,2,PHASE3_SUMMARY,defenders_assigned=0|kps_covered=0|pe_secure=True|threat_level=0.0|active_plans=0
21:17:09,UNKNOWN,UNKNOWN,SCOUT_IDENTIFICATION,total_units=0|scouts_found=0|scout_ids=
21:17:09,1,2,PHASE1_SUMMARY,total_units=0|scouts_identified=0|scouts_deployed=0|enemies_detected=0|combat_opportunities=0|threat_clusters=0
21:17:09,UNKNOWN,UNKNOWN,SCOUT_IDENTIFICATION,total_units=0|scouts_found=0|scout_ids=
21:17:09,1,2,PHASE1_SUMMARY,total_units=0|scouts_identified=0|scouts_deployed=0|enemies_detected=0|combat_opportunities=0|threat_clusters=0
21:17:09,1,2,PHASE2_SUMMARY,active_plans=0|new_plans=0|executed_plans=0|aborted_plans=0
21:17:09,1,2,TURN_START,player_nation=Polska|total_units=0|available_units=0
21:17:09,1,2,PHASE3_SUMMARY,defenders_assigned=0|kps_covered=0|pe_secure=True|threat_level=0.0|active_plans=0
21:17:09,UNKNOWN,2,PHASE_4_COMPLETE,request_generated=False|urgency=NONE|requirements=0|priority_areas=
21:17:09,1,5,TURN_START,player_nation=Unknown|total_tokens=0|captured_kps=0
21:17:09,1,5,VP_INTELLIGENCE,"vp_status={'vp_own': 0, 'vp_enemy': 0, 'vp_gap': 0, 'turn': 1, 'max_turns': 30}|trend_direction=STABLE|threat_level=LOW|opportunities_count=0|recommendations_count=0"
21:17:09,UNKNOWN,UNKNOWN,SCOUT_IDENTIFICATION,total_units=0|scouts_found=0|scout_ids=
21:17:09,1,5,PHASE1_SUMMARY,total_units=0|scouts_identified=0|scouts_deployed=0|enemies_detected=0|combat_opportunities=0|threat_clusters=0
21:17:09,UNKNOWN,UNKNOWN,SCOUT_IDENTIFICATION,total_units=0|scouts_found=0|scout_ids=
21:17:09,1,5,PHASE1_SUMMARY,total_units=0|scouts_identified=0|scouts_deployed=0|enemies_detected=0|combat_opportunities=0|threat_clusters=0
21:17:09,1,5,PHASE2_SUMMARY,active_plans=0|new_plans=0|executed_plans=0|aborted_plans=0
21:17:09,1,5,TURN_START,player_nation=Niemcy|total_units=0|available_units=0
21:17:09,1,5,PHASE3_SUMMARY,defenders_assigned=0|kps_covered=0|pe_secure=True|threat_level=0.0|active_plans=0
21:17:09,UNKNOWN,UNKNOWN,SCOUT_IDENTIFICATION,total_units=0|scouts_found=0|scout_ids=
21:17:09,1,5,PHASE1_SUMMARY,total_units=0|scouts_identified=0|scouts_deployed=0|enemies_detected=0|combat_opportunities=0|threat_clusters=0
21:17:09,UNKNOWN,UNKNOWN,SCOUT_IDENTIFICATION,total_units=0|scouts_found=0|scout_ids=
21:17:09,1,5,PHASE1_SUMMARY,total_units=0|scouts_identified=0|scouts_deployed=0|enemies_detected=0|combat_opportunities=0|threat_clusters=0
21:17:09,1,5,PHASE2_SUMMARY,active_plans=0|new_plans=0|executed_plans=0|aborted_plans=0
21:17:09,1,5,TURN_START,player_nation=Niemcy|total_units=0|available_units=0
21:17:09,1,5,PHASE3_SUMMARY,defenders_assigned=0|kps_covered=0|pe_secure=True|threat_level=0.0|active_plans=0
21:17:09,UNKNOWN,5,PHASE_4_COMPLETE,request_generated=False|urgency=NONE|requirements=0|priority_areas=
21:17:09,1,2,TURN_START,player_nation=Unknown|total_tokens=0|captured_kps=0
21:17:09,1,2,VP_INTELLIGENCE,"vp_status={'vp_own': 0, 'vp_enemy': 0, 'vp_gap': 0, 'turn': 1, 'max_turns': 30}|trend_direction=STABLE|threat_level=LOW|opportunities_count=0|recommendations_count=0"
21:17:09,UNKNOWN,UNKNOWN,SCOUT_IDENTIFICATION,total_units=0|scouts_found=0|scout_ids=
21:17:09,1,2,PHASE1_SUMMARY,total_units=0|scouts_identified=0|scouts_deployed=0|enemies_detected=0|combat_opportunities=0|threat_clusters=0
21:17:09,UNKNOWN,UNKNOWN,SCOUT_IDENTIFICATION,total_units=0|scouts_found=0|scout_ids=
21:17:09,1,2,PHASE1_SUMMARY,total_units=0|scouts_identified=0|scouts_deployed=0|enemies_detected=0|combat_opportunities=0|threat_clusters=0
21:17:09,1,2,PHASE2_SUMMARY,active_plans=0|new_plans=0|executed_plans=0|aborted_plans=0
21:17:09,1,2,TURN_START,player_nation=Polska|total_units=0|available_units=0
21:17:09,1,2,PHASE3_SUMMARY,defenders_assigned=0|kps_covered=0|pe_secure=True|threat_level=0.0|active_plans=0
21:17:09,UNKNOWN,UNKNOWN,SCOUT_IDENTIFICATION,total_units=0|scouts_found=0|scout_ids=
21:17:09,1,2,PHASE1_SUMMARY,total_units=0|scouts_identified=0|scouts_deployed=0|enemies_detected=0|combat_opportunities=0|threat_clusters=0
21:17:09,UNKNOWN,UNKNOWN,SCOUT_IDENTIFICATION,total_units=0|scouts_found=0|scout_ids=
21:17:09,1,2,PHASE1_SUMMARY,total_units=0|scouts_identified=0|scouts_deployed=0|enemies_detected=0|combat_opportunities=0|threat_clusters=0
21:17:09,1,2,PHASE2_SUMMARY,active_plans=0|new_plans=0|executed_plans=0|aborted_plans=0
21:17:09,1,2,TURN_START,player_nation=Polska|total_units=0|available_units=0
21:17:09,1,2,PHASE3_SUMMARY,defenders_assigned=0|kps_covered=0|pe_secure=True|threat_level=0.0|active_plans=0
21:17:09,UNKNOWN,2,PHASE_4_COMPLETE,request_generated=False|urgency=NONE|requirements=0|priority_areas=
21:17:09,1,5,TURN_START,player_nation=Unknown|total_tokens=0|captured_kps=0
21:17:09,1,5,VP_INTELLIGENCE,"vp_status={'vp_own': 0, 'vp_enemy': 0, 'vp_gap': 0, 'turn': 1, 'max_turns': 30}|trend_direction=STABLE|threat_level=LOW|opportunities_count=0|recommendations_count=0"
21:17:09,UNKNOWN,UNKNOWN,SCOUT_IDENTIFICATION,total_units=0|scouts_found=0|scout_ids=
21:17:09,1,5,PHASE1_SUMMARY,total_units=0|scouts_identified=0|scouts_deployed=0|enemies_detected=0|combat_opportunities=0|threat_clusters=0
21:17:09,UNKNOWN,UNKNOWN,SCOUT_IDENTIFICATION,total_units=0|scouts_found=0|scout_ids=
21:17:09,1,5,PHASE1_SUMMARY,total_units=0|scouts_identified=0|scouts_deployed=0|enemies_detected=0|combat_opportunities=0|threat_clusters=0
21:17:09,1,5,PHASE2_SUMMARY,active_plans=0|new_plans=0|executed_plans=0|aborted_plans=0
21:17:09,1,5,TURN_START,player_nation=Niemcy|total_units=0|available_units=0
21:17:09,1,5,PHASE3_SUMMARY,defenders_assigned=0|kps_covered=0|pe_secure=True|threat_level=0.0|active_plans=0
21:17:09,UNKNOWN,UNKNOWN,SCOUT_IDENTIFICATION,total_units=0|scouts_found=0|scout_ids=
21:17:09,1,5,PHASE1_SUMMARY,total_units=0|scouts_identified=0|scouts_deployed=0|enemies_detected=0|combat_opportunities=0|threat_clusters=0
21:17:09,UNKNOWN,UNKNOWN,SCOUT_IDENTIFICATION,total_units=0|scouts_found=0|scout_ids=
21:17:09,1,5,PHASE1_SUMMARY,total_units=0|scouts_identified=0|scouts_deployed=0|enemies_detected=0|combat_opportunities=0|threat_clusters=0
21:17:09,1,5,PHASE2_SUMMARY,active_plans=0|new_plans=0|executed_plans=0|aborted_plans=0
21:17:09,1,5,TURN_START,player_nation=Niemcy|total_units=0|available_units=0
21:17:09,1,5,PHASE3_SUMMARY,defenders_assigned=0|kps_covered=0|pe_secure=True|threat_level=0.0|active_plans=0
21:17:09,UNKNOWN,5,PHASE_4_COMPLETE,request_generated=False|urgency=NONE|requirements=0|priority_areas=
21:17:09,1,2,TURN_START,player_nation=Unknown|total_tokens=0|captured_kps=0
21:17:09,1,2,VP_INTELLIGENCE,"vp_status={'vp_own': 0, 'vp_enemy': 0, 'vp_gap': 0, 'turn': 1, 'max_turns': 30}|trend_direction=STABLE|threat_level=LOW|opportunities_count=0|recommendations_count=0"
21:17:09,UNKNOWN,UNKNOWN,SCOUT_IDENTIFICATION,total_units=0|scouts_found=0|scout_ids=
21:17:09,1,2,PHASE1_SUMMARY,total_units=0|scouts_identified=0|scouts_deployed=0|enemies_detected=0|combat_opportunities=0|threat_clusters=0
21:17:09,UNKNOWN,UNKNOWN,SCOUT_IDENTIFICATION,total_units=0|scouts_found=0|scout_ids=
21:17:09,1,2,PHASE1_SUMMARY,total_units=0|scouts_identified=0|scouts_deployed=0|enemies_detected=0|combat_opportunities=0|threat_clusters=0
21:17:09,1,2,PHASE2_SUMMARY,active_plans=0|new_plans=0|executed_plans=0|aborted_plans=0
21:17:09,1,2,TURN_START,player_nation=Polska|total_units=0|available_units=0
21:17:09,1,2,PHASE3_SUMMARY,defenders_assigned=0|kps_covered=0|pe_secure=True|threat_level=0.0|active_plans=0
21:17:09,UNKNOWN,UNKNOWN,SCOUT_IDENTIFICATION,total_units=0|scouts_found=0|scout_ids=
21:17:09,1,2,PHASE1_SUMMARY,total_units=0|scouts_identified=0|scouts_deployed=0|enemies_detected=0|combat_opportunities=0|threat_clusters=0
21:17:09,UNKNOWN,UNKNOWN,SCOUT_IDENTIFICATION,total_units=0|scouts_found=0|scout_ids=
21:17:09,1,2,PHASE1_SUMMARY,total_units=0|scouts_identified=0|scouts_deployed=0|enemies_detected=0|combat_opportunities=0|threat_clusters=0
21:17:09,1,2,PHASE2_SUMMARY,active_plans=0|new_plans=0|executed_plans=0|aborted_plans=0
21:17:09,1,2,TURN_START,player_nation=Polska|total_units=0|available_units=0
21:17:09,1,2,PHASE3_SUMMARY,defenders_assigned=0|kps_covered=0|pe_secure=True|threat_level=0.0|active_plans=0
21:17:09,UNKNOWN,2,PHASE_4_COMPLETE,request_generated=False|urgency=NONE|requirements=0|priority_areas=
21:17:09,1,5,TURN_START,player_nation=Unknown|total_tokens=0|captured_kps=0
21:17:09,1,5,VP_INTELLIGENCE,"vp_status={'vp_own': 0, 'vp_enemy': 0, 'vp_gap': 0, 'turn': 1, 'max_turns': 30}|trend_direction=STABLE|threat_level=LOW|opportunities_count=0|recommendations_count=0"
21:17:09,UNKNOWN,UNKNOWN,SCOUT_IDENTIFICATION,total_units=0|scouts_found=0|scout_ids=
21:17:09,1,5,PHASE1_SUMMARY,total_units=0|scouts_identified=0|scouts_deployed=0|enemies_detected=0|combat_opportunities=0|threat_clusters=0
21:17:09,UNKNOWN,UNKNOWN,SCOUT_IDENTIFICATION,total_units=0|scouts_found=0|scout_ids=
21:17:09,1,5,PHASE1_SUMMARY,total_units=0|scouts_identified=0|scouts_deployed=0|enemies_detected=0|combat_opportunities=0|threat_clusters=0
21:17:09,1,5,PHASE2_SUMMARY,active_plans=0|new_plans=0|executed_plans=0|aborted_plans=0
21:17:09,1,5,TURN_START,player_nation=Niemcy|total_units=0|available_units=0
21:17:09,1,5,PHASE3_SUMMARY,defenders_assigned=0|kps_covered=0|pe_secure=True|threat_level=0.0|active_plans=0
21:17:09,UNKNOWN,UNKNOWN,SCOUT_IDENTIFICATION,total_units=0|scouts_found=0|scout_ids=
21:17:09,1,5,PHASE1_SUMMARY,total_units=0|scouts_identified=0|scouts_deployed=0|enemies_detected=0|combat_opportunities=0|threat_clusters=0
21:17:09,UNKNOWN,UNKNOWN,SCOUT_IDENTIFICATION,total_units=0|scouts_found=0|scout_ids=
21:17:09,1,5,PHASE1_SUMMARY,total_units=0|scouts_identified=0|scouts_deployed=0|enemies_detected=0|combat_opportunities=0|threat_clusters=0
21:17:09,1,5,PHASE2_SUMMARY,active_plans=0|new_plans=0|executed_plans=0|aborted_plans=0
21:17:09,1,5,TURN_START,player_nation=Niemcy|total_units=0|available_units=0
21:17:09,1,5,PHASE3_SUMMARY,defenders_assigned=0|kps_covered=0|pe_secure=True|threat_level=0.0|active_plans=0
21:17:09,UNKNOWN,5,PHASE_4_COMPLETE,request_generated=False|urgency=NONE|requirements=0|priority_areas=
21:17:09,1,2,TURN_START,player_nation=Unknown|total_tokens=0|captured_kps=0
21:17:09,1,2,VP_INTELLIGENCE,"vp_status={'vp_own': 0, 'vp_enemy': 0, 'vp_gap': 0, 'turn': 1, 'max_turns': 30}|trend_direction=STABLE|threat_level=LOW|opportunities_count=0|recommendations_count=0"
21:17:09,UNKNOWN,UNKNOWN,SCOUT_IDENTIFICATION,total_units=0|scouts_found=0|scout_ids=
21:17:09,1,2,PHASE1_SUMMARY,total_units=0|scouts_identified=0|scouts_deployed=0|enemies_detected=0|combat_opportunities=0|threat_clusters=0
21:17:09,UNKNOWN,UNKNOWN,SCOUT_IDENTIFICATION,total_units=0|scouts_found=0|scout_ids=
21:17:09,1,2,PHASE1_SUMMARY,total_units=0|scouts_identified=0|scouts_deployed=0|enemies_detected=0|combat_opportunities=0|threat_clusters=0
21:17:09,1,2,PHASE2_SUMMARY,active_plans=0|new_plans=0|executed_plans=0|aborted_plans=0
21:17:09,1,2,TURN_START,player_nation=Polska|total_units=0|available_units=0
21:17:09,1,2,PHASE3_SUMMARY,defenders_assigned=0|kps_covered=0|pe_secure=True|threat_level=0.0|active_plans=0
21:17:09,UNKNOWN,UNKNOWN,SCOUT_IDENTIFICATION,total_units=0|scouts_found=0|scout_ids=
21:17:09,1,2,PHASE1_SUMMARY,total_units=0|scouts_identified=0|scouts_deployed=0|enemies_detected=0|combat_opportunities=0|threat_clusters=0
21:17:09,UNKNOWN,UNKNOWN,SCOUT_IDENTIFICATION,total_units=0|scouts_found=0|scout_ids=
21:17:09,1,2,PHASE1_SUMMARY,total_units=0|scouts_identified=0|scouts_deployed=0|enemies_detected=0|combat_opportunities=0|threat_clusters=0
21:17:09,1,2,PHASE2_SUMMARY,active_plans=0|new_plans=0|executed_plans=0|aborted_plans=0
21:17:09,1,2,TURN_START,player_nation=Polska|total_units=0|available_units=0
21:17:09,1,2,PHASE3_SUMMARY,defenders_assigned=0|kps_covered=0|pe_secure=True|threat_level=0.0|active_plans=0
21:17:09,UNKNOWN,2,PHASE_4_COMPLETE,request_generated=False|urgency=NONE|requirements=0|priority_areas=
21:17:09,1,5,TURN_START,player_nation=Unknown|total_tokens=0|captured_kps=0
21:17:09,1,5,VP_INTELLIGENCE,"vp_status={'vp_own': 0, 'vp_enemy': 0, 'vp_gap': 0, 'turn': 1, 'max_turns': 30}|trend_direction=STABLE|threat_level=LOW|opportunities_count=0|recommendations_count=0"
21:17:09,UNKNOWN,UNKNOWN,SCOUT_IDENTIFICATION,total_units=0|scouts_found=0|scout_ids=
21:17:09,1,5,PHASE1_SUMMARY,total_units=0|scouts_identified=0|scouts_deployed=0|enemies_detected=0|combat_opportunities=0|threat_clusters=0
21:17:09,UNKNOWN,UNKNOWN,SCOUT_IDENTIFICATION,total_units=0|scouts_found=0|scout_ids=
21:17:09,1,5,PHASE1_SUMMARY,total_units=0|scouts_identified=0|scouts_deployed=0|enemies_detected=0|combat_opportunities=0|threat_clusters=0
21:17:09,1,5,PHASE2_SUMMARY,active_plans=0|new_plans=0|executed_plans=0|aborted_plans=0
21:17:09,1,5,TURN_START,player_nation=Niemcy|total_units=0|available_units=0
21:17:09,1,5,PHASE3_SUMMARY,defenders_assigned=0|kps_covered=0|pe_secure=True|threat_level=0.0|active_plans=0
21:17:09,UNKNOWN,UNKNOWN,SCOUT_IDENTIFICATION,total_units=0|scouts_found=0|scout_ids=
21:17:09,1,5,PHASE1_SUMMARY,total_units=0|scouts_identified=0|scouts_deployed=0|enemies_detected=0|combat_opportunities=0|threat_clusters=0
21:17:09,UNKNOWN,UNKNOWN,SCOUT_IDENTIFICATION,total_units=0|scouts_found=0|scout_ids=
21:17:09,1,5,PHASE1_SUMMARY,total_units=0|scouts_identified=0|scouts_deployed=0|enemies_detected=0|combat_opportunities=0|threat_clusters=0
21:17:09,1,5,PHASE2_SUMMARY,active_plans=0|new_plans=0|executed_plans=0|aborted_plans=0
21:17:09,1,5,TURN_START,player_nation=Niemcy|total_units=0|available_units=0
21:17:09,1,5,PHASE3_SUMMARY,defenders_assigned=0|kps_covered=0|pe_secure=True|threat_level=0.0|active_plans=0
21:17:09,UNKNOWN,5,PHASE_4_COMPLETE,request_generated=False|urgency=NONE|requirements=0|priority_areas=
21:17:09,1,2,TURN_START,player_nation=Unknown|total_tokens=0|captured_kps=0
21:17:09,1,2,VP_INTELLIGENCE,"vp_status={'vp_own': 0, 'vp_enemy': 0, 'vp_gap': 0, 'turn': 1, 'max_turns': 30}|trend_direction=STABLE|threat_level=LOW|opportunities_count=0|recommendations_count=0"
21:17:09,UNKNOWN,UNKNOWN,SCOUT_IDENTIFICATION,total_units=0|scouts_found=0|scout_ids=
21:17:09,1,2,PHASE1_SUMMARY,total_units=0|scouts_identified=0|scouts_deployed=0|enemies_detected=0|combat_opportunities=0|threat_clusters=0
21:17:09,UNKNOWN,UNKNOWN,SCOUT_IDENTIFICATION,total_units=0|scouts_found=0|scout_ids=
21:17:09,1,2,PHASE1_SUMMARY,total_units=0|scouts_identified=0|scouts_deployed=0|enemies_detected=0|combat_opportunities=0|threat_clusters=0
21:17:09,1,2,PHASE2_SUMMARY,active_plans=0|new_plans=0|executed_plans=0|aborted_plans=0
21:17:09,1,2,TURN_START,player_nation=Polska|total_units=0|available_units=0
21:17:09,1,2,PHASE3_SUMMARY,defenders_assigned=0|kps_covered=0|pe_secure=True|threat_level=0.0|active_plans=0
21:17:09,UNKNOWN,UNKNOWN,SCOUT_IDENTIFICATION,total_units=0|scouts_found=0|scout_ids=
21:17:09,1,2,PHASE1_SUMMARY,total_units=0|scouts_identified=0|scouts_deployed=0|enemies_detected=0|combat_opportunities=0|threat_clusters=0
21:17:09,UNKNOWN,UNKNOWN,SCOUT_IDENTIFICATION,total_units=0|scouts_found=0|scout_ids=
21:17:09,1,2,PHASE1_SUMMARY,total_units=0|scouts_identified=0|scouts_deployed=0|enemies_detected=0|combat_opportunities=0|threat_clusters=0
21:17:09,1,2,PHASE2_SUMMARY,active_plans=0|new_plans=0|executed_plans=0|aborted_plans=0
21:17:09,1,2,TURN_START,player_nation=Polska|total_units=0|available_units=0
21:17:09,1,2,PHASE3_SUMMARY,defenders_assigned=0|kps_covered=0|pe_secure=True|threat_level=0.0|active_plans=0
21:17:09,UNKNOWN,2,PHASE_4_COMPLETE,request_generated=False|urgency=NONE|requirements=0|priority_areas=
21:17:09,1,5,TURN_START,player_nation=Unknown|total_tokens=0|captured_kps=0
21:17:09,1,5,VP_INTELLIGENCE,"vp_status={'vp_own': 0, 'vp_enemy': 0, 'vp_gap': 0, 'turn': 1, 'max_turns': 30}|trend_direction=STABLE|threat_level=LOW|opportunities_count=0|recommendations_count=0"
21:17:09,UNKNOWN,UNKNOWN,SCOUT_IDENTIFICATION,total_units=0|scouts_found=0|scout_ids=
21:17:09,1,5,PHASE1_SUMMARY,total_units=0|scouts_identified=0|scouts_deployed=0|enemies_detected=0|combat_opportunities=0|threat_clusters=0
21:17:09,UNKNOWN,UNKNOWN,SCOUT_IDENTIFICATION,total_units=0|scouts_found=0|scout_ids=
21:17:09,1,5,PHASE1_SUMMARY,total_units=0|scouts_identified=0|scouts_deployed=0|enemies_detected=0|combat_opportunities=0|threat_clusters=0
21:17:09,1,5,PHASE2_SUMMARY,active_plans=0|new_plans=0|executed_plans=0|aborted_plans=0
21:17:09,1,5,TURN_START,player_nation=Niemcy|total_units=0|available_units=0
21:17:09,1,5,PHASE3_SUMMARY,defenders_assigned=0|kps_covered=0|pe_secure=True|threat_level=0.0|active_plans=0
21:17:09,UNKNOWN,UNKNOWN,SCOUT_IDENTIFICATION,total_units=0|scouts_found=0|scout_ids=
21:17:09,1,5,PHASE1_SUMMARY,total_units=0|scouts_identified=0|scouts_deployed=0|enemies_detected=0|combat_opportunities=0|threat_clusters=0
21:17:09,UNKNOWN,UNKNOWN,SCOUT_IDENTIFICATION,total_units=0|scouts_found=0|scout_ids=
21:17:09,1,5,PHASE1_SUMMARY,total_units=0|scouts_identified=0|scouts_deployed=0|enemies_detected=0|combat_opportunities=0|threat_clusters=0
21:17:09,1,5,PHASE2_SUMMARY,active_plans=0|new_plans=0|executed_plans=0|aborted_plans=0
21:17:09,1,5,TURN_START,player_nation=Niemcy|total_units=0|available_units=0
21:17:09,1,5,PHASE3_SUMMARY,defenders_assigned=0|kps_covered=0|pe_secure=True|threat_level=0.0|active_plans=0
21:17:09,UNKNOWN,5,PHASE_4_COMPLETE,request_generated=False|urgency=NONE|requirements=0|priority_areas=
21:17:09,1,2,TURN_START,player_nation=Unknown|total_tokens=0|captured_kps=0
21:17:09,1,2,VP_INTELLIGENCE,"vp_status={'vp_own': 0, 'vp_enemy': 0, 'vp_gap': 0, 'turn': 1, 'max_turns': 30}|trend_direction=STABLE|threat_level=LOW|opportunities_count=0|recommendations_count=0"
21:17:09,UNKNOWN,UNKNOWN,SCOUT_IDENTIFICATION,total_units=0|scouts_found=0|scout_ids=
21:17:09,1,2,PHASE1_SUMMARY,total_units=0|scouts_identified=0|scouts_deployed=0|enemies_detected=0|combat_opportunities=0|threat_clusters=0
21:17:09,UNKNOWN,UNKNOWN,SCOUT_IDENTIFICATION,total_units=0|scouts_found=0|scout_ids=
21:17:09,1,2,PHASE1_SUMMARY,total_units=0|scouts_identified=0|scouts_deployed=0|enemies_detected=0|combat_opportunities=0|threat_clusters=0
21:17:09,1,2,PHASE2_SUMMARY,active_plans=0|new_plans=0|executed_plans=0|aborted_plans=0
21:17:09,1,2,TURN_START,player_nation=Polska|total_units=0|available_units=0
21:17:09,1,2,PHASE3_SUMMARY,defenders_assigned=0|kps_covered=0|pe_secure=True|threat_level=0.0|active_plans=0
21:17:09,UNKNOWN,UNKNOWN,SCOUT_IDENTIFICATION,total_units=0|scouts_found=0|scout_ids=
21:17:09,1,2,PHASE1_SUMMARY,total_units=0|scouts_identified=0|scouts_deployed=0|enemies_detected=0|combat_opportunities=0|threat_clusters=0
21:17:09,UNKNOWN,UNKNOWN,SCOUT_IDENTIFICATION,total_units=0|scouts_found=0|scout_ids=
21:17:09,1,2,PHASE1_SUMMARY,total_units=0|scouts_identified=0|scouts_deployed=0|enemies_detected=0|combat_opportunities=0|threat_clusters=0
21:17:09,1,2,PHASE2_SUMMARY,active_plans=0|new_plans=0|executed_plans=0|aborted_plans=0
21:17:09,1,2,TURN_START,player_nation=Polska|total_units=0|available_units=0
21:17:09,1,2,PHASE3_SUMMARY,defenders_assigned=0|kps_covered=0|pe_secure=True|threat_level=0.0|active_plans=0
21:17:09,UNKNOWN,2,PHASE_4_COMPLETE,request_generated=False|urgency=NONE|requirements=0|priority_areas=
21:17:09,1,5,TURN_START,player_nation=Unknown|total_tokens=0|captured_kps=0
21:17:09,1,5,VP_INTELLIGENCE,"vp_status={'vp_own': 0, 'vp_enemy': 0, 'vp_gap': 0, 'turn': 1, 'max_turns': 30}|trend_direction=STABLE|threat_level=LOW|opportunities_count=0|recommendations_count=0"
21:17:09,UNKNOWN,UNKNOWN,SCOUT_IDENTIFICATION,total_units=0|scouts_found=0|scout_ids=
21:17:09,1,5,PHASE1_SUMMARY,total_units=0|scouts_identified=0|scouts_deployed=0|enemies_detected=0|combat_opportunities=0|threat_clusters=0
21:17:09,UNKNOWN,UNKNOWN,SCOUT_IDENTIFICATION,total_units=0|scouts_found=0|scout_ids=
21:17:09,1,5,PHASE1_SUMMARY,total_units=0|scouts_identified=0|scouts_deployed=0|enemies_detected=0|combat_opportunities=0|threat_clusters=0
21:17:09,1,5,PHASE2_SUMMARY,active_plans=0|new_plans=0|executed_plans=0|aborted_plans=0
21:17:09,1,5,TURN_START,player_nation=Niemcy|total_units=0|available_units=0
21:17:09,1,5,PHASE3_SUMMARY,defenders_assigned=0|kps_covered=0|pe_secure=True|threat_level=0.0|active_plans=0
21:17:09,UNKNOWN,UNKNOWN,SCOUT_IDENTIFICATION,total_units=0|scouts_found=0|scout_ids=
21:17:09,1,5,PHASE1_SUMMARY,total_units=0|scouts_identified=0|scouts_deployed=0|enemies_detected=0|combat_opportunities=0|threat_clusters=0
21:17:09,UNKNOWN,UNKNOWN,SCOUT_IDENTIFICATION,total_units=0|scouts_found=0|scout_ids=
21:17:09,1,5,PHASE1_SUMMARY,total_units=0|scouts_identified=0|scouts_deployed=0|enemies_detected=0|combat_opportunities=0|threat_clusters=0
21:17:09,1,5,PHASE2_SUMMARY,active_plans=0|new_plans=0|executed_plans=0|aborted_plans=0
21:17:09,1,5,TURN_START,player_nation=Niemcy|total_units=0|available_units=0
21:17:09,1,5,PHASE3_SUMMARY,defenders_assigned=0|kps_covered=0|pe_secure=True|threat_level=0.0|active_plans=0
21:17:09,UNKNOWN,5,PHASE_4_COMPLETE,request_generated=False|urgency=NONE|requirements=0|priority_areas=
21:17:09,1,2,TURN_START,player_nation=Unknown|total_tokens=0|captured_kps=0
21:17:09,1,2,VP_INTELLIGENCE,"vp_status={'vp_own': 0, 'vp_enemy': 0, 'vp_gap': 0, 'turn': 1, 'max_turns': 30}|trend_direction=STABLE|threat_level=LOW|opportunities_count=0|recommendations_count=0"
21:17:09,UNKNOWN,UNKNOWN,SCOUT_IDENTIFICATION,total_units=0|scouts_found=0|scout_ids=
21:17:09,1,2,PHASE1_SUMMARY,total_units=0|scouts_identified=0|scouts_deployed=0|enemies_detected=0|combat_opportunities=0|threat_clusters=0
21:17:09,UNKNOWN,UNKNOWN,SCOUT_IDENTIFICATION,total_units=0|scouts_found=0|scout_ids=
21:17:09,1,2,PHASE1_SUMMARY,total_units=0|scouts_identified=0|scouts_deployed=0|enemies_detected=0|combat_opportunities=0|threat_clusters=0
21:17:09,1,2,PHASE2_SUMMARY,active_plans=0|new_plans=0|executed_plans=0|aborted_plans=0
21:17:09,1,2,TURN_START,player_nation=Polska|total_units=0|available_units=0
21:17:09,1,2,PHASE3_SUMMARY,defenders_assigned=0|kps_covered=0|pe_secure=True|threat_level=0.0|active_plans=0
21:17:09,UNKNOWN,UNKNOWN,SCOUT_IDENTIFICATION,total_units=0|scouts_found=0|scout_ids=
21:17:09,1,2,PHASE1_SUMMARY,total_units=0|scouts_identified=0|scouts_deployed=0|enemies_detected=0|combat_opportunities=0|threat_clusters=0
21:17:09,UNKNOWN,UNKNOWN,SCOUT_IDENTIFICATION,total_units=0|scouts_found=0|scout_ids=
21:17:09,1,2,PHASE1_SUMMARY,total_units=0|scouts_identified=0|scouts_deployed=0|enemies_detected=0|combat_opportunities=0|threat_clusters=0
21:17:09,1,2,PHASE2_SUMMARY,active_plans=0|new_plans=0|executed_plans=0|aborted_plans=0
21:17:09,1,2,TURN_START,player_nation=Polska|total_units=0|available_units=0
21:17:09,1,2,PHASE3_SUMMARY,defenders_assigned=0|kps_covered=0|pe_secure=True|threat_level=0.0|active_plans=0
21:17:09,UNKNOWN,2,PHASE_4_COMPLETE,request_generated=False|urgency=NONE|requirements=0|priority_areas=
21:17:09,1,5,TURN_START,player_nation=Unknown|total_tokens=0|captured_kps=0
21:17:09,1,5,VP_INTELLIGENCE,"vp_status={'vp_own': 0, 'vp_enemy': 0, 'vp_gap': 0, 'turn': 1, 'max_turns': 30}|trend_direction=STABLE|threat_level=LOW|opportunities_count=0|recommendations_count=0"
21:17:09,UNKNOWN,UNKNOWN,SCOUT_IDENTIFICATION,total_units=0|scouts_found=0|scout_ids=
21:17:09,1,5,PHASE1_SUMMARY,total_units=0|scouts_identified=0|scouts_deployed=0|enemies_detected=0|combat_opportunities=0|threat_clusters=0
21:17:09,UNKNOWN,UNKNOWN,SCOUT_IDENTIFICATION,total_units=0|scouts_found=0|scout_ids=
21:17:09,1,5,PHASE1_SUMMARY,total_units=0|scouts_identified=0|scouts_deployed=0|enemies_detected=0|combat_opportunities=0|threat_clusters=0
21:17:09,1,5,PHASE2_SUMMARY,active_plans=0|new_plans=0|executed_plans=0|aborted_plans=0
21:17:09,1,5,TURN_START,player_nation=Niemcy|total_units=0|available_units=0
21:17:09,1,5,PHASE3_SUMMARY,defenders_assigned=0|kps_covered=0|pe_secure=True|threat_level=0.0|active_plans=0
21:17:09,UNKNOWN,UNKNOWN,SCOUT_IDENTIFICATION,total_units=0|scouts_found=0|scout_ids=
21:17:09,1,5,PHASE1_SUMMARY,total_units=0|scouts_identified=0|scouts_deployed=0|enemies_detected=0|combat_opportunities=0|threat_clusters=0
21:17:09,UNKNOWN,UNKNOWN,SCOUT_IDENTIFICATION,total_units=0|scouts_found=0|scout_ids=
21:17:09,1,5,PHASE1_SUMMARY,total_units=0|scouts_identified=0|scouts_deployed=0|enemies_detected=0|combat_opportunities=0|threat_clusters=0
21:17:09,1,5,PHASE2_SUMMARY,active_plans=0|new_plans=0|executed_plans=0|aborted_plans=0
21:17:09,1,5,TURN_START,player_nation=Niemcy|total_units=0|available_units=0
21:17:09,1,5,PHASE3_SUMMARY,defenders_assigned=0|kps_covered=0|pe_secure=True|threat_level=0.0|active_plans=0
21:17:09,UNKNOWN,5,PHASE_4_COMPLETE,request_generated=False|urgency=NONE|requirements=0|priority_areas=
21:17:09,1,2,TURN_START,player_nation=Unknown|total_tokens=0|captured_kps=0
21:17:09,1,2,VP_INTELLIGENCE,"vp_status={'vp_own': 0, 'vp_enemy': 0, 'vp_gap': 0, 'turn': 1, 'max_turns': 30}|trend_direction=STABLE|threat_level=LOW|opportunities_count=0|recommendations_count=0"
21:17:09,UNKNOWN,UNKNOWN,SCOUT_IDENTIFICATION,total_units=0|scouts_found=0|scout_ids=
21:17:09,1,2,PHASE1_SUMMARY,total_units=0|scouts_identified=0|scouts_deployed=0|enemies_detected=0|combat_opportunities=0|threat_clusters=0
21:17:09,UNKNOWN,UNKNOWN,SCOUT_IDENTIFICATION,total_units=0|scouts_found=0|scout_ids=
21:17:09,1,2,PHASE1_SUMMARY,total_units=0|scouts_identified=0|scouts_deployed=0|enemies_detected=0|combat_opportunities=0|threat_clusters=0
21:17:09,1,2,PHASE2_SUMMARY,active_plans=0|new_plans=0|executed_plans=0|aborted_plans=0
21:17:09,1,2,TURN_START,player_nation=Polska|total_units=0|available_units=0
21:17:09,1,2,PHASE3_SUMMARY,defenders_assigned=0|kps_covered=0|pe_secure=True|threat_level=0.0|active_plans=0
21:17:09,UNKNOWN,UNKNOWN,SCOUT_IDENTIFICATION,total_units=0|scouts_found=0|scout_ids=
21:17:09,1,2,PHASE1_SUMMARY,total_units=0|scouts_identified=0|scouts_deployed=0|enemies_detected=0|combat_opportunities=0|threat_clusters=0
21:17:09,UNKNOWN,UNKNOWN,SCOUT_IDENTIFICATION,total_units=0|scouts_found=0|scout_ids=
21:17:09,1,2,PHASE1_SUMMARY,total_units=0|scouts_identified=0|scouts_deployed=0|enemies_detected=0|combat_opportunities=0|threat_clusters=0
21:17:09,1,2,PHASE2_SUMMARY,active_plans=0|new_plans=0|executed_plans=0|aborted_plans=0
21:17:09,1,2,TURN_START,player_nation=Polska|total_units=0|available_units=0
21:17:09,1,2,PHASE3_SUMMARY,defenders_assigned=0|kps_covered=0|pe_secure=True|threat_level=0.0|active_plans=0
21:17:09,UNKNOWN,2,PHASE_4_COMPLETE,request_generated=False|urgency=NONE|requirements=0|priority_areas=
21:17:09,1,5,TURN_START,player_nation=Unknown|total_tokens=0|captured_kps=0
21:17:09,1,5,VP_INTELLIGENCE,"vp_status={'vp_own': 0, 'vp_enemy': 0, 'vp_gap': 0, 'turn': 1, 'max_turns': 30}|trend_direction=STABLE|threat_level=LOW|opportunities_count=0|recommendations_count=0"
21:17:09,UNKNOWN,UNKNOWN,SCOUT_IDENTIFICATION,total_units=0|scouts_found=0|scout_ids=
21:17:09,1,5,PHASE1_SUMMARY,total_units=0|scouts_identified=0|scouts_deployed=0|enemies_detected=0|combat_opportunities=0|threat_clusters=0
21:17:09,UNKNOWN,UNKNOWN,SCOUT_IDENTIFICATION,total_units=0|scouts_found=0|scout_ids=
21:17:09,1,5,PHASE1_SUMMARY,total_units=0|scouts_identified=0|scouts_deployed=0|enemies_detected=0|combat_opportunities=0|threat_clusters=0
21:17:09,1,5,PHASE2_SUMMARY,active_plans=0|new_plans=0|executed_plans=0|aborted_plans=0
21:17:09,1,5,TURN_START,player_nation=Niemcy|total_units=0|available_units=0
21:17:09,1,5,PHASE3_SUMMARY,defenders_assigned=0|kps_covered=0|pe_secure=True|threat_level=0.0|active_plans=0
21:17:09,UNKNOWN,UNKNOWN,SCOUT_IDENTIFICATION,total_units=0|scouts_found=0|scout_ids=
21:17:09,1,5,PHASE1_SUMMARY,total_units=0|scouts_identified=0|scouts_deployed=0|enemies_detected=0|combat_opportunities=0|threat_clusters=0
21:17:09,UNKNOWN,UNKNOWN,SCOUT_IDENTIFICATION,total_units=0|scouts_found=0|scout_ids=
21:17:09,1,5,PHASE1_SUMMARY,total_units=0|scouts_identified=0|scouts_deployed=0|enemies_detected=0|combat_opportunities=0|threat_clusters=0
21:17:09,1,5,PHASE2_SUMMARY,active_plans=0|new_plans=0|executed_plans=0|aborted_plans=0
21:17:09,1,5,TURN_START,player_nation=Niemcy|total_units=0|available_units=0
21:17:09,1,5,PHASE3_SUMMARY,defenders_assigned=0|kps_covered=0|pe_secure=True|threat_level=0.0|active_plans=0
21:17:09,UNKNOWN,5,PHASE_4_COMPLETE,request_generated=False|urgency=NONE|requirements=0|priority_areas=
21:17:09,1,2,TURN_START,player_nation=Unknown|total_tokens=0|captured_kps=0
21:17:09,1,2,VP_INTELLIGENCE,"vp_status={'vp_own': 0, 'vp_enemy': 0, 'vp_gap': 0, 'turn': 1, 'max_turns': 30}|trend_direction=STABLE|threat_level=LOW|opportunities_count=0|recommendations_count=0"
21:17:09,UNKNOWN,UNKNOWN,SCOUT_IDENTIFICATION,total_units=0|scouts_found=0|scout_ids=
21:17:09,1,2,PHASE1_SUMMARY,total_units=0|scouts_identified=0|scouts_deployed=0|enemies_detected=0|combat_opportunities=0|threat_clusters=0
21:17:09,UNKNOWN,UNKNOWN,SCOUT_IDENTIFICATION,total_units=0|scouts_found=0|scout_ids=
21:17:09,1,2,PHASE1_SUMMARY,total_units=0|scouts_identified=0|scouts_deployed=0|enemies_detected=0|combat_opportunities=0|threat_clusters=0
21:17:09,1,2,PHASE2_SUMMARY,active_plans=0|new_plans=0|executed_plans=0|aborted_plans=0
21:17:09,1,2,TURN_START,player_nation=Polska|total_units=0|available_units=0
21:17:09,1,2,PHASE3_SUMMARY,defenders_assigned=0|kps_covered=0|pe_secure=True|threat_level=0.0|active_plans=0
21:17:09,UNKNOWN,UNKNOWN,SCOUT_IDENTIFICATION,total_units=0|scouts_found=0|scout_ids=
21:17:09,1,2,PHASE1_SUMMARY,total_units=0|scouts_identified=0|scouts_deployed=0|enemies_detected=0|combat_opportunities=0|threat_clusters=0
21:17:09,UNKNOWN,UNKNOWN,SCOUT_IDENTIFICATION,total_units=0|scouts_found=0|scout_ids=
21:17:09,1,2,PHASE1_SUMMARY,total_units=0|scouts_identified=0|scouts_deployed=0|enemies_detected=0|combat_opportunities=0|threat_clusters=0
21:17:09,1,2,PHASE2_SUMMARY,active_plans=0|new_plans=0|executed_plans=0|aborted_plans=0
21:17:09,1,2,TURN_START,player_nation=Polska|total_units=0|available_units=0
21:17:09,1,2,PHASE3_SUMMARY,defenders_assigned=0|kps_covered=0|pe_secure=True|threat_level=0.0|active_plans=0
21:17:09,UNKNOWN,2,PHASE_4_COMPLETE,request_generated=False|urgency=NONE|requirements=0|priority_areas=
21:17:09,1,5,TURN_START,player_nation=Unknown|total_tokens=0|captured_kps=0
21:17:09,1,5,VP_INTELLIGENCE,"vp_status={'vp_own': 0, 'vp_enemy': 0, 'vp_gap': 0, 'turn': 1, 'max_turns': 30}|trend_direction=STABLE|threat_level=LOW|opportunities_count=0|recommendations_count=0"
21:17:09,UNKNOWN,UNKNOWN,SCOUT_IDENTIFICATION,total_units=0|scouts_found=0|scout_ids=
21:17:09,1,5,PHASE1_SUMMARY,total_units=0|scouts_identified=0|scouts_deployed=0|enemies_detected=0|combat_opportunities=0|threat_clusters=0
21:17:09,UNKNOWN,UNKNOWN,SCOUT_IDENTIFICATION,total_units=0|scouts_found=0|scout_ids=
21:17:09,1,5,PHASE1_SUMMARY,total_units=0|scouts_identified=0|scouts_deployed=0|enemies_detected=0|combat_opportunities=0|threat_clusters=0
21:17:09,1,5,PHASE2_SUMMARY,active_plans=0|new_plans=0|executed_plans=0|aborted_plans=0
21:17:09,1,5,TURN_START,player_nation=Niemcy|total_units=0|available_units=0
21:17:09,1,5,PHASE3_SUMMARY,defenders_assigned=0|kps_covered=0|pe_secure=True|threat_level=0.0|active_plans=0
21:17:09,UNKNOWN,UNKNOWN,SCOUT_IDENTIFICATION,total_units=0|scouts_found=0|scout_ids=
21:17:09,1,5,PHASE1_SUMMARY,total_units=0|scouts_identified=0|scouts_deployed=0|enemies_detected=0|combat_opportunities=0|threat_clusters=0
21:17:09,UNKNOWN,UNKNOWN,SCOUT_IDENTIFICATION,total_units=0|scouts_found=0|scout_ids=
21:17:09,1,5,PHASE1_SUMMARY,total_units=0|scouts_identified=0|scouts_deployed=0|enemies_detected=0|combat_opportunities=0|threat_clusters=0
21:17:09,1,5,PHASE2_SUMMARY,active_plans=0|new_plans=0|executed_plans=0|aborted_plans=0
21:17:09,1,5,TURN_START,player_nation=Niemcy|total_units=0|available_units=0
21:17:09,1,5,PHASE3_SUMMARY,defenders_assigned=0|kps_covered=0|pe_secure=True|threat_level=0.0|active_plans=0
21:17:09,UNKNOWN,5,PHASE_4_COMPLETE,request_generated=False|urgency=NONE|requirements=0|priority_areas=
21:17:09,1,2,TURN_START,player_nation=Unknown|total_tokens=0|captured_kps=0
21:17:09,1,2,VP_INTELLIGENCE,"vp_status={'vp_own': 0, 'vp_enemy': 0, 'vp_gap': 0, 'turn': 1, 'max_turns': 30}|trend_direction=STABLE|threat_level=LOW|opportunities_count=0|recommendations_count=0"
21:17:09,UNKNOWN,UNKNOWN,SCOUT_IDENTIFICATION,total_units=0|scouts_found=0|scout_ids=
21:17:09,1,2,PHASE1_SUMMARY,total_units=0|scouts_identified=0|scouts_deployed=0|enemies_detected=0|combat_opportunities=0|threat_clusters=0
21:17:09,UNKNOWN,UNKNOWN,SCOUT_IDENTIFICATION,total_units=0|scouts_found=0|scout_ids=
21:17:09,1,2,PHASE1_SUMMARY,total_units=0|scouts_identified=0|scouts_deployed=0|enemies_detected=0|combat_opportunities=0|threat_clusters=0
21:17:09,1,2,PHASE2_SUMMARY,active_plans=0|new_plans=0|executed_plans=0|aborted_plans=0
21:17:09,1,2,TURN_START,player_nation=Polska|total_units=0|available_units=0
21:17:09,1,2,PHASE3_SUMMARY,defenders_assigned=0|kps_covered=0|pe_secure=True|threat_level=0.0|active_plans=0
21:17:09,UNKNOWN,UNKNOWN,SCOUT_IDENTIFICATION,total_units=0|scouts_found=0|scout_ids=
21:17:09,1,2,PHASE1_SUMMARY,total_units=0|scouts_identified=0|scouts_deployed=0|enemies_detected=0|combat_opportunities=0|threat_clusters=0
21:17:09,UNKNOWN,UNKNOWN,SCOUT_IDENTIFICATION,total_units=0|scouts_found=0|scout_ids=
21:17:09,1,2,PHASE1_SUMMARY,total_units=0|scouts_identified=0|scouts_deployed=0|enemies_detected=0|combat_opportunities=0|threat_clusters=0
21:17:09,1,2,PHASE2_SUMMARY,active_plans=0|new_plans=0|executed_plans=0|aborted_plans=0
21:17:09,1,2,TURN_START,player_nation=Polska|total_units=0|available_units=0
21:17:09,1,2,PHASE3_SUMMARY,defenders_assigned=0|kps_covered=0|pe_secure=True|threat_level=0.0|active_plans=0
21:17:09,UNKNOWN,2,PHASE_4_COMPLETE,request_generated=False|urgency=NONE|requirements=0|priority_areas=
21:17:09,1,5,TURN_START,player_nation=Unknown|total_tokens=0|captured_kps=0
21:17:09,1,5,VP_INTELLIGENCE,"vp_status={'vp_own': 0, 'vp_enemy': 0, 'vp_gap': 0, 'turn': 1, 'max_turns': 30}|trend_direction=STABLE|threat_level=LOW|opportunities_count=0|recommendations_count=0"
21:17:09,UNKNOWN,UNKNOWN,SCOUT_IDENTIFICATION,total_units=0|scouts_found=0|scout_ids=
21:17:09,1,5,PHASE1_SUMMARY,total_units=0|scouts_identified=0|scouts_deployed=0|enemies_detected=0|combat_opportunities=0|threat_clusters=0
21:17:09,UNKNOWN,UNKNOWN,SCOUT_IDENTIFICATION,total_units=0|scouts_found=0|scout_ids=
21:17:09,1,5,PHASE1_SUMMARY,total_units=0|scouts_identified=0|scouts_deployed=0|enemies_detected=0|combat_opportunities=0|threat_clusters=0
21:17:09,1,5,PHASE2_SUMMARY,active_plans=0|new_plans=0|executed_plans=0|aborted_plans=0
21:17:09,1,5,TURN_START,player_nation=Niemcy|total_units=0|available_units=0
21:17:09,1,5,PHASE3_SUMMARY,defenders_assigned=0|kps_covered=0|pe_secure=True|threat_level=0.0|active_plans=0
21:17:09,UNKNOWN,UNKNOWN,SCOUT_IDENTIFICATION,total_units=0|scouts_found=0|scout_ids=
21:17:09,1,5,PHASE1_SUMMARY,total_units=0|scouts_identified=0|scouts_deployed=0|enemies_detected=0|combat_opportunities=0|threat_clusters=0
21:17:09,UNKNOWN,UNKNOWN,SCOUT_IDENTIFICATION,total_units=0|scouts_found=0|scout_ids=
21:17:09,1,5,PHASE1_SUMMARY,total_units=0|scouts_identified=0|scouts_deployed=0|enemies_detected=0|combat_opportunities=0|threat_clusters=0
21:17:09,1,5,PHASE2_SUMMARY,active_plans=0|new_plans=0|executed_plans=0|aborted_plans=0
21:17:09,1,5,TURN_START,player_nation=Niemcy|total_units=0|available_units=0
21:17:09,1,5,PHASE3_SUMMARY,defenders_assigned=0|kps_covered=0|pe_secure=True|threat_level=0.0|active_plans=0
21:17:09,UNKNOWN,5,PHASE_4_COMPLETE,request_generated=False|urgency=NONE|requirements=0|priority_areas=
21:17:09,1,2,TURN_START,player_nation=Unknown|total_tokens=0|captured_kps=0
21:17:10,1,2,VP_INTELLIGENCE,"vp_status={'vp_own': 0, 'vp_enemy': 0, 'vp_gap': 0, 'turn': 1, 'max_turns': 30}|trend_direction=STABLE|threat_level=LOW|opportunities_count=0|recommendations_count=0"
21:17:10,UNKNOWN,UNKNOWN,SCOUT_IDENTIFICATION,total_units=0|scouts_found=0|scout_ids=
21:17:10,1,2,PHASE1_SUMMARY,total_units=0|scouts_identified=0|scouts_deployed=0|enemies_detected=0|combat_opportunities=0|threat_clusters=0
21:17:10,UNKNOWN,UNKNOWN,SCOUT_IDENTIFICATION,total_units=0|scouts_found=0|scout_ids=
21:17:10,1,2,PHASE1_SUMMARY,total_units=0|scouts_identified=0|scouts_deployed=0|enemies_detected=0|combat_opportunities=0|threat_clusters=0
21:17:10,1,2,PHASE2_SUMMARY,active_plans=0|new_plans=0|executed_plans=0|aborted_plans=0
21:17:10,1,2,TURN_START,player_nation=Polska|total_units=0|available_units=0
21:17:10,1,2,PHASE3_SUMMARY,defenders_assigned=0|kps_covered=0|pe_secure=True|threat_level=0.0|active_plans=0
21:17:10,UNKNOWN,UNKNOWN,SCOUT_IDENTIFICATION,total_units=0|scouts_found=0|scout_ids=
21:17:10,1,2,PHASE1_SUMMARY,total_units=0|scouts_identified=0|scouts_deployed=0|enemies_detected=0|combat_opportunities=0|threat_clusters=0
21:17:10,UNKNOWN,UNKNOWN,SCOUT_IDENTIFICATION,total_units=0|scouts_found=0|scout_ids=
21:17:10,1,2,PHASE1_SUMMARY,total_units=0|scouts_identified=0|scouts_deployed=0|enemies_detected=0|combat_opportunities=0|threat_clusters=0
21:17:10,1,2,PHASE2_SUMMARY,active_plans=0|new_plans=0|executed_plans=0|aborted_plans=0
21:17:10,1,2,TURN_START,player_nation=Polska|total_units=0|available_units=0
21:17:10,1,2,PHASE3_SUMMARY,defenders_assigned=0|kps_covered=0|pe_secure=True|threat_level=0.0|active_plans=0
21:17:10,UNKNOWN,2,PHASE_4_COMPLETE,request_generated=False|urgency=NONE|requirements=0|priority_areas=
21:17:10,1,5,TURN_START,player_nation=Unknown|total_tokens=0|captured_kps=0
21:17:10,1,5,VP_INTELLIGENCE,"vp_status={'vp_own': 0, 'vp_enemy': 0, 'vp_gap': 0, 'turn': 1, 'max_turns': 30}|trend_direction=STABLE|threat_level=LOW|opportunities_count=0|recommendations_count=0"
21:17:10,UNKNOWN,UNKNOWN,SCOUT_IDENTIFICATION,total_units=0|scouts_found=0|scout_ids=
21:17:10,1,5,PHASE1_SUMMARY,total_units=0|scouts_identified=0|scouts_deployed=0|enemies_detected=0|combat_opportunities=0|threat_clusters=0
21:17:10,UNKNOWN,UNKNOWN,SCOUT_IDENTIFICATION,total_units=0|scouts_found=0|scout_ids=
21:17:10,1,5,PHASE1_SUMMARY,total_units=0|scouts_identified=0|scouts_deployed=0|enemies_detected=0|combat_opportunities=0|threat_clusters=0
21:17:10,1,5,PHASE2_SUMMARY,active_plans=0|new_plans=0|executed_plans=0|aborted_plans=0
21:17:10,1,5,TURN_START,player_nation=Niemcy|total_units=0|available_units=0
21:17:10,1,5,PHASE3_SUMMARY,defenders_assigned=0|kps_covered=0|pe_secure=True|threat_level=0.0|active_plans=0
21:17:10,UNKNOWN,UNKNOWN,SCOUT_IDENTIFICATION,total_units=0|scouts_found=0|scout_ids=
21:17:10,1,5,PHASE1_SUMMARY,total_units=0|scouts_identified=0|scouts_deployed=0|enemies_detected=0|combat_opportunities=0|threat_clusters=0
21:17:10,UNKNOWN,UNKNOWN,SCOUT_IDENTIFICATION,total_units=0|scouts_found=0|scout_ids=
21:17:10,1,5,PHASE1_SUMMARY,total_units=0|scouts_identified=0|scouts_deployed=0|enemies_detected=0|combat_opportunities=0|threat_clusters=0
21:17:10,1,5,PHASE2_SUMMARY,active_plans=0|new_plans=0|executed_plans=0|aborted_plans=0
21:17:10,1,5,TURN_START,player_nation=Niemcy|total_units=0|available_units=0
21:17:10,1,5,PHASE3_SUMMARY,defenders_assigned=0|kps_covered=0|pe_secure=True|threat_level=0.0|active_plans=0
21:17:10,UNKNOWN,5,PHASE_4_COMPLETE,request_generated=False|urgency=NONE|requirements=0|priority_areas=
21:17:10,1,2,TURN_START,player_nation=Unknown|total_tokens=0|captured_kps=0
21:17:10,1,2,VP_INTELLIGENCE,"vp_status={'vp_own': 0, 'vp_enemy': 0, 'vp_gap': 0, 'turn': 1, 'max_turns': 30}|trend_direction=STABLE|threat_level=LOW|opportunities_count=0|recommendations_count=0"
21:17:10,UNKNOWN,UNKNOWN,SCOUT_IDENTIFICATION,total_units=0|scouts_found=0|scout_ids=
21:17:10,1,2,PHASE1_SUMMARY,total_units=0|scouts_identified=0|scouts_deployed=0|enemies_detected=0|combat_opportunities=0|threat_clusters=0
21:17:10,UNKNOWN,UNKNOWN,SCOUT_IDENTIFICATION,total_units=0|scouts_found=0|scout_ids=
21:17:10,1,2,PHASE1_SUMMARY,total_units=0|scouts_identified=0|scouts_deployed=0|enemies_detected=0|combat_opportunities=0|threat_clusters=0
21:17:10,1,2,PHASE2_SUMMARY,active_plans=0|new_plans=0|executed_plans=0|aborted_plans=0
21:17:10,1,2,TURN_START,player_nation=Polska|total_units=0|available_units=0
21:17:10,1,2,PHASE3_SUMMARY,defenders_assigned=0|kps_covered=0|pe_secure=True|threat_level=0.0|active_plans=0
21:17:10,UNKNOWN,UNKNOWN,SCOUT_IDENTIFICATION,total_units=0|scouts_found=0|scout_ids=
21:17:10,1,2,PHASE1_SUMMARY,total_units=0|scouts_identified=0|scouts_deployed=0|enemies_detected=0|combat_opportunities=0|threat_clusters=0
21:17:10,UNKNOWN,UNKNOWN,SCOUT_IDENTIFICATION,total_units=0|scouts_found=0|scout_ids=
21:17:10,1,2,PHASE1_SUMMARY,total_units=0|scouts_identified=0|scouts_deployed=0|enemies_detected=0|combat_opportunities=0|threat_clusters=0
21:17:10,1,2,PHASE2_SUMMARY,active_plans=0|new_plans=0|executed_plans=0|aborted_plans=0
21:17:10,1,2,TURN_START,player_nation=Polska|total_units=0|available_units=0
21:17:10,1,2,PHASE3_SUMMARY,defenders_assigned=0|kps_covered=0|pe_secure=True|threat_level=0.0|active_plans=0
21:17:10,UNKNOWN,2,PHASE_4_COMPLETE,request_generated=False|urgency=NONE|requirements=0|priority_areas=
21:17:10,1,5,TURN_START,player_nation=Unknown|total_tokens=0|captured_kps=0
21:17:10,1,5,VP_INTELLIGENCE,"vp_status={'vp_own': 0, 'vp_enemy': 0, 'vp_gap': 0, 'turn': 1, 'max_turns': 30}|trend_direction=STABLE|threat_level=LOW|opportunities_count=0|recommendations_count=0"
21:17:10,UNKNOWN,UNKNOWN,SCOUT_IDENTIFICATION,total_units=0|scouts_found=0|scout_ids=
21:17:10,1,5,PHASE1_SUMMARY,total_units=0|scouts_identified=0|scouts_deployed=0|enemies_detected=0|combat_opportunities=0|threat_clusters=0
21:17:10,UNKNOWN,UNKNOWN,SCOUT_IDENTIFICATION,total_units=0|scouts_found=0|scout_ids=
21:17:10,1,5,PHASE1_SUMMARY,total_units=0|scouts_identified=0|scouts_deployed=0|enemies_detected=0|combat_opportunities=0|threat_clusters=0
21:17:10,1,5,PHASE2_SUMMARY,active_plans=0|new_plans=0|executed_plans=0|aborted_plans=0
21:17:10,1,5,TURN_START,player_nation=Niemcy|total_units=0|available_units=0
21:17:10,1,5,PHASE3_SUMMARY,defenders_assigned=0|kps_covered=0|pe_secure=True|threat_level=0.0|active_plans=0
21:17:10,UNKNOWN,UNKNOWN,SCOUT_IDENTIFICATION,total_units=0|scouts_found=0|scout_ids=
21:17:10,1,5,PHASE1_SUMMARY,total_units=0|scouts_identified=0|scouts_deployed=0|enemies_detected=0|combat_opportunities=0|threat_clusters=0
21:17:10,UNKNOWN,UNKNOWN,SCOUT_IDENTIFICATION,total_units=0|scouts_found=0|scout_ids=
21:17:10,1,5,PHASE1_SUMMARY,total_units=0|scouts_identified=0|scouts_deployed=0|enemies_detected=0|combat_opportunities=0|threat_clusters=0
21:17:10,1,5,PHASE2_SUMMARY,active_plans=0|new_plans=0|executed_plans=0|aborted_plans=0
21:17:10,1,5,TURN_START,player_nation=Niemcy|total_units=0|available_units=0
21:17:10,1,5,PHASE3_SUMMARY,defenders_assigned=0|kps_covered=0|pe_secure=True|threat_level=0.0|active_plans=0
21:17:10,UNKNOWN,5,PHASE_4_COMPLETE,request_generated=False|urgency=NONE|requirements=0|priority_areas=
21:17:10,1,2,TURN_START,player_nation=Unknown|total_tokens=0|captured_kps=0
21:17:10,1,2,VP_INTELLIGENCE,"vp_status={'vp_own': 0, 'vp_enemy': 0, 'vp_gap': 0, 'turn': 1, 'max_turns': 30}|trend_direction=STABLE|threat_level=LOW|opportunities_count=0|recommendations_count=0"
21:17:10,UNKNOWN,UNKNOWN,SCOUT_IDENTIFICATION,total_units=0|scouts_found=0|scout_ids=
21:17:10,1,2,PHASE1_SUMMARY,total_units=0|scouts_identified=0|scouts_deployed=0|enemies_detected=0|combat_opportunities=0|threat_clusters=0
21:17:10,UNKNOWN,UNKNOWN,SCOUT_IDENTIFICATION,total_units=0|scouts_found=0|scout_ids=
21:17:10,1,2,PHASE1_SUMMARY,total_units=0|scouts_identified=0|scouts_deployed=0|enemies_detected=0|combat_opportunities=0|threat_clusters=0
21:17:10,1,2,PHASE2_SUMMARY,active_plans=0|new_plans=0|executed_plans=0|aborted_plans=0
21:17:10,1,2,TURN_START,player_nation=Polska|total_units=0|available_units=0
21:17:10,1,2,PHASE3_SUMMARY,defenders_assigned=0|kps_covered=0|pe_secure=True|threat_level=0.0|active_plans=0
21:17:10,UNKNOWN,UNKNOWN,SCOUT_IDENTIFICATION,total_units=0|scouts_found=0|scout_ids=
21:17:10,1,2,PHASE1_SUMMARY,total_units=0|scouts_identified=0|scouts_deployed=0|enemies_detected=0|combat_opportunities=0|threat_clusters=0
21:17:10,UNKNOWN,UNKNOWN,SCOUT_IDENTIFICATION,total_units=0|scouts_found=0|scout_ids=
21:17:10,1,2,PHASE1_SUMMARY,total_units=0|scouts_identified=0|scouts_deployed=0|enemies_detected=0|combat_opportunities=0|threat_clusters=0
21:17:10,1,2,PHASE2_SUMMARY,active_plans=0|new_plans=0|executed_plans=0|aborted_plans=0
21:17:10,1,2,TURN_START,player_nation=Polska|total_units=0|available_units=0
21:17:10,1,2,PHASE3_SUMMARY,defenders_assigned=0|kps_covered=0|pe_secure=True|threat_level=0.0|active_plans=0
21:17:10,UNKNOWN,2,PHASE_4_COMPLETE,request_generated=False|urgency=NONE|requirements=0|priority_areas=
21:17:10,1,5,TURN_START,player_nation=Unknown|total_tokens=0|captured_kps=0
21:17:10,1,5,VP_INTELLIGENCE,"vp_status={'vp_own': 0, 'vp_enemy': 0, 'vp_gap': 0, 'turn': 1, 'max_turns': 30}|trend_direction=STABLE|threat_level=LOW|opportunities_count=0|recommendations_count=0"
21:17:10,UNKNOWN,UNKNOWN,SCOUT_IDENTIFICATION,total_units=0|scouts_found=0|scout_ids=
21:17:10,1,5,PHASE1_SUMMARY,total_units=0|scouts_identified=0|scouts_deployed=0|enemies_detected=0|combat_opportunities=0|threat_clusters=0
21:17:10,UNKNOWN,UNKNOWN,SCOUT_IDENTIFICATION,total_units=0|scouts_found=0|scout_ids=
21:17:10,1,5,PHASE1_SUMMARY,total_units=0|scouts_identified=0|scouts_deployed=0|enemies_detected=0|combat_opportunities=0|threat_clusters=0
21:17:10,1,5,PHASE2_SUMMARY,active_plans=0|new_plans=0|executed_plans=0|aborted_plans=0
21:17:10,1,5,TURN_START,player_nation=Niemcy|total_units=0|available_units=0
21:17:10,1,5,PHASE3_SUMMARY,defenders_assigned=0|kps_covered=0|pe_secure=True|threat_level=0.0|active_plans=0
21:17:10,UNKNOWN,UNKNOWN,SCOUT_IDENTIFICATION,total_units=0|scouts_found=0|scout_ids=
21:17:10,1,5,PHASE1_SUMMARY,total_units=0|scouts_identified=0|scouts_deployed=0|enemies_detected=0|combat_opportunities=0|threat_clusters=0
21:17:10,UNKNOWN,UNKNOWN,SCOUT_IDENTIFICATION,total_units=0|scouts_found=0|scout_ids=
21:17:10,1,5,PHASE1_SUMMARY,total_units=0|scouts_identified=0|scouts_deployed=0|enemies_detected=0|combat_opportunities=0|threat_clusters=0
21:17:10,1,5,PHASE2_SUMMARY,active_plans=0|new_plans=0|executed_plans=0|aborted_plans=0
21:17:10,1,5,TURN_START,player_nation=Niemcy|total_units=0|available_units=0
21:17:10,1,5,PHASE3_SUMMARY,defenders_assigned=0|kps_covered=0|pe_secure=True|threat_level=0.0|active_plans=0
21:17:10,UNKNOWN,5,PHASE_4_COMPLETE,request_generated=False|urgency=NONE|requirements=0|priority_areas=
21:17:10,1,2,TURN_START,player_nation=Unknown|total_tokens=0|captured_kps=0
21:17:10,1,2,VP_INTELLIGENCE,"vp_status={'vp_own': 0, 'vp_enemy': 0, 'vp_gap': 0, 'turn': 1, 'max_turns': 30}|trend_direction=STABLE|threat_level=LOW|opportunities_count=0|recommendations_count=0"
21:17:10,UNKNOWN,UNKNOWN,SCOUT_IDENTIFICATION,total_units=0|scouts_found=0|scout_ids=
21:17:10,1,2,PHASE1_SUMMARY,total_units=0|scouts_identified=0|scouts_deployed=0|enemies_detected=0|combat_opportunities=0|threat_clusters=0
21:17:10,UNKNOWN,UNKNOWN,SCOUT_IDENTIFICATION,total_units=0|scouts_found=0|scout_ids=
21:17:10,1,2,PHASE1_SUMMARY,total_units=0|scouts_identified=0|scouts_deployed=0|enemies_detected=0|combat_opportunities=0|threat_clusters=0
21:17:10,1,2,PHASE2_SUMMARY,active_plans=0|new_plans=0|executed_plans=0|aborted_plans=0
21:17:10,1,2,TURN_START,player_nation=Polska|total_units=0|available_units=0
21:17:10,1,2,PHASE3_SUMMARY,defenders_assigned=0|kps_covered=0|pe_secure=True|threat_level=0.0|active_plans=0
21:17:10,UNKNOWN,UNKNOWN,SCOUT_IDENTIFICATION,total_units=0|scouts_found=0|scout_ids=
21:17:10,1,2,PHASE1_SUMMARY,total_units=0|scouts_identified=0|scouts_deployed=0|enemies_detected=0|combat_opportunities=0|threat_clusters=0
21:17:10,UNKNOWN,UNKNOWN,SCOUT_IDENTIFICATION,total_units=0|scouts_found=0|scout_ids=
21:17:10,1,2,PHASE1_SUMMARY,total_units=0|scouts_identified=0|scouts_deployed=0|enemies_detected=0|combat_opportunities=0|threat_clusters=0
21:17:10,1,2,PHASE2_SUMMARY,active_plans=0|new_plans=0|executed_plans=0|aborted_plans=0
21:17:10,1,2,TURN_START,player_nation=Polska|total_units=0|available_units=0
21:17:10,1,2,PHASE3_SUMMARY,defenders_assigned=0|kps_covered=0|pe_secure=True|threat_level=0.0|active_plans=0
21:17:10,UNKNOWN,2,PHASE_4_COMPLETE,request_generated=False|urgency=NONE|requirements=0|priority_areas=
21:17:10,1,5,TURN_START,player_nation=Unknown|total_tokens=0|captured_kps=0
21:17:10,1,5,VP_INTELLIGENCE,"vp_status={'vp_own': 0, 'vp_enemy': 0, 'vp_gap': 0, 'turn': 1, 'max_turns': 30}|trend_direction=STABLE|threat_level=LOW|opportunities_count=0|recommendations_count=0"
21:17:10,UNKNOWN,UNKNOWN,SCOUT_IDENTIFICATION,total_units=0|scouts_found=0|scout_ids=
21:17:10,1,5,PHASE1_SUMMARY,total_units=0|scouts_identified=0|scouts_deployed=0|enemies_detected=0|combat_opportunities=0|threat_clusters=0
21:17:10,UNKNOWN,UNKNOWN,SCOUT_IDENTIFICATION,total_units=0|scouts_found=0|scout_ids=
21:17:10,1,5,PHASE1_SUMMARY,total_units=0|scouts_identified=0|scouts_deployed=0|enemies_detected=0|combat_opportunities=0|threat_clusters=0
21:17:10,1,5,PHASE2_SUMMARY,active_plans=0|new_plans=0|executed_plans=0|aborted_plans=0
21:17:10,1,5,TURN_START,player_nation=Niemcy|total_units=0|available_units=0
21:17:10,1,5,PHASE3_SUMMARY,defenders_assigned=0|kps_covered=0|pe_secure=True|threat_level=0.0|active_plans=0
21:17:10,UNKNOWN,UNKNOWN,SCOUT_IDENTIFICATION,total_units=0|scouts_found=0|scout_ids=
21:17:10,1,5,PHASE1_SUMMARY,total_units=0|scouts_identified=0|scouts_deployed=0|enemies_detected=0|combat_opportunities=0|threat_clusters=0
21:17:10,UNKNOWN,UNKNOWN,SCOUT_IDENTIFICATION,total_units=0|scouts_found=0|scout_ids=
21:17:10,1,5,PHASE1_SUMMARY,total_units=0|scouts_identified=0|scouts_deployed=0|enemies_detected=0|combat_opportunities=0|threat_clusters=0
21:17:10,1,5,PHASE2_SUMMARY,active_plans=0|new_plans=0|executed_plans=0|aborted_plans=0
21:17:10,1,5,TURN_START,player_nation=Niemcy|total_units=0|available_units=0
21:17:10,1,5,PHASE3_SUMMARY,defenders_assigned=0|kps_covered=0|pe_secure=True|threat_level=0.0|active_plans=0
21:17:10,UNKNOWN,5,PHASE_4_COMPLETE,request_generated=False|urgency=NONE|requirements=0|priority_areas=
21:17:10,1,2,TURN_START,player_nation=Unknown|total_tokens=0|captured_kps=0
21:17:10,1,2,VP_INTELLIGENCE,"vp_status={'vp_own': 0, 'vp_enemy': 0, 'vp_gap': 0, 'turn': 1, 'max_turns': 30}|trend_direction=STABLE|threat_level=LOW|opportunities_count=0|recommendations_count=0"
21:17:10,UNKNOWN,UNKNOWN,SCOUT_IDENTIFICATION,total_units=0|scouts_found=0|scout_ids=
21:17:10,1,2,PHASE1_SUMMARY,total_units=0|scouts_identified=0|scouts_deployed=0|enemies_detected=0|combat_opportunities=0|threat_clusters=0
21:17:10,UNKNOWN,UNKNOWN,SCOUT_IDENTIFICATION,total_units=0|scouts_found=0|scout_ids=
21:17:10,1,2,PHASE1_SUMMARY,total_units=0|scouts_identified=0|scouts_deployed=0|enemies_detected=0|combat_opportunities=0|threat_clusters=0
21:17:10,1,2,PHASE2_SUMMARY,active_plans=0|new_plans=0|executed_plans=0|aborted_plans=0
21:17:10,1,2,TURN_START,player_nation=Polska|total_units=0|available_units=0
21:17:10,1,2,PHASE3_SUMMARY,defenders_assigned=0|kps_covered=0|pe_secure=True|threat_level=0.0|active_plans=0
21:17:10,UNKNOWN,UNKNOWN,SCOUT_IDENTIFICATION,total_units=0|scouts_found=0|scout_ids=
21:17:10,1,2,PHASE1_SUMMARY,total_units=0|scouts_identified=0|scouts_deployed=0|enemies_detected=0|combat_opportunities=0|threat_clusters=0
21:17:10,UNKNOWN,UNKNOWN,SCOUT_IDENTIFICATION,total_units=0|scouts_found=0|scout_ids=
21:17:10,1,2,PHASE1_SUMMARY,total_units=0|scouts_identified=0|scouts_deployed=0|enemies_detected=0|combat_opportunities=0|threat_clusters=0
21:17:10,1,2,PHASE2_SUMMARY,active_plans=0|new_plans=0|executed_plans=0|aborted_plans=0
21:17:10,1,2,TURN_START,player_nation=Polska|total_units=0|available_units=0
21:17:10,1,2,PHASE3_SUMMARY,defenders_assigned=0|kps_covered=0|pe_secure=True|threat_level=0.0|active_plans=0
21:17:10,UNKNOWN,2,PHASE_4_COMPLETE,request_generated=False|urgency=NONE|requirements=0|priority_areas=
21:17:10,1,5,TURN_START,player_nation=Unknown|total_tokens=0|captured_kps=0
21:17:10,1,5,VP_INTELLIGENCE,"vp_status={'vp_own': 0, 'vp_enemy': 0, 'vp_gap': 0, 'turn': 1, 'max_turns': 30}|trend_direction=STABLE|threat_level=LOW|opportunities_count=0|recommendations_count=0"
21:17:10,UNKNOWN,UNKNOWN,SCOUT_IDENTIFICATION,total_units=0|scouts_found=0|scout_ids=
21:17:10,1,5,PHASE1_SUMMARY,total_units=0|scouts_identified=0|scouts_deployed=0|enemies_detected=0|combat_opportunities=0|threat_clusters=0
21:17:10,UNKNOWN,UNKNOWN,SCOUT_IDENTIFICATION,total_units=0|scouts_found=0|scout_ids=
21:17:10,1,5,PHASE1_SUMMARY,total_units=0|scouts_identified=0|scouts_deployed=0|enemies_detected=0|combat_opportunities=0|threat_clusters=0
21:17:10,1,5,PHASE2_SUMMARY,active_plans=0|new_plans=0|executed_plans=0|aborted_plans=0
21:17:10,1,5,TURN_START,player_nation=Niemcy|total_units=0|available_units=0
21:17:10,1,5,PHASE3_SUMMARY,defenders_assigned=0|kps_covered=0|pe_secure=True|threat_level=0.0|active_plans=0
21:17:10,UNKNOWN,UNKNOWN,SCOUT_IDENTIFICATION,total_units=0|scouts_found=0|scout_ids=
21:17:10,1,5,PHASE1_SUMMARY,total_units=0|scouts_identified=0|scouts_deployed=0|enemies_detected=0|combat_opportunities=0|threat_clusters=0
21:17:10,UNKNOWN,UNKNOWN,SCOUT_IDENTIFICATION,total_units=0|scouts_found=0|scout_ids=
21:17:10,1,5,PHASE1_SUMMARY,total_units=0|scouts_identified=0|scouts_deployed=0|enemies_detected=0|combat_opportunities=0|threat_clusters=0
21:17:10,1,5,PHASE2_SUMMARY,active_plans=0|new_plans=0|executed_plans=0|aborted_plans=0
21:17:10,1,5,TURN_START,player_nation=Niemcy|total_units=0|available_units=0
21:17:10,1,5,PHASE3_SUMMARY,defenders_assigned=0|kps_covered=0|pe_secure=True|threat_level=0.0|active_plans=0
21:17:10,UNKNOWN,5,PHASE_4_COMPLETE,request_generated=False|urgency=NONE|requirements=0|priority_areas=
21:17:10,1,2,TURN_START,player_nation=Unknown|total_tokens=0|captured_kps=0
21:17:10,1,2,VP_INTELLIGENCE,"vp_status={'vp_own': 0, 'vp_enemy': 0, 'vp_gap': 0, 'turn': 1, 'max_turns': 30}|trend_direction=STABLE|threat_level=LOW|opportunities_count=0|recommendations_count=0"
21:17:10,UNKNOWN,UNKNOWN,SCOUT_IDENTIFICATION,total_units=0|scouts_found=0|scout_ids=
21:17:10,1,2,PHASE1_SUMMARY,total_units=0|scouts_identified=0|scouts_deployed=0|enemies_detected=0|combat_opportunities=0|threat_clusters=0
21:17:10,UNKNOWN,UNKNOWN,SCOUT_IDENTIFICATION,total_units=0|scouts_found=0|scout_ids=
21:17:10,1,2,PHASE1_SUMMARY,total_units=0|scouts_identified=0|scouts_deployed=0|enemies_detected=0|combat_opportunities=0|threat_clusters=0
21:17:10,1,2,PHASE2_SUMMARY,active_plans=0|new_plans=0|executed_plans=0|aborted_plans=0
21:17:10,1,2,TURN_START,player_nation=Polska|total_units=0|available_units=0
21:17:10,1,2,PHASE3_SUMMARY,defenders_assigned=0|kps_covered=0|pe_secure=True|threat_level=0.0|active_plans=0
21:17:10,UNKNOWN,UNKNOWN,SCOUT_IDENTIFICATION,total_units=0|scouts_found=0|scout_ids=
21:17:10,1,2,PHASE1_SUMMARY,total_units=0|scouts_identified=0|scouts_deployed=0|enemies_detected=0|combat_opportunities=0|threat_clusters=0
21:17:10,UNKNOWN,UNKNOWN,SCOUT_IDENTIFICATION,total_units=0|scouts_found=0|scout_ids=
21:17:10,1,2,PHASE1_SUMMARY,total_units=0|scouts_identified=0|scouts_deployed=0|enemies_detected=0|combat_opportunities=0|threat_clusters=0
21:17:10,1,2,PHASE2_SUMMARY,active_plans=0|new_plans=0|executed_plans=0|aborted_plans=0
21:17:10,1,2,TURN_START,player_nation=Polska|total_units=0|available_units=0
21:17:10,1,2,PHASE3_SUMMARY,defenders_assigned=0|kps_covered=0|pe_secure=True|threat_level=0.0|active_plans=0
21:17:10,UNKNOWN,2,PHASE_4_COMPLETE,request_generated=False|urgency=NONE|requirements=0|priority_areas=
21:17:10,1,5,TURN_START,player_nation=Unknown|total_tokens=0|captured_kps=0
21:17:10,1,5,VP_INTELLIGENCE,"vp_status={'vp_own': 0, 'vp_enemy': 0, 'vp_gap': 0, 'turn': 1, 'max_turns': 30}|trend_direction=STABLE|threat_level=LOW|opportunities_count=0|recommendations_count=0"
21:17:10,UNKNOWN,UNKNOWN,SCOUT_IDENTIFICATION,total_units=0|scouts_found=0|scout_ids=
21:17:10,1,5,PHASE1_SUMMARY,total_units=0|scouts_identified=0|scouts_deployed=0|enemies_detected=0|combat_opportunities=0|threat_clusters=0
21:17:10,UNKNOWN,UNKNOWN,SCOUT_IDENTIFICATION,total_units=0|scouts_found=0|scout_ids=
21:17:10,1,5,PHASE1_SUMMARY,total_units=0|scouts_identified=0|scouts_deployed=0|enemies_detected=0|combat_opportunities=0|threat_clusters=0
21:17:10,1,5,PHASE2_SUMMARY,active_plans=0|new_plans=0|executed_plans=0|aborted_plans=0
21:17:10,1,5,TURN_START,player_nation=Niemcy|total_units=0|available_units=0
21:17:10,1,5,PHASE3_SUMMARY,defenders_assigned=0|kps_covered=0|pe_secure=True|threat_level=0.0|active_plans=0
21:17:10,UNKNOWN,UNKNOWN,SCOUT_IDENTIFICATION,total_units=0|scouts_found=0|scout_ids=
21:17:10,1,5,PHASE1_SUMMARY,total_units=0|scouts_identified=0|scouts_deployed=0|enemies_detected=0|combat_opportunities=0|threat_clusters=0
21:17:10,UNKNOWN,UNKNOWN,SCOUT_IDENTIFICATION,total_units=0|scouts_found=0|scout_ids=
21:17:10,1,5,PHASE1_SUMMARY,total_units=0|scouts_identified=0|scouts_deployed=0|enemies_detected=0|combat_opportunities=0|threat_clusters=0
21:17:10,1,5,PHASE2_SUMMARY,active_plans=0|new_plans=0|executed_plans=0|aborted_plans=0
21:17:10,1,5,TURN_START,player_nation=Niemcy|total_units=0|available_units=0
21:17:10,1,5,PHASE3_SUMMARY,defenders_assigned=0|kps_covered=0|pe_secure=True|threat_level=0.0|active_plans=0
21:17:10,UNKNOWN,5,PHASE_4_COMPLETE,request_generated=False|urgency=NONE|requirements=0|priority_areas=
21:17:10,1,2,TURN_START,player_nation=Unknown|total_tokens=0|captured_kps=0
21:17:10,1,2,VP_INTELLIGENCE,"vp_status={'vp_own': 0, 'vp_enemy': 0, 'vp_gap': 0, 'turn': 1, 'max_turns': 30}|trend_direction=STABLE|threat_level=LOW|opportunities_count=0|recommendations_count=0"
21:17:10,UNKNOWN,UNKNOWN,SCOUT_IDENTIFICATION,total_units=0|scouts_found=0|scout_ids=
21:17:10,1,2,PHASE1_SUMMARY,total_units=0|scouts_identified=0|scouts_deployed=0|enemies_detected=0|combat_opportunities=0|threat_clusters=0
21:17:10,UNKNOWN,UNKNOWN,SCOUT_IDENTIFICATION,total_units=0|scouts_found=0|scout_ids=
21:17:10,1,2,PHASE1_SUMMARY,total_units=0|scouts_identified=0|scouts_deployed=0|enemies_detected=0|combat_opportunities=0|threat_clusters=0
21:17:10,1,2,PHASE2_SUMMARY,active_plans=0|new_plans=0|executed_plans=0|aborted_plans=0
21:17:10,1,2,TURN_START,player_nation=Polska|total_units=0|available_units=0
21:17:10,1,2,PHASE3_SUMMARY,defenders_assigned=0|kps_covered=0|pe_secure=True|threat_level=0.0|active_plans=0
21:17:10,UNKNOWN,UNKNOWN,SCOUT_IDENTIFICATION,total_units=0|scouts_found=0|scout_ids=
21:17:10,1,2,PHASE1_SUMMARY,total_units=0|scouts_identified=0|scouts_deployed=0|enemies_detected=0|combat_opportunities=0|threat_clusters=0
21:17:10,UNKNOWN,UNKNOWN,SCOUT_IDENTIFICATION,total_units=0|scouts_found=0|scout_ids=
21:17:10,1,2,PHASE1_SUMMARY,total_units=0|scouts_identified=0|scouts_deployed=0|enemies_detected=0|combat_opportunities=0|threat_clusters=0
21:17:10,1,2,PHASE2_SUMMARY,active_plans=0|new_plans=0|executed_plans=0|aborted_plans=0
21:17:10,1,2,TURN_START,player_nation=Polska|total_units=0|available_units=0
21:17:10,1,2,PHASE3_SUMMARY,defenders_assigned=0|kps_covered=0|pe_secure=True|threat_level=0.0|active_plans=0
21:17:10,UNKNOWN,2,PHASE_4_COMPLETE,request_generated=False|urgency=NONE|requirements=0|priority_areas=
21:17:10,1,5,TURN_START,player_nation=Unknown|total_tokens=0|captured_kps=0
21:17:10,1,5,VP_INTELLIGENCE,"vp_status={'vp_own': 0, 'vp_enemy': 0, 'vp_gap': 0, 'turn': 1, 'max_turns': 30}|trend_direction=STABLE|threat_level=LOW|opportunities_count=0|recommendations_count=0"
21:17:10,UNKNOWN,UNKNOWN,SCOUT_IDENTIFICATION,total_units=0|scouts_found=0|scout_ids=
21:17:10,1,5,PHASE1_SUMMARY,total_units=0|scouts_identified=0|scouts_deployed=0|enemies_detected=0|combat_opportunities=0|threat_clusters=0
21:17:10,UNKNOWN,UNKNOWN,SCOUT_IDENTIFICATION,total_units=0|scouts_found=0|scout_ids=
21:17:10,1,5,PHASE1_SUMMARY,total_units=0|scouts_identified=0|scouts_deployed=0|enemies_detected=0|combat_opportunities=0|threat_clusters=0
21:17:10,1,5,PHASE2_SUMMARY,active_plans=0|new_plans=0|executed_plans=0|aborted_plans=0
21:17:10,1,5,TURN_START,player_nation=Niemcy|total_units=0|available_units=0
21:17:10,1,5,PHASE3_SUMMARY,defenders_assigned=0|kps_covered=0|pe_secure=True|threat_level=0.0|active_plans=0
21:17:10,UNKNOWN,UNKNOWN,SCOUT_IDENTIFICATION,total_units=0|scouts_found=0|scout_ids=
21:17:10,1,5,PHASE1_SUMMARY,total_units=0|scouts_identified=0|scouts_deployed=0|enemies_detected=0|combat_opportunities=0|threat_clusters=0
21:17:10,UNKNOWN,UNKNOWN,SCOUT_IDENTIFICATION,total_units=0|scouts_found=0|scout_ids=
21:17:10,1,5,PHASE1_SUMMARY,total_units=0|scouts_identified=0|scouts_deployed=0|enemies_detected=0|combat_opportunities=0|threat_clusters=0
21:17:10,1,5,PHASE2_SUMMARY,active_plans=0|new_plans=0|executed_plans=0|aborted_plans=0
21:17:10,1,5,TURN_START,player_nation=Niemcy|total_units=0|available_units=0
21:17:10,1,5,PHASE3_SUMMARY,defenders_assigned=0|kps_covered=0|pe_secure=True|threat_level=0.0|active_plans=0
21:17:10,UNKNOWN,5,PHASE_4_COMPLETE,request_generated=False|urgency=NONE|requirements=0|priority_areas=
21:17:10,1,2,TURN_START,player_nation=Unknown|total_tokens=0|captured_kps=0
21:17:10,1,2,VP_INTELLIGENCE,"vp_status={'vp_own': 0, 'vp_enemy': 0, 'vp_gap': 0, 'turn': 1, 'max_turns': 30}|trend_direction=STABLE|threat_level=LOW|opportunities_count=0|recommendations_count=0"
21:17:10,UNKNOWN,UNKNOWN,SCOUT_IDENTIFICATION,total_units=0|scouts_found=0|scout_ids=
21:17:10,1,2,PHASE1_SUMMARY,total_units=0|scouts_identified=0|scouts_deployed=0|enemies_detected=0|combat_opportunities=0|threat_clusters=0
21:17:10,UNKNOWN,UNKNOWN,SCOUT_IDENTIFICATION,total_units=0|scouts_found=0|scout_ids=
21:17:10,1,2,PHASE1_SUMMARY,total_units=0|scouts_identified=0|scouts_deployed=0|enemies_detected=0|combat_opportunities=0|threat_clusters=0
21:17:10,1,2,PHASE2_SUMMARY,active_plans=0|new_plans=0|executed_plans=0|aborted_plans=0
21:17:10,1,2,TURN_START,player_nation=Polska|total_units=0|available_units=0
21:17:10,1,2,PHASE3_SUMMARY,defenders_assigned=0|kps_covered=0|pe_secure=True|threat_level=0.0|active_plans=0
21:17:10,UNKNOWN,UNKNOWN,SCOUT_IDENTIFICATION,total_units=0|scouts_found=0|scout_ids=
21:17:10,1,2,PHASE1_SUMMARY,total_units=0|scouts_identified=0|scouts_deployed=0|enemies_detected=0|combat_opportunities=0|threat_clusters=0
21:17:10,UNKNOWN,UNKNOWN,SCOUT_IDENTIFICATION,total_units=0|scouts_found=0|scout_ids=
21:17:10,1,2,PHASE1_SUMMARY,total_units=0|scouts_identified=0|scouts_deployed=0|enemies_detected=0|combat_opportunities=0|threat_clusters=0
21:17:10,1,2,PHASE2_SUMMARY,active_plans=0|new_plans=0|executed_plans=0|aborted_plans=0
21:17:10,1,2,TURN_START,player_nation=Polska|total_units=0|available_units=0
21:17:10,1,2,PHASE3_SUMMARY,defenders_assigned=0|kps_covered=0|pe_secure=True|threat_level=0.0|active_plans=0
21:17:10,UNKNOWN,2,PHASE_4_COMPLETE,request_generated=False|urgency=NONE|requirements=0|priority_areas=
21:17:10,1,5,TURN_START,player_nation=Unknown|total_tokens=0|captured_kps=0
21:17:10,1,5,VP_INTELLIGENCE,"vp_status={'vp_own': 0, 'vp_enemy': 0, 'vp_gap': 0, 'turn': 1, 'max_turns': 30}|trend_direction=STABLE|threat_level=LOW|opportunities_count=0|recommendations_count=0"
21:17:10,UNKNOWN,UNKNOWN,SCOUT_IDENTIFICATION,total_units=0|scouts_found=0|scout_ids=
21:17:10,1,5,PHASE1_SUMMARY,total_units=0|scouts_identified=0|scouts_deployed=0|enemies_detected=0|combat_opportunities=0|threat_clusters=0
21:17:10,UNKNOWN,UNKNOWN,SCOUT_IDENTIFICATION,total_units=0|scouts_found=0|scout_ids=
21:17:10,1,5,PHASE1_SUMMARY,total_units=0|scouts_identified=0|scouts_deployed=0|enemies_detected=0|combat_opportunities=0|threat_clusters=0
21:17:10,1,5,PHASE2_SUMMARY,active_plans=0|new_plans=0|executed_plans=0|aborted_plans=0
21:17:10,1,5,TURN_START,player_nation=Niemcy|total_units=0|available_units=0
21:17:10,1,5,PHASE3_SUMMARY,defenders_assigned=0|kps_covered=0|pe_secure=True|threat_level=0.0|active_plans=0
21:17:10,UNKNOWN,UNKNOWN,SCOUT_IDENTIFICATION,total_units=0|scouts_found=0|scout_ids=
21:17:10,1,5,PHASE1_SUMMARY,total_units=0|scouts_identified=0|scouts_deployed=0|enemies_detected=0|combat_opportunities=0|threat_clusters=0
21:17:10,UNKNOWN,UNKNOWN,SCOUT_IDENTIFICATION,total_units=0|scouts_found=0|scout_ids=
21:17:10,1,5,PHASE1_SUMMARY,total_units=0|scouts_identified=0|scouts_deployed=0|enemies_detected=0|combat_opportunities=0|threat_clusters=0
21:17:10,1,5,PHASE2_SUMMARY,active_plans=0|new_plans=0|executed_plans=0|aborted_plans=0
21:17:10,1,5,TURN_START,player_nation=Niemcy|total_units=0|available_units=0
21:17:10,1,5,PHASE3_SUMMARY,defenders_assigned=0|kps_covered=0|pe_secure=True|threat_level=0.0|active_plans=0
21:17:10,UNKNOWN,5,PHASE_4_COMPLETE,request_generated=False|urgency=NONE|requirements=0|priority_areas=
21:17:10,1,2,TURN_START,player_nation=Unknown|total_tokens=0|captured_kps=0
21:17:10,1,2,VP_INTELLIGENCE,"vp_status={'vp_own': 0, 'vp_enemy': 0, 'vp_gap': 0, 'turn': 1, 'max_turns': 30}|trend_direction=STABLE|threat_level=LOW|opportunities_count=0|recommendations_count=0"
21:17:10,UNKNOWN,UNKNOWN,SCOUT_IDENTIFICATION,total_units=0|scouts_found=0|scout_ids=
21:17:10,1,2,PHASE1_SUMMARY,total_units=0|scouts_identified=0|scouts_deployed=0|enemies_detected=0|combat_opportunities=0|threat_clusters=0
21:17:10,UNKNOWN,UNKNOWN,SCOUT_IDENTIFICATION,total_units=0|scouts_found=0|scout_ids=
21:17:10,1,2,PHASE1_SUMMARY,total_units=0|scouts_identified=0|scouts_deployed=0|enemies_detected=0|combat_opportunities=0|threat_clusters=0
21:17:10,1,2,PHASE2_SUMMARY,active_plans=0|new_plans=0|executed_plans=0|aborted_plans=0
21:17:10,1,2,TURN_START,player_nation=Polska|total_units=0|available_units=0
21:17:10,1,2,PHASE3_SUMMARY,defenders_assigned=0|kps_covered=0|pe_secure=True|threat_level=0.0|active_plans=0
21:17:10,UNKNOWN,UNKNOWN,SCOUT_IDENTIFICATION,total_units=0|scouts_found=0|scout_ids=
21:17:10,1,2,PHASE1_SUMMARY,total_units=0|scouts_identified=0|scouts_deployed=0|enemies_detected=0|combat_opportunities=0|threat_clusters=0
21:17:10,UNKNOWN,UNKNOWN,SCOUT_IDENTIFICATION,total_units=0|scouts_found=0|scout_ids=
21:17:10,1,2,PHASE1_SUMMARY,total_units=0|scouts_identified=0|scouts_deployed=0|enemies_detected=0|combat_opportunities=0|threat_clusters=0
21:17:10,1,2,PHASE2_SUMMARY,active_plans=0|new_plans=0|executed_plans=0|aborted_plans=0
21:17:10,1,2,TURN_START,player_nation=Polska|total_units=0|available_units=0
21:17:10,1,2,PHASE3_SUMMARY,defenders_assigned=0|kps_covered=0|pe_secure=True|threat_level=0.0|active_plans=0
21:17:10,UNKNOWN,2,PHASE_4_COMPLETE,request_generated=False|urgency=NONE|requirements=0|priority_areas=
21:17:10,1,5,TURN_START,player_nation=Unknown|total_tokens=0|captured_kps=0
21:17:10,1,5,VP_INTELLIGENCE,"vp_status={'vp_own': 0, 'vp_enemy': 0, 'vp_gap': 0, 'turn': 1, 'max_turns': 30}|trend_direction=STABLE|threat_level=LOW|opportunities_count=0|recommendations_count=0"
21:17:10,UNKNOWN,UNKNOWN,SCOUT_IDENTIFICATION,total_units=0|scouts_found=0|scout_ids=
21:17:10,1,5,PHASE1_SUMMARY,total_units=0|scouts_identified=0|scouts_deployed=0|enemies_detected=0|combat_opportunities=0|threat_clusters=0
21:17:10,UNKNOWN,UNKNOWN,SCOUT_IDENTIFICATION,total_units=0|scouts_found=0|scout_ids=
21:17:10,1,5,PHASE1_SUMMARY,total_units=0|scouts_identified=0|scouts_deployed=0|enemies_detected=0|combat_opportunities=0|threat_clusters=0
21:17:10,1,5,PHASE2_SUMMARY,active_plans=0|new_plans=0|executed_plans=0|aborted_plans=0
21:17:10,1,5,TURN_START,player_nation=Niemcy|total_units=0|available_units=0
21:17:10,1,5,PHASE3_SUMMARY,defenders_assigned=0|kps_covered=0|pe_secure=True|threat_level=0.0|active_plans=0
21:17:10,UNKNOWN,UNKNOWN,SCOUT_IDENTIFICATION,total_units=0|scouts_found=0|scout_ids=
21:17:10,1,5,PHASE1_SUMMARY,total_units=0|scouts_identified=0|scouts_deployed=0|enemies_detected=0|combat_opportunities=0|threat_clusters=0
21:17:10,UNKNOWN,UNKNOWN,SCOUT_IDENTIFICATION,total_units=0|scouts_found=0|scout_ids=
21:17:10,1,5,PHASE1_SUMMARY,total_units=0|scouts_identified=0|scouts_deployed=0|enemies_detected=0|combat_opportunities=0|threat_clusters=0
21:17:10,1,5,PHASE2_SUMMARY,active_plans=0|new_plans=0|executed_plans=0|aborted_plans=0
21:17:10,1,5,TURN_START,player_nation=Niemcy|total_units=0|available_units=0
21:17:10,1,5,PHASE3_SUMMARY,defenders_assigned=0|kps_covered=0|pe_secure=True|threat_level=0.0|active_plans=0
21:17:10,UNKNOWN,5,PHASE_4_COMPLETE,request_generated=False|urgency=NONE|requirements=0|priority_areas=
21:17:10,1,2,TURN_START,player_nation=Unknown|total_tokens=0|captured_kps=0
21:17:10,1,2,VP_INTELLIGENCE,"vp_status={'vp_own': 0, 'vp_enemy': 0, 'vp_gap': 0, 'turn': 1, 'max_turns': 30}|trend_direction=STABLE|threat_level=LOW|opportunities_count=0|recommendations_count=0"
21:17:10,UNKNOWN,UNKNOWN,SCOUT_IDENTIFICATION,total_units=0|scouts_found=0|scout_ids=
21:17:10,1,2,PHASE1_SUMMARY,total_units=0|scouts_identified=0|scouts_deployed=0|enemies_detected=0|combat_opportunities=0|threat_clusters=0
21:17:10,UNKNOWN,UNKNOWN,SCOUT_IDENTIFICATION,total_units=0|scouts_found=0|scout_ids=
21:17:10,1,2,PHASE1_SUMMARY,total_units=0|scouts_identified=0|scouts_deployed=0|enemies_detected=0|combat_opportunities=0|threat_clusters=0
21:17:10,1,2,PHASE2_SUMMARY,active_plans=0|new_plans=0|executed_plans=0|aborted_plans=0
21:17:10,1,2,TURN_START,player_nation=Polska|total_units=0|available_units=0
21:17:10,1,2,PHASE3_SUMMARY,defenders_assigned=0|kps_covered=0|pe_secure=True|threat_level=0.0|active_plans=0
21:17:10,UNKNOWN,UNKNOWN,SCOUT_IDENTIFICATION,total_units=0|scouts_found=0|scout_ids=
21:17:10,1,2,PHASE1_SUMMARY,total_units=0|scouts_identified=0|scouts_deployed=0|enemies_detected=0|combat_opportunities=0|threat_clusters=0
21:17:10,UNKNOWN,UNKNOWN,SCOUT_IDENTIFICATION,total_units=0|scouts_found=0|scout_ids=
21:17:10,1,2,PHASE1_SUMMARY,total_units=0|scouts_identified=0|scouts_deployed=0|enemies_detected=0|combat_opportunities=0|threat_clusters=0
21:17:10,1,2,PHASE2_SUMMARY,active_plans=0|new_plans=0|executed_plans=0|aborted_plans=0
21:17:10,1,2,TURN_START,player_nation=Polska|total_units=0|available_units=0
21:17:10,1,2,PHASE3_SUMMARY,defenders_assigned=0|kps_covered=0|pe_secure=True|threat_level=0.0|active_plans=0
21:17:10,UNKNOWN,2,PHASE_4_COMPLETE,request_generated=False|urgency=NONE|requirements=0|priority_areas=
21:17:10,1,5,TURN_START,player_nation=Unknown|total_tokens=0|captured_kps=0
21:17:10,1,5,VP_INTELLIGENCE,"vp_status={'vp_own': 0, 'vp_enemy': 0, 'vp_gap': 0, 'turn': 1, 'max_turns': 30}|trend_direction=STABLE|threat_level=LOW|opportunities_count=0|recommendations_count=0"
21:17:10,UNKNOWN,UNKNOWN,SCOUT_IDENTIFICATION,total_units=0|scouts_found=0|scout_ids=
21:17:10,1,5,PHASE1_SUMMARY,total_units=0|scouts_identified=0|scouts_deployed=0|enemies_detected=0|combat_opportunities=0|threat_clusters=0
21:17:10,UNKNOWN,UNKNOWN,SCOUT_IDENTIFICATION,total_units=0|scouts_found=0|scout_ids=
21:17:10,1,5,PHASE1_SUMMARY,total_units=0|scouts_identified=0|scouts_deployed=0|enemies_detected=0|combat_opportunities=0|threat_clusters=0
21:17:10,1,5,PHASE2_SUMMARY,active_plans=0|new_plans=0|executed_plans=0|aborted_plans=0
21:17:10,1,5,TURN_START,player_nation=Niemcy|total_units=0|available_units=0
21:17:10,1,5,PHASE3_SUMMARY,defenders_assigned=0|kps_covered=0|pe_secure=True|threat_level=0.0|active_plans=0
21:17:10,UNKNOWN,UNKNOWN,SCOUT_IDENTIFICATION,total_units=0|scouts_found=0|scout_ids=
21:17:10,1,5,PHASE1_SUMMARY,total_units=0|scouts_identified=0|scouts_deployed=0|enemies_detected=0|combat_opportunities=0|threat_clusters=0
21:17:10,UNKNOWN,UNKNOWN,SCOUT_IDENTIFICATION,total_units=0|scouts_found=0|scout_ids=
21:17:10,1,5,PHASE1_SUMMARY,total_units=0|scouts_identified=0|scouts_deployed=0|enemies_detected=0|combat_opportunities=0|threat_clusters=0
21:17:10,1,5,PHASE2_SUMMARY,active_plans=0|new_plans=0|executed_plans=0|aborted_plans=0
21:17:10,1,5,TURN_START,player_nation=Niemcy|total_units=0|available_units=0
21:17:10,1,5,PHASE3_SUMMARY,defenders_assigned=0|kps_covered=0|pe_secure=True|threat_level=0.0|active_plans=0
21:17:10,UNKNOWN,5,PHASE_4_COMPLETE,request_generated=False|urgency=NONE|requirements=0|priority_areas=
21:17:10,1,2,TURN_START,player_nation=Unknown|total_tokens=0|captured_kps=0
21:17:10,1,2,VP_INTELLIGENCE,"vp_status={'vp_own': 0, 'vp_enemy': 0, 'vp_gap': 0, 'turn': 1, 'max_turns': 30}|trend_direction=STABLE|threat_level=LOW|opportunities_count=0|recommendations_count=0"
21:17:10,UNKNOWN,UNKNOWN,SCOUT_IDENTIFICATION,total_units=0|scouts_found=0|scout_ids=
21:17:10,1,2,PHASE1_SUMMARY,total_units=0|scouts_identified=0|scouts_deployed=0|enemies_detected=0|combat_opportunities=0|threat_clusters=0
21:17:10,UNKNOWN,UNKNOWN,SCOUT_IDENTIFICATION,total_units=0|scouts_found=0|scout_ids=
21:17:10,1,2,PHASE1_SUMMARY,total_units=0|scouts_identified=0|scouts_deployed=0|enemies_detected=0|combat_opportunities=0|threat_clusters=0
21:17:10,1,2,PHASE2_SUMMARY,active_plans=0|new_plans=0|executed_plans=0|aborted_plans=0
21:17:10,1,2,TURN_START,player_nation=Polska|total_units=0|available_units=0
21:17:10,1,2,PHASE3_SUMMARY,defenders_assigned=0|kps_covered=0|pe_secure=True|threat_level=0.0|active_plans=0
21:17:10,UNKNOWN,UNKNOWN,SCOUT_IDENTIFICATION,total_units=0|scouts_found=0|scout_ids=
21:17:10,1,2,PHASE1_SUMMARY,total_units=0|scouts_identified=0|scouts_deployed=0|enemies_detected=0|combat_opportunities=0|threat_clusters=0
21:17:10,UNKNOWN,UNKNOWN,SCOUT_IDENTIFICATION,total_units=0|scouts_found=0|scout_ids=
21:17:10,1,2,PHASE1_SUMMARY,total_units=0|scouts_identified=0|scouts_deployed=0|enemies_detected=0|combat_opportunities=0|threat_clusters=0
21:17:10,1,2,PHASE2_SUMMARY,active_plans=0|new_plans=0|executed_plans=0|aborted_plans=0
21:17:10,1,2,TURN_START,player_nation=Polska|total_units=0|available_units=0
21:17:10,1,2,PHASE3_SUMMARY,defenders_assigned=0|kps_covered=0|pe_secure=True|threat_level=0.0|active_plans=0
21:17:10,UNKNOWN,2,PHASE_4_COMPLETE,request_generated=False|urgency=NONE|requirements=0|priority_areas=
21:17:10,1,5,TURN_START,player_nation=Unknown|total_tokens=0|captured_kps=0
21:17:10,1,5,VP_INTELLIGENCE,"vp_status={'vp_own': 0, 'vp_enemy': 0, 'vp_gap': 0, 'turn': 1, 'max_turns': 30}|trend_direction=STABLE|threat_level=LOW|opportunities_count=0|recommendations_count=0"
21:17:10,UNKNOWN,UNKNOWN,SCOUT_IDENTIFICATION,total_units=0|scouts_found=0|scout_ids=
21:17:10,1,5,PHASE1_SUMMARY,total_units=0|scouts_identified=0|scouts_deployed=0|enemies_detected=0|combat_opportunities=0|threat_clusters=0
21:17:10,UNKNOWN,UNKNOWN,SCOUT_IDENTIFICATION,total_units=0|scouts_found=0|scout_ids=
21:17:10,1,5,PHASE1_SUMMARY,total_units=0|scouts_identified=0|scouts_deployed=0|enemies_detected=0|combat_opportunities=0|threat_clusters=0
21:17:10,1,5,PHASE2_SUMMARY,active_plans=0|new_plans=0|executed_plans=0|aborted_plans=0
21:17:10,1,5,TURN_START,player_nation=Niemcy|total_units=0|available_units=0
21:17:10,1,5,PHASE3_SUMMARY,defenders_assigned=0|kps_covered=0|pe_secure=True|threat_level=0.0|active_plans=0
21:17:10,UNKNOWN,UNKNOWN,SCOUT_IDENTIFICATION,total_units=0|scouts_found=0|scout_ids=
21:17:10,1,5,PHASE1_SUMMARY,total_units=0|scouts_identified=0|scouts_deployed=0|enemies_detected=0|combat_opportunities=0|threat_clusters=0
21:17:10,UNKNOWN,UNKNOWN,SCOUT_IDENTIFICATION,total_units=0|scouts_found=0|scout_ids=
21:17:10,1,5,PHASE1_SUMMARY,total_units=0|scouts_identified=0|scouts_deployed=0|enemies_detected=0|combat_opportunities=0|threat_clusters=0
21:17:10,1,5,PHASE2_SUMMARY,active_plans=0|new_plans=0|executed_plans=0|aborted_plans=0
21:17:10,1,5,TURN_START,player_nation=Niemcy|total_units=0|available_units=0
21:17:10,1,5,PHASE3_SUMMARY,defenders_assigned=0|kps_covered=0|pe_secure=True|threat_level=0.0|active_plans=0
21:17:10,UNKNOWN,5,PHASE_4_COMPLETE,request_generated=False|urgency=NONE|requirements=0|priority_areas=
21:17:10,1,2,TURN_START,player_nation=Unknown|total_tokens=0|captured_kps=0
21:17:10,1,2,VP_INTELLIGENCE,"vp_status={'vp_own': 0, 'vp_enemy': 0, 'vp_gap': 0, 'turn': 1, 'max_turns': 30}|trend_direction=STABLE|threat_level=LOW|opportunities_count=0|recommendations_count=0"
21:17:10,UNKNOWN,UNKNOWN,SCOUT_IDENTIFICATION,total_units=0|scouts_found=0|scout_ids=
21:17:10,1,2,PHASE1_SUMMARY,total_units=0|scouts_identified=0|scouts_deployed=0|enemies_detected=0|combat_opportunities=0|threat_clusters=0
21:17:10,UNKNOWN,UNKNOWN,SCOUT_IDENTIFICATION,total_units=0|scouts_found=0|scout_ids=
21:17:10,1,2,PHASE1_SUMMARY,total_units=0|scouts_identified=0|scouts_deployed=0|enemies_detected=0|combat_opportunities=0|threat_clusters=0
21:17:10,1,2,PHASE2_SUMMARY,active_plans=0|new_plans=0|executed_plans=0|aborted_plans=0
21:17:10,1,2,TURN_START,player_nation=Polska|total_units=0|available_units=0
21:17:10,1,2,PHASE3_SUMMARY,defenders_assigned=0|kps_covered=0|pe_secure=True|threat_level=0.0|active_plans=0
21:17:10,UNKNOWN,UNKNOWN,SCOUT_IDENTIFICATION,total_units=0|scouts_found=0|scout_ids=
21:17:10,1,2,PHASE1_SUMMARY,total_units=0|scouts_identified=0|scouts_deployed=0|enemies_detected=0|combat_opportunities=0|threat_clusters=0
21:17:10,UNKNOWN,UNKNOWN,SCOUT_IDENTIFICATION,total_units=0|scouts_found=0|scout_ids=
21:17:10,1,2,PHASE1_SUMMARY,total_units=0|scouts_identified=0|scouts_deployed=0|enemies_detected=0|combat_opportunities=0|threat_clusters=0
21:17:10,1,2,PHASE2_SUMMARY,active_plans=0|new_plans=0|executed_plans=0|aborted_plans=0
21:17:10,1,2,TURN_START,player_nation=Polska|total_units=0|available_units=0
21:17:10,1,2,PHASE3_SUMMARY,defenders_assigned=0|kps_covered=0|pe_secure=True|threat_level=0.0|active_plans=0
21:17:10,UNKNOWN,2,PHASE_4_COMPLETE,request_generated=False|urgency=NONE|requirements=0|priority_areas=
21:17:10,1,5,TURN_START,player_nation=Unknown|total_tokens=0|captured_kps=0
21:17:10,1,5,VP_INTELLIGENCE,"vp_status={'vp_own': 0, 'vp_enemy': 0, 'vp_gap': 0, 'turn': 1, 'max_turns': 30}|trend_direction=STABLE|threat_level=LOW|opportunities_count=0|recommendations_count=0"
21:17:10,UNKNOWN,UNKNOWN,SCOUT_IDENTIFICATION,total_units=0|scouts_found=0|scout_ids=
21:17:10,1,5,PHASE1_SUMMARY,total_units=0|scouts_identified=0|scouts_deployed=0|enemies_detected=0|combat_opportunities=0|threat_clusters=0
21:17:10,UNKNOWN,UNKNOWN,SCOUT_IDENTIFICATION,total_units=0|scouts_found=0|scout_ids=
21:17:10,1,5,PHASE1_SUMMARY,total_units=0|scouts_identified=0|scouts_deployed=0|enemies_detected=0|combat_opportunities=0|threat_clusters=0
21:17:10,1,5,PHASE2_SUMMARY,active_plans=0|new_plans=0|executed_plans=0|aborted_plans=0
21:17:10,1,5,TURN_START,player_nation=Niemcy|total_units=0|available_units=0
21:17:10,1,5,PHASE3_SUMMARY,defenders_assigned=0|kps_covered=0|pe_secure=True|threat_level=0.0|active_plans=0
21:17:10,UNKNOWN,UNKNOWN,SCOUT_IDENTIFICATION,total_units=0|scouts_found=0|scout_ids=
21:17:10,1,5,PHASE1_SUMMARY,total_units=0|scouts_identified=0|scouts_deployed=0|enemies_detected=0|combat_opportunities=0|threat_clusters=0
21:17:10,UNKNOWN,UNKNOWN,SCOUT_IDENTIFICATION,total_units=0|scouts_found=0|scout_ids=
21:17:10,1,5,PHASE1_SUMMARY,total_units=0|scouts_identified=0|scouts_deployed=0|enemies_detected=0|combat_opportunities=0|threat_clusters=0
21:17:10,1,5,PHASE2_SUMMARY,active_plans=0|new_plans=0|executed_plans=0|aborted_plans=0
21:17:10,1,5,TURN_START,player_nation=Niemcy|total_units=0|available_units=0
21:17:10,1,5,PHASE3_SUMMARY,defenders_assigned=0|kps_covered=0|pe_secure=True|threat_level=0.0|active_plans=0
21:17:10,UNKNOWN,5,PHASE_4_COMPLETE,request_generated=False|urgency=NONE|requirements=0|priority_areas=
21:17:10,1,2,TURN_START,player_nation=Unknown|total_tokens=0|captured_kps=0
21:17:10,1,2,VP_INTELLIGENCE,"vp_status={'vp_own': 0, 'vp_enemy': 0, 'vp_gap': 0, 'turn': 1, 'max_turns': 30}|trend_direction=STABLE|threat_level=LOW|opportunities_count=0|recommendations_count=0"
21:17:10,UNKNOWN,UNKNOWN,SCOUT_IDENTIFICATION,total_units=0|scouts_found=0|scout_ids=
21:17:10,1,2,PHASE1_SUMMARY,total_units=0|scouts_identified=0|scouts_deployed=0|enemies_detected=0|combat_opportunities=0|threat_clusters=0
21:17:10,UNKNOWN,UNKNOWN,SCOUT_IDENTIFICATION,total_units=0|scouts_found=0|scout_ids=
21:17:10,1,2,PHASE1_SUMMARY,total_units=0|scouts_identified=0|scouts_deployed=0|enemies_detected=0|combat_opportunities=0|threat_clusters=0
21:17:10,1,2,PHASE2_SUMMARY,active_plans=0|new_plans=0|executed_plans=0|aborted_plans=0
21:17:10,1,2,TURN_START,player_nation=Polska|total_units=0|available_units=0
21:17:10,1,2,PHASE3_SUMMARY,defenders_assigned=0|kps_covered=0|pe_secure=True|threat_level=0.0|active_plans=0
21:17:10,UNKNOWN,UNKNOWN,SCOUT_IDENTIFICATION,total_units=0|scouts_found=0|scout_ids=
21:17:10,1,2,PHASE1_SUMMARY,total_units=0|scouts_identified=0|scouts_deployed=0|enemies_detected=0|combat_opportunities=0|threat_clusters=0
21:17:10,UNKNOWN,UNKNOWN,SCOUT_IDENTIFICATION,total_units=0|scouts_found=0|scout_ids=
21:17:10,1,2,PHASE1_SUMMARY,total_units=0|scouts_identified=0|scouts_deployed=0|enemies_detected=0|combat_opportunities=0|threat_clusters=0
21:17:10,1,2,PHASE2_SUMMARY,active_plans=0|new_plans=0|executed_plans=0|aborted_plans=0
21:17:10,1,2,TURN_START,player_nation=Polska|total_units=0|available_units=0
21:17:10,1,2,PHASE3_SUMMARY,defenders_assigned=0|kps_covered=0|pe_secure=True|threat_level=0.0|active_plans=0
21:17:10,UNKNOWN,2,PHASE_4_COMPLETE,request_generated=False|urgency=NONE|requirements=0|priority_areas=
21:17:10,1,5,TURN_START,player_nation=Unknown|total_tokens=0|captured_kps=0
21:17:10,1,5,VP_INTELLIGENCE,"vp_status={'vp_own': 0, 'vp_enemy': 0, 'vp_gap': 0, 'turn': 1, 'max_turns': 30}|trend_direction=STABLE|threat_level=LOW|opportunities_count=0|recommendations_count=0"
21:17:10,UNKNOWN,UNKNOWN,SCOUT_IDENTIFICATION,total_units=0|scouts_found=0|scout_ids=
21:17:10,1,5,PHASE1_SUMMARY,total_units=0|scouts_identified=0|scouts_deployed=0|enemies_detected=0|combat_opportunities=0|threat_clusters=0
21:17:10,UNKNOWN,UNKNOWN,SCOUT_IDENTIFICATION,total_units=0|scouts_found=0|scout_ids=
21:17:10,1,5,PHASE1_SUMMARY,total_units=0|scouts_identified=0|scouts_deployed=0|enemies_detected=0|combat_opportunities=0|threat_clusters=0
21:17:10,1,5,PHASE2_SUMMARY,active_plans=0|new_plans=0|executed_plans=0|aborted_plans=0
21:17:10,1,5,TURN_START,player_nation=Niemcy|total_units=0|available_units=0
21:17:10,1,5,PHASE3_SUMMARY,defenders_assigned=0|kps_covered=0|pe_secure=True|threat_level=0.0|active_plans=0
21:17:10,UNKNOWN,UNKNOWN,SCOUT_IDENTIFICATION,total_units=0|scouts_found=0|scout_ids=
21:17:10,1,5,PHASE1_SUMMARY,total_units=0|scouts_identified=0|scouts_deployed=0|enemies_detected=0|combat_opportunities=0|threat_clusters=0
21:17:11,UNKNOWN,UNKNOWN,SCOUT_IDENTIFICATION,total_units=0|scouts_found=0|scout_ids=
21:17:11,1,5,PHASE1_SUMMARY,total_units=0|scouts_identified=0|scouts_deployed=0|enemies_detected=0|combat_opportunities=0|threat_clusters=0
21:17:11,1,5,PHASE2_SUMMARY,active_plans=0|new_plans=0|executed_plans=0|aborted_plans=0
21:17:11,1,5,TURN_START,player_nation=Niemcy|total_units=0|available_units=0
21:17:11,1,5,PHASE3_SUMMARY,defenders_assigned=0|kps_covered=0|pe_secure=True|threat_level=0.0|active_plans=0
21:17:11,UNKNOWN,5,PHASE_4_COMPLETE,request_generated=False|urgency=NONE|requirements=0|priority_areas=
21:17:11,1,2,TURN_START,player_nation=Unknown|total_tokens=0|captured_kps=0
21:17:11,1,2,VP_INTELLIGENCE,"vp_status={'vp_own': 0, 'vp_enemy': 0, 'vp_gap': 0, 'turn': 1, 'max_turns': 30}|trend_direction=STABLE|threat_level=LOW|opportunities_count=0|recommendations_count=0"
21:17:11,UNKNOWN,UNKNOWN,SCOUT_IDENTIFICATION,total_units=0|scouts_found=0|scout_ids=
21:17:11,1,2,PHASE1_SUMMARY,total_units=0|scouts_identified=0|scouts_deployed=0|enemies_detected=0|combat_opportunities=0|threat_clusters=0
21:17:11,UNKNOWN,UNKNOWN,SCOUT_IDENTIFICATION,total_units=0|scouts_found=0|scout_ids=
21:17:11,1,2,PHASE1_SUMMARY,total_units=0|scouts_identified=0|scouts_deployed=0|enemies_detected=0|combat_opportunities=0|threat_clusters=0
21:17:11,1,2,PHASE2_SUMMARY,active_plans=0|new_plans=0|executed_plans=0|aborted_plans=0
21:17:11,1,2,TURN_START,player_nation=Polska|total_units=0|available_units=0
21:17:11,1,2,PHASE3_SUMMARY,defenders_assigned=0|kps_covered=0|pe_secure=True|threat_level=0.0|active_plans=0
21:17:11,UNKNOWN,UNKNOWN,SCOUT_IDENTIFICATION,total_units=0|scouts_found=0|scout_ids=
21:17:11,1,2,PHASE1_SUMMARY,total_units=0|scouts_identified=0|scouts_deployed=0|enemies_detected=0|combat_opportunities=0|threat_clusters=0
21:17:11,UNKNOWN,UNKNOWN,SCOUT_IDENTIFICATION,total_units=0|scouts_found=0|scout_ids=
21:17:11,1,2,PHASE1_SUMMARY,total_units=0|scouts_identified=0|scouts_deployed=0|enemies_detected=0|combat_opportunities=0|threat_clusters=0
21:17:11,1,2,PHASE2_SUMMARY,active_plans=0|new_plans=0|executed_plans=0|aborted_plans=0
21:17:11,1,2,TURN_START,player_nation=Polska|total_units=0|available_units=0
21:17:11,1,2,PHASE3_SUMMARY,defenders_assigned=0|kps_covered=0|pe_secure=True|threat_level=0.0|active_plans=0
21:17:11,UNKNOWN,2,PHASE_4_COMPLETE,request_generated=False|urgency=NONE|requirements=0|priority_areas=
21:17:11,1,5,TURN_START,player_nation=Unknown|total_tokens=0|captured_kps=0
21:17:11,1,5,VP_INTELLIGENCE,"vp_status={'vp_own': 0, 'vp_enemy': 0, 'vp_gap': 0, 'turn': 1, 'max_turns': 30}|trend_direction=STABLE|threat_level=LOW|opportunities_count=0|recommendations_count=0"
21:17:11,UNKNOWN,UNKNOWN,SCOUT_IDENTIFICATION,total_units=0|scouts_found=0|scout_ids=
21:17:11,1,5,PHASE1_SUMMARY,total_units=0|scouts_identified=0|scouts_deployed=0|enemies_detected=0|combat_opportunities=0|threat_clusters=0
21:17:11,UNKNOWN,UNKNOWN,SCOUT_IDENTIFICATION,total_units=0|scouts_found=0|scout_ids=
21:17:11,1,5,PHASE1_SUMMARY,total_units=0|scouts_identified=0|scouts_deployed=0|enemies_detected=0|combat_opportunities=0|threat_clusters=0
21:17:11,1,5,PHASE2_SUMMARY,active_plans=0|new_plans=0|executed_plans=0|aborted_plans=0
21:17:11,1,5,TURN_START,player_nation=Niemcy|total_units=0|available_units=0
21:17:11,1,5,PHASE3_SUMMARY,defenders_assigned=0|kps_covered=0|pe_secure=True|threat_level=0.0|active_plans=0
21:17:11,UNKNOWN,UNKNOWN,SCOUT_IDENTIFICATION,total_units=0|scouts_found=0|scout_ids=
21:17:11,1,5,PHASE1_SUMMARY,total_units=0|scouts_identified=0|scouts_deployed=0|enemies_detected=0|combat_opportunities=0|threat_clusters=0
21:17:11,UNKNOWN,UNKNOWN,SCOUT_IDENTIFICATION,total_units=0|scouts_found=0|scout_ids=
21:17:11,1,5,PHASE1_SUMMARY,total_units=0|scouts_identified=0|scouts_deployed=0|enemies_detected=0|combat_opportunities=0|threat_clusters=0
21:17:11,1,5,PHASE2_SUMMARY,active_plans=0|new_plans=0|executed_plans=0|aborted_plans=0
21:17:11,1,5,TURN_START,player_nation=Niemcy|total_units=0|available_units=0
21:17:11,1,5,PHASE3_SUMMARY,defenders_assigned=0|kps_covered=0|pe_secure=True|threat_level=0.0|active_plans=0
21:17:11,UNKNOWN,5,PHASE_4_COMPLETE,request_generated=False|urgency=NONE|requirements=0|priority_areas=
21:17:11,1,2,TURN_START,player_nation=Unknown|total_tokens=0|captured_kps=0
21:17:11,1,2,VP_INTELLIGENCE,"vp_status={'vp_own': 0, 'vp_enemy': 0, 'vp_gap': 0, 'turn': 1, 'max_turns': 30}|trend_direction=STABLE|threat_level=LOW|opportunities_count=0|recommendations_count=0"
21:17:11,UNKNOWN,UNKNOWN,SCOUT_IDENTIFICATION,total_units=0|scouts_found=0|scout_ids=
21:17:11,1,2,PHASE1_SUMMARY,total_units=0|scouts_identified=0|scouts_deployed=0|enemies_detected=0|combat_opportunities=0|threat_clusters=0
21:17:11,UNKNOWN,UNKNOWN,SCOUT_IDENTIFICATION,total_units=0|scouts_found=0|scout_ids=
21:17:11,1,2,PHASE1_SUMMARY,total_units=0|scouts_identified=0|scouts_deployed=0|enemies_detected=0|combat_opportunities=0|threat_clusters=0
21:17:11,1,2,PHASE2_SUMMARY,active_plans=0|new_plans=0|executed_plans=0|aborted_plans=0
21:17:11,1,2,TURN_START,player_nation=Polska|total_units=0|available_units=0
21:17:11,1,2,PHASE3_SUMMARY,defenders_assigned=0|kps_covered=0|pe_secure=True|threat_level=0.0|active_plans=0
21:17:11,UNKNOWN,UNKNOWN,SCOUT_IDENTIFICATION,total_units=0|scouts_found=0|scout_ids=
21:17:11,1,2,PHASE1_SUMMARY,total_units=0|scouts_identified=0|scouts_deployed=0|enemies_detected=0|combat_opportunities=0|threat_clusters=0
21:17:11,UNKNOWN,UNKNOWN,SCOUT_IDENTIFICATION,total_units=0|scouts_found=0|scout_ids=
21:17:11,1,2,PHASE1_SUMMARY,total_units=0|scouts_identified=0|scouts_deployed=0|enemies_detected=0|combat_opportunities=0|threat_clusters=0
21:17:11,1,2,PHASE2_SUMMARY,active_plans=0|new_plans=0|executed_plans=0|aborted_plans=0
21:17:11,1,2,TURN_START,player_nation=Polska|total_units=0|available_units=0
21:17:11,1,2,PHASE3_SUMMARY,defenders_assigned=0|kps_covered=0|pe_secure=True|threat_level=0.0|active_plans=0
21:17:11,UNKNOWN,2,PHASE_4_COMPLETE,request_generated=False|urgency=NONE|requirements=0|priority_areas=
21:17:11,1,5,TURN_START,player_nation=Unknown|total_tokens=0|captured_kps=0
21:17:11,1,5,VP_INTELLIGENCE,"vp_status={'vp_own': 0, 'vp_enemy': 0, 'vp_gap': 0, 'turn': 1, 'max_turns': 30}|trend_direction=STABLE|threat_level=LOW|opportunities_count=0|recommendations_count=0"
21:17:11,UNKNOWN,UNKNOWN,SCOUT_IDENTIFICATION,total_units=0|scouts_found=0|scout_ids=
21:17:11,1,5,PHASE1_SUMMARY,total_units=0|scouts_identified=0|scouts_deployed=0|enemies_detected=0|combat_opportunities=0|threat_clusters=0
21:17:11,UNKNOWN,UNKNOWN,SCOUT_IDENTIFICATION,total_units=0|scouts_found=0|scout_ids=
21:17:11,1,5,PHASE1_SUMMARY,total_units=0|scouts_identified=0|scouts_deployed=0|enemies_detected=0|combat_opportunities=0|threat_clusters=0
21:17:11,1,5,PHASE2_SUMMARY,active_plans=0|new_plans=0|executed_plans=0|aborted_plans=0
21:17:11,1,5,TURN_START,player_nation=Niemcy|total_units=0|available_units=0
21:17:11,1,5,PHASE3_SUMMARY,defenders_assigned=0|kps_covered=0|pe_secure=True|threat_level=0.0|active_plans=0
21:17:11,UNKNOWN,UNKNOWN,SCOUT_IDENTIFICATION,total_units=0|scouts_found=0|scout_ids=
21:17:11,1,5,PHASE1_SUMMARY,total_units=0|scouts_identified=0|scouts_deployed=0|enemies_detected=0|combat_opportunities=0|threat_clusters=0
21:17:11,UNKNOWN,UNKNOWN,SCOUT_IDENTIFICATION,total_units=0|scouts_found=0|scout_ids=
21:17:11,1,5,PHASE1_SUMMARY,total_units=0|scouts_identified=0|scouts_deployed=0|enemies_detected=0|combat_opportunities=0|threat_clusters=0
21:17:11,1,5,PHASE2_SUMMARY,active_plans=0|new_plans=0|executed_plans=0|aborted_plans=0
21:17:11,1,5,TURN_START,player_nation=Niemcy|total_units=0|available_units=0
21:17:11,1,5,PHASE3_SUMMARY,defenders_assigned=0|kps_covered=0|pe_secure=True|threat_level=0.0|active_plans=0
21:17:11,UNKNOWN,5,PHASE_4_COMPLETE,request_generated=False|urgency=NONE|requirements=0|priority_areas=
21:17:11,1,2,TURN_START,player_nation=Unknown|total_tokens=0|captured_kps=0
21:17:11,1,2,VP_INTELLIGENCE,"vp_status={'vp_own': 0, 'vp_enemy': 0, 'vp_gap': 0, 'turn': 1, 'max_turns': 30}|trend_direction=STABLE|threat_level=LOW|opportunities_count=0|recommendations_count=0"
21:17:11,UNKNOWN,UNKNOWN,SCOUT_IDENTIFICATION,total_units=0|scouts_found=0|scout_ids=
21:17:11,1,2,PHASE1_SUMMARY,total_units=0|scouts_identified=0|scouts_deployed=0|enemies_detected=0|combat_opportunities=0|threat_clusters=0
21:17:11,UNKNOWN,UNKNOWN,SCOUT_IDENTIFICATION,total_units=0|scouts_found=0|scout_ids=
21:17:11,1,2,PHASE1_SUMMARY,total_units=0|scouts_identified=0|scouts_deployed=0|enemies_detected=0|combat_opportunities=0|threat_clusters=0
21:17:11,1,2,PHASE2_SUMMARY,active_plans=0|new_plans=0|executed_plans=0|aborted_plans=0
21:17:11,1,2,TURN_START,player_nation=Polska|total_units=0|available_units=0
21:17:11,1,2,PHASE3_SUMMARY,defenders_assigned=0|kps_covered=0|pe_secure=True|threat_level=0.0|active_plans=0
21:17:11,UNKNOWN,UNKNOWN,SCOUT_IDENTIFICATION,total_units=0|scouts_found=0|scout_ids=
21:17:11,1,2,PHASE1_SUMMARY,total_units=0|scouts_identified=0|scouts_deployed=0|enemies_detected=0|combat_opportunities=0|threat_clusters=0
21:17:11,UNKNOWN,UNKNOWN,SCOUT_IDENTIFICATION,total_units=0|scouts_found=0|scout_ids=
21:17:11,1,2,PHASE1_SUMMARY,total_units=0|scouts_identified=0|scouts_deployed=0|enemies_detected=0|combat_opportunities=0|threat_clusters=0
21:17:11,1,2,PHASE2_SUMMARY,active_plans=0|new_plans=0|executed_plans=0|aborted_plans=0
21:17:11,1,2,TURN_START,player_nation=Polska|total_units=0|available_units=0
21:17:11,1,2,PHASE3_SUMMARY,defenders_assigned=0|kps_covered=0|pe_secure=True|threat_level=0.0|active_plans=0
21:17:11,UNKNOWN,2,PHASE_4_COMPLETE,request_generated=False|urgency=NONE|requirements=0|priority_areas=
21:17:11,1,5,TURN_START,player_nation=Unknown|total_tokens=0|captured_kps=0
21:17:11,1,5,VP_INTELLIGENCE,"vp_status={'vp_own': 0, 'vp_enemy': 0, 'vp_gap': 0, 'turn': 1, 'max_turns': 30}|trend_direction=STABLE|threat_level=LOW|opportunities_count=0|recommendations_count=0"
21:17:11,UNKNOWN,UNKNOWN,SCOUT_IDENTIFICATION,total_units=0|scouts_found=0|scout_ids=
21:17:11,1,5,PHASE1_SUMMARY,total_units=0|scouts_identified=0|scouts_deployed=0|enemies_detected=0|combat_opportunities=0|threat_clusters=0
21:17:11,UNKNOWN,UNKNOWN,SCOUT_IDENTIFICATION,total_units=0|scouts_found=0|scout_ids=
21:17:11,1,5,PHASE1_SUMMARY,total_units=0|scouts_identified=0|scouts_deployed=0|enemies_detected=0|combat_opportunities=0|threat_clusters=0
21:17:11,1,5,PHASE2_SUMMARY,active_plans=0|new_plans=0|executed_plans=0|aborted_plans=0
21:17:11,1,5,TURN_START,player_nation=Niemcy|total_units=0|available_units=0
21:17:11,1,5,PHASE3_SUMMARY,defenders_assigned=0|kps_covered=0|pe_secure=True|threat_level=0.0|active_plans=0
21:17:11,UNKNOWN,UNKNOWN,SCOUT_IDENTIFICATION,total_units=0|scouts_found=0|scout_ids=
21:17:11,1,5,PHASE1_SUMMARY,total_units=0|scouts_identified=0|scouts_deployed=0|enemies_detected=0|combat_opportunities=0|threat_clusters=0
21:17:11,UNKNOWN,UNKNOWN,SCOUT_IDENTIFICATION,total_units=0|scouts_found=0|scout_ids=
21:17:11,1,5,PHASE1_SUMMARY,total_units=0|scouts_identified=0|scouts_deployed=0|enemies_detected=0|combat_opportunities=0|threat_clusters=0
21:17:11,1,5,PHASE2_SUMMARY,active_plans=0|new_plans=0|executed_plans=0|aborted_plans=0
21:17:11,1,5,TURN_START,player_nation=Niemcy|total_units=0|available_units=0
21:17:11,1,5,PHASE3_SUMMARY,defenders_assigned=0|kps_covered=0|pe_secure=True|threat_level=0.0|active_plans=0
21:17:11,UNKNOWN,5,PHASE_4_COMPLETE,request_generated=False|urgency=NONE|requirements=0|priority_areas=
21:17:11,1,2,TURN_START,player_nation=Unknown|total_tokens=0|captured_kps=0
21:17:11,1,2,VP_INTELLIGENCE,"vp_status={'vp_own': 0, 'vp_enemy': 0, 'vp_gap': 0, 'turn': 1, 'max_turns': 30}|trend_direction=STABLE|threat_level=LOW|opportunities_count=0|recommendations_count=0"
21:17:11,UNKNOWN,UNKNOWN,SCOUT_IDENTIFICATION,total_units=0|scouts_found=0|scout_ids=
21:17:11,1,2,PHASE1_SUMMARY,total_units=0|scouts_identified=0|scouts_deployed=0|enemies_detected=0|combat_opportunities=0|threat_clusters=0
21:17:11,UNKNOWN,UNKNOWN,SCOUT_IDENTIFICATION,total_units=0|scouts_found=0|scout_ids=
21:17:11,1,2,PHASE1_SUMMARY,total_units=0|scouts_identified=0|scouts_deployed=0|enemies_detected=0|combat_opportunities=0|threat_clusters=0
21:17:11,1,2,PHASE2_SUMMARY,active_plans=0|new_plans=0|executed_plans=0|aborted_plans=0
21:17:11,1,2,TURN_START,player_nation=Polska|total_units=0|available_units=0
21:17:11,1,2,PHASE3_SUMMARY,defenders_assigned=0|kps_covered=0|pe_secure=True|threat_level=0.0|active_plans=0
21:17:11,UNKNOWN,UNKNOWN,SCOUT_IDENTIFICATION,total_units=0|scouts_found=0|scout_ids=
21:17:11,1,2,PHASE1_SUMMARY,total_units=0|scouts_identified=0|scouts_deployed=0|enemies_detected=0|combat_opportunities=0|threat_clusters=0
21:17:11,UNKNOWN,UNKNOWN,SCOUT_IDENTIFICATION,total_units=0|scouts_found=0|scout_ids=
21:17:11,1,2,PHASE1_SUMMARY,total_units=0|scouts_identified=0|scouts_deployed=0|enemies_detected=0|combat_opportunities=0|threat_clusters=0
21:17:11,1,2,PHASE2_SUMMARY,active_plans=0|new_plans=0|executed_plans=0|aborted_plans=0
21:17:11,1,2,TURN_START,player_nation=Polska|total_units=0|available_units=0
21:17:11,1,2,PHASE3_SUMMARY,defenders_assigned=0|kps_covered=0|pe_secure=True|threat_level=0.0|active_plans=0
21:17:11,UNKNOWN,2,PHASE_4_COMPLETE,request_generated=False|urgency=NONE|requirements=0|priority_areas=
21:17:11,1,5,TURN_START,player_nation=Unknown|total_tokens=0|captured_kps=0
21:17:11,1,5,VP_INTELLIGENCE,"vp_status={'vp_own': 0, 'vp_enemy': 0, 'vp_gap': 0, 'turn': 1, 'max_turns': 30}|trend_direction=STABLE|threat_level=LOW|opportunities_count=0|recommendations_count=0"
21:17:11,UNKNOWN,UNKNOWN,SCOUT_IDENTIFICATION,total_units=0|scouts_found=0|scout_ids=
21:17:11,1,5,PHASE1_SUMMARY,total_units=0|scouts_identified=0|scouts_deployed=0|enemies_detected=0|combat_opportunities=0|threat_clusters=0
21:17:11,UNKNOWN,UNKNOWN,SCOUT_IDENTIFICATION,total_units=0|scouts_found=0|scout_ids=
21:17:11,1,5,PHASE1_SUMMARY,total_units=0|scouts_identified=0|scouts_deployed=0|enemies_detected=0|combat_opportunities=0|threat_clusters=0
21:17:11,1,5,PHASE2_SUMMARY,active_plans=0|new_plans=0|executed_plans=0|aborted_plans=0
21:17:11,1,5,TURN_START,player_nation=Niemcy|total_units=0|available_units=0
21:17:11,1,5,PHASE3_SUMMARY,defenders_assigned=0|kps_covered=0|pe_secure=True|threat_level=0.0|active_plans=0
21:17:11,UNKNOWN,UNKNOWN,SCOUT_IDENTIFICATION,total_units=0|scouts_found=0|scout_ids=
21:17:11,1,5,PHASE1_SUMMARY,total_units=0|scouts_identified=0|scouts_deployed=0|enemies_detected=0|combat_opportunities=0|threat_clusters=0
21:17:11,UNKNOWN,UNKNOWN,SCOUT_IDENTIFICATION,total_units=0|scouts_found=0|scout_ids=
21:17:11,1,5,PHASE1_SUMMARY,total_units=0|scouts_identified=0|scouts_deployed=0|enemies_detected=0|combat_opportunities=0|threat_clusters=0
21:17:11,1,5,PHASE2_SUMMARY,active_plans=0|new_plans=0|executed_plans=0|aborted_plans=0
21:17:11,1,5,TURN_START,player_nation=Niemcy|total_units=0|available_units=0
21:17:11,1,5,PHASE3_SUMMARY,defenders_assigned=0|kps_covered=0|pe_secure=True|threat_level=0.0|active_plans=0
21:17:11,UNKNOWN,5,PHASE_4_COMPLETE,request_generated=False|urgency=NONE|requirements=0|priority_areas=
21:17:11,1,2,TURN_START,player_nation=Unknown|total_tokens=0|captured_kps=0
21:17:11,1,2,VP_INTELLIGENCE,"vp_status={'vp_own': 0, 'vp_enemy': 0, 'vp_gap': 0, 'turn': 1, 'max_turns': 30}|trend_direction=STABLE|threat_level=LOW|opportunities_count=0|recommendations_count=0"
21:17:11,UNKNOWN,UNKNOWN,SCOUT_IDENTIFICATION,total_units=0|scouts_found=0|scout_ids=
21:17:11,1,2,PHASE1_SUMMARY,total_units=0|scouts_identified=0|scouts_deployed=0|enemies_detected=0|combat_opportunities=0|threat_clusters=0
21:17:11,UNKNOWN,UNKNOWN,SCOUT_IDENTIFICATION,total_units=0|scouts_found=0|scout_ids=
21:17:11,1,2,PHASE1_SUMMARY,total_units=0|scouts_identified=0|scouts_deployed=0|enemies_detected=0|combat_opportunities=0|threat_clusters=0
21:17:11,1,2,PHASE2_SUMMARY,active_plans=0|new_plans=0|executed_plans=0|aborted_plans=0
21:17:11,1,2,TURN_START,player_nation=Polska|total_units=0|available_units=0
21:17:11,1,2,PHASE3_SUMMARY,defenders_assigned=0|kps_covered=0|pe_secure=True|threat_level=0.0|active_plans=0
21:17:11,UNKNOWN,UNKNOWN,SCOUT_IDENTIFICATION,total_units=0|scouts_found=0|scout_ids=
21:17:11,1,2,PHASE1_SUMMARY,total_units=0|scouts_identified=0|scouts_deployed=0|enemies_detected=0|combat_opportunities=0|threat_clusters=0
21:17:11,UNKNOWN,UNKNOWN,SCOUT_IDENTIFICATION,total_units=0|scouts_found=0|scout_ids=
21:17:11,1,2,PHASE1_SUMMARY,total_units=0|scouts_identified=0|scouts_deployed=0|enemies_detected=0|combat_opportunities=0|threat_clusters=0
21:17:11,1,2,PHASE2_SUMMARY,active_plans=0|new_plans=0|executed_plans=0|aborted_plans=0
21:17:11,1,2,TURN_START,player_nation=Polska|total_units=0|available_units=0
21:17:11,1,2,PHASE3_SUMMARY,defenders_assigned=0|kps_covered=0|pe_secure=True|threat_level=0.0|active_plans=0
21:17:11,UNKNOWN,2,PHASE_4_COMPLETE,request_generated=False|urgency=NONE|requirements=0|priority_areas=
21:17:11,1,5,TURN_START,player_nation=Unknown|total_tokens=0|captured_kps=0
21:17:11,1,5,VP_INTELLIGENCE,"vp_status={'vp_own': 0, 'vp_enemy': 0, 'vp_gap': 0, 'turn': 1, 'max_turns': 30}|trend_direction=STABLE|threat_level=LOW|opportunities_count=0|recommendations_count=0"
21:17:11,UNKNOWN,UNKNOWN,SCOUT_IDENTIFICATION,total_units=0|scouts_found=0|scout_ids=
21:17:11,1,5,PHASE1_SUMMARY,total_units=0|scouts_identified=0|scouts_deployed=0|enemies_detected=0|combat_opportunities=0|threat_clusters=0
21:17:11,UNKNOWN,UNKNOWN,SCOUT_IDENTIFICATION,total_units=0|scouts_found=0|scout_ids=
21:17:11,1,5,PHASE1_SUMMARY,total_units=0|scouts_identified=0|scouts_deployed=0|enemies_detected=0|combat_opportunities=0|threat_clusters=0
21:17:11,1,5,PHASE2_SUMMARY,active_plans=0|new_plans=0|executed_plans=0|aborted_plans=0
21:17:11,1,5,TURN_START,player_nation=Niemcy|total_units=0|available_units=0
21:17:11,1,5,PHASE3_SUMMARY,defenders_assigned=0|kps_covered=0|pe_secure=True|threat_level=0.0|active_plans=0
21:17:11,UNKNOWN,UNKNOWN,SCOUT_IDENTIFICATION,total_units=0|scouts_found=0|scout_ids=
21:17:11,1,5,PHASE1_SUMMARY,total_units=0|scouts_identified=0|scouts_deployed=0|enemies_detected=0|combat_opportunities=0|threat_clusters=0
21:17:11,UNKNOWN,UNKNOWN,SCOUT_IDENTIFICATION,total_units=0|scouts_found=0|scout_ids=
21:17:11,1,5,PHASE1_SUMMARY,total_units=0|scouts_identified=0|scouts_deployed=0|enemies_detected=0|combat_opportunities=0|threat_clusters=0
21:17:11,1,5,PHASE2_SUMMARY,active_plans=0|new_plans=0|executed_plans=0|aborted_plans=0
21:17:11,1,5,TURN_START,player_nation=Niemcy|total_units=0|available_units=0
21:17:11,1,5,PHASE3_SUMMARY,defenders_assigned=0|kps_covered=0|pe_secure=True|threat_level=0.0|active_plans=0
21:17:11,UNKNOWN,5,PHASE_4_COMPLETE,request_generated=False|urgency=NONE|requirements=0|priority_areas=
21:17:11,1,2,TURN_START,player_nation=Unknown|total_tokens=0|captured_kps=0
21:17:11,1,2,VP_INTELLIGENCE,"vp_status={'vp_own': 0, 'vp_enemy': 0, 'vp_gap': 0, 'turn': 1, 'max_turns': 30}|trend_direction=STABLE|threat_level=LOW|opportunities_count=0|recommendations_count=0"
21:17:11,UNKNOWN,UNKNOWN,SCOUT_IDENTIFICATION,total_units=0|scouts_found=0|scout_ids=
21:17:11,1,2,PHASE1_SUMMARY,total_units=0|scouts_identified=0|scouts_deployed=0|enemies_detected=0|combat_opportunities=0|threat_clusters=0
21:17:11,UNKNOWN,UNKNOWN,SCOUT_IDENTIFICATION,total_units=0|scouts_found=0|scout_ids=
21:17:11,1,2,PHASE1_SUMMARY,total_units=0|scouts_identified=0|scouts_deployed=0|enemies_detected=0|combat_opportunities=0|threat_clusters=0
21:17:11,1,2,PHASE2_SUMMARY,active_plans=0|new_plans=0|executed_plans=0|aborted_plans=0
21:17:11,1,2,TURN_START,player_nation=Polska|total_units=0|available_units=0
21:17:11,1,2,PHASE3_SUMMARY,defenders_assigned=0|kps_covered=0|pe_secure=True|threat_level=0.0|active_plans=0
21:17:11,UNKNOWN,UNKNOWN,SCOUT_IDENTIFICATION,total_units=0|scouts_found=0|scout_ids=
21:17:11,1,2,PHASE1_SUMMARY,total_units=0|scouts_identified=0|scouts_deployed=0|enemies_detected=0|combat_opportunities=0|threat_clusters=0
21:17:11,UNKNOWN,UNKNOWN,SCOUT_IDENTIFICATION,total_units=0|scouts_found=0|scout_ids=
21:17:11,1,2,PHASE1_SUMMARY,total_units=0|scouts_identified=0|scouts_deployed=0|enemies_detected=0|combat_opportunities=0|threat_clusters=0
21:17:11,1,2,PHASE2_SUMMARY,active_plans=0|new_plans=0|executed_plans=0|aborted_plans=0
21:17:11,1,2,TURN_START,player_nation=Polska|total_units=0|available_units=0
21:17:11,1,2,PHASE3_SUMMARY,defenders_assigned=0|kps_covered=0|pe_secure=True|threat_level=0.0|active_plans=0
21:17:11,UNKNOWN,2,PHASE_4_COMPLETE,request_generated=False|urgency=NONE|requirements=0|priority_areas=
21:17:11,1,5,TURN_START,player_nation=Unknown|total_tokens=0|captured_kps=0
21:17:11,1,5,VP_INTELLIGENCE,"vp_status={'vp_own': 0, 'vp_enemy': 0, 'vp_gap': 0, 'turn': 1, 'max_turns': 30}|trend_direction=STABLE|threat_level=LOW|opportunities_count=0|recommendations_count=0"
21:17:11,UNKNOWN,UNKNOWN,SCOUT_IDENTIFICATION,total_units=0|scouts_found=0|scout_ids=
21:17:11,1,5,PHASE1_SUMMARY,total_units=0|scouts_identified=0|scouts_deployed=0|enemies_detected=0|combat_opportunities=0|threat_clusters=0
21:17:11,UNKNOWN,UNKNOWN,SCOUT_IDENTIFICATION,total_units=0|scouts_found=0|scout_ids=
21:17:11,1,5,PHASE1_SUMMARY,total_units=0|scouts_identified=0|scouts_deployed=0|enemies_detected=0|combat_opportunities=0|threat_clusters=0
21:17:11,1,5,PHASE2_SUMMARY,active_plans=0|new_plans=0|executed_plans=0|aborted_plans=0
21:17:11,1,5,TURN_START,player_nation=Niemcy|total_units=0|available_units=0
21:17:11,1,5,PHASE3_SUMMARY,defenders_assigned=0|kps_covered=0|pe_secure=True|threat_level=0.0|active_plans=0
21:17:11,UNKNOWN,UNKNOWN,SCOUT_IDENTIFICATION,total_units=0|scouts_found=0|scout_ids=
21:17:11,1,5,PHASE1_SUMMARY,total_units=0|scouts_identified=0|scouts_deployed=0|enemies_detected=0|combat_opportunities=0|threat_clusters=0
21:17:11,UNKNOWN,UNKNOWN,SCOUT_IDENTIFICATION,total_units=0|scouts_found=0|scout_ids=
21:17:11,1,5,PHASE1_SUMMARY,total_units=0|scouts_identified=0|scouts_deployed=0|enemies_detected=0|combat_opportunities=0|threat_clusters=0
21:17:11,1,5,PHASE2_SUMMARY,active_plans=0|new_plans=0|executed_plans=0|aborted_plans=0
21:17:11,1,5,TURN_START,player_nation=Niemcy|total_units=0|available_units=0
21:17:11,1,5,PHASE3_SUMMARY,defenders_assigned=0|kps_covered=0|pe_secure=True|threat_level=0.0|active_plans=0
21:17:11,UNKNOWN,5,PHASE_4_COMPLETE,request_generated=False|urgency=NONE|requirements=0|priority_areas=
21:17:11,1,2,TURN_START,player_nation=Unknown|total_tokens=0|captured_kps=0
21:17:11,1,2,VP_INTELLIGENCE,"vp_status={'vp_own': 0, 'vp_enemy': 0, 'vp_gap': 0, 'turn': 1, 'max_turns': 30}|trend_direction=STABLE|threat_level=LOW|opportunities_count=0|recommendations_count=0"
21:17:11,UNKNOWN,UNKNOWN,SCOUT_IDENTIFICATION,total_units=0|scouts_found=0|scout_ids=
21:17:11,1,2,PHASE1_SUMMARY,total_units=0|scouts_identified=0|scouts_deployed=0|enemies_detected=0|combat_opportunities=0|threat_clusters=0
21:17:11,UNKNOWN,UNKNOWN,SCOUT_IDENTIFICATION,total_units=0|scouts_found=0|scout_ids=
21:17:11,1,2,PHASE1_SUMMARY,total_units=0|scouts_identified=0|scouts_deployed=0|enemies_detected=0|combat_opportunities=0|threat_clusters=0
21:17:11,1,2,PHASE2_SUMMARY,active_plans=0|new_plans=0|executed_plans=0|aborted_plans=0
21:17:11,1,2,TURN_START,player_nation=Polska|total_units=0|available_units=0
21:17:11,1,2,PHASE3_SUMMARY,defenders_assigned=0|kps_covered=0|pe_secure=True|threat_level=0.0|active_plans=0
21:17:11,UNKNOWN,UNKNOWN,SCOUT_IDENTIFICATION,total_units=0|scouts_found=0|scout_ids=
21:17:11,1,2,PHASE1_SUMMARY,total_units=0|scouts_identified=0|scouts_deployed=0|enemies_detected=0|combat_opportunities=0|threat_clusters=0
21:17:11,UNKNOWN,UNKNOWN,SCOUT_IDENTIFICATION,total_units=0|scouts_found=0|scout_ids=
21:17:11,1,2,PHASE1_SUMMARY,total_units=0|scouts_identified=0|scouts_deployed=0|enemies_detected=0|combat_opportunities=0|threat_clusters=0
21:17:11,1,2,PHASE2_SUMMARY,active_plans=0|new_plans=0|executed_plans=0|aborted_plans=0
21:17:11,1,2,TURN_START,player_nation=Polska|total_units=0|available_units=0
21:17:11,1,2,PHASE3_SUMMARY,defenders_assigned=0|kps_covered=0|pe_secure=True|threat_level=0.0|active_plans=0
21:17:11,UNKNOWN,2,PHASE_4_COMPLETE,request_generated=False|urgency=NONE|requirements=0|priority_areas=
21:17:11,1,5,TURN_START,player_nation=Unknown|total_tokens=0|captured_kps=0
21:17:11,1,5,VP_INTELLIGENCE,"vp_status={'vp_own': 0, 'vp_enemy': 0, 'vp_gap': 0, 'turn': 1, 'max_turns': 30}|trend_direction=STABLE|threat_level=LOW|opportunities_count=0|recommendations_count=0"
21:17:11,UNKNOWN,UNKNOWN,SCOUT_IDENTIFICATION,total_units=0|scouts_found=0|scout_ids=
21:17:11,1,5,PHASE1_SUMMARY,total_units=0|scouts_identified=0|scouts_deployed=0|enemies_detected=0|combat_opportunities=0|threat_clusters=0
21:17:11,UNKNOWN,UNKNOWN,SCOUT_IDENTIFICATION,total_units=0|scouts_found=0|scout_ids=
21:17:11,1,5,PHASE1_SUMMARY,total_units=0|scouts_identified=0|scouts_deployed=0|enemies_detected=0|combat_opportunities=0|threat_clusters=0
21:17:11,1,5,PHASE2_SUMMARY,active_plans=0|new_plans=0|executed_plans=0|aborted_plans=0
21:17:11,1,5,TURN_START,player_nation=Niemcy|total_units=0|available_units=0
21:17:11,1,5,PHASE3_SUMMARY,defenders_assigned=0|kps_covered=0|pe_secure=True|threat_level=0.0|active_plans=0
21:17:11,UNKNOWN,UNKNOWN,SCOUT_IDENTIFICATION,total_units=0|scouts_found=0|scout_ids=
21:17:11,1,5,PHASE1_SUMMARY,total_units=0|scouts_identified=0|scouts_deployed=0|enemies_detected=0|combat_opportunities=0|threat_clusters=0
21:17:11,UNKNOWN,UNKNOWN,SCOUT_IDENTIFICATION,total_units=0|scouts_found=0|scout_ids=
21:17:11,1,5,PHASE1_SUMMARY,total_units=0|scouts_identified=0|scouts_deployed=0|enemies_detected=0|combat_opportunities=0|threat_clusters=0
21:17:11,1,5,PHASE2_SUMMARY,active_plans=0|new_plans=0|executed_plans=0|aborted_plans=0
21:17:11,1,5,TURN_START,player_nation=Niemcy|total_units=0|available_units=0
21:17:11,1,5,PHASE3_SUMMARY,defenders_assigned=0|kps_covered=0|pe_secure=True|threat_level=0.0|active_plans=0
21:17:11,UNKNOWN,5,PHASE_4_COMPLETE,request_generated=False|urgency=NONE|requirements=0|priority_areas=
21:17:11,1,2,TURN_START,player_nation=Unknown|total_tokens=0|captured_kps=0
21:17:11,1,2,VP_INTELLIGENCE,"vp_status={'vp_own': 0, 'vp_enemy': 0, 'vp_gap': 0, 'turn': 1, 'max_turns': 30}|trend_direction=STABLE|threat_level=LOW|opportunities_count=0|recommendations_count=0"
21:17:11,UNKNOWN,UNKNOWN,SCOUT_IDENTIFICATION,total_units=0|scouts_found=0|scout_ids=
21:17:11,1,2,PHASE1_SUMMARY,total_units=0|scouts_identified=0|scouts_deployed=0|enemies_detected=0|combat_opportunities=0|threat_clusters=0
21:17:11,UNKNOWN,UNKNOWN,SCOUT_IDENTIFICATION,total_units=0|scouts_found=0|scout_ids=
21:17:11,1,2,PHASE1_SUMMARY,total_units=0|scouts_identified=0|scouts_deployed=0|enemies_detected=0|combat_opportunities=0|threat_clusters=0
21:17:11,1,2,PHASE2_SUMMARY,active_plans=0|new_plans=0|executed_plans=0|aborted_plans=0
21:17:11,1,2,TURN_START,player_nation=Polska|total_units=0|available_units=0
21:17:11,1,2,PHASE3_SUMMARY,defenders_assigned=0|kps_covered=0|pe_secure=True|threat_level=0.0|active_plans=0
21:17:11,UNKNOWN,UNKNOWN,SCOUT_IDENTIFICATION,total_units=0|scouts_found=0|scout_ids=
21:17:11,1,2,PHASE1_SUMMARY,total_units=0|scouts_identified=0|scouts_deployed=0|enemies_detected=0|combat_opportunities=0|threat_clusters=0
21:17:11,UNKNOWN,UNKNOWN,SCOUT_IDENTIFICATION,total_units=0|scouts_found=0|scout_ids=
21:17:11,1,2,PHASE1_SUMMARY,total_units=0|scouts_identified=0|scouts_deployed=0|enemies_detected=0|combat_opportunities=0|threat_clusters=0
21:17:11,1,2,PHASE2_SUMMARY,active_plans=0|new_plans=0|executed_plans=0|aborted_plans=0
21:17:11,1,2,TURN_START,player_nation=Polska|total_units=0|available_units=0
21:17:11,1,2,PHASE3_SUMMARY,defenders_assigned=0|kps_covered=0|pe_secure=True|threat_level=0.0|active_plans=0
21:17:11,UNKNOWN,2,PHASE_4_COMPLETE,request_generated=False|urgency=NONE|requirements=0|priority_areas=
21:17:11,1,5,TURN_START,player_nation=Unknown|total_tokens=0|captured_kps=0
21:17:11,1,5,VP_INTELLIGENCE,"vp_status={'vp_own': 0, 'vp_enemy': 0, 'vp_gap': 0, 'turn': 1, 'max_turns': 30}|trend_direction=STABLE|threat_level=LOW|opportunities_count=0|recommendations_count=0"
21:17:11,UNKNOWN,UNKNOWN,SCOUT_IDENTIFICATION,total_units=0|scouts_found=0|scout_ids=
21:17:11,1,5,PHASE1_SUMMARY,total_units=0|scouts_identified=0|scouts_deployed=0|enemies_detected=0|combat_opportunities=0|threat_clusters=0
21:17:11,UNKNOWN,UNKNOWN,SCOUT_IDENTIFICATION,total_units=0|scouts_found=0|scout_ids=
21:17:11,1,5,PHASE1_SUMMARY,total_units=0|scouts_identified=0|scouts_deployed=0|enemies_detected=0|combat_opportunities=0|threat_clusters=0
21:17:11,1,5,PHASE2_SUMMARY,active_plans=0|new_plans=0|executed_plans=0|aborted_plans=0
21:17:11,1,5,TURN_START,player_nation=Niemcy|total_units=0|available_units=0
21:17:11,1,5,PHASE3_SUMMARY,defenders_assigned=0|kps_covered=0|pe_secure=True|threat_level=0.0|active_plans=0
21:17:11,UNKNOWN,UNKNOWN,SCOUT_IDENTIFICATION,total_units=0|scouts_found=0|scout_ids=
21:17:11,1,5,PHASE1_SUMMARY,total_units=0|scouts_identified=0|scouts_deployed=0|enemies_detected=0|combat_opportunities=0|threat_clusters=0
21:17:11,UNKNOWN,UNKNOWN,SCOUT_IDENTIFICATION,total_units=0|scouts_found=0|scout_ids=
21:17:11,1,5,PHASE1_SUMMARY,total_units=0|scouts_identified=0|scouts_deployed=0|enemies_detected=0|combat_opportunities=0|threat_clusters=0
21:17:11,1,5,PHASE2_SUMMARY,active_plans=0|new_plans=0|executed_plans=0|aborted_plans=0
21:17:11,1,5,TURN_START,player_nation=Niemcy|total_units=0|available_units=0
21:17:11,1,5,PHASE3_SUMMARY,defenders_assigned=0|kps_covered=0|pe_secure=True|threat_level=0.0|active_plans=0
21:17:11,UNKNOWN,5,PHASE_4_COMPLETE,request_generated=False|urgency=NONE|requirements=0|priority_areas=
21:17:11,1,2,TURN_START,player_nation=Unknown|total_tokens=0|captured_kps=0
21:17:11,1,2,VP_INTELLIGENCE,"vp_status={'vp_own': 0, 'vp_enemy': 0, 'vp_gap': 0, 'turn': 1, 'max_turns': 30}|trend_direction=STABLE|threat_level=LOW|opportunities_count=0|recommendations_count=0"
21:17:11,UNKNOWN,UNKNOWN,SCOUT_IDENTIFICATION,total_units=0|scouts_found=0|scout_ids=
21:17:11,1,2,PHASE1_SUMMARY,total_units=0|scouts_identified=0|scouts_deployed=0|enemies_detected=0|combat_opportunities=0|threat_clusters=0
21:17:11,UNKNOWN,UNKNOWN,SCOUT_IDENTIFICATION,total_units=0|scouts_found=0|scout_ids=
21:17:11,1,2,PHASE1_SUMMARY,total_units=0|scouts_identified=0|scouts_deployed=0|enemies_detected=0|combat_opportunities=0|threat_clusters=0
21:17:11,1,2,PHASE2_SUMMARY,active_plans=0|new_plans=0|executed_plans=0|aborted_plans=0
21:17:11,1,2,TURN_START,player_nation=Polska|total_units=0|available_units=0
21:17:11,1,2,PHASE3_SUMMARY,defenders_assigned=0|kps_covered=0|pe_secure=True|threat_level=0.0|active_plans=0
21:17:11,UNKNOWN,UNKNOWN,SCOUT_IDENTIFICATION,total_units=0|scouts_found=0|scout_ids=
21:17:11,1,2,PHASE1_SUMMARY,total_units=0|scouts_identified=0|scouts_deployed=0|enemies_detected=0|combat_opportunities=0|threat_clusters=0
21:17:11,UNKNOWN,UNKNOWN,SCOUT_IDENTIFICATION,total_units=0|scouts_found=0|scout_ids=
21:17:11,1,2,PHASE1_SUMMARY,total_units=0|scouts_identified=0|scouts_deployed=0|enemies_detected=0|combat_opportunities=0|threat_clusters=0
21:17:11,1,2,PHASE2_SUMMARY,active_plans=0|new_plans=0|executed_plans=0|aborted_plans=0
21:17:11,1,2,TURN_START,player_nation=Polska|total_units=0|available_units=0
21:17:11,1,2,PHASE3_SUMMARY,defenders_assigned=0|kps_covered=0|pe_secure=True|threat_level=0.0|active_plans=0
21:17:11,UNKNOWN,2,PHASE_4_COMPLETE,request_generated=False|urgency=NONE|requirements=0|priority_areas=
21:17:11,1,5,TURN_START,player_nation=Unknown|total_tokens=0|captured_kps=0
21:17:11,1,5,VP_INTELLIGENCE,"vp_status={'vp_own': 0, 'vp_enemy': 0, 'vp_gap': 0, 'turn': 1, 'max_turns': 30}|trend_direction=STABLE|threat_level=LOW|opportunities_count=0|recommendations_count=0"
21:17:11,UNKNOWN,UNKNOWN,SCOUT_IDENTIFICATION,total_units=0|scouts_found=0|scout_ids=
21:17:11,1,5,PHASE1_SUMMARY,total_units=0|scouts_identified=0|scouts_deployed=0|enemies_detected=0|combat_opportunities=0|threat_clusters=0
21:17:11,UNKNOWN,UNKNOWN,SCOUT_IDENTIFICATION,total_units=0|scouts_found=0|scout_ids=
21:17:11,1,5,PHASE1_SUMMARY,total_units=0|scouts_identified=0|scouts_deployed=0|enemies_detected=0|combat_opportunities=0|threat_clusters=0
21:17:11,1,5,PHASE2_SUMMARY,active_plans=0|new_plans=0|executed_plans=0|aborted_plans=0
21:17:11,1,5,TURN_START,player_nation=Niemcy|total_units=0|available_units=0
21:17:11,1,5,PHASE3_SUMMARY,defenders_assigned=0|kps_covered=0|pe_secure=True|threat_level=0.0|active_plans=0
21:17:11,UNKNOWN,UNKNOWN,SCOUT_IDENTIFICATION,total_units=0|scouts_found=0|scout_ids=
21:17:11,1,5,PHASE1_SUMMARY,total_units=0|scouts_identified=0|scouts_deployed=0|enemies_detected=0|combat_opportunities=0|threat_clusters=0
21:17:11,UNKNOWN,UNKNOWN,SCOUT_IDENTIFICATION,total_units=0|scouts_found=0|scout_ids=
21:17:11,1,5,PHASE1_SUMMARY,total_units=0|scouts_identified=0|scouts_deployed=0|enemies_detected=0|combat_opportunities=0|threat_clusters=0
21:17:11,1,5,PHASE2_SUMMARY,active_plans=0|new_plans=0|executed_plans=0|aborted_plans=0
21:17:11,1,5,TURN_START,player_nation=Niemcy|total_units=0|available_units=0
21:17:11,1,5,PHASE3_SUMMARY,defenders_assigned=0|kps_covered=0|pe_secure=True|threat_level=0.0|active_plans=0
21:17:11,UNKNOWN,5,PHASE_4_COMPLETE,request_generated=False|urgency=NONE|requirements=0|priority_areas=
21:17:11,1,2,TURN_START,player_nation=Unknown|total_tokens=0|captured_kps=0
21:17:11,1,2,VP_INTELLIGENCE,"vp_status={'vp_own': 0, 'vp_enemy': 0, 'vp_gap': 0, 'turn': 1, 'max_turns': 30}|trend_direction=STABLE|threat_level=LOW|opportunities_count=0|recommendations_count=0"
21:17:11,UNKNOWN,UNKNOWN,SCOUT_IDENTIFICATION,total_units=0|scouts_found=0|scout_ids=
21:17:11,1,2,PHASE1_SUMMARY,total_units=0|scouts_identified=0|scouts_deployed=0|enemies_detected=0|combat_opportunities=0|threat_clusters=0
21:17:11,UNKNOWN,UNKNOWN,SCOUT_IDENTIFICATION,total_units=0|scouts_found=0|scout_ids=
21:17:11,1,2,PHASE1_SUMMARY,total_units=0|scouts_identified=0|scouts_deployed=0|enemies_detected=0|combat_opportunities=0|threat_clusters=0
21:17:11,1,2,PHASE2_SUMMARY,active_plans=0|new_plans=0|executed_plans=0|aborted_plans=0
21:17:11,1,2,TURN_START,player_nation=Polska|total_units=0|available_units=0
21:17:11,1,2,PHASE3_SUMMARY,defenders_assigned=0|kps_covered=0|pe_secure=True|threat_level=0.0|active_plans=0
21:17:11,UNKNOWN,UNKNOWN,SCOUT_IDENTIFICATION,total_units=0|scouts_found=0|scout_ids=
21:17:11,1,2,PHASE1_SUMMARY,total_units=0|scouts_identified=0|scouts_deployed=0|enemies_detected=0|combat_opportunities=0|threat_clusters=0
21:17:11,UNKNOWN,UNKNOWN,SCOUT_IDENTIFICATION,total_units=0|scouts_found=0|scout_ids=
21:17:11,1,2,PHASE1_SUMMARY,total_units=0|scouts_identified=0|scouts_deployed=0|enemies_detected=0|combat_opportunities=0|threat_clusters=0
21:17:11,1,2,PHASE2_SUMMARY,active_plans=0|new_plans=0|executed_plans=0|aborted_plans=0
21:17:11,1,2,TURN_START,player_nation=Polska|total_units=0|available_units=0
21:17:11,1,2,PHASE3_SUMMARY,defenders_assigned=0|kps_covered=0|pe_secure=True|threat_level=0.0|active_plans=0
21:17:11,UNKNOWN,2,PHASE_4_COMPLETE,request_generated=False|urgency=NONE|requirements=0|priority_areas=
21:17:11,1,5,TURN_START,player_nation=Unknown|total_tokens=0|captured_kps=0
21:17:11,1,5,VP_INTELLIGENCE,"vp_status={'vp_own': 0, 'vp_enemy': 0, 'vp_gap': 0, 'turn': 1, 'max_turns': 30}|trend_direction=STABLE|threat_level=LOW|opportunities_count=0|recommendations_count=0"
21:17:11,UNKNOWN,UNKNOWN,SCOUT_IDENTIFICATION,total_units=0|scouts_found=0|scout_ids=
21:17:11,1,5,PHASE1_SUMMARY,total_units=0|scouts_identified=0|scouts_deployed=0|enemies_detected=0|combat_opportunities=0|threat_clusters=0
21:17:11,UNKNOWN,UNKNOWN,SCOUT_IDENTIFICATION,total_units=0|scouts_found=0|scout_ids=
21:17:11,1,5,PHASE1_SUMMARY,total_units=0|scouts_identified=0|scouts_deployed=0|enemies_detected=0|combat_opportunities=0|threat_clusters=0
21:17:11,1,5,PHASE2_SUMMARY,active_plans=0|new_plans=0|executed_plans=0|aborted_plans=0
21:17:11,1,5,TURN_START,player_nation=Niemcy|total_units=0|available_units=0
21:17:11,1,5,PHASE3_SUMMARY,defenders_assigned=0|kps_covered=0|pe_secure=True|threat_level=0.0|active_plans=0
21:17:11,UNKNOWN,UNKNOWN,SCOUT_IDENTIFICATION,total_units=0|scouts_found=0|scout_ids=
21:17:11,1,5,PHASE1_SUMMARY,total_units=0|scouts_identified=0|scouts_deployed=0|enemies_detected=0|combat_opportunities=0|threat_clusters=0
21:17:11,UNKNOWN,UNKNOWN,SCOUT_IDENTIFICATION,total_units=0|scouts_found=0|scout_ids=
21:17:11,1,5,PHASE1_SUMMARY,total_units=0|scouts_identified=0|scouts_deployed=0|enemies_detected=0|combat_opportunities=0|threat_clusters=0
21:17:11,1,5,PHASE2_SUMMARY,active_plans=0|new_plans=0|executed_plans=0|aborted_plans=0
21:17:11,1,5,TURN_START,player_nation=Niemcy|total_units=0|available_units=0
21:17:11,1,5,PHASE3_SUMMARY,defenders_assigned=0|kps_covered=0|pe_secure=True|threat_level=0.0|active_plans=0
21:17:11,UNKNOWN,5,PHASE_4_COMPLETE,request_generated=False|urgency=NONE|requirements=0|priority_areas=
21:17:11,1,2,TURN_START,player_nation=Unknown|total_tokens=0|captured_kps=0
21:17:11,1,2,VP_INTELLIGENCE,"vp_status={'vp_own': 0, 'vp_enemy': 0, 'vp_gap': 0, 'turn': 1, 'max_turns': 30}|trend_direction=STABLE|threat_level=LOW|opportunities_count=0|recommendations_count=0"
21:17:11,UNKNOWN,UNKNOWN,SCOUT_IDENTIFICATION,total_units=0|scouts_found=0|scout_ids=
21:17:11,1,2,PHASE1_SUMMARY,total_units=0|scouts_identified=0|scouts_deployed=0|enemies_detected=0|combat_opportunities=0|threat_clusters=0
21:17:11,UNKNOWN,UNKNOWN,SCOUT_IDENTIFICATION,total_units=0|scouts_found=0|scout_ids=
21:17:11,1,2,PHASE1_SUMMARY,total_units=0|scouts_identified=0|scouts_deployed=0|enemies_detected=0|combat_opportunities=0|threat_clusters=0
21:17:11,1,2,PHASE2_SUMMARY,active_plans=0|new_plans=0|executed_plans=0|aborted_plans=0
21:17:11,1,2,TURN_START,player_nation=Polska|total_units=0|available_units=0
21:17:11,1,2,PHASE3_SUMMARY,defenders_assigned=0|kps_covered=0|pe_secure=True|threat_level=0.0|active_plans=0
21:17:11,UNKNOWN,UNKNOWN,SCOUT_IDENTIFICATION,total_units=0|scouts_found=0|scout_ids=
21:17:11,1,2,PHASE1_SUMMARY,total_units=0|scouts_identified=0|scouts_deployed=0|enemies_detected=0|combat_opportunities=0|threat_clusters=0
21:17:11,UNKNOWN,UNKNOWN,SCOUT_IDENTIFICATION,total_units=0|scouts_found=0|scout_ids=
21:17:11,1,2,PHASE1_SUMMARY,total_units=0|scouts_identified=0|scouts_deployed=0|enemies_detected=0|combat_opportunities=0|threat_clusters=0
21:17:11,1,2,PHASE2_SUMMARY,active_plans=0|new_plans=0|executed_plans=0|aborted_plans=0
21:17:11,1,2,TURN_START,player_nation=Polska|total_units=0|available_units=0
21:17:11,1,2,PHASE3_SUMMARY,defenders_assigned=0|kps_covered=0|pe_secure=True|threat_level=0.0|active_plans=0
21:17:11,UNKNOWN,2,PHASE_4_COMPLETE,request_generated=False|urgency=NONE|requirements=0|priority_areas=
21:17:11,1,5,TURN_START,player_nation=Unknown|total_tokens=0|captured_kps=0
21:17:11,1,5,VP_INTELLIGENCE,"vp_status={'vp_own': 0, 'vp_enemy': 0, 'vp_gap': 0, 'turn': 1, 'max_turns': 30}|trend_direction=STABLE|threat_level=LOW|opportunities_count=0|recommendations_count=0"
21:17:11,UNKNOWN,UNKNOWN,SCOUT_IDENTIFICATION,total_units=0|scouts_found=0|scout_ids=
21:17:11,1,5,PHASE1_SUMMARY,total_units=0|scouts_identified=0|scouts_deployed=0|enemies_detected=0|combat_opportunities=0|threat_clusters=0
21:17:11,UNKNOWN,UNKNOWN,SCOUT_IDENTIFICATION,total_units=0|scouts_found=0|scout_ids=
21:17:11,1,5,PHASE1_SUMMARY,total_units=0|scouts_identified=0|scouts_deployed=0|enemies_detected=0|combat_opportunities=0|threat_clusters=0
21:17:11,1,5,PHASE2_SUMMARY,active_plans=0|new_plans=0|executed_plans=0|aborted_plans=0
21:17:11,1,5,TURN_START,player_nation=Niemcy|total_units=0|available_units=0
21:17:11,1,5,PHASE3_SUMMARY,defenders_assigned=0|kps_covered=0|pe_secure=True|threat_level=0.0|active_plans=0
21:17:11,UNKNOWN,UNKNOWN,SCOUT_IDENTIFICATION,total_units=0|scouts_found=0|scout_ids=
21:17:11,1,5,PHASE1_SUMMARY,total_units=0|scouts_identified=0|scouts_deployed=0|enemies_detected=0|combat_opportunities=0|threat_clusters=0
21:17:11,UNKNOWN,UNKNOWN,SCOUT_IDENTIFICATION,total_units=0|scouts_found=0|scout_ids=
21:17:11,1,5,PHASE1_SUMMARY,total_units=0|scouts_identified=0|scouts_deployed=0|enemies_detected=0|combat_opportunities=0|threat_clusters=0
21:17:11,1,5,PHASE2_SUMMARY,active_plans=0|new_plans=0|executed_plans=0|aborted_plans=0
21:17:11,1,5,TURN_START,player_nation=Niemcy|total_units=0|available_units=0
21:17:11,1,5,PHASE3_SUMMARY,defenders_assigned=0|kps_covered=0|pe_secure=True|threat_level=0.0|active_plans=0
21:17:11,UNKNOWN,5,PHASE_4_COMPLETE,request_generated=False|urgency=NONE|requirements=0|priority_areas=
21:17:11,1,2,TURN_START,player_nation=Unknown|total_tokens=0|captured_kps=0
21:17:11,1,2,VP_INTELLIGENCE,"vp_status={'vp_own': 0, 'vp_enemy': 0, 'vp_gap': 0, 'turn': 1, 'max_turns': 30}|trend_direction=STABLE|threat_level=LOW|opportunities_count=0|recommendations_count=0"
21:17:11,UNKNOWN,UNKNOWN,SCOUT_IDENTIFICATION,total_units=0|scouts_found=0|scout_ids=
21:17:11,1,2,PHASE1_SUMMARY,total_units=0|scouts_identified=0|scouts_deployed=0|enemies_detected=0|combat_opportunities=0|threat_clusters=0
21:17:11,UNKNOWN,UNKNOWN,SCOUT_IDENTIFICATION,total_units=0|scouts_found=0|scout_ids=
21:17:11,1,2,PHASE1_SUMMARY,total_units=0|scouts_identified=0|scouts_deployed=0|enemies_detected=0|combat_opportunities=0|threat_clusters=0
21:17:11,1,2,PHASE2_SUMMARY,active_plans=0|new_plans=0|executed_plans=0|aborted_plans=0
21:17:11,1,2,TURN_START,player_nation=Polska|total_units=0|available_units=0
21:17:11,1,2,PHASE3_SUMMARY,defenders_assigned=0|kps_covered=0|pe_secure=True|threat_level=0.0|active_plans=0
21:17:11,UNKNOWN,UNKNOWN,SCOUT_IDENTIFICATION,total_units=0|scouts_found=0|scout_ids=
21:17:11,1,2,PHASE1_SUMMARY,total_units=0|scouts_identified=0|scouts_deployed=0|enemies_detected=0|combat_opportunities=0|threat_clusters=0
21:17:11,UNKNOWN,UNKNOWN,SCOUT_IDENTIFICATION,total_units=0|scouts_found=0|scout_ids=
21:17:11,1,2,PHASE1_SUMMARY,total_units=0|scouts_identified=0|scouts_deployed=0|enemies_detected=0|combat_opportunities=0|threat_clusters=0
21:17:11,1,2,PHASE2_SUMMARY,active_plans=0|new_plans=0|executed_plans=0|aborted_plans=0
21:17:11,1,2,TURN_START,player_nation=Polska|total_units=0|available_units=0
21:17:11,1,2,PHASE3_SUMMARY,defenders_assigned=0|kps_covered=0|pe_secure=True|threat_level=0.0|active_plans=0
21:17:11,UNKNOWN,2,PHASE_4_COMPLETE,request_generated=False|urgency=NONE|requirements=0|priority_areas=
21:17:11,1,5,TURN_START,player_nation=Unknown|total_tokens=0|captured_kps=0
21:17:11,1,5,VP_INTELLIGENCE,"vp_status={'vp_own': 0, 'vp_enemy': 0, 'vp_gap': 0, 'turn': 1, 'max_turns': 30}|trend_direction=STABLE|threat_level=LOW|opportunities_count=0|recommendations_count=0"
21:17:11,UNKNOWN,UNKNOWN,SCOUT_IDENTIFICATION,total_units=0|scouts_found=0|scout_ids=
21:17:11,1,5,PHASE1_SUMMARY,total_units=0|scouts_identified=0|scouts_deployed=0|enemies_detected=0|combat_opportunities=0|threat_clusters=0
21:17:11,UNKNOWN,UNKNOWN,SCOUT_IDENTIFICATION,total_units=0|scouts_found=0|scout_ids=
21:17:11,1,5,PHASE1_SUMMARY,total_units=0|scouts_identified=0|scouts_deployed=0|enemies_detected=0|combat_opportunities=0|threat_clusters=0
21:17:11,1,5,PHASE2_SUMMARY,active_plans=0|new_plans=0|executed_plans=0|aborted_plans=0
21:17:11,1,5,TURN_START,player_nation=Niemcy|total_units=0|available_units=0
21:17:11,1,5,PHASE3_SUMMARY,defenders_assigned=0|kps_covered=0|pe_secure=True|threat_level=0.0|active_plans=0
21:17:11,UNKNOWN,UNKNOWN,SCOUT_IDENTIFICATION,total_units=0|scouts_found=0|scout_ids=
21:17:11,1,5,PHASE1_SUMMARY,total_units=0|scouts_identified=0|scouts_deployed=0|enemies_detected=0|combat_opportunities=0|threat_clusters=0
21:17:11,UNKNOWN,UNKNOWN,SCOUT_IDENTIFICATION,total_units=0|scouts_found=0|scout_ids=
21:17:11,1,5,PHASE1_SUMMARY,total_units=0|scouts_identified=0|scouts_deployed=0|enemies_detected=0|combat_opportunities=0|threat_clusters=0
21:17:11,1,5,PHASE2_SUMMARY,active_plans=0|new_plans=0|executed_plans=0|aborted_plans=0
21:17:11,1,5,TURN_START,player_nation=Niemcy|total_units=0|available_units=0
21:17:11,1,5,PHASE3_SUMMARY,defenders_assigned=0|kps_covered=0|pe_secure=True|threat_level=0.0|active_plans=0
21:17:11,UNKNOWN,5,PHASE_4_COMPLETE,request_generated=False|urgency=NONE|requirements=0|priority_areas=
21:17:11,1,2,TURN_START,player_nation=Unknown|total_tokens=0|captured_kps=0
21:17:12,1,2,VP_INTELLIGENCE,"vp_status={'vp_own': 0, 'vp_enemy': 0, 'vp_gap': 0, 'turn': 1, 'max_turns': 30}|trend_direction=STABLE|threat_level=LOW|opportunities_count=0|recommendations_count=0"
21:17:12,UNKNOWN,UNKNOWN,SCOUT_IDENTIFICATION,total_units=0|scouts_found=0|scout_ids=
21:17:12,1,2,PHASE1_SUMMARY,total_units=0|scouts_identified=0|scouts_deployed=0|enemies_detected=0|combat_opportunities=0|threat_clusters=0
21:17:12,UNKNOWN,UNKNOWN,SCOUT_IDENTIFICATION,total_units=0|scouts_found=0|scout_ids=
21:17:12,1,2,PHASE1_SUMMARY,total_units=0|scouts_identified=0|scouts_deployed=0|enemies_detected=0|combat_opportunities=0|threat_clusters=0
21:17:12,1,2,PHASE2_SUMMARY,active_plans=0|new_plans=0|executed_plans=0|aborted_plans=0
21:17:12,1,2,TURN_START,player_nation=Polska|total_units=0|available_units=0
21:17:12,1,2,PHASE3_SUMMARY,defenders_assigned=0|kps_covered=0|pe_secure=True|threat_level=0.0|active_plans=0
21:17:12,UNKNOWN,UNKNOWN,SCOUT_IDENTIFICATION,total_units=0|scouts_found=0|scout_ids=
21:17:12,1,2,PHASE1_SUMMARY,total_units=0|scouts_identified=0|scouts_deployed=0|enemies_detected=0|combat_opportunities=0|threat_clusters=0
21:17:12,UNKNOWN,UNKNOWN,SCOUT_IDENTIFICATION,total_units=0|scouts_found=0|scout_ids=
21:17:12,1,2,PHASE1_SUMMARY,total_units=0|scouts_identified=0|scouts_deployed=0|enemies_detected=0|combat_opportunities=0|threat_clusters=0
21:17:12,1,2,PHASE2_SUMMARY,active_plans=0|new_plans=0|executed_plans=0|aborted_plans=0
21:17:12,1,2,TURN_START,player_nation=Polska|total_units=0|available_units=0
21:17:12,1,2,PHASE3_SUMMARY,defenders_assigned=0|kps_covered=0|pe_secure=True|threat_level=0.0|active_plans=0
21:17:12,UNKNOWN,2,PHASE_4_COMPLETE,request_generated=False|urgency=NONE|requirements=0|priority_areas=
21:17:12,1,5,TURN_START,player_nation=Unknown|total_tokens=0|captured_kps=0
21:17:12,1,5,VP_INTELLIGENCE,"vp_status={'vp_own': 0, 'vp_enemy': 0, 'vp_gap': 0, 'turn': 1, 'max_turns': 30}|trend_direction=STABLE|threat_level=LOW|opportunities_count=0|recommendations_count=0"
21:17:12,UNKNOWN,UNKNOWN,SCOUT_IDENTIFICATION,total_units=0|scouts_found=0|scout_ids=
21:17:12,1,5,PHASE1_SUMMARY,total_units=0|scouts_identified=0|scouts_deployed=0|enemies_detected=0|combat_opportunities=0|threat_clusters=0
21:17:12,UNKNOWN,UNKNOWN,SCOUT_IDENTIFICATION,total_units=0|scouts_found=0|scout_ids=
21:17:12,1,5,PHASE1_SUMMARY,total_units=0|scouts_identified=0|scouts_deployed=0|enemies_detected=0|combat_opportunities=0|threat_clusters=0
21:17:12,1,5,PHASE2_SUMMARY,active_plans=0|new_plans=0|executed_plans=0|aborted_plans=0
21:17:12,1,5,TURN_START,player_nation=Niemcy|total_units=0|available_units=0
21:17:12,1,5,PHASE3_SUMMARY,defenders_assigned=0|kps_covered=0|pe_secure=True|threat_level=0.0|active_plans=0
21:17:12,UNKNOWN,UNKNOWN,SCOUT_IDENTIFICATION,total_units=0|scouts_found=0|scout_ids=
21:17:12,1,5,PHASE1_SUMMARY,total_units=0|scouts_identified=0|scouts_deployed=0|enemies_detected=0|combat_opportunities=0|threat_clusters=0
21:17:12,UNKNOWN,UNKNOWN,SCOUT_IDENTIFICATION,total_units=0|scouts_found=0|scout_ids=
21:17:12,1,5,PHASE1_SUMMARY,total_units=0|scouts_identified=0|scouts_deployed=0|enemies_detected=0|combat_opportunities=0|threat_clusters=0
21:17:12,1,5,PHASE2_SUMMARY,active_plans=0|new_plans=0|executed_plans=0|aborted_plans=0
21:17:12,1,5,TURN_START,player_nation=Niemcy|total_units=0|available_units=0
21:17:12,1,5,PHASE3_SUMMARY,defenders_assigned=0|kps_covered=0|pe_secure=True|threat_level=0.0|active_plans=0
21:17:12,UNKNOWN,5,PHASE_4_COMPLETE,request_generated=False|urgency=NONE|requirements=0|priority_areas=
21:17:12,1,2,TURN_START,player_nation=Unknown|total_tokens=0|captured_kps=0
21:17:12,1,2,VP_INTELLIGENCE,"vp_status={'vp_own': 0, 'vp_enemy': 0, 'vp_gap': 0, 'turn': 1, 'max_turns': 30}|trend_direction=STABLE|threat_level=LOW|opportunities_count=0|recommendations_count=0"
21:17:12,UNKNOWN,UNKNOWN,SCOUT_IDENTIFICATION,total_units=0|scouts_found=0|scout_ids=
21:17:12,1,2,PHASE1_SUMMARY,total_units=0|scouts_identified=0|scouts_deployed=0|enemies_detected=0|combat_opportunities=0|threat_clusters=0
21:17:12,UNKNOWN,UNKNOWN,SCOUT_IDENTIFICATION,total_units=0|scouts_found=0|scout_ids=
21:17:12,1,2,PHASE1_SUMMARY,total_units=0|scouts_identified=0|scouts_deployed=0|enemies_detected=0|combat_opportunities=0|threat_clusters=0
21:17:12,1,2,PHASE2_SUMMARY,active_plans=0|new_plans=0|executed_plans=0|aborted_plans=0
21:17:12,1,2,TURN_START,player_nation=Polska|total_units=0|available_units=0
21:17:12,1,2,PHASE3_SUMMARY,defenders_assigned=0|kps_covered=0|pe_secure=True|threat_level=0.0|active_plans=0
21:17:12,UNKNOWN,UNKNOWN,SCOUT_IDENTIFICATION,total_units=0|scouts_found=0|scout_ids=
21:17:12,1,2,PHASE1_SUMMARY,total_units=0|scouts_identified=0|scouts_deployed=0|enemies_detected=0|combat_opportunities=0|threat_clusters=0
21:17:12,UNKNOWN,UNKNOWN,SCOUT_IDENTIFICATION,total_units=0|scouts_found=0|scout_ids=
21:17:12,1,2,PHASE1_SUMMARY,total_units=0|scouts_identified=0|scouts_deployed=0|enemies_detected=0|combat_opportunities=0|threat_clusters=0
21:17:12,1,2,PHASE2_SUMMARY,active_plans=0|new_plans=0|executed_plans=0|aborted_plans=0
21:17:12,1,2,TURN_START,player_nation=Polska|total_units=0|available_units=0
21:17:12,1,2,PHASE3_SUMMARY,defenders_assigned=0|kps_covered=0|pe_secure=True|threat_level=0.0|active_plans=0
21:17:12,UNKNOWN,2,PHASE_4_COMPLETE,request_generated=False|urgency=NONE|requirements=0|priority_areas=
21:17:12,1,5,TURN_START,player_nation=Unknown|total_tokens=0|captured_kps=0
21:17:12,1,5,VP_INTELLIGENCE,"vp_status={'vp_own': 0, 'vp_enemy': 0, 'vp_gap': 0, 'turn': 1, 'max_turns': 30}|trend_direction=STABLE|threat_level=LOW|opportunities_count=0|recommendations_count=0"
21:17:12,UNKNOWN,UNKNOWN,SCOUT_IDENTIFICATION,total_units=0|scouts_found=0|scout_ids=
21:17:12,1,5,PHASE1_SUMMARY,total_units=0|scouts_identified=0|scouts_deployed=0|enemies_detected=0|combat_opportunities=0|threat_clusters=0
21:17:12,UNKNOWN,UNKNOWN,SCOUT_IDENTIFICATION,total_units=0|scouts_found=0|scout_ids=
21:17:12,1,5,PHASE1_SUMMARY,total_units=0|scouts_identified=0|scouts_deployed=0|enemies_detected=0|combat_opportunities=0|threat_clusters=0
21:17:12,1,5,PHASE2_SUMMARY,active_plans=0|new_plans=0|executed_plans=0|aborted_plans=0
21:17:12,1,5,TURN_START,player_nation=Niemcy|total_units=0|available_units=0
21:17:12,1,5,PHASE3_SUMMARY,defenders_assigned=0|kps_covered=0|pe_secure=True|threat_level=0.0|active_plans=0
21:17:12,UNKNOWN,UNKNOWN,SCOUT_IDENTIFICATION,total_units=0|scouts_found=0|scout_ids=
21:17:12,1,5,PHASE1_SUMMARY,total_units=0|scouts_identified=0|scouts_deployed=0|enemies_detected=0|combat_opportunities=0|threat_clusters=0
21:17:12,UNKNOWN,UNKNOWN,SCOUT_IDENTIFICATION,total_units=0|scouts_found=0|scout_ids=
21:17:12,1,5,PHASE1_SUMMARY,total_units=0|scouts_identified=0|scouts_deployed=0|enemies_detected=0|combat_opportunities=0|threat_clusters=0
21:17:12,1,5,PHASE2_SUMMARY,active_plans=0|new_plans=0|executed_plans=0|aborted_plans=0
21:17:12,1,5,TURN_START,player_nation=Niemcy|total_units=0|available_units=0
21:17:12,1,5,PHASE3_SUMMARY,defenders_assigned=0|kps_covered=0|pe_secure=True|threat_level=0.0|active_plans=0
21:17:12,UNKNOWN,5,PHASE_4_COMPLETE,request_generated=False|urgency=NONE|requirements=0|priority_areas=
21:17:12,1,2,TURN_START,player_nation=Unknown|total_tokens=0|captured_kps=0
21:17:12,1,2,VP_INTELLIGENCE,"vp_status={'vp_own': 0, 'vp_enemy': 0, 'vp_gap': 0, 'turn': 1, 'max_turns': 30}|trend_direction=STABLE|threat_level=LOW|opportunities_count=0|recommendations_count=0"
21:17:12,UNKNOWN,UNKNOWN,SCOUT_IDENTIFICATION,total_units=0|scouts_found=0|scout_ids=
21:17:12,1,2,PHASE1_SUMMARY,total_units=0|scouts_identified=0|scouts_deployed=0|enemies_detected=0|combat_opportunities=0|threat_clusters=0
21:17:12,UNKNOWN,UNKNOWN,SCOUT_IDENTIFICATION,total_units=0|scouts_found=0|scout_ids=
21:17:12,1,2,PHASE1_SUMMARY,total_units=0|scouts_identified=0|scouts_deployed=0|enemies_detected=0|combat_opportunities=0|threat_clusters=0
21:17:12,1,2,PHASE2_SUMMARY,active_plans=0|new_plans=0|executed_plans=0|aborted_plans=0
21:17:12,1,2,TURN_START,player_nation=Polska|total_units=0|available_units=0
21:17:12,1,2,PHASE3_SUMMARY,defenders_assigned=0|kps_covered=0|pe_secure=True|threat_level=0.0|active_plans=0
21:17:12,UNKNOWN,UNKNOWN,SCOUT_IDENTIFICATION,total_units=0|scouts_found=0|scout_ids=
21:17:12,1,2,PHASE1_SUMMARY,total_units=0|scouts_identified=0|scouts_deployed=0|enemies_detected=0|combat_opportunities=0|threat_clusters=0
21:17:12,UNKNOWN,UNKNOWN,SCOUT_IDENTIFICATION,total_units=0|scouts_found=0|scout_ids=
21:17:12,1,2,PHASE1_SUMMARY,total_units=0|scouts_identified=0|scouts_deployed=0|enemies_detected=0|combat_opportunities=0|threat_clusters=0
21:17:12,1,2,PHASE2_SUMMARY,active_plans=0|new_plans=0|executed_plans=0|aborted_plans=0
21:17:12,1,2,TURN_START,player_nation=Polska|total_units=0|available_units=0
21:17:12,1,2,PHASE3_SUMMARY,defenders_assigned=0|kps_covered=0|pe_secure=True|threat_level=0.0|active_plans=0
21:17:12,UNKNOWN,2,PHASE_4_COMPLETE,request_generated=False|urgency=NONE|requirements=0|priority_areas=
21:17:12,1,5,TURN_START,player_nation=Unknown|total_tokens=0|captured_kps=0
21:17:12,1,5,VP_INTELLIGENCE,"vp_status={'vp_own': 0, 'vp_enemy': 0, 'vp_gap': 0, 'turn': 1, 'max_turns': 30}|trend_direction=STABLE|threat_level=LOW|opportunities_count=0|recommendations_count=0"
21:17:12,UNKNOWN,UNKNOWN,SCOUT_IDENTIFICATION,total_units=0|scouts_found=0|scout_ids=
21:17:12,1,5,PHASE1_SUMMARY,total_units=0|scouts_identified=0|scouts_deployed=0|enemies_detected=0|combat_opportunities=0|threat_clusters=0
21:17:12,UNKNOWN,UNKNOWN,SCOUT_IDENTIFICATION,total_units=0|scouts_found=0|scout_ids=
21:17:12,1,5,PHASE1_SUMMARY,total_units=0|scouts_identified=0|scouts_deployed=0|enemies_detected=0|combat_opportunities=0|threat_clusters=0
21:17:12,1,5,PHASE2_SUMMARY,active_plans=0|new_plans=0|executed_plans=0|aborted_plans=0
21:17:12,1,5,TURN_START,player_nation=Niemcy|total_units=0|available_units=0
21:17:12,1,5,PHASE3_SUMMARY,defenders_assigned=0|kps_covered=0|pe_secure=True|threat_level=0.0|active_plans=0
21:17:12,UNKNOWN,UNKNOWN,SCOUT_IDENTIFICATION,total_units=0|scouts_found=0|scout_ids=
21:17:12,1,5,PHASE1_SUMMARY,total_units=0|scouts_identified=0|scouts_deployed=0|enemies_detected=0|combat_opportunities=0|threat_clusters=0
21:17:12,UNKNOWN,UNKNOWN,SCOUT_IDENTIFICATION,total_units=0|scouts_found=0|scout_ids=
21:17:12,1,5,PHASE1_SUMMARY,total_units=0|scouts_identified=0|scouts_deployed=0|enemies_detected=0|combat_opportunities=0|threat_clusters=0
21:17:12,1,5,PHASE2_SUMMARY,active_plans=0|new_plans=0|executed_plans=0|aborted_plans=0
21:17:12,1,5,TURN_START,player_nation=Niemcy|total_units=0|available_units=0
21:17:12,1,5,PHASE3_SUMMARY,defenders_assigned=0|kps_covered=0|pe_secure=True|threat_level=0.0|active_plans=0
21:17:12,UNKNOWN,5,PHASE_4_COMPLETE,request_generated=False|urgency=NONE|requirements=0|priority_areas=
21:17:12,1,2,TURN_START,player_nation=Unknown|total_tokens=0|captured_kps=0
21:17:12,1,2,VP_INTELLIGENCE,"vp_status={'vp_own': 0, 'vp_enemy': 0, 'vp_gap': 0, 'turn': 1, 'max_turns': 30}|trend_direction=STABLE|threat_level=LOW|opportunities_count=0|recommendations_count=0"
21:17:12,UNKNOWN,UNKNOWN,SCOUT_IDENTIFICATION,total_units=0|scouts_found=0|scout_ids=
21:17:12,1,2,PHASE1_SUMMARY,total_units=0|scouts_identified=0|scouts_deployed=0|enemies_detected=0|combat_opportunities=0|threat_clusters=0
21:17:12,UNKNOWN,UNKNOWN,SCOUT_IDENTIFICATION,total_units=0|scouts_found=0|scout_ids=
21:17:12,1,2,PHASE1_SUMMARY,total_units=0|scouts_identified=0|scouts_deployed=0|enemies_detected=0|combat_opportunities=0|threat_clusters=0
21:17:12,1,2,PHASE2_SUMMARY,active_plans=0|new_plans=0|executed_plans=0|aborted_plans=0
21:17:12,1,2,TURN_START,player_nation=Polska|total_units=0|available_units=0
21:17:12,1,2,PHASE3_SUMMARY,defenders_assigned=0|kps_covered=0|pe_secure=True|threat_level=0.0|active_plans=0
21:17:12,UNKNOWN,UNKNOWN,SCOUT_IDENTIFICATION,total_units=0|scouts_found=0|scout_ids=
21:17:12,1,2,PHASE1_SUMMARY,total_units=0|scouts_identified=0|scouts_deployed=0|enemies_detected=0|combat_opportunities=0|threat_clusters=0
21:17:12,UNKNOWN,UNKNOWN,SCOUT_IDENTIFICATION,total_units=0|scouts_found=0|scout_ids=
21:17:12,1,2,PHASE1_SUMMARY,total_units=0|scouts_identified=0|scouts_deployed=0|enemies_detected=0|combat_opportunities=0|threat_clusters=0
21:17:12,1,2,PHASE2_SUMMARY,active_plans=0|new_plans=0|executed_plans=0|aborted_plans=0
21:17:12,1,2,TURN_START,player_nation=Polska|total_units=0|available_units=0
21:17:12,1,2,PHASE3_SUMMARY,defenders_assigned=0|kps_covered=0|pe_secure=True|threat_level=0.0|active_plans=0
21:17:12,UNKNOWN,2,PHASE_4_COMPLETE,request_generated=False|urgency=NONE|requirements=0|priority_areas=
21:17:12,1,5,TURN_START,player_nation=Unknown|total_tokens=0|captured_kps=0
21:17:12,1,5,VP_INTELLIGENCE,"vp_status={'vp_own': 0, 'vp_enemy': 0, 'vp_gap': 0, 'turn': 1, 'max_turns': 30}|trend_direction=STABLE|threat_level=LOW|opportunities_count=0|recommendations_count=0"
21:17:12,UNKNOWN,UNKNOWN,SCOUT_IDENTIFICATION,total_units=0|scouts_found=0|scout_ids=
21:17:12,1,5,PHASE1_SUMMARY,total_units=0|scouts_identified=0|scouts_deployed=0|enemies_detected=0|combat_opportunities=0|threat_clusters=0
21:17:12,UNKNOWN,UNKNOWN,SCOUT_IDENTIFICATION,total_units=0|scouts_found=0|scout_ids=
21:17:12,1,5,PHASE1_SUMMARY,total_units=0|scouts_identified=0|scouts_deployed=0|enemies_detected=0|combat_opportunities=0|threat_clusters=0
21:17:12,1,5,PHASE2_SUMMARY,active_plans=0|new_plans=0|executed_plans=0|aborted_plans=0
21:17:12,1,5,TURN_START,player_nation=Niemcy|total_units=0|available_units=0
21:17:12,1,5,PHASE3_SUMMARY,defenders_assigned=0|kps_covered=0|pe_secure=True|threat_level=0.0|active_plans=0
21:17:12,UNKNOWN,UNKNOWN,SCOUT_IDENTIFICATION,total_units=0|scouts_found=0|scout_ids=
21:17:12,1,5,PHASE1_SUMMARY,total_units=0|scouts_identified=0|scouts_deployed=0|enemies_detected=0|combat_opportunities=0|threat_clusters=0
21:17:12,UNKNOWN,UNKNOWN,SCOUT_IDENTIFICATION,total_units=0|scouts_found=0|scout_ids=
21:17:12,1,5,PHASE1_SUMMARY,total_units=0|scouts_identified=0|scouts_deployed=0|enemies_detected=0|combat_opportunities=0|threat_clusters=0
21:17:12,1,5,PHASE2_SUMMARY,active_plans=0|new_plans=0|executed_plans=0|aborted_plans=0
21:17:12,1,5,TURN_START,player_nation=Niemcy|total_units=0|available_units=0
21:17:12,1,5,PHASE3_SUMMARY,defenders_assigned=0|kps_covered=0|pe_secure=True|threat_level=0.0|active_plans=0
21:17:12,UNKNOWN,5,PHASE_4_COMPLETE,request_generated=False|urgency=NONE|requirements=0|priority_areas=
21:17:12,1,2,TURN_START,player_nation=Unknown|total_tokens=0|captured_kps=0
21:17:12,1,2,VP_INTELLIGENCE,"vp_status={'vp_own': 0, 'vp_enemy': 0, 'vp_gap': 0, 'turn': 1, 'max_turns': 30}|trend_direction=STABLE|threat_level=LOW|opportunities_count=0|recommendations_count=0"
21:17:12,UNKNOWN,UNKNOWN,SCOUT_IDENTIFICATION,total_units=0|scouts_found=0|scout_ids=
21:17:12,1,2,PHASE1_SUMMARY,total_units=0|scouts_identified=0|scouts_deployed=0|enemies_detected=0|combat_opportunities=0|threat_clusters=0
21:17:12,UNKNOWN,UNKNOWN,SCOUT_IDENTIFICATION,total_units=0|scouts_found=0|scout_ids=
21:17:12,1,2,PHASE1_SUMMARY,total_units=0|scouts_identified=0|scouts_deployed=0|enemies_detected=0|combat_opportunities=0|threat_clusters=0
21:17:12,1,2,PHASE2_SUMMARY,active_plans=0|new_plans=0|executed_plans=0|aborted_plans=0
21:17:12,1,2,TURN_START,player_nation=Polska|total_units=0|available_units=0
21:17:12,1,2,PHASE3_SUMMARY,defenders_assigned=0|kps_covered=0|pe_secure=True|threat_level=0.0|active_plans=0
21:17:12,UNKNOWN,UNKNOWN,SCOUT_IDENTIFICATION,total_units=0|scouts_found=0|scout_ids=
21:17:12,1,2,PHASE1_SUMMARY,total_units=0|scouts_identified=0|scouts_deployed=0|enemies_detected=0|combat_opportunities=0|threat_clusters=0
21:17:12,UNKNOWN,UNKNOWN,SCOUT_IDENTIFICATION,total_units=0|scouts_found=0|scout_ids=
21:17:12,1,2,PHASE1_SUMMARY,total_units=0|scouts_identified=0|scouts_deployed=0|enemies_detected=0|combat_opportunities=0|threat_clusters=0
21:17:12,1,2,PHASE2_SUMMARY,active_plans=0|new_plans=0|executed_plans=0|aborted_plans=0
21:17:12,1,2,TURN_START,player_nation=Polska|total_units=0|available_units=0
21:17:12,1,2,PHASE3_SUMMARY,defenders_assigned=0|kps_covered=0|pe_secure=True|threat_level=0.0|active_plans=0
21:17:12,UNKNOWN,2,PHASE_4_COMPLETE,request_generated=False|urgency=NONE|requirements=0|priority_areas=
21:17:12,1,5,TURN_START,player_nation=Unknown|total_tokens=0|captured_kps=0
21:17:12,1,5,VP_INTELLIGENCE,"vp_status={'vp_own': 0, 'vp_enemy': 0, 'vp_gap': 0, 'turn': 1, 'max_turns': 30}|trend_direction=STABLE|threat_level=LOW|opportunities_count=0|recommendations_count=0"
21:17:12,UNKNOWN,UNKNOWN,SCOUT_IDENTIFICATION,total_units=0|scouts_found=0|scout_ids=
21:17:12,1,5,PHASE1_SUMMARY,total_units=0|scouts_identified=0|scouts_deployed=0|enemies_detected=0|combat_opportunities=0|threat_clusters=0
21:17:12,UNKNOWN,UNKNOWN,SCOUT_IDENTIFICATION,total_units=0|scouts_found=0|scout_ids=
21:17:12,1,5,PHASE1_SUMMARY,total_units=0|scouts_identified=0|scouts_deployed=0|enemies_detected=0|combat_opportunities=0|threat_clusters=0
21:17:12,1,5,PHASE2_SUMMARY,active_plans=0|new_plans=0|executed_plans=0|aborted_plans=0
21:17:12,1,5,TURN_START,player_nation=Niemcy|total_units=0|available_units=0
21:17:12,1,5,PHASE3_SUMMARY,defenders_assigned=0|kps_covered=0|pe_secure=True|threat_level=0.0|active_plans=0
21:17:12,UNKNOWN,UNKNOWN,SCOUT_IDENTIFICATION,total_units=0|scouts_found=0|scout_ids=
21:17:12,1,5,PHASE1_SUMMARY,total_units=0|scouts_identified=0|scouts_deployed=0|enemies_detected=0|combat_opportunities=0|threat_clusters=0
21:17:12,UNKNOWN,UNKNOWN,SCOUT_IDENTIFICATION,total_units=0|scouts_found=0|scout_ids=
21:17:12,1,5,PHASE1_SUMMARY,total_units=0|scouts_identified=0|scouts_deployed=0|enemies_detected=0|combat_opportunities=0|threat_clusters=0
21:17:12,1,5,PHASE2_SUMMARY,active_plans=0|new_plans=0|executed_plans=0|aborted_plans=0
21:17:12,1,5,TURN_START,player_nation=Niemcy|total_units=0|available_units=0
21:17:12,1,5,PHASE3_SUMMARY,defenders_assigned=0|kps_covered=0|pe_secure=True|threat_level=0.0|active_plans=0
21:17:12,UNKNOWN,5,PHASE_4_COMPLETE,request_generated=False|urgency=NONE|requirements=0|priority_areas=
21:17:12,1,2,TURN_START,player_nation=Unknown|total_tokens=0|captured_kps=0
21:17:12,1,2,VP_INTELLIGENCE,"vp_status={'vp_own': 0, 'vp_enemy': 0, 'vp_gap': 0, 'turn': 1, 'max_turns': 30}|trend_direction=STABLE|threat_level=LOW|opportunities_count=0|recommendations_count=0"
21:17:12,UNKNOWN,UNKNOWN,SCOUT_IDENTIFICATION,total_units=0|scouts_found=0|scout_ids=
21:17:12,1,2,PHASE1_SUMMARY,total_units=0|scouts_identified=0|scouts_deployed=0|enemies_detected=0|combat_opportunities=0|threat_clusters=0
21:17:12,UNKNOWN,UNKNOWN,SCOUT_IDENTIFICATION,total_units=0|scouts_found=0|scout_ids=
21:17:12,1,2,PHASE1_SUMMARY,total_units=0|scouts_identified=0|scouts_deployed=0|enemies_detected=0|combat_opportunities=0|threat_clusters=0
21:17:12,1,2,PHASE2_SUMMARY,active_plans=0|new_plans=0|executed_plans=0|aborted_plans=0
21:17:12,1,2,TURN_START,player_nation=Polska|total_units=0|available_units=0
21:17:12,1,2,PHASE3_SUMMARY,defenders_assigned=0|kps_covered=0|pe_secure=True|threat_level=0.0|active_plans=0
21:17:12,UNKNOWN,UNKNOWN,SCOUT_IDENTIFICATION,total_units=0|scouts_found=0|scout_ids=
21:17:12,1,2,PHASE1_SUMMARY,total_units=0|scouts_identified=0|scouts_deployed=0|enemies_detected=0|combat_opportunities=0|threat_clusters=0
21:17:12,UNKNOWN,UNKNOWN,SCOUT_IDENTIFICATION,total_units=0|scouts_found=0|scout_ids=
21:17:12,1,2,PHASE1_SUMMARY,total_units=0|scouts_identified=0|scouts_deployed=0|enemies_detected=0|combat_opportunities=0|threat_clusters=0
21:17:12,1,2,PHASE2_SUMMARY,active_plans=0|new_plans=0|executed_plans=0|aborted_plans=0
21:17:12,1,2,TURN_START,player_nation=Polska|total_units=0|available_units=0
21:17:12,1,2,PHASE3_SUMMARY,defenders_assigned=0|kps_covered=0|pe_secure=True|threat_level=0.0|active_plans=0
21:17:12,UNKNOWN,2,PHASE_4_COMPLETE,request_generated=False|urgency=NONE|requirements=0|priority_areas=
21:17:12,1,5,TURN_START,player_nation=Unknown|total_tokens=0|captured_kps=0
21:17:12,1,5,VP_INTELLIGENCE,"vp_status={'vp_own': 0, 'vp_enemy': 0, 'vp_gap': 0, 'turn': 1, 'max_turns': 30}|trend_direction=STABLE|threat_level=LOW|opportunities_count=0|recommendations_count=0"
21:17:12,UNKNOWN,UNKNOWN,SCOUT_IDENTIFICATION,total_units=0|scouts_found=0|scout_ids=
21:17:12,1,5,PHASE1_SUMMARY,total_units=0|scouts_identified=0|scouts_deployed=0|enemies_detected=0|combat_opportunities=0|threat_clusters=0
21:17:12,UNKNOWN,UNKNOWN,SCOUT_IDENTIFICATION,total_units=0|scouts_found=0|scout_ids=
21:17:12,1,5,PHASE1_SUMMARY,total_units=0|scouts_identified=0|scouts_deployed=0|enemies_detected=0|combat_opportunities=0|threat_clusters=0
21:17:12,1,5,PHASE2_SUMMARY,active_plans=0|new_plans=0|executed_plans=0|aborted_plans=0
21:17:12,1,5,TURN_START,player_nation=Niemcy|total_units=0|available_units=0
21:17:12,1,5,PHASE3_SUMMARY,defenders_assigned=0|kps_covered=0|pe_secure=True|threat_level=0.0|active_plans=0
21:17:12,UNKNOWN,UNKNOWN,SCOUT_IDENTIFICATION,total_units=0|scouts_found=0|scout_ids=
21:17:12,1,5,PHASE1_SUMMARY,total_units=0|scouts_identified=0|scouts_deployed=0|enemies_detected=0|combat_opportunities=0|threat_clusters=0
21:17:12,UNKNOWN,UNKNOWN,SCOUT_IDENTIFICATION,total_units=0|scouts_found=0|scout_ids=
21:17:12,1,5,PHASE1_SUMMARY,total_units=0|scouts_identified=0|scouts_deployed=0|enemies_detected=0|combat_opportunities=0|threat_clusters=0
21:17:12,1,5,PHASE2_SUMMARY,active_plans=0|new_plans=0|executed_plans=0|aborted_plans=0
21:17:12,1,5,TURN_START,player_nation=Niemcy|total_units=0|available_units=0
21:17:12,1,5,PHASE3_SUMMARY,defenders_assigned=0|kps_covered=0|pe_secure=True|threat_level=0.0|active_plans=0
21:17:12,UNKNOWN,5,PHASE_4_COMPLETE,request_generated=False|urgency=NONE|requirements=0|priority_areas=
21:17:12,1,2,TURN_START,player_nation=Unknown|total_tokens=0|captured_kps=0
21:17:12,1,2,VP_INTELLIGENCE,"vp_status={'vp_own': 0, 'vp_enemy': 0, 'vp_gap': 0, 'turn': 1, 'max_turns': 30}|trend_direction=STABLE|threat_level=LOW|opportunities_count=0|recommendations_count=0"
21:17:12,UNKNOWN,UNKNOWN,SCOUT_IDENTIFICATION,total_units=0|scouts_found=0|scout_ids=
21:17:12,1,2,PHASE1_SUMMARY,total_units=0|scouts_identified=0|scouts_deployed=0|enemies_detected=0|combat_opportunities=0|threat_clusters=0
21:17:12,UNKNOWN,UNKNOWN,SCOUT_IDENTIFICATION,total_units=0|scouts_found=0|scout_ids=
21:17:12,1,2,PHASE1_SUMMARY,total_units=0|scouts_identified=0|scouts_deployed=0|enemies_detected=0|combat_opportunities=0|threat_clusters=0
21:17:12,1,2,PHASE2_SUMMARY,active_plans=0|new_plans=0|executed_plans=0|aborted_plans=0
21:17:12,1,2,TURN_START,player_nation=Polska|total_units=0|available_units=0
21:17:12,1,2,PHASE3_SUMMARY,defenders_assigned=0|kps_covered=0|pe_secure=True|threat_level=0.0|active_plans=0
21:17:12,UNKNOWN,UNKNOWN,SCOUT_IDENTIFICATION,total_units=0|scouts_found=0|scout_ids=
21:17:12,1,2,PHASE1_SUMMARY,total_units=0|scouts_identified=0|scouts_deployed=0|enemies_detected=0|combat_opportunities=0|threat_clusters=0
21:17:12,UNKNOWN,UNKNOWN,SCOUT_IDENTIFICATION,total_units=0|scouts_found=0|scout_ids=
21:17:12,1,2,PHASE1_SUMMARY,total_units=0|scouts_identified=0|scouts_deployed=0|enemies_detected=0|combat_opportunities=0|threat_clusters=0
21:17:12,1,2,PHASE2_SUMMARY,active_plans=0|new_plans=0|executed_plans=0|aborted_plans=0
21:17:12,1,2,TURN_START,player_nation=Polska|total_units=0|available_units=0
21:17:12,1,2,PHASE3_SUMMARY,defenders_assigned=0|kps_covered=0|pe_secure=True|threat_level=0.0|active_plans=0
21:17:12,UNKNOWN,2,PHASE_4_COMPLETE,request_generated=False|urgency=NONE|requirements=0|priority_areas=
21:17:12,1,5,TURN_START,player_nation=Unknown|total_tokens=0|captured_kps=0
21:17:12,1,5,VP_INTELLIGENCE,"vp_status={'vp_own': 0, 'vp_enemy': 0, 'vp_gap': 0, 'turn': 1, 'max_turns': 30}|trend_direction=STABLE|threat_level=LOW|opportunities_count=0|recommendations_count=0"
21:17:12,UNKNOWN,UNKNOWN,SCOUT_IDENTIFICATION,total_units=0|scouts_found=0|scout_ids=
21:17:12,1,5,PHASE1_SUMMARY,total_units=0|scouts_identified=0|scouts_deployed=0|enemies_detected=0|combat_opportunities=0|threat_clusters=0
21:17:12,UNKNOWN,UNKNOWN,SCOUT_IDENTIFICATION,total_units=0|scouts_found=0|scout_ids=
21:17:12,1,5,PHASE1_SUMMARY,total_units=0|scouts_identified=0|scouts_deployed=0|enemies_detected=0|combat_opportunities=0|threat_clusters=0
21:17:12,1,5,PHASE2_SUMMARY,active_plans=0|new_plans=0|executed_plans=0|aborted_plans=0
21:17:12,1,5,TURN_START,player_nation=Niemcy|total_units=0|available_units=0
21:17:12,1,5,PHASE3_SUMMARY,defenders_assigned=0|kps_covered=0|pe_secure=True|threat_level=0.0|active_plans=0
21:17:12,UNKNOWN,UNKNOWN,SCOUT_IDENTIFICATION,total_units=0|scouts_found=0|scout_ids=
21:17:12,1,5,PHASE1_SUMMARY,total_units=0|scouts_identified=0|scouts_deployed=0|enemies_detected=0|combat_opportunities=0|threat_clusters=0
21:17:12,UNKNOWN,UNKNOWN,SCOUT_IDENTIFICATION,total_units=0|scouts_found=0|scout_ids=
21:17:12,1,5,PHASE1_SUMMARY,total_units=0|scouts_identified=0|scouts_deployed=0|enemies_detected=0|combat_opportunities=0|threat_clusters=0
21:17:12,1,5,PHASE2_SUMMARY,active_plans=0|new_plans=0|executed_plans=0|aborted_plans=0
21:17:12,1,5,TURN_START,player_nation=Niemcy|total_units=0|available_units=0
21:17:12,1,5,PHASE3_SUMMARY,defenders_assigned=0|kps_covered=0|pe_secure=True|threat_level=0.0|active_plans=0
21:17:12,UNKNOWN,5,PHASE_4_COMPLETE,request_generated=False|urgency=NONE|requirements=0|priority_areas=
21:17:12,1,2,TURN_START,player_nation=Unknown|total_tokens=0|captured_kps=0
21:17:12,1,2,VP_INTELLIGENCE,"vp_status={'vp_own': 0, 'vp_enemy': 0, 'vp_gap': 0, 'turn': 1, 'max_turns': 30}|trend_direction=STABLE|threat_level=LOW|opportunities_count=0|recommendations_count=0"
21:17:12,UNKNOWN,UNKNOWN,SCOUT_IDENTIFICATION,total_units=0|scouts_found=0|scout_ids=
21:17:12,1,2,PHASE1_SUMMARY,total_units=0|scouts_identified=0|scouts_deployed=0|enemies_detected=0|combat_opportunities=0|threat_clusters=0
21:17:12,UNKNOWN,UNKNOWN,SCOUT_IDENTIFICATION,total_units=0|scouts_found=0|scout_ids=
21:17:12,1,2,PHASE1_SUMMARY,total_units=0|scouts_identified=0|scouts_deployed=0|enemies_detected=0|combat_opportunities=0|threat_clusters=0
21:17:12,1,2,PHASE2_SUMMARY,active_plans=0|new_plans=0|executed_plans=0|aborted_plans=0
21:17:12,1,2,TURN_START,player_nation=Polska|total_units=0|available_units=0
21:17:12,1,2,PHASE3_SUMMARY,defenders_assigned=0|kps_covered=0|pe_secure=True|threat_level=0.0|active_plans=0
21:17:12,UNKNOWN,UNKNOWN,SCOUT_IDENTIFICATION,total_units=0|scouts_found=0|scout_ids=
21:17:12,1,2,PHASE1_SUMMARY,total_units=0|scouts_identified=0|scouts_deployed=0|enemies_detected=0|combat_opportunities=0|threat_clusters=0
21:17:12,UNKNOWN,UNKNOWN,SCOUT_IDENTIFICATION,total_units=0|scouts_found=0|scout_ids=
21:17:12,1,2,PHASE1_SUMMARY,total_units=0|scouts_identified=0|scouts_deployed=0|enemies_detected=0|combat_opportunities=0|threat_clusters=0
21:17:12,1,2,PHASE2_SUMMARY,active_plans=0|new_plans=0|executed_plans=0|aborted_plans=0
21:17:12,1,2,TURN_START,player_nation=Polska|total_units=0|available_units=0
21:17:12,1,2,PHASE3_SUMMARY,defenders_assigned=0|kps_covered=0|pe_secure=True|threat_level=0.0|active_plans=0
21:17:12,UNKNOWN,2,PHASE_4_COMPLETE,request_generated=False|urgency=NONE|requirements=0|priority_areas=
21:17:12,1,5,TURN_START,player_nation=Unknown|total_tokens=0|captured_kps=0
21:17:12,1,5,VP_INTELLIGENCE,"vp_status={'vp_own': 0, 'vp_enemy': 0, 'vp_gap': 0, 'turn': 1, 'max_turns': 30}|trend_direction=STABLE|threat_level=LOW|opportunities_count=0|recommendations_count=0"
21:17:12,UNKNOWN,UNKNOWN,SCOUT_IDENTIFICATION,total_units=0|scouts_found=0|scout_ids=
21:17:12,1,5,PHASE1_SUMMARY,total_units=0|scouts_identified=0|scouts_deployed=0|enemies_detected=0|combat_opportunities=0|threat_clusters=0
21:17:12,UNKNOWN,UNKNOWN,SCOUT_IDENTIFICATION,total_units=0|scouts_found=0|scout_ids=
21:17:12,1,5,PHASE1_SUMMARY,total_units=0|scouts_identified=0|scouts_deployed=0|enemies_detected=0|combat_opportunities=0|threat_clusters=0
21:17:12,1,5,PHASE2_SUMMARY,active_plans=0|new_plans=0|executed_plans=0|aborted_plans=0
21:17:12,1,5,TURN_START,player_nation=Niemcy|total_units=0|available_units=0
21:17:12,1,5,PHASE3_SUMMARY,defenders_assigned=0|kps_covered=0|pe_secure=True|threat_level=0.0|active_plans=0
21:17:12,UNKNOWN,UNKNOWN,SCOUT_IDENTIFICATION,total_units=0|scouts_found=0|scout_ids=
21:17:12,1,5,PHASE1_SUMMARY,total_units=0|scouts_identified=0|scouts_deployed=0|enemies_detected=0|combat_opportunities=0|threat_clusters=0
21:17:12,UNKNOWN,UNKNOWN,SCOUT_IDENTIFICATION,total_units=0|scouts_found=0|scout_ids=
21:17:12,1,5,PHASE1_SUMMARY,total_units=0|scouts_identified=0|scouts_deployed=0|enemies_detected=0|combat_opportunities=0|threat_clusters=0
21:17:12,1,5,PHASE2_SUMMARY,active_plans=0|new_plans=0|executed_plans=0|aborted_plans=0
21:17:12,1,5,TURN_START,player_nation=Niemcy|total_units=0|available_units=0
21:17:12,1,5,PHASE3_SUMMARY,defenders_assigned=0|kps_covered=0|pe_secure=True|threat_level=0.0|active_plans=0
21:17:12,UNKNOWN,5,PHASE_4_COMPLETE,request_generated=False|urgency=NONE|requirements=0|priority_areas=
21:17:12,1,2,TURN_START,player_nation=Unknown|total_tokens=0|captured_kps=0
21:17:12,1,2,VP_INTELLIGENCE,"vp_status={'vp_own': 0, 'vp_enemy': 0, 'vp_gap': 0, 'turn': 1, 'max_turns': 30}|trend_direction=STABLE|threat_level=LOW|opportunities_count=0|recommendations_count=0"
21:17:12,UNKNOWN,UNKNOWN,SCOUT_IDENTIFICATION,total_units=0|scouts_found=0|scout_ids=
21:17:12,1,2,PHASE1_SUMMARY,total_units=0|scouts_identified=0|scouts_deployed=0|enemies_detected=0|combat_opportunities=0|threat_clusters=0
21:17:12,UNKNOWN,UNKNOWN,SCOUT_IDENTIFICATION,total_units=0|scouts_found=0|scout_ids=
21:17:12,1,2,PHASE1_SUMMARY,total_units=0|scouts_identified=0|scouts_deployed=0|enemies_detected=0|combat_opportunities=0|threat_clusters=0
21:17:12,1,2,PHASE2_SUMMARY,active_plans=0|new_plans=0|executed_plans=0|aborted_plans=0
21:17:12,1,2,TURN_START,player_nation=Polska|total_units=0|available_units=0
21:17:12,1,2,PHASE3_SUMMARY,defenders_assigned=0|kps_covered=0|pe_secure=True|threat_level=0.0|active_plans=0
21:17:12,UNKNOWN,UNKNOWN,SCOUT_IDENTIFICATION,total_units=0|scouts_found=0|scout_ids=
21:17:12,1,2,PHASE1_SUMMARY,total_units=0|scouts_identified=0|scouts_deployed=0|enemies_detected=0|combat_opportunities=0|threat_clusters=0
21:17:12,UNKNOWN,UNKNOWN,SCOUT_IDENTIFICATION,total_units=0|scouts_found=0|scout_ids=
21:17:12,1,2,PHASE1_SUMMARY,total_units=0|scouts_identified=0|scouts_deployed=0|enemies_detected=0|combat_opportunities=0|threat_clusters=0
21:17:12,1,2,PHASE2_SUMMARY,active_plans=0|new_plans=0|executed_plans=0|aborted_plans=0
21:17:12,1,2,TURN_START,player_nation=Polska|total_units=0|available_units=0
21:17:12,1,2,PHASE3_SUMMARY,defenders_assigned=0|kps_covered=0|pe_secure=True|threat_level=0.0|active_plans=0
21:17:12,UNKNOWN,2,PHASE_4_COMPLETE,request_generated=False|urgency=NONE|requirements=0|priority_areas=
21:17:12,1,5,TURN_START,player_nation=Unknown|total_tokens=0|captured_kps=0
21:17:12,1,5,VP_INTELLIGENCE,"vp_status={'vp_own': 0, 'vp_enemy': 0, 'vp_gap': 0, 'turn': 1, 'max_turns': 30}|trend_direction=STABLE|threat_level=LOW|opportunities_count=0|recommendations_count=0"
21:17:12,UNKNOWN,UNKNOWN,SCOUT_IDENTIFICATION,total_units=0|scouts_found=0|scout_ids=
21:17:12,1,5,PHASE1_SUMMARY,total_units=0|scouts_identified=0|scouts_deployed=0|enemies_detected=0|combat_opportunities=0|threat_clusters=0
21:17:12,UNKNOWN,UNKNOWN,SCOUT_IDENTIFICATION,total_units=0|scouts_found=0|scout_ids=
21:17:12,1,5,PHASE1_SUMMARY,total_units=0|scouts_identified=0|scouts_deployed=0|enemies_detected=0|combat_opportunities=0|threat_clusters=0
21:17:12,1,5,PHASE2_SUMMARY,active_plans=0|new_plans=0|executed_plans=0|aborted_plans=0
21:17:12,1,5,TURN_START,player_nation=Niemcy|total_units=0|available_units=0
21:17:12,1,5,PHASE3_SUMMARY,defenders_assigned=0|kps_covered=0|pe_secure=True|threat_level=0.0|active_plans=0
21:17:12,UNKNOWN,UNKNOWN,SCOUT_IDENTIFICATION,total_units=0|scouts_found=0|scout_ids=
21:17:12,1,5,PHASE1_SUMMARY,total_units=0|scouts_identified=0|scouts_deployed=0|enemies_detected=0|combat_opportunities=0|threat_clusters=0
21:17:12,UNKNOWN,UNKNOWN,SCOUT_IDENTIFICATION,total_units=0|scouts_found=0|scout_ids=
21:17:12,1,5,PHASE1_SUMMARY,total_units=0|scouts_identified=0|scouts_deployed=0|enemies_detected=0|combat_opportunities=0|threat_clusters=0
21:17:12,1,5,PHASE2_SUMMARY,active_plans=0|new_plans=0|executed_plans=0|aborted_plans=0
21:17:12,1,5,TURN_START,player_nation=Niemcy|total_units=0|available_units=0
21:17:12,1,5,PHASE3_SUMMARY,defenders_assigned=0|kps_covered=0|pe_secure=True|threat_level=0.0|active_plans=0
21:17:12,UNKNOWN,5,PHASE_4_COMPLETE,request_generated=False|urgency=NONE|requirements=0|priority_areas=
21:17:12,1,2,TURN_START,player_nation=Unknown|total_tokens=0|captured_kps=0
21:17:12,1,2,VP_INTELLIGENCE,"vp_status={'vp_own': 0, 'vp_enemy': 0, 'vp_gap': 0, 'turn': 1, 'max_turns': 30}|trend_direction=STABLE|threat_level=LOW|opportunities_count=0|recommendations_count=0"
21:17:12,UNKNOWN,UNKNOWN,SCOUT_IDENTIFICATION,total_units=0|scouts_found=0|scout_ids=
21:17:12,1,2,PHASE1_SUMMARY,total_units=0|scouts_identified=0|scouts_deployed=0|enemies_detected=0|combat_opportunities=0|threat_clusters=0
21:17:12,UNKNOWN,UNKNOWN,SCOUT_IDENTIFICATION,total_units=0|scouts_found=0|scout_ids=
21:17:12,1,2,PHASE1_SUMMARY,total_units=0|scouts_identified=0|scouts_deployed=0|enemies_detected=0|combat_opportunities=0|threat_clusters=0
21:17:12,1,2,PHASE2_SUMMARY,active_plans=0|new_plans=0|executed_plans=0|aborted_plans=0
21:17:12,1,2,TURN_START,player_nation=Polska|total_units=0|available_units=0
21:17:12,1,2,PHASE3_SUMMARY,defenders_assigned=0|kps_covered=0|pe_secure=True|threat_level=0.0|active_plans=0
21:17:12,UNKNOWN,UNKNOWN,SCOUT_IDENTIFICATION,total_units=0|scouts_found=0|scout_ids=
21:17:12,1,2,PHASE1_SUMMARY,total_units=0|scouts_identified=0|scouts_deployed=0|enemies_detected=0|combat_opportunities=0|threat_clusters=0
21:17:12,UNKNOWN,UNKNOWN,SCOUT_IDENTIFICATION,total_units=0|scouts_found=0|scout_ids=
21:17:12,1,2,PHASE1_SUMMARY,total_units=0|scouts_identified=0|scouts_deployed=0|enemies_detected=0|combat_opportunities=0|threat_clusters=0
21:17:12,1,2,PHASE2_SUMMARY,active_plans=0|new_plans=0|executed_plans=0|aborted_plans=0
21:17:12,1,2,TURN_START,player_nation=Polska|total_units=0|available_units=0
21:17:12,1,2,PHASE3_SUMMARY,defenders_assigned=0|kps_covered=0|pe_secure=True|threat_level=0.0|active_plans=0
21:17:12,UNKNOWN,2,PHASE_4_COMPLETE,request_generated=False|urgency=NONE|requirements=0|priority_areas=
21:17:12,1,5,TURN_START,player_nation=Unknown|total_tokens=0|captured_kps=0
21:17:12,1,5,VP_INTELLIGENCE,"vp_status={'vp_own': 0, 'vp_enemy': 0, 'vp_gap': 0, 'turn': 1, 'max_turns': 30}|trend_direction=STABLE|threat_level=LOW|opportunities_count=0|recommendations_count=0"
21:17:12,UNKNOWN,UNKNOWN,SCOUT_IDENTIFICATION,total_units=0|scouts_found=0|scout_ids=
21:17:12,1,5,PHASE1_SUMMARY,total_units=0|scouts_identified=0|scouts_deployed=0|enemies_detected=0|combat_opportunities=0|threat_clusters=0
21:17:12,UNKNOWN,UNKNOWN,SCOUT_IDENTIFICATION,total_units=0|scouts_found=0|scout_ids=
21:17:12,1,5,PHASE1_SUMMARY,total_units=0|scouts_identified=0|scouts_deployed=0|enemies_detected=0|combat_opportunities=0|threat_clusters=0
21:17:12,1,5,PHASE2_SUMMARY,active_plans=0|new_plans=0|executed_plans=0|aborted_plans=0
21:17:12,1,5,TURN_START,player_nation=Niemcy|total_units=0|available_units=0
21:17:12,1,5,PHASE3_SUMMARY,defenders_assigned=0|kps_covered=0|pe_secure=True|threat_level=0.0|active_plans=0
21:17:12,UNKNOWN,UNKNOWN,SCOUT_IDENTIFICATION,total_units=0|scouts_found=0|scout_ids=
21:17:12,1,5,PHASE1_SUMMARY,total_units=0|scouts_identified=0|scouts_deployed=0|enemies_detected=0|combat_opportunities=0|threat_clusters=0
21:17:12,UNKNOWN,UNKNOWN,SCOUT_IDENTIFICATION,total_units=0|scouts_found=0|scout_ids=
21:17:12,1,5,PHASE1_SUMMARY,total_units=0|scouts_identified=0|scouts_deployed=0|enemies_detected=0|combat_opportunities=0|threat_clusters=0
21:17:12,1,5,PHASE2_SUMMARY,active_plans=0|new_plans=0|executed_plans=0|aborted_plans=0
21:17:12,1,5,TURN_START,player_nation=Niemcy|total_units=0|available_units=0
21:17:12,1,5,PHASE3_SUMMARY,defenders_assigned=0|kps_covered=0|pe_secure=True|threat_level=0.0|active_plans=0
21:17:12,UNKNOWN,5,PHASE_4_COMPLETE,request_generated=False|urgency=NONE|requirements=0|priority_areas=
21:17:12,1,2,TURN_START,player_nation=Unknown|total_tokens=0|captured_kps=0
21:17:12,1,2,VP_INTELLIGENCE,"vp_status={'vp_own': 0, 'vp_enemy': 0, 'vp_gap': 0, 'turn': 1, 'max_turns': 30}|trend_direction=STABLE|threat_level=LOW|opportunities_count=0|recommendations_count=0"
21:17:12,UNKNOWN,UNKNOWN,SCOUT_IDENTIFICATION,total_units=0|scouts_found=0|scout_ids=
21:17:12,1,2,PHASE1_SUMMARY,total_units=0|scouts_identified=0|scouts_deployed=0|enemies_detected=0|combat_opportunities=0|threat_clusters=0
21:17:12,UNKNOWN,UNKNOWN,SCOUT_IDENTIFICATION,total_units=0|scouts_found=0|scout_ids=
21:17:12,1,2,PHASE1_SUMMARY,total_units=0|scouts_identified=0|scouts_deployed=0|enemies_detected=0|combat_opportunities=0|threat_clusters=0
21:17:12,1,2,PHASE2_SUMMARY,active_plans=0|new_plans=0|executed_plans=0|aborted_plans=0
21:17:12,1,2,TURN_START,player_nation=Polska|total_units=0|available_units=0
21:17:12,1,2,PHASE3_SUMMARY,defenders_assigned=0|kps_covered=0|pe_secure=True|threat_level=0.0|active_plans=0
21:17:12,UNKNOWN,UNKNOWN,SCOUT_IDENTIFICATION,total_units=0|scouts_found=0|scout_ids=
21:17:12,1,2,PHASE1_SUMMARY,total_units=0|scouts_identified=0|scouts_deployed=0|enemies_detected=0|combat_opportunities=0|threat_clusters=0
21:17:12,UNKNOWN,UNKNOWN,SCOUT_IDENTIFICATION,total_units=0|scouts_found=0|scout_ids=
21:17:12,1,2,PHASE1_SUMMARY,total_units=0|scouts_identified=0|scouts_deployed=0|enemies_detected=0|combat_opportunities=0|threat_clusters=0
21:17:12,1,2,PHASE2_SUMMARY,active_plans=0|new_plans=0|executed_plans=0|aborted_plans=0
21:17:12,1,2,TURN_START,player_nation=Polska|total_units=0|available_units=0
21:17:12,1,2,PHASE3_SUMMARY,defenders_assigned=0|kps_covered=0|pe_secure=True|threat_level=0.0|active_plans=0
21:17:12,UNKNOWN,2,PHASE_4_COMPLETE,request_generated=False|urgency=NONE|requirements=0|priority_areas=
21:17:12,1,5,TURN_START,player_nation=Unknown|total_tokens=0|captured_kps=0
21:17:12,1,5,VP_INTELLIGENCE,"vp_status={'vp_own': 0, 'vp_enemy': 0, 'vp_gap': 0, 'turn': 1, 'max_turns': 30}|trend_direction=STABLE|threat_level=LOW|opportunities_count=0|recommendations_count=0"
21:17:12,UNKNOWN,UNKNOWN,SCOUT_IDENTIFICATION,total_units=0|scouts_found=0|scout_ids=
21:17:12,1,5,PHASE1_SUMMARY,total_units=0|scouts_identified=0|scouts_deployed=0|enemies_detected=0|combat_opportunities=0|threat_clusters=0
21:17:12,UNKNOWN,UNKNOWN,SCOUT_IDENTIFICATION,total_units=0|scouts_found=0|scout_ids=
21:17:12,1,5,PHASE1_SUMMARY,total_units=0|scouts_identified=0|scouts_deployed=0|enemies_detected=0|combat_opportunities=0|threat_clusters=0
21:17:12,1,5,PHASE2_SUMMARY,active_plans=0|new_plans=0|executed_plans=0|aborted_plans=0
21:17:12,1,5,TURN_START,player_nation=Niemcy|total_units=0|available_units=0
21:17:12,1,5,PHASE3_SUMMARY,defenders_assigned=0|kps_covered=0|pe_secure=True|threat_level=0.0|active_plans=0
21:17:12,UNKNOWN,UNKNOWN,SCOUT_IDENTIFICATION,total_units=0|scouts_found=0|scout_ids=
21:17:12,1,5,PHASE1_SUMMARY,total_units=0|scouts_identified=0|scouts_deployed=0|enemies_detected=0|combat_opportunities=0|threat_clusters=0
21:17:12,UNKNOWN,UNKNOWN,SCOUT_IDENTIFICATION,total_units=0|scouts_found=0|scout_ids=
21:17:12,1,5,PHASE1_SUMMARY,total_units=0|scouts_identified=0|scouts_deployed=0|enemies_detected=0|combat_opportunities=0|threat_clusters=0
21:17:12,1,5,PHASE2_SUMMARY,active_plans=0|new_plans=0|executed_plans=0|aborted_plans=0
21:17:12,1,5,TURN_START,player_nation=Niemcy|total_units=0|available_units=0
21:17:12,1,5,PHASE3_SUMMARY,defenders_assigned=0|kps_covered=0|pe_secure=True|threat_level=0.0|active_plans=0
21:17:12,UNKNOWN,5,PHASE_4_COMPLETE,request_generated=False|urgency=NONE|requirements=0|priority_areas=
21:17:12,1,2,TURN_START,player_nation=Unknown|total_tokens=0|captured_kps=0
21:17:12,1,2,VP_INTELLIGENCE,"vp_status={'vp_own': 0, 'vp_enemy': 0, 'vp_gap': 0, 'turn': 1, 'max_turns': 30}|trend_direction=STABLE|threat_level=LOW|opportunities_count=0|recommendations_count=0"
21:17:12,UNKNOWN,UNKNOWN,SCOUT_IDENTIFICATION,total_units=0|scouts_found=0|scout_ids=
21:17:12,1,2,PHASE1_SUMMARY,total_units=0|scouts_identified=0|scouts_deployed=0|enemies_detected=0|combat_opportunities=0|threat_clusters=0
21:17:12,UNKNOWN,UNKNOWN,SCOUT_IDENTIFICATION,total_units=0|scouts_found=0|scout_ids=
21:17:12,1,2,PHASE1_SUMMARY,total_units=0|scouts_identified=0|scouts_deployed=0|enemies_detected=0|combat_opportunities=0|threat_clusters=0
21:17:12,1,2,PHASE2_SUMMARY,active_plans=0|new_plans=0|executed_plans=0|aborted_plans=0
21:17:12,1,2,TURN_START,player_nation=Polska|total_units=0|available_units=0
21:17:12,1,2,PHASE3_SUMMARY,defenders_assigned=0|kps_covered=0|pe_secure=True|threat_level=0.0|active_plans=0
21:17:12,UNKNOWN,UNKNOWN,SCOUT_IDENTIFICATION,total_units=0|scouts_found=0|scout_ids=
21:17:12,1,2,PHASE1_SUMMARY,total_units=0|scouts_identified=0|scouts_deployed=0|enemies_detected=0|combat_opportunities=0|threat_clusters=0
21:17:12,UNKNOWN,UNKNOWN,SCOUT_IDENTIFICATION,total_units=0|scouts_found=0|scout_ids=
21:17:12,1,2,PHASE1_SUMMARY,total_units=0|scouts_identified=0|scouts_deployed=0|enemies_detected=0|combat_opportunities=0|threat_clusters=0
21:17:12,1,2,PHASE2_SUMMARY,active_plans=0|new_plans=0|executed_plans=0|aborted_plans=0
21:17:12,1,2,TURN_START,player_nation=Polska|total_units=0|available_units=0
21:17:12,1,2,PHASE3_SUMMARY,defenders_assigned=0|kps_covered=0|pe_secure=True|threat_level=0.0|active_plans=0
21:17:12,UNKNOWN,2,PHASE_4_COMPLETE,request_generated=False|urgency=NONE|requirements=0|priority_areas=
21:17:12,1,5,TURN_START,player_nation=Unknown|total_tokens=0|captured_kps=0
21:17:12,1,5,VP_INTELLIGENCE,"vp_status={'vp_own': 0, 'vp_enemy': 0, 'vp_gap': 0, 'turn': 1, 'max_turns': 30}|trend_direction=STABLE|threat_level=LOW|opportunities_count=0|recommendations_count=0"
21:17:12,UNKNOWN,UNKNOWN,SCOUT_IDENTIFICATION,total_units=0|scouts_found=0|scout_ids=
21:17:12,1,5,PHASE1_SUMMARY,total_units=0|scouts_identified=0|scouts_deployed=0|enemies_detected=0|combat_opportunities=0|threat_clusters=0
21:17:12,UNKNOWN,UNKNOWN,SCOUT_IDENTIFICATION,total_units=0|scouts_found=0|scout_ids=
21:17:12,1,5,PHASE1_SUMMARY,total_units=0|scouts_identified=0|scouts_deployed=0|enemies_detected=0|combat_opportunities=0|threat_clusters=0
21:17:12,1,5,PHASE2_SUMMARY,active_plans=0|new_plans=0|executed_plans=0|aborted_plans=0
21:17:12,1,5,TURN_START,player_nation=Niemcy|total_units=0|available_units=0
21:17:12,1,5,PHASE3_SUMMARY,defenders_assigned=0|kps_covered=0|pe_secure=True|threat_level=0.0|active_plans=0
21:17:12,UNKNOWN,UNKNOWN,SCOUT_IDENTIFICATION,total_units=0|scouts_found=0|scout_ids=
21:17:12,1,5,PHASE1_SUMMARY,total_units=0|scouts_identified=0|scouts_deployed=0|enemies_detected=0|combat_opportunities=0|threat_clusters=0
21:17:12,UNKNOWN,UNKNOWN,SCOUT_IDENTIFICATION,total_units=0|scouts_found=0|scout_ids=
21:17:12,1,5,PHASE1_SUMMARY,total_units=0|scouts_identified=0|scouts_deployed=0|enemies_detected=0|combat_opportunities=0|threat_clusters=0
21:17:12,1,5,PHASE2_SUMMARY,active_plans=0|new_plans=0|executed_plans=0|aborted_plans=0
21:17:12,1,5,TURN_START,player_nation=Niemcy|total_units=0|available_units=0
21:17:12,1,5,PHASE3_SUMMARY,defenders_assigned=0|kps_covered=0|pe_secure=True|threat_level=0.0|active_plans=0
21:17:12,UNKNOWN,5,PHASE_4_COMPLETE,request_generated=False|urgency=NONE|requirements=0|priority_areas=
21:17:12,1,2,TURN_START,player_nation=Unknown|total_tokens=0|captured_kps=0
21:17:12,1,2,VP_INTELLIGENCE,"vp_status={'vp_own': 0, 'vp_enemy': 0, 'vp_gap': 0, 'turn': 1, 'max_turns': 30}|trend_direction=STABLE|threat_level=LOW|opportunities_count=0|recommendations_count=0"
21:17:12,UNKNOWN,UNKNOWN,SCOUT_IDENTIFICATION,total_units=0|scouts_found=0|scout_ids=
21:17:12,1,2,PHASE1_SUMMARY,total_units=0|scouts_identified=0|scouts_deployed=0|enemies_detected=0|combat_opportunities=0|threat_clusters=0
21:17:12,UNKNOWN,UNKNOWN,SCOUT_IDENTIFICATION,total_units=0|scouts_found=0|scout_ids=
21:17:12,1,2,PHASE1_SUMMARY,total_units=0|scouts_identified=0|scouts_deployed=0|enemies_detected=0|combat_opportunities=0|threat_clusters=0
21:17:12,1,2,PHASE2_SUMMARY,active_plans=0|new_plans=0|executed_plans=0|aborted_plans=0
21:17:12,1,2,TURN_START,player_nation=Polska|total_units=0|available_units=0
21:17:12,1,2,PHASE3_SUMMARY,defenders_assigned=0|kps_covered=0|pe_secure=True|threat_level=0.0|active_plans=0
21:17:12,UNKNOWN,UNKNOWN,SCOUT_IDENTIFICATION,total_units=0|scouts_found=0|scout_ids=
21:17:12,1,2,PHASE1_SUMMARY,total_units=0|scouts_identified=0|scouts_deployed=0|enemies_detected=0|combat_opportunities=0|threat_clusters=0
21:17:12,UNKNOWN,UNKNOWN,SCOUT_IDENTIFICATION,total_units=0|scouts_found=0|scout_ids=
21:17:12,1,2,PHASE1_SUMMARY,total_units=0|scouts_identified=0|scouts_deployed=0|enemies_detected=0|combat_opportunities=0|threat_clusters=0
21:17:12,1,2,PHASE2_SUMMARY,active_plans=0|new_plans=0|executed_plans=0|aborted_plans=0
21:17:12,1,2,TURN_START,player_nation=Polska|total_units=0|available_units=0
21:17:12,1,2,PHASE3_SUMMARY,defenders_assigned=0|kps_covered=0|pe_secure=True|threat_level=0.0|active_plans=0
21:17:12,UNKNOWN,2,PHASE_4_COMPLETE,request_generated=False|urgency=NONE|requirements=0|priority_areas=
21:17:12,1,5,TURN_START,player_nation=Unknown|total_tokens=0|captured_kps=0
21:17:12,1,5,VP_INTELLIGENCE,"vp_status={'vp_own': 0, 'vp_enemy': 0, 'vp_gap': 0, 'turn': 1, 'max_turns': 30}|trend_direction=STABLE|threat_level=LOW|opportunities_count=0|recommendations_count=0"
21:17:12,UNKNOWN,UNKNOWN,SCOUT_IDENTIFICATION,total_units=0|scouts_found=0|scout_ids=
21:17:12,1,5,PHASE1_SUMMARY,total_units=0|scouts_identified=0|scouts_deployed=0|enemies_detected=0|combat_opportunities=0|threat_clusters=0
21:17:12,UNKNOWN,UNKNOWN,SCOUT_IDENTIFICATION,total_units=0|scouts_found=0|scout_ids=
21:17:12,1,5,PHASE1_SUMMARY,total_units=0|scouts_identified=0|scouts_deployed=0|enemies_detected=0|combat_opportunities=0|threat_clusters=0
21:17:12,1,5,PHASE2_SUMMARY,active_plans=0|new_plans=0|executed_plans=0|aborted_plans=0
21:17:12,1,5,TURN_START,player_nation=Niemcy|total_units=0|available_units=0
21:17:12,1,5,PHASE3_SUMMARY,defenders_assigned=0|kps_covered=0|pe_secure=True|threat_level=0.0|active_plans=0
21:17:12,UNKNOWN,UNKNOWN,SCOUT_IDENTIFICATION,total_units=0|scouts_found=0|scout_ids=
21:17:12,1,5,PHASE1_SUMMARY,total_units=0|scouts_identified=0|scouts_deployed=0|enemies_detected=0|combat_opportunities=0|threat_clusters=0
21:17:12,UNKNOWN,UNKNOWN,SCOUT_IDENTIFICATION,total_units=0|scouts_found=0|scout_ids=
21:17:12,1,5,PHASE1_SUMMARY,total_units=0|scouts_identified=0|scouts_deployed=0|enemies_detected=0|combat_opportunities=0|threat_clusters=0
21:17:12,1,5,PHASE2_SUMMARY,active_plans=0|new_plans=0|executed_plans=0|aborted_plans=0
21:17:12,1,5,TURN_START,player_nation=Niemcy|total_units=0|available_units=0
21:17:12,1,5,PHASE3_SUMMARY,defenders_assigned=0|kps_covered=0|pe_secure=True|threat_level=0.0|active_plans=0
21:17:12,UNKNOWN,5,PHASE_4_COMPLETE,request_generated=False|urgency=NONE|requirements=0|priority_areas=
21:17:12,1,2,TURN_START,player_nation=Unknown|total_tokens=0|captured_kps=0
21:17:12,1,2,VP_INTELLIGENCE,"vp_status={'vp_own': 0, 'vp_enemy': 0, 'vp_gap': 0, 'turn': 1, 'max_turns': 30}|trend_direction=STABLE|threat_level=LOW|opportunities_count=0|recommendations_count=0"
21:17:12,UNKNOWN,UNKNOWN,SCOUT_IDENTIFICATION,total_units=0|scouts_found=0|scout_ids=
21:17:12,1,2,PHASE1_SUMMARY,total_units=0|scouts_identified=0|scouts_deployed=0|enemies_detected=0|combat_opportunities=0|threat_clusters=0
21:17:12,UNKNOWN,UNKNOWN,SCOUT_IDENTIFICATION,total_units=0|scouts_found=0|scout_ids=
21:17:12,1,2,PHASE1_SUMMARY,total_units=0|scouts_identified=0|scouts_deployed=0|enemies_detected=0|combat_opportunities=0|threat_clusters=0
21:17:12,1,2,PHASE2_SUMMARY,active_plans=0|new_plans=0|executed_plans=0|aborted_plans=0
21:17:12,1,2,TURN_START,player_nation=Polska|total_units=0|available_units=0
21:17:12,1,2,PHASE3_SUMMARY,defenders_assigned=0|kps_covered=0|pe_secure=True|threat_level=0.0|active_plans=0
21:17:12,UNKNOWN,UNKNOWN,SCOUT_IDENTIFICATION,total_units=0|scouts_found=0|scout_ids=
21:17:12,1,2,PHASE1_SUMMARY,total_units=0|scouts_identified=0|scouts_deployed=0|enemies_detected=0|combat_opportunities=0|threat_clusters=0
21:17:12,UNKNOWN,UNKNOWN,SCOUT_IDENTIFICATION,total_units=0|scouts_found=0|scout_ids=
21:17:12,1,2,PHASE1_SUMMARY,total_units=0|scouts_identified=0|scouts_deployed=0|enemies_detected=0|combat_opportunities=0|threat_clusters=0
21:17:12,1,2,PHASE2_SUMMARY,active_plans=0|new_plans=0|executed_plans=0|aborted_plans=0
21:17:12,1,2,TURN_START,player_nation=Polska|total_units=0|available_units=0
21:17:12,1,2,PHASE3_SUMMARY,defenders_assigned=0|kps_covered=0|pe_secure=True|threat_level=0.0|active_plans=0
21:17:12,UNKNOWN,2,PHASE_4_COMPLETE,request_generated=False|urgency=NONE|requirements=0|priority_areas=
21:17:12,1,5,TURN_START,player_nation=Unknown|total_tokens=0|captured_kps=0
21:17:12,1,5,VP_INTELLIGENCE,"vp_status={'vp_own': 0, 'vp_enemy': 0, 'vp_gap': 0, 'turn': 1, 'max_turns': 30}|trend_direction=STABLE|threat_level=LOW|opportunities_count=0|recommendations_count=0"
21:17:12,UNKNOWN,UNKNOWN,SCOUT_IDENTIFICATION,total_units=0|scouts_found=0|scout_ids=
21:17:12,1,5,PHASE1_SUMMARY,total_units=0|scouts_identified=0|scouts_deployed=0|enemies_detected=0|combat_opportunities=0|threat_clusters=0
21:17:12,UNKNOWN,UNKNOWN,SCOUT_IDENTIFICATION,total_units=0|scouts_found=0|scout_ids=
21:17:12,1,5,PHASE1_SUMMARY,total_units=0|scouts_identified=0|scouts_deployed=0|enemies_detected=0|combat_opportunities=0|threat_clusters=0
21:17:12,1,5,PHASE2_SUMMARY,active_plans=0|new_plans=0|executed_plans=0|aborted_plans=0
21:17:12,1,5,TURN_START,player_nation=Niemcy|total_units=0|available_units=0
21:17:12,1,5,PHASE3_SUMMARY,defenders_assigned=0|kps_covered=0|pe_secure=True|threat_level=0.0|active_plans=0
21:17:12,UNKNOWN,UNKNOWN,SCOUT_IDENTIFICATION,total_units=0|scouts_found=0|scout_ids=
21:17:12,1,5,PHASE1_SUMMARY,total_units=0|scouts_identified=0|scouts_deployed=0|enemies_detected=0|combat_opportunities=0|threat_clusters=0
21:17:12,UNKNOWN,UNKNOWN,SCOUT_IDENTIFICATION,total_units=0|scouts_found=0|scout_ids=
21:17:12,1,5,PHASE1_SUMMARY,total_units=0|scouts_identified=0|scouts_deployed=0|enemies_detected=0|combat_opportunities=0|threat_clusters=0
21:17:12,1,5,PHASE2_SUMMARY,active_plans=0|new_plans=0|executed_plans=0|aborted_plans=0
21:17:12,1,5,TURN_START,player_nation=Niemcy|total_units=0|available_units=0
21:17:12,1,5,PHASE3_SUMMARY,defenders_assigned=0|kps_covered=0|pe_secure=True|threat_level=0.0|active_plans=0
21:17:12,UNKNOWN,5,PHASE_4_COMPLETE,request_generated=False|urgency=NONE|requirements=0|priority_areas=
21:17:12,1,2,TURN_START,player_nation=Unknown|total_tokens=0|captured_kps=0
21:17:12,1,2,VP_INTELLIGENCE,"vp_status={'vp_own': 0, 'vp_enemy': 0, 'vp_gap': 0, 'turn': 1, 'max_turns': 30}|trend_direction=STABLE|threat_level=LOW|opportunities_count=0|recommendations_count=0"
21:17:12,UNKNOWN,UNKNOWN,SCOUT_IDENTIFICATION,total_units=0|scouts_found=0|scout_ids=
21:17:12,1,2,PHASE1_SUMMARY,total_units=0|scouts_identified=0|scouts_deployed=0|enemies_detected=0|combat_opportunities=0|threat_clusters=0
21:17:12,UNKNOWN,UNKNOWN,SCOUT_IDENTIFICATION,total_units=0|scouts_found=0|scout_ids=
21:17:12,1,2,PHASE1_SUMMARY,total_units=0|scouts_identified=0|scouts_deployed=0|enemies_detected=0|combat_opportunities=0|threat_clusters=0
21:17:12,1,2,PHASE2_SUMMARY,active_plans=0|new_plans=0|executed_plans=0|aborted_plans=0
21:17:12,1,2,TURN_START,player_nation=Polska|total_units=0|available_units=0
21:17:12,1,2,PHASE3_SUMMARY,defenders_assigned=0|kps_covered=0|pe_secure=True|threat_level=0.0|active_plans=0
21:17:12,UNKNOWN,UNKNOWN,SCOUT_IDENTIFICATION,total_units=0|scouts_found=0|scout_ids=
21:17:12,1,2,PHASE1_SUMMARY,total_units=0|scouts_identified=0|scouts_deployed=0|enemies_detected=0|combat_opportunities=0|threat_clusters=0
21:17:12,UNKNOWN,UNKNOWN,SCOUT_IDENTIFICATION,total_units=0|scouts_found=0|scout_ids=
21:17:12,1,2,PHASE1_SUMMARY,total_units=0|scouts_identified=0|scouts_deployed=0|enemies_detected=0|combat_opportunities=0|threat_clusters=0
21:17:12,1,2,PHASE2_SUMMARY,active_plans=0|new_plans=0|executed_plans=0|aborted_plans=0
21:17:12,1,2,TURN_START,player_nation=Polska|total_units=0|available_units=0
21:17:12,1,2,PHASE3_SUMMARY,defenders_assigned=0|kps_covered=0|pe_secure=True|threat_level=0.0|active_plans=0
21:17:12,UNKNOWN,2,PHASE_4_COMPLETE,request_generated=False|urgency=NONE|requirements=0|priority_areas=
21:17:12,1,5,TURN_START,player_nation=Unknown|total_tokens=0|captured_kps=0
21:17:12,1,5,VP_INTELLIGENCE,"vp_status={'vp_own': 0, 'vp_enemy': 0, 'vp_gap': 0, 'turn': 1, 'max_turns': 30}|trend_direction=STABLE|threat_level=LOW|opportunities_count=0|recommendations_count=0"
21:17:12,UNKNOWN,UNKNOWN,SCOUT_IDENTIFICATION,total_units=0|scouts_found=0|scout_ids=
21:17:12,1,5,PHASE1_SUMMARY,total_units=0|scouts_identified=0|scouts_deployed=0|enemies_detected=0|combat_opportunities=0|threat_clusters=0
21:17:12,UNKNOWN,UNKNOWN,SCOUT_IDENTIFICATION,total_units=0|scouts_found=0|scout_ids=
21:17:12,1,5,PHASE1_SUMMARY,total_units=0|scouts_identified=0|scouts_deployed=0|enemies_detected=0|combat_opportunities=0|threat_clusters=0
21:17:12,1,5,PHASE2_SUMMARY,active_plans=0|new_plans=0|executed_plans=0|aborted_plans=0
21:17:12,1,5,TURN_START,player_nation=Niemcy|total_units=0|available_units=0
21:17:12,1,5,PHASE3_SUMMARY,defenders_assigned=0|kps_covered=0|pe_secure=True|threat_level=0.0|active_plans=0
21:17:12,UNKNOWN,UNKNOWN,SCOUT_IDENTIFICATION,total_units=0|scouts_found=0|scout_ids=
21:17:12,1,5,PHASE1_SUMMARY,total_units=0|scouts_identified=0|scouts_deployed=0|enemies_detected=0|combat_opportunities=0|threat_clusters=0
21:17:12,UNKNOWN,UNKNOWN,SCOUT_IDENTIFICATION,total_units=0|scouts_found=0|scout_ids=
21:17:12,1,5,PHASE1_SUMMARY,total_units=0|scouts_identified=0|scouts_deployed=0|enemies_detected=0|combat_opportunities=0|threat_clusters=0
21:17:12,1,5,PHASE2_SUMMARY,active_plans=0|new_plans=0|executed_plans=0|aborted_plans=0
21:17:12,1,5,TURN_START,player_nation=Niemcy|total_units=0|available_units=0
21:17:12,1,5,PHASE3_SUMMARY,defenders_assigned=0|kps_covered=0|pe_secure=True|threat_level=0.0|active_plans=0
21:17:12,UNKNOWN,5,PHASE_4_COMPLETE,request_generated=False|urgency=NONE|requirements=0|priority_areas=
21:17:12,1,2,TURN_START,player_nation=Unknown|total_tokens=0|captured_kps=0
21:17:12,1,2,VP_INTELLIGENCE,"vp_status={'vp_own': 0, 'vp_enemy': 0, 'vp_gap': 0, 'turn': 1, 'max_turns': 30}|trend_direction=STABLE|threat_level=LOW|opportunities_count=0|recommendations_count=0"
21:17:12,UNKNOWN,UNKNOWN,SCOUT_IDENTIFICATION,total_units=0|scouts_found=0|scout_ids=
21:17:12,1,2,PHASE1_SUMMARY,total_units=0|scouts_identified=0|scouts_deployed=0|enemies_detected=0|combat_opportunities=0|threat_clusters=0
21:17:12,UNKNOWN,UNKNOWN,SCOUT_IDENTIFICATION,total_units=0|scouts_found=0|scout_ids=
21:17:12,1,2,PHASE1_SUMMARY,total_units=0|scouts_identified=0|scouts_deployed=0|enemies_detected=0|combat_opportunities=0|threat_clusters=0
21:17:12,1,2,PHASE2_SUMMARY,active_plans=0|new_plans=0|executed_plans=0|aborted_plans=0
21:17:12,1,2,TURN_START,player_nation=Polska|total_units=0|available_units=0
21:17:12,1,2,PHASE3_SUMMARY,defenders_assigned=0|kps_covered=0|pe_secure=True|threat_level=0.0|active_plans=0
21:17:12,UNKNOWN,UNKNOWN,SCOUT_IDENTIFICATION,total_units=0|scouts_found=0|scout_ids=
21:17:12,1,2,PHASE1_SUMMARY,total_units=0|scouts_identified=0|scouts_deployed=0|enemies_detected=0|combat_opportunities=0|threat_clusters=0
21:17:12,UNKNOWN,UNKNOWN,SCOUT_IDENTIFICATION,total_units=0|scouts_found=0|scout_ids=
21:17:12,1,2,PHASE1_SUMMARY,total_units=0|scouts_identified=0|scouts_deployed=0|enemies_detected=0|combat_opportunities=0|threat_clusters=0
21:17:12,1,2,PHASE2_SUMMARY,active_plans=0|new_plans=0|executed_plans=0|aborted_plans=0
21:17:12,1,2,TURN_START,player_nation=Polska|total_units=0|available_units=0
21:17:12,1,2,PHASE3_SUMMARY,defenders_assigned=0|kps_covered=0|pe_secure=True|threat_level=0.0|active_plans=0
21:17:12,UNKNOWN,2,PHASE_4_COMPLETE,request_generated=False|urgency=NONE|requirements=0|priority_areas=
21:17:12,1,5,TURN_START,player_nation=Unknown|total_tokens=0|captured_kps=0
21:17:13,1,5,VP_INTELLIGENCE,"vp_status={'vp_own': 0, 'vp_enemy': 0, 'vp_gap': 0, 'turn': 1, 'max_turns': 30}|trend_direction=STABLE|threat_level=LOW|opportunities_count=0|recommendations_count=0"
21:17:13,UNKNOWN,UNKNOWN,SCOUT_IDENTIFICATION,total_units=0|scouts_found=0|scout_ids=
21:17:13,1,5,PHASE1_SUMMARY,total_units=0|scouts_identified=0|scouts_deployed=0|enemies_detected=0|combat_opportunities=0|threat_clusters=0
21:17:13,UNKNOWN,UNKNOWN,SCOUT_IDENTIFICATION,total_units=0|scouts_found=0|scout_ids=
21:17:13,1,5,PHASE1_SUMMARY,total_units=0|scouts_identified=0|scouts_deployed=0|enemies_detected=0|combat_opportunities=0|threat_clusters=0
21:17:13,1,5,PHASE2_SUMMARY,active_plans=0|new_plans=0|executed_plans=0|aborted_plans=0
21:17:13,1,5,TURN_START,player_nation=Niemcy|total_units=0|available_units=0
21:17:13,1,5,PHASE3_SUMMARY,defenders_assigned=0|kps_covered=0|pe_secure=True|threat_level=0.0|active_plans=0
21:17:13,UNKNOWN,UNKNOWN,SCOUT_IDENTIFICATION,total_units=0|scouts_found=0|scout_ids=
21:17:13,1,5,PHASE1_SUMMARY,total_units=0|scouts_identified=0|scouts_deployed=0|enemies_detected=0|combat_opportunities=0|threat_clusters=0
21:17:13,UNKNOWN,UNKNOWN,SCOUT_IDENTIFICATION,total_units=0|scouts_found=0|scout_ids=
21:17:13,1,5,PHASE1_SUMMARY,total_units=0|scouts_identified=0|scouts_deployed=0|enemies_detected=0|combat_opportunities=0|threat_clusters=0
21:17:13,1,5,PHASE2_SUMMARY,active_plans=0|new_plans=0|executed_plans=0|aborted_plans=0
21:17:13,1,5,TURN_START,player_nation=Niemcy|total_units=0|available_units=0
21:17:13,1,5,PHASE3_SUMMARY,defenders_assigned=0|kps_covered=0|pe_secure=True|threat_level=0.0|active_plans=0
21:17:13,UNKNOWN,5,PHASE_4_COMPLETE,request_generated=False|urgency=NONE|requirements=0|priority_areas=
21:34:18,1,5,TURN_START,player_nation=Niemcy|total_tokens=0|captured_kps=0
21:34:18,1,5,VP_INTELLIGENCE,"vp_status={'vp_own': 0, 'vp_enemy': 0, 'vp_gap': 0, 'turn': 1, 'max_turns': 30}|trend_direction=STABLE|threat_level=LOW|opportunities_count=0|recommendations_count=0"
21:34:18,UNKNOWN,UNKNOWN,SCOUT_IDENTIFICATION,total_units=0|scouts_found=0|scout_ids=
21:34:18,UNKNOWN,UNKNOWN,ENEMY_DETECTION,vision_positions=0|total_tokens_checked=0|enemies_detected=0|enemy_nations=
21:34:18,1,5,PHASE1_SUMMARY,total_units=0|scouts_identified=0|scouts_deployed=0|enemies_detected=0|combat_opportunities=0|threat_clusters=0
21:34:18,UNKNOWN,UNKNOWN,SCOUT_IDENTIFICATION,total_units=0|scouts_found=0|scout_ids=
21:34:18,UNKNOWN,UNKNOWN,ENEMY_DETECTION,vision_positions=0|total_tokens_checked=0|enemies_detected=0|enemy_nations=
21:34:18,1,5,PHASE1_SUMMARY,total_units=0|scouts_identified=0|scouts_deployed=0|enemies_detected=0|combat_opportunities=0|threat_clusters=0
21:34:18,1,5,PHASE2_SUMMARY,active_plans=0|new_plans=0|executed_plans=0|aborted_plans=0
21:34:18,1,5,TURN_START,player_nation=Niemcy|total_units=0|available_units=0
21:34:18,1,5,PHASE3_SUMMARY,defenders_assigned=0|kps_covered=0|pe_secure=True|threat_level=0.0|active_plans=0
21:34:18,UNKNOWN,UNKNOWN,SCOUT_IDENTIFICATION,total_units=0|scouts_found=0|scout_ids=
21:34:18,UNKNOWN,UNKNOWN,ENEMY_DETECTION,vision_positions=0|total_tokens_checked=0|enemies_detected=0|enemy_nations=
21:34:18,1,5,PHASE1_SUMMARY,total_units=0|scouts_identified=0|scouts_deployed=0|enemies_detected=0|combat_opportunities=0|threat_clusters=0
21:34:18,UNKNOWN,UNKNOWN,SCOUT_IDENTIFICATION,total_units=0|scouts_found=0|scout_ids=
21:34:18,UNKNOWN,UNKNOWN,ENEMY_DETECTION,vision_positions=0|total_tokens_checked=0|enemies_detected=0|enemy_nations=
21:34:18,1,5,PHASE1_SUMMARY,total_units=0|scouts_identified=0|scouts_deployed=0|enemies_detected=0|combat_opportunities=0|threat_clusters=0
21:34:18,1,5,PHASE2_SUMMARY,active_plans=0|new_plans=0|executed_plans=0|aborted_plans=0
21:34:18,1,5,TURN_START,player_nation=Niemcy|total_units=0|available_units=0
21:34:18,1,5,PHASE3_SUMMARY,defenders_assigned=0|kps_covered=0|pe_secure=True|threat_level=0.0|active_plans=0
21:34:18,UNKNOWN,5,PHASE_4_COMPLETE,request_generated=False|urgency=NONE|requirements=0|priority_areas=
21:34:18,1,6,TURN_START,player_nation=Niemcy|total_tokens=0|captured_kps=0
21:34:18,1,6,VP_INTELLIGENCE,"vp_status={'vp_own': 0, 'vp_enemy': 0, 'vp_gap': 0, 'turn': 1, 'max_turns': 30}|trend_direction=STABLE|threat_level=LOW|opportunities_count=0|recommendations_count=0"
21:34:18,UNKNOWN,UNKNOWN,SCOUT_IDENTIFICATION,total_units=0|scouts_found=0|scout_ids=
21:34:18,UNKNOWN,UNKNOWN,ENEMY_DETECTION,vision_positions=0|total_tokens_checked=0|enemies_detected=0|enemy_nations=
21:34:18,1,6,PHASE1_SUMMARY,total_units=0|scouts_identified=0|scouts_deployed=0|enemies_detected=0|combat_opportunities=0|threat_clusters=0
21:34:18,UNKNOWN,UNKNOWN,SCOUT_IDENTIFICATION,total_units=0|scouts_found=0|scout_ids=
21:34:18,UNKNOWN,UNKNOWN,ENEMY_DETECTION,vision_positions=0|total_tokens_checked=0|enemies_detected=0|enemy_nations=
21:34:18,1,6,PHASE1_SUMMARY,total_units=0|scouts_identified=0|scouts_deployed=0|enemies_detected=0|combat_opportunities=0|threat_clusters=0
21:34:18,1,6,PHASE2_SUMMARY,active_plans=0|new_plans=0|executed_plans=0|aborted_plans=0
21:34:18,1,6,TURN_START,player_nation=Niemcy|total_units=0|available_units=0
21:34:18,1,6,PHASE3_SUMMARY,defenders_assigned=0|kps_covered=0|pe_secure=True|threat_level=0.0|active_plans=0
21:34:18,UNKNOWN,UNKNOWN,SCOUT_IDENTIFICATION,total_units=0|scouts_found=0|scout_ids=
21:34:18,UNKNOWN,UNKNOWN,ENEMY_DETECTION,vision_positions=0|total_tokens_checked=0|enemies_detected=0|enemy_nations=
21:34:18,1,6,PHASE1_SUMMARY,total_units=0|scouts_identified=0|scouts_deployed=0|enemies_detected=0|combat_opportunities=0|threat_clusters=0
21:34:18,UNKNOWN,UNKNOWN,SCOUT_IDENTIFICATION,total_units=0|scouts_found=0|scout_ids=
21:34:18,UNKNOWN,UNKNOWN,ENEMY_DETECTION,vision_positions=0|total_tokens_checked=0|enemies_detected=0|enemy_nations=
21:34:18,1,6,PHASE1_SUMMARY,total_units=0|scouts_identified=0|scouts_deployed=0|enemies_detected=0|combat_opportunities=0|threat_clusters=0
21:34:18,1,6,PHASE2_SUMMARY,active_plans=0|new_plans=0|executed_plans=0|aborted_plans=0
21:34:19,1,6,TURN_START,player_nation=Niemcy|total_units=0|available_units=0
21:34:19,1,6,PHASE3_SUMMARY,defenders_assigned=0|kps_covered=0|pe_secure=True|threat_level=0.0|active_plans=0
21:34:19,UNKNOWN,6,PHASE_4_COMPLETE,request_generated=False|urgency=NONE|requirements=0|priority_areas=
22:01:16,1,5,TURN_START,player_nation=Niemcy|total_tokens=0|captured_kps=0
22:01:17,1,5,VP_INTELLIGENCE,"vp_status={'vp_own': 0, 'vp_enemy': 0, 'vp_gap': 0, 'turn': 1, 'max_turns': 30}|trend_direction=STABLE|threat_level=LOW|opportunities_count=0|recommendations_count=0"
22:01:17,UNKNOWN,UNKNOWN,SCOUT_IDENTIFICATION,total_units=0|scouts_found=0|scout_ids=
22:01:17,UNKNOWN,UNKNOWN,ENEMY_DETECTION,vision_positions=0|total_tokens_checked=40|enemies_detected=0|enemy_nations=
22:01:17,1,5,PHASE1_SUMMARY,total_units=0|scouts_identified=0|scouts_deployed=0|enemies_detected=0|combat_opportunities=0|threat_clusters=0
22:01:17,UNKNOWN,UNKNOWN,SCOUT_IDENTIFICATION,total_units=0|scouts_found=0|scout_ids=
22:01:17,UNKNOWN,UNKNOWN,ENEMY_DETECTION,vision_positions=0|total_tokens_checked=40|enemies_detected=0|enemy_nations=
22:01:17,1,5,PHASE1_SUMMARY,total_units=0|scouts_identified=0|scouts_deployed=0|enemies_detected=0|combat_opportunities=0|threat_clusters=0
22:01:17,1,5,PHASE2_SUMMARY,active_plans=0|new_plans=0|executed_plans=0|aborted_plans=0
22:01:17,1,5,TURN_START,player_nation=Niemcy|total_units=0|available_units=0
22:01:17,1,5,PHASE3_SUMMARY,defenders_assigned=0|kps_covered=0|pe_secure=True|threat_level=0.0|active_plans=0
22:01:17,UNKNOWN,UNKNOWN,SCOUT_IDENTIFICATION,total_units=0|scouts_found=0|scout_ids=
22:01:17,UNKNOWN,UNKNOWN,ENEMY_DETECTION,vision_positions=0|total_tokens_checked=40|enemies_detected=0|enemy_nations=
22:01:17,1,5,PHASE1_SUMMARY,total_units=0|scouts_identified=0|scouts_deployed=0|enemies_detected=0|combat_opportunities=0|threat_clusters=0
22:01:17,UNKNOWN,UNKNOWN,SCOUT_IDENTIFICATION,total_units=0|scouts_found=0|scout_ids=
22:01:17,UNKNOWN,UNKNOWN,ENEMY_DETECTION,vision_positions=0|total_tokens_checked=40|enemies_detected=0|enemy_nations=
22:01:17,1,5,PHASE1_SUMMARY,total_units=0|scouts_identified=0|scouts_deployed=0|enemies_detected=0|combat_opportunities=0|threat_clusters=0
22:01:17,1,5,PHASE2_SUMMARY,active_plans=0|new_plans=0|executed_plans=0|aborted_plans=0
22:01:17,1,5,TURN_START,player_nation=Niemcy|total_units=0|available_units=0
22:01:17,1,5,PHASE3_SUMMARY,defenders_assigned=0|kps_covered=0|pe_secure=True|threat_level=0.0|active_plans=0
22:01:17,UNKNOWN,5,PHASE_4_COMPLETE,request_generated=False|urgency=NONE|requirements=0|priority_areas=
22:01:17,1,6,TURN_START,player_nation=Niemcy|total_tokens=0|captured_kps=0
22:01:17,1,6,VP_INTELLIGENCE,"vp_status={'vp_own': 0, 'vp_enemy': 0, 'vp_gap': 0, 'turn': 1, 'max_turns': 30}|trend_direction=STABLE|threat_level=LOW|opportunities_count=0|recommendations_count=0"
22:01:17,UNKNOWN,UNKNOWN,SCOUT_IDENTIFICATION,total_units=0|scouts_found=0|scout_ids=
22:01:17,UNKNOWN,UNKNOWN,ENEMY_DETECTION,vision_positions=0|total_tokens_checked=40|enemies_detected=0|enemy_nations=
22:01:17,1,6,PHASE1_SUMMARY,total_units=0|scouts_identified=0|scouts_deployed=0|enemies_detected=0|combat_opportunities=0|threat_clusters=0
22:01:17,UNKNOWN,UNKNOWN,SCOUT_IDENTIFICATION,total_units=0|scouts_found=0|scout_ids=
22:01:17,UNKNOWN,UNKNOWN,ENEMY_DETECTION,vision_positions=0|total_tokens_checked=40|enemies_detected=0|enemy_nations=
22:01:17,1,6,PHASE1_SUMMARY,total_units=0|scouts_identified=0|scouts_deployed=0|enemies_detected=0|combat_opportunities=0|threat_clusters=0
22:01:17,1,6,PHASE2_SUMMARY,active_plans=0|new_plans=0|executed_plans=0|aborted_plans=0
22:01:17,1,6,TURN_START,player_nation=Niemcy|total_units=0|available_units=0
22:01:17,1,6,PHASE3_SUMMARY,defenders_assigned=0|kps_covered=0|pe_secure=True|threat_level=0.0|active_plans=0
22:01:17,UNKNOWN,UNKNOWN,SCOUT_IDENTIFICATION,total_units=0|scouts_found=0|scout_ids=
22:01:17,UNKNOWN,UNKNOWN,ENEMY_DETECTION,vision_positions=0|total_tokens_checked=40|enemies_detected=0|enemy_nations=
22:01:17,1,6,PHASE1_SUMMARY,total_units=0|scouts_identified=0|scouts_deployed=0|enemies_detected=0|combat_opportunities=0|threat_clusters=0
22:01:17,UNKNOWN,UNKNOWN,SCOUT_IDENTIFICATION,total_units=0|scouts_found=0|scout_ids=
22:01:17,UNKNOWN,UNKNOWN,ENEMY_DETECTION,vision_positions=0|total_tokens_checked=40|enemies_detected=0|enemy_nations=
22:01:17,1,6,PHASE1_SUMMARY,total_units=0|scouts_identified=0|scouts_deployed=0|enemies_detected=0|combat_opportunities=0|threat_clusters=0
22:01:17,1,6,PHASE2_SUMMARY,active_plans=0|new_plans=0|executed_plans=0|aborted_plans=0
22:01:17,1,6,TURN_START,player_nation=Niemcy|total_units=0|available_units=0
22:01:17,1,6,PHASE3_SUMMARY,defenders_assigned=0|kps_covered=0|pe_secure=True|threat_level=0.0|active_plans=0
22:01:17,UNKNOWN,6,PHASE_4_COMPLETE,request_generated=False|urgency=NONE|requirements=0|priority_areas=
22:05:55,1,2,TURN_START,player_nation=Unknown|total_tokens=0|captured_kps=0
22:05:55,1,2,VP_INTELLIGENCE,"vp_status={'vp_own': 0, 'vp_enemy': 0, 'vp_gap': 0, 'turn': 1, 'max_turns': 30}|trend_direction=STABLE|threat_level=LOW|opportunities_count=0|recommendations_count=0"
22:05:55,UNKNOWN,UNKNOWN,SCOUT_IDENTIFICATION,total_units=0|scouts_found=0|scout_ids=
22:05:55,1,2,PHASE1_SUMMARY,total_units=0|scouts_identified=0|scouts_deployed=0|enemies_detected=0|combat_opportunities=0|threat_clusters=0
22:05:55,UNKNOWN,UNKNOWN,SCOUT_IDENTIFICATION,total_units=0|scouts_found=0|scout_ids=
22:05:55,1,2,PHASE1_SUMMARY,total_units=0|scouts_identified=0|scouts_deployed=0|enemies_detected=0|combat_opportunities=0|threat_clusters=0
22:05:55,1,2,PHASE2_SUMMARY,active_plans=0|new_plans=0|executed_plans=0|aborted_plans=0
22:05:55,1,2,TURN_START,player_nation=Polska|total_units=0|available_units=0
22:05:55,1,2,PHASE3_SUMMARY,defenders_assigned=0|kps_covered=0|pe_secure=True|threat_level=0.0|active_plans=0
22:05:55,UNKNOWN,UNKNOWN,SCOUT_IDENTIFICATION,total_units=0|scouts_found=0|scout_ids=
22:05:55,1,2,PHASE1_SUMMARY,total_units=0|scouts_identified=0|scouts_deployed=0|enemies_detected=0|combat_opportunities=0|threat_clusters=0
22:05:55,UNKNOWN,UNKNOWN,SCOUT_IDENTIFICATION,total_units=0|scouts_found=0|scout_ids=
22:05:55,1,2,PHASE1_SUMMARY,total_units=0|scouts_identified=0|scouts_deployed=0|enemies_detected=0|combat_opportunities=0|threat_clusters=0
22:05:55,1,2,PHASE2_SUMMARY,active_plans=0|new_plans=0|executed_plans=0|aborted_plans=0
22:05:55,1,2,TURN_START,player_nation=Polska|total_units=0|available_units=0
22:05:55,1,2,PHASE3_SUMMARY,defenders_assigned=0|kps_covered=0|pe_secure=True|threat_level=0.0|active_plans=0
22:05:55,UNKNOWN,2,PHASE_4_COMPLETE,request_generated=False|urgency=NONE|requirements=0|priority_areas=
22:05:56,1,5,TURN_START,player_nation=Unknown|total_tokens=0|captured_kps=0
22:05:56,1,5,VP_INTELLIGENCE,"vp_status={'vp_own': 0, 'vp_enemy': 0, 'vp_gap': 0, 'turn': 1, 'max_turns': 30}|trend_direction=STABLE|threat_level=LOW|opportunities_count=0|recommendations_count=0"
22:05:56,UNKNOWN,UNKNOWN,SCOUT_IDENTIFICATION,total_units=0|scouts_found=0|scout_ids=
22:05:56,1,5,PHASE1_SUMMARY,total_units=0|scouts_identified=0|scouts_deployed=0|enemies_detected=0|combat_opportunities=0|threat_clusters=0
22:05:56,UNKNOWN,UNKNOWN,SCOUT_IDENTIFICATION,total_units=0|scouts_found=0|scout_ids=
22:05:56,1,5,PHASE1_SUMMARY,total_units=0|scouts_identified=0|scouts_deployed=0|enemies_detected=0|combat_opportunities=0|threat_clusters=0
22:05:56,1,5,PHASE2_SUMMARY,active_plans=0|new_plans=0|executed_plans=0|aborted_plans=0
22:05:56,1,5,TURN_START,player_nation=Niemcy|total_units=0|available_units=0
22:05:56,1,5,PHASE3_SUMMARY,defenders_assigned=0|kps_covered=0|pe_secure=True|threat_level=0.0|active_plans=0
22:05:56,UNKNOWN,UNKNOWN,SCOUT_IDENTIFICATION,total_units=0|scouts_found=0|scout_ids=
22:05:56,1,5,PHASE1_SUMMARY,total_units=0|scouts_identified=0|scouts_deployed=0|enemies_detected=0|combat_opportunities=0|threat_clusters=0
22:05:56,UNKNOWN,UNKNOWN,SCOUT_IDENTIFICATION,total_units=0|scouts_found=0|scout_ids=
22:05:56,1,5,PHASE1_SUMMARY,total_units=0|scouts_identified=0|scouts_deployed=0|enemies_detected=0|combat_opportunities=0|threat_clusters=0
22:05:56,1,5,PHASE2_SUMMARY,active_plans=0|new_plans=0|executed_plans=0|aborted_plans=0
22:05:56,1,5,TURN_START,player_nation=Niemcy|total_units=0|available_units=0
22:05:56,1,5,PHASE3_SUMMARY,defenders_assigned=0|kps_covered=0|pe_secure=True|threat_level=0.0|active_plans=0
22:05:56,UNKNOWN,5,PHASE_4_COMPLETE,request_generated=False|urgency=NONE|requirements=0|priority_areas=
22:05:56,1,2,TURN_START,player_nation=Unknown|total_tokens=0|captured_kps=0
22:05:56,1,2,VP_INTELLIGENCE,"vp_status={'vp_own': 0, 'vp_enemy': 0, 'vp_gap': 0, 'turn': 1, 'max_turns': 30}|trend_direction=STABLE|threat_level=LOW|opportunities_count=0|recommendations_count=0"
22:05:56,UNKNOWN,UNKNOWN,SCOUT_IDENTIFICATION,total_units=0|scouts_found=0|scout_ids=
22:05:56,1,2,PHASE1_SUMMARY,total_units=0|scouts_identified=0|scouts_deployed=0|enemies_detected=0|combat_opportunities=0|threat_clusters=0
22:05:56,UNKNOWN,UNKNOWN,SCOUT_IDENTIFICATION,total_units=0|scouts_found=0|scout_ids=
22:05:56,1,2,PHASE1_SUMMARY,total_units=0|scouts_identified=0|scouts_deployed=0|enemies_detected=0|combat_opportunities=0|threat_clusters=0
22:05:56,1,2,PHASE2_SUMMARY,active_plans=0|new_plans=0|executed_plans=0|aborted_plans=0
22:05:56,1,2,TURN_START,player_nation=Polska|total_units=0|available_units=0
22:05:56,1,2,PHASE3_SUMMARY,defenders_assigned=0|kps_covered=0|pe_secure=True|threat_level=0.0|active_plans=0
22:05:56,UNKNOWN,UNKNOWN,SCOUT_IDENTIFICATION,total_units=0|scouts_found=0|scout_ids=
22:05:56,1,2,PHASE1_SUMMARY,total_units=0|scouts_identified=0|scouts_deployed=0|enemies_detected=0|combat_opportunities=0|threat_clusters=0
22:05:56,UNKNOWN,UNKNOWN,SCOUT_IDENTIFICATION,total_units=0|scouts_found=0|scout_ids=
22:05:56,1,2,PHASE1_SUMMARY,total_units=0|scouts_identified=0|scouts_deployed=0|enemies_detected=0|combat_opportunities=0|threat_clusters=0
22:05:56,1,2,PHASE2_SUMMARY,active_plans=0|new_plans=0|executed_plans=0|aborted_plans=0
22:05:56,1,2,TURN_START,player_nation=Polska|total_units=0|available_units=0
22:05:56,1,2,PHASE3_SUMMARY,defenders_assigned=0|kps_covered=0|pe_secure=True|threat_level=0.0|active_plans=0
22:05:56,UNKNOWN,2,PHASE_4_COMPLETE,request_generated=False|urgency=NONE|requirements=0|priority_areas=
22:05:57,1,5,TURN_START,player_nation=Unknown|total_tokens=0|captured_kps=0
22:05:57,1,5,VP_INTELLIGENCE,"vp_status={'vp_own': 0, 'vp_enemy': 0, 'vp_gap': 0, 'turn': 1, 'max_turns': 30}|trend_direction=STABLE|threat_level=LOW|opportunities_count=0|recommendations_count=0"
22:05:57,UNKNOWN,UNKNOWN,SCOUT_IDENTIFICATION,total_units=0|scouts_found=0|scout_ids=
22:05:57,1,5,PHASE1_SUMMARY,total_units=0|scouts_identified=0|scouts_deployed=0|enemies_detected=0|combat_opportunities=0|threat_clusters=0
22:05:57,UNKNOWN,UNKNOWN,SCOUT_IDENTIFICATION,total_units=0|scouts_found=0|scout_ids=
22:05:57,1,5,PHASE1_SUMMARY,total_units=0|scouts_identified=0|scouts_deployed=0|enemies_detected=0|combat_opportunities=0|threat_clusters=0
22:05:57,1,5,PHASE2_SUMMARY,active_plans=0|new_plans=0|executed_plans=0|aborted_plans=0
22:05:57,1,5,TURN_START,player_nation=Niemcy|total_units=0|available_units=0
22:05:57,1,5,PHASE3_SUMMARY,defenders_assigned=0|kps_covered=0|pe_secure=True|threat_level=0.0|active_plans=0
22:05:57,UNKNOWN,UNKNOWN,SCOUT_IDENTIFICATION,total_units=0|scouts_found=0|scout_ids=
22:05:57,1,5,PHASE1_SUMMARY,total_units=0|scouts_identified=0|scouts_deployed=0|enemies_detected=0|combat_opportunities=0|threat_clusters=0
22:05:57,UNKNOWN,UNKNOWN,SCOUT_IDENTIFICATION,total_units=0|scouts_found=0|scout_ids=
22:05:57,1,5,PHASE1_SUMMARY,total_units=0|scouts_identified=0|scouts_deployed=0|enemies_detected=0|combat_opportunities=0|threat_clusters=0
22:05:57,1,5,PHASE2_SUMMARY,active_plans=0|new_plans=0|executed_plans=0|aborted_plans=0
22:05:57,1,5,TURN_START,player_nation=Niemcy|total_units=0|available_units=0
22:05:57,1,5,PHASE3_SUMMARY,defenders_assigned=0|kps_covered=0|pe_secure=True|threat_level=0.0|active_plans=0
22:05:57,UNKNOWN,5,PHASE_4_COMPLETE,request_generated=False|urgency=NONE|requirements=0|priority_areas=
22:05:57,1,2,TURN_START,player_nation=Unknown|total_tokens=0|captured_kps=0
22:05:57,1,2,VP_INTELLIGENCE,"vp_status={'vp_own': 0, 'vp_enemy': 0, 'vp_gap': 0, 'turn': 1, 'max_turns': 30}|trend_direction=STABLE|threat_level=LOW|opportunities_count=0|recommendations_count=0"
22:05:57,UNKNOWN,UNKNOWN,SCOUT_IDENTIFICATION,total_units=0|scouts_found=0|scout_ids=
22:05:57,1,2,PHASE1_SUMMARY,total_units=0|scouts_identified=0|scouts_deployed=0|enemies_detected=0|combat_opportunities=0|threat_clusters=0
22:05:57,UNKNOWN,UNKNOWN,SCOUT_IDENTIFICATION,total_units=0|scouts_found=0|scout_ids=
22:05:57,1,2,PHASE1_SUMMARY,total_units=0|scouts_identified=0|scouts_deployed=0|enemies_detected=0|combat_opportunities=0|threat_clusters=0
22:05:57,1,2,PHASE2_SUMMARY,active_plans=0|new_plans=0|executed_plans=0|aborted_plans=0
22:05:57,1,2,TURN_START,player_nation=Polska|total_units=0|available_units=0
22:05:57,1,2,PHASE3_SUMMARY,defenders_assigned=0|kps_covered=0|pe_secure=True|threat_level=0.0|active_plans=0
22:05:57,UNKNOWN,UNKNOWN,SCOUT_IDENTIFICATION,total_units=0|scouts_found=0|scout_ids=
22:05:57,1,2,PHASE1_SUMMARY,total_units=0|scouts_identified=0|scouts_deployed=0|enemies_detected=0|combat_opportunities=0|threat_clusters=0
22:05:57,UNKNOWN,UNKNOWN,SCOUT_IDENTIFICATION,total_units=0|scouts_found=0|scout_ids=
22:05:57,1,2,PHASE1_SUMMARY,total_units=0|scouts_identified=0|scouts_deployed=0|enemies_detected=0|combat_opportunities=0|threat_clusters=0
22:05:57,1,2,PHASE2_SUMMARY,active_plans=0|new_plans=0|executed_plans=0|aborted_plans=0
22:05:57,1,2,TURN_START,player_nation=Polska|total_units=0|available_units=0
22:05:57,1,2,PHASE3_SUMMARY,defenders_assigned=0|kps_covered=0|pe_secure=True|threat_level=0.0|active_plans=0
22:05:57,UNKNOWN,2,PHASE_4_COMPLETE,request_generated=False|urgency=NONE|requirements=0|priority_areas=
22:05:58,1,5,TURN_START,player_nation=Unknown|total_tokens=0|captured_kps=0
22:05:58,1,5,VP_INTELLIGENCE,"vp_status={'vp_own': 0, 'vp_enemy': 0, 'vp_gap': 0, 'turn': 1, 'max_turns': 30}|trend_direction=STABLE|threat_level=LOW|opportunities_count=0|recommendations_count=0"
22:05:58,UNKNOWN,UNKNOWN,SCOUT_IDENTIFICATION,total_units=0|scouts_found=0|scout_ids=
22:05:58,1,5,PHASE1_SUMMARY,total_units=0|scouts_identified=0|scouts_deployed=0|enemies_detected=0|combat_opportunities=0|threat_clusters=0
22:05:58,UNKNOWN,UNKNOWN,SCOUT_IDENTIFICATION,total_units=0|scouts_found=0|scout_ids=
22:05:58,1,5,PHASE1_SUMMARY,total_units=0|scouts_identified=0|scouts_deployed=0|enemies_detected=0|combat_opportunities=0|threat_clusters=0
22:05:58,1,5,PHASE2_SUMMARY,active_plans=0|new_plans=0|executed_plans=0|aborted_plans=0
22:05:58,1,5,TURN_START,player_nation=Niemcy|total_units=0|available_units=0
22:05:58,1,5,PHASE3_SUMMARY,defenders_assigned=0|kps_covered=0|pe_secure=True|threat_level=0.0|active_plans=0
22:05:58,UNKNOWN,UNKNOWN,SCOUT_IDENTIFICATION,total_units=0|scouts_found=0|scout_ids=
22:05:58,1,5,PHASE1_SUMMARY,total_units=0|scouts_identified=0|scouts_deployed=0|enemies_detected=0|combat_opportunities=0|threat_clusters=0
22:05:58,UNKNOWN,UNKNOWN,SCOUT_IDENTIFICATION,total_units=0|scouts_found=0|scout_ids=
22:05:58,1,5,PHASE1_SUMMARY,total_units=0|scouts_identified=0|scouts_deployed=0|enemies_detected=0|combat_opportunities=0|threat_clusters=0
22:05:58,1,5,PHASE2_SUMMARY,active_plans=0|new_plans=0|executed_plans=0|aborted_plans=0
22:05:58,1,5,TURN_START,player_nation=Niemcy|total_units=0|available_units=0
22:05:58,1,5,PHASE3_SUMMARY,defenders_assigned=0|kps_covered=0|pe_secure=True|threat_level=0.0|active_plans=0
22:05:58,UNKNOWN,5,PHASE_4_COMPLETE,request_generated=False|urgency=NONE|requirements=0|priority_areas=
22:05:58,1,2,TURN_START,player_nation=Unknown|total_tokens=0|captured_kps=0
22:05:58,1,2,VP_INTELLIGENCE,"vp_status={'vp_own': 0, 'vp_enemy': 0, 'vp_gap': 0, 'turn': 1, 'max_turns': 30}|trend_direction=STABLE|threat_level=LOW|opportunities_count=0|recommendations_count=0"
22:05:58,UNKNOWN,UNKNOWN,SCOUT_IDENTIFICATION,total_units=0|scouts_found=0|scout_ids=
22:05:58,1,2,PHASE1_SUMMARY,total_units=0|scouts_identified=0|scouts_deployed=0|enemies_detected=0|combat_opportunities=0|threat_clusters=0
22:05:58,UNKNOWN,UNKNOWN,SCOUT_IDENTIFICATION,total_units=0|scouts_found=0|scout_ids=
22:05:58,1,2,PHASE1_SUMMARY,total_units=0|scouts_identified=0|scouts_deployed=0|enemies_detected=0|combat_opportunities=0|threat_clusters=0
22:05:58,1,2,PHASE2_SUMMARY,active_plans=0|new_plans=0|executed_plans=0|aborted_plans=0
22:05:58,1,2,TURN_START,player_nation=Polska|total_units=0|available_units=0
22:05:58,1,2,PHASE3_SUMMARY,defenders_assigned=0|kps_covered=0|pe_secure=True|threat_level=0.0|active_plans=0
22:05:58,UNKNOWN,UNKNOWN,SCOUT_IDENTIFICATION,total_units=0|scouts_found=0|scout_ids=
22:05:58,1,2,PHASE1_SUMMARY,total_units=0|scouts_identified=0|scouts_deployed=0|enemies_detected=0|combat_opportunities=0|threat_clusters=0
22:05:58,UNKNOWN,UNKNOWN,SCOUT_IDENTIFICATION,total_units=0|scouts_found=0|scout_ids=
22:05:58,1,2,PHASE1_SUMMARY,total_units=0|scouts_identified=0|scouts_deployed=0|enemies_detected=0|combat_opportunities=0|threat_clusters=0
22:05:58,1,2,PHASE2_SUMMARY,active_plans=0|new_plans=0|executed_plans=0|aborted_plans=0
22:05:58,1,2,TURN_START,player_nation=Polska|total_units=0|available_units=0
22:05:58,1,2,PHASE3_SUMMARY,defenders_assigned=0|kps_covered=0|pe_secure=True|threat_level=0.0|active_plans=0
22:05:58,UNKNOWN,2,PHASE_4_COMPLETE,request_generated=False|urgency=NONE|requirements=0|priority_areas=
22:05:58,1,5,TURN_START,player_nation=Unknown|total_tokens=0|captured_kps=0
22:05:58,1,5,VP_INTELLIGENCE,"vp_status={'vp_own': 0, 'vp_enemy': 0, 'vp_gap': 0, 'turn': 1, 'max_turns': 30}|trend_direction=STABLE|threat_level=LOW|opportunities_count=0|recommendations_count=0"
22:05:58,UNKNOWN,UNKNOWN,SCOUT_IDENTIFICATION,total_units=0|scouts_found=0|scout_ids=
22:05:58,1,5,PHASE1_SUMMARY,total_units=0|scouts_identified=0|scouts_deployed=0|enemies_detected=0|combat_opportunities=0|threat_clusters=0
22:05:58,UNKNOWN,UNKNOWN,SCOUT_IDENTIFICATION,total_units=0|scouts_found=0|scout_ids=
22:05:58,1,5,PHASE1_SUMMARY,total_units=0|scouts_identified=0|scouts_deployed=0|enemies_detected=0|combat_opportunities=0|threat_clusters=0
22:05:58,1,5,PHASE2_SUMMARY,active_plans=0|new_plans=0|executed_plans=0|aborted_plans=0
22:05:58,1,5,TURN_START,player_nation=Niemcy|total_units=0|available_units=0
22:05:58,1,5,PHASE3_SUMMARY,defenders_assigned=0|kps_covered=0|pe_secure=True|threat_level=0.0|active_plans=0
22:05:58,UNKNOWN,UNKNOWN,SCOUT_IDENTIFICATION,total_units=0|scouts_found=0|scout_ids=
22:05:58,1,5,PHASE1_SUMMARY,total_units=0|scouts_identified=0|scouts_deployed=0|enemies_detected=0|combat_opportunities=0|threat_clusters=0
22:05:58,UNKNOWN,UNKNOWN,SCOUT_IDENTIFICATION,total_units=0|scouts_found=0|scout_ids=
22:05:58,1,5,PHASE1_SUMMARY,total_units=0|scouts_identified=0|scouts_deployed=0|enemies_detected=0|combat_opportunities=0|threat_clusters=0
22:05:58,1,5,PHASE2_SUMMARY,active_plans=0|new_plans=0|executed_plans=0|aborted_plans=0
22:05:58,1,5,TURN_START,player_nation=Niemcy|total_units=0|available_units=0
22:05:58,1,5,PHASE3_SUMMARY,defenders_assigned=0|kps_covered=0|pe_secure=True|threat_level=0.0|active_plans=0
22:05:58,UNKNOWN,5,PHASE_4_COMPLETE,request_generated=False|urgency=NONE|requirements=0|priority_areas=
22:05:59,1,2,TURN_START,player_nation=Unknown|total_tokens=0|captured_kps=0
22:05:59,1,2,VP_INTELLIGENCE,"vp_status={'vp_own': 0, 'vp_enemy': 0, 'vp_gap': 0, 'turn': 1, 'max_turns': 30}|trend_direction=STABLE|threat_level=LOW|opportunities_count=0|recommendations_count=0"
22:05:59,UNKNOWN,UNKNOWN,SCOUT_IDENTIFICATION,total_units=0|scouts_found=0|scout_ids=
22:05:59,1,2,PHASE1_SUMMARY,total_units=0|scouts_identified=0|scouts_deployed=0|enemies_detected=0|combat_opportunities=0|threat_clusters=0
22:05:59,UNKNOWN,UNKNOWN,SCOUT_IDENTIFICATION,total_units=0|scouts_found=0|scout_ids=
22:05:59,1,2,PHASE1_SUMMARY,total_units=0|scouts_identified=0|scouts_deployed=0|enemies_detected=0|combat_opportunities=0|threat_clusters=0
22:05:59,1,2,PHASE2_SUMMARY,active_plans=0|new_plans=0|executed_plans=0|aborted_plans=0
22:05:59,1,2,TURN_START,player_nation=Polska|total_units=0|available_units=0
22:05:59,1,2,PHASE3_SUMMARY,defenders_assigned=0|kps_covered=0|pe_secure=True|threat_level=0.0|active_plans=0
22:05:59,UNKNOWN,UNKNOWN,SCOUT_IDENTIFICATION,total_units=0|scouts_found=0|scout_ids=
22:05:59,1,2,PHASE1_SUMMARY,total_units=0|scouts_identified=0|scouts_deployed=0|enemies_detected=0|combat_opportunities=0|threat_clusters=0
22:05:59,UNKNOWN,UNKNOWN,SCOUT_IDENTIFICATION,total_units=0|scouts_found=0|scout_ids=
22:05:59,1,2,PHASE1_SUMMARY,total_units=0|scouts_identified=0|scouts_deployed=0|enemies_detected=0|combat_opportunities=0|threat_clusters=0
22:05:59,1,2,PHASE2_SUMMARY,active_plans=0|new_plans=0|executed_plans=0|aborted_plans=0
22:05:59,1,2,TURN_START,player_nation=Polska|total_units=0|available_units=0
22:05:59,1,2,PHASE3_SUMMARY,defenders_assigned=0|kps_covered=0|pe_secure=True|threat_level=0.0|active_plans=0
22:05:59,UNKNOWN,2,PHASE_4_COMPLETE,request_generated=False|urgency=NONE|requirements=0|priority_areas=
22:05:59,1,5,TURN_START,player_nation=Unknown|total_tokens=0|captured_kps=0
22:05:59,1,5,VP_INTELLIGENCE,"vp_status={'vp_own': 0, 'vp_enemy': 0, 'vp_gap': 0, 'turn': 1, 'max_turns': 30}|trend_direction=STABLE|threat_level=LOW|opportunities_count=0|recommendations_count=0"
22:05:59,UNKNOWN,UNKNOWN,SCOUT_IDENTIFICATION,total_units=0|scouts_found=0|scout_ids=
22:05:59,1,5,PHASE1_SUMMARY,total_units=0|scouts_identified=0|scouts_deployed=0|enemies_detected=0|combat_opportunities=0|threat_clusters=0
22:05:59,UNKNOWN,UNKNOWN,SCOUT_IDENTIFICATION,total_units=0|scouts_found=0|scout_ids=
22:05:59,1,5,PHASE1_SUMMARY,total_units=0|scouts_identified=0|scouts_deployed=0|enemies_detected=0|combat_opportunities=0|threat_clusters=0
22:05:59,1,5,PHASE2_SUMMARY,active_plans=0|new_plans=0|executed_plans=0|aborted_plans=0
22:05:59,1,5,TURN_START,player_nation=Niemcy|total_units=0|available_units=0
22:05:59,1,5,PHASE3_SUMMARY,defenders_assigned=0|kps_covered=0|pe_secure=True|threat_level=0.0|active_plans=0
22:05:59,UNKNOWN,UNKNOWN,SCOUT_IDENTIFICATION,total_units=0|scouts_found=0|scout_ids=
22:05:59,1,5,PHASE1_SUMMARY,total_units=0|scouts_identified=0|scouts_deployed=0|enemies_detected=0|combat_opportunities=0|threat_clusters=0
22:05:59,UNKNOWN,UNKNOWN,SCOUT_IDENTIFICATION,total_units=0|scouts_found=0|scout_ids=
22:05:59,1,5,PHASE1_SUMMARY,total_units=0|scouts_identified=0|scouts_deployed=0|enemies_detected=0|combat_opportunities=0|threat_clusters=0
22:05:59,1,5,PHASE2_SUMMARY,active_plans=0|new_plans=0|executed_plans=0|aborted_plans=0
22:05:59,1,5,TURN_START,player_nation=Niemcy|total_units=0|available_units=0
22:05:59,1,5,PHASE3_SUMMARY,defenders_assigned=0|kps_covered=0|pe_secure=True|threat_level=0.0|active_plans=0
22:05:59,UNKNOWN,5,PHASE_4_COMPLETE,request_generated=False|urgency=NONE|requirements=0|priority_areas=
22:05:59,1,2,TURN_START,player_nation=Unknown|total_tokens=0|captured_kps=0
22:05:59,1,2,VP_INTELLIGENCE,"vp_status={'vp_own': 0, 'vp_enemy': 0, 'vp_gap': 0, 'turn': 1, 'max_turns': 30}|trend_direction=STABLE|threat_level=LOW|opportunities_count=0|recommendations_count=0"
22:05:59,UNKNOWN,UNKNOWN,SCOUT_IDENTIFICATION,total_units=0|scouts_found=0|scout_ids=
22:05:59,1,2,PHASE1_SUMMARY,total_units=0|scouts_identified=0|scouts_deployed=0|enemies_detected=0|combat_opportunities=0|threat_clusters=0
22:05:59,UNKNOWN,UNKNOWN,SCOUT_IDENTIFICATION,total_units=0|scouts_found=0|scout_ids=
22:05:59,1,2,PHASE1_SUMMARY,total_units=0|scouts_identified=0|scouts_deployed=0|enemies_detected=0|combat_opportunities=0|threat_clusters=0
22:05:59,1,2,PHASE2_SUMMARY,active_plans=0|new_plans=0|executed_plans=0|aborted_plans=0
22:05:59,1,2,TURN_START,player_nation=Polska|total_units=0|available_units=0
22:05:59,1,2,PHASE3_SUMMARY,defenders_assigned=0|kps_covered=0|pe_secure=True|threat_level=0.0|active_plans=0
22:05:59,UNKNOWN,UNKNOWN,SCOUT_IDENTIFICATION,total_units=0|scouts_found=0|scout_ids=
22:05:59,1,2,PHASE1_SUMMARY,total_units=0|scouts_identified=0|scouts_deployed=0|enemies_detected=0|combat_opportunities=0|threat_clusters=0
22:05:59,UNKNOWN,UNKNOWN,SCOUT_IDENTIFICATION,total_units=0|scouts_found=0|scout_ids=
22:05:59,1,2,PHASE1_SUMMARY,total_units=0|scouts_identified=0|scouts_deployed=0|enemies_detected=0|combat_opportunities=0|threat_clusters=0
22:05:59,1,2,PHASE2_SUMMARY,active_plans=0|new_plans=0|executed_plans=0|aborted_plans=0
22:05:59,1,2,TURN_START,player_nation=Polska|total_units=0|available_units=0
22:05:59,1,2,PHASE3_SUMMARY,defenders_assigned=0|kps_covered=0|pe_secure=True|threat_level=0.0|active_plans=0
22:05:59,UNKNOWN,2,PHASE_4_COMPLETE,request_generated=False|urgency=NONE|requirements=0|priority_areas=
22:06:00,1,5,TURN_START,player_nation=Unknown|total_tokens=0|captured_kps=0
22:06:00,1,5,VP_INTELLIGENCE,"vp_status={'vp_own': 0, 'vp_enemy': 0, 'vp_gap': 0, 'turn': 1, 'max_turns': 30}|trend_direction=STABLE|threat_level=LOW|opportunities_count=0|recommendations_count=0"
22:06:00,UNKNOWN,UNKNOWN,SCOUT_IDENTIFICATION,total_units=0|scouts_found=0|scout_ids=
22:06:00,1,5,PHASE1_SUMMARY,total_units=0|scouts_identified=0|scouts_deployed=0|enemies_detected=0|combat_opportunities=0|threat_clusters=0
22:06:00,UNKNOWN,UNKNOWN,SCOUT_IDENTIFICATION,total_units=0|scouts_found=0|scout_ids=
22:06:00,1,5,PHASE1_SUMMARY,total_units=0|scouts_identified=0|scouts_deployed=0|enemies_detected=0|combat_opportunities=0|threat_clusters=0
22:06:00,1,5,PHASE2_SUMMARY,active_plans=0|new_plans=0|executed_plans=0|aborted_plans=0
22:06:00,1,5,TURN_START,player_nation=Niemcy|total_units=0|available_units=0
22:06:00,1,5,PHASE3_SUMMARY,defenders_assigned=0|kps_covered=0|pe_secure=True|threat_level=0.0|active_plans=0
22:06:00,UNKNOWN,UNKNOWN,SCOUT_IDENTIFICATION,total_units=0|scouts_found=0|scout_ids=
22:06:00,1,5,PHASE1_SUMMARY,total_units=0|scouts_identified=0|scouts_deployed=0|enemies_detected=0|combat_opportunities=0|threat_clusters=0
22:06:00,UNKNOWN,UNKNOWN,SCOUT_IDENTIFICATION,total_units=0|scouts_found=0|scout_ids=
22:06:00,1,5,PHASE1_SUMMARY,total_units=0|scouts_identified=0|scouts_deployed=0|enemies_detected=0|combat_opportunities=0|threat_clusters=0
22:06:00,1,5,PHASE2_SUMMARY,active_plans=0|new_plans=0|executed_plans=0|aborted_plans=0
22:06:00,1,5,TURN_START,player_nation=Niemcy|total_units=0|available_units=0
22:06:00,1,5,PHASE3_SUMMARY,defenders_assigned=0|kps_covered=0|pe_secure=True|threat_level=0.0|active_plans=0
22:06:00,UNKNOWN,5,PHASE_4_COMPLETE,request_generated=False|urgency=NONE|requirements=0|priority_areas=
22:06:00,1,2,TURN_START,player_nation=Unknown|total_tokens=0|captured_kps=0
22:06:00,1,2,VP_INTELLIGENCE,"vp_status={'vp_own': 0, 'vp_enemy': 0, 'vp_gap': 0, 'turn': 1, 'max_turns': 30}|trend_direction=STABLE|threat_level=LOW|opportunities_count=0|recommendations_count=0"
22:06:00,UNKNOWN,UNKNOWN,SCOUT_IDENTIFICATION,total_units=0|scouts_found=0|scout_ids=
22:06:00,1,2,PHASE1_SUMMARY,total_units=0|scouts_identified=0|scouts_deployed=0|enemies_detected=0|combat_opportunities=0|threat_clusters=0
22:06:00,UNKNOWN,UNKNOWN,SCOUT_IDENTIFICATION,total_units=0|scouts_found=0|scout_ids=
22:06:00,1,2,PHASE1_SUMMARY,total_units=0|scouts_identified=0|scouts_deployed=0|enemies_detected=0|combat_opportunities=0|threat_clusters=0
22:06:00,1,2,PHASE2_SUMMARY,active_plans=0|new_plans=0|executed_plans=0|aborted_plans=0
22:06:00,1,2,TURN_START,player_nation=Polska|total_units=0|available_units=0
22:06:00,1,2,PHASE3_SUMMARY,defenders_assigned=0|kps_covered=0|pe_secure=True|threat_level=0.0|active_plans=0
22:06:00,UNKNOWN,UNKNOWN,SCOUT_IDENTIFICATION,total_units=0|scouts_found=0|scout_ids=
22:06:00,1,2,PHASE1_SUMMARY,total_units=0|scouts_identified=0|scouts_deployed=0|enemies_detected=0|combat_opportunities=0|threat_clusters=0
22:06:00,UNKNOWN,UNKNOWN,SCOUT_IDENTIFICATION,total_units=0|scouts_found=0|scout_ids=
22:06:00,1,2,PHASE1_SUMMARY,total_units=0|scouts_identified=0|scouts_deployed=0|enemies_detected=0|combat_opportunities=0|threat_clusters=0
22:06:00,1,2,PHASE2_SUMMARY,active_plans=0|new_plans=0|executed_plans=0|aborted_plans=0
22:06:00,1,2,TURN_START,player_nation=Polska|total_units=0|available_units=0
22:06:00,1,2,PHASE3_SUMMARY,defenders_assigned=0|kps_covered=0|pe_secure=True|threat_level=0.0|active_plans=0
22:06:00,UNKNOWN,2,PHASE_4_COMPLETE,request_generated=False|urgency=NONE|requirements=0|priority_areas=
22:06:00,1,5,TURN_START,player_nation=Unknown|total_tokens=0|captured_kps=0
22:06:00,1,5,VP_INTELLIGENCE,"vp_status={'vp_own': 0, 'vp_enemy': 0, 'vp_gap': 0, 'turn': 1, 'max_turns': 30}|trend_direction=STABLE|threat_level=LOW|opportunities_count=0|recommendations_count=0"
22:06:00,UNKNOWN,UNKNOWN,SCOUT_IDENTIFICATION,total_units=0|scouts_found=0|scout_ids=
22:06:00,1,5,PHASE1_SUMMARY,total_units=0|scouts_identified=0|scouts_deployed=0|enemies_detected=0|combat_opportunities=0|threat_clusters=0
22:06:00,UNKNOWN,UNKNOWN,SCOUT_IDENTIFICATION,total_units=0|scouts_found=0|scout_ids=
22:06:00,1,5,PHASE1_SUMMARY,total_units=0|scouts_identified=0|scouts_deployed=0|enemies_detected=0|combat_opportunities=0|threat_clusters=0
22:06:00,1,5,PHASE2_SUMMARY,active_plans=0|new_plans=0|executed_plans=0|aborted_plans=0
22:06:00,1,5,TURN_START,player_nation=Niemcy|total_units=0|available_units=0
22:06:00,1,5,PHASE3_SUMMARY,defenders_assigned=0|kps_covered=0|pe_secure=True|threat_level=0.0|active_plans=0
22:06:00,UNKNOWN,UNKNOWN,SCOUT_IDENTIFICATION,total_units=0|scouts_found=0|scout_ids=
22:06:00,1,5,PHASE1_SUMMARY,total_units=0|scouts_identified=0|scouts_deployed=0|enemies_detected=0|combat_opportunities=0|threat_clusters=0
22:06:00,UNKNOWN,UNKNOWN,SCOUT_IDENTIFICATION,total_units=0|scouts_found=0|scout_ids=
22:06:00,1,5,PHASE1_SUMMARY,total_units=0|scouts_identified=0|scouts_deployed=0|enemies_detected=0|combat_opportunities=0|threat_clusters=0
22:06:00,1,5,PHASE2_SUMMARY,active_plans=0|new_plans=0|executed_plans=0|aborted_plans=0
22:06:00,1,5,TURN_START,player_nation=Niemcy|total_units=0|available_units=0
22:06:00,1,5,PHASE3_SUMMARY,defenders_assigned=0|kps_covered=0|pe_secure=True|threat_level=0.0|active_plans=0
22:06:00,UNKNOWN,5,PHASE_4_COMPLETE,request_generated=False|urgency=NONE|requirements=0|priority_areas=
22:06:01,1,2,TURN_START,player_nation=Unknown|total_tokens=0|captured_kps=0
22:06:01,1,2,VP_INTELLIGENCE,"vp_status={'vp_own': 0, 'vp_enemy': 0, 'vp_gap': 0, 'turn': 1, 'max_turns': 30}|trend_direction=STABLE|threat_level=LOW|opportunities_count=0|recommendations_count=0"
22:06:01,UNKNOWN,UNKNOWN,SCOUT_IDENTIFICATION,total_units=0|scouts_found=0|scout_ids=
22:06:01,1,2,PHASE1_SUMMARY,total_units=0|scouts_identified=0|scouts_deployed=0|enemies_detected=0|combat_opportunities=0|threat_clusters=0
22:06:01,UNKNOWN,UNKNOWN,SCOUT_IDENTIFICATION,total_units=0|scouts_found=0|scout_ids=
22:06:01,1,2,PHASE1_SUMMARY,total_units=0|scouts_identified=0|scouts_deployed=0|enemies_detected=0|combat_opportunities=0|threat_clusters=0
22:06:01,1,2,PHASE2_SUMMARY,active_plans=0|new_plans=0|executed_plans=0|aborted_plans=0
22:06:01,1,2,TURN_START,player_nation=Polska|total_units=0|available_units=0
22:06:01,1,2,PHASE3_SUMMARY,defenders_assigned=0|kps_covered=0|pe_secure=True|threat_level=0.0|active_plans=0
22:06:01,UNKNOWN,UNKNOWN,SCOUT_IDENTIFICATION,total_units=0|scouts_found=0|scout_ids=
22:06:01,1,2,PHASE1_SUMMARY,total_units=0|scouts_identified=0|scouts_deployed=0|enemies_detected=0|combat_opportunities=0|threat_clusters=0
22:06:01,UNKNOWN,UNKNOWN,SCOUT_IDENTIFICATION,total_units=0|scouts_found=0|scout_ids=
22:06:01,1,2,PHASE1_SUMMARY,total_units=0|scouts_identified=0|scouts_deployed=0|enemies_detected=0|combat_opportunities=0|threat_clusters=0
22:06:01,1,2,PHASE2_SUMMARY,active_plans=0|new_plans=0|executed_plans=0|aborted_plans=0
22:06:01,1,2,TURN_START,player_nation=Polska|total_units=0|available_units=0
22:06:01,1,2,PHASE3_SUMMARY,defenders_assigned=0|kps_covered=0|pe_secure=True|threat_level=0.0|active_plans=0
22:06:01,UNKNOWN,2,PHASE_4_COMPLETE,request_generated=False|urgency=NONE|requirements=0|priority_areas=
22:06:01,1,5,TURN_START,player_nation=Unknown|total_tokens=0|captured_kps=0
22:06:01,1,5,VP_INTELLIGENCE,"vp_status={'vp_own': 0, 'vp_enemy': 0, 'vp_gap': 0, 'turn': 1, 'max_turns': 30}|trend_direction=STABLE|threat_level=LOW|opportunities_count=0|recommendations_count=0"
22:06:01,UNKNOWN,UNKNOWN,SCOUT_IDENTIFICATION,total_units=0|scouts_found=0|scout_ids=
22:06:01,1,5,PHASE1_SUMMARY,total_units=0|scouts_identified=0|scouts_deployed=0|enemies_detected=0|combat_opportunities=0|threat_clusters=0
22:06:01,UNKNOWN,UNKNOWN,SCOUT_IDENTIFICATION,total_units=0|scouts_found=0|scout_ids=
22:06:01,1,5,PHASE1_SUMMARY,total_units=0|scouts_identified=0|scouts_deployed=0|enemies_detected=0|combat_opportunities=0|threat_clusters=0
22:06:01,1,5,PHASE2_SUMMARY,active_plans=0|new_plans=0|executed_plans=0|aborted_plans=0
22:06:01,1,5,TURN_START,player_nation=Niemcy|total_units=0|available_units=0
22:06:01,1,5,PHASE3_SUMMARY,defenders_assigned=0|kps_covered=0|pe_secure=True|threat_level=0.0|active_plans=0
22:06:01,UNKNOWN,UNKNOWN,SCOUT_IDENTIFICATION,total_units=0|scouts_found=0|scout_ids=
22:06:01,1,5,PHASE1_SUMMARY,total_units=0|scouts_identified=0|scouts_deployed=0|enemies_detected=0|combat_opportunities=0|threat_clusters=0
22:06:01,UNKNOWN,UNKNOWN,SCOUT_IDENTIFICATION,total_units=0|scouts_found=0|scout_ids=
22:06:01,1,5,PHASE1_SUMMARY,total_units=0|scouts_identified=0|scouts_deployed=0|enemies_detected=0|combat_opportunities=0|threat_clusters=0
22:06:01,1,5,PHASE2_SUMMARY,active_plans=0|new_plans=0|executed_plans=0|aborted_plans=0
22:06:01,1,5,TURN_START,player_nation=Niemcy|total_units=0|available_units=0
22:06:01,1,5,PHASE3_SUMMARY,defenders_assigned=0|kps_covered=0|pe_secure=True|threat_level=0.0|active_plans=0
22:06:01,UNKNOWN,5,PHASE_4_COMPLETE,request_generated=False|urgency=NONE|requirements=0|priority_areas=
22:06:01,1,2,TURN_START,player_nation=Unknown|total_tokens=0|captured_kps=0
22:06:01,1,2,VP_INTELLIGENCE,"vp_status={'vp_own': 0, 'vp_enemy': 0, 'vp_gap': 0, 'turn': 1, 'max_turns': 30}|trend_direction=STABLE|threat_level=LOW|opportunities_count=0|recommendations_count=0"
22:06:01,UNKNOWN,UNKNOWN,SCOUT_IDENTIFICATION,total_units=0|scouts_found=0|scout_ids=
22:06:01,1,2,PHASE1_SUMMARY,total_units=0|scouts_identified=0|scouts_deployed=0|enemies_detected=0|combat_opportunities=0|threat_clusters=0
22:06:01,UNKNOWN,UNKNOWN,SCOUT_IDENTIFICATION,total_units=0|scouts_found=0|scout_ids=
22:06:01,1,2,PHASE1_SUMMARY,total_units=0|scouts_identified=0|scouts_deployed=0|enemies_detected=0|combat_opportunities=0|threat_clusters=0
22:06:01,1,2,PHASE2_SUMMARY,active_plans=0|new_plans=0|executed_plans=0|aborted_plans=0
22:06:01,1,2,TURN_START,player_nation=Polska|total_units=0|available_units=0
22:06:01,1,2,PHASE3_SUMMARY,defenders_assigned=0|kps_covered=0|pe_secure=True|threat_level=0.0|active_plans=0
22:06:01,UNKNOWN,UNKNOWN,SCOUT_IDENTIFICATION,total_units=0|scouts_found=0|scout_ids=
22:06:01,1,2,PHASE1_SUMMARY,total_units=0|scouts_identified=0|scouts_deployed=0|enemies_detected=0|combat_opportunities=0|threat_clusters=0
22:06:01,UNKNOWN,UNKNOWN,SCOUT_IDENTIFICATION,total_units=0|scouts_found=0|scout_ids=
22:06:01,1,2,PHASE1_SUMMARY,total_units=0|scouts_identified=0|scouts_deployed=0|enemies_detected=0|combat_opportunities=0|threat_clusters=0
22:06:01,1,2,PHASE2_SUMMARY,active_plans=0|new_plans=0|executed_plans=0|aborted_plans=0
22:06:01,1,2,TURN_START,player_nation=Polska|total_units=0|available_units=0
22:06:01,1,2,PHASE3_SUMMARY,defenders_assigned=0|kps_covered=0|pe_secure=True|threat_level=0.0|active_plans=0
22:06:01,UNKNOWN,2,PHASE_4_COMPLETE,request_generated=False|urgency=NONE|requirements=0|priority_areas=
22:06:01,1,5,TURN_START,player_nation=Unknown|total_tokens=0|captured_kps=0
22:06:01,1,5,VP_INTELLIGENCE,"vp_status={'vp_own': 0, 'vp_enemy': 0, 'vp_gap': 0, 'turn': 1, 'max_turns': 30}|trend_direction=STABLE|threat_level=LOW|opportunities_count=0|recommendations_count=0"
22:06:01,UNKNOWN,UNKNOWN,SCOUT_IDENTIFICATION,total_units=0|scouts_found=0|scout_ids=
22:06:01,1,5,PHASE1_SUMMARY,total_units=0|scouts_identified=0|scouts_deployed=0|enemies_detected=0|combat_opportunities=0|threat_clusters=0
22:06:01,UNKNOWN,UNKNOWN,SCOUT_IDENTIFICATION,total_units=0|scouts_found=0|scout_ids=
22:06:01,1,5,PHASE1_SUMMARY,total_units=0|scouts_identified=0|scouts_deployed=0|enemies_detected=0|combat_opportunities=0|threat_clusters=0
22:06:01,1,5,PHASE2_SUMMARY,active_plans=0|new_plans=0|executed_plans=0|aborted_plans=0
22:06:01,1,5,TURN_START,player_nation=Niemcy|total_units=0|available_units=0
22:06:01,1,5,PHASE3_SUMMARY,defenders_assigned=0|kps_covered=0|pe_secure=True|threat_level=0.0|active_plans=0
22:06:01,UNKNOWN,UNKNOWN,SCOUT_IDENTIFICATION,total_units=0|scouts_found=0|scout_ids=
22:06:01,1,5,PHASE1_SUMMARY,total_units=0|scouts_identified=0|scouts_deployed=0|enemies_detected=0|combat_opportunities=0|threat_clusters=0
22:06:01,UNKNOWN,UNKNOWN,SCOUT_IDENTIFICATION,total_units=0|scouts_found=0|scout_ids=
22:06:01,1,5,PHASE1_SUMMARY,total_units=0|scouts_identified=0|scouts_deployed=0|enemies_detected=0|combat_opportunities=0|threat_clusters=0
22:06:01,1,5,PHASE2_SUMMARY,active_plans=0|new_plans=0|executed_plans=0|aborted_plans=0
22:06:01,1,5,TURN_START,player_nation=Niemcy|total_units=0|available_units=0
22:06:01,1,5,PHASE3_SUMMARY,defenders_assigned=0|kps_covered=0|pe_secure=True|threat_level=0.0|active_plans=0
22:06:01,UNKNOWN,5,PHASE_4_COMPLETE,request_generated=False|urgency=NONE|requirements=0|priority_areas=
22:06:01,1,2,TURN_START,player_nation=Unknown|total_tokens=0|captured_kps=0
22:06:01,1,2,VP_INTELLIGENCE,"vp_status={'vp_own': 0, 'vp_enemy': 0, 'vp_gap': 0, 'turn': 1, 'max_turns': 30}|trend_direction=STABLE|threat_level=LOW|opportunities_count=0|recommendations_count=0"
22:06:01,UNKNOWN,UNKNOWN,SCOUT_IDENTIFICATION,total_units=0|scouts_found=0|scout_ids=
22:06:01,1,2,PHASE1_SUMMARY,total_units=0|scouts_identified=0|scouts_deployed=0|enemies_detected=0|combat_opportunities=0|threat_clusters=0
22:06:01,UNKNOWN,UNKNOWN,SCOUT_IDENTIFICATION,total_units=0|scouts_found=0|scout_ids=
22:06:01,1,2,PHASE1_SUMMARY,total_units=0|scouts_identified=0|scouts_deployed=0|enemies_detected=0|combat_opportunities=0|threat_clusters=0
22:06:01,1,2,PHASE2_SUMMARY,active_plans=0|new_plans=0|executed_plans=0|aborted_plans=0
22:06:01,1,2,TURN_START,player_nation=Polska|total_units=0|available_units=0
22:06:01,1,2,PHASE3_SUMMARY,defenders_assigned=0|kps_covered=0|pe_secure=True|threat_level=0.0|active_plans=0
22:06:01,UNKNOWN,UNKNOWN,SCOUT_IDENTIFICATION,total_units=0|scouts_found=0|scout_ids=
22:06:01,1,2,PHASE1_SUMMARY,total_units=0|scouts_identified=0|scouts_deployed=0|enemies_detected=0|combat_opportunities=0|threat_clusters=0
22:06:01,UNKNOWN,UNKNOWN,SCOUT_IDENTIFICATION,total_units=0|scouts_found=0|scout_ids=
22:06:01,1,2,PHASE1_SUMMARY,total_units=0|scouts_identified=0|scouts_deployed=0|enemies_detected=0|combat_opportunities=0|threat_clusters=0
22:06:01,1,2,PHASE2_SUMMARY,active_plans=0|new_plans=0|executed_plans=0|aborted_plans=0
22:06:01,1,2,TURN_START,player_nation=Polska|total_units=0|available_units=0
22:06:01,1,2,PHASE3_SUMMARY,defenders_assigned=0|kps_covered=0|pe_secure=True|threat_level=0.0|active_plans=0
22:06:01,UNKNOWN,2,PHASE_4_COMPLETE,request_generated=False|urgency=NONE|requirements=0|priority_areas=
22:06:02,1,5,TURN_START,player_nation=Unknown|total_tokens=0|captured_kps=0
22:06:02,1,5,VP_INTELLIGENCE,"vp_status={'vp_own': 0, 'vp_enemy': 0, 'vp_gap': 0, 'turn': 1, 'max_turns': 30}|trend_direction=STABLE|threat_level=LOW|opportunities_count=0|recommendations_count=0"
22:06:02,UNKNOWN,UNKNOWN,SCOUT_IDENTIFICATION,total_units=0|scouts_found=0|scout_ids=
22:06:02,1,5,PHASE1_SUMMARY,total_units=0|scouts_identified=0|scouts_deployed=0|enemies_detected=0|combat_opportunities=0|threat_clusters=0
22:06:02,UNKNOWN,UNKNOWN,SCOUT_IDENTIFICATION,total_units=0|scouts_found=0|scout_ids=
22:06:02,1,5,PHASE1_SUMMARY,total_units=0|scouts_identified=0|scouts_deployed=0|enemies_detected=0|combat_opportunities=0|threat_clusters=0
22:06:02,1,5,PHASE2_SUMMARY,active_plans=0|new_plans=0|executed_plans=0|aborted_plans=0
22:06:02,1,5,TURN_START,player_nation=Niemcy|total_units=0|available_units=0
22:06:02,1,5,PHASE3_SUMMARY,defenders_assigned=0|kps_covered=0|pe_secure=True|threat_level=0.0|active_plans=0
22:06:02,UNKNOWN,UNKNOWN,SCOUT_IDENTIFICATION,total_units=0|scouts_found=0|scout_ids=
22:06:02,1,5,PHASE1_SUMMARY,total_units=0|scouts_identified=0|scouts_deployed=0|enemies_detected=0|combat_opportunities=0|threat_clusters=0
22:06:02,UNKNOWN,UNKNOWN,SCOUT_IDENTIFICATION,total_units=0|scouts_found=0|scout_ids=
22:06:02,1,5,PHASE1_SUMMARY,total_units=0|scouts_identified=0|scouts_deployed=0|enemies_detected=0|combat_opportunities=0|threat_clusters=0
22:06:02,1,5,PHASE2_SUMMARY,active_plans=0|new_plans=0|executed_plans=0|aborted_plans=0
22:06:02,1,5,TURN_START,player_nation=Niemcy|total_units=0|available_units=0
22:06:02,1,5,PHASE3_SUMMARY,defenders_assigned=0|kps_covered=0|pe_secure=True|threat_level=0.0|active_plans=0
22:06:02,UNKNOWN,5,PHASE_4_COMPLETE,request_generated=False|urgency=NONE|requirements=0|priority_areas=
22:06:02,1,2,TURN_START,player_nation=Unknown|total_tokens=0|captured_kps=0
22:06:02,1,2,VP_INTELLIGENCE,"vp_status={'vp_own': 0, 'vp_enemy': 0, 'vp_gap': 0, 'turn': 1, 'max_turns': 30}|trend_direction=STABLE|threat_level=LOW|opportunities_count=0|recommendations_count=0"
22:06:02,UNKNOWN,UNKNOWN,SCOUT_IDENTIFICATION,total_units=0|scouts_found=0|scout_ids=
22:06:02,1,2,PHASE1_SUMMARY,total_units=0|scouts_identified=0|scouts_deployed=0|enemies_detected=0|combat_opportunities=0|threat_clusters=0
22:06:02,UNKNOWN,UNKNOWN,SCOUT_IDENTIFICATION,total_units=0|scouts_found=0|scout_ids=
22:06:02,1,2,PHASE1_SUMMARY,total_units=0|scouts_identified=0|scouts_deployed=0|enemies_detected=0|combat_opportunities=0|threat_clusters=0
22:06:02,1,2,PHASE2_SUMMARY,active_plans=0|new_plans=0|executed_plans=0|aborted_plans=0
22:06:02,1,2,TURN_START,player_nation=Polska|total_units=0|available_units=0
22:06:02,1,2,PHASE3_SUMMARY,defenders_assigned=0|kps_covered=0|pe_secure=True|threat_level=0.0|active_plans=0
22:06:02,UNKNOWN,UNKNOWN,SCOUT_IDENTIFICATION,total_units=0|scouts_found=0|scout_ids=
22:06:02,1,2,PHASE1_SUMMARY,total_units=0|scouts_identified=0|scouts_deployed=0|enemies_detected=0|combat_opportunities=0|threat_clusters=0
22:06:02,UNKNOWN,UNKNOWN,SCOUT_IDENTIFICATION,total_units=0|scouts_found=0|scout_ids=
22:06:02,1,2,PHASE1_SUMMARY,total_units=0|scouts_identified=0|scouts_deployed=0|enemies_detected=0|combat_opportunities=0|threat_clusters=0
22:06:02,1,2,PHASE2_SUMMARY,active_plans=0|new_plans=0|executed_plans=0|aborted_plans=0
22:06:02,1,2,TURN_START,player_nation=Polska|total_units=0|available_units=0
22:06:02,1,2,PHASE3_SUMMARY,defenders_assigned=0|kps_covered=0|pe_secure=True|threat_level=0.0|active_plans=0
22:06:02,UNKNOWN,2,PHASE_4_COMPLETE,request_generated=False|urgency=NONE|requirements=0|priority_areas=
22:06:03,1,5,TURN_START,player_nation=Unknown|total_tokens=0|captured_kps=0
22:06:03,1,5,VP_INTELLIGENCE,"vp_status={'vp_own': 0, 'vp_enemy': 0, 'vp_gap': 0, 'turn': 1, 'max_turns': 30}|trend_direction=STABLE|threat_level=LOW|opportunities_count=0|recommendations_count=0"
22:06:03,UNKNOWN,UNKNOWN,SCOUT_IDENTIFICATION,total_units=0|scouts_found=0|scout_ids=
22:06:03,1,5,PHASE1_SUMMARY,total_units=0|scouts_identified=0|scouts_deployed=0|enemies_detected=0|combat_opportunities=0|threat_clusters=0
22:06:03,UNKNOWN,UNKNOWN,SCOUT_IDENTIFICATION,total_units=0|scouts_found=0|scout_ids=
22:06:03,1,5,PHASE1_SUMMARY,total_units=0|scouts_identified=0|scouts_deployed=0|enemies_detected=0|combat_opportunities=0|threat_clusters=0
22:06:03,1,5,PHASE2_SUMMARY,active_plans=0|new_plans=0|executed_plans=0|aborted_plans=0
22:06:03,1,5,TURN_START,player_nation=Niemcy|total_units=0|available_units=0
22:06:03,1,5,PHASE3_SUMMARY,defenders_assigned=0|kps_covered=0|pe_secure=True|threat_level=0.0|active_plans=0
22:06:03,UNKNOWN,UNKNOWN,SCOUT_IDENTIFICATION,total_units=0|scouts_found=0|scout_ids=
22:06:03,1,5,PHASE1_SUMMARY,total_units=0|scouts_identified=0|scouts_deployed=0|enemies_detected=0|combat_opportunities=0|threat_clusters=0
22:06:03,UNKNOWN,UNKNOWN,SCOUT_IDENTIFICATION,total_units=0|scouts_found=0|scout_ids=
22:06:03,1,5,PHASE1_SUMMARY,total_units=0|scouts_identified=0|scouts_deployed=0|enemies_detected=0|combat_opportunities=0|threat_clusters=0
22:06:03,1,5,PHASE2_SUMMARY,active_plans=0|new_plans=0|executed_plans=0|aborted_plans=0
22:06:03,1,5,TURN_START,player_nation=Niemcy|total_units=0|available_units=0
22:06:03,1,5,PHASE3_SUMMARY,defenders_assigned=0|kps_covered=0|pe_secure=True|threat_level=0.0|active_plans=0
22:06:03,UNKNOWN,5,PHASE_4_COMPLETE,request_generated=False|urgency=NONE|requirements=0|priority_areas=
22:06:03,1,2,TURN_START,player_nation=Unknown|total_tokens=0|captured_kps=0
22:06:03,1,2,VP_INTELLIGENCE,"vp_status={'vp_own': 0, 'vp_enemy': 0, 'vp_gap': 0, 'turn': 1, 'max_turns': 30}|trend_direction=STABLE|threat_level=LOW|opportunities_count=0|recommendations_count=0"
22:06:03,UNKNOWN,UNKNOWN,SCOUT_IDENTIFICATION,total_units=0|scouts_found=0|scout_ids=
22:06:03,1,2,PHASE1_SUMMARY,total_units=0|scouts_identified=0|scouts_deployed=0|enemies_detected=0|combat_opportunities=0|threat_clusters=0
22:06:03,UNKNOWN,UNKNOWN,SCOUT_IDENTIFICATION,total_units=0|scouts_found=0|scout_ids=
22:06:03,1,2,PHASE1_SUMMARY,total_units=0|scouts_identified=0|scouts_deployed=0|enemies_detected=0|combat_opportunities=0|threat_clusters=0
22:06:03,1,2,PHASE2_SUMMARY,active_plans=0|new_plans=0|executed_plans=0|aborted_plans=0
22:06:03,1,2,TURN_START,player_nation=Polska|total_units=0|available_units=0
22:06:03,1,2,PHASE3_SUMMARY,defenders_assigned=0|kps_covered=0|pe_secure=True|threat_level=0.0|active_plans=0
22:06:03,UNKNOWN,UNKNOWN,SCOUT_IDENTIFICATION,total_units=0|scouts_found=0|scout_ids=
22:06:03,1,2,PHASE1_SUMMARY,total_units=0|scouts_identified=0|scouts_deployed=0|enemies_detected=0|combat_opportunities=0|threat_clusters=0
22:06:03,UNKNOWN,UNKNOWN,SCOUT_IDENTIFICATION,total_units=0|scouts_found=0|scout_ids=
22:06:03,1,2,PHASE1_SUMMARY,total_units=0|scouts_identified=0|scouts_deployed=0|enemies_detected=0|combat_opportunities=0|threat_clusters=0
22:06:03,1,2,PHASE2_SUMMARY,active_plans=0|new_plans=0|executed_plans=0|aborted_plans=0
22:06:03,1,2,TURN_START,player_nation=Polska|total_units=0|available_units=0
22:06:03,1,2,PHASE3_SUMMARY,defenders_assigned=0|kps_covered=0|pe_secure=True|threat_level=0.0|active_plans=0
22:06:03,UNKNOWN,2,PHASE_4_COMPLETE,request_generated=False|urgency=NONE|requirements=0|priority_areas=
22:06:04,1,5,TURN_START,player_nation=Unknown|total_tokens=0|captured_kps=0
22:06:04,1,5,VP_INTELLIGENCE,"vp_status={'vp_own': 0, 'vp_enemy': 0, 'vp_gap': 0, 'turn': 1, 'max_turns': 30}|trend_direction=STABLE|threat_level=LOW|opportunities_count=0|recommendations_count=0"
22:06:04,UNKNOWN,UNKNOWN,SCOUT_IDENTIFICATION,total_units=0|scouts_found=0|scout_ids=
22:06:04,1,5,PHASE1_SUMMARY,total_units=0|scouts_identified=0|scouts_deployed=0|enemies_detected=0|combat_opportunities=0|threat_clusters=0
22:06:04,UNKNOWN,UNKNOWN,SCOUT_IDENTIFICATION,total_units=0|scouts_found=0|scout_ids=
22:06:04,1,5,PHASE1_SUMMARY,total_units=0|scouts_identified=0|scouts_deployed=0|enemies_detected=0|combat_opportunities=0|threat_clusters=0
22:06:04,1,5,PHASE2_SUMMARY,active_plans=0|new_plans=0|executed_plans=0|aborted_plans=0
22:06:04,1,5,TURN_START,player_nation=Niemcy|total_units=0|available_units=0
22:06:04,1,5,PHASE3_SUMMARY,defenders_assigned=0|kps_covered=0|pe_secure=True|threat_level=0.0|active_plans=0
22:06:04,UNKNOWN,UNKNOWN,SCOUT_IDENTIFICATION,total_units=0|scouts_found=0|scout_ids=
22:06:04,1,5,PHASE1_SUMMARY,total_units=0|scouts_identified=0|scouts_deployed=0|enemies_detected=0|combat_opportunities=0|threat_clusters=0
22:06:04,UNKNOWN,UNKNOWN,SCOUT_IDENTIFICATION,total_units=0|scouts_found=0|scout_ids=
22:06:04,1,5,PHASE1_SUMMARY,total_units=0|scouts_identified=0|scouts_deployed=0|enemies_detected=0|combat_opportunities=0|threat_clusters=0
22:06:04,1,5,PHASE2_SUMMARY,active_plans=0|new_plans=0|executed_plans=0|aborted_plans=0
22:06:04,1,5,TURN_START,player_nation=Niemcy|total_units=0|available_units=0
22:06:04,1,5,PHASE3_SUMMARY,defenders_assigned=0|kps_covered=0|pe_secure=True|threat_level=0.0|active_plans=0
22:06:04,UNKNOWN,5,PHASE_4_COMPLETE,request_generated=False|urgency=NONE|requirements=0|priority_areas=
22:06:04,1,2,TURN_START,player_nation=Unknown|total_tokens=0|captured_kps=0
22:06:04,1,2,VP_INTELLIGENCE,"vp_status={'vp_own': 0, 'vp_enemy': 0, 'vp_gap': 0, 'turn': 1, 'max_turns': 30}|trend_direction=STABLE|threat_level=LOW|opportunities_count=0|recommendations_count=0"
22:06:04,UNKNOWN,UNKNOWN,SCOUT_IDENTIFICATION,total_units=0|scouts_found=0|scout_ids=
22:06:04,1,2,PHASE1_SUMMARY,total_units=0|scouts_identified=0|scouts_deployed=0|enemies_detected=0|combat_opportunities=0|threat_clusters=0
22:06:04,UNKNOWN,UNKNOWN,SCOUT_IDENTIFICATION,total_units=0|scouts_found=0|scout_ids=
22:06:04,1,2,PHASE1_SUMMARY,total_units=0|scouts_identified=0|scouts_deployed=0|enemies_detected=0|combat_opportunities=0|threat_clusters=0
22:06:04,1,2,PHASE2_SUMMARY,active_plans=0|new_plans=0|executed_plans=0|aborted_plans=0
22:06:04,1,2,TURN_START,player_nation=Polska|total_units=0|available_units=0
22:06:04,1,2,PHASE3_SUMMARY,defenders_assigned=0|kps_covered=0|pe_secure=True|threat_level=0.0|active_plans=0
22:06:04,UNKNOWN,UNKNOWN,SCOUT_IDENTIFICATION,total_units=0|scouts_found=0|scout_ids=
22:06:04,1,2,PHASE1_SUMMARY,total_units=0|scouts_identified=0|scouts_deployed=0|enemies_detected=0|combat_opportunities=0|threat_clusters=0
22:06:04,UNKNOWN,UNKNOWN,SCOUT_IDENTIFICATION,total_units=0|scouts_found=0|scout_ids=
22:06:04,1,2,PHASE1_SUMMARY,total_units=0|scouts_identified=0|scouts_deployed=0|enemies_detected=0|combat_opportunities=0|threat_clusters=0
22:06:04,1,2,PHASE2_SUMMARY,active_plans=0|new_plans=0|executed_plans=0|aborted_plans=0
22:06:04,1,2,TURN_START,player_nation=Polska|total_units=0|available_units=0
22:06:04,1,2,PHASE3_SUMMARY,defenders_assigned=0|kps_covered=0|pe_secure=True|threat_level=0.0|active_plans=0
22:06:04,UNKNOWN,2,PHASE_4_COMPLETE,request_generated=False|urgency=NONE|requirements=0|priority_areas=
22:06:05,1,5,TURN_START,player_nation=Unknown|total_tokens=0|captured_kps=0
22:06:05,1,5,VP_INTELLIGENCE,"vp_status={'vp_own': 0, 'vp_enemy': 0, 'vp_gap': 0, 'turn': 1, 'max_turns': 30}|trend_direction=STABLE|threat_level=LOW|opportunities_count=0|recommendations_count=0"
22:06:05,UNKNOWN,UNKNOWN,SCOUT_IDENTIFICATION,total_units=0|scouts_found=0|scout_ids=
22:06:05,1,5,PHASE1_SUMMARY,total_units=0|scouts_identified=0|scouts_deployed=0|enemies_detected=0|combat_opportunities=0|threat_clusters=0
22:06:05,UNKNOWN,UNKNOWN,SCOUT_IDENTIFICATION,total_units=0|scouts_found=0|scout_ids=
22:06:05,1,5,PHASE1_SUMMARY,total_units=0|scouts_identified=0|scouts_deployed=0|enemies_detected=0|combat_opportunities=0|threat_clusters=0
22:06:05,1,5,PHASE2_SUMMARY,active_plans=0|new_plans=0|executed_plans=0|aborted_plans=0
22:06:05,1,5,TURN_START,player_nation=Niemcy|total_units=0|available_units=0
22:06:05,1,5,PHASE3_SUMMARY,defenders_assigned=0|kps_covered=0|pe_secure=True|threat_level=0.0|active_plans=0
22:06:05,UNKNOWN,UNKNOWN,SCOUT_IDENTIFICATION,total_units=0|scouts_found=0|scout_ids=
22:06:05,1,5,PHASE1_SUMMARY,total_units=0|scouts_identified=0|scouts_deployed=0|enemies_detected=0|combat_opportunities=0|threat_clusters=0
22:06:05,UNKNOWN,UNKNOWN,SCOUT_IDENTIFICATION,total_units=0|scouts_found=0|scout_ids=
22:06:05,1,5,PHASE1_SUMMARY,total_units=0|scouts_identified=0|scouts_deployed=0|enemies_detected=0|combat_opportunities=0|threat_clusters=0
22:06:05,1,5,PHASE2_SUMMARY,active_plans=0|new_plans=0|executed_plans=0|aborted_plans=0
22:06:05,1,5,TURN_START,player_nation=Niemcy|total_units=0|available_units=0
22:06:05,1,5,PHASE3_SUMMARY,defenders_assigned=0|kps_covered=0|pe_secure=True|threat_level=0.0|active_plans=0
22:06:05,UNKNOWN,5,PHASE_4_COMPLETE,request_generated=False|urgency=NONE|requirements=0|priority_areas=
22:06:05,1,2,TURN_START,player_nation=Unknown|total_tokens=0|captured_kps=0
22:06:05,1,2,VP_INTELLIGENCE,"vp_status={'vp_own': 0, 'vp_enemy': 0, 'vp_gap': 0, 'turn': 1, 'max_turns': 30}|trend_direction=STABLE|threat_level=LOW|opportunities_count=0|recommendations_count=0"
22:06:05,UNKNOWN,UNKNOWN,SCOUT_IDENTIFICATION,total_units=0|scouts_found=0|scout_ids=
22:06:05,1,2,PHASE1_SUMMARY,total_units=0|scouts_identified=0|scouts_deployed=0|enemies_detected=0|combat_opportunities=0|threat_clusters=0
22:06:05,UNKNOWN,UNKNOWN,SCOUT_IDENTIFICATION,total_units=0|scouts_found=0|scout_ids=
22:06:05,1,2,PHASE1_SUMMARY,total_units=0|scouts_identified=0|scouts_deployed=0|enemies_detected=0|combat_opportunities=0|threat_clusters=0
22:06:05,1,2,PHASE2_SUMMARY,active_plans=0|new_plans=0|executed_plans=0|aborted_plans=0
22:06:05,1,2,TURN_START,player_nation=Polska|total_units=0|available_units=0
22:06:05,1,2,PHASE3_SUMMARY,defenders_assigned=0|kps_covered=0|pe_secure=True|threat_level=0.0|active_plans=0
22:06:05,UNKNOWN,UNKNOWN,SCOUT_IDENTIFICATION,total_units=0|scouts_found=0|scout_ids=
22:06:05,1,2,PHASE1_SUMMARY,total_units=0|scouts_identified=0|scouts_deployed=0|enemies_detected=0|combat_opportunities=0|threat_clusters=0
22:06:05,UNKNOWN,UNKNOWN,SCOUT_IDENTIFICATION,total_units=0|scouts_found=0|scout_ids=
22:06:05,1,2,PHASE1_SUMMARY,total_units=0|scouts_identified=0|scouts_deployed=0|enemies_detected=0|combat_opportunities=0|threat_clusters=0
22:06:05,1,2,PHASE2_SUMMARY,active_plans=0|new_plans=0|executed_plans=0|aborted_plans=0
22:06:05,1,2,TURN_START,player_nation=Polska|total_units=0|available_units=0
22:06:05,1,2,PHASE3_SUMMARY,defenders_assigned=0|kps_covered=0|pe_secure=True|threat_level=0.0|active_plans=0
22:06:05,UNKNOWN,2,PHASE_4_COMPLETE,request_generated=False|urgency=NONE|requirements=0|priority_areas=
22:06:05,1,5,TURN_START,player_nation=Unknown|total_tokens=0|captured_kps=0
22:06:05,1,5,VP_INTELLIGENCE,"vp_status={'vp_own': 0, 'vp_enemy': 0, 'vp_gap': 0, 'turn': 1, 'max_turns': 30}|trend_direction=STABLE|threat_level=LOW|opportunities_count=0|recommendations_count=0"
22:06:05,UNKNOWN,UNKNOWN,SCOUT_IDENTIFICATION,total_units=0|scouts_found=0|scout_ids=
22:06:05,1,5,PHASE1_SUMMARY,total_units=0|scouts_identified=0|scouts_deployed=0|enemies_detected=0|combat_opportunities=0|threat_clusters=0
22:06:05,UNKNOWN,UNKNOWN,SCOUT_IDENTIFICATION,total_units=0|scouts_found=0|scout_ids=
22:06:05,1,5,PHASE1_SUMMARY,total_units=0|scouts_identified=0|scouts_deployed=0|enemies_detected=0|combat_opportunities=0|threat_clusters=0
22:06:05,1,5,PHASE2_SUMMARY,active_plans=0|new_plans=0|executed_plans=0|aborted_plans=0
22:06:05,1,5,TURN_START,player_nation=Niemcy|total_units=0|available_units=0
22:06:05,1,5,PHASE3_SUMMARY,defenders_assigned=0|kps_covered=0|pe_secure=True|threat_level=0.0|active_plans=0
22:06:05,UNKNOWN,UNKNOWN,SCOUT_IDENTIFICATION,total_units=0|scouts_found=0|scout_ids=
22:06:05,1,5,PHASE1_SUMMARY,total_units=0|scouts_identified=0|scouts_deployed=0|enemies_detected=0|combat_opportunities=0|threat_clusters=0
22:06:05,UNKNOWN,UNKNOWN,SCOUT_IDENTIFICATION,total_units=0|scouts_found=0|scout_ids=
22:06:05,1,5,PHASE1_SUMMARY,total_units=0|scouts_identified=0|scouts_deployed=0|enemies_detected=0|combat_opportunities=0|threat_clusters=0
22:06:05,1,5,PHASE2_SUMMARY,active_plans=0|new_plans=0|executed_plans=0|aborted_plans=0
22:06:05,1,5,TURN_START,player_nation=Niemcy|total_units=0|available_units=0
22:06:05,1,5,PHASE3_SUMMARY,defenders_assigned=0|kps_covered=0|pe_secure=True|threat_level=0.0|active_plans=0
22:06:05,UNKNOWN,5,PHASE_4_COMPLETE,request_generated=False|urgency=NONE|requirements=0|priority_areas=
22:06:06,1,2,TURN_START,player_nation=Unknown|total_tokens=0|captured_kps=0
22:06:06,1,2,VP_INTELLIGENCE,"vp_status={'vp_own': 0, 'vp_enemy': 0, 'vp_gap': 0, 'turn': 1, 'max_turns': 30}|trend_direction=STABLE|threat_level=LOW|opportunities_count=0|recommendations_count=0"
22:06:06,UNKNOWN,UNKNOWN,SCOUT_IDENTIFICATION,total_units=0|scouts_found=0|scout_ids=
22:06:06,1,2,PHASE1_SUMMARY,total_units=0|scouts_identified=0|scouts_deployed=0|enemies_detected=0|combat_opportunities=0|threat_clusters=0
22:06:06,UNKNOWN,UNKNOWN,SCOUT_IDENTIFICATION,total_units=0|scouts_found=0|scout_ids=
22:06:06,1,2,PHASE1_SUMMARY,total_units=0|scouts_identified=0|scouts_deployed=0|enemies_detected=0|combat_opportunities=0|threat_clusters=0
22:06:06,1,2,PHASE2_SUMMARY,active_plans=0|new_plans=0|executed_plans=0|aborted_plans=0
22:06:06,1,2,TURN_START,player_nation=Polska|total_units=0|available_units=0
22:06:06,1,2,PHASE3_SUMMARY,defenders_assigned=0|kps_covered=0|pe_secure=True|threat_level=0.0|active_plans=0
22:06:06,UNKNOWN,UNKNOWN,SCOUT_IDENTIFICATION,total_units=0|scouts_found=0|scout_ids=
22:06:06,1,2,PHASE1_SUMMARY,total_units=0|scouts_identified=0|scouts_deployed=0|enemies_detected=0|combat_opportunities=0|threat_clusters=0
22:06:06,UNKNOWN,UNKNOWN,SCOUT_IDENTIFICATION,total_units=0|scouts_found=0|scout_ids=
22:06:06,1,2,PHASE1_SUMMARY,total_units=0|scouts_identified=0|scouts_deployed=0|enemies_detected=0|combat_opportunities=0|threat_clusters=0
22:06:06,1,2,PHASE2_SUMMARY,active_plans=0|new_plans=0|executed_plans=0|aborted_plans=0
22:06:06,1,2,TURN_START,player_nation=Polska|total_units=0|available_units=0
22:06:06,1,2,PHASE3_SUMMARY,defenders_assigned=0|kps_covered=0|pe_secure=True|threat_level=0.0|active_plans=0
22:06:06,UNKNOWN,2,PHASE_4_COMPLETE,request_generated=False|urgency=NONE|requirements=0|priority_areas=
22:06:06,1,5,TURN_START,player_nation=Unknown|total_tokens=0|captured_kps=0
22:06:06,1,5,VP_INTELLIGENCE,"vp_status={'vp_own': 0, 'vp_enemy': 0, 'vp_gap': 0, 'turn': 1, 'max_turns': 30}|trend_direction=STABLE|threat_level=LOW|opportunities_count=0|recommendations_count=0"
22:06:06,UNKNOWN,UNKNOWN,SCOUT_IDENTIFICATION,total_units=0|scouts_found=0|scout_ids=
22:06:06,1,5,PHASE1_SUMMARY,total_units=0|scouts_identified=0|scouts_deployed=0|enemies_detected=0|combat_opportunities=0|threat_clusters=0
22:06:06,UNKNOWN,UNKNOWN,SCOUT_IDENTIFICATION,total_units=0|scouts_found=0|scout_ids=
22:06:06,1,5,PHASE1_SUMMARY,total_units=0|scouts_identified=0|scouts_deployed=0|enemies_detected=0|combat_opportunities=0|threat_clusters=0
22:06:06,1,5,PHASE2_SUMMARY,active_plans=0|new_plans=0|executed_plans=0|aborted_plans=0
22:06:06,1,5,TURN_START,player_nation=Niemcy|total_units=0|available_units=0
22:06:06,1,5,PHASE3_SUMMARY,defenders_assigned=0|kps_covered=0|pe_secure=True|threat_level=0.0|active_plans=0
22:06:06,UNKNOWN,UNKNOWN,SCOUT_IDENTIFICATION,total_units=0|scouts_found=0|scout_ids=
22:06:06,1,5,PHASE1_SUMMARY,total_units=0|scouts_identified=0|scouts_deployed=0|enemies_detected=0|combat_opportunities=0|threat_clusters=0
22:06:06,UNKNOWN,UNKNOWN,SCOUT_IDENTIFICATION,total_units=0|scouts_found=0|scout_ids=
22:06:06,1,5,PHASE1_SUMMARY,total_units=0|scouts_identified=0|scouts_deployed=0|enemies_detected=0|combat_opportunities=0|threat_clusters=0
22:06:06,1,5,PHASE2_SUMMARY,active_plans=0|new_plans=0|executed_plans=0|aborted_plans=0
22:06:06,1,5,TURN_START,player_nation=Niemcy|total_units=0|available_units=0
22:06:06,1,5,PHASE3_SUMMARY,defenders_assigned=0|kps_covered=0|pe_secure=True|threat_level=0.0|active_plans=0
22:06:06,UNKNOWN,5,PHASE_4_COMPLETE,request_generated=False|urgency=NONE|requirements=0|priority_areas=
22:06:06,1,2,TURN_START,player_nation=Unknown|total_tokens=0|captured_kps=0
22:06:06,1,2,VP_INTELLIGENCE,"vp_status={'vp_own': 0, 'vp_enemy': 0, 'vp_gap': 0, 'turn': 1, 'max_turns': 30}|trend_direction=STABLE|threat_level=LOW|opportunities_count=0|recommendations_count=0"
22:06:06,UNKNOWN,UNKNOWN,SCOUT_IDENTIFICATION,total_units=0|scouts_found=0|scout_ids=
22:06:06,1,2,PHASE1_SUMMARY,total_units=0|scouts_identified=0|scouts_deployed=0|enemies_detected=0|combat_opportunities=0|threat_clusters=0
22:06:06,UNKNOWN,UNKNOWN,SCOUT_IDENTIFICATION,total_units=0|scouts_found=0|scout_ids=
22:06:06,1,2,PHASE1_SUMMARY,total_units=0|scouts_identified=0|scouts_deployed=0|enemies_detected=0|combat_opportunities=0|threat_clusters=0
22:06:06,1,2,PHASE2_SUMMARY,active_plans=0|new_plans=0|executed_plans=0|aborted_plans=0
22:06:06,1,2,TURN_START,player_nation=Polska|total_units=0|available_units=0
22:06:06,1,2,PHASE3_SUMMARY,defenders_assigned=0|kps_covered=0|pe_secure=True|threat_level=0.0|active_plans=0
22:06:06,UNKNOWN,UNKNOWN,SCOUT_IDENTIFICATION,total_units=0|scouts_found=0|scout_ids=
22:06:06,1,2,PHASE1_SUMMARY,total_units=0|scouts_identified=0|scouts_deployed=0|enemies_detected=0|combat_opportunities=0|threat_clusters=0
22:06:06,UNKNOWN,UNKNOWN,SCOUT_IDENTIFICATION,total_units=0|scouts_found=0|scout_ids=
22:06:06,1,2,PHASE1_SUMMARY,total_units=0|scouts_identified=0|scouts_deployed=0|enemies_detected=0|combat_opportunities=0|threat_clusters=0
22:06:06,1,2,PHASE2_SUMMARY,active_plans=0|new_plans=0|executed_plans=0|aborted_plans=0
22:06:06,1,2,TURN_START,player_nation=Polska|total_units=0|available_units=0
22:06:06,1,2,PHASE3_SUMMARY,defenders_assigned=0|kps_covered=0|pe_secure=True|threat_level=0.0|active_plans=0
22:06:06,UNKNOWN,2,PHASE_4_COMPLETE,request_generated=False|urgency=NONE|requirements=0|priority_areas=
22:06:06,1,5,TURN_START,player_nation=Unknown|total_tokens=0|captured_kps=0
22:06:06,1,5,VP_INTELLIGENCE,"vp_status={'vp_own': 0, 'vp_enemy': 0, 'vp_gap': 0, 'turn': 1, 'max_turns': 30}|trend_direction=STABLE|threat_level=LOW|opportunities_count=0|recommendations_count=0"
22:06:06,UNKNOWN,UNKNOWN,SCOUT_IDENTIFICATION,total_units=0|scouts_found=0|scout_ids=
22:06:06,1,5,PHASE1_SUMMARY,total_units=0|scouts_identified=0|scouts_deployed=0|enemies_detected=0|combat_opportunities=0|threat_clusters=0
22:06:06,UNKNOWN,UNKNOWN,SCOUT_IDENTIFICATION,total_units=0|scouts_found=0|scout_ids=
22:06:06,1,5,PHASE1_SUMMARY,total_units=0|scouts_identified=0|scouts_deployed=0|enemies_detected=0|combat_opportunities=0|threat_clusters=0
22:06:06,1,5,PHASE2_SUMMARY,active_plans=0|new_plans=0|executed_plans=0|aborted_plans=0
22:06:06,1,5,TURN_START,player_nation=Niemcy|total_units=0|available_units=0
22:06:06,1,5,PHASE3_SUMMARY,defenders_assigned=0|kps_covered=0|pe_secure=True|threat_level=0.0|active_plans=0
22:06:06,UNKNOWN,UNKNOWN,SCOUT_IDENTIFICATION,total_units=0|scouts_found=0|scout_ids=
22:06:06,1,5,PHASE1_SUMMARY,total_units=0|scouts_identified=0|scouts_deployed=0|enemies_detected=0|combat_opportunities=0|threat_clusters=0
22:06:06,UNKNOWN,UNKNOWN,SCOUT_IDENTIFICATION,total_units=0|scouts_found=0|scout_ids=
22:06:06,1,5,PHASE1_SUMMARY,total_units=0|scouts_identified=0|scouts_deployed=0|enemies_detected=0|combat_opportunities=0|threat_clusters=0
22:06:06,1,5,PHASE2_SUMMARY,active_plans=0|new_plans=0|executed_plans=0|aborted_plans=0
22:06:06,1,5,TURN_START,player_nation=Niemcy|total_units=0|available_units=0
22:06:06,1,5,PHASE3_SUMMARY,defenders_assigned=0|kps_covered=0|pe_secure=True|threat_level=0.0|active_plans=0
22:06:06,UNKNOWN,5,PHASE_4_COMPLETE,request_generated=False|urgency=NONE|requirements=0|priority_areas=
22:06:07,1,2,TURN_START,player_nation=Unknown|total_tokens=0|captured_kps=0
22:06:07,1,2,VP_INTELLIGENCE,"vp_status={'vp_own': 0, 'vp_enemy': 0, 'vp_gap': 0, 'turn': 1, 'max_turns': 30}|trend_direction=STABLE|threat_level=LOW|opportunities_count=0|recommendations_count=0"
22:06:07,UNKNOWN,UNKNOWN,SCOUT_IDENTIFICATION,total_units=0|scouts_found=0|scout_ids=
22:06:07,1,2,PHASE1_SUMMARY,total_units=0|scouts_identified=0|scouts_deployed=0|enemies_detected=0|combat_opportunities=0|threat_clusters=0
22:06:07,UNKNOWN,UNKNOWN,SCOUT_IDENTIFICATION,total_units=0|scouts_found=0|scout_ids=
22:06:07,1,2,PHASE1_SUMMARY,total_units=0|scouts_identified=0|scouts_deployed=0|enemies_detected=0|combat_opportunities=0|threat_clusters=0
22:06:07,1,2,PHASE2_SUMMARY,active_plans=0|new_plans=0|executed_plans=0|aborted_plans=0
22:06:07,1,2,TURN_START,player_nation=Polska|total_units=0|available_units=0
22:06:07,1,2,PHASE3_SUMMARY,defenders_assigned=0|kps_covered=0|pe_secure=True|threat_level=0.0|active_plans=0
22:06:07,UNKNOWN,UNKNOWN,SCOUT_IDENTIFICATION,total_units=0|scouts_found=0|scout_ids=
22:06:07,1,2,PHASE1_SUMMARY,total_units=0|scouts_identified=0|scouts_deployed=0|enemies_detected=0|combat_opportunities=0|threat_clusters=0
22:06:07,UNKNOWN,UNKNOWN,SCOUT_IDENTIFICATION,total_units=0|scouts_found=0|scout_ids=
22:06:07,1,2,PHASE1_SUMMARY,total_units=0|scouts_identified=0|scouts_deployed=0|enemies_detected=0|combat_opportunities=0|threat_clusters=0
22:06:07,1,2,PHASE2_SUMMARY,active_plans=0|new_plans=0|executed_plans=0|aborted_plans=0
22:06:07,1,2,TURN_START,player_nation=Polska|total_units=0|available_units=0
22:06:07,1,2,PHASE3_SUMMARY,defenders_assigned=0|kps_covered=0|pe_secure=True|threat_level=0.0|active_plans=0
22:06:07,UNKNOWN,2,PHASE_4_COMPLETE,request_generated=False|urgency=NONE|requirements=0|priority_areas=
22:06:07,1,5,TURN_START,player_nation=Unknown|total_tokens=0|captured_kps=0
22:06:07,1,5,VP_INTELLIGENCE,"vp_status={'vp_own': 0, 'vp_enemy': 0, 'vp_gap': 0, 'turn': 1, 'max_turns': 30}|trend_direction=STABLE|threat_level=LOW|opportunities_count=0|recommendations_count=0"
22:06:07,UNKNOWN,UNKNOWN,SCOUT_IDENTIFICATION,total_units=0|scouts_found=0|scout_ids=
22:06:07,1,5,PHASE1_SUMMARY,total_units=0|scouts_identified=0|scouts_deployed=0|enemies_detected=0|combat_opportunities=0|threat_clusters=0
22:06:07,UNKNOWN,UNKNOWN,SCOUT_IDENTIFICATION,total_units=0|scouts_found=0|scout_ids=
22:06:07,1,5,PHASE1_SUMMARY,total_units=0|scouts_identified=0|scouts_deployed=0|enemies_detected=0|combat_opportunities=0|threat_clusters=0
22:06:07,1,5,PHASE2_SUMMARY,active_plans=0|new_plans=0|executed_plans=0|aborted_plans=0
22:06:07,1,5,TURN_START,player_nation=Niemcy|total_units=0|available_units=0
22:06:07,1,5,PHASE3_SUMMARY,defenders_assigned=0|kps_covered=0|pe_secure=True|threat_level=0.0|active_plans=0
22:06:07,UNKNOWN,UNKNOWN,SCOUT_IDENTIFICATION,total_units=0|scouts_found=0|scout_ids=
22:06:07,1,5,PHASE1_SUMMARY,total_units=0|scouts_identified=0|scouts_deployed=0|enemies_detected=0|combat_opportunities=0|threat_clusters=0
22:06:07,UNKNOWN,UNKNOWN,SCOUT_IDENTIFICATION,total_units=0|scouts_found=0|scout_ids=
22:06:07,1,5,PHASE1_SUMMARY,total_units=0|scouts_identified=0|scouts_deployed=0|enemies_detected=0|combat_opportunities=0|threat_clusters=0
22:06:07,1,5,PHASE2_SUMMARY,active_plans=0|new_plans=0|executed_plans=0|aborted_plans=0
22:06:07,1,5,TURN_START,player_nation=Niemcy|total_units=0|available_units=0
22:06:07,1,5,PHASE3_SUMMARY,defenders_assigned=0|kps_covered=0|pe_secure=True|threat_level=0.0|active_plans=0
22:06:07,UNKNOWN,5,PHASE_4_COMPLETE,request_generated=False|urgency=NONE|requirements=0|priority_areas=
22:06:07,1,2,TURN_START,player_nation=Unknown|total_tokens=0|captured_kps=0
22:06:07,1,2,VP_INTELLIGENCE,"vp_status={'vp_own': 0, 'vp_enemy': 0, 'vp_gap': 0, 'turn': 1, 'max_turns': 30}|trend_direction=STABLE|threat_level=LOW|opportunities_count=0|recommendations_count=0"
22:06:07,UNKNOWN,UNKNOWN,SCOUT_IDENTIFICATION,total_units=0|scouts_found=0|scout_ids=
22:06:07,1,2,PHASE1_SUMMARY,total_units=0|scouts_identified=0|scouts_deployed=0|enemies_detected=0|combat_opportunities=0|threat_clusters=0
22:06:07,UNKNOWN,UNKNOWN,SCOUT_IDENTIFICATION,total_units=0|scouts_found=0|scout_ids=
22:06:07,1,2,PHASE1_SUMMARY,total_units=0|scouts_identified=0|scouts_deployed=0|enemies_detected=0|combat_opportunities=0|threat_clusters=0
22:06:07,1,2,PHASE2_SUMMARY,active_plans=0|new_plans=0|executed_plans=0|aborted_plans=0
22:06:07,1,2,TURN_START,player_nation=Polska|total_units=0|available_units=0
22:06:07,1,2,PHASE3_SUMMARY,defenders_assigned=0|kps_covered=0|pe_secure=True|threat_level=0.0|active_plans=0
22:06:07,UNKNOWN,UNKNOWN,SCOUT_IDENTIFICATION,total_units=0|scouts_found=0|scout_ids=
22:06:07,1,2,PHASE1_SUMMARY,total_units=0|scouts_identified=0|scouts_deployed=0|enemies_detected=0|combat_opportunities=0|threat_clusters=0
22:06:07,UNKNOWN,UNKNOWN,SCOUT_IDENTIFICATION,total_units=0|scouts_found=0|scout_ids=
22:06:07,1,2,PHASE1_SUMMARY,total_units=0|scouts_identified=0|scouts_deployed=0|enemies_detected=0|combat_opportunities=0|threat_clusters=0
22:06:07,1,2,PHASE2_SUMMARY,active_plans=0|new_plans=0|executed_plans=0|aborted_plans=0
22:06:07,1,2,TURN_START,player_nation=Polska|total_units=0|available_units=0
22:06:07,1,2,PHASE3_SUMMARY,defenders_assigned=0|kps_covered=0|pe_secure=True|threat_level=0.0|active_plans=0
22:06:07,UNKNOWN,2,PHASE_4_COMPLETE,request_generated=False|urgency=NONE|requirements=0|priority_areas=
22:06:07,1,5,TURN_START,player_nation=Unknown|total_tokens=0|captured_kps=0
22:06:07,1,5,VP_INTELLIGENCE,"vp_status={'vp_own': 0, 'vp_enemy': 0, 'vp_gap': 0, 'turn': 1, 'max_turns': 30}|trend_direction=STABLE|threat_level=LOW|opportunities_count=0|recommendations_count=0"
22:06:07,UNKNOWN,UNKNOWN,SCOUT_IDENTIFICATION,total_units=0|scouts_found=0|scout_ids=
22:06:07,1,5,PHASE1_SUMMARY,total_units=0|scouts_identified=0|scouts_deployed=0|enemies_detected=0|combat_opportunities=0|threat_clusters=0
22:06:07,UNKNOWN,UNKNOWN,SCOUT_IDENTIFICATION,total_units=0|scouts_found=0|scout_ids=
22:06:07,1,5,PHASE1_SUMMARY,total_units=0|scouts_identified=0|scouts_deployed=0|enemies_detected=0|combat_opportunities=0|threat_clusters=0
22:06:07,1,5,PHASE2_SUMMARY,active_plans=0|new_plans=0|executed_plans=0|aborted_plans=0
22:06:07,1,5,TURN_START,player_nation=Niemcy|total_units=0|available_units=0
22:06:07,1,5,PHASE3_SUMMARY,defenders_assigned=0|kps_covered=0|pe_secure=True|threat_level=0.0|active_plans=0
22:06:07,UNKNOWN,UNKNOWN,SCOUT_IDENTIFICATION,total_units=0|scouts_found=0|scout_ids=
22:06:07,1,5,PHASE1_SUMMARY,total_units=0|scouts_identified=0|scouts_deployed=0|enemies_detected=0|combat_opportunities=0|threat_clusters=0
22:06:07,UNKNOWN,UNKNOWN,SCOUT_IDENTIFICATION,total_units=0|scouts_found=0|scout_ids=
22:06:07,1,5,PHASE1_SUMMARY,total_units=0|scouts_identified=0|scouts_deployed=0|enemies_detected=0|combat_opportunities=0|threat_clusters=0
22:06:07,1,5,PHASE2_SUMMARY,active_plans=0|new_plans=0|executed_plans=0|aborted_plans=0
22:06:07,1,5,TURN_START,player_nation=Niemcy|total_units=0|available_units=0
22:06:07,1,5,PHASE3_SUMMARY,defenders_assigned=0|kps_covered=0|pe_secure=True|threat_level=0.0|active_plans=0
22:06:07,UNKNOWN,5,PHASE_4_COMPLETE,request_generated=False|urgency=NONE|requirements=0|priority_areas=
22:06:07,1,2,TURN_START,player_nation=Unknown|total_tokens=0|captured_kps=0
22:06:07,1,2,VP_INTELLIGENCE,"vp_status={'vp_own': 0, 'vp_enemy': 0, 'vp_gap': 0, 'turn': 1, 'max_turns': 30}|trend_direction=STABLE|threat_level=LOW|opportunities_count=0|recommendations_count=0"
22:06:07,UNKNOWN,UNKNOWN,SCOUT_IDENTIFICATION,total_units=0|scouts_found=0|scout_ids=
22:06:07,1,2,PHASE1_SUMMARY,total_units=0|scouts_identified=0|scouts_deployed=0|enemies_detected=0|combat_opportunities=0|threat_clusters=0
22:06:07,UNKNOWN,UNKNOWN,SCOUT_IDENTIFICATION,total_units=0|scouts_found=0|scout_ids=
22:06:07,1,2,PHASE1_SUMMARY,total_units=0|scouts_identified=0|scouts_deployed=0|enemies_detected=0|combat_opportunities=0|threat_clusters=0
22:06:07,1,2,PHASE2_SUMMARY,active_plans=0|new_plans=0|executed_plans=0|aborted_plans=0
22:06:07,1,2,TURN_START,player_nation=Polska|total_units=0|available_units=0
22:06:07,1,2,PHASE3_SUMMARY,defenders_assigned=0|kps_covered=0|pe_secure=True|threat_level=0.0|active_plans=0
22:06:07,UNKNOWN,UNKNOWN,SCOUT_IDENTIFICATION,total_units=0|scouts_found=0|scout_ids=
22:06:07,1,2,PHASE1_SUMMARY,total_units=0|scouts_identified=0|scouts_deployed=0|enemies_detected=0|combat_opportunities=0|threat_clusters=0
22:06:07,UNKNOWN,UNKNOWN,SCOUT_IDENTIFICATION,total_units=0|scouts_found=0|scout_ids=
22:06:07,1,2,PHASE1_SUMMARY,total_units=0|scouts_identified=0|scouts_deployed=0|enemies_detected=0|combat_opportunities=0|threat_clusters=0
22:06:07,1,2,PHASE2_SUMMARY,active_plans=0|new_plans=0|executed_plans=0|aborted_plans=0
22:06:07,1,2,TURN_START,player_nation=Polska|total_units=0|available_units=0
22:06:07,1,2,PHASE3_SUMMARY,defenders_assigned=0|kps_covered=0|pe_secure=True|threat_level=0.0|active_plans=0
22:06:07,UNKNOWN,2,PHASE_4_COMPLETE,request_generated=False|urgency=NONE|requirements=0|priority_areas=
22:06:08,1,5,TURN_START,player_nation=Unknown|total_tokens=0|captured_kps=0
22:06:08,1,5,VP_INTELLIGENCE,"vp_status={'vp_own': 0, 'vp_enemy': 0, 'vp_gap': 0, 'turn': 1, 'max_turns': 30}|trend_direction=STABLE|threat_level=LOW|opportunities_count=0|recommendations_count=0"
22:06:08,UNKNOWN,UNKNOWN,SCOUT_IDENTIFICATION,total_units=0|scouts_found=0|scout_ids=
22:06:08,1,5,PHASE1_SUMMARY,total_units=0|scouts_identified=0|scouts_deployed=0|enemies_detected=0|combat_opportunities=0|threat_clusters=0
22:06:08,UNKNOWN,UNKNOWN,SCOUT_IDENTIFICATION,total_units=0|scouts_found=0|scout_ids=
22:06:08,1,5,PHASE1_SUMMARY,total_units=0|scouts_identified=0|scouts_deployed=0|enemies_detected=0|combat_opportunities=0|threat_clusters=0
22:06:08,1,5,PHASE2_SUMMARY,active_plans=0|new_plans=0|executed_plans=0|aborted_plans=0
22:06:08,1,5,TURN_START,player_nation=Niemcy|total_units=0|available_units=0
22:06:08,1,5,PHASE3_SUMMARY,defenders_assigned=0|kps_covered=0|pe_secure=True|threat_level=0.0|active_plans=0
22:06:08,UNKNOWN,UNKNOWN,SCOUT_IDENTIFICATION,total_units=0|scouts_found=0|scout_ids=
22:06:08,1,5,PHASE1_SUMMARY,total_units=0|scouts_identified=0|scouts_deployed=0|enemies_detected=0|combat_opportunities=0|threat_clusters=0
22:06:08,UNKNOWN,UNKNOWN,SCOUT_IDENTIFICATION,total_units=0|scouts_found=0|scout_ids=
22:06:08,1,5,PHASE1_SUMMARY,total_units=0|scouts_identified=0|scouts_deployed=0|enemies_detected=0|combat_opportunities=0|threat_clusters=0
22:06:08,1,5,PHASE2_SUMMARY,active_plans=0|new_plans=0|executed_plans=0|aborted_plans=0
22:06:08,1,5,TURN_START,player_nation=Niemcy|total_units=0|available_units=0
22:06:08,1,5,PHASE3_SUMMARY,defenders_assigned=0|kps_covered=0|pe_secure=True|threat_level=0.0|active_plans=0
22:06:08,UNKNOWN,5,PHASE_4_COMPLETE,request_generated=False|urgency=NONE|requirements=0|priority_areas=
22:06:08,1,2,TURN_START,player_nation=Unknown|total_tokens=0|captured_kps=0
22:06:08,1,2,VP_INTELLIGENCE,"vp_status={'vp_own': 0, 'vp_enemy': 0, 'vp_gap': 0, 'turn': 1, 'max_turns': 30}|trend_direction=STABLE|threat_level=LOW|opportunities_count=0|recommendations_count=0"
22:06:08,UNKNOWN,UNKNOWN,SCOUT_IDENTIFICATION,total_units=0|scouts_found=0|scout_ids=
22:06:08,1,2,PHASE1_SUMMARY,total_units=0|scouts_identified=0|scouts_deployed=0|enemies_detected=0|combat_opportunities=0|threat_clusters=0
22:06:08,UNKNOWN,UNKNOWN,SCOUT_IDENTIFICATION,total_units=0|scouts_found=0|scout_ids=
22:06:08,1,2,PHASE1_SUMMARY,total_units=0|scouts_identified=0|scouts_deployed=0|enemies_detected=0|combat_opportunities=0|threat_clusters=0
22:06:08,1,2,PHASE2_SUMMARY,active_plans=0|new_plans=0|executed_plans=0|aborted_plans=0
22:06:08,1,2,TURN_START,player_nation=Polska|total_units=0|available_units=0
22:06:08,1,2,PHASE3_SUMMARY,defenders_assigned=0|kps_covered=0|pe_secure=True|threat_level=0.0|active_plans=0
22:06:08,UNKNOWN,UNKNOWN,SCOUT_IDENTIFICATION,total_units=0|scouts_found=0|scout_ids=
22:06:08,1,2,PHASE1_SUMMARY,total_units=0|scouts_identified=0|scouts_deployed=0|enemies_detected=0|combat_opportunities=0|threat_clusters=0
22:06:08,UNKNOWN,UNKNOWN,SCOUT_IDENTIFICATION,total_units=0|scouts_found=0|scout_ids=
22:06:08,1,2,PHASE1_SUMMARY,total_units=0|scouts_identified=0|scouts_deployed=0|enemies_detected=0|combat_opportunities=0|threat_clusters=0
22:06:08,1,2,PHASE2_SUMMARY,active_plans=0|new_plans=0|executed_plans=0|aborted_plans=0
22:06:08,1,2,TURN_START,player_nation=Polska|total_units=0|available_units=0
22:06:08,1,2,PHASE3_SUMMARY,defenders_assigned=0|kps_covered=0|pe_secure=True|threat_level=0.0|active_plans=0
22:06:08,UNKNOWN,2,PHASE_4_COMPLETE,request_generated=False|urgency=NONE|requirements=0|priority_areas=
22:06:08,1,5,TURN_START,player_nation=Unknown|total_tokens=0|captured_kps=0
22:06:08,1,5,VP_INTELLIGENCE,"vp_status={'vp_own': 0, 'vp_enemy': 0, 'vp_gap': 0, 'turn': 1, 'max_turns': 30}|trend_direction=STABLE|threat_level=LOW|opportunities_count=0|recommendations_count=0"
22:06:08,UNKNOWN,UNKNOWN,SCOUT_IDENTIFICATION,total_units=0|scouts_found=0|scout_ids=
22:06:08,1,5,PHASE1_SUMMARY,total_units=0|scouts_identified=0|scouts_deployed=0|enemies_detected=0|combat_opportunities=0|threat_clusters=0
22:06:08,UNKNOWN,UNKNOWN,SCOUT_IDENTIFICATION,total_units=0|scouts_found=0|scout_ids=
22:06:08,1,5,PHASE1_SUMMARY,total_units=0|scouts_identified=0|scouts_deployed=0|enemies_detected=0|combat_opportunities=0|threat_clusters=0
22:06:08,1,5,PHASE2_SUMMARY,active_plans=0|new_plans=0|executed_plans=0|aborted_plans=0
22:06:08,1,5,TURN_START,player_nation=Niemcy|total_units=0|available_units=0
22:06:08,1,5,PHASE3_SUMMARY,defenders_assigned=0|kps_covered=0|pe_secure=True|threat_level=0.0|active_plans=0
22:06:08,UNKNOWN,UNKNOWN,SCOUT_IDENTIFICATION,total_units=0|scouts_found=0|scout_ids=
22:06:08,1,5,PHASE1_SUMMARY,total_units=0|scouts_identified=0|scouts_deployed=0|enemies_detected=0|combat_opportunities=0|threat_clusters=0
22:06:08,UNKNOWN,UNKNOWN,SCOUT_IDENTIFICATION,total_units=0|scouts_found=0|scout_ids=
22:06:08,1,5,PHASE1_SUMMARY,total_units=0|scouts_identified=0|scouts_deployed=0|enemies_detected=0|combat_opportunities=0|threat_clusters=0
22:06:08,1,5,PHASE2_SUMMARY,active_plans=0|new_plans=0|executed_plans=0|aborted_plans=0
22:06:08,1,5,TURN_START,player_nation=Niemcy|total_units=0|available_units=0
22:06:08,1,5,PHASE3_SUMMARY,defenders_assigned=0|kps_covered=0|pe_secure=True|threat_level=0.0|active_plans=0
22:06:08,UNKNOWN,5,PHASE_4_COMPLETE,request_generated=False|urgency=NONE|requirements=0|priority_areas=
22:06:08,1,2,TURN_START,player_nation=Unknown|total_tokens=0|captured_kps=0
22:06:08,1,2,VP_INTELLIGENCE,"vp_status={'vp_own': 0, 'vp_enemy': 0, 'vp_gap': 0, 'turn': 1, 'max_turns': 30}|trend_direction=STABLE|threat_level=LOW|opportunities_count=0|recommendations_count=0"
22:06:08,UNKNOWN,UNKNOWN,SCOUT_IDENTIFICATION,total_units=0|scouts_found=0|scout_ids=
22:06:08,1,2,PHASE1_SUMMARY,total_units=0|scouts_identified=0|scouts_deployed=0|enemies_detected=0|combat_opportunities=0|threat_clusters=0
22:06:08,UNKNOWN,UNKNOWN,SCOUT_IDENTIFICATION,total_units=0|scouts_found=0|scout_ids=
22:06:08,1,2,PHASE1_SUMMARY,total_units=0|scouts_identified=0|scouts_deployed=0|enemies_detected=0|combat_opportunities=0|threat_clusters=0
22:06:08,1,2,PHASE2_SUMMARY,active_plans=0|new_plans=0|executed_plans=0|aborted_plans=0
22:06:08,1,2,TURN_START,player_nation=Polska|total_units=0|available_units=0
22:06:08,1,2,PHASE3_SUMMARY,defenders_assigned=0|kps_covered=0|pe_secure=True|threat_level=0.0|active_plans=0
22:06:08,UNKNOWN,UNKNOWN,SCOUT_IDENTIFICATION,total_units=0|scouts_found=0|scout_ids=
22:06:08,1,2,PHASE1_SUMMARY,total_units=0|scouts_identified=0|scouts_deployed=0|enemies_detected=0|combat_opportunities=0|threat_clusters=0
22:06:08,UNKNOWN,UNKNOWN,SCOUT_IDENTIFICATION,total_units=0|scouts_found=0|scout_ids=
22:06:08,1,2,PHASE1_SUMMARY,total_units=0|scouts_identified=0|scouts_deployed=0|enemies_detected=0|combat_opportunities=0|threat_clusters=0
22:06:08,1,2,PHASE2_SUMMARY,active_plans=0|new_plans=0|executed_plans=0|aborted_plans=0
22:06:08,1,2,TURN_START,player_nation=Polska|total_units=0|available_units=0
22:06:08,1,2,PHASE3_SUMMARY,defenders_assigned=0|kps_covered=0|pe_secure=True|threat_level=0.0|active_plans=0
22:06:08,UNKNOWN,2,PHASE_4_COMPLETE,request_generated=False|urgency=NONE|requirements=0|priority_areas=
22:06:09,1,5,TURN_START,player_nation=Unknown|total_tokens=0|captured_kps=0
22:06:09,1,5,VP_INTELLIGENCE,"vp_status={'vp_own': 0, 'vp_enemy': 0, 'vp_gap': 0, 'turn': 1, 'max_turns': 30}|trend_direction=STABLE|threat_level=LOW|opportunities_count=0|recommendations_count=0"
22:06:09,UNKNOWN,UNKNOWN,SCOUT_IDENTIFICATION,total_units=0|scouts_found=0|scout_ids=
22:06:09,1,5,PHASE1_SUMMARY,total_units=0|scouts_identified=0|scouts_deployed=0|enemies_detected=0|combat_opportunities=0|threat_clusters=0
22:06:09,UNKNOWN,UNKNOWN,SCOUT_IDENTIFICATION,total_units=0|scouts_found=0|scout_ids=
22:06:09,1,5,PHASE1_SUMMARY,total_units=0|scouts_identified=0|scouts_deployed=0|enemies_detected=0|combat_opportunities=0|threat_clusters=0
22:06:09,1,5,PHASE2_SUMMARY,active_plans=0|new_plans=0|executed_plans=0|aborted_plans=0
22:06:09,1,5,TURN_START,player_nation=Niemcy|total_units=0|available_units=0
22:06:09,1,5,PHASE3_SUMMARY,defenders_assigned=0|kps_covered=0|pe_secure=True|threat_level=0.0|active_plans=0
22:06:09,UNKNOWN,UNKNOWN,SCOUT_IDENTIFICATION,total_units=0|scouts_found=0|scout_ids=
22:06:09,1,5,PHASE1_SUMMARY,total_units=0|scouts_identified=0|scouts_deployed=0|enemies_detected=0|combat_opportunities=0|threat_clusters=0
22:06:09,UNKNOWN,UNKNOWN,SCOUT_IDENTIFICATION,total_units=0|scouts_found=0|scout_ids=
22:06:09,1,5,PHASE1_SUMMARY,total_units=0|scouts_identified=0|scouts_deployed=0|enemies_detected=0|combat_opportunities=0|threat_clusters=0
22:06:09,1,5,PHASE2_SUMMARY,active_plans=0|new_plans=0|executed_plans=0|aborted_plans=0
22:06:09,1,5,TURN_START,player_nation=Niemcy|total_units=0|available_units=0
22:06:09,1,5,PHASE3_SUMMARY,defenders_assigned=0|kps_covered=0|pe_secure=True|threat_level=0.0|active_plans=0
22:06:09,UNKNOWN,5,PHASE_4_COMPLETE,request_generated=False|urgency=NONE|requirements=0|priority_areas=
22:06:09,1,2,TURN_START,player_nation=Unknown|total_tokens=0|captured_kps=0
22:06:09,1,2,VP_INTELLIGENCE,"vp_status={'vp_own': 0, 'vp_enemy': 0, 'vp_gap': 0, 'turn': 1, 'max_turns': 30}|trend_direction=STABLE|threat_level=LOW|opportunities_count=0|recommendations_count=0"
22:06:09,UNKNOWN,UNKNOWN,SCOUT_IDENTIFICATION,total_units=0|scouts_found=0|scout_ids=
22:06:09,1,2,PHASE1_SUMMARY,total_units=0|scouts_identified=0|scouts_deployed=0|enemies_detected=0|combat_opportunities=0|threat_clusters=0
22:06:09,UNKNOWN,UNKNOWN,SCOUT_IDENTIFICATION,total_units=0|scouts_found=0|scout_ids=
22:06:09,1,2,PHASE1_SUMMARY,total_units=0|scouts_identified=0|scouts_deployed=0|enemies_detected=0|combat_opportunities=0|threat_clusters=0
22:06:09,1,2,PHASE2_SUMMARY,active_plans=0|new_plans=0|executed_plans=0|aborted_plans=0
22:06:09,1,2,TURN_START,player_nation=Polska|total_units=0|available_units=0
22:06:09,1,2,PHASE3_SUMMARY,defenders_assigned=0|kps_covered=0|pe_secure=True|threat_level=0.0|active_plans=0
22:06:09,UNKNOWN,UNKNOWN,SCOUT_IDENTIFICATION,total_units=0|scouts_found=0|scout_ids=
22:06:09,1,2,PHASE1_SUMMARY,total_units=0|scouts_identified=0|scouts_deployed=0|enemies_detected=0|combat_opportunities=0|threat_clusters=0
22:06:09,UNKNOWN,UNKNOWN,SCOUT_IDENTIFICATION,total_units=0|scouts_found=0|scout_ids=
22:06:09,1,2,PHASE1_SUMMARY,total_units=0|scouts_identified=0|scouts_deployed=0|enemies_detected=0|combat_opportunities=0|threat_clusters=0
22:06:09,1,2,PHASE2_SUMMARY,active_plans=0|new_plans=0|executed_plans=0|aborted_plans=0
22:06:09,1,2,TURN_START,player_nation=Polska|total_units=0|available_units=0
22:06:09,1,2,PHASE3_SUMMARY,defenders_assigned=0|kps_covered=0|pe_secure=True|threat_level=0.0|active_plans=0
22:06:09,UNKNOWN,2,PHASE_4_COMPLETE,request_generated=False|urgency=NONE|requirements=0|priority_areas=
22:06:09,1,5,TURN_START,player_nation=Unknown|total_tokens=0|captured_kps=0
22:06:09,1,5,VP_INTELLIGENCE,"vp_status={'vp_own': 0, 'vp_enemy': 0, 'vp_gap': 0, 'turn': 1, 'max_turns': 30}|trend_direction=STABLE|threat_level=LOW|opportunities_count=0|recommendations_count=0"
22:06:09,UNKNOWN,UNKNOWN,SCOUT_IDENTIFICATION,total_units=0|scouts_found=0|scout_ids=
22:06:09,1,5,PHASE1_SUMMARY,total_units=0|scouts_identified=0|scouts_deployed=0|enemies_detected=0|combat_opportunities=0|threat_clusters=0
22:06:09,UNKNOWN,UNKNOWN,SCOUT_IDENTIFICATION,total_units=0|scouts_found=0|scout_ids=
22:06:09,1,5,PHASE1_SUMMARY,total_units=0|scouts_identified=0|scouts_deployed=0|enemies_detected=0|combat_opportunities=0|threat_clusters=0
22:06:09,1,5,PHASE2_SUMMARY,active_plans=0|new_plans=0|executed_plans=0|aborted_plans=0
22:06:09,1,5,TURN_START,player_nation=Niemcy|total_units=0|available_units=0
22:06:09,1,5,PHASE3_SUMMARY,defenders_assigned=0|kps_covered=0|pe_secure=True|threat_level=0.0|active_plans=0
22:06:09,UNKNOWN,UNKNOWN,SCOUT_IDENTIFICATION,total_units=0|scouts_found=0|scout_ids=
22:06:09,1,5,PHASE1_SUMMARY,total_units=0|scouts_identified=0|scouts_deployed=0|enemies_detected=0|combat_opportunities=0|threat_clusters=0
22:06:09,UNKNOWN,UNKNOWN,SCOUT_IDENTIFICATION,total_units=0|scouts_found=0|scout_ids=
22:06:09,1,5,PHASE1_SUMMARY,total_units=0|scouts_identified=0|scouts_deployed=0|enemies_detected=0|combat_opportunities=0|threat_clusters=0
22:06:09,1,5,PHASE2_SUMMARY,active_plans=0|new_plans=0|executed_plans=0|aborted_plans=0
22:06:09,1,5,TURN_START,player_nation=Niemcy|total_units=0|available_units=0
22:06:09,1,5,PHASE3_SUMMARY,defenders_assigned=0|kps_covered=0|pe_secure=True|threat_level=0.0|active_plans=0
22:06:09,UNKNOWN,5,PHASE_4_COMPLETE,request_generated=False|urgency=NONE|requirements=0|priority_areas=
22:06:10,1,2,TURN_START,player_nation=Unknown|total_tokens=0|captured_kps=0
22:06:10,1,2,VP_INTELLIGENCE,"vp_status={'vp_own': 0, 'vp_enemy': 0, 'vp_gap': 0, 'turn': 1, 'max_turns': 30}|trend_direction=STABLE|threat_level=LOW|opportunities_count=0|recommendations_count=0"
22:06:10,UNKNOWN,UNKNOWN,SCOUT_IDENTIFICATION,total_units=0|scouts_found=0|scout_ids=
22:06:10,1,2,PHASE1_SUMMARY,total_units=0|scouts_identified=0|scouts_deployed=0|enemies_detected=0|combat_opportunities=0|threat_clusters=0
22:06:10,UNKNOWN,UNKNOWN,SCOUT_IDENTIFICATION,total_units=0|scouts_found=0|scout_ids=
22:06:10,1,2,PHASE1_SUMMARY,total_units=0|scouts_identified=0|scouts_deployed=0|enemies_detected=0|combat_opportunities=0|threat_clusters=0
22:06:10,1,2,PHASE2_SUMMARY,active_plans=0|new_plans=0|executed_plans=0|aborted_plans=0
22:06:10,1,2,TURN_START,player_nation=Polska|total_units=0|available_units=0
22:06:10,1,2,PHASE3_SUMMARY,defenders_assigned=0|kps_covered=0|pe_secure=True|threat_level=0.0|active_plans=0
22:06:10,UNKNOWN,UNKNOWN,SCOUT_IDENTIFICATION,total_units=0|scouts_found=0|scout_ids=
22:06:10,1,2,PHASE1_SUMMARY,total_units=0|scouts_identified=0|scouts_deployed=0|enemies_detected=0|combat_opportunities=0|threat_clusters=0
22:06:10,UNKNOWN,UNKNOWN,SCOUT_IDENTIFICATION,total_units=0|scouts_found=0|scout_ids=
22:06:10,1,2,PHASE1_SUMMARY,total_units=0|scouts_identified=0|scouts_deployed=0|enemies_detected=0|combat_opportunities=0|threat_clusters=0
22:06:10,1,2,PHASE2_SUMMARY,active_plans=0|new_plans=0|executed_plans=0|aborted_plans=0
22:06:10,1,2,TURN_START,player_nation=Polska|total_units=0|available_units=0
22:06:10,1,2,PHASE3_SUMMARY,defenders_assigned=0|kps_covered=0|pe_secure=True|threat_level=0.0|active_plans=0
22:06:10,UNKNOWN,2,PHASE_4_COMPLETE,request_generated=False|urgency=NONE|requirements=0|priority_areas=
22:06:10,1,5,TURN_START,player_nation=Unknown|total_tokens=0|captured_kps=0
22:06:10,1,5,VP_INTELLIGENCE,"vp_status={'vp_own': 0, 'vp_enemy': 0, 'vp_gap': 0, 'turn': 1, 'max_turns': 30}|trend_direction=STABLE|threat_level=LOW|opportunities_count=0|recommendations_count=0"
22:06:10,UNKNOWN,UNKNOWN,SCOUT_IDENTIFICATION,total_units=0|scouts_found=0|scout_ids=
22:06:10,1,5,PHASE1_SUMMARY,total_units=0|scouts_identified=0|scouts_deployed=0|enemies_detected=0|combat_opportunities=0|threat_clusters=0
22:06:10,UNKNOWN,UNKNOWN,SCOUT_IDENTIFICATION,total_units=0|scouts_found=0|scout_ids=
22:06:10,1,5,PHASE1_SUMMARY,total_units=0|scouts_identified=0|scouts_deployed=0|enemies_detected=0|combat_opportunities=0|threat_clusters=0
22:06:10,1,5,PHASE2_SUMMARY,active_plans=0|new_plans=0|executed_plans=0|aborted_plans=0
22:06:10,1,5,TURN_START,player_nation=Niemcy|total_units=0|available_units=0
22:06:10,1,5,PHASE3_SUMMARY,defenders_assigned=0|kps_covered=0|pe_secure=True|threat_level=0.0|active_plans=0
22:06:10,UNKNOWN,UNKNOWN,SCOUT_IDENTIFICATION,total_units=0|scouts_found=0|scout_ids=
22:06:10,1,5,PHASE1_SUMMARY,total_units=0|scouts_identified=0|scouts_deployed=0|enemies_detected=0|combat_opportunities=0|threat_clusters=0
22:06:10,UNKNOWN,UNKNOWN,SCOUT_IDENTIFICATION,total_units=0|scouts_found=0|scout_ids=
22:06:10,1,5,PHASE1_SUMMARY,total_units=0|scouts_identified=0|scouts_deployed=0|enemies_detected=0|combat_opportunities=0|threat_clusters=0
22:06:10,1,5,PHASE2_SUMMARY,active_plans=0|new_plans=0|executed_plans=0|aborted_plans=0
22:06:10,1,5,TURN_START,player_nation=Niemcy|total_units=0|available_units=0
22:06:10,1,5,PHASE3_SUMMARY,defenders_assigned=0|kps_covered=0|pe_secure=True|threat_level=0.0|active_plans=0
22:06:10,UNKNOWN,5,PHASE_4_COMPLETE,request_generated=False|urgency=NONE|requirements=0|priority_areas=
22:06:11,1,2,TURN_START,player_nation=Unknown|total_tokens=0|captured_kps=0
22:06:11,1,2,VP_INTELLIGENCE,"vp_status={'vp_own': 0, 'vp_enemy': 0, 'vp_gap': 0, 'turn': 1, 'max_turns': 30}|trend_direction=STABLE|threat_level=LOW|opportunities_count=0|recommendations_count=0"
22:06:11,UNKNOWN,UNKNOWN,SCOUT_IDENTIFICATION,total_units=0|scouts_found=0|scout_ids=
22:06:11,1,2,PHASE1_SUMMARY,total_units=0|scouts_identified=0|scouts_deployed=0|enemies_detected=0|combat_opportunities=0|threat_clusters=0
22:06:11,UNKNOWN,UNKNOWN,SCOUT_IDENTIFICATION,total_units=0|scouts_found=0|scout_ids=
22:06:11,1,2,PHASE1_SUMMARY,total_units=0|scouts_identified=0|scouts_deployed=0|enemies_detected=0|combat_opportunities=0|threat_clusters=0
22:06:11,1,2,PHASE2_SUMMARY,active_plans=0|new_plans=0|executed_plans=0|aborted_plans=0
22:06:11,1,2,TURN_START,player_nation=Polska|total_units=0|available_units=0
22:06:11,1,2,PHASE3_SUMMARY,defenders_assigned=0|kps_covered=0|pe_secure=True|threat_level=0.0|active_plans=0
22:06:11,UNKNOWN,UNKNOWN,SCOUT_IDENTIFICATION,total_units=0|scouts_found=0|scout_ids=
22:06:11,1,2,PHASE1_SUMMARY,total_units=0|scouts_identified=0|scouts_deployed=0|enemies_detected=0|combat_opportunities=0|threat_clusters=0
22:06:11,UNKNOWN,UNKNOWN,SCOUT_IDENTIFICATION,total_units=0|scouts_found=0|scout_ids=
22:06:11,1,2,PHASE1_SUMMARY,total_units=0|scouts_identified=0|scouts_deployed=0|enemies_detected=0|combat_opportunities=0|threat_clusters=0
22:06:11,1,2,PHASE2_SUMMARY,active_plans=0|new_plans=0|executed_plans=0|aborted_plans=0
22:06:11,1,2,TURN_START,player_nation=Polska|total_units=0|available_units=0
22:06:11,1,2,PHASE3_SUMMARY,defenders_assigned=0|kps_covered=0|pe_secure=True|threat_level=0.0|active_plans=0
22:06:11,UNKNOWN,2,PHASE_4_COMPLETE,request_generated=False|urgency=NONE|requirements=0|priority_areas=
22:06:11,1,5,TURN_START,player_nation=Unknown|total_tokens=0|captured_kps=0
22:06:11,1,5,VP_INTELLIGENCE,"vp_status={'vp_own': 0, 'vp_enemy': 0, 'vp_gap': 0, 'turn': 1, 'max_turns': 30}|trend_direction=STABLE|threat_level=LOW|opportunities_count=0|recommendations_count=0"
22:06:11,UNKNOWN,UNKNOWN,SCOUT_IDENTIFICATION,total_units=0|scouts_found=0|scout_ids=
22:06:11,1,5,PHASE1_SUMMARY,total_units=0|scouts_identified=0|scouts_deployed=0|enemies_detected=0|combat_opportunities=0|threat_clusters=0
22:06:11,UNKNOWN,UNKNOWN,SCOUT_IDENTIFICATION,total_units=0|scouts_found=0|scout_ids=
22:06:11,1,5,PHASE1_SUMMARY,total_units=0|scouts_identified=0|scouts_deployed=0|enemies_detected=0|combat_opportunities=0|threat_clusters=0
22:06:11,1,5,PHASE2_SUMMARY,active_plans=0|new_plans=0|executed_plans=0|aborted_plans=0
22:06:11,1,5,TURN_START,player_nation=Niemcy|total_units=0|available_units=0
22:06:11,1,5,PHASE3_SUMMARY,defenders_assigned=0|kps_covered=0|pe_secure=True|threat_level=0.0|active_plans=0
22:06:11,UNKNOWN,UNKNOWN,SCOUT_IDENTIFICATION,total_units=0|scouts_found=0|scout_ids=
22:06:11,1,5,PHASE1_SUMMARY,total_units=0|scouts_identified=0|scouts_deployed=0|enemies_detected=0|combat_opportunities=0|threat_clusters=0
22:06:11,UNKNOWN,UNKNOWN,SCOUT_IDENTIFICATION,total_units=0|scouts_found=0|scout_ids=
22:06:11,1,5,PHASE1_SUMMARY,total_units=0|scouts_identified=0|scouts_deployed=0|enemies_detected=0|combat_opportunities=0|threat_clusters=0
22:06:11,1,5,PHASE2_SUMMARY,active_plans=0|new_plans=0|executed_plans=0|aborted_plans=0
22:06:11,1,5,TURN_START,player_nation=Niemcy|total_units=0|available_units=0
22:06:11,1,5,PHASE3_SUMMARY,defenders_assigned=0|kps_covered=0|pe_secure=True|threat_level=0.0|active_plans=0
22:06:11,UNKNOWN,5,PHASE_4_COMPLETE,request_generated=False|urgency=NONE|requirements=0|priority_areas=
22:06:12,1,2,TURN_START,player_nation=Unknown|total_tokens=0|captured_kps=0
22:06:12,1,2,VP_INTELLIGENCE,"vp_status={'vp_own': 0, 'vp_enemy': 0, 'vp_gap': 0, 'turn': 1, 'max_turns': 30}|trend_direction=STABLE|threat_level=LOW|opportunities_count=0|recommendations_count=0"
22:06:12,UNKNOWN,UNKNOWN,SCOUT_IDENTIFICATION,total_units=0|scouts_found=0|scout_ids=
22:06:12,1,2,PHASE1_SUMMARY,total_units=0|scouts_identified=0|scouts_deployed=0|enemies_detected=0|combat_opportunities=0|threat_clusters=0
22:06:12,UNKNOWN,UNKNOWN,SCOUT_IDENTIFICATION,total_units=0|scouts_found=0|scout_ids=
22:06:12,1,2,PHASE1_SUMMARY,total_units=0|scouts_identified=0|scouts_deployed=0|enemies_detected=0|combat_opportunities=0|threat_clusters=0
22:06:12,1,2,PHASE2_SUMMARY,active_plans=0|new_plans=0|executed_plans=0|aborted_plans=0
22:06:12,1,2,TURN_START,player_nation=Polska|total_units=0|available_units=0
22:06:12,1,2,PHASE3_SUMMARY,defenders_assigned=0|kps_covered=0|pe_secure=True|threat_level=0.0|active_plans=0
22:06:12,UNKNOWN,UNKNOWN,SCOUT_IDENTIFICATION,total_units=0|scouts_found=0|scout_ids=
22:06:12,1,2,PHASE1_SUMMARY,total_units=0|scouts_identified=0|scouts_deployed=0|enemies_detected=0|combat_opportunities=0|threat_clusters=0
22:06:12,UNKNOWN,UNKNOWN,SCOUT_IDENTIFICATION,total_units=0|scouts_found=0|scout_ids=
22:06:12,1,2,PHASE1_SUMMARY,total_units=0|scouts_identified=0|scouts_deployed=0|enemies_detected=0|combat_opportunities=0|threat_clusters=0
22:06:12,1,2,PHASE2_SUMMARY,active_plans=0|new_plans=0|executed_plans=0|aborted_plans=0
22:06:12,1,2,TURN_START,player_nation=Polska|total_units=0|available_units=0
22:06:12,1,2,PHASE3_SUMMARY,defenders_assigned=0|kps_covered=0|pe_secure=True|threat_level=0.0|active_plans=0
22:06:12,UNKNOWN,2,PHASE_4_COMPLETE,request_generated=False|urgency=NONE|requirements=0|priority_areas=
22:06:12,1,5,TURN_START,player_nation=Unknown|total_tokens=0|captured_kps=0
22:06:12,1,5,VP_INTELLIGENCE,"vp_status={'vp_own': 0, 'vp_enemy': 0, 'vp_gap': 0, 'turn': 1, 'max_turns': 30}|trend_direction=STABLE|threat_level=LOW|opportunities_count=0|recommendations_count=0"
22:06:12,UNKNOWN,UNKNOWN,SCOUT_IDENTIFICATION,total_units=0|scouts_found=0|scout_ids=
22:06:12,1,5,PHASE1_SUMMARY,total_units=0|scouts_identified=0|scouts_deployed=0|enemies_detected=0|combat_opportunities=0|threat_clusters=0
22:06:12,UNKNOWN,UNKNOWN,SCOUT_IDENTIFICATION,total_units=0|scouts_found=0|scout_ids=
22:06:12,1,5,PHASE1_SUMMARY,total_units=0|scouts_identified=0|scouts_deployed=0|enemies_detected=0|combat_opportunities=0|threat_clusters=0
22:06:12,1,5,PHASE2_SUMMARY,active_plans=0|new_plans=0|executed_plans=0|aborted_plans=0
22:06:12,1,5,TURN_START,player_nation=Niemcy|total_units=0|available_units=0
22:06:12,1,5,PHASE3_SUMMARY,defenders_assigned=0|kps_covered=0|pe_secure=True|threat_level=0.0|active_plans=0
22:06:12,UNKNOWN,UNKNOWN,SCOUT_IDENTIFICATION,total_units=0|scouts_found=0|scout_ids=
22:06:12,1,5,PHASE1_SUMMARY,total_units=0|scouts_identified=0|scouts_deployed=0|enemies_detected=0|combat_opportunities=0|threat_clusters=0
22:06:12,UNKNOWN,UNKNOWN,SCOUT_IDENTIFICATION,total_units=0|scouts_found=0|scout_ids=
22:06:12,1,5,PHASE1_SUMMARY,total_units=0|scouts_identified=0|scouts_deployed=0|enemies_detected=0|combat_opportunities=0|threat_clusters=0
22:06:12,1,5,PHASE2_SUMMARY,active_plans=0|new_plans=0|executed_plans=0|aborted_plans=0
22:06:12,1,5,TURN_START,player_nation=Niemcy|total_units=0|available_units=0
22:06:12,1,5,PHASE3_SUMMARY,defenders_assigned=0|kps_covered=0|pe_secure=True|threat_level=0.0|active_plans=0
22:06:12,UNKNOWN,5,PHASE_4_COMPLETE,request_generated=False|urgency=NONE|requirements=0|priority_areas=
22:06:12,1,2,TURN_START,player_nation=Unknown|total_tokens=0|captured_kps=0
22:06:12,1,2,VP_INTELLIGENCE,"vp_status={'vp_own': 0, 'vp_enemy': 0, 'vp_gap': 0, 'turn': 1, 'max_turns': 30}|trend_direction=STABLE|threat_level=LOW|opportunities_count=0|recommendations_count=0"
22:06:12,UNKNOWN,UNKNOWN,SCOUT_IDENTIFICATION,total_units=0|scouts_found=0|scout_ids=
22:06:12,1,2,PHASE1_SUMMARY,total_units=0|scouts_identified=0|scouts_deployed=0|enemies_detected=0|combat_opportunities=0|threat_clusters=0
22:06:12,UNKNOWN,UNKNOWN,SCOUT_IDENTIFICATION,total_units=0|scouts_found=0|scout_ids=
22:06:12,1,2,PHASE1_SUMMARY,total_units=0|scouts_identified=0|scouts_deployed=0|enemies_detected=0|combat_opportunities=0|threat_clusters=0
22:06:12,1,2,PHASE2_SUMMARY,active_plans=0|new_plans=0|executed_plans=0|aborted_plans=0
22:06:12,1,2,TURN_START,player_nation=Polska|total_units=0|available_units=0
22:06:12,1,2,PHASE3_SUMMARY,defenders_assigned=0|kps_covered=0|pe_secure=True|threat_level=0.0|active_plans=0
22:06:12,UNKNOWN,UNKNOWN,SCOUT_IDENTIFICATION,total_units=0|scouts_found=0|scout_ids=
22:06:12,1,2,PHASE1_SUMMARY,total_units=0|scouts_identified=0|scouts_deployed=0|enemies_detected=0|combat_opportunities=0|threat_clusters=0
22:06:12,UNKNOWN,UNKNOWN,SCOUT_IDENTIFICATION,total_units=0|scouts_found=0|scout_ids=
22:06:12,1,2,PHASE1_SUMMARY,total_units=0|scouts_identified=0|scouts_deployed=0|enemies_detected=0|combat_opportunities=0|threat_clusters=0
22:06:12,1,2,PHASE2_SUMMARY,active_plans=0|new_plans=0|executed_plans=0|aborted_plans=0
22:06:12,1,2,TURN_START,player_nation=Polska|total_units=0|available_units=0
22:06:12,1,2,PHASE3_SUMMARY,defenders_assigned=0|kps_covered=0|pe_secure=True|threat_level=0.0|active_plans=0
22:06:12,UNKNOWN,2,PHASE_4_COMPLETE,request_generated=False|urgency=NONE|requirements=0|priority_areas=
22:06:12,1,5,TURN_START,player_nation=Unknown|total_tokens=0|captured_kps=0
22:06:12,1,5,VP_INTELLIGENCE,"vp_status={'vp_own': 0, 'vp_enemy': 0, 'vp_gap': 0, 'turn': 1, 'max_turns': 30}|trend_direction=STABLE|threat_level=LOW|opportunities_count=0|recommendations_count=0"
22:06:12,UNKNOWN,UNKNOWN,SCOUT_IDENTIFICATION,total_units=0|scouts_found=0|scout_ids=
22:06:12,1,5,PHASE1_SUMMARY,total_units=0|scouts_identified=0|scouts_deployed=0|enemies_detected=0|combat_opportunities=0|threat_clusters=0
22:06:12,UNKNOWN,UNKNOWN,SCOUT_IDENTIFICATION,total_units=0|scouts_found=0|scout_ids=
22:06:12,1,5,PHASE1_SUMMARY,total_units=0|scouts_identified=0|scouts_deployed=0|enemies_detected=0|combat_opportunities=0|threat_clusters=0
22:06:12,1,5,PHASE2_SUMMARY,active_plans=0|new_plans=0|executed_plans=0|aborted_plans=0
22:06:12,1,5,TURN_START,player_nation=Niemcy|total_units=0|available_units=0
22:06:12,1,5,PHASE3_SUMMARY,defenders_assigned=0|kps_covered=0|pe_secure=True|threat_level=0.0|active_plans=0
22:06:12,UNKNOWN,UNKNOWN,SCOUT_IDENTIFICATION,total_units=0|scouts_found=0|scout_ids=
22:06:12,1,5,PHASE1_SUMMARY,total_units=0|scouts_identified=0|scouts_deployed=0|enemies_detected=0|combat_opportunities=0|threat_clusters=0
22:06:12,UNKNOWN,UNKNOWN,SCOUT_IDENTIFICATION,total_units=0|scouts_found=0|scout_ids=
22:06:12,1,5,PHASE1_SUMMARY,total_units=0|scouts_identified=0|scouts_deployed=0|enemies_detected=0|combat_opportunities=0|threat_clusters=0
22:06:12,1,5,PHASE2_SUMMARY,active_plans=0|new_plans=0|executed_plans=0|aborted_plans=0
22:06:12,1,5,TURN_START,player_nation=Niemcy|total_units=0|available_units=0
22:06:12,1,5,PHASE3_SUMMARY,defenders_assigned=0|kps_covered=0|pe_secure=True|threat_level=0.0|active_plans=0
22:06:12,UNKNOWN,5,PHASE_4_COMPLETE,request_generated=False|urgency=NONE|requirements=0|priority_areas=
22:06:13,1,2,TURN_START,player_nation=Unknown|total_tokens=0|captured_kps=0
22:06:13,1,2,VP_INTELLIGENCE,"vp_status={'vp_own': 0, 'vp_enemy': 0, 'vp_gap': 0, 'turn': 1, 'max_turns': 30}|trend_direction=STABLE|threat_level=LOW|opportunities_count=0|recommendations_count=0"
22:06:13,UNKNOWN,UNKNOWN,SCOUT_IDENTIFICATION,total_units=0|scouts_found=0|scout_ids=
22:06:13,1,2,PHASE1_SUMMARY,total_units=0|scouts_identified=0|scouts_deployed=0|enemies_detected=0|combat_opportunities=0|threat_clusters=0
22:06:13,UNKNOWN,UNKNOWN,SCOUT_IDENTIFICATION,total_units=0|scouts_found=0|scout_ids=
22:06:13,1,2,PHASE1_SUMMARY,total_units=0|scouts_identified=0|scouts_deployed=0|enemies_detected=0|combat_opportunities=0|threat_clusters=0
22:06:13,1,2,PHASE2_SUMMARY,active_plans=0|new_plans=0|executed_plans=0|aborted_plans=0
22:06:13,1,2,TURN_START,player_nation=Polska|total_units=0|available_units=0
22:06:13,1,2,PHASE3_SUMMARY,defenders_assigned=0|kps_covered=0|pe_secure=True|threat_level=0.0|active_plans=0
22:06:13,UNKNOWN,UNKNOWN,SCOUT_IDENTIFICATION,total_units=0|scouts_found=0|scout_ids=
22:06:13,1,2,PHASE1_SUMMARY,total_units=0|scouts_identified=0|scouts_deployed=0|enemies_detected=0|combat_opportunities=0|threat_clusters=0
22:06:13,UNKNOWN,UNKNOWN,SCOUT_IDENTIFICATION,total_units=0|scouts_found=0|scout_ids=
22:06:13,1,2,PHASE1_SUMMARY,total_units=0|scouts_identified=0|scouts_deployed=0|enemies_detected=0|combat_opportunities=0|threat_clusters=0
22:06:13,1,2,PHASE2_SUMMARY,active_plans=0|new_plans=0|executed_plans=0|aborted_plans=0
22:06:13,1,2,TURN_START,player_nation=Polska|total_units=0|available_units=0
22:06:13,1,2,PHASE3_SUMMARY,defenders_assigned=0|kps_covered=0|pe_secure=True|threat_level=0.0|active_plans=0
22:06:13,UNKNOWN,2,PHASE_4_COMPLETE,request_generated=False|urgency=NONE|requirements=0|priority_areas=
22:06:13,1,5,TURN_START,player_nation=Unknown|total_tokens=0|captured_kps=0
22:06:13,1,5,VP_INTELLIGENCE,"vp_status={'vp_own': 0, 'vp_enemy': 0, 'vp_gap': 0, 'turn': 1, 'max_turns': 30}|trend_direction=STABLE|threat_level=LOW|opportunities_count=0|recommendations_count=0"
22:06:13,UNKNOWN,UNKNOWN,SCOUT_IDENTIFICATION,total_units=0|scouts_found=0|scout_ids=
22:06:13,1,5,PHASE1_SUMMARY,total_units=0|scouts_identified=0|scouts_deployed=0|enemies_detected=0|combat_opportunities=0|threat_clusters=0
22:06:13,UNKNOWN,UNKNOWN,SCOUT_IDENTIFICATION,total_units=0|scouts_found=0|scout_ids=
22:06:13,1,5,PHASE1_SUMMARY,total_units=0|scouts_identified=0|scouts_deployed=0|enemies_detected=0|combat_opportunities=0|threat_clusters=0
22:06:13,1,5,PHASE2_SUMMARY,active_plans=0|new_plans=0|executed_plans=0|aborted_plans=0
22:06:13,1,5,TURN_START,player_nation=Niemcy|total_units=0|available_units=0
22:06:13,1,5,PHASE3_SUMMARY,defenders_assigned=0|kps_covered=0|pe_secure=True|threat_level=0.0|active_plans=0
22:06:13,UNKNOWN,UNKNOWN,SCOUT_IDENTIFICATION,total_units=0|scouts_found=0|scout_ids=
22:06:13,1,5,PHASE1_SUMMARY,total_units=0|scouts_identified=0|scouts_deployed=0|enemies_detected=0|combat_opportunities=0|threat_clusters=0
22:06:13,UNKNOWN,UNKNOWN,SCOUT_IDENTIFICATION,total_units=0|scouts_found=0|scout_ids=
22:06:13,1,5,PHASE1_SUMMARY,total_units=0|scouts_identified=0|scouts_deployed=0|enemies_detected=0|combat_opportunities=0|threat_clusters=0
22:06:13,1,5,PHASE2_SUMMARY,active_plans=0|new_plans=0|executed_plans=0|aborted_plans=0
22:06:13,1,5,TURN_START,player_nation=Niemcy|total_units=0|available_units=0
22:06:13,1,5,PHASE3_SUMMARY,defenders_assigned=0|kps_covered=0|pe_secure=True|threat_level=0.0|active_plans=0
22:06:13,UNKNOWN,5,PHASE_4_COMPLETE,request_generated=False|urgency=NONE|requirements=0|priority_areas=
22:06:13,1,2,TURN_START,player_nation=Unknown|total_tokens=0|captured_kps=0
22:06:13,1,2,VP_INTELLIGENCE,"vp_status={'vp_own': 0, 'vp_enemy': 0, 'vp_gap': 0, 'turn': 1, 'max_turns': 30}|trend_direction=STABLE|threat_level=LOW|opportunities_count=0|recommendations_count=0"
22:06:13,UNKNOWN,UNKNOWN,SCOUT_IDENTIFICATION,total_units=0|scouts_found=0|scout_ids=
22:06:13,1,2,PHASE1_SUMMARY,total_units=0|scouts_identified=0|scouts_deployed=0|enemies_detected=0|combat_opportunities=0|threat_clusters=0
22:06:13,UNKNOWN,UNKNOWN,SCOUT_IDENTIFICATION,total_units=0|scouts_found=0|scout_ids=
22:06:13,1,2,PHASE1_SUMMARY,total_units=0|scouts_identified=0|scouts_deployed=0|enemies_detected=0|combat_opportunities=0|threat_clusters=0
22:06:13,1,2,PHASE2_SUMMARY,active_plans=0|new_plans=0|executed_plans=0|aborted_plans=0
22:06:13,1,2,TURN_START,player_nation=Polska|total_units=0|available_units=0
22:06:13,1,2,PHASE3_SUMMARY,defenders_assigned=0|kps_covered=0|pe_secure=True|threat_level=0.0|active_plans=0
22:06:13,UNKNOWN,UNKNOWN,SCOUT_IDENTIFICATION,total_units=0|scouts_found=0|scout_ids=
22:06:13,1,2,PHASE1_SUMMARY,total_units=0|scouts_identified=0|scouts_deployed=0|enemies_detected=0|combat_opportunities=0|threat_clusters=0
22:06:13,UNKNOWN,UNKNOWN,SCOUT_IDENTIFICATION,total_units=0|scouts_found=0|scout_ids=
22:06:13,1,2,PHASE1_SUMMARY,total_units=0|scouts_identified=0|scouts_deployed=0|enemies_detected=0|combat_opportunities=0|threat_clusters=0
22:06:13,1,2,PHASE2_SUMMARY,active_plans=0|new_plans=0|executed_plans=0|aborted_plans=0
22:06:13,1,2,TURN_START,player_nation=Polska|total_units=0|available_units=0
22:06:13,1,2,PHASE3_SUMMARY,defenders_assigned=0|kps_covered=0|pe_secure=True|threat_level=0.0|active_plans=0
22:06:13,UNKNOWN,2,PHASE_4_COMPLETE,request_generated=False|urgency=NONE|requirements=0|priority_areas=
22:06:13,1,5,TURN_START,player_nation=Unknown|total_tokens=0|captured_kps=0
22:06:13,1,5,VP_INTELLIGENCE,"vp_status={'vp_own': 0, 'vp_enemy': 0, 'vp_gap': 0, 'turn': 1, 'max_turns': 30}|trend_direction=STABLE|threat_level=LOW|opportunities_count=0|recommendations_count=0"
22:06:13,UNKNOWN,UNKNOWN,SCOUT_IDENTIFICATION,total_units=0|scouts_found=0|scout_ids=
22:06:13,1,5,PHASE1_SUMMARY,total_units=0|scouts_identified=0|scouts_deployed=0|enemies_detected=0|combat_opportunities=0|threat_clusters=0
22:06:13,UNKNOWN,UNKNOWN,SCOUT_IDENTIFICATION,total_units=0|scouts_found=0|scout_ids=
22:06:13,1,5,PHASE1_SUMMARY,total_units=0|scouts_identified=0|scouts_deployed=0|enemies_detected=0|combat_opportunities=0|threat_clusters=0
22:06:13,1,5,PHASE2_SUMMARY,active_plans=0|new_plans=0|executed_plans=0|aborted_plans=0
22:06:13,1,5,TURN_START,player_nation=Niemcy|total_units=0|available_units=0
22:06:13,1,5,PHASE3_SUMMARY,defenders_assigned=0|kps_covered=0|pe_secure=True|threat_level=0.0|active_plans=0
22:06:13,UNKNOWN,UNKNOWN,SCOUT_IDENTIFICATION,total_units=0|scouts_found=0|scout_ids=
22:06:13,1,5,PHASE1_SUMMARY,total_units=0|scouts_identified=0|scouts_deployed=0|enemies_detected=0|combat_opportunities=0|threat_clusters=0
22:06:13,UNKNOWN,UNKNOWN,SCOUT_IDENTIFICATION,total_units=0|scouts_found=0|scout_ids=
22:06:13,1,5,PHASE1_SUMMARY,total_units=0|scouts_identified=0|scouts_deployed=0|enemies_detected=0|combat_opportunities=0|threat_clusters=0
22:06:13,1,5,PHASE2_SUMMARY,active_plans=0|new_plans=0|executed_plans=0|aborted_plans=0
22:06:13,1,5,TURN_START,player_nation=Niemcy|total_units=0|available_units=0
22:06:13,1,5,PHASE3_SUMMARY,defenders_assigned=0|kps_covered=0|pe_secure=True|threat_level=0.0|active_plans=0
22:06:13,UNKNOWN,5,PHASE_4_COMPLETE,request_generated=False|urgency=NONE|requirements=0|priority_areas=
22:06:14,1,2,TURN_START,player_nation=Unknown|total_tokens=0|captured_kps=0
22:06:14,1,2,VP_INTELLIGENCE,"vp_status={'vp_own': 0, 'vp_enemy': 0, 'vp_gap': 0, 'turn': 1, 'max_turns': 30}|trend_direction=STABLE|threat_level=LOW|opportunities_count=0|recommendations_count=0"
22:06:14,UNKNOWN,UNKNOWN,SCOUT_IDENTIFICATION,total_units=0|scouts_found=0|scout_ids=
22:06:14,1,2,PHASE1_SUMMARY,total_units=0|scouts_identified=0|scouts_deployed=0|enemies_detected=0|combat_opportunities=0|threat_clusters=0
22:06:14,UNKNOWN,UNKNOWN,SCOUT_IDENTIFICATION,total_units=0|scouts_found=0|scout_ids=
22:06:14,1,2,PHASE1_SUMMARY,total_units=0|scouts_identified=0|scouts_deployed=0|enemies_detected=0|combat_opportunities=0|threat_clusters=0
22:06:14,1,2,PHASE2_SUMMARY,active_plans=0|new_plans=0|executed_plans=0|aborted_plans=0
22:06:14,1,2,TURN_START,player_nation=Polska|total_units=0|available_units=0
22:06:14,1,2,PHASE3_SUMMARY,defenders_assigned=0|kps_covered=0|pe_secure=True|threat_level=0.0|active_plans=0
22:06:14,UNKNOWN,UNKNOWN,SCOUT_IDENTIFICATION,total_units=0|scouts_found=0|scout_ids=
22:06:14,1,2,PHASE1_SUMMARY,total_units=0|scouts_identified=0|scouts_deployed=0|enemies_detected=0|combat_opportunities=0|threat_clusters=0
22:06:14,UNKNOWN,UNKNOWN,SCOUT_IDENTIFICATION,total_units=0|scouts_found=0|scout_ids=
22:06:14,1,2,PHASE1_SUMMARY,total_units=0|scouts_identified=0|scouts_deployed=0|enemies_detected=0|combat_opportunities=0|threat_clusters=0
22:06:14,1,2,PHASE2_SUMMARY,active_plans=0|new_plans=0|executed_plans=0|aborted_plans=0
22:06:14,1,2,TURN_START,player_nation=Polska|total_units=0|available_units=0
22:06:14,1,2,PHASE3_SUMMARY,defenders_assigned=0|kps_covered=0|pe_secure=True|threat_level=0.0|active_plans=0
22:06:14,UNKNOWN,2,PHASE_4_COMPLETE,request_generated=False|urgency=NONE|requirements=0|priority_areas=
22:06:14,1,5,TURN_START,player_nation=Unknown|total_tokens=0|captured_kps=0
22:06:14,1,5,VP_INTELLIGENCE,"vp_status={'vp_own': 0, 'vp_enemy': 0, 'vp_gap': 0, 'turn': 1, 'max_turns': 30}|trend_direction=STABLE|threat_level=LOW|opportunities_count=0|recommendations_count=0"
22:06:14,UNKNOWN,UNKNOWN,SCOUT_IDENTIFICATION,total_units=0|scouts_found=0|scout_ids=
22:06:14,1,5,PHASE1_SUMMARY,total_units=0|scouts_identified=0|scouts_deployed=0|enemies_detected=0|combat_opportunities=0|threat_clusters=0
22:06:14,UNKNOWN,UNKNOWN,SCOUT_IDENTIFICATION,total_units=0|scouts_found=0|scout_ids=
22:06:14,1,5,PHASE1_SUMMARY,total_units=0|scouts_identified=0|scouts_deployed=0|enemies_detected=0|combat_opportunities=0|threat_clusters=0
22:06:14,1,5,PHASE2_SUMMARY,active_plans=0|new_plans=0|executed_plans=0|aborted_plans=0
22:06:14,1,5,TURN_START,player_nation=Niemcy|total_units=0|available_units=0
22:06:14,1,5,PHASE3_SUMMARY,defenders_assigned=0|kps_covered=0|pe_secure=True|threat_level=0.0|active_plans=0
22:06:14,UNKNOWN,UNKNOWN,SCOUT_IDENTIFICATION,total_units=0|scouts_found=0|scout_ids=
22:06:14,1,5,PHASE1_SUMMARY,total_units=0|scouts_identified=0|scouts_deployed=0|enemies_detected=0|combat_opportunities=0|threat_clusters=0
22:06:14,UNKNOWN,UNKNOWN,SCOUT_IDENTIFICATION,total_units=0|scouts_found=0|scout_ids=
22:06:14,1,5,PHASE1_SUMMARY,total_units=0|scouts_identified=0|scouts_deployed=0|enemies_detected=0|combat_opportunities=0|threat_clusters=0
22:06:14,1,5,PHASE2_SUMMARY,active_plans=0|new_plans=0|executed_plans=0|aborted_plans=0
22:06:14,1,5,TURN_START,player_nation=Niemcy|total_units=0|available_units=0
22:06:14,1,5,PHASE3_SUMMARY,defenders_assigned=0|kps_covered=0|pe_secure=True|threat_level=0.0|active_plans=0
22:06:14,UNKNOWN,5,PHASE_4_COMPLETE,request_generated=False|urgency=NONE|requirements=0|priority_areas=
22:06:14,1,2,TURN_START,player_nation=Unknown|total_tokens=0|captured_kps=0
22:06:14,1,2,VP_INTELLIGENCE,"vp_status={'vp_own': 0, 'vp_enemy': 0, 'vp_gap': 0, 'turn': 1, 'max_turns': 30}|trend_direction=STABLE|threat_level=LOW|opportunities_count=0|recommendations_count=0"
22:06:14,UNKNOWN,UNKNOWN,SCOUT_IDENTIFICATION,total_units=0|scouts_found=0|scout_ids=
22:06:14,1,2,PHASE1_SUMMARY,total_units=0|scouts_identified=0|scouts_deployed=0|enemies_detected=0|combat_opportunities=0|threat_clusters=0
22:06:14,UNKNOWN,UNKNOWN,SCOUT_IDENTIFICATION,total_units=0|scouts_found=0|scout_ids=
22:06:14,1,2,PHASE1_SUMMARY,total_units=0|scouts_identified=0|scouts_deployed=0|enemies_detected=0|combat_opportunities=0|threat_clusters=0
22:06:14,1,2,PHASE2_SUMMARY,active_plans=0|new_plans=0|executed_plans=0|aborted_plans=0
22:06:14,1,2,TURN_START,player_nation=Polska|total_units=0|available_units=0
22:06:14,1,2,PHASE3_SUMMARY,defenders_assigned=0|kps_covered=0|pe_secure=True|threat_level=0.0|active_plans=0
22:06:14,UNKNOWN,UNKNOWN,SCOUT_IDENTIFICATION,total_units=0|scouts_found=0|scout_ids=
22:06:14,1,2,PHASE1_SUMMARY,total_units=0|scouts_identified=0|scouts_deployed=0|enemies_detected=0|combat_opportunities=0|threat_clusters=0
22:06:14,UNKNOWN,UNKNOWN,SCOUT_IDENTIFICATION,total_units=0|scouts_found=0|scout_ids=
22:06:14,1,2,PHASE1_SUMMARY,total_units=0|scouts_identified=0|scouts_deployed=0|enemies_detected=0|combat_opportunities=0|threat_clusters=0
22:06:14,1,2,PHASE2_SUMMARY,active_plans=0|new_plans=0|executed_plans=0|aborted_plans=0
22:06:14,1,2,TURN_START,player_nation=Polska|total_units=0|available_units=0
22:06:14,1,2,PHASE3_SUMMARY,defenders_assigned=0|kps_covered=0|pe_secure=True|threat_level=0.0|active_plans=0
22:06:14,UNKNOWN,2,PHASE_4_COMPLETE,request_generated=False|urgency=NONE|requirements=0|priority_areas=
22:06:14,1,5,TURN_START,player_nation=Unknown|total_tokens=0|captured_kps=0
22:06:14,1,5,VP_INTELLIGENCE,"vp_status={'vp_own': 0, 'vp_enemy': 0, 'vp_gap': 0, 'turn': 1, 'max_turns': 30}|trend_direction=STABLE|threat_level=LOW|opportunities_count=0|recommendations_count=0"
22:06:14,UNKNOWN,UNKNOWN,SCOUT_IDENTIFICATION,total_units=0|scouts_found=0|scout_ids=
22:06:14,1,5,PHASE1_SUMMARY,total_units=0|scouts_identified=0|scouts_deployed=0|enemies_detected=0|combat_opportunities=0|threat_clusters=0
22:06:14,UNKNOWN,UNKNOWN,SCOUT_IDENTIFICATION,total_units=0|scouts_found=0|scout_ids=
22:06:14,1,5,PHASE1_SUMMARY,total_units=0|scouts_identified=0|scouts_deployed=0|enemies_detected=0|combat_opportunities=0|threat_clusters=0
22:06:14,1,5,PHASE2_SUMMARY,active_plans=0|new_plans=0|executed_plans=0|aborted_plans=0
22:06:14,1,5,TURN_START,player_nation=Niemcy|total_units=0|available_units=0
22:06:14,1,5,PHASE3_SUMMARY,defenders_assigned=0|kps_covered=0|pe_secure=True|threat_level=0.0|active_plans=0
22:06:14,UNKNOWN,UNKNOWN,SCOUT_IDENTIFICATION,total_units=0|scouts_found=0|scout_ids=
22:06:14,1,5,PHASE1_SUMMARY,total_units=0|scouts_identified=0|scouts_deployed=0|enemies_detected=0|combat_opportunities=0|threat_clusters=0
22:06:14,UNKNOWN,UNKNOWN,SCOUT_IDENTIFICATION,total_units=0|scouts_found=0|scout_ids=
22:06:14,1,5,PHASE1_SUMMARY,total_units=0|scouts_identified=0|scouts_deployed=0|enemies_detected=0|combat_opportunities=0|threat_clusters=0
22:06:14,1,5,PHASE2_SUMMARY,active_plans=0|new_plans=0|executed_plans=0|aborted_plans=0
22:06:14,1,5,TURN_START,player_nation=Niemcy|total_units=0|available_units=0
22:06:14,1,5,PHASE3_SUMMARY,defenders_assigned=0|kps_covered=0|pe_secure=True|threat_level=0.0|active_plans=0
22:06:14,UNKNOWN,5,PHASE_4_COMPLETE,request_generated=False|urgency=NONE|requirements=0|priority_areas=
22:06:15,1,2,TURN_START,player_nation=Unknown|total_tokens=0|captured_kps=0
22:06:15,1,2,VP_INTELLIGENCE,"vp_status={'vp_own': 0, 'vp_enemy': 0, 'vp_gap': 0, 'turn': 1, 'max_turns': 30}|trend_direction=STABLE|threat_level=LOW|opportunities_count=0|recommendations_count=0"
22:06:15,UNKNOWN,UNKNOWN,SCOUT_IDENTIFICATION,total_units=0|scouts_found=0|scout_ids=
22:06:15,1,2,PHASE1_SUMMARY,total_units=0|scouts_identified=0|scouts_deployed=0|enemies_detected=0|combat_opportunities=0|threat_clusters=0
22:06:15,UNKNOWN,UNKNOWN,SCOUT_IDENTIFICATION,total_units=0|scouts_found=0|scout_ids=
22:06:15,1,2,PHASE1_SUMMARY,total_units=0|scouts_identified=0|scouts_deployed=0|enemies_detected=0|combat_opportunities=0|threat_clusters=0
22:06:15,1,2,PHASE2_SUMMARY,active_plans=0|new_plans=0|executed_plans=0|aborted_plans=0
22:06:15,1,2,TURN_START,player_nation=Polska|total_units=0|available_units=0
22:06:15,1,2,PHASE3_SUMMARY,defenders_assigned=0|kps_covered=0|pe_secure=True|threat_level=0.0|active_plans=0
22:06:15,UNKNOWN,UNKNOWN,SCOUT_IDENTIFICATION,total_units=0|scouts_found=0|scout_ids=
22:06:15,1,2,PHASE1_SUMMARY,total_units=0|scouts_identified=0|scouts_deployed=0|enemies_detected=0|combat_opportunities=0|threat_clusters=0
22:06:15,UNKNOWN,UNKNOWN,SCOUT_IDENTIFICATION,total_units=0|scouts_found=0|scout_ids=
22:06:15,1,2,PHASE1_SUMMARY,total_units=0|scouts_identified=0|scouts_deployed=0|enemies_detected=0|combat_opportunities=0|threat_clusters=0
22:06:15,1,2,PHASE2_SUMMARY,active_plans=0|new_plans=0|executed_plans=0|aborted_plans=0
22:06:15,1,2,TURN_START,player_nation=Polska|total_units=0|available_units=0
22:06:15,1,2,PHASE3_SUMMARY,defenders_assigned=0|kps_covered=0|pe_secure=True|threat_level=0.0|active_plans=0
22:06:15,UNKNOWN,2,PHASE_4_COMPLETE,request_generated=False|urgency=NONE|requirements=0|priority_areas=
22:06:15,1,5,TURN_START,player_nation=Unknown|total_tokens=0|captured_kps=0
22:06:15,1,5,VP_INTELLIGENCE,"vp_status={'vp_own': 0, 'vp_enemy': 0, 'vp_gap': 0, 'turn': 1, 'max_turns': 30}|trend_direction=STABLE|threat_level=LOW|opportunities_count=0|recommendations_count=0"
22:06:15,UNKNOWN,UNKNOWN,SCOUT_IDENTIFICATION,total_units=0|scouts_found=0|scout_ids=
22:06:15,1,5,PHASE1_SUMMARY,total_units=0|scouts_identified=0|scouts_deployed=0|enemies_detected=0|combat_opportunities=0|threat_clusters=0
22:06:15,UNKNOWN,UNKNOWN,SCOUT_IDENTIFICATION,total_units=0|scouts_found=0|scout_ids=
22:06:15,1,5,PHASE1_SUMMARY,total_units=0|scouts_identified=0|scouts_deployed=0|enemies_detected=0|combat_opportunities=0|threat_clusters=0
22:06:15,1,5,PHASE2_SUMMARY,active_plans=0|new_plans=0|executed_plans=0|aborted_plans=0
22:06:15,1,5,TURN_START,player_nation=Niemcy|total_units=0|available_units=0
22:06:15,1,5,PHASE3_SUMMARY,defenders_assigned=0|kps_covered=0|pe_secure=True|threat_level=0.0|active_plans=0
22:06:15,UNKNOWN,UNKNOWN,SCOUT_IDENTIFICATION,total_units=0|scouts_found=0|scout_ids=
22:06:15,1,5,PHASE1_SUMMARY,total_units=0|scouts_identified=0|scouts_deployed=0|enemies_detected=0|combat_opportunities=0|threat_clusters=0
22:06:15,UNKNOWN,UNKNOWN,SCOUT_IDENTIFICATION,total_units=0|scouts_found=0|scout_ids=
22:06:15,1,5,PHASE1_SUMMARY,total_units=0|scouts_identified=0|scouts_deployed=0|enemies_detected=0|combat_opportunities=0|threat_clusters=0
22:06:15,1,5,PHASE2_SUMMARY,active_plans=0|new_plans=0|executed_plans=0|aborted_plans=0
22:06:15,1,5,TURN_START,player_nation=Niemcy|total_units=0|available_units=0
22:06:15,1,5,PHASE3_SUMMARY,defenders_assigned=0|kps_covered=0|pe_secure=True|threat_level=0.0|active_plans=0
22:06:15,UNKNOWN,5,PHASE_4_COMPLETE,request_generated=False|urgency=NONE|requirements=0|priority_areas=
22:06:15,1,2,TURN_START,player_nation=Unknown|total_tokens=0|captured_kps=0
22:06:15,1,2,VP_INTELLIGENCE,"vp_status={'vp_own': 0, 'vp_enemy': 0, 'vp_gap': 0, 'turn': 1, 'max_turns': 30}|trend_direction=STABLE|threat_level=LOW|opportunities_count=0|recommendations_count=0"
22:06:15,UNKNOWN,UNKNOWN,SCOUT_IDENTIFICATION,total_units=0|scouts_found=0|scout_ids=
22:06:15,1,2,PHASE1_SUMMARY,total_units=0|scouts_identified=0|scouts_deployed=0|enemies_detected=0|combat_opportunities=0|threat_clusters=0
22:06:15,UNKNOWN,UNKNOWN,SCOUT_IDENTIFICATION,total_units=0|scouts_found=0|scout_ids=
22:06:15,1,2,PHASE1_SUMMARY,total_units=0|scouts_identified=0|scouts_deployed=0|enemies_detected=0|combat_opportunities=0|threat_clusters=0
22:06:15,1,2,PHASE2_SUMMARY,active_plans=0|new_plans=0|executed_plans=0|aborted_plans=0
22:06:15,1,2,TURN_START,player_nation=Polska|total_units=0|available_units=0
22:06:15,1,2,PHASE3_SUMMARY,defenders_assigned=0|kps_covered=0|pe_secure=True|threat_level=0.0|active_plans=0
22:06:15,UNKNOWN,UNKNOWN,SCOUT_IDENTIFICATION,total_units=0|scouts_found=0|scout_ids=
22:06:15,1,2,PHASE1_SUMMARY,total_units=0|scouts_identified=0|scouts_deployed=0|enemies_detected=0|combat_opportunities=0|threat_clusters=0
22:06:15,UNKNOWN,UNKNOWN,SCOUT_IDENTIFICATION,total_units=0|scouts_found=0|scout_ids=
22:06:15,1,2,PHASE1_SUMMARY,total_units=0|scouts_identified=0|scouts_deployed=0|enemies_detected=0|combat_opportunities=0|threat_clusters=0
22:06:15,1,2,PHASE2_SUMMARY,active_plans=0|new_plans=0|executed_plans=0|aborted_plans=0
22:06:15,1,2,TURN_START,player_nation=Polska|total_units=0|available_units=0
22:06:15,1,2,PHASE3_SUMMARY,defenders_assigned=0|kps_covered=0|pe_secure=True|threat_level=0.0|active_plans=0
22:06:15,UNKNOWN,2,PHASE_4_COMPLETE,request_generated=False|urgency=NONE|requirements=0|priority_areas=
22:06:15,1,5,TURN_START,player_nation=Unknown|total_tokens=0|captured_kps=0
22:06:15,1,5,VP_INTELLIGENCE,"vp_status={'vp_own': 0, 'vp_enemy': 0, 'vp_gap': 0, 'turn': 1, 'max_turns': 30}|trend_direction=STABLE|threat_level=LOW|opportunities_count=0|recommendations_count=0"
22:06:15,UNKNOWN,UNKNOWN,SCOUT_IDENTIFICATION,total_units=0|scouts_found=0|scout_ids=
22:06:15,1,5,PHASE1_SUMMARY,total_units=0|scouts_identified=0|scouts_deployed=0|enemies_detected=0|combat_opportunities=0|threat_clusters=0
22:06:15,UNKNOWN,UNKNOWN,SCOUT_IDENTIFICATION,total_units=0|scouts_found=0|scout_ids=
22:06:15,1,5,PHASE1_SUMMARY,total_units=0|scouts_identified=0|scouts_deployed=0|enemies_detected=0|combat_opportunities=0|threat_clusters=0
22:06:15,1,5,PHASE2_SUMMARY,active_plans=0|new_plans=0|executed_plans=0|aborted_plans=0
22:06:15,1,5,TURN_START,player_nation=Niemcy|total_units=0|available_units=0
22:06:15,1,5,PHASE3_SUMMARY,defenders_assigned=0|kps_covered=0|pe_secure=True|threat_level=0.0|active_plans=0
22:06:15,UNKNOWN,UNKNOWN,SCOUT_IDENTIFICATION,total_units=0|scouts_found=0|scout_ids=
22:06:15,1,5,PHASE1_SUMMARY,total_units=0|scouts_identified=0|scouts_deployed=0|enemies_detected=0|combat_opportunities=0|threat_clusters=0
22:06:15,UNKNOWN,UNKNOWN,SCOUT_IDENTIFICATION,total_units=0|scouts_found=0|scout_ids=
22:06:15,1,5,PHASE1_SUMMARY,total_units=0|scouts_identified=0|scouts_deployed=0|enemies_detected=0|combat_opportunities=0|threat_clusters=0
22:06:15,1,5,PHASE2_SUMMARY,active_plans=0|new_plans=0|executed_plans=0|aborted_plans=0
22:06:15,1,5,TURN_START,player_nation=Niemcy|total_units=0|available_units=0
22:06:15,1,5,PHASE3_SUMMARY,defenders_assigned=0|kps_covered=0|pe_secure=True|threat_level=0.0|active_plans=0
22:06:15,UNKNOWN,5,PHASE_4_COMPLETE,request_generated=False|urgency=NONE|requirements=0|priority_areas=
22:06:15,1,2,TURN_START,player_nation=Unknown|total_tokens=0|captured_kps=0
22:06:15,1,2,VP_INTELLIGENCE,"vp_status={'vp_own': 0, 'vp_enemy': 0, 'vp_gap': 0, 'turn': 1, 'max_turns': 30}|trend_direction=STABLE|threat_level=LOW|opportunities_count=0|recommendations_count=0"
22:06:15,UNKNOWN,UNKNOWN,SCOUT_IDENTIFICATION,total_units=0|scouts_found=0|scout_ids=
22:06:15,1,2,PHASE1_SUMMARY,total_units=0|scouts_identified=0|scouts_deployed=0|enemies_detected=0|combat_opportunities=0|threat_clusters=0
22:06:15,UNKNOWN,UNKNOWN,SCOUT_IDENTIFICATION,total_units=0|scouts_found=0|scout_ids=
22:06:15,1,2,PHASE1_SUMMARY,total_units=0|scouts_identified=0|scouts_deployed=0|enemies_detected=0|combat_opportunities=0|threat_clusters=0
22:06:15,1,2,PHASE2_SUMMARY,active_plans=0|new_plans=0|executed_plans=0|aborted_plans=0
22:06:15,1,2,TURN_START,player_nation=Polska|total_units=0|available_units=0
22:06:15,1,2,PHASE3_SUMMARY,defenders_assigned=0|kps_covered=0|pe_secure=True|threat_level=0.0|active_plans=0
22:06:15,UNKNOWN,UNKNOWN,SCOUT_IDENTIFICATION,total_units=0|scouts_found=0|scout_ids=
22:06:15,1,2,PHASE1_SUMMARY,total_units=0|scouts_identified=0|scouts_deployed=0|enemies_detected=0|combat_opportunities=0|threat_clusters=0
22:06:15,UNKNOWN,UNKNOWN,SCOUT_IDENTIFICATION,total_units=0|scouts_found=0|scout_ids=
22:06:15,1,2,PHASE1_SUMMARY,total_units=0|scouts_identified=0|scouts_deployed=0|enemies_detected=0|combat_opportunities=0|threat_clusters=0
22:06:15,1,2,PHASE2_SUMMARY,active_plans=0|new_plans=0|executed_plans=0|aborted_plans=0
22:06:15,1,2,TURN_START,player_nation=Polska|total_units=0|available_units=0
22:06:15,1,2,PHASE3_SUMMARY,defenders_assigned=0|kps_covered=0|pe_secure=True|threat_level=0.0|active_plans=0
22:06:15,UNKNOWN,2,PHASE_4_COMPLETE,request_generated=False|urgency=NONE|requirements=0|priority_areas=
22:06:16,1,5,TURN_START,player_nation=Unknown|total_tokens=0|captured_kps=0
22:06:16,1,5,VP_INTELLIGENCE,"vp_status={'vp_own': 0, 'vp_enemy': 0, 'vp_gap': 0, 'turn': 1, 'max_turns': 30}|trend_direction=STABLE|threat_level=LOW|opportunities_count=0|recommendations_count=0"
22:06:16,UNKNOWN,UNKNOWN,SCOUT_IDENTIFICATION,total_units=0|scouts_found=0|scout_ids=
22:06:16,1,5,PHASE1_SUMMARY,total_units=0|scouts_identified=0|scouts_deployed=0|enemies_detected=0|combat_opportunities=0|threat_clusters=0
22:06:16,UNKNOWN,UNKNOWN,SCOUT_IDENTIFICATION,total_units=0|scouts_found=0|scout_ids=
22:06:16,1,5,PHASE1_SUMMARY,total_units=0|scouts_identified=0|scouts_deployed=0|enemies_detected=0|combat_opportunities=0|threat_clusters=0
22:06:16,1,5,PHASE2_SUMMARY,active_plans=0|new_plans=0|executed_plans=0|aborted_plans=0
22:06:16,1,5,TURN_START,player_nation=Niemcy|total_units=0|available_units=0
22:06:16,1,5,PHASE3_SUMMARY,defenders_assigned=0|kps_covered=0|pe_secure=True|threat_level=0.0|active_plans=0
22:06:16,UNKNOWN,UNKNOWN,SCOUT_IDENTIFICATION,total_units=0|scouts_found=0|scout_ids=
22:06:16,1,5,PHASE1_SUMMARY,total_units=0|scouts_identified=0|scouts_deployed=0|enemies_detected=0|combat_opportunities=0|threat_clusters=0
22:06:16,UNKNOWN,UNKNOWN,SCOUT_IDENTIFICATION,total_units=0|scouts_found=0|scout_ids=
22:06:16,1,5,PHASE1_SUMMARY,total_units=0|scouts_identified=0|scouts_deployed=0|enemies_detected=0|combat_opportunities=0|threat_clusters=0
22:06:16,1,5,PHASE2_SUMMARY,active_plans=0|new_plans=0|executed_plans=0|aborted_plans=0
22:06:16,1,5,TURN_START,player_nation=Niemcy|total_units=0|available_units=0
22:06:16,1,5,PHASE3_SUMMARY,defenders_assigned=0|kps_covered=0|pe_secure=True|threat_level=0.0|active_plans=0
22:06:16,UNKNOWN,5,PHASE_4_COMPLETE,request_generated=False|urgency=NONE|requirements=0|priority_areas=
22:06:16,1,2,TURN_START,player_nation=Unknown|total_tokens=0|captured_kps=0
22:06:16,1,2,VP_INTELLIGENCE,"vp_status={'vp_own': 0, 'vp_enemy': 0, 'vp_gap': 0, 'turn': 1, 'max_turns': 30}|trend_direction=STABLE|threat_level=LOW|opportunities_count=0|recommendations_count=0"
22:06:16,UNKNOWN,UNKNOWN,SCOUT_IDENTIFICATION,total_units=0|scouts_found=0|scout_ids=
22:06:16,1,2,PHASE1_SUMMARY,total_units=0|scouts_identified=0|scouts_deployed=0|enemies_detected=0|combat_opportunities=0|threat_clusters=0
22:06:16,UNKNOWN,UNKNOWN,SCOUT_IDENTIFICATION,total_units=0|scouts_found=0|scout_ids=
22:06:16,1,2,PHASE1_SUMMARY,total_units=0|scouts_identified=0|scouts_deployed=0|enemies_detected=0|combat_opportunities=0|threat_clusters=0
22:06:16,1,2,PHASE2_SUMMARY,active_plans=0|new_plans=0|executed_plans=0|aborted_plans=0
22:06:16,1,2,TURN_START,player_nation=Polska|total_units=0|available_units=0
22:06:16,1,2,PHASE3_SUMMARY,defenders_assigned=0|kps_covered=0|pe_secure=True|threat_level=0.0|active_plans=0
22:06:16,UNKNOWN,UNKNOWN,SCOUT_IDENTIFICATION,total_units=0|scouts_found=0|scout_ids=
22:06:16,1,2,PHASE1_SUMMARY,total_units=0|scouts_identified=0|scouts_deployed=0|enemies_detected=0|combat_opportunities=0|threat_clusters=0
22:06:16,UNKNOWN,UNKNOWN,SCOUT_IDENTIFICATION,total_units=0|scouts_found=0|scout_ids=
22:06:16,1,2,PHASE1_SUMMARY,total_units=0|scouts_identified=0|scouts_deployed=0|enemies_detected=0|combat_opportunities=0|threat_clusters=0
22:06:16,1,2,PHASE2_SUMMARY,active_plans=0|new_plans=0|executed_plans=0|aborted_plans=0
22:06:16,1,2,TURN_START,player_nation=Polska|total_units=0|available_units=0
22:06:16,1,2,PHASE3_SUMMARY,defenders_assigned=0|kps_covered=0|pe_secure=True|threat_level=0.0|active_plans=0
22:06:16,UNKNOWN,2,PHASE_4_COMPLETE,request_generated=False|urgency=NONE|requirements=0|priority_areas=
22:06:16,1,5,TURN_START,player_nation=Unknown|total_tokens=0|captured_kps=0
22:06:16,1,5,VP_INTELLIGENCE,"vp_status={'vp_own': 0, 'vp_enemy': 0, 'vp_gap': 0, 'turn': 1, 'max_turns': 30}|trend_direction=STABLE|threat_level=LOW|opportunities_count=0|recommendations_count=0"
22:06:16,UNKNOWN,UNKNOWN,SCOUT_IDENTIFICATION,total_units=0|scouts_found=0|scout_ids=
22:06:16,1,5,PHASE1_SUMMARY,total_units=0|scouts_identified=0|scouts_deployed=0|enemies_detected=0|combat_opportunities=0|threat_clusters=0
22:06:16,UNKNOWN,UNKNOWN,SCOUT_IDENTIFICATION,total_units=0|scouts_found=0|scout_ids=
22:06:16,1,5,PHASE1_SUMMARY,total_units=0|scouts_identified=0|scouts_deployed=0|enemies_detected=0|combat_opportunities=0|threat_clusters=0
22:06:16,1,5,PHASE2_SUMMARY,active_plans=0|new_plans=0|executed_plans=0|aborted_plans=0
22:06:16,1,5,TURN_START,player_nation=Niemcy|total_units=0|available_units=0
22:06:16,1,5,PHASE3_SUMMARY,defenders_assigned=0|kps_covered=0|pe_secure=True|threat_level=0.0|active_plans=0
22:06:16,UNKNOWN,UNKNOWN,SCOUT_IDENTIFICATION,total_units=0|scouts_found=0|scout_ids=
22:06:16,1,5,PHASE1_SUMMARY,total_units=0|scouts_identified=0|scouts_deployed=0|enemies_detected=0|combat_opportunities=0|threat_clusters=0
22:06:16,UNKNOWN,UNKNOWN,SCOUT_IDENTIFICATION,total_units=0|scouts_found=0|scout_ids=
22:06:16,1,5,PHASE1_SUMMARY,total_units=0|scouts_identified=0|scouts_deployed=0|enemies_detected=0|combat_opportunities=0|threat_clusters=0
22:06:16,1,5,PHASE2_SUMMARY,active_plans=0|new_plans=0|executed_plans=0|aborted_plans=0
22:06:16,1,5,TURN_START,player_nation=Niemcy|total_units=0|available_units=0
22:06:16,1,5,PHASE3_SUMMARY,defenders_assigned=0|kps_covered=0|pe_secure=True|threat_level=0.0|active_plans=0
22:06:16,UNKNOWN,5,PHASE_4_COMPLETE,request_generated=False|urgency=NONE|requirements=0|priority_areas=
22:06:16,1,2,TURN_START,player_nation=Unknown|total_tokens=0|captured_kps=0
22:06:16,1,2,VP_INTELLIGENCE,"vp_status={'vp_own': 0, 'vp_enemy': 0, 'vp_gap': 0, 'turn': 1, 'max_turns': 30}|trend_direction=STABLE|threat_level=LOW|opportunities_count=0|recommendations_count=0"
22:06:16,UNKNOWN,UNKNOWN,SCOUT_IDENTIFICATION,total_units=0|scouts_found=0|scout_ids=
22:06:16,1,2,PHASE1_SUMMARY,total_units=0|scouts_identified=0|scouts_deployed=0|enemies_detected=0|combat_opportunities=0|threat_clusters=0
22:06:16,UNKNOWN,UNKNOWN,SCOUT_IDENTIFICATION,total_units=0|scouts_found=0|scout_ids=
22:06:16,1,2,PHASE1_SUMMARY,total_units=0|scouts_identified=0|scouts_deployed=0|enemies_detected=0|combat_opportunities=0|threat_clusters=0
22:06:16,1,2,PHASE2_SUMMARY,active_plans=0|new_plans=0|executed_plans=0|aborted_plans=0
22:06:16,1,2,TURN_START,player_nation=Polska|total_units=0|available_units=0
22:06:16,1,2,PHASE3_SUMMARY,defenders_assigned=0|kps_covered=0|pe_secure=True|threat_level=0.0|active_plans=0
22:06:16,UNKNOWN,UNKNOWN,SCOUT_IDENTIFICATION,total_units=0|scouts_found=0|scout_ids=
22:06:16,1,2,PHASE1_SUMMARY,total_units=0|scouts_identified=0|scouts_deployed=0|enemies_detected=0|combat_opportunities=0|threat_clusters=0
22:06:16,UNKNOWN,UNKNOWN,SCOUT_IDENTIFICATION,total_units=0|scouts_found=0|scout_ids=
22:06:16,1,2,PHASE1_SUMMARY,total_units=0|scouts_identified=0|scouts_deployed=0|enemies_detected=0|combat_opportunities=0|threat_clusters=0
22:06:16,1,2,PHASE2_SUMMARY,active_plans=0|new_plans=0|executed_plans=0|aborted_plans=0
22:06:16,1,2,TURN_START,player_nation=Polska|total_units=0|available_units=0
22:06:16,1,2,PHASE3_SUMMARY,defenders_assigned=0|kps_covered=0|pe_secure=True|threat_level=0.0|active_plans=0
22:06:16,UNKNOWN,2,PHASE_4_COMPLETE,request_generated=False|urgency=NONE|requirements=0|priority_areas=
22:06:17,1,5,TURN_START,player_nation=Unknown|total_tokens=0|captured_kps=0
22:06:17,1,5,VP_INTELLIGENCE,"vp_status={'vp_own': 0, 'vp_enemy': 0, 'vp_gap': 0, 'turn': 1, 'max_turns': 30}|trend_direction=STABLE|threat_level=LOW|opportunities_count=0|recommendations_count=0"
22:06:17,UNKNOWN,UNKNOWN,SCOUT_IDENTIFICATION,total_units=0|scouts_found=0|scout_ids=
22:06:17,1,5,PHASE1_SUMMARY,total_units=0|scouts_identified=0|scouts_deployed=0|enemies_detected=0|combat_opportunities=0|threat_clusters=0
22:06:17,UNKNOWN,UNKNOWN,SCOUT_IDENTIFICATION,total_units=0|scouts_found=0|scout_ids=
22:06:17,1,5,PHASE1_SUMMARY,total_units=0|scouts_identified=0|scouts_deployed=0|enemies_detected=0|combat_opportunities=0|threat_clusters=0
22:06:17,1,5,PHASE2_SUMMARY,active_plans=0|new_plans=0|executed_plans=0|aborted_plans=0
22:06:17,1,5,TURN_START,player_nation=Niemcy|total_units=0|available_units=0
22:06:17,1,5,PHASE3_SUMMARY,defenders_assigned=0|kps_covered=0|pe_secure=True|threat_level=0.0|active_plans=0
22:06:17,UNKNOWN,UNKNOWN,SCOUT_IDENTIFICATION,total_units=0|scouts_found=0|scout_ids=
22:06:17,1,5,PHASE1_SUMMARY,total_units=0|scouts_identified=0|scouts_deployed=0|enemies_detected=0|combat_opportunities=0|threat_clusters=0
22:06:17,UNKNOWN,UNKNOWN,SCOUT_IDENTIFICATION,total_units=0|scouts_found=0|scout_ids=
22:06:17,1,5,PHASE1_SUMMARY,total_units=0|scouts_identified=0|scouts_deployed=0|enemies_detected=0|combat_opportunities=0|threat_clusters=0
22:06:17,1,5,PHASE2_SUMMARY,active_plans=0|new_plans=0|executed_plans=0|aborted_plans=0
22:06:17,1,5,TURN_START,player_nation=Niemcy|total_units=0|available_units=0
22:06:17,1,5,PHASE3_SUMMARY,defenders_assigned=0|kps_covered=0|pe_secure=True|threat_level=0.0|active_plans=0
22:06:17,UNKNOWN,5,PHASE_4_COMPLETE,request_generated=False|urgency=NONE|requirements=0|priority_areas=
22:06:18,1,2,TURN_START,player_nation=Unknown|total_tokens=0|captured_kps=0
22:06:18,1,2,VP_INTELLIGENCE,"vp_status={'vp_own': 0, 'vp_enemy': 0, 'vp_gap': 0, 'turn': 1, 'max_turns': 30}|trend_direction=STABLE|threat_level=LOW|opportunities_count=0|recommendations_count=0"
22:06:18,UNKNOWN,UNKNOWN,SCOUT_IDENTIFICATION,total_units=0|scouts_found=0|scout_ids=
22:06:18,1,2,PHASE1_SUMMARY,total_units=0|scouts_identified=0|scouts_deployed=0|enemies_detected=0|combat_opportunities=0|threat_clusters=0
22:06:18,UNKNOWN,UNKNOWN,SCOUT_IDENTIFICATION,total_units=0|scouts_found=0|scout_ids=
22:06:18,1,2,PHASE1_SUMMARY,total_units=0|scouts_identified=0|scouts_deployed=0|enemies_detected=0|combat_opportunities=0|threat_clusters=0
22:06:18,1,2,PHASE2_SUMMARY,active_plans=0|new_plans=0|executed_plans=0|aborted_plans=0
22:06:18,1,2,TURN_START,player_nation=Polska|total_units=0|available_units=0
22:06:18,1,2,PHASE3_SUMMARY,defenders_assigned=0|kps_covered=0|pe_secure=True|threat_level=0.0|active_plans=0
22:06:18,UNKNOWN,UNKNOWN,SCOUT_IDENTIFICATION,total_units=0|scouts_found=0|scout_ids=
22:06:18,1,2,PHASE1_SUMMARY,total_units=0|scouts_identified=0|scouts_deployed=0|enemies_detected=0|combat_opportunities=0|threat_clusters=0
22:06:18,UNKNOWN,UNKNOWN,SCOUT_IDENTIFICATION,total_units=0|scouts_found=0|scout_ids=
22:06:18,1,2,PHASE1_SUMMARY,total_units=0|scouts_identified=0|scouts_deployed=0|enemies_detected=0|combat_opportunities=0|threat_clusters=0
22:06:18,1,2,PHASE2_SUMMARY,active_plans=0|new_plans=0|executed_plans=0|aborted_plans=0
22:06:18,1,2,TURN_START,player_nation=Polska|total_units=0|available_units=0
22:06:18,1,2,PHASE3_SUMMARY,defenders_assigned=0|kps_covered=0|pe_secure=True|threat_level=0.0|active_plans=0
22:06:18,UNKNOWN,2,PHASE_4_COMPLETE,request_generated=False|urgency=NONE|requirements=0|priority_areas=
22:06:18,1,5,TURN_START,player_nation=Unknown|total_tokens=0|captured_kps=0
22:06:18,1,5,VP_INTELLIGENCE,"vp_status={'vp_own': 0, 'vp_enemy': 0, 'vp_gap': 0, 'turn': 1, 'max_turns': 30}|trend_direction=STABLE|threat_level=LOW|opportunities_count=0|recommendations_count=0"
22:06:18,UNKNOWN,UNKNOWN,SCOUT_IDENTIFICATION,total_units=0|scouts_found=0|scout_ids=
22:06:18,1,5,PHASE1_SUMMARY,total_units=0|scouts_identified=0|scouts_deployed=0|enemies_detected=0|combat_opportunities=0|threat_clusters=0
22:06:18,UNKNOWN,UNKNOWN,SCOUT_IDENTIFICATION,total_units=0|scouts_found=0|scout_ids=
22:06:18,1,5,PHASE1_SUMMARY,total_units=0|scouts_identified=0|scouts_deployed=0|enemies_detected=0|combat_opportunities=0|threat_clusters=0
22:06:18,1,5,PHASE2_SUMMARY,active_plans=0|new_plans=0|executed_plans=0|aborted_plans=0
22:06:18,1,5,TURN_START,player_nation=Niemcy|total_units=0|available_units=0
22:06:18,1,5,PHASE3_SUMMARY,defenders_assigned=0|kps_covered=0|pe_secure=True|threat_level=0.0|active_plans=0
22:06:18,UNKNOWN,UNKNOWN,SCOUT_IDENTIFICATION,total_units=0|scouts_found=0|scout_ids=
22:06:18,1,5,PHASE1_SUMMARY,total_units=0|scouts_identified=0|scouts_deployed=0|enemies_detected=0|combat_opportunities=0|threat_clusters=0
22:06:18,UNKNOWN,UNKNOWN,SCOUT_IDENTIFICATION,total_units=0|scouts_found=0|scout_ids=
22:06:18,1,5,PHASE1_SUMMARY,total_units=0|scouts_identified=0|scouts_deployed=0|enemies_detected=0|combat_opportunities=0|threat_clusters=0
22:06:18,1,5,PHASE2_SUMMARY,active_plans=0|new_plans=0|executed_plans=0|aborted_plans=0
22:06:18,1,5,TURN_START,player_nation=Niemcy|total_units=0|available_units=0
22:06:18,1,5,PHASE3_SUMMARY,defenders_assigned=0|kps_covered=0|pe_secure=True|threat_level=0.0|active_plans=0
22:06:18,UNKNOWN,5,PHASE_4_COMPLETE,request_generated=False|urgency=NONE|requirements=0|priority_areas=
22:06:19,1,2,TURN_START,player_nation=Unknown|total_tokens=0|captured_kps=0
22:06:19,1,2,VP_INTELLIGENCE,"vp_status={'vp_own': 0, 'vp_enemy': 0, 'vp_gap': 0, 'turn': 1, 'max_turns': 30}|trend_direction=STABLE|threat_level=LOW|opportunities_count=0|recommendations_count=0"
22:06:19,UNKNOWN,UNKNOWN,SCOUT_IDENTIFICATION,total_units=0|scouts_found=0|scout_ids=
22:06:19,1,2,PHASE1_SUMMARY,total_units=0|scouts_identified=0|scouts_deployed=0|enemies_detected=0|combat_opportunities=0|threat_clusters=0
22:06:19,UNKNOWN,UNKNOWN,SCOUT_IDENTIFICATION,total_units=0|scouts_found=0|scout_ids=
22:06:19,1,2,PHASE1_SUMMARY,total_units=0|scouts_identified=0|scouts_deployed=0|enemies_detected=0|combat_opportunities=0|threat_clusters=0
22:06:19,1,2,PHASE2_SUMMARY,active_plans=0|new_plans=0|executed_plans=0|aborted_plans=0
22:06:19,1,2,TURN_START,player_nation=Polska|total_units=0|available_units=0
22:06:19,1,2,PHASE3_SUMMARY,defenders_assigned=0|kps_covered=0|pe_secure=True|threat_level=0.0|active_plans=0
22:06:19,UNKNOWN,UNKNOWN,SCOUT_IDENTIFICATION,total_units=0|scouts_found=0|scout_ids=
22:06:19,1,2,PHASE1_SUMMARY,total_units=0|scouts_identified=0|scouts_deployed=0|enemies_detected=0|combat_opportunities=0|threat_clusters=0
22:06:19,UNKNOWN,UNKNOWN,SCOUT_IDENTIFICATION,total_units=0|scouts_found=0|scout_ids=
22:06:19,1,2,PHASE1_SUMMARY,total_units=0|scouts_identified=0|scouts_deployed=0|enemies_detected=0|combat_opportunities=0|threat_clusters=0
22:06:19,1,2,PHASE2_SUMMARY,active_plans=0|new_plans=0|executed_plans=0|aborted_plans=0
22:06:19,1,2,TURN_START,player_nation=Polska|total_units=0|available_units=0
22:06:19,1,2,PHASE3_SUMMARY,defenders_assigned=0|kps_covered=0|pe_secure=True|threat_level=0.0|active_plans=0
22:06:19,UNKNOWN,2,PHASE_4_COMPLETE,request_generated=False|urgency=NONE|requirements=0|priority_areas=
22:06:19,1,5,TURN_START,player_nation=Unknown|total_tokens=0|captured_kps=0
22:06:19,1,5,VP_INTELLIGENCE,"vp_status={'vp_own': 0, 'vp_enemy': 0, 'vp_gap': 0, 'turn': 1, 'max_turns': 30}|trend_direction=STABLE|threat_level=LOW|opportunities_count=0|recommendations_count=0"
22:06:19,UNKNOWN,UNKNOWN,SCOUT_IDENTIFICATION,total_units=0|scouts_found=0|scout_ids=
22:06:19,1,5,PHASE1_SUMMARY,total_units=0|scouts_identified=0|scouts_deployed=0|enemies_detected=0|combat_opportunities=0|threat_clusters=0
22:06:19,UNKNOWN,UNKNOWN,SCOUT_IDENTIFICATION,total_units=0|scouts_found=0|scout_ids=
22:06:19,1,5,PHASE1_SUMMARY,total_units=0|scouts_identified=0|scouts_deployed=0|enemies_detected=0|combat_opportunities=0|threat_clusters=0
22:06:19,1,5,PHASE2_SUMMARY,active_plans=0|new_plans=0|executed_plans=0|aborted_plans=0
22:06:19,1,5,TURN_START,player_nation=Niemcy|total_units=0|available_units=0
22:06:19,1,5,PHASE3_SUMMARY,defenders_assigned=0|kps_covered=0|pe_secure=True|threat_level=0.0|active_plans=0
22:06:19,UNKNOWN,UNKNOWN,SCOUT_IDENTIFICATION,total_units=0|scouts_found=0|scout_ids=
22:06:19,1,5,PHASE1_SUMMARY,total_units=0|scouts_identified=0|scouts_deployed=0|enemies_detected=0|combat_opportunities=0|threat_clusters=0
22:06:19,UNKNOWN,UNKNOWN,SCOUT_IDENTIFICATION,total_units=0|scouts_found=0|scout_ids=
22:06:19,1,5,PHASE1_SUMMARY,total_units=0|scouts_identified=0|scouts_deployed=0|enemies_detected=0|combat_opportunities=0|threat_clusters=0
22:06:19,1,5,PHASE2_SUMMARY,active_plans=0|new_plans=0|executed_plans=0|aborted_plans=0
22:06:19,1,5,TURN_START,player_nation=Niemcy|total_units=0|available_units=0
22:06:19,1,5,PHASE3_SUMMARY,defenders_assigned=0|kps_covered=0|pe_secure=True|threat_level=0.0|active_plans=0
22:06:19,UNKNOWN,5,PHASE_4_COMPLETE,request_generated=False|urgency=NONE|requirements=0|priority_areas=
22:06:20,1,2,TURN_START,player_nation=Unknown|total_tokens=0|captured_kps=0
22:06:20,1,2,VP_INTELLIGENCE,"vp_status={'vp_own': 0, 'vp_enemy': 0, 'vp_gap': 0, 'turn': 1, 'max_turns': 30}|trend_direction=STABLE|threat_level=LOW|opportunities_count=0|recommendations_count=0"
22:06:20,UNKNOWN,UNKNOWN,SCOUT_IDENTIFICATION,total_units=0|scouts_found=0|scout_ids=
22:06:20,1,2,PHASE1_SUMMARY,total_units=0|scouts_identified=0|scouts_deployed=0|enemies_detected=0|combat_opportunities=0|threat_clusters=0
22:06:20,UNKNOWN,UNKNOWN,SCOUT_IDENTIFICATION,total_units=0|scouts_found=0|scout_ids=
22:06:20,1,2,PHASE1_SUMMARY,total_units=0|scouts_identified=0|scouts_deployed=0|enemies_detected=0|combat_opportunities=0|threat_clusters=0
22:06:20,1,2,PHASE2_SUMMARY,active_plans=0|new_plans=0|executed_plans=0|aborted_plans=0
22:06:20,1,2,TURN_START,player_nation=Polska|total_units=0|available_units=0
22:06:20,1,2,PHASE3_SUMMARY,defenders_assigned=0|kps_covered=0|pe_secure=True|threat_level=0.0|active_plans=0
22:06:20,UNKNOWN,UNKNOWN,SCOUT_IDENTIFICATION,total_units=0|scouts_found=0|scout_ids=
22:06:20,1,2,PHASE1_SUMMARY,total_units=0|scouts_identified=0|scouts_deployed=0|enemies_detected=0|combat_opportunities=0|threat_clusters=0
22:06:20,UNKNOWN,UNKNOWN,SCOUT_IDENTIFICATION,total_units=0|scouts_found=0|scout_ids=
22:06:20,1,2,PHASE1_SUMMARY,total_units=0|scouts_identified=0|scouts_deployed=0|enemies_detected=0|combat_opportunities=0|threat_clusters=0
22:06:20,1,2,PHASE2_SUMMARY,active_plans=0|new_plans=0|executed_plans=0|aborted_plans=0
22:06:20,1,2,TURN_START,player_nation=Polska|total_units=0|available_units=0
22:06:20,1,2,PHASE3_SUMMARY,defenders_assigned=0|kps_covered=0|pe_secure=True|threat_level=0.0|active_plans=0
22:06:20,UNKNOWN,2,PHASE_4_COMPLETE,request_generated=False|urgency=NONE|requirements=0|priority_areas=
22:06:20,1,5,TURN_START,player_nation=Unknown|total_tokens=0|captured_kps=0
22:06:20,1,5,VP_INTELLIGENCE,"vp_status={'vp_own': 0, 'vp_enemy': 0, 'vp_gap': 0, 'turn': 1, 'max_turns': 30}|trend_direction=STABLE|threat_level=LOW|opportunities_count=0|recommendations_count=0"
22:06:20,UNKNOWN,UNKNOWN,SCOUT_IDENTIFICATION,total_units=0|scouts_found=0|scout_ids=
22:06:20,1,5,PHASE1_SUMMARY,total_units=0|scouts_identified=0|scouts_deployed=0|enemies_detected=0|combat_opportunities=0|threat_clusters=0
22:06:20,UNKNOWN,UNKNOWN,SCOUT_IDENTIFICATION,total_units=0|scouts_found=0|scout_ids=
22:06:20,1,5,PHASE1_SUMMARY,total_units=0|scouts_identified=0|scouts_deployed=0|enemies_detected=0|combat_opportunities=0|threat_clusters=0
22:06:20,1,5,PHASE2_SUMMARY,active_plans=0|new_plans=0|executed_plans=0|aborted_plans=0
22:06:20,1,5,TURN_START,player_nation=Niemcy|total_units=0|available_units=0
22:06:20,1,5,PHASE3_SUMMARY,defenders_assigned=0|kps_covered=0|pe_secure=True|threat_level=0.0|active_plans=0
22:06:20,UNKNOWN,UNKNOWN,SCOUT_IDENTIFICATION,total_units=0|scouts_found=0|scout_ids=
22:06:20,1,5,PHASE1_SUMMARY,total_units=0|scouts_identified=0|scouts_deployed=0|enemies_detected=0|combat_opportunities=0|threat_clusters=0
22:06:20,UNKNOWN,UNKNOWN,SCOUT_IDENTIFICATION,total_units=0|scouts_found=0|scout_ids=
22:06:20,1,5,PHASE1_SUMMARY,total_units=0|scouts_identified=0|scouts_deployed=0|enemies_detected=0|combat_opportunities=0|threat_clusters=0
22:06:20,1,5,PHASE2_SUMMARY,active_plans=0|new_plans=0|executed_plans=0|aborted_plans=0
22:06:20,1,5,TURN_START,player_nation=Niemcy|total_units=0|available_units=0
22:06:20,1,5,PHASE3_SUMMARY,defenders_assigned=0|kps_covered=0|pe_secure=True|threat_level=0.0|active_plans=0
22:06:20,UNKNOWN,5,PHASE_4_COMPLETE,request_generated=False|urgency=NONE|requirements=0|priority_areas=
22:06:20,1,2,TURN_START,player_nation=Unknown|total_tokens=0|captured_kps=0
22:06:20,1,2,VP_INTELLIGENCE,"vp_status={'vp_own': 0, 'vp_enemy': 0, 'vp_gap': 0, 'turn': 1, 'max_turns': 30}|trend_direction=STABLE|threat_level=LOW|opportunities_count=0|recommendations_count=0"
22:06:20,UNKNOWN,UNKNOWN,SCOUT_IDENTIFICATION,total_units=0|scouts_found=0|scout_ids=
22:06:20,1,2,PHASE1_SUMMARY,total_units=0|scouts_identified=0|scouts_deployed=0|enemies_detected=0|combat_opportunities=0|threat_clusters=0
22:06:20,UNKNOWN,UNKNOWN,SCOUT_IDENTIFICATION,total_units=0|scouts_found=0|scout_ids=
22:06:20,1,2,PHASE1_SUMMARY,total_units=0|scouts_identified=0|scouts_deployed=0|enemies_detected=0|combat_opportunities=0|threat_clusters=0
22:06:20,1,2,PHASE2_SUMMARY,active_plans=0|new_plans=0|executed_plans=0|aborted_plans=0
22:06:20,1,2,TURN_START,player_nation=Polska|total_units=0|available_units=0
22:06:20,1,2,PHASE3_SUMMARY,defenders_assigned=0|kps_covered=0|pe_secure=True|threat_level=0.0|active_plans=0
22:06:20,UNKNOWN,UNKNOWN,SCOUT_IDENTIFICATION,total_units=0|scouts_found=0|scout_ids=
22:06:20,1,2,PHASE1_SUMMARY,total_units=0|scouts_identified=0|scouts_deployed=0|enemies_detected=0|combat_opportunities=0|threat_clusters=0
22:06:20,UNKNOWN,UNKNOWN,SCOUT_IDENTIFICATION,total_units=0|scouts_found=0|scout_ids=
22:06:20,1,2,PHASE1_SUMMARY,total_units=0|scouts_identified=0|scouts_deployed=0|enemies_detected=0|combat_opportunities=0|threat_clusters=0
22:06:20,1,2,PHASE2_SUMMARY,active_plans=0|new_plans=0|executed_plans=0|aborted_plans=0
22:06:20,1,2,TURN_START,player_nation=Polska|total_units=0|available_units=0
22:06:20,1,2,PHASE3_SUMMARY,defenders_assigned=0|kps_covered=0|pe_secure=True|threat_level=0.0|active_plans=0
22:06:20,UNKNOWN,2,PHASE_4_COMPLETE,request_generated=False|urgency=NONE|requirements=0|priority_areas=
22:06:20,1,5,TURN_START,player_nation=Unknown|total_tokens=0|captured_kps=0
22:06:20,1,5,VP_INTELLIGENCE,"vp_status={'vp_own': 0, 'vp_enemy': 0, 'vp_gap': 0, 'turn': 1, 'max_turns': 30}|trend_direction=STABLE|threat_level=LOW|opportunities_count=0|recommendations_count=0"
22:06:20,UNKNOWN,UNKNOWN,SCOUT_IDENTIFICATION,total_units=0|scouts_found=0|scout_ids=
22:06:20,1,5,PHASE1_SUMMARY,total_units=0|scouts_identified=0|scouts_deployed=0|enemies_detected=0|combat_opportunities=0|threat_clusters=0
22:06:20,UNKNOWN,UNKNOWN,SCOUT_IDENTIFICATION,total_units=0|scouts_found=0|scout_ids=
22:06:20,1,5,PHASE1_SUMMARY,total_units=0|scouts_identified=0|scouts_deployed=0|enemies_detected=0|combat_opportunities=0|threat_clusters=0
22:06:20,1,5,PHASE2_SUMMARY,active_plans=0|new_plans=0|executed_plans=0|aborted_plans=0
22:06:20,1,5,TURN_START,player_nation=Niemcy|total_units=0|available_units=0
22:06:20,1,5,PHASE3_SUMMARY,defenders_assigned=0|kps_covered=0|pe_secure=True|threat_level=0.0|active_plans=0
22:06:20,UNKNOWN,UNKNOWN,SCOUT_IDENTIFICATION,total_units=0|scouts_found=0|scout_ids=
22:06:20,1,5,PHASE1_SUMMARY,total_units=0|scouts_identified=0|scouts_deployed=0|enemies_detected=0|combat_opportunities=0|threat_clusters=0
22:06:20,UNKNOWN,UNKNOWN,SCOUT_IDENTIFICATION,total_units=0|scouts_found=0|scout_ids=
22:06:20,1,5,PHASE1_SUMMARY,total_units=0|scouts_identified=0|scouts_deployed=0|enemies_detected=0|combat_opportunities=0|threat_clusters=0
22:06:20,1,5,PHASE2_SUMMARY,active_plans=0|new_plans=0|executed_plans=0|aborted_plans=0
22:06:20,1,5,TURN_START,player_nation=Niemcy|total_units=0|available_units=0
22:06:20,1,5,PHASE3_SUMMARY,defenders_assigned=0|kps_covered=0|pe_secure=True|threat_level=0.0|active_plans=0
22:06:20,UNKNOWN,5,PHASE_4_COMPLETE,request_generated=False|urgency=NONE|requirements=0|priority_areas=
22:06:21,1,2,TURN_START,player_nation=Unknown|total_tokens=0|captured_kps=0
22:06:21,1,2,VP_INTELLIGENCE,"vp_status={'vp_own': 0, 'vp_enemy': 0, 'vp_gap': 0, 'turn': 1, 'max_turns': 30}|trend_direction=STABLE|threat_level=LOW|opportunities_count=0|recommendations_count=0"
22:06:21,UNKNOWN,UNKNOWN,SCOUT_IDENTIFICATION,total_units=0|scouts_found=0|scout_ids=
22:06:21,1,2,PHASE1_SUMMARY,total_units=0|scouts_identified=0|scouts_deployed=0|enemies_detected=0|combat_opportunities=0|threat_clusters=0
22:06:21,UNKNOWN,UNKNOWN,SCOUT_IDENTIFICATION,total_units=0|scouts_found=0|scout_ids=
22:06:21,1,2,PHASE1_SUMMARY,total_units=0|scouts_identified=0|scouts_deployed=0|enemies_detected=0|combat_opportunities=0|threat_clusters=0
22:06:21,1,2,PHASE2_SUMMARY,active_plans=0|new_plans=0|executed_plans=0|aborted_plans=0
22:06:21,1,2,TURN_START,player_nation=Polska|total_units=0|available_units=0
22:06:21,1,2,PHASE3_SUMMARY,defenders_assigned=0|kps_covered=0|pe_secure=True|threat_level=0.0|active_plans=0
22:06:21,UNKNOWN,UNKNOWN,SCOUT_IDENTIFICATION,total_units=0|scouts_found=0|scout_ids=
22:06:21,1,2,PHASE1_SUMMARY,total_units=0|scouts_identified=0|scouts_deployed=0|enemies_detected=0|combat_opportunities=0|threat_clusters=0
22:06:21,UNKNOWN,UNKNOWN,SCOUT_IDENTIFICATION,total_units=0|scouts_found=0|scout_ids=
22:06:21,1,2,PHASE1_SUMMARY,total_units=0|scouts_identified=0|scouts_deployed=0|enemies_detected=0|combat_opportunities=0|threat_clusters=0
22:06:21,1,2,PHASE2_SUMMARY,active_plans=0|new_plans=0|executed_plans=0|aborted_plans=0
22:06:21,1,2,TURN_START,player_nation=Polska|total_units=0|available_units=0
22:06:21,1,2,PHASE3_SUMMARY,defenders_assigned=0|kps_covered=0|pe_secure=True|threat_level=0.0|active_plans=0
22:06:21,UNKNOWN,2,PHASE_4_COMPLETE,request_generated=False|urgency=NONE|requirements=0|priority_areas=
22:06:21,1,5,TURN_START,player_nation=Unknown|total_tokens=0|captured_kps=0
22:06:21,1,5,VP_INTELLIGENCE,"vp_status={'vp_own': 0, 'vp_enemy': 0, 'vp_gap': 0, 'turn': 1, 'max_turns': 30}|trend_direction=STABLE|threat_level=LOW|opportunities_count=0|recommendations_count=0"
22:06:21,UNKNOWN,UNKNOWN,SCOUT_IDENTIFICATION,total_units=0|scouts_found=0|scout_ids=
22:06:21,1,5,PHASE1_SUMMARY,total_units=0|scouts_identified=0|scouts_deployed=0|enemies_detected=0|combat_opportunities=0|threat_clusters=0
22:06:21,UNKNOWN,UNKNOWN,SCOUT_IDENTIFICATION,total_units=0|scouts_found=0|scout_ids=
22:06:21,1,5,PHASE1_SUMMARY,total_units=0|scouts_identified=0|scouts_deployed=0|enemies_detected=0|combat_opportunities=0|threat_clusters=0
22:06:21,1,5,PHASE2_SUMMARY,active_plans=0|new_plans=0|executed_plans=0|aborted_plans=0
22:06:21,1,5,TURN_START,player_nation=Niemcy|total_units=0|available_units=0
22:06:21,1,5,PHASE3_SUMMARY,defenders_assigned=0|kps_covered=0|pe_secure=True|threat_level=0.0|active_plans=0
22:06:21,UNKNOWN,UNKNOWN,SCOUT_IDENTIFICATION,total_units=0|scouts_found=0|scout_ids=
22:06:21,1,5,PHASE1_SUMMARY,total_units=0|scouts_identified=0|scouts_deployed=0|enemies_detected=0|combat_opportunities=0|threat_clusters=0
22:06:21,UNKNOWN,UNKNOWN,SCOUT_IDENTIFICATION,total_units=0|scouts_found=0|scout_ids=
22:06:21,1,5,PHASE1_SUMMARY,total_units=0|scouts_identified=0|scouts_deployed=0|enemies_detected=0|combat_opportunities=0|threat_clusters=0
22:06:21,1,5,PHASE2_SUMMARY,active_plans=0|new_plans=0|executed_plans=0|aborted_plans=0
22:06:21,1,5,TURN_START,player_nation=Niemcy|total_units=0|available_units=0
22:06:21,1,5,PHASE3_SUMMARY,defenders_assigned=0|kps_covered=0|pe_secure=True|threat_level=0.0|active_plans=0
22:06:21,UNKNOWN,5,PHASE_4_COMPLETE,request_generated=False|urgency=NONE|requirements=0|priority_areas=
22:06:21,1,2,TURN_START,player_nation=Unknown|total_tokens=0|captured_kps=0
22:06:21,1,2,VP_INTELLIGENCE,"vp_status={'vp_own': 0, 'vp_enemy': 0, 'vp_gap': 0, 'turn': 1, 'max_turns': 30}|trend_direction=STABLE|threat_level=LOW|opportunities_count=0|recommendations_count=0"
22:06:21,UNKNOWN,UNKNOWN,SCOUT_IDENTIFICATION,total_units=0|scouts_found=0|scout_ids=
22:06:21,1,2,PHASE1_SUMMARY,total_units=0|scouts_identified=0|scouts_deployed=0|enemies_detected=0|combat_opportunities=0|threat_clusters=0
22:06:21,UNKNOWN,UNKNOWN,SCOUT_IDENTIFICATION,total_units=0|scouts_found=0|scout_ids=
22:06:21,1,2,PHASE1_SUMMARY,total_units=0|scouts_identified=0|scouts_deployed=0|enemies_detected=0|combat_opportunities=0|threat_clusters=0
22:06:21,1,2,PHASE2_SUMMARY,active_plans=0|new_plans=0|executed_plans=0|aborted_plans=0
22:06:21,1,2,TURN_START,player_nation=Polska|total_units=0|available_units=0
22:06:21,1,2,PHASE3_SUMMARY,defenders_assigned=0|kps_covered=0|pe_secure=True|threat_level=0.0|active_plans=0
22:06:21,UNKNOWN,UNKNOWN,SCOUT_IDENTIFICATION,total_units=0|scouts_found=0|scout_ids=
22:06:21,1,2,PHASE1_SUMMARY,total_units=0|scouts_identified=0|scouts_deployed=0|enemies_detected=0|combat_opportunities=0|threat_clusters=0
22:06:21,UNKNOWN,UNKNOWN,SCOUT_IDENTIFICATION,total_units=0|scouts_found=0|scout_ids=
22:06:21,1,2,PHASE1_SUMMARY,total_units=0|scouts_identified=0|scouts_deployed=0|enemies_detected=0|combat_opportunities=0|threat_clusters=0
22:06:21,1,2,PHASE2_SUMMARY,active_plans=0|new_plans=0|executed_plans=0|aborted_plans=0
22:06:21,1,2,TURN_START,player_nation=Polska|total_units=0|available_units=0
22:06:21,1,2,PHASE3_SUMMARY,defenders_assigned=0|kps_covered=0|pe_secure=True|threat_level=0.0|active_plans=0
22:06:21,UNKNOWN,2,PHASE_4_COMPLETE,request_generated=False|urgency=NONE|requirements=0|priority_areas=
22:06:21,1,5,TURN_START,player_nation=Unknown|total_tokens=0|captured_kps=0
22:06:21,1,5,VP_INTELLIGENCE,"vp_status={'vp_own': 0, 'vp_enemy': 0, 'vp_gap': 0, 'turn': 1, 'max_turns': 30}|trend_direction=STABLE|threat_level=LOW|opportunities_count=0|recommendations_count=0"
22:06:21,UNKNOWN,UNKNOWN,SCOUT_IDENTIFICATION,total_units=0|scouts_found=0|scout_ids=
22:06:21,1,5,PHASE1_SUMMARY,total_units=0|scouts_identified=0|scouts_deployed=0|enemies_detected=0|combat_opportunities=0|threat_clusters=0
22:06:21,UNKNOWN,UNKNOWN,SCOUT_IDENTIFICATION,total_units=0|scouts_found=0|scout_ids=
22:06:21,1,5,PHASE1_SUMMARY,total_units=0|scouts_identified=0|scouts_deployed=0|enemies_detected=0|combat_opportunities=0|threat_clusters=0
22:06:21,1,5,PHASE2_SUMMARY,active_plans=0|new_plans=0|executed_plans=0|aborted_plans=0
22:06:21,1,5,TURN_START,player_nation=Niemcy|total_units=0|available_units=0
22:06:21,1,5,PHASE3_SUMMARY,defenders_assigned=0|kps_covered=0|pe_secure=True|threat_level=0.0|active_plans=0
22:06:21,UNKNOWN,UNKNOWN,SCOUT_IDENTIFICATION,total_units=0|scouts_found=0|scout_ids=
22:06:21,1,5,PHASE1_SUMMARY,total_units=0|scouts_identified=0|scouts_deployed=0|enemies_detected=0|combat_opportunities=0|threat_clusters=0
22:06:21,UNKNOWN,UNKNOWN,SCOUT_IDENTIFICATION,total_units=0|scouts_found=0|scout_ids=
22:06:21,1,5,PHASE1_SUMMARY,total_units=0|scouts_identified=0|scouts_deployed=0|enemies_detected=0|combat_opportunities=0|threat_clusters=0
22:06:21,1,5,PHASE2_SUMMARY,active_plans=0|new_plans=0|executed_plans=0|aborted_plans=0
22:06:21,1,5,TURN_START,player_nation=Niemcy|total_units=0|available_units=0
22:06:21,1,5,PHASE3_SUMMARY,defenders_assigned=0|kps_covered=0|pe_secure=True|threat_level=0.0|active_plans=0
22:06:21,UNKNOWN,5,PHASE_4_COMPLETE,request_generated=False|urgency=NONE|requirements=0|priority_areas=
22:06:22,1,2,TURN_START,player_nation=Unknown|total_tokens=0|captured_kps=0
22:06:22,1,2,VP_INTELLIGENCE,"vp_status={'vp_own': 0, 'vp_enemy': 0, 'vp_gap': 0, 'turn': 1, 'max_turns': 30}|trend_direction=STABLE|threat_level=LOW|opportunities_count=0|recommendations_count=0"
22:06:22,UNKNOWN,UNKNOWN,SCOUT_IDENTIFICATION,total_units=0|scouts_found=0|scout_ids=
22:06:22,1,2,PHASE1_SUMMARY,total_units=0|scouts_identified=0|scouts_deployed=0|enemies_detected=0|combat_opportunities=0|threat_clusters=0
22:06:22,UNKNOWN,UNKNOWN,SCOUT_IDENTIFICATION,total_units=0|scouts_found=0|scout_ids=
22:06:22,1,2,PHASE1_SUMMARY,total_units=0|scouts_identified=0|scouts_deployed=0|enemies_detected=0|combat_opportunities=0|threat_clusters=0
22:06:22,1,2,PHASE2_SUMMARY,active_plans=0|new_plans=0|executed_plans=0|aborted_plans=0
22:06:22,1,2,TURN_START,player_nation=Polska|total_units=0|available_units=0
22:06:22,1,2,PHASE3_SUMMARY,defenders_assigned=0|kps_covered=0|pe_secure=True|threat_level=0.0|active_plans=0
22:06:22,UNKNOWN,UNKNOWN,SCOUT_IDENTIFICATION,total_units=0|scouts_found=0|scout_ids=
22:06:22,1,2,PHASE1_SUMMARY,total_units=0|scouts_identified=0|scouts_deployed=0|enemies_detected=0|combat_opportunities=0|threat_clusters=0
22:06:22,UNKNOWN,UNKNOWN,SCOUT_IDENTIFICATION,total_units=0|scouts_found=0|scout_ids=
22:06:22,1,2,PHASE1_SUMMARY,total_units=0|scouts_identified=0|scouts_deployed=0|enemies_detected=0|combat_opportunities=0|threat_clusters=0
22:06:22,1,2,PHASE2_SUMMARY,active_plans=0|new_plans=0|executed_plans=0|aborted_plans=0
22:06:22,1,2,TURN_START,player_nation=Polska|total_units=0|available_units=0
22:06:22,1,2,PHASE3_SUMMARY,defenders_assigned=0|kps_covered=0|pe_secure=True|threat_level=0.0|active_plans=0
22:06:22,UNKNOWN,2,PHASE_4_COMPLETE,request_generated=False|urgency=NONE|requirements=0|priority_areas=
22:06:22,1,5,TURN_START,player_nation=Unknown|total_tokens=0|captured_kps=0
22:06:22,1,5,VP_INTELLIGENCE,"vp_status={'vp_own': 0, 'vp_enemy': 0, 'vp_gap': 0, 'turn': 1, 'max_turns': 30}|trend_direction=STABLE|threat_level=LOW|opportunities_count=0|recommendations_count=0"
22:06:22,UNKNOWN,UNKNOWN,SCOUT_IDENTIFICATION,total_units=0|scouts_found=0|scout_ids=
22:06:22,1,5,PHASE1_SUMMARY,total_units=0|scouts_identified=0|scouts_deployed=0|enemies_detected=0|combat_opportunities=0|threat_clusters=0
22:06:22,UNKNOWN,UNKNOWN,SCOUT_IDENTIFICATION,total_units=0|scouts_found=0|scout_ids=
22:06:22,1,5,PHASE1_SUMMARY,total_units=0|scouts_identified=0|scouts_deployed=0|enemies_detected=0|combat_opportunities=0|threat_clusters=0
22:06:22,1,5,PHASE2_SUMMARY,active_plans=0|new_plans=0|executed_plans=0|aborted_plans=0
22:06:22,1,5,TURN_START,player_nation=Niemcy|total_units=0|available_units=0
22:06:22,1,5,PHASE3_SUMMARY,defenders_assigned=0|kps_covered=0|pe_secure=True|threat_level=0.0|active_plans=0
22:06:22,UNKNOWN,UNKNOWN,SCOUT_IDENTIFICATION,total_units=0|scouts_found=0|scout_ids=
22:06:22,1,5,PHASE1_SUMMARY,total_units=0|scouts_identified=0|scouts_deployed=0|enemies_detected=0|combat_opportunities=0|threat_clusters=0
22:06:22,UNKNOWN,UNKNOWN,SCOUT_IDENTIFICATION,total_units=0|scouts_found=0|scout_ids=
22:06:22,1,5,PHASE1_SUMMARY,total_units=0|scouts_identified=0|scouts_deployed=0|enemies_detected=0|combat_opportunities=0|threat_clusters=0
22:06:22,1,5,PHASE2_SUMMARY,active_plans=0|new_plans=0|executed_plans=0|aborted_plans=0
22:06:22,1,5,TURN_START,player_nation=Niemcy|total_units=0|available_units=0
22:06:22,1,5,PHASE3_SUMMARY,defenders_assigned=0|kps_covered=0|pe_secure=True|threat_level=0.0|active_plans=0
22:06:22,UNKNOWN,5,PHASE_4_COMPLETE,request_generated=False|urgency=NONE|requirements=0|priority_areas=
22:06:22,1,2,TURN_START,player_nation=Unknown|total_tokens=0|captured_kps=0
22:06:22,1,2,VP_INTELLIGENCE,"vp_status={'vp_own': 0, 'vp_enemy': 0, 'vp_gap': 0, 'turn': 1, 'max_turns': 30}|trend_direction=STABLE|threat_level=LOW|opportunities_count=0|recommendations_count=0"
22:06:22,UNKNOWN,UNKNOWN,SCOUT_IDENTIFICATION,total_units=0|scouts_found=0|scout_ids=
22:06:22,1,2,PHASE1_SUMMARY,total_units=0|scouts_identified=0|scouts_deployed=0|enemies_detected=0|combat_opportunities=0|threat_clusters=0
22:06:22,UNKNOWN,UNKNOWN,SCOUT_IDENTIFICATION,total_units=0|scouts_found=0|scout_ids=
22:06:22,1,2,PHASE1_SUMMARY,total_units=0|scouts_identified=0|scouts_deployed=0|enemies_detected=0|combat_opportunities=0|threat_clusters=0
22:06:22,1,2,PHASE2_SUMMARY,active_plans=0|new_plans=0|executed_plans=0|aborted_plans=0
22:06:22,1,2,TURN_START,player_nation=Polska|total_units=0|available_units=0
22:06:22,1,2,PHASE3_SUMMARY,defenders_assigned=0|kps_covered=0|pe_secure=True|threat_level=0.0|active_plans=0
22:06:22,UNKNOWN,UNKNOWN,SCOUT_IDENTIFICATION,total_units=0|scouts_found=0|scout_ids=
22:06:22,1,2,PHASE1_SUMMARY,total_units=0|scouts_identified=0|scouts_deployed=0|enemies_detected=0|combat_opportunities=0|threat_clusters=0
22:06:22,UNKNOWN,UNKNOWN,SCOUT_IDENTIFICATION,total_units=0|scouts_found=0|scout_ids=
22:06:22,1,2,PHASE1_SUMMARY,total_units=0|scouts_identified=0|scouts_deployed=0|enemies_detected=0|combat_opportunities=0|threat_clusters=0
22:06:22,1,2,PHASE2_SUMMARY,active_plans=0|new_plans=0|executed_plans=0|aborted_plans=0
22:06:22,1,2,TURN_START,player_nation=Polska|total_units=0|available_units=0
22:06:22,1,2,PHASE3_SUMMARY,defenders_assigned=0|kps_covered=0|pe_secure=True|threat_level=0.0|active_plans=0
22:06:22,UNKNOWN,2,PHASE_4_COMPLETE,request_generated=False|urgency=NONE|requirements=0|priority_areas=
22:06:23,1,5,TURN_START,player_nation=Unknown|total_tokens=0|captured_kps=0
22:06:23,1,5,VP_INTELLIGENCE,"vp_status={'vp_own': 0, 'vp_enemy': 0, 'vp_gap': 0, 'turn': 1, 'max_turns': 30}|trend_direction=STABLE|threat_level=LOW|opportunities_count=0|recommendations_count=0"
22:06:23,UNKNOWN,UNKNOWN,SCOUT_IDENTIFICATION,total_units=0|scouts_found=0|scout_ids=
22:06:23,1,5,PHASE1_SUMMARY,total_units=0|scouts_identified=0|scouts_deployed=0|enemies_detected=0|combat_opportunities=0|threat_clusters=0
22:06:23,UNKNOWN,UNKNOWN,SCOUT_IDENTIFICATION,total_units=0|scouts_found=0|scout_ids=
22:06:23,1,5,PHASE1_SUMMARY,total_units=0|scouts_identified=0|scouts_deployed=0|enemies_detected=0|combat_opportunities=0|threat_clusters=0
22:06:23,1,5,PHASE2_SUMMARY,active_plans=0|new_plans=0|executed_plans=0|aborted_plans=0
22:06:23,1,5,TURN_START,player_nation=Niemcy|total_units=0|available_units=0
22:06:23,1,5,PHASE3_SUMMARY,defenders_assigned=0|kps_covered=0|pe_secure=True|threat_level=0.0|active_plans=0
22:06:23,UNKNOWN,UNKNOWN,SCOUT_IDENTIFICATION,total_units=0|scouts_found=0|scout_ids=
22:06:23,1,5,PHASE1_SUMMARY,total_units=0|scouts_identified=0|scouts_deployed=0|enemies_detected=0|combat_opportunities=0|threat_clusters=0
22:06:23,UNKNOWN,UNKNOWN,SCOUT_IDENTIFICATION,total_units=0|scouts_found=0|scout_ids=
22:06:23,1,5,PHASE1_SUMMARY,total_units=0|scouts_identified=0|scouts_deployed=0|enemies_detected=0|combat_opportunities=0|threat_clusters=0
22:06:23,1,5,PHASE2_SUMMARY,active_plans=0|new_plans=0|executed_plans=0|aborted_plans=0
22:06:23,1,5,TURN_START,player_nation=Niemcy|total_units=0|available_units=0
22:06:23,1,5,PHASE3_SUMMARY,defenders_assigned=0|kps_covered=0|pe_secure=True|threat_level=0.0|active_plans=0
22:06:23,UNKNOWN,5,PHASE_4_COMPLETE,request_generated=False|urgency=NONE|requirements=0|priority_areas=
22:06:23,1,2,TURN_START,player_nation=Unknown|total_tokens=0|captured_kps=0
22:06:23,1,2,VP_INTELLIGENCE,"vp_status={'vp_own': 0, 'vp_enemy': 0, 'vp_gap': 0, 'turn': 1, 'max_turns': 30}|trend_direction=STABLE|threat_level=LOW|opportunities_count=0|recommendations_count=0"
22:06:23,UNKNOWN,UNKNOWN,SCOUT_IDENTIFICATION,total_units=0|scouts_found=0|scout_ids=
22:06:23,1,2,PHASE1_SUMMARY,total_units=0|scouts_identified=0|scouts_deployed=0|enemies_detected=0|combat_opportunities=0|threat_clusters=0
22:06:23,UNKNOWN,UNKNOWN,SCOUT_IDENTIFICATION,total_units=0|scouts_found=0|scout_ids=
22:06:23,1,2,PHASE1_SUMMARY,total_units=0|scouts_identified=0|scouts_deployed=0|enemies_detected=0|combat_opportunities=0|threat_clusters=0
22:06:23,1,2,PHASE2_SUMMARY,active_plans=0|new_plans=0|executed_plans=0|aborted_plans=0
22:06:23,1,2,TURN_START,player_nation=Polska|total_units=0|available_units=0
22:06:23,1,2,PHASE3_SUMMARY,defenders_assigned=0|kps_covered=0|pe_secure=True|threat_level=0.0|active_plans=0
22:06:23,UNKNOWN,UNKNOWN,SCOUT_IDENTIFICATION,total_units=0|scouts_found=0|scout_ids=
22:06:23,1,2,PHASE1_SUMMARY,total_units=0|scouts_identified=0|scouts_deployed=0|enemies_detected=0|combat_opportunities=0|threat_clusters=0
22:06:23,UNKNOWN,UNKNOWN,SCOUT_IDENTIFICATION,total_units=0|scouts_found=0|scout_ids=
22:06:23,1,2,PHASE1_SUMMARY,total_units=0|scouts_identified=0|scouts_deployed=0|enemies_detected=0|combat_opportunities=0|threat_clusters=0
22:06:23,1,2,PHASE2_SUMMARY,active_plans=0|new_plans=0|executed_plans=0|aborted_plans=0
22:06:23,1,2,TURN_START,player_nation=Polska|total_units=0|available_units=0
22:06:23,1,2,PHASE3_SUMMARY,defenders_assigned=0|kps_covered=0|pe_secure=True|threat_level=0.0|active_plans=0
22:06:23,UNKNOWN,2,PHASE_4_COMPLETE,request_generated=False|urgency=NONE|requirements=0|priority_areas=
22:06:23,1,5,TURN_START,player_nation=Unknown|total_tokens=0|captured_kps=0
22:06:23,1,5,VP_INTELLIGENCE,"vp_status={'vp_own': 0, 'vp_enemy': 0, 'vp_gap': 0, 'turn': 1, 'max_turns': 30}|trend_direction=STABLE|threat_level=LOW|opportunities_count=0|recommendations_count=0"
22:06:23,UNKNOWN,UNKNOWN,SCOUT_IDENTIFICATION,total_units=0|scouts_found=0|scout_ids=
22:06:23,1,5,PHASE1_SUMMARY,total_units=0|scouts_identified=0|scouts_deployed=0|enemies_detected=0|combat_opportunities=0|threat_clusters=0
22:06:23,UNKNOWN,UNKNOWN,SCOUT_IDENTIFICATION,total_units=0|scouts_found=0|scout_ids=
22:06:23,1,5,PHASE1_SUMMARY,total_units=0|scouts_identified=0|scouts_deployed=0|enemies_detected=0|combat_opportunities=0|threat_clusters=0
22:06:23,1,5,PHASE2_SUMMARY,active_plans=0|new_plans=0|executed_plans=0|aborted_plans=0
22:06:23,1,5,TURN_START,player_nation=Niemcy|total_units=0|available_units=0
22:06:23,1,5,PHASE3_SUMMARY,defenders_assigned=0|kps_covered=0|pe_secure=True|threat_level=0.0|active_plans=0
22:06:23,UNKNOWN,UNKNOWN,SCOUT_IDENTIFICATION,total_units=0|scouts_found=0|scout_ids=
22:06:23,1,5,PHASE1_SUMMARY,total_units=0|scouts_identified=0|scouts_deployed=0|enemies_detected=0|combat_opportunities=0|threat_clusters=0
22:06:23,UNKNOWN,UNKNOWN,SCOUT_IDENTIFICATION,total_units=0|scouts_found=0|scout_ids=
22:06:23,1,5,PHASE1_SUMMARY,total_units=0|scouts_identified=0|scouts_deployed=0|enemies_detected=0|combat_opportunities=0|threat_clusters=0
22:06:23,1,5,PHASE2_SUMMARY,active_plans=0|new_plans=0|executed_plans=0|aborted_plans=0
22:06:23,1,5,TURN_START,player_nation=Niemcy|total_units=0|available_units=0
22:06:23,1,5,PHASE3_SUMMARY,defenders_assigned=0|kps_covered=0|pe_secure=True|threat_level=0.0|active_plans=0
22:06:23,UNKNOWN,5,PHASE_4_COMPLETE,request_generated=False|urgency=NONE|requirements=0|priority_areas=
22:06:23,1,2,TURN_START,player_nation=Unknown|total_tokens=0|captured_kps=0
22:06:23,1,2,VP_INTELLIGENCE,"vp_status={'vp_own': 0, 'vp_enemy': 0, 'vp_gap': 0, 'turn': 1, 'max_turns': 30}|trend_direction=STABLE|threat_level=LOW|opportunities_count=0|recommendations_count=0"
22:06:23,UNKNOWN,UNKNOWN,SCOUT_IDENTIFICATION,total_units=0|scouts_found=0|scout_ids=
22:06:23,1,2,PHASE1_SUMMARY,total_units=0|scouts_identified=0|scouts_deployed=0|enemies_detected=0|combat_opportunities=0|threat_clusters=0
22:06:23,UNKNOWN,UNKNOWN,SCOUT_IDENTIFICATION,total_units=0|scouts_found=0|scout_ids=
22:06:23,1,2,PHASE1_SUMMARY,total_units=0|scouts_identified=0|scouts_deployed=0|enemies_detected=0|combat_opportunities=0|threat_clusters=0
22:06:23,1,2,PHASE2_SUMMARY,active_plans=0|new_plans=0|executed_plans=0|aborted_plans=0
22:06:23,1,2,TURN_START,player_nation=Polska|total_units=0|available_units=0
22:06:23,1,2,PHASE3_SUMMARY,defenders_assigned=0|kps_covered=0|pe_secure=True|threat_level=0.0|active_plans=0
22:06:23,UNKNOWN,UNKNOWN,SCOUT_IDENTIFICATION,total_units=0|scouts_found=0|scout_ids=
22:06:23,1,2,PHASE1_SUMMARY,total_units=0|scouts_identified=0|scouts_deployed=0|enemies_detected=0|combat_opportunities=0|threat_clusters=0
22:06:23,UNKNOWN,UNKNOWN,SCOUT_IDENTIFICATION,total_units=0|scouts_found=0|scout_ids=
22:06:23,1,2,PHASE1_SUMMARY,total_units=0|scouts_identified=0|scouts_deployed=0|enemies_detected=0|combat_opportunities=0|threat_clusters=0
22:06:23,1,2,PHASE2_SUMMARY,active_plans=0|new_plans=0|executed_plans=0|aborted_plans=0
22:06:23,1,2,TURN_START,player_nation=Polska|total_units=0|available_units=0
22:06:23,1,2,PHASE3_SUMMARY,defenders_assigned=0|kps_covered=0|pe_secure=True|threat_level=0.0|active_plans=0
22:06:23,UNKNOWN,2,PHASE_4_COMPLETE,request_generated=False|urgency=NONE|requirements=0|priority_areas=
22:06:23,1,5,TURN_START,player_nation=Unknown|total_tokens=0|captured_kps=0
22:06:23,1,5,VP_INTELLIGENCE,"vp_status={'vp_own': 0, 'vp_enemy': 0, 'vp_gap': 0, 'turn': 1, 'max_turns': 30}|trend_direction=STABLE|threat_level=LOW|opportunities_count=0|recommendations_count=0"
22:06:23,UNKNOWN,UNKNOWN,SCOUT_IDENTIFICATION,total_units=0|scouts_found=0|scout_ids=
22:06:23,1,5,PHASE1_SUMMARY,total_units=0|scouts_identified=0|scouts_deployed=0|enemies_detected=0|combat_opportunities=0|threat_clusters=0
22:06:23,UNKNOWN,UNKNOWN,SCOUT_IDENTIFICATION,total_units=0|scouts_found=0|scout_ids=
22:06:23,1,5,PHASE1_SUMMARY,total_units=0|scouts_identified=0|scouts_deployed=0|enemies_detected=0|combat_opportunities=0|threat_clusters=0
22:06:23,1,5,PHASE2_SUMMARY,active_plans=0|new_plans=0|executed_plans=0|aborted_plans=0
22:06:23,1,5,TURN_START,player_nation=Niemcy|total_units=0|available_units=0
22:06:23,1,5,PHASE3_SUMMARY,defenders_assigned=0|kps_covered=0|pe_secure=True|threat_level=0.0|active_plans=0
22:06:23,UNKNOWN,UNKNOWN,SCOUT_IDENTIFICATION,total_units=0|scouts_found=0|scout_ids=
22:06:23,1,5,PHASE1_SUMMARY,total_units=0|scouts_identified=0|scouts_deployed=0|enemies_detected=0|combat_opportunities=0|threat_clusters=0
22:06:23,UNKNOWN,UNKNOWN,SCOUT_IDENTIFICATION,total_units=0|scouts_found=0|scout_ids=
22:06:23,1,5,PHASE1_SUMMARY,total_units=0|scouts_identified=0|scouts_deployed=0|enemies_detected=0|combat_opportunities=0|threat_clusters=0
22:06:23,1,5,PHASE2_SUMMARY,active_plans=0|new_plans=0|executed_plans=0|aborted_plans=0
22:06:23,1,5,TURN_START,player_nation=Niemcy|total_units=0|available_units=0
22:06:23,1,5,PHASE3_SUMMARY,defenders_assigned=0|kps_covered=0|pe_secure=True|threat_level=0.0|active_plans=0
22:06:23,UNKNOWN,5,PHASE_4_COMPLETE,request_generated=False|urgency=NONE|requirements=0|priority_areas=
22:06:24,1,2,TURN_START,player_nation=Unknown|total_tokens=0|captured_kps=0
22:06:24,1,2,VP_INTELLIGENCE,"vp_status={'vp_own': 0, 'vp_enemy': 0, 'vp_gap': 0, 'turn': 1, 'max_turns': 30}|trend_direction=STABLE|threat_level=LOW|opportunities_count=0|recommendations_count=0"
22:06:24,UNKNOWN,UNKNOWN,SCOUT_IDENTIFICATION,total_units=0|scouts_found=0|scout_ids=
22:06:24,1,2,PHASE1_SUMMARY,total_units=0|scouts_identified=0|scouts_deployed=0|enemies_detected=0|combat_opportunities=0|threat_clusters=0
22:06:24,UNKNOWN,UNKNOWN,SCOUT_IDENTIFICATION,total_units=0|scouts_found=0|scout_ids=
22:06:24,1,2,PHASE1_SUMMARY,total_units=0|scouts_identified=0|scouts_deployed=0|enemies_detected=0|combat_opportunities=0|threat_clusters=0
22:06:24,1,2,PHASE2_SUMMARY,active_plans=0|new_plans=0|executed_plans=0|aborted_plans=0
22:06:24,1,2,TURN_START,player_nation=Polska|total_units=0|available_units=0
22:06:24,1,2,PHASE3_SUMMARY,defenders_assigned=0|kps_covered=0|pe_secure=True|threat_level=0.0|active_plans=0
22:06:24,UNKNOWN,UNKNOWN,SCOUT_IDENTIFICATION,total_units=0|scouts_found=0|scout_ids=
22:06:24,1,2,PHASE1_SUMMARY,total_units=0|scouts_identified=0|scouts_deployed=0|enemies_detected=0|combat_opportunities=0|threat_clusters=0
22:06:24,UNKNOWN,UNKNOWN,SCOUT_IDENTIFICATION,total_units=0|scouts_found=0|scout_ids=
22:06:24,1,2,PHASE1_SUMMARY,total_units=0|scouts_identified=0|scouts_deployed=0|enemies_detected=0|combat_opportunities=0|threat_clusters=0
22:06:24,1,2,PHASE2_SUMMARY,active_plans=0|new_plans=0|executed_plans=0|aborted_plans=0
22:06:24,1,2,TURN_START,player_nation=Polska|total_units=0|available_units=0
22:06:24,1,2,PHASE3_SUMMARY,defenders_assigned=0|kps_covered=0|pe_secure=True|threat_level=0.0|active_plans=0
22:06:24,UNKNOWN,2,PHASE_4_COMPLETE,request_generated=False|urgency=NONE|requirements=0|priority_areas=
22:06:24,1,5,TURN_START,player_nation=Unknown|total_tokens=0|captured_kps=0
22:06:24,1,5,VP_INTELLIGENCE,"vp_status={'vp_own': 0, 'vp_enemy': 0, 'vp_gap': 0, 'turn': 1, 'max_turns': 30}|trend_direction=STABLE|threat_level=LOW|opportunities_count=0|recommendations_count=0"
22:06:24,UNKNOWN,UNKNOWN,SCOUT_IDENTIFICATION,total_units=0|scouts_found=0|scout_ids=
22:06:24,1,5,PHASE1_SUMMARY,total_units=0|scouts_identified=0|scouts_deployed=0|enemies_detected=0|combat_opportunities=0|threat_clusters=0
22:06:24,UNKNOWN,UNKNOWN,SCOUT_IDENTIFICATION,total_units=0|scouts_found=0|scout_ids=
22:06:24,1,5,PHASE1_SUMMARY,total_units=0|scouts_identified=0|scouts_deployed=0|enemies_detected=0|combat_opportunities=0|threat_clusters=0
22:06:24,1,5,PHASE2_SUMMARY,active_plans=0|new_plans=0|executed_plans=0|aborted_plans=0
22:06:24,1,5,TURN_START,player_nation=Niemcy|total_units=0|available_units=0
22:06:24,1,5,PHASE3_SUMMARY,defenders_assigned=0|kps_covered=0|pe_secure=True|threat_level=0.0|active_plans=0
22:06:24,UNKNOWN,UNKNOWN,SCOUT_IDENTIFICATION,total_units=0|scouts_found=0|scout_ids=
22:06:24,1,5,PHASE1_SUMMARY,total_units=0|scouts_identified=0|scouts_deployed=0|enemies_detected=0|combat_opportunities=0|threat_clusters=0
22:06:24,UNKNOWN,UNKNOWN,SCOUT_IDENTIFICATION,total_units=0|scouts_found=0|scout_ids=
22:06:24,1,5,PHASE1_SUMMARY,total_units=0|scouts_identified=0|scouts_deployed=0|enemies_detected=0|combat_opportunities=0|threat_clusters=0
22:06:24,1,5,PHASE2_SUMMARY,active_plans=0|new_plans=0|executed_plans=0|aborted_plans=0
22:06:24,1,5,TURN_START,player_nation=Niemcy|total_units=0|available_units=0
22:06:24,1,5,PHASE3_SUMMARY,defenders_assigned=0|kps_covered=0|pe_secure=True|threat_level=0.0|active_plans=0
22:06:24,UNKNOWN,5,PHASE_4_COMPLETE,request_generated=False|urgency=NONE|requirements=0|priority_areas=
22:06:24,1,2,TURN_START,player_nation=Unknown|total_tokens=0|captured_kps=0
22:06:24,1,2,VP_INTELLIGENCE,"vp_status={'vp_own': 0, 'vp_enemy': 0, 'vp_gap': 0, 'turn': 1, 'max_turns': 30}|trend_direction=STABLE|threat_level=LOW|opportunities_count=0|recommendations_count=0"
22:06:24,UNKNOWN,UNKNOWN,SCOUT_IDENTIFICATION,total_units=0|scouts_found=0|scout_ids=
22:06:24,1,2,PHASE1_SUMMARY,total_units=0|scouts_identified=0|scouts_deployed=0|enemies_detected=0|combat_opportunities=0|threat_clusters=0
22:06:24,UNKNOWN,UNKNOWN,SCOUT_IDENTIFICATION,total_units=0|scouts_found=0|scout_ids=
22:06:24,1,2,PHASE1_SUMMARY,total_units=0|scouts_identified=0|scouts_deployed=0|enemies_detected=0|combat_opportunities=0|threat_clusters=0
22:06:24,1,2,PHASE2_SUMMARY,active_plans=0|new_plans=0|executed_plans=0|aborted_plans=0
22:06:24,1,2,TURN_START,player_nation=Polska|total_units=0|available_units=0
22:06:24,1,2,PHASE3_SUMMARY,defenders_assigned=0|kps_covered=0|pe_secure=True|threat_level=0.0|active_plans=0
22:06:24,UNKNOWN,UNKNOWN,SCOUT_IDENTIFICATION,total_units=0|scouts_found=0|scout_ids=
22:06:24,1,2,PHASE1_SUMMARY,total_units=0|scouts_identified=0|scouts_deployed=0|enemies_detected=0|combat_opportunities=0|threat_clusters=0
22:06:24,UNKNOWN,UNKNOWN,SCOUT_IDENTIFICATION,total_units=0|scouts_found=0|scout_ids=
22:06:24,1,2,PHASE1_SUMMARY,total_units=0|scouts_identified=0|scouts_deployed=0|enemies_detected=0|combat_opportunities=0|threat_clusters=0
22:06:24,1,2,PHASE2_SUMMARY,active_plans=0|new_plans=0|executed_plans=0|aborted_plans=0
22:06:24,1,2,TURN_START,player_nation=Polska|total_units=0|available_units=0
22:06:24,1,2,PHASE3_SUMMARY,defenders_assigned=0|kps_covered=0|pe_secure=True|threat_level=0.0|active_plans=0
22:06:24,UNKNOWN,2,PHASE_4_COMPLETE,request_generated=False|urgency=NONE|requirements=0|priority_areas=
22:06:24,1,5,TURN_START,player_nation=Unknown|total_tokens=0|captured_kps=0
22:06:24,1,5,VP_INTELLIGENCE,"vp_status={'vp_own': 0, 'vp_enemy': 0, 'vp_gap': 0, 'turn': 1, 'max_turns': 30}|trend_direction=STABLE|threat_level=LOW|opportunities_count=0|recommendations_count=0"
22:06:24,UNKNOWN,UNKNOWN,SCOUT_IDENTIFICATION,total_units=0|scouts_found=0|scout_ids=
22:06:24,1,5,PHASE1_SUMMARY,total_units=0|scouts_identified=0|scouts_deployed=0|enemies_detected=0|combat_opportunities=0|threat_clusters=0
22:06:24,UNKNOWN,UNKNOWN,SCOUT_IDENTIFICATION,total_units=0|scouts_found=0|scout_ids=
22:06:24,1,5,PHASE1_SUMMARY,total_units=0|scouts_identified=0|scouts_deployed=0|enemies_detected=0|combat_opportunities=0|threat_clusters=0
22:06:24,1,5,PHASE2_SUMMARY,active_plans=0|new_plans=0|executed_plans=0|aborted_plans=0
22:06:24,1,5,TURN_START,player_nation=Niemcy|total_units=0|available_units=0
22:06:24,1,5,PHASE3_SUMMARY,defenders_assigned=0|kps_covered=0|pe_secure=True|threat_level=0.0|active_plans=0
22:06:24,UNKNOWN,UNKNOWN,SCOUT_IDENTIFICATION,total_units=0|scouts_found=0|scout_ids=
22:06:24,1,5,PHASE1_SUMMARY,total_units=0|scouts_identified=0|scouts_deployed=0|enemies_detected=0|combat_opportunities=0|threat_clusters=0
22:06:24,UNKNOWN,UNKNOWN,SCOUT_IDENTIFICATION,total_units=0|scouts_found=0|scout_ids=
22:06:24,1,5,PHASE1_SUMMARY,total_units=0|scouts_identified=0|scouts_deployed=0|enemies_detected=0|combat_opportunities=0|threat_clusters=0
22:06:24,1,5,PHASE2_SUMMARY,active_plans=0|new_plans=0|executed_plans=0|aborted_plans=0
22:06:24,1,5,TURN_START,player_nation=Niemcy|total_units=0|available_units=0
22:06:24,1,5,PHASE3_SUMMARY,defenders_assigned=0|kps_covered=0|pe_secure=True|threat_level=0.0|active_plans=0
22:06:24,UNKNOWN,5,PHASE_4_COMPLETE,request_generated=False|urgency=NONE|requirements=0|priority_areas=
22:06:24,1,2,TURN_START,player_nation=Unknown|total_tokens=0|captured_kps=0
22:06:24,1,2,VP_INTELLIGENCE,"vp_status={'vp_own': 0, 'vp_enemy': 0, 'vp_gap': 0, 'turn': 1, 'max_turns': 30}|trend_direction=STABLE|threat_level=LOW|opportunities_count=0|recommendations_count=0"
22:06:24,UNKNOWN,UNKNOWN,SCOUT_IDENTIFICATION,total_units=0|scouts_found=0|scout_ids=
22:06:24,1,2,PHASE1_SUMMARY,total_units=0|scouts_identified=0|scouts_deployed=0|enemies_detected=0|combat_opportunities=0|threat_clusters=0
22:06:24,UNKNOWN,UNKNOWN,SCOUT_IDENTIFICATION,total_units=0|scouts_found=0|scout_ids=
22:06:24,1,2,PHASE1_SUMMARY,total_units=0|scouts_identified=0|scouts_deployed=0|enemies_detected=0|combat_opportunities=0|threat_clusters=0
22:06:24,1,2,PHASE2_SUMMARY,active_plans=0|new_plans=0|executed_plans=0|aborted_plans=0
22:06:24,1,2,TURN_START,player_nation=Polska|total_units=0|available_units=0
22:06:24,1,2,PHASE3_SUMMARY,defenders_assigned=0|kps_covered=0|pe_secure=True|threat_level=0.0|active_plans=0
22:06:24,UNKNOWN,UNKNOWN,SCOUT_IDENTIFICATION,total_units=0|scouts_found=0|scout_ids=
22:06:24,1,2,PHASE1_SUMMARY,total_units=0|scouts_identified=0|scouts_deployed=0|enemies_detected=0|combat_opportunities=0|threat_clusters=0
22:06:24,UNKNOWN,UNKNOWN,SCOUT_IDENTIFICATION,total_units=0|scouts_found=0|scout_ids=
22:06:24,1,2,PHASE1_SUMMARY,total_units=0|scouts_identified=0|scouts_deployed=0|enemies_detected=0|combat_opportunities=0|threat_clusters=0
22:06:24,1,2,PHASE2_SUMMARY,active_plans=0|new_plans=0|executed_plans=0|aborted_plans=0
22:06:24,1,2,TURN_START,player_nation=Polska|total_units=0|available_units=0
22:06:24,1,2,PHASE3_SUMMARY,defenders_assigned=0|kps_covered=0|pe_secure=True|threat_level=0.0|active_plans=0
22:06:24,UNKNOWN,2,PHASE_4_COMPLETE,request_generated=False|urgency=NONE|requirements=0|priority_areas=
22:06:25,1,5,TURN_START,player_nation=Unknown|total_tokens=0|captured_kps=0
22:06:25,1,5,VP_INTELLIGENCE,"vp_status={'vp_own': 0, 'vp_enemy': 0, 'vp_gap': 0, 'turn': 1, 'max_turns': 30}|trend_direction=STABLE|threat_level=LOW|opportunities_count=0|recommendations_count=0"
22:06:25,UNKNOWN,UNKNOWN,SCOUT_IDENTIFICATION,total_units=0|scouts_found=0|scout_ids=
22:06:25,1,5,PHASE1_SUMMARY,total_units=0|scouts_identified=0|scouts_deployed=0|enemies_detected=0|combat_opportunities=0|threat_clusters=0
22:06:25,UNKNOWN,UNKNOWN,SCOUT_IDENTIFICATION,total_units=0|scouts_found=0|scout_ids=
22:06:25,1,5,PHASE1_SUMMARY,total_units=0|scouts_identified=0|scouts_deployed=0|enemies_detected=0|combat_opportunities=0|threat_clusters=0
22:06:25,1,5,PHASE2_SUMMARY,active_plans=0|new_plans=0|executed_plans=0|aborted_plans=0
22:06:25,1,5,TURN_START,player_nation=Niemcy|total_units=0|available_units=0
22:06:25,1,5,PHASE3_SUMMARY,defenders_assigned=0|kps_covered=0|pe_secure=True|threat_level=0.0|active_plans=0
22:06:25,UNKNOWN,UNKNOWN,SCOUT_IDENTIFICATION,total_units=0|scouts_found=0|scout_ids=
22:06:25,1,5,PHASE1_SUMMARY,total_units=0|scouts_identified=0|scouts_deployed=0|enemies_detected=0|combat_opportunities=0|threat_clusters=0
22:06:25,UNKNOWN,UNKNOWN,SCOUT_IDENTIFICATION,total_units=0|scouts_found=0|scout_ids=
22:06:25,1,5,PHASE1_SUMMARY,total_units=0|scouts_identified=0|scouts_deployed=0|enemies_detected=0|combat_opportunities=0|threat_clusters=0
22:06:25,1,5,PHASE2_SUMMARY,active_plans=0|new_plans=0|executed_plans=0|aborted_plans=0
22:06:25,1,5,TURN_START,player_nation=Niemcy|total_units=0|available_units=0
22:06:25,1,5,PHASE3_SUMMARY,defenders_assigned=0|kps_covered=0|pe_secure=True|threat_level=0.0|active_plans=0
22:06:25,UNKNOWN,5,PHASE_4_COMPLETE,request_generated=False|urgency=NONE|requirements=0|priority_areas=
22:06:25,1,2,TURN_START,player_nation=Unknown|total_tokens=0|captured_kps=0
22:06:25,1,2,VP_INTELLIGENCE,"vp_status={'vp_own': 0, 'vp_enemy': 0, 'vp_gap': 0, 'turn': 1, 'max_turns': 30}|trend_direction=STABLE|threat_level=LOW|opportunities_count=0|recommendations_count=0"
22:06:25,UNKNOWN,UNKNOWN,SCOUT_IDENTIFICATION,total_units=0|scouts_found=0|scout_ids=
22:06:25,1,2,PHASE1_SUMMARY,total_units=0|scouts_identified=0|scouts_deployed=0|enemies_detected=0|combat_opportunities=0|threat_clusters=0
22:06:25,UNKNOWN,UNKNOWN,SCOUT_IDENTIFICATION,total_units=0|scouts_found=0|scout_ids=
22:06:25,1,2,PHASE1_SUMMARY,total_units=0|scouts_identified=0|scouts_deployed=0|enemies_detected=0|combat_opportunities=0|threat_clusters=0
22:06:25,1,2,PHASE2_SUMMARY,active_plans=0|new_plans=0|executed_plans=0|aborted_plans=0
22:06:25,1,2,TURN_START,player_nation=Polska|total_units=0|available_units=0
22:06:25,1,2,PHASE3_SUMMARY,defenders_assigned=0|kps_covered=0|pe_secure=True|threat_level=0.0|active_plans=0
22:06:25,UNKNOWN,UNKNOWN,SCOUT_IDENTIFICATION,total_units=0|scouts_found=0|scout_ids=
22:06:25,1,2,PHASE1_SUMMARY,total_units=0|scouts_identified=0|scouts_deployed=0|enemies_detected=0|combat_opportunities=0|threat_clusters=0
22:06:25,UNKNOWN,UNKNOWN,SCOUT_IDENTIFICATION,total_units=0|scouts_found=0|scout_ids=
22:06:25,1,2,PHASE1_SUMMARY,total_units=0|scouts_identified=0|scouts_deployed=0|enemies_detected=0|combat_opportunities=0|threat_clusters=0
22:06:25,1,2,PHASE2_SUMMARY,active_plans=0|new_plans=0|executed_plans=0|aborted_plans=0
22:06:25,1,2,TURN_START,player_nation=Polska|total_units=0|available_units=0
22:06:25,1,2,PHASE3_SUMMARY,defenders_assigned=0|kps_covered=0|pe_secure=True|threat_level=0.0|active_plans=0
22:06:25,UNKNOWN,2,PHASE_4_COMPLETE,request_generated=False|urgency=NONE|requirements=0|priority_areas=
22:06:25,1,5,TURN_START,player_nation=Unknown|total_tokens=0|captured_kps=0
22:06:25,1,5,VP_INTELLIGENCE,"vp_status={'vp_own': 0, 'vp_enemy': 0, 'vp_gap': 0, 'turn': 1, 'max_turns': 30}|trend_direction=STABLE|threat_level=LOW|opportunities_count=0|recommendations_count=0"
22:06:25,UNKNOWN,UNKNOWN,SCOUT_IDENTIFICATION,total_units=0|scouts_found=0|scout_ids=
22:06:25,1,5,PHASE1_SUMMARY,total_units=0|scouts_identified=0|scouts_deployed=0|enemies_detected=0|combat_opportunities=0|threat_clusters=0
22:06:25,UNKNOWN,UNKNOWN,SCOUT_IDENTIFICATION,total_units=0|scouts_found=0|scout_ids=
22:06:25,1,5,PHASE1_SUMMARY,total_units=0|scouts_identified=0|scouts_deployed=0|enemies_detected=0|combat_opportunities=0|threat_clusters=0
22:06:25,1,5,PHASE2_SUMMARY,active_plans=0|new_plans=0|executed_plans=0|aborted_plans=0
22:06:25,1,5,TURN_START,player_nation=Niemcy|total_units=0|available_units=0
22:06:25,1,5,PHASE3_SUMMARY,defenders_assigned=0|kps_covered=0|pe_secure=True|threat_level=0.0|active_plans=0
22:06:25,UNKNOWN,UNKNOWN,SCOUT_IDENTIFICATION,total_units=0|scouts_found=0|scout_ids=
22:06:25,1,5,PHASE1_SUMMARY,total_units=0|scouts_identified=0|scouts_deployed=0|enemies_detected=0|combat_opportunities=0|threat_clusters=0
22:06:25,UNKNOWN,UNKNOWN,SCOUT_IDENTIFICATION,total_units=0|scouts_found=0|scout_ids=
22:06:25,1,5,PHASE1_SUMMARY,total_units=0|scouts_identified=0|scouts_deployed=0|enemies_detected=0|combat_opportunities=0|threat_clusters=0
22:06:25,1,5,PHASE2_SUMMARY,active_plans=0|new_plans=0|executed_plans=0|aborted_plans=0
22:06:25,1,5,TURN_START,player_nation=Niemcy|total_units=0|available_units=0
22:06:25,1,5,PHASE3_SUMMARY,defenders_assigned=0|kps_covered=0|pe_secure=True|threat_level=0.0|active_plans=0
22:06:25,UNKNOWN,5,PHASE_4_COMPLETE,request_generated=False|urgency=NONE|requirements=0|priority_areas=
22:06:25,1,2,TURN_START,player_nation=Unknown|total_tokens=0|captured_kps=0
22:06:25,1,2,VP_INTELLIGENCE,"vp_status={'vp_own': 0, 'vp_enemy': 0, 'vp_gap': 0, 'turn': 1, 'max_turns': 30}|trend_direction=STABLE|threat_level=LOW|opportunities_count=0|recommendations_count=0"
22:06:25,UNKNOWN,UNKNOWN,SCOUT_IDENTIFICATION,total_units=0|scouts_found=0|scout_ids=
22:06:25,1,2,PHASE1_SUMMARY,total_units=0|scouts_identified=0|scouts_deployed=0|enemies_detected=0|combat_opportunities=0|threat_clusters=0
22:06:25,UNKNOWN,UNKNOWN,SCOUT_IDENTIFICATION,total_units=0|scouts_found=0|scout_ids=
22:06:25,1,2,PHASE1_SUMMARY,total_units=0|scouts_identified=0|scouts_deployed=0|enemies_detected=0|combat_opportunities=0|threat_clusters=0
22:06:25,1,2,PHASE2_SUMMARY,active_plans=0|new_plans=0|executed_plans=0|aborted_plans=0
22:06:25,1,2,TURN_START,player_nation=Polska|total_units=0|available_units=0
22:06:25,1,2,PHASE3_SUMMARY,defenders_assigned=0|kps_covered=0|pe_secure=True|threat_level=0.0|active_plans=0
22:06:25,UNKNOWN,UNKNOWN,SCOUT_IDENTIFICATION,total_units=0|scouts_found=0|scout_ids=
22:06:25,1,2,PHASE1_SUMMARY,total_units=0|scouts_identified=0|scouts_deployed=0|enemies_detected=0|combat_opportunities=0|threat_clusters=0
22:06:25,UNKNOWN,UNKNOWN,SCOUT_IDENTIFICATION,total_units=0|scouts_found=0|scout_ids=
22:06:25,1,2,PHASE1_SUMMARY,total_units=0|scouts_identified=0|scouts_deployed=0|enemies_detected=0|combat_opportunities=0|threat_clusters=0
22:06:25,1,2,PHASE2_SUMMARY,active_plans=0|new_plans=0|executed_plans=0|aborted_plans=0
22:06:25,1,2,TURN_START,player_nation=Polska|total_units=0|available_units=0
22:06:25,1,2,PHASE3_SUMMARY,defenders_assigned=0|kps_covered=0|pe_secure=True|threat_level=0.0|active_plans=0
22:06:25,UNKNOWN,2,PHASE_4_COMPLETE,request_generated=False|urgency=NONE|requirements=0|priority_areas=
22:06:26,1,5,TURN_START,player_nation=Unknown|total_tokens=0|captured_kps=0
22:06:26,1,5,VP_INTELLIGENCE,"vp_status={'vp_own': 0, 'vp_enemy': 0, 'vp_gap': 0, 'turn': 1, 'max_turns': 30}|trend_direction=STABLE|threat_level=LOW|opportunities_count=0|recommendations_count=0"
22:06:26,UNKNOWN,UNKNOWN,SCOUT_IDENTIFICATION,total_units=0|scouts_found=0|scout_ids=
22:06:26,1,5,PHASE1_SUMMARY,total_units=0|scouts_identified=0|scouts_deployed=0|enemies_detected=0|combat_opportunities=0|threat_clusters=0
22:06:26,UNKNOWN,UNKNOWN,SCOUT_IDENTIFICATION,total_units=0|scouts_found=0|scout_ids=
22:06:26,1,5,PHASE1_SUMMARY,total_units=0|scouts_identified=0|scouts_deployed=0|enemies_detected=0|combat_opportunities=0|threat_clusters=0
22:06:26,1,5,PHASE2_SUMMARY,active_plans=0|new_plans=0|executed_plans=0|aborted_plans=0
22:06:26,1,5,TURN_START,player_nation=Niemcy|total_units=0|available_units=0
22:06:26,1,5,PHASE3_SUMMARY,defenders_assigned=0|kps_covered=0|pe_secure=True|threat_level=0.0|active_plans=0
22:06:26,UNKNOWN,UNKNOWN,SCOUT_IDENTIFICATION,total_units=0|scouts_found=0|scout_ids=
22:06:26,1,5,PHASE1_SUMMARY,total_units=0|scouts_identified=0|scouts_deployed=0|enemies_detected=0|combat_opportunities=0|threat_clusters=0
22:06:26,UNKNOWN,UNKNOWN,SCOUT_IDENTIFICATION,total_units=0|scouts_found=0|scout_ids=
22:06:26,1,5,PHASE1_SUMMARY,total_units=0|scouts_identified=0|scouts_deployed=0|enemies_detected=0|combat_opportunities=0|threat_clusters=0
22:06:26,1,5,PHASE2_SUMMARY,active_plans=0|new_plans=0|executed_plans=0|aborted_plans=0
22:06:26,1,5,TURN_START,player_nation=Niemcy|total_units=0|available_units=0
22:06:26,1,5,PHASE3_SUMMARY,defenders_assigned=0|kps_covered=0|pe_secure=True|threat_level=0.0|active_plans=0
22:06:26,UNKNOWN,5,PHASE_4_COMPLETE,request_generated=False|urgency=NONE|requirements=0|priority_areas=
22:06:27,1,2,TURN_START,player_nation=Unknown|total_tokens=0|captured_kps=0
22:06:27,1,2,VP_INTELLIGENCE,"vp_status={'vp_own': 0, 'vp_enemy': 0, 'vp_gap': 0, 'turn': 1, 'max_turns': 30}|trend_direction=STABLE|threat_level=LOW|opportunities_count=0|recommendations_count=0"
22:06:27,UNKNOWN,UNKNOWN,SCOUT_IDENTIFICATION,total_units=0|scouts_found=0|scout_ids=
22:06:27,1,2,PHASE1_SUMMARY,total_units=0|scouts_identified=0|scouts_deployed=0|enemies_detected=0|combat_opportunities=0|threat_clusters=0
22:06:27,UNKNOWN,UNKNOWN,SCOUT_IDENTIFICATION,total_units=0|scouts_found=0|scout_ids=
22:06:27,1,2,PHASE1_SUMMARY,total_units=0|scouts_identified=0|scouts_deployed=0|enemies_detected=0|combat_opportunities=0|threat_clusters=0
22:06:27,1,2,PHASE2_SUMMARY,active_plans=0|new_plans=0|executed_plans=0|aborted_plans=0
22:06:27,1,2,TURN_START,player_nation=Polska|total_units=0|available_units=0
22:06:27,1,2,PHASE3_SUMMARY,defenders_assigned=0|kps_covered=0|pe_secure=True|threat_level=0.0|active_plans=0
22:06:27,UNKNOWN,UNKNOWN,SCOUT_IDENTIFICATION,total_units=0|scouts_found=0|scout_ids=
22:06:27,1,2,PHASE1_SUMMARY,total_units=0|scouts_identified=0|scouts_deployed=0|enemies_detected=0|combat_opportunities=0|threat_clusters=0
22:06:27,UNKNOWN,UNKNOWN,SCOUT_IDENTIFICATION,total_units=0|scouts_found=0|scout_ids=
22:06:27,1,2,PHASE1_SUMMARY,total_units=0|scouts_identified=0|scouts_deployed=0|enemies_detected=0|combat_opportunities=0|threat_clusters=0
22:06:27,1,2,PHASE2_SUMMARY,active_plans=0|new_plans=0|executed_plans=0|aborted_plans=0
22:06:27,1,2,TURN_START,player_nation=Polska|total_units=0|available_units=0
22:06:27,1,2,PHASE3_SUMMARY,defenders_assigned=0|kps_covered=0|pe_secure=True|threat_level=0.0|active_plans=0
22:06:27,UNKNOWN,2,PHASE_4_COMPLETE,request_generated=False|urgency=NONE|requirements=0|priority_areas=
22:06:27,1,5,TURN_START,player_nation=Unknown|total_tokens=0|captured_kps=0
22:06:27,1,5,VP_INTELLIGENCE,"vp_status={'vp_own': 0, 'vp_enemy': 0, 'vp_gap': 0, 'turn': 1, 'max_turns': 30}|trend_direction=STABLE|threat_level=LOW|opportunities_count=0|recommendations_count=0"
22:06:27,UNKNOWN,UNKNOWN,SCOUT_IDENTIFICATION,total_units=0|scouts_found=0|scout_ids=
22:06:27,1,5,PHASE1_SUMMARY,total_units=0|scouts_identified=0|scouts_deployed=0|enemies_detected=0|combat_opportunities=0|threat_clusters=0
22:06:27,UNKNOWN,UNKNOWN,SCOUT_IDENTIFICATION,total_units=0|scouts_found=0|scout_ids=
22:06:27,1,5,PHASE1_SUMMARY,total_units=0|scouts_identified=0|scouts_deployed=0|enemies_detected=0|combat_opportunities=0|threat_clusters=0
22:06:27,1,5,PHASE2_SUMMARY,active_plans=0|new_plans=0|executed_plans=0|aborted_plans=0
22:06:27,1,5,TURN_START,player_nation=Niemcy|total_units=0|available_units=0
22:06:27,1,5,PHASE3_SUMMARY,defenders_assigned=0|kps_covered=0|pe_secure=True|threat_level=0.0|active_plans=0
22:06:27,UNKNOWN,UNKNOWN,SCOUT_IDENTIFICATION,total_units=0|scouts_found=0|scout_ids=
22:06:27,1,5,PHASE1_SUMMARY,total_units=0|scouts_identified=0|scouts_deployed=0|enemies_detected=0|combat_opportunities=0|threat_clusters=0
22:06:27,UNKNOWN,UNKNOWN,SCOUT_IDENTIFICATION,total_units=0|scouts_found=0|scout_ids=
22:06:27,1,5,PHASE1_SUMMARY,total_units=0|scouts_identified=0|scouts_deployed=0|enemies_detected=0|combat_opportunities=0|threat_clusters=0
22:06:27,1,5,PHASE2_SUMMARY,active_plans=0|new_plans=0|executed_plans=0|aborted_plans=0
22:06:27,1,5,TURN_START,player_nation=Niemcy|total_units=0|available_units=0
22:06:27,1,5,PHASE3_SUMMARY,defenders_assigned=0|kps_covered=0|pe_secure=True|threat_level=0.0|active_plans=0
22:06:27,UNKNOWN,5,PHASE_4_COMPLETE,request_generated=False|urgency=NONE|requirements=0|priority_areas=
22:06:28,1,2,TURN_START,player_nation=Unknown|total_tokens=0|captured_kps=0
22:06:28,1,2,VP_INTELLIGENCE,"vp_status={'vp_own': 0, 'vp_enemy': 0, 'vp_gap': 0, 'turn': 1, 'max_turns': 30}|trend_direction=STABLE|threat_level=LOW|opportunities_count=0|recommendations_count=0"
22:06:28,UNKNOWN,UNKNOWN,SCOUT_IDENTIFICATION,total_units=0|scouts_found=0|scout_ids=
22:06:28,1,2,PHASE1_SUMMARY,total_units=0|scouts_identified=0|scouts_deployed=0|enemies_detected=0|combat_opportunities=0|threat_clusters=0
22:06:28,UNKNOWN,UNKNOWN,SCOUT_IDENTIFICATION,total_units=0|scouts_found=0|scout_ids=
22:06:28,1,2,PHASE1_SUMMARY,total_units=0|scouts_identified=0|scouts_deployed=0|enemies_detected=0|combat_opportunities=0|threat_clusters=0
22:06:28,1,2,PHASE2_SUMMARY,active_plans=0|new_plans=0|executed_plans=0|aborted_plans=0
22:06:28,1,2,TURN_START,player_nation=Polska|total_units=0|available_units=0
22:06:28,1,2,PHASE3_SUMMARY,defenders_assigned=0|kps_covered=0|pe_secure=True|threat_level=0.0|active_plans=0
22:06:28,UNKNOWN,UNKNOWN,SCOUT_IDENTIFICATION,total_units=0|scouts_found=0|scout_ids=
22:06:28,1,2,PHASE1_SUMMARY,total_units=0|scouts_identified=0|scouts_deployed=0|enemies_detected=0|combat_opportunities=0|threat_clusters=0
22:06:28,UNKNOWN,UNKNOWN,SCOUT_IDENTIFICATION,total_units=0|scouts_found=0|scout_ids=
22:06:28,1,2,PHASE1_SUMMARY,total_units=0|scouts_identified=0|scouts_deployed=0|enemies_detected=0|combat_opportunities=0|threat_clusters=0
22:06:28,1,2,PHASE2_SUMMARY,active_plans=0|new_plans=0|executed_plans=0|aborted_plans=0
22:06:28,1,2,TURN_START,player_nation=Polska|total_units=0|available_units=0
22:06:28,1,2,PHASE3_SUMMARY,defenders_assigned=0|kps_covered=0|pe_secure=True|threat_level=0.0|active_plans=0
22:06:28,UNKNOWN,2,PHASE_4_COMPLETE,request_generated=False|urgency=NONE|requirements=0|priority_areas=
22:06:28,1,5,TURN_START,player_nation=Unknown|total_tokens=0|captured_kps=0
22:06:28,1,5,VP_INTELLIGENCE,"vp_status={'vp_own': 0, 'vp_enemy': 0, 'vp_gap': 0, 'turn': 1, 'max_turns': 30}|trend_direction=STABLE|threat_level=LOW|opportunities_count=0|recommendations_count=0"
22:06:28,UNKNOWN,UNKNOWN,SCOUT_IDENTIFICATION,total_units=0|scouts_found=0|scout_ids=
22:06:28,1,5,PHASE1_SUMMARY,total_units=0|scouts_identified=0|scouts_deployed=0|enemies_detected=0|combat_opportunities=0|threat_clusters=0
22:06:28,UNKNOWN,UNKNOWN,SCOUT_IDENTIFICATION,total_units=0|scouts_found=0|scout_ids=
22:06:28,1,5,PHASE1_SUMMARY,total_units=0|scouts_identified=0|scouts_deployed=0|enemies_detected=0|combat_opportunities=0|threat_clusters=0
22:06:28,1,5,PHASE2_SUMMARY,active_plans=0|new_plans=0|executed_plans=0|aborted_plans=0
22:06:28,1,5,TURN_START,player_nation=Niemcy|total_units=0|available_units=0
22:06:28,1,5,PHASE3_SUMMARY,defenders_assigned=0|kps_covered=0|pe_secure=True|threat_level=0.0|active_plans=0
22:06:28,UNKNOWN,UNKNOWN,SCOUT_IDENTIFICATION,total_units=0|scouts_found=0|scout_ids=
22:06:28,1,5,PHASE1_SUMMARY,total_units=0|scouts_identified=0|scouts_deployed=0|enemies_detected=0|combat_opportunities=0|threat_clusters=0
22:06:28,UNKNOWN,UNKNOWN,SCOUT_IDENTIFICATION,total_units=0|scouts_found=0|scout_ids=
22:06:28,1,5,PHASE1_SUMMARY,total_units=0|scouts_identified=0|scouts_deployed=0|enemies_detected=0|combat_opportunities=0|threat_clusters=0
22:06:28,1,5,PHASE2_SUMMARY,active_plans=0|new_plans=0|executed_plans=0|aborted_plans=0
22:06:28,1,5,TURN_START,player_nation=Niemcy|total_units=0|available_units=0
22:06:28,1,5,PHASE3_SUMMARY,defenders_assigned=0|kps_covered=0|pe_secure=True|threat_level=0.0|active_plans=0
22:06:28,UNKNOWN,5,PHASE_4_COMPLETE,request_generated=False|urgency=NONE|requirements=0|priority_areas=
22:06:28,1,2,TURN_START,player_nation=Unknown|total_tokens=0|captured_kps=0
22:06:28,1,2,VP_INTELLIGENCE,"vp_status={'vp_own': 0, 'vp_enemy': 0, 'vp_gap': 0, 'turn': 1, 'max_turns': 30}|trend_direction=STABLE|threat_level=LOW|opportunities_count=0|recommendations_count=0"
22:06:28,UNKNOWN,UNKNOWN,SCOUT_IDENTIFICATION,total_units=0|scouts_found=0|scout_ids=
22:06:28,1,2,PHASE1_SUMMARY,total_units=0|scouts_identified=0|scouts_deployed=0|enemies_detected=0|combat_opportunities=0|threat_clusters=0
22:06:28,UNKNOWN,UNKNOWN,SCOUT_IDENTIFICATION,total_units=0|scouts_found=0|scout_ids=
22:06:28,1,2,PHASE1_SUMMARY,total_units=0|scouts_identified=0|scouts_deployed=0|enemies_detected=0|combat_opportunities=0|threat_clusters=0
22:06:28,1,2,PHASE2_SUMMARY,active_plans=0|new_plans=0|executed_plans=0|aborted_plans=0
22:06:28,1,2,TURN_START,player_nation=Polska|total_units=0|available_units=0
22:06:28,1,2,PHASE3_SUMMARY,defenders_assigned=0|kps_covered=0|pe_secure=True|threat_level=0.0|active_plans=0
22:06:28,UNKNOWN,UNKNOWN,SCOUT_IDENTIFICATION,total_units=0|scouts_found=0|scout_ids=
22:06:28,1,2,PHASE1_SUMMARY,total_units=0|scouts_identified=0|scouts_deployed=0|enemies_detected=0|combat_opportunities=0|threat_clusters=0
22:06:28,UNKNOWN,UNKNOWN,SCOUT_IDENTIFICATION,total_units=0|scouts_found=0|scout_ids=
22:06:28,1,2,PHASE1_SUMMARY,total_units=0|scouts_identified=0|scouts_deployed=0|enemies_detected=0|combat_opportunities=0|threat_clusters=0
22:06:28,1,2,PHASE2_SUMMARY,active_plans=0|new_plans=0|executed_plans=0|aborted_plans=0
22:06:28,1,2,TURN_START,player_nation=Polska|total_units=0|available_units=0
22:06:28,1,2,PHASE3_SUMMARY,defenders_assigned=0|kps_covered=0|pe_secure=True|threat_level=0.0|active_plans=0
22:06:28,UNKNOWN,2,PHASE_4_COMPLETE,request_generated=False|urgency=NONE|requirements=0|priority_areas=
22:06:28,1,5,TURN_START,player_nation=Unknown|total_tokens=0|captured_kps=0
22:06:28,1,5,VP_INTELLIGENCE,"vp_status={'vp_own': 0, 'vp_enemy': 0, 'vp_gap': 0, 'turn': 1, 'max_turns': 30}|trend_direction=STABLE|threat_level=LOW|opportunities_count=0|recommendations_count=0"
22:06:28,UNKNOWN,UNKNOWN,SCOUT_IDENTIFICATION,total_units=0|scouts_found=0|scout_ids=
22:06:28,1,5,PHASE1_SUMMARY,total_units=0|scouts_identified=0|scouts_deployed=0|enemies_detected=0|combat_opportunities=0|threat_clusters=0
22:06:28,UNKNOWN,UNKNOWN,SCOUT_IDENTIFICATION,total_units=0|scouts_found=0|scout_ids=
22:06:28,1,5,PHASE1_SUMMARY,total_units=0|scouts_identified=0|scouts_deployed=0|enemies_detected=0|combat_opportunities=0|threat_clusters=0
22:06:28,1,5,PHASE2_SUMMARY,active_plans=0|new_plans=0|executed_plans=0|aborted_plans=0
22:06:28,1,5,TURN_START,player_nation=Niemcy|total_units=0|available_units=0
22:06:28,1,5,PHASE3_SUMMARY,defenders_assigned=0|kps_covered=0|pe_secure=True|threat_level=0.0|active_plans=0
22:06:28,UNKNOWN,UNKNOWN,SCOUT_IDENTIFICATION,total_units=0|scouts_found=0|scout_ids=
22:06:28,1,5,PHASE1_SUMMARY,total_units=0|scouts_identified=0|scouts_deployed=0|enemies_detected=0|combat_opportunities=0|threat_clusters=0
22:06:28,UNKNOWN,UNKNOWN,SCOUT_IDENTIFICATION,total_units=0|scouts_found=0|scout_ids=
22:06:28,1,5,PHASE1_SUMMARY,total_units=0|scouts_identified=0|scouts_deployed=0|enemies_detected=0|combat_opportunities=0|threat_clusters=0
22:06:28,1,5,PHASE2_SUMMARY,active_plans=0|new_plans=0|executed_plans=0|aborted_plans=0
22:06:28,1,5,TURN_START,player_nation=Niemcy|total_units=0|available_units=0
22:06:28,1,5,PHASE3_SUMMARY,defenders_assigned=0|kps_covered=0|pe_secure=True|threat_level=0.0|active_plans=0
22:06:28,UNKNOWN,5,PHASE_4_COMPLETE,request_generated=False|urgency=NONE|requirements=0|priority_areas=
22:06:29,1,2,TURN_START,player_nation=Unknown|total_tokens=0|captured_kps=0
22:06:29,1,2,VP_INTELLIGENCE,"vp_status={'vp_own': 0, 'vp_enemy': 0, 'vp_gap': 0, 'turn': 1, 'max_turns': 30}|trend_direction=STABLE|threat_level=LOW|opportunities_count=0|recommendations_count=0"
22:06:29,UNKNOWN,UNKNOWN,SCOUT_IDENTIFICATION,total_units=0|scouts_found=0|scout_ids=
22:06:29,1,2,PHASE1_SUMMARY,total_units=0|scouts_identified=0|scouts_deployed=0|enemies_detected=0|combat_opportunities=0|threat_clusters=0
22:06:29,UNKNOWN,UNKNOWN,SCOUT_IDENTIFICATION,total_units=0|scouts_found=0|scout_ids=
22:06:29,1,2,PHASE1_SUMMARY,total_units=0|scouts_identified=0|scouts_deployed=0|enemies_detected=0|combat_opportunities=0|threat_clusters=0
22:06:29,1,2,PHASE2_SUMMARY,active_plans=0|new_plans=0|executed_plans=0|aborted_plans=0
22:06:29,1,2,TURN_START,player_nation=Polska|total_units=0|available_units=0
22:06:29,1,2,PHASE3_SUMMARY,defenders_assigned=0|kps_covered=0|pe_secure=True|threat_level=0.0|active_plans=0
22:06:29,UNKNOWN,UNKNOWN,SCOUT_IDENTIFICATION,total_units=0|scouts_found=0|scout_ids=
22:06:29,1,2,PHASE1_SUMMARY,total_units=0|scouts_identified=0|scouts_deployed=0|enemies_detected=0|combat_opportunities=0|threat_clusters=0
22:06:29,UNKNOWN,UNKNOWN,SCOUT_IDENTIFICATION,total_units=0|scouts_found=0|scout_ids=
22:06:29,1,2,PHASE1_SUMMARY,total_units=0|scouts_identified=0|scouts_deployed=0|enemies_detected=0|combat_opportunities=0|threat_clusters=0
22:06:29,1,2,PHASE2_SUMMARY,active_plans=0|new_plans=0|executed_plans=0|aborted_plans=0
22:06:29,1,2,TURN_START,player_nation=Polska|total_units=0|available_units=0
22:06:29,1,2,PHASE3_SUMMARY,defenders_assigned=0|kps_covered=0|pe_secure=True|threat_level=0.0|active_plans=0
22:06:29,UNKNOWN,2,PHASE_4_COMPLETE,request_generated=False|urgency=NONE|requirements=0|priority_areas=
22:06:29,1,5,TURN_START,player_nation=Unknown|total_tokens=0|captured_kps=0
22:06:29,1,5,VP_INTELLIGENCE,"vp_status={'vp_own': 0, 'vp_enemy': 0, 'vp_gap': 0, 'turn': 1, 'max_turns': 30}|trend_direction=STABLE|threat_level=LOW|opportunities_count=0|recommendations_count=0"
22:06:29,UNKNOWN,UNKNOWN,SCOUT_IDENTIFICATION,total_units=0|scouts_found=0|scout_ids=
22:06:29,1,5,PHASE1_SUMMARY,total_units=0|scouts_identified=0|scouts_deployed=0|enemies_detected=0|combat_opportunities=0|threat_clusters=0
22:06:29,UNKNOWN,UNKNOWN,SCOUT_IDENTIFICATION,total_units=0|scouts_found=0|scout_ids=
22:06:29,1,5,PHASE1_SUMMARY,total_units=0|scouts_identified=0|scouts_deployed=0|enemies_detected=0|combat_opportunities=0|threat_clusters=0
22:06:29,1,5,PHASE2_SUMMARY,active_plans=0|new_plans=0|executed_plans=0|aborted_plans=0
22:06:29,1,5,TURN_START,player_nation=Niemcy|total_units=0|available_units=0
22:06:29,1,5,PHASE3_SUMMARY,defenders_assigned=0|kps_covered=0|pe_secure=True|threat_level=0.0|active_plans=0
22:06:29,UNKNOWN,UNKNOWN,SCOUT_IDENTIFICATION,total_units=0|scouts_found=0|scout_ids=
22:06:29,1,5,PHASE1_SUMMARY,total_units=0|scouts_identified=0|scouts_deployed=0|enemies_detected=0|combat_opportunities=0|threat_clusters=0
22:06:29,UNKNOWN,UNKNOWN,SCOUT_IDENTIFICATION,total_units=0|scouts_found=0|scout_ids=
22:06:29,1,5,PHASE1_SUMMARY,total_units=0|scouts_identified=0|scouts_deployed=0|enemies_detected=0|combat_opportunities=0|threat_clusters=0
22:06:29,1,5,PHASE2_SUMMARY,active_plans=0|new_plans=0|executed_plans=0|aborted_plans=0
22:06:29,1,5,TURN_START,player_nation=Niemcy|total_units=0|available_units=0
22:06:29,1,5,PHASE3_SUMMARY,defenders_assigned=0|kps_covered=0|pe_secure=True|threat_level=0.0|active_plans=0
22:06:29,UNKNOWN,5,PHASE_4_COMPLETE,request_generated=False|urgency=NONE|requirements=0|priority_areas=
22:06:29,1,2,TURN_START,player_nation=Unknown|total_tokens=0|captured_kps=0
22:06:29,1,2,VP_INTELLIGENCE,"vp_status={'vp_own': 0, 'vp_enemy': 0, 'vp_gap': 0, 'turn': 1, 'max_turns': 30}|trend_direction=STABLE|threat_level=LOW|opportunities_count=0|recommendations_count=0"
22:06:29,UNKNOWN,UNKNOWN,SCOUT_IDENTIFICATION,total_units=0|scouts_found=0|scout_ids=
22:06:29,1,2,PHASE1_SUMMARY,total_units=0|scouts_identified=0|scouts_deployed=0|enemies_detected=0|combat_opportunities=0|threat_clusters=0
22:06:29,UNKNOWN,UNKNOWN,SCOUT_IDENTIFICATION,total_units=0|scouts_found=0|scout_ids=
22:06:29,1,2,PHASE1_SUMMARY,total_units=0|scouts_identified=0|scouts_deployed=0|enemies_detected=0|combat_opportunities=0|threat_clusters=0
22:06:29,1,2,PHASE2_SUMMARY,active_plans=0|new_plans=0|executed_plans=0|aborted_plans=0
22:06:29,1,2,TURN_START,player_nation=Polska|total_units=0|available_units=0
22:06:29,1,2,PHASE3_SUMMARY,defenders_assigned=0|kps_covered=0|pe_secure=True|threat_level=0.0|active_plans=0
22:06:29,UNKNOWN,UNKNOWN,SCOUT_IDENTIFICATION,total_units=0|scouts_found=0|scout_ids=
22:06:29,1,2,PHASE1_SUMMARY,total_units=0|scouts_identified=0|scouts_deployed=0|enemies_detected=0|combat_opportunities=0|threat_clusters=0
22:06:29,UNKNOWN,UNKNOWN,SCOUT_IDENTIFICATION,total_units=0|scouts_found=0|scout_ids=
22:06:29,1,2,PHASE1_SUMMARY,total_units=0|scouts_identified=0|scouts_deployed=0|enemies_detected=0|combat_opportunities=0|threat_clusters=0
22:06:29,1,2,PHASE2_SUMMARY,active_plans=0|new_plans=0|executed_plans=0|aborted_plans=0
22:06:29,1,2,TURN_START,player_nation=Polska|total_units=0|available_units=0
22:06:29,1,2,PHASE3_SUMMARY,defenders_assigned=0|kps_covered=0|pe_secure=True|threat_level=0.0|active_plans=0
22:06:29,UNKNOWN,2,PHASE_4_COMPLETE,request_generated=False|urgency=NONE|requirements=0|priority_areas=
22:06:29,1,5,TURN_START,player_nation=Unknown|total_tokens=0|captured_kps=0
22:06:29,1,5,VP_INTELLIGENCE,"vp_status={'vp_own': 0, 'vp_enemy': 0, 'vp_gap': 0, 'turn': 1, 'max_turns': 30}|trend_direction=STABLE|threat_level=LOW|opportunities_count=0|recommendations_count=0"
22:06:29,UNKNOWN,UNKNOWN,SCOUT_IDENTIFICATION,total_units=0|scouts_found=0|scout_ids=
22:06:29,1,5,PHASE1_SUMMARY,total_units=0|scouts_identified=0|scouts_deployed=0|enemies_detected=0|combat_opportunities=0|threat_clusters=0
22:06:29,UNKNOWN,UNKNOWN,SCOUT_IDENTIFICATION,total_units=0|scouts_found=0|scout_ids=
22:06:29,1,5,PHASE1_SUMMARY,total_units=0|scouts_identified=0|scouts_deployed=0|enemies_detected=0|combat_opportunities=0|threat_clusters=0
22:06:29,1,5,PHASE2_SUMMARY,active_plans=0|new_plans=0|executed_plans=0|aborted_plans=0
22:06:29,1,5,TURN_START,player_nation=Niemcy|total_units=0|available_units=0
22:06:29,1,5,PHASE3_SUMMARY,defenders_assigned=0|kps_covered=0|pe_secure=True|threat_level=0.0|active_plans=0
22:06:29,UNKNOWN,UNKNOWN,SCOUT_IDENTIFICATION,total_units=0|scouts_found=0|scout_ids=
22:06:29,1,5,PHASE1_SUMMARY,total_units=0|scouts_identified=0|scouts_deployed=0|enemies_detected=0|combat_opportunities=0|threat_clusters=0
22:06:29,UNKNOWN,UNKNOWN,SCOUT_IDENTIFICATION,total_units=0|scouts_found=0|scout_ids=
22:06:29,1,5,PHASE1_SUMMARY,total_units=0|scouts_identified=0|scouts_deployed=0|enemies_detected=0|combat_opportunities=0|threat_clusters=0
22:06:29,1,5,PHASE2_SUMMARY,active_plans=0|new_plans=0|executed_plans=0|aborted_plans=0
22:06:29,1,5,TURN_START,player_nation=Niemcy|total_units=0|available_units=0
22:06:29,1,5,PHASE3_SUMMARY,defenders_assigned=0|kps_covered=0|pe_secure=True|threat_level=0.0|active_plans=0
22:06:29,UNKNOWN,5,PHASE_4_COMPLETE,request_generated=False|urgency=NONE|requirements=0|priority_areas=
22:06:30,1,2,TURN_START,player_nation=Unknown|total_tokens=0|captured_kps=0
22:06:30,1,2,VP_INTELLIGENCE,"vp_status={'vp_own': 0, 'vp_enemy': 0, 'vp_gap': 0, 'turn': 1, 'max_turns': 30}|trend_direction=STABLE|threat_level=LOW|opportunities_count=0|recommendations_count=0"
22:06:30,UNKNOWN,UNKNOWN,SCOUT_IDENTIFICATION,total_units=0|scouts_found=0|scout_ids=
22:06:30,1,2,PHASE1_SUMMARY,total_units=0|scouts_identified=0|scouts_deployed=0|enemies_detected=0|combat_opportunities=0|threat_clusters=0
22:06:30,UNKNOWN,UNKNOWN,SCOUT_IDENTIFICATION,total_units=0|scouts_found=0|scout_ids=
22:06:30,1,2,PHASE1_SUMMARY,total_units=0|scouts_identified=0|scouts_deployed=0|enemies_detected=0|combat_opportunities=0|threat_clusters=0
22:06:30,1,2,PHASE2_SUMMARY,active_plans=0|new_plans=0|executed_plans=0|aborted_plans=0
22:06:30,1,2,TURN_START,player_nation=Polska|total_units=0|available_units=0
22:06:30,1,2,PHASE3_SUMMARY,defenders_assigned=0|kps_covered=0|pe_secure=True|threat_level=0.0|active_plans=0
22:06:30,UNKNOWN,UNKNOWN,SCOUT_IDENTIFICATION,total_units=0|scouts_found=0|scout_ids=
22:06:30,1,2,PHASE1_SUMMARY,total_units=0|scouts_identified=0|scouts_deployed=0|enemies_detected=0|combat_opportunities=0|threat_clusters=0
22:06:30,UNKNOWN,UNKNOWN,SCOUT_IDENTIFICATION,total_units=0|scouts_found=0|scout_ids=
22:06:30,1,2,PHASE1_SUMMARY,total_units=0|scouts_identified=0|scouts_deployed=0|enemies_detected=0|combat_opportunities=0|threat_clusters=0
22:06:30,1,2,PHASE2_SUMMARY,active_plans=0|new_plans=0|executed_plans=0|aborted_plans=0
22:06:30,1,2,TURN_START,player_nation=Polska|total_units=0|available_units=0
22:06:30,1,2,PHASE3_SUMMARY,defenders_assigned=0|kps_covered=0|pe_secure=True|threat_level=0.0|active_plans=0
22:06:30,UNKNOWN,2,PHASE_4_COMPLETE,request_generated=False|urgency=NONE|requirements=0|priority_areas=
22:06:30,1,5,TURN_START,player_nation=Unknown|total_tokens=0|captured_kps=0
22:06:30,1,5,VP_INTELLIGENCE,"vp_status={'vp_own': 0, 'vp_enemy': 0, 'vp_gap': 0, 'turn': 1, 'max_turns': 30}|trend_direction=STABLE|threat_level=LOW|opportunities_count=0|recommendations_count=0"
22:06:30,UNKNOWN,UNKNOWN,SCOUT_IDENTIFICATION,total_units=0|scouts_found=0|scout_ids=
22:06:30,1,5,PHASE1_SUMMARY,total_units=0|scouts_identified=0|scouts_deployed=0|enemies_detected=0|combat_opportunities=0|threat_clusters=0
22:06:30,UNKNOWN,UNKNOWN,SCOUT_IDENTIFICATION,total_units=0|scouts_found=0|scout_ids=
22:06:30,1,5,PHASE1_SUMMARY,total_units=0|scouts_identified=0|scouts_deployed=0|enemies_detected=0|combat_opportunities=0|threat_clusters=0
22:06:30,1,5,PHASE2_SUMMARY,active_plans=0|new_plans=0|executed_plans=0|aborted_plans=0
22:06:30,1,5,TURN_START,player_nation=Niemcy|total_units=0|available_units=0
22:06:30,1,5,PHASE3_SUMMARY,defenders_assigned=0|kps_covered=0|pe_secure=True|threat_level=0.0|active_plans=0
22:06:30,UNKNOWN,UNKNOWN,SCOUT_IDENTIFICATION,total_units=0|scouts_found=0|scout_ids=
22:06:30,1,5,PHASE1_SUMMARY,total_units=0|scouts_identified=0|scouts_deployed=0|enemies_detected=0|combat_opportunities=0|threat_clusters=0
22:06:30,UNKNOWN,UNKNOWN,SCOUT_IDENTIFICATION,total_units=0|scouts_found=0|scout_ids=
22:06:30,1,5,PHASE1_SUMMARY,total_units=0|scouts_identified=0|scouts_deployed=0|enemies_detected=0|combat_opportunities=0|threat_clusters=0
22:06:30,1,5,PHASE2_SUMMARY,active_plans=0|new_plans=0|executed_plans=0|aborted_plans=0
22:06:30,1,5,TURN_START,player_nation=Niemcy|total_units=0|available_units=0
22:06:30,1,5,PHASE3_SUMMARY,defenders_assigned=0|kps_covered=0|pe_secure=True|threat_level=0.0|active_plans=0
22:06:30,UNKNOWN,5,PHASE_4_COMPLETE,request_generated=False|urgency=NONE|requirements=0|priority_areas=
22:06:31,1,2,TURN_START,player_nation=Unknown|total_tokens=0|captured_kps=0
22:06:31,1,2,VP_INTELLIGENCE,"vp_status={'vp_own': 0, 'vp_enemy': 0, 'vp_gap': 0, 'turn': 1, 'max_turns': 30}|trend_direction=STABLE|threat_level=LOW|opportunities_count=0|recommendations_count=0"
22:06:31,UNKNOWN,UNKNOWN,SCOUT_IDENTIFICATION,total_units=0|scouts_found=0|scout_ids=
22:06:31,1,2,PHASE1_SUMMARY,total_units=0|scouts_identified=0|scouts_deployed=0|enemies_detected=0|combat_opportunities=0|threat_clusters=0
22:06:31,UNKNOWN,UNKNOWN,SCOUT_IDENTIFICATION,total_units=0|scouts_found=0|scout_ids=
22:06:31,1,2,PHASE1_SUMMARY,total_units=0|scouts_identified=0|scouts_deployed=0|enemies_detected=0|combat_opportunities=0|threat_clusters=0
22:06:31,1,2,PHASE2_SUMMARY,active_plans=0|new_plans=0|executed_plans=0|aborted_plans=0
22:06:31,1,2,TURN_START,player_nation=Polska|total_units=0|available_units=0
22:06:31,1,2,PHASE3_SUMMARY,defenders_assigned=0|kps_covered=0|pe_secure=True|threat_level=0.0|active_plans=0
22:06:31,UNKNOWN,UNKNOWN,SCOUT_IDENTIFICATION,total_units=0|scouts_found=0|scout_ids=
22:06:31,1,2,PHASE1_SUMMARY,total_units=0|scouts_identified=0|scouts_deployed=0|enemies_detected=0|combat_opportunities=0|threat_clusters=0
22:06:31,UNKNOWN,UNKNOWN,SCOUT_IDENTIFICATION,total_units=0|scouts_found=0|scout_ids=
22:06:31,1,2,PHASE1_SUMMARY,total_units=0|scouts_identified=0|scouts_deployed=0|enemies_detected=0|combat_opportunities=0|threat_clusters=0
22:06:31,1,2,PHASE2_SUMMARY,active_plans=0|new_plans=0|executed_plans=0|aborted_plans=0
22:06:31,1,2,TURN_START,player_nation=Polska|total_units=0|available_units=0
22:06:31,1,2,PHASE3_SUMMARY,defenders_assigned=0|kps_covered=0|pe_secure=True|threat_level=0.0|active_plans=0
22:06:31,UNKNOWN,2,PHASE_4_COMPLETE,request_generated=False|urgency=NONE|requirements=0|priority_areas=
22:06:31,1,5,TURN_START,player_nation=Unknown|total_tokens=0|captured_kps=0
22:06:31,1,5,VP_INTELLIGENCE,"vp_status={'vp_own': 0, 'vp_enemy': 0, 'vp_gap': 0, 'turn': 1, 'max_turns': 30}|trend_direction=STABLE|threat_level=LOW|opportunities_count=0|recommendations_count=0"
22:06:31,UNKNOWN,UNKNOWN,SCOUT_IDENTIFICATION,total_units=0|scouts_found=0|scout_ids=
22:06:31,1,5,PHASE1_SUMMARY,total_units=0|scouts_identified=0|scouts_deployed=0|enemies_detected=0|combat_opportunities=0|threat_clusters=0
22:06:31,UNKNOWN,UNKNOWN,SCOUT_IDENTIFICATION,total_units=0|scouts_found=0|scout_ids=
22:06:31,1,5,PHASE1_SUMMARY,total_units=0|scouts_identified=0|scouts_deployed=0|enemies_detected=0|combat_opportunities=0|threat_clusters=0
22:06:31,1,5,PHASE2_SUMMARY,active_plans=0|new_plans=0|executed_plans=0|aborted_plans=0
22:06:31,1,5,TURN_START,player_nation=Niemcy|total_units=0|available_units=0
22:06:31,1,5,PHASE3_SUMMARY,defenders_assigned=0|kps_covered=0|pe_secure=True|threat_level=0.0|active_plans=0
22:06:31,UNKNOWN,UNKNOWN,SCOUT_IDENTIFICATION,total_units=0|scouts_found=0|scout_ids=
22:06:31,1,5,PHASE1_SUMMARY,total_units=0|scouts_identified=0|scouts_deployed=0|enemies_detected=0|combat_opportunities=0|threat_clusters=0
22:06:31,UNKNOWN,UNKNOWN,SCOUT_IDENTIFICATION,total_units=0|scouts_found=0|scout_ids=
22:06:31,1,5,PHASE1_SUMMARY,total_units=0|scouts_identified=0|scouts_deployed=0|enemies_detected=0|combat_opportunities=0|threat_clusters=0
22:06:31,1,5,PHASE2_SUMMARY,active_plans=0|new_plans=0|executed_plans=0|aborted_plans=0
22:06:31,1,5,TURN_START,player_nation=Niemcy|total_units=0|available_units=0
22:06:31,1,5,PHASE3_SUMMARY,defenders_assigned=0|kps_covered=0|pe_secure=True|threat_level=0.0|active_plans=0
22:06:31,UNKNOWN,5,PHASE_4_COMPLETE,request_generated=False|urgency=NONE|requirements=0|priority_areas=
22:06:32,1,2,TURN_START,player_nation=Unknown|total_tokens=0|captured_kps=0
22:06:32,1,2,VP_INTELLIGENCE,"vp_status={'vp_own': 0, 'vp_enemy': 0, 'vp_gap': 0, 'turn': 1, 'max_turns': 30}|trend_direction=STABLE|threat_level=LOW|opportunities_count=0|recommendations_count=0"
22:06:32,UNKNOWN,UNKNOWN,SCOUT_IDENTIFICATION,total_units=0|scouts_found=0|scout_ids=
22:06:32,1,2,PHASE1_SUMMARY,total_units=0|scouts_identified=0|scouts_deployed=0|enemies_detected=0|combat_opportunities=0|threat_clusters=0
22:06:32,UNKNOWN,UNKNOWN,SCOUT_IDENTIFICATION,total_units=0|scouts_found=0|scout_ids=
22:06:32,1,2,PHASE1_SUMMARY,total_units=0|scouts_identified=0|scouts_deployed=0|enemies_detected=0|combat_opportunities=0|threat_clusters=0
22:06:32,1,2,PHASE2_SUMMARY,active_plans=0|new_plans=0|executed_plans=0|aborted_plans=0
22:06:32,1,2,TURN_START,player_nation=Polska|total_units=0|available_units=0
22:06:32,1,2,PHASE3_SUMMARY,defenders_assigned=0|kps_covered=0|pe_secure=True|threat_level=0.0|active_plans=0
22:06:32,UNKNOWN,UNKNOWN,SCOUT_IDENTIFICATION,total_units=0|scouts_found=0|scout_ids=
22:06:32,1,2,PHASE1_SUMMARY,total_units=0|scouts_identified=0|scouts_deployed=0|enemies_detected=0|combat_opportunities=0|threat_clusters=0
22:06:32,UNKNOWN,UNKNOWN,SCOUT_IDENTIFICATION,total_units=0|scouts_found=0|scout_ids=
22:06:32,1,2,PHASE1_SUMMARY,total_units=0|scouts_identified=0|scouts_deployed=0|enemies_detected=0|combat_opportunities=0|threat_clusters=0
22:06:32,1,2,PHASE2_SUMMARY,active_plans=0|new_plans=0|executed_plans=0|aborted_plans=0
22:06:32,1,2,TURN_START,player_nation=Polska|total_units=0|available_units=0
22:06:32,1,2,PHASE3_SUMMARY,defenders_assigned=0|kps_covered=0|pe_secure=True|threat_level=0.0|active_plans=0
22:06:32,UNKNOWN,2,PHASE_4_COMPLETE,request_generated=False|urgency=NONE|requirements=0|priority_areas=
22:06:32,1,5,TURN_START,player_nation=Unknown|total_tokens=0|captured_kps=0
22:06:32,1,5,VP_INTELLIGENCE,"vp_status={'vp_own': 0, 'vp_enemy': 0, 'vp_gap': 0, 'turn': 1, 'max_turns': 30}|trend_direction=STABLE|threat_level=LOW|opportunities_count=0|recommendations_count=0"
22:06:32,UNKNOWN,UNKNOWN,SCOUT_IDENTIFICATION,total_units=0|scouts_found=0|scout_ids=
22:06:32,1,5,PHASE1_SUMMARY,total_units=0|scouts_identified=0|scouts_deployed=0|enemies_detected=0|combat_opportunities=0|threat_clusters=0
22:06:32,UNKNOWN,UNKNOWN,SCOUT_IDENTIFICATION,total_units=0|scouts_found=0|scout_ids=
22:06:32,1,5,PHASE1_SUMMARY,total_units=0|scouts_identified=0|scouts_deployed=0|enemies_detected=0|combat_opportunities=0|threat_clusters=0
22:06:32,1,5,PHASE2_SUMMARY,active_plans=0|new_plans=0|executed_plans=0|aborted_plans=0
22:06:32,1,5,TURN_START,player_nation=Niemcy|total_units=0|available_units=0
22:06:32,1,5,PHASE3_SUMMARY,defenders_assigned=0|kps_covered=0|pe_secure=True|threat_level=0.0|active_plans=0
22:06:32,UNKNOWN,UNKNOWN,SCOUT_IDENTIFICATION,total_units=0|scouts_found=0|scout_ids=
22:06:32,1,5,PHASE1_SUMMARY,total_units=0|scouts_identified=0|scouts_deployed=0|enemies_detected=0|combat_opportunities=0|threat_clusters=0
22:06:32,UNKNOWN,UNKNOWN,SCOUT_IDENTIFICATION,total_units=0|scouts_found=0|scout_ids=
22:06:32,1,5,PHASE1_SUMMARY,total_units=0|scouts_identified=0|scouts_deployed=0|enemies_detected=0|combat_opportunities=0|threat_clusters=0
22:06:32,1,5,PHASE2_SUMMARY,active_plans=0|new_plans=0|executed_plans=0|aborted_plans=0
22:06:32,1,5,TURN_START,player_nation=Niemcy|total_units=0|available_units=0
22:06:32,1,5,PHASE3_SUMMARY,defenders_assigned=0|kps_covered=0|pe_secure=True|threat_level=0.0|active_plans=0
22:06:32,UNKNOWN,5,PHASE_4_COMPLETE,request_generated=False|urgency=NONE|requirements=0|priority_areas=
22:06:32,1,2,TURN_START,player_nation=Unknown|total_tokens=0|captured_kps=0
22:06:33,1,2,VP_INTELLIGENCE,"vp_status={'vp_own': 0, 'vp_enemy': 0, 'vp_gap': 0, 'turn': 1, 'max_turns': 30}|trend_direction=STABLE|threat_level=LOW|opportunities_count=0|recommendations_count=0"
22:06:33,UNKNOWN,UNKNOWN,SCOUT_IDENTIFICATION,total_units=0|scouts_found=0|scout_ids=
22:06:33,1,2,PHASE1_SUMMARY,total_units=0|scouts_identified=0|scouts_deployed=0|enemies_detected=0|combat_opportunities=0|threat_clusters=0
22:06:33,UNKNOWN,UNKNOWN,SCOUT_IDENTIFICATION,total_units=0|scouts_found=0|scout_ids=
22:06:33,1,2,PHASE1_SUMMARY,total_units=0|scouts_identified=0|scouts_deployed=0|enemies_detected=0|combat_opportunities=0|threat_clusters=0
22:06:33,1,2,PHASE2_SUMMARY,active_plans=0|new_plans=0|executed_plans=0|aborted_plans=0
22:06:33,1,2,TURN_START,player_nation=Polska|total_units=0|available_units=0
22:06:33,1,2,PHASE3_SUMMARY,defenders_assigned=0|kps_covered=0|pe_secure=True|threat_level=0.0|active_plans=0
22:06:33,UNKNOWN,UNKNOWN,SCOUT_IDENTIFICATION,total_units=0|scouts_found=0|scout_ids=
22:06:33,1,2,PHASE1_SUMMARY,total_units=0|scouts_identified=0|scouts_deployed=0|enemies_detected=0|combat_opportunities=0|threat_clusters=0
22:06:33,UNKNOWN,UNKNOWN,SCOUT_IDENTIFICATION,total_units=0|scouts_found=0|scout_ids=
22:06:33,1,2,PHASE1_SUMMARY,total_units=0|scouts_identified=0|scouts_deployed=0|enemies_detected=0|combat_opportunities=0|threat_clusters=0
22:06:33,1,2,PHASE2_SUMMARY,active_plans=0|new_plans=0|executed_plans=0|aborted_plans=0
22:06:33,1,2,TURN_START,player_nation=Polska|total_units=0|available_units=0
22:06:33,1,2,PHASE3_SUMMARY,defenders_assigned=0|kps_covered=0|pe_secure=True|threat_level=0.0|active_plans=0
22:06:33,UNKNOWN,2,PHASE_4_COMPLETE,request_generated=False|urgency=NONE|requirements=0|priority_areas=
22:06:33,1,5,TURN_START,player_nation=Unknown|total_tokens=0|captured_kps=0
22:06:33,1,5,VP_INTELLIGENCE,"vp_status={'vp_own': 0, 'vp_enemy': 0, 'vp_gap': 0, 'turn': 1, 'max_turns': 30}|trend_direction=STABLE|threat_level=LOW|opportunities_count=0|recommendations_count=0"
22:06:33,UNKNOWN,UNKNOWN,SCOUT_IDENTIFICATION,total_units=0|scouts_found=0|scout_ids=
22:06:33,1,5,PHASE1_SUMMARY,total_units=0|scouts_identified=0|scouts_deployed=0|enemies_detected=0|combat_opportunities=0|threat_clusters=0
22:06:33,UNKNOWN,UNKNOWN,SCOUT_IDENTIFICATION,total_units=0|scouts_found=0|scout_ids=
22:06:33,1,5,PHASE1_SUMMARY,total_units=0|scouts_identified=0|scouts_deployed=0|enemies_detected=0|combat_opportunities=0|threat_clusters=0
22:06:33,1,5,PHASE2_SUMMARY,active_plans=0|new_plans=0|executed_plans=0|aborted_plans=0
22:06:33,1,5,TURN_START,player_nation=Niemcy|total_units=0|available_units=0
22:06:33,1,5,PHASE3_SUMMARY,defenders_assigned=0|kps_covered=0|pe_secure=True|threat_level=0.0|active_plans=0
22:06:33,UNKNOWN,UNKNOWN,SCOUT_IDENTIFICATION,total_units=0|scouts_found=0|scout_ids=
22:06:33,1,5,PHASE1_SUMMARY,total_units=0|scouts_identified=0|scouts_deployed=0|enemies_detected=0|combat_opportunities=0|threat_clusters=0
22:06:33,UNKNOWN,UNKNOWN,SCOUT_IDENTIFICATION,total_units=0|scouts_found=0|scout_ids=
22:06:33,1,5,PHASE1_SUMMARY,total_units=0|scouts_identified=0|scouts_deployed=0|enemies_detected=0|combat_opportunities=0|threat_clusters=0
22:06:33,1,5,PHASE2_SUMMARY,active_plans=0|new_plans=0|executed_plans=0|aborted_plans=0
22:06:33,1,5,TURN_START,player_nation=Niemcy|total_units=0|available_units=0
22:06:33,1,5,PHASE3_SUMMARY,defenders_assigned=0|kps_covered=0|pe_secure=True|threat_level=0.0|active_plans=0
22:06:33,UNKNOWN,5,PHASE_4_COMPLETE,request_generated=False|urgency=NONE|requirements=0|priority_areas=
22:06:33,1,2,TURN_START,player_nation=Unknown|total_tokens=0|captured_kps=0
22:06:33,1,2,VP_INTELLIGENCE,"vp_status={'vp_own': 0, 'vp_enemy': 0, 'vp_gap': 0, 'turn': 1, 'max_turns': 30}|trend_direction=STABLE|threat_level=LOW|opportunities_count=0|recommendations_count=0"
22:06:33,UNKNOWN,UNKNOWN,SCOUT_IDENTIFICATION,total_units=0|scouts_found=0|scout_ids=
22:06:33,1,2,PHASE1_SUMMARY,total_units=0|scouts_identified=0|scouts_deployed=0|enemies_detected=0|combat_opportunities=0|threat_clusters=0
22:06:33,UNKNOWN,UNKNOWN,SCOUT_IDENTIFICATION,total_units=0|scouts_found=0|scout_ids=
22:06:33,1,2,PHASE1_SUMMARY,total_units=0|scouts_identified=0|scouts_deployed=0|enemies_detected=0|combat_opportunities=0|threat_clusters=0
22:06:33,1,2,PHASE2_SUMMARY,active_plans=0|new_plans=0|executed_plans=0|aborted_plans=0
22:06:33,1,2,TURN_START,player_nation=Polska|total_units=0|available_units=0
22:06:33,1,2,PHASE3_SUMMARY,defenders_assigned=0|kps_covered=0|pe_secure=True|threat_level=0.0|active_plans=0
22:06:33,UNKNOWN,UNKNOWN,SCOUT_IDENTIFICATION,total_units=0|scouts_found=0|scout_ids=
22:06:33,1,2,PHASE1_SUMMARY,total_units=0|scouts_identified=0|scouts_deployed=0|enemies_detected=0|combat_opportunities=0|threat_clusters=0
22:06:33,UNKNOWN,UNKNOWN,SCOUT_IDENTIFICATION,total_units=0|scouts_found=0|scout_ids=
22:06:33,1,2,PHASE1_SUMMARY,total_units=0|scouts_identified=0|scouts_deployed=0|enemies_detected=0|combat_opportunities=0|threat_clusters=0
22:06:33,1,2,PHASE2_SUMMARY,active_plans=0|new_plans=0|executed_plans=0|aborted_plans=0
22:06:33,1,2,TURN_START,player_nation=Polska|total_units=0|available_units=0
22:06:33,1,2,PHASE3_SUMMARY,defenders_assigned=0|kps_covered=0|pe_secure=True|threat_level=0.0|active_plans=0
22:06:33,UNKNOWN,2,PHASE_4_COMPLETE,request_generated=False|urgency=NONE|requirements=0|priority_areas=
22:06:33,1,5,TURN_START,player_nation=Unknown|total_tokens=0|captured_kps=0
22:06:33,1,5,VP_INTELLIGENCE,"vp_status={'vp_own': 0, 'vp_enemy': 0, 'vp_gap': 0, 'turn': 1, 'max_turns': 30}|trend_direction=STABLE|threat_level=LOW|opportunities_count=0|recommendations_count=0"
22:06:33,UNKNOWN,UNKNOWN,SCOUT_IDENTIFICATION,total_units=0|scouts_found=0|scout_ids=
22:06:33,1,5,PHASE1_SUMMARY,total_units=0|scouts_identified=0|scouts_deployed=0|enemies_detected=0|combat_opportunities=0|threat_clusters=0
22:06:33,UNKNOWN,UNKNOWN,SCOUT_IDENTIFICATION,total_units=0|scouts_found=0|scout_ids=
22:06:33,1,5,PHASE1_SUMMARY,total_units=0|scouts_identified=0|scouts_deployed=0|enemies_detected=0|combat_opportunities=0|threat_clusters=0
22:06:33,1,5,PHASE2_SUMMARY,active_plans=0|new_plans=0|executed_plans=0|aborted_plans=0
22:06:33,1,5,TURN_START,player_nation=Niemcy|total_units=0|available_units=0
22:06:33,1,5,PHASE3_SUMMARY,defenders_assigned=0|kps_covered=0|pe_secure=True|threat_level=0.0|active_plans=0
22:06:33,UNKNOWN,UNKNOWN,SCOUT_IDENTIFICATION,total_units=0|scouts_found=0|scout_ids=
22:06:33,1,5,PHASE1_SUMMARY,total_units=0|scouts_identified=0|scouts_deployed=0|enemies_detected=0|combat_opportunities=0|threat_clusters=0
22:06:33,UNKNOWN,UNKNOWN,SCOUT_IDENTIFICATION,total_units=0|scouts_found=0|scout_ids=
22:06:33,1,5,PHASE1_SUMMARY,total_units=0|scouts_identified=0|scouts_deployed=0|enemies_detected=0|combat_opportunities=0|threat_clusters=0
22:06:33,1,5,PHASE2_SUMMARY,active_plans=0|new_plans=0|executed_plans=0|aborted_plans=0
22:06:33,1,5,TURN_START,player_nation=Niemcy|total_units=0|available_units=0
22:06:33,1,5,PHASE3_SUMMARY,defenders_assigned=0|kps_covered=0|pe_secure=True|threat_level=0.0|active_plans=0
22:06:33,UNKNOWN,5,PHASE_4_COMPLETE,request_generated=False|urgency=NONE|requirements=0|priority_areas=
22:06:33,1,2,TURN_START,player_nation=Unknown|total_tokens=0|captured_kps=0
22:06:33,1,2,VP_INTELLIGENCE,"vp_status={'vp_own': 0, 'vp_enemy': 0, 'vp_gap': 0, 'turn': 1, 'max_turns': 30}|trend_direction=STABLE|threat_level=LOW|opportunities_count=0|recommendations_count=0"
22:06:33,UNKNOWN,UNKNOWN,SCOUT_IDENTIFICATION,total_units=0|scouts_found=0|scout_ids=
22:06:33,1,2,PHASE1_SUMMARY,total_units=0|scouts_identified=0|scouts_deployed=0|enemies_detected=0|combat_opportunities=0|threat_clusters=0
22:06:33,UNKNOWN,UNKNOWN,SCOUT_IDENTIFICATION,total_units=0|scouts_found=0|scout_ids=
22:06:33,1,2,PHASE1_SUMMARY,total_units=0|scouts_identified=0|scouts_deployed=0|enemies_detected=0|combat_opportunities=0|threat_clusters=0
22:06:33,1,2,PHASE2_SUMMARY,active_plans=0|new_plans=0|executed_plans=0|aborted_plans=0
22:06:33,1,2,TURN_START,player_nation=Polska|total_units=0|available_units=0
22:06:33,1,2,PHASE3_SUMMARY,defenders_assigned=0|kps_covered=0|pe_secure=True|threat_level=0.0|active_plans=0
22:06:33,UNKNOWN,UNKNOWN,SCOUT_IDENTIFICATION,total_units=0|scouts_found=0|scout_ids=
22:06:33,1,2,PHASE1_SUMMARY,total_units=0|scouts_identified=0|scouts_deployed=0|enemies_detected=0|combat_opportunities=0|threat_clusters=0
22:06:33,UNKNOWN,UNKNOWN,SCOUT_IDENTIFICATION,total_units=0|scouts_found=0|scout_ids=
22:06:33,1,2,PHASE1_SUMMARY,total_units=0|scouts_identified=0|scouts_deployed=0|enemies_detected=0|combat_opportunities=0|threat_clusters=0
22:06:33,1,2,PHASE2_SUMMARY,active_plans=0|new_plans=0|executed_plans=0|aborted_plans=0
22:06:33,1,2,TURN_START,player_nation=Polska|total_units=0|available_units=0
22:06:33,1,2,PHASE3_SUMMARY,defenders_assigned=0|kps_covered=0|pe_secure=True|threat_level=0.0|active_plans=0
22:06:33,UNKNOWN,2,PHASE_4_COMPLETE,request_generated=False|urgency=NONE|requirements=0|priority_areas=
22:06:34,1,5,TURN_START,player_nation=Unknown|total_tokens=0|captured_kps=0
22:06:34,1,5,VP_INTELLIGENCE,"vp_status={'vp_own': 0, 'vp_enemy': 0, 'vp_gap': 0, 'turn': 1, 'max_turns': 30}|trend_direction=STABLE|threat_level=LOW|opportunities_count=0|recommendations_count=0"
22:06:34,UNKNOWN,UNKNOWN,SCOUT_IDENTIFICATION,total_units=0|scouts_found=0|scout_ids=
22:06:34,1,5,PHASE1_SUMMARY,total_units=0|scouts_identified=0|scouts_deployed=0|enemies_detected=0|combat_opportunities=0|threat_clusters=0
22:06:34,UNKNOWN,UNKNOWN,SCOUT_IDENTIFICATION,total_units=0|scouts_found=0|scout_ids=
22:06:34,1,5,PHASE1_SUMMARY,total_units=0|scouts_identified=0|scouts_deployed=0|enemies_detected=0|combat_opportunities=0|threat_clusters=0
22:06:34,1,5,PHASE2_SUMMARY,active_plans=0|new_plans=0|executed_plans=0|aborted_plans=0
22:06:34,1,5,TURN_START,player_nation=Niemcy|total_units=0|available_units=0
22:06:34,1,5,PHASE3_SUMMARY,defenders_assigned=0|kps_covered=0|pe_secure=True|threat_level=0.0|active_plans=0
22:06:34,UNKNOWN,UNKNOWN,SCOUT_IDENTIFICATION,total_units=0|scouts_found=0|scout_ids=
22:06:34,1,5,PHASE1_SUMMARY,total_units=0|scouts_identified=0|scouts_deployed=0|enemies_detected=0|combat_opportunities=0|threat_clusters=0
22:06:34,UNKNOWN,UNKNOWN,SCOUT_IDENTIFICATION,total_units=0|scouts_found=0|scout_ids=
22:06:34,1,5,PHASE1_SUMMARY,total_units=0|scouts_identified=0|scouts_deployed=0|enemies_detected=0|combat_opportunities=0|threat_clusters=0
22:06:34,1,5,PHASE2_SUMMARY,active_plans=0|new_plans=0|executed_plans=0|aborted_plans=0
22:06:34,1,5,TURN_START,player_nation=Niemcy|total_units=0|available_units=0
22:06:34,1,5,PHASE3_SUMMARY,defenders_assigned=0|kps_covered=0|pe_secure=True|threat_level=0.0|active_plans=0
22:06:34,UNKNOWN,5,PHASE_4_COMPLETE,request_generated=False|urgency=NONE|requirements=0|priority_areas=
22:06:34,1,2,TURN_START,player_nation=Unknown|total_tokens=0|captured_kps=0
22:06:34,1,2,VP_INTELLIGENCE,"vp_status={'vp_own': 0, 'vp_enemy': 0, 'vp_gap': 0, 'turn': 1, 'max_turns': 30}|trend_direction=STABLE|threat_level=LOW|opportunities_count=0|recommendations_count=0"
22:06:34,UNKNOWN,UNKNOWN,SCOUT_IDENTIFICATION,total_units=0|scouts_found=0|scout_ids=
22:06:34,1,2,PHASE1_SUMMARY,total_units=0|scouts_identified=0|scouts_deployed=0|enemies_detected=0|combat_opportunities=0|threat_clusters=0
22:06:34,UNKNOWN,UNKNOWN,SCOUT_IDENTIFICATION,total_units=0|scouts_found=0|scout_ids=
22:06:34,1,2,PHASE1_SUMMARY,total_units=0|scouts_identified=0|scouts_deployed=0|enemies_detected=0|combat_opportunities=0|threat_clusters=0
22:06:34,1,2,PHASE2_SUMMARY,active_plans=0|new_plans=0|executed_plans=0|aborted_plans=0
22:06:34,1,2,TURN_START,player_nation=Polska|total_units=0|available_units=0
22:06:34,1,2,PHASE3_SUMMARY,defenders_assigned=0|kps_covered=0|pe_secure=True|threat_level=0.0|active_plans=0
22:06:34,UNKNOWN,UNKNOWN,SCOUT_IDENTIFICATION,total_units=0|scouts_found=0|scout_ids=
22:06:34,1,2,PHASE1_SUMMARY,total_units=0|scouts_identified=0|scouts_deployed=0|enemies_detected=0|combat_opportunities=0|threat_clusters=0
22:06:34,UNKNOWN,UNKNOWN,SCOUT_IDENTIFICATION,total_units=0|scouts_found=0|scout_ids=
22:06:34,1,2,PHASE1_SUMMARY,total_units=0|scouts_identified=0|scouts_deployed=0|enemies_detected=0|combat_opportunities=0|threat_clusters=0
22:06:34,1,2,PHASE2_SUMMARY,active_plans=0|new_plans=0|executed_plans=0|aborted_plans=0
22:06:34,1,2,TURN_START,player_nation=Polska|total_units=0|available_units=0
22:06:34,1,2,PHASE3_SUMMARY,defenders_assigned=0|kps_covered=0|pe_secure=True|threat_level=0.0|active_plans=0
22:06:34,UNKNOWN,2,PHASE_4_COMPLETE,request_generated=False|urgency=NONE|requirements=0|priority_areas=
22:06:34,1,5,TURN_START,player_nation=Unknown|total_tokens=0|captured_kps=0
22:06:34,1,5,VP_INTELLIGENCE,"vp_status={'vp_own': 0, 'vp_enemy': 0, 'vp_gap': 0, 'turn': 1, 'max_turns': 30}|trend_direction=STABLE|threat_level=LOW|opportunities_count=0|recommendations_count=0"
22:06:34,UNKNOWN,UNKNOWN,SCOUT_IDENTIFICATION,total_units=0|scouts_found=0|scout_ids=
22:06:34,1,5,PHASE1_SUMMARY,total_units=0|scouts_identified=0|scouts_deployed=0|enemies_detected=0|combat_opportunities=0|threat_clusters=0
22:06:34,UNKNOWN,UNKNOWN,SCOUT_IDENTIFICATION,total_units=0|scouts_found=0|scout_ids=
22:06:34,1,5,PHASE1_SUMMARY,total_units=0|scouts_identified=0|scouts_deployed=0|enemies_detected=0|combat_opportunities=0|threat_clusters=0
22:06:34,1,5,PHASE2_SUMMARY,active_plans=0|new_plans=0|executed_plans=0|aborted_plans=0
22:06:34,1,5,TURN_START,player_nation=Niemcy|total_units=0|available_units=0
22:06:34,1,5,PHASE3_SUMMARY,defenders_assigned=0|kps_covered=0|pe_secure=True|threat_level=0.0|active_plans=0
22:06:34,UNKNOWN,UNKNOWN,SCOUT_IDENTIFICATION,total_units=0|scouts_found=0|scout_ids=
22:06:34,1,5,PHASE1_SUMMARY,total_units=0|scouts_identified=0|scouts_deployed=0|enemies_detected=0|combat_opportunities=0|threat_clusters=0
22:06:34,UNKNOWN,UNKNOWN,SCOUT_IDENTIFICATION,total_units=0|scouts_found=0|scout_ids=
22:06:34,1,5,PHASE1_SUMMARY,total_units=0|scouts_identified=0|scouts_deployed=0|enemies_detected=0|combat_opportunities=0|threat_clusters=0
22:06:34,1,5,PHASE2_SUMMARY,active_plans=0|new_plans=0|executed_plans=0|aborted_plans=0
22:06:34,1,5,TURN_START,player_nation=Niemcy|total_units=0|available_units=0
22:06:34,1,5,PHASE3_SUMMARY,defenders_assigned=0|kps_covered=0|pe_secure=True|threat_level=0.0|active_plans=0
22:06:34,UNKNOWN,5,PHASE_4_COMPLETE,request_generated=False|urgency=NONE|requirements=0|priority_areas=
22:06:34,1,2,TURN_START,player_nation=Unknown|total_tokens=0|captured_kps=0
22:06:34,1,2,VP_INTELLIGENCE,"vp_status={'vp_own': 0, 'vp_enemy': 0, 'vp_gap': 0, 'turn': 1, 'max_turns': 30}|trend_direction=STABLE|threat_level=LOW|opportunities_count=0|recommendations_count=0"
22:06:34,UNKNOWN,UNKNOWN,SCOUT_IDENTIFICATION,total_units=0|scouts_found=0|scout_ids=
22:06:34,1,2,PHASE1_SUMMARY,total_units=0|scouts_identified=0|scouts_deployed=0|enemies_detected=0|combat_opportunities=0|threat_clusters=0
22:06:34,UNKNOWN,UNKNOWN,SCOUT_IDENTIFICATION,total_units=0|scouts_found=0|scout_ids=
22:06:34,1,2,PHASE1_SUMMARY,total_units=0|scouts_identified=0|scouts_deployed=0|enemies_detected=0|combat_opportunities=0|threat_clusters=0
22:06:34,1,2,PHASE2_SUMMARY,active_plans=0|new_plans=0|executed_plans=0|aborted_plans=0
22:06:34,1,2,TURN_START,player_nation=Polska|total_units=0|available_units=0
22:06:34,1,2,PHASE3_SUMMARY,defenders_assigned=0|kps_covered=0|pe_secure=True|threat_level=0.0|active_plans=0
22:06:34,UNKNOWN,UNKNOWN,SCOUT_IDENTIFICATION,total_units=0|scouts_found=0|scout_ids=
22:06:34,1,2,PHASE1_SUMMARY,total_units=0|scouts_identified=0|scouts_deployed=0|enemies_detected=0|combat_opportunities=0|threat_clusters=0
22:06:34,UNKNOWN,UNKNOWN,SCOUT_IDENTIFICATION,total_units=0|scouts_found=0|scout_ids=
22:06:34,1,2,PHASE1_SUMMARY,total_units=0|scouts_identified=0|scouts_deployed=0|enemies_detected=0|combat_opportunities=0|threat_clusters=0
22:06:34,1,2,PHASE2_SUMMARY,active_plans=0|new_plans=0|executed_plans=0|aborted_plans=0
22:06:34,1,2,TURN_START,player_nation=Polska|total_units=0|available_units=0
22:06:34,1,2,PHASE3_SUMMARY,defenders_assigned=0|kps_covered=0|pe_secure=True|threat_level=0.0|active_plans=0
22:06:34,UNKNOWN,2,PHASE_4_COMPLETE,request_generated=False|urgency=NONE|requirements=0|priority_areas=
22:06:35,1,5,TURN_START,player_nation=Unknown|total_tokens=0|captured_kps=0
22:06:35,1,5,VP_INTELLIGENCE,"vp_status={'vp_own': 0, 'vp_enemy': 0, 'vp_gap': 0, 'turn': 1, 'max_turns': 30}|trend_direction=STABLE|threat_level=LOW|opportunities_count=0|recommendations_count=0"
22:06:35,UNKNOWN,UNKNOWN,SCOUT_IDENTIFICATION,total_units=0|scouts_found=0|scout_ids=
22:06:35,1,5,PHASE1_SUMMARY,total_units=0|scouts_identified=0|scouts_deployed=0|enemies_detected=0|combat_opportunities=0|threat_clusters=0
22:06:35,UNKNOWN,UNKNOWN,SCOUT_IDENTIFICATION,total_units=0|scouts_found=0|scout_ids=
22:06:35,1,5,PHASE1_SUMMARY,total_units=0|scouts_identified=0|scouts_deployed=0|enemies_detected=0|combat_opportunities=0|threat_clusters=0
22:06:35,1,5,PHASE2_SUMMARY,active_plans=0|new_plans=0|executed_plans=0|aborted_plans=0
22:06:35,1,5,TURN_START,player_nation=Niemcy|total_units=0|available_units=0
22:06:35,1,5,PHASE3_SUMMARY,defenders_assigned=0|kps_covered=0|pe_secure=True|threat_level=0.0|active_plans=0
22:06:35,UNKNOWN,UNKNOWN,SCOUT_IDENTIFICATION,total_units=0|scouts_found=0|scout_ids=
22:06:35,1,5,PHASE1_SUMMARY,total_units=0|scouts_identified=0|scouts_deployed=0|enemies_detected=0|combat_opportunities=0|threat_clusters=0
22:06:35,UNKNOWN,UNKNOWN,SCOUT_IDENTIFICATION,total_units=0|scouts_found=0|scout_ids=
22:06:35,1,5,PHASE1_SUMMARY,total_units=0|scouts_identified=0|scouts_deployed=0|enemies_detected=0|combat_opportunities=0|threat_clusters=0
22:06:35,1,5,PHASE2_SUMMARY,active_plans=0|new_plans=0|executed_plans=0|aborted_plans=0
22:06:35,1,5,TURN_START,player_nation=Niemcy|total_units=0|available_units=0
22:06:35,1,5,PHASE3_SUMMARY,defenders_assigned=0|kps_covered=0|pe_secure=True|threat_level=0.0|active_plans=0
22:06:35,UNKNOWN,5,PHASE_4_COMPLETE,request_generated=False|urgency=NONE|requirements=0|priority_areas=
22:06:35,1,2,TURN_START,player_nation=Unknown|total_tokens=0|captured_kps=0
22:06:35,1,2,VP_INTELLIGENCE,"vp_status={'vp_own': 0, 'vp_enemy': 0, 'vp_gap': 0, 'turn': 1, 'max_turns': 30}|trend_direction=STABLE|threat_level=LOW|opportunities_count=0|recommendations_count=0"
22:06:35,UNKNOWN,UNKNOWN,SCOUT_IDENTIFICATION,total_units=0|scouts_found=0|scout_ids=
22:06:35,1,2,PHASE1_SUMMARY,total_units=0|scouts_identified=0|scouts_deployed=0|enemies_detected=0|combat_opportunities=0|threat_clusters=0
22:06:35,UNKNOWN,UNKNOWN,SCOUT_IDENTIFICATION,total_units=0|scouts_found=0|scout_ids=
22:06:35,1,2,PHASE1_SUMMARY,total_units=0|scouts_identified=0|scouts_deployed=0|enemies_detected=0|combat_opportunities=0|threat_clusters=0
22:06:35,1,2,PHASE2_SUMMARY,active_plans=0|new_plans=0|executed_plans=0|aborted_plans=0
22:06:35,1,2,TURN_START,player_nation=Polska|total_units=0|available_units=0
22:06:35,1,2,PHASE3_SUMMARY,defenders_assigned=0|kps_covered=0|pe_secure=True|threat_level=0.0|active_plans=0
22:06:35,UNKNOWN,UNKNOWN,SCOUT_IDENTIFICATION,total_units=0|scouts_found=0|scout_ids=
22:06:35,1,2,PHASE1_SUMMARY,total_units=0|scouts_identified=0|scouts_deployed=0|enemies_detected=0|combat_opportunities=0|threat_clusters=0
22:06:35,UNKNOWN,UNKNOWN,SCOUT_IDENTIFICATION,total_units=0|scouts_found=0|scout_ids=
22:06:35,1,2,PHASE1_SUMMARY,total_units=0|scouts_identified=0|scouts_deployed=0|enemies_detected=0|combat_opportunities=0|threat_clusters=0
22:06:35,1,2,PHASE2_SUMMARY,active_plans=0|new_plans=0|executed_plans=0|aborted_plans=0
22:06:35,1,2,TURN_START,player_nation=Polska|total_units=0|available_units=0
22:06:35,1,2,PHASE3_SUMMARY,defenders_assigned=0|kps_covered=0|pe_secure=True|threat_level=0.0|active_plans=0
22:06:35,UNKNOWN,2,PHASE_4_COMPLETE,request_generated=False|urgency=NONE|requirements=0|priority_areas=
22:06:35,1,5,TURN_START,player_nation=Unknown|total_tokens=0|captured_kps=0
22:06:35,1,5,VP_INTELLIGENCE,"vp_status={'vp_own': 0, 'vp_enemy': 0, 'vp_gap': 0, 'turn': 1, 'max_turns': 30}|trend_direction=STABLE|threat_level=LOW|opportunities_count=0|recommendations_count=0"
22:06:35,UNKNOWN,UNKNOWN,SCOUT_IDENTIFICATION,total_units=0|scouts_found=0|scout_ids=
22:06:35,1,5,PHASE1_SUMMARY,total_units=0|scouts_identified=0|scouts_deployed=0|enemies_detected=0|combat_opportunities=0|threat_clusters=0
22:06:35,UNKNOWN,UNKNOWN,SCOUT_IDENTIFICATION,total_units=0|scouts_found=0|scout_ids=
22:06:35,1,5,PHASE1_SUMMARY,total_units=0|scouts_identified=0|scouts_deployed=0|enemies_detected=0|combat_opportunities=0|threat_clusters=0
22:06:35,1,5,PHASE2_SUMMARY,active_plans=0|new_plans=0|executed_plans=0|aborted_plans=0
22:06:35,1,5,TURN_START,player_nation=Niemcy|total_units=0|available_units=0
22:06:35,1,5,PHASE3_SUMMARY,defenders_assigned=0|kps_covered=0|pe_secure=True|threat_level=0.0|active_plans=0
22:06:35,UNKNOWN,UNKNOWN,SCOUT_IDENTIFICATION,total_units=0|scouts_found=0|scout_ids=
22:06:35,1,5,PHASE1_SUMMARY,total_units=0|scouts_identified=0|scouts_deployed=0|enemies_detected=0|combat_opportunities=0|threat_clusters=0
22:06:35,UNKNOWN,UNKNOWN,SCOUT_IDENTIFICATION,total_units=0|scouts_found=0|scout_ids=
22:06:35,1,5,PHASE1_SUMMARY,total_units=0|scouts_identified=0|scouts_deployed=0|enemies_detected=0|combat_opportunities=0|threat_clusters=0
22:06:35,1,5,PHASE2_SUMMARY,active_plans=0|new_plans=0|executed_plans=0|aborted_plans=0
22:06:35,1,5,TURN_START,player_nation=Niemcy|total_units=0|available_units=0
22:06:35,1,5,PHASE3_SUMMARY,defenders_assigned=0|kps_covered=0|pe_secure=True|threat_level=0.0|active_plans=0
22:06:35,UNKNOWN,5,PHASE_4_COMPLETE,request_generated=False|urgency=NONE|requirements=0|priority_areas=
22:06:35,1,2,TURN_START,player_nation=Unknown|total_tokens=0|captured_kps=0
22:06:35,1,2,VP_INTELLIGENCE,"vp_status={'vp_own': 0, 'vp_enemy': 0, 'vp_gap': 0, 'turn': 1, 'max_turns': 30}|trend_direction=STABLE|threat_level=LOW|opportunities_count=0|recommendations_count=0"
22:06:35,UNKNOWN,UNKNOWN,SCOUT_IDENTIFICATION,total_units=0|scouts_found=0|scout_ids=
22:06:35,1,2,PHASE1_SUMMARY,total_units=0|scouts_identified=0|scouts_deployed=0|enemies_detected=0|combat_opportunities=0|threat_clusters=0
22:06:35,UNKNOWN,UNKNOWN,SCOUT_IDENTIFICATION,total_units=0|scouts_found=0|scout_ids=
22:06:35,1,2,PHASE1_SUMMARY,total_units=0|scouts_identified=0|scouts_deployed=0|enemies_detected=0|combat_opportunities=0|threat_clusters=0
22:06:35,1,2,PHASE2_SUMMARY,active_plans=0|new_plans=0|executed_plans=0|aborted_plans=0
22:06:35,1,2,TURN_START,player_nation=Polska|total_units=0|available_units=0
22:06:35,1,2,PHASE3_SUMMARY,defenders_assigned=0|kps_covered=0|pe_secure=True|threat_level=0.0|active_plans=0
22:06:35,UNKNOWN,UNKNOWN,SCOUT_IDENTIFICATION,total_units=0|scouts_found=0|scout_ids=
22:06:35,1,2,PHASE1_SUMMARY,total_units=0|scouts_identified=0|scouts_deployed=0|enemies_detected=0|combat_opportunities=0|threat_clusters=0
22:06:35,UNKNOWN,UNKNOWN,SCOUT_IDENTIFICATION,total_units=0|scouts_found=0|scout_ids=
22:06:35,1,2,PHASE1_SUMMARY,total_units=0|scouts_identified=0|scouts_deployed=0|enemies_detected=0|combat_opportunities=0|threat_clusters=0
22:06:35,1,2,PHASE2_SUMMARY,active_plans=0|new_plans=0|executed_plans=0|aborted_plans=0
22:06:35,1,2,TURN_START,player_nation=Polska|total_units=0|available_units=0
22:06:35,1,2,PHASE3_SUMMARY,defenders_assigned=0|kps_covered=0|pe_secure=True|threat_level=0.0|active_plans=0
22:06:35,UNKNOWN,2,PHASE_4_COMPLETE,request_generated=False|urgency=NONE|requirements=0|priority_areas=
22:06:36,1,5,TURN_START,player_nation=Unknown|total_tokens=0|captured_kps=0
22:06:36,1,5,VP_INTELLIGENCE,"vp_status={'vp_own': 0, 'vp_enemy': 0, 'vp_gap': 0, 'turn': 1, 'max_turns': 30}|trend_direction=STABLE|threat_level=LOW|opportunities_count=0|recommendations_count=0"
22:06:36,UNKNOWN,UNKNOWN,SCOUT_IDENTIFICATION,total_units=0|scouts_found=0|scout_ids=
22:06:36,1,5,PHASE1_SUMMARY,total_units=0|scouts_identified=0|scouts_deployed=0|enemies_detected=0|combat_opportunities=0|threat_clusters=0
22:06:36,UNKNOWN,UNKNOWN,SCOUT_IDENTIFICATION,total_units=0|scouts_found=0|scout_ids=
22:06:36,1,5,PHASE1_SUMMARY,total_units=0|scouts_identified=0|scouts_deployed=0|enemies_detected=0|combat_opportunities=0|threat_clusters=0
22:06:36,1,5,PHASE2_SUMMARY,active_plans=0|new_plans=0|executed_plans=0|aborted_plans=0
22:06:36,1,5,TURN_START,player_nation=Niemcy|total_units=0|available_units=0
22:06:36,1,5,PHASE3_SUMMARY,defenders_assigned=0|kps_covered=0|pe_secure=True|threat_level=0.0|active_plans=0
22:06:36,UNKNOWN,UNKNOWN,SCOUT_IDENTIFICATION,total_units=0|scouts_found=0|scout_ids=
22:06:36,1,5,PHASE1_SUMMARY,total_units=0|scouts_identified=0|scouts_deployed=0|enemies_detected=0|combat_opportunities=0|threat_clusters=0
22:06:36,UNKNOWN,UNKNOWN,SCOUT_IDENTIFICATION,total_units=0|scouts_found=0|scout_ids=
22:06:36,1,5,PHASE1_SUMMARY,total_units=0|scouts_identified=0|scouts_deployed=0|enemies_detected=0|combat_opportunities=0|threat_clusters=0
22:06:36,1,5,PHASE2_SUMMARY,active_plans=0|new_plans=0|executed_plans=0|aborted_plans=0
22:06:36,1,5,TURN_START,player_nation=Niemcy|total_units=0|available_units=0
22:06:36,1,5,PHASE3_SUMMARY,defenders_assigned=0|kps_covered=0|pe_secure=True|threat_level=0.0|active_plans=0
22:06:36,UNKNOWN,5,PHASE_4_COMPLETE,request_generated=False|urgency=NONE|requirements=0|priority_areas=
22:06:36,1,2,TURN_START,player_nation=Unknown|total_tokens=0|captured_kps=0
22:06:36,1,2,VP_INTELLIGENCE,"vp_status={'vp_own': 0, 'vp_enemy': 0, 'vp_gap': 0, 'turn': 1, 'max_turns': 30}|trend_direction=STABLE|threat_level=LOW|opportunities_count=0|recommendations_count=0"
22:06:36,UNKNOWN,UNKNOWN,SCOUT_IDENTIFICATION,total_units=0|scouts_found=0|scout_ids=
22:06:36,1,2,PHASE1_SUMMARY,total_units=0|scouts_identified=0|scouts_deployed=0|enemies_detected=0|combat_opportunities=0|threat_clusters=0
22:06:36,UNKNOWN,UNKNOWN,SCOUT_IDENTIFICATION,total_units=0|scouts_found=0|scout_ids=
22:06:36,1,2,PHASE1_SUMMARY,total_units=0|scouts_identified=0|scouts_deployed=0|enemies_detected=0|combat_opportunities=0|threat_clusters=0
22:06:36,1,2,PHASE2_SUMMARY,active_plans=0|new_plans=0|executed_plans=0|aborted_plans=0
22:06:36,1,2,TURN_START,player_nation=Polska|total_units=0|available_units=0
22:06:36,1,2,PHASE3_SUMMARY,defenders_assigned=0|kps_covered=0|pe_secure=True|threat_level=0.0|active_plans=0
22:06:36,UNKNOWN,UNKNOWN,SCOUT_IDENTIFICATION,total_units=0|scouts_found=0|scout_ids=
22:06:36,1,2,PHASE1_SUMMARY,total_units=0|scouts_identified=0|scouts_deployed=0|enemies_detected=0|combat_opportunities=0|threat_clusters=0
22:06:36,UNKNOWN,UNKNOWN,SCOUT_IDENTIFICATION,total_units=0|scouts_found=0|scout_ids=
22:06:36,1,2,PHASE1_SUMMARY,total_units=0|scouts_identified=0|scouts_deployed=0|enemies_detected=0|combat_opportunities=0|threat_clusters=0
22:06:36,1,2,PHASE2_SUMMARY,active_plans=0|new_plans=0|executed_plans=0|aborted_plans=0
22:06:36,1,2,TURN_START,player_nation=Polska|total_units=0|available_units=0
22:06:36,1,2,PHASE3_SUMMARY,defenders_assigned=0|kps_covered=0|pe_secure=True|threat_level=0.0|active_plans=0
22:06:36,UNKNOWN,2,PHASE_4_COMPLETE,request_generated=False|urgency=NONE|requirements=0|priority_areas=
22:06:36,1,5,TURN_START,player_nation=Unknown|total_tokens=0|captured_kps=0
22:06:36,1,5,VP_INTELLIGENCE,"vp_status={'vp_own': 0, 'vp_enemy': 0, 'vp_gap': 0, 'turn': 1, 'max_turns': 30}|trend_direction=STABLE|threat_level=LOW|opportunities_count=0|recommendations_count=0"
22:06:36,UNKNOWN,UNKNOWN,SCOUT_IDENTIFICATION,total_units=0|scouts_found=0|scout_ids=
22:06:36,1,5,PHASE1_SUMMARY,total_units=0|scouts_identified=0|scouts_deployed=0|enemies_detected=0|combat_opportunities=0|threat_clusters=0
22:06:36,UNKNOWN,UNKNOWN,SCOUT_IDENTIFICATION,total_units=0|scouts_found=0|scout_ids=
22:06:36,1,5,PHASE1_SUMMARY,total_units=0|scouts_identified=0|scouts_deployed=0|enemies_detected=0|combat_opportunities=0|threat_clusters=0
22:06:36,1,5,PHASE2_SUMMARY,active_plans=0|new_plans=0|executed_plans=0|aborted_plans=0
22:06:36,1,5,TURN_START,player_nation=Niemcy|total_units=0|available_units=0
22:06:36,1,5,PHASE3_SUMMARY,defenders_assigned=0|kps_covered=0|pe_secure=True|threat_level=0.0|active_plans=0
22:06:36,UNKNOWN,UNKNOWN,SCOUT_IDENTIFICATION,total_units=0|scouts_found=0|scout_ids=
22:06:36,1,5,PHASE1_SUMMARY,total_units=0|scouts_identified=0|scouts_deployed=0|enemies_detected=0|combat_opportunities=0|threat_clusters=0
22:06:36,UNKNOWN,UNKNOWN,SCOUT_IDENTIFICATION,total_units=0|scouts_found=0|scout_ids=
22:06:36,1,5,PHASE1_SUMMARY,total_units=0|scouts_identified=0|scouts_deployed=0|enemies_detected=0|combat_opportunities=0|threat_clusters=0
22:06:36,1,5,PHASE2_SUMMARY,active_plans=0|new_plans=0|executed_plans=0|aborted_plans=0
22:06:36,1,5,TURN_START,player_nation=Niemcy|total_units=0|available_units=0
22:06:36,1,5,PHASE3_SUMMARY,defenders_assigned=0|kps_covered=0|pe_secure=True|threat_level=0.0|active_plans=0
22:06:36,UNKNOWN,5,PHASE_4_COMPLETE,request_generated=False|urgency=NONE|requirements=0|priority_areas=
22:06:36,1,2,TURN_START,player_nation=Unknown|total_tokens=0|captured_kps=0
22:06:36,1,2,VP_INTELLIGENCE,"vp_status={'vp_own': 0, 'vp_enemy': 0, 'vp_gap': 0, 'turn': 1, 'max_turns': 30}|trend_direction=STABLE|threat_level=LOW|opportunities_count=0|recommendations_count=0"
22:06:36,UNKNOWN,UNKNOWN,SCOUT_IDENTIFICATION,total_units=0|scouts_found=0|scout_ids=
22:06:36,1,2,PHASE1_SUMMARY,total_units=0|scouts_identified=0|scouts_deployed=0|enemies_detected=0|combat_opportunities=0|threat_clusters=0
22:06:36,UNKNOWN,UNKNOWN,SCOUT_IDENTIFICATION,total_units=0|scouts_found=0|scout_ids=
22:06:36,1,2,PHASE1_SUMMARY,total_units=0|scouts_identified=0|scouts_deployed=0|enemies_detected=0|combat_opportunities=0|threat_clusters=0
22:06:36,1,2,PHASE2_SUMMARY,active_plans=0|new_plans=0|executed_plans=0|aborted_plans=0
22:06:36,1,2,TURN_START,player_nation=Polska|total_units=0|available_units=0
22:06:36,1,2,PHASE3_SUMMARY,defenders_assigned=0|kps_covered=0|pe_secure=True|threat_level=0.0|active_plans=0
22:06:36,UNKNOWN,UNKNOWN,SCOUT_IDENTIFICATION,total_units=0|scouts_found=0|scout_ids=
22:06:36,1,2,PHASE1_SUMMARY,total_units=0|scouts_identified=0|scouts_deployed=0|enemies_detected=0|combat_opportunities=0|threat_clusters=0
22:06:36,UNKNOWN,UNKNOWN,SCOUT_IDENTIFICATION,total_units=0|scouts_found=0|scout_ids=
22:06:36,1,2,PHASE1_SUMMARY,total_units=0|scouts_identified=0|scouts_deployed=0|enemies_detected=0|combat_opportunities=0|threat_clusters=0
22:06:36,1,2,PHASE2_SUMMARY,active_plans=0|new_plans=0|executed_plans=0|aborted_plans=0
22:06:36,1,2,TURN_START,player_nation=Polska|total_units=0|available_units=0
22:06:36,1,2,PHASE3_SUMMARY,defenders_assigned=0|kps_covered=0|pe_secure=True|threat_level=0.0|active_plans=0
22:06:36,UNKNOWN,2,PHASE_4_COMPLETE,request_generated=False|urgency=NONE|requirements=0|priority_areas=
22:06:36,1,5,TURN_START,player_nation=Unknown|total_tokens=0|captured_kps=0
22:06:36,1,5,VP_INTELLIGENCE,"vp_status={'vp_own': 0, 'vp_enemy': 0, 'vp_gap': 0, 'turn': 1, 'max_turns': 30}|trend_direction=STABLE|threat_level=LOW|opportunities_count=0|recommendations_count=0"
22:06:36,UNKNOWN,UNKNOWN,SCOUT_IDENTIFICATION,total_units=0|scouts_found=0|scout_ids=
22:06:36,1,5,PHASE1_SUMMARY,total_units=0|scouts_identified=0|scouts_deployed=0|enemies_detected=0|combat_opportunities=0|threat_clusters=0
22:06:36,UNKNOWN,UNKNOWN,SCOUT_IDENTIFICATION,total_units=0|scouts_found=0|scout_ids=
22:06:36,1,5,PHASE1_SUMMARY,total_units=0|scouts_identified=0|scouts_deployed=0|enemies_detected=0|combat_opportunities=0|threat_clusters=0
22:06:36,1,5,PHASE2_SUMMARY,active_plans=0|new_plans=0|executed_plans=0|aborted_plans=0
22:06:36,1,5,TURN_START,player_nation=Niemcy|total_units=0|available_units=0
22:06:36,1,5,PHASE3_SUMMARY,defenders_assigned=0|kps_covered=0|pe_secure=True|threat_level=0.0|active_plans=0
22:06:36,UNKNOWN,UNKNOWN,SCOUT_IDENTIFICATION,total_units=0|scouts_found=0|scout_ids=
22:06:36,1,5,PHASE1_SUMMARY,total_units=0|scouts_identified=0|scouts_deployed=0|enemies_detected=0|combat_opportunities=0|threat_clusters=0
22:06:36,UNKNOWN,UNKNOWN,SCOUT_IDENTIFICATION,total_units=0|scouts_found=0|scout_ids=
22:06:36,1,5,PHASE1_SUMMARY,total_units=0|scouts_identified=0|scouts_deployed=0|enemies_detected=0|combat_opportunities=0|threat_clusters=0
22:06:36,1,5,PHASE2_SUMMARY,active_plans=0|new_plans=0|executed_plans=0|aborted_plans=0
22:06:36,1,5,TURN_START,player_nation=Niemcy|total_units=0|available_units=0
22:06:36,1,5,PHASE3_SUMMARY,defenders_assigned=0|kps_covered=0|pe_secure=True|threat_level=0.0|active_plans=0
22:06:36,UNKNOWN,5,PHASE_4_COMPLETE,request_generated=False|urgency=NONE|requirements=0|priority_areas=
22:06:37,1,2,TURN_START,player_nation=Unknown|total_tokens=0|captured_kps=0
22:06:37,1,2,VP_INTELLIGENCE,"vp_status={'vp_own': 0, 'vp_enemy': 0, 'vp_gap': 0, 'turn': 1, 'max_turns': 30}|trend_direction=STABLE|threat_level=LOW|opportunities_count=0|recommendations_count=0"
22:06:37,UNKNOWN,UNKNOWN,SCOUT_IDENTIFICATION,total_units=0|scouts_found=0|scout_ids=
22:06:37,1,2,PHASE1_SUMMARY,total_units=0|scouts_identified=0|scouts_deployed=0|enemies_detected=0|combat_opportunities=0|threat_clusters=0
22:06:37,UNKNOWN,UNKNOWN,SCOUT_IDENTIFICATION,total_units=0|scouts_found=0|scout_ids=
22:06:37,1,2,PHASE1_SUMMARY,total_units=0|scouts_identified=0|scouts_deployed=0|enemies_detected=0|combat_opportunities=0|threat_clusters=0
22:06:37,1,2,PHASE2_SUMMARY,active_plans=0|new_plans=0|executed_plans=0|aborted_plans=0
22:06:37,1,2,TURN_START,player_nation=Polska|total_units=0|available_units=0
22:06:37,1,2,PHASE3_SUMMARY,defenders_assigned=0|kps_covered=0|pe_secure=True|threat_level=0.0|active_plans=0
22:06:37,UNKNOWN,UNKNOWN,SCOUT_IDENTIFICATION,total_units=0|scouts_found=0|scout_ids=
22:06:37,1,2,PHASE1_SUMMARY,total_units=0|scouts_identified=0|scouts_deployed=0|enemies_detected=0|combat_opportunities=0|threat_clusters=0
22:06:37,UNKNOWN,UNKNOWN,SCOUT_IDENTIFICATION,total_units=0|scouts_found=0|scout_ids=
22:06:37,1,2,PHASE1_SUMMARY,total_units=0|scouts_identified=0|scouts_deployed=0|enemies_detected=0|combat_opportunities=0|threat_clusters=0
22:06:37,1,2,PHASE2_SUMMARY,active_plans=0|new_plans=0|executed_plans=0|aborted_plans=0
22:06:37,1,2,TURN_START,player_nation=Polska|total_units=0|available_units=0
22:06:37,1,2,PHASE3_SUMMARY,defenders_assigned=0|kps_covered=0|pe_secure=True|threat_level=0.0|active_plans=0
22:06:37,UNKNOWN,2,PHASE_4_COMPLETE,request_generated=False|urgency=NONE|requirements=0|priority_areas=
22:06:37,1,5,TURN_START,player_nation=Unknown|total_tokens=0|captured_kps=0
22:06:37,1,5,VP_INTELLIGENCE,"vp_status={'vp_own': 0, 'vp_enemy': 0, 'vp_gap': 0, 'turn': 1, 'max_turns': 30}|trend_direction=STABLE|threat_level=LOW|opportunities_count=0|recommendations_count=0"
22:06:37,UNKNOWN,UNKNOWN,SCOUT_IDENTIFICATION,total_units=0|scouts_found=0|scout_ids=
22:06:37,1,5,PHASE1_SUMMARY,total_units=0|scouts_identified=0|scouts_deployed=0|enemies_detected=0|combat_opportunities=0|threat_clusters=0
22:06:37,UNKNOWN,UNKNOWN,SCOUT_IDENTIFICATION,total_units=0|scouts_found=0|scout_ids=
22:06:37,1,5,PHASE1_SUMMARY,total_units=0|scouts_identified=0|scouts_deployed=0|enemies_detected=0|combat_opportunities=0|threat_clusters=0
22:06:37,1,5,PHASE2_SUMMARY,active_plans=0|new_plans=0|executed_plans=0|aborted_plans=0
22:06:37,1,5,TURN_START,player_nation=Niemcy|total_units=0|available_units=0
22:06:37,1,5,PHASE3_SUMMARY,defenders_assigned=0|kps_covered=0|pe_secure=True|threat_level=0.0|active_plans=0
22:06:37,UNKNOWN,UNKNOWN,SCOUT_IDENTIFICATION,total_units=0|scouts_found=0|scout_ids=
22:06:37,1,5,PHASE1_SUMMARY,total_units=0|scouts_identified=0|scouts_deployed=0|enemies_detected=0|combat_opportunities=0|threat_clusters=0
22:06:37,UNKNOWN,UNKNOWN,SCOUT_IDENTIFICATION,total_units=0|scouts_found=0|scout_ids=
22:06:37,1,5,PHASE1_SUMMARY,total_units=0|scouts_identified=0|scouts_deployed=0|enemies_detected=0|combat_opportunities=0|threat_clusters=0
22:06:37,1,5,PHASE2_SUMMARY,active_plans=0|new_plans=0|executed_plans=0|aborted_plans=0
22:06:37,1,5,TURN_START,player_nation=Niemcy|total_units=0|available_units=0
22:06:37,1,5,PHASE3_SUMMARY,defenders_assigned=0|kps_covered=0|pe_secure=True|threat_level=0.0|active_plans=0
22:06:37,UNKNOWN,5,PHASE_4_COMPLETE,request_generated=False|urgency=NONE|requirements=0|priority_areas=
22:06:37,1,2,TURN_START,player_nation=Unknown|total_tokens=0|captured_kps=0
22:06:37,1,2,VP_INTELLIGENCE,"vp_status={'vp_own': 0, 'vp_enemy': 0, 'vp_gap': 0, 'turn': 1, 'max_turns': 30}|trend_direction=STABLE|threat_level=LOW|opportunities_count=0|recommendations_count=0"
22:06:37,UNKNOWN,UNKNOWN,SCOUT_IDENTIFICATION,total_units=0|scouts_found=0|scout_ids=
22:06:37,1,2,PHASE1_SUMMARY,total_units=0|scouts_identified=0|scouts_deployed=0|enemies_detected=0|combat_opportunities=0|threat_clusters=0
22:06:37,UNKNOWN,UNKNOWN,SCOUT_IDENTIFICATION,total_units=0|scouts_found=0|scout_ids=
22:06:37,1,2,PHASE1_SUMMARY,total_units=0|scouts_identified=0|scouts_deployed=0|enemies_detected=0|combat_opportunities=0|threat_clusters=0
22:06:37,1,2,PHASE2_SUMMARY,active_plans=0|new_plans=0|executed_plans=0|aborted_plans=0
22:06:37,1,2,TURN_START,player_nation=Polska|total_units=0|available_units=0
22:06:37,1,2,PHASE3_SUMMARY,defenders_assigned=0|kps_covered=0|pe_secure=True|threat_level=0.0|active_plans=0
22:06:37,UNKNOWN,UNKNOWN,SCOUT_IDENTIFICATION,total_units=0|scouts_found=0|scout_ids=
22:06:37,1,2,PHASE1_SUMMARY,total_units=0|scouts_identified=0|scouts_deployed=0|enemies_detected=0|combat_opportunities=0|threat_clusters=0
22:06:37,UNKNOWN,UNKNOWN,SCOUT_IDENTIFICATION,total_units=0|scouts_found=0|scout_ids=
22:06:37,1,2,PHASE1_SUMMARY,total_units=0|scouts_identified=0|scouts_deployed=0|enemies_detected=0|combat_opportunities=0|threat_clusters=0
22:06:37,1,2,PHASE2_SUMMARY,active_plans=0|new_plans=0|executed_plans=0|aborted_plans=0
22:06:37,1,2,TURN_START,player_nation=Polska|total_units=0|available_units=0
22:06:37,1,2,PHASE3_SUMMARY,defenders_assigned=0|kps_covered=0|pe_secure=True|threat_level=0.0|active_plans=0
22:06:37,UNKNOWN,2,PHASE_4_COMPLETE,request_generated=False|urgency=NONE|requirements=0|priority_areas=
22:06:37,1,5,TURN_START,player_nation=Unknown|total_tokens=0|captured_kps=0
22:06:37,1,5,VP_INTELLIGENCE,"vp_status={'vp_own': 0, 'vp_enemy': 0, 'vp_gap': 0, 'turn': 1, 'max_turns': 30}|trend_direction=STABLE|threat_level=LOW|opportunities_count=0|recommendations_count=0"
22:06:37,UNKNOWN,UNKNOWN,SCOUT_IDENTIFICATION,total_units=0|scouts_found=0|scout_ids=
22:06:37,1,5,PHASE1_SUMMARY,total_units=0|scouts_identified=0|scouts_deployed=0|enemies_detected=0|combat_opportunities=0|threat_clusters=0
22:06:37,UNKNOWN,UNKNOWN,SCOUT_IDENTIFICATION,total_units=0|scouts_found=0|scout_ids=
22:06:37,1,5,PHASE1_SUMMARY,total_units=0|scouts_identified=0|scouts_deployed=0|enemies_detected=0|combat_opportunities=0|threat_clusters=0
22:06:37,1,5,PHASE2_SUMMARY,active_plans=0|new_plans=0|executed_plans=0|aborted_plans=0
22:06:37,1,5,TURN_START,player_nation=Niemcy|total_units=0|available_units=0
22:06:37,1,5,PHASE3_SUMMARY,defenders_assigned=0|kps_covered=0|pe_secure=True|threat_level=0.0|active_plans=0
22:06:37,UNKNOWN,UNKNOWN,SCOUT_IDENTIFICATION,total_units=0|scouts_found=0|scout_ids=
22:06:37,1,5,PHASE1_SUMMARY,total_units=0|scouts_identified=0|scouts_deployed=0|enemies_detected=0|combat_opportunities=0|threat_clusters=0
22:06:37,UNKNOWN,UNKNOWN,SCOUT_IDENTIFICATION,total_units=0|scouts_found=0|scout_ids=
22:06:37,1,5,PHASE1_SUMMARY,total_units=0|scouts_identified=0|scouts_deployed=0|enemies_detected=0|combat_opportunities=0|threat_clusters=0
22:06:37,1,5,PHASE2_SUMMARY,active_plans=0|new_plans=0|executed_plans=0|aborted_plans=0
22:06:37,1,5,TURN_START,player_nation=Niemcy|total_units=0|available_units=0
22:06:37,1,5,PHASE3_SUMMARY,defenders_assigned=0|kps_covered=0|pe_secure=True|threat_level=0.0|active_plans=0
22:06:37,UNKNOWN,5,PHASE_4_COMPLETE,request_generated=False|urgency=NONE|requirements=0|priority_areas=
22:06:38,1,2,TURN_START,player_nation=Unknown|total_tokens=0|captured_kps=0
22:06:38,1,2,VP_INTELLIGENCE,"vp_status={'vp_own': 0, 'vp_enemy': 0, 'vp_gap': 0, 'turn': 1, 'max_turns': 30}|trend_direction=STABLE|threat_level=LOW|opportunities_count=0|recommendations_count=0"
22:06:38,UNKNOWN,UNKNOWN,SCOUT_IDENTIFICATION,total_units=0|scouts_found=0|scout_ids=
22:06:38,1,2,PHASE1_SUMMARY,total_units=0|scouts_identified=0|scouts_deployed=0|enemies_detected=0|combat_opportunities=0|threat_clusters=0
22:06:38,UNKNOWN,UNKNOWN,SCOUT_IDENTIFICATION,total_units=0|scouts_found=0|scout_ids=
22:06:38,1,2,PHASE1_SUMMARY,total_units=0|scouts_identified=0|scouts_deployed=0|enemies_detected=0|combat_opportunities=0|threat_clusters=0
22:06:38,1,2,PHASE2_SUMMARY,active_plans=0|new_plans=0|executed_plans=0|aborted_plans=0
22:06:38,1,2,TURN_START,player_nation=Polska|total_units=0|available_units=0
22:06:38,1,2,PHASE3_SUMMARY,defenders_assigned=0|kps_covered=0|pe_secure=True|threat_level=0.0|active_plans=0
22:06:38,UNKNOWN,UNKNOWN,SCOUT_IDENTIFICATION,total_units=0|scouts_found=0|scout_ids=
22:06:38,1,2,PHASE1_SUMMARY,total_units=0|scouts_identified=0|scouts_deployed=0|enemies_detected=0|combat_opportunities=0|threat_clusters=0
22:06:38,UNKNOWN,UNKNOWN,SCOUT_IDENTIFICATION,total_units=0|scouts_found=0|scout_ids=
22:06:38,1,2,PHASE1_SUMMARY,total_units=0|scouts_identified=0|scouts_deployed=0|enemies_detected=0|combat_opportunities=0|threat_clusters=0
22:06:38,1,2,PHASE2_SUMMARY,active_plans=0|new_plans=0|executed_plans=0|aborted_plans=0
22:06:38,1,2,TURN_START,player_nation=Polska|total_units=0|available_units=0
22:06:38,1,2,PHASE3_SUMMARY,defenders_assigned=0|kps_covered=0|pe_secure=True|threat_level=0.0|active_plans=0
22:06:38,UNKNOWN,2,PHASE_4_COMPLETE,request_generated=False|urgency=NONE|requirements=0|priority_areas=
22:06:38,1,5,TURN_START,player_nation=Unknown|total_tokens=0|captured_kps=0
22:06:38,1,5,VP_INTELLIGENCE,"vp_status={'vp_own': 0, 'vp_enemy': 0, 'vp_gap': 0, 'turn': 1, 'max_turns': 30}|trend_direction=STABLE|threat_level=LOW|opportunities_count=0|recommendations_count=0"
22:06:38,UNKNOWN,UNKNOWN,SCOUT_IDENTIFICATION,total_units=0|scouts_found=0|scout_ids=
22:06:38,1,5,PHASE1_SUMMARY,total_units=0|scouts_identified=0|scouts_deployed=0|enemies_detected=0|combat_opportunities=0|threat_clusters=0
22:06:38,UNKNOWN,UNKNOWN,SCOUT_IDENTIFICATION,total_units=0|scouts_found=0|scout_ids=
22:06:38,1,5,PHASE1_SUMMARY,total_units=0|scouts_identified=0|scouts_deployed=0|enemies_detected=0|combat_opportunities=0|threat_clusters=0
22:06:38,1,5,PHASE2_SUMMARY,active_plans=0|new_plans=0|executed_plans=0|aborted_plans=0
22:06:38,1,5,TURN_START,player_nation=Niemcy|total_units=0|available_units=0
22:06:38,1,5,PHASE3_SUMMARY,defenders_assigned=0|kps_covered=0|pe_secure=True|threat_level=0.0|active_plans=0
22:06:38,UNKNOWN,UNKNOWN,SCOUT_IDENTIFICATION,total_units=0|scouts_found=0|scout_ids=
22:06:38,1,5,PHASE1_SUMMARY,total_units=0|scouts_identified=0|scouts_deployed=0|enemies_detected=0|combat_opportunities=0|threat_clusters=0
22:06:38,UNKNOWN,UNKNOWN,SCOUT_IDENTIFICATION,total_units=0|scouts_found=0|scout_ids=
22:06:38,1,5,PHASE1_SUMMARY,total_units=0|scouts_identified=0|scouts_deployed=0|enemies_detected=0|combat_opportunities=0|threat_clusters=0
22:06:38,1,5,PHASE2_SUMMARY,active_plans=0|new_plans=0|executed_plans=0|aborted_plans=0
22:06:38,1,5,TURN_START,player_nation=Niemcy|total_units=0|available_units=0
22:06:38,1,5,PHASE3_SUMMARY,defenders_assigned=0|kps_covered=0|pe_secure=True|threat_level=0.0|active_plans=0
22:06:38,UNKNOWN,5,PHASE_4_COMPLETE,request_generated=False|urgency=NONE|requirements=0|priority_areas=
22:06:38,1,2,TURN_START,player_nation=Unknown|total_tokens=0|captured_kps=0
22:06:38,1,2,VP_INTELLIGENCE,"vp_status={'vp_own': 0, 'vp_enemy': 0, 'vp_gap': 0, 'turn': 1, 'max_turns': 30}|trend_direction=STABLE|threat_level=LOW|opportunities_count=0|recommendations_count=0"
22:06:38,UNKNOWN,UNKNOWN,SCOUT_IDENTIFICATION,total_units=0|scouts_found=0|scout_ids=
22:06:38,1,2,PHASE1_SUMMARY,total_units=0|scouts_identified=0|scouts_deployed=0|enemies_detected=0|combat_opportunities=0|threat_clusters=0
22:06:38,UNKNOWN,UNKNOWN,SCOUT_IDENTIFICATION,total_units=0|scouts_found=0|scout_ids=
22:06:38,1,2,PHASE1_SUMMARY,total_units=0|scouts_identified=0|scouts_deployed=0|enemies_detected=0|combat_opportunities=0|threat_clusters=0
22:06:38,1,2,PHASE2_SUMMARY,active_plans=0|new_plans=0|executed_plans=0|aborted_plans=0
22:06:38,1,2,TURN_START,player_nation=Polska|total_units=0|available_units=0
22:06:38,1,2,PHASE3_SUMMARY,defenders_assigned=0|kps_covered=0|pe_secure=True|threat_level=0.0|active_plans=0
22:06:38,UNKNOWN,UNKNOWN,SCOUT_IDENTIFICATION,total_units=0|scouts_found=0|scout_ids=
22:06:38,1,2,PHASE1_SUMMARY,total_units=0|scouts_identified=0|scouts_deployed=0|enemies_detected=0|combat_opportunities=0|threat_clusters=0
22:06:38,UNKNOWN,UNKNOWN,SCOUT_IDENTIFICATION,total_units=0|scouts_found=0|scout_ids=
22:06:38,1,2,PHASE1_SUMMARY,total_units=0|scouts_identified=0|scouts_deployed=0|enemies_detected=0|combat_opportunities=0|threat_clusters=0
22:06:38,1,2,PHASE2_SUMMARY,active_plans=0|new_plans=0|executed_plans=0|aborted_plans=0
22:06:38,1,2,TURN_START,player_nation=Polska|total_units=0|available_units=0
22:06:38,1,2,PHASE3_SUMMARY,defenders_assigned=0|kps_covered=0|pe_secure=True|threat_level=0.0|active_plans=0
22:06:38,UNKNOWN,2,PHASE_4_COMPLETE,request_generated=False|urgency=NONE|requirements=0|priority_areas=
22:06:38,1,5,TURN_START,player_nation=Unknown|total_tokens=0|captured_kps=0
22:06:38,1,5,VP_INTELLIGENCE,"vp_status={'vp_own': 0, 'vp_enemy': 0, 'vp_gap': 0, 'turn': 1, 'max_turns': 30}|trend_direction=STABLE|threat_level=LOW|opportunities_count=0|recommendations_count=0"
22:06:38,UNKNOWN,UNKNOWN,SCOUT_IDENTIFICATION,total_units=0|scouts_found=0|scout_ids=
22:06:38,1,5,PHASE1_SUMMARY,total_units=0|scouts_identified=0|scouts_deployed=0|enemies_detected=0|combat_opportunities=0|threat_clusters=0
22:06:38,UNKNOWN,UNKNOWN,SCOUT_IDENTIFICATION,total_units=0|scouts_found=0|scout_ids=
22:06:38,1,5,PHASE1_SUMMARY,total_units=0|scouts_identified=0|scouts_deployed=0|enemies_detected=0|combat_opportunities=0|threat_clusters=0
22:06:38,1,5,PHASE2_SUMMARY,active_plans=0|new_plans=0|executed_plans=0|aborted_plans=0
22:06:38,1,5,TURN_START,player_nation=Niemcy|total_units=0|available_units=0
22:06:38,1,5,PHASE3_SUMMARY,defenders_assigned=0|kps_covered=0|pe_secure=True|threat_level=0.0|active_plans=0
22:06:38,UNKNOWN,UNKNOWN,SCOUT_IDENTIFICATION,total_units=0|scouts_found=0|scout_ids=
22:06:38,1,5,PHASE1_SUMMARY,total_units=0|scouts_identified=0|scouts_deployed=0|enemies_detected=0|combat_opportunities=0|threat_clusters=0
22:06:38,UNKNOWN,UNKNOWN,SCOUT_IDENTIFICATION,total_units=0|scouts_found=0|scout_ids=
22:06:38,1,5,PHASE1_SUMMARY,total_units=0|scouts_identified=0|scouts_deployed=0|enemies_detected=0|combat_opportunities=0|threat_clusters=0
22:06:38,1,5,PHASE2_SUMMARY,active_plans=0|new_plans=0|executed_plans=0|aborted_plans=0
22:06:38,1,5,TURN_START,player_nation=Niemcy|total_units=0|available_units=0
22:06:38,1,5,PHASE3_SUMMARY,defenders_assigned=0|kps_covered=0|pe_secure=True|threat_level=0.0|active_plans=0
22:06:38,UNKNOWN,5,PHASE_4_COMPLETE,request_generated=False|urgency=NONE|requirements=0|priority_areas=
22:06:38,1,2,TURN_START,player_nation=Unknown|total_tokens=0|captured_kps=0
22:06:38,1,2,VP_INTELLIGENCE,"vp_status={'vp_own': 0, 'vp_enemy': 0, 'vp_gap': 0, 'turn': 1, 'max_turns': 30}|trend_direction=STABLE|threat_level=LOW|opportunities_count=0|recommendations_count=0"
22:06:38,UNKNOWN,UNKNOWN,SCOUT_IDENTIFICATION,total_units=0|scouts_found=0|scout_ids=
22:06:38,1,2,PHASE1_SUMMARY,total_units=0|scouts_identified=0|scouts_deployed=0|enemies_detected=0|combat_opportunities=0|threat_clusters=0
22:06:38,UNKNOWN,UNKNOWN,SCOUT_IDENTIFICATION,total_units=0|scouts_found=0|scout_ids=
22:06:38,1,2,PHASE1_SUMMARY,total_units=0|scouts_identified=0|scouts_deployed=0|enemies_detected=0|combat_opportunities=0|threat_clusters=0
22:06:38,1,2,PHASE2_SUMMARY,active_plans=0|new_plans=0|executed_plans=0|aborted_plans=0
22:06:38,1,2,TURN_START,player_nation=Polska|total_units=0|available_units=0
22:06:38,1,2,PHASE3_SUMMARY,defenders_assigned=0|kps_covered=0|pe_secure=True|threat_level=0.0|active_plans=0
22:06:38,UNKNOWN,UNKNOWN,SCOUT_IDENTIFICATION,total_units=0|scouts_found=0|scout_ids=
22:06:38,1,2,PHASE1_SUMMARY,total_units=0|scouts_identified=0|scouts_deployed=0|enemies_detected=0|combat_opportunities=0|threat_clusters=0
22:06:38,UNKNOWN,UNKNOWN,SCOUT_IDENTIFICATION,total_units=0|scouts_found=0|scout_ids=
22:06:38,1,2,PHASE1_SUMMARY,total_units=0|scouts_identified=0|scouts_deployed=0|enemies_detected=0|combat_opportunities=0|threat_clusters=0
22:06:38,1,2,PHASE2_SUMMARY,active_plans=0|new_plans=0|executed_plans=0|aborted_plans=0
22:06:38,1,2,TURN_START,player_nation=Polska|total_units=0|available_units=0
22:06:38,1,2,PHASE3_SUMMARY,defenders_assigned=0|kps_covered=0|pe_secure=True|threat_level=0.0|active_plans=0
22:06:38,UNKNOWN,2,PHASE_4_COMPLETE,request_generated=False|urgency=NONE|requirements=0|priority_areas=
22:06:39,1,5,TURN_START,player_nation=Unknown|total_tokens=0|captured_kps=0
22:06:39,1,5,VP_INTELLIGENCE,"vp_status={'vp_own': 0, 'vp_enemy': 0, 'vp_gap': 0, 'turn': 1, 'max_turns': 30}|trend_direction=STABLE|threat_level=LOW|opportunities_count=0|recommendations_count=0"
22:06:39,UNKNOWN,UNKNOWN,SCOUT_IDENTIFICATION,total_units=0|scouts_found=0|scout_ids=
22:06:39,1,5,PHASE1_SUMMARY,total_units=0|scouts_identified=0|scouts_deployed=0|enemies_detected=0|combat_opportunities=0|threat_clusters=0
22:06:39,UNKNOWN,UNKNOWN,SCOUT_IDENTIFICATION,total_units=0|scouts_found=0|scout_ids=
22:06:39,1,5,PHASE1_SUMMARY,total_units=0|scouts_identified=0|scouts_deployed=0|enemies_detected=0|combat_opportunities=0|threat_clusters=0
22:06:39,1,5,PHASE2_SUMMARY,active_plans=0|new_plans=0|executed_plans=0|aborted_plans=0
22:06:39,1,5,TURN_START,player_nation=Niemcy|total_units=0|available_units=0
22:06:39,1,5,PHASE3_SUMMARY,defenders_assigned=0|kps_covered=0|pe_secure=True|threat_level=0.0|active_plans=0
22:06:39,UNKNOWN,UNKNOWN,SCOUT_IDENTIFICATION,total_units=0|scouts_found=0|scout_ids=
22:06:39,1,5,PHASE1_SUMMARY,total_units=0|scouts_identified=0|scouts_deployed=0|enemies_detected=0|combat_opportunities=0|threat_clusters=0
22:06:39,UNKNOWN,UNKNOWN,SCOUT_IDENTIFICATION,total_units=0|scouts_found=0|scout_ids=
22:06:39,1,5,PHASE1_SUMMARY,total_units=0|scouts_identified=0|scouts_deployed=0|enemies_detected=0|combat_opportunities=0|threat_clusters=0
22:06:39,1,5,PHASE2_SUMMARY,active_plans=0|new_plans=0|executed_plans=0|aborted_plans=0
22:06:39,1,5,TURN_START,player_nation=Niemcy|total_units=0|available_units=0
22:06:39,1,5,PHASE3_SUMMARY,defenders_assigned=0|kps_covered=0|pe_secure=True|threat_level=0.0|active_plans=0
22:06:39,UNKNOWN,5,PHASE_4_COMPLETE,request_generated=False|urgency=NONE|requirements=0|priority_areas=
22:06:39,1,2,TURN_START,player_nation=Unknown|total_tokens=0|captured_kps=0
22:06:39,1,2,VP_INTELLIGENCE,"vp_status={'vp_own': 0, 'vp_enemy': 0, 'vp_gap': 0, 'turn': 1, 'max_turns': 30}|trend_direction=STABLE|threat_level=LOW|opportunities_count=0|recommendations_count=0"
22:06:39,UNKNOWN,UNKNOWN,SCOUT_IDENTIFICATION,total_units=0|scouts_found=0|scout_ids=
22:06:39,1,2,PHASE1_SUMMARY,total_units=0|scouts_identified=0|scouts_deployed=0|enemies_detected=0|combat_opportunities=0|threat_clusters=0
22:06:39,UNKNOWN,UNKNOWN,SCOUT_IDENTIFICATION,total_units=0|scouts_found=0|scout_ids=
22:06:39,1,2,PHASE1_SUMMARY,total_units=0|scouts_identified=0|scouts_deployed=0|enemies_detected=0|combat_opportunities=0|threat_clusters=0
22:06:39,1,2,PHASE2_SUMMARY,active_plans=0|new_plans=0|executed_plans=0|aborted_plans=0
22:06:39,1,2,TURN_START,player_nation=Polska|total_units=0|available_units=0
22:06:39,1,2,PHASE3_SUMMARY,defenders_assigned=0|kps_covered=0|pe_secure=True|threat_level=0.0|active_plans=0
22:06:39,UNKNOWN,UNKNOWN,SCOUT_IDENTIFICATION,total_units=0|scouts_found=0|scout_ids=
22:06:39,1,2,PHASE1_SUMMARY,total_units=0|scouts_identified=0|scouts_deployed=0|enemies_detected=0|combat_opportunities=0|threat_clusters=0
22:06:39,UNKNOWN,UNKNOWN,SCOUT_IDENTIFICATION,total_units=0|scouts_found=0|scout_ids=
22:06:39,1,2,PHASE1_SUMMARY,total_units=0|scouts_identified=0|scouts_deployed=0|enemies_detected=0|combat_opportunities=0|threat_clusters=0
22:06:39,1,2,PHASE2_SUMMARY,active_plans=0|new_plans=0|executed_plans=0|aborted_plans=0
22:06:39,1,2,TURN_START,player_nation=Polska|total_units=0|available_units=0
22:06:39,1,2,PHASE3_SUMMARY,defenders_assigned=0|kps_covered=0|pe_secure=True|threat_level=0.0|active_plans=0
22:06:39,UNKNOWN,2,PHASE_4_COMPLETE,request_generated=False|urgency=NONE|requirements=0|priority_areas=
22:06:39,1,5,TURN_START,player_nation=Unknown|total_tokens=0|captured_kps=0
22:06:39,1,5,VP_INTELLIGENCE,"vp_status={'vp_own': 0, 'vp_enemy': 0, 'vp_gap': 0, 'turn': 1, 'max_turns': 30}|trend_direction=STABLE|threat_level=LOW|opportunities_count=0|recommendations_count=0"
22:06:39,UNKNOWN,UNKNOWN,SCOUT_IDENTIFICATION,total_units=0|scouts_found=0|scout_ids=
22:06:39,1,5,PHASE1_SUMMARY,total_units=0|scouts_identified=0|scouts_deployed=0|enemies_detected=0|combat_opportunities=0|threat_clusters=0
22:06:39,UNKNOWN,UNKNOWN,SCOUT_IDENTIFICATION,total_units=0|scouts_found=0|scout_ids=
22:06:39,1,5,PHASE1_SUMMARY,total_units=0|scouts_identified=0|scouts_deployed=0|enemies_detected=0|combat_opportunities=0|threat_clusters=0
22:06:39,1,5,PHASE2_SUMMARY,active_plans=0|new_plans=0|executed_plans=0|aborted_plans=0
22:06:39,1,5,TURN_START,player_nation=Niemcy|total_units=0|available_units=0
22:06:39,1,5,PHASE3_SUMMARY,defenders_assigned=0|kps_covered=0|pe_secure=True|threat_level=0.0|active_plans=0
22:06:39,UNKNOWN,UNKNOWN,SCOUT_IDENTIFICATION,total_units=0|scouts_found=0|scout_ids=
22:06:39,1,5,PHASE1_SUMMARY,total_units=0|scouts_identified=0|scouts_deployed=0|enemies_detected=0|combat_opportunities=0|threat_clusters=0
22:06:39,UNKNOWN,UNKNOWN,SCOUT_IDENTIFICATION,total_units=0|scouts_found=0|scout_ids=
22:06:39,1,5,PHASE1_SUMMARY,total_units=0|scouts_identified=0|scouts_deployed=0|enemies_detected=0|combat_opportunities=0|threat_clusters=0
22:06:39,1,5,PHASE2_SUMMARY,active_plans=0|new_plans=0|executed_plans=0|aborted_plans=0
22:06:39,1,5,TURN_START,player_nation=Niemcy|total_units=0|available_units=0
22:06:39,1,5,PHASE3_SUMMARY,defenders_assigned=0|kps_covered=0|pe_secure=True|threat_level=0.0|active_plans=0
22:06:39,UNKNOWN,5,PHASE_4_COMPLETE,request_generated=False|urgency=NONE|requirements=0|priority_areas=
22:06:39,1,2,TURN_START,player_nation=Unknown|total_tokens=0|captured_kps=0
22:06:39,1,2,VP_INTELLIGENCE,"vp_status={'vp_own': 0, 'vp_enemy': 0, 'vp_gap': 0, 'turn': 1, 'max_turns': 30}|trend_direction=STABLE|threat_level=LOW|opportunities_count=0|recommendations_count=0"
22:06:39,UNKNOWN,UNKNOWN,SCOUT_IDENTIFICATION,total_units=0|scouts_found=0|scout_ids=
22:06:39,1,2,PHASE1_SUMMARY,total_units=0|scouts_identified=0|scouts_deployed=0|enemies_detected=0|combat_opportunities=0|threat_clusters=0
22:06:39,UNKNOWN,UNKNOWN,SCOUT_IDENTIFICATION,total_units=0|scouts_found=0|scout_ids=
22:06:39,1,2,PHASE1_SUMMARY,total_units=0|scouts_identified=0|scouts_deployed=0|enemies_detected=0|combat_opportunities=0|threat_clusters=0
22:06:39,1,2,PHASE2_SUMMARY,active_plans=0|new_plans=0|executed_plans=0|aborted_plans=0
22:06:39,1,2,TURN_START,player_nation=Polska|total_units=0|available_units=0
22:06:39,1,2,PHASE3_SUMMARY,defenders_assigned=0|kps_covered=0|pe_secure=True|threat_level=0.0|active_plans=0
22:06:39,UNKNOWN,UNKNOWN,SCOUT_IDENTIFICATION,total_units=0|scouts_found=0|scout_ids=
22:06:39,1,2,PHASE1_SUMMARY,total_units=0|scouts_identified=0|scouts_deployed=0|enemies_detected=0|combat_opportunities=0|threat_clusters=0
22:06:39,UNKNOWN,UNKNOWN,SCOUT_IDENTIFICATION,total_units=0|scouts_found=0|scout_ids=
22:06:39,1,2,PHASE1_SUMMARY,total_units=0|scouts_identified=0|scouts_deployed=0|enemies_detected=0|combat_opportunities=0|threat_clusters=0
22:06:39,1,2,PHASE2_SUMMARY,active_plans=0|new_plans=0|executed_plans=0|aborted_plans=0
22:06:39,1,2,TURN_START,player_nation=Polska|total_units=0|available_units=0
22:06:39,1,2,PHASE3_SUMMARY,defenders_assigned=0|kps_covered=0|pe_secure=True|threat_level=0.0|active_plans=0
22:06:39,UNKNOWN,2,PHASE_4_COMPLETE,request_generated=False|urgency=NONE|requirements=0|priority_areas=
22:06:39,1,5,TURN_START,player_nation=Unknown|total_tokens=0|captured_kps=0
22:06:39,1,5,VP_INTELLIGENCE,"vp_status={'vp_own': 0, 'vp_enemy': 0, 'vp_gap': 0, 'turn': 1, 'max_turns': 30}|trend_direction=STABLE|threat_level=LOW|opportunities_count=0|recommendations_count=0"
22:06:39,UNKNOWN,UNKNOWN,SCOUT_IDENTIFICATION,total_units=0|scouts_found=0|scout_ids=
22:06:39,1,5,PHASE1_SUMMARY,total_units=0|scouts_identified=0|scouts_deployed=0|enemies_detected=0|combat_opportunities=0|threat_clusters=0
22:06:39,UNKNOWN,UNKNOWN,SCOUT_IDENTIFICATION,total_units=0|scouts_found=0|scout_ids=
22:06:39,1,5,PHASE1_SUMMARY,total_units=0|scouts_identified=0|scouts_deployed=0|enemies_detected=0|combat_opportunities=0|threat_clusters=0
22:06:39,1,5,PHASE2_SUMMARY,active_plans=0|new_plans=0|executed_plans=0|aborted_plans=0
22:06:39,1,5,TURN_START,player_nation=Niemcy|total_units=0|available_units=0
22:06:39,1,5,PHASE3_SUMMARY,defenders_assigned=0|kps_covered=0|pe_secure=True|threat_level=0.0|active_plans=0
22:06:39,UNKNOWN,UNKNOWN,SCOUT_IDENTIFICATION,total_units=0|scouts_found=0|scout_ids=
22:06:39,1,5,PHASE1_SUMMARY,total_units=0|scouts_identified=0|scouts_deployed=0|enemies_detected=0|combat_opportunities=0|threat_clusters=0
22:06:39,UNKNOWN,UNKNOWN,SCOUT_IDENTIFICATION,total_units=0|scouts_found=0|scout_ids=
22:06:39,1,5,PHASE1_SUMMARY,total_units=0|scouts_identified=0|scouts_deployed=0|enemies_detected=0|combat_opportunities=0|threat_clusters=0
22:06:39,1,5,PHASE2_SUMMARY,active_plans=0|new_plans=0|executed_plans=0|aborted_plans=0
22:06:39,1,5,TURN_START,player_nation=Niemcy|total_units=0|available_units=0
22:06:39,1,5,PHASE3_SUMMARY,defenders_assigned=0|kps_covered=0|pe_secure=True|threat_level=0.0|active_plans=0
22:06:39,UNKNOWN,5,PHASE_4_COMPLETE,request_generated=False|urgency=NONE|requirements=0|priority_areas=
22:06:40,1,2,TURN_START,player_nation=Unknown|total_tokens=0|captured_kps=0
22:06:40,1,2,VP_INTELLIGENCE,"vp_status={'vp_own': 0, 'vp_enemy': 0, 'vp_gap': 0, 'turn': 1, 'max_turns': 30}|trend_direction=STABLE|threat_level=LOW|opportunities_count=0|recommendations_count=0"
22:06:40,UNKNOWN,UNKNOWN,SCOUT_IDENTIFICATION,total_units=0|scouts_found=0|scout_ids=
22:06:40,1,2,PHASE1_SUMMARY,total_units=0|scouts_identified=0|scouts_deployed=0|enemies_detected=0|combat_opportunities=0|threat_clusters=0
22:06:40,UNKNOWN,UNKNOWN,SCOUT_IDENTIFICATION,total_units=0|scouts_found=0|scout_ids=
22:06:40,1,2,PHASE1_SUMMARY,total_units=0|scouts_identified=0|scouts_deployed=0|enemies_detected=0|combat_opportunities=0|threat_clusters=0
22:06:40,1,2,PHASE2_SUMMARY,active_plans=0|new_plans=0|executed_plans=0|aborted_plans=0
22:06:40,1,2,TURN_START,player_nation=Polska|total_units=0|available_units=0
22:06:40,1,2,PHASE3_SUMMARY,defenders_assigned=0|kps_covered=0|pe_secure=True|threat_level=0.0|active_plans=0
22:06:40,UNKNOWN,UNKNOWN,SCOUT_IDENTIFICATION,total_units=0|scouts_found=0|scout_ids=
22:06:40,1,2,PHASE1_SUMMARY,total_units=0|scouts_identified=0|scouts_deployed=0|enemies_detected=0|combat_opportunities=0|threat_clusters=0
22:06:40,UNKNOWN,UNKNOWN,SCOUT_IDENTIFICATION,total_units=0|scouts_found=0|scout_ids=
22:06:40,1,2,PHASE1_SUMMARY,total_units=0|scouts_identified=0|scouts_deployed=0|enemies_detected=0|combat_opportunities=0|threat_clusters=0
22:06:40,1,2,PHASE2_SUMMARY,active_plans=0|new_plans=0|executed_plans=0|aborted_plans=0
22:06:40,1,2,TURN_START,player_nation=Polska|total_units=0|available_units=0
22:06:40,1,2,PHASE3_SUMMARY,defenders_assigned=0|kps_covered=0|pe_secure=True|threat_level=0.0|active_plans=0
22:06:40,UNKNOWN,2,PHASE_4_COMPLETE,request_generated=False|urgency=NONE|requirements=0|priority_areas=
22:06:40,1,5,TURN_START,player_nation=Unknown|total_tokens=0|captured_kps=0
22:06:40,1,5,VP_INTELLIGENCE,"vp_status={'vp_own': 0, 'vp_enemy': 0, 'vp_gap': 0, 'turn': 1, 'max_turns': 30}|trend_direction=STABLE|threat_level=LOW|opportunities_count=0|recommendations_count=0"
22:06:40,UNKNOWN,UNKNOWN,SCOUT_IDENTIFICATION,total_units=0|scouts_found=0|scout_ids=
22:06:40,1,5,PHASE1_SUMMARY,total_units=0|scouts_identified=0|scouts_deployed=0|enemies_detected=0|combat_opportunities=0|threat_clusters=0
22:06:40,UNKNOWN,UNKNOWN,SCOUT_IDENTIFICATION,total_units=0|scouts_found=0|scout_ids=
22:06:40,1,5,PHASE1_SUMMARY,total_units=0|scouts_identified=0|scouts_deployed=0|enemies_detected=0|combat_opportunities=0|threat_clusters=0
22:06:40,1,5,PHASE2_SUMMARY,active_plans=0|new_plans=0|executed_plans=0|aborted_plans=0
22:06:40,1,5,TURN_START,player_nation=Niemcy|total_units=0|available_units=0
22:06:40,1,5,PHASE3_SUMMARY,defenders_assigned=0|kps_covered=0|pe_secure=True|threat_level=0.0|active_plans=0
22:06:40,UNKNOWN,UNKNOWN,SCOUT_IDENTIFICATION,total_units=0|scouts_found=0|scout_ids=
22:06:40,1,5,PHASE1_SUMMARY,total_units=0|scouts_identified=0|scouts_deployed=0|enemies_detected=0|combat_opportunities=0|threat_clusters=0
22:06:40,UNKNOWN,UNKNOWN,SCOUT_IDENTIFICATION,total_units=0|scouts_found=0|scout_ids=
22:06:40,1,5,PHASE1_SUMMARY,total_units=0|scouts_identified=0|scouts_deployed=0|enemies_detected=0|combat_opportunities=0|threat_clusters=0
22:06:40,1,5,PHASE2_SUMMARY,active_plans=0|new_plans=0|executed_plans=0|aborted_plans=0
22:06:40,1,5,TURN_START,player_nation=Niemcy|total_units=0|available_units=0
22:06:40,1,5,PHASE3_SUMMARY,defenders_assigned=0|kps_covered=0|pe_secure=True|threat_level=0.0|active_plans=0
22:06:40,UNKNOWN,5,PHASE_4_COMPLETE,request_generated=False|urgency=NONE|requirements=0|priority_areas=
22:06:40,1,2,TURN_START,player_nation=Unknown|total_tokens=0|captured_kps=0
22:06:40,1,2,VP_INTELLIGENCE,"vp_status={'vp_own': 0, 'vp_enemy': 0, 'vp_gap': 0, 'turn': 1, 'max_turns': 30}|trend_direction=STABLE|threat_level=LOW|opportunities_count=0|recommendations_count=0"
22:06:40,UNKNOWN,UNKNOWN,SCOUT_IDENTIFICATION,total_units=0|scouts_found=0|scout_ids=
22:06:40,1,2,PHASE1_SUMMARY,total_units=0|scouts_identified=0|scouts_deployed=0|enemies_detected=0|combat_opportunities=0|threat_clusters=0
22:06:40,UNKNOWN,UNKNOWN,SCOUT_IDENTIFICATION,total_units=0|scouts_found=0|scout_ids=
22:06:40,1,2,PHASE1_SUMMARY,total_units=0|scouts_identified=0|scouts_deployed=0|enemies_detected=0|combat_opportunities=0|threat_clusters=0
22:06:40,1,2,PHASE2_SUMMARY,active_plans=0|new_plans=0|executed_plans=0|aborted_plans=0
22:06:40,1,2,TURN_START,player_nation=Polska|total_units=0|available_units=0
22:06:40,1,2,PHASE3_SUMMARY,defenders_assigned=0|kps_covered=0|pe_secure=True|threat_level=0.0|active_plans=0
22:06:40,UNKNOWN,UNKNOWN,SCOUT_IDENTIFICATION,total_units=0|scouts_found=0|scout_ids=
22:06:40,1,2,PHASE1_SUMMARY,total_units=0|scouts_identified=0|scouts_deployed=0|enemies_detected=0|combat_opportunities=0|threat_clusters=0
22:06:40,UNKNOWN,UNKNOWN,SCOUT_IDENTIFICATION,total_units=0|scouts_found=0|scout_ids=
22:06:40,1,2,PHASE1_SUMMARY,total_units=0|scouts_identified=0|scouts_deployed=0|enemies_detected=0|combat_opportunities=0|threat_clusters=0
22:06:40,1,2,PHASE2_SUMMARY,active_plans=0|new_plans=0|executed_plans=0|aborted_plans=0
22:06:40,1,2,TURN_START,player_nation=Polska|total_units=0|available_units=0
22:06:40,1,2,PHASE3_SUMMARY,defenders_assigned=0|kps_covered=0|pe_secure=True|threat_level=0.0|active_plans=0
22:06:40,UNKNOWN,2,PHASE_4_COMPLETE,request_generated=False|urgency=NONE|requirements=0|priority_areas=
22:06:41,1,5,TURN_START,player_nation=Unknown|total_tokens=0|captured_kps=0
22:06:41,1,5,VP_INTELLIGENCE,"vp_status={'vp_own': 0, 'vp_enemy': 0, 'vp_gap': 0, 'turn': 1, 'max_turns': 30}|trend_direction=STABLE|threat_level=LOW|opportunities_count=0|recommendations_count=0"
22:06:41,UNKNOWN,UNKNOWN,SCOUT_IDENTIFICATION,total_units=0|scouts_found=0|scout_ids=
22:06:41,1,5,PHASE1_SUMMARY,total_units=0|scouts_identified=0|scouts_deployed=0|enemies_detected=0|combat_opportunities=0|threat_clusters=0
22:06:41,UNKNOWN,UNKNOWN,SCOUT_IDENTIFICATION,total_units=0|scouts_found=0|scout_ids=
22:06:41,1,5,PHASE1_SUMMARY,total_units=0|scouts_identified=0|scouts_deployed=0|enemies_detected=0|combat_opportunities=0|threat_clusters=0
22:06:41,1,5,PHASE2_SUMMARY,active_plans=0|new_plans=0|executed_plans=0|aborted_plans=0
22:06:41,1,5,TURN_START,player_nation=Niemcy|total_units=0|available_units=0
22:06:41,1,5,PHASE3_SUMMARY,defenders_assigned=0|kps_covered=0|pe_secure=True|threat_level=0.0|active_plans=0
22:06:41,UNKNOWN,UNKNOWN,SCOUT_IDENTIFICATION,total_units=0|scouts_found=0|scout_ids=
22:06:41,1,5,PHASE1_SUMMARY,total_units=0|scouts_identified=0|scouts_deployed=0|enemies_detected=0|combat_opportunities=0|threat_clusters=0
22:06:41,UNKNOWN,UNKNOWN,SCOUT_IDENTIFICATION,total_units=0|scouts_found=0|scout_ids=
22:06:41,1,5,PHASE1_SUMMARY,total_units=0|scouts_identified=0|scouts_deployed=0|enemies_detected=0|combat_opportunities=0|threat_clusters=0
22:06:41,1,5,PHASE2_SUMMARY,active_plans=0|new_plans=0|executed_plans=0|aborted_plans=0
22:06:41,1,5,TURN_START,player_nation=Niemcy|total_units=0|available_units=0
22:06:41,1,5,PHASE3_SUMMARY,defenders_assigned=0|kps_covered=0|pe_secure=True|threat_level=0.0|active_plans=0
22:06:41,UNKNOWN,5,PHASE_4_COMPLETE,request_generated=False|urgency=NONE|requirements=0|priority_areas=
22:06:42,1,2,TURN_START,player_nation=Unknown|total_tokens=0|captured_kps=0
22:06:42,1,2,VP_INTELLIGENCE,"vp_status={'vp_own': 0, 'vp_enemy': 0, 'vp_gap': 0, 'turn': 1, 'max_turns': 30}|trend_direction=STABLE|threat_level=LOW|opportunities_count=0|recommendations_count=0"
22:06:42,UNKNOWN,UNKNOWN,SCOUT_IDENTIFICATION,total_units=0|scouts_found=0|scout_ids=
22:06:42,1,2,PHASE1_SUMMARY,total_units=0|scouts_identified=0|scouts_deployed=0|enemies_detected=0|combat_opportunities=0|threat_clusters=0
22:06:42,UNKNOWN,UNKNOWN,SCOUT_IDENTIFICATION,total_units=0|scouts_found=0|scout_ids=
22:06:42,1,2,PHASE1_SUMMARY,total_units=0|scouts_identified=0|scouts_deployed=0|enemies_detected=0|combat_opportunities=0|threat_clusters=0
22:06:42,1,2,PHASE2_SUMMARY,active_plans=0|new_plans=0|executed_plans=0|aborted_plans=0
22:06:42,1,2,TURN_START,player_nation=Polska|total_units=0|available_units=0
22:06:42,1,2,PHASE3_SUMMARY,defenders_assigned=0|kps_covered=0|pe_secure=True|threat_level=0.0|active_plans=0
22:06:42,UNKNOWN,UNKNOWN,SCOUT_IDENTIFICATION,total_units=0|scouts_found=0|scout_ids=
22:06:42,1,2,PHASE1_SUMMARY,total_units=0|scouts_identified=0|scouts_deployed=0|enemies_detected=0|combat_opportunities=0|threat_clusters=0
22:06:42,UNKNOWN,UNKNOWN,SCOUT_IDENTIFICATION,total_units=0|scouts_found=0|scout_ids=
22:06:42,1,2,PHASE1_SUMMARY,total_units=0|scouts_identified=0|scouts_deployed=0|enemies_detected=0|combat_opportunities=0|threat_clusters=0
22:06:42,1,2,PHASE2_SUMMARY,active_plans=0|new_plans=0|executed_plans=0|aborted_plans=0
22:06:42,1,2,TURN_START,player_nation=Polska|total_units=0|available_units=0
22:06:42,1,2,PHASE3_SUMMARY,defenders_assigned=0|kps_covered=0|pe_secure=True|threat_level=0.0|active_plans=0
22:06:42,UNKNOWN,2,PHASE_4_COMPLETE,request_generated=False|urgency=NONE|requirements=0|priority_areas=
22:06:42,1,5,TURN_START,player_nation=Unknown|total_tokens=0|captured_kps=0
22:06:42,1,5,VP_INTELLIGENCE,"vp_status={'vp_own': 0, 'vp_enemy': 0, 'vp_gap': 0, 'turn': 1, 'max_turns': 30}|trend_direction=STABLE|threat_level=LOW|opportunities_count=0|recommendations_count=0"
22:06:42,UNKNOWN,UNKNOWN,SCOUT_IDENTIFICATION,total_units=0|scouts_found=0|scout_ids=
22:06:42,1,5,PHASE1_SUMMARY,total_units=0|scouts_identified=0|scouts_deployed=0|enemies_detected=0|combat_opportunities=0|threat_clusters=0
22:06:42,UNKNOWN,UNKNOWN,SCOUT_IDENTIFICATION,total_units=0|scouts_found=0|scout_ids=
22:06:42,1,5,PHASE1_SUMMARY,total_units=0|scouts_identified=0|scouts_deployed=0|enemies_detected=0|combat_opportunities=0|threat_clusters=0
22:06:42,1,5,PHASE2_SUMMARY,active_plans=0|new_plans=0|executed_plans=0|aborted_plans=0
22:06:42,1,5,TURN_START,player_nation=Niemcy|total_units=0|available_units=0
22:06:42,1,5,PHASE3_SUMMARY,defenders_assigned=0|kps_covered=0|pe_secure=True|threat_level=0.0|active_plans=0
22:06:42,UNKNOWN,UNKNOWN,SCOUT_IDENTIFICATION,total_units=0|scouts_found=0|scout_ids=
22:06:42,1,5,PHASE1_SUMMARY,total_units=0|scouts_identified=0|scouts_deployed=0|enemies_detected=0|combat_opportunities=0|threat_clusters=0
22:06:42,UNKNOWN,UNKNOWN,SCOUT_IDENTIFICATION,total_units=0|scouts_found=0|scout_ids=
22:06:42,1,5,PHASE1_SUMMARY,total_units=0|scouts_identified=0|scouts_deployed=0|enemies_detected=0|combat_opportunities=0|threat_clusters=0
22:06:42,1,5,PHASE2_SUMMARY,active_plans=0|new_plans=0|executed_plans=0|aborted_plans=0
22:06:42,1,5,TURN_START,player_nation=Niemcy|total_units=0|available_units=0
22:06:42,1,5,PHASE3_SUMMARY,defenders_assigned=0|kps_covered=0|pe_secure=True|threat_level=0.0|active_plans=0
22:06:42,UNKNOWN,5,PHASE_4_COMPLETE,request_generated=False|urgency=NONE|requirements=0|priority_areas=
22:06:43,1,2,TURN_START,player_nation=Unknown|total_tokens=0|captured_kps=0
22:06:43,1,2,VP_INTELLIGENCE,"vp_status={'vp_own': 0, 'vp_enemy': 0, 'vp_gap': 0, 'turn': 1, 'max_turns': 30}|trend_direction=STABLE|threat_level=LOW|opportunities_count=0|recommendations_count=0"
22:06:43,UNKNOWN,UNKNOWN,SCOUT_IDENTIFICATION,total_units=0|scouts_found=0|scout_ids=
22:06:43,1,2,PHASE1_SUMMARY,total_units=0|scouts_identified=0|scouts_deployed=0|enemies_detected=0|combat_opportunities=0|threat_clusters=0
22:06:43,UNKNOWN,UNKNOWN,SCOUT_IDENTIFICATION,total_units=0|scouts_found=0|scout_ids=
22:06:43,1,2,PHASE1_SUMMARY,total_units=0|scouts_identified=0|scouts_deployed=0|enemies_detected=0|combat_opportunities=0|threat_clusters=0
22:06:43,1,2,PHASE2_SUMMARY,active_plans=0|new_plans=0|executed_plans=0|aborted_plans=0
22:06:43,1,2,TURN_START,player_nation=Polska|total_units=0|available_units=0
22:06:43,1,2,PHASE3_SUMMARY,defenders_assigned=0|kps_covered=0|pe_secure=True|threat_level=0.0|active_plans=0
22:06:43,UNKNOWN,UNKNOWN,SCOUT_IDENTIFICATION,total_units=0|scouts_found=0|scout_ids=
22:06:43,1,2,PHASE1_SUMMARY,total_units=0|scouts_identified=0|scouts_deployed=0|enemies_detected=0|combat_opportunities=0|threat_clusters=0
22:06:43,UNKNOWN,UNKNOWN,SCOUT_IDENTIFICATION,total_units=0|scouts_found=0|scout_ids=
22:06:43,1,2,PHASE1_SUMMARY,total_units=0|scouts_identified=0|scouts_deployed=0|enemies_detected=0|combat_opportunities=0|threat_clusters=0
22:06:43,1,2,PHASE2_SUMMARY,active_plans=0|new_plans=0|executed_plans=0|aborted_plans=0
22:06:43,1,2,TURN_START,player_nation=Polska|total_units=0|available_units=0
22:06:43,1,2,PHASE3_SUMMARY,defenders_assigned=0|kps_covered=0|pe_secure=True|threat_level=0.0|active_plans=0
22:06:43,UNKNOWN,2,PHASE_4_COMPLETE,request_generated=False|urgency=NONE|requirements=0|priority_areas=
22:06:43,1,5,TURN_START,player_nation=Unknown|total_tokens=0|captured_kps=0
22:06:43,1,5,VP_INTELLIGENCE,"vp_status={'vp_own': 0, 'vp_enemy': 0, 'vp_gap': 0, 'turn': 1, 'max_turns': 30}|trend_direction=STABLE|threat_level=LOW|opportunities_count=0|recommendations_count=0"
22:06:43,UNKNOWN,UNKNOWN,SCOUT_IDENTIFICATION,total_units=0|scouts_found=0|scout_ids=
22:06:43,1,5,PHASE1_SUMMARY,total_units=0|scouts_identified=0|scouts_deployed=0|enemies_detected=0|combat_opportunities=0|threat_clusters=0
22:06:43,UNKNOWN,UNKNOWN,SCOUT_IDENTIFICATION,total_units=0|scouts_found=0|scout_ids=
22:06:43,1,5,PHASE1_SUMMARY,total_units=0|scouts_identified=0|scouts_deployed=0|enemies_detected=0|combat_opportunities=0|threat_clusters=0
22:06:43,1,5,PHASE2_SUMMARY,active_plans=0|new_plans=0|executed_plans=0|aborted_plans=0
22:06:43,1,5,TURN_START,player_nation=Niemcy|total_units=0|available_units=0
22:06:43,1,5,PHASE3_SUMMARY,defenders_assigned=0|kps_covered=0|pe_secure=True|threat_level=0.0|active_plans=0
22:06:43,UNKNOWN,UNKNOWN,SCOUT_IDENTIFICATION,total_units=0|scouts_found=0|scout_ids=
22:06:43,1,5,PHASE1_SUMMARY,total_units=0|scouts_identified=0|scouts_deployed=0|enemies_detected=0|combat_opportunities=0|threat_clusters=0
22:06:43,UNKNOWN,UNKNOWN,SCOUT_IDENTIFICATION,total_units=0|scouts_found=0|scout_ids=
22:06:43,1,5,PHASE1_SUMMARY,total_units=0|scouts_identified=0|scouts_deployed=0|enemies_detected=0|combat_opportunities=0|threat_clusters=0
22:06:43,1,5,PHASE2_SUMMARY,active_plans=0|new_plans=0|executed_plans=0|aborted_plans=0
22:06:43,1,5,TURN_START,player_nation=Niemcy|total_units=0|available_units=0
22:06:43,1,5,PHASE3_SUMMARY,defenders_assigned=0|kps_covered=0|pe_secure=True|threat_level=0.0|active_plans=0
22:06:43,UNKNOWN,5,PHASE_4_COMPLETE,request_generated=False|urgency=NONE|requirements=0|priority_areas=
22:06:44,1,2,TURN_START,player_nation=Unknown|total_tokens=0|captured_kps=0
22:06:44,1,2,VP_INTELLIGENCE,"vp_status={'vp_own': 0, 'vp_enemy': 0, 'vp_gap': 0, 'turn': 1, 'max_turns': 30}|trend_direction=STABLE|threat_level=LOW|opportunities_count=0|recommendations_count=0"
22:06:44,UNKNOWN,UNKNOWN,SCOUT_IDENTIFICATION,total_units=0|scouts_found=0|scout_ids=
22:06:44,1,2,PHASE1_SUMMARY,total_units=0|scouts_identified=0|scouts_deployed=0|enemies_detected=0|combat_opportunities=0|threat_clusters=0
22:06:44,UNKNOWN,UNKNOWN,SCOUT_IDENTIFICATION,total_units=0|scouts_found=0|scout_ids=
22:06:44,1,2,PHASE1_SUMMARY,total_units=0|scouts_identified=0|scouts_deployed=0|enemies_detected=0|combat_opportunities=0|threat_clusters=0
22:06:44,1,2,PHASE2_SUMMARY,active_plans=0|new_plans=0|executed_plans=0|aborted_plans=0
22:06:44,1,2,TURN_START,player_nation=Polska|total_units=0|available_units=0
22:06:44,1,2,PHASE3_SUMMARY,defenders_assigned=0|kps_covered=0|pe_secure=True|threat_level=0.0|active_plans=0
22:06:44,UNKNOWN,UNKNOWN,SCOUT_IDENTIFICATION,total_units=0|scouts_found=0|scout_ids=
22:06:44,1,2,PHASE1_SUMMARY,total_units=0|scouts_identified=0|scouts_deployed=0|enemies_detected=0|combat_opportunities=0|threat_clusters=0
22:06:44,UNKNOWN,UNKNOWN,SCOUT_IDENTIFICATION,total_units=0|scouts_found=0|scout_ids=
22:06:44,1,2,PHASE1_SUMMARY,total_units=0|scouts_identified=0|scouts_deployed=0|enemies_detected=0|combat_opportunities=0|threat_clusters=0
22:06:44,1,2,PHASE2_SUMMARY,active_plans=0|new_plans=0|executed_plans=0|aborted_plans=0
22:06:44,1,2,TURN_START,player_nation=Polska|total_units=0|available_units=0
22:06:44,1,2,PHASE3_SUMMARY,defenders_assigned=0|kps_covered=0|pe_secure=True|threat_level=0.0|active_plans=0
22:06:44,UNKNOWN,2,PHASE_4_COMPLETE,request_generated=False|urgency=NONE|requirements=0|priority_areas=
22:06:44,1,5,TURN_START,player_nation=Unknown|total_tokens=0|captured_kps=0
22:06:44,1,5,VP_INTELLIGENCE,"vp_status={'vp_own': 0, 'vp_enemy': 0, 'vp_gap': 0, 'turn': 1, 'max_turns': 30}|trend_direction=STABLE|threat_level=LOW|opportunities_count=0|recommendations_count=0"
22:06:44,UNKNOWN,UNKNOWN,SCOUT_IDENTIFICATION,total_units=0|scouts_found=0|scout_ids=
22:06:44,1,5,PHASE1_SUMMARY,total_units=0|scouts_identified=0|scouts_deployed=0|enemies_detected=0|combat_opportunities=0|threat_clusters=0
22:06:44,UNKNOWN,UNKNOWN,SCOUT_IDENTIFICATION,total_units=0|scouts_found=0|scout_ids=
22:06:44,1,5,PHASE1_SUMMARY,total_units=0|scouts_identified=0|scouts_deployed=0|enemies_detected=0|combat_opportunities=0|threat_clusters=0
22:06:44,1,5,PHASE2_SUMMARY,active_plans=0|new_plans=0|executed_plans=0|aborted_plans=0
22:06:44,1,5,TURN_START,player_nation=Niemcy|total_units=0|available_units=0
22:06:44,1,5,PHASE3_SUMMARY,defenders_assigned=0|kps_covered=0|pe_secure=True|threat_level=0.0|active_plans=0
22:06:44,UNKNOWN,UNKNOWN,SCOUT_IDENTIFICATION,total_units=0|scouts_found=0|scout_ids=
22:06:44,1,5,PHASE1_SUMMARY,total_units=0|scouts_identified=0|scouts_deployed=0|enemies_detected=0|combat_opportunities=0|threat_clusters=0
22:06:44,UNKNOWN,UNKNOWN,SCOUT_IDENTIFICATION,total_units=0|scouts_found=0|scout_ids=
22:06:44,1,5,PHASE1_SUMMARY,total_units=0|scouts_identified=0|scouts_deployed=0|enemies_detected=0|combat_opportunities=0|threat_clusters=0
22:06:44,1,5,PHASE2_SUMMARY,active_plans=0|new_plans=0|executed_plans=0|aborted_plans=0
22:06:44,1,5,TURN_START,player_nation=Niemcy|total_units=0|available_units=0
22:06:44,1,5,PHASE3_SUMMARY,defenders_assigned=0|kps_covered=0|pe_secure=True|threat_level=0.0|active_plans=0
22:06:44,UNKNOWN,5,PHASE_4_COMPLETE,request_generated=False|urgency=NONE|requirements=0|priority_areas=
22:06:44,1,2,TURN_START,player_nation=Unknown|total_tokens=0|captured_kps=0
22:06:44,1,2,VP_INTELLIGENCE,"vp_status={'vp_own': 0, 'vp_enemy': 0, 'vp_gap': 0, 'turn': 1, 'max_turns': 30}|trend_direction=STABLE|threat_level=LOW|opportunities_count=0|recommendations_count=0"
22:06:44,UNKNOWN,UNKNOWN,SCOUT_IDENTIFICATION,total_units=0|scouts_found=0|scout_ids=
22:06:44,1,2,PHASE1_SUMMARY,total_units=0|scouts_identified=0|scouts_deployed=0|enemies_detected=0|combat_opportunities=0|threat_clusters=0
22:06:44,UNKNOWN,UNKNOWN,SCOUT_IDENTIFICATION,total_units=0|scouts_found=0|scout_ids=
22:06:44,1,2,PHASE1_SUMMARY,total_units=0|scouts_identified=0|scouts_deployed=0|enemies_detected=0|combat_opportunities=0|threat_clusters=0
22:06:44,1,2,PHASE2_SUMMARY,active_plans=0|new_plans=0|executed_plans=0|aborted_plans=0
22:06:44,1,2,TURN_START,player_nation=Polska|total_units=0|available_units=0
22:06:44,1,2,PHASE3_SUMMARY,defenders_assigned=0|kps_covered=0|pe_secure=True|threat_level=0.0|active_plans=0
22:06:44,UNKNOWN,UNKNOWN,SCOUT_IDENTIFICATION,total_units=0|scouts_found=0|scout_ids=
22:06:44,1,2,PHASE1_SUMMARY,total_units=0|scouts_identified=0|scouts_deployed=0|enemies_detected=0|combat_opportunities=0|threat_clusters=0
22:06:44,UNKNOWN,UNKNOWN,SCOUT_IDENTIFICATION,total_units=0|scouts_found=0|scout_ids=
22:06:44,1,2,PHASE1_SUMMARY,total_units=0|scouts_identified=0|scouts_deployed=0|enemies_detected=0|combat_opportunities=0|threat_clusters=0
22:06:44,1,2,PHASE2_SUMMARY,active_plans=0|new_plans=0|executed_plans=0|aborted_plans=0
22:06:44,1,2,TURN_START,player_nation=Polska|total_units=0|available_units=0
22:06:44,1,2,PHASE3_SUMMARY,defenders_assigned=0|kps_covered=0|pe_secure=True|threat_level=0.0|active_plans=0
22:06:44,UNKNOWN,2,PHASE_4_COMPLETE,request_generated=False|urgency=NONE|requirements=0|priority_areas=
22:06:45,1,5,TURN_START,player_nation=Unknown|total_tokens=0|captured_kps=0
22:06:45,1,5,VP_INTELLIGENCE,"vp_status={'vp_own': 0, 'vp_enemy': 0, 'vp_gap': 0, 'turn': 1, 'max_turns': 30}|trend_direction=STABLE|threat_level=LOW|opportunities_count=0|recommendations_count=0"
22:06:45,UNKNOWN,UNKNOWN,SCOUT_IDENTIFICATION,total_units=0|scouts_found=0|scout_ids=
22:06:45,1,5,PHASE1_SUMMARY,total_units=0|scouts_identified=0|scouts_deployed=0|enemies_detected=0|combat_opportunities=0|threat_clusters=0
22:06:45,UNKNOWN,UNKNOWN,SCOUT_IDENTIFICATION,total_units=0|scouts_found=0|scout_ids=
22:06:45,1,5,PHASE1_SUMMARY,total_units=0|scouts_identified=0|scouts_deployed=0|enemies_detected=0|combat_opportunities=0|threat_clusters=0
22:06:45,1,5,PHASE2_SUMMARY,active_plans=0|new_plans=0|executed_plans=0|aborted_plans=0
22:06:45,1,5,TURN_START,player_nation=Niemcy|total_units=0|available_units=0
22:06:45,1,5,PHASE3_SUMMARY,defenders_assigned=0|kps_covered=0|pe_secure=True|threat_level=0.0|active_plans=0
22:06:45,UNKNOWN,UNKNOWN,SCOUT_IDENTIFICATION,total_units=0|scouts_found=0|scout_ids=
22:06:45,1,5,PHASE1_SUMMARY,total_units=0|scouts_identified=0|scouts_deployed=0|enemies_detected=0|combat_opportunities=0|threat_clusters=0
22:06:45,UNKNOWN,UNKNOWN,SCOUT_IDENTIFICATION,total_units=0|scouts_found=0|scout_ids=
22:06:45,1,5,PHASE1_SUMMARY,total_units=0|scouts_identified=0|scouts_deployed=0|enemies_detected=0|combat_opportunities=0|threat_clusters=0
22:06:45,1,5,PHASE2_SUMMARY,active_plans=0|new_plans=0|executed_plans=0|aborted_plans=0
22:06:45,1,5,TURN_START,player_nation=Niemcy|total_units=0|available_units=0
22:06:45,1,5,PHASE3_SUMMARY,defenders_assigned=0|kps_covered=0|pe_secure=True|threat_level=0.0|active_plans=0
22:06:45,UNKNOWN,5,PHASE_4_COMPLETE,request_generated=False|urgency=NONE|requirements=0|priority_areas=
22:06:45,1,2,TURN_START,player_nation=Unknown|total_tokens=0|captured_kps=0
22:06:45,1,2,VP_INTELLIGENCE,"vp_status={'vp_own': 0, 'vp_enemy': 0, 'vp_gap': 0, 'turn': 1, 'max_turns': 30}|trend_direction=STABLE|threat_level=LOW|opportunities_count=0|recommendations_count=0"
22:06:45,UNKNOWN,UNKNOWN,SCOUT_IDENTIFICATION,total_units=0|scouts_found=0|scout_ids=
22:06:45,1,2,PHASE1_SUMMARY,total_units=0|scouts_identified=0|scouts_deployed=0|enemies_detected=0|combat_opportunities=0|threat_clusters=0
22:06:45,UNKNOWN,UNKNOWN,SCOUT_IDENTIFICATION,total_units=0|scouts_found=0|scout_ids=
22:06:45,1,2,PHASE1_SUMMARY,total_units=0|scouts_identified=0|scouts_deployed=0|enemies_detected=0|combat_opportunities=0|threat_clusters=0
22:06:45,1,2,PHASE2_SUMMARY,active_plans=0|new_plans=0|executed_plans=0|aborted_plans=0
22:06:45,1,2,TURN_START,player_nation=Polska|total_units=0|available_units=0
22:06:45,1,2,PHASE3_SUMMARY,defenders_assigned=0|kps_covered=0|pe_secure=True|threat_level=0.0|active_plans=0
22:06:45,UNKNOWN,UNKNOWN,SCOUT_IDENTIFICATION,total_units=0|scouts_found=0|scout_ids=
22:06:45,1,2,PHASE1_SUMMARY,total_units=0|scouts_identified=0|scouts_deployed=0|enemies_detected=0|combat_opportunities=0|threat_clusters=0
22:06:45,UNKNOWN,UNKNOWN,SCOUT_IDENTIFICATION,total_units=0|scouts_found=0|scout_ids=
22:06:45,1,2,PHASE1_SUMMARY,total_units=0|scouts_identified=0|scouts_deployed=0|enemies_detected=0|combat_opportunities=0|threat_clusters=0
22:06:45,1,2,PHASE2_SUMMARY,active_plans=0|new_plans=0|executed_plans=0|aborted_plans=0
22:06:45,1,2,TURN_START,player_nation=Polska|total_units=0|available_units=0
22:06:45,1,2,PHASE3_SUMMARY,defenders_assigned=0|kps_covered=0|pe_secure=True|threat_level=0.0|active_plans=0
22:06:45,UNKNOWN,2,PHASE_4_COMPLETE,request_generated=False|urgency=NONE|requirements=0|priority_areas=
22:06:45,1,5,TURN_START,player_nation=Unknown|total_tokens=0|captured_kps=0
22:06:45,1,5,VP_INTELLIGENCE,"vp_status={'vp_own': 0, 'vp_enemy': 0, 'vp_gap': 0, 'turn': 1, 'max_turns': 30}|trend_direction=STABLE|threat_level=LOW|opportunities_count=0|recommendations_count=0"
22:06:45,UNKNOWN,UNKNOWN,SCOUT_IDENTIFICATION,total_units=0|scouts_found=0|scout_ids=
22:06:45,1,5,PHASE1_SUMMARY,total_units=0|scouts_identified=0|scouts_deployed=0|enemies_detected=0|combat_opportunities=0|threat_clusters=0
22:06:45,UNKNOWN,UNKNOWN,SCOUT_IDENTIFICATION,total_units=0|scouts_found=0|scout_ids=
22:06:45,1,5,PHASE1_SUMMARY,total_units=0|scouts_identified=0|scouts_deployed=0|enemies_detected=0|combat_opportunities=0|threat_clusters=0
22:06:45,1,5,PHASE2_SUMMARY,active_plans=0|new_plans=0|executed_plans=0|aborted_plans=0
22:06:45,1,5,TURN_START,player_nation=Niemcy|total_units=0|available_units=0
22:06:45,1,5,PHASE3_SUMMARY,defenders_assigned=0|kps_covered=0|pe_secure=True|threat_level=0.0|active_plans=0
22:06:45,UNKNOWN,UNKNOWN,SCOUT_IDENTIFICATION,total_units=0|scouts_found=0|scout_ids=
22:06:45,1,5,PHASE1_SUMMARY,total_units=0|scouts_identified=0|scouts_deployed=0|enemies_detected=0|combat_opportunities=0|threat_clusters=0
22:06:45,UNKNOWN,UNKNOWN,SCOUT_IDENTIFICATION,total_units=0|scouts_found=0|scout_ids=
22:06:45,1,5,PHASE1_SUMMARY,total_units=0|scouts_identified=0|scouts_deployed=0|enemies_detected=0|combat_opportunities=0|threat_clusters=0
22:06:45,1,5,PHASE2_SUMMARY,active_plans=0|new_plans=0|executed_plans=0|aborted_plans=0
22:06:45,1,5,TURN_START,player_nation=Niemcy|total_units=0|available_units=0
22:06:45,1,5,PHASE3_SUMMARY,defenders_assigned=0|kps_covered=0|pe_secure=True|threat_level=0.0|active_plans=0
22:06:45,UNKNOWN,5,PHASE_4_COMPLETE,request_generated=False|urgency=NONE|requirements=0|priority_areas=
22:06:45,1,2,TURN_START,player_nation=Unknown|total_tokens=0|captured_kps=0
22:06:45,1,2,VP_INTELLIGENCE,"vp_status={'vp_own': 0, 'vp_enemy': 0, 'vp_gap': 0, 'turn': 1, 'max_turns': 30}|trend_direction=STABLE|threat_level=LOW|opportunities_count=0|recommendations_count=0"
22:06:45,UNKNOWN,UNKNOWN,SCOUT_IDENTIFICATION,total_units=0|scouts_found=0|scout_ids=
22:06:45,1,2,PHASE1_SUMMARY,total_units=0|scouts_identified=0|scouts_deployed=0|enemies_detected=0|combat_opportunities=0|threat_clusters=0
22:06:45,UNKNOWN,UNKNOWN,SCOUT_IDENTIFICATION,total_units=0|scouts_found=0|scout_ids=
22:06:45,1,2,PHASE1_SUMMARY,total_units=0|scouts_identified=0|scouts_deployed=0|enemies_detected=0|combat_opportunities=0|threat_clusters=0
22:06:45,1,2,PHASE2_SUMMARY,active_plans=0|new_plans=0|executed_plans=0|aborted_plans=0
22:06:45,1,2,TURN_START,player_nation=Polska|total_units=0|available_units=0
22:06:45,1,2,PHASE3_SUMMARY,defenders_assigned=0|kps_covered=0|pe_secure=True|threat_level=0.0|active_plans=0
22:06:45,UNKNOWN,UNKNOWN,SCOUT_IDENTIFICATION,total_units=0|scouts_found=0|scout_ids=
22:06:45,1,2,PHASE1_SUMMARY,total_units=0|scouts_identified=0|scouts_deployed=0|enemies_detected=0|combat_opportunities=0|threat_clusters=0
22:06:45,UNKNOWN,UNKNOWN,SCOUT_IDENTIFICATION,total_units=0|scouts_found=0|scout_ids=
22:06:45,1,2,PHASE1_SUMMARY,total_units=0|scouts_identified=0|scouts_deployed=0|enemies_detected=0|combat_opportunities=0|threat_clusters=0
22:06:45,1,2,PHASE2_SUMMARY,active_plans=0|new_plans=0|executed_plans=0|aborted_plans=0
22:06:45,1,2,TURN_START,player_nation=Polska|total_units=0|available_units=0
22:06:45,1,2,PHASE3_SUMMARY,defenders_assigned=0|kps_covered=0|pe_secure=True|threat_level=0.0|active_plans=0
22:06:45,UNKNOWN,2,PHASE_4_COMPLETE,request_generated=False|urgency=NONE|requirements=0|priority_areas=
22:06:46,1,5,TURN_START,player_nation=Unknown|total_tokens=0|captured_kps=0
22:06:46,1,5,VP_INTELLIGENCE,"vp_status={'vp_own': 0, 'vp_enemy': 0, 'vp_gap': 0, 'turn': 1, 'max_turns': 30}|trend_direction=STABLE|threat_level=LOW|opportunities_count=0|recommendations_count=0"
22:06:46,UNKNOWN,UNKNOWN,SCOUT_IDENTIFICATION,total_units=0|scouts_found=0|scout_ids=
22:06:46,1,5,PHASE1_SUMMARY,total_units=0|scouts_identified=0|scouts_deployed=0|enemies_detected=0|combat_opportunities=0|threat_clusters=0
22:06:46,UNKNOWN,UNKNOWN,SCOUT_IDENTIFICATION,total_units=0|scouts_found=0|scout_ids=
22:06:46,1,5,PHASE1_SUMMARY,total_units=0|scouts_identified=0|scouts_deployed=0|enemies_detected=0|combat_opportunities=0|threat_clusters=0
22:06:46,1,5,PHASE2_SUMMARY,active_plans=0|new_plans=0|executed_plans=0|aborted_plans=0
22:06:46,1,5,TURN_START,player_nation=Niemcy|total_units=0|available_units=0
22:06:46,1,5,PHASE3_SUMMARY,defenders_assigned=0|kps_covered=0|pe_secure=True|threat_level=0.0|active_plans=0
22:06:46,UNKNOWN,UNKNOWN,SCOUT_IDENTIFICATION,total_units=0|scouts_found=0|scout_ids=
22:06:46,1,5,PHASE1_SUMMARY,total_units=0|scouts_identified=0|scouts_deployed=0|enemies_detected=0|combat_opportunities=0|threat_clusters=0
22:06:46,UNKNOWN,UNKNOWN,SCOUT_IDENTIFICATION,total_units=0|scouts_found=0|scout_ids=
22:06:46,1,5,PHASE1_SUMMARY,total_units=0|scouts_identified=0|scouts_deployed=0|enemies_detected=0|combat_opportunities=0|threat_clusters=0
22:06:46,1,5,PHASE2_SUMMARY,active_plans=0|new_plans=0|executed_plans=0|aborted_plans=0
22:06:46,1,5,TURN_START,player_nation=Niemcy|total_units=0|available_units=0
22:06:46,1,5,PHASE3_SUMMARY,defenders_assigned=0|kps_covered=0|pe_secure=True|threat_level=0.0|active_plans=0
22:06:46,UNKNOWN,5,PHASE_4_COMPLETE,request_generated=False|urgency=NONE|requirements=0|priority_areas=
22:06:46,1,2,TURN_START,player_nation=Unknown|total_tokens=0|captured_kps=0
22:06:46,1,2,VP_INTELLIGENCE,"vp_status={'vp_own': 0, 'vp_enemy': 0, 'vp_gap': 0, 'turn': 1, 'max_turns': 30}|trend_direction=STABLE|threat_level=LOW|opportunities_count=0|recommendations_count=0"
22:06:46,UNKNOWN,UNKNOWN,SCOUT_IDENTIFICATION,total_units=0|scouts_found=0|scout_ids=
22:06:46,1,2,PHASE1_SUMMARY,total_units=0|scouts_identified=0|scouts_deployed=0|enemies_detected=0|combat_opportunities=0|threat_clusters=0
22:06:46,UNKNOWN,UNKNOWN,SCOUT_IDENTIFICATION,total_units=0|scouts_found=0|scout_ids=
22:06:46,1,2,PHASE1_SUMMARY,total_units=0|scouts_identified=0|scouts_deployed=0|enemies_detected=0|combat_opportunities=0|threat_clusters=0
22:06:46,1,2,PHASE2_SUMMARY,active_plans=0|new_plans=0|executed_plans=0|aborted_plans=0
22:06:46,1,2,TURN_START,player_nation=Polska|total_units=0|available_units=0
22:06:46,1,2,PHASE3_SUMMARY,defenders_assigned=0|kps_covered=0|pe_secure=True|threat_level=0.0|active_plans=0
22:06:46,UNKNOWN,UNKNOWN,SCOUT_IDENTIFICATION,total_units=0|scouts_found=0|scout_ids=
22:06:46,1,2,PHASE1_SUMMARY,total_units=0|scouts_identified=0|scouts_deployed=0|enemies_detected=0|combat_opportunities=0|threat_clusters=0
22:06:46,UNKNOWN,UNKNOWN,SCOUT_IDENTIFICATION,total_units=0|scouts_found=0|scout_ids=
22:06:46,1,2,PHASE1_SUMMARY,total_units=0|scouts_identified=0|scouts_deployed=0|enemies_detected=0|combat_opportunities=0|threat_clusters=0
22:06:46,1,2,PHASE2_SUMMARY,active_plans=0|new_plans=0|executed_plans=0|aborted_plans=0
22:06:46,1,2,TURN_START,player_nation=Polska|total_units=0|available_units=0
22:06:46,1,2,PHASE3_SUMMARY,defenders_assigned=0|kps_covered=0|pe_secure=True|threat_level=0.0|active_plans=0
22:06:46,UNKNOWN,2,PHASE_4_COMPLETE,request_generated=False|urgency=NONE|requirements=0|priority_areas=
22:06:46,1,5,TURN_START,player_nation=Unknown|total_tokens=0|captured_kps=0
22:06:46,1,5,VP_INTELLIGENCE,"vp_status={'vp_own': 0, 'vp_enemy': 0, 'vp_gap': 0, 'turn': 1, 'max_turns': 30}|trend_direction=STABLE|threat_level=LOW|opportunities_count=0|recommendations_count=0"
22:06:46,UNKNOWN,UNKNOWN,SCOUT_IDENTIFICATION,total_units=0|scouts_found=0|scout_ids=
22:06:46,1,5,PHASE1_SUMMARY,total_units=0|scouts_identified=0|scouts_deployed=0|enemies_detected=0|combat_opportunities=0|threat_clusters=0
22:06:46,UNKNOWN,UNKNOWN,SCOUT_IDENTIFICATION,total_units=0|scouts_found=0|scout_ids=
22:06:46,1,5,PHASE1_SUMMARY,total_units=0|scouts_identified=0|scouts_deployed=0|enemies_detected=0|combat_opportunities=0|threat_clusters=0
22:06:46,1,5,PHASE2_SUMMARY,active_plans=0|new_plans=0|executed_plans=0|aborted_plans=0
22:06:46,1,5,TURN_START,player_nation=Niemcy|total_units=0|available_units=0
22:06:46,1,5,PHASE3_SUMMARY,defenders_assigned=0|kps_covered=0|pe_secure=True|threat_level=0.0|active_plans=0
22:06:46,UNKNOWN,UNKNOWN,SCOUT_IDENTIFICATION,total_units=0|scouts_found=0|scout_ids=
22:06:46,1,5,PHASE1_SUMMARY,total_units=0|scouts_identified=0|scouts_deployed=0|enemies_detected=0|combat_opportunities=0|threat_clusters=0
22:06:46,UNKNOWN,UNKNOWN,SCOUT_IDENTIFICATION,total_units=0|scouts_found=0|scout_ids=
22:06:46,1,5,PHASE1_SUMMARY,total_units=0|scouts_identified=0|scouts_deployed=0|enemies_detected=0|combat_opportunities=0|threat_clusters=0
22:06:46,1,5,PHASE2_SUMMARY,active_plans=0|new_plans=0|executed_plans=0|aborted_plans=0
22:06:46,1,5,TURN_START,player_nation=Niemcy|total_units=0|available_units=0
22:06:46,1,5,PHASE3_SUMMARY,defenders_assigned=0|kps_covered=0|pe_secure=True|threat_level=0.0|active_plans=0
22:06:46,UNKNOWN,5,PHASE_4_COMPLETE,request_generated=False|urgency=NONE|requirements=0|priority_areas=
22:06:46,1,2,TURN_START,player_nation=Unknown|total_tokens=0|captured_kps=0
22:06:46,1,2,VP_INTELLIGENCE,"vp_status={'vp_own': 0, 'vp_enemy': 0, 'vp_gap': 0, 'turn': 1, 'max_turns': 30}|trend_direction=STABLE|threat_level=LOW|opportunities_count=0|recommendations_count=0"
22:06:46,UNKNOWN,UNKNOWN,SCOUT_IDENTIFICATION,total_units=0|scouts_found=0|scout_ids=
22:06:46,1,2,PHASE1_SUMMARY,total_units=0|scouts_identified=0|scouts_deployed=0|enemies_detected=0|combat_opportunities=0|threat_clusters=0
22:06:46,UNKNOWN,UNKNOWN,SCOUT_IDENTIFICATION,total_units=0|scouts_found=0|scout_ids=
22:06:46,1,2,PHASE1_SUMMARY,total_units=0|scouts_identified=0|scouts_deployed=0|enemies_detected=0|combat_opportunities=0|threat_clusters=0
22:06:46,1,2,PHASE2_SUMMARY,active_plans=0|new_plans=0|executed_plans=0|aborted_plans=0
22:06:46,1,2,TURN_START,player_nation=Polska|total_units=0|available_units=0
22:06:46,1,2,PHASE3_SUMMARY,defenders_assigned=0|kps_covered=0|pe_secure=True|threat_level=0.0|active_plans=0
22:06:46,UNKNOWN,UNKNOWN,SCOUT_IDENTIFICATION,total_units=0|scouts_found=0|scout_ids=
22:06:46,1,2,PHASE1_SUMMARY,total_units=0|scouts_identified=0|scouts_deployed=0|enemies_detected=0|combat_opportunities=0|threat_clusters=0
22:06:46,UNKNOWN,UNKNOWN,SCOUT_IDENTIFICATION,total_units=0|scouts_found=0|scout_ids=
22:06:46,1,2,PHASE1_SUMMARY,total_units=0|scouts_identified=0|scouts_deployed=0|enemies_detected=0|combat_opportunities=0|threat_clusters=0
22:06:46,1,2,PHASE2_SUMMARY,active_plans=0|new_plans=0|executed_plans=0|aborted_plans=0
22:06:46,1,2,TURN_START,player_nation=Polska|total_units=0|available_units=0
22:06:46,1,2,PHASE3_SUMMARY,defenders_assigned=0|kps_covered=0|pe_secure=True|threat_level=0.0|active_plans=0
22:06:46,UNKNOWN,2,PHASE_4_COMPLETE,request_generated=False|urgency=NONE|requirements=0|priority_areas=
22:06:47,1,5,TURN_START,player_nation=Unknown|total_tokens=0|captured_kps=0
22:06:47,1,5,VP_INTELLIGENCE,"vp_status={'vp_own': 0, 'vp_enemy': 0, 'vp_gap': 0, 'turn': 1, 'max_turns': 30}|trend_direction=STABLE|threat_level=LOW|opportunities_count=0|recommendations_count=0"
22:06:47,UNKNOWN,UNKNOWN,SCOUT_IDENTIFICATION,total_units=0|scouts_found=0|scout_ids=
22:06:47,1,5,PHASE1_SUMMARY,total_units=0|scouts_identified=0|scouts_deployed=0|enemies_detected=0|combat_opportunities=0|threat_clusters=0
22:06:47,UNKNOWN,UNKNOWN,SCOUT_IDENTIFICATION,total_units=0|scouts_found=0|scout_ids=
22:06:47,1,5,PHASE1_SUMMARY,total_units=0|scouts_identified=0|scouts_deployed=0|enemies_detected=0|combat_opportunities=0|threat_clusters=0
22:06:47,1,5,PHASE2_SUMMARY,active_plans=0|new_plans=0|executed_plans=0|aborted_plans=0
22:06:47,1,5,TURN_START,player_nation=Niemcy|total_units=0|available_units=0
22:06:47,1,5,PHASE3_SUMMARY,defenders_assigned=0|kps_covered=0|pe_secure=True|threat_level=0.0|active_plans=0
22:06:47,UNKNOWN,UNKNOWN,SCOUT_IDENTIFICATION,total_units=0|scouts_found=0|scout_ids=
22:06:47,1,5,PHASE1_SUMMARY,total_units=0|scouts_identified=0|scouts_deployed=0|enemies_detected=0|combat_opportunities=0|threat_clusters=0
22:06:47,UNKNOWN,UNKNOWN,SCOUT_IDENTIFICATION,total_units=0|scouts_found=0|scout_ids=
22:06:47,1,5,PHASE1_SUMMARY,total_units=0|scouts_identified=0|scouts_deployed=0|enemies_detected=0|combat_opportunities=0|threat_clusters=0
22:06:47,1,5,PHASE2_SUMMARY,active_plans=0|new_plans=0|executed_plans=0|aborted_plans=0
22:06:47,1,5,TURN_START,player_nation=Niemcy|total_units=0|available_units=0
22:06:47,1,5,PHASE3_SUMMARY,defenders_assigned=0|kps_covered=0|pe_secure=True|threat_level=0.0|active_plans=0
22:06:47,UNKNOWN,5,PHASE_4_COMPLETE,request_generated=False|urgency=NONE|requirements=0|priority_areas=
22:06:47,1,2,TURN_START,player_nation=Unknown|total_tokens=0|captured_kps=0
22:06:47,1,2,VP_INTELLIGENCE,"vp_status={'vp_own': 0, 'vp_enemy': 0, 'vp_gap': 0, 'turn': 1, 'max_turns': 30}|trend_direction=STABLE|threat_level=LOW|opportunities_count=0|recommendations_count=0"
22:06:47,UNKNOWN,UNKNOWN,SCOUT_IDENTIFICATION,total_units=0|scouts_found=0|scout_ids=
22:06:47,1,2,PHASE1_SUMMARY,total_units=0|scouts_identified=0|scouts_deployed=0|enemies_detected=0|combat_opportunities=0|threat_clusters=0
22:06:47,UNKNOWN,UNKNOWN,SCOUT_IDENTIFICATION,total_units=0|scouts_found=0|scout_ids=
22:06:47,1,2,PHASE1_SUMMARY,total_units=0|scouts_identified=0|scouts_deployed=0|enemies_detected=0|combat_opportunities=0|threat_clusters=0
22:06:47,1,2,PHASE2_SUMMARY,active_plans=0|new_plans=0|executed_plans=0|aborted_plans=0
22:06:47,1,2,TURN_START,player_nation=Polska|total_units=0|available_units=0
22:06:47,1,2,PHASE3_SUMMARY,defenders_assigned=0|kps_covered=0|pe_secure=True|threat_level=0.0|active_plans=0
22:06:47,UNKNOWN,UNKNOWN,SCOUT_IDENTIFICATION,total_units=0|scouts_found=0|scout_ids=
22:06:47,1,2,PHASE1_SUMMARY,total_units=0|scouts_identified=0|scouts_deployed=0|enemies_detected=0|combat_opportunities=0|threat_clusters=0
22:06:47,UNKNOWN,UNKNOWN,SCOUT_IDENTIFICATION,total_units=0|scouts_found=0|scout_ids=
22:06:47,1,2,PHASE1_SUMMARY,total_units=0|scouts_identified=0|scouts_deployed=0|enemies_detected=0|combat_opportunities=0|threat_clusters=0
22:06:47,1,2,PHASE2_SUMMARY,active_plans=0|new_plans=0|executed_plans=0|aborted_plans=0
22:06:47,1,2,TURN_START,player_nation=Polska|total_units=0|available_units=0
22:06:47,1,2,PHASE3_SUMMARY,defenders_assigned=0|kps_covered=0|pe_secure=True|threat_level=0.0|active_plans=0
22:06:47,UNKNOWN,2,PHASE_4_COMPLETE,request_generated=False|urgency=NONE|requirements=0|priority_areas=
22:06:47,1,5,TURN_START,player_nation=Unknown|total_tokens=0|captured_kps=0
22:06:47,1,5,VP_INTELLIGENCE,"vp_status={'vp_own': 0, 'vp_enemy': 0, 'vp_gap': 0, 'turn': 1, 'max_turns': 30}|trend_direction=STABLE|threat_level=LOW|opportunities_count=0|recommendations_count=0"
22:06:47,UNKNOWN,UNKNOWN,SCOUT_IDENTIFICATION,total_units=0|scouts_found=0|scout_ids=
22:06:47,1,5,PHASE1_SUMMARY,total_units=0|scouts_identified=0|scouts_deployed=0|enemies_detected=0|combat_opportunities=0|threat_clusters=0
22:06:47,UNKNOWN,UNKNOWN,SCOUT_IDENTIFICATION,total_units=0|scouts_found=0|scout_ids=
22:06:47,1,5,PHASE1_SUMMARY,total_units=0|scouts_identified=0|scouts_deployed=0|enemies_detected=0|combat_opportunities=0|threat_clusters=0
22:06:47,1,5,PHASE2_SUMMARY,active_plans=0|new_plans=0|executed_plans=0|aborted_plans=0
22:06:47,1,5,TURN_START,player_nation=Niemcy|total_units=0|available_units=0
22:06:47,1,5,PHASE3_SUMMARY,defenders_assigned=0|kps_covered=0|pe_secure=True|threat_level=0.0|active_plans=0
22:06:47,UNKNOWN,UNKNOWN,SCOUT_IDENTIFICATION,total_units=0|scouts_found=0|scout_ids=
22:06:47,1,5,PHASE1_SUMMARY,total_units=0|scouts_identified=0|scouts_deployed=0|enemies_detected=0|combat_opportunities=0|threat_clusters=0
22:06:47,UNKNOWN,UNKNOWN,SCOUT_IDENTIFICATION,total_units=0|scouts_found=0|scout_ids=
22:06:47,1,5,PHASE1_SUMMARY,total_units=0|scouts_identified=0|scouts_deployed=0|enemies_detected=0|combat_opportunities=0|threat_clusters=0
22:06:47,1,5,PHASE2_SUMMARY,active_plans=0|new_plans=0|executed_plans=0|aborted_plans=0
22:06:47,1,5,TURN_START,player_nation=Niemcy|total_units=0|available_units=0
22:06:47,1,5,PHASE3_SUMMARY,defenders_assigned=0|kps_covered=0|pe_secure=True|threat_level=0.0|active_plans=0
22:06:47,UNKNOWN,5,PHASE_4_COMPLETE,request_generated=False|urgency=NONE|requirements=0|priority_areas=
22:06:47,1,2,TURN_START,player_nation=Unknown|total_tokens=0|captured_kps=0
22:06:47,1,2,VP_INTELLIGENCE,"vp_status={'vp_own': 0, 'vp_enemy': 0, 'vp_gap': 0, 'turn': 1, 'max_turns': 30}|trend_direction=STABLE|threat_level=LOW|opportunities_count=0|recommendations_count=0"
22:06:47,UNKNOWN,UNKNOWN,SCOUT_IDENTIFICATION,total_units=0|scouts_found=0|scout_ids=
22:06:47,1,2,PHASE1_SUMMARY,total_units=0|scouts_identified=0|scouts_deployed=0|enemies_detected=0|combat_opportunities=0|threat_clusters=0
22:06:47,UNKNOWN,UNKNOWN,SCOUT_IDENTIFICATION,total_units=0|scouts_found=0|scout_ids=
22:06:47,1,2,PHASE1_SUMMARY,total_units=0|scouts_identified=0|scouts_deployed=0|enemies_detected=0|combat_opportunities=0|threat_clusters=0
22:06:47,1,2,PHASE2_SUMMARY,active_plans=0|new_plans=0|executed_plans=0|aborted_plans=0
22:06:47,1,2,TURN_START,player_nation=Polska|total_units=0|available_units=0
22:06:47,1,2,PHASE3_SUMMARY,defenders_assigned=0|kps_covered=0|pe_secure=True|threat_level=0.0|active_plans=0
22:06:47,UNKNOWN,UNKNOWN,SCOUT_IDENTIFICATION,total_units=0|scouts_found=0|scout_ids=
22:06:47,1,2,PHASE1_SUMMARY,total_units=0|scouts_identified=0|scouts_deployed=0|enemies_detected=0|combat_opportunities=0|threat_clusters=0
22:06:47,UNKNOWN,UNKNOWN,SCOUT_IDENTIFICATION,total_units=0|scouts_found=0|scout_ids=
22:06:47,1,2,PHASE1_SUMMARY,total_units=0|scouts_identified=0|scouts_deployed=0|enemies_detected=0|combat_opportunities=0|threat_clusters=0
22:06:47,1,2,PHASE2_SUMMARY,active_plans=0|new_plans=0|executed_plans=0|aborted_plans=0
22:06:47,1,2,TURN_START,player_nation=Polska|total_units=0|available_units=0
22:06:47,1,2,PHASE3_SUMMARY,defenders_assigned=0|kps_covered=0|pe_secure=True|threat_level=0.0|active_plans=0
22:06:47,UNKNOWN,2,PHASE_4_COMPLETE,request_generated=False|urgency=NONE|requirements=0|priority_areas=
22:06:48,1,5,TURN_START,player_nation=Unknown|total_tokens=0|captured_kps=0
22:06:48,1,5,VP_INTELLIGENCE,"vp_status={'vp_own': 0, 'vp_enemy': 0, 'vp_gap': 0, 'turn': 1, 'max_turns': 30}|trend_direction=STABLE|threat_level=LOW|opportunities_count=0|recommendations_count=0"
22:06:48,UNKNOWN,UNKNOWN,SCOUT_IDENTIFICATION,total_units=0|scouts_found=0|scout_ids=
22:06:48,1,5,PHASE1_SUMMARY,total_units=0|scouts_identified=0|scouts_deployed=0|enemies_detected=0|combat_opportunities=0|threat_clusters=0
22:06:48,UNKNOWN,UNKNOWN,SCOUT_IDENTIFICATION,total_units=0|scouts_found=0|scout_ids=
22:06:48,1,5,PHASE1_SUMMARY,total_units=0|scouts_identified=0|scouts_deployed=0|enemies_detected=0|combat_opportunities=0|threat_clusters=0
22:06:48,1,5,PHASE2_SUMMARY,active_plans=0|new_plans=0|executed_plans=0|aborted_plans=0
22:06:48,1,5,TURN_START,player_nation=Niemcy|total_units=0|available_units=0
22:06:48,1,5,PHASE3_SUMMARY,defenders_assigned=0|kps_covered=0|pe_secure=True|threat_level=0.0|active_plans=0
22:06:48,UNKNOWN,UNKNOWN,SCOUT_IDENTIFICATION,total_units=0|scouts_found=0|scout_ids=
22:06:48,1,5,PHASE1_SUMMARY,total_units=0|scouts_identified=0|scouts_deployed=0|enemies_detected=0|combat_opportunities=0|threat_clusters=0
22:06:48,UNKNOWN,UNKNOWN,SCOUT_IDENTIFICATION,total_units=0|scouts_found=0|scout_ids=
22:06:48,1,5,PHASE1_SUMMARY,total_units=0|scouts_identified=0|scouts_deployed=0|enemies_detected=0|combat_opportunities=0|threat_clusters=0
22:06:48,1,5,PHASE2_SUMMARY,active_plans=0|new_plans=0|executed_plans=0|aborted_plans=0
22:06:48,1,5,TURN_START,player_nation=Niemcy|total_units=0|available_units=0
22:06:48,1,5,PHASE3_SUMMARY,defenders_assigned=0|kps_covered=0|pe_secure=True|threat_level=0.0|active_plans=0
22:06:48,UNKNOWN,5,PHASE_4_COMPLETE,request_generated=False|urgency=NONE|requirements=0|priority_areas=
22:06:48,1,2,TURN_START,player_nation=Unknown|total_tokens=0|captured_kps=0
22:06:48,1,2,VP_INTELLIGENCE,"vp_status={'vp_own': 0, 'vp_enemy': 0, 'vp_gap': 0, 'turn': 1, 'max_turns': 30}|trend_direction=STABLE|threat_level=LOW|opportunities_count=0|recommendations_count=0"
22:06:48,UNKNOWN,UNKNOWN,SCOUT_IDENTIFICATION,total_units=0|scouts_found=0|scout_ids=
22:06:48,1,2,PHASE1_SUMMARY,total_units=0|scouts_identified=0|scouts_deployed=0|enemies_detected=0|combat_opportunities=0|threat_clusters=0
22:06:48,UNKNOWN,UNKNOWN,SCOUT_IDENTIFICATION,total_units=0|scouts_found=0|scout_ids=
22:06:48,1,2,PHASE1_SUMMARY,total_units=0|scouts_identified=0|scouts_deployed=0|enemies_detected=0|combat_opportunities=0|threat_clusters=0
22:06:48,1,2,PHASE2_SUMMARY,active_plans=0|new_plans=0|executed_plans=0|aborted_plans=0
22:06:48,1,2,TURN_START,player_nation=Polska|total_units=0|available_units=0
22:06:48,1,2,PHASE3_SUMMARY,defenders_assigned=0|kps_covered=0|pe_secure=True|threat_level=0.0|active_plans=0
22:06:48,UNKNOWN,UNKNOWN,SCOUT_IDENTIFICATION,total_units=0|scouts_found=0|scout_ids=
22:06:48,1,2,PHASE1_SUMMARY,total_units=0|scouts_identified=0|scouts_deployed=0|enemies_detected=0|combat_opportunities=0|threat_clusters=0
22:06:48,UNKNOWN,UNKNOWN,SCOUT_IDENTIFICATION,total_units=0|scouts_found=0|scout_ids=
22:06:48,1,2,PHASE1_SUMMARY,total_units=0|scouts_identified=0|scouts_deployed=0|enemies_detected=0|combat_opportunities=0|threat_clusters=0
22:06:48,1,2,PHASE2_SUMMARY,active_plans=0|new_plans=0|executed_plans=0|aborted_plans=0
22:06:48,1,2,TURN_START,player_nation=Polska|total_units=0|available_units=0
22:06:48,1,2,PHASE3_SUMMARY,defenders_assigned=0|kps_covered=0|pe_secure=True|threat_level=0.0|active_plans=0
22:06:48,UNKNOWN,2,PHASE_4_COMPLETE,request_generated=False|urgency=NONE|requirements=0|priority_areas=
22:06:49,1,5,TURN_START,player_nation=Unknown|total_tokens=0|captured_kps=0
22:06:49,1,5,VP_INTELLIGENCE,"vp_status={'vp_own': 0, 'vp_enemy': 0, 'vp_gap': 0, 'turn': 1, 'max_turns': 30}|trend_direction=STABLE|threat_level=LOW|opportunities_count=0|recommendations_count=0"
22:06:49,UNKNOWN,UNKNOWN,SCOUT_IDENTIFICATION,total_units=0|scouts_found=0|scout_ids=
22:06:49,1,5,PHASE1_SUMMARY,total_units=0|scouts_identified=0|scouts_deployed=0|enemies_detected=0|combat_opportunities=0|threat_clusters=0
22:06:49,UNKNOWN,UNKNOWN,SCOUT_IDENTIFICATION,total_units=0|scouts_found=0|scout_ids=
22:06:49,1,5,PHASE1_SUMMARY,total_units=0|scouts_identified=0|scouts_deployed=0|enemies_detected=0|combat_opportunities=0|threat_clusters=0
22:06:49,1,5,PHASE2_SUMMARY,active_plans=0|new_plans=0|executed_plans=0|aborted_plans=0
22:06:49,1,5,TURN_START,player_nation=Niemcy|total_units=0|available_units=0
22:06:49,1,5,PHASE3_SUMMARY,defenders_assigned=0|kps_covered=0|pe_secure=True|threat_level=0.0|active_plans=0
22:06:49,UNKNOWN,UNKNOWN,SCOUT_IDENTIFICATION,total_units=0|scouts_found=0|scout_ids=
22:06:49,1,5,PHASE1_SUMMARY,total_units=0|scouts_identified=0|scouts_deployed=0|enemies_detected=0|combat_opportunities=0|threat_clusters=0
22:06:49,UNKNOWN,UNKNOWN,SCOUT_IDENTIFICATION,total_units=0|scouts_found=0|scout_ids=
22:06:49,1,5,PHASE1_SUMMARY,total_units=0|scouts_identified=0|scouts_deployed=0|enemies_detected=0|combat_opportunities=0|threat_clusters=0
22:06:49,1,5,PHASE2_SUMMARY,active_plans=0|new_plans=0|executed_plans=0|aborted_plans=0
22:06:49,1,5,TURN_START,player_nation=Niemcy|total_units=0|available_units=0
22:06:49,1,5,PHASE3_SUMMARY,defenders_assigned=0|kps_covered=0|pe_secure=True|threat_level=0.0|active_plans=0
22:06:49,UNKNOWN,5,PHASE_4_COMPLETE,request_generated=False|urgency=NONE|requirements=0|priority_areas=
22:06:49,1,2,TURN_START,player_nation=Unknown|total_tokens=0|captured_kps=0
22:06:49,1,2,VP_INTELLIGENCE,"vp_status={'vp_own': 0, 'vp_enemy': 0, 'vp_gap': 0, 'turn': 1, 'max_turns': 30}|trend_direction=STABLE|threat_level=LOW|opportunities_count=0|recommendations_count=0"
22:06:49,UNKNOWN,UNKNOWN,SCOUT_IDENTIFICATION,total_units=0|scouts_found=0|scout_ids=
22:06:49,1,2,PHASE1_SUMMARY,total_units=0|scouts_identified=0|scouts_deployed=0|enemies_detected=0|combat_opportunities=0|threat_clusters=0
22:06:49,UNKNOWN,UNKNOWN,SCOUT_IDENTIFICATION,total_units=0|scouts_found=0|scout_ids=
22:06:49,1,2,PHASE1_SUMMARY,total_units=0|scouts_identified=0|scouts_deployed=0|enemies_detected=0|combat_opportunities=0|threat_clusters=0
22:06:49,1,2,PHASE2_SUMMARY,active_plans=0|new_plans=0|executed_plans=0|aborted_plans=0
22:06:49,1,2,TURN_START,player_nation=Polska|total_units=0|available_units=0
22:06:49,1,2,PHASE3_SUMMARY,defenders_assigned=0|kps_covered=0|pe_secure=True|threat_level=0.0|active_plans=0
22:06:49,UNKNOWN,UNKNOWN,SCOUT_IDENTIFICATION,total_units=0|scouts_found=0|scout_ids=
22:06:49,1,2,PHASE1_SUMMARY,total_units=0|scouts_identified=0|scouts_deployed=0|enemies_detected=0|combat_opportunities=0|threat_clusters=0
22:06:49,UNKNOWN,UNKNOWN,SCOUT_IDENTIFICATION,total_units=0|scouts_found=0|scout_ids=
22:06:49,1,2,PHASE1_SUMMARY,total_units=0|scouts_identified=0|scouts_deployed=0|enemies_detected=0|combat_opportunities=0|threat_clusters=0
22:06:49,1,2,PHASE2_SUMMARY,active_plans=0|new_plans=0|executed_plans=0|aborted_plans=0
22:06:49,1,2,TURN_START,player_nation=Polska|total_units=0|available_units=0
22:06:49,1,2,PHASE3_SUMMARY,defenders_assigned=0|kps_covered=0|pe_secure=True|threat_level=0.0|active_plans=0
22:06:49,UNKNOWN,2,PHASE_4_COMPLETE,request_generated=False|urgency=NONE|requirements=0|priority_areas=
22:06:50,1,5,TURN_START,player_nation=Unknown|total_tokens=0|captured_kps=0
22:06:50,1,5,VP_INTELLIGENCE,"vp_status={'vp_own': 0, 'vp_enemy': 0, 'vp_gap': 0, 'turn': 1, 'max_turns': 30}|trend_direction=STABLE|threat_level=LOW|opportunities_count=0|recommendations_count=0"
22:06:50,UNKNOWN,UNKNOWN,SCOUT_IDENTIFICATION,total_units=0|scouts_found=0|scout_ids=
22:06:50,1,5,PHASE1_SUMMARY,total_units=0|scouts_identified=0|scouts_deployed=0|enemies_detected=0|combat_opportunities=0|threat_clusters=0
22:06:50,UNKNOWN,UNKNOWN,SCOUT_IDENTIFICATION,total_units=0|scouts_found=0|scout_ids=
22:06:50,1,5,PHASE1_SUMMARY,total_units=0|scouts_identified=0|scouts_deployed=0|enemies_detected=0|combat_opportunities=0|threat_clusters=0
22:06:50,1,5,PHASE2_SUMMARY,active_plans=0|new_plans=0|executed_plans=0|aborted_plans=0
22:06:50,1,5,TURN_START,player_nation=Niemcy|total_units=0|available_units=0
22:06:50,1,5,PHASE3_SUMMARY,defenders_assigned=0|kps_covered=0|pe_secure=True|threat_level=0.0|active_plans=0
22:06:50,UNKNOWN,UNKNOWN,SCOUT_IDENTIFICATION,total_units=0|scouts_found=0|scout_ids=
22:06:50,1,5,PHASE1_SUMMARY,total_units=0|scouts_identified=0|scouts_deployed=0|enemies_detected=0|combat_opportunities=0|threat_clusters=0
22:06:50,UNKNOWN,UNKNOWN,SCOUT_IDENTIFICATION,total_units=0|scouts_found=0|scout_ids=
22:06:50,1,5,PHASE1_SUMMARY,total_units=0|scouts_identified=0|scouts_deployed=0|enemies_detected=0|combat_opportunities=0|threat_clusters=0
22:06:50,1,5,PHASE2_SUMMARY,active_plans=0|new_plans=0|executed_plans=0|aborted_plans=0
22:06:50,1,5,TURN_START,player_nation=Niemcy|total_units=0|available_units=0
22:06:50,1,5,PHASE3_SUMMARY,defenders_assigned=0|kps_covered=0|pe_secure=True|threat_level=0.0|active_plans=0
22:06:50,UNKNOWN,5,PHASE_4_COMPLETE,request_generated=False|urgency=NONE|requirements=0|priority_areas=
22:06:50,1,2,TURN_START,player_nation=Unknown|total_tokens=0|captured_kps=0
22:06:50,1,2,VP_INTELLIGENCE,"vp_status={'vp_own': 0, 'vp_enemy': 0, 'vp_gap': 0, 'turn': 1, 'max_turns': 30}|trend_direction=STABLE|threat_level=LOW|opportunities_count=0|recommendations_count=0"
22:06:50,UNKNOWN,UNKNOWN,SCOUT_IDENTIFICATION,total_units=0|scouts_found=0|scout_ids=
22:06:50,1,2,PHASE1_SUMMARY,total_units=0|scouts_identified=0|scouts_deployed=0|enemies_detected=0|combat_opportunities=0|threat_clusters=0
22:06:50,UNKNOWN,UNKNOWN,SCOUT_IDENTIFICATION,total_units=0|scouts_found=0|scout_ids=
22:06:50,1,2,PHASE1_SUMMARY,total_units=0|scouts_identified=0|scouts_deployed=0|enemies_detected=0|combat_opportunities=0|threat_clusters=0
22:06:50,1,2,PHASE2_SUMMARY,active_plans=0|new_plans=0|executed_plans=0|aborted_plans=0
22:06:50,1,2,TURN_START,player_nation=Polska|total_units=0|available_units=0
22:06:50,1,2,PHASE3_SUMMARY,defenders_assigned=0|kps_covered=0|pe_secure=True|threat_level=0.0|active_plans=0
22:06:50,UNKNOWN,UNKNOWN,SCOUT_IDENTIFICATION,total_units=0|scouts_found=0|scout_ids=
22:06:50,1,2,PHASE1_SUMMARY,total_units=0|scouts_identified=0|scouts_deployed=0|enemies_detected=0|combat_opportunities=0|threat_clusters=0
22:06:50,UNKNOWN,UNKNOWN,SCOUT_IDENTIFICATION,total_units=0|scouts_found=0|scout_ids=
22:06:50,1,2,PHASE1_SUMMARY,total_units=0|scouts_identified=0|scouts_deployed=0|enemies_detected=0|combat_opportunities=0|threat_clusters=0
22:06:50,1,2,PHASE2_SUMMARY,active_plans=0|new_plans=0|executed_plans=0|aborted_plans=0
22:06:50,1,2,TURN_START,player_nation=Polska|total_units=0|available_units=0
22:06:50,1,2,PHASE3_SUMMARY,defenders_assigned=0|kps_covered=0|pe_secure=True|threat_level=0.0|active_plans=0
22:06:50,UNKNOWN,2,PHASE_4_COMPLETE,request_generated=False|urgency=NONE|requirements=0|priority_areas=
22:06:50,1,5,TURN_START,player_nation=Unknown|total_tokens=0|captured_kps=0
22:06:50,1,5,VP_INTELLIGENCE,"vp_status={'vp_own': 0, 'vp_enemy': 0, 'vp_gap': 0, 'turn': 1, 'max_turns': 30}|trend_direction=STABLE|threat_level=LOW|opportunities_count=0|recommendations_count=0"
22:06:50,UNKNOWN,UNKNOWN,SCOUT_IDENTIFICATION,total_units=0|scouts_found=0|scout_ids=
22:06:50,1,5,PHASE1_SUMMARY,total_units=0|scouts_identified=0|scouts_deployed=0|enemies_detected=0|combat_opportunities=0|threat_clusters=0
22:06:50,UNKNOWN,UNKNOWN,SCOUT_IDENTIFICATION,total_units=0|scouts_found=0|scout_ids=
22:06:50,1,5,PHASE1_SUMMARY,total_units=0|scouts_identified=0|scouts_deployed=0|enemies_detected=0|combat_opportunities=0|threat_clusters=0
22:06:50,1,5,PHASE2_SUMMARY,active_plans=0|new_plans=0|executed_plans=0|aborted_plans=0
22:06:50,1,5,TURN_START,player_nation=Niemcy|total_units=0|available_units=0
22:06:50,1,5,PHASE3_SUMMARY,defenders_assigned=0|kps_covered=0|pe_secure=True|threat_level=0.0|active_plans=0
22:06:50,UNKNOWN,UNKNOWN,SCOUT_IDENTIFICATION,total_units=0|scouts_found=0|scout_ids=
22:06:50,1,5,PHASE1_SUMMARY,total_units=0|scouts_identified=0|scouts_deployed=0|enemies_detected=0|combat_opportunities=0|threat_clusters=0
22:06:50,UNKNOWN,UNKNOWN,SCOUT_IDENTIFICATION,total_units=0|scouts_found=0|scout_ids=
22:06:50,1,5,PHASE1_SUMMARY,total_units=0|scouts_identified=0|scouts_deployed=0|enemies_detected=0|combat_opportunities=0|threat_clusters=0
22:06:50,1,5,PHASE2_SUMMARY,active_plans=0|new_plans=0|executed_plans=0|aborted_plans=0
22:06:50,1,5,TURN_START,player_nation=Niemcy|total_units=0|available_units=0
22:06:50,1,5,PHASE3_SUMMARY,defenders_assigned=0|kps_covered=0|pe_secure=True|threat_level=0.0|active_plans=0
22:06:50,UNKNOWN,5,PHASE_4_COMPLETE,request_generated=False|urgency=NONE|requirements=0|priority_areas=
22:06:51,1,2,TURN_START,player_nation=Unknown|total_tokens=0|captured_kps=0
22:06:51,1,2,VP_INTELLIGENCE,"vp_status={'vp_own': 0, 'vp_enemy': 0, 'vp_gap': 0, 'turn': 1, 'max_turns': 30}|trend_direction=STABLE|threat_level=LOW|opportunities_count=0|recommendations_count=0"
22:06:51,UNKNOWN,UNKNOWN,SCOUT_IDENTIFICATION,total_units=0|scouts_found=0|scout_ids=
22:06:51,1,2,PHASE1_SUMMARY,total_units=0|scouts_identified=0|scouts_deployed=0|enemies_detected=0|combat_opportunities=0|threat_clusters=0
22:06:51,UNKNOWN,UNKNOWN,SCOUT_IDENTIFICATION,total_units=0|scouts_found=0|scout_ids=
22:06:51,1,2,PHASE1_SUMMARY,total_units=0|scouts_identified=0|scouts_deployed=0|enemies_detected=0|combat_opportunities=0|threat_clusters=0
22:06:51,1,2,PHASE2_SUMMARY,active_plans=0|new_plans=0|executed_plans=0|aborted_plans=0
22:06:51,1,2,TURN_START,player_nation=Polska|total_units=0|available_units=0
22:06:51,1,2,PHASE3_SUMMARY,defenders_assigned=0|kps_covered=0|pe_secure=True|threat_level=0.0|active_plans=0
22:06:51,UNKNOWN,UNKNOWN,SCOUT_IDENTIFICATION,total_units=0|scouts_found=0|scout_ids=
22:06:51,1,2,PHASE1_SUMMARY,total_units=0|scouts_identified=0|scouts_deployed=0|enemies_detected=0|combat_opportunities=0|threat_clusters=0
22:06:51,UNKNOWN,UNKNOWN,SCOUT_IDENTIFICATION,total_units=0|scouts_found=0|scout_ids=
22:06:51,1,2,PHASE1_SUMMARY,total_units=0|scouts_identified=0|scouts_deployed=0|enemies_detected=0|combat_opportunities=0|threat_clusters=0
22:06:51,1,2,PHASE2_SUMMARY,active_plans=0|new_plans=0|executed_plans=0|aborted_plans=0
22:06:51,1,2,TURN_START,player_nation=Polska|total_units=0|available_units=0
22:06:51,1,2,PHASE3_SUMMARY,defenders_assigned=0|kps_covered=0|pe_secure=True|threat_level=0.0|active_plans=0
22:06:51,UNKNOWN,2,PHASE_4_COMPLETE,request_generated=False|urgency=NONE|requirements=0|priority_areas=
22:06:51,1,5,TURN_START,player_nation=Unknown|total_tokens=0|captured_kps=0
22:06:51,1,5,VP_INTELLIGENCE,"vp_status={'vp_own': 0, 'vp_enemy': 0, 'vp_gap': 0, 'turn': 1, 'max_turns': 30}|trend_direction=STABLE|threat_level=LOW|opportunities_count=0|recommendations_count=0"
22:06:51,UNKNOWN,UNKNOWN,SCOUT_IDENTIFICATION,total_units=0|scouts_found=0|scout_ids=
22:06:51,1,5,PHASE1_SUMMARY,total_units=0|scouts_identified=0|scouts_deployed=0|enemies_detected=0|combat_opportunities=0|threat_clusters=0
22:06:51,UNKNOWN,UNKNOWN,SCOUT_IDENTIFICATION,total_units=0|scouts_found=0|scout_ids=
22:06:51,1,5,PHASE1_SUMMARY,total_units=0|scouts_identified=0|scouts_deployed=0|enemies_detected=0|combat_opportunities=0|threat_clusters=0
22:06:51,1,5,PHASE2_SUMMARY,active_plans=0|new_plans=0|executed_plans=0|aborted_plans=0
22:06:51,1,5,TURN_START,player_nation=Niemcy|total_units=0|available_units=0
22:06:51,1,5,PHASE3_SUMMARY,defenders_assigned=0|kps_covered=0|pe_secure=True|threat_level=0.0|active_plans=0
22:06:51,UNKNOWN,UNKNOWN,SCOUT_IDENTIFICATION,total_units=0|scouts_found=0|scout_ids=
22:06:51,1,5,PHASE1_SUMMARY,total_units=0|scouts_identified=0|scouts_deployed=0|enemies_detected=0|combat_opportunities=0|threat_clusters=0
22:06:51,UNKNOWN,UNKNOWN,SCOUT_IDENTIFICATION,total_units=0|scouts_found=0|scout_ids=
22:06:51,1,5,PHASE1_SUMMARY,total_units=0|scouts_identified=0|scouts_deployed=0|enemies_detected=0|combat_opportunities=0|threat_clusters=0
22:06:51,1,5,PHASE2_SUMMARY,active_plans=0|new_plans=0|executed_plans=0|aborted_plans=0
22:06:51,1,5,TURN_START,player_nation=Niemcy|total_units=0|available_units=0
22:06:51,1,5,PHASE3_SUMMARY,defenders_assigned=0|kps_covered=0|pe_secure=True|threat_level=0.0|active_plans=0
22:06:51,UNKNOWN,5,PHASE_4_COMPLETE,request_generated=False|urgency=NONE|requirements=0|priority_areas=
22:06:51,1,2,TURN_START,player_nation=Unknown|total_tokens=0|captured_kps=0
22:06:51,1,2,VP_INTELLIGENCE,"vp_status={'vp_own': 0, 'vp_enemy': 0, 'vp_gap': 0, 'turn': 1, 'max_turns': 30}|trend_direction=STABLE|threat_level=LOW|opportunities_count=0|recommendations_count=0"
22:06:51,UNKNOWN,UNKNOWN,SCOUT_IDENTIFICATION,total_units=0|scouts_found=0|scout_ids=
22:06:51,1,2,PHASE1_SUMMARY,total_units=0|scouts_identified=0|scouts_deployed=0|enemies_detected=0|combat_opportunities=0|threat_clusters=0
22:06:51,UNKNOWN,UNKNOWN,SCOUT_IDENTIFICATION,total_units=0|scouts_found=0|scout_ids=
22:06:51,1,2,PHASE1_SUMMARY,total_units=0|scouts_identified=0|scouts_deployed=0|enemies_detected=0|combat_opportunities=0|threat_clusters=0
22:06:51,1,2,PHASE2_SUMMARY,active_plans=0|new_plans=0|executed_plans=0|aborted_plans=0
22:06:51,1,2,TURN_START,player_nation=Polska|total_units=0|available_units=0
22:06:51,1,2,PHASE3_SUMMARY,defenders_assigned=0|kps_covered=0|pe_secure=True|threat_level=0.0|active_plans=0
22:06:51,UNKNOWN,UNKNOWN,SCOUT_IDENTIFICATION,total_units=0|scouts_found=0|scout_ids=
22:06:51,1,2,PHASE1_SUMMARY,total_units=0|scouts_identified=0|scouts_deployed=0|enemies_detected=0|combat_opportunities=0|threat_clusters=0
22:06:51,UNKNOWN,UNKNOWN,SCOUT_IDENTIFICATION,total_units=0|scouts_found=0|scout_ids=
22:06:51,1,2,PHASE1_SUMMARY,total_units=0|scouts_identified=0|scouts_deployed=0|enemies_detected=0|combat_opportunities=0|threat_clusters=0
22:06:51,1,2,PHASE2_SUMMARY,active_plans=0|new_plans=0|executed_plans=0|aborted_plans=0
22:06:51,1,2,TURN_START,player_nation=Polska|total_units=0|available_units=0
22:06:51,1,2,PHASE3_SUMMARY,defenders_assigned=0|kps_covered=0|pe_secure=True|threat_level=0.0|active_plans=0
22:06:51,UNKNOWN,2,PHASE_4_COMPLETE,request_generated=False|urgency=NONE|requirements=0|priority_areas=
22:06:52,1,5,TURN_START,player_nation=Unknown|total_tokens=0|captured_kps=0
22:06:52,1,5,VP_INTELLIGENCE,"vp_status={'vp_own': 0, 'vp_enemy': 0, 'vp_gap': 0, 'turn': 1, 'max_turns': 30}|trend_direction=STABLE|threat_level=LOW|opportunities_count=0|recommendations_count=0"
22:06:52,UNKNOWN,UNKNOWN,SCOUT_IDENTIFICATION,total_units=0|scouts_found=0|scout_ids=
22:06:52,1,5,PHASE1_SUMMARY,total_units=0|scouts_identified=0|scouts_deployed=0|enemies_detected=0|combat_opportunities=0|threat_clusters=0
22:06:52,UNKNOWN,UNKNOWN,SCOUT_IDENTIFICATION,total_units=0|scouts_found=0|scout_ids=
22:06:52,1,5,PHASE1_SUMMARY,total_units=0|scouts_identified=0|scouts_deployed=0|enemies_detected=0|combat_opportunities=0|threat_clusters=0
22:06:52,1,5,PHASE2_SUMMARY,active_plans=0|new_plans=0|executed_plans=0|aborted_plans=0
22:06:52,1,5,TURN_START,player_nation=Niemcy|total_units=0|available_units=0
22:06:52,1,5,PHASE3_SUMMARY,defenders_assigned=0|kps_covered=0|pe_secure=True|threat_level=0.0|active_plans=0
22:06:52,UNKNOWN,UNKNOWN,SCOUT_IDENTIFICATION,total_units=0|scouts_found=0|scout_ids=
22:06:52,1,5,PHASE1_SUMMARY,total_units=0|scouts_identified=0|scouts_deployed=0|enemies_detected=0|combat_opportunities=0|threat_clusters=0
22:06:52,UNKNOWN,UNKNOWN,SCOUT_IDENTIFICATION,total_units=0|scouts_found=0|scout_ids=
22:06:52,1,5,PHASE1_SUMMARY,total_units=0|scouts_identified=0|scouts_deployed=0|enemies_detected=0|combat_opportunities=0|threat_clusters=0
22:06:52,1,5,PHASE2_SUMMARY,active_plans=0|new_plans=0|executed_plans=0|aborted_plans=0
22:06:52,1,5,TURN_START,player_nation=Niemcy|total_units=0|available_units=0
22:06:52,1,5,PHASE3_SUMMARY,defenders_assigned=0|kps_covered=0|pe_secure=True|threat_level=0.0|active_plans=0
22:06:52,UNKNOWN,5,PHASE_4_COMPLETE,request_generated=False|urgency=NONE|requirements=0|priority_areas=
22:06:52,1,2,TURN_START,player_nation=Unknown|total_tokens=0|captured_kps=0
22:06:52,1,2,VP_INTELLIGENCE,"vp_status={'vp_own': 0, 'vp_enemy': 0, 'vp_gap': 0, 'turn': 1, 'max_turns': 30}|trend_direction=STABLE|threat_level=LOW|opportunities_count=0|recommendations_count=0"
22:06:52,UNKNOWN,UNKNOWN,SCOUT_IDENTIFICATION,total_units=0|scouts_found=0|scout_ids=
22:06:52,1,2,PHASE1_SUMMARY,total_units=0|scouts_identified=0|scouts_deployed=0|enemies_detected=0|combat_opportunities=0|threat_clusters=0
22:06:52,UNKNOWN,UNKNOWN,SCOUT_IDENTIFICATION,total_units=0|scouts_found=0|scout_ids=
22:06:52,1,2,PHASE1_SUMMARY,total_units=0|scouts_identified=0|scouts_deployed=0|enemies_detected=0|combat_opportunities=0|threat_clusters=0
22:06:52,1,2,PHASE2_SUMMARY,active_plans=0|new_plans=0|executed_plans=0|aborted_plans=0
22:06:52,1,2,TURN_START,player_nation=Polska|total_units=0|available_units=0
22:06:52,1,2,PHASE3_SUMMARY,defenders_assigned=0|kps_covered=0|pe_secure=True|threat_level=0.0|active_plans=0
22:06:52,UNKNOWN,UNKNOWN,SCOUT_IDENTIFICATION,total_units=0|scouts_found=0|scout_ids=
22:06:52,1,2,PHASE1_SUMMARY,total_units=0|scouts_identified=0|scouts_deployed=0|enemies_detected=0|combat_opportunities=0|threat_clusters=0
22:06:52,UNKNOWN,UNKNOWN,SCOUT_IDENTIFICATION,total_units=0|scouts_found=0|scout_ids=
22:06:52,1,2,PHASE1_SUMMARY,total_units=0|scouts_identified=0|scouts_deployed=0|enemies_detected=0|combat_opportunities=0|threat_clusters=0
22:06:52,1,2,PHASE2_SUMMARY,active_plans=0|new_plans=0|executed_plans=0|aborted_plans=0
22:06:52,1,2,TURN_START,player_nation=Polska|total_units=0|available_units=0
22:06:52,1,2,PHASE3_SUMMARY,defenders_assigned=0|kps_covered=0|pe_secure=True|threat_level=0.0|active_plans=0
22:06:52,UNKNOWN,2,PHASE_4_COMPLETE,request_generated=False|urgency=NONE|requirements=0|priority_areas=
22:06:52,1,5,TURN_START,player_nation=Unknown|total_tokens=0|captured_kps=0
22:06:52,1,5,VP_INTELLIGENCE,"vp_status={'vp_own': 0, 'vp_enemy': 0, 'vp_gap': 0, 'turn': 1, 'max_turns': 30}|trend_direction=STABLE|threat_level=LOW|opportunities_count=0|recommendations_count=0"
22:06:52,UNKNOWN,UNKNOWN,SCOUT_IDENTIFICATION,total_units=0|scouts_found=0|scout_ids=
22:06:52,1,5,PHASE1_SUMMARY,total_units=0|scouts_identified=0|scouts_deployed=0|enemies_detected=0|combat_opportunities=0|threat_clusters=0
22:06:52,UNKNOWN,UNKNOWN,SCOUT_IDENTIFICATION,total_units=0|scouts_found=0|scout_ids=
22:06:52,1,5,PHASE1_SUMMARY,total_units=0|scouts_identified=0|scouts_deployed=0|enemies_detected=0|combat_opportunities=0|threat_clusters=0
22:06:52,1,5,PHASE2_SUMMARY,active_plans=0|new_plans=0|executed_plans=0|aborted_plans=0
22:06:52,1,5,TURN_START,player_nation=Niemcy|total_units=0|available_units=0
22:06:52,1,5,PHASE3_SUMMARY,defenders_assigned=0|kps_covered=0|pe_secure=True|threat_level=0.0|active_plans=0
22:06:52,UNKNOWN,UNKNOWN,SCOUT_IDENTIFICATION,total_units=0|scouts_found=0|scout_ids=
22:06:52,1,5,PHASE1_SUMMARY,total_units=0|scouts_identified=0|scouts_deployed=0|enemies_detected=0|combat_opportunities=0|threat_clusters=0
22:06:52,UNKNOWN,UNKNOWN,SCOUT_IDENTIFICATION,total_units=0|scouts_found=0|scout_ids=
22:06:52,1,5,PHASE1_SUMMARY,total_units=0|scouts_identified=0|scouts_deployed=0|enemies_detected=0|combat_opportunities=0|threat_clusters=0
22:06:52,1,5,PHASE2_SUMMARY,active_plans=0|new_plans=0|executed_plans=0|aborted_plans=0
22:06:52,1,5,TURN_START,player_nation=Niemcy|total_units=0|available_units=0
22:06:52,1,5,PHASE3_SUMMARY,defenders_assigned=0|kps_covered=0|pe_secure=True|threat_level=0.0|active_plans=0
22:06:52,UNKNOWN,5,PHASE_4_COMPLETE,request_generated=False|urgency=NONE|requirements=0|priority_areas=
22:06:52,1,2,TURN_START,player_nation=Unknown|total_tokens=0|captured_kps=0
22:06:52,1,2,VP_INTELLIGENCE,"vp_status={'vp_own': 0, 'vp_enemy': 0, 'vp_gap': 0, 'turn': 1, 'max_turns': 30}|trend_direction=STABLE|threat_level=LOW|opportunities_count=0|recommendations_count=0"
22:06:52,UNKNOWN,UNKNOWN,SCOUT_IDENTIFICATION,total_units=0|scouts_found=0|scout_ids=
22:06:52,1,2,PHASE1_SUMMARY,total_units=0|scouts_identified=0|scouts_deployed=0|enemies_detected=0|combat_opportunities=0|threat_clusters=0
22:06:52,UNKNOWN,UNKNOWN,SCOUT_IDENTIFICATION,total_units=0|scouts_found=0|scout_ids=
22:06:52,1,2,PHASE1_SUMMARY,total_units=0|scouts_identified=0|scouts_deployed=0|enemies_detected=0|combat_opportunities=0|threat_clusters=0
22:06:52,1,2,PHASE2_SUMMARY,active_plans=0|new_plans=0|executed_plans=0|aborted_plans=0
22:06:52,1,2,TURN_START,player_nation=Polska|total_units=0|available_units=0
22:06:52,1,2,PHASE3_SUMMARY,defenders_assigned=0|kps_covered=0|pe_secure=True|threat_level=0.0|active_plans=0
22:06:52,UNKNOWN,UNKNOWN,SCOUT_IDENTIFICATION,total_units=0|scouts_found=0|scout_ids=
22:06:52,1,2,PHASE1_SUMMARY,total_units=0|scouts_identified=0|scouts_deployed=0|enemies_detected=0|combat_opportunities=0|threat_clusters=0
22:06:52,UNKNOWN,UNKNOWN,SCOUT_IDENTIFICATION,total_units=0|scouts_found=0|scout_ids=
22:06:52,1,2,PHASE1_SUMMARY,total_units=0|scouts_identified=0|scouts_deployed=0|enemies_detected=0|combat_opportunities=0|threat_clusters=0
22:06:52,1,2,PHASE2_SUMMARY,active_plans=0|new_plans=0|executed_plans=0|aborted_plans=0
22:06:52,1,2,TURN_START,player_nation=Polska|total_units=0|available_units=0
22:06:52,1,2,PHASE3_SUMMARY,defenders_assigned=0|kps_covered=0|pe_secure=True|threat_level=0.0|active_plans=0
22:06:52,UNKNOWN,2,PHASE_4_COMPLETE,request_generated=False|urgency=NONE|requirements=0|priority_areas=
22:06:53,1,5,TURN_START,player_nation=Unknown|total_tokens=0|captured_kps=0
22:06:53,1,5,VP_INTELLIGENCE,"vp_status={'vp_own': 0, 'vp_enemy': 0, 'vp_gap': 0, 'turn': 1, 'max_turns': 30}|trend_direction=STABLE|threat_level=LOW|opportunities_count=0|recommendations_count=0"
22:06:53,UNKNOWN,UNKNOWN,SCOUT_IDENTIFICATION,total_units=0|scouts_found=0|scout_ids=
22:06:53,1,5,PHASE1_SUMMARY,total_units=0|scouts_identified=0|scouts_deployed=0|enemies_detected=0|combat_opportunities=0|threat_clusters=0
22:06:53,UNKNOWN,UNKNOWN,SCOUT_IDENTIFICATION,total_units=0|scouts_found=0|scout_ids=
22:06:53,1,5,PHASE1_SUMMARY,total_units=0|scouts_identified=0|scouts_deployed=0|enemies_detected=0|combat_opportunities=0|threat_clusters=0
22:06:53,1,5,PHASE2_SUMMARY,active_plans=0|new_plans=0|executed_plans=0|aborted_plans=0
22:06:53,1,5,TURN_START,player_nation=Niemcy|total_units=0|available_units=0
22:06:53,1,5,PHASE3_SUMMARY,defenders_assigned=0|kps_covered=0|pe_secure=True|threat_level=0.0|active_plans=0
22:06:53,UNKNOWN,UNKNOWN,SCOUT_IDENTIFICATION,total_units=0|scouts_found=0|scout_ids=
22:06:53,1,5,PHASE1_SUMMARY,total_units=0|scouts_identified=0|scouts_deployed=0|enemies_detected=0|combat_opportunities=0|threat_clusters=0
22:06:53,UNKNOWN,UNKNOWN,SCOUT_IDENTIFICATION,total_units=0|scouts_found=0|scout_ids=
22:06:53,1,5,PHASE1_SUMMARY,total_units=0|scouts_identified=0|scouts_deployed=0|enemies_detected=0|combat_opportunities=0|threat_clusters=0
22:06:53,1,5,PHASE2_SUMMARY,active_plans=0|new_plans=0|executed_plans=0|aborted_plans=0
22:06:53,1,5,TURN_START,player_nation=Niemcy|total_units=0|available_units=0
22:06:53,1,5,PHASE3_SUMMARY,defenders_assigned=0|kps_covered=0|pe_secure=True|threat_level=0.0|active_plans=0
22:06:53,UNKNOWN,5,PHASE_4_COMPLETE,request_generated=False|urgency=NONE|requirements=0|priority_areas=
