data_czas,tura,nacja,typ_decyzji,zakres_decyzji,priorytet,czynniki_kontekstu,oczekiwany_efekt,rzeczywisty_efekt,poziom_pewnosci,horyzont_czasowy,zaangazowane_zasoby,rozwazone_alternatywy,uzasadnienie_decyzji,ocena_ryzyka,prawdopodobienstwo_sukcesu,zgodnosc_ze_strategia,przewidywany_wplyw_vp,wplyw_ekonomiczny
2025-09-19 23:06:10,1,Niemcy,TURN_START_VICTORY_AI,STRATEGIC_INITIALIZATION,CRITICAL,"nation=Niemcy, tokens=0, captured_kps=0",VICTORY_AI_ACTIVATION,N/A,HIGH,SINGLE_TURN,HIGH,N/A,Inicjalizacja Victory AI dla gracza 5 (Niemcy) w turze 1,N/A,N/A,CRITICAL,STRATEGIC_POSITIVE,N/A
2025-09-19 23:06:10,UNKNOWN,UNKNOWN,SCOUT_IDENTIFICATION,UNIT_ANALYSIS,MEDIUM,"total_units=0, scouts_found=0",EFFICIENT_RECONNAISSANCE,N/A,HIGH,IMMEDIATE,LOW,N/A,Identyfikacja 0 jednostek zwiadu z 0 dostępnych,N/A,N/A,N/A,INDIRECT_POSITIVE,N/A
2025-09-19 23:06:10,UNKNOWN,UNKNOWN,ENEMY_DETECTION,INTELLIGENCE_GATHERING,CRITICAL,"vision_positions=0, tokens_checked=40, enemies_detected=0",THREAT_IDENTIFICATION,N/A,HIGH,IMMEDIATE,LOW,N/A,Wykryto 0 wrogich jednostek z 0 pozycji obserwacji,N/A,N/A,HIGH,DIRECT_POSITIVE,N/A
2025-09-19 23:06:10,1,5,PHASE1_SUMMARY,STRATEGIC_PLANNING,CRITICAL,"units=0, scouts_id=0, scouts_deployed=0, enemies=0",INTELLIGENCE_GATHERED,0_OPPORTUNITIES_IDENTIFIED,HIGH,MULTI_TURN,MEDIUM,N/A,"Faza 1 zakończona: 0 scoutów, 0 wrogów, 0 okazji",N/A,N/A,HIGH,STRATEGIC_FOUNDATION,N/A
2025-09-19 23:06:10,UNKNOWN,UNKNOWN,SCOUT_IDENTIFICATION,UNIT_ANALYSIS,MEDIUM,"total_units=0, scouts_found=0",EFFICIENT_RECONNAISSANCE,N/A,HIGH,IMMEDIATE,LOW,N/A,Identyfikacja 0 jednostek zwiadu z 0 dostępnych,N/A,N/A,N/A,INDIRECT_POSITIVE,N/A
2025-09-19 23:06:10,UNKNOWN,UNKNOWN,ENEMY_DETECTION,INTELLIGENCE_GATHERING,CRITICAL,"vision_positions=0, tokens_checked=40, enemies_detected=0",THREAT_IDENTIFICATION,N/A,HIGH,IMMEDIATE,LOW,N/A,Wykryto 0 wrogich jednostek z 0 pozycji obserwacji,N/A,N/A,HIGH,DIRECT_POSITIVE,N/A
2025-09-19 23:06:10,1,5,PHASE1_SUMMARY,STRATEGIC_PLANNING,CRITICAL,"units=0, scouts_id=0, scouts_deployed=0, enemies=0",INTELLIGENCE_GATHERED,0_OPPORTUNITIES_IDENTIFIED,HIGH,MULTI_TURN,MEDIUM,N/A,"Faza 1 zakończona: 0 scoutów, 0 wrogów, 0 okazji",N/A,N/A,HIGH,STRATEGIC_FOUNDATION,N/A
2025-09-19 23:06:10,1,Niemcy,TURN_START,STRATEGIC_INITIALIZATION,CRITICAL,"nation=Niemcy, total_units=0, available_units=0",PHASE3_EXECUTION,N/A,HIGH,SINGLE_TURN,HIGH,N/A,Rozpoczęcie tury 1 dla Niemcy z 0 jednostkami,N/A,N/A,CRITICAL,STRATEGIC_POSITIONING,N/A
2025-09-19 23:06:10,UNKNOWN,UNKNOWN,SCOUT_IDENTIFICATION,UNIT_ANALYSIS,MEDIUM,"total_units=0, scouts_found=0",EFFICIENT_RECONNAISSANCE,N/A,HIGH,IMMEDIATE,LOW,N/A,Identyfikacja 0 jednostek zwiadu z 0 dostępnych,N/A,N/A,N/A,INDIRECT_POSITIVE,N/A
2025-09-19 23:06:10,UNKNOWN,UNKNOWN,ENEMY_DETECTION,INTELLIGENCE_GATHERING,CRITICAL,"vision_positions=0, tokens_checked=40, enemies_detected=0",THREAT_IDENTIFICATION,N/A,HIGH,IMMEDIATE,LOW,N/A,Wykryto 0 wrogich jednostek z 0 pozycji obserwacji,N/A,N/A,HIGH,DIRECT_POSITIVE,N/A
2025-09-19 23:06:10,1,5,PHASE1_SUMMARY,STRATEGIC_PLANNING,CRITICAL,"units=0, scouts_id=0, scouts_deployed=0, enemies=0",INTELLIGENCE_GATHERED,0_OPPORTUNITIES_IDENTIFIED,HIGH,MULTI_TURN,MEDIUM,N/A,"Faza 1 zakończona: 0 scoutów, 0 wrogów, 0 okazji",N/A,N/A,HIGH,STRATEGIC_FOUNDATION,N/A
2025-09-19 23:06:10,UNKNOWN,UNKNOWN,SCOUT_IDENTIFICATION,UNIT_ANALYSIS,MEDIUM,"total_units=0, scouts_found=0",EFFICIENT_RECONNAISSANCE,N/A,HIGH,IMMEDIATE,LOW,N/A,Identyfikacja 0 jednostek zwiadu z 0 dostępnych,N/A,N/A,N/A,INDIRECT_POSITIVE,N/A
2025-09-19 23:06:10,UNKNOWN,UNKNOWN,ENEMY_DETECTION,INTELLIGENCE_GATHERING,CRITICAL,"vision_positions=0, tokens_checked=40, enemies_detected=0",THREAT_IDENTIFICATION,N/A,HIGH,IMMEDIATE,LOW,N/A,Wykryto 0 wrogich jednostek z 0 pozycji obserwacji,N/A,N/A,HIGH,DIRECT_POSITIVE,N/A
2025-09-19 23:06:10,1,5,PHASE1_SUMMARY,STRATEGIC_PLANNING,CRITICAL,"units=0, scouts_id=0, scouts_deployed=0, enemies=0",INTELLIGENCE_GATHERED,0_OPPORTUNITIES_IDENTIFIED,HIGH,MULTI_TURN,MEDIUM,N/A,"Faza 1 zakończona: 0 scoutów, 0 wrogów, 0 okazji",N/A,N/A,HIGH,STRATEGIC_FOUNDATION,N/A
2025-09-19 23:06:10,1,Niemcy,TURN_START,STRATEGIC_INITIALIZATION,CRITICAL,"nation=Niemcy, total_units=0, available_units=0",PHASE3_EXECUTION,N/A,HIGH,SINGLE_TURN,HIGH,N/A,Rozpoczęcie tury 1 dla Niemcy z 0 jednostkami,N/A,N/A,CRITICAL,STRATEGIC_POSITIONING,N/A
2025-09-19 23:06:10,N/A,Niemcy,STRATEGIC_DECISION,OPERATIONS,MEDIUM,"state=REASSIGNMENT, groups=2, reassignments=0",N/A,N/A,MEDIUM,N/A,N/A,N/A,"Strategy: REASSIGNMENT, aggression 0.50",N/A,N/A,N/A,N/A,N/A
2025-09-19 23:06:10,N/A,Niemcy,STRATEGIC_DECISION,OPERATIONS,MEDIUM,"state=REASSIGNMENT, groups=2, reassignments=0",N/A,N/A,MEDIUM,N/A,N/A,N/A,"Strategy: REASSIGNMENT, aggression 0.50",N/A,N/A,N/A,N/A,N/A
2025-09-19 23:06:10,N/A,Niemcy,STRATEGIC_DECISION,OPERATIONS,MEDIUM,"state=REASSIGNMENT, groups=1, reassignments=0",N/A,N/A,MEDIUM,N/A,N/A,N/A,"Strategy: REASSIGNMENT, aggression 0.50",N/A,N/A,N/A,N/A,N/A
2025-09-19 23:06:11,N/A,Niemcy,STRATEGIC_DECISION,OPERATIONS,MEDIUM,"state=REASSIGNMENT, groups=1, reassignments=0",N/A,N/A,MEDIUM,N/A,N/A,N/A,"Strategy: REASSIGNMENT, aggression 0.50",N/A,N/A,N/A,N/A,N/A
2025-09-19 23:06:11,1,Niemcy,TURN_START_VICTORY_AI,STRATEGIC_INITIALIZATION,CRITICAL,"nation=Niemcy, tokens=0, captured_kps=0",VICTORY_AI_ACTIVATION,N/A,HIGH,SINGLE_TURN,HIGH,N/A,Inicjalizacja Victory AI dla gracza 6 (Niemcy) w turze 1,N/A,N/A,CRITICAL,STRATEGIC_POSITIVE,N/A
2025-09-19 23:06:11,UNKNOWN,UNKNOWN,SCOUT_IDENTIFICATION,UNIT_ANALYSIS,MEDIUM,"total_units=0, scouts_found=0",EFFICIENT_RECONNAISSANCE,N/A,HIGH,IMMEDIATE,LOW,N/A,Identyfikacja 0 jednostek zwiadu z 0 dostępnych,N/A,N/A,N/A,INDIRECT_POSITIVE,N/A
2025-09-19 23:06:11,UNKNOWN,UNKNOWN,ENEMY_DETECTION,INTELLIGENCE_GATHERING,CRITICAL,"vision_positions=0, tokens_checked=40, enemies_detected=0",THREAT_IDENTIFICATION,N/A,HIGH,IMMEDIATE,LOW,N/A,Wykryto 0 wrogich jednostek z 0 pozycji obserwacji,N/A,N/A,HIGH,DIRECT_POSITIVE,N/A
2025-09-19 23:06:11,1,6,PHASE1_SUMMARY,STRATEGIC_PLANNING,CRITICAL,"units=0, scouts_id=0, scouts_deployed=0, enemies=0",INTELLIGENCE_GATHERED,0_OPPORTUNITIES_IDENTIFIED,HIGH,MULTI_TURN,MEDIUM,N/A,"Faza 1 zakończona: 0 scoutów, 0 wrogów, 0 okazji",N/A,N/A,HIGH,STRATEGIC_FOUNDATION,N/A
2025-09-19 23:06:11,UNKNOWN,UNKNOWN,SCOUT_IDENTIFICATION,UNIT_ANALYSIS,MEDIUM,"total_units=0, scouts_found=0",EFFICIENT_RECONNAISSANCE,N/A,HIGH,IMMEDIATE,LOW,N/A,Identyfikacja 0 jednostek zwiadu z 0 dostępnych,N/A,N/A,N/A,INDIRECT_POSITIVE,N/A
2025-09-19 23:06:11,UNKNOWN,UNKNOWN,ENEMY_DETECTION,INTELLIGENCE_GATHERING,CRITICAL,"vision_positions=0, tokens_checked=40, enemies_detected=0",THREAT_IDENTIFICATION,N/A,HIGH,IMMEDIATE,LOW,N/A,Wykryto 0 wrogich jednostek z 0 pozycji obserwacji,N/A,N/A,HIGH,DIRECT_POSITIVE,N/A
2025-09-19 23:06:11,1,6,PHASE1_SUMMARY,STRATEGIC_PLANNING,CRITICAL,"units=0, scouts_id=0, scouts_deployed=0, enemies=0",INTELLIGENCE_GATHERED,0_OPPORTUNITIES_IDENTIFIED,HIGH,MULTI_TURN,MEDIUM,N/A,"Faza 1 zakończona: 0 scoutów, 0 wrogów, 0 okazji",N/A,N/A,HIGH,STRATEGIC_FOUNDATION,N/A
2025-09-19 23:06:11,1,Niemcy,TURN_START,STRATEGIC_INITIALIZATION,CRITICAL,"nation=Niemcy, total_units=0, available_units=0",PHASE3_EXECUTION,N/A,HIGH,SINGLE_TURN,HIGH,N/A,Rozpoczęcie tury 1 dla Niemcy z 0 jednostkami,N/A,N/A,CRITICAL,STRATEGIC_POSITIONING,N/A
2025-09-19 23:06:11,UNKNOWN,UNKNOWN,SCOUT_IDENTIFICATION,UNIT_ANALYSIS,MEDIUM,"total_units=0, scouts_found=0",EFFICIENT_RECONNAISSANCE,N/A,HIGH,IMMEDIATE,LOW,N/A,Identyfikacja 0 jednostek zwiadu z 0 dostępnych,N/A,N/A,N/A,INDIRECT_POSITIVE,N/A
2025-09-19 23:06:11,UNKNOWN,UNKNOWN,ENEMY_DETECTION,INTELLIGENCE_GATHERING,CRITICAL,"vision_positions=0, tokens_checked=40, enemies_detected=0",THREAT_IDENTIFICATION,N/A,HIGH,IMMEDIATE,LOW,N/A,Wykryto 0 wrogich jednostek z 0 pozycji obserwacji,N/A,N/A,HIGH,DIRECT_POSITIVE,N/A
2025-09-19 23:06:11,1,6,PHASE1_SUMMARY,STRATEGIC_PLANNING,CRITICAL,"units=0, scouts_id=0, scouts_deployed=0, enemies=0",INTELLIGENCE_GATHERED,0_OPPORTUNITIES_IDENTIFIED,HIGH,MULTI_TURN,MEDIUM,N/A,"Faza 1 zakończona: 0 scoutów, 0 wrogów, 0 okazji",N/A,N/A,HIGH,STRATEGIC_FOUNDATION,N/A
2025-09-19 23:06:11,UNKNOWN,UNKNOWN,SCOUT_IDENTIFICATION,UNIT_ANALYSIS,MEDIUM,"total_units=0, scouts_found=0",EFFICIENT_RECONNAISSANCE,N/A,HIGH,IMMEDIATE,LOW,N/A,Identyfikacja 0 jednostek zwiadu z 0 dostępnych,N/A,N/A,N/A,INDIRECT_POSITIVE,N/A
2025-09-19 23:06:11,UNKNOWN,UNKNOWN,ENEMY_DETECTION,INTELLIGENCE_GATHERING,CRITICAL,"vision_positions=0, tokens_checked=40, enemies_detected=0",THREAT_IDENTIFICATION,N/A,HIGH,IMMEDIATE,LOW,N/A,Wykryto 0 wrogich jednostek z 0 pozycji obserwacji,N/A,N/A,HIGH,DIRECT_POSITIVE,N/A
2025-09-19 23:06:11,1,6,PHASE1_SUMMARY,STRATEGIC_PLANNING,CRITICAL,"units=0, scouts_id=0, scouts_deployed=0, enemies=0",INTELLIGENCE_GATHERED,0_OPPORTUNITIES_IDENTIFIED,HIGH,MULTI_TURN,MEDIUM,N/A,"Faza 1 zakończona: 0 scoutów, 0 wrogów, 0 okazji",N/A,N/A,HIGH,STRATEGIC_FOUNDATION,N/A
2025-09-19 23:06:11,1,Niemcy,TURN_START,STRATEGIC_INITIALIZATION,CRITICAL,"nation=Niemcy, total_units=0, available_units=0",PHASE3_EXECUTION,N/A,HIGH,SINGLE_TURN,HIGH,N/A,Rozpoczęcie tury 1 dla Niemcy z 0 jednostkami,N/A,N/A,CRITICAL,STRATEGIC_POSITIONING,N/A
2025-09-19 23:06:12,N/A,Niemcy,STRATEGIC_DECISION,OPERATIONS,MEDIUM,"state=REASSIGNMENT, groups=3, reassignments=0",N/A,N/A,MEDIUM,N/A,N/A,N/A,"Strategy: REASSIGNMENT, aggression 0.50",N/A,N/A,N/A,N/A,N/A
2025-09-19 23:06:12,N/A,Niemcy,STRATEGIC_DECISION,OPERATIONS,MEDIUM,"state=REASSIGNMENT, groups=3, reassignments=0",N/A,N/A,MEDIUM,N/A,N/A,N/A,"Strategy: REASSIGNMENT, aggression 0.50",N/A,N/A,N/A,N/A,N/A
2025-09-19 23:06:12,N/A,Niemcy,STRATEGIC_DECISION,OPERATIONS,MEDIUM,"state=REASSIGNMENT, groups=1, reassignments=0",N/A,N/A,MEDIUM,N/A,N/A,N/A,"Strategy: REASSIGNMENT, aggression 0.50",N/A,N/A,N/A,N/A,N/A
2025-09-19 23:06:12,N/A,Niemcy,STRATEGIC_DECISION,OPERATIONS,MEDIUM,"state=REASSIGNMENT, groups=1, reassignments=0",N/A,N/A,MEDIUM,N/A,N/A,N/A,"Strategy: REASSIGNMENT, aggression 0.50",N/A,N/A,N/A,N/A,N/A
2025-09-19 23:06:12,N/A,Niemcy,STRATEGIC_DECISION,OPERATIONS,MEDIUM,"state=REASSIGNMENT, groups=1, reassignments=0",N/A,N/A,MEDIUM,N/A,N/A,N/A,"Strategy: REASSIGNMENT, aggression 0.50",N/A,N/A,N/A,N/A,N/A
2025-09-19 23:06:17,1,Niemcy,TURN_START_VICTORY_AI,STRATEGIC_INITIALIZATION,CRITICAL,"nation=Niemcy, tokens=0, captured_kps=0",VICTORY_AI_ACTIVATION,N/A,HIGH,SINGLE_TURN,HIGH,N/A,Inicjalizacja Victory AI dla gracza 5 (Niemcy) w turze 1,N/A,N/A,CRITICAL,STRATEGIC_POSITIVE,N/A
2025-09-19 23:06:17,UNKNOWN,UNKNOWN,SCOUT_IDENTIFICATION,UNIT_ANALYSIS,MEDIUM,"total_units=0, scouts_found=0",EFFICIENT_RECONNAISSANCE,N/A,HIGH,IMMEDIATE,LOW,N/A,Identyfikacja 0 jednostek zwiadu z 0 dostępnych,N/A,N/A,N/A,INDIRECT_POSITIVE,N/A
2025-09-19 23:06:17,UNKNOWN,UNKNOWN,ENEMY_DETECTION,INTELLIGENCE_GATHERING,CRITICAL,"vision_positions=0, tokens_checked=40, enemies_detected=0",THREAT_IDENTIFICATION,N/A,HIGH,IMMEDIATE,LOW,N/A,Wykryto 0 wrogich jednostek z 0 pozycji obserwacji,N/A,N/A,HIGH,DIRECT_POSITIVE,N/A
2025-09-19 23:06:18,1,5,PHASE1_SUMMARY,STRATEGIC_PLANNING,CRITICAL,"units=0, scouts_id=0, scouts_deployed=0, enemies=0",INTELLIGENCE_GATHERED,0_OPPORTUNITIES_IDENTIFIED,HIGH,MULTI_TURN,MEDIUM,N/A,"Faza 1 zakończona: 0 scoutów, 0 wrogów, 0 okazji",N/A,N/A,HIGH,STRATEGIC_FOUNDATION,N/A
2025-09-19 23:06:18,UNKNOWN,UNKNOWN,SCOUT_IDENTIFICATION,UNIT_ANALYSIS,MEDIUM,"total_units=0, scouts_found=0",EFFICIENT_RECONNAISSANCE,N/A,HIGH,IMMEDIATE,LOW,N/A,Identyfikacja 0 jednostek zwiadu z 0 dostępnych,N/A,N/A,N/A,INDIRECT_POSITIVE,N/A
2025-09-19 23:06:18,UNKNOWN,UNKNOWN,ENEMY_DETECTION,INTELLIGENCE_GATHERING,CRITICAL,"vision_positions=0, tokens_checked=40, enemies_detected=0",THREAT_IDENTIFICATION,N/A,HIGH,IMMEDIATE,LOW,N/A,Wykryto 0 wrogich jednostek z 0 pozycji obserwacji,N/A,N/A,HIGH,DIRECT_POSITIVE,N/A
2025-09-19 23:06:18,1,5,PHASE1_SUMMARY,STRATEGIC_PLANNING,CRITICAL,"units=0, scouts_id=0, scouts_deployed=0, enemies=0",INTELLIGENCE_GATHERED,0_OPPORTUNITIES_IDENTIFIED,HIGH,MULTI_TURN,MEDIUM,N/A,"Faza 1 zakończona: 0 scoutów, 0 wrogów, 0 okazji",N/A,N/A,HIGH,STRATEGIC_FOUNDATION,N/A
2025-09-19 23:06:18,1,Niemcy,TURN_START,STRATEGIC_INITIALIZATION,CRITICAL,"nation=Niemcy, total_units=0, available_units=0",PHASE3_EXECUTION,N/A,HIGH,SINGLE_TURN,HIGH,N/A,Rozpoczęcie tury 1 dla Niemcy z 0 jednostkami,N/A,N/A,CRITICAL,STRATEGIC_POSITIONING,N/A
2025-09-19 23:06:18,UNKNOWN,UNKNOWN,SCOUT_IDENTIFICATION,UNIT_ANALYSIS,MEDIUM,"total_units=0, scouts_found=0",EFFICIENT_RECONNAISSANCE,N/A,HIGH,IMMEDIATE,LOW,N/A,Identyfikacja 0 jednostek zwiadu z 0 dostępnych,N/A,N/A,N/A,INDIRECT_POSITIVE,N/A
2025-09-19 23:06:18,UNKNOWN,UNKNOWN,ENEMY_DETECTION,INTELLIGENCE_GATHERING,CRITICAL,"vision_positions=0, tokens_checked=40, enemies_detected=0",THREAT_IDENTIFICATION,N/A,HIGH,IMMEDIATE,LOW,N/A,Wykryto 0 wrogich jednostek z 0 pozycji obserwacji,N/A,N/A,HIGH,DIRECT_POSITIVE,N/A
2025-09-19 23:06:18,1,5,PHASE1_SUMMARY,STRATEGIC_PLANNING,CRITICAL,"units=0, scouts_id=0, scouts_deployed=0, enemies=0",INTELLIGENCE_GATHERED,0_OPPORTUNITIES_IDENTIFIED,HIGH,MULTI_TURN,MEDIUM,N/A,"Faza 1 zakończona: 0 scoutów, 0 wrogów, 0 okazji",N/A,N/A,HIGH,STRATEGIC_FOUNDATION,N/A
2025-09-19 23:06:18,UNKNOWN,UNKNOWN,SCOUT_IDENTIFICATION,UNIT_ANALYSIS,MEDIUM,"total_units=0, scouts_found=0",EFFICIENT_RECONNAISSANCE,N/A,HIGH,IMMEDIATE,LOW,N/A,Identyfikacja 0 jednostek zwiadu z 0 dostępnych,N/A,N/A,N/A,INDIRECT_POSITIVE,N/A
2025-09-19 23:06:18,UNKNOWN,UNKNOWN,ENEMY_DETECTION,INTELLIGENCE_GATHERING,CRITICAL,"vision_positions=0, tokens_checked=40, enemies_detected=0",THREAT_IDENTIFICATION,N/A,HIGH,IMMEDIATE,LOW,N/A,Wykryto 0 wrogich jednostek z 0 pozycji obserwacji,N/A,N/A,HIGH,DIRECT_POSITIVE,N/A
2025-09-19 23:06:18,1,5,PHASE1_SUMMARY,STRATEGIC_PLANNING,CRITICAL,"units=0, scouts_id=0, scouts_deployed=0, enemies=0",INTELLIGENCE_GATHERED,0_OPPORTUNITIES_IDENTIFIED,HIGH,MULTI_TURN,MEDIUM,N/A,"Faza 1 zakończona: 0 scoutów, 0 wrogów, 0 okazji",N/A,N/A,HIGH,STRATEGIC_FOUNDATION,N/A
2025-09-19 23:06:18,1,Niemcy,TURN_START,STRATEGIC_INITIALIZATION,CRITICAL,"nation=Niemcy, total_units=0, available_units=0",PHASE3_EXECUTION,N/A,HIGH,SINGLE_TURN,HIGH,N/A,Rozpoczęcie tury 1 dla Niemcy z 0 jednostkami,N/A,N/A,CRITICAL,STRATEGIC_POSITIONING,N/A
2025-09-19 23:06:18,N/A,Niemcy,STRATEGIC_DECISION,OPERATIONS,MEDIUM,"state=REASSIGNMENT, groups=2, reassignments=0",N/A,N/A,MEDIUM,N/A,N/A,N/A,"Strategy: REASSIGNMENT, aggression 0.50",N/A,N/A,N/A,N/A,N/A
2025-09-19 23:06:18,N/A,Niemcy,STRATEGIC_DECISION,OPERATIONS,MEDIUM,"state=REASSIGNMENT, groups=2, reassignments=0",N/A,N/A,MEDIUM,N/A,N/A,N/A,"Strategy: REASSIGNMENT, aggression 0.50",N/A,N/A,N/A,N/A,N/A
2025-09-19 23:06:18,N/A,Niemcy,STRATEGIC_DECISION,OPERATIONS,MEDIUM,"state=REASSIGNMENT, groups=1, reassignments=0",N/A,N/A,MEDIUM,N/A,N/A,N/A,"Strategy: REASSIGNMENT, aggression 0.50",N/A,N/A,N/A,N/A,N/A
2025-09-19 23:06:18,1,Niemcy,TURN_START_VICTORY_AI,STRATEGIC_INITIALIZATION,CRITICAL,"nation=Niemcy, tokens=0, captured_kps=0",VICTORY_AI_ACTIVATION,N/A,HIGH,SINGLE_TURN,HIGH,N/A,Inicjalizacja Victory AI dla gracza 6 (Niemcy) w turze 1,N/A,N/A,CRITICAL,STRATEGIC_POSITIVE,N/A
2025-09-19 23:06:18,UNKNOWN,UNKNOWN,SCOUT_IDENTIFICATION,UNIT_ANALYSIS,MEDIUM,"total_units=0, scouts_found=0",EFFICIENT_RECONNAISSANCE,N/A,HIGH,IMMEDIATE,LOW,N/A,Identyfikacja 0 jednostek zwiadu z 0 dostępnych,N/A,N/A,N/A,INDIRECT_POSITIVE,N/A
2025-09-19 23:06:18,UNKNOWN,UNKNOWN,ENEMY_DETECTION,INTELLIGENCE_GATHERING,CRITICAL,"vision_positions=0, tokens_checked=40, enemies_detected=0",THREAT_IDENTIFICATION,N/A,HIGH,IMMEDIATE,LOW,N/A,Wykryto 0 wrogich jednostek z 0 pozycji obserwacji,N/A,N/A,HIGH,DIRECT_POSITIVE,N/A
2025-09-19 23:06:18,1,6,PHASE1_SUMMARY,STRATEGIC_PLANNING,CRITICAL,"units=0, scouts_id=0, scouts_deployed=0, enemies=0",INTELLIGENCE_GATHERED,0_OPPORTUNITIES_IDENTIFIED,HIGH,MULTI_TURN,MEDIUM,N/A,"Faza 1 zakończona: 0 scoutów, 0 wrogów, 0 okazji",N/A,N/A,HIGH,STRATEGIC_FOUNDATION,N/A
2025-09-19 23:06:18,UNKNOWN,UNKNOWN,SCOUT_IDENTIFICATION,UNIT_ANALYSIS,MEDIUM,"total_units=0, scouts_found=0",EFFICIENT_RECONNAISSANCE,N/A,HIGH,IMMEDIATE,LOW,N/A,Identyfikacja 0 jednostek zwiadu z 0 dostępnych,N/A,N/A,N/A,INDIRECT_POSITIVE,N/A
2025-09-19 23:06:18,UNKNOWN,UNKNOWN,ENEMY_DETECTION,INTELLIGENCE_GATHERING,CRITICAL,"vision_positions=0, tokens_checked=40, enemies_detected=0",THREAT_IDENTIFICATION,N/A,HIGH,IMMEDIATE,LOW,N/A,Wykryto 0 wrogich jednostek z 0 pozycji obserwacji,N/A,N/A,HIGH,DIRECT_POSITIVE,N/A
2025-09-19 23:06:18,1,6,PHASE1_SUMMARY,STRATEGIC_PLANNING,CRITICAL,"units=0, scouts_id=0, scouts_deployed=0, enemies=0",INTELLIGENCE_GATHERED,0_OPPORTUNITIES_IDENTIFIED,HIGH,MULTI_TURN,MEDIUM,N/A,"Faza 1 zakończona: 0 scoutów, 0 wrogów, 0 okazji",N/A,N/A,HIGH,STRATEGIC_FOUNDATION,N/A
2025-09-19 23:06:18,1,Niemcy,TURN_START,STRATEGIC_INITIALIZATION,CRITICAL,"nation=Niemcy, total_units=0, available_units=0",PHASE3_EXECUTION,N/A,HIGH,SINGLE_TURN,HIGH,N/A,Rozpoczęcie tury 1 dla Niemcy z 0 jednostkami,N/A,N/A,CRITICAL,STRATEGIC_POSITIONING,N/A
2025-09-19 23:06:18,UNKNOWN,UNKNOWN,SCOUT_IDENTIFICATION,UNIT_ANALYSIS,MEDIUM,"total_units=0, scouts_found=0",EFFICIENT_RECONNAISSANCE,N/A,HIGH,IMMEDIATE,LOW,N/A,Identyfikacja 0 jednostek zwiadu z 0 dostępnych,N/A,N/A,N/A,INDIRECT_POSITIVE,N/A
2025-09-19 23:06:18,UNKNOWN,UNKNOWN,ENEMY_DETECTION,INTELLIGENCE_GATHERING,CRITICAL,"vision_positions=0, tokens_checked=40, enemies_detected=0",THREAT_IDENTIFICATION,N/A,HIGH,IMMEDIATE,LOW,N/A,Wykryto 0 wrogich jednostek z 0 pozycji obserwacji,N/A,N/A,HIGH,DIRECT_POSITIVE,N/A
2025-09-19 23:06:18,1,6,PHASE1_SUMMARY,STRATEGIC_PLANNING,CRITICAL,"units=0, scouts_id=0, scouts_deployed=0, enemies=0",INTELLIGENCE_GATHERED,0_OPPORTUNITIES_IDENTIFIED,HIGH,MULTI_TURN,MEDIUM,N/A,"Faza 1 zakończona: 0 scoutów, 0 wrogów, 0 okazji",N/A,N/A,HIGH,STRATEGIC_FOUNDATION,N/A
2025-09-19 23:06:18,UNKNOWN,UNKNOWN,SCOUT_IDENTIFICATION,UNIT_ANALYSIS,MEDIUM,"total_units=0, scouts_found=0",EFFICIENT_RECONNAISSANCE,N/A,HIGH,IMMEDIATE,LOW,N/A,Identyfikacja 0 jednostek zwiadu z 0 dostępnych,N/A,N/A,N/A,INDIRECT_POSITIVE,N/A
2025-09-19 23:06:18,UNKNOWN,UNKNOWN,ENEMY_DETECTION,INTELLIGENCE_GATHERING,CRITICAL,"vision_positions=0, tokens_checked=40, enemies_detected=0",THREAT_IDENTIFICATION,N/A,HIGH,IMMEDIATE,LOW,N/A,Wykryto 0 wrogich jednostek z 0 pozycji obserwacji,N/A,N/A,HIGH,DIRECT_POSITIVE,N/A
2025-09-19 23:06:18,1,6,PHASE1_SUMMARY,STRATEGIC_PLANNING,CRITICAL,"units=0, scouts_id=0, scouts_deployed=0, enemies=0",INTELLIGENCE_GATHERED,0_OPPORTUNITIES_IDENTIFIED,HIGH,MULTI_TURN,MEDIUM,N/A,"Faza 1 zakończona: 0 scoutów, 0 wrogów, 0 okazji",N/A,N/A,HIGH,STRATEGIC_FOUNDATION,N/A
2025-09-19 23:06:18,1,Niemcy,TURN_START,STRATEGIC_INITIALIZATION,CRITICAL,"nation=Niemcy, total_units=0, available_units=0",PHASE3_EXECUTION,N/A,HIGH,SINGLE_TURN,HIGH,N/A,Rozpoczęcie tury 1 dla Niemcy z 0 jednostkami,N/A,N/A,CRITICAL,STRATEGIC_POSITIONING,N/A
2025-09-19 23:06:21,N/A,Niemcy,STRATEGIC_DECISION,OPERATIONS,MEDIUM,"state=REASSIGNMENT, groups=3, reassignments=0",N/A,N/A,MEDIUM,N/A,N/A,N/A,"Strategy: REASSIGNMENT, aggression 0.50",N/A,N/A,N/A,N/A,N/A
2025-09-19 23:06:21,N/A,Niemcy,STRATEGIC_DECISION,OPERATIONS,MEDIUM,"state=REASSIGNMENT, groups=3, reassignments=0",N/A,N/A,MEDIUM,N/A,N/A,N/A,"Strategy: REASSIGNMENT, aggression 0.50",N/A,N/A,N/A,N/A,N/A
2025-09-19 23:06:21,N/A,Niemcy,STRATEGIC_DECISION,OPERATIONS,MEDIUM,"state=REASSIGNMENT, groups=1, reassignments=0",N/A,N/A,MEDIUM,N/A,N/A,N/A,"Strategy: REASSIGNMENT, aggression 0.50",N/A,N/A,N/A,N/A,N/A
2025-09-19 23:06:21,N/A,Niemcy,STRATEGIC_DECISION,OPERATIONS,MEDIUM,"state=REASSIGNMENT, groups=1, reassignments=0",N/A,N/A,MEDIUM,N/A,N/A,N/A,"Strategy: REASSIGNMENT, aggression 0.50",N/A,N/A,N/A,N/A,N/A
2025-09-19 23:06:21,N/A,Niemcy,STRATEGIC_DECISION,OPERATIONS,MEDIUM,"state=REASSIGNMENT, groups=1, reassignments=0",N/A,N/A,MEDIUM,N/A,N/A,N/A,"Strategy: REASSIGNMENT, aggression 0.50",N/A,N/A,N/A,N/A,N/A
2025-09-19 23:06:27,1,Niemcy,TURN_START_VICTORY_AI,STRATEGIC_INITIALIZATION,CRITICAL,"nation=Niemcy, tokens=0, captured_kps=0",VICTORY_AI_ACTIVATION,N/A,HIGH,SINGLE_TURN,HIGH,N/A,Inicjalizacja Victory AI dla gracza 5 (Niemcy) w turze 1,N/A,N/A,CRITICAL,STRATEGIC_POSITIVE,N/A
2025-09-19 23:06:27,UNKNOWN,UNKNOWN,SCOUT_IDENTIFICATION,UNIT_ANALYSIS,MEDIUM,"total_units=0, scouts_found=0",EFFICIENT_RECONNAISSANCE,N/A,HIGH,IMMEDIATE,LOW,N/A,Identyfikacja 0 jednostek zwiadu z 0 dostępnych,N/A,N/A,N/A,INDIRECT_POSITIVE,N/A
2025-09-19 23:06:27,UNKNOWN,UNKNOWN,ENEMY_DETECTION,INTELLIGENCE_GATHERING,CRITICAL,"vision_positions=0, tokens_checked=40, enemies_detected=0",THREAT_IDENTIFICATION,N/A,HIGH,IMMEDIATE,LOW,N/A,Wykryto 0 wrogich jednostek z 0 pozycji obserwacji,N/A,N/A,HIGH,DIRECT_POSITIVE,N/A
2025-09-19 23:06:27,1,5,PHASE1_SUMMARY,STRATEGIC_PLANNING,CRITICAL,"units=0, scouts_id=0, scouts_deployed=0, enemies=0",INTELLIGENCE_GATHERED,0_OPPORTUNITIES_IDENTIFIED,HIGH,MULTI_TURN,MEDIUM,N/A,"Faza 1 zakończona: 0 scoutów, 0 wrogów, 0 okazji",N/A,N/A,HIGH,STRATEGIC_FOUNDATION,N/A
2025-09-19 23:06:27,UNKNOWN,UNKNOWN,SCOUT_IDENTIFICATION,UNIT_ANALYSIS,MEDIUM,"total_units=0, scouts_found=0",EFFICIENT_RECONNAISSANCE,N/A,HIGH,IMMEDIATE,LOW,N/A,Identyfikacja 0 jednostek zwiadu z 0 dostępnych,N/A,N/A,N/A,INDIRECT_POSITIVE,N/A
2025-09-19 23:06:27,UNKNOWN,UNKNOWN,ENEMY_DETECTION,INTELLIGENCE_GATHERING,CRITICAL,"vision_positions=0, tokens_checked=40, enemies_detected=0",THREAT_IDENTIFICATION,N/A,HIGH,IMMEDIATE,LOW,N/A,Wykryto 0 wrogich jednostek z 0 pozycji obserwacji,N/A,N/A,HIGH,DIRECT_POSITIVE,N/A
2025-09-19 23:06:27,1,5,PHASE1_SUMMARY,STRATEGIC_PLANNING,CRITICAL,"units=0, scouts_id=0, scouts_deployed=0, enemies=0",INTELLIGENCE_GATHERED,0_OPPORTUNITIES_IDENTIFIED,HIGH,MULTI_TURN,MEDIUM,N/A,"Faza 1 zakończona: 0 scoutów, 0 wrogów, 0 okazji",N/A,N/A,HIGH,STRATEGIC_FOUNDATION,N/A
2025-09-19 23:06:27,1,Niemcy,TURN_START,STRATEGIC_INITIALIZATION,CRITICAL,"nation=Niemcy, total_units=0, available_units=0",PHASE3_EXECUTION,N/A,HIGH,SINGLE_TURN,HIGH,N/A,Rozpoczęcie tury 1 dla Niemcy z 0 jednostkami,N/A,N/A,CRITICAL,STRATEGIC_POSITIONING,N/A
2025-09-19 23:06:27,UNKNOWN,UNKNOWN,SCOUT_IDENTIFICATION,UNIT_ANALYSIS,MEDIUM,"total_units=0, scouts_found=0",EFFICIENT_RECONNAISSANCE,N/A,HIGH,IMMEDIATE,LOW,N/A,Identyfikacja 0 jednostek zwiadu z 0 dostępnych,N/A,N/A,N/A,INDIRECT_POSITIVE,N/A
2025-09-19 23:06:27,UNKNOWN,UNKNOWN,ENEMY_DETECTION,INTELLIGENCE_GATHERING,CRITICAL,"vision_positions=0, tokens_checked=40, enemies_detected=0",THREAT_IDENTIFICATION,N/A,HIGH,IMMEDIATE,LOW,N/A,Wykryto 0 wrogich jednostek z 0 pozycji obserwacji,N/A,N/A,HIGH,DIRECT_POSITIVE,N/A
2025-09-19 23:06:27,1,5,PHASE1_SUMMARY,STRATEGIC_PLANNING,CRITICAL,"units=0, scouts_id=0, scouts_deployed=0, enemies=0",INTELLIGENCE_GATHERED,0_OPPORTUNITIES_IDENTIFIED,HIGH,MULTI_TURN,MEDIUM,N/A,"Faza 1 zakończona: 0 scoutów, 0 wrogów, 0 okazji",N/A,N/A,HIGH,STRATEGIC_FOUNDATION,N/A
2025-09-19 23:06:27,UNKNOWN,UNKNOWN,SCOUT_IDENTIFICATION,UNIT_ANALYSIS,MEDIUM,"total_units=0, scouts_found=0",EFFICIENT_RECONNAISSANCE,N/A,HIGH,IMMEDIATE,LOW,N/A,Identyfikacja 0 jednostek zwiadu z 0 dostępnych,N/A,N/A,N/A,INDIRECT_POSITIVE,N/A
2025-09-19 23:06:27,UNKNOWN,UNKNOWN,ENEMY_DETECTION,INTELLIGENCE_GATHERING,CRITICAL,"vision_positions=0, tokens_checked=40, enemies_detected=0",THREAT_IDENTIFICATION,N/A,HIGH,IMMEDIATE,LOW,N/A,Wykryto 0 wrogich jednostek z 0 pozycji obserwacji,N/A,N/A,HIGH,DIRECT_POSITIVE,N/A
2025-09-19 23:06:27,1,5,PHASE1_SUMMARY,STRATEGIC_PLANNING,CRITICAL,"units=0, scouts_id=0, scouts_deployed=0, enemies=0",INTELLIGENCE_GATHERED,0_OPPORTUNITIES_IDENTIFIED,HIGH,MULTI_TURN,MEDIUM,N/A,"Faza 1 zakończona: 0 scoutów, 0 wrogów, 0 okazji",N/A,N/A,HIGH,STRATEGIC_FOUNDATION,N/A
2025-09-19 23:06:27,1,Niemcy,TURN_START,STRATEGIC_INITIALIZATION,CRITICAL,"nation=Niemcy, total_units=0, available_units=0",PHASE3_EXECUTION,N/A,HIGH,SINGLE_TURN,HIGH,N/A,Rozpoczęcie tury 1 dla Niemcy z 0 jednostkami,N/A,N/A,CRITICAL,STRATEGIC_POSITIONING,N/A
2025-09-19 23:06:28,N/A,Niemcy,STRATEGIC_DECISION,OPERATIONS,MEDIUM,"state=REASSIGNMENT, groups=2, reassignments=0",N/A,N/A,MEDIUM,N/A,N/A,N/A,"Strategy: REASSIGNMENT, aggression 0.50",N/A,N/A,N/A,N/A,N/A
2025-09-19 23:06:28,N/A,Niemcy,STRATEGIC_DECISION,OPERATIONS,MEDIUM,"state=REASSIGNMENT, groups=2, reassignments=0",N/A,N/A,MEDIUM,N/A,N/A,N/A,"Strategy: REASSIGNMENT, aggression 0.50",N/A,N/A,N/A,N/A,N/A
2025-09-19 23:06:28,N/A,Niemcy,STRATEGIC_DECISION,OPERATIONS,MEDIUM,"state=REASSIGNMENT, groups=1, reassignments=0",N/A,N/A,MEDIUM,N/A,N/A,N/A,"Strategy: REASSIGNMENT, aggression 0.50",N/A,N/A,N/A,N/A,N/A
2025-09-19 23:06:29,1,Niemcy,TURN_START_VICTORY_AI,STRATEGIC_INITIALIZATION,CRITICAL,"nation=Niemcy, tokens=0, captured_kps=0",VICTORY_AI_ACTIVATION,N/A,HIGH,SINGLE_TURN,HIGH,N/A,Inicjalizacja Victory AI dla gracza 6 (Niemcy) w turze 1,N/A,N/A,CRITICAL,STRATEGIC_POSITIVE,N/A
2025-09-19 23:06:29,UNKNOWN,UNKNOWN,SCOUT_IDENTIFICATION,UNIT_ANALYSIS,MEDIUM,"total_units=0, scouts_found=0",EFFICIENT_RECONNAISSANCE,N/A,HIGH,IMMEDIATE,LOW,N/A,Identyfikacja 0 jednostek zwiadu z 0 dostępnych,N/A,N/A,N/A,INDIRECT_POSITIVE,N/A
2025-09-19 23:06:29,UNKNOWN,UNKNOWN,ENEMY_DETECTION,INTELLIGENCE_GATHERING,CRITICAL,"vision_positions=0, tokens_checked=39, enemies_detected=0",THREAT_IDENTIFICATION,N/A,HIGH,IMMEDIATE,LOW,N/A,Wykryto 0 wrogich jednostek z 0 pozycji obserwacji,N/A,N/A,HIGH,DIRECT_POSITIVE,N/A
2025-09-19 23:06:29,1,6,PHASE1_SUMMARY,STRATEGIC_PLANNING,CRITICAL,"units=0, scouts_id=0, scouts_deployed=0, enemies=0",INTELLIGENCE_GATHERED,0_OPPORTUNITIES_IDENTIFIED,HIGH,MULTI_TURN,MEDIUM,N/A,"Faza 1 zakończona: 0 scoutów, 0 wrogów, 0 okazji",N/A,N/A,HIGH,STRATEGIC_FOUNDATION,N/A
2025-09-19 23:06:29,UNKNOWN,UNKNOWN,SCOUT_IDENTIFICATION,UNIT_ANALYSIS,MEDIUM,"total_units=0, scouts_found=0",EFFICIENT_RECONNAISSANCE,N/A,HIGH,IMMEDIATE,LOW,N/A,Identyfikacja 0 jednostek zwiadu z 0 dostępnych,N/A,N/A,N/A,INDIRECT_POSITIVE,N/A
2025-09-19 23:06:29,UNKNOWN,UNKNOWN,ENEMY_DETECTION,INTELLIGENCE_GATHERING,CRITICAL,"vision_positions=0, tokens_checked=39, enemies_detected=0",THREAT_IDENTIFICATION,N/A,HIGH,IMMEDIATE,LOW,N/A,Wykryto 0 wrogich jednostek z 0 pozycji obserwacji,N/A,N/A,HIGH,DIRECT_POSITIVE,N/A
2025-09-19 23:06:29,1,6,PHASE1_SUMMARY,STRATEGIC_PLANNING,CRITICAL,"units=0, scouts_id=0, scouts_deployed=0, enemies=0",INTELLIGENCE_GATHERED,0_OPPORTUNITIES_IDENTIFIED,HIGH,MULTI_TURN,MEDIUM,N/A,"Faza 1 zakończona: 0 scoutów, 0 wrogów, 0 okazji",N/A,N/A,HIGH,STRATEGIC_FOUNDATION,N/A
2025-09-19 23:06:29,1,Niemcy,TURN_START,STRATEGIC_INITIALIZATION,CRITICAL,"nation=Niemcy, total_units=0, available_units=0",PHASE3_EXECUTION,N/A,HIGH,SINGLE_TURN,HIGH,N/A,Rozpoczęcie tury 1 dla Niemcy z 0 jednostkami,N/A,N/A,CRITICAL,STRATEGIC_POSITIONING,N/A
2025-09-19 23:06:29,UNKNOWN,UNKNOWN,SCOUT_IDENTIFICATION,UNIT_ANALYSIS,MEDIUM,"total_units=0, scouts_found=0",EFFICIENT_RECONNAISSANCE,N/A,HIGH,IMMEDIATE,LOW,N/A,Identyfikacja 0 jednostek zwiadu z 0 dostępnych,N/A,N/A,N/A,INDIRECT_POSITIVE,N/A
2025-09-19 23:06:29,UNKNOWN,UNKNOWN,ENEMY_DETECTION,INTELLIGENCE_GATHERING,CRITICAL,"vision_positions=0, tokens_checked=39, enemies_detected=0",THREAT_IDENTIFICATION,N/A,HIGH,IMMEDIATE,LOW,N/A,Wykryto 0 wrogich jednostek z 0 pozycji obserwacji,N/A,N/A,HIGH,DIRECT_POSITIVE,N/A
2025-09-19 23:06:29,1,6,PHASE1_SUMMARY,STRATEGIC_PLANNING,CRITICAL,"units=0, scouts_id=0, scouts_deployed=0, enemies=0",INTELLIGENCE_GATHERED,0_OPPORTUNITIES_IDENTIFIED,HIGH,MULTI_TURN,MEDIUM,N/A,"Faza 1 zakończona: 0 scoutów, 0 wrogów, 0 okazji",N/A,N/A,HIGH,STRATEGIC_FOUNDATION,N/A
2025-09-19 23:06:29,UNKNOWN,UNKNOWN,SCOUT_IDENTIFICATION,UNIT_ANALYSIS,MEDIUM,"total_units=0, scouts_found=0",EFFICIENT_RECONNAISSANCE,N/A,HIGH,IMMEDIATE,LOW,N/A,Identyfikacja 0 jednostek zwiadu z 0 dostępnych,N/A,N/A,N/A,INDIRECT_POSITIVE,N/A
2025-09-19 23:06:29,UNKNOWN,UNKNOWN,ENEMY_DETECTION,INTELLIGENCE_GATHERING,CRITICAL,"vision_positions=0, tokens_checked=39, enemies_detected=0",THREAT_IDENTIFICATION,N/A,HIGH,IMMEDIATE,LOW,N/A,Wykryto 0 wrogich jednostek z 0 pozycji obserwacji,N/A,N/A,HIGH,DIRECT_POSITIVE,N/A
2025-09-19 23:06:29,1,6,PHASE1_SUMMARY,STRATEGIC_PLANNING,CRITICAL,"units=0, scouts_id=0, scouts_deployed=0, enemies=0",INTELLIGENCE_GATHERED,0_OPPORTUNITIES_IDENTIFIED,HIGH,MULTI_TURN,MEDIUM,N/A,"Faza 1 zakończona: 0 scoutów, 0 wrogów, 0 okazji",N/A,N/A,HIGH,STRATEGIC_FOUNDATION,N/A
2025-09-19 23:06:29,1,Niemcy,TURN_START,STRATEGIC_INITIALIZATION,CRITICAL,"nation=Niemcy, total_units=0, available_units=0",PHASE3_EXECUTION,N/A,HIGH,SINGLE_TURN,HIGH,N/A,Rozpoczęcie tury 1 dla Niemcy z 0 jednostkami,N/A,N/A,CRITICAL,STRATEGIC_POSITIONING,N/A
2025-09-19 23:06:30,N/A,Niemcy,STRATEGIC_DECISION,OPERATIONS,MEDIUM,"state=REASSIGNMENT, groups=4, reassignments=0",N/A,N/A,MEDIUM,N/A,N/A,N/A,"Strategy: REASSIGNMENT, aggression 0.50",N/A,N/A,N/A,N/A,N/A
2025-09-19 23:06:30,N/A,Niemcy,STRATEGIC_DECISION,OPERATIONS,MEDIUM,"state=REASSIGNMENT, groups=4, reassignments=0",N/A,N/A,MEDIUM,N/A,N/A,N/A,"Strategy: REASSIGNMENT, aggression 0.50",N/A,N/A,N/A,N/A,N/A
2025-09-19 23:06:30,N/A,Niemcy,STRATEGIC_DECISION,OPERATIONS,MEDIUM,"state=REASSIGNMENT, groups=1, reassignments=0",N/A,N/A,MEDIUM,N/A,N/A,N/A,"Strategy: REASSIGNMENT, aggression 0.50",N/A,N/A,N/A,N/A,N/A
2025-09-19 23:06:30,N/A,Niemcy,STRATEGIC_DECISION,OPERATIONS,MEDIUM,"state=REASSIGNMENT, groups=1, reassignments=0",N/A,N/A,MEDIUM,N/A,N/A,N/A,"Strategy: REASSIGNMENT, aggression 0.50",N/A,N/A,N/A,N/A,N/A
2025-09-19 23:06:30,N/A,Niemcy,STRATEGIC_DECISION,OPERATIONS,MEDIUM,"state=REASSIGNMENT, groups=1, reassignments=0",N/A,N/A,MEDIUM,N/A,N/A,N/A,"Strategy: REASSIGNMENT, aggression 0.50",N/A,N/A,N/A,N/A,N/A
2025-09-19 23:06:35,1,Niemcy,TURN_START_VICTORY_AI,STRATEGIC_INITIALIZATION,CRITICAL,"nation=Niemcy, tokens=0, captured_kps=0",VICTORY_AI_ACTIVATION,N/A,HIGH,SINGLE_TURN,HIGH,N/A,Inicjalizacja Victory AI dla gracza 5 (Niemcy) w turze 1,N/A,N/A,CRITICAL,STRATEGIC_POSITIVE,N/A
2025-09-19 23:06:35,UNKNOWN,UNKNOWN,SCOUT_IDENTIFICATION,UNIT_ANALYSIS,MEDIUM,"total_units=0, scouts_found=0",EFFICIENT_RECONNAISSANCE,N/A,HIGH,IMMEDIATE,LOW,N/A,Identyfikacja 0 jednostek zwiadu z 0 dostępnych,N/A,N/A,N/A,INDIRECT_POSITIVE,N/A
2025-09-19 23:06:35,UNKNOWN,UNKNOWN,ENEMY_DETECTION,INTELLIGENCE_GATHERING,CRITICAL,"vision_positions=0, tokens_checked=39, enemies_detected=0",THREAT_IDENTIFICATION,N/A,HIGH,IMMEDIATE,LOW,N/A,Wykryto 0 wrogich jednostek z 0 pozycji obserwacji,N/A,N/A,HIGH,DIRECT_POSITIVE,N/A
2025-09-19 23:06:35,1,5,PHASE1_SUMMARY,STRATEGIC_PLANNING,CRITICAL,"units=0, scouts_id=0, scouts_deployed=0, enemies=0",INTELLIGENCE_GATHERED,0_OPPORTUNITIES_IDENTIFIED,HIGH,MULTI_TURN,MEDIUM,N/A,"Faza 1 zakończona: 0 scoutów, 0 wrogów, 0 okazji",N/A,N/A,HIGH,STRATEGIC_FOUNDATION,N/A
2025-09-19 23:06:35,UNKNOWN,UNKNOWN,SCOUT_IDENTIFICATION,UNIT_ANALYSIS,MEDIUM,"total_units=0, scouts_found=0",EFFICIENT_RECONNAISSANCE,N/A,HIGH,IMMEDIATE,LOW,N/A,Identyfikacja 0 jednostek zwiadu z 0 dostępnych,N/A,N/A,N/A,INDIRECT_POSITIVE,N/A
2025-09-19 23:06:35,UNKNOWN,UNKNOWN,ENEMY_DETECTION,INTELLIGENCE_GATHERING,CRITICAL,"vision_positions=0, tokens_checked=39, enemies_detected=0",THREAT_IDENTIFICATION,N/A,HIGH,IMMEDIATE,LOW,N/A,Wykryto 0 wrogich jednostek z 0 pozycji obserwacji,N/A,N/A,HIGH,DIRECT_POSITIVE,N/A
2025-09-19 23:06:35,1,5,PHASE1_SUMMARY,STRATEGIC_PLANNING,CRITICAL,"units=0, scouts_id=0, scouts_deployed=0, enemies=0",INTELLIGENCE_GATHERED,0_OPPORTUNITIES_IDENTIFIED,HIGH,MULTI_TURN,MEDIUM,N/A,"Faza 1 zakończona: 0 scoutów, 0 wrogów, 0 okazji",N/A,N/A,HIGH,STRATEGIC_FOUNDATION,N/A
2025-09-19 23:06:35,1,Niemcy,TURN_START,STRATEGIC_INITIALIZATION,CRITICAL,"nation=Niemcy, total_units=0, available_units=0",PHASE3_EXECUTION,N/A,HIGH,SINGLE_TURN,HIGH,N/A,Rozpoczęcie tury 1 dla Niemcy z 0 jednostkami,N/A,N/A,CRITICAL,STRATEGIC_POSITIONING,N/A
2025-09-19 23:06:35,UNKNOWN,UNKNOWN,SCOUT_IDENTIFICATION,UNIT_ANALYSIS,MEDIUM,"total_units=0, scouts_found=0",EFFICIENT_RECONNAISSANCE,N/A,HIGH,IMMEDIATE,LOW,N/A,Identyfikacja 0 jednostek zwiadu z 0 dostępnych,N/A,N/A,N/A,INDIRECT_POSITIVE,N/A
2025-09-19 23:06:35,UNKNOWN,UNKNOWN,ENEMY_DETECTION,INTELLIGENCE_GATHERING,CRITICAL,"vision_positions=0, tokens_checked=39, enemies_detected=0",THREAT_IDENTIFICATION,N/A,HIGH,IMMEDIATE,LOW,N/A,Wykryto 0 wrogich jednostek z 0 pozycji obserwacji,N/A,N/A,HIGH,DIRECT_POSITIVE,N/A
2025-09-19 23:06:35,1,5,PHASE1_SUMMARY,STRATEGIC_PLANNING,CRITICAL,"units=0, scouts_id=0, scouts_deployed=0, enemies=0",INTELLIGENCE_GATHERED,0_OPPORTUNITIES_IDENTIFIED,HIGH,MULTI_TURN,MEDIUM,N/A,"Faza 1 zakończona: 0 scoutów, 0 wrogów, 0 okazji",N/A,N/A,HIGH,STRATEGIC_FOUNDATION,N/A
2025-09-19 23:06:35,UNKNOWN,UNKNOWN,SCOUT_IDENTIFICATION,UNIT_ANALYSIS,MEDIUM,"total_units=0, scouts_found=0",EFFICIENT_RECONNAISSANCE,N/A,HIGH,IMMEDIATE,LOW,N/A,Identyfikacja 0 jednostek zwiadu z 0 dostępnych,N/A,N/A,N/A,INDIRECT_POSITIVE,N/A
2025-09-19 23:06:35,UNKNOWN,UNKNOWN,ENEMY_DETECTION,INTELLIGENCE_GATHERING,CRITICAL,"vision_positions=0, tokens_checked=39, enemies_detected=0",THREAT_IDENTIFICATION,N/A,HIGH,IMMEDIATE,LOW,N/A,Wykryto 0 wrogich jednostek z 0 pozycji obserwacji,N/A,N/A,HIGH,DIRECT_POSITIVE,N/A
2025-09-19 23:06:35,1,5,PHASE1_SUMMARY,STRATEGIC_PLANNING,CRITICAL,"units=0, scouts_id=0, scouts_deployed=0, enemies=0",INTELLIGENCE_GATHERED,0_OPPORTUNITIES_IDENTIFIED,HIGH,MULTI_TURN,MEDIUM,N/A,"Faza 1 zakończona: 0 scoutów, 0 wrogów, 0 okazji",N/A,N/A,HIGH,STRATEGIC_FOUNDATION,N/A
2025-09-19 23:06:35,1,Niemcy,TURN_START,STRATEGIC_INITIALIZATION,CRITICAL,"nation=Niemcy, total_units=0, available_units=0",PHASE3_EXECUTION,N/A,HIGH,SINGLE_TURN,HIGH,N/A,Rozpoczęcie tury 1 dla Niemcy z 0 jednostkami,N/A,N/A,CRITICAL,STRATEGIC_POSITIONING,N/A
2025-09-19 23:06:37,N/A,Niemcy,STRATEGIC_DECISION,OPERATIONS,MEDIUM,"state=REASSIGNMENT, groups=2, reassignments=0",N/A,N/A,MEDIUM,N/A,N/A,N/A,"Strategy: REASSIGNMENT, aggression 0.50",N/A,N/A,N/A,N/A,N/A
2025-09-19 23:06:37,N/A,Niemcy,STRATEGIC_DECISION,OPERATIONS,MEDIUM,"state=REASSIGNMENT, groups=2, reassignments=0",N/A,N/A,MEDIUM,N/A,N/A,N/A,"Strategy: REASSIGNMENT, aggression 0.50",N/A,N/A,N/A,N/A,N/A
2025-09-19 23:06:37,N/A,Niemcy,STRATEGIC_DECISION,OPERATIONS,MEDIUM,"state=REASSIGNMENT, groups=1, reassignments=0",N/A,N/A,MEDIUM,N/A,N/A,N/A,"Strategy: REASSIGNMENT, aggression 0.50",N/A,N/A,N/A,N/A,N/A
2025-09-19 23:06:37,N/A,Niemcy,STRATEGIC_DECISION,OPERATIONS,MEDIUM,"state=REASSIGNMENT, groups=1, reassignments=0",N/A,N/A,MEDIUM,N/A,N/A,N/A,"Strategy: REASSIGNMENT, aggression 0.50",N/A,N/A,N/A,N/A,N/A
2025-09-19 23:06:37,1,Niemcy,TURN_START_VICTORY_AI,STRATEGIC_INITIALIZATION,CRITICAL,"nation=Niemcy, tokens=0, captured_kps=0",VICTORY_AI_ACTIVATION,N/A,HIGH,SINGLE_TURN,HIGH,N/A,Inicjalizacja Victory AI dla gracza 6 (Niemcy) w turze 1,N/A,N/A,CRITICAL,STRATEGIC_POSITIVE,N/A
2025-09-19 23:06:37,UNKNOWN,UNKNOWN,SCOUT_IDENTIFICATION,UNIT_ANALYSIS,MEDIUM,"total_units=0, scouts_found=0",EFFICIENT_RECONNAISSANCE,N/A,HIGH,IMMEDIATE,LOW,N/A,Identyfikacja 0 jednostek zwiadu z 0 dostępnych,N/A,N/A,N/A,INDIRECT_POSITIVE,N/A
2025-09-19 23:06:37,UNKNOWN,UNKNOWN,ENEMY_DETECTION,INTELLIGENCE_GATHERING,CRITICAL,"vision_positions=0, tokens_checked=39, enemies_detected=0",THREAT_IDENTIFICATION,N/A,HIGH,IMMEDIATE,LOW,N/A,Wykryto 0 wrogich jednostek z 0 pozycji obserwacji,N/A,N/A,HIGH,DIRECT_POSITIVE,N/A
2025-09-19 23:06:37,1,6,PHASE1_SUMMARY,STRATEGIC_PLANNING,CRITICAL,"units=0, scouts_id=0, scouts_deployed=0, enemies=0",INTELLIGENCE_GATHERED,0_OPPORTUNITIES_IDENTIFIED,HIGH,MULTI_TURN,MEDIUM,N/A,"Faza 1 zakończona: 0 scoutów, 0 wrogów, 0 okazji",N/A,N/A,HIGH,STRATEGIC_FOUNDATION,N/A
2025-09-19 23:06:37,UNKNOWN,UNKNOWN,SCOUT_IDENTIFICATION,UNIT_ANALYSIS,MEDIUM,"total_units=0, scouts_found=0",EFFICIENT_RECONNAISSANCE,N/A,HIGH,IMMEDIATE,LOW,N/A,Identyfikacja 0 jednostek zwiadu z 0 dostępnych,N/A,N/A,N/A,INDIRECT_POSITIVE,N/A
2025-09-19 23:06:37,UNKNOWN,UNKNOWN,ENEMY_DETECTION,INTELLIGENCE_GATHERING,CRITICAL,"vision_positions=0, tokens_checked=39, enemies_detected=0",THREAT_IDENTIFICATION,N/A,HIGH,IMMEDIATE,LOW,N/A,Wykryto 0 wrogich jednostek z 0 pozycji obserwacji,N/A,N/A,HIGH,DIRECT_POSITIVE,N/A
2025-09-19 23:06:37,1,6,PHASE1_SUMMARY,STRATEGIC_PLANNING,CRITICAL,"units=0, scouts_id=0, scouts_deployed=0, enemies=0",INTELLIGENCE_GATHERED,0_OPPORTUNITIES_IDENTIFIED,HIGH,MULTI_TURN,MEDIUM,N/A,"Faza 1 zakończona: 0 scoutów, 0 wrogów, 0 okazji",N/A,N/A,HIGH,STRATEGIC_FOUNDATION,N/A
2025-09-19 23:06:37,1,Niemcy,TURN_START,STRATEGIC_INITIALIZATION,CRITICAL,"nation=Niemcy, total_units=0, available_units=0",PHASE3_EXECUTION,N/A,HIGH,SINGLE_TURN,HIGH,N/A,Rozpoczęcie tury 1 dla Niemcy z 0 jednostkami,N/A,N/A,CRITICAL,STRATEGIC_POSITIONING,N/A
2025-09-19 23:06:37,UNKNOWN,UNKNOWN,SCOUT_IDENTIFICATION,UNIT_ANALYSIS,MEDIUM,"total_units=0, scouts_found=0",EFFICIENT_RECONNAISSANCE,N/A,HIGH,IMMEDIATE,LOW,N/A,Identyfikacja 0 jednostek zwiadu z 0 dostępnych,N/A,N/A,N/A,INDIRECT_POSITIVE,N/A
2025-09-19 23:06:37,UNKNOWN,UNKNOWN,ENEMY_DETECTION,INTELLIGENCE_GATHERING,CRITICAL,"vision_positions=0, tokens_checked=39, enemies_detected=0",THREAT_IDENTIFICATION,N/A,HIGH,IMMEDIATE,LOW,N/A,Wykryto 0 wrogich jednostek z 0 pozycji obserwacji,N/A,N/A,HIGH,DIRECT_POSITIVE,N/A
2025-09-19 23:06:37,1,6,PHASE1_SUMMARY,STRATEGIC_PLANNING,CRITICAL,"units=0, scouts_id=0, scouts_deployed=0, enemies=0",INTELLIGENCE_GATHERED,0_OPPORTUNITIES_IDENTIFIED,HIGH,MULTI_TURN,MEDIUM,N/A,"Faza 1 zakończona: 0 scoutów, 0 wrogów, 0 okazji",N/A,N/A,HIGH,STRATEGIC_FOUNDATION,N/A
2025-09-19 23:06:37,UNKNOWN,UNKNOWN,SCOUT_IDENTIFICATION,UNIT_ANALYSIS,MEDIUM,"total_units=0, scouts_found=0",EFFICIENT_RECONNAISSANCE,N/A,HIGH,IMMEDIATE,LOW,N/A,Identyfikacja 0 jednostek zwiadu z 0 dostępnych,N/A,N/A,N/A,INDIRECT_POSITIVE,N/A
2025-09-19 23:06:37,UNKNOWN,UNKNOWN,ENEMY_DETECTION,INTELLIGENCE_GATHERING,CRITICAL,"vision_positions=0, tokens_checked=39, enemies_detected=0",THREAT_IDENTIFICATION,N/A,HIGH,IMMEDIATE,LOW,N/A,Wykryto 0 wrogich jednostek z 0 pozycji obserwacji,N/A,N/A,HIGH,DIRECT_POSITIVE,N/A
2025-09-19 23:06:37,1,6,PHASE1_SUMMARY,STRATEGIC_PLANNING,CRITICAL,"units=0, scouts_id=0, scouts_deployed=0, enemies=0",INTELLIGENCE_GATHERED,0_OPPORTUNITIES_IDENTIFIED,HIGH,MULTI_TURN,MEDIUM,N/A,"Faza 1 zakończona: 0 scoutów, 0 wrogów, 0 okazji",N/A,N/A,HIGH,STRATEGIC_FOUNDATION,N/A
2025-09-19 23:06:37,1,Niemcy,TURN_START,STRATEGIC_INITIALIZATION,CRITICAL,"nation=Niemcy, total_units=0, available_units=0",PHASE3_EXECUTION,N/A,HIGH,SINGLE_TURN,HIGH,N/A,Rozpoczęcie tury 1 dla Niemcy z 0 jednostkami,N/A,N/A,CRITICAL,STRATEGIC_POSITIONING,N/A
2025-09-19 23:06:40,N/A,Niemcy,STRATEGIC_DECISION,OPERATIONS,MEDIUM,"state=REASSIGNMENT, groups=5, reassignments=0",N/A,N/A,MEDIUM,N/A,N/A,N/A,"Strategy: REASSIGNMENT, aggression 0.50",N/A,N/A,N/A,N/A,N/A
2025-09-19 23:06:40,N/A,Niemcy,STRATEGIC_DECISION,OPERATIONS,MEDIUM,"state=REASSIGNMENT, groups=5, reassignments=0",N/A,N/A,MEDIUM,N/A,N/A,N/A,"Strategy: REASSIGNMENT, aggression 0.50",N/A,N/A,N/A,N/A,N/A
2025-09-19 23:06:40,N/A,Niemcy,STRATEGIC_DECISION,OPERATIONS,MEDIUM,"state=REASSIGNMENT, groups=1, reassignments=0",N/A,N/A,MEDIUM,N/A,N/A,N/A,"Strategy: REASSIGNMENT, aggression 0.50",N/A,N/A,N/A,N/A,N/A
2025-09-19 23:06:40,N/A,Niemcy,STRATEGIC_DECISION,OPERATIONS,MEDIUM,"state=REASSIGNMENT, groups=1, reassignments=0",N/A,N/A,MEDIUM,N/A,N/A,N/A,"Strategy: REASSIGNMENT, aggression 0.50",N/A,N/A,N/A,N/A,N/A
2025-09-19 23:06:40,N/A,Niemcy,STRATEGIC_DECISION,OPERATIONS,MEDIUM,"state=REASSIGNMENT, groups=1, reassignments=0",N/A,N/A,MEDIUM,N/A,N/A,N/A,"Strategy: REASSIGNMENT, aggression 0.50",N/A,N/A,N/A,N/A,N/A
2025-09-19 23:06:40,N/A,Niemcy,STRATEGIC_DECISION,OPERATIONS,MEDIUM,"state=REASSIGNMENT, groups=1, reassignments=0",N/A,N/A,MEDIUM,N/A,N/A,N/A,"Strategy: REASSIGNMENT, aggression 0.50",N/A,N/A,N/A,N/A,N/A
2025-09-19 23:06:40,N/A,Niemcy,STRATEGIC_DECISION,OPERATIONS,MEDIUM,"state=REASSIGNMENT, groups=1, reassignments=0",N/A,N/A,MEDIUM,N/A,N/A,N/A,"Strategy: REASSIGNMENT, aggression 0.50",N/A,N/A,N/A,N/A,N/A
2025-09-19 23:06:45,1,Niemcy,TURN_START_VICTORY_AI,STRATEGIC_INITIALIZATION,CRITICAL,"nation=Niemcy, tokens=0, captured_kps=0",VICTORY_AI_ACTIVATION,N/A,HIGH,SINGLE_TURN,HIGH,N/A,Inicjalizacja Victory AI dla gracza 5 (Niemcy) w turze 1,N/A,N/A,CRITICAL,STRATEGIC_POSITIVE,N/A
2025-09-19 23:06:45,UNKNOWN,UNKNOWN,SCOUT_IDENTIFICATION,UNIT_ANALYSIS,MEDIUM,"total_units=0, scouts_found=0",EFFICIENT_RECONNAISSANCE,N/A,HIGH,IMMEDIATE,LOW,N/A,Identyfikacja 0 jednostek zwiadu z 0 dostępnych,N/A,N/A,N/A,INDIRECT_POSITIVE,N/A
2025-09-19 23:06:45,UNKNOWN,UNKNOWN,ENEMY_DETECTION,INTELLIGENCE_GATHERING,CRITICAL,"vision_positions=0, tokens_checked=39, enemies_detected=0",THREAT_IDENTIFICATION,N/A,HIGH,IMMEDIATE,LOW,N/A,Wykryto 0 wrogich jednostek z 0 pozycji obserwacji,N/A,N/A,HIGH,DIRECT_POSITIVE,N/A
2025-09-19 23:06:45,1,5,PHASE1_SUMMARY,STRATEGIC_PLANNING,CRITICAL,"units=0, scouts_id=0, scouts_deployed=0, enemies=0",INTELLIGENCE_GATHERED,0_OPPORTUNITIES_IDENTIFIED,HIGH,MULTI_TURN,MEDIUM,N/A,"Faza 1 zakończona: 0 scoutów, 0 wrogów, 0 okazji",N/A,N/A,HIGH,STRATEGIC_FOUNDATION,N/A
2025-09-19 23:06:45,UNKNOWN,UNKNOWN,SCOUT_IDENTIFICATION,UNIT_ANALYSIS,MEDIUM,"total_units=0, scouts_found=0",EFFICIENT_RECONNAISSANCE,N/A,HIGH,IMMEDIATE,LOW,N/A,Identyfikacja 0 jednostek zwiadu z 0 dostępnych,N/A,N/A,N/A,INDIRECT_POSITIVE,N/A
2025-09-19 23:06:45,UNKNOWN,UNKNOWN,ENEMY_DETECTION,INTELLIGENCE_GATHERING,CRITICAL,"vision_positions=0, tokens_checked=39, enemies_detected=0",THREAT_IDENTIFICATION,N/A,HIGH,IMMEDIATE,LOW,N/A,Wykryto 0 wrogich jednostek z 0 pozycji obserwacji,N/A,N/A,HIGH,DIRECT_POSITIVE,N/A
2025-09-19 23:06:45,1,5,PHASE1_SUMMARY,STRATEGIC_PLANNING,CRITICAL,"units=0, scouts_id=0, scouts_deployed=0, enemies=0",INTELLIGENCE_GATHERED,0_OPPORTUNITIES_IDENTIFIED,HIGH,MULTI_TURN,MEDIUM,N/A,"Faza 1 zakończona: 0 scoutów, 0 wrogów, 0 okazji",N/A,N/A,HIGH,STRATEGIC_FOUNDATION,N/A
2025-09-19 23:06:45,1,Niemcy,TURN_START,STRATEGIC_INITIALIZATION,CRITICAL,"nation=Niemcy, total_units=0, available_units=0",PHASE3_EXECUTION,N/A,HIGH,SINGLE_TURN,HIGH,N/A,Rozpoczęcie tury 1 dla Niemcy z 0 jednostkami,N/A,N/A,CRITICAL,STRATEGIC_POSITIONING,N/A
2025-09-19 23:06:45,UNKNOWN,UNKNOWN,SCOUT_IDENTIFICATION,UNIT_ANALYSIS,MEDIUM,"total_units=0, scouts_found=0",EFFICIENT_RECONNAISSANCE,N/A,HIGH,IMMEDIATE,LOW,N/A,Identyfikacja 0 jednostek zwiadu z 0 dostępnych,N/A,N/A,N/A,INDIRECT_POSITIVE,N/A
2025-09-19 23:06:45,UNKNOWN,UNKNOWN,ENEMY_DETECTION,INTELLIGENCE_GATHERING,CRITICAL,"vision_positions=0, tokens_checked=39, enemies_detected=0",THREAT_IDENTIFICATION,N/A,HIGH,IMMEDIATE,LOW,N/A,Wykryto 0 wrogich jednostek z 0 pozycji obserwacji,N/A,N/A,HIGH,DIRECT_POSITIVE,N/A
2025-09-19 23:06:45,1,5,PHASE1_SUMMARY,STRATEGIC_PLANNING,CRITICAL,"units=0, scouts_id=0, scouts_deployed=0, enemies=0",INTELLIGENCE_GATHERED,0_OPPORTUNITIES_IDENTIFIED,HIGH,MULTI_TURN,MEDIUM,N/A,"Faza 1 zakończona: 0 scoutów, 0 wrogów, 0 okazji",N/A,N/A,HIGH,STRATEGIC_FOUNDATION,N/A
2025-09-19 23:06:45,UNKNOWN,UNKNOWN,SCOUT_IDENTIFICATION,UNIT_ANALYSIS,MEDIUM,"total_units=0, scouts_found=0",EFFICIENT_RECONNAISSANCE,N/A,HIGH,IMMEDIATE,LOW,N/A,Identyfikacja 0 jednostek zwiadu z 0 dostępnych,N/A,N/A,N/A,INDIRECT_POSITIVE,N/A
2025-09-19 23:06:45,UNKNOWN,UNKNOWN,ENEMY_DETECTION,INTELLIGENCE_GATHERING,CRITICAL,"vision_positions=0, tokens_checked=39, enemies_detected=0",THREAT_IDENTIFICATION,N/A,HIGH,IMMEDIATE,LOW,N/A,Wykryto 0 wrogich jednostek z 0 pozycji obserwacji,N/A,N/A,HIGH,DIRECT_POSITIVE,N/A
2025-09-19 23:06:45,1,5,PHASE1_SUMMARY,STRATEGIC_PLANNING,CRITICAL,"units=0, scouts_id=0, scouts_deployed=0, enemies=0",INTELLIGENCE_GATHERED,0_OPPORTUNITIES_IDENTIFIED,HIGH,MULTI_TURN,MEDIUM,N/A,"Faza 1 zakończona: 0 scoutów, 0 wrogów, 0 okazji",N/A,N/A,HIGH,STRATEGIC_FOUNDATION,N/A
2025-09-19 23:06:45,1,Niemcy,TURN_START,STRATEGIC_INITIALIZATION,CRITICAL,"nation=Niemcy, total_units=0, available_units=0",PHASE3_EXECUTION,N/A,HIGH,SINGLE_TURN,HIGH,N/A,Rozpoczęcie tury 1 dla Niemcy z 0 jednostkami,N/A,N/A,CRITICAL,STRATEGIC_POSITIONING,N/A
2025-09-19 23:06:46,N/A,Niemcy,STRATEGIC_DECISION,OPERATIONS,MEDIUM,"state=REASSIGNMENT, groups=2, reassignments=0",N/A,N/A,MEDIUM,N/A,N/A,N/A,"Strategy: REASSIGNMENT, aggression 0.50",N/A,N/A,N/A,N/A,N/A
2025-09-19 23:06:46,N/A,Niemcy,STRATEGIC_DECISION,OPERATIONS,MEDIUM,"state=REASSIGNMENT, groups=2, reassignments=0",N/A,N/A,MEDIUM,N/A,N/A,N/A,"Strategy: REASSIGNMENT, aggression 0.50",N/A,N/A,N/A,N/A,N/A
2025-09-19 23:06:46,N/A,Niemcy,STRATEGIC_DECISION,OPERATIONS,MEDIUM,"state=REASSIGNMENT, groups=1, reassignments=0",N/A,N/A,MEDIUM,N/A,N/A,N/A,"Strategy: REASSIGNMENT, aggression 0.50",N/A,N/A,N/A,N/A,N/A
2025-09-19 23:06:46,N/A,Niemcy,STRATEGIC_DECISION,OPERATIONS,MEDIUM,"state=REASSIGNMENT, groups=1, reassignments=0",N/A,N/A,MEDIUM,N/A,N/A,N/A,"Strategy: REASSIGNMENT, aggression 0.50",N/A,N/A,N/A,N/A,N/A
2025-09-19 23:06:46,1,Niemcy,TURN_START_VICTORY_AI,STRATEGIC_INITIALIZATION,CRITICAL,"nation=Niemcy, tokens=0, captured_kps=0",VICTORY_AI_ACTIVATION,N/A,HIGH,SINGLE_TURN,HIGH,N/A,Inicjalizacja Victory AI dla gracza 6 (Niemcy) w turze 1,N/A,N/A,CRITICAL,STRATEGIC_POSITIVE,N/A
2025-09-19 23:06:46,UNKNOWN,UNKNOWN,SCOUT_IDENTIFICATION,UNIT_ANALYSIS,MEDIUM,"total_units=0, scouts_found=0",EFFICIENT_RECONNAISSANCE,N/A,HIGH,IMMEDIATE,LOW,N/A,Identyfikacja 0 jednostek zwiadu z 0 dostępnych,N/A,N/A,N/A,INDIRECT_POSITIVE,N/A
2025-09-19 23:06:46,UNKNOWN,UNKNOWN,ENEMY_DETECTION,INTELLIGENCE_GATHERING,CRITICAL,"vision_positions=0, tokens_checked=39, enemies_detected=0",THREAT_IDENTIFICATION,N/A,HIGH,IMMEDIATE,LOW,N/A,Wykryto 0 wrogich jednostek z 0 pozycji obserwacji,N/A,N/A,HIGH,DIRECT_POSITIVE,N/A
2025-09-19 23:06:46,1,6,PHASE1_SUMMARY,STRATEGIC_PLANNING,CRITICAL,"units=0, scouts_id=0, scouts_deployed=0, enemies=0",INTELLIGENCE_GATHERED,0_OPPORTUNITIES_IDENTIFIED,HIGH,MULTI_TURN,MEDIUM,N/A,"Faza 1 zakończona: 0 scoutów, 0 wrogów, 0 okazji",N/A,N/A,HIGH,STRATEGIC_FOUNDATION,N/A
2025-09-19 23:06:46,UNKNOWN,UNKNOWN,SCOUT_IDENTIFICATION,UNIT_ANALYSIS,MEDIUM,"total_units=0, scouts_found=0",EFFICIENT_RECONNAISSANCE,N/A,HIGH,IMMEDIATE,LOW,N/A,Identyfikacja 0 jednostek zwiadu z 0 dostępnych,N/A,N/A,N/A,INDIRECT_POSITIVE,N/A
2025-09-19 23:06:46,UNKNOWN,UNKNOWN,ENEMY_DETECTION,INTELLIGENCE_GATHERING,CRITICAL,"vision_positions=0, tokens_checked=39, enemies_detected=0",THREAT_IDENTIFICATION,N/A,HIGH,IMMEDIATE,LOW,N/A,Wykryto 0 wrogich jednostek z 0 pozycji obserwacji,N/A,N/A,HIGH,DIRECT_POSITIVE,N/A
2025-09-19 23:06:46,1,6,PHASE1_SUMMARY,STRATEGIC_PLANNING,CRITICAL,"units=0, scouts_id=0, scouts_deployed=0, enemies=0",INTELLIGENCE_GATHERED,0_OPPORTUNITIES_IDENTIFIED,HIGH,MULTI_TURN,MEDIUM,N/A,"Faza 1 zakończona: 0 scoutów, 0 wrogów, 0 okazji",N/A,N/A,HIGH,STRATEGIC_FOUNDATION,N/A
2025-09-19 23:06:46,1,Niemcy,TURN_START,STRATEGIC_INITIALIZATION,CRITICAL,"nation=Niemcy, total_units=0, available_units=0",PHASE3_EXECUTION,N/A,HIGH,SINGLE_TURN,HIGH,N/A,Rozpoczęcie tury 1 dla Niemcy z 0 jednostkami,N/A,N/A,CRITICAL,STRATEGIC_POSITIONING,N/A
2025-09-19 23:06:46,UNKNOWN,UNKNOWN,SCOUT_IDENTIFICATION,UNIT_ANALYSIS,MEDIUM,"total_units=0, scouts_found=0",EFFICIENT_RECONNAISSANCE,N/A,HIGH,IMMEDIATE,LOW,N/A,Identyfikacja 0 jednostek zwiadu z 0 dostępnych,N/A,N/A,N/A,INDIRECT_POSITIVE,N/A
2025-09-19 23:06:46,UNKNOWN,UNKNOWN,ENEMY_DETECTION,INTELLIGENCE_GATHERING,CRITICAL,"vision_positions=0, tokens_checked=39, enemies_detected=0",THREAT_IDENTIFICATION,N/A,HIGH,IMMEDIATE,LOW,N/A,Wykryto 0 wrogich jednostek z 0 pozycji obserwacji,N/A,N/A,HIGH,DIRECT_POSITIVE,N/A
2025-09-19 23:06:46,1,6,PHASE1_SUMMARY,STRATEGIC_PLANNING,CRITICAL,"units=0, scouts_id=0, scouts_deployed=0, enemies=0",INTELLIGENCE_GATHERED,0_OPPORTUNITIES_IDENTIFIED,HIGH,MULTI_TURN,MEDIUM,N/A,"Faza 1 zakończona: 0 scoutów, 0 wrogów, 0 okazji",N/A,N/A,HIGH,STRATEGIC_FOUNDATION,N/A
2025-09-19 23:06:46,UNKNOWN,UNKNOWN,SCOUT_IDENTIFICATION,UNIT_ANALYSIS,MEDIUM,"total_units=0, scouts_found=0",EFFICIENT_RECONNAISSANCE,N/A,HIGH,IMMEDIATE,LOW,N/A,Identyfikacja 0 jednostek zwiadu z 0 dostępnych,N/A,N/A,N/A,INDIRECT_POSITIVE,N/A
2025-09-19 23:06:46,UNKNOWN,UNKNOWN,ENEMY_DETECTION,INTELLIGENCE_GATHERING,CRITICAL,"vision_positions=0, tokens_checked=39, enemies_detected=0",THREAT_IDENTIFICATION,N/A,HIGH,IMMEDIATE,LOW,N/A,Wykryto 0 wrogich jednostek z 0 pozycji obserwacji,N/A,N/A,HIGH,DIRECT_POSITIVE,N/A
2025-09-19 23:06:46,1,6,PHASE1_SUMMARY,STRATEGIC_PLANNING,CRITICAL,"units=0, scouts_id=0, scouts_deployed=0, enemies=0",INTELLIGENCE_GATHERED,0_OPPORTUNITIES_IDENTIFIED,HIGH,MULTI_TURN,MEDIUM,N/A,"Faza 1 zakończona: 0 scoutów, 0 wrogów, 0 okazji",N/A,N/A,HIGH,STRATEGIC_FOUNDATION,N/A
2025-09-19 23:06:46,1,Niemcy,TURN_START,STRATEGIC_INITIALIZATION,CRITICAL,"nation=Niemcy, total_units=0, available_units=0",PHASE3_EXECUTION,N/A,HIGH,SINGLE_TURN,HIGH,N/A,Rozpoczęcie tury 1 dla Niemcy z 0 jednostkami,N/A,N/A,CRITICAL,STRATEGIC_POSITIONING,N/A
2025-09-19 23:06:49,N/A,Niemcy,STRATEGIC_DECISION,OPERATIONS,MEDIUM,"state=REASSIGNMENT, groups=5, reassignments=0",N/A,N/A,MEDIUM,N/A,N/A,N/A,"Strategy: REASSIGNMENT, aggression 0.50",N/A,N/A,N/A,N/A,N/A
2025-09-19 23:06:49,N/A,Niemcy,STRATEGIC_DECISION,OPERATIONS,MEDIUM,"state=REASSIGNMENT, groups=5, reassignments=0",N/A,N/A,MEDIUM,N/A,N/A,N/A,"Strategy: REASSIGNMENT, aggression 0.50",N/A,N/A,N/A,N/A,N/A
2025-09-19 23:06:49,N/A,Niemcy,STRATEGIC_DECISION,OPERATIONS,MEDIUM,"state=REASSIGNMENT, groups=1, reassignments=0",N/A,N/A,MEDIUM,N/A,N/A,N/A,"Strategy: REASSIGNMENT, aggression 0.50",N/A,N/A,N/A,N/A,N/A
2025-09-19 23:06:49,N/A,Niemcy,STRATEGIC_DECISION,OPERATIONS,MEDIUM,"state=REASSIGNMENT, groups=1, reassignments=0",N/A,N/A,MEDIUM,N/A,N/A,N/A,"Strategy: REASSIGNMENT, aggression 0.50",N/A,N/A,N/A,N/A,N/A
2025-09-19 23:06:49,N/A,Niemcy,STRATEGIC_DECISION,OPERATIONS,MEDIUM,"state=REASSIGNMENT, groups=1, reassignments=0",N/A,N/A,MEDIUM,N/A,N/A,N/A,"Strategy: REASSIGNMENT, aggression 0.50",N/A,N/A,N/A,N/A,N/A
2025-09-19 23:06:49,N/A,Niemcy,STRATEGIC_DECISION,OPERATIONS,MEDIUM,"state=REASSIGNMENT, groups=1, reassignments=0",N/A,N/A,MEDIUM,N/A,N/A,N/A,"Strategy: REASSIGNMENT, aggression 0.50",N/A,N/A,N/A,N/A,N/A
2025-09-19 23:06:56,1,Niemcy,TURN_START_VICTORY_AI,STRATEGIC_INITIALIZATION,CRITICAL,"nation=Niemcy, tokens=0, captured_kps=0",VICTORY_AI_ACTIVATION,N/A,HIGH,SINGLE_TURN,HIGH,N/A,Inicjalizacja Victory AI dla gracza 5 (Niemcy) w turze 1,N/A,N/A,CRITICAL,STRATEGIC_POSITIVE,N/A
2025-09-19 23:06:56,UNKNOWN,UNKNOWN,SCOUT_IDENTIFICATION,UNIT_ANALYSIS,MEDIUM,"total_units=0, scouts_found=0",EFFICIENT_RECONNAISSANCE,N/A,HIGH,IMMEDIATE,LOW,N/A,Identyfikacja 0 jednostek zwiadu z 0 dostępnych,N/A,N/A,N/A,INDIRECT_POSITIVE,N/A
2025-09-19 23:06:56,UNKNOWN,UNKNOWN,ENEMY_DETECTION,INTELLIGENCE_GATHERING,CRITICAL,"vision_positions=0, tokens_checked=39, enemies_detected=0",THREAT_IDENTIFICATION,N/A,HIGH,IMMEDIATE,LOW,N/A,Wykryto 0 wrogich jednostek z 0 pozycji obserwacji,N/A,N/A,HIGH,DIRECT_POSITIVE,N/A
2025-09-19 23:06:56,1,5,PHASE1_SUMMARY,STRATEGIC_PLANNING,CRITICAL,"units=0, scouts_id=0, scouts_deployed=0, enemies=0",INTELLIGENCE_GATHERED,0_OPPORTUNITIES_IDENTIFIED,HIGH,MULTI_TURN,MEDIUM,N/A,"Faza 1 zakończona: 0 scoutów, 0 wrogów, 0 okazji",N/A,N/A,HIGH,STRATEGIC_FOUNDATION,N/A
2025-09-19 23:06:56,UNKNOWN,UNKNOWN,SCOUT_IDENTIFICATION,UNIT_ANALYSIS,MEDIUM,"total_units=0, scouts_found=0",EFFICIENT_RECONNAISSANCE,N/A,HIGH,IMMEDIATE,LOW,N/A,Identyfikacja 0 jednostek zwiadu z 0 dostępnych,N/A,N/A,N/A,INDIRECT_POSITIVE,N/A
2025-09-19 23:06:56,UNKNOWN,UNKNOWN,ENEMY_DETECTION,INTELLIGENCE_GATHERING,CRITICAL,"vision_positions=0, tokens_checked=39, enemies_detected=0",THREAT_IDENTIFICATION,N/A,HIGH,IMMEDIATE,LOW,N/A,Wykryto 0 wrogich jednostek z 0 pozycji obserwacji,N/A,N/A,HIGH,DIRECT_POSITIVE,N/A
2025-09-19 23:06:56,1,5,PHASE1_SUMMARY,STRATEGIC_PLANNING,CRITICAL,"units=0, scouts_id=0, scouts_deployed=0, enemies=0",INTELLIGENCE_GATHERED,0_OPPORTUNITIES_IDENTIFIED,HIGH,MULTI_TURN,MEDIUM,N/A,"Faza 1 zakończona: 0 scoutów, 0 wrogów, 0 okazji",N/A,N/A,HIGH,STRATEGIC_FOUNDATION,N/A
2025-09-19 23:06:56,1,Niemcy,TURN_START,STRATEGIC_INITIALIZATION,CRITICAL,"nation=Niemcy, total_units=0, available_units=0",PHASE3_EXECUTION,N/A,HIGH,SINGLE_TURN,HIGH,N/A,Rozpoczęcie tury 1 dla Niemcy z 0 jednostkami,N/A,N/A,CRITICAL,STRATEGIC_POSITIONING,N/A
2025-09-19 23:06:56,UNKNOWN,UNKNOWN,SCOUT_IDENTIFICATION,UNIT_ANALYSIS,MEDIUM,"total_units=0, scouts_found=0",EFFICIENT_RECONNAISSANCE,N/A,HIGH,IMMEDIATE,LOW,N/A,Identyfikacja 0 jednostek zwiadu z 0 dostępnych,N/A,N/A,N/A,INDIRECT_POSITIVE,N/A
2025-09-19 23:06:56,UNKNOWN,UNKNOWN,ENEMY_DETECTION,INTELLIGENCE_GATHERING,CRITICAL,"vision_positions=0, tokens_checked=39, enemies_detected=0",THREAT_IDENTIFICATION,N/A,HIGH,IMMEDIATE,LOW,N/A,Wykryto 0 wrogich jednostek z 0 pozycji obserwacji,N/A,N/A,HIGH,DIRECT_POSITIVE,N/A
2025-09-19 23:06:56,1,5,PHASE1_SUMMARY,STRATEGIC_PLANNING,CRITICAL,"units=0, scouts_id=0, scouts_deployed=0, enemies=0",INTELLIGENCE_GATHERED,0_OPPORTUNITIES_IDENTIFIED,HIGH,MULTI_TURN,MEDIUM,N/A,"Faza 1 zakończona: 0 scoutów, 0 wrogów, 0 okazji",N/A,N/A,HIGH,STRATEGIC_FOUNDATION,N/A
2025-09-19 23:06:56,UNKNOWN,UNKNOWN,SCOUT_IDENTIFICATION,UNIT_ANALYSIS,MEDIUM,"total_units=0, scouts_found=0",EFFICIENT_RECONNAISSANCE,N/A,HIGH,IMMEDIATE,LOW,N/A,Identyfikacja 0 jednostek zwiadu z 0 dostępnych,N/A,N/A,N/A,INDIRECT_POSITIVE,N/A
2025-09-19 23:06:56,UNKNOWN,UNKNOWN,ENEMY_DETECTION,INTELLIGENCE_GATHERING,CRITICAL,"vision_positions=0, tokens_checked=39, enemies_detected=0",THREAT_IDENTIFICATION,N/A,HIGH,IMMEDIATE,LOW,N/A,Wykryto 0 wrogich jednostek z 0 pozycji obserwacji,N/A,N/A,HIGH,DIRECT_POSITIVE,N/A
2025-09-19 23:06:56,1,5,PHASE1_SUMMARY,STRATEGIC_PLANNING,CRITICAL,"units=0, scouts_id=0, scouts_deployed=0, enemies=0",INTELLIGENCE_GATHERED,0_OPPORTUNITIES_IDENTIFIED,HIGH,MULTI_TURN,MEDIUM,N/A,"Faza 1 zakończona: 0 scoutów, 0 wrogów, 0 okazji",N/A,N/A,HIGH,STRATEGIC_FOUNDATION,N/A
2025-09-19 23:06:56,1,Niemcy,TURN_START,STRATEGIC_INITIALIZATION,CRITICAL,"nation=Niemcy, total_units=0, available_units=0",PHASE3_EXECUTION,N/A,HIGH,SINGLE_TURN,HIGH,N/A,Rozpoczęcie tury 1 dla Niemcy z 0 jednostkami,N/A,N/A,CRITICAL,STRATEGIC_POSITIONING,N/A
2025-09-19 23:06:57,N/A,Niemcy,STRATEGIC_DECISION,OPERATIONS,MEDIUM,"state=REASSIGNMENT, groups=2, reassignments=0",N/A,N/A,MEDIUM,N/A,N/A,N/A,"Strategy: REASSIGNMENT, aggression 0.50",N/A,N/A,N/A,N/A,N/A
2025-09-19 23:06:58,N/A,Niemcy,STRATEGIC_DECISION,OPERATIONS,MEDIUM,"state=REASSIGNMENT, groups=2, reassignments=0",N/A,N/A,MEDIUM,N/A,N/A,N/A,"Strategy: REASSIGNMENT, aggression 0.50",N/A,N/A,N/A,N/A,N/A
2025-09-19 23:06:58,N/A,Niemcy,STRATEGIC_DECISION,OPERATIONS,MEDIUM,"state=REASSIGNMENT, groups=1, reassignments=0",N/A,N/A,MEDIUM,N/A,N/A,N/A,"Strategy: REASSIGNMENT, aggression 0.50",N/A,N/A,N/A,N/A,N/A
2025-09-19 23:06:58,N/A,Niemcy,STRATEGIC_DECISION,OPERATIONS,MEDIUM,"state=REASSIGNMENT, groups=1, reassignments=0",N/A,N/A,MEDIUM,N/A,N/A,N/A,"Strategy: REASSIGNMENT, aggression 0.50",N/A,N/A,N/A,N/A,N/A
2025-09-19 23:06:58,1,Niemcy,TURN_START_VICTORY_AI,STRATEGIC_INITIALIZATION,CRITICAL,"nation=Niemcy, tokens=0, captured_kps=0",VICTORY_AI_ACTIVATION,N/A,HIGH,SINGLE_TURN,HIGH,N/A,Inicjalizacja Victory AI dla gracza 6 (Niemcy) w turze 1,N/A,N/A,CRITICAL,STRATEGIC_POSITIVE,N/A
2025-09-19 23:06:58,UNKNOWN,UNKNOWN,SCOUT_IDENTIFICATION,UNIT_ANALYSIS,MEDIUM,"total_units=0, scouts_found=0",EFFICIENT_RECONNAISSANCE,N/A,HIGH,IMMEDIATE,LOW,N/A,Identyfikacja 0 jednostek zwiadu z 0 dostępnych,N/A,N/A,N/A,INDIRECT_POSITIVE,N/A
2025-09-19 23:06:58,UNKNOWN,UNKNOWN,ENEMY_DETECTION,INTELLIGENCE_GATHERING,CRITICAL,"vision_positions=0, tokens_checked=39, enemies_detected=0",THREAT_IDENTIFICATION,N/A,HIGH,IMMEDIATE,LOW,N/A,Wykryto 0 wrogich jednostek z 0 pozycji obserwacji,N/A,N/A,HIGH,DIRECT_POSITIVE,N/A
2025-09-19 23:06:58,1,6,PHASE1_SUMMARY,STRATEGIC_PLANNING,CRITICAL,"units=0, scouts_id=0, scouts_deployed=0, enemies=0",INTELLIGENCE_GATHERED,0_OPPORTUNITIES_IDENTIFIED,HIGH,MULTI_TURN,MEDIUM,N/A,"Faza 1 zakończona: 0 scoutów, 0 wrogów, 0 okazji",N/A,N/A,HIGH,STRATEGIC_FOUNDATION,N/A
2025-09-19 23:06:58,UNKNOWN,UNKNOWN,SCOUT_IDENTIFICATION,UNIT_ANALYSIS,MEDIUM,"total_units=0, scouts_found=0",EFFICIENT_RECONNAISSANCE,N/A,HIGH,IMMEDIATE,LOW,N/A,Identyfikacja 0 jednostek zwiadu z 0 dostępnych,N/A,N/A,N/A,INDIRECT_POSITIVE,N/A
2025-09-19 23:06:58,UNKNOWN,UNKNOWN,ENEMY_DETECTION,INTELLIGENCE_GATHERING,CRITICAL,"vision_positions=0, tokens_checked=39, enemies_detected=0",THREAT_IDENTIFICATION,N/A,HIGH,IMMEDIATE,LOW,N/A,Wykryto 0 wrogich jednostek z 0 pozycji obserwacji,N/A,N/A,HIGH,DIRECT_POSITIVE,N/A
2025-09-19 23:06:58,1,6,PHASE1_SUMMARY,STRATEGIC_PLANNING,CRITICAL,"units=0, scouts_id=0, scouts_deployed=0, enemies=0",INTELLIGENCE_GATHERED,0_OPPORTUNITIES_IDENTIFIED,HIGH,MULTI_TURN,MEDIUM,N/A,"Faza 1 zakończona: 0 scoutów, 0 wrogów, 0 okazji",N/A,N/A,HIGH,STRATEGIC_FOUNDATION,N/A
2025-09-19 23:06:58,1,Niemcy,TURN_START,STRATEGIC_INITIALIZATION,CRITICAL,"nation=Niemcy, total_units=0, available_units=0",PHASE3_EXECUTION,N/A,HIGH,SINGLE_TURN,HIGH,N/A,Rozpoczęcie tury 1 dla Niemcy z 0 jednostkami,N/A,N/A,CRITICAL,STRATEGIC_POSITIONING,N/A
2025-09-19 23:06:58,UNKNOWN,UNKNOWN,SCOUT_IDENTIFICATION,UNIT_ANALYSIS,MEDIUM,"total_units=0, scouts_found=0",EFFICIENT_RECONNAISSANCE,N/A,HIGH,IMMEDIATE,LOW,N/A,Identyfikacja 0 jednostek zwiadu z 0 dostępnych,N/A,N/A,N/A,INDIRECT_POSITIVE,N/A
2025-09-19 23:06:58,UNKNOWN,UNKNOWN,ENEMY_DETECTION,INTELLIGENCE_GATHERING,CRITICAL,"vision_positions=0, tokens_checked=39, enemies_detected=0",THREAT_IDENTIFICATION,N/A,HIGH,IMMEDIATE,LOW,N/A,Wykryto 0 wrogich jednostek z 0 pozycji obserwacji,N/A,N/A,HIGH,DIRECT_POSITIVE,N/A
2025-09-19 23:06:58,1,6,PHASE1_SUMMARY,STRATEGIC_PLANNING,CRITICAL,"units=0, scouts_id=0, scouts_deployed=0, enemies=0",INTELLIGENCE_GATHERED,0_OPPORTUNITIES_IDENTIFIED,HIGH,MULTI_TURN,MEDIUM,N/A,"Faza 1 zakończona: 0 scoutów, 0 wrogów, 0 okazji",N/A,N/A,HIGH,STRATEGIC_FOUNDATION,N/A
2025-09-19 23:06:58,UNKNOWN,UNKNOWN,SCOUT_IDENTIFICATION,UNIT_ANALYSIS,MEDIUM,"total_units=0, scouts_found=0",EFFICIENT_RECONNAISSANCE,N/A,HIGH,IMMEDIATE,LOW,N/A,Identyfikacja 0 jednostek zwiadu z 0 dostępnych,N/A,N/A,N/A,INDIRECT_POSITIVE,N/A
2025-09-19 23:06:58,UNKNOWN,UNKNOWN,ENEMY_DETECTION,INTELLIGENCE_GATHERING,CRITICAL,"vision_positions=0, tokens_checked=39, enemies_detected=0",THREAT_IDENTIFICATION,N/A,HIGH,IMMEDIATE,LOW,N/A,Wykryto 0 wrogich jednostek z 0 pozycji obserwacji,N/A,N/A,HIGH,DIRECT_POSITIVE,N/A
2025-09-19 23:06:58,1,6,PHASE1_SUMMARY,STRATEGIC_PLANNING,CRITICAL,"units=0, scouts_id=0, scouts_deployed=0, enemies=0",INTELLIGENCE_GATHERED,0_OPPORTUNITIES_IDENTIFIED,HIGH,MULTI_TURN,MEDIUM,N/A,"Faza 1 zakończona: 0 scoutów, 0 wrogów, 0 okazji",N/A,N/A,HIGH,STRATEGIC_FOUNDATION,N/A
2025-09-19 23:06:58,1,Niemcy,TURN_START,STRATEGIC_INITIALIZATION,CRITICAL,"nation=Niemcy, total_units=0, available_units=0",PHASE3_EXECUTION,N/A,HIGH,SINGLE_TURN,HIGH,N/A,Rozpoczęcie tury 1 dla Niemcy z 0 jednostkami,N/A,N/A,CRITICAL,STRATEGIC_POSITIONING,N/A
2025-09-19 23:07:00,N/A,Niemcy,STRATEGIC_DECISION,OPERATIONS,MEDIUM,"state=REASSIGNMENT, groups=5, reassignments=0",N/A,N/A,MEDIUM,N/A,N/A,N/A,"Strategy: REASSIGNMENT, aggression 0.50",N/A,N/A,N/A,N/A,N/A
2025-09-19 23:07:00,N/A,Niemcy,STRATEGIC_DECISION,OPERATIONS,MEDIUM,"state=REASSIGNMENT, groups=5, reassignments=0",N/A,N/A,MEDIUM,N/A,N/A,N/A,"Strategy: REASSIGNMENT, aggression 0.50",N/A,N/A,N/A,N/A,N/A
2025-09-19 23:07:00,N/A,Niemcy,STRATEGIC_DECISION,OPERATIONS,MEDIUM,"state=REASSIGNMENT, groups=1, reassignments=0",N/A,N/A,MEDIUM,N/A,N/A,N/A,"Strategy: REASSIGNMENT, aggression 0.50",N/A,N/A,N/A,N/A,N/A
2025-09-19 23:07:00,N/A,Niemcy,STRATEGIC_DECISION,OPERATIONS,MEDIUM,"state=REASSIGNMENT, groups=1, reassignments=0",N/A,N/A,MEDIUM,N/A,N/A,N/A,"Strategy: REASSIGNMENT, aggression 0.50",N/A,N/A,N/A,N/A,N/A
2025-09-19 23:07:00,N/A,Niemcy,STRATEGIC_DECISION,OPERATIONS,MEDIUM,"state=REASSIGNMENT, groups=1, reassignments=0",N/A,N/A,MEDIUM,N/A,N/A,N/A,"Strategy: REASSIGNMENT, aggression 0.50",N/A,N/A,N/A,N/A,N/A
2025-09-19 23:07:00,N/A,Niemcy,STRATEGIC_DECISION,OPERATIONS,MEDIUM,"state=REASSIGNMENT, groups=1, reassignments=0",N/A,N/A,MEDIUM,N/A,N/A,N/A,"Strategy: REASSIGNMENT, aggression 0.50",N/A,N/A,N/A,N/A,N/A
2025-09-19 23:07:00,N/A,Niemcy,STRATEGIC_DECISION,OPERATIONS,MEDIUM,"state=REASSIGNMENT, groups=1, reassignments=0",N/A,N/A,MEDIUM,N/A,N/A,N/A,"Strategy: REASSIGNMENT, aggression 0.50",N/A,N/A,N/A,N/A,N/A
2025-09-19 23:07:08,1,Niemcy,TURN_START_VICTORY_AI,STRATEGIC_INITIALIZATION,CRITICAL,"nation=Niemcy, tokens=0, captured_kps=0",VICTORY_AI_ACTIVATION,N/A,HIGH,SINGLE_TURN,HIGH,N/A,Inicjalizacja Victory AI dla gracza 5 (Niemcy) w turze 1,N/A,N/A,CRITICAL,STRATEGIC_POSITIVE,N/A
2025-09-19 23:07:08,UNKNOWN,UNKNOWN,SCOUT_IDENTIFICATION,UNIT_ANALYSIS,MEDIUM,"total_units=0, scouts_found=0",EFFICIENT_RECONNAISSANCE,N/A,HIGH,IMMEDIATE,LOW,N/A,Identyfikacja 0 jednostek zwiadu z 0 dostępnych,N/A,N/A,N/A,INDIRECT_POSITIVE,N/A
2025-09-19 23:07:08,UNKNOWN,UNKNOWN,ENEMY_DETECTION,INTELLIGENCE_GATHERING,CRITICAL,"vision_positions=0, tokens_checked=39, enemies_detected=0",THREAT_IDENTIFICATION,N/A,HIGH,IMMEDIATE,LOW,N/A,Wykryto 0 wrogich jednostek z 0 pozycji obserwacji,N/A,N/A,HIGH,DIRECT_POSITIVE,N/A
2025-09-19 23:07:08,1,5,PHASE1_SUMMARY,STRATEGIC_PLANNING,CRITICAL,"units=0, scouts_id=0, scouts_deployed=0, enemies=0",INTELLIGENCE_GATHERED,0_OPPORTUNITIES_IDENTIFIED,HIGH,MULTI_TURN,MEDIUM,N/A,"Faza 1 zakończona: 0 scoutów, 0 wrogów, 0 okazji",N/A,N/A,HIGH,STRATEGIC_FOUNDATION,N/A
2025-09-19 23:07:08,UNKNOWN,UNKNOWN,SCOUT_IDENTIFICATION,UNIT_ANALYSIS,MEDIUM,"total_units=0, scouts_found=0",EFFICIENT_RECONNAISSANCE,N/A,HIGH,IMMEDIATE,LOW,N/A,Identyfikacja 0 jednostek zwiadu z 0 dostępnych,N/A,N/A,N/A,INDIRECT_POSITIVE,N/A
2025-09-19 23:07:08,UNKNOWN,UNKNOWN,ENEMY_DETECTION,INTELLIGENCE_GATHERING,CRITICAL,"vision_positions=0, tokens_checked=39, enemies_detected=0",THREAT_IDENTIFICATION,N/A,HIGH,IMMEDIATE,LOW,N/A,Wykryto 0 wrogich jednostek z 0 pozycji obserwacji,N/A,N/A,HIGH,DIRECT_POSITIVE,N/A
2025-09-19 23:07:08,1,5,PHASE1_SUMMARY,STRATEGIC_PLANNING,CRITICAL,"units=0, scouts_id=0, scouts_deployed=0, enemies=0",INTELLIGENCE_GATHERED,0_OPPORTUNITIES_IDENTIFIED,HIGH,MULTI_TURN,MEDIUM,N/A,"Faza 1 zakończona: 0 scoutów, 0 wrogów, 0 okazji",N/A,N/A,HIGH,STRATEGIC_FOUNDATION,N/A
2025-09-19 23:07:08,1,Niemcy,TURN_START,STRATEGIC_INITIALIZATION,CRITICAL,"nation=Niemcy, total_units=0, available_units=0",PHASE3_EXECUTION,N/A,HIGH,SINGLE_TURN,HIGH,N/A,Rozpoczęcie tury 1 dla Niemcy z 0 jednostkami,N/A,N/A,CRITICAL,STRATEGIC_POSITIONING,N/A
2025-09-19 23:07:08,UNKNOWN,UNKNOWN,SCOUT_IDENTIFICATION,UNIT_ANALYSIS,MEDIUM,"total_units=0, scouts_found=0",EFFICIENT_RECONNAISSANCE,N/A,HIGH,IMMEDIATE,LOW,N/A,Identyfikacja 0 jednostek zwiadu z 0 dostępnych,N/A,N/A,N/A,INDIRECT_POSITIVE,N/A
2025-09-19 23:07:08,UNKNOWN,UNKNOWN,ENEMY_DETECTION,INTELLIGENCE_GATHERING,CRITICAL,"vision_positions=0, tokens_checked=39, enemies_detected=0",THREAT_IDENTIFICATION,N/A,HIGH,IMMEDIATE,LOW,N/A,Wykryto 0 wrogich jednostek z 0 pozycji obserwacji,N/A,N/A,HIGH,DIRECT_POSITIVE,N/A
2025-09-19 23:07:08,1,5,PHASE1_SUMMARY,STRATEGIC_PLANNING,CRITICAL,"units=0, scouts_id=0, scouts_deployed=0, enemies=0",INTELLIGENCE_GATHERED,0_OPPORTUNITIES_IDENTIFIED,HIGH,MULTI_TURN,MEDIUM,N/A,"Faza 1 zakończona: 0 scoutów, 0 wrogów, 0 okazji",N/A,N/A,HIGH,STRATEGIC_FOUNDATION,N/A
2025-09-19 23:07:08,UNKNOWN,UNKNOWN,SCOUT_IDENTIFICATION,UNIT_ANALYSIS,MEDIUM,"total_units=0, scouts_found=0",EFFICIENT_RECONNAISSANCE,N/A,HIGH,IMMEDIATE,LOW,N/A,Identyfikacja 0 jednostek zwiadu z 0 dostępnych,N/A,N/A,N/A,INDIRECT_POSITIVE,N/A
2025-09-19 23:07:08,UNKNOWN,UNKNOWN,ENEMY_DETECTION,INTELLIGENCE_GATHERING,CRITICAL,"vision_positions=0, tokens_checked=39, enemies_detected=0",THREAT_IDENTIFICATION,N/A,HIGH,IMMEDIATE,LOW,N/A,Wykryto 0 wrogich jednostek z 0 pozycji obserwacji,N/A,N/A,HIGH,DIRECT_POSITIVE,N/A
2025-09-19 23:07:08,1,5,PHASE1_SUMMARY,STRATEGIC_PLANNING,CRITICAL,"units=0, scouts_id=0, scouts_deployed=0, enemies=0",INTELLIGENCE_GATHERED,0_OPPORTUNITIES_IDENTIFIED,HIGH,MULTI_TURN,MEDIUM,N/A,"Faza 1 zakończona: 0 scoutów, 0 wrogów, 0 okazji",N/A,N/A,HIGH,STRATEGIC_FOUNDATION,N/A
2025-09-19 23:07:08,1,Niemcy,TURN_START,STRATEGIC_INITIALIZATION,CRITICAL,"nation=Niemcy, total_units=0, available_units=0",PHASE3_EXECUTION,N/A,HIGH,SINGLE_TURN,HIGH,N/A,Rozpoczęcie tury 1 dla Niemcy z 0 jednostkami,N/A,N/A,CRITICAL,STRATEGIC_POSITIONING,N/A
2025-09-19 23:07:10,N/A,Niemcy,STRATEGIC_DECISION,OPERATIONS,MEDIUM,"state=REASSIGNMENT, groups=4, reassignments=0",N/A,N/A,MEDIUM,N/A,N/A,N/A,"Strategy: REASSIGNMENT, aggression 0.50",N/A,N/A,N/A,N/A,N/A
2025-09-19 23:07:10,N/A,Niemcy,STRATEGIC_DECISION,OPERATIONS,MEDIUM,"state=REASSIGNMENT, groups=4, reassignments=0",N/A,N/A,MEDIUM,N/A,N/A,N/A,"Strategy: REASSIGNMENT, aggression 0.50",N/A,N/A,N/A,N/A,N/A
2025-09-19 23:07:10,N/A,Niemcy,STRATEGIC_DECISION,OPERATIONS,MEDIUM,"state=REASSIGNMENT, groups=1, reassignments=0",N/A,N/A,MEDIUM,N/A,N/A,N/A,"Strategy: REASSIGNMENT, aggression 0.50",N/A,N/A,N/A,N/A,N/A
2025-09-19 23:07:10,N/A,Niemcy,STRATEGIC_DECISION,OPERATIONS,MEDIUM,"state=REASSIGNMENT, groups=1, reassignments=0",N/A,N/A,MEDIUM,N/A,N/A,N/A,"Strategy: REASSIGNMENT, aggression 0.50",N/A,N/A,N/A,N/A,N/A
2025-09-19 23:07:10,N/A,Niemcy,STRATEGIC_DECISION,OPERATIONS,MEDIUM,"state=REASSIGNMENT, groups=1, reassignments=0",N/A,N/A,MEDIUM,N/A,N/A,N/A,"Strategy: REASSIGNMENT, aggression 0.50",N/A,N/A,N/A,N/A,N/A
2025-09-19 23:07:10,N/A,Niemcy,STRATEGIC_DECISION,OPERATIONS,MEDIUM,"state=REASSIGNMENT, groups=1, reassignments=0",N/A,N/A,MEDIUM,N/A,N/A,N/A,"Strategy: REASSIGNMENT, aggression 0.50",N/A,N/A,N/A,N/A,N/A
2025-09-19 23:07:10,1,Niemcy,TURN_START_VICTORY_AI,STRATEGIC_INITIALIZATION,CRITICAL,"nation=Niemcy, tokens=0, captured_kps=0",VICTORY_AI_ACTIVATION,N/A,HIGH,SINGLE_TURN,HIGH,N/A,Inicjalizacja Victory AI dla gracza 6 (Niemcy) w turze 1,N/A,N/A,CRITICAL,STRATEGIC_POSITIVE,N/A
2025-09-19 23:07:10,UNKNOWN,UNKNOWN,SCOUT_IDENTIFICATION,UNIT_ANALYSIS,MEDIUM,"total_units=0, scouts_found=0",EFFICIENT_RECONNAISSANCE,N/A,HIGH,IMMEDIATE,LOW,N/A,Identyfikacja 0 jednostek zwiadu z 0 dostępnych,N/A,N/A,N/A,INDIRECT_POSITIVE,N/A
2025-09-19 23:07:10,UNKNOWN,UNKNOWN,ENEMY_DETECTION,INTELLIGENCE_GATHERING,CRITICAL,"vision_positions=0, tokens_checked=39, enemies_detected=0",THREAT_IDENTIFICATION,N/A,HIGH,IMMEDIATE,LOW,N/A,Wykryto 0 wrogich jednostek z 0 pozycji obserwacji,N/A,N/A,HIGH,DIRECT_POSITIVE,N/A
2025-09-19 23:07:10,1,6,PHASE1_SUMMARY,STRATEGIC_PLANNING,CRITICAL,"units=0, scouts_id=0, scouts_deployed=0, enemies=0",INTELLIGENCE_GATHERED,0_OPPORTUNITIES_IDENTIFIED,HIGH,MULTI_TURN,MEDIUM,N/A,"Faza 1 zakończona: 0 scoutów, 0 wrogów, 0 okazji",N/A,N/A,HIGH,STRATEGIC_FOUNDATION,N/A
2025-09-19 23:07:10,UNKNOWN,UNKNOWN,SCOUT_IDENTIFICATION,UNIT_ANALYSIS,MEDIUM,"total_units=0, scouts_found=0",EFFICIENT_RECONNAISSANCE,N/A,HIGH,IMMEDIATE,LOW,N/A,Identyfikacja 0 jednostek zwiadu z 0 dostępnych,N/A,N/A,N/A,INDIRECT_POSITIVE,N/A
2025-09-19 23:07:10,UNKNOWN,UNKNOWN,ENEMY_DETECTION,INTELLIGENCE_GATHERING,CRITICAL,"vision_positions=0, tokens_checked=39, enemies_detected=0",THREAT_IDENTIFICATION,N/A,HIGH,IMMEDIATE,LOW,N/A,Wykryto 0 wrogich jednostek z 0 pozycji obserwacji,N/A,N/A,HIGH,DIRECT_POSITIVE,N/A
2025-09-19 23:07:10,1,6,PHASE1_SUMMARY,STRATEGIC_PLANNING,CRITICAL,"units=0, scouts_id=0, scouts_deployed=0, enemies=0",INTELLIGENCE_GATHERED,0_OPPORTUNITIES_IDENTIFIED,HIGH,MULTI_TURN,MEDIUM,N/A,"Faza 1 zakończona: 0 scoutów, 0 wrogów, 0 okazji",N/A,N/A,HIGH,STRATEGIC_FOUNDATION,N/A
2025-09-19 23:07:10,1,Niemcy,TURN_START,STRATEGIC_INITIALIZATION,CRITICAL,"nation=Niemcy, total_units=0, available_units=0",PHASE3_EXECUTION,N/A,HIGH,SINGLE_TURN,HIGH,N/A,Rozpoczęcie tury 1 dla Niemcy z 0 jednostkami,N/A,N/A,CRITICAL,STRATEGIC_POSITIONING,N/A
2025-09-19 23:07:10,UNKNOWN,UNKNOWN,SCOUT_IDENTIFICATION,UNIT_ANALYSIS,MEDIUM,"total_units=0, scouts_found=0",EFFICIENT_RECONNAISSANCE,N/A,HIGH,IMMEDIATE,LOW,N/A,Identyfikacja 0 jednostek zwiadu z 0 dostępnych,N/A,N/A,N/A,INDIRECT_POSITIVE,N/A
2025-09-19 23:07:10,UNKNOWN,UNKNOWN,ENEMY_DETECTION,INTELLIGENCE_GATHERING,CRITICAL,"vision_positions=0, tokens_checked=39, enemies_detected=0",THREAT_IDENTIFICATION,N/A,HIGH,IMMEDIATE,LOW,N/A,Wykryto 0 wrogich jednostek z 0 pozycji obserwacji,N/A,N/A,HIGH,DIRECT_POSITIVE,N/A
2025-09-19 23:07:10,1,6,PHASE1_SUMMARY,STRATEGIC_PLANNING,CRITICAL,"units=0, scouts_id=0, scouts_deployed=0, enemies=0",INTELLIGENCE_GATHERED,0_OPPORTUNITIES_IDENTIFIED,HIGH,MULTI_TURN,MEDIUM,N/A,"Faza 1 zakończona: 0 scoutów, 0 wrogów, 0 okazji",N/A,N/A,HIGH,STRATEGIC_FOUNDATION,N/A
2025-09-19 23:07:10,UNKNOWN,UNKNOWN,SCOUT_IDENTIFICATION,UNIT_ANALYSIS,MEDIUM,"total_units=0, scouts_found=0",EFFICIENT_RECONNAISSANCE,N/A,HIGH,IMMEDIATE,LOW,N/A,Identyfikacja 0 jednostek zwiadu z 0 dostępnych,N/A,N/A,N/A,INDIRECT_POSITIVE,N/A
2025-09-19 23:07:10,UNKNOWN,UNKNOWN,ENEMY_DETECTION,INTELLIGENCE_GATHERING,CRITICAL,"vision_positions=0, tokens_checked=39, enemies_detected=0",THREAT_IDENTIFICATION,N/A,HIGH,IMMEDIATE,LOW,N/A,Wykryto 0 wrogich jednostek z 0 pozycji obserwacji,N/A,N/A,HIGH,DIRECT_POSITIVE,N/A
2025-09-19 23:07:10,1,6,PHASE1_SUMMARY,STRATEGIC_PLANNING,CRITICAL,"units=0, scouts_id=0, scouts_deployed=0, enemies=0",INTELLIGENCE_GATHERED,0_OPPORTUNITIES_IDENTIFIED,HIGH,MULTI_TURN,MEDIUM,N/A,"Faza 1 zakończona: 0 scoutów, 0 wrogów, 0 okazji",N/A,N/A,HIGH,STRATEGIC_FOUNDATION,N/A
2025-09-19 23:07:10,1,Niemcy,TURN_START,STRATEGIC_INITIALIZATION,CRITICAL,"nation=Niemcy, total_units=0, available_units=0",PHASE3_EXECUTION,N/A,HIGH,SINGLE_TURN,HIGH,N/A,Rozpoczęcie tury 1 dla Niemcy z 0 jednostkami,N/A,N/A,CRITICAL,STRATEGIC_POSITIONING,N/A
2025-09-19 23:07:12,N/A,Niemcy,STRATEGIC_DECISION,OPERATIONS,MEDIUM,"state=REASSIGNMENT, groups=5, reassignments=0",N/A,N/A,MEDIUM,N/A,N/A,N/A,"Strategy: REASSIGNMENT, aggression 0.50",N/A,N/A,N/A,N/A,N/A
2025-09-19 23:07:12,N/A,Niemcy,STRATEGIC_DECISION,OPERATIONS,MEDIUM,"state=REASSIGNMENT, groups=5, reassignments=0",N/A,N/A,MEDIUM,N/A,N/A,N/A,"Strategy: REASSIGNMENT, aggression 0.50",N/A,N/A,N/A,N/A,N/A
2025-09-19 23:07:12,N/A,Niemcy,STRATEGIC_DECISION,OPERATIONS,MEDIUM,"state=REASSIGNMENT, groups=1, reassignments=0",N/A,N/A,MEDIUM,N/A,N/A,N/A,"Strategy: REASSIGNMENT, aggression 0.50",N/A,N/A,N/A,N/A,N/A
2025-09-19 23:07:12,N/A,Niemcy,STRATEGIC_DECISION,OPERATIONS,MEDIUM,"state=REASSIGNMENT, groups=1, reassignments=0",N/A,N/A,MEDIUM,N/A,N/A,N/A,"Strategy: REASSIGNMENT, aggression 0.50",N/A,N/A,N/A,N/A,N/A
2025-09-19 23:07:13,N/A,Niemcy,STRATEGIC_DECISION,OPERATIONS,MEDIUM,"state=REASSIGNMENT, groups=1, reassignments=0",N/A,N/A,MEDIUM,N/A,N/A,N/A,"Strategy: REASSIGNMENT, aggression 0.50",N/A,N/A,N/A,N/A,N/A
2025-09-19 23:07:13,N/A,Niemcy,STRATEGIC_DECISION,OPERATIONS,MEDIUM,"state=REASSIGNMENT, groups=1, reassignments=0",N/A,N/A,MEDIUM,N/A,N/A,N/A,"Strategy: REASSIGNMENT, aggression 0.50",N/A,N/A,N/A,N/A,N/A
2025-09-19 23:07:13,N/A,Niemcy,STRATEGIC_DECISION,OPERATIONS,MEDIUM,"state=REASSIGNMENT, groups=1, reassignments=0",N/A,N/A,MEDIUM,N/A,N/A,N/A,"Strategy: REASSIGNMENT, aggression 0.50",N/A,N/A,N/A,N/A,N/A
2025-09-19 23:07:25,1,Niemcy,TURN_START_VICTORY_AI,STRATEGIC_INITIALIZATION,CRITICAL,"nation=Niemcy, tokens=0, captured_kps=0",VICTORY_AI_ACTIVATION,N/A,HIGH,SINGLE_TURN,HIGH,N/A,Inicjalizacja Victory AI dla gracza 5 (Niemcy) w turze 1,N/A,N/A,CRITICAL,STRATEGIC_POSITIVE,N/A
2025-09-19 23:07:25,UNKNOWN,UNKNOWN,SCOUT_IDENTIFICATION,UNIT_ANALYSIS,MEDIUM,"total_units=0, scouts_found=0",EFFICIENT_RECONNAISSANCE,N/A,HIGH,IMMEDIATE,LOW,N/A,Identyfikacja 0 jednostek zwiadu z 0 dostępnych,N/A,N/A,N/A,INDIRECT_POSITIVE,N/A
2025-09-19 23:07:25,UNKNOWN,UNKNOWN,ENEMY_DETECTION,INTELLIGENCE_GATHERING,CRITICAL,"vision_positions=0, tokens_checked=39, enemies_detected=0",THREAT_IDENTIFICATION,N/A,HIGH,IMMEDIATE,LOW,N/A,Wykryto 0 wrogich jednostek z 0 pozycji obserwacji,N/A,N/A,HIGH,DIRECT_POSITIVE,N/A
2025-09-19 23:07:25,1,5,PHASE1_SUMMARY,STRATEGIC_PLANNING,CRITICAL,"units=0, scouts_id=0, scouts_deployed=0, enemies=0",INTELLIGENCE_GATHERED,0_OPPORTUNITIES_IDENTIFIED,HIGH,MULTI_TURN,MEDIUM,N/A,"Faza 1 zakończona: 0 scoutów, 0 wrogów, 0 okazji",N/A,N/A,HIGH,STRATEGIC_FOUNDATION,N/A
2025-09-19 23:07:25,UNKNOWN,UNKNOWN,SCOUT_IDENTIFICATION,UNIT_ANALYSIS,MEDIUM,"total_units=0, scouts_found=0",EFFICIENT_RECONNAISSANCE,N/A,HIGH,IMMEDIATE,LOW,N/A,Identyfikacja 0 jednostek zwiadu z 0 dostępnych,N/A,N/A,N/A,INDIRECT_POSITIVE,N/A
2025-09-19 23:07:25,UNKNOWN,UNKNOWN,ENEMY_DETECTION,INTELLIGENCE_GATHERING,CRITICAL,"vision_positions=0, tokens_checked=39, enemies_detected=0",THREAT_IDENTIFICATION,N/A,HIGH,IMMEDIATE,LOW,N/A,Wykryto 0 wrogich jednostek z 0 pozycji obserwacji,N/A,N/A,HIGH,DIRECT_POSITIVE,N/A
2025-09-19 23:07:25,1,5,PHASE1_SUMMARY,STRATEGIC_PLANNING,CRITICAL,"units=0, scouts_id=0, scouts_deployed=0, enemies=0",INTELLIGENCE_GATHERED,0_OPPORTUNITIES_IDENTIFIED,HIGH,MULTI_TURN,MEDIUM,N/A,"Faza 1 zakończona: 0 scoutów, 0 wrogów, 0 okazji",N/A,N/A,HIGH,STRATEGIC_FOUNDATION,N/A
2025-09-19 23:07:25,1,Niemcy,TURN_START,STRATEGIC_INITIALIZATION,CRITICAL,"nation=Niemcy, total_units=0, available_units=0",PHASE3_EXECUTION,N/A,HIGH,SINGLE_TURN,HIGH,N/A,Rozpoczęcie tury 1 dla Niemcy z 0 jednostkami,N/A,N/A,CRITICAL,STRATEGIC_POSITIONING,N/A
2025-09-19 23:07:25,UNKNOWN,UNKNOWN,SCOUT_IDENTIFICATION,UNIT_ANALYSIS,MEDIUM,"total_units=0, scouts_found=0",EFFICIENT_RECONNAISSANCE,N/A,HIGH,IMMEDIATE,LOW,N/A,Identyfikacja 0 jednostek zwiadu z 0 dostępnych,N/A,N/A,N/A,INDIRECT_POSITIVE,N/A
2025-09-19 23:07:25,UNKNOWN,UNKNOWN,ENEMY_DETECTION,INTELLIGENCE_GATHERING,CRITICAL,"vision_positions=0, tokens_checked=39, enemies_detected=0",THREAT_IDENTIFICATION,N/A,HIGH,IMMEDIATE,LOW,N/A,Wykryto 0 wrogich jednostek z 0 pozycji obserwacji,N/A,N/A,HIGH,DIRECT_POSITIVE,N/A
2025-09-19 23:07:26,1,5,PHASE1_SUMMARY,STRATEGIC_PLANNING,CRITICAL,"units=0, scouts_id=0, scouts_deployed=0, enemies=0",INTELLIGENCE_GATHERED,0_OPPORTUNITIES_IDENTIFIED,HIGH,MULTI_TURN,MEDIUM,N/A,"Faza 1 zakończona: 0 scoutów, 0 wrogów, 0 okazji",N/A,N/A,HIGH,STRATEGIC_FOUNDATION,N/A
2025-09-19 23:07:26,UNKNOWN,UNKNOWN,SCOUT_IDENTIFICATION,UNIT_ANALYSIS,MEDIUM,"total_units=0, scouts_found=0",EFFICIENT_RECONNAISSANCE,N/A,HIGH,IMMEDIATE,LOW,N/A,Identyfikacja 0 jednostek zwiadu z 0 dostępnych,N/A,N/A,N/A,INDIRECT_POSITIVE,N/A
2025-09-19 23:07:26,UNKNOWN,UNKNOWN,ENEMY_DETECTION,INTELLIGENCE_GATHERING,CRITICAL,"vision_positions=0, tokens_checked=39, enemies_detected=0",THREAT_IDENTIFICATION,N/A,HIGH,IMMEDIATE,LOW,N/A,Wykryto 0 wrogich jednostek z 0 pozycji obserwacji,N/A,N/A,HIGH,DIRECT_POSITIVE,N/A
2025-09-19 23:07:26,1,5,PHASE1_SUMMARY,STRATEGIC_PLANNING,CRITICAL,"units=0, scouts_id=0, scouts_deployed=0, enemies=0",INTELLIGENCE_GATHERED,0_OPPORTUNITIES_IDENTIFIED,HIGH,MULTI_TURN,MEDIUM,N/A,"Faza 1 zakończona: 0 scoutów, 0 wrogów, 0 okazji",N/A,N/A,HIGH,STRATEGIC_FOUNDATION,N/A
2025-09-19 23:07:26,1,Niemcy,TURN_START,STRATEGIC_INITIALIZATION,CRITICAL,"nation=Niemcy, total_units=0, available_units=0",PHASE3_EXECUTION,N/A,HIGH,SINGLE_TURN,HIGH,N/A,Rozpoczęcie tury 1 dla Niemcy z 0 jednostkami,N/A,N/A,CRITICAL,STRATEGIC_POSITIONING,N/A
2025-09-19 23:07:27,N/A,Niemcy,STRATEGIC_DECISION,OPERATIONS,MEDIUM,"state=REASSIGNMENT, groups=4, reassignments=0",N/A,N/A,MEDIUM,N/A,N/A,N/A,"Strategy: REASSIGNMENT, aggression 0.50",N/A,N/A,N/A,N/A,N/A
2025-09-19 23:07:27,N/A,Niemcy,STRATEGIC_DECISION,OPERATIONS,MEDIUM,"state=REASSIGNMENT, groups=4, reassignments=0",N/A,N/A,MEDIUM,N/A,N/A,N/A,"Strategy: REASSIGNMENT, aggression 0.50",N/A,N/A,N/A,N/A,N/A
2025-09-19 23:07:27,N/A,Niemcy,STRATEGIC_DECISION,OPERATIONS,MEDIUM,"state=REASSIGNMENT, groups=1, reassignments=0",N/A,N/A,MEDIUM,N/A,N/A,N/A,"Strategy: REASSIGNMENT, aggression 0.50",N/A,N/A,N/A,N/A,N/A
2025-09-19 23:07:27,N/A,Niemcy,STRATEGIC_DECISION,OPERATIONS,MEDIUM,"state=REASSIGNMENT, groups=1, reassignments=0",N/A,N/A,MEDIUM,N/A,N/A,N/A,"Strategy: REASSIGNMENT, aggression 0.50",N/A,N/A,N/A,N/A,N/A
2025-09-19 23:07:27,N/A,Niemcy,STRATEGIC_DECISION,OPERATIONS,MEDIUM,"state=REASSIGNMENT, groups=1, reassignments=0",N/A,N/A,MEDIUM,N/A,N/A,N/A,"Strategy: REASSIGNMENT, aggression 0.50",N/A,N/A,N/A,N/A,N/A
2025-09-19 23:07:27,N/A,Niemcy,STRATEGIC_DECISION,OPERATIONS,MEDIUM,"state=REASSIGNMENT, groups=1, reassignments=1",N/A,N/A,MEDIUM,N/A,N/A,N/A,"Strategy: REASSIGNMENT, aggression 0.50",N/A,N/A,N/A,N/A,N/A
2025-09-19 23:07:27,1,Niemcy,TURN_START_VICTORY_AI,STRATEGIC_INITIALIZATION,CRITICAL,"nation=Niemcy, tokens=0, captured_kps=0",VICTORY_AI_ACTIVATION,N/A,HIGH,SINGLE_TURN,HIGH,N/A,Inicjalizacja Victory AI dla gracza 6 (Niemcy) w turze 1,N/A,N/A,CRITICAL,STRATEGIC_POSITIVE,N/A
2025-09-19 23:07:27,UNKNOWN,UNKNOWN,SCOUT_IDENTIFICATION,UNIT_ANALYSIS,MEDIUM,"total_units=0, scouts_found=0",EFFICIENT_RECONNAISSANCE,N/A,HIGH,IMMEDIATE,LOW,N/A,Identyfikacja 0 jednostek zwiadu z 0 dostępnych,N/A,N/A,N/A,INDIRECT_POSITIVE,N/A
2025-09-19 23:07:27,UNKNOWN,UNKNOWN,ENEMY_DETECTION,INTELLIGENCE_GATHERING,CRITICAL,"vision_positions=0, tokens_checked=39, enemies_detected=0",THREAT_IDENTIFICATION,N/A,HIGH,IMMEDIATE,LOW,N/A,Wykryto 0 wrogich jednostek z 0 pozycji obserwacji,N/A,N/A,HIGH,DIRECT_POSITIVE,N/A
2025-09-19 23:07:27,1,6,PHASE1_SUMMARY,STRATEGIC_PLANNING,CRITICAL,"units=0, scouts_id=0, scouts_deployed=0, enemies=0",INTELLIGENCE_GATHERED,0_OPPORTUNITIES_IDENTIFIED,HIGH,MULTI_TURN,MEDIUM,N/A,"Faza 1 zakończona: 0 scoutów, 0 wrogów, 0 okazji",N/A,N/A,HIGH,STRATEGIC_FOUNDATION,N/A
2025-09-19 23:07:27,UNKNOWN,UNKNOWN,SCOUT_IDENTIFICATION,UNIT_ANALYSIS,MEDIUM,"total_units=0, scouts_found=0",EFFICIENT_RECONNAISSANCE,N/A,HIGH,IMMEDIATE,LOW,N/A,Identyfikacja 0 jednostek zwiadu z 0 dostępnych,N/A,N/A,N/A,INDIRECT_POSITIVE,N/A
2025-09-19 23:07:27,UNKNOWN,UNKNOWN,ENEMY_DETECTION,INTELLIGENCE_GATHERING,CRITICAL,"vision_positions=0, tokens_checked=39, enemies_detected=0",THREAT_IDENTIFICATION,N/A,HIGH,IMMEDIATE,LOW,N/A,Wykryto 0 wrogich jednostek z 0 pozycji obserwacji,N/A,N/A,HIGH,DIRECT_POSITIVE,N/A
2025-09-19 23:07:27,1,6,PHASE1_SUMMARY,STRATEGIC_PLANNING,CRITICAL,"units=0, scouts_id=0, scouts_deployed=0, enemies=0",INTELLIGENCE_GATHERED,0_OPPORTUNITIES_IDENTIFIED,HIGH,MULTI_TURN,MEDIUM,N/A,"Faza 1 zakończona: 0 scoutów, 0 wrogów, 0 okazji",N/A,N/A,HIGH,STRATEGIC_FOUNDATION,N/A
2025-09-19 23:07:27,1,Niemcy,TURN_START,STRATEGIC_INITIALIZATION,CRITICAL,"nation=Niemcy, total_units=0, available_units=0",PHASE3_EXECUTION,N/A,HIGH,SINGLE_TURN,HIGH,N/A,Rozpoczęcie tury 1 dla Niemcy z 0 jednostkami,N/A,N/A,CRITICAL,STRATEGIC_POSITIONING,N/A
2025-09-19 23:07:27,UNKNOWN,UNKNOWN,SCOUT_IDENTIFICATION,UNIT_ANALYSIS,MEDIUM,"total_units=0, scouts_found=0",EFFICIENT_RECONNAISSANCE,N/A,HIGH,IMMEDIATE,LOW,N/A,Identyfikacja 0 jednostek zwiadu z 0 dostępnych,N/A,N/A,N/A,INDIRECT_POSITIVE,N/A
2025-09-19 23:07:27,UNKNOWN,UNKNOWN,ENEMY_DETECTION,INTELLIGENCE_GATHERING,CRITICAL,"vision_positions=0, tokens_checked=39, enemies_detected=0",THREAT_IDENTIFICATION,N/A,HIGH,IMMEDIATE,LOW,N/A,Wykryto 0 wrogich jednostek z 0 pozycji obserwacji,N/A,N/A,HIGH,DIRECT_POSITIVE,N/A
2025-09-19 23:07:27,1,6,PHASE1_SUMMARY,STRATEGIC_PLANNING,CRITICAL,"units=0, scouts_id=0, scouts_deployed=0, enemies=0",INTELLIGENCE_GATHERED,0_OPPORTUNITIES_IDENTIFIED,HIGH,MULTI_TURN,MEDIUM,N/A,"Faza 1 zakończona: 0 scoutów, 0 wrogów, 0 okazji",N/A,N/A,HIGH,STRATEGIC_FOUNDATION,N/A
2025-09-19 23:07:27,UNKNOWN,UNKNOWN,SCOUT_IDENTIFICATION,UNIT_ANALYSIS,MEDIUM,"total_units=0, scouts_found=0",EFFICIENT_RECONNAISSANCE,N/A,HIGH,IMMEDIATE,LOW,N/A,Identyfikacja 0 jednostek zwiadu z 0 dostępnych,N/A,N/A,N/A,INDIRECT_POSITIVE,N/A
2025-09-19 23:07:27,UNKNOWN,UNKNOWN,ENEMY_DETECTION,INTELLIGENCE_GATHERING,CRITICAL,"vision_positions=0, tokens_checked=39, enemies_detected=0",THREAT_IDENTIFICATION,N/A,HIGH,IMMEDIATE,LOW,N/A,Wykryto 0 wrogich jednostek z 0 pozycji obserwacji,N/A,N/A,HIGH,DIRECT_POSITIVE,N/A
2025-09-19 23:07:27,1,6,PHASE1_SUMMARY,STRATEGIC_PLANNING,CRITICAL,"units=0, scouts_id=0, scouts_deployed=0, enemies=0",INTELLIGENCE_GATHERED,0_OPPORTUNITIES_IDENTIFIED,HIGH,MULTI_TURN,MEDIUM,N/A,"Faza 1 zakończona: 0 scoutów, 0 wrogów, 0 okazji",N/A,N/A,HIGH,STRATEGIC_FOUNDATION,N/A
2025-09-19 23:07:27,1,Niemcy,TURN_START,STRATEGIC_INITIALIZATION,CRITICAL,"nation=Niemcy, total_units=0, available_units=0",PHASE3_EXECUTION,N/A,HIGH,SINGLE_TURN,HIGH,N/A,Rozpoczęcie tury 1 dla Niemcy z 0 jednostkami,N/A,N/A,CRITICAL,STRATEGIC_POSITIONING,N/A
2025-09-19 23:07:30,N/A,Niemcy,STRATEGIC_DECISION,OPERATIONS,MEDIUM,"state=REASSIGNMENT, groups=5, reassignments=0",N/A,N/A,MEDIUM,N/A,N/A,N/A,"Strategy: REASSIGNMENT, aggression 0.50",N/A,N/A,N/A,N/A,N/A
2025-09-19 23:07:30,N/A,Niemcy,STRATEGIC_DECISION,OPERATIONS,MEDIUM,"state=REASSIGNMENT, groups=5, reassignments=0",N/A,N/A,MEDIUM,N/A,N/A,N/A,"Strategy: REASSIGNMENT, aggression 0.50",N/A,N/A,N/A,N/A,N/A
2025-09-19 23:07:30,N/A,Niemcy,STRATEGIC_DECISION,OPERATIONS,MEDIUM,"state=REASSIGNMENT, groups=1, reassignments=0",N/A,N/A,MEDIUM,N/A,N/A,N/A,"Strategy: REASSIGNMENT, aggression 0.50",N/A,N/A,N/A,N/A,N/A
2025-09-19 23:07:30,N/A,Niemcy,STRATEGIC_DECISION,OPERATIONS,MEDIUM,"state=REASSIGNMENT, groups=1, reassignments=0",N/A,N/A,MEDIUM,N/A,N/A,N/A,"Strategy: REASSIGNMENT, aggression 0.50",N/A,N/A,N/A,N/A,N/A
2025-09-19 23:07:30,N/A,Niemcy,STRATEGIC_DECISION,OPERATIONS,MEDIUM,"state=REASSIGNMENT, groups=1, reassignments=0",N/A,N/A,MEDIUM,N/A,N/A,N/A,"Strategy: REASSIGNMENT, aggression 0.50",N/A,N/A,N/A,N/A,N/A
2025-09-19 23:07:30,N/A,Niemcy,STRATEGIC_DECISION,OPERATIONS,MEDIUM,"state=REASSIGNMENT, groups=1, reassignments=0",N/A,N/A,MEDIUM,N/A,N/A,N/A,"Strategy: REASSIGNMENT, aggression 0.50",N/A,N/A,N/A,N/A,N/A
2025-09-19 23:07:30,N/A,Niemcy,STRATEGIC_DECISION,OPERATIONS,MEDIUM,"state=REASSIGNMENT, groups=1, reassignments=0",N/A,N/A,MEDIUM,N/A,N/A,N/A,"Strategy: REASSIGNMENT, aggression 0.50",N/A,N/A,N/A,N/A,N/A
2025-09-19 23:07:38,1,Niemcy,TURN_START_VICTORY_AI,STRATEGIC_INITIALIZATION,CRITICAL,"nation=Niemcy, tokens=0, captured_kps=0",VICTORY_AI_ACTIVATION,N/A,HIGH,SINGLE_TURN,HIGH,N/A,Inicjalizacja Victory AI dla gracza 5 (Niemcy) w turze 1,N/A,N/A,CRITICAL,STRATEGIC_POSITIVE,N/A
2025-09-19 23:07:38,UNKNOWN,UNKNOWN,SCOUT_IDENTIFICATION,UNIT_ANALYSIS,MEDIUM,"total_units=0, scouts_found=0",EFFICIENT_RECONNAISSANCE,N/A,HIGH,IMMEDIATE,LOW,N/A,Identyfikacja 0 jednostek zwiadu z 0 dostępnych,N/A,N/A,N/A,INDIRECT_POSITIVE,N/A
2025-09-19 23:07:38,UNKNOWN,UNKNOWN,ENEMY_DETECTION,INTELLIGENCE_GATHERING,CRITICAL,"vision_positions=0, tokens_checked=39, enemies_detected=0",THREAT_IDENTIFICATION,N/A,HIGH,IMMEDIATE,LOW,N/A,Wykryto 0 wrogich jednostek z 0 pozycji obserwacji,N/A,N/A,HIGH,DIRECT_POSITIVE,N/A
2025-09-19 23:07:38,1,5,PHASE1_SUMMARY,STRATEGIC_PLANNING,CRITICAL,"units=0, scouts_id=0, scouts_deployed=0, enemies=0",INTELLIGENCE_GATHERED,0_OPPORTUNITIES_IDENTIFIED,HIGH,MULTI_TURN,MEDIUM,N/A,"Faza 1 zakończona: 0 scoutów, 0 wrogów, 0 okazji",N/A,N/A,HIGH,STRATEGIC_FOUNDATION,N/A
2025-09-19 23:07:38,UNKNOWN,UNKNOWN,SCOUT_IDENTIFICATION,UNIT_ANALYSIS,MEDIUM,"total_units=0, scouts_found=0",EFFICIENT_RECONNAISSANCE,N/A,HIGH,IMMEDIATE,LOW,N/A,Identyfikacja 0 jednostek zwiadu z 0 dostępnych,N/A,N/A,N/A,INDIRECT_POSITIVE,N/A
2025-09-19 23:07:38,UNKNOWN,UNKNOWN,ENEMY_DETECTION,INTELLIGENCE_GATHERING,CRITICAL,"vision_positions=0, tokens_checked=39, enemies_detected=0",THREAT_IDENTIFICATION,N/A,HIGH,IMMEDIATE,LOW,N/A,Wykryto 0 wrogich jednostek z 0 pozycji obserwacji,N/A,N/A,HIGH,DIRECT_POSITIVE,N/A
2025-09-19 23:07:38,1,5,PHASE1_SUMMARY,STRATEGIC_PLANNING,CRITICAL,"units=0, scouts_id=0, scouts_deployed=0, enemies=0",INTELLIGENCE_GATHERED,0_OPPORTUNITIES_IDENTIFIED,HIGH,MULTI_TURN,MEDIUM,N/A,"Faza 1 zakończona: 0 scoutów, 0 wrogów, 0 okazji",N/A,N/A,HIGH,STRATEGIC_FOUNDATION,N/A
2025-09-19 23:07:38,1,Niemcy,TURN_START,STRATEGIC_INITIALIZATION,CRITICAL,"nation=Niemcy, total_units=0, available_units=0",PHASE3_EXECUTION,N/A,HIGH,SINGLE_TURN,HIGH,N/A,Rozpoczęcie tury 1 dla Niemcy z 0 jednostkami,N/A,N/A,CRITICAL,STRATEGIC_POSITIONING,N/A
2025-09-19 23:07:38,UNKNOWN,UNKNOWN,SCOUT_IDENTIFICATION,UNIT_ANALYSIS,MEDIUM,"total_units=0, scouts_found=0",EFFICIENT_RECONNAISSANCE,N/A,HIGH,IMMEDIATE,LOW,N/A,Identyfikacja 0 jednostek zwiadu z 0 dostępnych,N/A,N/A,N/A,INDIRECT_POSITIVE,N/A
2025-09-19 23:07:38,UNKNOWN,UNKNOWN,ENEMY_DETECTION,INTELLIGENCE_GATHERING,CRITICAL,"vision_positions=0, tokens_checked=39, enemies_detected=0",THREAT_IDENTIFICATION,N/A,HIGH,IMMEDIATE,LOW,N/A,Wykryto 0 wrogich jednostek z 0 pozycji obserwacji,N/A,N/A,HIGH,DIRECT_POSITIVE,N/A
2025-09-19 23:07:38,1,5,PHASE1_SUMMARY,STRATEGIC_PLANNING,CRITICAL,"units=0, scouts_id=0, scouts_deployed=0, enemies=0",INTELLIGENCE_GATHERED,0_OPPORTUNITIES_IDENTIFIED,HIGH,MULTI_TURN,MEDIUM,N/A,"Faza 1 zakończona: 0 scoutów, 0 wrogów, 0 okazji",N/A,N/A,HIGH,STRATEGIC_FOUNDATION,N/A
2025-09-19 23:07:38,UNKNOWN,UNKNOWN,SCOUT_IDENTIFICATION,UNIT_ANALYSIS,MEDIUM,"total_units=0, scouts_found=0",EFFICIENT_RECONNAISSANCE,N/A,HIGH,IMMEDIATE,LOW,N/A,Identyfikacja 0 jednostek zwiadu z 0 dostępnych,N/A,N/A,N/A,INDIRECT_POSITIVE,N/A
2025-09-19 23:07:38,UNKNOWN,UNKNOWN,ENEMY_DETECTION,INTELLIGENCE_GATHERING,CRITICAL,"vision_positions=0, tokens_checked=39, enemies_detected=0",THREAT_IDENTIFICATION,N/A,HIGH,IMMEDIATE,LOW,N/A,Wykryto 0 wrogich jednostek z 0 pozycji obserwacji,N/A,N/A,HIGH,DIRECT_POSITIVE,N/A
2025-09-19 23:07:38,1,5,PHASE1_SUMMARY,STRATEGIC_PLANNING,CRITICAL,"units=0, scouts_id=0, scouts_deployed=0, enemies=0",INTELLIGENCE_GATHERED,0_OPPORTUNITIES_IDENTIFIED,HIGH,MULTI_TURN,MEDIUM,N/A,"Faza 1 zakończona: 0 scoutów, 0 wrogów, 0 okazji",N/A,N/A,HIGH,STRATEGIC_FOUNDATION,N/A
2025-09-19 23:07:38,1,Niemcy,TURN_START,STRATEGIC_INITIALIZATION,CRITICAL,"nation=Niemcy, total_units=0, available_units=0",PHASE3_EXECUTION,N/A,HIGH,SINGLE_TURN,HIGH,N/A,Rozpoczęcie tury 1 dla Niemcy z 0 jednostkami,N/A,N/A,CRITICAL,STRATEGIC_POSITIONING,N/A
2025-09-19 23:07:40,N/A,Niemcy,STRATEGIC_DECISION,OPERATIONS,MEDIUM,"state=REASSIGNMENT, groups=4, reassignments=0",N/A,N/A,MEDIUM,N/A,N/A,N/A,"Strategy: REASSIGNMENT, aggression 0.50",N/A,N/A,N/A,N/A,N/A
2025-09-19 23:07:40,N/A,Niemcy,STRATEGIC_DECISION,OPERATIONS,MEDIUM,"state=REASSIGNMENT, groups=4, reassignments=0",N/A,N/A,MEDIUM,N/A,N/A,N/A,"Strategy: REASSIGNMENT, aggression 0.50",N/A,N/A,N/A,N/A,N/A
2025-09-19 23:07:40,N/A,Niemcy,STRATEGIC_DECISION,OPERATIONS,MEDIUM,"state=REASSIGNMENT, groups=1, reassignments=0",N/A,N/A,MEDIUM,N/A,N/A,N/A,"Strategy: REASSIGNMENT, aggression 0.50",N/A,N/A,N/A,N/A,N/A
2025-09-19 23:07:40,N/A,Niemcy,STRATEGIC_DECISION,OPERATIONS,MEDIUM,"state=REASSIGNMENT, groups=1, reassignments=0",N/A,N/A,MEDIUM,N/A,N/A,N/A,"Strategy: REASSIGNMENT, aggression 0.50",N/A,N/A,N/A,N/A,N/A
2025-09-19 23:07:40,N/A,Niemcy,STRATEGIC_DECISION,OPERATIONS,MEDIUM,"state=REASSIGNMENT, groups=1, reassignments=0",N/A,N/A,MEDIUM,N/A,N/A,N/A,"Strategy: REASSIGNMENT, aggression 0.50",N/A,N/A,N/A,N/A,N/A
2025-09-19 23:07:40,N/A,Niemcy,STRATEGIC_DECISION,OPERATIONS,MEDIUM,"state=REASSIGNMENT, groups=1, reassignments=1",N/A,N/A,MEDIUM,N/A,N/A,N/A,"Strategy: REASSIGNMENT, aggression 0.50",N/A,N/A,N/A,N/A,N/A
2025-09-19 23:07:40,1,Niemcy,TURN_START_VICTORY_AI,STRATEGIC_INITIALIZATION,CRITICAL,"nation=Niemcy, tokens=0, captured_kps=0",VICTORY_AI_ACTIVATION,N/A,HIGH,SINGLE_TURN,HIGH,N/A,Inicjalizacja Victory AI dla gracza 6 (Niemcy) w turze 1,N/A,N/A,CRITICAL,STRATEGIC_POSITIVE,N/A
2025-09-19 23:07:40,UNKNOWN,UNKNOWN,SCOUT_IDENTIFICATION,UNIT_ANALYSIS,MEDIUM,"total_units=0, scouts_found=0",EFFICIENT_RECONNAISSANCE,N/A,HIGH,IMMEDIATE,LOW,N/A,Identyfikacja 0 jednostek zwiadu z 0 dostępnych,N/A,N/A,N/A,INDIRECT_POSITIVE,N/A
2025-09-19 23:07:40,UNKNOWN,UNKNOWN,ENEMY_DETECTION,INTELLIGENCE_GATHERING,CRITICAL,"vision_positions=0, tokens_checked=39, enemies_detected=0",THREAT_IDENTIFICATION,N/A,HIGH,IMMEDIATE,LOW,N/A,Wykryto 0 wrogich jednostek z 0 pozycji obserwacji,N/A,N/A,HIGH,DIRECT_POSITIVE,N/A
2025-09-19 23:07:40,1,6,PHASE1_SUMMARY,STRATEGIC_PLANNING,CRITICAL,"units=0, scouts_id=0, scouts_deployed=0, enemies=0",INTELLIGENCE_GATHERED,0_OPPORTUNITIES_IDENTIFIED,HIGH,MULTI_TURN,MEDIUM,N/A,"Faza 1 zakończona: 0 scoutów, 0 wrogów, 0 okazji",N/A,N/A,HIGH,STRATEGIC_FOUNDATION,N/A
2025-09-19 23:07:40,UNKNOWN,UNKNOWN,SCOUT_IDENTIFICATION,UNIT_ANALYSIS,MEDIUM,"total_units=0, scouts_found=0",EFFICIENT_RECONNAISSANCE,N/A,HIGH,IMMEDIATE,LOW,N/A,Identyfikacja 0 jednostek zwiadu z 0 dostępnych,N/A,N/A,N/A,INDIRECT_POSITIVE,N/A
2025-09-19 23:07:40,UNKNOWN,UNKNOWN,ENEMY_DETECTION,INTELLIGENCE_GATHERING,CRITICAL,"vision_positions=0, tokens_checked=39, enemies_detected=0",THREAT_IDENTIFICATION,N/A,HIGH,IMMEDIATE,LOW,N/A,Wykryto 0 wrogich jednostek z 0 pozycji obserwacji,N/A,N/A,HIGH,DIRECT_POSITIVE,N/A
2025-09-19 23:07:40,1,6,PHASE1_SUMMARY,STRATEGIC_PLANNING,CRITICAL,"units=0, scouts_id=0, scouts_deployed=0, enemies=0",INTELLIGENCE_GATHERED,0_OPPORTUNITIES_IDENTIFIED,HIGH,MULTI_TURN,MEDIUM,N/A,"Faza 1 zakończona: 0 scoutów, 0 wrogów, 0 okazji",N/A,N/A,HIGH,STRATEGIC_FOUNDATION,N/A
2025-09-19 23:07:40,1,Niemcy,TURN_START,STRATEGIC_INITIALIZATION,CRITICAL,"nation=Niemcy, total_units=0, available_units=0",PHASE3_EXECUTION,N/A,HIGH,SINGLE_TURN,HIGH,N/A,Rozpoczęcie tury 1 dla Niemcy z 0 jednostkami,N/A,N/A,CRITICAL,STRATEGIC_POSITIONING,N/A
2025-09-19 23:07:40,UNKNOWN,UNKNOWN,SCOUT_IDENTIFICATION,UNIT_ANALYSIS,MEDIUM,"total_units=0, scouts_found=0",EFFICIENT_RECONNAISSANCE,N/A,HIGH,IMMEDIATE,LOW,N/A,Identyfikacja 0 jednostek zwiadu z 0 dostępnych,N/A,N/A,N/A,INDIRECT_POSITIVE,N/A
2025-09-19 23:07:40,UNKNOWN,UNKNOWN,ENEMY_DETECTION,INTELLIGENCE_GATHERING,CRITICAL,"vision_positions=0, tokens_checked=39, enemies_detected=0",THREAT_IDENTIFICATION,N/A,HIGH,IMMEDIATE,LOW,N/A,Wykryto 0 wrogich jednostek z 0 pozycji obserwacji,N/A,N/A,HIGH,DIRECT_POSITIVE,N/A
2025-09-19 23:07:40,1,6,PHASE1_SUMMARY,STRATEGIC_PLANNING,CRITICAL,"units=0, scouts_id=0, scouts_deployed=0, enemies=0",INTELLIGENCE_GATHERED,0_OPPORTUNITIES_IDENTIFIED,HIGH,MULTI_TURN,MEDIUM,N/A,"Faza 1 zakończona: 0 scoutów, 0 wrogów, 0 okazji",N/A,N/A,HIGH,STRATEGIC_FOUNDATION,N/A
2025-09-19 23:07:40,UNKNOWN,UNKNOWN,SCOUT_IDENTIFICATION,UNIT_ANALYSIS,MEDIUM,"total_units=0, scouts_found=0",EFFICIENT_RECONNAISSANCE,N/A,HIGH,IMMEDIATE,LOW,N/A,Identyfikacja 0 jednostek zwiadu z 0 dostępnych,N/A,N/A,N/A,INDIRECT_POSITIVE,N/A
2025-09-19 23:07:40,UNKNOWN,UNKNOWN,ENEMY_DETECTION,INTELLIGENCE_GATHERING,CRITICAL,"vision_positions=0, tokens_checked=39, enemies_detected=0",THREAT_IDENTIFICATION,N/A,HIGH,IMMEDIATE,LOW,N/A,Wykryto 0 wrogich jednostek z 0 pozycji obserwacji,N/A,N/A,HIGH,DIRECT_POSITIVE,N/A
2025-09-19 23:07:40,1,6,PHASE1_SUMMARY,STRATEGIC_PLANNING,CRITICAL,"units=0, scouts_id=0, scouts_deployed=0, enemies=0",INTELLIGENCE_GATHERED,0_OPPORTUNITIES_IDENTIFIED,HIGH,MULTI_TURN,MEDIUM,N/A,"Faza 1 zakończona: 0 scoutów, 0 wrogów, 0 okazji",N/A,N/A,HIGH,STRATEGIC_FOUNDATION,N/A
2025-09-19 23:07:40,1,Niemcy,TURN_START,STRATEGIC_INITIALIZATION,CRITICAL,"nation=Niemcy, total_units=0, available_units=0",PHASE3_EXECUTION,N/A,HIGH,SINGLE_TURN,HIGH,N/A,Rozpoczęcie tury 1 dla Niemcy z 0 jednostkami,N/A,N/A,CRITICAL,STRATEGIC_POSITIONING,N/A
2025-09-19 23:07:42,N/A,Niemcy,STRATEGIC_DECISION,OPERATIONS,MEDIUM,"state=REASSIGNMENT, groups=5, reassignments=0",N/A,N/A,MEDIUM,N/A,N/A,N/A,"Strategy: REASSIGNMENT, aggression 0.50",N/A,N/A,N/A,N/A,N/A
2025-09-19 23:07:42,N/A,Niemcy,STRATEGIC_DECISION,OPERATIONS,MEDIUM,"state=REASSIGNMENT, groups=5, reassignments=0",N/A,N/A,MEDIUM,N/A,N/A,N/A,"Strategy: REASSIGNMENT, aggression 0.50",N/A,N/A,N/A,N/A,N/A
2025-09-19 23:07:42,N/A,Niemcy,STRATEGIC_DECISION,OPERATIONS,MEDIUM,"state=REASSIGNMENT, groups=1, reassignments=0",N/A,N/A,MEDIUM,N/A,N/A,N/A,"Strategy: REASSIGNMENT, aggression 0.50",N/A,N/A,N/A,N/A,N/A
2025-09-19 23:07:42,N/A,Niemcy,STRATEGIC_DECISION,OPERATIONS,MEDIUM,"state=REASSIGNMENT, groups=1, reassignments=0",N/A,N/A,MEDIUM,N/A,N/A,N/A,"Strategy: REASSIGNMENT, aggression 0.50",N/A,N/A,N/A,N/A,N/A
2025-09-19 23:07:42,N/A,Niemcy,STRATEGIC_DECISION,OPERATIONS,MEDIUM,"state=REASSIGNMENT, groups=1, reassignments=0",N/A,N/A,MEDIUM,N/A,N/A,N/A,"Strategy: REASSIGNMENT, aggression 0.50",N/A,N/A,N/A,N/A,N/A
2025-09-19 23:07:42,N/A,Niemcy,STRATEGIC_DECISION,OPERATIONS,MEDIUM,"state=REASSIGNMENT, groups=1, reassignments=0",N/A,N/A,MEDIUM,N/A,N/A,N/A,"Strategy: REASSIGNMENT, aggression 0.50",N/A,N/A,N/A,N/A,N/A
2025-09-19 23:07:43,N/A,Niemcy,STRATEGIC_DECISION,OPERATIONS,MEDIUM,"state=REASSIGNMENT, groups=1, reassignments=0",N/A,N/A,MEDIUM,N/A,N/A,N/A,"Strategy: REASSIGNMENT, aggression 0.50",N/A,N/A,N/A,N/A,N/A
2025-09-19 23:08:38,1,Niemcy,TURN_START_VICTORY_AI,STRATEGIC_INITIALIZATION,CRITICAL,"nation=Niemcy, tokens=0, captured_kps=0",VICTORY_AI_ACTIVATION,N/A,HIGH,SINGLE_TURN,HIGH,N/A,Inicjalizacja Victory AI dla gracza 5 (Niemcy) w turze 1,N/A,N/A,CRITICAL,STRATEGIC_POSITIVE,N/A
2025-09-19 23:08:38,UNKNOWN,UNKNOWN,SCOUT_IDENTIFICATION,UNIT_ANALYSIS,MEDIUM,"total_units=0, scouts_found=0",EFFICIENT_RECONNAISSANCE,N/A,HIGH,IMMEDIATE,LOW,N/A,Identyfikacja 0 jednostek zwiadu z 0 dostępnych,N/A,N/A,N/A,INDIRECT_POSITIVE,N/A
2025-09-19 23:08:38,UNKNOWN,UNKNOWN,ENEMY_DETECTION,INTELLIGENCE_GATHERING,CRITICAL,"vision_positions=0, tokens_checked=39, enemies_detected=0",THREAT_IDENTIFICATION,N/A,HIGH,IMMEDIATE,LOW,N/A,Wykryto 0 wrogich jednostek z 0 pozycji obserwacji,N/A,N/A,HIGH,DIRECT_POSITIVE,N/A
2025-09-19 23:08:38,1,5,PHASE1_SUMMARY,STRATEGIC_PLANNING,CRITICAL,"units=0, scouts_id=0, scouts_deployed=0, enemies=0",INTELLIGENCE_GATHERED,0_OPPORTUNITIES_IDENTIFIED,HIGH,MULTI_TURN,MEDIUM,N/A,"Faza 1 zakończona: 0 scoutów, 0 wrogów, 0 okazji",N/A,N/A,HIGH,STRATEGIC_FOUNDATION,N/A
2025-09-19 23:08:38,UNKNOWN,UNKNOWN,SCOUT_IDENTIFICATION,UNIT_ANALYSIS,MEDIUM,"total_units=0, scouts_found=0",EFFICIENT_RECONNAISSANCE,N/A,HIGH,IMMEDIATE,LOW,N/A,Identyfikacja 0 jednostek zwiadu z 0 dostępnych,N/A,N/A,N/A,INDIRECT_POSITIVE,N/A
2025-09-19 23:08:38,UNKNOWN,UNKNOWN,ENEMY_DETECTION,INTELLIGENCE_GATHERING,CRITICAL,"vision_positions=0, tokens_checked=39, enemies_detected=0",THREAT_IDENTIFICATION,N/A,HIGH,IMMEDIATE,LOW,N/A,Wykryto 0 wrogich jednostek z 0 pozycji obserwacji,N/A,N/A,HIGH,DIRECT_POSITIVE,N/A
2025-09-19 23:08:38,1,5,PHASE1_SUMMARY,STRATEGIC_PLANNING,CRITICAL,"units=0, scouts_id=0, scouts_deployed=0, enemies=0",INTELLIGENCE_GATHERED,0_OPPORTUNITIES_IDENTIFIED,HIGH,MULTI_TURN,MEDIUM,N/A,"Faza 1 zakończona: 0 scoutów, 0 wrogów, 0 okazji",N/A,N/A,HIGH,STRATEGIC_FOUNDATION,N/A
2025-09-19 23:08:38,1,Niemcy,TURN_START,STRATEGIC_INITIALIZATION,CRITICAL,"nation=Niemcy, total_units=0, available_units=0",PHASE3_EXECUTION,N/A,HIGH,SINGLE_TURN,HIGH,N/A,Rozpoczęcie tury 1 dla Niemcy z 0 jednostkami,N/A,N/A,CRITICAL,STRATEGIC_POSITIONING,N/A
2025-09-19 23:08:38,UNKNOWN,UNKNOWN,SCOUT_IDENTIFICATION,UNIT_ANALYSIS,MEDIUM,"total_units=0, scouts_found=0",EFFICIENT_RECONNAISSANCE,N/A,HIGH,IMMEDIATE,LOW,N/A,Identyfikacja 0 jednostek zwiadu z 0 dostępnych,N/A,N/A,N/A,INDIRECT_POSITIVE,N/A
2025-09-19 23:08:38,UNKNOWN,UNKNOWN,ENEMY_DETECTION,INTELLIGENCE_GATHERING,CRITICAL,"vision_positions=0, tokens_checked=39, enemies_detected=0",THREAT_IDENTIFICATION,N/A,HIGH,IMMEDIATE,LOW,N/A,Wykryto 0 wrogich jednostek z 0 pozycji obserwacji,N/A,N/A,HIGH,DIRECT_POSITIVE,N/A
2025-09-19 23:08:38,1,5,PHASE1_SUMMARY,STRATEGIC_PLANNING,CRITICAL,"units=0, scouts_id=0, scouts_deployed=0, enemies=0",INTELLIGENCE_GATHERED,0_OPPORTUNITIES_IDENTIFIED,HIGH,MULTI_TURN,MEDIUM,N/A,"Faza 1 zakończona: 0 scoutów, 0 wrogów, 0 okazji",N/A,N/A,HIGH,STRATEGIC_FOUNDATION,N/A
2025-09-19 23:08:38,UNKNOWN,UNKNOWN,SCOUT_IDENTIFICATION,UNIT_ANALYSIS,MEDIUM,"total_units=0, scouts_found=0",EFFICIENT_RECONNAISSANCE,N/A,HIGH,IMMEDIATE,LOW,N/A,Identyfikacja 0 jednostek zwiadu z 0 dostępnych,N/A,N/A,N/A,INDIRECT_POSITIVE,N/A
2025-09-19 23:08:38,UNKNOWN,UNKNOWN,ENEMY_DETECTION,INTELLIGENCE_GATHERING,CRITICAL,"vision_positions=0, tokens_checked=39, enemies_detected=0",THREAT_IDENTIFICATION,N/A,HIGH,IMMEDIATE,LOW,N/A,Wykryto 0 wrogich jednostek z 0 pozycji obserwacji,N/A,N/A,HIGH,DIRECT_POSITIVE,N/A
2025-09-19 23:08:38,1,5,PHASE1_SUMMARY,STRATEGIC_PLANNING,CRITICAL,"units=0, scouts_id=0, scouts_deployed=0, enemies=0",INTELLIGENCE_GATHERED,0_OPPORTUNITIES_IDENTIFIED,HIGH,MULTI_TURN,MEDIUM,N/A,"Faza 1 zakończona: 0 scoutów, 0 wrogów, 0 okazji",N/A,N/A,HIGH,STRATEGIC_FOUNDATION,N/A
2025-09-19 23:08:38,1,Niemcy,TURN_START,STRATEGIC_INITIALIZATION,CRITICAL,"nation=Niemcy, total_units=0, available_units=0",PHASE3_EXECUTION,N/A,HIGH,SINGLE_TURN,HIGH,N/A,Rozpoczęcie tury 1 dla Niemcy z 0 jednostkami,N/A,N/A,CRITICAL,STRATEGIC_POSITIONING,N/A
2025-09-19 23:08:39,N/A,Niemcy,STRATEGIC_DECISION,OPERATIONS,MEDIUM,"state=REASSIGNMENT, groups=4, reassignments=0",N/A,N/A,MEDIUM,N/A,N/A,N/A,"Strategy: REASSIGNMENT, aggression 0.50",N/A,N/A,N/A,N/A,N/A
2025-09-19 23:08:39,N/A,Niemcy,STRATEGIC_DECISION,OPERATIONS,MEDIUM,"state=REASSIGNMENT, groups=4, reassignments=0",N/A,N/A,MEDIUM,N/A,N/A,N/A,"Strategy: REASSIGNMENT, aggression 0.50",N/A,N/A,N/A,N/A,N/A
2025-09-19 23:08:39,N/A,Niemcy,STRATEGIC_DECISION,OPERATIONS,MEDIUM,"state=REASSIGNMENT, groups=1, reassignments=0",N/A,N/A,MEDIUM,N/A,N/A,N/A,"Strategy: REASSIGNMENT, aggression 0.50",N/A,N/A,N/A,N/A,N/A
2025-09-19 23:08:40,N/A,Niemcy,STRATEGIC_DECISION,OPERATIONS,MEDIUM,"state=REASSIGNMENT, groups=1, reassignments=0",N/A,N/A,MEDIUM,N/A,N/A,N/A,"Strategy: REASSIGNMENT, aggression 0.50",N/A,N/A,N/A,N/A,N/A
2025-09-19 23:08:40,N/A,Niemcy,STRATEGIC_DECISION,OPERATIONS,MEDIUM,"state=REASSIGNMENT, groups=1, reassignments=0",N/A,N/A,MEDIUM,N/A,N/A,N/A,"Strategy: REASSIGNMENT, aggression 0.50",N/A,N/A,N/A,N/A,N/A
2025-09-19 23:08:40,N/A,Niemcy,STRATEGIC_DECISION,OPERATIONS,MEDIUM,"state=REASSIGNMENT, groups=1, reassignments=1",N/A,N/A,MEDIUM,N/A,N/A,N/A,"Strategy: REASSIGNMENT, aggression 0.50",N/A,N/A,N/A,N/A,N/A
2025-09-19 23:08:40,1,Niemcy,TURN_START_VICTORY_AI,STRATEGIC_INITIALIZATION,CRITICAL,"nation=Niemcy, tokens=0, captured_kps=0",VICTORY_AI_ACTIVATION,N/A,HIGH,SINGLE_TURN,HIGH,N/A,Inicjalizacja Victory AI dla gracza 6 (Niemcy) w turze 1,N/A,N/A,CRITICAL,STRATEGIC_POSITIVE,N/A
2025-09-19 23:08:40,UNKNOWN,UNKNOWN,SCOUT_IDENTIFICATION,UNIT_ANALYSIS,MEDIUM,"total_units=0, scouts_found=0",EFFICIENT_RECONNAISSANCE,N/A,HIGH,IMMEDIATE,LOW,N/A,Identyfikacja 0 jednostek zwiadu z 0 dostępnych,N/A,N/A,N/A,INDIRECT_POSITIVE,N/A
2025-09-19 23:08:40,UNKNOWN,UNKNOWN,ENEMY_DETECTION,INTELLIGENCE_GATHERING,CRITICAL,"vision_positions=0, tokens_checked=39, enemies_detected=0",THREAT_IDENTIFICATION,N/A,HIGH,IMMEDIATE,LOW,N/A,Wykryto 0 wrogich jednostek z 0 pozycji obserwacji,N/A,N/A,HIGH,DIRECT_POSITIVE,N/A
2025-09-19 23:08:40,1,6,PHASE1_SUMMARY,STRATEGIC_PLANNING,CRITICAL,"units=0, scouts_id=0, scouts_deployed=0, enemies=0",INTELLIGENCE_GATHERED,0_OPPORTUNITIES_IDENTIFIED,HIGH,MULTI_TURN,MEDIUM,N/A,"Faza 1 zakończona: 0 scoutów, 0 wrogów, 0 okazji",N/A,N/A,HIGH,STRATEGIC_FOUNDATION,N/A
2025-09-19 23:08:40,UNKNOWN,UNKNOWN,SCOUT_IDENTIFICATION,UNIT_ANALYSIS,MEDIUM,"total_units=0, scouts_found=0",EFFICIENT_RECONNAISSANCE,N/A,HIGH,IMMEDIATE,LOW,N/A,Identyfikacja 0 jednostek zwiadu z 0 dostępnych,N/A,N/A,N/A,INDIRECT_POSITIVE,N/A
2025-09-19 23:08:40,UNKNOWN,UNKNOWN,ENEMY_DETECTION,INTELLIGENCE_GATHERING,CRITICAL,"vision_positions=0, tokens_checked=39, enemies_detected=0",THREAT_IDENTIFICATION,N/A,HIGH,IMMEDIATE,LOW,N/A,Wykryto 0 wrogich jednostek z 0 pozycji obserwacji,N/A,N/A,HIGH,DIRECT_POSITIVE,N/A
2025-09-19 23:08:40,1,6,PHASE1_SUMMARY,STRATEGIC_PLANNING,CRITICAL,"units=0, scouts_id=0, scouts_deployed=0, enemies=0",INTELLIGENCE_GATHERED,0_OPPORTUNITIES_IDENTIFIED,HIGH,MULTI_TURN,MEDIUM,N/A,"Faza 1 zakończona: 0 scoutów, 0 wrogów, 0 okazji",N/A,N/A,HIGH,STRATEGIC_FOUNDATION,N/A
2025-09-19 23:08:40,1,Niemcy,TURN_START,STRATEGIC_INITIALIZATION,CRITICAL,"nation=Niemcy, total_units=0, available_units=0",PHASE3_EXECUTION,N/A,HIGH,SINGLE_TURN,HIGH,N/A,Rozpoczęcie tury 1 dla Niemcy z 0 jednostkami,N/A,N/A,CRITICAL,STRATEGIC_POSITIONING,N/A
2025-09-19 23:08:40,UNKNOWN,UNKNOWN,SCOUT_IDENTIFICATION,UNIT_ANALYSIS,MEDIUM,"total_units=0, scouts_found=0",EFFICIENT_RECONNAISSANCE,N/A,HIGH,IMMEDIATE,LOW,N/A,Identyfikacja 0 jednostek zwiadu z 0 dostępnych,N/A,N/A,N/A,INDIRECT_POSITIVE,N/A
2025-09-19 23:08:40,UNKNOWN,UNKNOWN,ENEMY_DETECTION,INTELLIGENCE_GATHERING,CRITICAL,"vision_positions=0, tokens_checked=39, enemies_detected=0",THREAT_IDENTIFICATION,N/A,HIGH,IMMEDIATE,LOW,N/A,Wykryto 0 wrogich jednostek z 0 pozycji obserwacji,N/A,N/A,HIGH,DIRECT_POSITIVE,N/A
2025-09-19 23:08:40,1,6,PHASE1_SUMMARY,STRATEGIC_PLANNING,CRITICAL,"units=0, scouts_id=0, scouts_deployed=0, enemies=0",INTELLIGENCE_GATHERED,0_OPPORTUNITIES_IDENTIFIED,HIGH,MULTI_TURN,MEDIUM,N/A,"Faza 1 zakończona: 0 scoutów, 0 wrogów, 0 okazji",N/A,N/A,HIGH,STRATEGIC_FOUNDATION,N/A
2025-09-19 23:08:40,UNKNOWN,UNKNOWN,SCOUT_IDENTIFICATION,UNIT_ANALYSIS,MEDIUM,"total_units=0, scouts_found=0",EFFICIENT_RECONNAISSANCE,N/A,HIGH,IMMEDIATE,LOW,N/A,Identyfikacja 0 jednostek zwiadu z 0 dostępnych,N/A,N/A,N/A,INDIRECT_POSITIVE,N/A
2025-09-19 23:08:40,UNKNOWN,UNKNOWN,ENEMY_DETECTION,INTELLIGENCE_GATHERING,CRITICAL,"vision_positions=0, tokens_checked=39, enemies_detected=0",THREAT_IDENTIFICATION,N/A,HIGH,IMMEDIATE,LOW,N/A,Wykryto 0 wrogich jednostek z 0 pozycji obserwacji,N/A,N/A,HIGH,DIRECT_POSITIVE,N/A
2025-09-19 23:08:40,1,6,PHASE1_SUMMARY,STRATEGIC_PLANNING,CRITICAL,"units=0, scouts_id=0, scouts_deployed=0, enemies=0",INTELLIGENCE_GATHERED,0_OPPORTUNITIES_IDENTIFIED,HIGH,MULTI_TURN,MEDIUM,N/A,"Faza 1 zakończona: 0 scoutów, 0 wrogów, 0 okazji",N/A,N/A,HIGH,STRATEGIC_FOUNDATION,N/A
2025-09-19 23:08:40,1,Niemcy,TURN_START,STRATEGIC_INITIALIZATION,CRITICAL,"nation=Niemcy, total_units=0, available_units=0",PHASE3_EXECUTION,N/A,HIGH,SINGLE_TURN,HIGH,N/A,Rozpoczęcie tury 1 dla Niemcy z 0 jednostkami,N/A,N/A,CRITICAL,STRATEGIC_POSITIONING,N/A
2025-09-19 23:08:41,N/A,Niemcy,STRATEGIC_DECISION,OPERATIONS,MEDIUM,"state=REASSIGNMENT, groups=5, reassignments=0",N/A,N/A,MEDIUM,N/A,N/A,N/A,"Strategy: REASSIGNMENT, aggression 0.50",N/A,N/A,N/A,N/A,N/A
2025-09-19 23:08:41,N/A,Niemcy,STRATEGIC_DECISION,OPERATIONS,MEDIUM,"state=REASSIGNMENT, groups=5, reassignments=0",N/A,N/A,MEDIUM,N/A,N/A,N/A,"Strategy: REASSIGNMENT, aggression 0.50",N/A,N/A,N/A,N/A,N/A
2025-09-19 23:08:41,N/A,Niemcy,STRATEGIC_DECISION,OPERATIONS,MEDIUM,"state=REASSIGNMENT, groups=1, reassignments=0",N/A,N/A,MEDIUM,N/A,N/A,N/A,"Strategy: REASSIGNMENT, aggression 0.50",N/A,N/A,N/A,N/A,N/A
2025-09-19 23:08:41,N/A,Niemcy,STRATEGIC_DECISION,OPERATIONS,MEDIUM,"state=REASSIGNMENT, groups=1, reassignments=0",N/A,N/A,MEDIUM,N/A,N/A,N/A,"Strategy: REASSIGNMENT, aggression 0.50",N/A,N/A,N/A,N/A,N/A
2025-09-19 23:08:41,N/A,Niemcy,STRATEGIC_DECISION,OPERATIONS,MEDIUM,"state=REASSIGNMENT, groups=1, reassignments=0",N/A,N/A,MEDIUM,N/A,N/A,N/A,"Strategy: REASSIGNMENT, aggression 0.50",N/A,N/A,N/A,N/A,N/A
2025-09-19 23:08:41,N/A,Niemcy,STRATEGIC_DECISION,OPERATIONS,MEDIUM,"state=REASSIGNMENT, groups=1, reassignments=0",N/A,N/A,MEDIUM,N/A,N/A,N/A,"Strategy: REASSIGNMENT, aggression 0.50",N/A,N/A,N/A,N/A,N/A
2025-09-19 23:08:41,N/A,Niemcy,STRATEGIC_DECISION,OPERATIONS,MEDIUM,"state=REASSIGNMENT, groups=1, reassignments=0",N/A,N/A,MEDIUM,N/A,N/A,N/A,"Strategy: REASSIGNMENT, aggression 0.50",N/A,N/A,N/A,N/A,N/A
