data_czas,tura,nacja,typ_decyzji,zakres_decyzji,priorytet,czynniki_kontekstu,oczekiwany_efekt,rzeczywisty_efekt,poziom_pewnosci,horyzont_czasowy,zaangazowane_zasoby,rozwazone_alternatywy,uzasadnienie_decyzji,ocena_ryzyka,prawdopodobienstwo_sukcesu,zgodnosc_ze_strategia,przewidywany_wplyw_vp,wplyw_ekonomiczny
2025-09-17 21:54:48,1,Polska,TURN_START_VICTORY_AI,STRATEGIC_INITIALIZATION,CRITICAL,"nation=Polska, tokens=0, captured_kps=0",VICTORY_AI_ACTIVATION,N/A,HIGH,SINGLE_TURN,HIGH,N/A,Inicjalizacja Victory AI dla gracza 2 (Polska) w turze 1,N/A,N/A,CRITICAL,STRATEGIC_POSITIVE,N/A
2025-09-17 21:54:48,UNKNOWN,UNKNOWN,SCOUT_IDENTIFICATION,UNIT_ANALYSIS,MEDIUM,"total_units=0, scouts_found=0",EFFICIENT_RECONNAISSANCE,N/A,HIGH,IMMEDIATE,LOW,N/A,Identyfikacja 0 jednostek zwiadu z 0 dostępnych,N/A,N/A,N/A,INDIRECT_POSITIVE,N/A
2025-09-17 21:54:48,UNKNOWN,UNKNOWN,ENEMY_DETECTION,INTELLIGENCE_GATHERING,CRITICAL,"vision_positions=0, tokens_checked=40, enemies_detected=0",THREAT_IDENTIFICATION,N/A,HIGH,IMMEDIATE,LOW,N/A,Wykryto 0 wrogich jednostek z 0 pozycji obserwacji,N/A,N/A,HIGH,DIRECT_POSITIVE,N/A
2025-09-17 21:54:48,1,2,PHASE1_SUMMARY,STRATEGIC_PLANNING,CRITICAL,"units=0, scouts_id=0, scouts_deployed=0, enemies=0",INTELLIGENCE_GATHERED,0_OPPORTUNITIES_IDENTIFIED,HIGH,MULTI_TURN,MEDIUM,N/A,"Faza 1 zakończona: 0 scoutów, 0 wrogów, 0 okazji",N/A,N/A,HIGH,STRATEGIC_FOUNDATION,N/A
2025-09-17 21:54:48,UNKNOWN,UNKNOWN,SCOUT_IDENTIFICATION,UNIT_ANALYSIS,MEDIUM,"total_units=0, scouts_found=0",EFFICIENT_RECONNAISSANCE,N/A,HIGH,IMMEDIATE,LOW,N/A,Identyfikacja 0 jednostek zwiadu z 0 dostępnych,N/A,N/A,N/A,INDIRECT_POSITIVE,N/A
2025-09-17 21:54:48,UNKNOWN,UNKNOWN,ENEMY_DETECTION,INTELLIGENCE_GATHERING,CRITICAL,"vision_positions=0, tokens_checked=40, enemies_detected=0",THREAT_IDENTIFICATION,N/A,HIGH,IMMEDIATE,LOW,N/A,Wykryto 0 wrogich jednostek z 0 pozycji obserwacji,N/A,N/A,HIGH,DIRECT_POSITIVE,N/A
2025-09-17 21:54:48,1,2,PHASE1_SUMMARY,STRATEGIC_PLANNING,CRITICAL,"units=0, scouts_id=0, scouts_deployed=0, enemies=0",INTELLIGENCE_GATHERED,0_OPPORTUNITIES_IDENTIFIED,HIGH,MULTI_TURN,MEDIUM,N/A,"Faza 1 zakończona: 0 scoutów, 0 wrogów, 0 okazji",N/A,N/A,HIGH,STRATEGIC_FOUNDATION,N/A
2025-09-17 21:54:48,1,Polska,TURN_START,STRATEGIC_INITIALIZATION,CRITICAL,"nation=Polska, total_units=0, available_units=0",PHASE3_EXECUTION,N/A,HIGH,SINGLE_TURN,HIGH,N/A,Rozpoczęcie tury 1 dla Polska z 0 jednostkami,N/A,N/A,CRITICAL,STRATEGIC_POSITIONING,N/A
2025-09-17 21:54:48,UNKNOWN,UNKNOWN,SCOUT_IDENTIFICATION,UNIT_ANALYSIS,MEDIUM,"total_units=0, scouts_found=0",EFFICIENT_RECONNAISSANCE,N/A,HIGH,IMMEDIATE,LOW,N/A,Identyfikacja 0 jednostek zwiadu z 0 dostępnych,N/A,N/A,N/A,INDIRECT_POSITIVE,N/A
2025-09-17 21:54:48,UNKNOWN,UNKNOWN,ENEMY_DETECTION,INTELLIGENCE_GATHERING,CRITICAL,"vision_positions=0, tokens_checked=40, enemies_detected=0",THREAT_IDENTIFICATION,N/A,HIGH,IMMEDIATE,LOW,N/A,Wykryto 0 wrogich jednostek z 0 pozycji obserwacji,N/A,N/A,HIGH,DIRECT_POSITIVE,N/A
2025-09-17 21:54:48,1,2,PHASE1_SUMMARY,STRATEGIC_PLANNING,CRITICAL,"units=0, scouts_id=0, scouts_deployed=0, enemies=0",INTELLIGENCE_GATHERED,0_OPPORTUNITIES_IDENTIFIED,HIGH,MULTI_TURN,MEDIUM,N/A,"Faza 1 zakończona: 0 scoutów, 0 wrogów, 0 okazji",N/A,N/A,HIGH,STRATEGIC_FOUNDATION,N/A
2025-09-17 21:54:48,UNKNOWN,UNKNOWN,SCOUT_IDENTIFICATION,UNIT_ANALYSIS,MEDIUM,"total_units=0, scouts_found=0",EFFICIENT_RECONNAISSANCE,N/A,HIGH,IMMEDIATE,LOW,N/A,Identyfikacja 0 jednostek zwiadu z 0 dostępnych,N/A,N/A,N/A,INDIRECT_POSITIVE,N/A
2025-09-17 21:54:48,UNKNOWN,UNKNOWN,ENEMY_DETECTION,INTELLIGENCE_GATHERING,CRITICAL,"vision_positions=0, tokens_checked=40, enemies_detected=0",THREAT_IDENTIFICATION,N/A,HIGH,IMMEDIATE,LOW,N/A,Wykryto 0 wrogich jednostek z 0 pozycji obserwacji,N/A,N/A,HIGH,DIRECT_POSITIVE,N/A
2025-09-17 21:54:48,1,2,PHASE1_SUMMARY,STRATEGIC_PLANNING,CRITICAL,"units=0, scouts_id=0, scouts_deployed=0, enemies=0",INTELLIGENCE_GATHERED,0_OPPORTUNITIES_IDENTIFIED,HIGH,MULTI_TURN,MEDIUM,N/A,"Faza 1 zakończona: 0 scoutów, 0 wrogów, 0 okazji",N/A,N/A,HIGH,STRATEGIC_FOUNDATION,N/A
2025-09-17 21:54:48,1,Polska,TURN_START,STRATEGIC_INITIALIZATION,CRITICAL,"nation=Polska, total_units=0, available_units=0",PHASE3_EXECUTION,N/A,HIGH,SINGLE_TURN,HIGH,N/A,Rozpoczęcie tury 1 dla Polska z 0 jednostkami,N/A,N/A,CRITICAL,STRATEGIC_POSITIONING,N/A
2025-09-17 21:54:48,N/A,Polska,STRATEGIC_DECISION,OPERATIONS,MEDIUM,"state=REASSIGNMENT, groups=4, reassignments=0",N/A,N/A,MEDIUM,N/A,N/A,N/A,"Strategy: REASSIGNMENT, aggression 0.50",N/A,N/A,N/A,N/A,N/A
2025-09-17 21:54:48,N/A,Polska,STRATEGIC_DECISION,OPERATIONS,MEDIUM,"state=REASSIGNMENT, groups=4, reassignments=0",N/A,N/A,MEDIUM,N/A,N/A,N/A,"Strategy: REASSIGNMENT, aggression 0.50",N/A,N/A,N/A,N/A,N/A
2025-09-17 21:54:48,N/A,Polska,STRATEGIC_DECISION,OPERATIONS,MEDIUM,"state=REASSIGNMENT, groups=1, reassignments=0",N/A,N/A,MEDIUM,N/A,N/A,N/A,"Strategy: REASSIGNMENT, aggression 0.50",N/A,N/A,N/A,N/A,N/A
2025-09-17 21:54:49,1,Polska,TURN_START_VICTORY_AI,STRATEGIC_INITIALIZATION,CRITICAL,"nation=Polska, tokens=0, captured_kps=0",VICTORY_AI_ACTIVATION,N/A,HIGH,SINGLE_TURN,HIGH,N/A,Inicjalizacja Victory AI dla gracza 3 (Polska) w turze 1,N/A,N/A,CRITICAL,STRATEGIC_POSITIVE,N/A
2025-09-17 21:54:49,UNKNOWN,UNKNOWN,SCOUT_IDENTIFICATION,UNIT_ANALYSIS,MEDIUM,"total_units=0, scouts_found=0",EFFICIENT_RECONNAISSANCE,N/A,HIGH,IMMEDIATE,LOW,N/A,Identyfikacja 0 jednostek zwiadu z 0 dostępnych,N/A,N/A,N/A,INDIRECT_POSITIVE,N/A
2025-09-17 21:54:49,UNKNOWN,UNKNOWN,ENEMY_DETECTION,INTELLIGENCE_GATHERING,CRITICAL,"vision_positions=0, tokens_checked=40, enemies_detected=0",THREAT_IDENTIFICATION,N/A,HIGH,IMMEDIATE,LOW,N/A,Wykryto 0 wrogich jednostek z 0 pozycji obserwacji,N/A,N/A,HIGH,DIRECT_POSITIVE,N/A
2025-09-17 21:54:49,1,3,PHASE1_SUMMARY,STRATEGIC_PLANNING,CRITICAL,"units=0, scouts_id=0, scouts_deployed=0, enemies=0",INTELLIGENCE_GATHERED,0_OPPORTUNITIES_IDENTIFIED,HIGH,MULTI_TURN,MEDIUM,N/A,"Faza 1 zakończona: 0 scoutów, 0 wrogów, 0 okazji",N/A,N/A,HIGH,STRATEGIC_FOUNDATION,N/A
2025-09-17 21:54:49,UNKNOWN,UNKNOWN,SCOUT_IDENTIFICATION,UNIT_ANALYSIS,MEDIUM,"total_units=0, scouts_found=0",EFFICIENT_RECONNAISSANCE,N/A,HIGH,IMMEDIATE,LOW,N/A,Identyfikacja 0 jednostek zwiadu z 0 dostępnych,N/A,N/A,N/A,INDIRECT_POSITIVE,N/A
2025-09-17 21:54:49,UNKNOWN,UNKNOWN,ENEMY_DETECTION,INTELLIGENCE_GATHERING,CRITICAL,"vision_positions=0, tokens_checked=40, enemies_detected=0",THREAT_IDENTIFICATION,N/A,HIGH,IMMEDIATE,LOW,N/A,Wykryto 0 wrogich jednostek z 0 pozycji obserwacji,N/A,N/A,HIGH,DIRECT_POSITIVE,N/A
2025-09-17 21:54:49,1,3,PHASE1_SUMMARY,STRATEGIC_PLANNING,CRITICAL,"units=0, scouts_id=0, scouts_deployed=0, enemies=0",INTELLIGENCE_GATHERED,0_OPPORTUNITIES_IDENTIFIED,HIGH,MULTI_TURN,MEDIUM,N/A,"Faza 1 zakończona: 0 scoutów, 0 wrogów, 0 okazji",N/A,N/A,HIGH,STRATEGIC_FOUNDATION,N/A
2025-09-17 21:54:49,1,Polska,TURN_START,STRATEGIC_INITIALIZATION,CRITICAL,"nation=Polska, total_units=0, available_units=0",PHASE3_EXECUTION,N/A,HIGH,SINGLE_TURN,HIGH,N/A,Rozpoczęcie tury 1 dla Polska z 0 jednostkami,N/A,N/A,CRITICAL,STRATEGIC_POSITIONING,N/A
2025-09-17 21:54:49,UNKNOWN,UNKNOWN,SCOUT_IDENTIFICATION,UNIT_ANALYSIS,MEDIUM,"total_units=0, scouts_found=0",EFFICIENT_RECONNAISSANCE,N/A,HIGH,IMMEDIATE,LOW,N/A,Identyfikacja 0 jednostek zwiadu z 0 dostępnych,N/A,N/A,N/A,INDIRECT_POSITIVE,N/A
2025-09-17 21:54:49,UNKNOWN,UNKNOWN,ENEMY_DETECTION,INTELLIGENCE_GATHERING,CRITICAL,"vision_positions=0, tokens_checked=40, enemies_detected=0",THREAT_IDENTIFICATION,N/A,HIGH,IMMEDIATE,LOW,N/A,Wykryto 0 wrogich jednostek z 0 pozycji obserwacji,N/A,N/A,HIGH,DIRECT_POSITIVE,N/A
2025-09-17 21:54:49,1,3,PHASE1_SUMMARY,STRATEGIC_PLANNING,CRITICAL,"units=0, scouts_id=0, scouts_deployed=0, enemies=0",INTELLIGENCE_GATHERED,0_OPPORTUNITIES_IDENTIFIED,HIGH,MULTI_TURN,MEDIUM,N/A,"Faza 1 zakończona: 0 scoutów, 0 wrogów, 0 okazji",N/A,N/A,HIGH,STRATEGIC_FOUNDATION,N/A
2025-09-17 21:54:49,UNKNOWN,UNKNOWN,SCOUT_IDENTIFICATION,UNIT_ANALYSIS,MEDIUM,"total_units=0, scouts_found=0",EFFICIENT_RECONNAISSANCE,N/A,HIGH,IMMEDIATE,LOW,N/A,Identyfikacja 0 jednostek zwiadu z 0 dostępnych,N/A,N/A,N/A,INDIRECT_POSITIVE,N/A
2025-09-17 21:54:49,UNKNOWN,UNKNOWN,ENEMY_DETECTION,INTELLIGENCE_GATHERING,CRITICAL,"vision_positions=0, tokens_checked=40, enemies_detected=0",THREAT_IDENTIFICATION,N/A,HIGH,IMMEDIATE,LOW,N/A,Wykryto 0 wrogich jednostek z 0 pozycji obserwacji,N/A,N/A,HIGH,DIRECT_POSITIVE,N/A
2025-09-17 21:54:49,1,3,PHASE1_SUMMARY,STRATEGIC_PLANNING,CRITICAL,"units=0, scouts_id=0, scouts_deployed=0, enemies=0",INTELLIGENCE_GATHERED,0_OPPORTUNITIES_IDENTIFIED,HIGH,MULTI_TURN,MEDIUM,N/A,"Faza 1 zakończona: 0 scoutów, 0 wrogów, 0 okazji",N/A,N/A,HIGH,STRATEGIC_FOUNDATION,N/A
2025-09-17 21:54:49,1,Polska,TURN_START,STRATEGIC_INITIALIZATION,CRITICAL,"nation=Polska, total_units=0, available_units=0",PHASE3_EXECUTION,N/A,HIGH,SINGLE_TURN,HIGH,N/A,Rozpoczęcie tury 1 dla Polska z 0 jednostkami,N/A,N/A,CRITICAL,STRATEGIC_POSITIONING,N/A
2025-09-17 21:54:50,N/A,Polska,STRATEGIC_DECISION,OPERATIONS,MEDIUM,"state=REASSIGNMENT, groups=4, reassignments=0",N/A,N/A,MEDIUM,N/A,N/A,N/A,"Strategy: REASSIGNMENT, aggression 0.50",N/A,N/A,N/A,N/A,N/A
2025-09-17 21:54:50,N/A,Polska,STRATEGIC_DECISION,OPERATIONS,MEDIUM,"state=REASSIGNMENT, groups=4, reassignments=0",N/A,N/A,MEDIUM,N/A,N/A,N/A,"Strategy: REASSIGNMENT, aggression 0.50",N/A,N/A,N/A,N/A,N/A
2025-09-17 21:54:50,N/A,Polska,STRATEGIC_DECISION,OPERATIONS,MEDIUM,"state=REASSIGNMENT, groups=1, reassignments=0",N/A,N/A,MEDIUM,N/A,N/A,N/A,"Strategy: REASSIGNMENT, aggression 0.50",N/A,N/A,N/A,N/A,N/A
2025-09-17 21:54:50,N/A,Polska,STRATEGIC_DECISION,OPERATIONS,MEDIUM,"state=REASSIGNMENT, groups=1, reassignments=0",N/A,N/A,MEDIUM,N/A,N/A,N/A,"Strategy: REASSIGNMENT, aggression 0.50",N/A,N/A,N/A,N/A,N/A
2025-09-17 21:54:50,N/A,Polska,STRATEGIC_DECISION,OPERATIONS,MEDIUM,"state=REASSIGNMENT, groups=1, reassignments=0",N/A,N/A,MEDIUM,N/A,N/A,N/A,"Strategy: REASSIGNMENT, aggression 0.50",N/A,N/A,N/A,N/A,N/A
2025-09-17 21:54:50,1,Niemcy,TURN_START_VICTORY_AI,STRATEGIC_INITIALIZATION,CRITICAL,"nation=Niemcy, tokens=0, captured_kps=0",VICTORY_AI_ACTIVATION,N/A,HIGH,SINGLE_TURN,HIGH,N/A,Inicjalizacja Victory AI dla gracza 5 (Niemcy) w turze 1,N/A,N/A,CRITICAL,STRATEGIC_POSITIVE,N/A
2025-09-17 21:54:50,UNKNOWN,UNKNOWN,SCOUT_IDENTIFICATION,UNIT_ANALYSIS,MEDIUM,"total_units=0, scouts_found=0",EFFICIENT_RECONNAISSANCE,N/A,HIGH,IMMEDIATE,LOW,N/A,Identyfikacja 0 jednostek zwiadu z 0 dostępnych,N/A,N/A,N/A,INDIRECT_POSITIVE,N/A
2025-09-17 21:54:50,UNKNOWN,UNKNOWN,ENEMY_DETECTION,INTELLIGENCE_GATHERING,CRITICAL,"vision_positions=0, tokens_checked=40, enemies_detected=0",THREAT_IDENTIFICATION,N/A,HIGH,IMMEDIATE,LOW,N/A,Wykryto 0 wrogich jednostek z 0 pozycji obserwacji,N/A,N/A,HIGH,DIRECT_POSITIVE,N/A
2025-09-17 21:54:50,1,5,PHASE1_SUMMARY,STRATEGIC_PLANNING,CRITICAL,"units=0, scouts_id=0, scouts_deployed=0, enemies=0",INTELLIGENCE_GATHERED,0_OPPORTUNITIES_IDENTIFIED,HIGH,MULTI_TURN,MEDIUM,N/A,"Faza 1 zakończona: 0 scoutów, 0 wrogów, 0 okazji",N/A,N/A,HIGH,STRATEGIC_FOUNDATION,N/A
2025-09-17 21:54:50,UNKNOWN,UNKNOWN,SCOUT_IDENTIFICATION,UNIT_ANALYSIS,MEDIUM,"total_units=0, scouts_found=0",EFFICIENT_RECONNAISSANCE,N/A,HIGH,IMMEDIATE,LOW,N/A,Identyfikacja 0 jednostek zwiadu z 0 dostępnych,N/A,N/A,N/A,INDIRECT_POSITIVE,N/A
2025-09-17 21:54:50,UNKNOWN,UNKNOWN,ENEMY_DETECTION,INTELLIGENCE_GATHERING,CRITICAL,"vision_positions=0, tokens_checked=40, enemies_detected=0",THREAT_IDENTIFICATION,N/A,HIGH,IMMEDIATE,LOW,N/A,Wykryto 0 wrogich jednostek z 0 pozycji obserwacji,N/A,N/A,HIGH,DIRECT_POSITIVE,N/A
2025-09-17 21:54:50,1,5,PHASE1_SUMMARY,STRATEGIC_PLANNING,CRITICAL,"units=0, scouts_id=0, scouts_deployed=0, enemies=0",INTELLIGENCE_GATHERED,0_OPPORTUNITIES_IDENTIFIED,HIGH,MULTI_TURN,MEDIUM,N/A,"Faza 1 zakończona: 0 scoutów, 0 wrogów, 0 okazji",N/A,N/A,HIGH,STRATEGIC_FOUNDATION,N/A
2025-09-17 21:54:50,1,Niemcy,TURN_START,STRATEGIC_INITIALIZATION,CRITICAL,"nation=Niemcy, total_units=0, available_units=0",PHASE3_EXECUTION,N/A,HIGH,SINGLE_TURN,HIGH,N/A,Rozpoczęcie tury 1 dla Niemcy z 0 jednostkami,N/A,N/A,CRITICAL,STRATEGIC_POSITIONING,N/A
2025-09-17 21:54:50,UNKNOWN,UNKNOWN,SCOUT_IDENTIFICATION,UNIT_ANALYSIS,MEDIUM,"total_units=0, scouts_found=0",EFFICIENT_RECONNAISSANCE,N/A,HIGH,IMMEDIATE,LOW,N/A,Identyfikacja 0 jednostek zwiadu z 0 dostępnych,N/A,N/A,N/A,INDIRECT_POSITIVE,N/A
2025-09-17 21:54:50,UNKNOWN,UNKNOWN,ENEMY_DETECTION,INTELLIGENCE_GATHERING,CRITICAL,"vision_positions=0, tokens_checked=40, enemies_detected=0",THREAT_IDENTIFICATION,N/A,HIGH,IMMEDIATE,LOW,N/A,Wykryto 0 wrogich jednostek z 0 pozycji obserwacji,N/A,N/A,HIGH,DIRECT_POSITIVE,N/A
2025-09-17 21:54:50,1,5,PHASE1_SUMMARY,STRATEGIC_PLANNING,CRITICAL,"units=0, scouts_id=0, scouts_deployed=0, enemies=0",INTELLIGENCE_GATHERED,0_OPPORTUNITIES_IDENTIFIED,HIGH,MULTI_TURN,MEDIUM,N/A,"Faza 1 zakończona: 0 scoutów, 0 wrogów, 0 okazji",N/A,N/A,HIGH,STRATEGIC_FOUNDATION,N/A
2025-09-17 21:54:50,UNKNOWN,UNKNOWN,SCOUT_IDENTIFICATION,UNIT_ANALYSIS,MEDIUM,"total_units=0, scouts_found=0",EFFICIENT_RECONNAISSANCE,N/A,HIGH,IMMEDIATE,LOW,N/A,Identyfikacja 0 jednostek zwiadu z 0 dostępnych,N/A,N/A,N/A,INDIRECT_POSITIVE,N/A
2025-09-17 21:54:50,UNKNOWN,UNKNOWN,ENEMY_DETECTION,INTELLIGENCE_GATHERING,CRITICAL,"vision_positions=0, tokens_checked=40, enemies_detected=0",THREAT_IDENTIFICATION,N/A,HIGH,IMMEDIATE,LOW,N/A,Wykryto 0 wrogich jednostek z 0 pozycji obserwacji,N/A,N/A,HIGH,DIRECT_POSITIVE,N/A
2025-09-17 21:54:50,1,5,PHASE1_SUMMARY,STRATEGIC_PLANNING,CRITICAL,"units=0, scouts_id=0, scouts_deployed=0, enemies=0",INTELLIGENCE_GATHERED,0_OPPORTUNITIES_IDENTIFIED,HIGH,MULTI_TURN,MEDIUM,N/A,"Faza 1 zakończona: 0 scoutów, 0 wrogów, 0 okazji",N/A,N/A,HIGH,STRATEGIC_FOUNDATION,N/A
2025-09-17 21:54:50,1,Niemcy,TURN_START,STRATEGIC_INITIALIZATION,CRITICAL,"nation=Niemcy, total_units=0, available_units=0",PHASE3_EXECUTION,N/A,HIGH,SINGLE_TURN,HIGH,N/A,Rozpoczęcie tury 1 dla Niemcy z 0 jednostkami,N/A,N/A,CRITICAL,STRATEGIC_POSITIONING,N/A
2025-09-17 21:54:51,N/A,Niemcy,STRATEGIC_DECISION,OPERATIONS,MEDIUM,"state=REASSIGNMENT, groups=2, reassignments=0",N/A,N/A,MEDIUM,N/A,N/A,N/A,"Strategy: REASSIGNMENT, aggression 0.50",N/A,N/A,N/A,N/A,N/A
2025-09-17 21:54:51,N/A,Niemcy,STRATEGIC_DECISION,OPERATIONS,MEDIUM,"state=REASSIGNMENT, groups=2, reassignments=0",N/A,N/A,MEDIUM,N/A,N/A,N/A,"Strategy: REASSIGNMENT, aggression 0.50",N/A,N/A,N/A,N/A,N/A
2025-09-17 21:54:51,N/A,Niemcy,STRATEGIC_DECISION,OPERATIONS,MEDIUM,"state=REASSIGNMENT, groups=1, reassignments=0",N/A,N/A,MEDIUM,N/A,N/A,N/A,"Strategy: REASSIGNMENT, aggression 0.50",N/A,N/A,N/A,N/A,N/A
2025-09-17 21:54:51,N/A,Niemcy,STRATEGIC_DECISION,OPERATIONS,MEDIUM,"state=REASSIGNMENT, groups=1, reassignments=0",N/A,N/A,MEDIUM,N/A,N/A,N/A,"Strategy: REASSIGNMENT, aggression 0.50",N/A,N/A,N/A,N/A,N/A
2025-09-17 21:54:51,1,Niemcy,TURN_START_VICTORY_AI,STRATEGIC_INITIALIZATION,CRITICAL,"nation=Niemcy, tokens=0, captured_kps=0",VICTORY_AI_ACTIVATION,N/A,HIGH,SINGLE_TURN,HIGH,N/A,Inicjalizacja Victory AI dla gracza 6 (Niemcy) w turze 1,N/A,N/A,CRITICAL,STRATEGIC_POSITIVE,N/A
2025-09-17 21:54:51,UNKNOWN,UNKNOWN,SCOUT_IDENTIFICATION,UNIT_ANALYSIS,MEDIUM,"total_units=0, scouts_found=0",EFFICIENT_RECONNAISSANCE,N/A,HIGH,IMMEDIATE,LOW,N/A,Identyfikacja 0 jednostek zwiadu z 0 dostępnych,N/A,N/A,N/A,INDIRECT_POSITIVE,N/A
2025-09-17 21:54:51,UNKNOWN,UNKNOWN,ENEMY_DETECTION,INTELLIGENCE_GATHERING,CRITICAL,"vision_positions=0, tokens_checked=40, enemies_detected=0",THREAT_IDENTIFICATION,N/A,HIGH,IMMEDIATE,LOW,N/A,Wykryto 0 wrogich jednostek z 0 pozycji obserwacji,N/A,N/A,HIGH,DIRECT_POSITIVE,N/A
2025-09-17 21:54:51,1,6,PHASE1_SUMMARY,STRATEGIC_PLANNING,CRITICAL,"units=0, scouts_id=0, scouts_deployed=0, enemies=0",INTELLIGENCE_GATHERED,0_OPPORTUNITIES_IDENTIFIED,HIGH,MULTI_TURN,MEDIUM,N/A,"Faza 1 zakończona: 0 scoutów, 0 wrogów, 0 okazji",N/A,N/A,HIGH,STRATEGIC_FOUNDATION,N/A
2025-09-17 21:54:51,UNKNOWN,UNKNOWN,SCOUT_IDENTIFICATION,UNIT_ANALYSIS,MEDIUM,"total_units=0, scouts_found=0",EFFICIENT_RECONNAISSANCE,N/A,HIGH,IMMEDIATE,LOW,N/A,Identyfikacja 0 jednostek zwiadu z 0 dostępnych,N/A,N/A,N/A,INDIRECT_POSITIVE,N/A
2025-09-17 21:54:51,UNKNOWN,UNKNOWN,ENEMY_DETECTION,INTELLIGENCE_GATHERING,CRITICAL,"vision_positions=0, tokens_checked=40, enemies_detected=0",THREAT_IDENTIFICATION,N/A,HIGH,IMMEDIATE,LOW,N/A,Wykryto 0 wrogich jednostek z 0 pozycji obserwacji,N/A,N/A,HIGH,DIRECT_POSITIVE,N/A
2025-09-17 21:54:51,1,6,PHASE1_SUMMARY,STRATEGIC_PLANNING,CRITICAL,"units=0, scouts_id=0, scouts_deployed=0, enemies=0",INTELLIGENCE_GATHERED,0_OPPORTUNITIES_IDENTIFIED,HIGH,MULTI_TURN,MEDIUM,N/A,"Faza 1 zakończona: 0 scoutów, 0 wrogów, 0 okazji",N/A,N/A,HIGH,STRATEGIC_FOUNDATION,N/A
2025-09-17 21:54:51,1,Niemcy,TURN_START,STRATEGIC_INITIALIZATION,CRITICAL,"nation=Niemcy, total_units=0, available_units=0",PHASE3_EXECUTION,N/A,HIGH,SINGLE_TURN,HIGH,N/A,Rozpoczęcie tury 1 dla Niemcy z 0 jednostkami,N/A,N/A,CRITICAL,STRATEGIC_POSITIONING,N/A
2025-09-17 21:54:51,UNKNOWN,UNKNOWN,SCOUT_IDENTIFICATION,UNIT_ANALYSIS,MEDIUM,"total_units=0, scouts_found=0",EFFICIENT_RECONNAISSANCE,N/A,HIGH,IMMEDIATE,LOW,N/A,Identyfikacja 0 jednostek zwiadu z 0 dostępnych,N/A,N/A,N/A,INDIRECT_POSITIVE,N/A
2025-09-17 21:54:51,UNKNOWN,UNKNOWN,ENEMY_DETECTION,INTELLIGENCE_GATHERING,CRITICAL,"vision_positions=0, tokens_checked=40, enemies_detected=0",THREAT_IDENTIFICATION,N/A,HIGH,IMMEDIATE,LOW,N/A,Wykryto 0 wrogich jednostek z 0 pozycji obserwacji,N/A,N/A,HIGH,DIRECT_POSITIVE,N/A
2025-09-17 21:54:51,1,6,PHASE1_SUMMARY,STRATEGIC_PLANNING,CRITICAL,"units=0, scouts_id=0, scouts_deployed=0, enemies=0",INTELLIGENCE_GATHERED,0_OPPORTUNITIES_IDENTIFIED,HIGH,MULTI_TURN,MEDIUM,N/A,"Faza 1 zakończona: 0 scoutów, 0 wrogów, 0 okazji",N/A,N/A,HIGH,STRATEGIC_FOUNDATION,N/A
2025-09-17 21:54:51,UNKNOWN,UNKNOWN,SCOUT_IDENTIFICATION,UNIT_ANALYSIS,MEDIUM,"total_units=0, scouts_found=0",EFFICIENT_RECONNAISSANCE,N/A,HIGH,IMMEDIATE,LOW,N/A,Identyfikacja 0 jednostek zwiadu z 0 dostępnych,N/A,N/A,N/A,INDIRECT_POSITIVE,N/A
2025-09-17 21:54:51,UNKNOWN,UNKNOWN,ENEMY_DETECTION,INTELLIGENCE_GATHERING,CRITICAL,"vision_positions=0, tokens_checked=40, enemies_detected=0",THREAT_IDENTIFICATION,N/A,HIGH,IMMEDIATE,LOW,N/A,Wykryto 0 wrogich jednostek z 0 pozycji obserwacji,N/A,N/A,HIGH,DIRECT_POSITIVE,N/A
2025-09-17 21:54:51,1,6,PHASE1_SUMMARY,STRATEGIC_PLANNING,CRITICAL,"units=0, scouts_id=0, scouts_deployed=0, enemies=0",INTELLIGENCE_GATHERED,0_OPPORTUNITIES_IDENTIFIED,HIGH,MULTI_TURN,MEDIUM,N/A,"Faza 1 zakończona: 0 scoutów, 0 wrogów, 0 okazji",N/A,N/A,HIGH,STRATEGIC_FOUNDATION,N/A
2025-09-17 21:54:51,1,Niemcy,TURN_START,STRATEGIC_INITIALIZATION,CRITICAL,"nation=Niemcy, total_units=0, available_units=0",PHASE3_EXECUTION,N/A,HIGH,SINGLE_TURN,HIGH,N/A,Rozpoczęcie tury 1 dla Niemcy z 0 jednostkami,N/A,N/A,CRITICAL,STRATEGIC_POSITIONING,N/A
2025-09-17 21:54:51,N/A,Niemcy,STRATEGIC_DECISION,OPERATIONS,MEDIUM,"state=REASSIGNMENT, groups=3, reassignments=0",N/A,N/A,MEDIUM,N/A,N/A,N/A,"Strategy: REASSIGNMENT, aggression 0.50",N/A,N/A,N/A,N/A,N/A
2025-09-17 21:54:51,N/A,Niemcy,STRATEGIC_DECISION,OPERATIONS,MEDIUM,"state=REASSIGNMENT, groups=3, reassignments=0",N/A,N/A,MEDIUM,N/A,N/A,N/A,"Strategy: REASSIGNMENT, aggression 0.50",N/A,N/A,N/A,N/A,N/A
2025-09-17 21:54:52,N/A,Niemcy,STRATEGIC_DECISION,OPERATIONS,MEDIUM,"state=REASSIGNMENT, groups=1, reassignments=0",N/A,N/A,MEDIUM,N/A,N/A,N/A,"Strategy: REASSIGNMENT, aggression 0.50",N/A,N/A,N/A,N/A,N/A
2025-09-17 21:54:52,N/A,Niemcy,STRATEGIC_DECISION,OPERATIONS,MEDIUM,"state=REASSIGNMENT, groups=1, reassignments=0",N/A,N/A,MEDIUM,N/A,N/A,N/A,"Strategy: REASSIGNMENT, aggression 0.50",N/A,N/A,N/A,N/A,N/A
2025-09-17 21:54:52,N/A,Niemcy,STRATEGIC_DECISION,OPERATIONS,MEDIUM,"state=REASSIGNMENT, groups=1, reassignments=0",N/A,N/A,MEDIUM,N/A,N/A,N/A,"Strategy: REASSIGNMENT, aggression 0.50",N/A,N/A,N/A,N/A,N/A
2025-09-17 21:54:52,1,Polska,TURN_START_VICTORY_AI,STRATEGIC_INITIALIZATION,CRITICAL,"nation=Polska, tokens=0, captured_kps=0",VICTORY_AI_ACTIVATION,N/A,HIGH,SINGLE_TURN,HIGH,N/A,Inicjalizacja Victory AI dla gracza 2 (Polska) w turze 1,N/A,N/A,CRITICAL,STRATEGIC_POSITIVE,N/A
2025-09-17 21:54:52,UNKNOWN,UNKNOWN,SCOUT_IDENTIFICATION,UNIT_ANALYSIS,MEDIUM,"total_units=0, scouts_found=0",EFFICIENT_RECONNAISSANCE,N/A,HIGH,IMMEDIATE,LOW,N/A,Identyfikacja 0 jednostek zwiadu z 0 dostępnych,N/A,N/A,N/A,INDIRECT_POSITIVE,N/A
2025-09-17 21:54:52,UNKNOWN,UNKNOWN,ENEMY_DETECTION,INTELLIGENCE_GATHERING,CRITICAL,"vision_positions=0, tokens_checked=40, enemies_detected=0",THREAT_IDENTIFICATION,N/A,HIGH,IMMEDIATE,LOW,N/A,Wykryto 0 wrogich jednostek z 0 pozycji obserwacji,N/A,N/A,HIGH,DIRECT_POSITIVE,N/A
2025-09-17 21:54:52,1,2,PHASE1_SUMMARY,STRATEGIC_PLANNING,CRITICAL,"units=0, scouts_id=0, scouts_deployed=0, enemies=0",INTELLIGENCE_GATHERED,0_OPPORTUNITIES_IDENTIFIED,HIGH,MULTI_TURN,MEDIUM,N/A,"Faza 1 zakończona: 0 scoutów, 0 wrogów, 0 okazji",N/A,N/A,HIGH,STRATEGIC_FOUNDATION,N/A
2025-09-17 21:54:52,UNKNOWN,UNKNOWN,SCOUT_IDENTIFICATION,UNIT_ANALYSIS,MEDIUM,"total_units=0, scouts_found=0",EFFICIENT_RECONNAISSANCE,N/A,HIGH,IMMEDIATE,LOW,N/A,Identyfikacja 0 jednostek zwiadu z 0 dostępnych,N/A,N/A,N/A,INDIRECT_POSITIVE,N/A
2025-09-17 21:54:52,UNKNOWN,UNKNOWN,ENEMY_DETECTION,INTELLIGENCE_GATHERING,CRITICAL,"vision_positions=0, tokens_checked=40, enemies_detected=0",THREAT_IDENTIFICATION,N/A,HIGH,IMMEDIATE,LOW,N/A,Wykryto 0 wrogich jednostek z 0 pozycji obserwacji,N/A,N/A,HIGH,DIRECT_POSITIVE,N/A
2025-09-17 21:54:52,1,2,PHASE1_SUMMARY,STRATEGIC_PLANNING,CRITICAL,"units=0, scouts_id=0, scouts_deployed=0, enemies=0",INTELLIGENCE_GATHERED,0_OPPORTUNITIES_IDENTIFIED,HIGH,MULTI_TURN,MEDIUM,N/A,"Faza 1 zakończona: 0 scoutów, 0 wrogów, 0 okazji",N/A,N/A,HIGH,STRATEGIC_FOUNDATION,N/A
2025-09-17 21:54:52,1,Polska,TURN_START,STRATEGIC_INITIALIZATION,CRITICAL,"nation=Polska, total_units=0, available_units=0",PHASE3_EXECUTION,N/A,HIGH,SINGLE_TURN,HIGH,N/A,Rozpoczęcie tury 1 dla Polska z 0 jednostkami,N/A,N/A,CRITICAL,STRATEGIC_POSITIONING,N/A
2025-09-17 21:54:52,UNKNOWN,UNKNOWN,SCOUT_IDENTIFICATION,UNIT_ANALYSIS,MEDIUM,"total_units=0, scouts_found=0",EFFICIENT_RECONNAISSANCE,N/A,HIGH,IMMEDIATE,LOW,N/A,Identyfikacja 0 jednostek zwiadu z 0 dostępnych,N/A,N/A,N/A,INDIRECT_POSITIVE,N/A
2025-09-17 21:54:52,UNKNOWN,UNKNOWN,ENEMY_DETECTION,INTELLIGENCE_GATHERING,CRITICAL,"vision_positions=0, tokens_checked=40, enemies_detected=0",THREAT_IDENTIFICATION,N/A,HIGH,IMMEDIATE,LOW,N/A,Wykryto 0 wrogich jednostek z 0 pozycji obserwacji,N/A,N/A,HIGH,DIRECT_POSITIVE,N/A
2025-09-17 21:54:52,1,2,PHASE1_SUMMARY,STRATEGIC_PLANNING,CRITICAL,"units=0, scouts_id=0, scouts_deployed=0, enemies=0",INTELLIGENCE_GATHERED,0_OPPORTUNITIES_IDENTIFIED,HIGH,MULTI_TURN,MEDIUM,N/A,"Faza 1 zakończona: 0 scoutów, 0 wrogów, 0 okazji",N/A,N/A,HIGH,STRATEGIC_FOUNDATION,N/A
2025-09-17 21:54:52,UNKNOWN,UNKNOWN,SCOUT_IDENTIFICATION,UNIT_ANALYSIS,MEDIUM,"total_units=0, scouts_found=0",EFFICIENT_RECONNAISSANCE,N/A,HIGH,IMMEDIATE,LOW,N/A,Identyfikacja 0 jednostek zwiadu z 0 dostępnych,N/A,N/A,N/A,INDIRECT_POSITIVE,N/A
2025-09-17 21:54:52,UNKNOWN,UNKNOWN,ENEMY_DETECTION,INTELLIGENCE_GATHERING,CRITICAL,"vision_positions=0, tokens_checked=40, enemies_detected=0",THREAT_IDENTIFICATION,N/A,HIGH,IMMEDIATE,LOW,N/A,Wykryto 0 wrogich jednostek z 0 pozycji obserwacji,N/A,N/A,HIGH,DIRECT_POSITIVE,N/A
2025-09-17 21:54:52,1,2,PHASE1_SUMMARY,STRATEGIC_PLANNING,CRITICAL,"units=0, scouts_id=0, scouts_deployed=0, enemies=0",INTELLIGENCE_GATHERED,0_OPPORTUNITIES_IDENTIFIED,HIGH,MULTI_TURN,MEDIUM,N/A,"Faza 1 zakończona: 0 scoutów, 0 wrogów, 0 okazji",N/A,N/A,HIGH,STRATEGIC_FOUNDATION,N/A
2025-09-17 21:54:52,1,Polska,TURN_START,STRATEGIC_INITIALIZATION,CRITICAL,"nation=Polska, total_units=0, available_units=0",PHASE3_EXECUTION,N/A,HIGH,SINGLE_TURN,HIGH,N/A,Rozpoczęcie tury 1 dla Polska z 0 jednostkami,N/A,N/A,CRITICAL,STRATEGIC_POSITIONING,N/A
2025-09-17 21:54:53,N/A,Polska,STRATEGIC_DECISION,OPERATIONS,MEDIUM,"state=REASSIGNMENT, groups=3, reassignments=0",N/A,N/A,MEDIUM,N/A,N/A,N/A,"Strategy: REASSIGNMENT, aggression 0.50",N/A,N/A,N/A,N/A,N/A
2025-09-17 21:54:53,N/A,Polska,STRATEGIC_DECISION,OPERATIONS,MEDIUM,"state=REASSIGNMENT, groups=3, reassignments=0",N/A,N/A,MEDIUM,N/A,N/A,N/A,"Strategy: REASSIGNMENT, aggression 0.50",N/A,N/A,N/A,N/A,N/A
2025-09-17 21:54:53,N/A,Polska,STRATEGIC_DECISION,OPERATIONS,MEDIUM,"state=REASSIGNMENT, groups=1, reassignments=0",N/A,N/A,MEDIUM,N/A,N/A,N/A,"Strategy: REASSIGNMENT, aggression 0.50",N/A,N/A,N/A,N/A,N/A
2025-09-17 21:54:53,1,Polska,TURN_START_VICTORY_AI,STRATEGIC_INITIALIZATION,CRITICAL,"nation=Polska, tokens=0, captured_kps=0",VICTORY_AI_ACTIVATION,N/A,HIGH,SINGLE_TURN,HIGH,N/A,Inicjalizacja Victory AI dla gracza 3 (Polska) w turze 1,N/A,N/A,CRITICAL,STRATEGIC_POSITIVE,N/A
2025-09-17 21:54:53,UNKNOWN,UNKNOWN,SCOUT_IDENTIFICATION,UNIT_ANALYSIS,MEDIUM,"total_units=0, scouts_found=0",EFFICIENT_RECONNAISSANCE,N/A,HIGH,IMMEDIATE,LOW,N/A,Identyfikacja 0 jednostek zwiadu z 0 dostępnych,N/A,N/A,N/A,INDIRECT_POSITIVE,N/A
2025-09-17 21:54:53,UNKNOWN,UNKNOWN,ENEMY_DETECTION,INTELLIGENCE_GATHERING,CRITICAL,"vision_positions=0, tokens_checked=40, enemies_detected=0",THREAT_IDENTIFICATION,N/A,HIGH,IMMEDIATE,LOW,N/A,Wykryto 0 wrogich jednostek z 0 pozycji obserwacji,N/A,N/A,HIGH,DIRECT_POSITIVE,N/A
2025-09-17 21:54:53,1,3,PHASE1_SUMMARY,STRATEGIC_PLANNING,CRITICAL,"units=0, scouts_id=0, scouts_deployed=0, enemies=0",INTELLIGENCE_GATHERED,0_OPPORTUNITIES_IDENTIFIED,HIGH,MULTI_TURN,MEDIUM,N/A,"Faza 1 zakończona: 0 scoutów, 0 wrogów, 0 okazji",N/A,N/A,HIGH,STRATEGIC_FOUNDATION,N/A
2025-09-17 21:54:53,UNKNOWN,UNKNOWN,SCOUT_IDENTIFICATION,UNIT_ANALYSIS,MEDIUM,"total_units=0, scouts_found=0",EFFICIENT_RECONNAISSANCE,N/A,HIGH,IMMEDIATE,LOW,N/A,Identyfikacja 0 jednostek zwiadu z 0 dostępnych,N/A,N/A,N/A,INDIRECT_POSITIVE,N/A
2025-09-17 21:54:53,UNKNOWN,UNKNOWN,ENEMY_DETECTION,INTELLIGENCE_GATHERING,CRITICAL,"vision_positions=0, tokens_checked=40, enemies_detected=0",THREAT_IDENTIFICATION,N/A,HIGH,IMMEDIATE,LOW,N/A,Wykryto 0 wrogich jednostek z 0 pozycji obserwacji,N/A,N/A,HIGH,DIRECT_POSITIVE,N/A
2025-09-17 21:54:53,1,3,PHASE1_SUMMARY,STRATEGIC_PLANNING,CRITICAL,"units=0, scouts_id=0, scouts_deployed=0, enemies=0",INTELLIGENCE_GATHERED,0_OPPORTUNITIES_IDENTIFIED,HIGH,MULTI_TURN,MEDIUM,N/A,"Faza 1 zakończona: 0 scoutów, 0 wrogów, 0 okazji",N/A,N/A,HIGH,STRATEGIC_FOUNDATION,N/A
2025-09-17 21:54:53,1,Polska,TURN_START,STRATEGIC_INITIALIZATION,CRITICAL,"nation=Polska, total_units=0, available_units=0",PHASE3_EXECUTION,N/A,HIGH,SINGLE_TURN,HIGH,N/A,Rozpoczęcie tury 1 dla Polska z 0 jednostkami,N/A,N/A,CRITICAL,STRATEGIC_POSITIONING,N/A
2025-09-17 21:54:53,UNKNOWN,UNKNOWN,SCOUT_IDENTIFICATION,UNIT_ANALYSIS,MEDIUM,"total_units=0, scouts_found=0",EFFICIENT_RECONNAISSANCE,N/A,HIGH,IMMEDIATE,LOW,N/A,Identyfikacja 0 jednostek zwiadu z 0 dostępnych,N/A,N/A,N/A,INDIRECT_POSITIVE,N/A
2025-09-17 21:54:53,UNKNOWN,UNKNOWN,ENEMY_DETECTION,INTELLIGENCE_GATHERING,CRITICAL,"vision_positions=0, tokens_checked=40, enemies_detected=0",THREAT_IDENTIFICATION,N/A,HIGH,IMMEDIATE,LOW,N/A,Wykryto 0 wrogich jednostek z 0 pozycji obserwacji,N/A,N/A,HIGH,DIRECT_POSITIVE,N/A
2025-09-17 21:54:53,1,3,PHASE1_SUMMARY,STRATEGIC_PLANNING,CRITICAL,"units=0, scouts_id=0, scouts_deployed=0, enemies=0",INTELLIGENCE_GATHERED,0_OPPORTUNITIES_IDENTIFIED,HIGH,MULTI_TURN,MEDIUM,N/A,"Faza 1 zakończona: 0 scoutów, 0 wrogów, 0 okazji",N/A,N/A,HIGH,STRATEGIC_FOUNDATION,N/A
2025-09-17 21:54:53,UNKNOWN,UNKNOWN,SCOUT_IDENTIFICATION,UNIT_ANALYSIS,MEDIUM,"total_units=0, scouts_found=0",EFFICIENT_RECONNAISSANCE,N/A,HIGH,IMMEDIATE,LOW,N/A,Identyfikacja 0 jednostek zwiadu z 0 dostępnych,N/A,N/A,N/A,INDIRECT_POSITIVE,N/A
2025-09-17 21:54:53,UNKNOWN,UNKNOWN,ENEMY_DETECTION,INTELLIGENCE_GATHERING,CRITICAL,"vision_positions=0, tokens_checked=40, enemies_detected=0",THREAT_IDENTIFICATION,N/A,HIGH,IMMEDIATE,LOW,N/A,Wykryto 0 wrogich jednostek z 0 pozycji obserwacji,N/A,N/A,HIGH,DIRECT_POSITIVE,N/A
2025-09-17 21:54:53,1,3,PHASE1_SUMMARY,STRATEGIC_PLANNING,CRITICAL,"units=0, scouts_id=0, scouts_deployed=0, enemies=0",INTELLIGENCE_GATHERED,0_OPPORTUNITIES_IDENTIFIED,HIGH,MULTI_TURN,MEDIUM,N/A,"Faza 1 zakończona: 0 scoutów, 0 wrogów, 0 okazji",N/A,N/A,HIGH,STRATEGIC_FOUNDATION,N/A
2025-09-17 21:54:53,1,Polska,TURN_START,STRATEGIC_INITIALIZATION,CRITICAL,"nation=Polska, total_units=0, available_units=0",PHASE3_EXECUTION,N/A,HIGH,SINGLE_TURN,HIGH,N/A,Rozpoczęcie tury 1 dla Polska z 0 jednostkami,N/A,N/A,CRITICAL,STRATEGIC_POSITIONING,N/A
2025-09-17 21:54:54,N/A,Polska,STRATEGIC_DECISION,OPERATIONS,MEDIUM,"state=REASSIGNMENT, groups=4, reassignments=0",N/A,N/A,MEDIUM,N/A,N/A,N/A,"Strategy: REASSIGNMENT, aggression 0.50",N/A,N/A,N/A,N/A,N/A
2025-09-17 21:54:54,N/A,Polska,STRATEGIC_DECISION,OPERATIONS,MEDIUM,"state=REASSIGNMENT, groups=4, reassignments=0",N/A,N/A,MEDIUM,N/A,N/A,N/A,"Strategy: REASSIGNMENT, aggression 0.50",N/A,N/A,N/A,N/A,N/A
2025-09-17 21:54:54,N/A,Polska,STRATEGIC_DECISION,OPERATIONS,MEDIUM,"state=REASSIGNMENT, groups=1, reassignments=0",N/A,N/A,MEDIUM,N/A,N/A,N/A,"Strategy: REASSIGNMENT, aggression 0.50",N/A,N/A,N/A,N/A,N/A
2025-09-17 21:54:55,N/A,Polska,STRATEGIC_DECISION,OPERATIONS,MEDIUM,"state=REASSIGNMENT, groups=1, reassignments=0",N/A,N/A,MEDIUM,N/A,N/A,N/A,"Strategy: REASSIGNMENT, aggression 0.50",N/A,N/A,N/A,N/A,N/A
2025-09-17 21:54:55,N/A,Polska,STRATEGIC_DECISION,OPERATIONS,MEDIUM,"state=REASSIGNMENT, groups=1, reassignments=0",N/A,N/A,MEDIUM,N/A,N/A,N/A,"Strategy: REASSIGNMENT, aggression 0.50",N/A,N/A,N/A,N/A,N/A
2025-09-17 21:54:55,N/A,Polska,STRATEGIC_DECISION,OPERATIONS,MEDIUM,"state=REASSIGNMENT, groups=1, reassignments=0",N/A,N/A,MEDIUM,N/A,N/A,N/A,"Strategy: REASSIGNMENT, aggression 0.50",N/A,N/A,N/A,N/A,N/A
2025-09-17 21:54:55,1,Niemcy,TURN_START_VICTORY_AI,STRATEGIC_INITIALIZATION,CRITICAL,"nation=Niemcy, tokens=0, captured_kps=0",VICTORY_AI_ACTIVATION,N/A,HIGH,SINGLE_TURN,HIGH,N/A,Inicjalizacja Victory AI dla gracza 5 (Niemcy) w turze 1,N/A,N/A,CRITICAL,STRATEGIC_POSITIVE,N/A
2025-09-17 21:54:55,UNKNOWN,UNKNOWN,SCOUT_IDENTIFICATION,UNIT_ANALYSIS,MEDIUM,"total_units=0, scouts_found=0",EFFICIENT_RECONNAISSANCE,N/A,HIGH,IMMEDIATE,LOW,N/A,Identyfikacja 0 jednostek zwiadu z 0 dostępnych,N/A,N/A,N/A,INDIRECT_POSITIVE,N/A
2025-09-17 21:54:55,UNKNOWN,UNKNOWN,ENEMY_DETECTION,INTELLIGENCE_GATHERING,CRITICAL,"vision_positions=0, tokens_checked=40, enemies_detected=0",THREAT_IDENTIFICATION,N/A,HIGH,IMMEDIATE,LOW,N/A,Wykryto 0 wrogich jednostek z 0 pozycji obserwacji,N/A,N/A,HIGH,DIRECT_POSITIVE,N/A
2025-09-17 21:54:55,1,5,PHASE1_SUMMARY,STRATEGIC_PLANNING,CRITICAL,"units=0, scouts_id=0, scouts_deployed=0, enemies=0",INTELLIGENCE_GATHERED,0_OPPORTUNITIES_IDENTIFIED,HIGH,MULTI_TURN,MEDIUM,N/A,"Faza 1 zakończona: 0 scoutów, 0 wrogów, 0 okazji",N/A,N/A,HIGH,STRATEGIC_FOUNDATION,N/A
2025-09-17 21:54:55,UNKNOWN,UNKNOWN,SCOUT_IDENTIFICATION,UNIT_ANALYSIS,MEDIUM,"total_units=0, scouts_found=0",EFFICIENT_RECONNAISSANCE,N/A,HIGH,IMMEDIATE,LOW,N/A,Identyfikacja 0 jednostek zwiadu z 0 dostępnych,N/A,N/A,N/A,INDIRECT_POSITIVE,N/A
2025-09-17 21:54:55,UNKNOWN,UNKNOWN,ENEMY_DETECTION,INTELLIGENCE_GATHERING,CRITICAL,"vision_positions=0, tokens_checked=40, enemies_detected=0",THREAT_IDENTIFICATION,N/A,HIGH,IMMEDIATE,LOW,N/A,Wykryto 0 wrogich jednostek z 0 pozycji obserwacji,N/A,N/A,HIGH,DIRECT_POSITIVE,N/A
2025-09-17 21:54:55,1,5,PHASE1_SUMMARY,STRATEGIC_PLANNING,CRITICAL,"units=0, scouts_id=0, scouts_deployed=0, enemies=0",INTELLIGENCE_GATHERED,0_OPPORTUNITIES_IDENTIFIED,HIGH,MULTI_TURN,MEDIUM,N/A,"Faza 1 zakończona: 0 scoutów, 0 wrogów, 0 okazji",N/A,N/A,HIGH,STRATEGIC_FOUNDATION,N/A
2025-09-17 21:54:55,1,Niemcy,TURN_START,STRATEGIC_INITIALIZATION,CRITICAL,"nation=Niemcy, total_units=0, available_units=0",PHASE3_EXECUTION,N/A,HIGH,SINGLE_TURN,HIGH,N/A,Rozpoczęcie tury 1 dla Niemcy z 0 jednostkami,N/A,N/A,CRITICAL,STRATEGIC_POSITIONING,N/A
2025-09-17 21:54:55,UNKNOWN,UNKNOWN,SCOUT_IDENTIFICATION,UNIT_ANALYSIS,MEDIUM,"total_units=0, scouts_found=0",EFFICIENT_RECONNAISSANCE,N/A,HIGH,IMMEDIATE,LOW,N/A,Identyfikacja 0 jednostek zwiadu z 0 dostępnych,N/A,N/A,N/A,INDIRECT_POSITIVE,N/A
2025-09-17 21:54:55,UNKNOWN,UNKNOWN,ENEMY_DETECTION,INTELLIGENCE_GATHERING,CRITICAL,"vision_positions=0, tokens_checked=40, enemies_detected=0",THREAT_IDENTIFICATION,N/A,HIGH,IMMEDIATE,LOW,N/A,Wykryto 0 wrogich jednostek z 0 pozycji obserwacji,N/A,N/A,HIGH,DIRECT_POSITIVE,N/A
2025-09-17 21:54:55,1,5,PHASE1_SUMMARY,STRATEGIC_PLANNING,CRITICAL,"units=0, scouts_id=0, scouts_deployed=0, enemies=0",INTELLIGENCE_GATHERED,0_OPPORTUNITIES_IDENTIFIED,HIGH,MULTI_TURN,MEDIUM,N/A,"Faza 1 zakończona: 0 scoutów, 0 wrogów, 0 okazji",N/A,N/A,HIGH,STRATEGIC_FOUNDATION,N/A
2025-09-17 21:54:55,UNKNOWN,UNKNOWN,SCOUT_IDENTIFICATION,UNIT_ANALYSIS,MEDIUM,"total_units=0, scouts_found=0",EFFICIENT_RECONNAISSANCE,N/A,HIGH,IMMEDIATE,LOW,N/A,Identyfikacja 0 jednostek zwiadu z 0 dostępnych,N/A,N/A,N/A,INDIRECT_POSITIVE,N/A
2025-09-17 21:54:55,UNKNOWN,UNKNOWN,ENEMY_DETECTION,INTELLIGENCE_GATHERING,CRITICAL,"vision_positions=0, tokens_checked=40, enemies_detected=0",THREAT_IDENTIFICATION,N/A,HIGH,IMMEDIATE,LOW,N/A,Wykryto 0 wrogich jednostek z 0 pozycji obserwacji,N/A,N/A,HIGH,DIRECT_POSITIVE,N/A
2025-09-17 21:54:55,1,5,PHASE1_SUMMARY,STRATEGIC_PLANNING,CRITICAL,"units=0, scouts_id=0, scouts_deployed=0, enemies=0",INTELLIGENCE_GATHERED,0_OPPORTUNITIES_IDENTIFIED,HIGH,MULTI_TURN,MEDIUM,N/A,"Faza 1 zakończona: 0 scoutów, 0 wrogów, 0 okazji",N/A,N/A,HIGH,STRATEGIC_FOUNDATION,N/A
2025-09-17 21:54:55,1,Niemcy,TURN_START,STRATEGIC_INITIALIZATION,CRITICAL,"nation=Niemcy, total_units=0, available_units=0",PHASE3_EXECUTION,N/A,HIGH,SINGLE_TURN,HIGH,N/A,Rozpoczęcie tury 1 dla Niemcy z 0 jednostkami,N/A,N/A,CRITICAL,STRATEGIC_POSITIONING,N/A
2025-09-17 21:54:56,N/A,Niemcy,STRATEGIC_DECISION,OPERATIONS,MEDIUM,"state=REASSIGNMENT, groups=3, reassignments=0",N/A,N/A,MEDIUM,N/A,N/A,N/A,"Strategy: REASSIGNMENT, aggression 0.50",N/A,N/A,N/A,N/A,N/A
2025-09-17 21:54:56,N/A,Niemcy,STRATEGIC_DECISION,OPERATIONS,MEDIUM,"state=REASSIGNMENT, groups=3, reassignments=0",N/A,N/A,MEDIUM,N/A,N/A,N/A,"Strategy: REASSIGNMENT, aggression 0.50",N/A,N/A,N/A,N/A,N/A
2025-09-17 21:54:56,N/A,Niemcy,STRATEGIC_DECISION,OPERATIONS,MEDIUM,"state=REASSIGNMENT, groups=1, reassignments=0",N/A,N/A,MEDIUM,N/A,N/A,N/A,"Strategy: REASSIGNMENT, aggression 0.50",N/A,N/A,N/A,N/A,N/A
2025-09-17 21:54:56,N/A,Niemcy,STRATEGIC_DECISION,OPERATIONS,MEDIUM,"state=REASSIGNMENT, groups=1, reassignments=0",N/A,N/A,MEDIUM,N/A,N/A,N/A,"Strategy: REASSIGNMENT, aggression 0.50",N/A,N/A,N/A,N/A,N/A
2025-09-17 21:54:56,N/A,Niemcy,STRATEGIC_DECISION,OPERATIONS,MEDIUM,"state=REASSIGNMENT, groups=1, reassignments=0",N/A,N/A,MEDIUM,N/A,N/A,N/A,"Strategy: REASSIGNMENT, aggression 0.50",N/A,N/A,N/A,N/A,N/A
2025-09-17 21:54:56,1,Niemcy,TURN_START_VICTORY_AI,STRATEGIC_INITIALIZATION,CRITICAL,"nation=Niemcy, tokens=0, captured_kps=0",VICTORY_AI_ACTIVATION,N/A,HIGH,SINGLE_TURN,HIGH,N/A,Inicjalizacja Victory AI dla gracza 6 (Niemcy) w turze 1,N/A,N/A,CRITICAL,STRATEGIC_POSITIVE,N/A
2025-09-17 21:54:56,UNKNOWN,UNKNOWN,SCOUT_IDENTIFICATION,UNIT_ANALYSIS,MEDIUM,"total_units=0, scouts_found=0",EFFICIENT_RECONNAISSANCE,N/A,HIGH,IMMEDIATE,LOW,N/A,Identyfikacja 0 jednostek zwiadu z 0 dostępnych,N/A,N/A,N/A,INDIRECT_POSITIVE,N/A
2025-09-17 21:54:56,UNKNOWN,UNKNOWN,ENEMY_DETECTION,INTELLIGENCE_GATHERING,CRITICAL,"vision_positions=0, tokens_checked=40, enemies_detected=0",THREAT_IDENTIFICATION,N/A,HIGH,IMMEDIATE,LOW,N/A,Wykryto 0 wrogich jednostek z 0 pozycji obserwacji,N/A,N/A,HIGH,DIRECT_POSITIVE,N/A
2025-09-17 21:54:56,1,6,PHASE1_SUMMARY,STRATEGIC_PLANNING,CRITICAL,"units=0, scouts_id=0, scouts_deployed=0, enemies=0",INTELLIGENCE_GATHERED,0_OPPORTUNITIES_IDENTIFIED,HIGH,MULTI_TURN,MEDIUM,N/A,"Faza 1 zakończona: 0 scoutów, 0 wrogów, 0 okazji",N/A,N/A,HIGH,STRATEGIC_FOUNDATION,N/A
2025-09-17 21:54:56,UNKNOWN,UNKNOWN,SCOUT_IDENTIFICATION,UNIT_ANALYSIS,MEDIUM,"total_units=0, scouts_found=0",EFFICIENT_RECONNAISSANCE,N/A,HIGH,IMMEDIATE,LOW,N/A,Identyfikacja 0 jednostek zwiadu z 0 dostępnych,N/A,N/A,N/A,INDIRECT_POSITIVE,N/A
2025-09-17 21:54:56,UNKNOWN,UNKNOWN,ENEMY_DETECTION,INTELLIGENCE_GATHERING,CRITICAL,"vision_positions=0, tokens_checked=40, enemies_detected=0",THREAT_IDENTIFICATION,N/A,HIGH,IMMEDIATE,LOW,N/A,Wykryto 0 wrogich jednostek z 0 pozycji obserwacji,N/A,N/A,HIGH,DIRECT_POSITIVE,N/A
2025-09-17 21:54:56,1,6,PHASE1_SUMMARY,STRATEGIC_PLANNING,CRITICAL,"units=0, scouts_id=0, scouts_deployed=0, enemies=0",INTELLIGENCE_GATHERED,0_OPPORTUNITIES_IDENTIFIED,HIGH,MULTI_TURN,MEDIUM,N/A,"Faza 1 zakończona: 0 scoutów, 0 wrogów, 0 okazji",N/A,N/A,HIGH,STRATEGIC_FOUNDATION,N/A
2025-09-17 21:54:56,1,Niemcy,TURN_START,STRATEGIC_INITIALIZATION,CRITICAL,"nation=Niemcy, total_units=0, available_units=0",PHASE3_EXECUTION,N/A,HIGH,SINGLE_TURN,HIGH,N/A,Rozpoczęcie tury 1 dla Niemcy z 0 jednostkami,N/A,N/A,CRITICAL,STRATEGIC_POSITIONING,N/A
2025-09-17 21:54:56,UNKNOWN,UNKNOWN,SCOUT_IDENTIFICATION,UNIT_ANALYSIS,MEDIUM,"total_units=0, scouts_found=0",EFFICIENT_RECONNAISSANCE,N/A,HIGH,IMMEDIATE,LOW,N/A,Identyfikacja 0 jednostek zwiadu z 0 dostępnych,N/A,N/A,N/A,INDIRECT_POSITIVE,N/A
2025-09-17 21:54:56,UNKNOWN,UNKNOWN,ENEMY_DETECTION,INTELLIGENCE_GATHERING,CRITICAL,"vision_positions=0, tokens_checked=40, enemies_detected=0",THREAT_IDENTIFICATION,N/A,HIGH,IMMEDIATE,LOW,N/A,Wykryto 0 wrogich jednostek z 0 pozycji obserwacji,N/A,N/A,HIGH,DIRECT_POSITIVE,N/A
2025-09-17 21:54:56,1,6,PHASE1_SUMMARY,STRATEGIC_PLANNING,CRITICAL,"units=0, scouts_id=0, scouts_deployed=0, enemies=0",INTELLIGENCE_GATHERED,0_OPPORTUNITIES_IDENTIFIED,HIGH,MULTI_TURN,MEDIUM,N/A,"Faza 1 zakończona: 0 scoutów, 0 wrogów, 0 okazji",N/A,N/A,HIGH,STRATEGIC_FOUNDATION,N/A
2025-09-17 21:54:56,UNKNOWN,UNKNOWN,SCOUT_IDENTIFICATION,UNIT_ANALYSIS,MEDIUM,"total_units=0, scouts_found=0",EFFICIENT_RECONNAISSANCE,N/A,HIGH,IMMEDIATE,LOW,N/A,Identyfikacja 0 jednostek zwiadu z 0 dostępnych,N/A,N/A,N/A,INDIRECT_POSITIVE,N/A
2025-09-17 21:54:56,UNKNOWN,UNKNOWN,ENEMY_DETECTION,INTELLIGENCE_GATHERING,CRITICAL,"vision_positions=0, tokens_checked=40, enemies_detected=0",THREAT_IDENTIFICATION,N/A,HIGH,IMMEDIATE,LOW,N/A,Wykryto 0 wrogich jednostek z 0 pozycji obserwacji,N/A,N/A,HIGH,DIRECT_POSITIVE,N/A
2025-09-17 21:54:56,1,6,PHASE1_SUMMARY,STRATEGIC_PLANNING,CRITICAL,"units=0, scouts_id=0, scouts_deployed=0, enemies=0",INTELLIGENCE_GATHERED,0_OPPORTUNITIES_IDENTIFIED,HIGH,MULTI_TURN,MEDIUM,N/A,"Faza 1 zakończona: 0 scoutów, 0 wrogów, 0 okazji",N/A,N/A,HIGH,STRATEGIC_FOUNDATION,N/A
2025-09-17 21:54:56,1,Niemcy,TURN_START,STRATEGIC_INITIALIZATION,CRITICAL,"nation=Niemcy, total_units=0, available_units=0",PHASE3_EXECUTION,N/A,HIGH,SINGLE_TURN,HIGH,N/A,Rozpoczęcie tury 1 dla Niemcy z 0 jednostkami,N/A,N/A,CRITICAL,STRATEGIC_POSITIONING,N/A
2025-09-17 21:54:58,N/A,Niemcy,STRATEGIC_DECISION,OPERATIONS,MEDIUM,"state=REASSIGNMENT, groups=5, reassignments=0",N/A,N/A,MEDIUM,N/A,N/A,N/A,"Strategy: REASSIGNMENT, aggression 0.50",N/A,N/A,N/A,N/A,N/A
2025-09-17 21:54:58,N/A,Niemcy,STRATEGIC_DECISION,OPERATIONS,MEDIUM,"state=REASSIGNMENT, groups=5, reassignments=0",N/A,N/A,MEDIUM,N/A,N/A,N/A,"Strategy: REASSIGNMENT, aggression 0.50",N/A,N/A,N/A,N/A,N/A
2025-09-17 21:54:58,N/A,Niemcy,STRATEGIC_DECISION,OPERATIONS,MEDIUM,"state=REASSIGNMENT, groups=1, reassignments=0",N/A,N/A,MEDIUM,N/A,N/A,N/A,"Strategy: REASSIGNMENT, aggression 0.50",N/A,N/A,N/A,N/A,N/A
2025-09-17 21:54:58,N/A,Niemcy,STRATEGIC_DECISION,OPERATIONS,MEDIUM,"state=REASSIGNMENT, groups=1, reassignments=0",N/A,N/A,MEDIUM,N/A,N/A,N/A,"Strategy: REASSIGNMENT, aggression 0.50",N/A,N/A,N/A,N/A,N/A
2025-09-17 21:54:58,N/A,Niemcy,STRATEGIC_DECISION,OPERATIONS,MEDIUM,"state=REASSIGNMENT, groups=1, reassignments=0",N/A,N/A,MEDIUM,N/A,N/A,N/A,"Strategy: REASSIGNMENT, aggression 0.50",N/A,N/A,N/A,N/A,N/A
2025-09-17 21:54:58,N/A,Niemcy,STRATEGIC_DECISION,OPERATIONS,MEDIUM,"state=REASSIGNMENT, groups=1, reassignments=0",N/A,N/A,MEDIUM,N/A,N/A,N/A,"Strategy: REASSIGNMENT, aggression 0.50",N/A,N/A,N/A,N/A,N/A
2025-09-17 21:54:58,1,Polska,TURN_START_VICTORY_AI,STRATEGIC_INITIALIZATION,CRITICAL,"nation=Polska, tokens=0, captured_kps=0",VICTORY_AI_ACTIVATION,N/A,HIGH,SINGLE_TURN,HIGH,N/A,Inicjalizacja Victory AI dla gracza 2 (Polska) w turze 1,N/A,N/A,CRITICAL,STRATEGIC_POSITIVE,N/A
2025-09-17 21:54:58,UNKNOWN,UNKNOWN,SCOUT_IDENTIFICATION,UNIT_ANALYSIS,MEDIUM,"total_units=0, scouts_found=0",EFFICIENT_RECONNAISSANCE,N/A,HIGH,IMMEDIATE,LOW,N/A,Identyfikacja 0 jednostek zwiadu z 0 dostępnych,N/A,N/A,N/A,INDIRECT_POSITIVE,N/A
2025-09-17 21:54:58,UNKNOWN,UNKNOWN,ENEMY_DETECTION,INTELLIGENCE_GATHERING,CRITICAL,"vision_positions=0, tokens_checked=40, enemies_detected=0",THREAT_IDENTIFICATION,N/A,HIGH,IMMEDIATE,LOW,N/A,Wykryto 0 wrogich jednostek z 0 pozycji obserwacji,N/A,N/A,HIGH,DIRECT_POSITIVE,N/A
2025-09-17 21:54:58,1,2,PHASE1_SUMMARY,STRATEGIC_PLANNING,CRITICAL,"units=0, scouts_id=0, scouts_deployed=0, enemies=0",INTELLIGENCE_GATHERED,0_OPPORTUNITIES_IDENTIFIED,HIGH,MULTI_TURN,MEDIUM,N/A,"Faza 1 zakończona: 0 scoutów, 0 wrogów, 0 okazji",N/A,N/A,HIGH,STRATEGIC_FOUNDATION,N/A
2025-09-17 21:54:58,UNKNOWN,UNKNOWN,SCOUT_IDENTIFICATION,UNIT_ANALYSIS,MEDIUM,"total_units=0, scouts_found=0",EFFICIENT_RECONNAISSANCE,N/A,HIGH,IMMEDIATE,LOW,N/A,Identyfikacja 0 jednostek zwiadu z 0 dostępnych,N/A,N/A,N/A,INDIRECT_POSITIVE,N/A
2025-09-17 21:54:58,UNKNOWN,UNKNOWN,ENEMY_DETECTION,INTELLIGENCE_GATHERING,CRITICAL,"vision_positions=0, tokens_checked=40, enemies_detected=0",THREAT_IDENTIFICATION,N/A,HIGH,IMMEDIATE,LOW,N/A,Wykryto 0 wrogich jednostek z 0 pozycji obserwacji,N/A,N/A,HIGH,DIRECT_POSITIVE,N/A
2025-09-17 21:54:58,1,2,PHASE1_SUMMARY,STRATEGIC_PLANNING,CRITICAL,"units=0, scouts_id=0, scouts_deployed=0, enemies=0",INTELLIGENCE_GATHERED,0_OPPORTUNITIES_IDENTIFIED,HIGH,MULTI_TURN,MEDIUM,N/A,"Faza 1 zakończona: 0 scoutów, 0 wrogów, 0 okazji",N/A,N/A,HIGH,STRATEGIC_FOUNDATION,N/A
2025-09-17 21:54:58,1,Polska,TURN_START,STRATEGIC_INITIALIZATION,CRITICAL,"nation=Polska, total_units=0, available_units=0",PHASE3_EXECUTION,N/A,HIGH,SINGLE_TURN,HIGH,N/A,Rozpoczęcie tury 1 dla Polska z 0 jednostkami,N/A,N/A,CRITICAL,STRATEGIC_POSITIONING,N/A
2025-09-17 21:54:58,UNKNOWN,UNKNOWN,SCOUT_IDENTIFICATION,UNIT_ANALYSIS,MEDIUM,"total_units=0, scouts_found=0",EFFICIENT_RECONNAISSANCE,N/A,HIGH,IMMEDIATE,LOW,N/A,Identyfikacja 0 jednostek zwiadu z 0 dostępnych,N/A,N/A,N/A,INDIRECT_POSITIVE,N/A
2025-09-17 21:54:58,UNKNOWN,UNKNOWN,ENEMY_DETECTION,INTELLIGENCE_GATHERING,CRITICAL,"vision_positions=0, tokens_checked=40, enemies_detected=0",THREAT_IDENTIFICATION,N/A,HIGH,IMMEDIATE,LOW,N/A,Wykryto 0 wrogich jednostek z 0 pozycji obserwacji,N/A,N/A,HIGH,DIRECT_POSITIVE,N/A
2025-09-17 21:54:58,1,2,PHASE1_SUMMARY,STRATEGIC_PLANNING,CRITICAL,"units=0, scouts_id=0, scouts_deployed=0, enemies=0",INTELLIGENCE_GATHERED,0_OPPORTUNITIES_IDENTIFIED,HIGH,MULTI_TURN,MEDIUM,N/A,"Faza 1 zakończona: 0 scoutów, 0 wrogów, 0 okazji",N/A,N/A,HIGH,STRATEGIC_FOUNDATION,N/A
2025-09-17 21:54:58,UNKNOWN,UNKNOWN,SCOUT_IDENTIFICATION,UNIT_ANALYSIS,MEDIUM,"total_units=0, scouts_found=0",EFFICIENT_RECONNAISSANCE,N/A,HIGH,IMMEDIATE,LOW,N/A,Identyfikacja 0 jednostek zwiadu z 0 dostępnych,N/A,N/A,N/A,INDIRECT_POSITIVE,N/A
2025-09-17 21:54:58,UNKNOWN,UNKNOWN,ENEMY_DETECTION,INTELLIGENCE_GATHERING,CRITICAL,"vision_positions=0, tokens_checked=40, enemies_detected=0",THREAT_IDENTIFICATION,N/A,HIGH,IMMEDIATE,LOW,N/A,Wykryto 0 wrogich jednostek z 0 pozycji obserwacji,N/A,N/A,HIGH,DIRECT_POSITIVE,N/A
2025-09-17 21:54:58,1,2,PHASE1_SUMMARY,STRATEGIC_PLANNING,CRITICAL,"units=0, scouts_id=0, scouts_deployed=0, enemies=0",INTELLIGENCE_GATHERED,0_OPPORTUNITIES_IDENTIFIED,HIGH,MULTI_TURN,MEDIUM,N/A,"Faza 1 zakończona: 0 scoutów, 0 wrogów, 0 okazji",N/A,N/A,HIGH,STRATEGIC_FOUNDATION,N/A
2025-09-17 21:54:58,1,Polska,TURN_START,STRATEGIC_INITIALIZATION,CRITICAL,"nation=Polska, total_units=0, available_units=0",PHASE3_EXECUTION,N/A,HIGH,SINGLE_TURN,HIGH,N/A,Rozpoczęcie tury 1 dla Polska z 0 jednostkami,N/A,N/A,CRITICAL,STRATEGIC_POSITIONING,N/A
2025-09-17 21:55:00,N/A,Polska,STRATEGIC_DECISION,OPERATIONS,MEDIUM,"state=REASSIGNMENT, groups=5, reassignments=0",N/A,N/A,MEDIUM,N/A,N/A,N/A,"Strategy: REASSIGNMENT, aggression 0.50",N/A,N/A,N/A,N/A,N/A
2025-09-17 21:55:00,N/A,Polska,STRATEGIC_DECISION,OPERATIONS,MEDIUM,"state=REASSIGNMENT, groups=5, reassignments=0",N/A,N/A,MEDIUM,N/A,N/A,N/A,"Strategy: REASSIGNMENT, aggression 0.50",N/A,N/A,N/A,N/A,N/A
2025-09-17 21:55:00,N/A,Polska,STRATEGIC_DECISION,OPERATIONS,MEDIUM,"state=REASSIGNMENT, groups=1, reassignments=0",N/A,N/A,MEDIUM,N/A,N/A,N/A,"Strategy: REASSIGNMENT, aggression 0.50",N/A,N/A,N/A,N/A,N/A
2025-09-17 21:55:00,N/A,Polska,STRATEGIC_DECISION,OPERATIONS,MEDIUM,"state=REASSIGNMENT, groups=1, reassignments=0",N/A,N/A,MEDIUM,N/A,N/A,N/A,"Strategy: REASSIGNMENT, aggression 0.50",N/A,N/A,N/A,N/A,N/A
2025-09-17 21:55:00,N/A,Polska,STRATEGIC_DECISION,OPERATIONS,MEDIUM,"state=REASSIGNMENT, groups=1, reassignments=0",N/A,N/A,MEDIUM,N/A,N/A,N/A,"Strategy: REASSIGNMENT, aggression 0.50",N/A,N/A,N/A,N/A,N/A
2025-09-17 21:55:00,N/A,Polska,STRATEGIC_DECISION,OPERATIONS,MEDIUM,"state=REASSIGNMENT, groups=1, reassignments=0",N/A,N/A,MEDIUM,N/A,N/A,N/A,"Strategy: REASSIGNMENT, aggression 0.50",N/A,N/A,N/A,N/A,N/A
2025-09-17 21:55:00,1,Polska,TURN_START_VICTORY_AI,STRATEGIC_INITIALIZATION,CRITICAL,"nation=Polska, tokens=0, captured_kps=0",VICTORY_AI_ACTIVATION,N/A,HIGH,SINGLE_TURN,HIGH,N/A,Inicjalizacja Victory AI dla gracza 3 (Polska) w turze 1,N/A,N/A,CRITICAL,STRATEGIC_POSITIVE,N/A
2025-09-17 21:55:00,UNKNOWN,UNKNOWN,SCOUT_IDENTIFICATION,UNIT_ANALYSIS,MEDIUM,"total_units=0, scouts_found=0",EFFICIENT_RECONNAISSANCE,N/A,HIGH,IMMEDIATE,LOW,N/A,Identyfikacja 0 jednostek zwiadu z 0 dostępnych,N/A,N/A,N/A,INDIRECT_POSITIVE,N/A
2025-09-17 21:55:00,UNKNOWN,UNKNOWN,ENEMY_DETECTION,INTELLIGENCE_GATHERING,CRITICAL,"vision_positions=0, tokens_checked=40, enemies_detected=0",THREAT_IDENTIFICATION,N/A,HIGH,IMMEDIATE,LOW,N/A,Wykryto 0 wrogich jednostek z 0 pozycji obserwacji,N/A,N/A,HIGH,DIRECT_POSITIVE,N/A
2025-09-17 21:55:00,1,3,PHASE1_SUMMARY,STRATEGIC_PLANNING,CRITICAL,"units=0, scouts_id=0, scouts_deployed=0, enemies=0",INTELLIGENCE_GATHERED,0_OPPORTUNITIES_IDENTIFIED,HIGH,MULTI_TURN,MEDIUM,N/A,"Faza 1 zakończona: 0 scoutów, 0 wrogów, 0 okazji",N/A,N/A,HIGH,STRATEGIC_FOUNDATION,N/A
2025-09-17 21:55:00,UNKNOWN,UNKNOWN,SCOUT_IDENTIFICATION,UNIT_ANALYSIS,MEDIUM,"total_units=0, scouts_found=0",EFFICIENT_RECONNAISSANCE,N/A,HIGH,IMMEDIATE,LOW,N/A,Identyfikacja 0 jednostek zwiadu z 0 dostępnych,N/A,N/A,N/A,INDIRECT_POSITIVE,N/A
2025-09-17 21:55:00,UNKNOWN,UNKNOWN,ENEMY_DETECTION,INTELLIGENCE_GATHERING,CRITICAL,"vision_positions=0, tokens_checked=40, enemies_detected=0",THREAT_IDENTIFICATION,N/A,HIGH,IMMEDIATE,LOW,N/A,Wykryto 0 wrogich jednostek z 0 pozycji obserwacji,N/A,N/A,HIGH,DIRECT_POSITIVE,N/A
2025-09-17 21:55:00,1,3,PHASE1_SUMMARY,STRATEGIC_PLANNING,CRITICAL,"units=0, scouts_id=0, scouts_deployed=0, enemies=0",INTELLIGENCE_GATHERED,0_OPPORTUNITIES_IDENTIFIED,HIGH,MULTI_TURN,MEDIUM,N/A,"Faza 1 zakończona: 0 scoutów, 0 wrogów, 0 okazji",N/A,N/A,HIGH,STRATEGIC_FOUNDATION,N/A
2025-09-17 21:55:00,1,Polska,TURN_START,STRATEGIC_INITIALIZATION,CRITICAL,"nation=Polska, total_units=0, available_units=0",PHASE3_EXECUTION,N/A,HIGH,SINGLE_TURN,HIGH,N/A,Rozpoczęcie tury 1 dla Polska z 0 jednostkami,N/A,N/A,CRITICAL,STRATEGIC_POSITIONING,N/A
2025-09-17 21:55:00,UNKNOWN,UNKNOWN,SCOUT_IDENTIFICATION,UNIT_ANALYSIS,MEDIUM,"total_units=0, scouts_found=0",EFFICIENT_RECONNAISSANCE,N/A,HIGH,IMMEDIATE,LOW,N/A,Identyfikacja 0 jednostek zwiadu z 0 dostępnych,N/A,N/A,N/A,INDIRECT_POSITIVE,N/A
2025-09-17 21:55:00,UNKNOWN,UNKNOWN,ENEMY_DETECTION,INTELLIGENCE_GATHERING,CRITICAL,"vision_positions=0, tokens_checked=40, enemies_detected=0",THREAT_IDENTIFICATION,N/A,HIGH,IMMEDIATE,LOW,N/A,Wykryto 0 wrogich jednostek z 0 pozycji obserwacji,N/A,N/A,HIGH,DIRECT_POSITIVE,N/A
2025-09-17 21:55:00,1,3,PHASE1_SUMMARY,STRATEGIC_PLANNING,CRITICAL,"units=0, scouts_id=0, scouts_deployed=0, enemies=0",INTELLIGENCE_GATHERED,0_OPPORTUNITIES_IDENTIFIED,HIGH,MULTI_TURN,MEDIUM,N/A,"Faza 1 zakończona: 0 scoutów, 0 wrogów, 0 okazji",N/A,N/A,HIGH,STRATEGIC_FOUNDATION,N/A
2025-09-17 21:55:00,UNKNOWN,UNKNOWN,SCOUT_IDENTIFICATION,UNIT_ANALYSIS,MEDIUM,"total_units=0, scouts_found=0",EFFICIENT_RECONNAISSANCE,N/A,HIGH,IMMEDIATE,LOW,N/A,Identyfikacja 0 jednostek zwiadu z 0 dostępnych,N/A,N/A,N/A,INDIRECT_POSITIVE,N/A
2025-09-17 21:55:00,UNKNOWN,UNKNOWN,ENEMY_DETECTION,INTELLIGENCE_GATHERING,CRITICAL,"vision_positions=0, tokens_checked=40, enemies_detected=0",THREAT_IDENTIFICATION,N/A,HIGH,IMMEDIATE,LOW,N/A,Wykryto 0 wrogich jednostek z 0 pozycji obserwacji,N/A,N/A,HIGH,DIRECT_POSITIVE,N/A
2025-09-17 21:55:00,1,3,PHASE1_SUMMARY,STRATEGIC_PLANNING,CRITICAL,"units=0, scouts_id=0, scouts_deployed=0, enemies=0",INTELLIGENCE_GATHERED,0_OPPORTUNITIES_IDENTIFIED,HIGH,MULTI_TURN,MEDIUM,N/A,"Faza 1 zakończona: 0 scoutów, 0 wrogów, 0 okazji",N/A,N/A,HIGH,STRATEGIC_FOUNDATION,N/A
2025-09-17 21:55:00,1,Polska,TURN_START,STRATEGIC_INITIALIZATION,CRITICAL,"nation=Polska, total_units=0, available_units=0",PHASE3_EXECUTION,N/A,HIGH,SINGLE_TURN,HIGH,N/A,Rozpoczęcie tury 1 dla Polska z 0 jednostkami,N/A,N/A,CRITICAL,STRATEGIC_POSITIONING,N/A
2025-09-17 21:55:02,N/A,Polska,STRATEGIC_DECISION,OPERATIONS,MEDIUM,"state=REASSIGNMENT, groups=4, reassignments=0",N/A,N/A,MEDIUM,N/A,N/A,N/A,"Strategy: REASSIGNMENT, aggression 0.50",N/A,N/A,N/A,N/A,N/A
2025-09-17 21:55:02,N/A,Polska,STRATEGIC_DECISION,OPERATIONS,MEDIUM,"state=REASSIGNMENT, groups=4, reassignments=0",N/A,N/A,MEDIUM,N/A,N/A,N/A,"Strategy: REASSIGNMENT, aggression 0.50",N/A,N/A,N/A,N/A,N/A
2025-09-17 21:55:02,N/A,Polska,STRATEGIC_DECISION,OPERATIONS,MEDIUM,"state=REASSIGNMENT, groups=1, reassignments=0",N/A,N/A,MEDIUM,N/A,N/A,N/A,"Strategy: REASSIGNMENT, aggression 0.50",N/A,N/A,N/A,N/A,N/A
2025-09-17 21:55:02,N/A,Polska,STRATEGIC_DECISION,OPERATIONS,MEDIUM,"state=REASSIGNMENT, groups=1, reassignments=0",N/A,N/A,MEDIUM,N/A,N/A,N/A,"Strategy: REASSIGNMENT, aggression 0.50",N/A,N/A,N/A,N/A,N/A
2025-09-17 21:55:02,N/A,Polska,STRATEGIC_DECISION,OPERATIONS,MEDIUM,"state=REASSIGNMENT, groups=1, reassignments=0",N/A,N/A,MEDIUM,N/A,N/A,N/A,"Strategy: REASSIGNMENT, aggression 0.50",N/A,N/A,N/A,N/A,N/A
2025-09-17 21:55:02,N/A,Polska,STRATEGIC_DECISION,OPERATIONS,MEDIUM,"state=REASSIGNMENT, groups=1, reassignments=0",N/A,N/A,MEDIUM,N/A,N/A,N/A,"Strategy: REASSIGNMENT, aggression 0.50",N/A,N/A,N/A,N/A,N/A
2025-09-17 21:55:02,1,Niemcy,TURN_START_VICTORY_AI,STRATEGIC_INITIALIZATION,CRITICAL,"nation=Niemcy, tokens=0, captured_kps=0",VICTORY_AI_ACTIVATION,N/A,HIGH,SINGLE_TURN,HIGH,N/A,Inicjalizacja Victory AI dla gracza 5 (Niemcy) w turze 1,N/A,N/A,CRITICAL,STRATEGIC_POSITIVE,N/A
2025-09-17 21:55:02,UNKNOWN,UNKNOWN,SCOUT_IDENTIFICATION,UNIT_ANALYSIS,MEDIUM,"total_units=0, scouts_found=0",EFFICIENT_RECONNAISSANCE,N/A,HIGH,IMMEDIATE,LOW,N/A,Identyfikacja 0 jednostek zwiadu z 0 dostępnych,N/A,N/A,N/A,INDIRECT_POSITIVE,N/A
2025-09-17 21:55:02,UNKNOWN,UNKNOWN,ENEMY_DETECTION,INTELLIGENCE_GATHERING,CRITICAL,"vision_positions=0, tokens_checked=40, enemies_detected=0",THREAT_IDENTIFICATION,N/A,HIGH,IMMEDIATE,LOW,N/A,Wykryto 0 wrogich jednostek z 0 pozycji obserwacji,N/A,N/A,HIGH,DIRECT_POSITIVE,N/A
2025-09-17 21:55:02,1,5,PHASE1_SUMMARY,STRATEGIC_PLANNING,CRITICAL,"units=0, scouts_id=0, scouts_deployed=0, enemies=0",INTELLIGENCE_GATHERED,0_OPPORTUNITIES_IDENTIFIED,HIGH,MULTI_TURN,MEDIUM,N/A,"Faza 1 zakończona: 0 scoutów, 0 wrogów, 0 okazji",N/A,N/A,HIGH,STRATEGIC_FOUNDATION,N/A
2025-09-17 21:55:02,UNKNOWN,UNKNOWN,SCOUT_IDENTIFICATION,UNIT_ANALYSIS,MEDIUM,"total_units=0, scouts_found=0",EFFICIENT_RECONNAISSANCE,N/A,HIGH,IMMEDIATE,LOW,N/A,Identyfikacja 0 jednostek zwiadu z 0 dostępnych,N/A,N/A,N/A,INDIRECT_POSITIVE,N/A
2025-09-17 21:55:02,UNKNOWN,UNKNOWN,ENEMY_DETECTION,INTELLIGENCE_GATHERING,CRITICAL,"vision_positions=0, tokens_checked=40, enemies_detected=0",THREAT_IDENTIFICATION,N/A,HIGH,IMMEDIATE,LOW,N/A,Wykryto 0 wrogich jednostek z 0 pozycji obserwacji,N/A,N/A,HIGH,DIRECT_POSITIVE,N/A
2025-09-17 21:55:02,1,5,PHASE1_SUMMARY,STRATEGIC_PLANNING,CRITICAL,"units=0, scouts_id=0, scouts_deployed=0, enemies=0",INTELLIGENCE_GATHERED,0_OPPORTUNITIES_IDENTIFIED,HIGH,MULTI_TURN,MEDIUM,N/A,"Faza 1 zakończona: 0 scoutów, 0 wrogów, 0 okazji",N/A,N/A,HIGH,STRATEGIC_FOUNDATION,N/A
2025-09-17 21:55:02,1,Niemcy,TURN_START,STRATEGIC_INITIALIZATION,CRITICAL,"nation=Niemcy, total_units=0, available_units=0",PHASE3_EXECUTION,N/A,HIGH,SINGLE_TURN,HIGH,N/A,Rozpoczęcie tury 1 dla Niemcy z 0 jednostkami,N/A,N/A,CRITICAL,STRATEGIC_POSITIONING,N/A
2025-09-17 21:55:02,UNKNOWN,UNKNOWN,SCOUT_IDENTIFICATION,UNIT_ANALYSIS,MEDIUM,"total_units=0, scouts_found=0",EFFICIENT_RECONNAISSANCE,N/A,HIGH,IMMEDIATE,LOW,N/A,Identyfikacja 0 jednostek zwiadu z 0 dostępnych,N/A,N/A,N/A,INDIRECT_POSITIVE,N/A
2025-09-17 21:55:02,UNKNOWN,UNKNOWN,ENEMY_DETECTION,INTELLIGENCE_GATHERING,CRITICAL,"vision_positions=0, tokens_checked=40, enemies_detected=0",THREAT_IDENTIFICATION,N/A,HIGH,IMMEDIATE,LOW,N/A,Wykryto 0 wrogich jednostek z 0 pozycji obserwacji,N/A,N/A,HIGH,DIRECT_POSITIVE,N/A
2025-09-17 21:55:02,1,5,PHASE1_SUMMARY,STRATEGIC_PLANNING,CRITICAL,"units=0, scouts_id=0, scouts_deployed=0, enemies=0",INTELLIGENCE_GATHERED,0_OPPORTUNITIES_IDENTIFIED,HIGH,MULTI_TURN,MEDIUM,N/A,"Faza 1 zakończona: 0 scoutów, 0 wrogów, 0 okazji",N/A,N/A,HIGH,STRATEGIC_FOUNDATION,N/A
2025-09-17 21:55:02,UNKNOWN,UNKNOWN,SCOUT_IDENTIFICATION,UNIT_ANALYSIS,MEDIUM,"total_units=0, scouts_found=0",EFFICIENT_RECONNAISSANCE,N/A,HIGH,IMMEDIATE,LOW,N/A,Identyfikacja 0 jednostek zwiadu z 0 dostępnych,N/A,N/A,N/A,INDIRECT_POSITIVE,N/A
2025-09-17 21:55:02,UNKNOWN,UNKNOWN,ENEMY_DETECTION,INTELLIGENCE_GATHERING,CRITICAL,"vision_positions=0, tokens_checked=40, enemies_detected=0",THREAT_IDENTIFICATION,N/A,HIGH,IMMEDIATE,LOW,N/A,Wykryto 0 wrogich jednostek z 0 pozycji obserwacji,N/A,N/A,HIGH,DIRECT_POSITIVE,N/A
2025-09-17 21:55:02,1,5,PHASE1_SUMMARY,STRATEGIC_PLANNING,CRITICAL,"units=0, scouts_id=0, scouts_deployed=0, enemies=0",INTELLIGENCE_GATHERED,0_OPPORTUNITIES_IDENTIFIED,HIGH,MULTI_TURN,MEDIUM,N/A,"Faza 1 zakończona: 0 scoutów, 0 wrogów, 0 okazji",N/A,N/A,HIGH,STRATEGIC_FOUNDATION,N/A
2025-09-17 21:55:02,1,Niemcy,TURN_START,STRATEGIC_INITIALIZATION,CRITICAL,"nation=Niemcy, total_units=0, available_units=0",PHASE3_EXECUTION,N/A,HIGH,SINGLE_TURN,HIGH,N/A,Rozpoczęcie tury 1 dla Niemcy z 0 jednostkami,N/A,N/A,CRITICAL,STRATEGIC_POSITIONING,N/A
2025-09-17 21:55:04,N/A,Niemcy,STRATEGIC_DECISION,OPERATIONS,MEDIUM,"state=REASSIGNMENT, groups=3, reassignments=0",N/A,N/A,MEDIUM,N/A,N/A,N/A,"Strategy: REASSIGNMENT, aggression 0.50",N/A,N/A,N/A,N/A,N/A
2025-09-17 21:55:04,N/A,Niemcy,STRATEGIC_DECISION,OPERATIONS,MEDIUM,"state=REASSIGNMENT, groups=3, reassignments=0",N/A,N/A,MEDIUM,N/A,N/A,N/A,"Strategy: REASSIGNMENT, aggression 0.50",N/A,N/A,N/A,N/A,N/A
2025-09-17 21:55:04,N/A,Niemcy,STRATEGIC_DECISION,OPERATIONS,MEDIUM,"state=REASSIGNMENT, groups=1, reassignments=0",N/A,N/A,MEDIUM,N/A,N/A,N/A,"Strategy: REASSIGNMENT, aggression 0.50",N/A,N/A,N/A,N/A,N/A
2025-09-17 21:55:04,N/A,Niemcy,STRATEGIC_DECISION,OPERATIONS,MEDIUM,"state=REASSIGNMENT, groups=1, reassignments=0",N/A,N/A,MEDIUM,N/A,N/A,N/A,"Strategy: REASSIGNMENT, aggression 0.50",N/A,N/A,N/A,N/A,N/A
2025-09-17 21:55:04,N/A,Niemcy,STRATEGIC_DECISION,OPERATIONS,MEDIUM,"state=REASSIGNMENT, groups=1, reassignments=0",N/A,N/A,MEDIUM,N/A,N/A,N/A,"Strategy: REASSIGNMENT, aggression 0.50",N/A,N/A,N/A,N/A,N/A
2025-09-17 21:55:04,1,Niemcy,TURN_START_VICTORY_AI,STRATEGIC_INITIALIZATION,CRITICAL,"nation=Niemcy, tokens=0, captured_kps=0",VICTORY_AI_ACTIVATION,N/A,HIGH,SINGLE_TURN,HIGH,N/A,Inicjalizacja Victory AI dla gracza 6 (Niemcy) w turze 1,N/A,N/A,CRITICAL,STRATEGIC_POSITIVE,N/A
2025-09-17 21:55:04,UNKNOWN,UNKNOWN,SCOUT_IDENTIFICATION,UNIT_ANALYSIS,MEDIUM,"total_units=0, scouts_found=0",EFFICIENT_RECONNAISSANCE,N/A,HIGH,IMMEDIATE,LOW,N/A,Identyfikacja 0 jednostek zwiadu z 0 dostępnych,N/A,N/A,N/A,INDIRECT_POSITIVE,N/A
2025-09-17 21:55:04,UNKNOWN,UNKNOWN,ENEMY_DETECTION,INTELLIGENCE_GATHERING,CRITICAL,"vision_positions=0, tokens_checked=40, enemies_detected=0",THREAT_IDENTIFICATION,N/A,HIGH,IMMEDIATE,LOW,N/A,Wykryto 0 wrogich jednostek z 0 pozycji obserwacji,N/A,N/A,HIGH,DIRECT_POSITIVE,N/A
2025-09-17 21:55:04,1,6,PHASE1_SUMMARY,STRATEGIC_PLANNING,CRITICAL,"units=0, scouts_id=0, scouts_deployed=0, enemies=0",INTELLIGENCE_GATHERED,0_OPPORTUNITIES_IDENTIFIED,HIGH,MULTI_TURN,MEDIUM,N/A,"Faza 1 zakończona: 0 scoutów, 0 wrogów, 0 okazji",N/A,N/A,HIGH,STRATEGIC_FOUNDATION,N/A
2025-09-17 21:55:04,UNKNOWN,UNKNOWN,SCOUT_IDENTIFICATION,UNIT_ANALYSIS,MEDIUM,"total_units=0, scouts_found=0",EFFICIENT_RECONNAISSANCE,N/A,HIGH,IMMEDIATE,LOW,N/A,Identyfikacja 0 jednostek zwiadu z 0 dostępnych,N/A,N/A,N/A,INDIRECT_POSITIVE,N/A
2025-09-17 21:55:04,UNKNOWN,UNKNOWN,ENEMY_DETECTION,INTELLIGENCE_GATHERING,CRITICAL,"vision_positions=0, tokens_checked=40, enemies_detected=0",THREAT_IDENTIFICATION,N/A,HIGH,IMMEDIATE,LOW,N/A,Wykryto 0 wrogich jednostek z 0 pozycji obserwacji,N/A,N/A,HIGH,DIRECT_POSITIVE,N/A
2025-09-17 21:55:04,1,6,PHASE1_SUMMARY,STRATEGIC_PLANNING,CRITICAL,"units=0, scouts_id=0, scouts_deployed=0, enemies=0",INTELLIGENCE_GATHERED,0_OPPORTUNITIES_IDENTIFIED,HIGH,MULTI_TURN,MEDIUM,N/A,"Faza 1 zakończona: 0 scoutów, 0 wrogów, 0 okazji",N/A,N/A,HIGH,STRATEGIC_FOUNDATION,N/A
2025-09-17 21:55:04,1,Niemcy,TURN_START,STRATEGIC_INITIALIZATION,CRITICAL,"nation=Niemcy, total_units=0, available_units=0",PHASE3_EXECUTION,N/A,HIGH,SINGLE_TURN,HIGH,N/A,Rozpoczęcie tury 1 dla Niemcy z 0 jednostkami,N/A,N/A,CRITICAL,STRATEGIC_POSITIONING,N/A
2025-09-17 21:55:04,UNKNOWN,UNKNOWN,SCOUT_IDENTIFICATION,UNIT_ANALYSIS,MEDIUM,"total_units=0, scouts_found=0",EFFICIENT_RECONNAISSANCE,N/A,HIGH,IMMEDIATE,LOW,N/A,Identyfikacja 0 jednostek zwiadu z 0 dostępnych,N/A,N/A,N/A,INDIRECT_POSITIVE,N/A
2025-09-17 21:55:04,UNKNOWN,UNKNOWN,ENEMY_DETECTION,INTELLIGENCE_GATHERING,CRITICAL,"vision_positions=0, tokens_checked=40, enemies_detected=0",THREAT_IDENTIFICATION,N/A,HIGH,IMMEDIATE,LOW,N/A,Wykryto 0 wrogich jednostek z 0 pozycji obserwacji,N/A,N/A,HIGH,DIRECT_POSITIVE,N/A
2025-09-17 21:55:04,1,6,PHASE1_SUMMARY,STRATEGIC_PLANNING,CRITICAL,"units=0, scouts_id=0, scouts_deployed=0, enemies=0",INTELLIGENCE_GATHERED,0_OPPORTUNITIES_IDENTIFIED,HIGH,MULTI_TURN,MEDIUM,N/A,"Faza 1 zakończona: 0 scoutów, 0 wrogów, 0 okazji",N/A,N/A,HIGH,STRATEGIC_FOUNDATION,N/A
2025-09-17 21:55:04,UNKNOWN,UNKNOWN,SCOUT_IDENTIFICATION,UNIT_ANALYSIS,MEDIUM,"total_units=0, scouts_found=0",EFFICIENT_RECONNAISSANCE,N/A,HIGH,IMMEDIATE,LOW,N/A,Identyfikacja 0 jednostek zwiadu z 0 dostępnych,N/A,N/A,N/A,INDIRECT_POSITIVE,N/A
2025-09-17 21:55:04,UNKNOWN,UNKNOWN,ENEMY_DETECTION,INTELLIGENCE_GATHERING,CRITICAL,"vision_positions=0, tokens_checked=40, enemies_detected=0",THREAT_IDENTIFICATION,N/A,HIGH,IMMEDIATE,LOW,N/A,Wykryto 0 wrogich jednostek z 0 pozycji obserwacji,N/A,N/A,HIGH,DIRECT_POSITIVE,N/A
2025-09-17 21:55:04,1,6,PHASE1_SUMMARY,STRATEGIC_PLANNING,CRITICAL,"units=0, scouts_id=0, scouts_deployed=0, enemies=0",INTELLIGENCE_GATHERED,0_OPPORTUNITIES_IDENTIFIED,HIGH,MULTI_TURN,MEDIUM,N/A,"Faza 1 zakończona: 0 scoutów, 0 wrogów, 0 okazji",N/A,N/A,HIGH,STRATEGIC_FOUNDATION,N/A
2025-09-17 21:55:04,1,Niemcy,TURN_START,STRATEGIC_INITIALIZATION,CRITICAL,"nation=Niemcy, total_units=0, available_units=0",PHASE3_EXECUTION,N/A,HIGH,SINGLE_TURN,HIGH,N/A,Rozpoczęcie tury 1 dla Niemcy z 0 jednostkami,N/A,N/A,CRITICAL,STRATEGIC_POSITIONING,N/A
2025-09-17 21:55:05,N/A,Niemcy,STRATEGIC_DECISION,OPERATIONS,MEDIUM,"state=REASSIGNMENT, groups=5, reassignments=0",N/A,N/A,MEDIUM,N/A,N/A,N/A,"Strategy: REASSIGNMENT, aggression 0.50",N/A,N/A,N/A,N/A,N/A
2025-09-17 21:55:06,N/A,Niemcy,STRATEGIC_DECISION,OPERATIONS,MEDIUM,"state=REASSIGNMENT, groups=5, reassignments=0",N/A,N/A,MEDIUM,N/A,N/A,N/A,"Strategy: REASSIGNMENT, aggression 0.50",N/A,N/A,N/A,N/A,N/A
2025-09-17 21:55:06,N/A,Niemcy,STRATEGIC_DECISION,OPERATIONS,MEDIUM,"state=REASSIGNMENT, groups=1, reassignments=0",N/A,N/A,MEDIUM,N/A,N/A,N/A,"Strategy: REASSIGNMENT, aggression 0.50",N/A,N/A,N/A,N/A,N/A
2025-09-17 21:55:06,N/A,Niemcy,STRATEGIC_DECISION,OPERATIONS,MEDIUM,"state=REASSIGNMENT, groups=1, reassignments=0",N/A,N/A,MEDIUM,N/A,N/A,N/A,"Strategy: REASSIGNMENT, aggression 0.50",N/A,N/A,N/A,N/A,N/A
2025-09-17 21:55:06,N/A,Niemcy,STRATEGIC_DECISION,OPERATIONS,MEDIUM,"state=REASSIGNMENT, groups=1, reassignments=0",N/A,N/A,MEDIUM,N/A,N/A,N/A,"Strategy: REASSIGNMENT, aggression 0.50",N/A,N/A,N/A,N/A,N/A
2025-09-17 21:55:06,N/A,Niemcy,STRATEGIC_DECISION,OPERATIONS,MEDIUM,"state=REASSIGNMENT, groups=1, reassignments=0",N/A,N/A,MEDIUM,N/A,N/A,N/A,"Strategy: REASSIGNMENT, aggression 0.50",N/A,N/A,N/A,N/A,N/A
2025-09-17 21:55:06,N/A,Niemcy,STRATEGIC_DECISION,OPERATIONS,MEDIUM,"state=REASSIGNMENT, groups=1, reassignments=0",N/A,N/A,MEDIUM,N/A,N/A,N/A,"Strategy: REASSIGNMENT, aggression 0.50",N/A,N/A,N/A,N/A,N/A
2025-09-17 21:55:06,1,Polska,TURN_START_VICTORY_AI,STRATEGIC_INITIALIZATION,CRITICAL,"nation=Polska, tokens=0, captured_kps=0",VICTORY_AI_ACTIVATION,N/A,HIGH,SINGLE_TURN,HIGH,N/A,Inicjalizacja Victory AI dla gracza 2 (Polska) w turze 1,N/A,N/A,CRITICAL,STRATEGIC_POSITIVE,N/A
2025-09-17 21:55:06,UNKNOWN,UNKNOWN,SCOUT_IDENTIFICATION,UNIT_ANALYSIS,MEDIUM,"total_units=0, scouts_found=0",EFFICIENT_RECONNAISSANCE,N/A,HIGH,IMMEDIATE,LOW,N/A,Identyfikacja 0 jednostek zwiadu z 0 dostępnych,N/A,N/A,N/A,INDIRECT_POSITIVE,N/A
2025-09-17 21:55:06,UNKNOWN,UNKNOWN,ENEMY_DETECTION,INTELLIGENCE_GATHERING,CRITICAL,"vision_positions=0, tokens_checked=40, enemies_detected=0",THREAT_IDENTIFICATION,N/A,HIGH,IMMEDIATE,LOW,N/A,Wykryto 0 wrogich jednostek z 0 pozycji obserwacji,N/A,N/A,HIGH,DIRECT_POSITIVE,N/A
2025-09-17 21:55:06,1,2,PHASE1_SUMMARY,STRATEGIC_PLANNING,CRITICAL,"units=0, scouts_id=0, scouts_deployed=0, enemies=0",INTELLIGENCE_GATHERED,0_OPPORTUNITIES_IDENTIFIED,HIGH,MULTI_TURN,MEDIUM,N/A,"Faza 1 zakończona: 0 scoutów, 0 wrogów, 0 okazji",N/A,N/A,HIGH,STRATEGIC_FOUNDATION,N/A
2025-09-17 21:55:06,UNKNOWN,UNKNOWN,SCOUT_IDENTIFICATION,UNIT_ANALYSIS,MEDIUM,"total_units=0, scouts_found=0",EFFICIENT_RECONNAISSANCE,N/A,HIGH,IMMEDIATE,LOW,N/A,Identyfikacja 0 jednostek zwiadu z 0 dostępnych,N/A,N/A,N/A,INDIRECT_POSITIVE,N/A
2025-09-17 21:55:06,UNKNOWN,UNKNOWN,ENEMY_DETECTION,INTELLIGENCE_GATHERING,CRITICAL,"vision_positions=0, tokens_checked=40, enemies_detected=0",THREAT_IDENTIFICATION,N/A,HIGH,IMMEDIATE,LOW,N/A,Wykryto 0 wrogich jednostek z 0 pozycji obserwacji,N/A,N/A,HIGH,DIRECT_POSITIVE,N/A
2025-09-17 21:55:06,1,2,PHASE1_SUMMARY,STRATEGIC_PLANNING,CRITICAL,"units=0, scouts_id=0, scouts_deployed=0, enemies=0",INTELLIGENCE_GATHERED,0_OPPORTUNITIES_IDENTIFIED,HIGH,MULTI_TURN,MEDIUM,N/A,"Faza 1 zakończona: 0 scoutów, 0 wrogów, 0 okazji",N/A,N/A,HIGH,STRATEGIC_FOUNDATION,N/A
2025-09-17 21:55:06,1,Polska,TURN_START,STRATEGIC_INITIALIZATION,CRITICAL,"nation=Polska, total_units=0, available_units=0",PHASE3_EXECUTION,N/A,HIGH,SINGLE_TURN,HIGH,N/A,Rozpoczęcie tury 1 dla Polska z 0 jednostkami,N/A,N/A,CRITICAL,STRATEGIC_POSITIONING,N/A
2025-09-17 21:55:06,UNKNOWN,UNKNOWN,SCOUT_IDENTIFICATION,UNIT_ANALYSIS,MEDIUM,"total_units=0, scouts_found=0",EFFICIENT_RECONNAISSANCE,N/A,HIGH,IMMEDIATE,LOW,N/A,Identyfikacja 0 jednostek zwiadu z 0 dostępnych,N/A,N/A,N/A,INDIRECT_POSITIVE,N/A
2025-09-17 21:55:06,UNKNOWN,UNKNOWN,ENEMY_DETECTION,INTELLIGENCE_GATHERING,CRITICAL,"vision_positions=0, tokens_checked=40, enemies_detected=0",THREAT_IDENTIFICATION,N/A,HIGH,IMMEDIATE,LOW,N/A,Wykryto 0 wrogich jednostek z 0 pozycji obserwacji,N/A,N/A,HIGH,DIRECT_POSITIVE,N/A
2025-09-17 21:55:06,1,2,PHASE1_SUMMARY,STRATEGIC_PLANNING,CRITICAL,"units=0, scouts_id=0, scouts_deployed=0, enemies=0",INTELLIGENCE_GATHERED,0_OPPORTUNITIES_IDENTIFIED,HIGH,MULTI_TURN,MEDIUM,N/A,"Faza 1 zakończona: 0 scoutów, 0 wrogów, 0 okazji",N/A,N/A,HIGH,STRATEGIC_FOUNDATION,N/A
2025-09-17 21:55:06,UNKNOWN,UNKNOWN,SCOUT_IDENTIFICATION,UNIT_ANALYSIS,MEDIUM,"total_units=0, scouts_found=0",EFFICIENT_RECONNAISSANCE,N/A,HIGH,IMMEDIATE,LOW,N/A,Identyfikacja 0 jednostek zwiadu z 0 dostępnych,N/A,N/A,N/A,INDIRECT_POSITIVE,N/A
2025-09-17 21:55:06,UNKNOWN,UNKNOWN,ENEMY_DETECTION,INTELLIGENCE_GATHERING,CRITICAL,"vision_positions=0, tokens_checked=40, enemies_detected=0",THREAT_IDENTIFICATION,N/A,HIGH,IMMEDIATE,LOW,N/A,Wykryto 0 wrogich jednostek z 0 pozycji obserwacji,N/A,N/A,HIGH,DIRECT_POSITIVE,N/A
2025-09-17 21:55:06,1,2,PHASE1_SUMMARY,STRATEGIC_PLANNING,CRITICAL,"units=0, scouts_id=0, scouts_deployed=0, enemies=0",INTELLIGENCE_GATHERED,0_OPPORTUNITIES_IDENTIFIED,HIGH,MULTI_TURN,MEDIUM,N/A,"Faza 1 zakończona: 0 scoutów, 0 wrogów, 0 okazji",N/A,N/A,HIGH,STRATEGIC_FOUNDATION,N/A
2025-09-17 21:55:06,1,Polska,TURN_START,STRATEGIC_INITIALIZATION,CRITICAL,"nation=Polska, total_units=0, available_units=0",PHASE3_EXECUTION,N/A,HIGH,SINGLE_TURN,HIGH,N/A,Rozpoczęcie tury 1 dla Polska z 0 jednostkami,N/A,N/A,CRITICAL,STRATEGIC_POSITIONING,N/A
2025-09-17 21:55:07,N/A,Polska,STRATEGIC_DECISION,OPERATIONS,MEDIUM,"state=REASSIGNMENT, groups=5, reassignments=0",N/A,N/A,MEDIUM,N/A,N/A,N/A,"Strategy: REASSIGNMENT, aggression 0.50",N/A,N/A,N/A,N/A,N/A
2025-09-17 21:55:07,N/A,Polska,STRATEGIC_DECISION,OPERATIONS,MEDIUM,"state=REASSIGNMENT, groups=5, reassignments=0",N/A,N/A,MEDIUM,N/A,N/A,N/A,"Strategy: REASSIGNMENT, aggression 0.50",N/A,N/A,N/A,N/A,N/A
2025-09-17 21:55:08,N/A,Polska,STRATEGIC_DECISION,OPERATIONS,MEDIUM,"state=REASSIGNMENT, groups=1, reassignments=0",N/A,N/A,MEDIUM,N/A,N/A,N/A,"Strategy: REASSIGNMENT, aggression 0.50",N/A,N/A,N/A,N/A,N/A
2025-09-17 21:55:08,N/A,Polska,STRATEGIC_DECISION,OPERATIONS,MEDIUM,"state=REASSIGNMENT, groups=1, reassignments=0",N/A,N/A,MEDIUM,N/A,N/A,N/A,"Strategy: REASSIGNMENT, aggression 0.50",N/A,N/A,N/A,N/A,N/A
2025-09-17 21:55:08,N/A,Polska,STRATEGIC_DECISION,OPERATIONS,MEDIUM,"state=REASSIGNMENT, groups=1, reassignments=0",N/A,N/A,MEDIUM,N/A,N/A,N/A,"Strategy: REASSIGNMENT, aggression 0.50",N/A,N/A,N/A,N/A,N/A
2025-09-17 21:55:08,N/A,Polska,STRATEGIC_DECISION,OPERATIONS,MEDIUM,"state=REASSIGNMENT, groups=1, reassignments=0",N/A,N/A,MEDIUM,N/A,N/A,N/A,"Strategy: REASSIGNMENT, aggression 0.50",N/A,N/A,N/A,N/A,N/A
2025-09-17 21:55:08,1,Polska,TURN_START_VICTORY_AI,STRATEGIC_INITIALIZATION,CRITICAL,"nation=Polska, tokens=0, captured_kps=0",VICTORY_AI_ACTIVATION,N/A,HIGH,SINGLE_TURN,HIGH,N/A,Inicjalizacja Victory AI dla gracza 3 (Polska) w turze 1,N/A,N/A,CRITICAL,STRATEGIC_POSITIVE,N/A
2025-09-17 21:55:08,UNKNOWN,UNKNOWN,SCOUT_IDENTIFICATION,UNIT_ANALYSIS,MEDIUM,"total_units=0, scouts_found=0",EFFICIENT_RECONNAISSANCE,N/A,HIGH,IMMEDIATE,LOW,N/A,Identyfikacja 0 jednostek zwiadu z 0 dostępnych,N/A,N/A,N/A,INDIRECT_POSITIVE,N/A
2025-09-17 21:55:08,UNKNOWN,UNKNOWN,ENEMY_DETECTION,INTELLIGENCE_GATHERING,CRITICAL,"vision_positions=0, tokens_checked=40, enemies_detected=0",THREAT_IDENTIFICATION,N/A,HIGH,IMMEDIATE,LOW,N/A,Wykryto 0 wrogich jednostek z 0 pozycji obserwacji,N/A,N/A,HIGH,DIRECT_POSITIVE,N/A
2025-09-17 21:55:08,1,3,PHASE1_SUMMARY,STRATEGIC_PLANNING,CRITICAL,"units=0, scouts_id=0, scouts_deployed=0, enemies=0",INTELLIGENCE_GATHERED,0_OPPORTUNITIES_IDENTIFIED,HIGH,MULTI_TURN,MEDIUM,N/A,"Faza 1 zakończona: 0 scoutów, 0 wrogów, 0 okazji",N/A,N/A,HIGH,STRATEGIC_FOUNDATION,N/A
2025-09-17 21:55:08,UNKNOWN,UNKNOWN,SCOUT_IDENTIFICATION,UNIT_ANALYSIS,MEDIUM,"total_units=0, scouts_found=0",EFFICIENT_RECONNAISSANCE,N/A,HIGH,IMMEDIATE,LOW,N/A,Identyfikacja 0 jednostek zwiadu z 0 dostępnych,N/A,N/A,N/A,INDIRECT_POSITIVE,N/A
2025-09-17 21:55:08,UNKNOWN,UNKNOWN,ENEMY_DETECTION,INTELLIGENCE_GATHERING,CRITICAL,"vision_positions=0, tokens_checked=40, enemies_detected=0",THREAT_IDENTIFICATION,N/A,HIGH,IMMEDIATE,LOW,N/A,Wykryto 0 wrogich jednostek z 0 pozycji obserwacji,N/A,N/A,HIGH,DIRECT_POSITIVE,N/A
2025-09-17 21:55:08,1,3,PHASE1_SUMMARY,STRATEGIC_PLANNING,CRITICAL,"units=0, scouts_id=0, scouts_deployed=0, enemies=0",INTELLIGENCE_GATHERED,0_OPPORTUNITIES_IDENTIFIED,HIGH,MULTI_TURN,MEDIUM,N/A,"Faza 1 zakończona: 0 scoutów, 0 wrogów, 0 okazji",N/A,N/A,HIGH,STRATEGIC_FOUNDATION,N/A
2025-09-17 21:55:08,1,Polska,TURN_START,STRATEGIC_INITIALIZATION,CRITICAL,"nation=Polska, total_units=0, available_units=0",PHASE3_EXECUTION,N/A,HIGH,SINGLE_TURN,HIGH,N/A,Rozpoczęcie tury 1 dla Polska z 0 jednostkami,N/A,N/A,CRITICAL,STRATEGIC_POSITIONING,N/A
2025-09-17 21:55:08,UNKNOWN,UNKNOWN,SCOUT_IDENTIFICATION,UNIT_ANALYSIS,MEDIUM,"total_units=0, scouts_found=0",EFFICIENT_RECONNAISSANCE,N/A,HIGH,IMMEDIATE,LOW,N/A,Identyfikacja 0 jednostek zwiadu z 0 dostępnych,N/A,N/A,N/A,INDIRECT_POSITIVE,N/A
2025-09-17 21:55:08,UNKNOWN,UNKNOWN,ENEMY_DETECTION,INTELLIGENCE_GATHERING,CRITICAL,"vision_positions=0, tokens_checked=40, enemies_detected=0",THREAT_IDENTIFICATION,N/A,HIGH,IMMEDIATE,LOW,N/A,Wykryto 0 wrogich jednostek z 0 pozycji obserwacji,N/A,N/A,HIGH,DIRECT_POSITIVE,N/A
2025-09-17 21:55:08,1,3,PHASE1_SUMMARY,STRATEGIC_PLANNING,CRITICAL,"units=0, scouts_id=0, scouts_deployed=0, enemies=0",INTELLIGENCE_GATHERED,0_OPPORTUNITIES_IDENTIFIED,HIGH,MULTI_TURN,MEDIUM,N/A,"Faza 1 zakończona: 0 scoutów, 0 wrogów, 0 okazji",N/A,N/A,HIGH,STRATEGIC_FOUNDATION,N/A
2025-09-17 21:55:08,UNKNOWN,UNKNOWN,SCOUT_IDENTIFICATION,UNIT_ANALYSIS,MEDIUM,"total_units=0, scouts_found=0",EFFICIENT_RECONNAISSANCE,N/A,HIGH,IMMEDIATE,LOW,N/A,Identyfikacja 0 jednostek zwiadu z 0 dostępnych,N/A,N/A,N/A,INDIRECT_POSITIVE,N/A
2025-09-17 21:55:08,UNKNOWN,UNKNOWN,ENEMY_DETECTION,INTELLIGENCE_GATHERING,CRITICAL,"vision_positions=0, tokens_checked=40, enemies_detected=0",THREAT_IDENTIFICATION,N/A,HIGH,IMMEDIATE,LOW,N/A,Wykryto 0 wrogich jednostek z 0 pozycji obserwacji,N/A,N/A,HIGH,DIRECT_POSITIVE,N/A
2025-09-17 21:55:08,1,3,PHASE1_SUMMARY,STRATEGIC_PLANNING,CRITICAL,"units=0, scouts_id=0, scouts_deployed=0, enemies=0",INTELLIGENCE_GATHERED,0_OPPORTUNITIES_IDENTIFIED,HIGH,MULTI_TURN,MEDIUM,N/A,"Faza 1 zakończona: 0 scoutów, 0 wrogów, 0 okazji",N/A,N/A,HIGH,STRATEGIC_FOUNDATION,N/A
2025-09-17 21:55:08,1,Polska,TURN_START,STRATEGIC_INITIALIZATION,CRITICAL,"nation=Polska, total_units=0, available_units=0",PHASE3_EXECUTION,N/A,HIGH,SINGLE_TURN,HIGH,N/A,Rozpoczęcie tury 1 dla Polska z 0 jednostkami,N/A,N/A,CRITICAL,STRATEGIC_POSITIONING,N/A
2025-09-17 21:55:09,N/A,Polska,STRATEGIC_DECISION,OPERATIONS,MEDIUM,"state=REASSIGNMENT, groups=5, reassignments=0",N/A,N/A,MEDIUM,N/A,N/A,N/A,"Strategy: REASSIGNMENT, aggression 0.50",N/A,N/A,N/A,N/A,N/A
2025-09-17 21:55:09,N/A,Polska,STRATEGIC_DECISION,OPERATIONS,MEDIUM,"state=REASSIGNMENT, groups=5, reassignments=0",N/A,N/A,MEDIUM,N/A,N/A,N/A,"Strategy: REASSIGNMENT, aggression 0.50",N/A,N/A,N/A,N/A,N/A
2025-09-17 21:55:09,N/A,Polska,STRATEGIC_DECISION,OPERATIONS,MEDIUM,"state=REASSIGNMENT, groups=1, reassignments=0",N/A,N/A,MEDIUM,N/A,N/A,N/A,"Strategy: REASSIGNMENT, aggression 0.50",N/A,N/A,N/A,N/A,N/A
2025-09-17 21:55:10,N/A,Polska,STRATEGIC_DECISION,OPERATIONS,MEDIUM,"state=REASSIGNMENT, groups=1, reassignments=0",N/A,N/A,MEDIUM,N/A,N/A,N/A,"Strategy: REASSIGNMENT, aggression 0.50",N/A,N/A,N/A,N/A,N/A
2025-09-17 21:55:10,N/A,Polska,STRATEGIC_DECISION,OPERATIONS,MEDIUM,"state=REASSIGNMENT, groups=1, reassignments=0",N/A,N/A,MEDIUM,N/A,N/A,N/A,"Strategy: REASSIGNMENT, aggression 0.50",N/A,N/A,N/A,N/A,N/A
2025-09-17 21:55:10,N/A,Polska,STRATEGIC_DECISION,OPERATIONS,MEDIUM,"state=REASSIGNMENT, groups=1, reassignments=1",N/A,N/A,MEDIUM,N/A,N/A,N/A,"Strategy: REASSIGNMENT, aggression 0.50",N/A,N/A,N/A,N/A,N/A
2025-09-17 21:55:10,N/A,Polska,STRATEGIC_DECISION,OPERATIONS,MEDIUM,"state=REASSIGNMENT, groups=1, reassignments=0",N/A,N/A,MEDIUM,N/A,N/A,N/A,"Strategy: REASSIGNMENT, aggression 0.50",N/A,N/A,N/A,N/A,N/A
2025-09-17 21:55:10,1,Niemcy,TURN_START_VICTORY_AI,STRATEGIC_INITIALIZATION,CRITICAL,"nation=Niemcy, tokens=0, captured_kps=0",VICTORY_AI_ACTIVATION,N/A,HIGH,SINGLE_TURN,HIGH,N/A,Inicjalizacja Victory AI dla gracza 5 (Niemcy) w turze 1,N/A,N/A,CRITICAL,STRATEGIC_POSITIVE,N/A
2025-09-17 21:55:10,UNKNOWN,UNKNOWN,SCOUT_IDENTIFICATION,UNIT_ANALYSIS,MEDIUM,"total_units=0, scouts_found=0",EFFICIENT_RECONNAISSANCE,N/A,HIGH,IMMEDIATE,LOW,N/A,Identyfikacja 0 jednostek zwiadu z 0 dostępnych,N/A,N/A,N/A,INDIRECT_POSITIVE,N/A
2025-09-17 21:55:10,UNKNOWN,UNKNOWN,ENEMY_DETECTION,INTELLIGENCE_GATHERING,CRITICAL,"vision_positions=0, tokens_checked=39, enemies_detected=0",THREAT_IDENTIFICATION,N/A,HIGH,IMMEDIATE,LOW,N/A,Wykryto 0 wrogich jednostek z 0 pozycji obserwacji,N/A,N/A,HIGH,DIRECT_POSITIVE,N/A
2025-09-17 21:55:10,1,5,PHASE1_SUMMARY,STRATEGIC_PLANNING,CRITICAL,"units=0, scouts_id=0, scouts_deployed=0, enemies=0",INTELLIGENCE_GATHERED,0_OPPORTUNITIES_IDENTIFIED,HIGH,MULTI_TURN,MEDIUM,N/A,"Faza 1 zakończona: 0 scoutów, 0 wrogów, 0 okazji",N/A,N/A,HIGH,STRATEGIC_FOUNDATION,N/A
2025-09-17 21:55:10,UNKNOWN,UNKNOWN,SCOUT_IDENTIFICATION,UNIT_ANALYSIS,MEDIUM,"total_units=0, scouts_found=0",EFFICIENT_RECONNAISSANCE,N/A,HIGH,IMMEDIATE,LOW,N/A,Identyfikacja 0 jednostek zwiadu z 0 dostępnych,N/A,N/A,N/A,INDIRECT_POSITIVE,N/A
2025-09-17 21:55:10,UNKNOWN,UNKNOWN,ENEMY_DETECTION,INTELLIGENCE_GATHERING,CRITICAL,"vision_positions=0, tokens_checked=39, enemies_detected=0",THREAT_IDENTIFICATION,N/A,HIGH,IMMEDIATE,LOW,N/A,Wykryto 0 wrogich jednostek z 0 pozycji obserwacji,N/A,N/A,HIGH,DIRECT_POSITIVE,N/A
2025-09-17 21:55:10,1,5,PHASE1_SUMMARY,STRATEGIC_PLANNING,CRITICAL,"units=0, scouts_id=0, scouts_deployed=0, enemies=0",INTELLIGENCE_GATHERED,0_OPPORTUNITIES_IDENTIFIED,HIGH,MULTI_TURN,MEDIUM,N/A,"Faza 1 zakończona: 0 scoutów, 0 wrogów, 0 okazji",N/A,N/A,HIGH,STRATEGIC_FOUNDATION,N/A
2025-09-17 21:55:10,1,Niemcy,TURN_START,STRATEGIC_INITIALIZATION,CRITICAL,"nation=Niemcy, total_units=0, available_units=0",PHASE3_EXECUTION,N/A,HIGH,SINGLE_TURN,HIGH,N/A,Rozpoczęcie tury 1 dla Niemcy z 0 jednostkami,N/A,N/A,CRITICAL,STRATEGIC_POSITIONING,N/A
2025-09-17 21:55:10,UNKNOWN,UNKNOWN,SCOUT_IDENTIFICATION,UNIT_ANALYSIS,MEDIUM,"total_units=0, scouts_found=0",EFFICIENT_RECONNAISSANCE,N/A,HIGH,IMMEDIATE,LOW,N/A,Identyfikacja 0 jednostek zwiadu z 0 dostępnych,N/A,N/A,N/A,INDIRECT_POSITIVE,N/A
2025-09-17 21:55:10,UNKNOWN,UNKNOWN,ENEMY_DETECTION,INTELLIGENCE_GATHERING,CRITICAL,"vision_positions=0, tokens_checked=39, enemies_detected=0",THREAT_IDENTIFICATION,N/A,HIGH,IMMEDIATE,LOW,N/A,Wykryto 0 wrogich jednostek z 0 pozycji obserwacji,N/A,N/A,HIGH,DIRECT_POSITIVE,N/A
2025-09-17 21:55:10,1,5,PHASE1_SUMMARY,STRATEGIC_PLANNING,CRITICAL,"units=0, scouts_id=0, scouts_deployed=0, enemies=0",INTELLIGENCE_GATHERED,0_OPPORTUNITIES_IDENTIFIED,HIGH,MULTI_TURN,MEDIUM,N/A,"Faza 1 zakończona: 0 scoutów, 0 wrogów, 0 okazji",N/A,N/A,HIGH,STRATEGIC_FOUNDATION,N/A
2025-09-17 21:55:10,UNKNOWN,UNKNOWN,SCOUT_IDENTIFICATION,UNIT_ANALYSIS,MEDIUM,"total_units=0, scouts_found=0",EFFICIENT_RECONNAISSANCE,N/A,HIGH,IMMEDIATE,LOW,N/A,Identyfikacja 0 jednostek zwiadu z 0 dostępnych,N/A,N/A,N/A,INDIRECT_POSITIVE,N/A
2025-09-17 21:55:10,UNKNOWN,UNKNOWN,ENEMY_DETECTION,INTELLIGENCE_GATHERING,CRITICAL,"vision_positions=0, tokens_checked=39, enemies_detected=0",THREAT_IDENTIFICATION,N/A,HIGH,IMMEDIATE,LOW,N/A,Wykryto 0 wrogich jednostek z 0 pozycji obserwacji,N/A,N/A,HIGH,DIRECT_POSITIVE,N/A
2025-09-17 21:55:10,1,5,PHASE1_SUMMARY,STRATEGIC_PLANNING,CRITICAL,"units=0, scouts_id=0, scouts_deployed=0, enemies=0",INTELLIGENCE_GATHERED,0_OPPORTUNITIES_IDENTIFIED,HIGH,MULTI_TURN,MEDIUM,N/A,"Faza 1 zakończona: 0 scoutów, 0 wrogów, 0 okazji",N/A,N/A,HIGH,STRATEGIC_FOUNDATION,N/A
2025-09-17 21:55:10,1,Niemcy,TURN_START,STRATEGIC_INITIALIZATION,CRITICAL,"nation=Niemcy, total_units=0, available_units=0",PHASE3_EXECUTION,N/A,HIGH,SINGLE_TURN,HIGH,N/A,Rozpoczęcie tury 1 dla Niemcy z 0 jednostkami,N/A,N/A,CRITICAL,STRATEGIC_POSITIONING,N/A
2025-09-17 21:55:12,N/A,Niemcy,STRATEGIC_DECISION,OPERATIONS,MEDIUM,"state=REASSIGNMENT, groups=4, reassignments=0",N/A,N/A,MEDIUM,N/A,N/A,N/A,"Strategy: REASSIGNMENT, aggression 0.50",N/A,N/A,N/A,N/A,N/A
2025-09-17 21:55:12,N/A,Niemcy,STRATEGIC_DECISION,OPERATIONS,MEDIUM,"state=REASSIGNMENT, groups=4, reassignments=0",N/A,N/A,MEDIUM,N/A,N/A,N/A,"Strategy: REASSIGNMENT, aggression 0.50",N/A,N/A,N/A,N/A,N/A
2025-09-17 21:55:12,N/A,Niemcy,STRATEGIC_DECISION,OPERATIONS,MEDIUM,"state=REASSIGNMENT, groups=1, reassignments=0",N/A,N/A,MEDIUM,N/A,N/A,N/A,"Strategy: REASSIGNMENT, aggression 0.50",N/A,N/A,N/A,N/A,N/A
2025-09-17 21:55:12,N/A,Niemcy,STRATEGIC_DECISION,OPERATIONS,MEDIUM,"state=REASSIGNMENT, groups=1, reassignments=0",N/A,N/A,MEDIUM,N/A,N/A,N/A,"Strategy: REASSIGNMENT, aggression 0.50",N/A,N/A,N/A,N/A,N/A
2025-09-17 21:55:12,N/A,Niemcy,STRATEGIC_DECISION,OPERATIONS,MEDIUM,"state=REASSIGNMENT, groups=1, reassignments=0",N/A,N/A,MEDIUM,N/A,N/A,N/A,"Strategy: REASSIGNMENT, aggression 0.50",N/A,N/A,N/A,N/A,N/A
2025-09-17 21:55:12,N/A,Niemcy,STRATEGIC_DECISION,OPERATIONS,MEDIUM,"state=REASSIGNMENT, groups=1, reassignments=1",N/A,N/A,MEDIUM,N/A,N/A,N/A,"Strategy: REASSIGNMENT, aggression 0.50",N/A,N/A,N/A,N/A,N/A
2025-09-17 21:55:12,1,Niemcy,TURN_START_VICTORY_AI,STRATEGIC_INITIALIZATION,CRITICAL,"nation=Niemcy, tokens=0, captured_kps=0",VICTORY_AI_ACTIVATION,N/A,HIGH,SINGLE_TURN,HIGH,N/A,Inicjalizacja Victory AI dla gracza 6 (Niemcy) w turze 1,N/A,N/A,CRITICAL,STRATEGIC_POSITIVE,N/A
2025-09-17 21:55:12,UNKNOWN,UNKNOWN,SCOUT_IDENTIFICATION,UNIT_ANALYSIS,MEDIUM,"total_units=0, scouts_found=0",EFFICIENT_RECONNAISSANCE,N/A,HIGH,IMMEDIATE,LOW,N/A,Identyfikacja 0 jednostek zwiadu z 0 dostępnych,N/A,N/A,N/A,INDIRECT_POSITIVE,N/A
2025-09-17 21:55:12,UNKNOWN,UNKNOWN,ENEMY_DETECTION,INTELLIGENCE_GATHERING,CRITICAL,"vision_positions=0, tokens_checked=39, enemies_detected=0",THREAT_IDENTIFICATION,N/A,HIGH,IMMEDIATE,LOW,N/A,Wykryto 0 wrogich jednostek z 0 pozycji obserwacji,N/A,N/A,HIGH,DIRECT_POSITIVE,N/A
2025-09-17 21:55:12,1,6,PHASE1_SUMMARY,STRATEGIC_PLANNING,CRITICAL,"units=0, scouts_id=0, scouts_deployed=0, enemies=0",INTELLIGENCE_GATHERED,0_OPPORTUNITIES_IDENTIFIED,HIGH,MULTI_TURN,MEDIUM,N/A,"Faza 1 zakończona: 0 scoutów, 0 wrogów, 0 okazji",N/A,N/A,HIGH,STRATEGIC_FOUNDATION,N/A
2025-09-17 21:55:12,UNKNOWN,UNKNOWN,SCOUT_IDENTIFICATION,UNIT_ANALYSIS,MEDIUM,"total_units=0, scouts_found=0",EFFICIENT_RECONNAISSANCE,N/A,HIGH,IMMEDIATE,LOW,N/A,Identyfikacja 0 jednostek zwiadu z 0 dostępnych,N/A,N/A,N/A,INDIRECT_POSITIVE,N/A
2025-09-17 21:55:12,UNKNOWN,UNKNOWN,ENEMY_DETECTION,INTELLIGENCE_GATHERING,CRITICAL,"vision_positions=0, tokens_checked=39, enemies_detected=0",THREAT_IDENTIFICATION,N/A,HIGH,IMMEDIATE,LOW,N/A,Wykryto 0 wrogich jednostek z 0 pozycji obserwacji,N/A,N/A,HIGH,DIRECT_POSITIVE,N/A
2025-09-17 21:55:12,1,6,PHASE1_SUMMARY,STRATEGIC_PLANNING,CRITICAL,"units=0, scouts_id=0, scouts_deployed=0, enemies=0",INTELLIGENCE_GATHERED,0_OPPORTUNITIES_IDENTIFIED,HIGH,MULTI_TURN,MEDIUM,N/A,"Faza 1 zakończona: 0 scoutów, 0 wrogów, 0 okazji",N/A,N/A,HIGH,STRATEGIC_FOUNDATION,N/A
2025-09-17 21:55:12,1,Niemcy,TURN_START,STRATEGIC_INITIALIZATION,CRITICAL,"nation=Niemcy, total_units=0, available_units=0",PHASE3_EXECUTION,N/A,HIGH,SINGLE_TURN,HIGH,N/A,Rozpoczęcie tury 1 dla Niemcy z 0 jednostkami,N/A,N/A,CRITICAL,STRATEGIC_POSITIONING,N/A
2025-09-17 21:55:12,UNKNOWN,UNKNOWN,SCOUT_IDENTIFICATION,UNIT_ANALYSIS,MEDIUM,"total_units=0, scouts_found=0",EFFICIENT_RECONNAISSANCE,N/A,HIGH,IMMEDIATE,LOW,N/A,Identyfikacja 0 jednostek zwiadu z 0 dostępnych,N/A,N/A,N/A,INDIRECT_POSITIVE,N/A
2025-09-17 21:55:12,UNKNOWN,UNKNOWN,ENEMY_DETECTION,INTELLIGENCE_GATHERING,CRITICAL,"vision_positions=0, tokens_checked=39, enemies_detected=0",THREAT_IDENTIFICATION,N/A,HIGH,IMMEDIATE,LOW,N/A,Wykryto 0 wrogich jednostek z 0 pozycji obserwacji,N/A,N/A,HIGH,DIRECT_POSITIVE,N/A
2025-09-17 21:55:12,1,6,PHASE1_SUMMARY,STRATEGIC_PLANNING,CRITICAL,"units=0, scouts_id=0, scouts_deployed=0, enemies=0",INTELLIGENCE_GATHERED,0_OPPORTUNITIES_IDENTIFIED,HIGH,MULTI_TURN,MEDIUM,N/A,"Faza 1 zakończona: 0 scoutów, 0 wrogów, 0 okazji",N/A,N/A,HIGH,STRATEGIC_FOUNDATION,N/A
2025-09-17 21:55:12,UNKNOWN,UNKNOWN,SCOUT_IDENTIFICATION,UNIT_ANALYSIS,MEDIUM,"total_units=0, scouts_found=0",EFFICIENT_RECONNAISSANCE,N/A,HIGH,IMMEDIATE,LOW,N/A,Identyfikacja 0 jednostek zwiadu z 0 dostępnych,N/A,N/A,N/A,INDIRECT_POSITIVE,N/A
2025-09-17 21:55:12,UNKNOWN,UNKNOWN,ENEMY_DETECTION,INTELLIGENCE_GATHERING,CRITICAL,"vision_positions=0, tokens_checked=39, enemies_detected=0",THREAT_IDENTIFICATION,N/A,HIGH,IMMEDIATE,LOW,N/A,Wykryto 0 wrogich jednostek z 0 pozycji obserwacji,N/A,N/A,HIGH,DIRECT_POSITIVE,N/A
2025-09-17 21:55:12,1,6,PHASE1_SUMMARY,STRATEGIC_PLANNING,CRITICAL,"units=0, scouts_id=0, scouts_deployed=0, enemies=0",INTELLIGENCE_GATHERED,0_OPPORTUNITIES_IDENTIFIED,HIGH,MULTI_TURN,MEDIUM,N/A,"Faza 1 zakończona: 0 scoutów, 0 wrogów, 0 okazji",N/A,N/A,HIGH,STRATEGIC_FOUNDATION,N/A
2025-09-17 21:55:12,1,Niemcy,TURN_START,STRATEGIC_INITIALIZATION,CRITICAL,"nation=Niemcy, total_units=0, available_units=0",PHASE3_EXECUTION,N/A,HIGH,SINGLE_TURN,HIGH,N/A,Rozpoczęcie tury 1 dla Niemcy z 0 jednostkami,N/A,N/A,CRITICAL,STRATEGIC_POSITIONING,N/A
2025-09-17 21:55:13,N/A,Niemcy,STRATEGIC_DECISION,OPERATIONS,MEDIUM,"state=REASSIGNMENT, groups=5, reassignments=0",N/A,N/A,MEDIUM,N/A,N/A,N/A,"Strategy: REASSIGNMENT, aggression 0.50",N/A,N/A,N/A,N/A,N/A
2025-09-17 21:55:13,N/A,Niemcy,STRATEGIC_DECISION,OPERATIONS,MEDIUM,"state=REASSIGNMENT, groups=5, reassignments=0",N/A,N/A,MEDIUM,N/A,N/A,N/A,"Strategy: REASSIGNMENT, aggression 0.50",N/A,N/A,N/A,N/A,N/A
2025-09-17 21:55:13,N/A,Niemcy,STRATEGIC_DECISION,OPERATIONS,MEDIUM,"state=REASSIGNMENT, groups=1, reassignments=0",N/A,N/A,MEDIUM,N/A,N/A,N/A,"Strategy: REASSIGNMENT, aggression 0.50",N/A,N/A,N/A,N/A,N/A
2025-09-17 21:55:13,N/A,Niemcy,STRATEGIC_DECISION,OPERATIONS,MEDIUM,"state=REASSIGNMENT, groups=1, reassignments=0",N/A,N/A,MEDIUM,N/A,N/A,N/A,"Strategy: REASSIGNMENT, aggression 0.50",N/A,N/A,N/A,N/A,N/A
2025-09-17 21:55:13,N/A,Niemcy,STRATEGIC_DECISION,OPERATIONS,MEDIUM,"state=REASSIGNMENT, groups=1, reassignments=0",N/A,N/A,MEDIUM,N/A,N/A,N/A,"Strategy: REASSIGNMENT, aggression 0.50",N/A,N/A,N/A,N/A,N/A
2025-09-17 21:55:13,N/A,Niemcy,STRATEGIC_DECISION,OPERATIONS,MEDIUM,"state=REASSIGNMENT, groups=1, reassignments=0",N/A,N/A,MEDIUM,N/A,N/A,N/A,"Strategy: REASSIGNMENT, aggression 0.50",N/A,N/A,N/A,N/A,N/A
2025-09-17 21:55:13,N/A,Niemcy,STRATEGIC_DECISION,OPERATIONS,MEDIUM,"state=REASSIGNMENT, groups=1, reassignments=1",N/A,N/A,MEDIUM,N/A,N/A,N/A,"Strategy: REASSIGNMENT, aggression 0.50",N/A,N/A,N/A,N/A,N/A
2025-09-17 21:55:13,1,Polska,TURN_START_VICTORY_AI,STRATEGIC_INITIALIZATION,CRITICAL,"nation=Polska, tokens=0, captured_kps=0",VICTORY_AI_ACTIVATION,N/A,HIGH,SINGLE_TURN,HIGH,N/A,Inicjalizacja Victory AI dla gracza 2 (Polska) w turze 1,N/A,N/A,CRITICAL,STRATEGIC_POSITIVE,N/A
2025-09-17 21:55:14,UNKNOWN,UNKNOWN,SCOUT_IDENTIFICATION,UNIT_ANALYSIS,MEDIUM,"total_units=0, scouts_found=0",EFFICIENT_RECONNAISSANCE,N/A,HIGH,IMMEDIATE,LOW,N/A,Identyfikacja 0 jednostek zwiadu z 0 dostępnych,N/A,N/A,N/A,INDIRECT_POSITIVE,N/A
2025-09-17 21:55:14,UNKNOWN,UNKNOWN,ENEMY_DETECTION,INTELLIGENCE_GATHERING,CRITICAL,"vision_positions=0, tokens_checked=38, enemies_detected=0",THREAT_IDENTIFICATION,N/A,HIGH,IMMEDIATE,LOW,N/A,Wykryto 0 wrogich jednostek z 0 pozycji obserwacji,N/A,N/A,HIGH,DIRECT_POSITIVE,N/A
2025-09-17 21:55:14,1,2,PHASE1_SUMMARY,STRATEGIC_PLANNING,CRITICAL,"units=0, scouts_id=0, scouts_deployed=0, enemies=0",INTELLIGENCE_GATHERED,0_OPPORTUNITIES_IDENTIFIED,HIGH,MULTI_TURN,MEDIUM,N/A,"Faza 1 zakończona: 0 scoutów, 0 wrogów, 0 okazji",N/A,N/A,HIGH,STRATEGIC_FOUNDATION,N/A
2025-09-17 21:55:14,UNKNOWN,UNKNOWN,SCOUT_IDENTIFICATION,UNIT_ANALYSIS,MEDIUM,"total_units=0, scouts_found=0",EFFICIENT_RECONNAISSANCE,N/A,HIGH,IMMEDIATE,LOW,N/A,Identyfikacja 0 jednostek zwiadu z 0 dostępnych,N/A,N/A,N/A,INDIRECT_POSITIVE,N/A
2025-09-17 21:55:14,UNKNOWN,UNKNOWN,ENEMY_DETECTION,INTELLIGENCE_GATHERING,CRITICAL,"vision_positions=0, tokens_checked=38, enemies_detected=0",THREAT_IDENTIFICATION,N/A,HIGH,IMMEDIATE,LOW,N/A,Wykryto 0 wrogich jednostek z 0 pozycji obserwacji,N/A,N/A,HIGH,DIRECT_POSITIVE,N/A
2025-09-17 21:55:14,1,2,PHASE1_SUMMARY,STRATEGIC_PLANNING,CRITICAL,"units=0, scouts_id=0, scouts_deployed=0, enemies=0",INTELLIGENCE_GATHERED,0_OPPORTUNITIES_IDENTIFIED,HIGH,MULTI_TURN,MEDIUM,N/A,"Faza 1 zakończona: 0 scoutów, 0 wrogów, 0 okazji",N/A,N/A,HIGH,STRATEGIC_FOUNDATION,N/A
2025-09-17 21:55:14,1,Polska,TURN_START,STRATEGIC_INITIALIZATION,CRITICAL,"nation=Polska, total_units=0, available_units=0",PHASE3_EXECUTION,N/A,HIGH,SINGLE_TURN,HIGH,N/A,Rozpoczęcie tury 1 dla Polska z 0 jednostkami,N/A,N/A,CRITICAL,STRATEGIC_POSITIONING,N/A
2025-09-17 21:55:14,UNKNOWN,UNKNOWN,SCOUT_IDENTIFICATION,UNIT_ANALYSIS,MEDIUM,"total_units=0, scouts_found=0",EFFICIENT_RECONNAISSANCE,N/A,HIGH,IMMEDIATE,LOW,N/A,Identyfikacja 0 jednostek zwiadu z 0 dostępnych,N/A,N/A,N/A,INDIRECT_POSITIVE,N/A
2025-09-17 21:55:14,UNKNOWN,UNKNOWN,ENEMY_DETECTION,INTELLIGENCE_GATHERING,CRITICAL,"vision_positions=0, tokens_checked=38, enemies_detected=0",THREAT_IDENTIFICATION,N/A,HIGH,IMMEDIATE,LOW,N/A,Wykryto 0 wrogich jednostek z 0 pozycji obserwacji,N/A,N/A,HIGH,DIRECT_POSITIVE,N/A
2025-09-17 21:55:14,1,2,PHASE1_SUMMARY,STRATEGIC_PLANNING,CRITICAL,"units=0, scouts_id=0, scouts_deployed=0, enemies=0",INTELLIGENCE_GATHERED,0_OPPORTUNITIES_IDENTIFIED,HIGH,MULTI_TURN,MEDIUM,N/A,"Faza 1 zakończona: 0 scoutów, 0 wrogów, 0 okazji",N/A,N/A,HIGH,STRATEGIC_FOUNDATION,N/A
2025-09-17 21:55:14,UNKNOWN,UNKNOWN,SCOUT_IDENTIFICATION,UNIT_ANALYSIS,MEDIUM,"total_units=0, scouts_found=0",EFFICIENT_RECONNAISSANCE,N/A,HIGH,IMMEDIATE,LOW,N/A,Identyfikacja 0 jednostek zwiadu z 0 dostępnych,N/A,N/A,N/A,INDIRECT_POSITIVE,N/A
2025-09-17 21:55:14,UNKNOWN,UNKNOWN,ENEMY_DETECTION,INTELLIGENCE_GATHERING,CRITICAL,"vision_positions=0, tokens_checked=38, enemies_detected=0",THREAT_IDENTIFICATION,N/A,HIGH,IMMEDIATE,LOW,N/A,Wykryto 0 wrogich jednostek z 0 pozycji obserwacji,N/A,N/A,HIGH,DIRECT_POSITIVE,N/A
2025-09-17 21:55:14,1,2,PHASE1_SUMMARY,STRATEGIC_PLANNING,CRITICAL,"units=0, scouts_id=0, scouts_deployed=0, enemies=0",INTELLIGENCE_GATHERED,0_OPPORTUNITIES_IDENTIFIED,HIGH,MULTI_TURN,MEDIUM,N/A,"Faza 1 zakończona: 0 scoutów, 0 wrogów, 0 okazji",N/A,N/A,HIGH,STRATEGIC_FOUNDATION,N/A
2025-09-17 21:55:14,1,Polska,TURN_START,STRATEGIC_INITIALIZATION,CRITICAL,"nation=Polska, total_units=0, available_units=0",PHASE3_EXECUTION,N/A,HIGH,SINGLE_TURN,HIGH,N/A,Rozpoczęcie tury 1 dla Polska z 0 jednostkami,N/A,N/A,CRITICAL,STRATEGIC_POSITIONING,N/A
2025-09-17 21:55:14,N/A,Polska,STRATEGIC_DECISION,OPERATIONS,MEDIUM,"state=REASSIGNMENT, groups=5, reassignments=0",N/A,N/A,MEDIUM,N/A,N/A,N/A,"Strategy: REASSIGNMENT, aggression 0.50",N/A,N/A,N/A,N/A,N/A
2025-09-17 21:55:14,N/A,Polska,STRATEGIC_DECISION,OPERATIONS,MEDIUM,"state=REASSIGNMENT, groups=5, reassignments=0",N/A,N/A,MEDIUM,N/A,N/A,N/A,"Strategy: REASSIGNMENT, aggression 0.50",N/A,N/A,N/A,N/A,N/A
2025-09-17 21:55:14,N/A,Polska,STRATEGIC_DECISION,OPERATIONS,MEDIUM,"state=REASSIGNMENT, groups=1, reassignments=0",N/A,N/A,MEDIUM,N/A,N/A,N/A,"Strategy: REASSIGNMENT, aggression 0.50",N/A,N/A,N/A,N/A,N/A
2025-09-17 21:55:14,N/A,Polska,STRATEGIC_DECISION,OPERATIONS,MEDIUM,"state=REASSIGNMENT, groups=1, reassignments=0",N/A,N/A,MEDIUM,N/A,N/A,N/A,"Strategy: REASSIGNMENT, aggression 0.50",N/A,N/A,N/A,N/A,N/A
2025-09-17 21:55:14,N/A,Polska,STRATEGIC_DECISION,OPERATIONS,MEDIUM,"state=REASSIGNMENT, groups=1, reassignments=0",N/A,N/A,MEDIUM,N/A,N/A,N/A,"Strategy: REASSIGNMENT, aggression 0.50",N/A,N/A,N/A,N/A,N/A
2025-09-17 21:55:14,1,Polska,TURN_START_VICTORY_AI,STRATEGIC_INITIALIZATION,CRITICAL,"nation=Polska, tokens=0, captured_kps=0",VICTORY_AI_ACTIVATION,N/A,HIGH,SINGLE_TURN,HIGH,N/A,Inicjalizacja Victory AI dla gracza 3 (Polska) w turze 1,N/A,N/A,CRITICAL,STRATEGIC_POSITIVE,N/A
2025-09-17 21:55:14,UNKNOWN,UNKNOWN,SCOUT_IDENTIFICATION,UNIT_ANALYSIS,MEDIUM,"total_units=0, scouts_found=0",EFFICIENT_RECONNAISSANCE,N/A,HIGH,IMMEDIATE,LOW,N/A,Identyfikacja 0 jednostek zwiadu z 0 dostępnych,N/A,N/A,N/A,INDIRECT_POSITIVE,N/A
2025-09-17 21:55:14,UNKNOWN,UNKNOWN,ENEMY_DETECTION,INTELLIGENCE_GATHERING,CRITICAL,"vision_positions=0, tokens_checked=38, enemies_detected=0",THREAT_IDENTIFICATION,N/A,HIGH,IMMEDIATE,LOW,N/A,Wykryto 0 wrogich jednostek z 0 pozycji obserwacji,N/A,N/A,HIGH,DIRECT_POSITIVE,N/A
2025-09-17 21:55:14,1,3,PHASE1_SUMMARY,STRATEGIC_PLANNING,CRITICAL,"units=0, scouts_id=0, scouts_deployed=0, enemies=0",INTELLIGENCE_GATHERED,0_OPPORTUNITIES_IDENTIFIED,HIGH,MULTI_TURN,MEDIUM,N/A,"Faza 1 zakończona: 0 scoutów, 0 wrogów, 0 okazji",N/A,N/A,HIGH,STRATEGIC_FOUNDATION,N/A
2025-09-17 21:55:14,UNKNOWN,UNKNOWN,SCOUT_IDENTIFICATION,UNIT_ANALYSIS,MEDIUM,"total_units=0, scouts_found=0",EFFICIENT_RECONNAISSANCE,N/A,HIGH,IMMEDIATE,LOW,N/A,Identyfikacja 0 jednostek zwiadu z 0 dostępnych,N/A,N/A,N/A,INDIRECT_POSITIVE,N/A
2025-09-17 21:55:14,UNKNOWN,UNKNOWN,ENEMY_DETECTION,INTELLIGENCE_GATHERING,CRITICAL,"vision_positions=0, tokens_checked=38, enemies_detected=0",THREAT_IDENTIFICATION,N/A,HIGH,IMMEDIATE,LOW,N/A,Wykryto 0 wrogich jednostek z 0 pozycji obserwacji,N/A,N/A,HIGH,DIRECT_POSITIVE,N/A
2025-09-17 21:55:14,1,3,PHASE1_SUMMARY,STRATEGIC_PLANNING,CRITICAL,"units=0, scouts_id=0, scouts_deployed=0, enemies=0",INTELLIGENCE_GATHERED,0_OPPORTUNITIES_IDENTIFIED,HIGH,MULTI_TURN,MEDIUM,N/A,"Faza 1 zakończona: 0 scoutów, 0 wrogów, 0 okazji",N/A,N/A,HIGH,STRATEGIC_FOUNDATION,N/A
2025-09-17 21:55:14,1,Polska,TURN_START,STRATEGIC_INITIALIZATION,CRITICAL,"nation=Polska, total_units=0, available_units=0",PHASE3_EXECUTION,N/A,HIGH,SINGLE_TURN,HIGH,N/A,Rozpoczęcie tury 1 dla Polska z 0 jednostkami,N/A,N/A,CRITICAL,STRATEGIC_POSITIONING,N/A
2025-09-17 21:55:14,UNKNOWN,UNKNOWN,SCOUT_IDENTIFICATION,UNIT_ANALYSIS,MEDIUM,"total_units=0, scouts_found=0",EFFICIENT_RECONNAISSANCE,N/A,HIGH,IMMEDIATE,LOW,N/A,Identyfikacja 0 jednostek zwiadu z 0 dostępnych,N/A,N/A,N/A,INDIRECT_POSITIVE,N/A
2025-09-17 21:55:14,UNKNOWN,UNKNOWN,ENEMY_DETECTION,INTELLIGENCE_GATHERING,CRITICAL,"vision_positions=0, tokens_checked=38, enemies_detected=0",THREAT_IDENTIFICATION,N/A,HIGH,IMMEDIATE,LOW,N/A,Wykryto 0 wrogich jednostek z 0 pozycji obserwacji,N/A,N/A,HIGH,DIRECT_POSITIVE,N/A
2025-09-17 21:55:14,1,3,PHASE1_SUMMARY,STRATEGIC_PLANNING,CRITICAL,"units=0, scouts_id=0, scouts_deployed=0, enemies=0",INTELLIGENCE_GATHERED,0_OPPORTUNITIES_IDENTIFIED,HIGH,MULTI_TURN,MEDIUM,N/A,"Faza 1 zakończona: 0 scoutów, 0 wrogów, 0 okazji",N/A,N/A,HIGH,STRATEGIC_FOUNDATION,N/A
2025-09-17 21:55:14,UNKNOWN,UNKNOWN,SCOUT_IDENTIFICATION,UNIT_ANALYSIS,MEDIUM,"total_units=0, scouts_found=0",EFFICIENT_RECONNAISSANCE,N/A,HIGH,IMMEDIATE,LOW,N/A,Identyfikacja 0 jednostek zwiadu z 0 dostępnych,N/A,N/A,N/A,INDIRECT_POSITIVE,N/A
2025-09-17 21:55:14,UNKNOWN,UNKNOWN,ENEMY_DETECTION,INTELLIGENCE_GATHERING,CRITICAL,"vision_positions=0, tokens_checked=38, enemies_detected=0",THREAT_IDENTIFICATION,N/A,HIGH,IMMEDIATE,LOW,N/A,Wykryto 0 wrogich jednostek z 0 pozycji obserwacji,N/A,N/A,HIGH,DIRECT_POSITIVE,N/A
2025-09-17 21:55:14,1,3,PHASE1_SUMMARY,STRATEGIC_PLANNING,CRITICAL,"units=0, scouts_id=0, scouts_deployed=0, enemies=0",INTELLIGENCE_GATHERED,0_OPPORTUNITIES_IDENTIFIED,HIGH,MULTI_TURN,MEDIUM,N/A,"Faza 1 zakończona: 0 scoutów, 0 wrogów, 0 okazji",N/A,N/A,HIGH,STRATEGIC_FOUNDATION,N/A
2025-09-17 21:55:14,1,Polska,TURN_START,STRATEGIC_INITIALIZATION,CRITICAL,"nation=Polska, total_units=0, available_units=0",PHASE3_EXECUTION,N/A,HIGH,SINGLE_TURN,HIGH,N/A,Rozpoczęcie tury 1 dla Polska z 0 jednostkami,N/A,N/A,CRITICAL,STRATEGIC_POSITIONING,N/A
2025-09-17 21:55:16,N/A,Polska,STRATEGIC_DECISION,OPERATIONS,MEDIUM,"state=REASSIGNMENT, groups=5, reassignments=0",N/A,N/A,MEDIUM,N/A,N/A,N/A,"Strategy: REASSIGNMENT, aggression 0.50",N/A,N/A,N/A,N/A,N/A
2025-09-17 21:55:16,N/A,Polska,STRATEGIC_DECISION,OPERATIONS,MEDIUM,"state=REASSIGNMENT, groups=5, reassignments=0",N/A,N/A,MEDIUM,N/A,N/A,N/A,"Strategy: REASSIGNMENT, aggression 0.50",N/A,N/A,N/A,N/A,N/A
2025-09-17 21:55:16,N/A,Polska,STRATEGIC_DECISION,OPERATIONS,MEDIUM,"state=REASSIGNMENT, groups=1, reassignments=0",N/A,N/A,MEDIUM,N/A,N/A,N/A,"Strategy: REASSIGNMENT, aggression 0.50",N/A,N/A,N/A,N/A,N/A
2025-09-17 21:55:16,N/A,Polska,STRATEGIC_DECISION,OPERATIONS,MEDIUM,"state=REASSIGNMENT, groups=1, reassignments=0",N/A,N/A,MEDIUM,N/A,N/A,N/A,"Strategy: REASSIGNMENT, aggression 0.50",N/A,N/A,N/A,N/A,N/A
2025-09-17 21:55:16,N/A,Polska,STRATEGIC_DECISION,OPERATIONS,MEDIUM,"state=REASSIGNMENT, groups=1, reassignments=0",N/A,N/A,MEDIUM,N/A,N/A,N/A,"Strategy: REASSIGNMENT, aggression 0.50",N/A,N/A,N/A,N/A,N/A
2025-09-17 21:55:17,N/A,Polska,STRATEGIC_DECISION,OPERATIONS,MEDIUM,"state=REASSIGNMENT, groups=1, reassignments=0",N/A,N/A,MEDIUM,N/A,N/A,N/A,"Strategy: REASSIGNMENT, aggression 0.50",N/A,N/A,N/A,N/A,N/A
2025-09-17 21:55:17,N/A,Polska,STRATEGIC_DECISION,OPERATIONS,MEDIUM,"state=REASSIGNMENT, groups=1, reassignments=0",N/A,N/A,MEDIUM,N/A,N/A,N/A,"Strategy: REASSIGNMENT, aggression 0.50",N/A,N/A,N/A,N/A,N/A
2025-09-17 21:55:17,1,Niemcy,TURN_START_VICTORY_AI,STRATEGIC_INITIALIZATION,CRITICAL,"nation=Niemcy, tokens=0, captured_kps=0",VICTORY_AI_ACTIVATION,N/A,HIGH,SINGLE_TURN,HIGH,N/A,Inicjalizacja Victory AI dla gracza 5 (Niemcy) w turze 1,N/A,N/A,CRITICAL,STRATEGIC_POSITIVE,N/A
2025-09-17 21:55:17,UNKNOWN,UNKNOWN,SCOUT_IDENTIFICATION,UNIT_ANALYSIS,MEDIUM,"total_units=0, scouts_found=0",EFFICIENT_RECONNAISSANCE,N/A,HIGH,IMMEDIATE,LOW,N/A,Identyfikacja 0 jednostek zwiadu z 0 dostępnych,N/A,N/A,N/A,INDIRECT_POSITIVE,N/A
2025-09-17 21:55:17,UNKNOWN,UNKNOWN,ENEMY_DETECTION,INTELLIGENCE_GATHERING,CRITICAL,"vision_positions=0, tokens_checked=38, enemies_detected=0",THREAT_IDENTIFICATION,N/A,HIGH,IMMEDIATE,LOW,N/A,Wykryto 0 wrogich jednostek z 0 pozycji obserwacji,N/A,N/A,HIGH,DIRECT_POSITIVE,N/A
2025-09-17 21:55:17,1,5,PHASE1_SUMMARY,STRATEGIC_PLANNING,CRITICAL,"units=0, scouts_id=0, scouts_deployed=0, enemies=0",INTELLIGENCE_GATHERED,0_OPPORTUNITIES_IDENTIFIED,HIGH,MULTI_TURN,MEDIUM,N/A,"Faza 1 zakończona: 0 scoutów, 0 wrogów, 0 okazji",N/A,N/A,HIGH,STRATEGIC_FOUNDATION,N/A
2025-09-17 21:55:17,UNKNOWN,UNKNOWN,SCOUT_IDENTIFICATION,UNIT_ANALYSIS,MEDIUM,"total_units=0, scouts_found=0",EFFICIENT_RECONNAISSANCE,N/A,HIGH,IMMEDIATE,LOW,N/A,Identyfikacja 0 jednostek zwiadu z 0 dostępnych,N/A,N/A,N/A,INDIRECT_POSITIVE,N/A
2025-09-17 21:55:17,UNKNOWN,UNKNOWN,ENEMY_DETECTION,INTELLIGENCE_GATHERING,CRITICAL,"vision_positions=0, tokens_checked=38, enemies_detected=0",THREAT_IDENTIFICATION,N/A,HIGH,IMMEDIATE,LOW,N/A,Wykryto 0 wrogich jednostek z 0 pozycji obserwacji,N/A,N/A,HIGH,DIRECT_POSITIVE,N/A
2025-09-17 21:55:17,1,5,PHASE1_SUMMARY,STRATEGIC_PLANNING,CRITICAL,"units=0, scouts_id=0, scouts_deployed=0, enemies=0",INTELLIGENCE_GATHERED,0_OPPORTUNITIES_IDENTIFIED,HIGH,MULTI_TURN,MEDIUM,N/A,"Faza 1 zakończona: 0 scoutów, 0 wrogów, 0 okazji",N/A,N/A,HIGH,STRATEGIC_FOUNDATION,N/A
2025-09-17 21:55:17,1,Niemcy,TURN_START,STRATEGIC_INITIALIZATION,CRITICAL,"nation=Niemcy, total_units=0, available_units=0",PHASE3_EXECUTION,N/A,HIGH,SINGLE_TURN,HIGH,N/A,Rozpoczęcie tury 1 dla Niemcy z 0 jednostkami,N/A,N/A,CRITICAL,STRATEGIC_POSITIONING,N/A
2025-09-17 21:55:17,UNKNOWN,UNKNOWN,SCOUT_IDENTIFICATION,UNIT_ANALYSIS,MEDIUM,"total_units=0, scouts_found=0",EFFICIENT_RECONNAISSANCE,N/A,HIGH,IMMEDIATE,LOW,N/A,Identyfikacja 0 jednostek zwiadu z 0 dostępnych,N/A,N/A,N/A,INDIRECT_POSITIVE,N/A
2025-09-17 21:55:17,UNKNOWN,UNKNOWN,ENEMY_DETECTION,INTELLIGENCE_GATHERING,CRITICAL,"vision_positions=0, tokens_checked=38, enemies_detected=0",THREAT_IDENTIFICATION,N/A,HIGH,IMMEDIATE,LOW,N/A,Wykryto 0 wrogich jednostek z 0 pozycji obserwacji,N/A,N/A,HIGH,DIRECT_POSITIVE,N/A
2025-09-17 21:55:17,1,5,PHASE1_SUMMARY,STRATEGIC_PLANNING,CRITICAL,"units=0, scouts_id=0, scouts_deployed=0, enemies=0",INTELLIGENCE_GATHERED,0_OPPORTUNITIES_IDENTIFIED,HIGH,MULTI_TURN,MEDIUM,N/A,"Faza 1 zakończona: 0 scoutów, 0 wrogów, 0 okazji",N/A,N/A,HIGH,STRATEGIC_FOUNDATION,N/A
2025-09-17 21:55:17,UNKNOWN,UNKNOWN,SCOUT_IDENTIFICATION,UNIT_ANALYSIS,MEDIUM,"total_units=0, scouts_found=0",EFFICIENT_RECONNAISSANCE,N/A,HIGH,IMMEDIATE,LOW,N/A,Identyfikacja 0 jednostek zwiadu z 0 dostępnych,N/A,N/A,N/A,INDIRECT_POSITIVE,N/A
2025-09-17 21:55:17,UNKNOWN,UNKNOWN,ENEMY_DETECTION,INTELLIGENCE_GATHERING,CRITICAL,"vision_positions=0, tokens_checked=38, enemies_detected=0",THREAT_IDENTIFICATION,N/A,HIGH,IMMEDIATE,LOW,N/A,Wykryto 0 wrogich jednostek z 0 pozycji obserwacji,N/A,N/A,HIGH,DIRECT_POSITIVE,N/A
2025-09-17 21:55:17,1,5,PHASE1_SUMMARY,STRATEGIC_PLANNING,CRITICAL,"units=0, scouts_id=0, scouts_deployed=0, enemies=0",INTELLIGENCE_GATHERED,0_OPPORTUNITIES_IDENTIFIED,HIGH,MULTI_TURN,MEDIUM,N/A,"Faza 1 zakończona: 0 scoutów, 0 wrogów, 0 okazji",N/A,N/A,HIGH,STRATEGIC_FOUNDATION,N/A
2025-09-17 21:55:17,1,Niemcy,TURN_START,STRATEGIC_INITIALIZATION,CRITICAL,"nation=Niemcy, total_units=0, available_units=0",PHASE3_EXECUTION,N/A,HIGH,SINGLE_TURN,HIGH,N/A,Rozpoczęcie tury 1 dla Niemcy z 0 jednostkami,N/A,N/A,CRITICAL,STRATEGIC_POSITIONING,N/A
2025-09-17 21:55:18,N/A,Niemcy,STRATEGIC_DECISION,OPERATIONS,MEDIUM,"state=REASSIGNMENT, groups=3, reassignments=0",N/A,N/A,MEDIUM,N/A,N/A,N/A,"Strategy: REASSIGNMENT, aggression 0.50",N/A,N/A,N/A,N/A,N/A
2025-09-17 21:55:18,N/A,Niemcy,STRATEGIC_DECISION,OPERATIONS,MEDIUM,"state=REASSIGNMENT, groups=3, reassignments=0",N/A,N/A,MEDIUM,N/A,N/A,N/A,"Strategy: REASSIGNMENT, aggression 0.50",N/A,N/A,N/A,N/A,N/A
2025-09-17 21:55:18,N/A,Niemcy,STRATEGIC_DECISION,OPERATIONS,MEDIUM,"state=REASSIGNMENT, groups=1, reassignments=0",N/A,N/A,MEDIUM,N/A,N/A,N/A,"Strategy: REASSIGNMENT, aggression 0.50",N/A,N/A,N/A,N/A,N/A
2025-09-17 21:55:18,N/A,Niemcy,STRATEGIC_DECISION,OPERATIONS,MEDIUM,"state=REASSIGNMENT, groups=1, reassignments=0",N/A,N/A,MEDIUM,N/A,N/A,N/A,"Strategy: REASSIGNMENT, aggression 0.50",N/A,N/A,N/A,N/A,N/A
2025-09-17 21:55:18,N/A,Niemcy,STRATEGIC_DECISION,OPERATIONS,MEDIUM,"state=REASSIGNMENT, groups=1, reassignments=1",N/A,N/A,MEDIUM,N/A,N/A,N/A,"Strategy: REASSIGNMENT, aggression 0.50",N/A,N/A,N/A,N/A,N/A
2025-09-17 21:55:18,1,Niemcy,TURN_START_VICTORY_AI,STRATEGIC_INITIALIZATION,CRITICAL,"nation=Niemcy, tokens=0, captured_kps=0",VICTORY_AI_ACTIVATION,N/A,HIGH,SINGLE_TURN,HIGH,N/A,Inicjalizacja Victory AI dla gracza 6 (Niemcy) w turze 1,N/A,N/A,CRITICAL,STRATEGIC_POSITIVE,N/A
2025-09-17 21:55:18,UNKNOWN,UNKNOWN,SCOUT_IDENTIFICATION,UNIT_ANALYSIS,MEDIUM,"total_units=0, scouts_found=0",EFFICIENT_RECONNAISSANCE,N/A,HIGH,IMMEDIATE,LOW,N/A,Identyfikacja 0 jednostek zwiadu z 0 dostępnych,N/A,N/A,N/A,INDIRECT_POSITIVE,N/A
2025-09-17 21:55:18,UNKNOWN,UNKNOWN,ENEMY_DETECTION,INTELLIGENCE_GATHERING,CRITICAL,"vision_positions=0, tokens_checked=38, enemies_detected=0",THREAT_IDENTIFICATION,N/A,HIGH,IMMEDIATE,LOW,N/A,Wykryto 0 wrogich jednostek z 0 pozycji obserwacji,N/A,N/A,HIGH,DIRECT_POSITIVE,N/A
2025-09-17 21:55:18,1,6,PHASE1_SUMMARY,STRATEGIC_PLANNING,CRITICAL,"units=0, scouts_id=0, scouts_deployed=0, enemies=0",INTELLIGENCE_GATHERED,0_OPPORTUNITIES_IDENTIFIED,HIGH,MULTI_TURN,MEDIUM,N/A,"Faza 1 zakończona: 0 scoutów, 0 wrogów, 0 okazji",N/A,N/A,HIGH,STRATEGIC_FOUNDATION,N/A
2025-09-17 21:55:18,UNKNOWN,UNKNOWN,SCOUT_IDENTIFICATION,UNIT_ANALYSIS,MEDIUM,"total_units=0, scouts_found=0",EFFICIENT_RECONNAISSANCE,N/A,HIGH,IMMEDIATE,LOW,N/A,Identyfikacja 0 jednostek zwiadu z 0 dostępnych,N/A,N/A,N/A,INDIRECT_POSITIVE,N/A
2025-09-17 21:55:18,UNKNOWN,UNKNOWN,ENEMY_DETECTION,INTELLIGENCE_GATHERING,CRITICAL,"vision_positions=0, tokens_checked=38, enemies_detected=0",THREAT_IDENTIFICATION,N/A,HIGH,IMMEDIATE,LOW,N/A,Wykryto 0 wrogich jednostek z 0 pozycji obserwacji,N/A,N/A,HIGH,DIRECT_POSITIVE,N/A
2025-09-17 21:55:18,1,6,PHASE1_SUMMARY,STRATEGIC_PLANNING,CRITICAL,"units=0, scouts_id=0, scouts_deployed=0, enemies=0",INTELLIGENCE_GATHERED,0_OPPORTUNITIES_IDENTIFIED,HIGH,MULTI_TURN,MEDIUM,N/A,"Faza 1 zakończona: 0 scoutów, 0 wrogów, 0 okazji",N/A,N/A,HIGH,STRATEGIC_FOUNDATION,N/A
2025-09-17 21:55:18,1,Niemcy,TURN_START,STRATEGIC_INITIALIZATION,CRITICAL,"nation=Niemcy, total_units=0, available_units=0",PHASE3_EXECUTION,N/A,HIGH,SINGLE_TURN,HIGH,N/A,Rozpoczęcie tury 1 dla Niemcy z 0 jednostkami,N/A,N/A,CRITICAL,STRATEGIC_POSITIONING,N/A
2025-09-17 21:55:18,UNKNOWN,UNKNOWN,SCOUT_IDENTIFICATION,UNIT_ANALYSIS,MEDIUM,"total_units=0, scouts_found=0",EFFICIENT_RECONNAISSANCE,N/A,HIGH,IMMEDIATE,LOW,N/A,Identyfikacja 0 jednostek zwiadu z 0 dostępnych,N/A,N/A,N/A,INDIRECT_POSITIVE,N/A
2025-09-17 21:55:18,UNKNOWN,UNKNOWN,ENEMY_DETECTION,INTELLIGENCE_GATHERING,CRITICAL,"vision_positions=0, tokens_checked=38, enemies_detected=0",THREAT_IDENTIFICATION,N/A,HIGH,IMMEDIATE,LOW,N/A,Wykryto 0 wrogich jednostek z 0 pozycji obserwacji,N/A,N/A,HIGH,DIRECT_POSITIVE,N/A
2025-09-17 21:55:18,1,6,PHASE1_SUMMARY,STRATEGIC_PLANNING,CRITICAL,"units=0, scouts_id=0, scouts_deployed=0, enemies=0",INTELLIGENCE_GATHERED,0_OPPORTUNITIES_IDENTIFIED,HIGH,MULTI_TURN,MEDIUM,N/A,"Faza 1 zakończona: 0 scoutów, 0 wrogów, 0 okazji",N/A,N/A,HIGH,STRATEGIC_FOUNDATION,N/A
2025-09-17 21:55:18,UNKNOWN,UNKNOWN,SCOUT_IDENTIFICATION,UNIT_ANALYSIS,MEDIUM,"total_units=0, scouts_found=0",EFFICIENT_RECONNAISSANCE,N/A,HIGH,IMMEDIATE,LOW,N/A,Identyfikacja 0 jednostek zwiadu z 0 dostępnych,N/A,N/A,N/A,INDIRECT_POSITIVE,N/A
2025-09-17 21:55:18,UNKNOWN,UNKNOWN,ENEMY_DETECTION,INTELLIGENCE_GATHERING,CRITICAL,"vision_positions=0, tokens_checked=38, enemies_detected=0",THREAT_IDENTIFICATION,N/A,HIGH,IMMEDIATE,LOW,N/A,Wykryto 0 wrogich jednostek z 0 pozycji obserwacji,N/A,N/A,HIGH,DIRECT_POSITIVE,N/A
2025-09-17 21:55:18,1,6,PHASE1_SUMMARY,STRATEGIC_PLANNING,CRITICAL,"units=0, scouts_id=0, scouts_deployed=0, enemies=0",INTELLIGENCE_GATHERED,0_OPPORTUNITIES_IDENTIFIED,HIGH,MULTI_TURN,MEDIUM,N/A,"Faza 1 zakończona: 0 scoutów, 0 wrogów, 0 okazji",N/A,N/A,HIGH,STRATEGIC_FOUNDATION,N/A
2025-09-17 21:55:18,1,Niemcy,TURN_START,STRATEGIC_INITIALIZATION,CRITICAL,"nation=Niemcy, total_units=0, available_units=0",PHASE3_EXECUTION,N/A,HIGH,SINGLE_TURN,HIGH,N/A,Rozpoczęcie tury 1 dla Niemcy z 0 jednostkami,N/A,N/A,CRITICAL,STRATEGIC_POSITIONING,N/A
2025-09-17 21:55:19,N/A,Niemcy,STRATEGIC_DECISION,OPERATIONS,MEDIUM,"state=REASSIGNMENT, groups=5, reassignments=0",N/A,N/A,MEDIUM,N/A,N/A,N/A,"Strategy: REASSIGNMENT, aggression 0.50",N/A,N/A,N/A,N/A,N/A
2025-09-17 21:55:19,N/A,Niemcy,STRATEGIC_DECISION,OPERATIONS,MEDIUM,"state=REASSIGNMENT, groups=5, reassignments=0",N/A,N/A,MEDIUM,N/A,N/A,N/A,"Strategy: REASSIGNMENT, aggression 0.50",N/A,N/A,N/A,N/A,N/A
2025-09-17 21:55:19,N/A,Niemcy,STRATEGIC_DECISION,OPERATIONS,MEDIUM,"state=REASSIGNMENT, groups=1, reassignments=0",N/A,N/A,MEDIUM,N/A,N/A,N/A,"Strategy: REASSIGNMENT, aggression 0.50",N/A,N/A,N/A,N/A,N/A
2025-09-17 21:55:19,N/A,Niemcy,STRATEGIC_DECISION,OPERATIONS,MEDIUM,"state=REASSIGNMENT, groups=1, reassignments=0",N/A,N/A,MEDIUM,N/A,N/A,N/A,"Strategy: REASSIGNMENT, aggression 0.50",N/A,N/A,N/A,N/A,N/A
2025-09-17 21:55:19,N/A,Niemcy,STRATEGIC_DECISION,OPERATIONS,MEDIUM,"state=REASSIGNMENT, groups=1, reassignments=0",N/A,N/A,MEDIUM,N/A,N/A,N/A,"Strategy: REASSIGNMENT, aggression 0.50",N/A,N/A,N/A,N/A,N/A
2025-09-17 21:55:19,N/A,Niemcy,STRATEGIC_DECISION,OPERATIONS,MEDIUM,"state=REASSIGNMENT, groups=1, reassignments=0",N/A,N/A,MEDIUM,N/A,N/A,N/A,"Strategy: REASSIGNMENT, aggression 0.50",N/A,N/A,N/A,N/A,N/A
2025-09-17 21:55:19,N/A,Niemcy,STRATEGIC_DECISION,OPERATIONS,MEDIUM,"state=REASSIGNMENT, groups=1, reassignments=0",N/A,N/A,MEDIUM,N/A,N/A,N/A,"Strategy: REASSIGNMENT, aggression 0.50",N/A,N/A,N/A,N/A,N/A
2025-09-17 21:55:19,1,Polska,TURN_START_VICTORY_AI,STRATEGIC_INITIALIZATION,CRITICAL,"nation=Polska, tokens=0, captured_kps=0",VICTORY_AI_ACTIVATION,N/A,HIGH,SINGLE_TURN,HIGH,N/A,Inicjalizacja Victory AI dla gracza 2 (Polska) w turze 1,N/A,N/A,CRITICAL,STRATEGIC_POSITIVE,N/A
2025-09-17 21:55:20,UNKNOWN,UNKNOWN,SCOUT_IDENTIFICATION,UNIT_ANALYSIS,MEDIUM,"total_units=0, scouts_found=0",EFFICIENT_RECONNAISSANCE,N/A,HIGH,IMMEDIATE,LOW,N/A,Identyfikacja 0 jednostek zwiadu z 0 dostępnych,N/A,N/A,N/A,INDIRECT_POSITIVE,N/A
2025-09-17 21:55:20,UNKNOWN,UNKNOWN,ENEMY_DETECTION,INTELLIGENCE_GATHERING,CRITICAL,"vision_positions=0, tokens_checked=38, enemies_detected=0",THREAT_IDENTIFICATION,N/A,HIGH,IMMEDIATE,LOW,N/A,Wykryto 0 wrogich jednostek z 0 pozycji obserwacji,N/A,N/A,HIGH,DIRECT_POSITIVE,N/A
2025-09-17 21:55:20,1,2,PHASE1_SUMMARY,STRATEGIC_PLANNING,CRITICAL,"units=0, scouts_id=0, scouts_deployed=0, enemies=0",INTELLIGENCE_GATHERED,0_OPPORTUNITIES_IDENTIFIED,HIGH,MULTI_TURN,MEDIUM,N/A,"Faza 1 zakończona: 0 scoutów, 0 wrogów, 0 okazji",N/A,N/A,HIGH,STRATEGIC_FOUNDATION,N/A
2025-09-17 21:55:20,UNKNOWN,UNKNOWN,SCOUT_IDENTIFICATION,UNIT_ANALYSIS,MEDIUM,"total_units=0, scouts_found=0",EFFICIENT_RECONNAISSANCE,N/A,HIGH,IMMEDIATE,LOW,N/A,Identyfikacja 0 jednostek zwiadu z 0 dostępnych,N/A,N/A,N/A,INDIRECT_POSITIVE,N/A
2025-09-17 21:55:20,UNKNOWN,UNKNOWN,ENEMY_DETECTION,INTELLIGENCE_GATHERING,CRITICAL,"vision_positions=0, tokens_checked=38, enemies_detected=0",THREAT_IDENTIFICATION,N/A,HIGH,IMMEDIATE,LOW,N/A,Wykryto 0 wrogich jednostek z 0 pozycji obserwacji,N/A,N/A,HIGH,DIRECT_POSITIVE,N/A
2025-09-17 21:55:20,1,2,PHASE1_SUMMARY,STRATEGIC_PLANNING,CRITICAL,"units=0, scouts_id=0, scouts_deployed=0, enemies=0",INTELLIGENCE_GATHERED,0_OPPORTUNITIES_IDENTIFIED,HIGH,MULTI_TURN,MEDIUM,N/A,"Faza 1 zakończona: 0 scoutów, 0 wrogów, 0 okazji",N/A,N/A,HIGH,STRATEGIC_FOUNDATION,N/A
2025-09-17 21:55:20,1,Polska,TURN_START,STRATEGIC_INITIALIZATION,CRITICAL,"nation=Polska, total_units=0, available_units=0",PHASE3_EXECUTION,N/A,HIGH,SINGLE_TURN,HIGH,N/A,Rozpoczęcie tury 1 dla Polska z 0 jednostkami,N/A,N/A,CRITICAL,STRATEGIC_POSITIONING,N/A
2025-09-17 21:55:20,UNKNOWN,UNKNOWN,SCOUT_IDENTIFICATION,UNIT_ANALYSIS,MEDIUM,"total_units=0, scouts_found=0",EFFICIENT_RECONNAISSANCE,N/A,HIGH,IMMEDIATE,LOW,N/A,Identyfikacja 0 jednostek zwiadu z 0 dostępnych,N/A,N/A,N/A,INDIRECT_POSITIVE,N/A
2025-09-17 21:55:20,UNKNOWN,UNKNOWN,ENEMY_DETECTION,INTELLIGENCE_GATHERING,CRITICAL,"vision_positions=0, tokens_checked=38, enemies_detected=0",THREAT_IDENTIFICATION,N/A,HIGH,IMMEDIATE,LOW,N/A,Wykryto 0 wrogich jednostek z 0 pozycji obserwacji,N/A,N/A,HIGH,DIRECT_POSITIVE,N/A
2025-09-17 21:55:20,1,2,PHASE1_SUMMARY,STRATEGIC_PLANNING,CRITICAL,"units=0, scouts_id=0, scouts_deployed=0, enemies=0",INTELLIGENCE_GATHERED,0_OPPORTUNITIES_IDENTIFIED,HIGH,MULTI_TURN,MEDIUM,N/A,"Faza 1 zakończona: 0 scoutów, 0 wrogów, 0 okazji",N/A,N/A,HIGH,STRATEGIC_FOUNDATION,N/A
2025-09-17 21:55:20,UNKNOWN,UNKNOWN,SCOUT_IDENTIFICATION,UNIT_ANALYSIS,MEDIUM,"total_units=0, scouts_found=0",EFFICIENT_RECONNAISSANCE,N/A,HIGH,IMMEDIATE,LOW,N/A,Identyfikacja 0 jednostek zwiadu z 0 dostępnych,N/A,N/A,N/A,INDIRECT_POSITIVE,N/A
2025-09-17 21:55:20,UNKNOWN,UNKNOWN,ENEMY_DETECTION,INTELLIGENCE_GATHERING,CRITICAL,"vision_positions=0, tokens_checked=38, enemies_detected=0",THREAT_IDENTIFICATION,N/A,HIGH,IMMEDIATE,LOW,N/A,Wykryto 0 wrogich jednostek z 0 pozycji obserwacji,N/A,N/A,HIGH,DIRECT_POSITIVE,N/A
2025-09-17 21:55:20,1,2,PHASE1_SUMMARY,STRATEGIC_PLANNING,CRITICAL,"units=0, scouts_id=0, scouts_deployed=0, enemies=0",INTELLIGENCE_GATHERED,0_OPPORTUNITIES_IDENTIFIED,HIGH,MULTI_TURN,MEDIUM,N/A,"Faza 1 zakończona: 0 scoutów, 0 wrogów, 0 okazji",N/A,N/A,HIGH,STRATEGIC_FOUNDATION,N/A
2025-09-17 21:55:20,1,Polska,TURN_START,STRATEGIC_INITIALIZATION,CRITICAL,"nation=Polska, total_units=0, available_units=0",PHASE3_EXECUTION,N/A,HIGH,SINGLE_TURN,HIGH,N/A,Rozpoczęcie tury 1 dla Polska z 0 jednostkami,N/A,N/A,CRITICAL,STRATEGIC_POSITIONING,N/A
2025-09-17 21:55:20,N/A,Polska,STRATEGIC_DECISION,OPERATIONS,MEDIUM,"state=REASSIGNMENT, groups=5, reassignments=0",N/A,N/A,MEDIUM,N/A,N/A,N/A,"Strategy: REASSIGNMENT, aggression 0.50",N/A,N/A,N/A,N/A,N/A
2025-09-17 21:55:20,N/A,Polska,STRATEGIC_DECISION,OPERATIONS,MEDIUM,"state=REASSIGNMENT, groups=5, reassignments=0",N/A,N/A,MEDIUM,N/A,N/A,N/A,"Strategy: REASSIGNMENT, aggression 0.50",N/A,N/A,N/A,N/A,N/A
2025-09-17 21:55:20,N/A,Polska,STRATEGIC_DECISION,OPERATIONS,MEDIUM,"state=REASSIGNMENT, groups=1, reassignments=0",N/A,N/A,MEDIUM,N/A,N/A,N/A,"Strategy: REASSIGNMENT, aggression 0.50",N/A,N/A,N/A,N/A,N/A
2025-09-17 21:55:20,N/A,Polska,STRATEGIC_DECISION,OPERATIONS,MEDIUM,"state=REASSIGNMENT, groups=1, reassignments=0",N/A,N/A,MEDIUM,N/A,N/A,N/A,"Strategy: REASSIGNMENT, aggression 0.50",N/A,N/A,N/A,N/A,N/A
2025-09-17 21:55:20,N/A,Polska,STRATEGIC_DECISION,OPERATIONS,MEDIUM,"state=REASSIGNMENT, groups=1, reassignments=0",N/A,N/A,MEDIUM,N/A,N/A,N/A,"Strategy: REASSIGNMENT, aggression 0.50",N/A,N/A,N/A,N/A,N/A
2025-09-17 21:55:20,N/A,Polska,STRATEGIC_DECISION,OPERATIONS,MEDIUM,"state=REASSIGNMENT, groups=1, reassignments=0",N/A,N/A,MEDIUM,N/A,N/A,N/A,"Strategy: REASSIGNMENT, aggression 0.50",N/A,N/A,N/A,N/A,N/A
2025-09-17 21:55:20,1,Polska,TURN_START_VICTORY_AI,STRATEGIC_INITIALIZATION,CRITICAL,"nation=Polska, tokens=0, captured_kps=0",VICTORY_AI_ACTIVATION,N/A,HIGH,SINGLE_TURN,HIGH,N/A,Inicjalizacja Victory AI dla gracza 3 (Polska) w turze 1,N/A,N/A,CRITICAL,STRATEGIC_POSITIVE,N/A
2025-09-17 21:55:20,UNKNOWN,UNKNOWN,SCOUT_IDENTIFICATION,UNIT_ANALYSIS,MEDIUM,"total_units=0, scouts_found=0",EFFICIENT_RECONNAISSANCE,N/A,HIGH,IMMEDIATE,LOW,N/A,Identyfikacja 0 jednostek zwiadu z 0 dostępnych,N/A,N/A,N/A,INDIRECT_POSITIVE,N/A
2025-09-17 21:55:20,UNKNOWN,UNKNOWN,ENEMY_DETECTION,INTELLIGENCE_GATHERING,CRITICAL,"vision_positions=0, tokens_checked=38, enemies_detected=0",THREAT_IDENTIFICATION,N/A,HIGH,IMMEDIATE,LOW,N/A,Wykryto 0 wrogich jednostek z 0 pozycji obserwacji,N/A,N/A,HIGH,DIRECT_POSITIVE,N/A
2025-09-17 21:55:20,1,3,PHASE1_SUMMARY,STRATEGIC_PLANNING,CRITICAL,"units=0, scouts_id=0, scouts_deployed=0, enemies=0",INTELLIGENCE_GATHERED,0_OPPORTUNITIES_IDENTIFIED,HIGH,MULTI_TURN,MEDIUM,N/A,"Faza 1 zakończona: 0 scoutów, 0 wrogów, 0 okazji",N/A,N/A,HIGH,STRATEGIC_FOUNDATION,N/A
2025-09-17 21:55:20,UNKNOWN,UNKNOWN,SCOUT_IDENTIFICATION,UNIT_ANALYSIS,MEDIUM,"total_units=0, scouts_found=0",EFFICIENT_RECONNAISSANCE,N/A,HIGH,IMMEDIATE,LOW,N/A,Identyfikacja 0 jednostek zwiadu z 0 dostępnych,N/A,N/A,N/A,INDIRECT_POSITIVE,N/A
2025-09-17 21:55:20,UNKNOWN,UNKNOWN,ENEMY_DETECTION,INTELLIGENCE_GATHERING,CRITICAL,"vision_positions=0, tokens_checked=38, enemies_detected=0",THREAT_IDENTIFICATION,N/A,HIGH,IMMEDIATE,LOW,N/A,Wykryto 0 wrogich jednostek z 0 pozycji obserwacji,N/A,N/A,HIGH,DIRECT_POSITIVE,N/A
2025-09-17 21:55:20,1,3,PHASE1_SUMMARY,STRATEGIC_PLANNING,CRITICAL,"units=0, scouts_id=0, scouts_deployed=0, enemies=0",INTELLIGENCE_GATHERED,0_OPPORTUNITIES_IDENTIFIED,HIGH,MULTI_TURN,MEDIUM,N/A,"Faza 1 zakończona: 0 scoutów, 0 wrogów, 0 okazji",N/A,N/A,HIGH,STRATEGIC_FOUNDATION,N/A
2025-09-17 21:55:20,1,Polska,TURN_START,STRATEGIC_INITIALIZATION,CRITICAL,"nation=Polska, total_units=0, available_units=0",PHASE3_EXECUTION,N/A,HIGH,SINGLE_TURN,HIGH,N/A,Rozpoczęcie tury 1 dla Polska z 0 jednostkami,N/A,N/A,CRITICAL,STRATEGIC_POSITIONING,N/A
2025-09-17 21:55:20,UNKNOWN,UNKNOWN,SCOUT_IDENTIFICATION,UNIT_ANALYSIS,MEDIUM,"total_units=0, scouts_found=0",EFFICIENT_RECONNAISSANCE,N/A,HIGH,IMMEDIATE,LOW,N/A,Identyfikacja 0 jednostek zwiadu z 0 dostępnych,N/A,N/A,N/A,INDIRECT_POSITIVE,N/A
2025-09-17 21:55:20,UNKNOWN,UNKNOWN,ENEMY_DETECTION,INTELLIGENCE_GATHERING,CRITICAL,"vision_positions=0, tokens_checked=38, enemies_detected=0",THREAT_IDENTIFICATION,N/A,HIGH,IMMEDIATE,LOW,N/A,Wykryto 0 wrogich jednostek z 0 pozycji obserwacji,N/A,N/A,HIGH,DIRECT_POSITIVE,N/A
2025-09-17 21:55:20,1,3,PHASE1_SUMMARY,STRATEGIC_PLANNING,CRITICAL,"units=0, scouts_id=0, scouts_deployed=0, enemies=0",INTELLIGENCE_GATHERED,0_OPPORTUNITIES_IDENTIFIED,HIGH,MULTI_TURN,MEDIUM,N/A,"Faza 1 zakończona: 0 scoutów, 0 wrogów, 0 okazji",N/A,N/A,HIGH,STRATEGIC_FOUNDATION,N/A
2025-09-17 21:55:20,UNKNOWN,UNKNOWN,SCOUT_IDENTIFICATION,UNIT_ANALYSIS,MEDIUM,"total_units=0, scouts_found=0",EFFICIENT_RECONNAISSANCE,N/A,HIGH,IMMEDIATE,LOW,N/A,Identyfikacja 0 jednostek zwiadu z 0 dostępnych,N/A,N/A,N/A,INDIRECT_POSITIVE,N/A
2025-09-17 21:55:20,UNKNOWN,UNKNOWN,ENEMY_DETECTION,INTELLIGENCE_GATHERING,CRITICAL,"vision_positions=0, tokens_checked=38, enemies_detected=0",THREAT_IDENTIFICATION,N/A,HIGH,IMMEDIATE,LOW,N/A,Wykryto 0 wrogich jednostek z 0 pozycji obserwacji,N/A,N/A,HIGH,DIRECT_POSITIVE,N/A
2025-09-17 21:55:20,1,3,PHASE1_SUMMARY,STRATEGIC_PLANNING,CRITICAL,"units=0, scouts_id=0, scouts_deployed=0, enemies=0",INTELLIGENCE_GATHERED,0_OPPORTUNITIES_IDENTIFIED,HIGH,MULTI_TURN,MEDIUM,N/A,"Faza 1 zakończona: 0 scoutów, 0 wrogów, 0 okazji",N/A,N/A,HIGH,STRATEGIC_FOUNDATION,N/A
2025-09-17 21:55:20,1,Polska,TURN_START,STRATEGIC_INITIALIZATION,CRITICAL,"nation=Polska, total_units=0, available_units=0",PHASE3_EXECUTION,N/A,HIGH,SINGLE_TURN,HIGH,N/A,Rozpoczęcie tury 1 dla Polska z 0 jednostkami,N/A,N/A,CRITICAL,STRATEGIC_POSITIONING,N/A
2025-09-17 21:55:22,N/A,Polska,STRATEGIC_DECISION,OPERATIONS,MEDIUM,"state=REASSIGNMENT, groups=4, reassignments=0",N/A,N/A,MEDIUM,N/A,N/A,N/A,"Strategy: REASSIGNMENT, aggression 0.50",N/A,N/A,N/A,N/A,N/A
2025-09-17 21:55:22,N/A,Polska,STRATEGIC_DECISION,OPERATIONS,MEDIUM,"state=REASSIGNMENT, groups=4, reassignments=0",N/A,N/A,MEDIUM,N/A,N/A,N/A,"Strategy: REASSIGNMENT, aggression 0.50",N/A,N/A,N/A,N/A,N/A
2025-09-17 21:55:22,N/A,Polska,STRATEGIC_DECISION,OPERATIONS,MEDIUM,"state=REASSIGNMENT, groups=1, reassignments=0",N/A,N/A,MEDIUM,N/A,N/A,N/A,"Strategy: REASSIGNMENT, aggression 0.50",N/A,N/A,N/A,N/A,N/A
2025-09-17 21:55:22,N/A,Polska,STRATEGIC_DECISION,OPERATIONS,MEDIUM,"state=REASSIGNMENT, groups=1, reassignments=0",N/A,N/A,MEDIUM,N/A,N/A,N/A,"Strategy: REASSIGNMENT, aggression 0.50",N/A,N/A,N/A,N/A,N/A
2025-09-17 21:55:22,N/A,Polska,STRATEGIC_DECISION,OPERATIONS,MEDIUM,"state=REASSIGNMENT, groups=1, reassignments=0",N/A,N/A,MEDIUM,N/A,N/A,N/A,"Strategy: REASSIGNMENT, aggression 0.50",N/A,N/A,N/A,N/A,N/A
2025-09-17 21:55:22,N/A,Polska,STRATEGIC_DECISION,OPERATIONS,MEDIUM,"state=REASSIGNMENT, groups=1, reassignments=0",N/A,N/A,MEDIUM,N/A,N/A,N/A,"Strategy: REASSIGNMENT, aggression 0.50",N/A,N/A,N/A,N/A,N/A
2025-09-17 21:55:22,1,Niemcy,TURN_START_VICTORY_AI,STRATEGIC_INITIALIZATION,CRITICAL,"nation=Niemcy, tokens=0, captured_kps=0",VICTORY_AI_ACTIVATION,N/A,HIGH,SINGLE_TURN,HIGH,N/A,Inicjalizacja Victory AI dla gracza 5 (Niemcy) w turze 1,N/A,N/A,CRITICAL,STRATEGIC_POSITIVE,N/A
2025-09-17 21:55:22,UNKNOWN,UNKNOWN,SCOUT_IDENTIFICATION,UNIT_ANALYSIS,MEDIUM,"total_units=0, scouts_found=0",EFFICIENT_RECONNAISSANCE,N/A,HIGH,IMMEDIATE,LOW,N/A,Identyfikacja 0 jednostek zwiadu z 0 dostępnych,N/A,N/A,N/A,INDIRECT_POSITIVE,N/A
2025-09-17 21:55:22,UNKNOWN,UNKNOWN,ENEMY_DETECTION,INTELLIGENCE_GATHERING,CRITICAL,"vision_positions=0, tokens_checked=38, enemies_detected=0",THREAT_IDENTIFICATION,N/A,HIGH,IMMEDIATE,LOW,N/A,Wykryto 0 wrogich jednostek z 0 pozycji obserwacji,N/A,N/A,HIGH,DIRECT_POSITIVE,N/A
2025-09-17 21:55:22,1,5,PHASE1_SUMMARY,STRATEGIC_PLANNING,CRITICAL,"units=0, scouts_id=0, scouts_deployed=0, enemies=0",INTELLIGENCE_GATHERED,0_OPPORTUNITIES_IDENTIFIED,HIGH,MULTI_TURN,MEDIUM,N/A,"Faza 1 zakończona: 0 scoutów, 0 wrogów, 0 okazji",N/A,N/A,HIGH,STRATEGIC_FOUNDATION,N/A
2025-09-17 21:55:22,UNKNOWN,UNKNOWN,SCOUT_IDENTIFICATION,UNIT_ANALYSIS,MEDIUM,"total_units=0, scouts_found=0",EFFICIENT_RECONNAISSANCE,N/A,HIGH,IMMEDIATE,LOW,N/A,Identyfikacja 0 jednostek zwiadu z 0 dostępnych,N/A,N/A,N/A,INDIRECT_POSITIVE,N/A
2025-09-17 21:55:22,UNKNOWN,UNKNOWN,ENEMY_DETECTION,INTELLIGENCE_GATHERING,CRITICAL,"vision_positions=0, tokens_checked=38, enemies_detected=0",THREAT_IDENTIFICATION,N/A,HIGH,IMMEDIATE,LOW,N/A,Wykryto 0 wrogich jednostek z 0 pozycji obserwacji,N/A,N/A,HIGH,DIRECT_POSITIVE,N/A
2025-09-17 21:55:22,1,5,PHASE1_SUMMARY,STRATEGIC_PLANNING,CRITICAL,"units=0, scouts_id=0, scouts_deployed=0, enemies=0",INTELLIGENCE_GATHERED,0_OPPORTUNITIES_IDENTIFIED,HIGH,MULTI_TURN,MEDIUM,N/A,"Faza 1 zakończona: 0 scoutów, 0 wrogów, 0 okazji",N/A,N/A,HIGH,STRATEGIC_FOUNDATION,N/A
2025-09-17 21:55:22,1,Niemcy,TURN_START,STRATEGIC_INITIALIZATION,CRITICAL,"nation=Niemcy, total_units=0, available_units=0",PHASE3_EXECUTION,N/A,HIGH,SINGLE_TURN,HIGH,N/A,Rozpoczęcie tury 1 dla Niemcy z 0 jednostkami,N/A,N/A,CRITICAL,STRATEGIC_POSITIONING,N/A
2025-09-17 21:55:22,UNKNOWN,UNKNOWN,SCOUT_IDENTIFICATION,UNIT_ANALYSIS,MEDIUM,"total_units=0, scouts_found=0",EFFICIENT_RECONNAISSANCE,N/A,HIGH,IMMEDIATE,LOW,N/A,Identyfikacja 0 jednostek zwiadu z 0 dostępnych,N/A,N/A,N/A,INDIRECT_POSITIVE,N/A
2025-09-17 21:55:22,UNKNOWN,UNKNOWN,ENEMY_DETECTION,INTELLIGENCE_GATHERING,CRITICAL,"vision_positions=0, tokens_checked=38, enemies_detected=0",THREAT_IDENTIFICATION,N/A,HIGH,IMMEDIATE,LOW,N/A,Wykryto 0 wrogich jednostek z 0 pozycji obserwacji,N/A,N/A,HIGH,DIRECT_POSITIVE,N/A
2025-09-17 21:55:22,1,5,PHASE1_SUMMARY,STRATEGIC_PLANNING,CRITICAL,"units=0, scouts_id=0, scouts_deployed=0, enemies=0",INTELLIGENCE_GATHERED,0_OPPORTUNITIES_IDENTIFIED,HIGH,MULTI_TURN,MEDIUM,N/A,"Faza 1 zakończona: 0 scoutów, 0 wrogów, 0 okazji",N/A,N/A,HIGH,STRATEGIC_FOUNDATION,N/A
2025-09-17 21:55:22,UNKNOWN,UNKNOWN,SCOUT_IDENTIFICATION,UNIT_ANALYSIS,MEDIUM,"total_units=0, scouts_found=0",EFFICIENT_RECONNAISSANCE,N/A,HIGH,IMMEDIATE,LOW,N/A,Identyfikacja 0 jednostek zwiadu z 0 dostępnych,N/A,N/A,N/A,INDIRECT_POSITIVE,N/A
2025-09-17 21:55:22,UNKNOWN,UNKNOWN,ENEMY_DETECTION,INTELLIGENCE_GATHERING,CRITICAL,"vision_positions=0, tokens_checked=38, enemies_detected=0",THREAT_IDENTIFICATION,N/A,HIGH,IMMEDIATE,LOW,N/A,Wykryto 0 wrogich jednostek z 0 pozycji obserwacji,N/A,N/A,HIGH,DIRECT_POSITIVE,N/A
2025-09-17 21:55:22,1,5,PHASE1_SUMMARY,STRATEGIC_PLANNING,CRITICAL,"units=0, scouts_id=0, scouts_deployed=0, enemies=0",INTELLIGENCE_GATHERED,0_OPPORTUNITIES_IDENTIFIED,HIGH,MULTI_TURN,MEDIUM,N/A,"Faza 1 zakończona: 0 scoutów, 0 wrogów, 0 okazji",N/A,N/A,HIGH,STRATEGIC_FOUNDATION,N/A
2025-09-17 21:55:22,1,Niemcy,TURN_START,STRATEGIC_INITIALIZATION,CRITICAL,"nation=Niemcy, total_units=0, available_units=0",PHASE3_EXECUTION,N/A,HIGH,SINGLE_TURN,HIGH,N/A,Rozpoczęcie tury 1 dla Niemcy z 0 jednostkami,N/A,N/A,CRITICAL,STRATEGIC_POSITIONING,N/A
2025-09-17 21:55:24,N/A,Niemcy,STRATEGIC_DECISION,OPERATIONS,MEDIUM,"state=REASSIGNMENT, groups=5, reassignments=0",N/A,N/A,MEDIUM,N/A,N/A,N/A,"Strategy: REASSIGNMENT, aggression 0.50",N/A,N/A,N/A,N/A,N/A
2025-09-17 21:55:24,N/A,Niemcy,STRATEGIC_DECISION,OPERATIONS,MEDIUM,"state=REASSIGNMENT, groups=5, reassignments=0",N/A,N/A,MEDIUM,N/A,N/A,N/A,"Strategy: REASSIGNMENT, aggression 0.50",N/A,N/A,N/A,N/A,N/A
2025-09-17 21:55:24,N/A,Niemcy,STRATEGIC_DECISION,OPERATIONS,MEDIUM,"state=REASSIGNMENT, groups=1, reassignments=0",N/A,N/A,MEDIUM,N/A,N/A,N/A,"Strategy: REASSIGNMENT, aggression 0.50",N/A,N/A,N/A,N/A,N/A
2025-09-17 21:55:24,N/A,Niemcy,STRATEGIC_DECISION,OPERATIONS,MEDIUM,"state=REASSIGNMENT, groups=1, reassignments=0",N/A,N/A,MEDIUM,N/A,N/A,N/A,"Strategy: REASSIGNMENT, aggression 0.50",N/A,N/A,N/A,N/A,N/A
2025-09-17 21:55:24,N/A,Niemcy,STRATEGIC_DECISION,OPERATIONS,MEDIUM,"state=REASSIGNMENT, groups=1, reassignments=0",N/A,N/A,MEDIUM,N/A,N/A,N/A,"Strategy: REASSIGNMENT, aggression 0.50",N/A,N/A,N/A,N/A,N/A
2025-09-17 21:55:24,N/A,Niemcy,STRATEGIC_DECISION,OPERATIONS,MEDIUM,"state=REASSIGNMENT, groups=1, reassignments=0",N/A,N/A,MEDIUM,N/A,N/A,N/A,"Strategy: REASSIGNMENT, aggression 0.50",N/A,N/A,N/A,N/A,N/A
2025-09-17 21:55:24,1,Niemcy,TURN_START_VICTORY_AI,STRATEGIC_INITIALIZATION,CRITICAL,"nation=Niemcy, tokens=0, captured_kps=0",VICTORY_AI_ACTIVATION,N/A,HIGH,SINGLE_TURN,HIGH,N/A,Inicjalizacja Victory AI dla gracza 6 (Niemcy) w turze 1,N/A,N/A,CRITICAL,STRATEGIC_POSITIVE,N/A
2025-09-17 21:55:24,UNKNOWN,UNKNOWN,SCOUT_IDENTIFICATION,UNIT_ANALYSIS,MEDIUM,"total_units=0, scouts_found=0",EFFICIENT_RECONNAISSANCE,N/A,HIGH,IMMEDIATE,LOW,N/A,Identyfikacja 0 jednostek zwiadu z 0 dostępnych,N/A,N/A,N/A,INDIRECT_POSITIVE,N/A
2025-09-17 21:55:24,UNKNOWN,UNKNOWN,ENEMY_DETECTION,INTELLIGENCE_GATHERING,CRITICAL,"vision_positions=0, tokens_checked=38, enemies_detected=0",THREAT_IDENTIFICATION,N/A,HIGH,IMMEDIATE,LOW,N/A,Wykryto 0 wrogich jednostek z 0 pozycji obserwacji,N/A,N/A,HIGH,DIRECT_POSITIVE,N/A
2025-09-17 21:55:24,1,6,PHASE1_SUMMARY,STRATEGIC_PLANNING,CRITICAL,"units=0, scouts_id=0, scouts_deployed=0, enemies=0",INTELLIGENCE_GATHERED,0_OPPORTUNITIES_IDENTIFIED,HIGH,MULTI_TURN,MEDIUM,N/A,"Faza 1 zakończona: 0 scoutów, 0 wrogów, 0 okazji",N/A,N/A,HIGH,STRATEGIC_FOUNDATION,N/A
2025-09-17 21:55:24,UNKNOWN,UNKNOWN,SCOUT_IDENTIFICATION,UNIT_ANALYSIS,MEDIUM,"total_units=0, scouts_found=0",EFFICIENT_RECONNAISSANCE,N/A,HIGH,IMMEDIATE,LOW,N/A,Identyfikacja 0 jednostek zwiadu z 0 dostępnych,N/A,N/A,N/A,INDIRECT_POSITIVE,N/A
2025-09-17 21:55:24,UNKNOWN,UNKNOWN,ENEMY_DETECTION,INTELLIGENCE_GATHERING,CRITICAL,"vision_positions=0, tokens_checked=38, enemies_detected=0",THREAT_IDENTIFICATION,N/A,HIGH,IMMEDIATE,LOW,N/A,Wykryto 0 wrogich jednostek z 0 pozycji obserwacji,N/A,N/A,HIGH,DIRECT_POSITIVE,N/A
2025-09-17 21:55:24,1,6,PHASE1_SUMMARY,STRATEGIC_PLANNING,CRITICAL,"units=0, scouts_id=0, scouts_deployed=0, enemies=0",INTELLIGENCE_GATHERED,0_OPPORTUNITIES_IDENTIFIED,HIGH,MULTI_TURN,MEDIUM,N/A,"Faza 1 zakończona: 0 scoutów, 0 wrogów, 0 okazji",N/A,N/A,HIGH,STRATEGIC_FOUNDATION,N/A
2025-09-17 21:55:24,1,Niemcy,TURN_START,STRATEGIC_INITIALIZATION,CRITICAL,"nation=Niemcy, total_units=0, available_units=0",PHASE3_EXECUTION,N/A,HIGH,SINGLE_TURN,HIGH,N/A,Rozpoczęcie tury 1 dla Niemcy z 0 jednostkami,N/A,N/A,CRITICAL,STRATEGIC_POSITIONING,N/A
2025-09-17 21:55:24,UNKNOWN,UNKNOWN,SCOUT_IDENTIFICATION,UNIT_ANALYSIS,MEDIUM,"total_units=0, scouts_found=0",EFFICIENT_RECONNAISSANCE,N/A,HIGH,IMMEDIATE,LOW,N/A,Identyfikacja 0 jednostek zwiadu z 0 dostępnych,N/A,N/A,N/A,INDIRECT_POSITIVE,N/A
2025-09-17 21:55:24,UNKNOWN,UNKNOWN,ENEMY_DETECTION,INTELLIGENCE_GATHERING,CRITICAL,"vision_positions=0, tokens_checked=38, enemies_detected=0",THREAT_IDENTIFICATION,N/A,HIGH,IMMEDIATE,LOW,N/A,Wykryto 0 wrogich jednostek z 0 pozycji obserwacji,N/A,N/A,HIGH,DIRECT_POSITIVE,N/A
2025-09-17 21:55:24,1,6,PHASE1_SUMMARY,STRATEGIC_PLANNING,CRITICAL,"units=0, scouts_id=0, scouts_deployed=0, enemies=0",INTELLIGENCE_GATHERED,0_OPPORTUNITIES_IDENTIFIED,HIGH,MULTI_TURN,MEDIUM,N/A,"Faza 1 zakończona: 0 scoutów, 0 wrogów, 0 okazji",N/A,N/A,HIGH,STRATEGIC_FOUNDATION,N/A
2025-09-17 21:55:24,UNKNOWN,UNKNOWN,SCOUT_IDENTIFICATION,UNIT_ANALYSIS,MEDIUM,"total_units=0, scouts_found=0",EFFICIENT_RECONNAISSANCE,N/A,HIGH,IMMEDIATE,LOW,N/A,Identyfikacja 0 jednostek zwiadu z 0 dostępnych,N/A,N/A,N/A,INDIRECT_POSITIVE,N/A
2025-09-17 21:55:24,UNKNOWN,UNKNOWN,ENEMY_DETECTION,INTELLIGENCE_GATHERING,CRITICAL,"vision_positions=0, tokens_checked=38, enemies_detected=0",THREAT_IDENTIFICATION,N/A,HIGH,IMMEDIATE,LOW,N/A,Wykryto 0 wrogich jednostek z 0 pozycji obserwacji,N/A,N/A,HIGH,DIRECT_POSITIVE,N/A
2025-09-17 21:55:24,1,6,PHASE1_SUMMARY,STRATEGIC_PLANNING,CRITICAL,"units=0, scouts_id=0, scouts_deployed=0, enemies=0",INTELLIGENCE_GATHERED,0_OPPORTUNITIES_IDENTIFIED,HIGH,MULTI_TURN,MEDIUM,N/A,"Faza 1 zakończona: 0 scoutów, 0 wrogów, 0 okazji",N/A,N/A,HIGH,STRATEGIC_FOUNDATION,N/A
2025-09-17 21:55:24,1,Niemcy,TURN_START,STRATEGIC_INITIALIZATION,CRITICAL,"nation=Niemcy, total_units=0, available_units=0",PHASE3_EXECUTION,N/A,HIGH,SINGLE_TURN,HIGH,N/A,Rozpoczęcie tury 1 dla Niemcy z 0 jednostkami,N/A,N/A,CRITICAL,STRATEGIC_POSITIONING,N/A
2025-09-17 21:55:25,N/A,Niemcy,STRATEGIC_DECISION,OPERATIONS,MEDIUM,"state=REASSIGNMENT, groups=5, reassignments=0",N/A,N/A,MEDIUM,N/A,N/A,N/A,"Strategy: REASSIGNMENT, aggression 0.50",N/A,N/A,N/A,N/A,N/A
2025-09-17 21:55:25,N/A,Niemcy,STRATEGIC_DECISION,OPERATIONS,MEDIUM,"state=REASSIGNMENT, groups=5, reassignments=0",N/A,N/A,MEDIUM,N/A,N/A,N/A,"Strategy: REASSIGNMENT, aggression 0.50",N/A,N/A,N/A,N/A,N/A
2025-09-17 21:55:25,N/A,Niemcy,STRATEGIC_DECISION,OPERATIONS,MEDIUM,"state=REASSIGNMENT, groups=1, reassignments=0",N/A,N/A,MEDIUM,N/A,N/A,N/A,"Strategy: REASSIGNMENT, aggression 0.50",N/A,N/A,N/A,N/A,N/A
2025-09-17 21:55:25,N/A,Niemcy,STRATEGIC_DECISION,OPERATIONS,MEDIUM,"state=REASSIGNMENT, groups=1, reassignments=0",N/A,N/A,MEDIUM,N/A,N/A,N/A,"Strategy: REASSIGNMENT, aggression 0.50",N/A,N/A,N/A,N/A,N/A
2025-09-17 21:55:25,N/A,Niemcy,STRATEGIC_DECISION,OPERATIONS,MEDIUM,"state=REASSIGNMENT, groups=1, reassignments=0",N/A,N/A,MEDIUM,N/A,N/A,N/A,"Strategy: REASSIGNMENT, aggression 0.50",N/A,N/A,N/A,N/A,N/A
2025-09-17 21:55:25,N/A,Niemcy,STRATEGIC_DECISION,OPERATIONS,MEDIUM,"state=REASSIGNMENT, groups=1, reassignments=0",N/A,N/A,MEDIUM,N/A,N/A,N/A,"Strategy: REASSIGNMENT, aggression 0.50",N/A,N/A,N/A,N/A,N/A
2025-09-17 21:55:25,N/A,Niemcy,STRATEGIC_DECISION,OPERATIONS,MEDIUM,"state=REASSIGNMENT, groups=1, reassignments=0",N/A,N/A,MEDIUM,N/A,N/A,N/A,"Strategy: REASSIGNMENT, aggression 0.50",N/A,N/A,N/A,N/A,N/A
2025-09-17 21:55:25,1,Polska,TURN_START_VICTORY_AI,STRATEGIC_INITIALIZATION,CRITICAL,"nation=Polska, tokens=0, captured_kps=0",VICTORY_AI_ACTIVATION,N/A,HIGH,SINGLE_TURN,HIGH,N/A,Inicjalizacja Victory AI dla gracza 2 (Polska) w turze 1,N/A,N/A,CRITICAL,STRATEGIC_POSITIVE,N/A
2025-09-17 21:55:25,UNKNOWN,UNKNOWN,SCOUT_IDENTIFICATION,UNIT_ANALYSIS,MEDIUM,"total_units=0, scouts_found=0",EFFICIENT_RECONNAISSANCE,N/A,HIGH,IMMEDIATE,LOW,N/A,Identyfikacja 0 jednostek zwiadu z 0 dostępnych,N/A,N/A,N/A,INDIRECT_POSITIVE,N/A
2025-09-17 21:55:25,UNKNOWN,UNKNOWN,ENEMY_DETECTION,INTELLIGENCE_GATHERING,CRITICAL,"vision_positions=0, tokens_checked=38, enemies_detected=0",THREAT_IDENTIFICATION,N/A,HIGH,IMMEDIATE,LOW,N/A,Wykryto 0 wrogich jednostek z 0 pozycji obserwacji,N/A,N/A,HIGH,DIRECT_POSITIVE,N/A
2025-09-17 21:55:25,1,2,PHASE1_SUMMARY,STRATEGIC_PLANNING,CRITICAL,"units=0, scouts_id=0, scouts_deployed=0, enemies=0",INTELLIGENCE_GATHERED,0_OPPORTUNITIES_IDENTIFIED,HIGH,MULTI_TURN,MEDIUM,N/A,"Faza 1 zakończona: 0 scoutów, 0 wrogów, 0 okazji",N/A,N/A,HIGH,STRATEGIC_FOUNDATION,N/A
2025-09-17 21:55:25,UNKNOWN,UNKNOWN,SCOUT_IDENTIFICATION,UNIT_ANALYSIS,MEDIUM,"total_units=0, scouts_found=0",EFFICIENT_RECONNAISSANCE,N/A,HIGH,IMMEDIATE,LOW,N/A,Identyfikacja 0 jednostek zwiadu z 0 dostępnych,N/A,N/A,N/A,INDIRECT_POSITIVE,N/A
2025-09-17 21:55:25,UNKNOWN,UNKNOWN,ENEMY_DETECTION,INTELLIGENCE_GATHERING,CRITICAL,"vision_positions=0, tokens_checked=38, enemies_detected=0",THREAT_IDENTIFICATION,N/A,HIGH,IMMEDIATE,LOW,N/A,Wykryto 0 wrogich jednostek z 0 pozycji obserwacji,N/A,N/A,HIGH,DIRECT_POSITIVE,N/A
2025-09-17 21:55:25,1,2,PHASE1_SUMMARY,STRATEGIC_PLANNING,CRITICAL,"units=0, scouts_id=0, scouts_deployed=0, enemies=0",INTELLIGENCE_GATHERED,0_OPPORTUNITIES_IDENTIFIED,HIGH,MULTI_TURN,MEDIUM,N/A,"Faza 1 zakończona: 0 scoutów, 0 wrogów, 0 okazji",N/A,N/A,HIGH,STRATEGIC_FOUNDATION,N/A
2025-09-17 21:55:25,1,Polska,TURN_START,STRATEGIC_INITIALIZATION,CRITICAL,"nation=Polska, total_units=0, available_units=0",PHASE3_EXECUTION,N/A,HIGH,SINGLE_TURN,HIGH,N/A,Rozpoczęcie tury 1 dla Polska z 0 jednostkami,N/A,N/A,CRITICAL,STRATEGIC_POSITIONING,N/A
2025-09-17 21:55:25,UNKNOWN,UNKNOWN,SCOUT_IDENTIFICATION,UNIT_ANALYSIS,MEDIUM,"total_units=0, scouts_found=0",EFFICIENT_RECONNAISSANCE,N/A,HIGH,IMMEDIATE,LOW,N/A,Identyfikacja 0 jednostek zwiadu z 0 dostępnych,N/A,N/A,N/A,INDIRECT_POSITIVE,N/A
2025-09-17 21:55:25,UNKNOWN,UNKNOWN,ENEMY_DETECTION,INTELLIGENCE_GATHERING,CRITICAL,"vision_positions=0, tokens_checked=38, enemies_detected=0",THREAT_IDENTIFICATION,N/A,HIGH,IMMEDIATE,LOW,N/A,Wykryto 0 wrogich jednostek z 0 pozycji obserwacji,N/A,N/A,HIGH,DIRECT_POSITIVE,N/A
2025-09-17 21:55:25,1,2,PHASE1_SUMMARY,STRATEGIC_PLANNING,CRITICAL,"units=0, scouts_id=0, scouts_deployed=0, enemies=0",INTELLIGENCE_GATHERED,0_OPPORTUNITIES_IDENTIFIED,HIGH,MULTI_TURN,MEDIUM,N/A,"Faza 1 zakończona: 0 scoutów, 0 wrogów, 0 okazji",N/A,N/A,HIGH,STRATEGIC_FOUNDATION,N/A
2025-09-17 21:55:25,UNKNOWN,UNKNOWN,SCOUT_IDENTIFICATION,UNIT_ANALYSIS,MEDIUM,"total_units=0, scouts_found=0",EFFICIENT_RECONNAISSANCE,N/A,HIGH,IMMEDIATE,LOW,N/A,Identyfikacja 0 jednostek zwiadu z 0 dostępnych,N/A,N/A,N/A,INDIRECT_POSITIVE,N/A
2025-09-17 21:55:25,UNKNOWN,UNKNOWN,ENEMY_DETECTION,INTELLIGENCE_GATHERING,CRITICAL,"vision_positions=0, tokens_checked=38, enemies_detected=0",THREAT_IDENTIFICATION,N/A,HIGH,IMMEDIATE,LOW,N/A,Wykryto 0 wrogich jednostek z 0 pozycji obserwacji,N/A,N/A,HIGH,DIRECT_POSITIVE,N/A
2025-09-17 21:55:25,1,2,PHASE1_SUMMARY,STRATEGIC_PLANNING,CRITICAL,"units=0, scouts_id=0, scouts_deployed=0, enemies=0",INTELLIGENCE_GATHERED,0_OPPORTUNITIES_IDENTIFIED,HIGH,MULTI_TURN,MEDIUM,N/A,"Faza 1 zakończona: 0 scoutów, 0 wrogów, 0 okazji",N/A,N/A,HIGH,STRATEGIC_FOUNDATION,N/A
2025-09-17 21:55:25,1,Polska,TURN_START,STRATEGIC_INITIALIZATION,CRITICAL,"nation=Polska, total_units=0, available_units=0",PHASE3_EXECUTION,N/A,HIGH,SINGLE_TURN,HIGH,N/A,Rozpoczęcie tury 1 dla Polska z 0 jednostkami,N/A,N/A,CRITICAL,STRATEGIC_POSITIONING,N/A
2025-09-17 21:55:26,N/A,Polska,STRATEGIC_DECISION,OPERATIONS,MEDIUM,"state=REASSIGNMENT, groups=5, reassignments=0",N/A,N/A,MEDIUM,N/A,N/A,N/A,"Strategy: REASSIGNMENT, aggression 0.50",N/A,N/A,N/A,N/A,N/A
2025-09-17 21:55:27,N/A,Polska,STRATEGIC_DECISION,OPERATIONS,MEDIUM,"state=REASSIGNMENT, groups=5, reassignments=0",N/A,N/A,MEDIUM,N/A,N/A,N/A,"Strategy: REASSIGNMENT, aggression 0.50",N/A,N/A,N/A,N/A,N/A
2025-09-17 21:55:27,N/A,Polska,STRATEGIC_DECISION,OPERATIONS,MEDIUM,"state=REASSIGNMENT, groups=1, reassignments=0",N/A,N/A,MEDIUM,N/A,N/A,N/A,"Strategy: REASSIGNMENT, aggression 0.50",N/A,N/A,N/A,N/A,N/A
2025-09-17 21:55:27,N/A,Polska,STRATEGIC_DECISION,OPERATIONS,MEDIUM,"state=REASSIGNMENT, groups=1, reassignments=0",N/A,N/A,MEDIUM,N/A,N/A,N/A,"Strategy: REASSIGNMENT, aggression 0.50",N/A,N/A,N/A,N/A,N/A
2025-09-17 21:55:27,N/A,Polska,STRATEGIC_DECISION,OPERATIONS,MEDIUM,"state=REASSIGNMENT, groups=1, reassignments=0",N/A,N/A,MEDIUM,N/A,N/A,N/A,"Strategy: REASSIGNMENT, aggression 0.50",N/A,N/A,N/A,N/A,N/A
2025-09-17 21:55:27,N/A,Polska,STRATEGIC_DECISION,OPERATIONS,MEDIUM,"state=REASSIGNMENT, groups=1, reassignments=0",N/A,N/A,MEDIUM,N/A,N/A,N/A,"Strategy: REASSIGNMENT, aggression 0.50",N/A,N/A,N/A,N/A,N/A
2025-09-17 21:55:27,N/A,Polska,STRATEGIC_DECISION,OPERATIONS,MEDIUM,"state=REASSIGNMENT, groups=1, reassignments=0",N/A,N/A,MEDIUM,N/A,N/A,N/A,"Strategy: REASSIGNMENT, aggression 0.50",N/A,N/A,N/A,N/A,N/A
2025-09-17 21:55:27,1,Polska,TURN_START_VICTORY_AI,STRATEGIC_INITIALIZATION,CRITICAL,"nation=Polska, tokens=0, captured_kps=0",VICTORY_AI_ACTIVATION,N/A,HIGH,SINGLE_TURN,HIGH,N/A,Inicjalizacja Victory AI dla gracza 3 (Polska) w turze 1,N/A,N/A,CRITICAL,STRATEGIC_POSITIVE,N/A
2025-09-17 21:55:27,UNKNOWN,UNKNOWN,SCOUT_IDENTIFICATION,UNIT_ANALYSIS,MEDIUM,"total_units=0, scouts_found=0",EFFICIENT_RECONNAISSANCE,N/A,HIGH,IMMEDIATE,LOW,N/A,Identyfikacja 0 jednostek zwiadu z 0 dostępnych,N/A,N/A,N/A,INDIRECT_POSITIVE,N/A
2025-09-17 21:55:27,UNKNOWN,UNKNOWN,ENEMY_DETECTION,INTELLIGENCE_GATHERING,CRITICAL,"vision_positions=0, tokens_checked=38, enemies_detected=0",THREAT_IDENTIFICATION,N/A,HIGH,IMMEDIATE,LOW,N/A,Wykryto 0 wrogich jednostek z 0 pozycji obserwacji,N/A,N/A,HIGH,DIRECT_POSITIVE,N/A
2025-09-17 21:55:27,1,3,PHASE1_SUMMARY,STRATEGIC_PLANNING,CRITICAL,"units=0, scouts_id=0, scouts_deployed=0, enemies=0",INTELLIGENCE_GATHERED,0_OPPORTUNITIES_IDENTIFIED,HIGH,MULTI_TURN,MEDIUM,N/A,"Faza 1 zakończona: 0 scoutów, 0 wrogów, 0 okazji",N/A,N/A,HIGH,STRATEGIC_FOUNDATION,N/A
2025-09-17 21:55:27,UNKNOWN,UNKNOWN,SCOUT_IDENTIFICATION,UNIT_ANALYSIS,MEDIUM,"total_units=0, scouts_found=0",EFFICIENT_RECONNAISSANCE,N/A,HIGH,IMMEDIATE,LOW,N/A,Identyfikacja 0 jednostek zwiadu z 0 dostępnych,N/A,N/A,N/A,INDIRECT_POSITIVE,N/A
2025-09-17 21:55:27,UNKNOWN,UNKNOWN,ENEMY_DETECTION,INTELLIGENCE_GATHERING,CRITICAL,"vision_positions=0, tokens_checked=38, enemies_detected=0",THREAT_IDENTIFICATION,N/A,HIGH,IMMEDIATE,LOW,N/A,Wykryto 0 wrogich jednostek z 0 pozycji obserwacji,N/A,N/A,HIGH,DIRECT_POSITIVE,N/A
2025-09-17 21:55:27,1,3,PHASE1_SUMMARY,STRATEGIC_PLANNING,CRITICAL,"units=0, scouts_id=0, scouts_deployed=0, enemies=0",INTELLIGENCE_GATHERED,0_OPPORTUNITIES_IDENTIFIED,HIGH,MULTI_TURN,MEDIUM,N/A,"Faza 1 zakończona: 0 scoutów, 0 wrogów, 0 okazji",N/A,N/A,HIGH,STRATEGIC_FOUNDATION,N/A
2025-09-17 21:55:27,1,Polska,TURN_START,STRATEGIC_INITIALIZATION,CRITICAL,"nation=Polska, total_units=0, available_units=0",PHASE3_EXECUTION,N/A,HIGH,SINGLE_TURN,HIGH,N/A,Rozpoczęcie tury 1 dla Polska z 0 jednostkami,N/A,N/A,CRITICAL,STRATEGIC_POSITIONING,N/A
2025-09-17 21:55:27,UNKNOWN,UNKNOWN,SCOUT_IDENTIFICATION,UNIT_ANALYSIS,MEDIUM,"total_units=0, scouts_found=0",EFFICIENT_RECONNAISSANCE,N/A,HIGH,IMMEDIATE,LOW,N/A,Identyfikacja 0 jednostek zwiadu z 0 dostępnych,N/A,N/A,N/A,INDIRECT_POSITIVE,N/A
2025-09-17 21:55:27,UNKNOWN,UNKNOWN,ENEMY_DETECTION,INTELLIGENCE_GATHERING,CRITICAL,"vision_positions=0, tokens_checked=38, enemies_detected=0",THREAT_IDENTIFICATION,N/A,HIGH,IMMEDIATE,LOW,N/A,Wykryto 0 wrogich jednostek z 0 pozycji obserwacji,N/A,N/A,HIGH,DIRECT_POSITIVE,N/A
2025-09-17 21:55:27,1,3,PHASE1_SUMMARY,STRATEGIC_PLANNING,CRITICAL,"units=0, scouts_id=0, scouts_deployed=0, enemies=0",INTELLIGENCE_GATHERED,0_OPPORTUNITIES_IDENTIFIED,HIGH,MULTI_TURN,MEDIUM,N/A,"Faza 1 zakończona: 0 scoutów, 0 wrogów, 0 okazji",N/A,N/A,HIGH,STRATEGIC_FOUNDATION,N/A
2025-09-17 21:55:27,UNKNOWN,UNKNOWN,SCOUT_IDENTIFICATION,UNIT_ANALYSIS,MEDIUM,"total_units=0, scouts_found=0",EFFICIENT_RECONNAISSANCE,N/A,HIGH,IMMEDIATE,LOW,N/A,Identyfikacja 0 jednostek zwiadu z 0 dostępnych,N/A,N/A,N/A,INDIRECT_POSITIVE,N/A
2025-09-17 21:55:27,UNKNOWN,UNKNOWN,ENEMY_DETECTION,INTELLIGENCE_GATHERING,CRITICAL,"vision_positions=0, tokens_checked=38, enemies_detected=0",THREAT_IDENTIFICATION,N/A,HIGH,IMMEDIATE,LOW,N/A,Wykryto 0 wrogich jednostek z 0 pozycji obserwacji,N/A,N/A,HIGH,DIRECT_POSITIVE,N/A
2025-09-17 21:55:27,1,3,PHASE1_SUMMARY,STRATEGIC_PLANNING,CRITICAL,"units=0, scouts_id=0, scouts_deployed=0, enemies=0",INTELLIGENCE_GATHERED,0_OPPORTUNITIES_IDENTIFIED,HIGH,MULTI_TURN,MEDIUM,N/A,"Faza 1 zakończona: 0 scoutów, 0 wrogów, 0 okazji",N/A,N/A,HIGH,STRATEGIC_FOUNDATION,N/A
2025-09-17 21:55:27,1,Polska,TURN_START,STRATEGIC_INITIALIZATION,CRITICAL,"nation=Polska, total_units=0, available_units=0",PHASE3_EXECUTION,N/A,HIGH,SINGLE_TURN,HIGH,N/A,Rozpoczęcie tury 1 dla Polska z 0 jednostkami,N/A,N/A,CRITICAL,STRATEGIC_POSITIONING,N/A
2025-09-17 21:55:29,N/A,Polska,STRATEGIC_DECISION,OPERATIONS,MEDIUM,"state=REASSIGNMENT, groups=5, reassignments=0",N/A,N/A,MEDIUM,N/A,N/A,N/A,"Strategy: REASSIGNMENT, aggression 0.50",N/A,N/A,N/A,N/A,N/A
2025-09-17 21:55:29,N/A,Polska,STRATEGIC_DECISION,OPERATIONS,MEDIUM,"state=REASSIGNMENT, groups=5, reassignments=0",N/A,N/A,MEDIUM,N/A,N/A,N/A,"Strategy: REASSIGNMENT, aggression 0.50",N/A,N/A,N/A,N/A,N/A
2025-09-17 21:55:29,N/A,Polska,STRATEGIC_DECISION,OPERATIONS,MEDIUM,"state=REASSIGNMENT, groups=1, reassignments=0",N/A,N/A,MEDIUM,N/A,N/A,N/A,"Strategy: REASSIGNMENT, aggression 0.50",N/A,N/A,N/A,N/A,N/A
2025-09-17 21:55:29,N/A,Polska,STRATEGIC_DECISION,OPERATIONS,MEDIUM,"state=REASSIGNMENT, groups=1, reassignments=0",N/A,N/A,MEDIUM,N/A,N/A,N/A,"Strategy: REASSIGNMENT, aggression 0.50",N/A,N/A,N/A,N/A,N/A
2025-09-17 21:55:29,N/A,Polska,STRATEGIC_DECISION,OPERATIONS,MEDIUM,"state=REASSIGNMENT, groups=1, reassignments=0",N/A,N/A,MEDIUM,N/A,N/A,N/A,"Strategy: REASSIGNMENT, aggression 0.50",N/A,N/A,N/A,N/A,N/A
2025-09-17 21:55:29,N/A,Polska,STRATEGIC_DECISION,OPERATIONS,MEDIUM,"state=REASSIGNMENT, groups=1, reassignments=0",N/A,N/A,MEDIUM,N/A,N/A,N/A,"Strategy: REASSIGNMENT, aggression 0.50",N/A,N/A,N/A,N/A,N/A
2025-09-17 21:55:29,1,Niemcy,TURN_START_VICTORY_AI,STRATEGIC_INITIALIZATION,CRITICAL,"nation=Niemcy, tokens=0, captured_kps=0",VICTORY_AI_ACTIVATION,N/A,HIGH,SINGLE_TURN,HIGH,N/A,Inicjalizacja Victory AI dla gracza 5 (Niemcy) w turze 1,N/A,N/A,CRITICAL,STRATEGIC_POSITIVE,N/A
2025-09-17 21:55:29,UNKNOWN,UNKNOWN,SCOUT_IDENTIFICATION,UNIT_ANALYSIS,MEDIUM,"total_units=0, scouts_found=0",EFFICIENT_RECONNAISSANCE,N/A,HIGH,IMMEDIATE,LOW,N/A,Identyfikacja 0 jednostek zwiadu z 0 dostępnych,N/A,N/A,N/A,INDIRECT_POSITIVE,N/A
2025-09-17 21:55:29,UNKNOWN,UNKNOWN,ENEMY_DETECTION,INTELLIGENCE_GATHERING,CRITICAL,"vision_positions=0, tokens_checked=38, enemies_detected=0",THREAT_IDENTIFICATION,N/A,HIGH,IMMEDIATE,LOW,N/A,Wykryto 0 wrogich jednostek z 0 pozycji obserwacji,N/A,N/A,HIGH,DIRECT_POSITIVE,N/A
2025-09-17 21:55:29,1,5,PHASE1_SUMMARY,STRATEGIC_PLANNING,CRITICAL,"units=0, scouts_id=0, scouts_deployed=0, enemies=0",INTELLIGENCE_GATHERED,0_OPPORTUNITIES_IDENTIFIED,HIGH,MULTI_TURN,MEDIUM,N/A,"Faza 1 zakończona: 0 scoutów, 0 wrogów, 0 okazji",N/A,N/A,HIGH,STRATEGIC_FOUNDATION,N/A
2025-09-17 21:55:29,UNKNOWN,UNKNOWN,SCOUT_IDENTIFICATION,UNIT_ANALYSIS,MEDIUM,"total_units=0, scouts_found=0",EFFICIENT_RECONNAISSANCE,N/A,HIGH,IMMEDIATE,LOW,N/A,Identyfikacja 0 jednostek zwiadu z 0 dostępnych,N/A,N/A,N/A,INDIRECT_POSITIVE,N/A
2025-09-17 21:55:29,UNKNOWN,UNKNOWN,ENEMY_DETECTION,INTELLIGENCE_GATHERING,CRITICAL,"vision_positions=0, tokens_checked=38, enemies_detected=0",THREAT_IDENTIFICATION,N/A,HIGH,IMMEDIATE,LOW,N/A,Wykryto 0 wrogich jednostek z 0 pozycji obserwacji,N/A,N/A,HIGH,DIRECT_POSITIVE,N/A
2025-09-17 21:55:29,1,5,PHASE1_SUMMARY,STRATEGIC_PLANNING,CRITICAL,"units=0, scouts_id=0, scouts_deployed=0, enemies=0",INTELLIGENCE_GATHERED,0_OPPORTUNITIES_IDENTIFIED,HIGH,MULTI_TURN,MEDIUM,N/A,"Faza 1 zakończona: 0 scoutów, 0 wrogów, 0 okazji",N/A,N/A,HIGH,STRATEGIC_FOUNDATION,N/A
2025-09-17 21:55:29,1,Niemcy,TURN_START,STRATEGIC_INITIALIZATION,CRITICAL,"nation=Niemcy, total_units=0, available_units=0",PHASE3_EXECUTION,N/A,HIGH,SINGLE_TURN,HIGH,N/A,Rozpoczęcie tury 1 dla Niemcy z 0 jednostkami,N/A,N/A,CRITICAL,STRATEGIC_POSITIONING,N/A
2025-09-17 21:55:29,UNKNOWN,UNKNOWN,SCOUT_IDENTIFICATION,UNIT_ANALYSIS,MEDIUM,"total_units=0, scouts_found=0",EFFICIENT_RECONNAISSANCE,N/A,HIGH,IMMEDIATE,LOW,N/A,Identyfikacja 0 jednostek zwiadu z 0 dostępnych,N/A,N/A,N/A,INDIRECT_POSITIVE,N/A
2025-09-17 21:55:29,UNKNOWN,UNKNOWN,ENEMY_DETECTION,INTELLIGENCE_GATHERING,CRITICAL,"vision_positions=0, tokens_checked=38, enemies_detected=0",THREAT_IDENTIFICATION,N/A,HIGH,IMMEDIATE,LOW,N/A,Wykryto 0 wrogich jednostek z 0 pozycji obserwacji,N/A,N/A,HIGH,DIRECT_POSITIVE,N/A
2025-09-17 21:55:29,1,5,PHASE1_SUMMARY,STRATEGIC_PLANNING,CRITICAL,"units=0, scouts_id=0, scouts_deployed=0, enemies=0",INTELLIGENCE_GATHERED,0_OPPORTUNITIES_IDENTIFIED,HIGH,MULTI_TURN,MEDIUM,N/A,"Faza 1 zakończona: 0 scoutów, 0 wrogów, 0 okazji",N/A,N/A,HIGH,STRATEGIC_FOUNDATION,N/A
2025-09-17 21:55:29,UNKNOWN,UNKNOWN,SCOUT_IDENTIFICATION,UNIT_ANALYSIS,MEDIUM,"total_units=0, scouts_found=0",EFFICIENT_RECONNAISSANCE,N/A,HIGH,IMMEDIATE,LOW,N/A,Identyfikacja 0 jednostek zwiadu z 0 dostępnych,N/A,N/A,N/A,INDIRECT_POSITIVE,N/A
2025-09-17 21:55:29,UNKNOWN,UNKNOWN,ENEMY_DETECTION,INTELLIGENCE_GATHERING,CRITICAL,"vision_positions=0, tokens_checked=38, enemies_detected=0",THREAT_IDENTIFICATION,N/A,HIGH,IMMEDIATE,LOW,N/A,Wykryto 0 wrogich jednostek z 0 pozycji obserwacji,N/A,N/A,HIGH,DIRECT_POSITIVE,N/A
2025-09-17 21:55:29,1,5,PHASE1_SUMMARY,STRATEGIC_PLANNING,CRITICAL,"units=0, scouts_id=0, scouts_deployed=0, enemies=0",INTELLIGENCE_GATHERED,0_OPPORTUNITIES_IDENTIFIED,HIGH,MULTI_TURN,MEDIUM,N/A,"Faza 1 zakończona: 0 scoutów, 0 wrogów, 0 okazji",N/A,N/A,HIGH,STRATEGIC_FOUNDATION,N/A
2025-09-17 21:55:29,1,Niemcy,TURN_START,STRATEGIC_INITIALIZATION,CRITICAL,"nation=Niemcy, total_units=0, available_units=0",PHASE3_EXECUTION,N/A,HIGH,SINGLE_TURN,HIGH,N/A,Rozpoczęcie tury 1 dla Niemcy z 0 jednostkami,N/A,N/A,CRITICAL,STRATEGIC_POSITIONING,N/A
2025-09-17 21:55:30,N/A,Niemcy,STRATEGIC_DECISION,OPERATIONS,MEDIUM,"state=REASSIGNMENT, groups=5, reassignments=0",N/A,N/A,MEDIUM,N/A,N/A,N/A,"Strategy: REASSIGNMENT, aggression 0.50",N/A,N/A,N/A,N/A,N/A
2025-09-17 21:55:30,N/A,Niemcy,STRATEGIC_DECISION,OPERATIONS,MEDIUM,"state=REASSIGNMENT, groups=5, reassignments=0",N/A,N/A,MEDIUM,N/A,N/A,N/A,"Strategy: REASSIGNMENT, aggression 0.50",N/A,N/A,N/A,N/A,N/A
2025-09-17 21:55:30,N/A,Niemcy,STRATEGIC_DECISION,OPERATIONS,MEDIUM,"state=REASSIGNMENT, groups=1, reassignments=0",N/A,N/A,MEDIUM,N/A,N/A,N/A,"Strategy: REASSIGNMENT, aggression 0.50",N/A,N/A,N/A,N/A,N/A
2025-09-17 21:55:30,N/A,Niemcy,STRATEGIC_DECISION,OPERATIONS,MEDIUM,"state=REASSIGNMENT, groups=1, reassignments=0",N/A,N/A,MEDIUM,N/A,N/A,N/A,"Strategy: REASSIGNMENT, aggression 0.50",N/A,N/A,N/A,N/A,N/A
2025-09-17 21:55:30,N/A,Niemcy,STRATEGIC_DECISION,OPERATIONS,MEDIUM,"state=REASSIGNMENT, groups=1, reassignments=0",N/A,N/A,MEDIUM,N/A,N/A,N/A,"Strategy: REASSIGNMENT, aggression 0.50",N/A,N/A,N/A,N/A,N/A
2025-09-17 21:55:30,N/A,Niemcy,STRATEGIC_DECISION,OPERATIONS,MEDIUM,"state=REASSIGNMENT, groups=1, reassignments=0",N/A,N/A,MEDIUM,N/A,N/A,N/A,"Strategy: REASSIGNMENT, aggression 0.50",N/A,N/A,N/A,N/A,N/A
2025-09-17 21:55:30,N/A,Niemcy,STRATEGIC_DECISION,OPERATIONS,MEDIUM,"state=REASSIGNMENT, groups=1, reassignments=0",N/A,N/A,MEDIUM,N/A,N/A,N/A,"Strategy: REASSIGNMENT, aggression 0.50",N/A,N/A,N/A,N/A,N/A
2025-09-17 21:55:30,1,Niemcy,TURN_START_VICTORY_AI,STRATEGIC_INITIALIZATION,CRITICAL,"nation=Niemcy, tokens=0, captured_kps=0",VICTORY_AI_ACTIVATION,N/A,HIGH,SINGLE_TURN,HIGH,N/A,Inicjalizacja Victory AI dla gracza 6 (Niemcy) w turze 1,N/A,N/A,CRITICAL,STRATEGIC_POSITIVE,N/A
2025-09-17 21:55:30,UNKNOWN,UNKNOWN,SCOUT_IDENTIFICATION,UNIT_ANALYSIS,MEDIUM,"total_units=0, scouts_found=0",EFFICIENT_RECONNAISSANCE,N/A,HIGH,IMMEDIATE,LOW,N/A,Identyfikacja 0 jednostek zwiadu z 0 dostępnych,N/A,N/A,N/A,INDIRECT_POSITIVE,N/A
2025-09-17 21:55:30,UNKNOWN,UNKNOWN,ENEMY_DETECTION,INTELLIGENCE_GATHERING,CRITICAL,"vision_positions=0, tokens_checked=38, enemies_detected=0",THREAT_IDENTIFICATION,N/A,HIGH,IMMEDIATE,LOW,N/A,Wykryto 0 wrogich jednostek z 0 pozycji obserwacji,N/A,N/A,HIGH,DIRECT_POSITIVE,N/A
2025-09-17 21:55:30,1,6,PHASE1_SUMMARY,STRATEGIC_PLANNING,CRITICAL,"units=0, scouts_id=0, scouts_deployed=0, enemies=0",INTELLIGENCE_GATHERED,0_OPPORTUNITIES_IDENTIFIED,HIGH,MULTI_TURN,MEDIUM,N/A,"Faza 1 zakończona: 0 scoutów, 0 wrogów, 0 okazji",N/A,N/A,HIGH,STRATEGIC_FOUNDATION,N/A
2025-09-17 21:55:30,UNKNOWN,UNKNOWN,SCOUT_IDENTIFICATION,UNIT_ANALYSIS,MEDIUM,"total_units=0, scouts_found=0",EFFICIENT_RECONNAISSANCE,N/A,HIGH,IMMEDIATE,LOW,N/A,Identyfikacja 0 jednostek zwiadu z 0 dostępnych,N/A,N/A,N/A,INDIRECT_POSITIVE,N/A
2025-09-17 21:55:30,UNKNOWN,UNKNOWN,ENEMY_DETECTION,INTELLIGENCE_GATHERING,CRITICAL,"vision_positions=0, tokens_checked=38, enemies_detected=0",THREAT_IDENTIFICATION,N/A,HIGH,IMMEDIATE,LOW,N/A,Wykryto 0 wrogich jednostek z 0 pozycji obserwacji,N/A,N/A,HIGH,DIRECT_POSITIVE,N/A
2025-09-17 21:55:30,1,6,PHASE1_SUMMARY,STRATEGIC_PLANNING,CRITICAL,"units=0, scouts_id=0, scouts_deployed=0, enemies=0",INTELLIGENCE_GATHERED,0_OPPORTUNITIES_IDENTIFIED,HIGH,MULTI_TURN,MEDIUM,N/A,"Faza 1 zakończona: 0 scoutów, 0 wrogów, 0 okazji",N/A,N/A,HIGH,STRATEGIC_FOUNDATION,N/A
2025-09-17 21:55:30,1,Niemcy,TURN_START,STRATEGIC_INITIALIZATION,CRITICAL,"nation=Niemcy, total_units=0, available_units=0",PHASE3_EXECUTION,N/A,HIGH,SINGLE_TURN,HIGH,N/A,Rozpoczęcie tury 1 dla Niemcy z 0 jednostkami,N/A,N/A,CRITICAL,STRATEGIC_POSITIONING,N/A
2025-09-17 21:55:30,UNKNOWN,UNKNOWN,SCOUT_IDENTIFICATION,UNIT_ANALYSIS,MEDIUM,"total_units=0, scouts_found=0",EFFICIENT_RECONNAISSANCE,N/A,HIGH,IMMEDIATE,LOW,N/A,Identyfikacja 0 jednostek zwiadu z 0 dostępnych,N/A,N/A,N/A,INDIRECT_POSITIVE,N/A
2025-09-17 21:55:30,UNKNOWN,UNKNOWN,ENEMY_DETECTION,INTELLIGENCE_GATHERING,CRITICAL,"vision_positions=0, tokens_checked=38, enemies_detected=0",THREAT_IDENTIFICATION,N/A,HIGH,IMMEDIATE,LOW,N/A,Wykryto 0 wrogich jednostek z 0 pozycji obserwacji,N/A,N/A,HIGH,DIRECT_POSITIVE,N/A
2025-09-17 21:55:30,1,6,PHASE1_SUMMARY,STRATEGIC_PLANNING,CRITICAL,"units=0, scouts_id=0, scouts_deployed=0, enemies=0",INTELLIGENCE_GATHERED,0_OPPORTUNITIES_IDENTIFIED,HIGH,MULTI_TURN,MEDIUM,N/A,"Faza 1 zakończona: 0 scoutów, 0 wrogów, 0 okazji",N/A,N/A,HIGH,STRATEGIC_FOUNDATION,N/A
2025-09-17 21:55:30,UNKNOWN,UNKNOWN,SCOUT_IDENTIFICATION,UNIT_ANALYSIS,MEDIUM,"total_units=0, scouts_found=0",EFFICIENT_RECONNAISSANCE,N/A,HIGH,IMMEDIATE,LOW,N/A,Identyfikacja 0 jednostek zwiadu z 0 dostępnych,N/A,N/A,N/A,INDIRECT_POSITIVE,N/A
2025-09-17 21:55:30,UNKNOWN,UNKNOWN,ENEMY_DETECTION,INTELLIGENCE_GATHERING,CRITICAL,"vision_positions=0, tokens_checked=38, enemies_detected=0",THREAT_IDENTIFICATION,N/A,HIGH,IMMEDIATE,LOW,N/A,Wykryto 0 wrogich jednostek z 0 pozycji obserwacji,N/A,N/A,HIGH,DIRECT_POSITIVE,N/A
2025-09-17 21:55:30,1,6,PHASE1_SUMMARY,STRATEGIC_PLANNING,CRITICAL,"units=0, scouts_id=0, scouts_deployed=0, enemies=0",INTELLIGENCE_GATHERED,0_OPPORTUNITIES_IDENTIFIED,HIGH,MULTI_TURN,MEDIUM,N/A,"Faza 1 zakończona: 0 scoutów, 0 wrogów, 0 okazji",N/A,N/A,HIGH,STRATEGIC_FOUNDATION,N/A
2025-09-17 21:55:30,1,Niemcy,TURN_START,STRATEGIC_INITIALIZATION,CRITICAL,"nation=Niemcy, total_units=0, available_units=0",PHASE3_EXECUTION,N/A,HIGH,SINGLE_TURN,HIGH,N/A,Rozpoczęcie tury 1 dla Niemcy z 0 jednostkami,N/A,N/A,CRITICAL,STRATEGIC_POSITIONING,N/A
2025-09-17 21:55:31,N/A,Niemcy,STRATEGIC_DECISION,OPERATIONS,MEDIUM,"state=REASSIGNMENT, groups=4, reassignments=0",N/A,N/A,MEDIUM,N/A,N/A,N/A,"Strategy: REASSIGNMENT, aggression 0.50",N/A,N/A,N/A,N/A,N/A
2025-09-17 21:55:31,N/A,Niemcy,STRATEGIC_DECISION,OPERATIONS,MEDIUM,"state=REASSIGNMENT, groups=4, reassignments=0",N/A,N/A,MEDIUM,N/A,N/A,N/A,"Strategy: REASSIGNMENT, aggression 0.50",N/A,N/A,N/A,N/A,N/A
2025-09-17 21:55:31,N/A,Niemcy,STRATEGIC_DECISION,OPERATIONS,MEDIUM,"state=REASSIGNMENT, groups=1, reassignments=0",N/A,N/A,MEDIUM,N/A,N/A,N/A,"Strategy: REASSIGNMENT, aggression 0.50",N/A,N/A,N/A,N/A,N/A
2025-09-17 21:55:31,N/A,Niemcy,STRATEGIC_DECISION,OPERATIONS,MEDIUM,"state=REASSIGNMENT, groups=1, reassignments=0",N/A,N/A,MEDIUM,N/A,N/A,N/A,"Strategy: REASSIGNMENT, aggression 0.50",N/A,N/A,N/A,N/A,N/A
2025-09-17 21:55:32,N/A,Niemcy,STRATEGIC_DECISION,OPERATIONS,MEDIUM,"state=REASSIGNMENT, groups=1, reassignments=0",N/A,N/A,MEDIUM,N/A,N/A,N/A,"Strategy: REASSIGNMENT, aggression 0.50",N/A,N/A,N/A,N/A,N/A
2025-09-17 21:55:32,N/A,Niemcy,STRATEGIC_DECISION,OPERATIONS,MEDIUM,"state=REASSIGNMENT, groups=1, reassignments=0",N/A,N/A,MEDIUM,N/A,N/A,N/A,"Strategy: REASSIGNMENT, aggression 0.50",N/A,N/A,N/A,N/A,N/A
2025-09-17 21:55:32,1,Polska,TURN_START_VICTORY_AI,STRATEGIC_INITIALIZATION,CRITICAL,"nation=Polska, tokens=0, captured_kps=0",VICTORY_AI_ACTIVATION,N/A,HIGH,SINGLE_TURN,HIGH,N/A,Inicjalizacja Victory AI dla gracza 2 (Polska) w turze 1,N/A,N/A,CRITICAL,STRATEGIC_POSITIVE,N/A
2025-09-17 21:55:32,UNKNOWN,UNKNOWN,SCOUT_IDENTIFICATION,UNIT_ANALYSIS,MEDIUM,"total_units=0, scouts_found=0",EFFICIENT_RECONNAISSANCE,N/A,HIGH,IMMEDIATE,LOW,N/A,Identyfikacja 0 jednostek zwiadu z 0 dostępnych,N/A,N/A,N/A,INDIRECT_POSITIVE,N/A
2025-09-17 21:55:32,UNKNOWN,UNKNOWN,ENEMY_DETECTION,INTELLIGENCE_GATHERING,CRITICAL,"vision_positions=0, tokens_checked=38, enemies_detected=0",THREAT_IDENTIFICATION,N/A,HIGH,IMMEDIATE,LOW,N/A,Wykryto 0 wrogich jednostek z 0 pozycji obserwacji,N/A,N/A,HIGH,DIRECT_POSITIVE,N/A
2025-09-17 21:55:32,1,2,PHASE1_SUMMARY,STRATEGIC_PLANNING,CRITICAL,"units=0, scouts_id=0, scouts_deployed=0, enemies=0",INTELLIGENCE_GATHERED,0_OPPORTUNITIES_IDENTIFIED,HIGH,MULTI_TURN,MEDIUM,N/A,"Faza 1 zakończona: 0 scoutów, 0 wrogów, 0 okazji",N/A,N/A,HIGH,STRATEGIC_FOUNDATION,N/A
2025-09-17 21:55:32,UNKNOWN,UNKNOWN,SCOUT_IDENTIFICATION,UNIT_ANALYSIS,MEDIUM,"total_units=0, scouts_found=0",EFFICIENT_RECONNAISSANCE,N/A,HIGH,IMMEDIATE,LOW,N/A,Identyfikacja 0 jednostek zwiadu z 0 dostępnych,N/A,N/A,N/A,INDIRECT_POSITIVE,N/A
2025-09-17 21:55:32,UNKNOWN,UNKNOWN,ENEMY_DETECTION,INTELLIGENCE_GATHERING,CRITICAL,"vision_positions=0, tokens_checked=38, enemies_detected=0",THREAT_IDENTIFICATION,N/A,HIGH,IMMEDIATE,LOW,N/A,Wykryto 0 wrogich jednostek z 0 pozycji obserwacji,N/A,N/A,HIGH,DIRECT_POSITIVE,N/A
2025-09-17 21:55:32,1,2,PHASE1_SUMMARY,STRATEGIC_PLANNING,CRITICAL,"units=0, scouts_id=0, scouts_deployed=0, enemies=0",INTELLIGENCE_GATHERED,0_OPPORTUNITIES_IDENTIFIED,HIGH,MULTI_TURN,MEDIUM,N/A,"Faza 1 zakończona: 0 scoutów, 0 wrogów, 0 okazji",N/A,N/A,HIGH,STRATEGIC_FOUNDATION,N/A
2025-09-17 21:55:32,1,Polska,TURN_START,STRATEGIC_INITIALIZATION,CRITICAL,"nation=Polska, total_units=0, available_units=0",PHASE3_EXECUTION,N/A,HIGH,SINGLE_TURN,HIGH,N/A,Rozpoczęcie tury 1 dla Polska z 0 jednostkami,N/A,N/A,CRITICAL,STRATEGIC_POSITIONING,N/A
2025-09-17 21:55:32,UNKNOWN,UNKNOWN,SCOUT_IDENTIFICATION,UNIT_ANALYSIS,MEDIUM,"total_units=0, scouts_found=0",EFFICIENT_RECONNAISSANCE,N/A,HIGH,IMMEDIATE,LOW,N/A,Identyfikacja 0 jednostek zwiadu z 0 dostępnych,N/A,N/A,N/A,INDIRECT_POSITIVE,N/A
2025-09-17 21:55:32,UNKNOWN,UNKNOWN,ENEMY_DETECTION,INTELLIGENCE_GATHERING,CRITICAL,"vision_positions=0, tokens_checked=38, enemies_detected=0",THREAT_IDENTIFICATION,N/A,HIGH,IMMEDIATE,LOW,N/A,Wykryto 0 wrogich jednostek z 0 pozycji obserwacji,N/A,N/A,HIGH,DIRECT_POSITIVE,N/A
2025-09-17 21:55:32,1,2,PHASE1_SUMMARY,STRATEGIC_PLANNING,CRITICAL,"units=0, scouts_id=0, scouts_deployed=0, enemies=0",INTELLIGENCE_GATHERED,0_OPPORTUNITIES_IDENTIFIED,HIGH,MULTI_TURN,MEDIUM,N/A,"Faza 1 zakończona: 0 scoutów, 0 wrogów, 0 okazji",N/A,N/A,HIGH,STRATEGIC_FOUNDATION,N/A
2025-09-17 21:55:32,UNKNOWN,UNKNOWN,SCOUT_IDENTIFICATION,UNIT_ANALYSIS,MEDIUM,"total_units=0, scouts_found=0",EFFICIENT_RECONNAISSANCE,N/A,HIGH,IMMEDIATE,LOW,N/A,Identyfikacja 0 jednostek zwiadu z 0 dostępnych,N/A,N/A,N/A,INDIRECT_POSITIVE,N/A
2025-09-17 21:55:32,UNKNOWN,UNKNOWN,ENEMY_DETECTION,INTELLIGENCE_GATHERING,CRITICAL,"vision_positions=0, tokens_checked=38, enemies_detected=0",THREAT_IDENTIFICATION,N/A,HIGH,IMMEDIATE,LOW,N/A,Wykryto 0 wrogich jednostek z 0 pozycji obserwacji,N/A,N/A,HIGH,DIRECT_POSITIVE,N/A
2025-09-17 21:55:32,1,2,PHASE1_SUMMARY,STRATEGIC_PLANNING,CRITICAL,"units=0, scouts_id=0, scouts_deployed=0, enemies=0",INTELLIGENCE_GATHERED,0_OPPORTUNITIES_IDENTIFIED,HIGH,MULTI_TURN,MEDIUM,N/A,"Faza 1 zakończona: 0 scoutów, 0 wrogów, 0 okazji",N/A,N/A,HIGH,STRATEGIC_FOUNDATION,N/A
2025-09-17 21:55:32,1,Polska,TURN_START,STRATEGIC_INITIALIZATION,CRITICAL,"nation=Polska, total_units=0, available_units=0",PHASE3_EXECUTION,N/A,HIGH,SINGLE_TURN,HIGH,N/A,Rozpoczęcie tury 1 dla Polska z 0 jednostkami,N/A,N/A,CRITICAL,STRATEGIC_POSITIONING,N/A
2025-09-17 21:55:33,N/A,Polska,STRATEGIC_DECISION,OPERATIONS,MEDIUM,"state=REASSIGNMENT, groups=5, reassignments=0",N/A,N/A,MEDIUM,N/A,N/A,N/A,"Strategy: REASSIGNMENT, aggression 0.50",N/A,N/A,N/A,N/A,N/A
2025-09-17 21:55:33,N/A,Polska,STRATEGIC_DECISION,OPERATIONS,MEDIUM,"state=REASSIGNMENT, groups=5, reassignments=0",N/A,N/A,MEDIUM,N/A,N/A,N/A,"Strategy: REASSIGNMENT, aggression 0.50",N/A,N/A,N/A,N/A,N/A
2025-09-17 21:55:33,N/A,Polska,STRATEGIC_DECISION,OPERATIONS,MEDIUM,"state=REASSIGNMENT, groups=1, reassignments=0",N/A,N/A,MEDIUM,N/A,N/A,N/A,"Strategy: REASSIGNMENT, aggression 0.50",N/A,N/A,N/A,N/A,N/A
2025-09-17 21:55:33,N/A,Polska,STRATEGIC_DECISION,OPERATIONS,MEDIUM,"state=REASSIGNMENT, groups=1, reassignments=0",N/A,N/A,MEDIUM,N/A,N/A,N/A,"Strategy: REASSIGNMENT, aggression 0.50",N/A,N/A,N/A,N/A,N/A
2025-09-17 21:55:33,N/A,Polska,STRATEGIC_DECISION,OPERATIONS,MEDIUM,"state=REASSIGNMENT, groups=1, reassignments=0",N/A,N/A,MEDIUM,N/A,N/A,N/A,"Strategy: REASSIGNMENT, aggression 0.50",N/A,N/A,N/A,N/A,N/A
2025-09-17 21:55:33,1,Polska,TURN_START_VICTORY_AI,STRATEGIC_INITIALIZATION,CRITICAL,"nation=Polska, tokens=0, captured_kps=0",VICTORY_AI_ACTIVATION,N/A,HIGH,SINGLE_TURN,HIGH,N/A,Inicjalizacja Victory AI dla gracza 3 (Polska) w turze 1,N/A,N/A,CRITICAL,STRATEGIC_POSITIVE,N/A
2025-09-17 21:55:33,UNKNOWN,UNKNOWN,SCOUT_IDENTIFICATION,UNIT_ANALYSIS,MEDIUM,"total_units=0, scouts_found=0",EFFICIENT_RECONNAISSANCE,N/A,HIGH,IMMEDIATE,LOW,N/A,Identyfikacja 0 jednostek zwiadu z 0 dostępnych,N/A,N/A,N/A,INDIRECT_POSITIVE,N/A
2025-09-17 21:55:33,UNKNOWN,UNKNOWN,ENEMY_DETECTION,INTELLIGENCE_GATHERING,CRITICAL,"vision_positions=0, tokens_checked=38, enemies_detected=0",THREAT_IDENTIFICATION,N/A,HIGH,IMMEDIATE,LOW,N/A,Wykryto 0 wrogich jednostek z 0 pozycji obserwacji,N/A,N/A,HIGH,DIRECT_POSITIVE,N/A
2025-09-17 21:55:33,1,3,PHASE1_SUMMARY,STRATEGIC_PLANNING,CRITICAL,"units=0, scouts_id=0, scouts_deployed=0, enemies=0",INTELLIGENCE_GATHERED,0_OPPORTUNITIES_IDENTIFIED,HIGH,MULTI_TURN,MEDIUM,N/A,"Faza 1 zakończona: 0 scoutów, 0 wrogów, 0 okazji",N/A,N/A,HIGH,STRATEGIC_FOUNDATION,N/A
2025-09-17 21:55:33,UNKNOWN,UNKNOWN,SCOUT_IDENTIFICATION,UNIT_ANALYSIS,MEDIUM,"total_units=0, scouts_found=0",EFFICIENT_RECONNAISSANCE,N/A,HIGH,IMMEDIATE,LOW,N/A,Identyfikacja 0 jednostek zwiadu z 0 dostępnych,N/A,N/A,N/A,INDIRECT_POSITIVE,N/A
2025-09-17 21:55:33,UNKNOWN,UNKNOWN,ENEMY_DETECTION,INTELLIGENCE_GATHERING,CRITICAL,"vision_positions=0, tokens_checked=38, enemies_detected=0",THREAT_IDENTIFICATION,N/A,HIGH,IMMEDIATE,LOW,N/A,Wykryto 0 wrogich jednostek z 0 pozycji obserwacji,N/A,N/A,HIGH,DIRECT_POSITIVE,N/A
2025-09-17 21:55:33,1,3,PHASE1_SUMMARY,STRATEGIC_PLANNING,CRITICAL,"units=0, scouts_id=0, scouts_deployed=0, enemies=0",INTELLIGENCE_GATHERED,0_OPPORTUNITIES_IDENTIFIED,HIGH,MULTI_TURN,MEDIUM,N/A,"Faza 1 zakończona: 0 scoutów, 0 wrogów, 0 okazji",N/A,N/A,HIGH,STRATEGIC_FOUNDATION,N/A
2025-09-17 21:55:33,1,Polska,TURN_START,STRATEGIC_INITIALIZATION,CRITICAL,"nation=Polska, total_units=0, available_units=0",PHASE3_EXECUTION,N/A,HIGH,SINGLE_TURN,HIGH,N/A,Rozpoczęcie tury 1 dla Polska z 0 jednostkami,N/A,N/A,CRITICAL,STRATEGIC_POSITIONING,N/A
2025-09-17 21:55:33,UNKNOWN,UNKNOWN,SCOUT_IDENTIFICATION,UNIT_ANALYSIS,MEDIUM,"total_units=0, scouts_found=0",EFFICIENT_RECONNAISSANCE,N/A,HIGH,IMMEDIATE,LOW,N/A,Identyfikacja 0 jednostek zwiadu z 0 dostępnych,N/A,N/A,N/A,INDIRECT_POSITIVE,N/A
2025-09-17 21:55:33,UNKNOWN,UNKNOWN,ENEMY_DETECTION,INTELLIGENCE_GATHERING,CRITICAL,"vision_positions=0, tokens_checked=38, enemies_detected=0",THREAT_IDENTIFICATION,N/A,HIGH,IMMEDIATE,LOW,N/A,Wykryto 0 wrogich jednostek z 0 pozycji obserwacji,N/A,N/A,HIGH,DIRECT_POSITIVE,N/A
2025-09-17 21:55:33,1,3,PHASE1_SUMMARY,STRATEGIC_PLANNING,CRITICAL,"units=0, scouts_id=0, scouts_deployed=0, enemies=0",INTELLIGENCE_GATHERED,0_OPPORTUNITIES_IDENTIFIED,HIGH,MULTI_TURN,MEDIUM,N/A,"Faza 1 zakończona: 0 scoutów, 0 wrogów, 0 okazji",N/A,N/A,HIGH,STRATEGIC_FOUNDATION,N/A
2025-09-17 21:55:33,UNKNOWN,UNKNOWN,SCOUT_IDENTIFICATION,UNIT_ANALYSIS,MEDIUM,"total_units=0, scouts_found=0",EFFICIENT_RECONNAISSANCE,N/A,HIGH,IMMEDIATE,LOW,N/A,Identyfikacja 0 jednostek zwiadu z 0 dostępnych,N/A,N/A,N/A,INDIRECT_POSITIVE,N/A
2025-09-17 21:55:33,UNKNOWN,UNKNOWN,ENEMY_DETECTION,INTELLIGENCE_GATHERING,CRITICAL,"vision_positions=0, tokens_checked=38, enemies_detected=0",THREAT_IDENTIFICATION,N/A,HIGH,IMMEDIATE,LOW,N/A,Wykryto 0 wrogich jednostek z 0 pozycji obserwacji,N/A,N/A,HIGH,DIRECT_POSITIVE,N/A
2025-09-17 21:55:33,1,3,PHASE1_SUMMARY,STRATEGIC_PLANNING,CRITICAL,"units=0, scouts_id=0, scouts_deployed=0, enemies=0",INTELLIGENCE_GATHERED,0_OPPORTUNITIES_IDENTIFIED,HIGH,MULTI_TURN,MEDIUM,N/A,"Faza 1 zakończona: 0 scoutów, 0 wrogów, 0 okazji",N/A,N/A,HIGH,STRATEGIC_FOUNDATION,N/A
2025-09-17 21:55:33,1,Polska,TURN_START,STRATEGIC_INITIALIZATION,CRITICAL,"nation=Polska, total_units=0, available_units=0",PHASE3_EXECUTION,N/A,HIGH,SINGLE_TURN,HIGH,N/A,Rozpoczęcie tury 1 dla Polska z 0 jednostkami,N/A,N/A,CRITICAL,STRATEGIC_POSITIONING,N/A
2025-09-17 21:55:35,N/A,Polska,STRATEGIC_DECISION,OPERATIONS,MEDIUM,"state=REASSIGNMENT, groups=5, reassignments=0",N/A,N/A,MEDIUM,N/A,N/A,N/A,"Strategy: REASSIGNMENT, aggression 0.50",N/A,N/A,N/A,N/A,N/A
2025-09-17 21:55:35,N/A,Polska,STRATEGIC_DECISION,OPERATIONS,MEDIUM,"state=REASSIGNMENT, groups=5, reassignments=0",N/A,N/A,MEDIUM,N/A,N/A,N/A,"Strategy: REASSIGNMENT, aggression 0.50",N/A,N/A,N/A,N/A,N/A
2025-09-17 21:55:35,N/A,Polska,STRATEGIC_DECISION,OPERATIONS,MEDIUM,"state=REASSIGNMENT, groups=1, reassignments=0",N/A,N/A,MEDIUM,N/A,N/A,N/A,"Strategy: REASSIGNMENT, aggression 0.50",N/A,N/A,N/A,N/A,N/A
2025-09-17 21:55:35,N/A,Polska,STRATEGIC_DECISION,OPERATIONS,MEDIUM,"state=REASSIGNMENT, groups=1, reassignments=0",N/A,N/A,MEDIUM,N/A,N/A,N/A,"Strategy: REASSIGNMENT, aggression 0.50",N/A,N/A,N/A,N/A,N/A
2025-09-17 21:55:35,N/A,Polska,STRATEGIC_DECISION,OPERATIONS,MEDIUM,"state=REASSIGNMENT, groups=1, reassignments=0",N/A,N/A,MEDIUM,N/A,N/A,N/A,"Strategy: REASSIGNMENT, aggression 0.50",N/A,N/A,N/A,N/A,N/A
2025-09-17 21:55:35,N/A,Polska,STRATEGIC_DECISION,OPERATIONS,MEDIUM,"state=REASSIGNMENT, groups=1, reassignments=0",N/A,N/A,MEDIUM,N/A,N/A,N/A,"Strategy: REASSIGNMENT, aggression 0.50",N/A,N/A,N/A,N/A,N/A
2025-09-17 21:55:35,N/A,Polska,STRATEGIC_DECISION,OPERATIONS,MEDIUM,"state=REASSIGNMENT, groups=1, reassignments=0",N/A,N/A,MEDIUM,N/A,N/A,N/A,"Strategy: REASSIGNMENT, aggression 0.50",N/A,N/A,N/A,N/A,N/A
2025-09-17 21:55:35,1,Niemcy,TURN_START_VICTORY_AI,STRATEGIC_INITIALIZATION,CRITICAL,"nation=Niemcy, tokens=0, captured_kps=0",VICTORY_AI_ACTIVATION,N/A,HIGH,SINGLE_TURN,HIGH,N/A,Inicjalizacja Victory AI dla gracza 5 (Niemcy) w turze 1,N/A,N/A,CRITICAL,STRATEGIC_POSITIVE,N/A
2025-09-17 21:55:35,UNKNOWN,UNKNOWN,SCOUT_IDENTIFICATION,UNIT_ANALYSIS,MEDIUM,"total_units=0, scouts_found=0",EFFICIENT_RECONNAISSANCE,N/A,HIGH,IMMEDIATE,LOW,N/A,Identyfikacja 0 jednostek zwiadu z 0 dostępnych,N/A,N/A,N/A,INDIRECT_POSITIVE,N/A
2025-09-17 21:55:35,UNKNOWN,UNKNOWN,ENEMY_DETECTION,INTELLIGENCE_GATHERING,CRITICAL,"vision_positions=0, tokens_checked=38, enemies_detected=0",THREAT_IDENTIFICATION,N/A,HIGH,IMMEDIATE,LOW,N/A,Wykryto 0 wrogich jednostek z 0 pozycji obserwacji,N/A,N/A,HIGH,DIRECT_POSITIVE,N/A
2025-09-17 21:55:35,1,5,PHASE1_SUMMARY,STRATEGIC_PLANNING,CRITICAL,"units=0, scouts_id=0, scouts_deployed=0, enemies=0",INTELLIGENCE_GATHERED,0_OPPORTUNITIES_IDENTIFIED,HIGH,MULTI_TURN,MEDIUM,N/A,"Faza 1 zakończona: 0 scoutów, 0 wrogów, 0 okazji",N/A,N/A,HIGH,STRATEGIC_FOUNDATION,N/A
2025-09-17 21:55:35,UNKNOWN,UNKNOWN,SCOUT_IDENTIFICATION,UNIT_ANALYSIS,MEDIUM,"total_units=0, scouts_found=0",EFFICIENT_RECONNAISSANCE,N/A,HIGH,IMMEDIATE,LOW,N/A,Identyfikacja 0 jednostek zwiadu z 0 dostępnych,N/A,N/A,N/A,INDIRECT_POSITIVE,N/A
2025-09-17 21:55:35,UNKNOWN,UNKNOWN,ENEMY_DETECTION,INTELLIGENCE_GATHERING,CRITICAL,"vision_positions=0, tokens_checked=38, enemies_detected=0",THREAT_IDENTIFICATION,N/A,HIGH,IMMEDIATE,LOW,N/A,Wykryto 0 wrogich jednostek z 0 pozycji obserwacji,N/A,N/A,HIGH,DIRECT_POSITIVE,N/A
2025-09-17 21:55:35,1,5,PHASE1_SUMMARY,STRATEGIC_PLANNING,CRITICAL,"units=0, scouts_id=0, scouts_deployed=0, enemies=0",INTELLIGENCE_GATHERED,0_OPPORTUNITIES_IDENTIFIED,HIGH,MULTI_TURN,MEDIUM,N/A,"Faza 1 zakończona: 0 scoutów, 0 wrogów, 0 okazji",N/A,N/A,HIGH,STRATEGIC_FOUNDATION,N/A
2025-09-17 21:55:35,1,Niemcy,TURN_START,STRATEGIC_INITIALIZATION,CRITICAL,"nation=Niemcy, total_units=0, available_units=0",PHASE3_EXECUTION,N/A,HIGH,SINGLE_TURN,HIGH,N/A,Rozpoczęcie tury 1 dla Niemcy z 0 jednostkami,N/A,N/A,CRITICAL,STRATEGIC_POSITIONING,N/A
2025-09-17 21:55:35,UNKNOWN,UNKNOWN,SCOUT_IDENTIFICATION,UNIT_ANALYSIS,MEDIUM,"total_units=0, scouts_found=0",EFFICIENT_RECONNAISSANCE,N/A,HIGH,IMMEDIATE,LOW,N/A,Identyfikacja 0 jednostek zwiadu z 0 dostępnych,N/A,N/A,N/A,INDIRECT_POSITIVE,N/A
2025-09-17 21:55:35,UNKNOWN,UNKNOWN,ENEMY_DETECTION,INTELLIGENCE_GATHERING,CRITICAL,"vision_positions=0, tokens_checked=38, enemies_detected=0",THREAT_IDENTIFICATION,N/A,HIGH,IMMEDIATE,LOW,N/A,Wykryto 0 wrogich jednostek z 0 pozycji obserwacji,N/A,N/A,HIGH,DIRECT_POSITIVE,N/A
2025-09-17 21:55:35,1,5,PHASE1_SUMMARY,STRATEGIC_PLANNING,CRITICAL,"units=0, scouts_id=0, scouts_deployed=0, enemies=0",INTELLIGENCE_GATHERED,0_OPPORTUNITIES_IDENTIFIED,HIGH,MULTI_TURN,MEDIUM,N/A,"Faza 1 zakończona: 0 scoutów, 0 wrogów, 0 okazji",N/A,N/A,HIGH,STRATEGIC_FOUNDATION,N/A
2025-09-17 21:55:35,UNKNOWN,UNKNOWN,SCOUT_IDENTIFICATION,UNIT_ANALYSIS,MEDIUM,"total_units=0, scouts_found=0",EFFICIENT_RECONNAISSANCE,N/A,HIGH,IMMEDIATE,LOW,N/A,Identyfikacja 0 jednostek zwiadu z 0 dostępnych,N/A,N/A,N/A,INDIRECT_POSITIVE,N/A
2025-09-17 21:55:35,UNKNOWN,UNKNOWN,ENEMY_DETECTION,INTELLIGENCE_GATHERING,CRITICAL,"vision_positions=0, tokens_checked=38, enemies_detected=0",THREAT_IDENTIFICATION,N/A,HIGH,IMMEDIATE,LOW,N/A,Wykryto 0 wrogich jednostek z 0 pozycji obserwacji,N/A,N/A,HIGH,DIRECT_POSITIVE,N/A
2025-09-17 21:55:35,1,5,PHASE1_SUMMARY,STRATEGIC_PLANNING,CRITICAL,"units=0, scouts_id=0, scouts_deployed=0, enemies=0",INTELLIGENCE_GATHERED,0_OPPORTUNITIES_IDENTIFIED,HIGH,MULTI_TURN,MEDIUM,N/A,"Faza 1 zakończona: 0 scoutów, 0 wrogów, 0 okazji",N/A,N/A,HIGH,STRATEGIC_FOUNDATION,N/A
2025-09-17 21:55:35,1,Niemcy,TURN_START,STRATEGIC_INITIALIZATION,CRITICAL,"nation=Niemcy, total_units=0, available_units=0",PHASE3_EXECUTION,N/A,HIGH,SINGLE_TURN,HIGH,N/A,Rozpoczęcie tury 1 dla Niemcy z 0 jednostkami,N/A,N/A,CRITICAL,STRATEGIC_POSITIONING,N/A
2025-09-17 21:55:36,N/A,Niemcy,STRATEGIC_DECISION,OPERATIONS,MEDIUM,"state=REASSIGNMENT, groups=5, reassignments=0",N/A,N/A,MEDIUM,N/A,N/A,N/A,"Strategy: REASSIGNMENT, aggression 0.50",N/A,N/A,N/A,N/A,N/A
2025-09-17 21:55:36,N/A,Niemcy,STRATEGIC_DECISION,OPERATIONS,MEDIUM,"state=REASSIGNMENT, groups=5, reassignments=0",N/A,N/A,MEDIUM,N/A,N/A,N/A,"Strategy: REASSIGNMENT, aggression 0.50",N/A,N/A,N/A,N/A,N/A
2025-09-17 21:55:36,N/A,Niemcy,STRATEGIC_DECISION,OPERATIONS,MEDIUM,"state=REASSIGNMENT, groups=1, reassignments=0",N/A,N/A,MEDIUM,N/A,N/A,N/A,"Strategy: REASSIGNMENT, aggression 0.50",N/A,N/A,N/A,N/A,N/A
2025-09-17 21:55:36,N/A,Niemcy,STRATEGIC_DECISION,OPERATIONS,MEDIUM,"state=REASSIGNMENT, groups=1, reassignments=0",N/A,N/A,MEDIUM,N/A,N/A,N/A,"Strategy: REASSIGNMENT, aggression 0.50",N/A,N/A,N/A,N/A,N/A
2025-09-17 21:55:36,N/A,Niemcy,STRATEGIC_DECISION,OPERATIONS,MEDIUM,"state=REASSIGNMENT, groups=1, reassignments=0",N/A,N/A,MEDIUM,N/A,N/A,N/A,"Strategy: REASSIGNMENT, aggression 0.50",N/A,N/A,N/A,N/A,N/A
2025-09-17 21:55:36,N/A,Niemcy,STRATEGIC_DECISION,OPERATIONS,MEDIUM,"state=REASSIGNMENT, groups=1, reassignments=0",N/A,N/A,MEDIUM,N/A,N/A,N/A,"Strategy: REASSIGNMENT, aggression 0.50",N/A,N/A,N/A,N/A,N/A
2025-09-17 21:55:36,1,Niemcy,TURN_START_VICTORY_AI,STRATEGIC_INITIALIZATION,CRITICAL,"nation=Niemcy, tokens=0, captured_kps=0",VICTORY_AI_ACTIVATION,N/A,HIGH,SINGLE_TURN,HIGH,N/A,Inicjalizacja Victory AI dla gracza 6 (Niemcy) w turze 1,N/A,N/A,CRITICAL,STRATEGIC_POSITIVE,N/A
2025-09-17 21:55:36,UNKNOWN,UNKNOWN,SCOUT_IDENTIFICATION,UNIT_ANALYSIS,MEDIUM,"total_units=0, scouts_found=0",EFFICIENT_RECONNAISSANCE,N/A,HIGH,IMMEDIATE,LOW,N/A,Identyfikacja 0 jednostek zwiadu z 0 dostępnych,N/A,N/A,N/A,INDIRECT_POSITIVE,N/A
2025-09-17 21:55:36,UNKNOWN,UNKNOWN,ENEMY_DETECTION,INTELLIGENCE_GATHERING,CRITICAL,"vision_positions=0, tokens_checked=38, enemies_detected=0",THREAT_IDENTIFICATION,N/A,HIGH,IMMEDIATE,LOW,N/A,Wykryto 0 wrogich jednostek z 0 pozycji obserwacji,N/A,N/A,HIGH,DIRECT_POSITIVE,N/A
2025-09-17 21:55:36,1,6,PHASE1_SUMMARY,STRATEGIC_PLANNING,CRITICAL,"units=0, scouts_id=0, scouts_deployed=0, enemies=0",INTELLIGENCE_GATHERED,0_OPPORTUNITIES_IDENTIFIED,HIGH,MULTI_TURN,MEDIUM,N/A,"Faza 1 zakończona: 0 scoutów, 0 wrogów, 0 okazji",N/A,N/A,HIGH,STRATEGIC_FOUNDATION,N/A
2025-09-17 21:55:36,UNKNOWN,UNKNOWN,SCOUT_IDENTIFICATION,UNIT_ANALYSIS,MEDIUM,"total_units=0, scouts_found=0",EFFICIENT_RECONNAISSANCE,N/A,HIGH,IMMEDIATE,LOW,N/A,Identyfikacja 0 jednostek zwiadu z 0 dostępnych,N/A,N/A,N/A,INDIRECT_POSITIVE,N/A
2025-09-17 21:55:36,UNKNOWN,UNKNOWN,ENEMY_DETECTION,INTELLIGENCE_GATHERING,CRITICAL,"vision_positions=0, tokens_checked=38, enemies_detected=0",THREAT_IDENTIFICATION,N/A,HIGH,IMMEDIATE,LOW,N/A,Wykryto 0 wrogich jednostek z 0 pozycji obserwacji,N/A,N/A,HIGH,DIRECT_POSITIVE,N/A
2025-09-17 21:55:36,1,6,PHASE1_SUMMARY,STRATEGIC_PLANNING,CRITICAL,"units=0, scouts_id=0, scouts_deployed=0, enemies=0",INTELLIGENCE_GATHERED,0_OPPORTUNITIES_IDENTIFIED,HIGH,MULTI_TURN,MEDIUM,N/A,"Faza 1 zakończona: 0 scoutów, 0 wrogów, 0 okazji",N/A,N/A,HIGH,STRATEGIC_FOUNDATION,N/A
2025-09-17 21:55:36,1,Niemcy,TURN_START,STRATEGIC_INITIALIZATION,CRITICAL,"nation=Niemcy, total_units=0, available_units=0",PHASE3_EXECUTION,N/A,HIGH,SINGLE_TURN,HIGH,N/A,Rozpoczęcie tury 1 dla Niemcy z 0 jednostkami,N/A,N/A,CRITICAL,STRATEGIC_POSITIONING,N/A
2025-09-17 21:55:36,UNKNOWN,UNKNOWN,SCOUT_IDENTIFICATION,UNIT_ANALYSIS,MEDIUM,"total_units=0, scouts_found=0",EFFICIENT_RECONNAISSANCE,N/A,HIGH,IMMEDIATE,LOW,N/A,Identyfikacja 0 jednostek zwiadu z 0 dostępnych,N/A,N/A,N/A,INDIRECT_POSITIVE,N/A
2025-09-17 21:55:37,UNKNOWN,UNKNOWN,ENEMY_DETECTION,INTELLIGENCE_GATHERING,CRITICAL,"vision_positions=0, tokens_checked=38, enemies_detected=0",THREAT_IDENTIFICATION,N/A,HIGH,IMMEDIATE,LOW,N/A,Wykryto 0 wrogich jednostek z 0 pozycji obserwacji,N/A,N/A,HIGH,DIRECT_POSITIVE,N/A
2025-09-17 21:55:37,1,6,PHASE1_SUMMARY,STRATEGIC_PLANNING,CRITICAL,"units=0, scouts_id=0, scouts_deployed=0, enemies=0",INTELLIGENCE_GATHERED,0_OPPORTUNITIES_IDENTIFIED,HIGH,MULTI_TURN,MEDIUM,N/A,"Faza 1 zakończona: 0 scoutów, 0 wrogów, 0 okazji",N/A,N/A,HIGH,STRATEGIC_FOUNDATION,N/A
2025-09-17 21:55:37,UNKNOWN,UNKNOWN,SCOUT_IDENTIFICATION,UNIT_ANALYSIS,MEDIUM,"total_units=0, scouts_found=0",EFFICIENT_RECONNAISSANCE,N/A,HIGH,IMMEDIATE,LOW,N/A,Identyfikacja 0 jednostek zwiadu z 0 dostępnych,N/A,N/A,N/A,INDIRECT_POSITIVE,N/A
2025-09-17 21:55:37,UNKNOWN,UNKNOWN,ENEMY_DETECTION,INTELLIGENCE_GATHERING,CRITICAL,"vision_positions=0, tokens_checked=38, enemies_detected=0",THREAT_IDENTIFICATION,N/A,HIGH,IMMEDIATE,LOW,N/A,Wykryto 0 wrogich jednostek z 0 pozycji obserwacji,N/A,N/A,HIGH,DIRECT_POSITIVE,N/A
2025-09-17 21:55:37,1,6,PHASE1_SUMMARY,STRATEGIC_PLANNING,CRITICAL,"units=0, scouts_id=0, scouts_deployed=0, enemies=0",INTELLIGENCE_GATHERED,0_OPPORTUNITIES_IDENTIFIED,HIGH,MULTI_TURN,MEDIUM,N/A,"Faza 1 zakończona: 0 scoutów, 0 wrogów, 0 okazji",N/A,N/A,HIGH,STRATEGIC_FOUNDATION,N/A
2025-09-17 21:55:37,1,Niemcy,TURN_START,STRATEGIC_INITIALIZATION,CRITICAL,"nation=Niemcy, total_units=0, available_units=0",PHASE3_EXECUTION,N/A,HIGH,SINGLE_TURN,HIGH,N/A,Rozpoczęcie tury 1 dla Niemcy z 0 jednostkami,N/A,N/A,CRITICAL,STRATEGIC_POSITIONING,N/A
2025-09-17 21:55:38,N/A,Niemcy,STRATEGIC_DECISION,OPERATIONS,MEDIUM,"state=REASSIGNMENT, groups=4, reassignments=0",N/A,N/A,MEDIUM,N/A,N/A,N/A,"Strategy: REASSIGNMENT, aggression 0.50",N/A,N/A,N/A,N/A,N/A
2025-09-17 21:55:38,N/A,Niemcy,STRATEGIC_DECISION,OPERATIONS,MEDIUM,"state=REASSIGNMENT, groups=4, reassignments=0",N/A,N/A,MEDIUM,N/A,N/A,N/A,"Strategy: REASSIGNMENT, aggression 0.50",N/A,N/A,N/A,N/A,N/A
2025-09-17 21:55:38,N/A,Niemcy,STRATEGIC_DECISION,OPERATIONS,MEDIUM,"state=REASSIGNMENT, groups=1, reassignments=0",N/A,N/A,MEDIUM,N/A,N/A,N/A,"Strategy: REASSIGNMENT, aggression 0.50",N/A,N/A,N/A,N/A,N/A
2025-09-17 21:55:38,N/A,Niemcy,STRATEGIC_DECISION,OPERATIONS,MEDIUM,"state=REASSIGNMENT, groups=1, reassignments=0",N/A,N/A,MEDIUM,N/A,N/A,N/A,"Strategy: REASSIGNMENT, aggression 0.50",N/A,N/A,N/A,N/A,N/A
2025-09-17 21:55:38,N/A,Niemcy,STRATEGIC_DECISION,OPERATIONS,MEDIUM,"state=REASSIGNMENT, groups=1, reassignments=0",N/A,N/A,MEDIUM,N/A,N/A,N/A,"Strategy: REASSIGNMENT, aggression 0.50",N/A,N/A,N/A,N/A,N/A
2025-09-17 21:55:38,1,Polska,TURN_START_VICTORY_AI,STRATEGIC_INITIALIZATION,CRITICAL,"nation=Polska, tokens=0, captured_kps=0",VICTORY_AI_ACTIVATION,N/A,HIGH,SINGLE_TURN,HIGH,N/A,Inicjalizacja Victory AI dla gracza 2 (Polska) w turze 1,N/A,N/A,CRITICAL,STRATEGIC_POSITIVE,N/A
2025-09-17 21:55:38,UNKNOWN,UNKNOWN,SCOUT_IDENTIFICATION,UNIT_ANALYSIS,MEDIUM,"total_units=0, scouts_found=0",EFFICIENT_RECONNAISSANCE,N/A,HIGH,IMMEDIATE,LOW,N/A,Identyfikacja 0 jednostek zwiadu z 0 dostępnych,N/A,N/A,N/A,INDIRECT_POSITIVE,N/A
2025-09-17 21:55:38,UNKNOWN,UNKNOWN,ENEMY_DETECTION,INTELLIGENCE_GATHERING,CRITICAL,"vision_positions=0, tokens_checked=38, enemies_detected=0",THREAT_IDENTIFICATION,N/A,HIGH,IMMEDIATE,LOW,N/A,Wykryto 0 wrogich jednostek z 0 pozycji obserwacji,N/A,N/A,HIGH,DIRECT_POSITIVE,N/A
2025-09-17 21:55:38,1,2,PHASE1_SUMMARY,STRATEGIC_PLANNING,CRITICAL,"units=0, scouts_id=0, scouts_deployed=0, enemies=0",INTELLIGENCE_GATHERED,0_OPPORTUNITIES_IDENTIFIED,HIGH,MULTI_TURN,MEDIUM,N/A,"Faza 1 zakończona: 0 scoutów, 0 wrogów, 0 okazji",N/A,N/A,HIGH,STRATEGIC_FOUNDATION,N/A
2025-09-17 21:55:38,UNKNOWN,UNKNOWN,SCOUT_IDENTIFICATION,UNIT_ANALYSIS,MEDIUM,"total_units=0, scouts_found=0",EFFICIENT_RECONNAISSANCE,N/A,HIGH,IMMEDIATE,LOW,N/A,Identyfikacja 0 jednostek zwiadu z 0 dostępnych,N/A,N/A,N/A,INDIRECT_POSITIVE,N/A
2025-09-17 21:55:38,UNKNOWN,UNKNOWN,ENEMY_DETECTION,INTELLIGENCE_GATHERING,CRITICAL,"vision_positions=0, tokens_checked=38, enemies_detected=0",THREAT_IDENTIFICATION,N/A,HIGH,IMMEDIATE,LOW,N/A,Wykryto 0 wrogich jednostek z 0 pozycji obserwacji,N/A,N/A,HIGH,DIRECT_POSITIVE,N/A
2025-09-17 21:55:38,1,2,PHASE1_SUMMARY,STRATEGIC_PLANNING,CRITICAL,"units=0, scouts_id=0, scouts_deployed=0, enemies=0",INTELLIGENCE_GATHERED,0_OPPORTUNITIES_IDENTIFIED,HIGH,MULTI_TURN,MEDIUM,N/A,"Faza 1 zakończona: 0 scoutów, 0 wrogów, 0 okazji",N/A,N/A,HIGH,STRATEGIC_FOUNDATION,N/A
2025-09-17 21:55:38,1,Polska,TURN_START,STRATEGIC_INITIALIZATION,CRITICAL,"nation=Polska, total_units=0, available_units=0",PHASE3_EXECUTION,N/A,HIGH,SINGLE_TURN,HIGH,N/A,Rozpoczęcie tury 1 dla Polska z 0 jednostkami,N/A,N/A,CRITICAL,STRATEGIC_POSITIONING,N/A
2025-09-17 21:55:38,UNKNOWN,UNKNOWN,SCOUT_IDENTIFICATION,UNIT_ANALYSIS,MEDIUM,"total_units=0, scouts_found=0",EFFICIENT_RECONNAISSANCE,N/A,HIGH,IMMEDIATE,LOW,N/A,Identyfikacja 0 jednostek zwiadu z 0 dostępnych,N/A,N/A,N/A,INDIRECT_POSITIVE,N/A
2025-09-17 21:55:38,UNKNOWN,UNKNOWN,ENEMY_DETECTION,INTELLIGENCE_GATHERING,CRITICAL,"vision_positions=0, tokens_checked=38, enemies_detected=0",THREAT_IDENTIFICATION,N/A,HIGH,IMMEDIATE,LOW,N/A,Wykryto 0 wrogich jednostek z 0 pozycji obserwacji,N/A,N/A,HIGH,DIRECT_POSITIVE,N/A
2025-09-17 21:55:38,1,2,PHASE1_SUMMARY,STRATEGIC_PLANNING,CRITICAL,"units=0, scouts_id=0, scouts_deployed=0, enemies=0",INTELLIGENCE_GATHERED,0_OPPORTUNITIES_IDENTIFIED,HIGH,MULTI_TURN,MEDIUM,N/A,"Faza 1 zakończona: 0 scoutów, 0 wrogów, 0 okazji",N/A,N/A,HIGH,STRATEGIC_FOUNDATION,N/A
2025-09-17 21:55:38,UNKNOWN,UNKNOWN,SCOUT_IDENTIFICATION,UNIT_ANALYSIS,MEDIUM,"total_units=0, scouts_found=0",EFFICIENT_RECONNAISSANCE,N/A,HIGH,IMMEDIATE,LOW,N/A,Identyfikacja 0 jednostek zwiadu z 0 dostępnych,N/A,N/A,N/A,INDIRECT_POSITIVE,N/A
2025-09-17 21:55:38,UNKNOWN,UNKNOWN,ENEMY_DETECTION,INTELLIGENCE_GATHERING,CRITICAL,"vision_positions=0, tokens_checked=38, enemies_detected=0",THREAT_IDENTIFICATION,N/A,HIGH,IMMEDIATE,LOW,N/A,Wykryto 0 wrogich jednostek z 0 pozycji obserwacji,N/A,N/A,HIGH,DIRECT_POSITIVE,N/A
2025-09-17 21:55:38,1,2,PHASE1_SUMMARY,STRATEGIC_PLANNING,CRITICAL,"units=0, scouts_id=0, scouts_deployed=0, enemies=0",INTELLIGENCE_GATHERED,0_OPPORTUNITIES_IDENTIFIED,HIGH,MULTI_TURN,MEDIUM,N/A,"Faza 1 zakończona: 0 scoutów, 0 wrogów, 0 okazji",N/A,N/A,HIGH,STRATEGIC_FOUNDATION,N/A
2025-09-17 21:55:38,1,Polska,TURN_START,STRATEGIC_INITIALIZATION,CRITICAL,"nation=Polska, total_units=0, available_units=0",PHASE3_EXECUTION,N/A,HIGH,SINGLE_TURN,HIGH,N/A,Rozpoczęcie tury 1 dla Polska z 0 jednostkami,N/A,N/A,CRITICAL,STRATEGIC_POSITIONING,N/A
2025-09-17 21:55:39,N/A,Polska,STRATEGIC_DECISION,OPERATIONS,MEDIUM,"state=REASSIGNMENT, groups=5, reassignments=0",N/A,N/A,MEDIUM,N/A,N/A,N/A,"Strategy: REASSIGNMENT, aggression 0.50",N/A,N/A,N/A,N/A,N/A
2025-09-17 21:55:39,N/A,Polska,STRATEGIC_DECISION,OPERATIONS,MEDIUM,"state=REASSIGNMENT, groups=5, reassignments=0",N/A,N/A,MEDIUM,N/A,N/A,N/A,"Strategy: REASSIGNMENT, aggression 0.50",N/A,N/A,N/A,N/A,N/A
2025-09-17 21:55:39,N/A,Polska,STRATEGIC_DECISION,OPERATIONS,MEDIUM,"state=REASSIGNMENT, groups=1, reassignments=0",N/A,N/A,MEDIUM,N/A,N/A,N/A,"Strategy: REASSIGNMENT, aggression 0.50",N/A,N/A,N/A,N/A,N/A
2025-09-17 21:55:39,N/A,Polska,STRATEGIC_DECISION,OPERATIONS,MEDIUM,"state=REASSIGNMENT, groups=1, reassignments=0",N/A,N/A,MEDIUM,N/A,N/A,N/A,"Strategy: REASSIGNMENT, aggression 0.50",N/A,N/A,N/A,N/A,N/A
2025-09-17 21:55:39,1,Polska,TURN_START_VICTORY_AI,STRATEGIC_INITIALIZATION,CRITICAL,"nation=Polska, tokens=0, captured_kps=0",VICTORY_AI_ACTIVATION,N/A,HIGH,SINGLE_TURN,HIGH,N/A,Inicjalizacja Victory AI dla gracza 3 (Polska) w turze 1,N/A,N/A,CRITICAL,STRATEGIC_POSITIVE,N/A
2025-09-17 21:55:39,UNKNOWN,UNKNOWN,SCOUT_IDENTIFICATION,UNIT_ANALYSIS,MEDIUM,"total_units=0, scouts_found=0",EFFICIENT_RECONNAISSANCE,N/A,HIGH,IMMEDIATE,LOW,N/A,Identyfikacja 0 jednostek zwiadu z 0 dostępnych,N/A,N/A,N/A,INDIRECT_POSITIVE,N/A
2025-09-17 21:55:39,UNKNOWN,UNKNOWN,ENEMY_DETECTION,INTELLIGENCE_GATHERING,CRITICAL,"vision_positions=0, tokens_checked=38, enemies_detected=0",THREAT_IDENTIFICATION,N/A,HIGH,IMMEDIATE,LOW,N/A,Wykryto 0 wrogich jednostek z 0 pozycji obserwacji,N/A,N/A,HIGH,DIRECT_POSITIVE,N/A
2025-09-17 21:55:39,1,3,PHASE1_SUMMARY,STRATEGIC_PLANNING,CRITICAL,"units=0, scouts_id=0, scouts_deployed=0, enemies=0",INTELLIGENCE_GATHERED,0_OPPORTUNITIES_IDENTIFIED,HIGH,MULTI_TURN,MEDIUM,N/A,"Faza 1 zakończona: 0 scoutów, 0 wrogów, 0 okazji",N/A,N/A,HIGH,STRATEGIC_FOUNDATION,N/A
2025-09-17 21:55:39,UNKNOWN,UNKNOWN,SCOUT_IDENTIFICATION,UNIT_ANALYSIS,MEDIUM,"total_units=0, scouts_found=0",EFFICIENT_RECONNAISSANCE,N/A,HIGH,IMMEDIATE,LOW,N/A,Identyfikacja 0 jednostek zwiadu z 0 dostępnych,N/A,N/A,N/A,INDIRECT_POSITIVE,N/A
2025-09-17 21:55:39,UNKNOWN,UNKNOWN,ENEMY_DETECTION,INTELLIGENCE_GATHERING,CRITICAL,"vision_positions=0, tokens_checked=38, enemies_detected=0",THREAT_IDENTIFICATION,N/A,HIGH,IMMEDIATE,LOW,N/A,Wykryto 0 wrogich jednostek z 0 pozycji obserwacji,N/A,N/A,HIGH,DIRECT_POSITIVE,N/A
2025-09-17 21:55:39,1,3,PHASE1_SUMMARY,STRATEGIC_PLANNING,CRITICAL,"units=0, scouts_id=0, scouts_deployed=0, enemies=0",INTELLIGENCE_GATHERED,0_OPPORTUNITIES_IDENTIFIED,HIGH,MULTI_TURN,MEDIUM,N/A,"Faza 1 zakończona: 0 scoutów, 0 wrogów, 0 okazji",N/A,N/A,HIGH,STRATEGIC_FOUNDATION,N/A
2025-09-17 21:55:39,1,Polska,TURN_START,STRATEGIC_INITIALIZATION,CRITICAL,"nation=Polska, total_units=0, available_units=0",PHASE3_EXECUTION,N/A,HIGH,SINGLE_TURN,HIGH,N/A,Rozpoczęcie tury 1 dla Polska z 0 jednostkami,N/A,N/A,CRITICAL,STRATEGIC_POSITIONING,N/A
2025-09-17 21:55:39,UNKNOWN,UNKNOWN,SCOUT_IDENTIFICATION,UNIT_ANALYSIS,MEDIUM,"total_units=0, scouts_found=0",EFFICIENT_RECONNAISSANCE,N/A,HIGH,IMMEDIATE,LOW,N/A,Identyfikacja 0 jednostek zwiadu z 0 dostępnych,N/A,N/A,N/A,INDIRECT_POSITIVE,N/A
2025-09-17 21:55:39,UNKNOWN,UNKNOWN,ENEMY_DETECTION,INTELLIGENCE_GATHERING,CRITICAL,"vision_positions=0, tokens_checked=38, enemies_detected=0",THREAT_IDENTIFICATION,N/A,HIGH,IMMEDIATE,LOW,N/A,Wykryto 0 wrogich jednostek z 0 pozycji obserwacji,N/A,N/A,HIGH,DIRECT_POSITIVE,N/A
2025-09-17 21:55:39,1,3,PHASE1_SUMMARY,STRATEGIC_PLANNING,CRITICAL,"units=0, scouts_id=0, scouts_deployed=0, enemies=0",INTELLIGENCE_GATHERED,0_OPPORTUNITIES_IDENTIFIED,HIGH,MULTI_TURN,MEDIUM,N/A,"Faza 1 zakończona: 0 scoutów, 0 wrogów, 0 okazji",N/A,N/A,HIGH,STRATEGIC_FOUNDATION,N/A
2025-09-17 21:55:39,UNKNOWN,UNKNOWN,SCOUT_IDENTIFICATION,UNIT_ANALYSIS,MEDIUM,"total_units=0, scouts_found=0",EFFICIENT_RECONNAISSANCE,N/A,HIGH,IMMEDIATE,LOW,N/A,Identyfikacja 0 jednostek zwiadu z 0 dostępnych,N/A,N/A,N/A,INDIRECT_POSITIVE,N/A
2025-09-17 21:55:39,UNKNOWN,UNKNOWN,ENEMY_DETECTION,INTELLIGENCE_GATHERING,CRITICAL,"vision_positions=0, tokens_checked=38, enemies_detected=0",THREAT_IDENTIFICATION,N/A,HIGH,IMMEDIATE,LOW,N/A,Wykryto 0 wrogich jednostek z 0 pozycji obserwacji,N/A,N/A,HIGH,DIRECT_POSITIVE,N/A
2025-09-17 21:55:39,1,3,PHASE1_SUMMARY,STRATEGIC_PLANNING,CRITICAL,"units=0, scouts_id=0, scouts_deployed=0, enemies=0",INTELLIGENCE_GATHERED,0_OPPORTUNITIES_IDENTIFIED,HIGH,MULTI_TURN,MEDIUM,N/A,"Faza 1 zakończona: 0 scoutów, 0 wrogów, 0 okazji",N/A,N/A,HIGH,STRATEGIC_FOUNDATION,N/A
2025-09-17 21:55:39,1,Polska,TURN_START,STRATEGIC_INITIALIZATION,CRITICAL,"nation=Polska, total_units=0, available_units=0",PHASE3_EXECUTION,N/A,HIGH,SINGLE_TURN,HIGH,N/A,Rozpoczęcie tury 1 dla Polska z 0 jednostkami,N/A,N/A,CRITICAL,STRATEGIC_POSITIONING,N/A
2025-09-17 21:55:42,N/A,Polska,STRATEGIC_DECISION,OPERATIONS,MEDIUM,"state=REASSIGNMENT, groups=5, reassignments=0",N/A,N/A,MEDIUM,N/A,N/A,N/A,"Strategy: REASSIGNMENT, aggression 0.50",N/A,N/A,N/A,N/A,N/A
2025-09-17 21:55:42,N/A,Polska,STRATEGIC_DECISION,OPERATIONS,MEDIUM,"state=REASSIGNMENT, groups=5, reassignments=0",N/A,N/A,MEDIUM,N/A,N/A,N/A,"Strategy: REASSIGNMENT, aggression 0.50",N/A,N/A,N/A,N/A,N/A
2025-09-17 21:55:42,N/A,Polska,STRATEGIC_DECISION,OPERATIONS,MEDIUM,"state=REASSIGNMENT, groups=1, reassignments=0",N/A,N/A,MEDIUM,N/A,N/A,N/A,"Strategy: REASSIGNMENT, aggression 0.50",N/A,N/A,N/A,N/A,N/A
2025-09-17 21:55:42,N/A,Polska,STRATEGIC_DECISION,OPERATIONS,MEDIUM,"state=REASSIGNMENT, groups=1, reassignments=0",N/A,N/A,MEDIUM,N/A,N/A,N/A,"Strategy: REASSIGNMENT, aggression 0.50",N/A,N/A,N/A,N/A,N/A
2025-09-17 21:55:42,N/A,Polska,STRATEGIC_DECISION,OPERATIONS,MEDIUM,"state=REASSIGNMENT, groups=1, reassignments=0",N/A,N/A,MEDIUM,N/A,N/A,N/A,"Strategy: REASSIGNMENT, aggression 0.50",N/A,N/A,N/A,N/A,N/A
2025-09-17 21:55:42,N/A,Polska,STRATEGIC_DECISION,OPERATIONS,MEDIUM,"state=REASSIGNMENT, groups=1, reassignments=0",N/A,N/A,MEDIUM,N/A,N/A,N/A,"Strategy: REASSIGNMENT, aggression 0.50",N/A,N/A,N/A,N/A,N/A
2025-09-17 21:55:42,N/A,Polska,STRATEGIC_DECISION,OPERATIONS,MEDIUM,"state=REASSIGNMENT, groups=1, reassignments=0",N/A,N/A,MEDIUM,N/A,N/A,N/A,"Strategy: REASSIGNMENT, aggression 0.50",N/A,N/A,N/A,N/A,N/A
2025-09-17 21:55:42,1,Niemcy,TURN_START_VICTORY_AI,STRATEGIC_INITIALIZATION,CRITICAL,"nation=Niemcy, tokens=0, captured_kps=0",VICTORY_AI_ACTIVATION,N/A,HIGH,SINGLE_TURN,HIGH,N/A,Inicjalizacja Victory AI dla gracza 5 (Niemcy) w turze 1,N/A,N/A,CRITICAL,STRATEGIC_POSITIVE,N/A
2025-09-17 21:55:42,UNKNOWN,UNKNOWN,SCOUT_IDENTIFICATION,UNIT_ANALYSIS,MEDIUM,"total_units=0, scouts_found=0",EFFICIENT_RECONNAISSANCE,N/A,HIGH,IMMEDIATE,LOW,N/A,Identyfikacja 0 jednostek zwiadu z 0 dostępnych,N/A,N/A,N/A,INDIRECT_POSITIVE,N/A
2025-09-17 21:55:42,UNKNOWN,UNKNOWN,ENEMY_DETECTION,INTELLIGENCE_GATHERING,CRITICAL,"vision_positions=0, tokens_checked=38, enemies_detected=0",THREAT_IDENTIFICATION,N/A,HIGH,IMMEDIATE,LOW,N/A,Wykryto 0 wrogich jednostek z 0 pozycji obserwacji,N/A,N/A,HIGH,DIRECT_POSITIVE,N/A
2025-09-17 21:55:42,1,5,PHASE1_SUMMARY,STRATEGIC_PLANNING,CRITICAL,"units=0, scouts_id=0, scouts_deployed=0, enemies=0",INTELLIGENCE_GATHERED,0_OPPORTUNITIES_IDENTIFIED,HIGH,MULTI_TURN,MEDIUM,N/A,"Faza 1 zakończona: 0 scoutów, 0 wrogów, 0 okazji",N/A,N/A,HIGH,STRATEGIC_FOUNDATION,N/A
2025-09-17 21:55:42,UNKNOWN,UNKNOWN,SCOUT_IDENTIFICATION,UNIT_ANALYSIS,MEDIUM,"total_units=0, scouts_found=0",EFFICIENT_RECONNAISSANCE,N/A,HIGH,IMMEDIATE,LOW,N/A,Identyfikacja 0 jednostek zwiadu z 0 dostępnych,N/A,N/A,N/A,INDIRECT_POSITIVE,N/A
2025-09-17 21:55:42,UNKNOWN,UNKNOWN,ENEMY_DETECTION,INTELLIGENCE_GATHERING,CRITICAL,"vision_positions=0, tokens_checked=38, enemies_detected=0",THREAT_IDENTIFICATION,N/A,HIGH,IMMEDIATE,LOW,N/A,Wykryto 0 wrogich jednostek z 0 pozycji obserwacji,N/A,N/A,HIGH,DIRECT_POSITIVE,N/A
2025-09-17 21:55:42,1,5,PHASE1_SUMMARY,STRATEGIC_PLANNING,CRITICAL,"units=0, scouts_id=0, scouts_deployed=0, enemies=0",INTELLIGENCE_GATHERED,0_OPPORTUNITIES_IDENTIFIED,HIGH,MULTI_TURN,MEDIUM,N/A,"Faza 1 zakończona: 0 scoutów, 0 wrogów, 0 okazji",N/A,N/A,HIGH,STRATEGIC_FOUNDATION,N/A
2025-09-17 21:55:42,1,Niemcy,TURN_START,STRATEGIC_INITIALIZATION,CRITICAL,"nation=Niemcy, total_units=0, available_units=0",PHASE3_EXECUTION,N/A,HIGH,SINGLE_TURN,HIGH,N/A,Rozpoczęcie tury 1 dla Niemcy z 0 jednostkami,N/A,N/A,CRITICAL,STRATEGIC_POSITIONING,N/A
2025-09-17 21:55:42,UNKNOWN,UNKNOWN,SCOUT_IDENTIFICATION,UNIT_ANALYSIS,MEDIUM,"total_units=0, scouts_found=0",EFFICIENT_RECONNAISSANCE,N/A,HIGH,IMMEDIATE,LOW,N/A,Identyfikacja 0 jednostek zwiadu z 0 dostępnych,N/A,N/A,N/A,INDIRECT_POSITIVE,N/A
2025-09-17 21:55:42,UNKNOWN,UNKNOWN,ENEMY_DETECTION,INTELLIGENCE_GATHERING,CRITICAL,"vision_positions=0, tokens_checked=38, enemies_detected=0",THREAT_IDENTIFICATION,N/A,HIGH,IMMEDIATE,LOW,N/A,Wykryto 0 wrogich jednostek z 0 pozycji obserwacji,N/A,N/A,HIGH,DIRECT_POSITIVE,N/A
2025-09-17 21:55:42,1,5,PHASE1_SUMMARY,STRATEGIC_PLANNING,CRITICAL,"units=0, scouts_id=0, scouts_deployed=0, enemies=0",INTELLIGENCE_GATHERED,0_OPPORTUNITIES_IDENTIFIED,HIGH,MULTI_TURN,MEDIUM,N/A,"Faza 1 zakończona: 0 scoutów, 0 wrogów, 0 okazji",N/A,N/A,HIGH,STRATEGIC_FOUNDATION,N/A
2025-09-17 21:55:42,UNKNOWN,UNKNOWN,SCOUT_IDENTIFICATION,UNIT_ANALYSIS,MEDIUM,"total_units=0, scouts_found=0",EFFICIENT_RECONNAISSANCE,N/A,HIGH,IMMEDIATE,LOW,N/A,Identyfikacja 0 jednostek zwiadu z 0 dostępnych,N/A,N/A,N/A,INDIRECT_POSITIVE,N/A
2025-09-17 21:55:42,UNKNOWN,UNKNOWN,ENEMY_DETECTION,INTELLIGENCE_GATHERING,CRITICAL,"vision_positions=0, tokens_checked=38, enemies_detected=0",THREAT_IDENTIFICATION,N/A,HIGH,IMMEDIATE,LOW,N/A,Wykryto 0 wrogich jednostek z 0 pozycji obserwacji,N/A,N/A,HIGH,DIRECT_POSITIVE,N/A
2025-09-17 21:55:42,1,5,PHASE1_SUMMARY,STRATEGIC_PLANNING,CRITICAL,"units=0, scouts_id=0, scouts_deployed=0, enemies=0",INTELLIGENCE_GATHERED,0_OPPORTUNITIES_IDENTIFIED,HIGH,MULTI_TURN,MEDIUM,N/A,"Faza 1 zakończona: 0 scoutów, 0 wrogów, 0 okazji",N/A,N/A,HIGH,STRATEGIC_FOUNDATION,N/A
2025-09-17 21:55:42,1,Niemcy,TURN_START,STRATEGIC_INITIALIZATION,CRITICAL,"nation=Niemcy, total_units=0, available_units=0",PHASE3_EXECUTION,N/A,HIGH,SINGLE_TURN,HIGH,N/A,Rozpoczęcie tury 1 dla Niemcy z 0 jednostkami,N/A,N/A,CRITICAL,STRATEGIC_POSITIONING,N/A
2025-09-17 21:55:44,N/A,Niemcy,STRATEGIC_DECISION,OPERATIONS,MEDIUM,"state=REASSIGNMENT, groups=5, reassignments=0",N/A,N/A,MEDIUM,N/A,N/A,N/A,"Strategy: REASSIGNMENT, aggression 0.50",N/A,N/A,N/A,N/A,N/A
2025-09-17 21:55:44,N/A,Niemcy,STRATEGIC_DECISION,OPERATIONS,MEDIUM,"state=REASSIGNMENT, groups=5, reassignments=0",N/A,N/A,MEDIUM,N/A,N/A,N/A,"Strategy: REASSIGNMENT, aggression 0.50",N/A,N/A,N/A,N/A,N/A
2025-09-17 21:55:44,N/A,Niemcy,STRATEGIC_DECISION,OPERATIONS,MEDIUM,"state=REASSIGNMENT, groups=1, reassignments=0",N/A,N/A,MEDIUM,N/A,N/A,N/A,"Strategy: REASSIGNMENT, aggression 0.50",N/A,N/A,N/A,N/A,N/A
2025-09-17 21:55:44,N/A,Niemcy,STRATEGIC_DECISION,OPERATIONS,MEDIUM,"state=REASSIGNMENT, groups=1, reassignments=0",N/A,N/A,MEDIUM,N/A,N/A,N/A,"Strategy: REASSIGNMENT, aggression 0.50",N/A,N/A,N/A,N/A,N/A
2025-09-17 21:55:44,N/A,Niemcy,STRATEGIC_DECISION,OPERATIONS,MEDIUM,"state=REASSIGNMENT, groups=1, reassignments=0",N/A,N/A,MEDIUM,N/A,N/A,N/A,"Strategy: REASSIGNMENT, aggression 0.50",N/A,N/A,N/A,N/A,N/A
2025-09-17 21:55:44,N/A,Niemcy,STRATEGIC_DECISION,OPERATIONS,MEDIUM,"state=REASSIGNMENT, groups=1, reassignments=0",N/A,N/A,MEDIUM,N/A,N/A,N/A,"Strategy: REASSIGNMENT, aggression 0.50",N/A,N/A,N/A,N/A,N/A
2025-09-17 21:55:44,1,Niemcy,TURN_START_VICTORY_AI,STRATEGIC_INITIALIZATION,CRITICAL,"nation=Niemcy, tokens=0, captured_kps=0",VICTORY_AI_ACTIVATION,N/A,HIGH,SINGLE_TURN,HIGH,N/A,Inicjalizacja Victory AI dla gracza 6 (Niemcy) w turze 1,N/A,N/A,CRITICAL,STRATEGIC_POSITIVE,N/A
2025-09-17 21:55:44,UNKNOWN,UNKNOWN,SCOUT_IDENTIFICATION,UNIT_ANALYSIS,MEDIUM,"total_units=0, scouts_found=0",EFFICIENT_RECONNAISSANCE,N/A,HIGH,IMMEDIATE,LOW,N/A,Identyfikacja 0 jednostek zwiadu z 0 dostępnych,N/A,N/A,N/A,INDIRECT_POSITIVE,N/A
2025-09-17 21:55:44,UNKNOWN,UNKNOWN,ENEMY_DETECTION,INTELLIGENCE_GATHERING,CRITICAL,"vision_positions=0, tokens_checked=36, enemies_detected=0",THREAT_IDENTIFICATION,N/A,HIGH,IMMEDIATE,LOW,N/A,Wykryto 0 wrogich jednostek z 0 pozycji obserwacji,N/A,N/A,HIGH,DIRECT_POSITIVE,N/A
2025-09-17 21:55:44,1,6,PHASE1_SUMMARY,STRATEGIC_PLANNING,CRITICAL,"units=0, scouts_id=0, scouts_deployed=0, enemies=0",INTELLIGENCE_GATHERED,0_OPPORTUNITIES_IDENTIFIED,HIGH,MULTI_TURN,MEDIUM,N/A,"Faza 1 zakończona: 0 scoutów, 0 wrogów, 0 okazji",N/A,N/A,HIGH,STRATEGIC_FOUNDATION,N/A
2025-09-17 21:55:44,UNKNOWN,UNKNOWN,SCOUT_IDENTIFICATION,UNIT_ANALYSIS,MEDIUM,"total_units=0, scouts_found=0",EFFICIENT_RECONNAISSANCE,N/A,HIGH,IMMEDIATE,LOW,N/A,Identyfikacja 0 jednostek zwiadu z 0 dostępnych,N/A,N/A,N/A,INDIRECT_POSITIVE,N/A
2025-09-17 21:55:44,UNKNOWN,UNKNOWN,ENEMY_DETECTION,INTELLIGENCE_GATHERING,CRITICAL,"vision_positions=0, tokens_checked=36, enemies_detected=0",THREAT_IDENTIFICATION,N/A,HIGH,IMMEDIATE,LOW,N/A,Wykryto 0 wrogich jednostek z 0 pozycji obserwacji,N/A,N/A,HIGH,DIRECT_POSITIVE,N/A
2025-09-17 21:55:44,1,6,PHASE1_SUMMARY,STRATEGIC_PLANNING,CRITICAL,"units=0, scouts_id=0, scouts_deployed=0, enemies=0",INTELLIGENCE_GATHERED,0_OPPORTUNITIES_IDENTIFIED,HIGH,MULTI_TURN,MEDIUM,N/A,"Faza 1 zakończona: 0 scoutów, 0 wrogów, 0 okazji",N/A,N/A,HIGH,STRATEGIC_FOUNDATION,N/A
2025-09-17 21:55:44,1,Niemcy,TURN_START,STRATEGIC_INITIALIZATION,CRITICAL,"nation=Niemcy, total_units=0, available_units=0",PHASE3_EXECUTION,N/A,HIGH,SINGLE_TURN,HIGH,N/A,Rozpoczęcie tury 1 dla Niemcy z 0 jednostkami,N/A,N/A,CRITICAL,STRATEGIC_POSITIONING,N/A
2025-09-17 21:55:44,UNKNOWN,UNKNOWN,SCOUT_IDENTIFICATION,UNIT_ANALYSIS,MEDIUM,"total_units=0, scouts_found=0",EFFICIENT_RECONNAISSANCE,N/A,HIGH,IMMEDIATE,LOW,N/A,Identyfikacja 0 jednostek zwiadu z 0 dostępnych,N/A,N/A,N/A,INDIRECT_POSITIVE,N/A
2025-09-17 21:55:44,UNKNOWN,UNKNOWN,ENEMY_DETECTION,INTELLIGENCE_GATHERING,CRITICAL,"vision_positions=0, tokens_checked=36, enemies_detected=0",THREAT_IDENTIFICATION,N/A,HIGH,IMMEDIATE,LOW,N/A,Wykryto 0 wrogich jednostek z 0 pozycji obserwacji,N/A,N/A,HIGH,DIRECT_POSITIVE,N/A
2025-09-17 21:55:44,1,6,PHASE1_SUMMARY,STRATEGIC_PLANNING,CRITICAL,"units=0, scouts_id=0, scouts_deployed=0, enemies=0",INTELLIGENCE_GATHERED,0_OPPORTUNITIES_IDENTIFIED,HIGH,MULTI_TURN,MEDIUM,N/A,"Faza 1 zakończona: 0 scoutów, 0 wrogów, 0 okazji",N/A,N/A,HIGH,STRATEGIC_FOUNDATION,N/A
2025-09-17 21:55:44,UNKNOWN,UNKNOWN,SCOUT_IDENTIFICATION,UNIT_ANALYSIS,MEDIUM,"total_units=0, scouts_found=0",EFFICIENT_RECONNAISSANCE,N/A,HIGH,IMMEDIATE,LOW,N/A,Identyfikacja 0 jednostek zwiadu z 0 dostępnych,N/A,N/A,N/A,INDIRECT_POSITIVE,N/A
2025-09-17 21:55:44,UNKNOWN,UNKNOWN,ENEMY_DETECTION,INTELLIGENCE_GATHERING,CRITICAL,"vision_positions=0, tokens_checked=36, enemies_detected=0",THREAT_IDENTIFICATION,N/A,HIGH,IMMEDIATE,LOW,N/A,Wykryto 0 wrogich jednostek z 0 pozycji obserwacji,N/A,N/A,HIGH,DIRECT_POSITIVE,N/A
2025-09-17 21:55:44,1,6,PHASE1_SUMMARY,STRATEGIC_PLANNING,CRITICAL,"units=0, scouts_id=0, scouts_deployed=0, enemies=0",INTELLIGENCE_GATHERED,0_OPPORTUNITIES_IDENTIFIED,HIGH,MULTI_TURN,MEDIUM,N/A,"Faza 1 zakończona: 0 scoutów, 0 wrogów, 0 okazji",N/A,N/A,HIGH,STRATEGIC_FOUNDATION,N/A
2025-09-17 21:55:44,1,Niemcy,TURN_START,STRATEGIC_INITIALIZATION,CRITICAL,"nation=Niemcy, total_units=0, available_units=0",PHASE3_EXECUTION,N/A,HIGH,SINGLE_TURN,HIGH,N/A,Rozpoczęcie tury 1 dla Niemcy z 0 jednostkami,N/A,N/A,CRITICAL,STRATEGIC_POSITIONING,N/A
2025-09-17 21:55:45,N/A,Niemcy,STRATEGIC_DECISION,OPERATIONS,MEDIUM,"state=REASSIGNMENT, groups=3, reassignments=0",N/A,N/A,MEDIUM,N/A,N/A,N/A,"Strategy: REASSIGNMENT, aggression 0.50",N/A,N/A,N/A,N/A,N/A
2025-09-17 21:55:45,N/A,Niemcy,STRATEGIC_DECISION,OPERATIONS,MEDIUM,"state=REASSIGNMENT, groups=3, reassignments=0",N/A,N/A,MEDIUM,N/A,N/A,N/A,"Strategy: REASSIGNMENT, aggression 0.50",N/A,N/A,N/A,N/A,N/A
2025-09-17 21:55:45,N/A,Niemcy,STRATEGIC_DECISION,OPERATIONS,MEDIUM,"state=REASSIGNMENT, groups=1, reassignments=0",N/A,N/A,MEDIUM,N/A,N/A,N/A,"Strategy: REASSIGNMENT, aggression 0.50",N/A,N/A,N/A,N/A,N/A
2025-09-17 21:55:45,N/A,Niemcy,STRATEGIC_DECISION,OPERATIONS,MEDIUM,"state=REASSIGNMENT, groups=1, reassignments=0",N/A,N/A,MEDIUM,N/A,N/A,N/A,"Strategy: REASSIGNMENT, aggression 0.50",N/A,N/A,N/A,N/A,N/A
2025-09-17 21:55:45,N/A,Niemcy,STRATEGIC_DECISION,OPERATIONS,MEDIUM,"state=REASSIGNMENT, groups=1, reassignments=0",N/A,N/A,MEDIUM,N/A,N/A,N/A,"Strategy: REASSIGNMENT, aggression 0.50",N/A,N/A,N/A,N/A,N/A
