timestamp,issue_type,unit_id,garrison_hex,unit_mp,unit_fuel,unit_position,distance_to_garrison,pathfinding_failed,target_blocked,threat_level,kp_value,available_units,details
2025-09-13T22:05:57.125655,NO_MOVEMENT_POINTS,P_Batalion__2_Batalion_Strzelc_w,"24,-8",0,0,"25,-9",1,False,False,N/A,N/A,N/A,{'no_mp': True}
2025-09-13T22:05:57.128137,NO_FUEL,P_Batalion__2_Batalion_Strzelc_w,"24,-8",0,0,"25,-9",1,False,False,N/A,N/A,N/A,"{'no_mp': True, 'no_fuel': True}"
2025-09-13T22:05:57.129666,NO_MOVEMENT_POINTS,P_Batalion__2_Batalion_Strzelc_w_20250913214005,"24,-8",0,0,"26,-9",2,False,False,N/A,N/A,N/A,{'no_mp': True}
2025-09-13T22:05:57.131899,NO_FUEL,P_Batalion__2_Batalion_Strzelc_w_20250913214005,"24,-8",0,0,"26,-9",2,False,False,N/A,N/A,N/A,"{'no_mp': True, 'no_fuel': True}"
2025-09-13T22:05:57.133346,NO_MOVEMENT_POINTS,P_Pluton__2_Kompania_Grenadier_w,"24,-8",0,0,"27,5",16,False,False,N/A,N/A,N/A,{'no_mp': True}
2025-09-13T22:05:57.136340,NO_FUEL,P_Pluton__2_Kompania_Grenadier_w,"24,-8",0,0,"27,5",16,False,False,N/A,N/A,N/A,"{'no_mp': True, 'no_fuel': True}"
2025-09-13T22:05:57.137614,NO_MOVEMENT_POINTS,P_Pluton__2_Kompania_Grenadier_w_20250913214010,"24,-8",0,0,"28,4",16,False,False,N/A,N/A,N/A,{'no_mp': True}
2025-09-13T22:05:57.137614,NO_FUEL,P_Pluton__2_Kompania_Grenadier_w_20250913214010,"24,-8",0,0,"28,4",16,False,False,N/A,N/A,N/A,"{'no_mp': True, 'no_fuel': True}"
2025-09-13T22:05:57.138724,INSUFFICIENT_SUPPORT,TL_Kompania__2_Batalion_Pancerny,"24,-8",N/A,N/A,N/A,N/A,N/A,N/A,0,100,4,"{'enemies_list': [], 'units_found': 0, 'units_needed': 2, 'shortage': 2}"
2025-09-13T22:05:57.139805,NO_MOVEMENT_POINTS,P_Batalion__2_Batalion_Strzelc_w,"28,3",0,0,"25,-9",15,False,False,N/A,N/A,N/A,{'no_mp': True}
2025-09-13T22:05:57.140824,NO_FUEL,P_Batalion__2_Batalion_Strzelc_w,"28,3",0,0,"25,-9",15,False,False,N/A,N/A,N/A,"{'no_mp': True, 'no_fuel': True}"
2025-09-13T22:05:57.141959,NO_MOVEMENT_POINTS,P_Batalion__2_Batalion_Strzelc_w_20250913214005,"28,3",0,0,"26,-9",14,False,False,N/A,N/A,N/A,{'no_mp': True}
2025-09-13T22:05:57.143054,NO_FUEL,P_Batalion__2_Batalion_Strzelc_w_20250913214005,"28,3",0,0,"26,-9",14,False,False,N/A,N/A,N/A,"{'no_mp': True, 'no_fuel': True}"
2025-09-13T22:05:57.144177,NO_MOVEMENT_POINTS,P_Pluton__2_Kompania_Grenadier_w,"28,3",0,0,"27,5",2,False,False,N/A,N/A,N/A,{'no_mp': True}
2025-09-13T22:05:57.144177,NO_FUEL,P_Pluton__2_Kompania_Grenadier_w,"28,3",0,0,"27,5",2,False,False,N/A,N/A,N/A,"{'no_mp': True, 'no_fuel': True}"
2025-09-13T22:05:57.145400,NO_MOVEMENT_POINTS,P_Pluton__2_Kompania_Grenadier_w_20250913214010,"28,3",0,0,"28,4",1,False,False,N/A,N/A,N/A,{'no_mp': True}
2025-09-13T22:05:57.146407,NO_FUEL,P_Pluton__2_Kompania_Grenadier_w_20250913214010,"28,3",0,0,"28,4",1,False,False,N/A,N/A,N/A,"{'no_mp': True, 'no_fuel': True}"
2025-09-13T22:05:57.149649,INSUFFICIENT_SUPPORT,P_Kompania__2_Pu_k_Piechoty,"28,3",N/A,N/A,N/A,N/A,N/A,N/A,0,75,4,"{'enemies_list': [], 'units_found': 0, 'units_needed': 1, 'shortage': 1}"
2025-09-13T22:05:57.153466,NO_MOVEMENT_POINTS,P_Batalion__2_Batalion_Strzelc_w,"15,-7",0,0,"25,-9",10,False,False,N/A,N/A,N/A,{'no_mp': True}
2025-09-13T22:05:57.154248,NO_FUEL,P_Batalion__2_Batalion_Strzelc_w,"15,-7",0,0,"25,-9",10,False,False,N/A,N/A,N/A,"{'no_mp': True, 'no_fuel': True}"
2025-09-13T22:05:57.154658,NO_MOVEMENT_POINTS,P_Batalion__2_Batalion_Strzelc_w_20250913214005,"15,-7",0,0,"26,-9",11,False,False,N/A,N/A,N/A,{'no_mp': True}
2025-09-13T22:05:57.155669,NO_FUEL,P_Batalion__2_Batalion_Strzelc_w_20250913214005,"15,-7",0,0,"26,-9",11,False,False,N/A,N/A,N/A,"{'no_mp': True, 'no_fuel': True}"
2025-09-13T22:05:57.156976,NO_MOVEMENT_POINTS,P_Pluton__2_Kompania_Grenadier_w,"15,-7",0,0,"27,5",24,False,False,N/A,N/A,N/A,{'no_mp': True}
2025-09-13T22:05:57.156976,NO_FUEL,P_Pluton__2_Kompania_Grenadier_w,"15,-7",0,0,"27,5",24,False,False,N/A,N/A,N/A,"{'no_mp': True, 'no_fuel': True}"
2025-09-13T22:05:57.156976,NO_MOVEMENT_POINTS,P_Pluton__2_Kompania_Grenadier_w_20250913214010,"15,-7",0,0,"28,4",24,False,False,N/A,N/A,N/A,{'no_mp': True}
2025-09-13T22:05:57.156976,NO_FUEL,P_Pluton__2_Kompania_Grenadier_w_20250913214010,"15,-7",0,0,"28,4",24,False,False,N/A,N/A,N/A,"{'no_mp': True, 'no_fuel': True}"
2025-09-13T22:05:57.160984,INSUFFICIENT_SUPPORT,D_Pluton__2_Dow_dztwo_Einheit,"15,-7",N/A,N/A,N/A,N/A,N/A,N/A,0,100,4,"{'enemies_list': [], 'units_found': 0, 'units_needed': 2, 'shortage': 2}"
2025-09-13T22:05:57.778048,NO_MOVEMENT_POINTS,P_Pluton__5_Infanterie_Regiment,"43,-14",0,0,"35,-15",9,False,False,N/A,N/A,N/A,{'no_mp': True}
2025-09-13T22:05:57.779192,NO_FUEL,P_Pluton__5_Infanterie_Regiment,"43,-14",0,0,"35,-15",9,False,False,N/A,N/A,N/A,"{'no_mp': True, 'no_fuel': True}"
2025-09-13T22:05:57.780288,NO_MOVEMENT_POINTS,P_Kompania__5_Infanterie_Regiment,"43,-14",0,0,"36,-15",8,False,False,N/A,N/A,N/A,{'no_mp': True}
2025-09-13T22:05:57.782289,NO_FUEL,P_Kompania__5_Infanterie_Regiment,"43,-14",0,0,"36,-15",8,False,False,N/A,N/A,N/A,"{'no_mp': True, 'no_fuel': True}"
2025-09-13T22:05:57.785319,NO_MOVEMENT_POINTS,P_Pluton__5_Sch_tzen_Kompanie,"43,-14",0,0,"37,-15",7,False,False,N/A,N/A,N/A,{'no_mp': True}
2025-09-13T22:05:57.786652,NO_FUEL,P_Pluton__5_Sch_tzen_Kompanie,"43,-14",0,0,"37,-15",7,False,False,N/A,N/A,N/A,"{'no_mp': True, 'no_fuel': True}"
2025-09-13T22:05:57.786652,NO_MOVEMENT_POINTS,AC_Kompania__5_schwere_Artillerie,"43,-14",0,0,"36,-16",9,False,False,N/A,N/A,N/A,{'no_mp': True}
2025-09-13T22:05:57.788139,NO_FUEL,AC_Kompania__5_schwere_Artillerie,"43,-14",0,0,"36,-16",9,False,False,N/A,N/A,N/A,"{'no_mp': True, 'no_fuel': True}"
2025-09-13T22:05:57.789282,NO_MOVEMENT_POINTS,AL_Batalion__5_Artillerie_Abteilung,"43,-14",0,0,"37,-16",8,False,False,N/A,N/A,N/A,{'no_mp': True}
2025-09-13T22:05:57.789282,NO_FUEL,AL_Batalion__5_Artillerie_Abteilung,"43,-14",0,0,"37,-16",8,False,False,N/A,N/A,N/A,"{'no_mp': True, 'no_fuel': True}"
2025-09-13T22:05:57.791579,INSUFFICIENT_SUPPORT,Z_Pluton__5_Versorgungs_Kompanie,"43,-14",N/A,N/A,N/A,N/A,N/A,N/A,0,150,5,"{'enemies_list': [], 'units_found': 0, 'units_needed': 2, 'shortage': 2}"
2025-09-13T22:05:58.103649,NO_MOVEMENT_POINTS,P_Batalion__2_Batalion_Strzelc_w_20250913214005,"24,-7",0,0,"25,-9",2,False,False,N/A,N/A,N/A,{'no_mp': True}
2025-09-13T22:05:58.104675,NO_FUEL,P_Batalion__2_Batalion_Strzelc_w_20250913214005,"24,-7",0,0,"25,-9",2,False,False,N/A,N/A,N/A,"{'no_mp': True, 'no_fuel': True}"
2025-09-13T22:05:58.105636,NO_MOVEMENT_POINTS,P_Pluton__2_Kompania_Grenadier_w,"24,-7",0,0,"26,6",15,False,False,N/A,N/A,N/A,{'no_mp': True}
2025-09-13T22:05:58.106634,NO_FUEL,P_Pluton__2_Kompania_Grenadier_w,"24,-7",0,0,"26,6",15,False,False,N/A,N/A,N/A,"{'no_mp': True, 'no_fuel': True}"
2025-09-13T22:05:58.107641,NO_MOVEMENT_POINTS,Z_Pluton__2_Batalion_Wsparcia,"24,-7",0,0,"28,5",16,False,False,N/A,N/A,N/A,{'no_mp': True}
2025-09-13T22:05:58.107641,NO_FUEL,Z_Pluton__2_Batalion_Wsparcia,"24,-7",0,0,"28,5",16,False,False,N/A,N/A,N/A,"{'no_mp': True, 'no_fuel': True}"
2025-09-13T22:05:58.107641,NO_MOVEMENT_POINTS,P_Pluton__2_Kompania_Grenadier_w_20250913214010,"24,-7",0,0,"27,6",16,False,False,N/A,N/A,N/A,{'no_mp': True}
2025-09-13T22:05:58.107641,NO_FUEL,P_Pluton__2_Kompania_Grenadier_w_20250913214010,"24,-7",0,0,"27,6",16,False,False,N/A,N/A,N/A,"{'no_mp': True, 'no_fuel': True}"
2025-09-13T22:05:58.111832,INSUFFICIENT_SUPPORT,P_Batalion__2_Batalion_Strzelc_w,"24,-7",N/A,N/A,N/A,N/A,N/A,N/A,0,50,4,"{'enemies_list': [], 'units_found': 0, 'units_needed': 1, 'shortage': 1}"
2025-09-13T22:05:58.111832,NO_MOVEMENT_POINTS,P_Batalion__2_Batalion_Strzelc_w_20250913214005,"28,3",0,0,"25,-9",15,False,False,N/A,N/A,N/A,{'no_mp': True}
2025-09-13T22:05:58.113121,NO_FUEL,P_Batalion__2_Batalion_Strzelc_w_20250913214005,"28,3",0,0,"25,-9",15,False,False,N/A,N/A,N/A,"{'no_mp': True, 'no_fuel': True}"
2025-09-13T22:05:58.114459,NO_MOVEMENT_POINTS,P_Pluton__2_Kompania_Grenadier_w,"28,3",0,0,"26,6",3,False,False,N/A,N/A,N/A,{'no_mp': True}
2025-09-13T22:05:58.116644,NO_FUEL,P_Pluton__2_Kompania_Grenadier_w,"28,3",0,0,"26,6",3,False,False,N/A,N/A,N/A,"{'no_mp': True, 'no_fuel': True}"
2025-09-13T22:05:58.120114,NO_MOVEMENT_POINTS,Z_Pluton__2_Batalion_Wsparcia,"28,3",0,0,"28,5",2,False,False,N/A,N/A,N/A,{'no_mp': True}
2025-09-13T22:05:58.121321,NO_FUEL,Z_Pluton__2_Batalion_Wsparcia,"28,3",0,0,"28,5",2,False,False,N/A,N/A,N/A,"{'no_mp': True, 'no_fuel': True}"
2025-09-13T22:05:58.122041,NO_MOVEMENT_POINTS,P_Pluton__2_Kompania_Grenadier_w_20250913214010,"28,3",0,0,"27,6",3,False,False,N/A,N/A,N/A,{'no_mp': True}
2025-09-13T22:05:58.124177,NO_FUEL,P_Pluton__2_Kompania_Grenadier_w_20250913214010,"28,3",0,0,"27,6",3,False,False,N/A,N/A,N/A,"{'no_mp': True, 'no_fuel': True}"
2025-09-13T22:05:58.125428,INSUFFICIENT_SUPPORT,P_Kompania__2_Pu_k_Piechoty,"28,3",N/A,N/A,N/A,N/A,N/A,N/A,0,75,4,"{'enemies_list': [], 'units_found': 0, 'units_needed': 1, 'shortage': 1}"
2025-09-13T22:05:58.126579,NO_MOVEMENT_POINTS,P_Batalion__2_Batalion_Strzelc_w_20250913214005,"27,4",0,0,"25,-9",15,False,False,N/A,N/A,N/A,{'no_mp': True}
2025-09-13T22:05:58.127611,NO_FUEL,P_Batalion__2_Batalion_Strzelc_w_20250913214005,"27,4",0,0,"25,-9",15,False,False,N/A,N/A,N/A,"{'no_mp': True, 'no_fuel': True}"
2025-09-13T22:05:58.128683,NO_MOVEMENT_POINTS,P_Pluton__2_Kompania_Grenadier_w,"27,4",0,0,"26,6",2,False,False,N/A,N/A,N/A,{'no_mp': True}
2025-09-13T22:05:58.129827,NO_FUEL,P_Pluton__2_Kompania_Grenadier_w,"27,4",0,0,"26,6",2,False,False,N/A,N/A,N/A,"{'no_mp': True, 'no_fuel': True}"
2025-09-13T22:05:58.132493,NO_MOVEMENT_POINTS,Z_Pluton__2_Batalion_Wsparcia,"27,4",0,0,"28,5",2,False,False,N/A,N/A,N/A,{'no_mp': True}
2025-09-13T22:05:58.133441,NO_FUEL,Z_Pluton__2_Batalion_Wsparcia,"27,4",0,0,"28,5",2,False,False,N/A,N/A,N/A,"{'no_mp': True, 'no_fuel': True}"
2025-09-13T22:05:58.135436,NO_MOVEMENT_POINTS,P_Pluton__2_Kompania_Grenadier_w_20250913214010,"27,4",0,0,"27,6",2,False,False,N/A,N/A,N/A,{'no_mp': True}
2025-09-13T22:05:58.136858,NO_FUEL,P_Pluton__2_Kompania_Grenadier_w_20250913214010,"27,4",0,0,"27,6",2,False,False,N/A,N/A,N/A,"{'no_mp': True, 'no_fuel': True}"
2025-09-13T22:05:58.138015,INSUFFICIENT_SUPPORT,Z_Pluton__2_Oddzia_Rozpoznawczy,"27,4",N/A,N/A,N/A,N/A,N/A,N/A,0,75,4,"{'enemies_list': [], 'units_found': 0, 'units_needed': 1, 'shortage': 1}"
2025-09-13T22:05:58.139175,NO_MOVEMENT_POINTS,P_Batalion__2_Batalion_Strzelc_w_20250913214005,"15,-7",0,0,"25,-9",10,False,False,N/A,N/A,N/A,{'no_mp': True}
2025-09-13T22:05:58.140207,NO_FUEL,P_Batalion__2_Batalion_Strzelc_w_20250913214005,"15,-7",0,0,"25,-9",10,False,False,N/A,N/A,N/A,"{'no_mp': True, 'no_fuel': True}"
2025-09-13T22:05:58.140207,NO_MOVEMENT_POINTS,P_Pluton__2_Kompania_Grenadier_w,"15,-7",0,0,"26,6",24,False,False,N/A,N/A,N/A,{'no_mp': True}
2025-09-13T22:05:58.141634,NO_FUEL,P_Pluton__2_Kompania_Grenadier_w,"15,-7",0,0,"26,6",24,False,False,N/A,N/A,N/A,"{'no_mp': True, 'no_fuel': True}"
2025-09-13T22:05:58.142708,NO_MOVEMENT_POINTS,Z_Pluton__2_Batalion_Wsparcia,"15,-7",0,0,"28,5",25,False,False,N/A,N/A,N/A,{'no_mp': True}
2025-09-13T22:05:58.143783,NO_FUEL,Z_Pluton__2_Batalion_Wsparcia,"15,-7",0,0,"28,5",25,False,False,N/A,N/A,N/A,"{'no_mp': True, 'no_fuel': True}"
2025-09-13T22:05:58.144871,NO_MOVEMENT_POINTS,P_Pluton__2_Kompania_Grenadier_w_20250913214010,"15,-7",0,0,"27,6",25,False,False,N/A,N/A,N/A,{'no_mp': True}
2025-09-13T22:05:58.144871,NO_FUEL,P_Pluton__2_Kompania_Grenadier_w_20250913214010,"15,-7",0,0,"27,6",25,False,False,N/A,N/A,N/A,"{'no_mp': True, 'no_fuel': True}"
2025-09-13T22:05:58.145876,INSUFFICIENT_SUPPORT,D_Pluton__2_Dow_dztwo_Einheit,"15,-7",N/A,N/A,N/A,N/A,N/A,N/A,0,100,4,"{'enemies_list': [], 'units_found': 0, 'units_needed': 2, 'shortage': 2}"
2025-09-13T22:05:58.496523,NO_MOVEMENT_POINTS,P_Pluton__5_Infanterie_Regiment,"43,-14",0,0,"36,-15",8,False,False,N/A,N/A,N/A,{'no_mp': True}
2025-09-13T22:05:58.499862,NO_FUEL,P_Pluton__5_Infanterie_Regiment,"43,-14",0,0,"36,-15",8,False,False,N/A,N/A,N/A,"{'no_mp': True, 'no_fuel': True}"
2025-09-13T22:05:58.501859,NO_MOVEMENT_POINTS,P_Kompania__5_Infanterie_Regiment,"43,-14",0,0,"36,-14",7,False,False,N/A,N/A,N/A,{'no_mp': True}
2025-09-13T22:05:58.502858,NO_FUEL,P_Kompania__5_Infanterie_Regiment,"43,-14",0,0,"36,-14",7,False,False,N/A,N/A,N/A,"{'no_mp': True, 'no_fuel': True}"
2025-09-13T22:05:58.504134,NO_MOVEMENT_POINTS,P_Pluton__5_Sch_tzen_Kompanie,"43,-14",0,0,"37,-15",7,False,False,N/A,N/A,N/A,{'no_mp': True}
2025-09-13T22:05:58.505139,NO_FUEL,P_Pluton__5_Sch_tzen_Kompanie,"43,-14",0,0,"37,-15",7,False,False,N/A,N/A,N/A,"{'no_mp': True, 'no_fuel': True}"
2025-09-13T22:05:58.506167,NO_MOVEMENT_POINTS,AC_Kompania__5_schwere_Artillerie,"43,-14",0,0,"36,-16",9,False,False,N/A,N/A,N/A,{'no_mp': True}
2025-09-13T22:05:58.507251,NO_FUEL,AC_Kompania__5_schwere_Artillerie,"43,-14",0,0,"36,-16",9,False,False,N/A,N/A,N/A,"{'no_mp': True, 'no_fuel': True}"
2025-09-13T22:05:58.507251,NO_MOVEMENT_POINTS,AL_Batalion__5_Artillerie_Abteilung,"43,-14",0,0,"37,-16",8,False,False,N/A,N/A,N/A,{'no_mp': True}
2025-09-13T22:05:58.508940,NO_FUEL,AL_Batalion__5_Artillerie_Abteilung,"43,-14",0,0,"37,-16",8,False,False,N/A,N/A,N/A,"{'no_mp': True, 'no_fuel': True}"
2025-09-13T22:05:58.509953,INSUFFICIENT_SUPPORT,Z_Pluton__5_Versorgungs_Kompanie,"43,-14",N/A,N/A,N/A,N/A,N/A,N/A,0,150,5,"{'enemies_list': [], 'units_found': 0, 'units_needed': 2, 'shortage': 2}"
2025-09-13T22:05:58.510988,NO_MOVEMENT_POINTS,P_Pluton__5_Infanterie_Regiment,"43,-15",0,0,"36,-15",7,False,False,N/A,N/A,N/A,{'no_mp': True}
2025-09-13T22:05:58.512003,NO_FUEL,P_Pluton__5_Infanterie_Regiment,"43,-15",0,0,"36,-15",7,False,False,N/A,N/A,N/A,"{'no_mp': True, 'no_fuel': True}"
2025-09-13T22:05:58.513013,NO_MOVEMENT_POINTS,P_Kompania__5_Infanterie_Regiment,"43,-15",0,0,"36,-14",7,False,False,N/A,N/A,N/A,{'no_mp': True}
2025-09-13T22:05:58.514895,NO_FUEL,P_Kompania__5_Infanterie_Regiment,"43,-15",0,0,"36,-14",7,False,False,N/A,N/A,N/A,"{'no_mp': True, 'no_fuel': True}"
2025-09-13T22:05:58.516896,NO_MOVEMENT_POINTS,P_Pluton__5_Sch_tzen_Kompanie,"43,-15",0,0,"37,-15",6,False,False,N/A,N/A,N/A,{'no_mp': True}
2025-09-13T22:05:58.517894,NO_FUEL,P_Pluton__5_Sch_tzen_Kompanie,"43,-15",0,0,"37,-15",6,False,False,N/A,N/A,N/A,"{'no_mp': True, 'no_fuel': True}"
2025-09-13T22:05:58.519886,NO_MOVEMENT_POINTS,AC_Kompania__5_schwere_Artillerie,"43,-15",0,0,"36,-16",8,False,False,N/A,N/A,N/A,{'no_mp': True}
2025-09-13T22:05:58.520883,NO_FUEL,AC_Kompania__5_schwere_Artillerie,"43,-15",0,0,"36,-16",8,False,False,N/A,N/A,N/A,"{'no_mp': True, 'no_fuel': True}"
2025-09-13T22:05:58.521880,NO_MOVEMENT_POINTS,AL_Batalion__5_Artillerie_Abteilung,"43,-15",0,0,"37,-16",7,False,False,N/A,N/A,N/A,{'no_mp': True}
2025-09-13T22:05:58.524453,NO_FUEL,AL_Batalion__5_Artillerie_Abteilung,"43,-15",0,0,"37,-16",7,False,False,N/A,N/A,N/A,"{'no_mp': True, 'no_fuel': True}"
2025-09-13T22:05:58.525736,INSUFFICIENT_SUPPORT,Z_Pluton__5_Unterst_tzungs_Bataillon,"43,-15",N/A,N/A,N/A,N/A,N/A,N/A,0,150,5,"{'enemies_list': [], 'units_found': 0, 'units_needed': 2, 'shortage': 2}"
2025-09-13T22:05:58.712553,NO_MOVEMENT_POINTS,P_Batalion__2_Batalion_Strzelc_w_20250913214005,"28,3",0,0,"25,-9",15,False,False,N/A,N/A,N/A,{'no_mp': True}
2025-09-13T22:05:58.712553,NO_FUEL,P_Batalion__2_Batalion_Strzelc_w_20250913214005,"28,3",0,0,"25,-9",15,False,False,N/A,N/A,N/A,"{'no_mp': True, 'no_fuel': True}"
2025-09-13T22:05:58.713716,NO_MOVEMENT_POINTS,P_Pluton__2_Kompania_Grenadier_w,"28,3",0,0,"26,6",3,False,False,N/A,N/A,N/A,{'no_mp': True}
2025-09-13T22:05:58.716145,NO_FUEL,P_Pluton__2_Kompania_Grenadier_w,"28,3",0,0,"26,6",3,False,False,N/A,N/A,N/A,"{'no_mp': True, 'no_fuel': True}"
2025-09-13T22:05:58.718118,NO_MOVEMENT_POINTS,Z_Pluton__2_Batalion_Wsparcia,"28,3",0,0,"28,5",2,False,False,N/A,N/A,N/A,{'no_mp': True}
2025-09-13T22:05:58.720429,NO_FUEL,Z_Pluton__2_Batalion_Wsparcia,"28,3",0,0,"28,5",2,False,False,N/A,N/A,N/A,"{'no_mp': True, 'no_fuel': True}"
2025-09-13T22:05:58.721442,NO_MOVEMENT_POINTS,P_Pluton__2_Kompania_Grenadier_w_20250913214010,"28,3",0,0,"27,6",3,False,False,N/A,N/A,N/A,{'no_mp': True}
2025-09-13T22:05:58.722646,NO_FUEL,P_Pluton__2_Kompania_Grenadier_w_20250913214010,"28,3",0,0,"27,6",3,False,False,N/A,N/A,N/A,"{'no_mp': True, 'no_fuel': True}"
2025-09-13T22:05:58.723671,INSUFFICIENT_SUPPORT,P_Kompania__2_Pu_k_Piechoty,"28,3",N/A,N/A,N/A,N/A,N/A,N/A,0,75,4,"{'enemies_list': [], 'units_found': 0, 'units_needed': 1, 'shortage': 1}"
2025-09-13T22:05:58.723671,NO_MOVEMENT_POINTS,P_Batalion__2_Batalion_Strzelc_w_20250913214005,"27,4",0,0,"25,-9",15,False,False,N/A,N/A,N/A,{'no_mp': True}
2025-09-13T22:05:58.726132,NO_FUEL,P_Batalion__2_Batalion_Strzelc_w_20250913214005,"27,4",0,0,"25,-9",15,False,False,N/A,N/A,N/A,"{'no_mp': True, 'no_fuel': True}"
2025-09-13T22:05:58.727157,NO_MOVEMENT_POINTS,P_Pluton__2_Kompania_Grenadier_w,"27,4",0,0,"26,6",2,False,False,N/A,N/A,N/A,{'no_mp': True}
2025-09-13T22:05:58.727157,NO_FUEL,P_Pluton__2_Kompania_Grenadier_w,"27,4",0,0,"26,6",2,False,False,N/A,N/A,N/A,"{'no_mp': True, 'no_fuel': True}"
2025-09-13T22:05:58.728384,NO_MOVEMENT_POINTS,Z_Pluton__2_Batalion_Wsparcia,"27,4",0,0,"28,5",2,False,False,N/A,N/A,N/A,{'no_mp': True}
2025-09-13T22:05:58.729641,NO_FUEL,Z_Pluton__2_Batalion_Wsparcia,"27,4",0,0,"28,5",2,False,False,N/A,N/A,N/A,"{'no_mp': True, 'no_fuel': True}"
2025-09-13T22:05:58.729641,NO_MOVEMENT_POINTS,P_Pluton__2_Kompania_Grenadier_w_20250913214010,"27,4",0,0,"27,6",2,False,False,N/A,N/A,N/A,{'no_mp': True}
2025-09-13T22:05:58.730923,NO_FUEL,P_Pluton__2_Kompania_Grenadier_w_20250913214010,"27,4",0,0,"27,6",2,False,False,N/A,N/A,N/A,"{'no_mp': True, 'no_fuel': True}"
2025-09-13T22:05:58.733992,INSUFFICIENT_SUPPORT,Z_Pluton__2_Oddzia_Rozpoznawczy,"27,4",N/A,N/A,N/A,N/A,N/A,N/A,0,75,4,"{'enemies_list': [], 'units_found': 0, 'units_needed': 1, 'shortage': 1}"
2025-09-13T22:05:58.736773,NO_MOVEMENT_POINTS,P_Batalion__2_Batalion_Strzelc_w_20250913214005,"15,-7",0,0,"25,-9",10,False,False,N/A,N/A,N/A,{'no_mp': True}
2025-09-13T22:05:58.737860,NO_FUEL,P_Batalion__2_Batalion_Strzelc_w_20250913214005,"15,-7",0,0,"25,-9",10,False,False,N/A,N/A,N/A,"{'no_mp': True, 'no_fuel': True}"
2025-09-13T22:05:58.739268,NO_MOVEMENT_POINTS,P_Pluton__2_Kompania_Grenadier_w,"15,-7",0,0,"26,6",24,False,False,N/A,N/A,N/A,{'no_mp': True}
2025-09-13T22:05:58.739268,NO_FUEL,P_Pluton__2_Kompania_Grenadier_w,"15,-7",0,0,"26,6",24,False,False,N/A,N/A,N/A,"{'no_mp': True, 'no_fuel': True}"
2025-09-13T22:05:58.741477,NO_MOVEMENT_POINTS,Z_Pluton__2_Batalion_Wsparcia,"15,-7",0,0,"28,5",25,False,False,N/A,N/A,N/A,{'no_mp': True}
2025-09-13T22:05:58.741477,NO_FUEL,Z_Pluton__2_Batalion_Wsparcia,"15,-7",0,0,"28,5",25,False,False,N/A,N/A,N/A,"{'no_mp': True, 'no_fuel': True}"
2025-09-13T22:05:58.741477,NO_MOVEMENT_POINTS,P_Pluton__2_Kompania_Grenadier_w_20250913214010,"15,-7",0,0,"27,6",25,False,False,N/A,N/A,N/A,{'no_mp': True}
2025-09-13T22:05:58.746497,NO_FUEL,P_Pluton__2_Kompania_Grenadier_w_20250913214010,"15,-7",0,0,"27,6",25,False,False,N/A,N/A,N/A,"{'no_mp': True, 'no_fuel': True}"
2025-09-13T22:05:58.747511,INSUFFICIENT_SUPPORT,D_Pluton__2_Dow_dztwo_Einheit,"15,-7",N/A,N/A,N/A,N/A,N/A,N/A,0,100,4,"{'enemies_list': [], 'units_found': 0, 'units_needed': 2, 'shortage': 2}"
2025-09-13T22:05:59.035454,NO_MOVEMENT_POINTS,P_Pluton__5_Infanterie_Regiment,"43,-15",0,0,"36,-15",7,False,False,N/A,N/A,N/A,{'no_mp': True}
2025-09-13T22:05:59.038798,NO_FUEL,P_Pluton__5_Infanterie_Regiment,"43,-15",0,0,"36,-15",7,False,False,N/A,N/A,N/A,"{'no_mp': True, 'no_fuel': True}"
2025-09-13T22:05:59.039922,NO_MOVEMENT_POINTS,P_Kompania__5_Infanterie_Regiment,"43,-15",0,0,"36,-14",7,False,False,N/A,N/A,N/A,{'no_mp': True}
2025-09-13T22:05:59.040930,NO_FUEL,P_Kompania__5_Infanterie_Regiment,"43,-15",0,0,"36,-14",7,False,False,N/A,N/A,N/A,"{'no_mp': True, 'no_fuel': True}"
2025-09-13T22:05:59.040930,NO_MOVEMENT_POINTS,P_Pluton__5_Sch_tzen_Kompanie,"43,-15",0,0,"37,-15",6,False,False,N/A,N/A,N/A,{'no_mp': True}
2025-09-13T22:05:59.041934,NO_FUEL,P_Pluton__5_Sch_tzen_Kompanie,"43,-15",0,0,"37,-15",6,False,False,N/A,N/A,N/A,"{'no_mp': True, 'no_fuel': True}"
2025-09-13T22:05:59.042991,NO_MOVEMENT_POINTS,AC_Kompania__5_schwere_Artillerie,"43,-15",0,0,"36,-16",8,False,False,N/A,N/A,N/A,{'no_mp': True}
2025-09-13T22:05:59.043995,NO_FUEL,AC_Kompania__5_schwere_Artillerie,"43,-15",0,0,"36,-16",8,False,False,N/A,N/A,N/A,"{'no_mp': True, 'no_fuel': True}"
2025-09-13T22:05:59.045219,NO_MOVEMENT_POINTS,AL_Batalion__5_Artillerie_Abteilung,"43,-15",0,0,"37,-17",8,False,False,N/A,N/A,N/A,{'no_mp': True}
2025-09-13T22:05:59.045219,NO_FUEL,AL_Batalion__5_Artillerie_Abteilung,"43,-15",0,0,"37,-17",8,False,False,N/A,N/A,N/A,"{'no_mp': True, 'no_fuel': True}"
2025-09-13T22:05:59.046540,INSUFFICIENT_SUPPORT,Z_Pluton__5_Unterst_tzungs_Bataillon,"43,-15",N/A,N/A,N/A,N/A,N/A,N/A,0,150,5,"{'enemies_list': [], 'units_found': 0, 'units_needed': 2, 'shortage': 2}"
2025-09-13T22:05:59.246934,NO_MOVEMENT_POINTS,P_Batalion__2_Batalion_Strzelc_w_20250913214005,"28,3",0,0,"25,-9",15,False,False,N/A,N/A,N/A,{'no_mp': True}
2025-09-13T22:05:59.248005,NO_FUEL,P_Batalion__2_Batalion_Strzelc_w_20250913214005,"28,3",0,0,"25,-9",15,False,False,N/A,N/A,N/A,"{'no_mp': True, 'no_fuel': True}"
2025-09-13T22:05:59.251040,NO_MOVEMENT_POINTS,P_Pluton__2_Kompania_Grenadier_w,"28,3",0,0,"26,6",3,False,False,N/A,N/A,N/A,{'no_mp': True}
2025-09-13T22:05:59.253529,NO_FUEL,P_Pluton__2_Kompania_Grenadier_w,"28,3",0,0,"26,6",3,False,False,N/A,N/A,N/A,"{'no_mp': True, 'no_fuel': True}"
2025-09-13T22:05:59.254619,NO_MOVEMENT_POINTS,Z_Pluton__2_Batalion_Wsparcia,"28,3",0,0,"28,5",2,False,False,N/A,N/A,N/A,{'no_mp': True}
2025-09-13T22:05:59.256021,NO_FUEL,Z_Pluton__2_Batalion_Wsparcia,"28,3",0,0,"28,5",2,False,False,N/A,N/A,N/A,"{'no_mp': True, 'no_fuel': True}"
2025-09-13T22:05:59.256021,NO_MOVEMENT_POINTS,P_Pluton__2_Kompania_Grenadier_w_20250913214010,"28,3",0,0,"27,6",3,False,False,N/A,N/A,N/A,{'no_mp': True}
2025-09-13T22:05:59.257520,NO_FUEL,P_Pluton__2_Kompania_Grenadier_w_20250913214010,"28,3",0,0,"27,6",3,False,False,N/A,N/A,N/A,"{'no_mp': True, 'no_fuel': True}"
2025-09-13T22:05:59.258791,INSUFFICIENT_SUPPORT,P_Kompania__2_Pu_k_Piechoty,"28,3",N/A,N/A,N/A,N/A,N/A,N/A,0,75,4,"{'enemies_list': [], 'units_found': 0, 'units_needed': 1, 'shortage': 1}"
2025-09-13T22:05:59.260267,NO_MOVEMENT_POINTS,P_Batalion__2_Batalion_Strzelc_w_20250913214005,"27,4",0,0,"25,-9",15,False,False,N/A,N/A,N/A,{'no_mp': True}
2025-09-13T22:05:59.260267,NO_FUEL,P_Batalion__2_Batalion_Strzelc_w_20250913214005,"27,4",0,0,"25,-9",15,False,False,N/A,N/A,N/A,"{'no_mp': True, 'no_fuel': True}"
2025-09-13T22:05:59.261471,NO_MOVEMENT_POINTS,P_Pluton__2_Kompania_Grenadier_w,"27,4",0,0,"26,6",2,False,False,N/A,N/A,N/A,{'no_mp': True}
2025-09-13T22:05:59.262628,NO_FUEL,P_Pluton__2_Kompania_Grenadier_w,"27,4",0,0,"26,6",2,False,False,N/A,N/A,N/A,"{'no_mp': True, 'no_fuel': True}"
2025-09-13T22:05:59.263645,NO_MOVEMENT_POINTS,Z_Pluton__2_Batalion_Wsparcia,"27,4",0,0,"28,5",2,False,False,N/A,N/A,N/A,{'no_mp': True}
2025-09-13T22:05:59.263645,NO_FUEL,Z_Pluton__2_Batalion_Wsparcia,"27,4",0,0,"28,5",2,False,False,N/A,N/A,N/A,"{'no_mp': True, 'no_fuel': True}"
2025-09-13T22:05:59.264992,NO_MOVEMENT_POINTS,P_Pluton__2_Kompania_Grenadier_w_20250913214010,"27,4",0,0,"27,6",2,False,False,N/A,N/A,N/A,{'no_mp': True}
2025-09-13T22:05:59.268118,NO_FUEL,P_Pluton__2_Kompania_Grenadier_w_20250913214010,"27,4",0,0,"27,6",2,False,False,N/A,N/A,N/A,"{'no_mp': True, 'no_fuel': True}"
2025-09-13T22:05:59.270902,INSUFFICIENT_SUPPORT,Z_Pluton__2_Oddzia_Rozpoznawczy,"27,4",N/A,N/A,N/A,N/A,N/A,N/A,0,75,4,"{'enemies_list': [], 'units_found': 0, 'units_needed': 1, 'shortage': 1}"
2025-09-13T22:05:59.271920,NO_MOVEMENT_POINTS,P_Batalion__2_Batalion_Strzelc_w_20250913214005,"24,-7",0,0,"25,-9",2,False,False,N/A,N/A,N/A,{'no_mp': True}
2025-09-13T22:05:59.273717,NO_FUEL,P_Batalion__2_Batalion_Strzelc_w_20250913214005,"24,-7",0,0,"25,-9",2,False,False,N/A,N/A,N/A,"{'no_mp': True, 'no_fuel': True}"
2025-09-13T22:05:59.274156,NO_MOVEMENT_POINTS,P_Pluton__2_Kompania_Grenadier_w,"24,-7",0,0,"26,6",15,False,False,N/A,N/A,N/A,{'no_mp': True}
2025-09-13T22:05:59.275169,NO_FUEL,P_Pluton__2_Kompania_Grenadier_w,"24,-7",0,0,"26,6",15,False,False,N/A,N/A,N/A,"{'no_mp': True, 'no_fuel': True}"
2025-09-13T22:05:59.275169,NO_MOVEMENT_POINTS,Z_Pluton__2_Batalion_Wsparcia,"24,-7",0,0,"28,5",16,False,False,N/A,N/A,N/A,{'no_mp': True}
2025-09-13T22:05:59.275169,NO_FUEL,Z_Pluton__2_Batalion_Wsparcia,"24,-7",0,0,"28,5",16,False,False,N/A,N/A,N/A,"{'no_mp': True, 'no_fuel': True}"
2025-09-13T22:05:59.275169,NO_MOVEMENT_POINTS,P_Pluton__2_Kompania_Grenadier_w_20250913214010,"24,-7",0,0,"27,6",16,False,False,N/A,N/A,N/A,{'no_mp': True}
2025-09-13T22:05:59.275169,NO_FUEL,P_Pluton__2_Kompania_Grenadier_w_20250913214010,"24,-7",0,0,"27,6",16,False,False,N/A,N/A,N/A,"{'no_mp': True, 'no_fuel': True}"
2025-09-13T22:05:59.281201,INSUFFICIENT_SUPPORT,Z_Batalion__2_Kompania_Zaopatrzeniowa,"24,-7",N/A,N/A,N/A,N/A,N/A,N/A,0,50,4,"{'enemies_list': [], 'units_found': 0, 'units_needed': 1, 'shortage': 1}"
2025-09-13T22:05:59.283793,NO_MOVEMENT_POINTS,P_Batalion__2_Batalion_Strzelc_w_20250913214005,"15,-7",0,0,"25,-9",10,False,False,N/A,N/A,N/A,{'no_mp': True}
2025-09-13T22:05:59.286891,NO_FUEL,P_Batalion__2_Batalion_Strzelc_w_20250913214005,"15,-7",0,0,"25,-9",10,False,False,N/A,N/A,N/A,"{'no_mp': True, 'no_fuel': True}"
2025-09-13T22:05:59.288145,NO_MOVEMENT_POINTS,P_Pluton__2_Kompania_Grenadier_w,"15,-7",0,0,"26,6",24,False,False,N/A,N/A,N/A,{'no_mp': True}
2025-09-13T22:05:59.289240,NO_FUEL,P_Pluton__2_Kompania_Grenadier_w,"15,-7",0,0,"26,6",24,False,False,N/A,N/A,N/A,"{'no_mp': True, 'no_fuel': True}"
2025-09-13T22:05:59.289240,NO_MOVEMENT_POINTS,Z_Pluton__2_Batalion_Wsparcia,"15,-7",0,0,"28,5",25,False,False,N/A,N/A,N/A,{'no_mp': True}
2025-09-13T22:05:59.290584,NO_FUEL,Z_Pluton__2_Batalion_Wsparcia,"15,-7",0,0,"28,5",25,False,False,N/A,N/A,N/A,"{'no_mp': True, 'no_fuel': True}"
2025-09-13T22:05:59.291788,NO_MOVEMENT_POINTS,P_Pluton__2_Kompania_Grenadier_w_20250913214010,"15,-7",0,0,"27,6",25,False,False,N/A,N/A,N/A,{'no_mp': True}
2025-09-13T22:05:59.291788,NO_FUEL,P_Pluton__2_Kompania_Grenadier_w_20250913214010,"15,-7",0,0,"27,6",25,False,False,N/A,N/A,N/A,"{'no_mp': True, 'no_fuel': True}"
2025-09-13T22:05:59.294030,INSUFFICIENT_SUPPORT,D_Pluton__2_Dow_dztwo_Einheit,"15,-7",N/A,N/A,N/A,N/A,N/A,N/A,0,100,4,"{'enemies_list': [], 'units_found': 0, 'units_needed': 2, 'shortage': 2}"
2025-09-13T22:05:59.477197,NO_MOVEMENT_POINTS,P_Pluton__5_Infanterie_Regiment,"45,-15",0,0,"36,-15",9,False,False,N/A,N/A,N/A,{'no_mp': True}
2025-09-13T22:05:59.478223,NO_FUEL,P_Pluton__5_Infanterie_Regiment,"45,-15",0,0,"36,-15",9,False,False,N/A,N/A,N/A,"{'no_mp': True, 'no_fuel': True}"
2025-09-13T22:05:59.479227,NO_MOVEMENT_POINTS,P_Kompania__5_Infanterie_Regiment,"45,-15",0,0,"36,-14",9,False,False,N/A,N/A,N/A,{'no_mp': True}
2025-09-13T22:05:59.479227,NO_FUEL,P_Kompania__5_Infanterie_Regiment,"45,-15",0,0,"36,-14",9,False,False,N/A,N/A,N/A,"{'no_mp': True, 'no_fuel': True}"
2025-09-13T22:05:59.480386,NO_MOVEMENT_POINTS,P_Pluton__5_Sch_tzen_Kompanie,"45,-15",0,0,"37,-15",8,False,False,N/A,N/A,N/A,{'no_mp': True}
2025-09-13T22:05:59.481555,NO_FUEL,P_Pluton__5_Sch_tzen_Kompanie,"45,-15",0,0,"37,-15",8,False,False,N/A,N/A,N/A,"{'no_mp': True, 'no_fuel': True}"
2025-09-13T22:05:59.483567,NO_MOVEMENT_POINTS,AC_Kompania__5_schwere_Artillerie,"45,-15",0,0,"36,-16",10,False,False,N/A,N/A,N/A,{'no_mp': True}
2025-09-13T22:05:59.484545,NO_FUEL,AC_Kompania__5_schwere_Artillerie,"45,-15",0,0,"36,-16",10,False,False,N/A,N/A,N/A,"{'no_mp': True, 'no_fuel': True}"
2025-09-13T22:05:59.487179,NO_MOVEMENT_POINTS,AL_Batalion__5_Artillerie_Abteilung,"45,-15",0,0,"37,-17",10,False,False,N/A,N/A,N/A,{'no_mp': True}
2025-09-13T22:05:59.488854,NO_FUEL,AL_Batalion__5_Artillerie_Abteilung,"45,-15",0,0,"37,-17",10,False,False,N/A,N/A,N/A,"{'no_mp': True, 'no_fuel': True}"
2025-09-13T22:05:59.489245,INSUFFICIENT_SUPPORT,Z_Kompania__5_Unterst_tzungs_Bataillon,"45,-15",N/A,N/A,N/A,N/A,N/A,N/A,0,100,5,"{'enemies_list': [], 'units_found': 0, 'units_needed': 2, 'shortage': 2}"
2025-09-13T22:05:59.490257,NO_MOVEMENT_POINTS,P_Pluton__5_Infanterie_Regiment,"43,-15",0,0,"36,-15",7,False,False,N/A,N/A,N/A,{'no_mp': True}
2025-09-13T22:05:59.491260,NO_FUEL,P_Pluton__5_Infanterie_Regiment,"43,-15",0,0,"36,-15",7,False,False,N/A,N/A,N/A,"{'no_mp': True, 'no_fuel': True}"
2025-09-13T22:05:59.491260,NO_MOVEMENT_POINTS,P_Kompania__5_Infanterie_Regiment,"43,-15",0,0,"36,-14",7,False,False,N/A,N/A,N/A,{'no_mp': True}
2025-09-13T22:05:59.491260,NO_FUEL,P_Kompania__5_Infanterie_Regiment,"43,-15",0,0,"36,-14",7,False,False,N/A,N/A,N/A,"{'no_mp': True, 'no_fuel': True}"
2025-09-13T22:05:59.494335,NO_MOVEMENT_POINTS,P_Pluton__5_Sch_tzen_Kompanie,"43,-15",0,0,"37,-15",6,False,False,N/A,N/A,N/A,{'no_mp': True}
2025-09-13T22:05:59.495704,NO_FUEL,P_Pluton__5_Sch_tzen_Kompanie,"43,-15",0,0,"37,-15",6,False,False,N/A,N/A,N/A,"{'no_mp': True, 'no_fuel': True}"
2025-09-13T22:05:59.495704,NO_MOVEMENT_POINTS,AC_Kompania__5_schwere_Artillerie,"43,-15",0,0,"36,-16",8,False,False,N/A,N/A,N/A,{'no_mp': True}
2025-09-13T22:05:59.496711,NO_FUEL,AC_Kompania__5_schwere_Artillerie,"43,-15",0,0,"36,-16",8,False,False,N/A,N/A,N/A,"{'no_mp': True, 'no_fuel': True}"
2025-09-13T22:05:59.497993,NO_MOVEMENT_POINTS,AL_Batalion__5_Artillerie_Abteilung,"43,-15",0,0,"37,-17",8,False,False,N/A,N/A,N/A,{'no_mp': True}
2025-09-13T22:05:59.499229,NO_FUEL,AL_Batalion__5_Artillerie_Abteilung,"43,-15",0,0,"37,-17",8,False,False,N/A,N/A,N/A,"{'no_mp': True, 'no_fuel': True}"
2025-09-13T22:05:59.502354,INSUFFICIENT_SUPPORT,Z_Pluton__5_Unterst_tzungs_Bataillon,"43,-15",N/A,N/A,N/A,N/A,N/A,N/A,0,150,5,"{'enemies_list': [], 'units_found': 0, 'units_needed': 2, 'shortage': 2}"
2025-09-13T22:05:59.503358,NO_MOVEMENT_POINTS,P_Pluton__5_Infanterie_Regiment,"52,-13",0,0,"36,-15",18,False,False,N/A,N/A,N/A,{'no_mp': True}
2025-09-13T22:05:59.503358,NO_FUEL,P_Pluton__5_Infanterie_Regiment,"52,-13",0,0,"36,-15",18,False,False,N/A,N/A,N/A,"{'no_mp': True, 'no_fuel': True}"
2025-09-13T22:05:59.506294,NO_MOVEMENT_POINTS,P_Kompania__5_Infanterie_Regiment,"52,-13",0,0,"36,-14",17,False,False,N/A,N/A,N/A,{'no_mp': True}
2025-09-13T22:05:59.507351,NO_FUEL,P_Kompania__5_Infanterie_Regiment,"52,-13",0,0,"36,-14",17,False,False,N/A,N/A,N/A,"{'no_mp': True, 'no_fuel': True}"
2025-09-13T22:05:59.508611,NO_MOVEMENT_POINTS,P_Pluton__5_Sch_tzen_Kompanie,"52,-13",0,0,"37,-15",17,False,False,N/A,N/A,N/A,{'no_mp': True}
2025-09-13T22:05:59.508611,NO_FUEL,P_Pluton__5_Sch_tzen_Kompanie,"52,-13",0,0,"37,-15",17,False,False,N/A,N/A,N/A,"{'no_mp': True, 'no_fuel': True}"
2025-09-13T22:05:59.509755,NO_MOVEMENT_POINTS,AC_Kompania__5_schwere_Artillerie,"52,-13",0,0,"36,-16",19,False,False,N/A,N/A,N/A,{'no_mp': True}
2025-09-13T22:05:59.510921,NO_FUEL,AC_Kompania__5_schwere_Artillerie,"52,-13",0,0,"36,-16",19,False,False,N/A,N/A,N/A,"{'no_mp': True, 'no_fuel': True}"
2025-09-13T22:05:59.510921,NO_MOVEMENT_POINTS,AL_Batalion__5_Artillerie_Abteilung,"52,-13",0,0,"37,-17",19,False,False,N/A,N/A,N/A,{'no_mp': True}
2025-09-13T22:05:59.512054,NO_FUEL,AL_Batalion__5_Artillerie_Abteilung,"52,-13",0,0,"37,-17",19,False,False,N/A,N/A,N/A,"{'no_mp': True, 'no_fuel': True}"
2025-09-13T22:05:59.513928,INSUFFICIENT_SUPPORT,Z_Pluton__5_Unterst_tzungs_Bataillon_20250913214038,"52,-13",N/A,N/A,N/A,N/A,N/A,N/A,0,100,5,"{'enemies_list': [], 'units_found': 0, 'units_needed': 2, 'shortage': 2}"
2025-09-13T22:05:59.909127,NO_MOVEMENT_POINTS,P_Batalion__2_Batalion_Strzelc_w_20250913214005,"28,3",0,0,"25,-9",15,False,False,N/A,N/A,N/A,{'no_mp': True}
2025-09-13T22:05:59.909127,NO_FUEL,P_Batalion__2_Batalion_Strzelc_w_20250913214005,"28,3",0,0,"25,-9",15,False,False,N/A,N/A,N/A,"{'no_mp': True, 'no_fuel': True}"
2025-09-13T22:05:59.917442,NO_MOVEMENT_POINTS,P_Pluton__2_Kompania_Grenadier_w,"28,3",0,0,"26,6",3,False,False,N/A,N/A,N/A,{'no_mp': True}
2025-09-13T22:05:59.917442,NO_FUEL,P_Pluton__2_Kompania_Grenadier_w,"28,3",0,0,"26,6",3,False,False,N/A,N/A,N/A,"{'no_mp': True, 'no_fuel': True}"
2025-09-13T22:05:59.917442,NO_MOVEMENT_POINTS,Z_Pluton__2_Batalion_Wsparcia,"28,3",0,0,"28,5",2,False,False,N/A,N/A,N/A,{'no_mp': True}
2025-09-13T22:05:59.917442,NO_FUEL,Z_Pluton__2_Batalion_Wsparcia,"28,3",0,0,"28,5",2,False,False,N/A,N/A,N/A,"{'no_mp': True, 'no_fuel': True}"
2025-09-13T22:05:59.923569,NO_MOVEMENT_POINTS,P_Pluton__2_Kompania_Grenadier_w_20250913214010,"28,3",0,0,"27,6",3,False,False,N/A,N/A,N/A,{'no_mp': True}
2025-09-13T22:05:59.924730,NO_FUEL,P_Pluton__2_Kompania_Grenadier_w_20250913214010,"28,3",0,0,"27,6",3,False,False,N/A,N/A,N/A,"{'no_mp': True, 'no_fuel': True}"
2025-09-13T22:05:59.925908,INSUFFICIENT_SUPPORT,P_Kompania__2_Pu_k_Piechoty,"28,3",N/A,N/A,N/A,N/A,N/A,N/A,0,75,4,"{'enemies_list': [], 'units_found': 0, 'units_needed': 1, 'shortage': 1}"
2025-09-13T22:05:59.927153,NO_MOVEMENT_POINTS,P_Batalion__2_Batalion_Strzelc_w_20250913214005,"27,4",0,0,"25,-9",15,False,False,N/A,N/A,N/A,{'no_mp': True}
2025-09-13T22:05:59.928357,NO_FUEL,P_Batalion__2_Batalion_Strzelc_w_20250913214005,"27,4",0,0,"25,-9",15,False,False,N/A,N/A,N/A,"{'no_mp': True, 'no_fuel': True}"
2025-09-13T22:05:59.928357,NO_MOVEMENT_POINTS,P_Pluton__2_Kompania_Grenadier_w,"27,4",0,0,"26,6",2,False,False,N/A,N/A,N/A,{'no_mp': True}
2025-09-13T22:05:59.929776,NO_FUEL,P_Pluton__2_Kompania_Grenadier_w,"27,4",0,0,"26,6",2,False,False,N/A,N/A,N/A,"{'no_mp': True, 'no_fuel': True}"
2025-09-13T22:05:59.930853,NO_MOVEMENT_POINTS,Z_Pluton__2_Batalion_Wsparcia,"27,4",0,0,"28,5",2,False,False,N/A,N/A,N/A,{'no_mp': True}
2025-09-13T22:05:59.931903,NO_FUEL,Z_Pluton__2_Batalion_Wsparcia,"27,4",0,0,"28,5",2,False,False,N/A,N/A,N/A,"{'no_mp': True, 'no_fuel': True}"
2025-09-13T22:05:59.934079,NO_MOVEMENT_POINTS,P_Pluton__2_Kompania_Grenadier_w_20250913214010,"27,4",0,0,"27,6",2,False,False,N/A,N/A,N/A,{'no_mp': True}
2025-09-13T22:05:59.935601,NO_FUEL,P_Pluton__2_Kompania_Grenadier_w_20250913214010,"27,4",0,0,"27,6",2,False,False,N/A,N/A,N/A,"{'no_mp': True, 'no_fuel': True}"
2025-09-13T22:05:59.937911,INSUFFICIENT_SUPPORT,Z_Pluton__2_Oddzia_Rozpoznawczy,"27,4",N/A,N/A,N/A,N/A,N/A,N/A,0,75,4,"{'enemies_list': [], 'units_found': 0, 'units_needed': 1, 'shortage': 1}"
2025-09-13T22:05:59.938976,NO_MOVEMENT_POINTS,P_Batalion__2_Batalion_Strzelc_w_20250913214005,"24,-7",0,0,"25,-9",2,False,False,N/A,N/A,N/A,{'no_mp': True}
2025-09-13T22:05:59.940175,NO_FUEL,P_Batalion__2_Batalion_Strzelc_w_20250913214005,"24,-7",0,0,"25,-9",2,False,False,N/A,N/A,N/A,"{'no_mp': True, 'no_fuel': True}"
2025-09-13T22:05:59.941458,NO_MOVEMENT_POINTS,P_Pluton__2_Kompania_Grenadier_w,"24,-7",0,0,"26,6",15,False,False,N/A,N/A,N/A,{'no_mp': True}
2025-09-13T22:05:59.941458,NO_FUEL,P_Pluton__2_Kompania_Grenadier_w,"24,-7",0,0,"26,6",15,False,False,N/A,N/A,N/A,"{'no_mp': True, 'no_fuel': True}"
2025-09-13T22:05:59.943369,NO_MOVEMENT_POINTS,Z_Pluton__2_Batalion_Wsparcia,"24,-7",0,0,"28,5",16,False,False,N/A,N/A,N/A,{'no_mp': True}
2025-09-13T22:05:59.943958,NO_FUEL,Z_Pluton__2_Batalion_Wsparcia,"24,-7",0,0,"28,5",16,False,False,N/A,N/A,N/A,"{'no_mp': True, 'no_fuel': True}"
2025-09-13T22:05:59.945430,NO_MOVEMENT_POINTS,P_Pluton__2_Kompania_Grenadier_w_20250913214010,"24,-7",0,0,"27,6",16,False,False,N/A,N/A,N/A,{'no_mp': True}
2025-09-13T22:05:59.946460,NO_FUEL,P_Pluton__2_Kompania_Grenadier_w_20250913214010,"24,-7",0,0,"27,6",16,False,False,N/A,N/A,N/A,"{'no_mp': True, 'no_fuel': True}"
2025-09-13T22:05:59.946460,INSUFFICIENT_SUPPORT,Z_Batalion__2_Kompania_Zaopatrzeniowa,"24,-7",N/A,N/A,N/A,N/A,N/A,N/A,0,50,4,"{'enemies_list': [], 'units_found': 0, 'units_needed': 1, 'shortage': 1}"
2025-09-13T22:05:59.947617,NO_MOVEMENT_POINTS,P_Batalion__2_Batalion_Strzelc_w_20250913214005,"15,-7",0,0,"25,-9",10,False,False,N/A,N/A,N/A,{'no_mp': True}
2025-09-13T22:05:59.951258,NO_FUEL,P_Batalion__2_Batalion_Strzelc_w_20250913214005,"15,-7",0,0,"25,-9",10,False,False,N/A,N/A,N/A,"{'no_mp': True, 'no_fuel': True}"
2025-09-13T22:05:59.953950,NO_MOVEMENT_POINTS,P_Pluton__2_Kompania_Grenadier_w,"15,-7",0,0,"26,6",24,False,False,N/A,N/A,N/A,{'no_mp': True}
2025-09-13T22:05:59.954963,NO_FUEL,P_Pluton__2_Kompania_Grenadier_w,"15,-7",0,0,"26,6",24,False,False,N/A,N/A,N/A,"{'no_mp': True, 'no_fuel': True}"
2025-09-13T22:05:59.954963,NO_MOVEMENT_POINTS,Z_Pluton__2_Batalion_Wsparcia,"15,-7",0,0,"28,5",25,False,False,N/A,N/A,N/A,{'no_mp': True}
2025-09-13T22:05:59.954963,NO_FUEL,Z_Pluton__2_Batalion_Wsparcia,"15,-7",0,0,"28,5",25,False,False,N/A,N/A,N/A,"{'no_mp': True, 'no_fuel': True}"
2025-09-13T22:05:59.954963,NO_MOVEMENT_POINTS,P_Pluton__2_Kompania_Grenadier_w_20250913214010,"15,-7",0,0,"27,6",25,False,False,N/A,N/A,N/A,{'no_mp': True}
2025-09-13T22:05:59.954963,NO_FUEL,P_Pluton__2_Kompania_Grenadier_w_20250913214010,"15,-7",0,0,"27,6",25,False,False,N/A,N/A,N/A,"{'no_mp': True, 'no_fuel': True}"
2025-09-13T22:05:59.959016,INSUFFICIENT_SUPPORT,D_Pluton__2_Dow_dztwo_Einheit,"15,-7",N/A,N/A,N/A,N/A,N/A,N/A,0,100,4,"{'enemies_list': [], 'units_found': 0, 'units_needed': 2, 'shortage': 2}"
2025-09-13T22:06:00.235640,NO_MOVEMENT_POINTS,P_Pluton__5_Infanterie_Regiment,"45,-15",0,0,"36,-15",9,False,False,N/A,N/A,N/A,{'no_mp': True}
2025-09-13T22:06:00.238906,NO_FUEL,P_Pluton__5_Infanterie_Regiment,"45,-15",0,0,"36,-15",9,False,False,N/A,N/A,N/A,"{'no_mp': True, 'no_fuel': True}"
2025-09-13T22:06:00.240157,NO_MOVEMENT_POINTS,P_Kompania__5_Infanterie_Regiment,"45,-15",0,0,"36,-14",9,False,False,N/A,N/A,N/A,{'no_mp': True}
2025-09-13T22:06:00.241468,NO_FUEL,P_Kompania__5_Infanterie_Regiment,"45,-15",0,0,"36,-14",9,False,False,N/A,N/A,N/A,"{'no_mp': True, 'no_fuel': True}"
2025-09-13T22:06:00.242465,NO_MOVEMENT_POINTS,P_Pluton__5_Sch_tzen_Kompanie,"45,-15",0,0,"37,-15",8,False,False,N/A,N/A,N/A,{'no_mp': True}
2025-09-13T22:06:00.243901,NO_FUEL,P_Pluton__5_Sch_tzen_Kompanie,"45,-15",0,0,"37,-15",8,False,False,N/A,N/A,N/A,"{'no_mp': True, 'no_fuel': True}"
2025-09-13T22:06:00.244904,NO_MOVEMENT_POINTS,AC_Kompania__5_schwere_Artillerie,"45,-15",0,0,"36,-16",10,False,False,N/A,N/A,N/A,{'no_mp': True}
2025-09-13T22:06:00.246327,NO_FUEL,AC_Kompania__5_schwere_Artillerie,"45,-15",0,0,"36,-16",10,False,False,N/A,N/A,N/A,"{'no_mp': True, 'no_fuel': True}"
2025-09-13T22:06:00.247559,NO_MOVEMENT_POINTS,AL_Batalion__5_Artillerie_Abteilung,"45,-15",0,0,"37,-17",10,False,False,N/A,N/A,N/A,{'no_mp': True}
2025-09-13T22:06:00.247559,NO_FUEL,AL_Batalion__5_Artillerie_Abteilung,"45,-15",0,0,"37,-17",10,False,False,N/A,N/A,N/A,"{'no_mp': True, 'no_fuel': True}"
2025-09-13T22:06:00.248897,INSUFFICIENT_SUPPORT,Z_Kompania__5_Unterst_tzungs_Bataillon,"45,-15",N/A,N/A,N/A,N/A,N/A,N/A,0,100,5,"{'enemies_list': [], 'units_found': 0, 'units_needed': 2, 'shortage': 2}"
2025-09-13T22:06:00.255144,NO_MOVEMENT_POINTS,P_Pluton__5_Infanterie_Regiment,"43,-15",0,0,"36,-15",7,False,False,N/A,N/A,N/A,{'no_mp': True}
2025-09-13T22:06:00.256141,NO_FUEL,P_Pluton__5_Infanterie_Regiment,"43,-15",0,0,"36,-15",7,False,False,N/A,N/A,N/A,"{'no_mp': True, 'no_fuel': True}"
2025-09-13T22:06:00.257621,NO_MOVEMENT_POINTS,P_Kompania__5_Infanterie_Regiment,"43,-15",0,0,"36,-14",7,False,False,N/A,N/A,N/A,{'no_mp': True}
2025-09-13T22:06:00.258624,NO_FUEL,P_Kompania__5_Infanterie_Regiment,"43,-15",0,0,"36,-14",7,False,False,N/A,N/A,N/A,"{'no_mp': True, 'no_fuel': True}"
2025-09-13T22:06:00.259692,NO_MOVEMENT_POINTS,P_Pluton__5_Sch_tzen_Kompanie,"43,-15",0,0,"37,-15",6,False,False,N/A,N/A,N/A,{'no_mp': True}
2025-09-13T22:06:00.260700,NO_FUEL,P_Pluton__5_Sch_tzen_Kompanie,"43,-15",0,0,"37,-15",6,False,False,N/A,N/A,N/A,"{'no_mp': True, 'no_fuel': True}"
2025-09-13T22:06:00.260700,NO_MOVEMENT_POINTS,AC_Kompania__5_schwere_Artillerie,"43,-15",0,0,"36,-16",8,False,False,N/A,N/A,N/A,{'no_mp': True}
2025-09-13T22:06:00.261989,NO_FUEL,AC_Kompania__5_schwere_Artillerie,"43,-15",0,0,"36,-16",8,False,False,N/A,N/A,N/A,"{'no_mp': True, 'no_fuel': True}"
2025-09-13T22:06:00.263147,NO_MOVEMENT_POINTS,AL_Batalion__5_Artillerie_Abteilung,"43,-15",0,0,"37,-17",8,False,False,N/A,N/A,N/A,{'no_mp': True}
2025-09-13T22:06:00.264259,NO_FUEL,AL_Batalion__5_Artillerie_Abteilung,"43,-15",0,0,"37,-17",8,False,False,N/A,N/A,N/A,"{'no_mp': True, 'no_fuel': True}"
2025-09-13T22:06:00.264259,INSUFFICIENT_SUPPORT,Z_Pluton__5_Unterst_tzungs_Bataillon,"43,-15",N/A,N/A,N/A,N/A,N/A,N/A,0,150,5,"{'enemies_list': [], 'units_found': 0, 'units_needed': 2, 'shortage': 2}"
2025-09-13T22:06:00.265495,NO_MOVEMENT_POINTS,P_Pluton__5_Infanterie_Regiment,"52,-13",0,0,"36,-15",18,False,False,N/A,N/A,N/A,{'no_mp': True}
2025-09-13T22:06:00.271303,NO_FUEL,P_Pluton__5_Infanterie_Regiment,"52,-13",0,0,"36,-15",18,False,False,N/A,N/A,N/A,"{'no_mp': True, 'no_fuel': True}"
2025-09-13T22:06:00.272540,NO_MOVEMENT_POINTS,P_Kompania__5_Infanterie_Regiment,"52,-13",0,0,"36,-14",17,False,False,N/A,N/A,N/A,{'no_mp': True}
2025-09-13T22:06:00.272540,NO_FUEL,P_Kompania__5_Infanterie_Regiment,"52,-13",0,0,"36,-14",17,False,False,N/A,N/A,N/A,"{'no_mp': True, 'no_fuel': True}"
2025-09-13T22:06:00.273653,NO_MOVEMENT_POINTS,P_Pluton__5_Sch_tzen_Kompanie,"52,-13",0,0,"37,-15",17,False,False,N/A,N/A,N/A,{'no_mp': True}
2025-09-13T22:06:00.274805,NO_FUEL,P_Pluton__5_Sch_tzen_Kompanie,"52,-13",0,0,"37,-15",17,False,False,N/A,N/A,N/A,"{'no_mp': True, 'no_fuel': True}"
2025-09-13T22:06:00.275237,NO_MOVEMENT_POINTS,AC_Kompania__5_schwere_Artillerie,"52,-13",0,0,"36,-16",19,False,False,N/A,N/A,N/A,{'no_mp': True}
2025-09-13T22:06:00.276245,NO_FUEL,AC_Kompania__5_schwere_Artillerie,"52,-13",0,0,"36,-16",19,False,False,N/A,N/A,N/A,"{'no_mp': True, 'no_fuel': True}"
2025-09-13T22:06:00.276245,NO_MOVEMENT_POINTS,AL_Batalion__5_Artillerie_Abteilung,"52,-13",0,0,"37,-17",19,False,False,N/A,N/A,N/A,{'no_mp': True}
2025-09-13T22:06:00.276245,NO_FUEL,AL_Batalion__5_Artillerie_Abteilung,"52,-13",0,0,"37,-17",19,False,False,N/A,N/A,N/A,"{'no_mp': True, 'no_fuel': True}"
2025-09-13T22:06:00.281200,INSUFFICIENT_SUPPORT,Z_Pluton__5_Unterst_tzungs_Bataillon_20250913214038,"52,-13",N/A,N/A,N/A,N/A,N/A,N/A,0,100,5,"{'enemies_list': [], 'units_found': 0, 'units_needed': 2, 'shortage': 2}"
2025-09-13T22:06:00.488413,NO_MOVEMENT_POINTS,P_Batalion__2_Batalion_Strzelc_w_20250913214005,"28,3",0,0,"25,-9",15,False,False,N/A,N/A,N/A,{'no_mp': True}
2025-09-13T22:06:00.489422,NO_FUEL,P_Batalion__2_Batalion_Strzelc_w_20250913214005,"28,3",0,0,"25,-9",15,False,False,N/A,N/A,N/A,"{'no_mp': True, 'no_fuel': True}"
2025-09-13T22:06:00.489422,NO_MOVEMENT_POINTS,P_Pluton__2_Kompania_Grenadier_w,"28,3",0,0,"26,6",3,False,False,N/A,N/A,N/A,{'no_mp': True}
2025-09-13T22:06:00.490704,NO_FUEL,P_Pluton__2_Kompania_Grenadier_w,"28,3",0,0,"26,6",3,False,False,N/A,N/A,N/A,"{'no_mp': True, 'no_fuel': True}"
2025-09-13T22:06:00.491946,NO_MOVEMENT_POINTS,Z_Pluton__2_Batalion_Wsparcia,"28,3",0,0,"28,5",2,False,False,N/A,N/A,N/A,{'no_mp': True}
2025-09-13T22:06:00.491946,NO_FUEL,Z_Pluton__2_Batalion_Wsparcia,"28,3",0,0,"28,5",2,False,False,N/A,N/A,N/A,"{'no_mp': True, 'no_fuel': True}"
2025-09-13T22:06:00.493635,NO_MOVEMENT_POINTS,P_Pluton__2_Kompania_Grenadier_w_20250913214010,"28,3",0,0,"27,6",3,False,False,N/A,N/A,N/A,{'no_mp': True}
2025-09-13T22:06:00.494470,NO_FUEL,P_Pluton__2_Kompania_Grenadier_w_20250913214010,"28,3",0,0,"27,6",3,False,False,N/A,N/A,N/A,"{'no_mp': True, 'no_fuel': True}"
2025-09-13T22:06:00.495638,INSUFFICIENT_SUPPORT,P_Kompania__2_Pu_k_Piechoty,"28,3",N/A,N/A,N/A,N/A,N/A,N/A,0,75,4,"{'enemies_list': [], 'units_found': 0, 'units_needed': 1, 'shortage': 1}"
2025-09-13T22:06:00.496876,NO_MOVEMENT_POINTS,P_Batalion__2_Batalion_Strzelc_w_20250913214005,"27,4",0,0,"25,-9",15,False,False,N/A,N/A,N/A,{'no_mp': True}
2025-09-13T22:06:00.497917,NO_FUEL,P_Batalion__2_Batalion_Strzelc_w_20250913214005,"27,4",0,0,"25,-9",15,False,False,N/A,N/A,N/A,"{'no_mp': True, 'no_fuel': True}"
2025-09-13T22:06:00.498938,NO_MOVEMENT_POINTS,P_Pluton__2_Kompania_Grenadier_w,"27,4",0,0,"26,6",2,False,False,N/A,N/A,N/A,{'no_mp': True}
2025-09-13T22:06:00.501137,NO_FUEL,P_Pluton__2_Kompania_Grenadier_w,"27,4",0,0,"26,6",2,False,False,N/A,N/A,N/A,"{'no_mp': True, 'no_fuel': True}"
2025-09-13T22:06:00.503156,NO_MOVEMENT_POINTS,Z_Pluton__2_Batalion_Wsparcia,"27,4",0,0,"28,5",2,False,False,N/A,N/A,N/A,{'no_mp': True}
2025-09-13T22:06:00.505445,NO_FUEL,Z_Pluton__2_Batalion_Wsparcia,"27,4",0,0,"28,5",2,False,False,N/A,N/A,N/A,"{'no_mp': True, 'no_fuel': True}"
2025-09-13T22:06:00.505445,NO_MOVEMENT_POINTS,P_Pluton__2_Kompania_Grenadier_w_20250913214010,"27,4",0,0,"27,6",2,False,False,N/A,N/A,N/A,{'no_mp': True}
2025-09-13T22:06:00.506454,NO_FUEL,P_Pluton__2_Kompania_Grenadier_w_20250913214010,"27,4",0,0,"27,6",2,False,False,N/A,N/A,N/A,"{'no_mp': True, 'no_fuel': True}"
2025-09-13T22:06:00.507621,INSUFFICIENT_SUPPORT,Z_Pluton__2_Oddzia_Rozpoznawczy,"27,4",N/A,N/A,N/A,N/A,N/A,N/A,0,75,4,"{'enemies_list': [], 'units_found': 0, 'units_needed': 1, 'shortage': 1}"
2025-09-13T22:06:00.508756,NO_MOVEMENT_POINTS,P_Batalion__2_Batalion_Strzelc_w_20250913214005,"24,-7",0,0,"25,-9",2,False,False,N/A,N/A,N/A,{'no_mp': True}
2025-09-13T22:06:00.509822,NO_FUEL,P_Batalion__2_Batalion_Strzelc_w_20250913214005,"24,-7",0,0,"25,-9",2,False,False,N/A,N/A,N/A,"{'no_mp': True, 'no_fuel': True}"
2025-09-13T22:06:00.510857,NO_MOVEMENT_POINTS,P_Pluton__2_Kompania_Grenadier_w,"24,-7",0,0,"26,6",15,False,False,N/A,N/A,N/A,{'no_mp': True}
2025-09-13T22:06:00.512007,NO_FUEL,P_Pluton__2_Kompania_Grenadier_w,"24,-7",0,0,"26,6",15,False,False,N/A,N/A,N/A,"{'no_mp': True, 'no_fuel': True}"
2025-09-13T22:06:00.513020,NO_MOVEMENT_POINTS,Z_Pluton__2_Batalion_Wsparcia,"24,-7",0,0,"28,5",16,False,False,N/A,N/A,N/A,{'no_mp': True}
2025-09-13T22:06:00.513020,NO_FUEL,Z_Pluton__2_Batalion_Wsparcia,"24,-7",0,0,"28,5",16,False,False,N/A,N/A,N/A,"{'no_mp': True, 'no_fuel': True}"
2025-09-13T22:06:00.514302,NO_MOVEMENT_POINTS,P_Pluton__2_Kompania_Grenadier_w_20250913214010,"24,-7",0,0,"27,6",16,False,False,N/A,N/A,N/A,{'no_mp': True}
2025-09-13T22:06:00.515664,NO_FUEL,P_Pluton__2_Kompania_Grenadier_w_20250913214010,"24,-7",0,0,"27,6",16,False,False,N/A,N/A,N/A,"{'no_mp': True, 'no_fuel': True}"
2025-09-13T22:06:00.516928,INSUFFICIENT_SUPPORT,Z_Batalion__2_Kompania_Zaopatrzeniowa,"24,-7",N/A,N/A,N/A,N/A,N/A,N/A,0,50,4,"{'enemies_list': [], 'units_found': 0, 'units_needed': 1, 'shortage': 1}"
2025-09-13T22:06:00.520986,NO_MOVEMENT_POINTS,P_Batalion__2_Batalion_Strzelc_w_20250913214005,"15,-7",0,0,"25,-9",10,False,False,N/A,N/A,N/A,{'no_mp': True}
2025-09-13T22:06:00.520986,NO_FUEL,P_Batalion__2_Batalion_Strzelc_w_20250913214005,"15,-7",0,0,"25,-9",10,False,False,N/A,N/A,N/A,"{'no_mp': True, 'no_fuel': True}"
2025-09-13T22:06:00.520986,NO_MOVEMENT_POINTS,P_Pluton__2_Kompania_Grenadier_w,"15,-7",0,0,"26,6",24,False,False,N/A,N/A,N/A,{'no_mp': True}
2025-09-13T22:06:00.525024,NO_FUEL,P_Pluton__2_Kompania_Grenadier_w,"15,-7",0,0,"26,6",24,False,False,N/A,N/A,N/A,"{'no_mp': True, 'no_fuel': True}"
2025-09-13T22:06:00.526762,NO_MOVEMENT_POINTS,Z_Pluton__2_Batalion_Wsparcia,"15,-7",0,0,"28,5",25,False,False,N/A,N/A,N/A,{'no_mp': True}
2025-09-13T22:06:00.528781,NO_FUEL,Z_Pluton__2_Batalion_Wsparcia,"15,-7",0,0,"28,5",25,False,False,N/A,N/A,N/A,"{'no_mp': True, 'no_fuel': True}"
2025-09-13T22:06:00.564470,NO_MOVEMENT_POINTS,P_Pluton__2_Kompania_Grenadier_w_20250913214010,"15,-7",0,0,"27,6",25,False,False,N/A,N/A,N/A,{'no_mp': True}
2025-09-13T22:06:00.571537,NO_FUEL,P_Pluton__2_Kompania_Grenadier_w_20250913214010,"15,-7",0,0,"27,6",25,False,False,N/A,N/A,N/A,"{'no_mp': True, 'no_fuel': True}"
2025-09-13T22:06:00.680233,INSUFFICIENT_SUPPORT,D_Pluton__2_Dow_dztwo_Einheit,"15,-7",N/A,N/A,N/A,N/A,N/A,N/A,0,100,4,"{'enemies_list': [], 'units_found': 0, 'units_needed': 2, 'shortage': 2}"
2025-09-13T22:06:00.876882,NO_MOVEMENT_POINTS,P_Pluton__5_Infanterie_Regiment,"45,-15",0,0,"36,-15",9,False,False,N/A,N/A,N/A,{'no_mp': True}
2025-09-13T22:06:00.876882,NO_FUEL,P_Pluton__5_Infanterie_Regiment,"45,-15",0,0,"36,-15",9,False,False,N/A,N/A,N/A,"{'no_mp': True, 'no_fuel': True}"
2025-09-13T22:06:00.884597,NO_MOVEMENT_POINTS,P_Kompania__5_Infanterie_Regiment,"45,-15",0,0,"36,-14",9,False,False,N/A,N/A,N/A,{'no_mp': True}
2025-09-13T22:06:00.887563,NO_FUEL,P_Kompania__5_Infanterie_Regiment,"45,-15",0,0,"36,-14",9,False,False,N/A,N/A,N/A,"{'no_mp': True, 'no_fuel': True}"
2025-09-13T22:06:00.889484,NO_MOVEMENT_POINTS,P_Pluton__5_Sch_tzen_Kompanie,"45,-15",0,0,"37,-15",8,False,False,N/A,N/A,N/A,{'no_mp': True}
2025-09-13T22:06:00.889484,NO_FUEL,P_Pluton__5_Sch_tzen_Kompanie,"45,-15",0,0,"37,-15",8,False,False,N/A,N/A,N/A,"{'no_mp': True, 'no_fuel': True}"
2025-09-13T22:06:00.890710,NO_MOVEMENT_POINTS,AC_Kompania__5_schwere_Artillerie,"45,-15",0,0,"36,-16",10,False,False,N/A,N/A,N/A,{'no_mp': True}
2025-09-13T22:06:00.891932,NO_FUEL,AC_Kompania__5_schwere_Artillerie,"45,-15",0,0,"36,-16",10,False,False,N/A,N/A,N/A,"{'no_mp': True, 'no_fuel': True}"
2025-09-13T22:06:00.891932,NO_MOVEMENT_POINTS,AL_Batalion__5_Artillerie_Abteilung,"45,-15",0,0,"37,-17",10,False,False,N/A,N/A,N/A,{'no_mp': True}
2025-09-13T22:06:00.893210,NO_FUEL,AL_Batalion__5_Artillerie_Abteilung,"45,-15",0,0,"37,-17",10,False,False,N/A,N/A,N/A,"{'no_mp': True, 'no_fuel': True}"
2025-09-13T22:06:00.895038,INSUFFICIENT_SUPPORT,Z_Kompania__5_Unterst_tzungs_Bataillon,"45,-15",N/A,N/A,N/A,N/A,N/A,N/A,0,100,5,"{'enemies_list': [], 'units_found': 0, 'units_needed': 2, 'shortage': 2}"
2025-09-13T22:06:00.896049,NO_MOVEMENT_POINTS,P_Pluton__5_Infanterie_Regiment,"43,-15",0,0,"36,-15",7,False,False,N/A,N/A,N/A,{'no_mp': True}
2025-09-13T22:06:00.897053,NO_FUEL,P_Pluton__5_Infanterie_Regiment,"43,-15",0,0,"36,-15",7,False,False,N/A,N/A,N/A,"{'no_mp': True, 'no_fuel': True}"
2025-09-13T22:06:00.897053,NO_MOVEMENT_POINTS,P_Kompania__5_Infanterie_Regiment,"43,-15",0,0,"36,-14",7,False,False,N/A,N/A,N/A,{'no_mp': True}
2025-09-13T22:06:00.898171,NO_FUEL,P_Kompania__5_Infanterie_Regiment,"43,-15",0,0,"36,-14",7,False,False,N/A,N/A,N/A,"{'no_mp': True, 'no_fuel': True}"
2025-09-13T22:06:00.899351,NO_MOVEMENT_POINTS,P_Pluton__5_Sch_tzen_Kompanie,"43,-15",0,0,"37,-15",6,False,False,N/A,N/A,N/A,{'no_mp': True}
2025-09-13T22:06:00.900774,NO_FUEL,P_Pluton__5_Sch_tzen_Kompanie,"43,-15",0,0,"37,-15",6,False,False,N/A,N/A,N/A,"{'no_mp': True, 'no_fuel': True}"
2025-09-13T22:06:00.905407,NO_MOVEMENT_POINTS,AC_Kompania__5_schwere_Artillerie,"43,-15",0,0,"36,-16",8,False,False,N/A,N/A,N/A,{'no_mp': True}
2025-09-13T22:06:00.906438,NO_FUEL,AC_Kompania__5_schwere_Artillerie,"43,-15",0,0,"36,-16",8,False,False,N/A,N/A,N/A,"{'no_mp': True, 'no_fuel': True}"
2025-09-13T22:06:00.907672,NO_MOVEMENT_POINTS,AL_Batalion__5_Artillerie_Abteilung,"43,-15",0,0,"37,-17",8,False,False,N/A,N/A,N/A,{'no_mp': True}
2025-09-13T22:06:00.908683,NO_FUEL,AL_Batalion__5_Artillerie_Abteilung,"43,-15",0,0,"37,-17",8,False,False,N/A,N/A,N/A,"{'no_mp': True, 'no_fuel': True}"
2025-09-13T22:06:00.909687,INSUFFICIENT_SUPPORT,Z_Pluton__5_Unterst_tzungs_Bataillon,"43,-15",N/A,N/A,N/A,N/A,N/A,N/A,0,150,5,"{'enemies_list': [], 'units_found': 0, 'units_needed': 2, 'shortage': 2}"
2025-09-13T22:06:00.909687,NO_MOVEMENT_POINTS,P_Pluton__5_Infanterie_Regiment,"52,-13",0,0,"36,-15",18,False,False,N/A,N/A,N/A,{'no_mp': True}
2025-09-13T22:06:00.910922,NO_FUEL,P_Pluton__5_Infanterie_Regiment,"52,-13",0,0,"36,-15",18,False,False,N/A,N/A,N/A,"{'no_mp': True, 'no_fuel': True}"
2025-09-13T22:06:00.911953,NO_MOVEMENT_POINTS,P_Kompania__5_Infanterie_Regiment,"52,-13",0,0,"36,-14",17,False,False,N/A,N/A,N/A,{'no_mp': True}
2025-09-13T22:06:00.912986,NO_FUEL,P_Kompania__5_Infanterie_Regiment,"52,-13",0,0,"36,-14",17,False,False,N/A,N/A,N/A,"{'no_mp': True, 'no_fuel': True}"
2025-09-13T22:06:00.913746,NO_MOVEMENT_POINTS,P_Pluton__5_Sch_tzen_Kompanie,"52,-13",0,0,"37,-15",17,False,False,N/A,N/A,N/A,{'no_mp': True}
2025-09-13T22:06:00.915101,NO_FUEL,P_Pluton__5_Sch_tzen_Kompanie,"52,-13",0,0,"37,-15",17,False,False,N/A,N/A,N/A,"{'no_mp': True, 'no_fuel': True}"
2025-09-13T22:06:00.916111,NO_MOVEMENT_POINTS,AC_Kompania__5_schwere_Artillerie,"52,-13",0,0,"36,-16",19,False,False,N/A,N/A,N/A,{'no_mp': True}
2025-09-13T22:06:00.917129,NO_FUEL,AC_Kompania__5_schwere_Artillerie,"52,-13",0,0,"36,-16",19,False,False,N/A,N/A,N/A,"{'no_mp': True, 'no_fuel': True}"
2025-09-13T22:06:00.920116,NO_MOVEMENT_POINTS,AL_Batalion__5_Artillerie_Abteilung,"52,-13",0,0,"37,-17",19,False,False,N/A,N/A,N/A,{'no_mp': True}
2025-09-13T22:06:00.922336,NO_FUEL,AL_Batalion__5_Artillerie_Abteilung,"52,-13",0,0,"37,-17",19,False,False,N/A,N/A,N/A,"{'no_mp': True, 'no_fuel': True}"
2025-09-13T22:06:00.923361,INSUFFICIENT_SUPPORT,Z_Pluton__5_Unterst_tzungs_Bataillon_20250913214038,"52,-13",N/A,N/A,N/A,N/A,N/A,N/A,0,100,5,"{'enemies_list': [], 'units_found': 0, 'units_needed': 2, 'shortage': 2}"
2025-09-13T22:06:01.140810,NO_MOVEMENT_POINTS,P_Batalion__2_Batalion_Strzelc_w_20250913214005,"28,3",0,0,"25,-9",15,False,False,N/A,N/A,N/A,{'no_mp': True}
2025-09-13T22:06:01.141815,NO_FUEL,P_Batalion__2_Batalion_Strzelc_w_20250913214005,"28,3",0,0,"25,-9",15,False,False,N/A,N/A,N/A,"{'no_mp': True, 'no_fuel': True}"
2025-09-13T22:06:01.142844,NO_MOVEMENT_POINTS,P_Pluton__2_Kompania_Grenadier_w,"28,3",0,0,"26,6",3,False,False,N/A,N/A,N/A,{'no_mp': True}
2025-09-13T22:06:01.142844,NO_FUEL,P_Pluton__2_Kompania_Grenadier_w,"28,3",0,0,"26,6",3,False,False,N/A,N/A,N/A,"{'no_mp': True, 'no_fuel': True}"
2025-09-13T22:06:01.144092,NO_MOVEMENT_POINTS,Z_Pluton__2_Batalion_Wsparcia,"28,3",0,0,"28,5",2,False,False,N/A,N/A,N/A,{'no_mp': True}
2025-09-13T22:06:01.144092,NO_FUEL,Z_Pluton__2_Batalion_Wsparcia,"28,3",0,0,"28,5",2,False,False,N/A,N/A,N/A,"{'no_mp': True, 'no_fuel': True}"
2025-09-13T22:06:01.145956,NO_MOVEMENT_POINTS,P_Pluton__2_Kompania_Grenadier_w_20250913214010,"28,3",0,0,"27,6",3,False,False,N/A,N/A,N/A,{'no_mp': True}
2025-09-13T22:06:01.146966,NO_FUEL,P_Pluton__2_Kompania_Grenadier_w_20250913214010,"28,3",0,0,"27,6",3,False,False,N/A,N/A,N/A,"{'no_mp': True, 'no_fuel': True}"
2025-09-13T22:06:01.148268,INSUFFICIENT_SUPPORT,P_Kompania__2_Pu_k_Piechoty,"28,3",N/A,N/A,N/A,N/A,N/A,N/A,0,75,4,"{'enemies_list': [], 'units_found': 0, 'units_needed': 1, 'shortage': 1}"
2025-09-13T22:06:01.148268,NO_MOVEMENT_POINTS,P_Batalion__2_Batalion_Strzelc_w_20250913214005,"27,4",0,0,"25,-9",15,False,False,N/A,N/A,N/A,{'no_mp': True}
2025-09-13T22:06:01.149613,NO_FUEL,P_Batalion__2_Batalion_Strzelc_w_20250913214005,"27,4",0,0,"25,-9",15,False,False,N/A,N/A,N/A,"{'no_mp': True, 'no_fuel': True}"
2025-09-13T22:06:01.153756,NO_MOVEMENT_POINTS,P_Pluton__2_Kompania_Grenadier_w,"27,4",0,0,"26,6",2,False,False,N/A,N/A,N/A,{'no_mp': True}
2025-09-13T22:06:01.156298,NO_FUEL,P_Pluton__2_Kompania_Grenadier_w,"27,4",0,0,"26,6",2,False,False,N/A,N/A,N/A,"{'no_mp': True, 'no_fuel': True}"
2025-09-13T22:06:01.157430,NO_MOVEMENT_POINTS,Z_Pluton__2_Batalion_Wsparcia,"27,4",0,0,"28,5",2,False,False,N/A,N/A,N/A,{'no_mp': True}
2025-09-13T22:06:01.157430,NO_FUEL,Z_Pluton__2_Batalion_Wsparcia,"27,4",0,0,"28,5",2,False,False,N/A,N/A,N/A,"{'no_mp': True, 'no_fuel': True}"
2025-09-13T22:06:01.158966,NO_MOVEMENT_POINTS,P_Pluton__2_Kompania_Grenadier_w_20250913214010,"27,4",0,0,"27,6",2,False,False,N/A,N/A,N/A,{'no_mp': True}
2025-09-13T22:06:01.159826,NO_FUEL,P_Pluton__2_Kompania_Grenadier_w_20250913214010,"27,4",0,0,"27,6",2,False,False,N/A,N/A,N/A,"{'no_mp': True, 'no_fuel': True}"
2025-09-13T22:06:01.160824,INSUFFICIENT_SUPPORT,Z_Pluton__2_Oddzia_Rozpoznawczy,"27,4",N/A,N/A,N/A,N/A,N/A,N/A,0,75,4,"{'enemies_list': [], 'units_found': 0, 'units_needed': 1, 'shortage': 1}"
2025-09-13T22:06:01.161854,NO_MOVEMENT_POINTS,P_Batalion__2_Batalion_Strzelc_w_20250913214005,"24,-7",0,0,"25,-9",2,False,False,N/A,N/A,N/A,{'no_mp': True}
2025-09-13T22:06:01.161854,NO_FUEL,P_Batalion__2_Batalion_Strzelc_w_20250913214005,"24,-7",0,0,"25,-9",2,False,False,N/A,N/A,N/A,"{'no_mp': True, 'no_fuel': True}"
2025-09-13T22:06:01.161854,NO_MOVEMENT_POINTS,P_Pluton__2_Kompania_Grenadier_w,"24,-7",0,0,"26,6",15,False,False,N/A,N/A,N/A,{'no_mp': True}
2025-09-13T22:06:01.161854,NO_FUEL,P_Pluton__2_Kompania_Grenadier_w,"24,-7",0,0,"26,6",15,False,False,N/A,N/A,N/A,"{'no_mp': True, 'no_fuel': True}"
2025-09-13T22:06:01.165334,NO_MOVEMENT_POINTS,Z_Pluton__2_Batalion_Wsparcia,"24,-7",0,0,"28,5",16,False,False,N/A,N/A,N/A,{'no_mp': True}
2025-09-13T22:06:01.166348,NO_FUEL,Z_Pluton__2_Batalion_Wsparcia,"24,-7",0,0,"28,5",16,False,False,N/A,N/A,N/A,"{'no_mp': True, 'no_fuel': True}"
2025-09-13T22:06:01.167577,NO_MOVEMENT_POINTS,P_Pluton__2_Kompania_Grenadier_w_20250913214010,"24,-7",0,0,"27,6",16,False,False,N/A,N/A,N/A,{'no_mp': True}
2025-09-13T22:06:01.170749,NO_FUEL,P_Pluton__2_Kompania_Grenadier_w_20250913214010,"24,-7",0,0,"27,6",16,False,False,N/A,N/A,N/A,"{'no_mp': True, 'no_fuel': True}"
2025-09-13T22:06:01.172710,INSUFFICIENT_SUPPORT,Z_Batalion__2_Kompania_Zaopatrzeniowa,"24,-7",N/A,N/A,N/A,N/A,N/A,N/A,0,50,4,"{'enemies_list': [], 'units_found': 0, 'units_needed': 1, 'shortage': 1}"
2025-09-13T22:06:01.173909,NO_MOVEMENT_POINTS,P_Batalion__2_Batalion_Strzelc_w_20250913214005,"15,-7",0,0,"25,-9",10,False,False,N/A,N/A,N/A,{'no_mp': True}
2025-09-13T22:06:01.174916,NO_FUEL,P_Batalion__2_Batalion_Strzelc_w_20250913214005,"15,-7",0,0,"25,-9",10,False,False,N/A,N/A,N/A,"{'no_mp': True, 'no_fuel': True}"
2025-09-13T22:06:01.175919,NO_MOVEMENT_POINTS,P_Pluton__2_Kompania_Grenadier_w,"15,-7",0,0,"26,6",24,False,False,N/A,N/A,N/A,{'no_mp': True}
2025-09-13T22:06:01.177030,NO_FUEL,P_Pluton__2_Kompania_Grenadier_w,"15,-7",0,0,"26,6",24,False,False,N/A,N/A,N/A,"{'no_mp': True, 'no_fuel': True}"
2025-09-13T22:06:01.177030,NO_MOVEMENT_POINTS,Z_Pluton__2_Batalion_Wsparcia,"15,-7",0,0,"28,5",25,False,False,N/A,N/A,N/A,{'no_mp': True}
2025-09-13T22:06:01.177030,NO_FUEL,Z_Pluton__2_Batalion_Wsparcia,"15,-7",0,0,"28,5",25,False,False,N/A,N/A,N/A,"{'no_mp': True, 'no_fuel': True}"
2025-09-13T22:06:01.177030,NO_MOVEMENT_POINTS,P_Pluton__2_Kompania_Grenadier_w_20250913214010,"15,-7",0,0,"27,6",25,False,False,N/A,N/A,N/A,{'no_mp': True}
2025-09-13T22:06:01.177030,NO_FUEL,P_Pluton__2_Kompania_Grenadier_w_20250913214010,"15,-7",0,0,"27,6",25,False,False,N/A,N/A,N/A,"{'no_mp': True, 'no_fuel': True}"
2025-09-13T22:06:01.177030,INSUFFICIENT_SUPPORT,D_Pluton__2_Dow_dztwo_Einheit,"15,-7",N/A,N/A,N/A,N/A,N/A,N/A,0,100,4,"{'enemies_list': [], 'units_found': 0, 'units_needed': 2, 'shortage': 2}"
2025-09-13T22:06:01.343217,NO_MOVEMENT_POINTS,P_Pluton__5_Infanterie_Regiment,"45,-15",0,0,"36,-15",9,False,False,N/A,N/A,N/A,{'no_mp': True}
2025-09-13T22:06:01.344234,NO_FUEL,P_Pluton__5_Infanterie_Regiment,"45,-15",0,0,"36,-15",9,False,False,N/A,N/A,N/A,"{'no_mp': True, 'no_fuel': True}"
2025-09-13T22:06:01.345405,NO_MOVEMENT_POINTS,P_Kompania__5_Infanterie_Regiment,"45,-15",0,0,"36,-14",9,False,False,N/A,N/A,N/A,{'no_mp': True}
2025-09-13T22:06:01.346676,NO_FUEL,P_Kompania__5_Infanterie_Regiment,"45,-15",0,0,"36,-14",9,False,False,N/A,N/A,N/A,"{'no_mp': True, 'no_fuel': True}"
2025-09-13T22:06:01.346676,NO_MOVEMENT_POINTS,P_Pluton__5_Sch_tzen_Kompanie,"45,-15",0,0,"37,-15",8,False,False,N/A,N/A,N/A,{'no_mp': True}
2025-09-13T22:06:01.347971,NO_FUEL,P_Pluton__5_Sch_tzen_Kompanie,"45,-15",0,0,"37,-15",8,False,False,N/A,N/A,N/A,"{'no_mp': True, 'no_fuel': True}"
2025-09-13T22:06:01.349056,NO_MOVEMENT_POINTS,AC_Kompania__5_schwere_Artillerie,"45,-15",0,0,"36,-16",10,False,False,N/A,N/A,N/A,{'no_mp': True}
2025-09-13T22:06:01.349909,NO_FUEL,AC_Kompania__5_schwere_Artillerie,"45,-15",0,0,"36,-16",10,False,False,N/A,N/A,N/A,"{'no_mp': True, 'no_fuel': True}"
2025-09-13T22:06:01.352851,NO_MOVEMENT_POINTS,AL_Batalion__5_Artillerie_Abteilung,"45,-15",0,0,"37,-17",10,False,False,N/A,N/A,N/A,{'no_mp': True}
2025-09-13T22:06:01.355733,NO_FUEL,AL_Batalion__5_Artillerie_Abteilung,"45,-15",0,0,"37,-17",10,False,False,N/A,N/A,N/A,"{'no_mp': True, 'no_fuel': True}"
2025-09-13T22:06:01.356318,INSUFFICIENT_SUPPORT,Z_Kompania__5_Unterst_tzungs_Bataillon,"45,-15",N/A,N/A,N/A,N/A,N/A,N/A,0,100,5,"{'enemies_list': [], 'units_found': 0, 'units_needed': 2, 'shortage': 2}"
2025-09-13T22:06:01.357641,NO_MOVEMENT_POINTS,P_Pluton__5_Infanterie_Regiment,"43,-14",0,0,"36,-15",8,False,False,N/A,N/A,N/A,{'no_mp': True}
2025-09-13T22:06:01.358924,NO_FUEL,P_Pluton__5_Infanterie_Regiment,"43,-14",0,0,"36,-15",8,False,False,N/A,N/A,N/A,"{'no_mp': True, 'no_fuel': True}"
2025-09-13T22:06:01.358924,NO_MOVEMENT_POINTS,P_Kompania__5_Infanterie_Regiment,"43,-14",0,0,"36,-14",7,False,False,N/A,N/A,N/A,{'no_mp': True}
2025-09-13T22:06:01.360181,NO_FUEL,P_Kompania__5_Infanterie_Regiment,"43,-14",0,0,"36,-14",7,False,False,N/A,N/A,N/A,"{'no_mp': True, 'no_fuel': True}"
2025-09-13T22:06:01.361294,NO_MOVEMENT_POINTS,P_Pluton__5_Sch_tzen_Kompanie,"43,-14",0,0,"37,-15",7,False,False,N/A,N/A,N/A,{'no_mp': True}
2025-09-13T22:06:01.362199,NO_FUEL,P_Pluton__5_Sch_tzen_Kompanie,"43,-14",0,0,"37,-15",7,False,False,N/A,N/A,N/A,"{'no_mp': True, 'no_fuel': True}"
2025-09-13T22:06:01.362761,NO_MOVEMENT_POINTS,AC_Kompania__5_schwere_Artillerie,"43,-14",0,0,"36,-16",9,False,False,N/A,N/A,N/A,{'no_mp': True}
2025-09-13T22:06:01.364245,NO_FUEL,AC_Kompania__5_schwere_Artillerie,"43,-14",0,0,"36,-16",9,False,False,N/A,N/A,N/A,"{'no_mp': True, 'no_fuel': True}"
2025-09-13T22:06:01.365250,NO_MOVEMENT_POINTS,AL_Batalion__5_Artillerie_Abteilung,"43,-14",0,0,"37,-17",9,False,False,N/A,N/A,N/A,{'no_mp': True}
2025-09-13T22:06:01.365250,NO_FUEL,AL_Batalion__5_Artillerie_Abteilung,"43,-14",0,0,"37,-17",9,False,False,N/A,N/A,N/A,"{'no_mp': True, 'no_fuel': True}"
2025-09-13T22:06:01.367215,INSUFFICIENT_SUPPORT,Z_Pluton__5_Versorgungs_Kompanie,"43,-14",N/A,N/A,N/A,N/A,N/A,N/A,0,150,5,"{'enemies_list': [], 'units_found': 0, 'units_needed': 2, 'shortage': 2}"
2025-09-13T22:06:01.371307,NO_MOVEMENT_POINTS,P_Pluton__5_Infanterie_Regiment,"52,-13",0,0,"36,-15",18,False,False,N/A,N/A,N/A,{'no_mp': True}
2025-09-13T22:06:01.373629,NO_FUEL,P_Pluton__5_Infanterie_Regiment,"52,-13",0,0,"36,-15",18,False,False,N/A,N/A,N/A,"{'no_mp': True, 'no_fuel': True}"
2025-09-13T22:06:01.373629,NO_MOVEMENT_POINTS,P_Kompania__5_Infanterie_Regiment,"52,-13",0,0,"36,-14",17,False,False,N/A,N/A,N/A,{'no_mp': True}
2025-09-13T22:06:01.374638,NO_FUEL,P_Kompania__5_Infanterie_Regiment,"52,-13",0,0,"36,-14",17,False,False,N/A,N/A,N/A,"{'no_mp': True, 'no_fuel': True}"
2025-09-13T22:06:01.375683,NO_MOVEMENT_POINTS,P_Pluton__5_Sch_tzen_Kompanie,"52,-13",0,0,"37,-15",17,False,False,N/A,N/A,N/A,{'no_mp': True}
2025-09-13T22:06:01.376813,NO_FUEL,P_Pluton__5_Sch_tzen_Kompanie,"52,-13",0,0,"37,-15",17,False,False,N/A,N/A,N/A,"{'no_mp': True, 'no_fuel': True}"
2025-09-13T22:06:01.376813,NO_MOVEMENT_POINTS,AC_Kompania__5_schwere_Artillerie,"52,-13",0,0,"36,-16",19,False,False,N/A,N/A,N/A,{'no_mp': True}
2025-09-13T22:06:01.377990,NO_FUEL,AC_Kompania__5_schwere_Artillerie,"52,-13",0,0,"36,-16",19,False,False,N/A,N/A,N/A,"{'no_mp': True, 'no_fuel': True}"
2025-09-13T22:06:01.379209,NO_MOVEMENT_POINTS,AL_Batalion__5_Artillerie_Abteilung,"52,-13",0,0,"37,-17",19,False,False,N/A,N/A,N/A,{'no_mp': True}
2025-09-13T22:06:01.379847,NO_FUEL,AL_Batalion__5_Artillerie_Abteilung,"52,-13",0,0,"37,-17",19,False,False,N/A,N/A,N/A,"{'no_mp': True, 'no_fuel': True}"
2025-09-13T22:06:01.381126,INSUFFICIENT_SUPPORT,Z_Pluton__5_Unterst_tzungs_Bataillon_20250913214038,"52,-13",N/A,N/A,N/A,N/A,N/A,N/A,0,100,5,"{'enemies_list': [], 'units_found': 0, 'units_needed': 2, 'shortage': 2}"
2025-09-13T22:06:01.589038,NO_MOVEMENT_POINTS,P_Batalion__2_Batalion_Strzelc_w_20250913214005,"28,3",0,0,"25,-9",15,False,False,N/A,N/A,N/A,{'no_mp': True}
2025-09-13T22:06:01.590137,NO_FUEL,P_Batalion__2_Batalion_Strzelc_w_20250913214005,"28,3",0,0,"25,-9",15,False,False,N/A,N/A,N/A,"{'no_mp': True, 'no_fuel': True}"
2025-09-13T22:06:01.591644,NO_MOVEMENT_POINTS,P_Pluton__2_Kompania_Grenadier_w,"28,3",0,0,"26,6",3,False,False,N/A,N/A,N/A,{'no_mp': True}
2025-09-13T22:06:01.592640,NO_FUEL,P_Pluton__2_Kompania_Grenadier_w,"28,3",0,0,"26,6",3,False,False,N/A,N/A,N/A,"{'no_mp': True, 'no_fuel': True}"
2025-09-13T22:06:01.592640,NO_MOVEMENT_POINTS,Z_Pluton__2_Batalion_Wsparcia,"28,3",0,0,"28,5",2,False,False,N/A,N/A,N/A,{'no_mp': True}
2025-09-13T22:06:01.593885,NO_FUEL,Z_Pluton__2_Batalion_Wsparcia,"28,3",0,0,"28,5",2,False,False,N/A,N/A,N/A,"{'no_mp': True, 'no_fuel': True}"
2025-09-13T22:06:01.593885,NO_MOVEMENT_POINTS,P_Pluton__2_Kompania_Grenadier_w_20250913214010,"28,3",0,0,"27,6",3,False,False,N/A,N/A,N/A,{'no_mp': True}
2025-09-13T22:06:01.596428,NO_FUEL,P_Pluton__2_Kompania_Grenadier_w_20250913214010,"28,3",0,0,"27,6",3,False,False,N/A,N/A,N/A,"{'no_mp': True, 'no_fuel': True}"
2025-09-13T22:06:01.597438,INSUFFICIENT_SUPPORT,P_Kompania__2_Pu_k_Piechoty,"28,3",N/A,N/A,N/A,N/A,N/A,N/A,0,75,4,"{'enemies_list': [], 'units_found': 0, 'units_needed': 1, 'shortage': 1}"
2025-09-13T22:06:01.597438,NO_MOVEMENT_POINTS,P_Batalion__2_Batalion_Strzelc_w_20250913214005,"27,4",0,0,"25,-9",15,False,False,N/A,N/A,N/A,{'no_mp': True}
2025-09-13T22:06:01.598595,NO_FUEL,P_Batalion__2_Batalion_Strzelc_w_20250913214005,"27,4",0,0,"25,-9",15,False,False,N/A,N/A,N/A,"{'no_mp': True, 'no_fuel': True}"
2025-09-13T22:06:01.599645,NO_MOVEMENT_POINTS,P_Pluton__2_Kompania_Grenadier_w,"27,4",0,0,"26,6",2,False,False,N/A,N/A,N/A,{'no_mp': True}
2025-09-13T22:06:01.600836,NO_FUEL,P_Pluton__2_Kompania_Grenadier_w,"27,4",0,0,"26,6",2,False,False,N/A,N/A,N/A,"{'no_mp': True, 'no_fuel': True}"
2025-09-13T22:06:01.604467,NO_MOVEMENT_POINTS,Z_Pluton__2_Batalion_Wsparcia,"27,4",0,0,"28,5",2,False,False,N/A,N/A,N/A,{'no_mp': True}
2025-09-13T22:06:01.606220,NO_FUEL,Z_Pluton__2_Batalion_Wsparcia,"27,4",0,0,"28,5",2,False,False,N/A,N/A,N/A,"{'no_mp': True, 'no_fuel': True}"
2025-09-13T22:06:01.607906,NO_MOVEMENT_POINTS,P_Pluton__2_Kompania_Grenadier_w_20250913214010,"27,4",0,0,"27,6",2,False,False,N/A,N/A,N/A,{'no_mp': True}
2025-09-13T22:06:01.608220,NO_FUEL,P_Pluton__2_Kompania_Grenadier_w_20250913214010,"27,4",0,0,"27,6",2,False,False,N/A,N/A,N/A,"{'no_mp': True, 'no_fuel': True}"
2025-09-13T22:06:01.609242,INSUFFICIENT_SUPPORT,Z_Pluton__2_Oddzia_Rozpoznawczy,"27,4",N/A,N/A,N/A,N/A,N/A,N/A,0,75,4,"{'enemies_list': [], 'units_found': 0, 'units_needed': 1, 'shortage': 1}"
2025-09-13T22:06:01.610247,NO_MOVEMENT_POINTS,P_Batalion__2_Batalion_Strzelc_w_20250913214005,"24,-7",0,0,"25,-9",2,False,False,N/A,N/A,N/A,{'no_mp': True}
2025-09-13T22:06:01.611580,NO_FUEL,P_Batalion__2_Batalion_Strzelc_w_20250913214005,"24,-7",0,0,"25,-9",2,False,False,N/A,N/A,N/A,"{'no_mp': True, 'no_fuel': True}"
2025-09-13T22:06:01.611580,NO_MOVEMENT_POINTS,P_Pluton__2_Kompania_Grenadier_w,"24,-7",0,0,"26,6",15,False,False,N/A,N/A,N/A,{'no_mp': True}
2025-09-13T22:06:01.611580,NO_FUEL,P_Pluton__2_Kompania_Grenadier_w,"24,-7",0,0,"26,6",15,False,False,N/A,N/A,N/A,"{'no_mp': True, 'no_fuel': True}"
2025-09-13T22:06:01.611580,NO_MOVEMENT_POINTS,Z_Pluton__2_Batalion_Wsparcia,"24,-7",0,0,"28,5",16,False,False,N/A,N/A,N/A,{'no_mp': True}
2025-09-13T22:06:01.615398,NO_FUEL,Z_Pluton__2_Batalion_Wsparcia,"24,-7",0,0,"28,5",16,False,False,N/A,N/A,N/A,"{'no_mp': True, 'no_fuel': True}"
2025-09-13T22:06:01.616397,NO_MOVEMENT_POINTS,P_Pluton__2_Kompania_Grenadier_w_20250913214010,"24,-7",0,0,"27,6",16,False,False,N/A,N/A,N/A,{'no_mp': True}
2025-09-13T22:06:01.617426,NO_FUEL,P_Pluton__2_Kompania_Grenadier_w_20250913214010,"24,-7",0,0,"27,6",16,False,False,N/A,N/A,N/A,"{'no_mp': True, 'no_fuel': True}"
2025-09-13T22:06:01.620778,INSUFFICIENT_SUPPORT,Z_Batalion__2_Kompania_Zaopatrzeniowa,"24,-7",N/A,N/A,N/A,N/A,N/A,N/A,0,50,4,"{'enemies_list': [], 'units_found': 0, 'units_needed': 1, 'shortage': 1}"
2025-09-13T22:06:01.623040,NO_MOVEMENT_POINTS,P_Batalion__2_Batalion_Strzelc_w_20250913214005,"15,-7",0,0,"25,-9",10,False,False,N/A,N/A,N/A,{'no_mp': True}
2025-09-13T22:06:01.624398,NO_FUEL,P_Batalion__2_Batalion_Strzelc_w_20250913214005,"15,-7",0,0,"25,-9",10,False,False,N/A,N/A,N/A,"{'no_mp': True, 'no_fuel': True}"
2025-09-13T22:06:01.625566,NO_MOVEMENT_POINTS,P_Pluton__2_Kompania_Grenadier_w,"15,-7",0,0,"26,6",24,False,False,N/A,N/A,N/A,{'no_mp': True}
2025-09-13T22:06:01.625566,NO_FUEL,P_Pluton__2_Kompania_Grenadier_w,"15,-7",0,0,"26,6",24,False,False,N/A,N/A,N/A,"{'no_mp': True, 'no_fuel': True}"
2025-09-13T22:06:01.627623,NO_MOVEMENT_POINTS,Z_Pluton__2_Batalion_Wsparcia,"15,-7",0,0,"28,5",25,False,False,N/A,N/A,N/A,{'no_mp': True}
2025-09-13T22:06:01.627623,NO_FUEL,Z_Pluton__2_Batalion_Wsparcia,"15,-7",0,0,"28,5",25,False,False,N/A,N/A,N/A,"{'no_mp': True, 'no_fuel': True}"
2025-09-13T22:06:01.628633,NO_MOVEMENT_POINTS,P_Pluton__2_Kompania_Grenadier_w_20250913214010,"15,-7",0,0,"27,6",25,False,False,N/A,N/A,N/A,{'no_mp': True}
2025-09-13T22:06:01.628633,NO_FUEL,P_Pluton__2_Kompania_Grenadier_w_20250913214010,"15,-7",0,0,"27,6",25,False,False,N/A,N/A,N/A,"{'no_mp': True, 'no_fuel': True}"
2025-09-13T22:06:01.628633,INSUFFICIENT_SUPPORT,D_Pluton__2_Dow_dztwo_Einheit,"15,-7",N/A,N/A,N/A,N/A,N/A,N/A,0,100,4,"{'enemies_list': [], 'units_found': 0, 'units_needed': 2, 'shortage': 2}"
2025-09-13T22:06:01.778396,NO_MOVEMENT_POINTS,P_Pluton__5_Infanterie_Regiment,"45,-15",0,0,"36,-15",9,False,False,N/A,N/A,N/A,{'no_mp': True}
2025-09-13T22:06:01.779426,NO_FUEL,P_Pluton__5_Infanterie_Regiment,"45,-15",0,0,"36,-15",9,False,False,N/A,N/A,N/A,"{'no_mp': True, 'no_fuel': True}"
2025-09-13T22:06:01.780513,NO_MOVEMENT_POINTS,P_Kompania__5_Infanterie_Regiment,"45,-15",0,0,"36,-14",9,False,False,N/A,N/A,N/A,{'no_mp': True}
2025-09-13T22:06:01.780513,NO_FUEL,P_Kompania__5_Infanterie_Regiment,"45,-15",0,0,"36,-14",9,False,False,N/A,N/A,N/A,"{'no_mp': True, 'no_fuel': True}"
2025-09-13T22:06:01.781792,NO_MOVEMENT_POINTS,P_Pluton__5_Sch_tzen_Kompanie,"45,-15",0,0,"37,-15",8,False,False,N/A,N/A,N/A,{'no_mp': True}
2025-09-13T22:06:01.783029,NO_FUEL,P_Pluton__5_Sch_tzen_Kompanie,"45,-15",0,0,"37,-15",8,False,False,N/A,N/A,N/A,"{'no_mp': True, 'no_fuel': True}"
2025-09-13T22:06:01.784040,NO_MOVEMENT_POINTS,AC_Kompania__5_schwere_Artillerie,"45,-15",0,0,"36,-16",10,False,False,N/A,N/A,N/A,{'no_mp': True}
2025-09-13T22:06:01.788382,NO_FUEL,AC_Kompania__5_schwere_Artillerie,"45,-15",0,0,"36,-16",10,False,False,N/A,N/A,N/A,"{'no_mp': True, 'no_fuel': True}"
2025-09-13T22:06:01.790371,NO_MOVEMENT_POINTS,AL_Batalion__5_Artillerie_Abteilung,"45,-15",0,0,"37,-17",10,False,False,N/A,N/A,N/A,{'no_mp': True}
2025-09-13T22:06:01.790371,NO_FUEL,AL_Batalion__5_Artillerie_Abteilung,"45,-15",0,0,"37,-17",10,False,False,N/A,N/A,N/A,"{'no_mp': True, 'no_fuel': True}"
2025-09-13T22:06:01.791381,INSUFFICIENT_SUPPORT,Z_Kompania__5_Unterst_tzungs_Bataillon,"45,-15",N/A,N/A,N/A,N/A,N/A,N/A,0,100,5,"{'enemies_list': [], 'units_found': 0, 'units_needed': 2, 'shortage': 2}"
2025-09-13T22:06:01.792384,NO_MOVEMENT_POINTS,P_Pluton__5_Infanterie_Regiment,"43,-14",0,0,"36,-15",8,False,False,N/A,N/A,N/A,{'no_mp': True}
2025-09-13T22:06:01.793520,NO_FUEL,P_Pluton__5_Infanterie_Regiment,"43,-14",0,0,"36,-15",8,False,False,N/A,N/A,N/A,"{'no_mp': True, 'no_fuel': True}"
2025-09-13T22:06:01.794776,NO_MOVEMENT_POINTS,P_Kompania__5_Infanterie_Regiment,"43,-14",0,0,"36,-14",7,False,False,N/A,N/A,N/A,{'no_mp': True}
2025-09-13T22:06:01.794776,NO_FUEL,P_Kompania__5_Infanterie_Regiment,"43,-14",0,0,"36,-14",7,False,False,N/A,N/A,N/A,"{'no_mp': True, 'no_fuel': True}"
2025-09-13T22:06:01.797025,NO_MOVEMENT_POINTS,P_Pluton__5_Sch_tzen_Kompanie,"43,-14",0,0,"37,-15",7,False,False,N/A,N/A,N/A,{'no_mp': True}
2025-09-13T22:06:01.797025,NO_FUEL,P_Pluton__5_Sch_tzen_Kompanie,"43,-14",0,0,"37,-15",7,False,False,N/A,N/A,N/A,"{'no_mp': True, 'no_fuel': True}"
2025-09-13T22:06:01.798483,NO_MOVEMENT_POINTS,AC_Kompania__5_schwere_Artillerie,"43,-14",0,0,"36,-16",9,False,False,N/A,N/A,N/A,{'no_mp': True}
2025-09-13T22:06:01.799541,NO_FUEL,AC_Kompania__5_schwere_Artillerie,"43,-14",0,0,"36,-16",9,False,False,N/A,N/A,N/A,"{'no_mp': True, 'no_fuel': True}"
2025-09-13T22:06:01.799541,NO_MOVEMENT_POINTS,AL_Batalion__5_Artillerie_Abteilung,"43,-14",0,0,"37,-17",9,False,False,N/A,N/A,N/A,{'no_mp': True}
2025-09-13T22:06:01.800910,NO_FUEL,AL_Batalion__5_Artillerie_Abteilung,"43,-14",0,0,"37,-17",9,False,False,N/A,N/A,N/A,"{'no_mp': True, 'no_fuel': True}"
2025-09-13T22:06:01.806324,INSUFFICIENT_SUPPORT,Z_Pluton__5_Versorgungs_Kompanie,"43,-14",N/A,N/A,N/A,N/A,N/A,N/A,0,150,5,"{'enemies_list': [], 'units_found': 0, 'units_needed': 2, 'shortage': 2}"
2025-09-13T22:06:01.807438,NO_MOVEMENT_POINTS,P_Pluton__5_Infanterie_Regiment,"52,-13",0,0,"36,-15",18,False,False,N/A,N/A,N/A,{'no_mp': True}
2025-09-13T22:06:01.807438,NO_FUEL,P_Pluton__5_Infanterie_Regiment,"52,-13",0,0,"36,-15",18,False,False,N/A,N/A,N/A,"{'no_mp': True, 'no_fuel': True}"
2025-09-13T22:06:01.808442,NO_MOVEMENT_POINTS,P_Kompania__5_Infanterie_Regiment,"52,-13",0,0,"36,-14",17,False,False,N/A,N/A,N/A,{'no_mp': True}
2025-09-13T22:06:01.809939,NO_FUEL,P_Kompania__5_Infanterie_Regiment,"52,-13",0,0,"36,-14",17,False,False,N/A,N/A,N/A,"{'no_mp': True, 'no_fuel': True}"
2025-09-13T22:06:01.810322,NO_MOVEMENT_POINTS,P_Pluton__5_Sch_tzen_Kompanie,"52,-13",0,0,"37,-15",17,False,False,N/A,N/A,N/A,{'no_mp': True}
2025-09-13T22:06:01.811332,NO_FUEL,P_Pluton__5_Sch_tzen_Kompanie,"52,-13",0,0,"37,-15",17,False,False,N/A,N/A,N/A,"{'no_mp': True, 'no_fuel': True}"
2025-09-13T22:06:01.811332,NO_MOVEMENT_POINTS,AC_Kompania__5_schwere_Artillerie,"52,-13",0,0,"36,-16",19,False,False,N/A,N/A,N/A,{'no_mp': True}
2025-09-13T22:06:01.811332,NO_FUEL,AC_Kompania__5_schwere_Artillerie,"52,-13",0,0,"36,-16",19,False,False,N/A,N/A,N/A,"{'no_mp': True, 'no_fuel': True}"
2025-09-13T22:06:01.811332,NO_MOVEMENT_POINTS,AL_Batalion__5_Artillerie_Abteilung,"52,-13",0,0,"37,-17",19,False,False,N/A,N/A,N/A,{'no_mp': True}
2025-09-13T22:06:01.811332,NO_FUEL,AL_Batalion__5_Artillerie_Abteilung,"52,-13",0,0,"37,-17",19,False,False,N/A,N/A,N/A,"{'no_mp': True, 'no_fuel': True}"
2025-09-13T22:06:01.816606,INSUFFICIENT_SUPPORT,Z_Pluton__5_Unterst_tzungs_Bataillon_20250913214038,"52,-13",N/A,N/A,N/A,N/A,N/A,N/A,0,100,5,"{'enemies_list': [], 'units_found': 0, 'units_needed': 2, 'shortage': 2}"
2025-09-13T22:06:02.023169,NO_MOVEMENT_POINTS,P_Batalion__2_Batalion_Strzelc_w_20250913214005,"28,3",0,0,"25,-9",15,False,False,N/A,N/A,N/A,{'no_mp': True}
2025-09-13T22:06:02.025197,NO_FUEL,P_Batalion__2_Batalion_Strzelc_w_20250913214005,"28,3",0,0,"25,-9",15,False,False,N/A,N/A,N/A,"{'no_mp': True, 'no_fuel': True}"
2025-09-13T22:06:02.026029,NO_MOVEMENT_POINTS,P_Pluton__2_Kompania_Grenadier_w,"28,3",0,0,"26,6",3,False,False,N/A,N/A,N/A,{'no_mp': True}
2025-09-13T22:06:02.027068,NO_FUEL,P_Pluton__2_Kompania_Grenadier_w,"28,3",0,0,"26,6",3,False,False,N/A,N/A,N/A,"{'no_mp': True, 'no_fuel': True}"
2025-09-13T22:06:02.028213,NO_MOVEMENT_POINTS,Z_Pluton__2_Batalion_Wsparcia,"28,3",0,0,"28,5",2,False,False,N/A,N/A,N/A,{'no_mp': True}
2025-09-13T22:06:02.029367,NO_FUEL,Z_Pluton__2_Batalion_Wsparcia,"28,3",0,0,"28,5",2,False,False,N/A,N/A,N/A,"{'no_mp': True, 'no_fuel': True}"
2025-09-13T22:06:02.030365,NO_MOVEMENT_POINTS,P_Pluton__2_Kompania_Grenadier_w_20250913214010,"28,3",0,0,"27,6",3,False,False,N/A,N/A,N/A,{'no_mp': True}
2025-09-13T22:06:02.031397,NO_FUEL,P_Pluton__2_Kompania_Grenadier_w_20250913214010,"28,3",0,0,"27,6",3,False,False,N/A,N/A,N/A,"{'no_mp': True, 'no_fuel': True}"
2025-09-13T22:06:02.031397,INSUFFICIENT_SUPPORT,P_Kompania__2_Pu_k_Piechoty,"28,3",N/A,N/A,N/A,N/A,N/A,N/A,0,75,4,"{'enemies_list': [], 'units_found': 0, 'units_needed': 1, 'shortage': 1}"
2025-09-13T22:06:02.031397,NO_MOVEMENT_POINTS,P_Batalion__2_Batalion_Strzelc_w_20250913214005,"27,4",0,0,"25,-9",15,False,False,N/A,N/A,N/A,{'no_mp': True}
2025-09-13T22:06:02.031397,NO_FUEL,P_Batalion__2_Batalion_Strzelc_w_20250913214005,"27,4",0,0,"25,-9",15,False,False,N/A,N/A,N/A,"{'no_mp': True, 'no_fuel': True}"
2025-09-13T22:06:02.037949,NO_MOVEMENT_POINTS,P_Pluton__2_Kompania_Grenadier_w,"27,4",0,0,"26,6",2,False,False,N/A,N/A,N/A,{'no_mp': True}
2025-09-13T22:06:02.039388,NO_FUEL,P_Pluton__2_Kompania_Grenadier_w,"27,4",0,0,"26,6",2,False,False,N/A,N/A,N/A,"{'no_mp': True, 'no_fuel': True}"
2025-09-13T22:06:02.041304,NO_MOVEMENT_POINTS,Z_Pluton__2_Batalion_Wsparcia,"27,4",0,0,"28,5",2,False,False,N/A,N/A,N/A,{'no_mp': True}
2025-09-13T22:06:02.041304,NO_FUEL,Z_Pluton__2_Batalion_Wsparcia,"27,4",0,0,"28,5",2,False,False,N/A,N/A,N/A,"{'no_mp': True, 'no_fuel': True}"
2025-09-13T22:06:02.042313,NO_MOVEMENT_POINTS,P_Pluton__2_Kompania_Grenadier_w_20250913214010,"27,4",0,0,"27,6",2,False,False,N/A,N/A,N/A,{'no_mp': True}
2025-09-13T22:06:02.043373,NO_FUEL,P_Pluton__2_Kompania_Grenadier_w_20250913214010,"27,4",0,0,"27,6",2,False,False,N/A,N/A,N/A,"{'no_mp': True, 'no_fuel': True}"
2025-09-13T22:06:02.044573,INSUFFICIENT_SUPPORT,Z_Pluton__2_Oddzia_Rozpoznawczy,"27,4",N/A,N/A,N/A,N/A,N/A,N/A,0,75,4,"{'enemies_list': [], 'units_found': 0, 'units_needed': 1, 'shortage': 1}"
2025-09-13T22:06:02.044573,NO_MOVEMENT_POINTS,P_Batalion__2_Batalion_Strzelc_w_20250913214005,"24,-7",0,0,"25,-9",2,False,False,N/A,N/A,N/A,{'no_mp': True}
2025-09-13T22:06:02.046011,NO_FUEL,P_Batalion__2_Batalion_Strzelc_w_20250913214005,"24,-7",0,0,"25,-9",2,False,False,N/A,N/A,N/A,"{'no_mp': True, 'no_fuel': True}"
2025-09-13T22:06:02.048039,NO_MOVEMENT_POINTS,P_Pluton__2_Kompania_Grenadier_w,"24,-7",0,0,"26,6",15,False,False,N/A,N/A,N/A,{'no_mp': True}
2025-09-13T22:06:02.048039,NO_FUEL,P_Pluton__2_Kompania_Grenadier_w,"24,-7",0,0,"26,6",15,False,False,N/A,N/A,N/A,"{'no_mp': True, 'no_fuel': True}"
2025-09-13T22:06:02.049047,NO_MOVEMENT_POINTS,Z_Pluton__2_Batalion_Wsparcia,"24,-7",0,0,"28,5",16,False,False,N/A,N/A,N/A,{'no_mp': True}
2025-09-13T22:06:02.050050,NO_FUEL,Z_Pluton__2_Batalion_Wsparcia,"24,-7",0,0,"28,5",16,False,False,N/A,N/A,N/A,"{'no_mp': True, 'no_fuel': True}"
2025-09-13T22:06:02.051195,NO_MOVEMENT_POINTS,P_Pluton__2_Kompania_Grenadier_w_20250913214010,"24,-7",0,0,"27,6",16,False,False,N/A,N/A,N/A,{'no_mp': True}
2025-09-13T22:06:02.053223,NO_FUEL,P_Pluton__2_Kompania_Grenadier_w_20250913214010,"24,-7",0,0,"27,6",16,False,False,N/A,N/A,N/A,"{'no_mp': True, 'no_fuel': True}"
2025-09-13T22:06:02.056822,INSUFFICIENT_SUPPORT,Z_Batalion__2_Kompania_Zaopatrzeniowa,"24,-7",N/A,N/A,N/A,N/A,N/A,N/A,0,50,4,"{'enemies_list': [], 'units_found': 0, 'units_needed': 1, 'shortage': 1}"
2025-09-13T22:06:02.057834,NO_MOVEMENT_POINTS,P_Batalion__2_Batalion_Strzelc_w_20250913214005,"15,-7",0,0,"25,-9",10,False,False,N/A,N/A,N/A,{'no_mp': True}
2025-09-13T22:06:02.058974,NO_FUEL,P_Batalion__2_Batalion_Strzelc_w_20250913214005,"15,-7",0,0,"25,-9",10,False,False,N/A,N/A,N/A,"{'no_mp': True, 'no_fuel': True}"
2025-09-13T22:06:02.059963,NO_MOVEMENT_POINTS,P_Pluton__2_Kompania_Grenadier_w,"15,-7",0,0,"26,6",24,False,False,N/A,N/A,N/A,{'no_mp': True}
2025-09-13T22:06:02.060389,NO_FUEL,P_Pluton__2_Kompania_Grenadier_w,"15,-7",0,0,"26,6",24,False,False,N/A,N/A,N/A,"{'no_mp': True, 'no_fuel': True}"
2025-09-13T22:06:02.061398,NO_MOVEMENT_POINTS,Z_Pluton__2_Batalion_Wsparcia,"15,-7",0,0,"28,5",25,False,False,N/A,N/A,N/A,{'no_mp': True}
2025-09-13T22:06:02.061398,NO_FUEL,Z_Pluton__2_Batalion_Wsparcia,"15,-7",0,0,"28,5",25,False,False,N/A,N/A,N/A,"{'no_mp': True, 'no_fuel': True}"
2025-09-13T22:06:02.061398,NO_MOVEMENT_POINTS,P_Pluton__2_Kompania_Grenadier_w_20250913214010,"15,-7",0,0,"27,6",25,False,False,N/A,N/A,N/A,{'no_mp': True}
2025-09-13T22:06:02.061398,NO_FUEL,P_Pluton__2_Kompania_Grenadier_w_20250913214010,"15,-7",0,0,"27,6",25,False,False,N/A,N/A,N/A,"{'no_mp': True, 'no_fuel': True}"
2025-09-13T22:06:02.061398,INSUFFICIENT_SUPPORT,D_Pluton__2_Dow_dztwo_Einheit,"15,-7",N/A,N/A,N/A,N/A,N/A,N/A,0,100,4,"{'enemies_list': [], 'units_found': 0, 'units_needed': 2, 'shortage': 2}"
2025-09-13T22:06:02.204750,NO_MOVEMENT_POINTS,P_Pluton__5_Infanterie_Regiment,"45,-15",0,0,"36,-15",9,False,False,N/A,N/A,N/A,{'no_mp': True}
2025-09-13T22:06:02.207104,NO_FUEL,P_Pluton__5_Infanterie_Regiment,"45,-15",0,0,"36,-15",9,False,False,N/A,N/A,N/A,"{'no_mp': True, 'no_fuel': True}"
2025-09-13T22:06:02.209239,NO_MOVEMENT_POINTS,P_Kompania__5_Infanterie_Regiment,"45,-15",0,0,"36,-14",9,False,False,N/A,N/A,N/A,{'no_mp': True}
2025-09-13T22:06:02.210341,NO_FUEL,P_Kompania__5_Infanterie_Regiment,"45,-15",0,0,"36,-14",9,False,False,N/A,N/A,N/A,"{'no_mp': True, 'no_fuel': True}"
2025-09-13T22:06:02.211345,NO_MOVEMENT_POINTS,P_Pluton__5_Sch_tzen_Kompanie,"45,-15",0,0,"37,-15",8,False,False,N/A,N/A,N/A,{'no_mp': True}
2025-09-13T22:06:02.211345,NO_FUEL,P_Pluton__5_Sch_tzen_Kompanie,"45,-15",0,0,"37,-15",8,False,False,N/A,N/A,N/A,"{'no_mp': True, 'no_fuel': True}"
2025-09-13T22:06:02.212600,NO_MOVEMENT_POINTS,AC_Kompania__5_schwere_Artillerie,"45,-15",0,0,"36,-16",10,False,False,N/A,N/A,N/A,{'no_mp': True}
2025-09-13T22:06:02.213608,NO_FUEL,AC_Kompania__5_schwere_Artillerie,"45,-15",0,0,"36,-16",10,False,False,N/A,N/A,N/A,"{'no_mp': True, 'no_fuel': True}"
2025-09-13T22:06:02.214883,NO_MOVEMENT_POINTS,AL_Batalion__5_Artillerie_Abteilung,"45,-15",0,0,"37,-17",10,False,False,N/A,N/A,N/A,{'no_mp': True}
2025-09-13T22:06:02.215899,NO_FUEL,AL_Batalion__5_Artillerie_Abteilung,"45,-15",0,0,"37,-17",10,False,False,N/A,N/A,N/A,"{'no_mp': True, 'no_fuel': True}"
2025-09-13T22:06:02.215899,INSUFFICIENT_SUPPORT,Z_Kompania__5_Unterst_tzungs_Bataillon,"45,-15",N/A,N/A,N/A,N/A,N/A,N/A,0,100,5,"{'enemies_list': [], 'units_found': 0, 'units_needed': 2, 'shortage': 2}"
2025-09-13T22:06:02.217202,NO_MOVEMENT_POINTS,P_Pluton__5_Infanterie_Regiment,"43,-14",0,0,"36,-15",8,False,False,N/A,N/A,N/A,{'no_mp': True}
2025-09-13T22:06:02.219251,NO_FUEL,P_Pluton__5_Infanterie_Regiment,"43,-14",0,0,"36,-15",8,False,False,N/A,N/A,N/A,"{'no_mp': True, 'no_fuel': True}"
2025-09-13T22:06:02.223880,NO_MOVEMENT_POINTS,P_Kompania__5_Infanterie_Regiment,"43,-14",0,0,"36,-14",7,False,False,N/A,N/A,N/A,{'no_mp': True}
2025-09-13T22:06:02.224891,NO_FUEL,P_Kompania__5_Infanterie_Regiment,"43,-14",0,0,"36,-14",7,False,False,N/A,N/A,N/A,"{'no_mp': True, 'no_fuel': True}"
2025-09-13T22:06:02.224891,NO_MOVEMENT_POINTS,P_Pluton__5_Sch_tzen_Kompanie,"43,-14",0,0,"37,-15",7,False,False,N/A,N/A,N/A,{'no_mp': True}
2025-09-13T22:06:02.226177,NO_FUEL,P_Pluton__5_Sch_tzen_Kompanie,"43,-14",0,0,"37,-15",7,False,False,N/A,N/A,N/A,"{'no_mp': True, 'no_fuel': True}"
2025-09-13T22:06:02.227296,NO_MOVEMENT_POINTS,AC_Kompania__5_schwere_Artillerie,"43,-14",0,0,"36,-16",9,False,False,N/A,N/A,N/A,{'no_mp': True}
2025-09-13T22:06:02.227296,NO_FUEL,AC_Kompania__5_schwere_Artillerie,"43,-14",0,0,"36,-16",9,False,False,N/A,N/A,N/A,"{'no_mp': True, 'no_fuel': True}"
2025-09-13T22:06:02.228554,NO_MOVEMENT_POINTS,AL_Batalion__5_Artillerie_Abteilung,"43,-14",0,0,"37,-17",9,False,False,N/A,N/A,N/A,{'no_mp': True}
2025-09-13T22:06:02.229712,NO_FUEL,AL_Batalion__5_Artillerie_Abteilung,"43,-14",0,0,"37,-17",9,False,False,N/A,N/A,N/A,"{'no_mp': True, 'no_fuel': True}"
2025-09-13T22:06:02.231516,INSUFFICIENT_SUPPORT,Z_Pluton__5_Versorgungs_Kompanie,"43,-14",N/A,N/A,N/A,N/A,N/A,N/A,0,150,5,"{'enemies_list': [], 'units_found': 0, 'units_needed': 2, 'shortage': 2}"
2025-09-13T22:06:02.232506,NO_MOVEMENT_POINTS,P_Pluton__5_Infanterie_Regiment,"52,-13",0,0,"36,-15",18,False,False,N/A,N/A,N/A,{'no_mp': True}
2025-09-13T22:06:02.232506,NO_FUEL,P_Pluton__5_Infanterie_Regiment,"52,-13",0,0,"36,-15",18,False,False,N/A,N/A,N/A,"{'no_mp': True, 'no_fuel': True}"
2025-09-13T22:06:02.233941,NO_MOVEMENT_POINTS,P_Kompania__5_Infanterie_Regiment,"52,-13",0,0,"36,-14",17,False,False,N/A,N/A,N/A,{'no_mp': True}
2025-09-13T22:06:02.235080,NO_FUEL,P_Kompania__5_Infanterie_Regiment,"52,-13",0,0,"36,-14",17,False,False,N/A,N/A,N/A,"{'no_mp': True, 'no_fuel': True}"
2025-09-13T22:06:02.238131,NO_MOVEMENT_POINTS,P_Pluton__5_Sch_tzen_Kompanie,"52,-13",0,0,"37,-15",17,False,False,N/A,N/A,N/A,{'no_mp': True}
2025-09-13T22:06:02.240104,NO_FUEL,P_Pluton__5_Sch_tzen_Kompanie,"52,-13",0,0,"37,-15",17,False,False,N/A,N/A,N/A,"{'no_mp': True, 'no_fuel': True}"
2025-09-13T22:06:02.241379,NO_MOVEMENT_POINTS,AC_Kompania__5_schwere_Artillerie,"52,-13",0,0,"36,-16",19,False,False,N/A,N/A,N/A,{'no_mp': True}
2025-09-13T22:06:02.242429,NO_FUEL,AC_Kompania__5_schwere_Artillerie,"52,-13",0,0,"36,-16",19,False,False,N/A,N/A,N/A,"{'no_mp': True, 'no_fuel': True}"
2025-09-13T22:06:02.242429,NO_MOVEMENT_POINTS,AL_Batalion__5_Artillerie_Abteilung,"52,-13",0,0,"37,-17",19,False,False,N/A,N/A,N/A,{'no_mp': True}
2025-09-13T22:06:02.243729,NO_FUEL,AL_Batalion__5_Artillerie_Abteilung,"52,-13",0,0,"37,-17",19,False,False,N/A,N/A,N/A,"{'no_mp': True, 'no_fuel': True}"
2025-09-13T22:06:02.245455,INSUFFICIENT_SUPPORT,Z_Pluton__5_Unterst_tzungs_Bataillon_20250913214038,"52,-13",N/A,N/A,N/A,N/A,N/A,N/A,0,100,5,"{'enemies_list': [], 'units_found': 0, 'units_needed': 2, 'shortage': 2}"
2025-09-13T22:06:04.148283,NO_MOVEMENT_POINTS,P_Batalion__2_Batalion_Strzelc_w,"24,-8",0,0,"25,-9",1,False,False,N/A,N/A,N/A,{'no_mp': True}
2025-09-13T22:06:04.149743,NO_FUEL,P_Batalion__2_Batalion_Strzelc_w,"24,-8",0,0,"25,-9",1,False,False,N/A,N/A,N/A,"{'no_mp': True, 'no_fuel': True}"
2025-09-13T22:06:04.149743,NO_MOVEMENT_POINTS,P_Batalion__2_Batalion_Strzelc_w_20250913214005,"24,-8",0,0,"26,-9",2,False,False,N/A,N/A,N/A,{'no_mp': True}
2025-09-13T22:06:04.149743,NO_FUEL,P_Batalion__2_Batalion_Strzelc_w_20250913214005,"24,-8",0,0,"26,-9",2,False,False,N/A,N/A,N/A,"{'no_mp': True, 'no_fuel': True}"
2025-09-13T22:06:04.149743,NO_MOVEMENT_POINTS,P_Pluton__2_Kompania_Grenadier_w,"24,-8",0,0,"27,5",16,False,False,N/A,N/A,N/A,{'no_mp': True}
2025-09-13T22:06:04.156711,NO_FUEL,P_Pluton__2_Kompania_Grenadier_w,"24,-8",0,0,"27,5",16,False,False,N/A,N/A,N/A,"{'no_mp': True, 'no_fuel': True}"
2025-09-13T22:06:04.158549,NO_MOVEMENT_POINTS,P_Pluton__2_Kompania_Grenadier_w_20250913214010,"24,-8",0,0,"28,4",16,False,False,N/A,N/A,N/A,{'no_mp': True}
2025-09-13T22:06:04.160022,NO_FUEL,P_Pluton__2_Kompania_Grenadier_w_20250913214010,"24,-8",0,0,"28,4",16,False,False,N/A,N/A,N/A,"{'no_mp': True, 'no_fuel': True}"
2025-09-13T22:06:04.161198,INSUFFICIENT_SUPPORT,TL_Kompania__2_Batalion_Pancerny,"24,-8",N/A,N/A,N/A,N/A,N/A,N/A,0,100,4,"{'enemies_list': [], 'units_found': 0, 'units_needed': 2, 'shortage': 2}"
2025-09-13T22:06:04.162264,NO_MOVEMENT_POINTS,P_Batalion__2_Batalion_Strzelc_w,"28,3",0,0,"25,-9",15,False,False,N/A,N/A,N/A,{'no_mp': True}
2025-09-13T22:06:04.163266,NO_FUEL,P_Batalion__2_Batalion_Strzelc_w,"28,3",0,0,"25,-9",15,False,False,N/A,N/A,N/A,"{'no_mp': True, 'no_fuel': True}"
2025-09-13T22:06:04.164005,NO_MOVEMENT_POINTS,P_Batalion__2_Batalion_Strzelc_w_20250913214005,"28,3",0,0,"26,-9",14,False,False,N/A,N/A,N/A,{'no_mp': True}
2025-09-13T22:06:04.165434,NO_FUEL,P_Batalion__2_Batalion_Strzelc_w_20250913214005,"28,3",0,0,"26,-9",14,False,False,N/A,N/A,N/A,"{'no_mp': True, 'no_fuel': True}"
2025-09-13T22:06:04.165434,NO_MOVEMENT_POINTS,P_Pluton__2_Kompania_Grenadier_w,"28,3",0,0,"27,5",2,False,False,N/A,N/A,N/A,{'no_mp': True}
2025-09-13T22:06:04.166741,NO_FUEL,P_Pluton__2_Kompania_Grenadier_w,"28,3",0,0,"27,5",2,False,False,N/A,N/A,N/A,"{'no_mp': True, 'no_fuel': True}"
2025-09-13T22:06:04.167929,NO_MOVEMENT_POINTS,P_Pluton__2_Kompania_Grenadier_w_20250913214010,"28,3",0,0,"28,4",1,False,False,N/A,N/A,N/A,{'no_mp': True}
2025-09-13T22:06:04.167929,NO_FUEL,P_Pluton__2_Kompania_Grenadier_w_20250913214010,"28,3",0,0,"28,4",1,False,False,N/A,N/A,N/A,"{'no_mp': True, 'no_fuel': True}"
2025-09-13T22:06:04.170083,INSUFFICIENT_SUPPORT,P_Kompania__2_Pu_k_Piechoty,"28,3",N/A,N/A,N/A,N/A,N/A,N/A,0,75,4,"{'enemies_list': [], 'units_found': 0, 'units_needed': 1, 'shortage': 1}"
2025-09-13T22:06:04.173433,NO_MOVEMENT_POINTS,P_Batalion__2_Batalion_Strzelc_w,"15,-7",0,0,"25,-9",10,False,False,N/A,N/A,N/A,{'no_mp': True}
2025-09-13T22:06:04.174419,NO_FUEL,P_Batalion__2_Batalion_Strzelc_w,"15,-7",0,0,"25,-9",10,False,False,N/A,N/A,N/A,"{'no_mp': True, 'no_fuel': True}"
2025-09-13T22:06:04.176727,NO_MOVEMENT_POINTS,P_Batalion__2_Batalion_Strzelc_w_20250913214005,"15,-7",0,0,"26,-9",11,False,False,N/A,N/A,N/A,{'no_mp': True}
2025-09-13T22:06:04.176727,NO_FUEL,P_Batalion__2_Batalion_Strzelc_w_20250913214005,"15,-7",0,0,"26,-9",11,False,False,N/A,N/A,N/A,"{'no_mp': True, 'no_fuel': True}"
2025-09-13T22:06:04.177731,NO_MOVEMENT_POINTS,P_Pluton__2_Kompania_Grenadier_w,"15,-7",0,0,"27,5",24,False,False,N/A,N/A,N/A,{'no_mp': True}
2025-09-13T22:06:04.178811,NO_FUEL,P_Pluton__2_Kompania_Grenadier_w,"15,-7",0,0,"27,5",24,False,False,N/A,N/A,N/A,"{'no_mp': True, 'no_fuel': True}"
2025-09-13T22:06:04.180003,NO_MOVEMENT_POINTS,P_Pluton__2_Kompania_Grenadier_w_20250913214010,"15,-7",0,0,"28,4",24,False,False,N/A,N/A,N/A,{'no_mp': True}
2025-09-13T22:06:04.180003,NO_FUEL,P_Pluton__2_Kompania_Grenadier_w_20250913214010,"15,-7",0,0,"28,4",24,False,False,N/A,N/A,N/A,"{'no_mp': True, 'no_fuel': True}"
2025-09-13T22:06:04.181246,INSUFFICIENT_SUPPORT,D_Pluton__2_Dow_dztwo_Einheit,"15,-7",N/A,N/A,N/A,N/A,N/A,N/A,0,100,4,"{'enemies_list': [], 'units_found': 0, 'units_needed': 2, 'shortage': 2}"
2025-09-13T22:06:04.635286,NO_MOVEMENT_POINTS,P_Pluton__5_Infanterie_Regiment,"43,-14",0,0,"35,-15",9,False,False,N/A,N/A,N/A,{'no_mp': True}
2025-09-13T22:06:04.636296,NO_FUEL,P_Pluton__5_Infanterie_Regiment,"43,-14",0,0,"35,-15",9,False,False,N/A,N/A,N/A,"{'no_mp': True, 'no_fuel': True}"
2025-09-13T22:06:04.637778,NO_MOVEMENT_POINTS,P_Kompania__5_Infanterie_Regiment,"43,-14",0,0,"36,-15",8,False,False,N/A,N/A,N/A,{'no_mp': True}
2025-09-13T22:06:04.642255,NO_FUEL,P_Kompania__5_Infanterie_Regiment,"43,-14",0,0,"36,-15",8,False,False,N/A,N/A,N/A,"{'no_mp': True, 'no_fuel': True}"
2025-09-13T22:06:04.643532,NO_MOVEMENT_POINTS,P_Pluton__5_Sch_tzen_Kompanie,"43,-14",0,0,"37,-15",7,False,False,N/A,N/A,N/A,{'no_mp': True}
2025-09-13T22:06:04.643532,NO_FUEL,P_Pluton__5_Sch_tzen_Kompanie,"43,-14",0,0,"37,-15",7,False,False,N/A,N/A,N/A,"{'no_mp': True, 'no_fuel': True}"
2025-09-13T22:06:04.644537,NO_MOVEMENT_POINTS,AC_Kompania__5_schwere_Artillerie,"43,-14",0,0,"36,-16",9,False,False,N/A,N/A,N/A,{'no_mp': True}
2025-09-13T22:06:04.645865,NO_FUEL,AC_Kompania__5_schwere_Artillerie,"43,-14",0,0,"36,-16",9,False,False,N/A,N/A,N/A,"{'no_mp': True, 'no_fuel': True}"
2025-09-13T22:06:04.645865,NO_MOVEMENT_POINTS,AL_Batalion__5_Artillerie_Abteilung,"43,-14",0,0,"37,-16",8,False,False,N/A,N/A,N/A,{'no_mp': True}
2025-09-13T22:06:04.646877,NO_FUEL,AL_Batalion__5_Artillerie_Abteilung,"43,-14",0,0,"37,-16",8,False,False,N/A,N/A,N/A,"{'no_mp': True, 'no_fuel': True}"
2025-09-13T22:06:04.648753,INSUFFICIENT_SUPPORT,Z_Pluton__5_Versorgungs_Kompanie,"43,-14",N/A,N/A,N/A,N/A,N/A,N/A,0,150,5,"{'enemies_list': [], 'units_found': 0, 'units_needed': 2, 'shortage': 2}"
2025-09-13T22:06:04.949160,NO_MOVEMENT_POINTS,P_Batalion__2_Batalion_Strzelc_w_20250913214005,"24,-7",0,0,"25,-9",2,False,False,N/A,N/A,N/A,{'no_mp': True}
2025-09-13T22:06:04.950420,NO_FUEL,P_Batalion__2_Batalion_Strzelc_w_20250913214005,"24,-7",0,0,"25,-9",2,False,False,N/A,N/A,N/A,"{'no_mp': True, 'no_fuel': True}"
2025-09-13T22:06:04.950420,NO_MOVEMENT_POINTS,P_Pluton__2_Kompania_Grenadier_w,"24,-7",0,0,"26,6",15,False,False,N/A,N/A,N/A,{'no_mp': True}
2025-09-13T22:06:04.951424,NO_FUEL,P_Pluton__2_Kompania_Grenadier_w,"24,-7",0,0,"26,6",15,False,False,N/A,N/A,N/A,"{'no_mp': True, 'no_fuel': True}"
2025-09-13T22:06:04.952788,NO_MOVEMENT_POINTS,Z_Pluton__2_Batalion_Wsparcia,"24,-7",0,0,"28,5",16,False,False,N/A,N/A,N/A,{'no_mp': True}
2025-09-13T22:06:04.952788,NO_FUEL,Z_Pluton__2_Batalion_Wsparcia,"24,-7",0,0,"28,5",16,False,False,N/A,N/A,N/A,"{'no_mp': True, 'no_fuel': True}"
2025-09-13T22:06:04.955035,NO_MOVEMENT_POINTS,P_Pluton__2_Kompania_Grenadier_w_20250913214010,"24,-7",0,0,"27,6",16,False,False,N/A,N/A,N/A,{'no_mp': True}
2025-09-13T22:06:04.958273,NO_FUEL,P_Pluton__2_Kompania_Grenadier_w_20250913214010,"24,-7",0,0,"27,6",16,False,False,N/A,N/A,N/A,"{'no_mp': True, 'no_fuel': True}"
2025-09-13T22:06:04.960640,INSUFFICIENT_SUPPORT,P_Batalion__2_Batalion_Strzelc_w,"24,-7",N/A,N/A,N/A,N/A,N/A,N/A,0,50,4,"{'enemies_list': [], 'units_found': 0, 'units_needed': 1, 'shortage': 1}"
2025-09-13T22:06:04.961652,NO_MOVEMENT_POINTS,P_Batalion__2_Batalion_Strzelc_w_20250913214005,"28,3",0,0,"25,-9",15,False,False,N/A,N/A,N/A,{'no_mp': True}
2025-09-13T22:06:04.961652,NO_FUEL,P_Batalion__2_Batalion_Strzelc_w_20250913214005,"28,3",0,0,"25,-9",15,False,False,N/A,N/A,N/A,"{'no_mp': True, 'no_fuel': True}"
2025-09-13T22:06:04.962994,NO_MOVEMENT_POINTS,P_Pluton__2_Kompania_Grenadier_w,"28,3",0,0,"26,6",3,False,False,N/A,N/A,N/A,{'no_mp': True}
2025-09-13T22:06:04.964119,NO_FUEL,P_Pluton__2_Kompania_Grenadier_w,"28,3",0,0,"26,6",3,False,False,N/A,N/A,N/A,"{'no_mp': True, 'no_fuel': True}"
2025-09-13T22:06:04.965432,NO_MOVEMENT_POINTS,Z_Pluton__2_Batalion_Wsparcia,"28,3",0,0,"28,5",2,False,False,N/A,N/A,N/A,{'no_mp': True}
2025-09-13T22:06:04.965432,NO_FUEL,Z_Pluton__2_Batalion_Wsparcia,"28,3",0,0,"28,5",2,False,False,N/A,N/A,N/A,"{'no_mp': True, 'no_fuel': True}"
2025-09-13T22:06:04.965432,NO_MOVEMENT_POINTS,P_Pluton__2_Kompania_Grenadier_w_20250913214010,"28,3",0,0,"27,6",3,False,False,N/A,N/A,N/A,{'no_mp': True}
2025-09-13T22:06:04.965432,NO_FUEL,P_Pluton__2_Kompania_Grenadier_w_20250913214010,"28,3",0,0,"27,6",3,False,False,N/A,N/A,N/A,"{'no_mp': True, 'no_fuel': True}"
2025-09-13T22:06:04.965432,INSUFFICIENT_SUPPORT,P_Kompania__2_Pu_k_Piechoty,"28,3",N/A,N/A,N/A,N/A,N/A,N/A,0,75,4,"{'enemies_list': [], 'units_found': 0, 'units_needed': 1, 'shortage': 1}"
2025-09-13T22:06:04.975079,NO_MOVEMENT_POINTS,P_Batalion__2_Batalion_Strzelc_w_20250913214005,"27,4",0,0,"25,-9",15,False,False,N/A,N/A,N/A,{'no_mp': True}
2025-09-13T22:06:04.976908,NO_FUEL,P_Batalion__2_Batalion_Strzelc_w_20250913214005,"27,4",0,0,"25,-9",15,False,False,N/A,N/A,N/A,"{'no_mp': True, 'no_fuel': True}"
2025-09-13T22:06:04.976908,NO_MOVEMENT_POINTS,P_Pluton__2_Kompania_Grenadier_w,"27,4",0,0,"26,6",2,False,False,N/A,N/A,N/A,{'no_mp': True}
2025-09-13T22:06:04.978138,NO_FUEL,P_Pluton__2_Kompania_Grenadier_w,"27,4",0,0,"26,6",2,False,False,N/A,N/A,N/A,"{'no_mp': True, 'no_fuel': True}"
2025-09-13T22:06:04.979218,NO_MOVEMENT_POINTS,Z_Pluton__2_Batalion_Wsparcia,"27,4",0,0,"28,5",2,False,False,N/A,N/A,N/A,{'no_mp': True}
2025-09-13T22:06:04.979643,NO_FUEL,Z_Pluton__2_Batalion_Wsparcia,"27,4",0,0,"28,5",2,False,False,N/A,N/A,N/A,"{'no_mp': True, 'no_fuel': True}"
2025-09-13T22:06:04.980641,NO_MOVEMENT_POINTS,P_Pluton__2_Kompania_Grenadier_w_20250913214010,"27,4",0,0,"27,6",2,False,False,N/A,N/A,N/A,{'no_mp': True}
2025-09-13T22:06:04.982025,NO_FUEL,P_Pluton__2_Kompania_Grenadier_w_20250913214010,"27,4",0,0,"27,6",2,False,False,N/A,N/A,N/A,"{'no_mp': True, 'no_fuel': True}"
2025-09-13T22:06:04.982025,INSUFFICIENT_SUPPORT,Z_Pluton__2_Oddzia_Rozpoznawczy,"27,4",N/A,N/A,N/A,N/A,N/A,N/A,0,75,4,"{'enemies_list': [], 'units_found': 0, 'units_needed': 1, 'shortage': 1}"
2025-09-13T22:06:04.982025,NO_MOVEMENT_POINTS,P_Batalion__2_Batalion_Strzelc_w_20250913214005,"15,-7",0,0,"25,-9",10,False,False,N/A,N/A,N/A,{'no_mp': True}
2025-09-13T22:06:04.982025,NO_FUEL,P_Batalion__2_Batalion_Strzelc_w_20250913214005,"15,-7",0,0,"25,-9",10,False,False,N/A,N/A,N/A,"{'no_mp': True, 'no_fuel': True}"
2025-09-13T22:06:04.986049,NO_MOVEMENT_POINTS,P_Pluton__2_Kompania_Grenadier_w,"15,-7",0,0,"26,6",24,False,False,N/A,N/A,N/A,{'no_mp': True}
2025-09-13T22:06:04.987049,NO_FUEL,P_Pluton__2_Kompania_Grenadier_w,"15,-7",0,0,"26,6",24,False,False,N/A,N/A,N/A,"{'no_mp': True, 'no_fuel': True}"
2025-09-13T22:06:04.988426,NO_MOVEMENT_POINTS,Z_Pluton__2_Batalion_Wsparcia,"15,-7",0,0,"28,5",25,False,False,N/A,N/A,N/A,{'no_mp': True}
2025-09-13T22:06:04.992563,NO_FUEL,Z_Pluton__2_Batalion_Wsparcia,"15,-7",0,0,"28,5",25,False,False,N/A,N/A,N/A,"{'no_mp': True, 'no_fuel': True}"
2025-09-13T22:06:04.993699,NO_MOVEMENT_POINTS,P_Pluton__2_Kompania_Grenadier_w_20250913214010,"15,-7",0,0,"27,6",25,False,False,N/A,N/A,N/A,{'no_mp': True}
2025-09-13T22:06:04.993699,NO_FUEL,P_Pluton__2_Kompania_Grenadier_w_20250913214010,"15,-7",0,0,"27,6",25,False,False,N/A,N/A,N/A,"{'no_mp': True, 'no_fuel': True}"
2025-09-13T22:06:04.994891,INSUFFICIENT_SUPPORT,D_Pluton__2_Dow_dztwo_Einheit,"15,-7",N/A,N/A,N/A,N/A,N/A,N/A,0,100,4,"{'enemies_list': [], 'units_found': 0, 'units_needed': 2, 'shortage': 2}"
2025-09-13T22:06:05.351642,NO_MOVEMENT_POINTS,P_Pluton__5_Infanterie_Regiment,"43,-14",0,0,"36,-15",8,False,False,N/A,N/A,N/A,{'no_mp': True}
2025-09-13T22:06:05.352380,NO_FUEL,P_Pluton__5_Infanterie_Regiment,"43,-14",0,0,"36,-15",8,False,False,N/A,N/A,N/A,"{'no_mp': True, 'no_fuel': True}"
2025-09-13T22:06:05.352380,NO_MOVEMENT_POINTS,P_Kompania__5_Infanterie_Regiment,"43,-14",0,0,"36,-14",7,False,False,N/A,N/A,N/A,{'no_mp': True}
2025-09-13T22:06:05.352380,NO_FUEL,P_Kompania__5_Infanterie_Regiment,"43,-14",0,0,"36,-14",7,False,False,N/A,N/A,N/A,"{'no_mp': True, 'no_fuel': True}"
2025-09-13T22:06:05.358157,NO_MOVEMENT_POINTS,P_Pluton__5_Sch_tzen_Kompanie,"43,-14",0,0,"37,-15",7,False,False,N/A,N/A,N/A,{'no_mp': True}
2025-09-13T22:06:05.359782,NO_FUEL,P_Pluton__5_Sch_tzen_Kompanie,"43,-14",0,0,"37,-15",7,False,False,N/A,N/A,N/A,"{'no_mp': True, 'no_fuel': True}"
2025-09-13T22:06:05.360823,NO_MOVEMENT_POINTS,AC_Kompania__5_schwere_Artillerie,"43,-14",0,0,"36,-16",9,False,False,N/A,N/A,N/A,{'no_mp': True}
2025-09-13T22:06:05.361837,NO_FUEL,AC_Kompania__5_schwere_Artillerie,"43,-14",0,0,"36,-16",9,False,False,N/A,N/A,N/A,"{'no_mp': True, 'no_fuel': True}"
2025-09-13T22:06:05.362933,NO_MOVEMENT_POINTS,AL_Batalion__5_Artillerie_Abteilung,"43,-14",0,0,"37,-16",8,False,False,N/A,N/A,N/A,{'no_mp': True}
2025-09-13T22:06:05.362933,NO_FUEL,AL_Batalion__5_Artillerie_Abteilung,"43,-14",0,0,"37,-16",8,False,False,N/A,N/A,N/A,"{'no_mp': True, 'no_fuel': True}"
2025-09-13T22:06:05.364170,INSUFFICIENT_SUPPORT,Z_Pluton__5_Versorgungs_Kompanie,"43,-14",N/A,N/A,N/A,N/A,N/A,N/A,0,150,5,"{'enemies_list': [], 'units_found': 0, 'units_needed': 2, 'shortage': 2}"
2025-09-13T22:06:05.366181,NO_MOVEMENT_POINTS,P_Pluton__5_Infanterie_Regiment,"43,-15",0,0,"36,-15",7,False,False,N/A,N/A,N/A,{'no_mp': True}
2025-09-13T22:06:05.367191,NO_FUEL,P_Pluton__5_Infanterie_Regiment,"43,-15",0,0,"36,-15",7,False,False,N/A,N/A,N/A,"{'no_mp': True, 'no_fuel': True}"
2025-09-13T22:06:05.367191,NO_MOVEMENT_POINTS,P_Kompania__5_Infanterie_Regiment,"43,-15",0,0,"36,-14",7,False,False,N/A,N/A,N/A,{'no_mp': True}
2025-09-13T22:06:05.368376,NO_FUEL,P_Kompania__5_Infanterie_Regiment,"43,-15",0,0,"36,-14",7,False,False,N/A,N/A,N/A,"{'no_mp': True, 'no_fuel': True}"
2025-09-13T22:06:05.369501,NO_MOVEMENT_POINTS,P_Pluton__5_Sch_tzen_Kompanie,"43,-15",0,0,"37,-15",6,False,False,N/A,N/A,N/A,{'no_mp': True}
2025-09-13T22:06:05.369501,NO_FUEL,P_Pluton__5_Sch_tzen_Kompanie,"43,-15",0,0,"37,-15",6,False,False,N/A,N/A,N/A,"{'no_mp': True, 'no_fuel': True}"
2025-09-13T22:06:05.371146,NO_MOVEMENT_POINTS,AC_Kompania__5_schwere_Artillerie,"43,-15",0,0,"36,-16",8,False,False,N/A,N/A,N/A,{'no_mp': True}
2025-09-13T22:06:05.375824,NO_FUEL,AC_Kompania__5_schwere_Artillerie,"43,-15",0,0,"36,-16",8,False,False,N/A,N/A,N/A,"{'no_mp': True, 'no_fuel': True}"
2025-09-13T22:06:05.376130,NO_MOVEMENT_POINTS,AL_Batalion__5_Artillerie_Abteilung,"43,-15",0,0,"37,-16",7,False,False,N/A,N/A,N/A,{'no_mp': True}
2025-09-13T22:06:05.378516,NO_FUEL,AL_Batalion__5_Artillerie_Abteilung,"43,-15",0,0,"37,-16",7,False,False,N/A,N/A,N/A,"{'no_mp': True, 'no_fuel': True}"
2025-09-13T22:06:05.379525,INSUFFICIENT_SUPPORT,Z_Pluton__5_Unterst_tzungs_Bataillon,"43,-15",N/A,N/A,N/A,N/A,N/A,N/A,0,150,5,"{'enemies_list': [], 'units_found': 0, 'units_needed': 2, 'shortage': 2}"
2025-09-13T22:06:05.567724,NO_MOVEMENT_POINTS,P_Batalion__2_Batalion_Strzelc_w_20250913214005,"28,3",0,0,"25,-9",15,False,False,N/A,N/A,N/A,{'no_mp': True}
2025-09-13T22:06:05.568768,NO_FUEL,P_Batalion__2_Batalion_Strzelc_w_20250913214005,"28,3",0,0,"25,-9",15,False,False,N/A,N/A,N/A,"{'no_mp': True, 'no_fuel': True}"
2025-09-13T22:06:05.570016,NO_MOVEMENT_POINTS,P_Pluton__2_Kompania_Grenadier_w,"28,3",0,0,"26,6",3,False,False,N/A,N/A,N/A,{'no_mp': True}
2025-09-13T22:06:05.570608,NO_FUEL,P_Pluton__2_Kompania_Grenadier_w,"28,3",0,0,"26,6",3,False,False,N/A,N/A,N/A,"{'no_mp': True, 'no_fuel': True}"
2025-09-13T22:06:05.573434,NO_MOVEMENT_POINTS,Z_Pluton__2_Batalion_Wsparcia,"28,3",0,0,"28,5",2,False,False,N/A,N/A,N/A,{'no_mp': True}
2025-09-13T22:06:05.576004,NO_FUEL,Z_Pluton__2_Batalion_Wsparcia,"28,3",0,0,"28,5",2,False,False,N/A,N/A,N/A,"{'no_mp': True, 'no_fuel': True}"
2025-09-13T22:06:05.576004,NO_MOVEMENT_POINTS,P_Pluton__2_Kompania_Grenadier_w_20250913214010,"28,3",0,0,"27,6",3,False,False,N/A,N/A,N/A,{'no_mp': True}
2025-09-13T22:06:05.577928,NO_FUEL,P_Pluton__2_Kompania_Grenadier_w_20250913214010,"28,3",0,0,"27,6",3,False,False,N/A,N/A,N/A,"{'no_mp': True, 'no_fuel': True}"
2025-09-13T22:06:05.578939,INSUFFICIENT_SUPPORT,P_Kompania__2_Pu_k_Piechoty,"28,3",N/A,N/A,N/A,N/A,N/A,N/A,0,75,4,"{'enemies_list': [], 'units_found': 0, 'units_needed': 1, 'shortage': 1}"
2025-09-13T22:06:05.579936,NO_MOVEMENT_POINTS,P_Batalion__2_Batalion_Strzelc_w_20250913214005,"27,4",0,0,"25,-9",15,False,False,N/A,N/A,N/A,{'no_mp': True}
2025-09-13T22:06:05.580974,NO_FUEL,P_Batalion__2_Batalion_Strzelc_w_20250913214005,"27,4",0,0,"25,-9",15,False,False,N/A,N/A,N/A,"{'no_mp': True, 'no_fuel': True}"
2025-09-13T22:06:05.582237,NO_MOVEMENT_POINTS,P_Pluton__2_Kompania_Grenadier_w,"27,4",0,0,"26,6",2,False,False,N/A,N/A,N/A,{'no_mp': True}
2025-09-13T22:06:05.583116,NO_FUEL,P_Pluton__2_Kompania_Grenadier_w,"27,4",0,0,"26,6",2,False,False,N/A,N/A,N/A,"{'no_mp': True, 'no_fuel': True}"
2025-09-13T22:06:05.584376,NO_MOVEMENT_POINTS,Z_Pluton__2_Batalion_Wsparcia,"27,4",0,0,"28,5",2,False,False,N/A,N/A,N/A,{'no_mp': True}
2025-09-13T22:06:05.584376,NO_FUEL,Z_Pluton__2_Batalion_Wsparcia,"27,4",0,0,"28,5",2,False,False,N/A,N/A,N/A,"{'no_mp': True, 'no_fuel': True}"
2025-09-13T22:06:05.585737,NO_MOVEMENT_POINTS,P_Pluton__2_Kompania_Grenadier_w_20250913214010,"27,4",0,0,"27,6",2,False,False,N/A,N/A,N/A,{'no_mp': True}
2025-09-13T22:06:05.586762,NO_FUEL,P_Pluton__2_Kompania_Grenadier_w_20250913214010,"27,4",0,0,"27,6",2,False,False,N/A,N/A,N/A,"{'no_mp': True, 'no_fuel': True}"
2025-09-13T22:06:05.589004,INSUFFICIENT_SUPPORT,Z_Pluton__2_Oddzia_Rozpoznawczy,"27,4",N/A,N/A,N/A,N/A,N/A,N/A,0,75,4,"{'enemies_list': [], 'units_found': 0, 'units_needed': 1, 'shortage': 1}"
2025-09-13T22:06:05.592425,NO_MOVEMENT_POINTS,P_Batalion__2_Batalion_Strzelc_w_20250913214005,"15,-7",0,0,"25,-9",10,False,False,N/A,N/A,N/A,{'no_mp': True}
2025-09-13T22:06:05.593437,NO_FUEL,P_Batalion__2_Batalion_Strzelc_w_20250913214005,"15,-7",0,0,"25,-9",10,False,False,N/A,N/A,N/A,"{'no_mp': True, 'no_fuel': True}"
2025-09-13T22:06:05.594516,NO_MOVEMENT_POINTS,P_Pluton__2_Kompania_Grenadier_w,"15,-7",0,0,"26,6",24,False,False,N/A,N/A,N/A,{'no_mp': True}
2025-09-13T22:06:05.595519,NO_FUEL,P_Pluton__2_Kompania_Grenadier_w,"15,-7",0,0,"26,6",24,False,False,N/A,N/A,N/A,"{'no_mp': True, 'no_fuel': True}"
2025-09-13T22:06:05.596596,NO_MOVEMENT_POINTS,Z_Pluton__2_Batalion_Wsparcia,"15,-7",0,0,"28,5",25,False,False,N/A,N/A,N/A,{'no_mp': True}
2025-09-13T22:06:05.597735,NO_FUEL,Z_Pluton__2_Batalion_Wsparcia,"15,-7",0,0,"28,5",25,False,False,N/A,N/A,N/A,"{'no_mp': True, 'no_fuel': True}"
2025-09-13T22:06:05.597735,NO_MOVEMENT_POINTS,P_Pluton__2_Kompania_Grenadier_w_20250913214010,"15,-7",0,0,"27,6",25,False,False,N/A,N/A,N/A,{'no_mp': True}
2025-09-13T22:06:05.598979,NO_FUEL,P_Pluton__2_Kompania_Grenadier_w_20250913214010,"15,-7",0,0,"27,6",25,False,False,N/A,N/A,N/A,"{'no_mp': True, 'no_fuel': True}"
2025-09-13T22:06:05.600448,INSUFFICIENT_SUPPORT,D_Pluton__2_Dow_dztwo_Einheit,"15,-7",N/A,N/A,N/A,N/A,N/A,N/A,0,100,4,"{'enemies_list': [], 'units_found': 0, 'units_needed': 2, 'shortage': 2}"
2025-09-13T22:06:05.903320,NO_MOVEMENT_POINTS,P_Pluton__5_Infanterie_Regiment,"43,-15",0,0,"36,-15",7,False,False,N/A,N/A,N/A,{'no_mp': True}
2025-09-13T22:06:05.904665,NO_FUEL,P_Pluton__5_Infanterie_Regiment,"43,-15",0,0,"36,-15",7,False,False,N/A,N/A,N/A,"{'no_mp': True, 'no_fuel': True}"
2025-09-13T22:06:05.908776,NO_MOVEMENT_POINTS,P_Kompania__5_Infanterie_Regiment,"43,-15",0,0,"36,-14",7,False,False,N/A,N/A,N/A,{'no_mp': True}
2025-09-13T22:06:05.910772,NO_FUEL,P_Kompania__5_Infanterie_Regiment,"43,-15",0,0,"36,-14",7,False,False,N/A,N/A,N/A,"{'no_mp': True, 'no_fuel': True}"
2025-09-13T22:06:05.912251,NO_MOVEMENT_POINTS,P_Pluton__5_Sch_tzen_Kompanie,"43,-15",0,0,"37,-15",6,False,False,N/A,N/A,N/A,{'no_mp': True}
2025-09-13T22:06:05.913579,NO_FUEL,P_Pluton__5_Sch_tzen_Kompanie,"43,-15",0,0,"37,-15",6,False,False,N/A,N/A,N/A,"{'no_mp': True, 'no_fuel': True}"
2025-09-13T22:06:05.914667,NO_MOVEMENT_POINTS,AC_Kompania__5_schwere_Artillerie,"43,-15",0,0,"36,-16",8,False,False,N/A,N/A,N/A,{'no_mp': True}
2025-09-13T22:06:05.916756,NO_FUEL,AC_Kompania__5_schwere_Artillerie,"43,-15",0,0,"36,-16",8,False,False,N/A,N/A,N/A,"{'no_mp': True, 'no_fuel': True}"
2025-09-13T22:06:05.917767,NO_MOVEMENT_POINTS,AL_Batalion__5_Artillerie_Abteilung,"43,-15",0,0,"37,-17",8,False,False,N/A,N/A,N/A,{'no_mp': True}
2025-09-13T22:06:05.918770,NO_FUEL,AL_Batalion__5_Artillerie_Abteilung,"43,-15",0,0,"37,-17",8,False,False,N/A,N/A,N/A,"{'no_mp': True, 'no_fuel': True}"
2025-09-13T22:06:05.919783,INSUFFICIENT_SUPPORT,Z_Pluton__5_Unterst_tzungs_Bataillon,"43,-15",N/A,N/A,N/A,N/A,N/A,N/A,0,150,5,"{'enemies_list': [], 'units_found': 0, 'units_needed': 2, 'shortage': 2}"
2025-09-13T22:06:06.139836,NO_MOVEMENT_POINTS,P_Batalion__2_Batalion_Strzelc_w_20250913214005,"28,3",0,0,"25,-9",15,False,False,N/A,N/A,N/A,{'no_mp': True}
2025-09-13T22:06:06.144056,NO_FUEL,P_Batalion__2_Batalion_Strzelc_w_20250913214005,"28,3",0,0,"25,-9",15,False,False,N/A,N/A,N/A,"{'no_mp': True, 'no_fuel': True}"
2025-09-13T22:06:06.145531,NO_MOVEMENT_POINTS,P_Pluton__2_Kompania_Grenadier_w,"28,3",0,0,"26,6",3,False,False,N/A,N/A,N/A,{'no_mp': True}
2025-09-13T22:06:06.145903,NO_FUEL,P_Pluton__2_Kompania_Grenadier_w,"28,3",0,0,"26,6",3,False,False,N/A,N/A,N/A,"{'no_mp': True, 'no_fuel': True}"
2025-09-13T22:06:06.146912,NO_MOVEMENT_POINTS,Z_Pluton__2_Batalion_Wsparcia,"28,3",0,0,"28,5",2,False,False,N/A,N/A,N/A,{'no_mp': True}
2025-09-13T22:06:06.148227,NO_FUEL,Z_Pluton__2_Batalion_Wsparcia,"28,3",0,0,"28,5",2,False,False,N/A,N/A,N/A,"{'no_mp': True, 'no_fuel': True}"
2025-09-13T22:06:06.148227,NO_MOVEMENT_POINTS,P_Pluton__2_Kompania_Grenadier_w_20250913214010,"28,3",0,0,"27,6",3,False,False,N/A,N/A,N/A,{'no_mp': True}
2025-09-13T22:06:06.149340,NO_FUEL,P_Pluton__2_Kompania_Grenadier_w_20250913214010,"28,3",0,0,"27,6",3,False,False,N/A,N/A,N/A,"{'no_mp': True, 'no_fuel': True}"
2025-09-13T22:06:06.151254,INSUFFICIENT_SUPPORT,P_Kompania__2_Pu_k_Piechoty,"28,3",N/A,N/A,N/A,N/A,N/A,N/A,0,75,4,"{'enemies_list': [], 'units_found': 0, 'units_needed': 1, 'shortage': 1}"
2025-09-13T22:06:06.152306,NO_MOVEMENT_POINTS,P_Batalion__2_Batalion_Strzelc_w_20250913214005,"27,4",0,0,"25,-9",15,False,False,N/A,N/A,N/A,{'no_mp': True}
2025-09-13T22:06:06.152306,NO_FUEL,P_Batalion__2_Batalion_Strzelc_w_20250913214005,"27,4",0,0,"25,-9",15,False,False,N/A,N/A,N/A,"{'no_mp': True, 'no_fuel': True}"
2025-09-13T22:06:06.153489,NO_MOVEMENT_POINTS,P_Pluton__2_Kompania_Grenadier_w,"27,4",0,0,"26,6",2,False,False,N/A,N/A,N/A,{'no_mp': True}
2025-09-13T22:06:06.154592,NO_FUEL,P_Pluton__2_Kompania_Grenadier_w,"27,4",0,0,"26,6",2,False,False,N/A,N/A,N/A,"{'no_mp': True, 'no_fuel': True}"
2025-09-13T22:06:06.154592,NO_MOVEMENT_POINTS,Z_Pluton__2_Batalion_Wsparcia,"27,4",0,0,"28,5",2,False,False,N/A,N/A,N/A,{'no_mp': True}
2025-09-13T22:06:06.158071,NO_FUEL,Z_Pluton__2_Batalion_Wsparcia,"27,4",0,0,"28,5",2,False,False,N/A,N/A,N/A,"{'no_mp': True, 'no_fuel': True}"
2025-09-13T22:06:06.160607,NO_MOVEMENT_POINTS,P_Pluton__2_Kompania_Grenadier_w_20250913214010,"27,4",0,0,"27,6",2,False,False,N/A,N/A,N/A,{'no_mp': True}
2025-09-13T22:06:06.161976,NO_FUEL,P_Pluton__2_Kompania_Grenadier_w_20250913214010,"27,4",0,0,"27,6",2,False,False,N/A,N/A,N/A,"{'no_mp': True, 'no_fuel': True}"
2025-09-13T22:06:06.163013,INSUFFICIENT_SUPPORT,Z_Pluton__2_Oddzia_Rozpoznawczy,"27,4",N/A,N/A,N/A,N/A,N/A,N/A,0,75,4,"{'enemies_list': [], 'units_found': 0, 'units_needed': 1, 'shortage': 1}"
2025-09-13T22:06:06.164566,NO_MOVEMENT_POINTS,P_Batalion__2_Batalion_Strzelc_w_20250913214005,"24,-7",0,0,"25,-9",2,False,False,N/A,N/A,N/A,{'no_mp': True}
2025-09-13T22:06:06.164912,NO_FUEL,P_Batalion__2_Batalion_Strzelc_w_20250913214005,"24,-7",0,0,"25,-9",2,False,False,N/A,N/A,N/A,"{'no_mp': True, 'no_fuel': True}"
2025-09-13T22:06:06.165911,NO_MOVEMENT_POINTS,P_Pluton__2_Kompania_Grenadier_w,"24,-7",0,0,"26,6",15,False,False,N/A,N/A,N/A,{'no_mp': True}
2025-09-13T22:06:06.167202,NO_FUEL,P_Pluton__2_Kompania_Grenadier_w,"24,-7",0,0,"26,6",15,False,False,N/A,N/A,N/A,"{'no_mp': True, 'no_fuel': True}"
2025-09-13T22:06:06.167202,NO_MOVEMENT_POINTS,Z_Pluton__2_Batalion_Wsparcia,"24,-7",0,0,"28,5",16,False,False,N/A,N/A,N/A,{'no_mp': True}
2025-09-13T22:06:06.167202,NO_FUEL,Z_Pluton__2_Batalion_Wsparcia,"24,-7",0,0,"28,5",16,False,False,N/A,N/A,N/A,"{'no_mp': True, 'no_fuel': True}"
2025-09-13T22:06:06.169524,NO_MOVEMENT_POINTS,P_Pluton__2_Kompania_Grenadier_w_20250913214010,"24,-7",0,0,"27,6",16,False,False,N/A,N/A,N/A,{'no_mp': True}
2025-09-13T22:06:06.170536,NO_FUEL,P_Pluton__2_Kompania_Grenadier_w_20250913214010,"24,-7",0,0,"27,6",16,False,False,N/A,N/A,N/A,"{'no_mp': True, 'no_fuel': True}"
2025-09-13T22:06:06.171798,INSUFFICIENT_SUPPORT,Z_Batalion__2_Kompania_Zaopatrzeniowa,"24,-7",N/A,N/A,N/A,N/A,N/A,N/A,0,50,4,"{'enemies_list': [], 'units_found': 0, 'units_needed': 1, 'shortage': 1}"
2025-09-13T22:06:06.175799,NO_MOVEMENT_POINTS,P_Batalion__2_Batalion_Strzelc_w_20250913214005,"15,-7",0,0,"25,-9",10,False,False,N/A,N/A,N/A,{'no_mp': True}
2025-09-13T22:06:06.177391,NO_FUEL,P_Batalion__2_Batalion_Strzelc_w_20250913214005,"15,-7",0,0,"25,-9",10,False,False,N/A,N/A,N/A,"{'no_mp': True, 'no_fuel': True}"
2025-09-13T22:06:06.178400,NO_MOVEMENT_POINTS,P_Pluton__2_Kompania_Grenadier_w,"15,-7",0,0,"26,6",24,False,False,N/A,N/A,N/A,{'no_mp': True}
2025-09-13T22:06:06.179584,NO_FUEL,P_Pluton__2_Kompania_Grenadier_w,"15,-7",0,0,"26,6",24,False,False,N/A,N/A,N/A,"{'no_mp': True, 'no_fuel': True}"
2025-09-13T22:06:06.179584,NO_MOVEMENT_POINTS,Z_Pluton__2_Batalion_Wsparcia,"15,-7",0,0,"28,5",25,False,False,N/A,N/A,N/A,{'no_mp': True}
2025-09-13T22:06:06.181255,NO_FUEL,Z_Pluton__2_Batalion_Wsparcia,"15,-7",0,0,"28,5",25,False,False,N/A,N/A,N/A,"{'no_mp': True, 'no_fuel': True}"
2025-09-13T22:06:06.181255,NO_MOVEMENT_POINTS,P_Pluton__2_Kompania_Grenadier_w_20250913214010,"15,-7",0,0,"27,6",25,False,False,N/A,N/A,N/A,{'no_mp': True}
2025-09-13T22:06:06.181255,NO_FUEL,P_Pluton__2_Kompania_Grenadier_w_20250913214010,"15,-7",0,0,"27,6",25,False,False,N/A,N/A,N/A,"{'no_mp': True, 'no_fuel': True}"
2025-09-13T22:06:06.181255,INSUFFICIENT_SUPPORT,D_Pluton__2_Dow_dztwo_Einheit,"15,-7",N/A,N/A,N/A,N/A,N/A,N/A,0,100,4,"{'enemies_list': [], 'units_found': 0, 'units_needed': 2, 'shortage': 2}"
2025-09-13T22:06:06.362614,NO_MOVEMENT_POINTS,P_Pluton__5_Infanterie_Regiment,"45,-15",0,0,"36,-15",9,False,False,N/A,N/A,N/A,{'no_mp': True}
2025-09-13T22:06:06.363962,NO_FUEL,P_Pluton__5_Infanterie_Regiment,"45,-15",0,0,"36,-15",9,False,False,N/A,N/A,N/A,"{'no_mp': True, 'no_fuel': True}"
2025-09-13T22:06:06.365092,NO_MOVEMENT_POINTS,P_Kompania__5_Infanterie_Regiment,"45,-15",0,0,"36,-14",9,False,False,N/A,N/A,N/A,{'no_mp': True}
2025-09-13T22:06:06.365092,NO_FUEL,P_Kompania__5_Infanterie_Regiment,"45,-15",0,0,"36,-14",9,False,False,N/A,N/A,N/A,"{'no_mp': True, 'no_fuel': True}"
2025-09-13T22:06:06.366268,NO_MOVEMENT_POINTS,P_Pluton__5_Sch_tzen_Kompanie,"45,-15",0,0,"37,-15",8,False,False,N/A,N/A,N/A,{'no_mp': True}
2025-09-13T22:06:06.367446,NO_FUEL,P_Pluton__5_Sch_tzen_Kompanie,"45,-15",0,0,"37,-15",8,False,False,N/A,N/A,N/A,"{'no_mp': True, 'no_fuel': True}"
2025-09-13T22:06:06.367446,NO_MOVEMENT_POINTS,AC_Kompania__5_schwere_Artillerie,"45,-15",0,0,"36,-16",10,False,False,N/A,N/A,N/A,{'no_mp': True}
2025-09-13T22:06:06.367446,NO_FUEL,AC_Kompania__5_schwere_Artillerie,"45,-15",0,0,"36,-16",10,False,False,N/A,N/A,N/A,"{'no_mp': True, 'no_fuel': True}"
2025-09-13T22:06:06.367446,NO_MOVEMENT_POINTS,AL_Batalion__5_Artillerie_Abteilung,"45,-15",0,0,"37,-17",10,False,False,N/A,N/A,N/A,{'no_mp': True}
2025-09-13T22:06:06.367446,NO_FUEL,AL_Batalion__5_Artillerie_Abteilung,"45,-15",0,0,"37,-17",10,False,False,N/A,N/A,N/A,"{'no_mp': True, 'no_fuel': True}"
2025-09-13T22:06:06.367446,INSUFFICIENT_SUPPORT,Z_Kompania__5_Unterst_tzungs_Bataillon,"45,-15",N/A,N/A,N/A,N/A,N/A,N/A,0,100,5,"{'enemies_list': [], 'units_found': 0, 'units_needed': 2, 'shortage': 2}"
2025-09-13T22:06:06.377473,NO_MOVEMENT_POINTS,P_Pluton__5_Infanterie_Regiment,"43,-15",0,0,"36,-15",7,False,False,N/A,N/A,N/A,{'no_mp': True}
2025-09-13T22:06:06.378489,NO_FUEL,P_Pluton__5_Infanterie_Regiment,"43,-15",0,0,"36,-15",7,False,False,N/A,N/A,N/A,"{'no_mp': True, 'no_fuel': True}"
2025-09-13T22:06:06.378489,NO_MOVEMENT_POINTS,P_Kompania__5_Infanterie_Regiment,"43,-15",0,0,"36,-14",7,False,False,N/A,N/A,N/A,{'no_mp': True}
2025-09-13T22:06:06.379702,NO_FUEL,P_Kompania__5_Infanterie_Regiment,"43,-15",0,0,"36,-14",7,False,False,N/A,N/A,N/A,"{'no_mp': True, 'no_fuel': True}"
2025-09-13T22:06:06.380987,NO_MOVEMENT_POINTS,P_Pluton__5_Sch_tzen_Kompanie,"43,-15",0,0,"37,-15",6,False,False,N/A,N/A,N/A,{'no_mp': True}
2025-09-13T22:06:06.381631,NO_FUEL,P_Pluton__5_Sch_tzen_Kompanie,"43,-15",0,0,"37,-15",6,False,False,N/A,N/A,N/A,"{'no_mp': True, 'no_fuel': True}"
2025-09-13T22:06:06.382641,NO_MOVEMENT_POINTS,AC_Kompania__5_schwere_Artillerie,"43,-15",0,0,"36,-16",8,False,False,N/A,N/A,N/A,{'no_mp': True}
2025-09-13T22:06:06.382641,NO_FUEL,AC_Kompania__5_schwere_Artillerie,"43,-15",0,0,"36,-16",8,False,False,N/A,N/A,N/A,"{'no_mp': True, 'no_fuel': True}"
2025-09-13T22:06:06.382641,NO_MOVEMENT_POINTS,AL_Batalion__5_Artillerie_Abteilung,"43,-15",0,0,"37,-17",8,False,False,N/A,N/A,N/A,{'no_mp': True}
2025-09-13T22:06:06.382641,NO_FUEL,AL_Batalion__5_Artillerie_Abteilung,"43,-15",0,0,"37,-17",8,False,False,N/A,N/A,N/A,"{'no_mp': True, 'no_fuel': True}"
2025-09-13T22:06:06.387343,INSUFFICIENT_SUPPORT,Z_Pluton__5_Unterst_tzungs_Bataillon,"43,-15",N/A,N/A,N/A,N/A,N/A,N/A,0,150,5,"{'enemies_list': [], 'units_found': 0, 'units_needed': 2, 'shortage': 2}"
2025-09-13T22:06:06.387343,NO_MOVEMENT_POINTS,P_Pluton__5_Infanterie_Regiment,"52,-13",0,0,"36,-15",18,False,False,N/A,N/A,N/A,{'no_mp': True}
2025-09-13T22:06:06.388529,NO_FUEL,P_Pluton__5_Infanterie_Regiment,"52,-13",0,0,"36,-15",18,False,False,N/A,N/A,N/A,"{'no_mp': True, 'no_fuel': True}"
2025-09-13T22:06:06.394014,NO_MOVEMENT_POINTS,P_Kompania__5_Infanterie_Regiment,"52,-13",0,0,"36,-14",17,False,False,N/A,N/A,N/A,{'no_mp': True}
2025-09-13T22:06:06.395306,NO_FUEL,P_Kompania__5_Infanterie_Regiment,"52,-13",0,0,"36,-14",17,False,False,N/A,N/A,N/A,"{'no_mp': True, 'no_fuel': True}"
2025-09-13T22:06:06.396311,NO_MOVEMENT_POINTS,P_Pluton__5_Sch_tzen_Kompanie,"52,-13",0,0,"37,-15",17,False,False,N/A,N/A,N/A,{'no_mp': True}
2025-09-13T22:06:06.396311,NO_FUEL,P_Pluton__5_Sch_tzen_Kompanie,"52,-13",0,0,"37,-15",17,False,False,N/A,N/A,N/A,"{'no_mp': True, 'no_fuel': True}"
2025-09-13T22:06:06.397924,NO_MOVEMENT_POINTS,AC_Kompania__5_schwere_Artillerie,"52,-13",0,0,"36,-16",19,False,False,N/A,N/A,N/A,{'no_mp': True}
2025-09-13T22:06:06.398759,NO_FUEL,AC_Kompania__5_schwere_Artillerie,"52,-13",0,0,"36,-16",19,False,False,N/A,N/A,N/A,"{'no_mp': True, 'no_fuel': True}"
2025-09-13T22:06:06.399757,NO_MOVEMENT_POINTS,AL_Batalion__5_Artillerie_Abteilung,"52,-13",0,0,"37,-17",19,False,False,N/A,N/A,N/A,{'no_mp': True}
2025-09-13T22:06:06.400763,NO_FUEL,AL_Batalion__5_Artillerie_Abteilung,"52,-13",0,0,"37,-17",19,False,False,N/A,N/A,N/A,"{'no_mp': True, 'no_fuel': True}"
2025-09-13T22:06:06.400763,INSUFFICIENT_SUPPORT,Z_Pluton__5_Unterst_tzungs_Bataillon_20250913214038,"52,-13",N/A,N/A,N/A,N/A,N/A,N/A,0,100,5,"{'enemies_list': [], 'units_found': 0, 'units_needed': 2, 'shortage': 2}"
2025-09-13T22:06:06.603665,NO_MOVEMENT_POINTS,P_Batalion__2_Batalion_Strzelc_w_20250913214005,"28,3",0,0,"25,-9",15,False,False,N/A,N/A,N/A,{'no_mp': True}
2025-09-13T22:06:06.604000,NO_FUEL,P_Batalion__2_Batalion_Strzelc_w_20250913214005,"28,3",0,0,"25,-9",15,False,False,N/A,N/A,N/A,"{'no_mp': True, 'no_fuel': True}"
2025-09-13T22:06:06.605000,NO_MOVEMENT_POINTS,P_Pluton__2_Kompania_Grenadier_w,"28,3",0,0,"26,6",3,False,False,N/A,N/A,N/A,{'no_mp': True}
2025-09-13T22:06:06.608514,NO_FUEL,P_Pluton__2_Kompania_Grenadier_w,"28,3",0,0,"26,6",3,False,False,N/A,N/A,N/A,"{'no_mp': True, 'no_fuel': True}"
2025-09-13T22:06:06.610541,NO_MOVEMENT_POINTS,Z_Pluton__2_Batalion_Wsparcia,"28,3",0,0,"28,5",2,False,False,N/A,N/A,N/A,{'no_mp': True}
2025-09-13T22:06:06.611736,NO_FUEL,Z_Pluton__2_Batalion_Wsparcia,"28,3",0,0,"28,5",2,False,False,N/A,N/A,N/A,"{'no_mp': True, 'no_fuel': True}"
2025-09-13T22:06:06.612771,NO_MOVEMENT_POINTS,P_Pluton__2_Kompania_Grenadier_w_20250913214010,"28,3",0,0,"27,6",3,False,False,N/A,N/A,N/A,{'no_mp': True}
2025-09-13T22:06:06.614034,NO_FUEL,P_Pluton__2_Kompania_Grenadier_w_20250913214010,"28,3",0,0,"27,6",3,False,False,N/A,N/A,N/A,"{'no_mp': True, 'no_fuel': True}"
2025-09-13T22:06:06.614034,INSUFFICIENT_SUPPORT,P_Kompania__2_Pu_k_Piechoty,"28,3",N/A,N/A,N/A,N/A,N/A,N/A,0,75,4,"{'enemies_list': [], 'units_found': 0, 'units_needed': 1, 'shortage': 1}"
2025-09-13T22:06:06.615319,NO_MOVEMENT_POINTS,P_Batalion__2_Batalion_Strzelc_w_20250913214005,"27,4",0,0,"25,-9",15,False,False,N/A,N/A,N/A,{'no_mp': True}
2025-09-13T22:06:06.616877,NO_FUEL,P_Batalion__2_Batalion_Strzelc_w_20250913214005,"27,4",0,0,"25,-9",15,False,False,N/A,N/A,N/A,"{'no_mp': True, 'no_fuel': True}"
2025-09-13T22:06:06.617480,NO_MOVEMENT_POINTS,P_Pluton__2_Kompania_Grenadier_w,"27,4",0,0,"26,6",2,False,False,N/A,N/A,N/A,{'no_mp': True}
2025-09-13T22:06:06.618858,NO_FUEL,P_Pluton__2_Kompania_Grenadier_w,"27,4",0,0,"26,6",2,False,False,N/A,N/A,N/A,"{'no_mp': True, 'no_fuel': True}"
2025-09-13T22:06:06.619884,NO_MOVEMENT_POINTS,Z_Pluton__2_Batalion_Wsparcia,"27,4",0,0,"28,5",2,False,False,N/A,N/A,N/A,{'no_mp': True}
2025-09-13T22:06:06.619884,NO_FUEL,Z_Pluton__2_Batalion_Wsparcia,"27,4",0,0,"28,5",2,False,False,N/A,N/A,N/A,"{'no_mp': True, 'no_fuel': True}"
2025-09-13T22:06:06.621151,NO_MOVEMENT_POINTS,P_Pluton__2_Kompania_Grenadier_w_20250913214010,"27,4",0,0,"27,6",2,False,False,N/A,N/A,N/A,{'no_mp': True}
2025-09-13T22:06:06.622307,NO_FUEL,P_Pluton__2_Kompania_Grenadier_w_20250913214010,"27,4",0,0,"27,6",2,False,False,N/A,N/A,N/A,"{'no_mp': True, 'no_fuel': True}"
2025-09-13T22:06:06.627142,INSUFFICIENT_SUPPORT,Z_Pluton__2_Oddzia_Rozpoznawczy,"27,4",N/A,N/A,N/A,N/A,N/A,N/A,0,75,4,"{'enemies_list': [], 'units_found': 0, 'units_needed': 1, 'shortage': 1}"
2025-09-13T22:06:06.628344,NO_MOVEMENT_POINTS,P_Batalion__2_Batalion_Strzelc_w_20250913214005,"24,-7",0,0,"25,-9",2,False,False,N/A,N/A,N/A,{'no_mp': True}
2025-09-13T22:06:06.628344,NO_FUEL,P_Batalion__2_Batalion_Strzelc_w_20250913214005,"24,-7",0,0,"25,-9",2,False,False,N/A,N/A,N/A,"{'no_mp': True, 'no_fuel': True}"
2025-09-13T22:06:06.628344,NO_MOVEMENT_POINTS,P_Pluton__2_Kompania_Grenadier_w,"24,-7",0,0,"26,6",15,False,False,N/A,N/A,N/A,{'no_mp': True}
2025-09-13T22:06:06.630704,NO_FUEL,P_Pluton__2_Kompania_Grenadier_w,"24,-7",0,0,"26,6",15,False,False,N/A,N/A,N/A,"{'no_mp': True, 'no_fuel': True}"
2025-09-13T22:06:06.631720,NO_MOVEMENT_POINTS,Z_Pluton__2_Batalion_Wsparcia,"24,-7",0,0,"28,5",16,False,False,N/A,N/A,N/A,{'no_mp': True}
2025-09-13T22:06:06.632935,NO_FUEL,Z_Pluton__2_Batalion_Wsparcia,"24,-7",0,0,"28,5",16,False,False,N/A,N/A,N/A,"{'no_mp': True, 'no_fuel': True}"
2025-09-13T22:06:06.632935,NO_MOVEMENT_POINTS,P_Pluton__2_Kompania_Grenadier_w_20250913214010,"24,-7",0,0,"27,6",16,False,False,N/A,N/A,N/A,{'no_mp': True}
2025-09-13T22:06:06.634101,NO_FUEL,P_Pluton__2_Kompania_Grenadier_w_20250913214010,"24,-7",0,0,"27,6",16,False,False,N/A,N/A,N/A,"{'no_mp': True, 'no_fuel': True}"
2025-09-13T22:06:06.635220,INSUFFICIENT_SUPPORT,Z_Batalion__2_Kompania_Zaopatrzeniowa,"24,-7",N/A,N/A,N/A,N/A,N/A,N/A,0,50,4,"{'enemies_list': [], 'units_found': 0, 'units_needed': 1, 'shortage': 1}"
2025-09-13T22:06:06.636165,NO_MOVEMENT_POINTS,P_Batalion__2_Batalion_Strzelc_w_20250913214005,"15,-7",0,0,"25,-9",10,False,False,N/A,N/A,N/A,{'no_mp': True}
2025-09-13T22:06:06.637097,NO_FUEL,P_Batalion__2_Batalion_Strzelc_w_20250913214005,"15,-7",0,0,"25,-9",10,False,False,N/A,N/A,N/A,"{'no_mp': True, 'no_fuel': True}"
2025-09-13T22:06:06.638522,NO_MOVEMENT_POINTS,P_Pluton__2_Kompania_Grenadier_w,"15,-7",0,0,"26,6",24,False,False,N/A,N/A,N/A,{'no_mp': True}
2025-09-13T22:06:06.638522,NO_FUEL,P_Pluton__2_Kompania_Grenadier_w,"15,-7",0,0,"26,6",24,False,False,N/A,N/A,N/A,"{'no_mp': True, 'no_fuel': True}"
2025-09-13T22:06:06.641907,NO_MOVEMENT_POINTS,Z_Pluton__2_Batalion_Wsparcia,"15,-7",0,0,"28,5",25,False,False,N/A,N/A,N/A,{'no_mp': True}
2025-09-13T22:06:06.644802,NO_FUEL,Z_Pluton__2_Batalion_Wsparcia,"15,-7",0,0,"28,5",25,False,False,N/A,N/A,N/A,"{'no_mp': True, 'no_fuel': True}"
2025-09-13T22:06:06.646004,NO_MOVEMENT_POINTS,P_Pluton__2_Kompania_Grenadier_w_20250913214010,"15,-7",0,0,"27,6",25,False,False,N/A,N/A,N/A,{'no_mp': True}
2025-09-13T22:06:06.646004,NO_FUEL,P_Pluton__2_Kompania_Grenadier_w_20250913214010,"15,-7",0,0,"27,6",25,False,False,N/A,N/A,N/A,"{'no_mp': True, 'no_fuel': True}"
2025-09-13T22:06:06.647310,INSUFFICIENT_SUPPORT,D_Pluton__2_Dow_dztwo_Einheit,"15,-7",N/A,N/A,N/A,N/A,N/A,N/A,0,100,4,"{'enemies_list': [], 'units_found': 0, 'units_needed': 2, 'shortage': 2}"
2025-09-13T22:06:06.910169,NO_MOVEMENT_POINTS,P_Pluton__5_Infanterie_Regiment,"45,-15",0,0,"36,-15",9,False,False,N/A,N/A,N/A,{'no_mp': True}
2025-09-13T22:06:06.910169,NO_FUEL,P_Pluton__5_Infanterie_Regiment,"45,-15",0,0,"36,-15",9,False,False,N/A,N/A,N/A,"{'no_mp': True, 'no_fuel': True}"
2025-09-13T22:06:06.915095,NO_MOVEMENT_POINTS,P_Kompania__5_Infanterie_Regiment,"45,-15",0,0,"36,-14",9,False,False,N/A,N/A,N/A,{'no_mp': True}
2025-09-13T22:06:06.915095,NO_FUEL,P_Kompania__5_Infanterie_Regiment,"45,-15",0,0,"36,-14",9,False,False,N/A,N/A,N/A,"{'no_mp': True, 'no_fuel': True}"
2025-09-13T22:06:06.915095,NO_MOVEMENT_POINTS,P_Pluton__5_Sch_tzen_Kompanie,"45,-15",0,0,"37,-15",8,False,False,N/A,N/A,N/A,{'no_mp': True}
2025-09-13T22:06:06.918225,NO_FUEL,P_Pluton__5_Sch_tzen_Kompanie,"45,-15",0,0,"37,-15",8,False,False,N/A,N/A,N/A,"{'no_mp': True, 'no_fuel': True}"
2025-09-13T22:06:06.919223,NO_MOVEMENT_POINTS,AC_Kompania__5_schwere_Artillerie,"45,-15",0,0,"36,-16",10,False,False,N/A,N/A,N/A,{'no_mp': True}
2025-09-13T22:06:06.920323,NO_FUEL,AC_Kompania__5_schwere_Artillerie,"45,-15",0,0,"36,-16",10,False,False,N/A,N/A,N/A,"{'no_mp': True, 'no_fuel': True}"
2025-09-13T22:06:06.920323,NO_MOVEMENT_POINTS,AL_Batalion__5_Artillerie_Abteilung,"45,-15",0,0,"37,-17",10,False,False,N/A,N/A,N/A,{'no_mp': True}
2025-09-13T22:06:06.921634,NO_FUEL,AL_Batalion__5_Artillerie_Abteilung,"45,-15",0,0,"37,-17",10,False,False,N/A,N/A,N/A,"{'no_mp': True, 'no_fuel': True}"
2025-09-13T22:06:06.924893,INSUFFICIENT_SUPPORT,Z_Kompania__5_Unterst_tzungs_Bataillon,"45,-15",N/A,N/A,N/A,N/A,N/A,N/A,0,100,5,"{'enemies_list': [], 'units_found': 0, 'units_needed': 2, 'shortage': 2}"
2025-09-13T22:06:06.927545,NO_MOVEMENT_POINTS,P_Pluton__5_Infanterie_Regiment,"43,-15",0,0,"36,-15",7,False,False,N/A,N/A,N/A,{'no_mp': True}
2025-09-13T22:06:06.929317,NO_FUEL,P_Pluton__5_Infanterie_Regiment,"43,-15",0,0,"36,-15",7,False,False,N/A,N/A,N/A,"{'no_mp': True, 'no_fuel': True}"
2025-09-13T22:06:06.929317,NO_MOVEMENT_POINTS,P_Kompania__5_Infanterie_Regiment,"43,-15",0,0,"36,-14",7,False,False,N/A,N/A,N/A,{'no_mp': True}
2025-09-13T22:06:06.930505,NO_FUEL,P_Kompania__5_Infanterie_Regiment,"43,-15",0,0,"36,-14",7,False,False,N/A,N/A,N/A,"{'no_mp': True, 'no_fuel': True}"
2025-09-13T22:06:06.931789,NO_MOVEMENT_POINTS,P_Pluton__5_Sch_tzen_Kompanie,"43,-15",0,0,"37,-15",6,False,False,N/A,N/A,N/A,{'no_mp': True}
2025-09-13T22:06:06.931789,NO_FUEL,P_Pluton__5_Sch_tzen_Kompanie,"43,-15",0,0,"37,-15",6,False,False,N/A,N/A,N/A,"{'no_mp': True, 'no_fuel': True}"
2025-09-13T22:06:06.932989,NO_MOVEMENT_POINTS,AC_Kompania__5_schwere_Artillerie,"43,-15",0,0,"36,-16",8,False,False,N/A,N/A,N/A,{'no_mp': True}
2025-09-13T22:06:06.934106,NO_FUEL,AC_Kompania__5_schwere_Artillerie,"43,-15",0,0,"36,-16",8,False,False,N/A,N/A,N/A,"{'no_mp': True, 'no_fuel': True}"
2025-09-13T22:06:06.934837,NO_MOVEMENT_POINTS,AL_Batalion__5_Artillerie_Abteilung,"43,-15",0,0,"37,-17",8,False,False,N/A,N/A,N/A,{'no_mp': True}
2025-09-13T22:06:06.935475,NO_FUEL,AL_Batalion__5_Artillerie_Abteilung,"43,-15",0,0,"37,-17",8,False,False,N/A,N/A,N/A,"{'no_mp': True, 'no_fuel': True}"
2025-09-13T22:06:06.936896,INSUFFICIENT_SUPPORT,Z_Pluton__5_Unterst_tzungs_Bataillon,"43,-15",N/A,N/A,N/A,N/A,N/A,N/A,0,150,5,"{'enemies_list': [], 'units_found': 0, 'units_needed': 2, 'shortage': 2}"
2025-09-13T22:06:06.937899,NO_MOVEMENT_POINTS,P_Pluton__5_Infanterie_Regiment,"52,-13",0,0,"36,-15",18,False,False,N/A,N/A,N/A,{'no_mp': True}
2025-09-13T22:06:06.938979,NO_FUEL,P_Pluton__5_Infanterie_Regiment,"52,-13",0,0,"36,-15",18,False,False,N/A,N/A,N/A,"{'no_mp': True, 'no_fuel': True}"
2025-09-13T22:06:06.938979,NO_MOVEMENT_POINTS,P_Kompania__5_Infanterie_Regiment,"52,-13",0,0,"36,-14",17,False,False,N/A,N/A,N/A,{'no_mp': True}
2025-09-13T22:06:06.942175,NO_FUEL,P_Kompania__5_Infanterie_Regiment,"52,-13",0,0,"36,-14",17,False,False,N/A,N/A,N/A,"{'no_mp': True, 'no_fuel': True}"
2025-09-13T22:06:06.944966,NO_MOVEMENT_POINTS,P_Pluton__5_Sch_tzen_Kompanie,"52,-13",0,0,"37,-15",17,False,False,N/A,N/A,N/A,{'no_mp': True}
2025-09-13T22:06:06.945964,NO_FUEL,P_Pluton__5_Sch_tzen_Kompanie,"52,-13",0,0,"37,-15",17,False,False,N/A,N/A,N/A,"{'no_mp': True, 'no_fuel': True}"
2025-09-13T22:06:06.947168,NO_MOVEMENT_POINTS,AC_Kompania__5_schwere_Artillerie,"52,-13",0,0,"36,-16",19,False,False,N/A,N/A,N/A,{'no_mp': True}
2025-09-13T22:06:06.947168,NO_FUEL,AC_Kompania__5_schwere_Artillerie,"52,-13",0,0,"36,-16",19,False,False,N/A,N/A,N/A,"{'no_mp': True, 'no_fuel': True}"
2025-09-13T22:06:06.948390,NO_MOVEMENT_POINTS,AL_Batalion__5_Artillerie_Abteilung,"52,-13",0,0,"37,-17",19,False,False,N/A,N/A,N/A,{'no_mp': True}
2025-09-13T22:06:06.949498,NO_FUEL,AL_Batalion__5_Artillerie_Abteilung,"52,-13",0,0,"37,-17",19,False,False,N/A,N/A,N/A,"{'no_mp': True, 'no_fuel': True}"
2025-09-13T22:06:06.950069,INSUFFICIENT_SUPPORT,Z_Pluton__5_Unterst_tzungs_Bataillon_20250913214038,"52,-13",N/A,N/A,N/A,N/A,N/A,N/A,0,100,5,"{'enemies_list': [], 'units_found': 0, 'units_needed': 2, 'shortage': 2}"
2025-09-13T22:06:07.149364,NO_MOVEMENT_POINTS,P_Batalion__2_Batalion_Strzelc_w_20250913214005,"28,3",0,0,"25,-9",15,False,False,N/A,N/A,N/A,{'no_mp': True}
2025-09-13T22:06:07.149364,NO_FUEL,P_Batalion__2_Batalion_Strzelc_w_20250913214005,"28,3",0,0,"25,-9",15,False,False,N/A,N/A,N/A,"{'no_mp': True, 'no_fuel': True}"
2025-09-13T22:06:07.153264,NO_MOVEMENT_POINTS,P_Pluton__2_Kompania_Grenadier_w,"28,3",0,0,"26,6",3,False,False,N/A,N/A,N/A,{'no_mp': True}
2025-09-13T22:06:07.154261,NO_FUEL,P_Pluton__2_Kompania_Grenadier_w,"28,3",0,0,"26,6",3,False,False,N/A,N/A,N/A,"{'no_mp': True, 'no_fuel': True}"
2025-09-13T22:06:07.155306,NO_MOVEMENT_POINTS,Z_Pluton__2_Batalion_Wsparcia,"28,3",0,0,"28,5",2,False,False,N/A,N/A,N/A,{'no_mp': True}
2025-09-13T22:06:07.155306,NO_FUEL,Z_Pluton__2_Batalion_Wsparcia,"28,3",0,0,"28,5",2,False,False,N/A,N/A,N/A,"{'no_mp': True, 'no_fuel': True}"
2025-09-13T22:06:07.159094,NO_MOVEMENT_POINTS,P_Pluton__2_Kompania_Grenadier_w_20250913214010,"28,3",0,0,"27,6",3,False,False,N/A,N/A,N/A,{'no_mp': True}
2025-09-13T22:06:07.161746,NO_FUEL,P_Pluton__2_Kompania_Grenadier_w_20250913214010,"28,3",0,0,"27,6",3,False,False,N/A,N/A,N/A,"{'no_mp': True, 'no_fuel': True}"
2025-09-13T22:06:07.162749,INSUFFICIENT_SUPPORT,P_Kompania__2_Pu_k_Piechoty,"28,3",N/A,N/A,N/A,N/A,N/A,N/A,0,75,4,"{'enemies_list': [], 'units_found': 0, 'units_needed': 1, 'shortage': 1}"
2025-09-13T22:06:07.163992,NO_MOVEMENT_POINTS,P_Batalion__2_Batalion_Strzelc_w_20250913214005,"27,4",0,0,"25,-9",15,False,False,N/A,N/A,N/A,{'no_mp': True}
2025-09-13T22:06:07.165160,NO_FUEL,P_Batalion__2_Batalion_Strzelc_w_20250913214005,"27,4",0,0,"25,-9",15,False,False,N/A,N/A,N/A,"{'no_mp': True, 'no_fuel': True}"
2025-09-13T22:06:07.165694,NO_MOVEMENT_POINTS,P_Pluton__2_Kompania_Grenadier_w,"27,4",0,0,"26,6",2,False,False,N/A,N/A,N/A,{'no_mp': True}
2025-09-13T22:06:07.166705,NO_FUEL,P_Pluton__2_Kompania_Grenadier_w,"27,4",0,0,"26,6",2,False,False,N/A,N/A,N/A,"{'no_mp': True, 'no_fuel': True}"
2025-09-13T22:06:07.166705,NO_MOVEMENT_POINTS,Z_Pluton__2_Batalion_Wsparcia,"27,4",0,0,"28,5",2,False,False,N/A,N/A,N/A,{'no_mp': True}
2025-09-13T22:06:07.166705,NO_FUEL,Z_Pluton__2_Batalion_Wsparcia,"27,4",0,0,"28,5",2,False,False,N/A,N/A,N/A,"{'no_mp': True, 'no_fuel': True}"
2025-09-13T22:06:07.166705,NO_MOVEMENT_POINTS,P_Pluton__2_Kompania_Grenadier_w_20250913214010,"27,4",0,0,"27,6",2,False,False,N/A,N/A,N/A,{'no_mp': True}
2025-09-13T22:06:07.166705,NO_FUEL,P_Pluton__2_Kompania_Grenadier_w_20250913214010,"27,4",0,0,"27,6",2,False,False,N/A,N/A,N/A,"{'no_mp': True, 'no_fuel': True}"
2025-09-13T22:06:07.171843,INSUFFICIENT_SUPPORT,Z_Pluton__2_Oddzia_Rozpoznawczy,"27,4",N/A,N/A,N/A,N/A,N/A,N/A,0,75,4,"{'enemies_list': [], 'units_found': 0, 'units_needed': 1, 'shortage': 1}"
2025-09-13T22:06:07.172876,NO_MOVEMENT_POINTS,P_Batalion__2_Batalion_Strzelc_w_20250913214005,"24,-7",0,0,"25,-9",2,False,False,N/A,N/A,N/A,{'no_mp': True}
2025-09-13T22:06:07.177021,NO_FUEL,P_Batalion__2_Batalion_Strzelc_w_20250913214005,"24,-7",0,0,"25,-9",2,False,False,N/A,N/A,N/A,"{'no_mp': True, 'no_fuel': True}"
2025-09-13T22:06:07.178039,NO_MOVEMENT_POINTS,P_Pluton__2_Kompania_Grenadier_w,"24,-7",0,0,"26,6",15,False,False,N/A,N/A,N/A,{'no_mp': True}
2025-09-13T22:06:07.179470,NO_FUEL,P_Pluton__2_Kompania_Grenadier_w,"24,-7",0,0,"26,6",15,False,False,N/A,N/A,N/A,"{'no_mp': True, 'no_fuel': True}"
2025-09-13T22:06:07.180496,NO_MOVEMENT_POINTS,Z_Pluton__2_Batalion_Wsparcia,"24,-7",0,0,"28,5",16,False,False,N/A,N/A,N/A,{'no_mp': True}
2025-09-13T22:06:07.180496,NO_FUEL,Z_Pluton__2_Batalion_Wsparcia,"24,-7",0,0,"28,5",16,False,False,N/A,N/A,N/A,"{'no_mp': True, 'no_fuel': True}"
2025-09-13T22:06:07.181737,NO_MOVEMENT_POINTS,P_Pluton__2_Kompania_Grenadier_w_20250913214010,"24,-7",0,0,"27,6",16,False,False,N/A,N/A,N/A,{'no_mp': True}
2025-09-13T22:06:07.182870,NO_FUEL,P_Pluton__2_Kompania_Grenadier_w_20250913214010,"24,-7",0,0,"27,6",16,False,False,N/A,N/A,N/A,"{'no_mp': True, 'no_fuel': True}"
2025-09-13T22:06:07.183885,INSUFFICIENT_SUPPORT,Z_Batalion__2_Kompania_Zaopatrzeniowa,"24,-7",N/A,N/A,N/A,N/A,N/A,N/A,0,50,4,"{'enemies_list': [], 'units_found': 0, 'units_needed': 1, 'shortage': 1}"
2025-09-13T22:06:07.184950,NO_MOVEMENT_POINTS,P_Batalion__2_Batalion_Strzelc_w_20250913214005,"15,-7",0,0,"25,-9",10,False,False,N/A,N/A,N/A,{'no_mp': True}
2025-09-13T22:06:07.186189,NO_FUEL,P_Batalion__2_Batalion_Strzelc_w_20250913214005,"15,-7",0,0,"25,-9",10,False,False,N/A,N/A,N/A,"{'no_mp': True, 'no_fuel': True}"
2025-09-13T22:06:07.187246,NO_MOVEMENT_POINTS,P_Pluton__2_Kompania_Grenadier_w,"15,-7",0,0,"26,6",24,False,False,N/A,N/A,N/A,{'no_mp': True}
2025-09-13T22:06:07.187246,NO_FUEL,P_Pluton__2_Kompania_Grenadier_w,"15,-7",0,0,"26,6",24,False,False,N/A,N/A,N/A,"{'no_mp': True, 'no_fuel': True}"
2025-09-13T22:06:07.188444,NO_MOVEMENT_POINTS,Z_Pluton__2_Batalion_Wsparcia,"15,-7",0,0,"28,5",25,False,False,N/A,N/A,N/A,{'no_mp': True}
2025-09-13T22:06:07.190826,NO_FUEL,Z_Pluton__2_Batalion_Wsparcia,"15,-7",0,0,"28,5",25,False,False,N/A,N/A,N/A,"{'no_mp': True, 'no_fuel': True}"
2025-09-13T22:06:07.194048,NO_MOVEMENT_POINTS,P_Pluton__2_Kompania_Grenadier_w_20250913214010,"15,-7",0,0,"27,6",25,False,False,N/A,N/A,N/A,{'no_mp': True}
2025-09-13T22:06:07.195979,NO_FUEL,P_Pluton__2_Kompania_Grenadier_w_20250913214010,"15,-7",0,0,"27,6",25,False,False,N/A,N/A,N/A,"{'no_mp': True, 'no_fuel': True}"
2025-09-13T22:06:07.196988,INSUFFICIENT_SUPPORT,D_Pluton__2_Dow_dztwo_Einheit,"15,-7",N/A,N/A,N/A,N/A,N/A,N/A,0,100,4,"{'enemies_list': [], 'units_found': 0, 'units_needed': 2, 'shortage': 2}"
2025-09-13T22:06:07.370416,NO_MOVEMENT_POINTS,P_Pluton__5_Infanterie_Regiment,"45,-15",0,0,"36,-15",9,False,False,N/A,N/A,N/A,{'no_mp': True}
2025-09-13T22:06:07.371419,NO_FUEL,P_Pluton__5_Infanterie_Regiment,"45,-15",0,0,"36,-15",9,False,False,N/A,N/A,N/A,"{'no_mp': True, 'no_fuel': True}"
2025-09-13T22:06:07.372744,NO_MOVEMENT_POINTS,P_Kompania__5_Infanterie_Regiment,"45,-15",0,0,"36,-14",9,False,False,N/A,N/A,N/A,{'no_mp': True}
2025-09-13T22:06:07.373747,NO_FUEL,P_Kompania__5_Infanterie_Regiment,"45,-15",0,0,"36,-14",9,False,False,N/A,N/A,N/A,"{'no_mp': True, 'no_fuel': True}"
2025-09-13T22:06:07.376415,NO_MOVEMENT_POINTS,P_Pluton__5_Sch_tzen_Kompanie,"45,-15",0,0,"37,-15",8,False,False,N/A,N/A,N/A,{'no_mp': True}
2025-09-13T22:06:07.378288,NO_FUEL,P_Pluton__5_Sch_tzen_Kompanie,"45,-15",0,0,"37,-15",8,False,False,N/A,N/A,N/A,"{'no_mp': True, 'no_fuel': True}"
2025-09-13T22:06:07.379644,NO_MOVEMENT_POINTS,AC_Kompania__5_schwere_Artillerie,"45,-15",0,0,"36,-16",10,False,False,N/A,N/A,N/A,{'no_mp': True}
2025-09-13T22:06:07.380952,NO_FUEL,AC_Kompania__5_schwere_Artillerie,"45,-15",0,0,"36,-16",10,False,False,N/A,N/A,N/A,"{'no_mp': True, 'no_fuel': True}"
2025-09-13T22:06:07.380952,NO_MOVEMENT_POINTS,AL_Batalion__5_Artillerie_Abteilung,"45,-15",0,0,"37,-17",10,False,False,N/A,N/A,N/A,{'no_mp': True}
2025-09-13T22:06:07.382173,NO_FUEL,AL_Batalion__5_Artillerie_Abteilung,"45,-15",0,0,"37,-17",10,False,False,N/A,N/A,N/A,"{'no_mp': True, 'no_fuel': True}"
2025-09-13T22:06:07.383350,INSUFFICIENT_SUPPORT,Z_Kompania__5_Unterst_tzungs_Bataillon,"45,-15",N/A,N/A,N/A,N/A,N/A,N/A,0,100,5,"{'enemies_list': [], 'units_found': 0, 'units_needed': 2, 'shortage': 2}"
2025-09-13T22:06:07.383350,NO_MOVEMENT_POINTS,P_Pluton__5_Infanterie_Regiment,"43,-15",0,0,"36,-15",7,False,False,N/A,N/A,N/A,{'no_mp': True}
2025-09-13T22:06:07.385481,NO_FUEL,P_Pluton__5_Infanterie_Regiment,"43,-15",0,0,"36,-15",7,False,False,N/A,N/A,N/A,"{'no_mp': True, 'no_fuel': True}"
2025-09-13T22:06:07.386479,NO_MOVEMENT_POINTS,P_Kompania__5_Infanterie_Regiment,"43,-15",0,0,"36,-14",7,False,False,N/A,N/A,N/A,{'no_mp': True}
2025-09-13T22:06:07.387813,NO_FUEL,P_Kompania__5_Infanterie_Regiment,"43,-15",0,0,"36,-14",7,False,False,N/A,N/A,N/A,"{'no_mp': True, 'no_fuel': True}"
2025-09-13T22:06:07.387813,NO_MOVEMENT_POINTS,P_Pluton__5_Sch_tzen_Kompanie,"43,-15",0,0,"37,-15",6,False,False,N/A,N/A,N/A,{'no_mp': True}
2025-09-13T22:06:07.389019,NO_FUEL,P_Pluton__5_Sch_tzen_Kompanie,"43,-15",0,0,"37,-15",6,False,False,N/A,N/A,N/A,"{'no_mp': True, 'no_fuel': True}"
2025-09-13T22:06:07.392227,NO_MOVEMENT_POINTS,AC_Kompania__5_schwere_Artillerie,"43,-15",0,0,"36,-16",8,False,False,N/A,N/A,N/A,{'no_mp': True}
2025-09-13T22:06:07.394248,NO_FUEL,AC_Kompania__5_schwere_Artillerie,"43,-15",0,0,"36,-16",8,False,False,N/A,N/A,N/A,"{'no_mp': True, 'no_fuel': True}"
2025-09-13T22:06:07.395831,NO_MOVEMENT_POINTS,AL_Batalion__5_Artillerie_Abteilung,"43,-15",0,0,"37,-17",8,False,False,N/A,N/A,N/A,{'no_mp': True}
2025-09-13T22:06:07.395831,NO_FUEL,AL_Batalion__5_Artillerie_Abteilung,"43,-15",0,0,"37,-17",8,False,False,N/A,N/A,N/A,"{'no_mp': True, 'no_fuel': True}"
2025-09-13T22:06:07.397106,INSUFFICIENT_SUPPORT,Z_Pluton__5_Unterst_tzungs_Bataillon,"43,-15",N/A,N/A,N/A,N/A,N/A,N/A,0,150,5,"{'enemies_list': [], 'units_found': 0, 'units_needed': 2, 'shortage': 2}"
2025-09-13T22:06:07.398306,NO_MOVEMENT_POINTS,P_Pluton__5_Infanterie_Regiment,"52,-13",0,0,"36,-15",18,False,False,N/A,N/A,N/A,{'no_mp': True}
2025-09-13T22:06:07.399309,NO_FUEL,P_Pluton__5_Infanterie_Regiment,"52,-13",0,0,"36,-15",18,False,False,N/A,N/A,N/A,"{'no_mp': True, 'no_fuel': True}"
2025-09-13T22:06:07.400083,NO_MOVEMENT_POINTS,P_Kompania__5_Infanterie_Regiment,"52,-13",0,0,"36,-14",17,False,False,N/A,N/A,N/A,{'no_mp': True}
2025-09-13T22:06:07.401318,NO_FUEL,P_Kompania__5_Infanterie_Regiment,"52,-13",0,0,"36,-14",17,False,False,N/A,N/A,N/A,"{'no_mp': True, 'no_fuel': True}"
2025-09-13T22:06:07.402471,NO_MOVEMENT_POINTS,P_Pluton__5_Sch_tzen_Kompanie,"52,-13",0,0,"37,-15",17,False,False,N/A,N/A,N/A,{'no_mp': True}
2025-09-13T22:06:07.402471,NO_FUEL,P_Pluton__5_Sch_tzen_Kompanie,"52,-13",0,0,"37,-15",17,False,False,N/A,N/A,N/A,"{'no_mp': True, 'no_fuel': True}"
2025-09-13T22:06:07.403614,NO_MOVEMENT_POINTS,AC_Kompania__5_schwere_Artillerie,"52,-13",0,0,"36,-16",19,False,False,N/A,N/A,N/A,{'no_mp': True}
2025-09-13T22:06:07.404619,NO_FUEL,AC_Kompania__5_schwere_Artillerie,"52,-13",0,0,"36,-16",19,False,False,N/A,N/A,N/A,"{'no_mp': True, 'no_fuel': True}"
2025-09-13T22:06:07.405610,NO_MOVEMENT_POINTS,AL_Batalion__5_Artillerie_Abteilung,"52,-13",0,0,"37,-17",19,False,False,N/A,N/A,N/A,{'no_mp': True}
2025-09-13T22:06:07.407145,NO_FUEL,AL_Batalion__5_Artillerie_Abteilung,"52,-13",0,0,"37,-17",19,False,False,N/A,N/A,N/A,"{'no_mp': True, 'no_fuel': True}"
2025-09-13T22:06:07.411552,INSUFFICIENT_SUPPORT,Z_Pluton__5_Unterst_tzungs_Bataillon_20250913214038,"52,-13",N/A,N/A,N/A,N/A,N/A,N/A,0,100,5,"{'enemies_list': [], 'units_found': 0, 'units_needed': 2, 'shortage': 2}"
2025-09-13T22:06:07.611378,NO_MOVEMENT_POINTS,P_Batalion__2_Batalion_Strzelc_w_20250913214005,"28,3",0,0,"25,-9",15,False,False,N/A,N/A,N/A,{'no_mp': True}
2025-09-13T22:06:07.612774,NO_FUEL,P_Batalion__2_Batalion_Strzelc_w_20250913214005,"28,3",0,0,"25,-9",15,False,False,N/A,N/A,N/A,"{'no_mp': True, 'no_fuel': True}"
2025-09-13T22:06:07.612774,NO_MOVEMENT_POINTS,P_Pluton__2_Kompania_Grenadier_w,"28,3",0,0,"26,6",3,False,False,N/A,N/A,N/A,{'no_mp': True}
2025-09-13T22:06:07.613822,NO_FUEL,P_Pluton__2_Kompania_Grenadier_w,"28,3",0,0,"26,6",3,False,False,N/A,N/A,N/A,"{'no_mp': True, 'no_fuel': True}"
2025-09-13T22:06:07.614847,NO_MOVEMENT_POINTS,Z_Pluton__2_Batalion_Wsparcia,"28,3",0,0,"28,5",2,False,False,N/A,N/A,N/A,{'no_mp': True}
2025-09-13T22:06:07.616306,NO_FUEL,Z_Pluton__2_Batalion_Wsparcia,"28,3",0,0,"28,5",2,False,False,N/A,N/A,N/A,"{'no_mp': True, 'no_fuel': True}"
2025-09-13T22:06:07.616306,NO_MOVEMENT_POINTS,P_Pluton__2_Kompania_Grenadier_w_20250913214010,"28,3",0,0,"27,6",3,False,False,N/A,N/A,N/A,{'no_mp': True}
2025-09-13T22:06:07.616306,NO_FUEL,P_Pluton__2_Kompania_Grenadier_w_20250913214010,"28,3",0,0,"27,6",3,False,False,N/A,N/A,N/A,"{'no_mp': True, 'no_fuel': True}"
2025-09-13T22:06:07.616306,INSUFFICIENT_SUPPORT,P_Kompania__2_Pu_k_Piechoty,"28,3",N/A,N/A,N/A,N/A,N/A,N/A,0,75,4,"{'enemies_list': [], 'units_found': 0, 'units_needed': 1, 'shortage': 1}"
2025-09-13T22:06:07.616306,NO_MOVEMENT_POINTS,P_Batalion__2_Batalion_Strzelc_w_20250913214005,"27,4",0,0,"25,-9",15,False,False,N/A,N/A,N/A,{'no_mp': True}
2025-09-13T22:06:07.616306,NO_FUEL,P_Batalion__2_Batalion_Strzelc_w_20250913214005,"27,4",0,0,"25,-9",15,False,False,N/A,N/A,N/A,"{'no_mp': True, 'no_fuel': True}"
2025-09-13T22:06:07.616306,NO_MOVEMENT_POINTS,P_Pluton__2_Kompania_Grenadier_w,"27,4",0,0,"26,6",2,False,False,N/A,N/A,N/A,{'no_mp': True}
2025-09-13T22:06:07.623102,NO_FUEL,P_Pluton__2_Kompania_Grenadier_w,"27,4",0,0,"26,6",2,False,False,N/A,N/A,N/A,"{'no_mp': True, 'no_fuel': True}"
2025-09-13T22:06:07.624649,NO_MOVEMENT_POINTS,Z_Pluton__2_Batalion_Wsparcia,"27,4",0,0,"28,5",2,False,False,N/A,N/A,N/A,{'no_mp': True}
2025-09-13T22:06:07.624649,NO_FUEL,Z_Pluton__2_Batalion_Wsparcia,"27,4",0,0,"28,5",2,False,False,N/A,N/A,N/A,"{'no_mp': True, 'no_fuel': True}"
2025-09-13T22:06:07.629585,NO_MOVEMENT_POINTS,P_Pluton__2_Kompania_Grenadier_w_20250913214010,"27,4",0,0,"27,6",2,False,False,N/A,N/A,N/A,{'no_mp': True}
2025-09-13T22:06:07.629585,NO_FUEL,P_Pluton__2_Kompania_Grenadier_w_20250913214010,"27,4",0,0,"27,6",2,False,False,N/A,N/A,N/A,"{'no_mp': True, 'no_fuel': True}"
2025-09-13T22:06:07.630596,INSUFFICIENT_SUPPORT,Z_Pluton__2_Oddzia_Rozpoznawczy,"27,4",N/A,N/A,N/A,N/A,N/A,N/A,0,75,4,"{'enemies_list': [], 'units_found': 0, 'units_needed': 1, 'shortage': 1}"
2025-09-13T22:06:07.631620,NO_MOVEMENT_POINTS,P_Batalion__2_Batalion_Strzelc_w_20250913214005,"24,-7",0,0,"25,-9",2,False,False,N/A,N/A,N/A,{'no_mp': True}
2025-09-13T22:06:07.632623,NO_FUEL,P_Batalion__2_Batalion_Strzelc_w_20250913214005,"24,-7",0,0,"25,-9",2,False,False,N/A,N/A,N/A,"{'no_mp': True, 'no_fuel': True}"
2025-09-13T22:06:07.633681,NO_MOVEMENT_POINTS,P_Pluton__2_Kompania_Grenadier_w,"24,-7",0,0,"26,6",15,False,False,N/A,N/A,N/A,{'no_mp': True}
2025-09-13T22:06:07.634820,NO_FUEL,P_Pluton__2_Kompania_Grenadier_w,"24,-7",0,0,"26,6",15,False,False,N/A,N/A,N/A,"{'no_mp': True, 'no_fuel': True}"
2025-09-13T22:06:07.635987,NO_MOVEMENT_POINTS,Z_Pluton__2_Batalion_Wsparcia,"24,-7",0,0,"28,5",16,False,False,N/A,N/A,N/A,{'no_mp': True}
2025-09-13T22:06:07.637011,NO_FUEL,Z_Pluton__2_Batalion_Wsparcia,"24,-7",0,0,"28,5",16,False,False,N/A,N/A,N/A,"{'no_mp': True, 'no_fuel': True}"
2025-09-13T22:06:07.637011,NO_MOVEMENT_POINTS,P_Pluton__2_Kompania_Grenadier_w_20250913214010,"24,-7",0,0,"27,6",16,False,False,N/A,N/A,N/A,{'no_mp': True}
2025-09-13T22:06:07.638017,NO_FUEL,P_Pluton__2_Kompania_Grenadier_w_20250913214010,"24,-7",0,0,"27,6",16,False,False,N/A,N/A,N/A,"{'no_mp': True, 'no_fuel': True}"
2025-09-13T22:06:07.639262,INSUFFICIENT_SUPPORT,Z_Batalion__2_Kompania_Zaopatrzeniowa,"24,-7",N/A,N/A,N/A,N/A,N/A,N/A,0,50,4,"{'enemies_list': [], 'units_found': 0, 'units_needed': 1, 'shortage': 1}"
2025-09-13T22:06:07.639262,NO_MOVEMENT_POINTS,P_Batalion__2_Batalion_Strzelc_w_20250913214005,"15,-7",0,0,"25,-9",10,False,False,N/A,N/A,N/A,{'no_mp': True}
2025-09-13T22:06:07.645248,NO_FUEL,P_Batalion__2_Batalion_Strzelc_w_20250913214005,"15,-7",0,0,"25,-9",10,False,False,N/A,N/A,N/A,"{'no_mp': True, 'no_fuel': True}"
2025-09-13T22:06:07.645248,NO_MOVEMENT_POINTS,P_Pluton__2_Kompania_Grenadier_w,"15,-7",0,0,"26,6",24,False,False,N/A,N/A,N/A,{'no_mp': True}
2025-09-13T22:06:07.646562,NO_FUEL,P_Pluton__2_Kompania_Grenadier_w,"15,-7",0,0,"26,6",24,False,False,N/A,N/A,N/A,"{'no_mp': True, 'no_fuel': True}"
2025-09-13T22:06:07.647832,NO_MOVEMENT_POINTS,Z_Pluton__2_Batalion_Wsparcia,"15,-7",0,0,"28,5",25,False,False,N/A,N/A,N/A,{'no_mp': True}
2025-09-13T22:06:07.647832,NO_FUEL,Z_Pluton__2_Batalion_Wsparcia,"15,-7",0,0,"28,5",25,False,False,N/A,N/A,N/A,"{'no_mp': True, 'no_fuel': True}"
2025-09-13T22:06:07.649144,NO_MOVEMENT_POINTS,P_Pluton__2_Kompania_Grenadier_w_20250913214010,"15,-7",0,0,"27,6",25,False,False,N/A,N/A,N/A,{'no_mp': True}
2025-09-13T22:06:07.649144,NO_FUEL,P_Pluton__2_Kompania_Grenadier_w_20250913214010,"15,-7",0,0,"27,6",25,False,False,N/A,N/A,N/A,"{'no_mp': True, 'no_fuel': True}"
2025-09-13T22:06:07.649144,INSUFFICIENT_SUPPORT,D_Pluton__2_Dow_dztwo_Einheit,"15,-7",N/A,N/A,N/A,N/A,N/A,N/A,0,100,4,"{'enemies_list': [], 'units_found': 0, 'units_needed': 2, 'shortage': 2}"
2025-09-13T22:06:07.812187,NO_MOVEMENT_POINTS,P_Pluton__5_Infanterie_Regiment,"45,-15",0,0,"36,-15",9,False,False,N/A,N/A,N/A,{'no_mp': True}
2025-09-13T22:06:07.813311,NO_FUEL,P_Pluton__5_Infanterie_Regiment,"45,-15",0,0,"36,-15",9,False,False,N/A,N/A,N/A,"{'no_mp': True, 'no_fuel': True}"
2025-09-13T22:06:07.813311,NO_MOVEMENT_POINTS,P_Kompania__5_Infanterie_Regiment,"45,-15",0,0,"36,-14",9,False,False,N/A,N/A,N/A,{'no_mp': True}
2025-09-13T22:06:07.814556,NO_FUEL,P_Kompania__5_Infanterie_Regiment,"45,-15",0,0,"36,-14",9,False,False,N/A,N/A,N/A,"{'no_mp': True, 'no_fuel': True}"
2025-09-13T22:06:07.815764,NO_MOVEMENT_POINTS,P_Pluton__5_Sch_tzen_Kompanie,"45,-15",0,0,"37,-15",8,False,False,N/A,N/A,N/A,{'no_mp': True}
2025-09-13T22:06:07.816775,NO_FUEL,P_Pluton__5_Sch_tzen_Kompanie,"45,-15",0,0,"37,-15",8,False,False,N/A,N/A,N/A,"{'no_mp': True, 'no_fuel': True}"
2025-09-13T22:06:07.816775,NO_MOVEMENT_POINTS,AC_Kompania__5_schwere_Artillerie,"45,-15",0,0,"36,-16",10,False,False,N/A,N/A,N/A,{'no_mp': True}
2025-09-13T22:06:07.818079,NO_FUEL,AC_Kompania__5_schwere_Artillerie,"45,-15",0,0,"36,-16",10,False,False,N/A,N/A,N/A,"{'no_mp': True, 'no_fuel': True}"
2025-09-13T22:06:07.819441,NO_MOVEMENT_POINTS,AL_Batalion__5_Artillerie_Abteilung,"45,-15",0,0,"37,-17",10,False,False,N/A,N/A,N/A,{'no_mp': True}
2025-09-13T22:06:07.819441,NO_FUEL,AL_Batalion__5_Artillerie_Abteilung,"45,-15",0,0,"37,-17",10,False,False,N/A,N/A,N/A,"{'no_mp': True, 'no_fuel': True}"
2025-09-13T22:06:07.820453,INSUFFICIENT_SUPPORT,Z_Kompania__5_Unterst_tzungs_Bataillon,"45,-15",N/A,N/A,N/A,N/A,N/A,N/A,0,100,5,"{'enemies_list': [], 'units_found': 0, 'units_needed': 2, 'shortage': 2}"
2025-09-13T22:06:07.822924,NO_MOVEMENT_POINTS,P_Pluton__5_Infanterie_Regiment,"43,-14",0,0,"36,-15",8,False,False,N/A,N/A,N/A,{'no_mp': True}
2025-09-13T22:06:07.825946,NO_FUEL,P_Pluton__5_Infanterie_Regiment,"43,-14",0,0,"36,-15",8,False,False,N/A,N/A,N/A,"{'no_mp': True, 'no_fuel': True}"
2025-09-13T22:06:07.827917,NO_MOVEMENT_POINTS,P_Kompania__5_Infanterie_Regiment,"43,-14",0,0,"36,-14",7,False,False,N/A,N/A,N/A,{'no_mp': True}
2025-09-13T22:06:07.829256,NO_FUEL,P_Kompania__5_Infanterie_Regiment,"43,-14",0,0,"36,-14",7,False,False,N/A,N/A,N/A,"{'no_mp': True, 'no_fuel': True}"
2025-09-13T22:06:07.830371,NO_MOVEMENT_POINTS,P_Pluton__5_Sch_tzen_Kompanie,"43,-14",0,0,"37,-15",7,False,False,N/A,N/A,N/A,{'no_mp': True}
2025-09-13T22:06:07.830371,NO_FUEL,P_Pluton__5_Sch_tzen_Kompanie,"43,-14",0,0,"37,-15",7,False,False,N/A,N/A,N/A,"{'no_mp': True, 'no_fuel': True}"
2025-09-13T22:06:07.831723,NO_MOVEMENT_POINTS,AC_Kompania__5_schwere_Artillerie,"43,-14",0,0,"36,-16",9,False,False,N/A,N/A,N/A,{'no_mp': True}
2025-09-13T22:06:07.832917,NO_FUEL,AC_Kompania__5_schwere_Artillerie,"43,-14",0,0,"36,-16",9,False,False,N/A,N/A,N/A,"{'no_mp': True, 'no_fuel': True}"
2025-09-13T22:06:07.832917,NO_MOVEMENT_POINTS,AL_Batalion__5_Artillerie_Abteilung,"43,-14",0,0,"37,-17",9,False,False,N/A,N/A,N/A,{'no_mp': True}
2025-09-13T22:06:07.835009,NO_FUEL,AL_Batalion__5_Artillerie_Abteilung,"43,-14",0,0,"37,-17",9,False,False,N/A,N/A,N/A,"{'no_mp': True, 'no_fuel': True}"
2025-09-13T22:06:07.836018,INSUFFICIENT_SUPPORT,Z_Pluton__5_Versorgungs_Kompanie,"43,-14",N/A,N/A,N/A,N/A,N/A,N/A,0,150,5,"{'enemies_list': [], 'units_found': 0, 'units_needed': 2, 'shortage': 2}"
2025-09-13T22:06:07.837022,NO_MOVEMENT_POINTS,P_Pluton__5_Infanterie_Regiment,"52,-13",0,0,"36,-15",18,False,False,N/A,N/A,N/A,{'no_mp': True}
2025-09-13T22:06:07.838171,NO_FUEL,P_Pluton__5_Infanterie_Regiment,"52,-13",0,0,"36,-15",18,False,False,N/A,N/A,N/A,"{'no_mp': True, 'no_fuel': True}"
2025-09-13T22:06:07.838171,NO_MOVEMENT_POINTS,P_Kompania__5_Infanterie_Regiment,"52,-13",0,0,"36,-14",17,False,False,N/A,N/A,N/A,{'no_mp': True}
2025-09-13T22:06:07.839184,NO_FUEL,P_Kompania__5_Infanterie_Regiment,"52,-13",0,0,"36,-14",17,False,False,N/A,N/A,N/A,"{'no_mp': True, 'no_fuel': True}"
2025-09-13T22:06:07.842406,NO_MOVEMENT_POINTS,P_Pluton__5_Sch_tzen_Kompanie,"52,-13",0,0,"37,-15",17,False,False,N/A,N/A,N/A,{'no_mp': True}
2025-09-13T22:06:07.844417,NO_FUEL,P_Pluton__5_Sch_tzen_Kompanie,"52,-13",0,0,"37,-15",17,False,False,N/A,N/A,N/A,"{'no_mp': True, 'no_fuel': True}"
2025-09-13T22:06:07.845737,NO_MOVEMENT_POINTS,AC_Kompania__5_schwere_Artillerie,"52,-13",0,0,"36,-16",19,False,False,N/A,N/A,N/A,{'no_mp': True}
2025-09-13T22:06:07.846740,NO_FUEL,AC_Kompania__5_schwere_Artillerie,"52,-13",0,0,"36,-16",19,False,False,N/A,N/A,N/A,"{'no_mp': True, 'no_fuel': True}"
2025-09-13T22:06:07.847744,NO_MOVEMENT_POINTS,AL_Batalion__5_Artillerie_Abteilung,"52,-13",0,0,"37,-17",19,False,False,N/A,N/A,N/A,{'no_mp': True}
2025-09-13T22:06:07.848812,NO_FUEL,AL_Batalion__5_Artillerie_Abteilung,"52,-13",0,0,"37,-17",19,False,False,N/A,N/A,N/A,"{'no_mp': True, 'no_fuel': True}"
2025-09-13T22:06:07.848812,INSUFFICIENT_SUPPORT,Z_Pluton__5_Unterst_tzungs_Bataillon_20250913214038,"52,-13",N/A,N/A,N/A,N/A,N/A,N/A,0,100,5,"{'enemies_list': [], 'units_found': 0, 'units_needed': 2, 'shortage': 2}"
2025-09-13T22:06:08.056878,NO_MOVEMENT_POINTS,P_Batalion__2_Batalion_Strzelc_w_20250913214005,"28,3",0,0,"25,-9",15,False,False,N/A,N/A,N/A,{'no_mp': True}
2025-09-13T22:06:08.060036,NO_FUEL,P_Batalion__2_Batalion_Strzelc_w_20250913214005,"28,3",0,0,"25,-9",15,False,False,N/A,N/A,N/A,"{'no_mp': True, 'no_fuel': True}"
2025-09-13T22:06:08.062987,NO_MOVEMENT_POINTS,P_Pluton__2_Kompania_Grenadier_w,"28,3",0,0,"26,6",3,False,False,N/A,N/A,N/A,{'no_mp': True}
2025-09-13T22:06:08.062987,NO_FUEL,P_Pluton__2_Kompania_Grenadier_w,"28,3",0,0,"26,6",3,False,False,N/A,N/A,N/A,"{'no_mp': True, 'no_fuel': True}"
2025-09-13T22:06:08.064166,NO_MOVEMENT_POINTS,Z_Pluton__2_Batalion_Wsparcia,"28,3",0,0,"28,5",2,False,False,N/A,N/A,N/A,{'no_mp': True}
2025-09-13T22:06:08.065223,NO_FUEL,Z_Pluton__2_Batalion_Wsparcia,"28,3",0,0,"28,5",2,False,False,N/A,N/A,N/A,"{'no_mp': True, 'no_fuel': True}"
2025-09-13T22:06:08.066373,NO_MOVEMENT_POINTS,P_Pluton__2_Kompania_Grenadier_w_20250913214010,"28,3",0,0,"27,6",3,False,False,N/A,N/A,N/A,{'no_mp': True}
2025-09-13T22:06:08.066373,NO_FUEL,P_Pluton__2_Kompania_Grenadier_w_20250913214010,"28,3",0,0,"27,6",3,False,False,N/A,N/A,N/A,"{'no_mp': True, 'no_fuel': True}"
2025-09-13T22:06:08.067725,INSUFFICIENT_SUPPORT,P_Kompania__2_Pu_k_Piechoty,"28,3",N/A,N/A,N/A,N/A,N/A,N/A,0,75,4,"{'enemies_list': [], 'units_found': 0, 'units_needed': 1, 'shortage': 1}"
2025-09-13T22:06:08.069639,NO_MOVEMENT_POINTS,P_Batalion__2_Batalion_Strzelc_w_20250913214005,"27,4",0,0,"25,-9",15,False,False,N/A,N/A,N/A,{'no_mp': True}
2025-09-13T22:06:08.069639,NO_FUEL,P_Batalion__2_Batalion_Strzelc_w_20250913214005,"27,4",0,0,"25,-9",15,False,False,N/A,N/A,N/A,"{'no_mp': True, 'no_fuel': True}"
2025-09-13T22:06:08.070648,NO_MOVEMENT_POINTS,P_Pluton__2_Kompania_Grenadier_w,"27,4",0,0,"26,6",2,False,False,N/A,N/A,N/A,{'no_mp': True}
2025-09-13T22:06:08.071735,NO_FUEL,P_Pluton__2_Kompania_Grenadier_w,"27,4",0,0,"26,6",2,False,False,N/A,N/A,N/A,"{'no_mp': True, 'no_fuel': True}"
2025-09-13T22:06:08.072903,NO_MOVEMENT_POINTS,Z_Pluton__2_Batalion_Wsparcia,"27,4",0,0,"28,5",2,False,False,N/A,N/A,N/A,{'no_mp': True}
2025-09-13T22:06:08.072903,NO_FUEL,Z_Pluton__2_Batalion_Wsparcia,"27,4",0,0,"28,5",2,False,False,N/A,N/A,N/A,"{'no_mp': True, 'no_fuel': True}"
2025-09-13T22:06:08.077365,NO_MOVEMENT_POINTS,P_Pluton__2_Kompania_Grenadier_w_20250913214010,"27,4",0,0,"27,6",2,False,False,N/A,N/A,N/A,{'no_mp': True}
2025-09-13T22:06:08.079227,NO_FUEL,P_Pluton__2_Kompania_Grenadier_w_20250913214010,"27,4",0,0,"27,6",2,False,False,N/A,N/A,N/A,"{'no_mp': True, 'no_fuel': True}"
2025-09-13T22:06:08.080648,INSUFFICIENT_SUPPORT,Z_Pluton__2_Oddzia_Rozpoznawczy,"27,4",N/A,N/A,N/A,N/A,N/A,N/A,0,75,4,"{'enemies_list': [], 'units_found': 0, 'units_needed': 1, 'shortage': 1}"
2025-09-13T22:06:08.081747,NO_MOVEMENT_POINTS,P_Batalion__2_Batalion_Strzelc_w_20250913214005,"24,-7",0,0,"25,-9",2,False,False,N/A,N/A,N/A,{'no_mp': True}
2025-09-13T22:06:08.083048,NO_FUEL,P_Batalion__2_Batalion_Strzelc_w_20250913214005,"24,-7",0,0,"25,-9",2,False,False,N/A,N/A,N/A,"{'no_mp': True, 'no_fuel': True}"
2025-09-13T22:06:08.084104,NO_MOVEMENT_POINTS,P_Pluton__2_Kompania_Grenadier_w,"24,-7",0,0,"26,6",15,False,False,N/A,N/A,N/A,{'no_mp': True}
2025-09-13T22:06:08.084917,NO_FUEL,P_Pluton__2_Kompania_Grenadier_w,"24,-7",0,0,"26,6",15,False,False,N/A,N/A,N/A,"{'no_mp': True, 'no_fuel': True}"
2025-09-13T22:06:08.086096,NO_MOVEMENT_POINTS,Z_Pluton__2_Batalion_Wsparcia,"24,-7",0,0,"28,5",16,False,False,N/A,N/A,N/A,{'no_mp': True}
2025-09-13T22:06:08.087149,NO_FUEL,Z_Pluton__2_Batalion_Wsparcia,"24,-7",0,0,"28,5",16,False,False,N/A,N/A,N/A,"{'no_mp': True, 'no_fuel': True}"
2025-09-13T22:06:08.087149,NO_MOVEMENT_POINTS,P_Pluton__2_Kompania_Grenadier_w_20250913214010,"24,-7",0,0,"27,6",16,False,False,N/A,N/A,N/A,{'no_mp': True}
2025-09-13T22:06:08.088515,NO_FUEL,P_Pluton__2_Kompania_Grenadier_w_20250913214010,"24,-7",0,0,"27,6",16,False,False,N/A,N/A,N/A,"{'no_mp': True, 'no_fuel': True}"
2025-09-13T22:06:08.089569,INSUFFICIENT_SUPPORT,Z_Batalion__2_Kompania_Zaopatrzeniowa,"24,-7",N/A,N/A,N/A,N/A,N/A,N/A,0,50,4,"{'enemies_list': [], 'units_found': 0, 'units_needed': 1, 'shortage': 1}"
2025-09-13T22:06:08.091172,NO_MOVEMENT_POINTS,P_Batalion__2_Batalion_Strzelc_w_20250913214005,"15,-7",0,0,"25,-9",10,False,False,N/A,N/A,N/A,{'no_mp': True}
2025-09-13T22:06:08.095274,NO_FUEL,P_Batalion__2_Batalion_Strzelc_w_20250913214005,"15,-7",0,0,"25,-9",10,False,False,N/A,N/A,N/A,"{'no_mp': True, 'no_fuel': True}"
2025-09-13T22:06:08.097447,NO_MOVEMENT_POINTS,P_Pluton__2_Kompania_Grenadier_w,"15,-7",0,0,"26,6",24,False,False,N/A,N/A,N/A,{'no_mp': True}
2025-09-13T22:06:08.098672,NO_FUEL,P_Pluton__2_Kompania_Grenadier_w,"15,-7",0,0,"26,6",24,False,False,N/A,N/A,N/A,"{'no_mp': True, 'no_fuel': True}"
2025-09-13T22:06:08.099793,NO_MOVEMENT_POINTS,Z_Pluton__2_Batalion_Wsparcia,"15,-7",0,0,"28,5",25,False,False,N/A,N/A,N/A,{'no_mp': True}
2025-09-13T22:06:08.101013,NO_FUEL,Z_Pluton__2_Batalion_Wsparcia,"15,-7",0,0,"28,5",25,False,False,N/A,N/A,N/A,"{'no_mp': True, 'no_fuel': True}"
2025-09-13T22:06:08.102022,NO_MOVEMENT_POINTS,P_Pluton__2_Kompania_Grenadier_w_20250913214010,"15,-7",0,0,"27,6",25,False,False,N/A,N/A,N/A,{'no_mp': True}
2025-09-13T22:06:08.102597,NO_FUEL,P_Pluton__2_Kompania_Grenadier_w_20250913214010,"15,-7",0,0,"27,6",25,False,False,N/A,N/A,N/A,"{'no_mp': True, 'no_fuel': True}"
2025-09-13T22:06:08.103898,INSUFFICIENT_SUPPORT,D_Pluton__2_Dow_dztwo_Einheit,"15,-7",N/A,N/A,N/A,N/A,N/A,N/A,0,100,4,"{'enemies_list': [], 'units_found': 0, 'units_needed': 2, 'shortage': 2}"
2025-09-13T22:06:08.273464,NO_MOVEMENT_POINTS,P_Pluton__5_Infanterie_Regiment,"45,-15",0,0,"36,-15",9,False,False,N/A,N/A,N/A,{'no_mp': True}
2025-09-13T22:06:08.278024,NO_FUEL,P_Pluton__5_Infanterie_Regiment,"45,-15",0,0,"36,-15",9,False,False,N/A,N/A,N/A,"{'no_mp': True, 'no_fuel': True}"
2025-09-13T22:06:08.280393,NO_MOVEMENT_POINTS,P_Kompania__5_Infanterie_Regiment,"45,-15",0,0,"36,-14",9,False,False,N/A,N/A,N/A,{'no_mp': True}
2025-09-13T22:06:08.280393,NO_FUEL,P_Kompania__5_Infanterie_Regiment,"45,-15",0,0,"36,-14",9,False,False,N/A,N/A,N/A,"{'no_mp': True, 'no_fuel': True}"
2025-09-13T22:06:08.281482,NO_MOVEMENT_POINTS,P_Pluton__5_Sch_tzen_Kompanie,"45,-15",0,0,"37,-15",8,False,False,N/A,N/A,N/A,{'no_mp': True}
2025-09-13T22:06:08.282834,NO_FUEL,P_Pluton__5_Sch_tzen_Kompanie,"45,-15",0,0,"37,-15",8,False,False,N/A,N/A,N/A,"{'no_mp': True, 'no_fuel': True}"
2025-09-13T22:06:08.282834,NO_MOVEMENT_POINTS,AC_Kompania__5_schwere_Artillerie,"45,-15",0,0,"36,-16",10,False,False,N/A,N/A,N/A,{'no_mp': True}
2025-09-13T22:06:08.283847,NO_FUEL,AC_Kompania__5_schwere_Artillerie,"45,-15",0,0,"36,-16",10,False,False,N/A,N/A,N/A,"{'no_mp': True, 'no_fuel': True}"
2025-09-13T22:06:08.285822,NO_MOVEMENT_POINTS,AL_Batalion__5_Artillerie_Abteilung,"45,-15",0,0,"37,-17",10,False,False,N/A,N/A,N/A,{'no_mp': True}
2025-09-13T22:06:08.285822,NO_FUEL,AL_Batalion__5_Artillerie_Abteilung,"45,-15",0,0,"37,-17",10,False,False,N/A,N/A,N/A,"{'no_mp': True, 'no_fuel': True}"
2025-09-13T22:06:08.286830,INSUFFICIENT_SUPPORT,Z_Kompania__5_Unterst_tzungs_Bataillon,"45,-15",N/A,N/A,N/A,N/A,N/A,N/A,0,100,5,"{'enemies_list': [], 'units_found': 0, 'units_needed': 2, 'shortage': 2}"
2025-09-13T22:06:08.287914,NO_MOVEMENT_POINTS,P_Pluton__5_Infanterie_Regiment,"43,-14",0,0,"36,-15",8,False,False,N/A,N/A,N/A,{'no_mp': True}
2025-09-13T22:06:08.288925,NO_FUEL,P_Pluton__5_Infanterie_Regiment,"43,-14",0,0,"36,-15",8,False,False,N/A,N/A,N/A,"{'no_mp': True, 'no_fuel': True}"
2025-09-13T22:06:08.289929,NO_MOVEMENT_POINTS,P_Kompania__5_Infanterie_Regiment,"43,-14",0,0,"36,-14",7,False,False,N/A,N/A,N/A,{'no_mp': True}
2025-09-13T22:06:08.293263,NO_FUEL,P_Kompania__5_Infanterie_Regiment,"43,-14",0,0,"36,-14",7,False,False,N/A,N/A,N/A,"{'no_mp': True, 'no_fuel': True}"
2025-09-13T22:06:08.295993,NO_MOVEMENT_POINTS,P_Pluton__5_Sch_tzen_Kompanie,"43,-14",0,0,"37,-15",7,False,False,N/A,N/A,N/A,{'no_mp': True}
2025-09-13T22:06:08.297022,NO_FUEL,P_Pluton__5_Sch_tzen_Kompanie,"43,-14",0,0,"37,-15",7,False,False,N/A,N/A,N/A,"{'no_mp': True, 'no_fuel': True}"
2025-09-13T22:06:08.297022,NO_MOVEMENT_POINTS,AC_Kompania__5_schwere_Artillerie,"43,-14",0,0,"36,-16",9,False,False,N/A,N/A,N/A,{'no_mp': True}
2025-09-13T22:06:08.298184,NO_FUEL,AC_Kompania__5_schwere_Artillerie,"43,-14",0,0,"36,-16",9,False,False,N/A,N/A,N/A,"{'no_mp': True, 'no_fuel': True}"
2025-09-13T22:06:08.299366,NO_MOVEMENT_POINTS,AL_Batalion__5_Artillerie_Abteilung,"43,-14",0,0,"37,-17",9,False,False,N/A,N/A,N/A,{'no_mp': True}
2025-09-13T22:06:08.300191,NO_FUEL,AL_Batalion__5_Artillerie_Abteilung,"43,-14",0,0,"37,-17",9,False,False,N/A,N/A,N/A,"{'no_mp': True, 'no_fuel': True}"
2025-09-13T22:06:08.300550,INSUFFICIENT_SUPPORT,Z_Pluton__5_Versorgungs_Kompanie,"43,-14",N/A,N/A,N/A,N/A,N/A,N/A,0,150,5,"{'enemies_list': [], 'units_found': 0, 'units_needed': 2, 'shortage': 2}"
2025-09-13T22:06:08.301560,NO_MOVEMENT_POINTS,P_Pluton__5_Infanterie_Regiment,"52,-13",0,0,"36,-15",18,False,False,N/A,N/A,N/A,{'no_mp': True}
2025-09-13T22:06:08.301560,NO_FUEL,P_Pluton__5_Infanterie_Regiment,"52,-13",0,0,"36,-15",18,False,False,N/A,N/A,N/A,"{'no_mp': True, 'no_fuel': True}"
2025-09-13T22:06:08.301560,NO_MOVEMENT_POINTS,P_Kompania__5_Infanterie_Regiment,"52,-13",0,0,"36,-14",17,False,False,N/A,N/A,N/A,{'no_mp': True}
2025-09-13T22:06:08.301560,NO_FUEL,P_Kompania__5_Infanterie_Regiment,"52,-13",0,0,"36,-14",17,False,False,N/A,N/A,N/A,"{'no_mp': True, 'no_fuel': True}"
2025-09-13T22:06:08.301560,NO_MOVEMENT_POINTS,P_Pluton__5_Sch_tzen_Kompanie,"52,-13",0,0,"37,-15",17,False,False,N/A,N/A,N/A,{'no_mp': True}
2025-09-13T22:06:08.306297,NO_FUEL,P_Pluton__5_Sch_tzen_Kompanie,"52,-13",0,0,"37,-15",17,False,False,N/A,N/A,N/A,"{'no_mp': True, 'no_fuel': True}"
2025-09-13T22:06:08.308061,NO_MOVEMENT_POINTS,AC_Kompania__5_schwere_Artillerie,"52,-13",0,0,"36,-16",19,False,False,N/A,N/A,N/A,{'no_mp': True}
2025-09-13T22:06:08.310213,NO_FUEL,AC_Kompania__5_schwere_Artillerie,"52,-13",0,0,"36,-16",19,False,False,N/A,N/A,N/A,"{'no_mp': True, 'no_fuel': True}"
2025-09-13T22:06:08.313636,NO_MOVEMENT_POINTS,AL_Batalion__5_Artillerie_Abteilung,"52,-13",0,0,"37,-17",19,False,False,N/A,N/A,N/A,{'no_mp': True}
2025-09-13T22:06:08.313636,NO_FUEL,AL_Batalion__5_Artillerie_Abteilung,"52,-13",0,0,"37,-17",19,False,False,N/A,N/A,N/A,"{'no_mp': True, 'no_fuel': True}"
2025-09-13T22:06:08.314648,INSUFFICIENT_SUPPORT,Z_Pluton__5_Unterst_tzungs_Bataillon_20250913214038,"52,-13",N/A,N/A,N/A,N/A,N/A,N/A,0,100,5,"{'enemies_list': [], 'units_found': 0, 'units_needed': 2, 'shortage': 2}"
2025-09-13T22:06:08.517529,NO_MOVEMENT_POINTS,P_Batalion__2_Batalion_Strzelc_w_20250913214005,"28,3",0,0,"25,-9",15,False,False,N/A,N/A,N/A,{'no_mp': True}
2025-09-13T22:06:08.517529,NO_FUEL,P_Batalion__2_Batalion_Strzelc_w_20250913214005,"28,3",0,0,"25,-9",15,False,False,N/A,N/A,N/A,"{'no_mp': True, 'no_fuel': True}"
2025-09-13T22:06:08.518527,NO_MOVEMENT_POINTS,P_Pluton__2_Kompania_Grenadier_w,"28,3",0,0,"26,6",3,False,False,N/A,N/A,N/A,{'no_mp': True}
2025-09-13T22:06:08.519676,NO_FUEL,P_Pluton__2_Kompania_Grenadier_w,"28,3",0,0,"26,6",3,False,False,N/A,N/A,N/A,"{'no_mp': True, 'no_fuel': True}"
2025-09-13T22:06:08.520814,NO_MOVEMENT_POINTS,Z_Pluton__2_Batalion_Wsparcia,"28,3",0,0,"28,5",2,False,False,N/A,N/A,N/A,{'no_mp': True}
2025-09-13T22:06:08.521274,NO_FUEL,Z_Pluton__2_Batalion_Wsparcia,"28,3",0,0,"28,5",2,False,False,N/A,N/A,N/A,"{'no_mp': True, 'no_fuel': True}"
2025-09-13T22:06:08.522271,NO_MOVEMENT_POINTS,P_Pluton__2_Kompania_Grenadier_w_20250913214010,"28,3",0,0,"27,6",3,False,False,N/A,N/A,N/A,{'no_mp': True}
2025-09-13T22:06:08.523477,NO_FUEL,P_Pluton__2_Kompania_Grenadier_w_20250913214010,"28,3",0,0,"27,6",3,False,False,N/A,N/A,N/A,"{'no_mp': True, 'no_fuel': True}"
2025-09-13T22:06:08.526431,INSUFFICIENT_SUPPORT,P_Kompania__2_Pu_k_Piechoty,"28,3",N/A,N/A,N/A,N/A,N/A,N/A,0,75,4,"{'enemies_list': [], 'units_found': 0, 'units_needed': 1, 'shortage': 1}"
2025-09-13T22:06:08.529475,NO_MOVEMENT_POINTS,P_Batalion__2_Batalion_Strzelc_w_20250913214005,"27,4",0,0,"25,-9",15,False,False,N/A,N/A,N/A,{'no_mp': True}
2025-09-13T22:06:08.530488,NO_FUEL,P_Batalion__2_Batalion_Strzelc_w_20250913214005,"27,4",0,0,"25,-9",15,False,False,N/A,N/A,N/A,"{'no_mp': True, 'no_fuel': True}"
2025-09-13T22:06:08.530488,NO_MOVEMENT_POINTS,P_Pluton__2_Kompania_Grenadier_w,"27,4",0,0,"26,6",2,False,False,N/A,N/A,N/A,{'no_mp': True}
2025-09-13T22:06:08.531794,NO_FUEL,P_Pluton__2_Kompania_Grenadier_w,"27,4",0,0,"26,6",2,False,False,N/A,N/A,N/A,"{'no_mp': True, 'no_fuel': True}"
2025-09-13T22:06:08.532912,NO_MOVEMENT_POINTS,Z_Pluton__2_Batalion_Wsparcia,"27,4",0,0,"28,5",2,False,False,N/A,N/A,N/A,{'no_mp': True}
2025-09-13T22:06:08.532912,NO_FUEL,Z_Pluton__2_Batalion_Wsparcia,"27,4",0,0,"28,5",2,False,False,N/A,N/A,N/A,"{'no_mp': True, 'no_fuel': True}"
2025-09-13T22:06:08.534585,NO_MOVEMENT_POINTS,P_Pluton__2_Kompania_Grenadier_w_20250913214010,"27,4",0,0,"27,6",2,False,False,N/A,N/A,N/A,{'no_mp': True}
2025-09-13T22:06:08.535205,NO_FUEL,P_Pluton__2_Kompania_Grenadier_w_20250913214010,"27,4",0,0,"27,6",2,False,False,N/A,N/A,N/A,"{'no_mp': True, 'no_fuel': True}"
2025-09-13T22:06:08.536387,INSUFFICIENT_SUPPORT,Z_Pluton__2_Oddzia_Rozpoznawczy,"27,4",N/A,N/A,N/A,N/A,N/A,N/A,0,75,4,"{'enemies_list': [], 'units_found': 0, 'units_needed': 1, 'shortage': 1}"
2025-09-13T22:06:08.537540,NO_MOVEMENT_POINTS,P_Batalion__2_Batalion_Strzelc_w_20250913214005,"24,-7",0,0,"25,-9",2,False,False,N/A,N/A,N/A,{'no_mp': True}
2025-09-13T22:06:08.538589,NO_FUEL,P_Batalion__2_Batalion_Strzelc_w_20250913214005,"24,-7",0,0,"25,-9",2,False,False,N/A,N/A,N/A,"{'no_mp': True, 'no_fuel': True}"
2025-09-13T22:06:08.539593,NO_MOVEMENT_POINTS,P_Pluton__2_Kompania_Grenadier_w,"24,-7",0,0,"26,6",15,False,False,N/A,N/A,N/A,{'no_mp': True}
2025-09-13T22:06:08.540421,NO_FUEL,P_Pluton__2_Kompania_Grenadier_w,"24,-7",0,0,"26,6",15,False,False,N/A,N/A,N/A,"{'no_mp': True, 'no_fuel': True}"
2025-09-13T22:06:08.541627,NO_MOVEMENT_POINTS,Z_Pluton__2_Batalion_Wsparcia,"24,-7",0,0,"28,5",16,False,False,N/A,N/A,N/A,{'no_mp': True}
2025-09-13T22:06:08.545499,NO_FUEL,Z_Pluton__2_Batalion_Wsparcia,"24,-7",0,0,"28,5",16,False,False,N/A,N/A,N/A,"{'no_mp': True, 'no_fuel': True}"
2025-09-13T22:06:08.547222,NO_MOVEMENT_POINTS,P_Pluton__2_Kompania_Grenadier_w_20250913214010,"24,-7",0,0,"27,6",16,False,False,N/A,N/A,N/A,{'no_mp': True}
2025-09-13T22:06:08.547222,NO_FUEL,P_Pluton__2_Kompania_Grenadier_w_20250913214010,"24,-7",0,0,"27,6",16,False,False,N/A,N/A,N/A,"{'no_mp': True, 'no_fuel': True}"
2025-09-13T22:06:08.549237,INSUFFICIENT_SUPPORT,Z_Batalion__2_Kompania_Zaopatrzeniowa,"24,-7",N/A,N/A,N/A,N/A,N/A,N/A,0,50,4,"{'enemies_list': [], 'units_found': 0, 'units_needed': 1, 'shortage': 1}"
2025-09-13T22:06:08.549237,NO_MOVEMENT_POINTS,P_Batalion__2_Batalion_Strzelc_w_20250913214005,"15,-7",0,0,"25,-9",10,False,False,N/A,N/A,N/A,{'no_mp': True}
2025-09-13T22:06:08.550438,NO_FUEL,P_Batalion__2_Batalion_Strzelc_w_20250913214005,"15,-7",0,0,"25,-9",10,False,False,N/A,N/A,N/A,"{'no_mp': True, 'no_fuel': True}"
2025-09-13T22:06:08.551459,NO_MOVEMENT_POINTS,P_Pluton__2_Kompania_Grenadier_w,"15,-7",0,0,"26,6",24,False,False,N/A,N/A,N/A,{'no_mp': True}
2025-09-13T22:06:08.552610,NO_FUEL,P_Pluton__2_Kompania_Grenadier_w,"15,-7",0,0,"26,6",24,False,False,N/A,N/A,N/A,"{'no_mp': True, 'no_fuel': True}"
2025-09-13T22:06:08.553948,NO_MOVEMENT_POINTS,Z_Pluton__2_Batalion_Wsparcia,"15,-7",0,0,"28,5",25,False,False,N/A,N/A,N/A,{'no_mp': True}
2025-09-13T22:06:08.555517,NO_FUEL,Z_Pluton__2_Batalion_Wsparcia,"15,-7",0,0,"28,5",25,False,False,N/A,N/A,N/A,"{'no_mp': True, 'no_fuel': True}"
2025-09-13T22:06:08.555919,NO_MOVEMENT_POINTS,P_Pluton__2_Kompania_Grenadier_w_20250913214010,"15,-7",0,0,"27,6",25,False,False,N/A,N/A,N/A,{'no_mp': True}
2025-09-13T22:06:08.560018,NO_FUEL,P_Pluton__2_Kompania_Grenadier_w_20250913214010,"15,-7",0,0,"27,6",25,False,False,N/A,N/A,N/A,"{'no_mp': True, 'no_fuel': True}"
2025-09-13T22:06:08.563280,INSUFFICIENT_SUPPORT,D_Pluton__2_Dow_dztwo_Einheit,"15,-7",N/A,N/A,N/A,N/A,N/A,N/A,0,100,4,"{'enemies_list': [], 'units_found': 0, 'units_needed': 2, 'shortage': 2}"
2025-09-13T22:06:08.701955,NO_MOVEMENT_POINTS,P_Pluton__5_Infanterie_Regiment,"45,-15",0,0,"36,-15",9,False,False,N/A,N/A,N/A,{'no_mp': True}
2025-09-13T22:06:08.701955,NO_FUEL,P_Pluton__5_Infanterie_Regiment,"45,-15",0,0,"36,-15",9,False,False,N/A,N/A,N/A,"{'no_mp': True, 'no_fuel': True}"
2025-09-13T22:06:08.703296,NO_MOVEMENT_POINTS,P_Kompania__5_Infanterie_Regiment,"45,-15",0,0,"36,-14",9,False,False,N/A,N/A,N/A,{'no_mp': True}
2025-09-13T22:06:08.704474,NO_FUEL,P_Kompania__5_Infanterie_Regiment,"45,-15",0,0,"36,-14",9,False,False,N/A,N/A,N/A,"{'no_mp': True, 'no_fuel': True}"
2025-09-13T22:06:08.704474,NO_MOVEMENT_POINTS,P_Pluton__5_Sch_tzen_Kompanie,"45,-15",0,0,"37,-15",8,False,False,N/A,N/A,N/A,{'no_mp': True}
2025-09-13T22:06:08.705709,NO_FUEL,P_Pluton__5_Sch_tzen_Kompanie,"45,-15",0,0,"37,-15",8,False,False,N/A,N/A,N/A,"{'no_mp': True, 'no_fuel': True}"
2025-09-13T22:06:08.707159,NO_MOVEMENT_POINTS,AC_Kompania__5_schwere_Artillerie,"45,-15",0,0,"36,-16",10,False,False,N/A,N/A,N/A,{'no_mp': True}
2025-09-13T22:06:08.709964,NO_FUEL,AC_Kompania__5_schwere_Artillerie,"45,-15",0,0,"36,-16",10,False,False,N/A,N/A,N/A,"{'no_mp': True, 'no_fuel': True}"
2025-09-13T22:06:08.713794,NO_MOVEMENT_POINTS,AL_Batalion__5_Artillerie_Abteilung,"45,-15",0,0,"37,-17",10,False,False,N/A,N/A,N/A,{'no_mp': True}
2025-09-13T22:06:08.713794,NO_FUEL,AL_Batalion__5_Artillerie_Abteilung,"45,-15",0,0,"37,-17",10,False,False,N/A,N/A,N/A,"{'no_mp': True, 'no_fuel': True}"
2025-09-13T22:06:08.714807,INSUFFICIENT_SUPPORT,Z_Kompania__5_Unterst_tzungs_Bataillon,"45,-15",N/A,N/A,N/A,N/A,N/A,N/A,0,100,5,"{'enemies_list': [], 'units_found': 0, 'units_needed': 2, 'shortage': 2}"
2025-09-13T22:06:08.715837,NO_MOVEMENT_POINTS,P_Pluton__5_Infanterie_Regiment,"43,-14",0,0,"36,-15",8,False,False,N/A,N/A,N/A,{'no_mp': True}
2025-09-13T22:06:08.717255,NO_FUEL,P_Pluton__5_Infanterie_Regiment,"43,-14",0,0,"36,-15",8,False,False,N/A,N/A,N/A,"{'no_mp': True, 'no_fuel': True}"
2025-09-13T22:06:08.718266,NO_MOVEMENT_POINTS,P_Kompania__5_Infanterie_Regiment,"43,-14",0,0,"36,-14",7,False,False,N/A,N/A,N/A,{'no_mp': True}
2025-09-13T22:06:08.718966,NO_FUEL,P_Kompania__5_Infanterie_Regiment,"43,-14",0,0,"36,-14",7,False,False,N/A,N/A,N/A,"{'no_mp': True, 'no_fuel': True}"
2025-09-13T22:06:08.719817,NO_MOVEMENT_POINTS,P_Pluton__5_Sch_tzen_Kompanie,"43,-14",0,0,"37,-15",7,False,False,N/A,N/A,N/A,{'no_mp': True}
2025-09-13T22:06:08.720953,NO_FUEL,P_Pluton__5_Sch_tzen_Kompanie,"43,-14",0,0,"37,-15",7,False,False,N/A,N/A,N/A,"{'no_mp': True, 'no_fuel': True}"
2025-09-13T22:06:08.722093,NO_MOVEMENT_POINTS,AC_Kompania__5_schwere_Artillerie,"43,-14",0,0,"36,-16",9,False,False,N/A,N/A,N/A,{'no_mp': True}
2025-09-13T22:06:08.722093,NO_FUEL,AC_Kompania__5_schwere_Artillerie,"43,-14",0,0,"36,-16",9,False,False,N/A,N/A,N/A,"{'no_mp': True, 'no_fuel': True}"
2025-09-13T22:06:08.723285,NO_MOVEMENT_POINTS,AL_Batalion__5_Artillerie_Abteilung,"43,-14",0,0,"37,-17",9,False,False,N/A,N/A,N/A,{'no_mp': True}
2025-09-13T22:06:08.724407,NO_FUEL,AL_Batalion__5_Artillerie_Abteilung,"43,-14",0,0,"37,-17",9,False,False,N/A,N/A,N/A,"{'no_mp': True, 'no_fuel': True}"
2025-09-13T22:06:08.728427,INSUFFICIENT_SUPPORT,Z_Pluton__5_Versorgungs_Kompanie,"43,-14",N/A,N/A,N/A,N/A,N/A,N/A,0,150,5,"{'enemies_list': [], 'units_found': 0, 'units_needed': 2, 'shortage': 2}"
2025-09-13T22:06:08.728427,NO_MOVEMENT_POINTS,P_Pluton__5_Infanterie_Regiment,"52,-13",0,0,"36,-15",18,False,False,N/A,N/A,N/A,{'no_mp': True}
2025-09-13T22:06:08.728427,NO_FUEL,P_Pluton__5_Infanterie_Regiment,"52,-13",0,0,"36,-15",18,False,False,N/A,N/A,N/A,"{'no_mp': True, 'no_fuel': True}"
2025-09-13T22:06:08.728427,NO_MOVEMENT_POINTS,P_Kompania__5_Infanterie_Regiment,"52,-13",0,0,"36,-14",17,False,False,N/A,N/A,N/A,{'no_mp': True}
2025-09-13T22:06:08.728427,NO_FUEL,P_Kompania__5_Infanterie_Regiment,"52,-13",0,0,"36,-14",17,False,False,N/A,N/A,N/A,"{'no_mp': True, 'no_fuel': True}"
2025-09-13T22:06:08.733421,NO_MOVEMENT_POINTS,P_Pluton__5_Sch_tzen_Kompanie,"52,-13",0,0,"37,-15",17,False,False,N/A,N/A,N/A,{'no_mp': True}
2025-09-13T22:06:08.734444,NO_FUEL,P_Pluton__5_Sch_tzen_Kompanie,"52,-13",0,0,"37,-15",17,False,False,N/A,N/A,N/A,"{'no_mp': True, 'no_fuel': True}"
2025-09-13T22:06:08.735587,NO_MOVEMENT_POINTS,AC_Kompania__5_schwere_Artillerie,"52,-13",0,0,"36,-16",19,False,False,N/A,N/A,N/A,{'no_mp': True}
2025-09-13T22:06:08.735587,NO_FUEL,AC_Kompania__5_schwere_Artillerie,"52,-13",0,0,"36,-16",19,False,False,N/A,N/A,N/A,"{'no_mp': True, 'no_fuel': True}"
2025-09-13T22:06:08.736715,NO_MOVEMENT_POINTS,AL_Batalion__5_Artillerie_Abteilung,"52,-13",0,0,"37,-17",19,False,False,N/A,N/A,N/A,{'no_mp': True}
2025-09-13T22:06:08.737841,NO_FUEL,AL_Batalion__5_Artillerie_Abteilung,"52,-13",0,0,"37,-17",19,False,False,N/A,N/A,N/A,"{'no_mp': True, 'no_fuel': True}"
2025-09-13T22:06:08.738854,INSUFFICIENT_SUPPORT,Z_Pluton__5_Unterst_tzungs_Bataillon_20250913214038,"52,-13",N/A,N/A,N/A,N/A,N/A,N/A,0,100,5,"{'enemies_list': [], 'units_found': 0, 'units_needed': 2, 'shortage': 2}"
2025-09-13T22:06:08.942424,NO_MOVEMENT_POINTS,P_Batalion__2_Batalion_Strzelc_w_20250913214005,"28,3",0,0,"25,-9",15,False,False,N/A,N/A,N/A,{'no_mp': True}
2025-09-13T22:06:08.945026,NO_FUEL,P_Batalion__2_Batalion_Strzelc_w_20250913214005,"28,3",0,0,"25,-9",15,False,False,N/A,N/A,N/A,"{'no_mp': True, 'no_fuel': True}"
2025-09-13T22:06:08.947798,NO_MOVEMENT_POINTS,P_Pluton__2_Kompania_Grenadier_w,"28,3",0,0,"26,6",3,False,False,N/A,N/A,N/A,{'no_mp': True}
2025-09-13T22:06:08.949257,NO_FUEL,P_Pluton__2_Kompania_Grenadier_w,"28,3",0,0,"26,6",3,False,False,N/A,N/A,N/A,"{'no_mp': True, 'no_fuel': True}"
2025-09-13T22:06:08.949257,NO_MOVEMENT_POINTS,Z_Pluton__2_Batalion_Wsparcia,"28,3",0,0,"28,5",2,False,False,N/A,N/A,N/A,{'no_mp': True}
2025-09-13T22:06:08.950925,NO_FUEL,Z_Pluton__2_Batalion_Wsparcia,"28,3",0,0,"28,5",2,False,False,N/A,N/A,N/A,"{'no_mp': True, 'no_fuel': True}"
2025-09-13T22:06:08.951342,NO_MOVEMENT_POINTS,P_Pluton__2_Kompania_Grenadier_w_20250913214010,"28,3",0,0,"27,6",3,False,False,N/A,N/A,N/A,{'no_mp': True}
2025-09-13T22:06:08.952353,NO_FUEL,P_Pluton__2_Kompania_Grenadier_w_20250913214010,"28,3",0,0,"27,6",3,False,False,N/A,N/A,N/A,"{'no_mp': True, 'no_fuel': True}"
2025-09-13T22:06:08.953447,INSUFFICIENT_SUPPORT,P_Kompania__2_Pu_k_Piechoty,"28,3",N/A,N/A,N/A,N/A,N/A,N/A,0,75,4,"{'enemies_list': [], 'units_found': 0, 'units_needed': 1, 'shortage': 1}"
2025-09-13T22:06:08.953447,NO_MOVEMENT_POINTS,P_Batalion__2_Batalion_Strzelc_w_20250913214005,"27,4",0,0,"25,-9",15,False,False,N/A,N/A,N/A,{'no_mp': True}
2025-09-13T22:06:08.953447,NO_FUEL,P_Batalion__2_Batalion_Strzelc_w_20250913214005,"27,4",0,0,"25,-9",15,False,False,N/A,N/A,N/A,"{'no_mp': True, 'no_fuel': True}"
2025-09-13T22:06:08.957049,NO_MOVEMENT_POINTS,P_Pluton__2_Kompania_Grenadier_w,"27,4",0,0,"26,6",2,False,False,N/A,N/A,N/A,{'no_mp': True}
2025-09-13T22:06:08.958047,NO_FUEL,P_Pluton__2_Kompania_Grenadier_w,"27,4",0,0,"26,6",2,False,False,N/A,N/A,N/A,"{'no_mp': True, 'no_fuel': True}"
2025-09-13T22:06:08.960857,NO_MOVEMENT_POINTS,Z_Pluton__2_Batalion_Wsparcia,"27,4",0,0,"28,5",2,False,False,N/A,N/A,N/A,{'no_mp': True}
2025-09-13T22:06:08.963738,NO_FUEL,Z_Pluton__2_Batalion_Wsparcia,"27,4",0,0,"28,5",2,False,False,N/A,N/A,N/A,"{'no_mp': True, 'no_fuel': True}"
2025-09-13T22:06:08.964735,NO_MOVEMENT_POINTS,P_Pluton__2_Kompania_Grenadier_w_20250913214010,"27,4",0,0,"27,6",2,False,False,N/A,N/A,N/A,{'no_mp': True}
2025-09-13T22:06:08.965827,NO_FUEL,P_Pluton__2_Kompania_Grenadier_w_20250913214010,"27,4",0,0,"27,6",2,False,False,N/A,N/A,N/A,"{'no_mp': True, 'no_fuel': True}"
2025-09-13T22:06:08.967174,INSUFFICIENT_SUPPORT,Z_Pluton__2_Oddzia_Rozpoznawczy,"27,4",N/A,N/A,N/A,N/A,N/A,N/A,0,75,4,"{'enemies_list': [], 'units_found': 0, 'units_needed': 1, 'shortage': 1}"
2025-09-13T22:06:08.968183,NO_MOVEMENT_POINTS,P_Batalion__2_Batalion_Strzelc_w_20250913214005,"24,-7",0,0,"25,-9",2,False,False,N/A,N/A,N/A,{'no_mp': True}
2025-09-13T22:06:08.968183,NO_FUEL,P_Batalion__2_Batalion_Strzelc_w_20250913214005,"24,-7",0,0,"25,-9",2,False,False,N/A,N/A,N/A,"{'no_mp': True, 'no_fuel': True}"
2025-09-13T22:06:08.969353,NO_MOVEMENT_POINTS,P_Pluton__2_Kompania_Grenadier_w,"24,-7",0,0,"26,6",15,False,False,N/A,N/A,N/A,{'no_mp': True}
2025-09-13T22:06:08.969353,NO_FUEL,P_Pluton__2_Kompania_Grenadier_w,"24,-7",0,0,"26,6",15,False,False,N/A,N/A,N/A,"{'no_mp': True, 'no_fuel': True}"
2025-09-13T22:06:08.969353,NO_MOVEMENT_POINTS,Z_Pluton__2_Batalion_Wsparcia,"24,-7",0,0,"28,5",16,False,False,N/A,N/A,N/A,{'no_mp': True}
2025-09-13T22:06:08.969353,NO_FUEL,Z_Pluton__2_Batalion_Wsparcia,"24,-7",0,0,"28,5",16,False,False,N/A,N/A,N/A,"{'no_mp': True, 'no_fuel': True}"
2025-09-13T22:06:08.969353,NO_MOVEMENT_POINTS,P_Pluton__2_Kompania_Grenadier_w_20250913214010,"24,-7",0,0,"27,6",16,False,False,N/A,N/A,N/A,{'no_mp': True}
2025-09-13T22:06:08.973759,NO_FUEL,P_Pluton__2_Kompania_Grenadier_w_20250913214010,"24,-7",0,0,"27,6",16,False,False,N/A,N/A,N/A,"{'no_mp': True, 'no_fuel': True}"
2025-09-13T22:06:08.977957,INSUFFICIENT_SUPPORT,Z_Batalion__2_Kompania_Zaopatrzeniowa,"24,-7",N/A,N/A,N/A,N/A,N/A,N/A,0,50,4,"{'enemies_list': [], 'units_found': 0, 'units_needed': 1, 'shortage': 1}"
2025-09-13T22:06:08.981342,NO_MOVEMENT_POINTS,P_Batalion__2_Batalion_Strzelc_w_20250913214005,"15,-7",0,0,"25,-9",10,False,False,N/A,N/A,N/A,{'no_mp': True}
2025-09-13T22:06:08.982749,NO_FUEL,P_Batalion__2_Batalion_Strzelc_w_20250913214005,"15,-7",0,0,"25,-9",10,False,False,N/A,N/A,N/A,"{'no_mp': True, 'no_fuel': True}"
2025-09-13T22:06:08.983949,NO_MOVEMENT_POINTS,P_Pluton__2_Kompania_Grenadier_w,"15,-7",0,0,"26,6",24,False,False,N/A,N/A,N/A,{'no_mp': True}
2025-09-13T22:06:08.984859,NO_FUEL,P_Pluton__2_Kompania_Grenadier_w,"15,-7",0,0,"26,6",24,False,False,N/A,N/A,N/A,"{'no_mp': True, 'no_fuel': True}"
2025-09-13T22:06:08.984859,NO_MOVEMENT_POINTS,Z_Pluton__2_Batalion_Wsparcia,"15,-7",0,0,"28,5",25,False,False,N/A,N/A,N/A,{'no_mp': True}
2025-09-13T22:06:08.984859,NO_FUEL,Z_Pluton__2_Batalion_Wsparcia,"15,-7",0,0,"28,5",25,False,False,N/A,N/A,N/A,"{'no_mp': True, 'no_fuel': True}"
2025-09-13T22:06:08.984859,NO_MOVEMENT_POINTS,P_Pluton__2_Kompania_Grenadier_w_20250913214010,"15,-7",0,0,"27,6",25,False,False,N/A,N/A,N/A,{'no_mp': True}
2025-09-13T22:06:08.984859,NO_FUEL,P_Pluton__2_Kompania_Grenadier_w_20250913214010,"15,-7",0,0,"27,6",25,False,False,N/A,N/A,N/A,"{'no_mp': True, 'no_fuel': True}"
2025-09-13T22:06:08.984859,INSUFFICIENT_SUPPORT,D_Pluton__2_Dow_dztwo_Einheit,"15,-7",N/A,N/A,N/A,N/A,N/A,N/A,0,100,4,"{'enemies_list': [], 'units_found': 0, 'units_needed': 2, 'shortage': 2}"
2025-09-13T22:06:09.323942,NO_MOVEMENT_POINTS,P_Pluton__5_Infanterie_Regiment,"45,-15",0,0,"36,-15",9,False,False,N/A,N/A,N/A,{'no_mp': True}
2025-09-13T22:06:09.324922,NO_FUEL,P_Pluton__5_Infanterie_Regiment,"45,-15",0,0,"36,-15",9,False,False,N/A,N/A,N/A,"{'no_mp': True, 'no_fuel': True}"
2025-09-13T22:06:09.328942,NO_MOVEMENT_POINTS,P_Kompania__5_Infanterie_Regiment,"45,-15",0,0,"36,-14",9,False,False,N/A,N/A,N/A,{'no_mp': True}
2025-09-13T22:06:09.330598,NO_FUEL,P_Kompania__5_Infanterie_Regiment,"45,-15",0,0,"36,-14",9,False,False,N/A,N/A,N/A,"{'no_mp': True, 'no_fuel': True}"
2025-09-13T22:06:09.330598,NO_MOVEMENT_POINTS,P_Pluton__5_Sch_tzen_Kompanie,"45,-15",0,0,"37,-15",8,False,False,N/A,N/A,N/A,{'no_mp': True}
2025-09-13T22:06:09.332848,NO_FUEL,P_Pluton__5_Sch_tzen_Kompanie,"45,-15",0,0,"37,-15",8,False,False,N/A,N/A,N/A,"{'no_mp': True, 'no_fuel': True}"
2025-09-13T22:06:09.332848,NO_MOVEMENT_POINTS,AC_Kompania__5_schwere_Artillerie,"45,-15",0,0,"36,-16",10,False,False,N/A,N/A,N/A,{'no_mp': True}
2025-09-13T22:06:09.334019,NO_FUEL,AC_Kompania__5_schwere_Artillerie,"45,-15",0,0,"36,-16",10,False,False,N/A,N/A,N/A,"{'no_mp': True, 'no_fuel': True}"
2025-09-13T22:06:09.335022,NO_MOVEMENT_POINTS,AL_Batalion__5_Artillerie_Abteilung,"45,-15",0,0,"37,-17",10,False,False,N/A,N/A,N/A,{'no_mp': True}
2025-09-13T22:06:09.336341,NO_FUEL,AL_Batalion__5_Artillerie_Abteilung,"45,-15",0,0,"37,-17",10,False,False,N/A,N/A,N/A,"{'no_mp': True, 'no_fuel': True}"
2025-09-13T22:06:09.336341,INSUFFICIENT_SUPPORT,Z_Kompania__5_Unterst_tzungs_Bataillon,"45,-15",N/A,N/A,N/A,N/A,N/A,N/A,0,100,5,"{'enemies_list': [], 'units_found': 0, 'units_needed': 2, 'shortage': 2}"
2025-09-13T22:06:09.338632,NO_MOVEMENT_POINTS,P_Pluton__5_Infanterie_Regiment,"43,-14",0,0,"36,-15",8,False,False,N/A,N/A,N/A,{'no_mp': True}
2025-09-13T22:06:09.338632,NO_FUEL,P_Pluton__5_Infanterie_Regiment,"43,-14",0,0,"36,-15",8,False,False,N/A,N/A,N/A,"{'no_mp': True, 'no_fuel': True}"
2025-09-13T22:06:09.339842,NO_MOVEMENT_POINTS,P_Kompania__5_Infanterie_Regiment,"43,-14",0,0,"36,-14",7,False,False,N/A,N/A,N/A,{'no_mp': True}
2025-09-13T22:06:09.341123,NO_FUEL,P_Kompania__5_Infanterie_Regiment,"43,-14",0,0,"36,-14",7,False,False,N/A,N/A,N/A,"{'no_mp': True, 'no_fuel': True}"
2025-09-13T22:06:09.341123,NO_MOVEMENT_POINTS,P_Pluton__5_Sch_tzen_Kompanie,"43,-14",0,0,"37,-15",7,False,False,N/A,N/A,N/A,{'no_mp': True}
2025-09-13T22:06:09.344590,NO_FUEL,P_Pluton__5_Sch_tzen_Kompanie,"43,-14",0,0,"37,-15",7,False,False,N/A,N/A,N/A,"{'no_mp': True, 'no_fuel': True}"
2025-09-13T22:06:09.347959,NO_MOVEMENT_POINTS,AC_Kompania__5_schwere_Artillerie,"43,-14",0,0,"36,-16",9,False,False,N/A,N/A,N/A,{'no_mp': True}
2025-09-13T22:06:09.347959,NO_FUEL,AC_Kompania__5_schwere_Artillerie,"43,-14",0,0,"36,-16",9,False,False,N/A,N/A,N/A,"{'no_mp': True, 'no_fuel': True}"
2025-09-13T22:06:09.349108,NO_MOVEMENT_POINTS,AL_Batalion__5_Artillerie_Abteilung,"43,-14",0,0,"37,-17",9,False,False,N/A,N/A,N/A,{'no_mp': True}
2025-09-13T22:06:09.350324,NO_FUEL,AL_Batalion__5_Artillerie_Abteilung,"43,-14",0,0,"37,-17",9,False,False,N/A,N/A,N/A,"{'no_mp': True, 'no_fuel': True}"
2025-09-13T22:06:09.350324,INSUFFICIENT_SUPPORT,Z_Pluton__5_Versorgungs_Kompanie,"43,-14",N/A,N/A,N/A,N/A,N/A,N/A,0,150,5,"{'enemies_list': [], 'units_found': 0, 'units_needed': 2, 'shortage': 2}"
2025-09-13T22:06:09.352616,NO_MOVEMENT_POINTS,P_Pluton__5_Infanterie_Regiment,"42,-14",0,0,"36,-15",7,False,False,N/A,N/A,N/A,{'no_mp': True}
2025-09-13T22:06:09.353852,NO_FUEL,P_Pluton__5_Infanterie_Regiment,"42,-14",0,0,"36,-15",7,False,False,N/A,N/A,N/A,"{'no_mp': True, 'no_fuel': True}"
2025-09-13T22:06:09.353852,NO_MOVEMENT_POINTS,P_Kompania__5_Infanterie_Regiment,"42,-14",0,0,"36,-14",6,False,False,N/A,N/A,N/A,{'no_mp': True}
2025-09-13T22:06:09.355079,NO_FUEL,P_Kompania__5_Infanterie_Regiment,"42,-14",0,0,"36,-14",6,False,False,N/A,N/A,N/A,"{'no_mp': True, 'no_fuel': True}"
2025-09-13T22:06:09.356127,NO_MOVEMENT_POINTS,P_Pluton__5_Sch_tzen_Kompanie,"42,-14",0,0,"37,-15",6,False,False,N/A,N/A,N/A,{'no_mp': True}
2025-09-13T22:06:09.357476,NO_FUEL,P_Pluton__5_Sch_tzen_Kompanie,"42,-14",0,0,"37,-15",6,False,False,N/A,N/A,N/A,"{'no_mp': True, 'no_fuel': True}"
2025-09-13T22:06:09.357476,NO_MOVEMENT_POINTS,AC_Kompania__5_schwere_Artillerie,"42,-14",0,0,"36,-16",8,False,False,N/A,N/A,N/A,{'no_mp': True}
2025-09-13T22:06:09.360526,NO_FUEL,AC_Kompania__5_schwere_Artillerie,"42,-14",0,0,"36,-16",8,False,False,N/A,N/A,N/A,"{'no_mp': True, 'no_fuel': True}"
2025-09-13T22:06:09.363777,NO_MOVEMENT_POINTS,AL_Batalion__5_Artillerie_Abteilung,"42,-14",0,0,"37,-17",8,False,False,N/A,N/A,N/A,{'no_mp': True}
2025-09-13T22:06:09.364790,NO_FUEL,AL_Batalion__5_Artillerie_Abteilung,"42,-14",0,0,"37,-17",8,False,False,N/A,N/A,N/A,"{'no_mp': True, 'no_fuel': True}"
2025-09-13T22:06:09.365795,INSUFFICIENT_SUPPORT,Z_Pluton__5_Unterst_tzungs_Bataillon,"42,-14",N/A,N/A,N/A,N/A,N/A,N/A,0,150,5,"{'enemies_list': [], 'units_found': 0, 'units_needed': 2, 'shortage': 2}"
2025-09-13T22:06:09.365795,NO_MOVEMENT_POINTS,P_Pluton__5_Infanterie_Regiment,"52,-13",0,0,"36,-15",18,False,False,N/A,N/A,N/A,{'no_mp': True}
2025-09-13T22:06:09.366940,NO_FUEL,P_Pluton__5_Infanterie_Regiment,"52,-13",0,0,"36,-15",18,False,False,N/A,N/A,N/A,"{'no_mp': True, 'no_fuel': True}"
2025-09-13T22:06:09.368329,NO_MOVEMENT_POINTS,P_Kompania__5_Infanterie_Regiment,"52,-13",0,0,"36,-14",17,False,False,N/A,N/A,N/A,{'no_mp': True}
2025-09-13T22:06:09.369173,NO_FUEL,P_Kompania__5_Infanterie_Regiment,"52,-13",0,0,"36,-14",17,False,False,N/A,N/A,N/A,"{'no_mp': True, 'no_fuel': True}"
2025-09-13T22:06:09.369811,NO_MOVEMENT_POINTS,P_Pluton__5_Sch_tzen_Kompanie,"52,-13",0,0,"37,-15",17,False,False,N/A,N/A,N/A,{'no_mp': True}
2025-09-13T22:06:09.371003,NO_FUEL,P_Pluton__5_Sch_tzen_Kompanie,"52,-13",0,0,"37,-15",17,False,False,N/A,N/A,N/A,"{'no_mp': True, 'no_fuel': True}"
2025-09-13T22:06:09.372232,NO_MOVEMENT_POINTS,AC_Kompania__5_schwere_Artillerie,"52,-13",0,0,"36,-16",19,False,False,N/A,N/A,N/A,{'no_mp': True}
2025-09-13T22:06:09.372232,NO_FUEL,AC_Kompania__5_schwere_Artillerie,"52,-13",0,0,"36,-16",19,False,False,N/A,N/A,N/A,"{'no_mp': True, 'no_fuel': True}"
2025-09-13T22:06:09.373855,NO_MOVEMENT_POINTS,AL_Batalion__5_Artillerie_Abteilung,"52,-13",0,0,"37,-17",19,False,False,N/A,N/A,N/A,{'no_mp': True}
2025-09-13T22:06:09.374681,NO_FUEL,AL_Batalion__5_Artillerie_Abteilung,"52,-13",0,0,"37,-17",19,False,False,N/A,N/A,N/A,"{'no_mp': True, 'no_fuel': True}"
2025-09-13T22:06:09.378919,INSUFFICIENT_SUPPORT,Z_Pluton__5_Unterst_tzungs_Bataillon_20250913214038,"52,-13",N/A,N/A,N/A,N/A,N/A,N/A,0,100,5,"{'enemies_list': [], 'units_found': 0, 'units_needed': 2, 'shortage': 2}"
2025-09-13T22:06:09.636589,NO_MOVEMENT_POINTS,P_Batalion__2_Batalion_Strzelc_w_20250913214005,"28,3",0,0,"25,-9",15,False,False,N/A,N/A,N/A,{'no_mp': True}
2025-09-13T22:06:09.637870,NO_FUEL,P_Batalion__2_Batalion_Strzelc_w_20250913214005,"28,3",0,0,"25,-9",15,False,False,N/A,N/A,N/A,"{'no_mp': True, 'no_fuel': True}"
2025-09-13T22:06:09.638942,NO_MOVEMENT_POINTS,P_Pluton__2_Kompania_Grenadier_w,"28,3",0,0,"26,6",3,False,False,N/A,N/A,N/A,{'no_mp': True}
2025-09-13T22:06:09.638942,NO_FUEL,P_Pluton__2_Kompania_Grenadier_w,"28,3",0,0,"26,6",3,False,False,N/A,N/A,N/A,"{'no_mp': True, 'no_fuel': True}"
2025-09-13T22:06:09.639946,NO_MOVEMENT_POINTS,Z_Pluton__2_Batalion_Wsparcia,"28,3",0,0,"28,5",2,False,False,N/A,N/A,N/A,{'no_mp': True}
2025-09-13T22:06:09.640993,NO_FUEL,Z_Pluton__2_Batalion_Wsparcia,"28,3",0,0,"28,5",2,False,False,N/A,N/A,N/A,"{'no_mp': True, 'no_fuel': True}"
2025-09-13T22:06:09.640993,NO_MOVEMENT_POINTS,P_Pluton__2_Kompania_Grenadier_w_20250913214010,"28,3",0,0,"27,6",3,False,False,N/A,N/A,N/A,{'no_mp': True}
2025-09-13T22:06:09.646224,NO_FUEL,P_Pluton__2_Kompania_Grenadier_w_20250913214010,"28,3",0,0,"27,6",3,False,False,N/A,N/A,N/A,"{'no_mp': True, 'no_fuel': True}"
2025-09-13T22:06:09.647933,INSUFFICIENT_SUPPORT,P_Kompania__2_Pu_k_Piechoty,"28,3",N/A,N/A,N/A,N/A,N/A,N/A,0,75,4,"{'enemies_list': [], 'units_found': 0, 'units_needed': 1, 'shortage': 1}"
2025-09-13T22:06:09.648951,NO_MOVEMENT_POINTS,P_Batalion__2_Batalion_Strzelc_w_20250913214005,"27,4",0,0,"25,-9",15,False,False,N/A,N/A,N/A,{'no_mp': True}
2025-09-13T22:06:09.649972,NO_FUEL,P_Batalion__2_Batalion_Strzelc_w_20250913214005,"27,4",0,0,"25,-9",15,False,False,N/A,N/A,N/A,"{'no_mp': True, 'no_fuel': True}"
2025-09-13T22:06:09.649972,NO_MOVEMENT_POINTS,P_Pluton__2_Kompania_Grenadier_w,"27,4",0,0,"26,6",2,False,False,N/A,N/A,N/A,{'no_mp': True}
2025-09-13T22:06:09.651328,NO_FUEL,P_Pluton__2_Kompania_Grenadier_w,"27,4",0,0,"26,6",2,False,False,N/A,N/A,N/A,"{'no_mp': True, 'no_fuel': True}"
2025-09-13T22:06:09.652466,NO_MOVEMENT_POINTS,Z_Pluton__2_Batalion_Wsparcia,"27,4",0,0,"28,5",2,False,False,N/A,N/A,N/A,{'no_mp': True}
2025-09-13T22:06:09.653268,NO_FUEL,Z_Pluton__2_Batalion_Wsparcia,"27,4",0,0,"28,5",2,False,False,N/A,N/A,N/A,"{'no_mp': True, 'no_fuel': True}"
2025-09-13T22:06:09.654124,NO_MOVEMENT_POINTS,P_Pluton__2_Kompania_Grenadier_w_20250913214010,"27,4",0,0,"27,6",2,False,False,N/A,N/A,N/A,{'no_mp': True}
2025-09-13T22:06:09.655330,NO_FUEL,P_Pluton__2_Kompania_Grenadier_w_20250913214010,"27,4",0,0,"27,6",2,False,False,N/A,N/A,N/A,"{'no_mp': True, 'no_fuel': True}"
2025-09-13T22:06:09.656454,INSUFFICIENT_SUPPORT,Z_Pluton__2_Oddzia_Rozpoznawczy,"27,4",N/A,N/A,N/A,N/A,N/A,N/A,0,75,4,"{'enemies_list': [], 'units_found': 0, 'units_needed': 1, 'shortage': 1}"
2025-09-13T22:06:09.657475,NO_MOVEMENT_POINTS,P_Batalion__2_Batalion_Strzelc_w_20250913214005,"24,-7",0,0,"25,-9",2,False,False,N/A,N/A,N/A,{'no_mp': True}
2025-09-13T22:06:09.658403,NO_FUEL,P_Batalion__2_Batalion_Strzelc_w_20250913214005,"24,-7",0,0,"25,-9",2,False,False,N/A,N/A,N/A,"{'no_mp': True, 'no_fuel': True}"
2025-09-13T22:06:09.662420,NO_MOVEMENT_POINTS,P_Pluton__2_Kompania_Grenadier_w,"24,-7",0,0,"26,6",15,False,False,N/A,N/A,N/A,{'no_mp': True}
2025-09-13T22:06:09.664438,NO_FUEL,P_Pluton__2_Kompania_Grenadier_w,"24,-7",0,0,"26,6",15,False,False,N/A,N/A,N/A,"{'no_mp': True, 'no_fuel': True}"
2025-09-13T22:06:09.665449,NO_MOVEMENT_POINTS,Z_Pluton__2_Batalion_Wsparcia,"24,-7",0,0,"28,5",16,False,False,N/A,N/A,N/A,{'no_mp': True}
2025-09-13T22:06:09.665449,NO_FUEL,Z_Pluton__2_Batalion_Wsparcia,"24,-7",0,0,"28,5",16,False,False,N/A,N/A,N/A,"{'no_mp': True, 'no_fuel': True}"
2025-09-13T22:06:09.666635,NO_MOVEMENT_POINTS,P_Pluton__2_Kompania_Grenadier_w_20250913214010,"24,-7",0,0,"27,6",16,False,False,N/A,N/A,N/A,{'no_mp': True}
2025-09-13T22:06:09.667766,NO_FUEL,P_Pluton__2_Kompania_Grenadier_w_20250913214010,"24,-7",0,0,"27,6",16,False,False,N/A,N/A,N/A,"{'no_mp': True, 'no_fuel': True}"
2025-09-13T22:06:09.668770,INSUFFICIENT_SUPPORT,Z_Batalion__2_Kompania_Zaopatrzeniowa,"24,-7",N/A,N/A,N/A,N/A,N/A,N/A,0,50,4,"{'enemies_list': [], 'units_found': 0, 'units_needed': 1, 'shortage': 1}"
2025-09-13T22:06:09.668770,NO_MOVEMENT_POINTS,P_Batalion__2_Batalion_Strzelc_w_20250913214005,"15,-7",0,0,"25,-9",10,False,False,N/A,N/A,N/A,{'no_mp': True}
2025-09-13T22:06:09.670931,NO_FUEL,P_Batalion__2_Batalion_Strzelc_w_20250913214005,"15,-7",0,0,"25,-9",10,False,False,N/A,N/A,N/A,"{'no_mp': True, 'no_fuel': True}"
2025-09-13T22:06:09.671940,NO_MOVEMENT_POINTS,P_Pluton__2_Kompania_Grenadier_w,"15,-7",0,0,"26,6",24,False,False,N/A,N/A,N/A,{'no_mp': True}
2025-09-13T22:06:09.671940,NO_FUEL,P_Pluton__2_Kompania_Grenadier_w,"15,-7",0,0,"26,6",24,False,False,N/A,N/A,N/A,"{'no_mp': True, 'no_fuel': True}"
2025-09-13T22:06:09.673086,NO_MOVEMENT_POINTS,Z_Pluton__2_Batalion_Wsparcia,"15,-7",0,0,"28,5",25,False,False,N/A,N/A,N/A,{'no_mp': True}
2025-09-13T22:06:09.674235,NO_FUEL,Z_Pluton__2_Batalion_Wsparcia,"15,-7",0,0,"28,5",25,False,False,N/A,N/A,N/A,"{'no_mp': True, 'no_fuel': True}"
2025-09-13T22:06:09.674715,NO_MOVEMENT_POINTS,P_Pluton__2_Kompania_Grenadier_w_20250913214010,"15,-7",0,0,"27,6",25,False,False,N/A,N/A,N/A,{'no_mp': True}
2025-09-13T22:06:09.680452,NO_FUEL,P_Pluton__2_Kompania_Grenadier_w_20250913214010,"15,-7",0,0,"27,6",25,False,False,N/A,N/A,N/A,"{'no_mp': True, 'no_fuel': True}"
2025-09-13T22:06:09.681690,INSUFFICIENT_SUPPORT,D_Pluton__2_Dow_dztwo_Einheit,"15,-7",N/A,N/A,N/A,N/A,N/A,N/A,0,100,4,"{'enemies_list': [], 'units_found': 0, 'units_needed': 2, 'shortage': 2}"
2025-09-13T22:06:09.799659,NO_MOVEMENT_POINTS,P_Pluton__5_Infanterie_Regiment,"45,-15",0,0,"36,-15",9,False,False,N/A,N/A,N/A,{'no_mp': True}
2025-09-13T22:06:09.800870,NO_FUEL,P_Pluton__5_Infanterie_Regiment,"45,-15",0,0,"36,-15",9,False,False,N/A,N/A,N/A,"{'no_mp': True, 'no_fuel': True}"
2025-09-13T22:06:09.801933,NO_MOVEMENT_POINTS,P_Kompania__5_Infanterie_Regiment,"45,-15",0,0,"36,-14",9,False,False,N/A,N/A,N/A,{'no_mp': True}
2025-09-13T22:06:09.801933,NO_FUEL,P_Kompania__5_Infanterie_Regiment,"45,-15",0,0,"36,-14",9,False,False,N/A,N/A,N/A,"{'no_mp': True, 'no_fuel': True}"
2025-09-13T22:06:09.801933,NO_MOVEMENT_POINTS,P_Pluton__5_Sch_tzen_Kompanie,"45,-15",0,0,"37,-15",8,False,False,N/A,N/A,N/A,{'no_mp': True}
2025-09-13T22:06:09.801933,NO_FUEL,P_Pluton__5_Sch_tzen_Kompanie,"45,-15",0,0,"37,-15",8,False,False,N/A,N/A,N/A,"{'no_mp': True, 'no_fuel': True}"
2025-09-13T22:06:09.801933,NO_MOVEMENT_POINTS,AC_Kompania__5_schwere_Artillerie,"45,-15",0,0,"36,-16",10,False,False,N/A,N/A,N/A,{'no_mp': True}
2025-09-13T22:06:09.801933,NO_FUEL,AC_Kompania__5_schwere_Artillerie,"45,-15",0,0,"36,-16",10,False,False,N/A,N/A,N/A,"{'no_mp': True, 'no_fuel': True}"
2025-09-13T22:06:09.807866,NO_MOVEMENT_POINTS,AL_Batalion__5_Artillerie_Abteilung,"45,-15",0,0,"37,-17",10,False,False,N/A,N/A,N/A,{'no_mp': True}
2025-09-13T22:06:09.808863,NO_FUEL,AL_Batalion__5_Artillerie_Abteilung,"45,-15",0,0,"37,-17",10,False,False,N/A,N/A,N/A,"{'no_mp': True, 'no_fuel': True}"
2025-09-13T22:06:09.809572,INSUFFICIENT_SUPPORT,Z_Kompania__5_Unterst_tzungs_Bataillon,"45,-15",N/A,N/A,N/A,N/A,N/A,N/A,0,100,5,"{'enemies_list': [], 'units_found': 0, 'units_needed': 2, 'shortage': 2}"
2025-09-13T22:06:09.815175,NO_MOVEMENT_POINTS,P_Pluton__5_Infanterie_Regiment,"43,-14",0,0,"36,-15",8,False,False,N/A,N/A,N/A,{'no_mp': True}
2025-09-13T22:06:09.815175,NO_FUEL,P_Pluton__5_Infanterie_Regiment,"43,-14",0,0,"36,-15",8,False,False,N/A,N/A,N/A,"{'no_mp': True, 'no_fuel': True}"
2025-09-13T22:06:09.816347,NO_MOVEMENT_POINTS,P_Kompania__5_Infanterie_Regiment,"43,-14",0,0,"36,-14",7,False,False,N/A,N/A,N/A,{'no_mp': True}
2025-09-13T22:06:09.817529,NO_FUEL,P_Kompania__5_Infanterie_Regiment,"43,-14",0,0,"36,-14",7,False,False,N/A,N/A,N/A,"{'no_mp': True, 'no_fuel': True}"
2025-09-13T22:06:09.817529,NO_MOVEMENT_POINTS,P_Pluton__5_Sch_tzen_Kompanie,"43,-14",0,0,"37,-15",7,False,False,N/A,N/A,N/A,{'no_mp': True}
2025-09-13T22:06:09.819202,NO_FUEL,P_Pluton__5_Sch_tzen_Kompanie,"43,-14",0,0,"37,-15",7,False,False,N/A,N/A,N/A,"{'no_mp': True, 'no_fuel': True}"
2025-09-13T22:06:09.820750,NO_MOVEMENT_POINTS,AC_Kompania__5_schwere_Artillerie,"43,-14",0,0,"36,-16",9,False,False,N/A,N/A,N/A,{'no_mp': True}
2025-09-13T22:06:09.821317,NO_FUEL,AC_Kompania__5_schwere_Artillerie,"43,-14",0,0,"36,-16",9,False,False,N/A,N/A,N/A,"{'no_mp': True, 'no_fuel': True}"
2025-09-13T22:06:09.822333,NO_MOVEMENT_POINTS,AL_Batalion__5_Artillerie_Abteilung,"43,-14",0,0,"37,-17",9,False,False,N/A,N/A,N/A,{'no_mp': True}
2025-09-13T22:06:09.823350,NO_FUEL,AL_Batalion__5_Artillerie_Abteilung,"43,-14",0,0,"37,-17",9,False,False,N/A,N/A,N/A,"{'no_mp': True, 'no_fuel': True}"
2025-09-13T22:06:09.824613,INSUFFICIENT_SUPPORT,Z_Pluton__5_Versorgungs_Kompanie,"43,-14",N/A,N/A,N/A,N/A,N/A,N/A,0,150,5,"{'enemies_list': [], 'units_found': 0, 'units_needed': 2, 'shortage': 2}"
2025-09-13T22:06:09.827595,NO_MOVEMENT_POINTS,P_Pluton__5_Infanterie_Regiment,"42,-14",0,0,"36,-15",7,False,False,N/A,N/A,N/A,{'no_mp': True}
2025-09-13T22:06:09.830490,NO_FUEL,P_Pluton__5_Infanterie_Regiment,"42,-14",0,0,"36,-15",7,False,False,N/A,N/A,N/A,"{'no_mp': True, 'no_fuel': True}"
2025-09-13T22:06:09.831691,NO_MOVEMENT_POINTS,P_Kompania__5_Infanterie_Regiment,"42,-14",0,0,"36,-14",6,False,False,N/A,N/A,N/A,{'no_mp': True}
2025-09-13T22:06:09.831691,NO_FUEL,P_Kompania__5_Infanterie_Regiment,"42,-14",0,0,"36,-14",6,False,False,N/A,N/A,N/A,"{'no_mp': True, 'no_fuel': True}"
2025-09-13T22:06:09.831691,NO_MOVEMENT_POINTS,P_Pluton__5_Sch_tzen_Kompanie,"42,-14",0,0,"37,-15",6,False,False,N/A,N/A,N/A,{'no_mp': True}
2025-09-13T22:06:09.831691,NO_FUEL,P_Pluton__5_Sch_tzen_Kompanie,"42,-14",0,0,"37,-15",6,False,False,N/A,N/A,N/A,"{'no_mp': True, 'no_fuel': True}"
2025-09-13T22:06:09.831691,NO_MOVEMENT_POINTS,AC_Kompania__5_schwere_Artillerie,"42,-14",0,0,"36,-16",8,False,False,N/A,N/A,N/A,{'no_mp': True}
2025-09-13T22:06:09.831691,NO_FUEL,AC_Kompania__5_schwere_Artillerie,"42,-14",0,0,"36,-16",8,False,False,N/A,N/A,N/A,"{'no_mp': True, 'no_fuel': True}"
2025-09-13T22:06:09.831691,NO_MOVEMENT_POINTS,AL_Batalion__5_Artillerie_Abteilung,"42,-14",0,0,"37,-17",8,False,False,N/A,N/A,N/A,{'no_mp': True}
2025-09-13T22:06:09.831691,NO_FUEL,AL_Batalion__5_Artillerie_Abteilung,"42,-14",0,0,"37,-17",8,False,False,N/A,N/A,N/A,"{'no_mp': True, 'no_fuel': True}"
2025-09-13T22:06:09.838398,INSUFFICIENT_SUPPORT,Z_Pluton__5_Unterst_tzungs_Bataillon,"42,-14",N/A,N/A,N/A,N/A,N/A,N/A,0,150,5,"{'enemies_list': [], 'units_found': 0, 'units_needed': 2, 'shortage': 2}"
2025-09-13T22:06:09.839412,NO_MOVEMENT_POINTS,P_Pluton__5_Infanterie_Regiment,"52,-13",0,0,"36,-15",18,False,False,N/A,N/A,N/A,{'no_mp': True}
2025-09-13T22:06:09.840557,NO_FUEL,P_Pluton__5_Infanterie_Regiment,"52,-13",0,0,"36,-15",18,False,False,N/A,N/A,N/A,"{'no_mp': True, 'no_fuel': True}"
2025-09-13T22:06:09.841884,NO_MOVEMENT_POINTS,P_Kompania__5_Infanterie_Regiment,"52,-13",0,0,"36,-14",17,False,False,N/A,N/A,N/A,{'no_mp': True}
2025-09-13T22:06:09.841884,NO_FUEL,P_Kompania__5_Infanterie_Regiment,"52,-13",0,0,"36,-14",17,False,False,N/A,N/A,N/A,"{'no_mp': True, 'no_fuel': True}"
2025-09-13T22:06:09.845104,NO_MOVEMENT_POINTS,P_Pluton__5_Sch_tzen_Kompanie,"52,-13",0,0,"37,-15",17,False,False,N/A,N/A,N/A,{'no_mp': True}
2025-09-13T22:06:09.847648,NO_FUEL,P_Pluton__5_Sch_tzen_Kompanie,"52,-13",0,0,"37,-15",17,False,False,N/A,N/A,N/A,"{'no_mp': True, 'no_fuel': True}"
2025-09-13T22:06:09.849032,NO_MOVEMENT_POINTS,AC_Kompania__5_schwere_Artillerie,"52,-13",0,0,"36,-16",19,False,False,N/A,N/A,N/A,{'no_mp': True}
2025-09-13T22:06:09.850267,NO_FUEL,AC_Kompania__5_schwere_Artillerie,"52,-13",0,0,"36,-16",19,False,False,N/A,N/A,N/A,"{'no_mp': True, 'no_fuel': True}"
2025-09-13T22:06:09.851113,NO_MOVEMENT_POINTS,AL_Batalion__5_Artillerie_Abteilung,"52,-13",0,0,"37,-17",19,False,False,N/A,N/A,N/A,{'no_mp': True}
2025-09-13T22:06:09.851949,NO_FUEL,AL_Batalion__5_Artillerie_Abteilung,"52,-13",0,0,"37,-17",19,False,False,N/A,N/A,N/A,"{'no_mp': True, 'no_fuel': True}"
2025-09-13T22:06:09.852947,INSUFFICIENT_SUPPORT,Z_Pluton__5_Unterst_tzungs_Bataillon_20250913214038,"52,-13",N/A,N/A,N/A,N/A,N/A,N/A,0,100,5,"{'enemies_list': [], 'units_found': 0, 'units_needed': 2, 'shortage': 2}"
2025-09-13T22:06:11.368706,NO_MOVEMENT_POINTS,P_Batalion__2_Batalion_Strzelc_w,"24,-8",0,0,"25,-9",1,False,False,N/A,N/A,N/A,{'no_mp': True}
2025-09-13T22:06:11.370898,NO_FUEL,P_Batalion__2_Batalion_Strzelc_w,"24,-8",0,0,"25,-9",1,False,False,N/A,N/A,N/A,"{'no_mp': True, 'no_fuel': True}"
2025-09-13T22:06:11.370898,NO_MOVEMENT_POINTS,P_Batalion__2_Batalion_Strzelc_w_20250913214005,"24,-8",0,0,"26,-9",2,False,False,N/A,N/A,N/A,{'no_mp': True}
2025-09-13T22:06:11.370898,NO_FUEL,P_Batalion__2_Batalion_Strzelc_w_20250913214005,"24,-8",0,0,"26,-9",2,False,False,N/A,N/A,N/A,"{'no_mp': True, 'no_fuel': True}"
2025-09-13T22:06:11.370898,NO_MOVEMENT_POINTS,P_Pluton__2_Kompania_Grenadier_w,"24,-8",0,0,"27,5",16,False,False,N/A,N/A,N/A,{'no_mp': True}
2025-09-13T22:06:11.374828,NO_FUEL,P_Pluton__2_Kompania_Grenadier_w,"24,-8",0,0,"27,5",16,False,False,N/A,N/A,N/A,"{'no_mp': True, 'no_fuel': True}"
2025-09-13T22:06:11.375819,NO_MOVEMENT_POINTS,P_Pluton__2_Kompania_Grenadier_w_20250913214010,"24,-8",0,0,"28,4",16,False,False,N/A,N/A,N/A,{'no_mp': True}
2025-09-13T22:06:11.376898,NO_FUEL,P_Pluton__2_Kompania_Grenadier_w_20250913214010,"24,-8",0,0,"28,4",16,False,False,N/A,N/A,N/A,"{'no_mp': True, 'no_fuel': True}"
2025-09-13T22:06:11.378170,INSUFFICIENT_SUPPORT,TL_Kompania__2_Batalion_Pancerny,"24,-8",N/A,N/A,N/A,N/A,N/A,N/A,0,100,4,"{'enemies_list': [], 'units_found': 0, 'units_needed': 2, 'shortage': 2}"
2025-09-13T22:06:11.381209,NO_MOVEMENT_POINTS,P_Batalion__2_Batalion_Strzelc_w,"28,3",0,0,"25,-9",15,False,False,N/A,N/A,N/A,{'no_mp': True}
2025-09-13T22:06:11.382909,NO_FUEL,P_Batalion__2_Batalion_Strzelc_w,"28,3",0,0,"25,-9",15,False,False,N/A,N/A,N/A,"{'no_mp': True, 'no_fuel': True}"
2025-09-13T22:06:11.383907,NO_MOVEMENT_POINTS,P_Batalion__2_Batalion_Strzelc_w_20250913214005,"28,3",0,0,"26,-9",14,False,False,N/A,N/A,N/A,{'no_mp': True}
2025-09-13T22:06:11.384939,NO_FUEL,P_Batalion__2_Batalion_Strzelc_w_20250913214005,"28,3",0,0,"26,-9",14,False,False,N/A,N/A,N/A,"{'no_mp': True, 'no_fuel': True}"
2025-09-13T22:06:11.386030,NO_MOVEMENT_POINTS,P_Pluton__2_Kompania_Grenadier_w,"28,3",0,0,"27,5",2,False,False,N/A,N/A,N/A,{'no_mp': True}
2025-09-13T22:06:11.386520,NO_FUEL,P_Pluton__2_Kompania_Grenadier_w,"28,3",0,0,"27,5",2,False,False,N/A,N/A,N/A,"{'no_mp': True, 'no_fuel': True}"
2025-09-13T22:06:11.387503,NO_MOVEMENT_POINTS,P_Pluton__2_Kompania_Grenadier_w_20250913214010,"28,3",0,0,"28,4",1,False,False,N/A,N/A,N/A,{'no_mp': True}
2025-09-13T22:06:11.388551,NO_FUEL,P_Pluton__2_Kompania_Grenadier_w_20250913214010,"28,3",0,0,"28,4",1,False,False,N/A,N/A,N/A,"{'no_mp': True, 'no_fuel': True}"
2025-09-13T22:06:11.388551,INSUFFICIENT_SUPPORT,P_Kompania__2_Pu_k_Piechoty,"28,3",N/A,N/A,N/A,N/A,N/A,N/A,0,75,4,"{'enemies_list': [], 'units_found': 0, 'units_needed': 1, 'shortage': 1}"
2025-09-13T22:06:11.391313,NO_MOVEMENT_POINTS,P_Batalion__2_Batalion_Strzelc_w,"15,-7",0,0,"25,-9",10,False,False,N/A,N/A,N/A,{'no_mp': True}
2025-09-13T22:06:11.392328,NO_FUEL,P_Batalion__2_Batalion_Strzelc_w,"15,-7",0,0,"25,-9",10,False,False,N/A,N/A,N/A,"{'no_mp': True, 'no_fuel': True}"
2025-09-13T22:06:11.392328,NO_MOVEMENT_POINTS,P_Batalion__2_Batalion_Strzelc_w_20250913214005,"15,-7",0,0,"26,-9",11,False,False,N/A,N/A,N/A,{'no_mp': True}
2025-09-13T22:06:11.393334,NO_FUEL,P_Batalion__2_Batalion_Strzelc_w_20250913214005,"15,-7",0,0,"26,-9",11,False,False,N/A,N/A,N/A,"{'no_mp': True, 'no_fuel': True}"
2025-09-13T22:06:11.396705,NO_MOVEMENT_POINTS,P_Pluton__2_Kompania_Grenadier_w,"15,-7",0,0,"27,5",24,False,False,N/A,N/A,N/A,{'no_mp': True}
2025-09-13T22:06:11.399577,NO_FUEL,P_Pluton__2_Kompania_Grenadier_w,"15,-7",0,0,"27,5",24,False,False,N/A,N/A,N/A,"{'no_mp': True, 'no_fuel': True}"
2025-09-13T22:06:11.400574,NO_MOVEMENT_POINTS,P_Pluton__2_Kompania_Grenadier_w_20250913214010,"15,-7",0,0,"28,4",24,False,False,N/A,N/A,N/A,{'no_mp': True}
2025-09-13T22:06:11.401655,NO_FUEL,P_Pluton__2_Kompania_Grenadier_w_20250913214010,"15,-7",0,0,"28,4",24,False,False,N/A,N/A,N/A,"{'no_mp': True, 'no_fuel': True}"
2025-09-13T22:06:11.401655,INSUFFICIENT_SUPPORT,D_Pluton__2_Dow_dztwo_Einheit,"15,-7",N/A,N/A,N/A,N/A,N/A,N/A,0,100,4,"{'enemies_list': [], 'units_found': 0, 'units_needed': 2, 'shortage': 2}"
2025-09-13T22:06:11.839715,NO_MOVEMENT_POINTS,P_Pluton__5_Infanterie_Regiment,"43,-14",0,0,"35,-15",9,False,False,N/A,N/A,N/A,{'no_mp': True}
2025-09-13T22:06:11.840728,NO_FUEL,P_Pluton__5_Infanterie_Regiment,"43,-14",0,0,"35,-15",9,False,False,N/A,N/A,N/A,"{'no_mp': True, 'no_fuel': True}"
2025-09-13T22:06:11.842041,NO_MOVEMENT_POINTS,P_Kompania__5_Infanterie_Regiment,"43,-14",0,0,"36,-15",8,False,False,N/A,N/A,N/A,{'no_mp': True}
2025-09-13T22:06:11.843169,NO_FUEL,P_Kompania__5_Infanterie_Regiment,"43,-14",0,0,"36,-15",8,False,False,N/A,N/A,N/A,"{'no_mp': True, 'no_fuel': True}"
2025-09-13T22:06:11.844133,NO_MOVEMENT_POINTS,P_Pluton__5_Sch_tzen_Kompanie,"43,-14",0,0,"37,-15",7,False,False,N/A,N/A,N/A,{'no_mp': True}
2025-09-13T22:06:11.848471,NO_FUEL,P_Pluton__5_Sch_tzen_Kompanie,"43,-14",0,0,"37,-15",7,False,False,N/A,N/A,N/A,"{'no_mp': True, 'no_fuel': True}"
2025-09-13T22:06:11.849533,NO_MOVEMENT_POINTS,AC_Kompania__5_schwere_Artillerie,"43,-14",0,0,"36,-16",9,False,False,N/A,N/A,N/A,{'no_mp': True}
2025-09-13T22:06:11.850906,NO_FUEL,AC_Kompania__5_schwere_Artillerie,"43,-14",0,0,"36,-16",9,False,False,N/A,N/A,N/A,"{'no_mp': True, 'no_fuel': True}"
2025-09-13T22:06:11.851909,NO_MOVEMENT_POINTS,AL_Batalion__5_Artillerie_Abteilung,"43,-14",0,0,"37,-16",8,False,False,N/A,N/A,N/A,{'no_mp': True}
2025-09-13T22:06:11.851909,NO_FUEL,AL_Batalion__5_Artillerie_Abteilung,"43,-14",0,0,"37,-16",8,False,False,N/A,N/A,N/A,"{'no_mp': True, 'no_fuel': True}"
2025-09-13T22:06:11.853251,INSUFFICIENT_SUPPORT,Z_Pluton__5_Versorgungs_Kompanie,"43,-14",N/A,N/A,N/A,N/A,N/A,N/A,0,150,5,"{'enemies_list': [], 'units_found': 0, 'units_needed': 2, 'shortage': 2}"
2025-09-13T22:06:12.156869,NO_MOVEMENT_POINTS,P_Batalion__2_Batalion_Strzelc_w_20250913214005,"24,-7",0,0,"25,-9",2,False,False,N/A,N/A,N/A,{'no_mp': True}
2025-09-13T22:06:12.156869,NO_FUEL,P_Batalion__2_Batalion_Strzelc_w_20250913214005,"24,-7",0,0,"25,-9",2,False,False,N/A,N/A,N/A,"{'no_mp': True, 'no_fuel': True}"
2025-09-13T22:06:12.163405,NO_MOVEMENT_POINTS,P_Pluton__2_Kompania_Grenadier_w,"24,-7",0,0,"26,6",15,False,False,N/A,N/A,N/A,{'no_mp': True}
2025-09-13T22:06:12.166970,NO_FUEL,P_Pluton__2_Kompania_Grenadier_w,"24,-7",0,0,"26,6",15,False,False,N/A,N/A,N/A,"{'no_mp': True, 'no_fuel': True}"
2025-09-13T22:06:12.167969,NO_MOVEMENT_POINTS,Z_Pluton__2_Batalion_Wsparcia,"24,-7",0,0,"28,5",16,False,False,N/A,N/A,N/A,{'no_mp': True}
2025-09-13T22:06:12.168984,NO_FUEL,Z_Pluton__2_Batalion_Wsparcia,"24,-7",0,0,"28,5",16,False,False,N/A,N/A,N/A,"{'no_mp': True, 'no_fuel': True}"
2025-09-13T22:06:12.168984,NO_MOVEMENT_POINTS,P_Pluton__2_Kompania_Grenadier_w_20250913214010,"24,-7",0,0,"27,6",16,False,False,N/A,N/A,N/A,{'no_mp': True}
2025-09-13T22:06:12.169990,NO_FUEL,P_Pluton__2_Kompania_Grenadier_w_20250913214010,"24,-7",0,0,"27,6",16,False,False,N/A,N/A,N/A,"{'no_mp': True, 'no_fuel': True}"
2025-09-13T22:06:12.171366,INSUFFICIENT_SUPPORT,P_Batalion__2_Batalion_Strzelc_w,"24,-7",N/A,N/A,N/A,N/A,N/A,N/A,0,50,4,"{'enemies_list': [], 'units_found': 0, 'units_needed': 1, 'shortage': 1}"
2025-09-13T22:06:12.172868,NO_MOVEMENT_POINTS,P_Batalion__2_Batalion_Strzelc_w_20250913214005,"28,3",0,0,"25,-9",15,False,False,N/A,N/A,N/A,{'no_mp': True}
2025-09-13T22:06:12.172868,NO_FUEL,P_Batalion__2_Batalion_Strzelc_w_20250913214005,"28,3",0,0,"25,-9",15,False,False,N/A,N/A,N/A,"{'no_mp': True, 'no_fuel': True}"
2025-09-13T22:06:12.174095,NO_MOVEMENT_POINTS,P_Pluton__2_Kompania_Grenadier_w,"28,3",0,0,"26,6",3,False,False,N/A,N/A,N/A,{'no_mp': True}
2025-09-13T22:06:12.175404,NO_FUEL,P_Pluton__2_Kompania_Grenadier_w,"28,3",0,0,"26,6",3,False,False,N/A,N/A,N/A,"{'no_mp': True, 'no_fuel': True}"
2025-09-13T22:06:12.175404,NO_MOVEMENT_POINTS,Z_Pluton__2_Batalion_Wsparcia,"28,3",0,0,"28,5",2,False,False,N/A,N/A,N/A,{'no_mp': True}
2025-09-13T22:06:12.177503,NO_FUEL,Z_Pluton__2_Batalion_Wsparcia,"28,3",0,0,"28,5",2,False,False,N/A,N/A,N/A,"{'no_mp': True, 'no_fuel': True}"
2025-09-13T22:06:12.182179,NO_MOVEMENT_POINTS,P_Pluton__2_Kompania_Grenadier_w_20250913214010,"28,3",0,0,"27,6",3,False,False,N/A,N/A,N/A,{'no_mp': True}
2025-09-13T22:06:12.185200,NO_FUEL,P_Pluton__2_Kompania_Grenadier_w_20250913214010,"28,3",0,0,"27,6",3,False,False,N/A,N/A,N/A,"{'no_mp': True, 'no_fuel': True}"
2025-09-13T22:06:12.186208,INSUFFICIENT_SUPPORT,P_Kompania__2_Pu_k_Piechoty,"28,3",N/A,N/A,N/A,N/A,N/A,N/A,0,75,4,"{'enemies_list': [], 'units_found': 0, 'units_needed': 1, 'shortage': 1}"
2025-09-13T22:06:12.187236,NO_MOVEMENT_POINTS,P_Batalion__2_Batalion_Strzelc_w_20250913214005,"27,4",0,0,"25,-9",15,False,False,N/A,N/A,N/A,{'no_mp': True}
2025-09-13T22:06:12.187236,NO_FUEL,P_Batalion__2_Batalion_Strzelc_w_20250913214005,"27,4",0,0,"25,-9",15,False,False,N/A,N/A,N/A,"{'no_mp': True, 'no_fuel': True}"
2025-09-13T22:06:12.188649,NO_MOVEMENT_POINTS,P_Pluton__2_Kompania_Grenadier_w,"27,4",0,0,"26,6",2,False,False,N/A,N/A,N/A,{'no_mp': True}
2025-09-13T22:06:12.189846,NO_FUEL,P_Pluton__2_Kompania_Grenadier_w,"27,4",0,0,"26,6",2,False,False,N/A,N/A,N/A,"{'no_mp': True, 'no_fuel': True}"
2025-09-13T22:06:12.190851,NO_MOVEMENT_POINTS,Z_Pluton__2_Batalion_Wsparcia,"27,4",0,0,"28,5",2,False,False,N/A,N/A,N/A,{'no_mp': True}
2025-09-13T22:06:12.192248,NO_FUEL,Z_Pluton__2_Batalion_Wsparcia,"27,4",0,0,"28,5",2,False,False,N/A,N/A,N/A,"{'no_mp': True, 'no_fuel': True}"
2025-09-13T22:06:12.192248,NO_MOVEMENT_POINTS,P_Pluton__2_Kompania_Grenadier_w_20250913214010,"27,4",0,0,"27,6",2,False,False,N/A,N/A,N/A,{'no_mp': True}
2025-09-13T22:06:12.193261,NO_FUEL,P_Pluton__2_Kompania_Grenadier_w_20250913214010,"27,4",0,0,"27,6",2,False,False,N/A,N/A,N/A,"{'no_mp': True, 'no_fuel': True}"
2025-09-13T22:06:12.194292,INSUFFICIENT_SUPPORT,Z_Pluton__2_Oddzia_Rozpoznawczy,"27,4",N/A,N/A,N/A,N/A,N/A,N/A,0,75,4,"{'enemies_list': [], 'units_found': 0, 'units_needed': 1, 'shortage': 1}"
2025-09-13T22:06:12.200553,NO_MOVEMENT_POINTS,P_Batalion__2_Batalion_Strzelc_w_20250913214005,"15,-7",0,0,"25,-9",10,False,False,N/A,N/A,N/A,{'no_mp': True}
2025-09-13T22:06:12.200553,NO_FUEL,P_Batalion__2_Batalion_Strzelc_w_20250913214005,"15,-7",0,0,"25,-9",10,False,False,N/A,N/A,N/A,"{'no_mp': True, 'no_fuel': True}"
2025-09-13T22:06:12.201651,NO_MOVEMENT_POINTS,P_Pluton__2_Kompania_Grenadier_w,"15,-7",0,0,"26,6",24,False,False,N/A,N/A,N/A,{'no_mp': True}
2025-09-13T22:06:12.202891,NO_FUEL,P_Pluton__2_Kompania_Grenadier_w,"15,-7",0,0,"26,6",24,False,False,N/A,N/A,N/A,"{'no_mp': True, 'no_fuel': True}"
2025-09-13T22:06:12.202891,NO_MOVEMENT_POINTS,Z_Pluton__2_Batalion_Wsparcia,"15,-7",0,0,"28,5",25,False,False,N/A,N/A,N/A,{'no_mp': True}
2025-09-13T22:06:12.204127,NO_FUEL,Z_Pluton__2_Batalion_Wsparcia,"15,-7",0,0,"28,5",25,False,False,N/A,N/A,N/A,"{'no_mp': True, 'no_fuel': True}"
2025-09-13T22:06:12.205193,NO_MOVEMENT_POINTS,P_Pluton__2_Kompania_Grenadier_w_20250913214010,"15,-7",0,0,"27,6",25,False,False,N/A,N/A,N/A,{'no_mp': True}
2025-09-13T22:06:12.206347,NO_FUEL,P_Pluton__2_Kompania_Grenadier_w_20250913214010,"15,-7",0,0,"27,6",25,False,False,N/A,N/A,N/A,"{'no_mp': True, 'no_fuel': True}"
2025-09-13T22:06:12.206347,INSUFFICIENT_SUPPORT,D_Pluton__2_Dow_dztwo_Einheit,"15,-7",N/A,N/A,N/A,N/A,N/A,N/A,0,100,4,"{'enemies_list': [], 'units_found': 0, 'units_needed': 2, 'shortage': 2}"
2025-09-13T22:06:12.554822,NO_MOVEMENT_POINTS,P_Pluton__5_Infanterie_Regiment,"43,-14",0,0,"36,-15",8,False,False,N/A,N/A,N/A,{'no_mp': True}
2025-09-13T22:06:12.554822,NO_FUEL,P_Pluton__5_Infanterie_Regiment,"43,-14",0,0,"36,-15",8,False,False,N/A,N/A,N/A,"{'no_mp': True, 'no_fuel': True}"
2025-09-13T22:06:12.555821,NO_MOVEMENT_POINTS,P_Kompania__5_Infanterie_Regiment,"43,-14",0,0,"36,-14",7,False,False,N/A,N/A,N/A,{'no_mp': True}
2025-09-13T22:06:12.556839,NO_FUEL,P_Kompania__5_Infanterie_Regiment,"43,-14",0,0,"36,-14",7,False,False,N/A,N/A,N/A,"{'no_mp': True, 'no_fuel': True}"
2025-09-13T22:06:12.556839,NO_MOVEMENT_POINTS,P_Pluton__5_Sch_tzen_Kompanie,"43,-14",0,0,"37,-15",7,False,False,N/A,N/A,N/A,{'no_mp': True}
2025-09-13T22:06:12.556839,NO_FUEL,P_Pluton__5_Sch_tzen_Kompanie,"43,-14",0,0,"37,-15",7,False,False,N/A,N/A,N/A,"{'no_mp': True, 'no_fuel': True}"
2025-09-13T22:06:12.559625,NO_MOVEMENT_POINTS,AC_Kompania__5_schwere_Artillerie,"43,-14",0,0,"36,-16",9,False,False,N/A,N/A,N/A,{'no_mp': True}
2025-09-13T22:06:12.560639,NO_FUEL,AC_Kompania__5_schwere_Artillerie,"43,-14",0,0,"36,-16",9,False,False,N/A,N/A,N/A,"{'no_mp': True, 'no_fuel': True}"
2025-09-13T22:06:12.561882,NO_MOVEMENT_POINTS,AL_Batalion__5_Artillerie_Abteilung,"43,-14",0,0,"37,-16",8,False,False,N/A,N/A,N/A,{'no_mp': True}
2025-09-13T22:06:12.564465,NO_FUEL,AL_Batalion__5_Artillerie_Abteilung,"43,-14",0,0,"37,-16",8,False,False,N/A,N/A,N/A,"{'no_mp': True, 'no_fuel': True}"
2025-09-13T22:06:12.566918,INSUFFICIENT_SUPPORT,Z_Pluton__5_Versorgungs_Kompanie,"43,-14",N/A,N/A,N/A,N/A,N/A,N/A,0,150,5,"{'enemies_list': [], 'units_found': 0, 'units_needed': 2, 'shortage': 2}"
2025-09-13T22:06:12.568202,NO_MOVEMENT_POINTS,P_Pluton__5_Infanterie_Regiment,"43,-15",0,0,"36,-15",7,False,False,N/A,N/A,N/A,{'no_mp': True}
2025-09-13T22:06:12.569214,NO_FUEL,P_Pluton__5_Infanterie_Regiment,"43,-15",0,0,"36,-15",7,False,False,N/A,N/A,N/A,"{'no_mp': True, 'no_fuel': True}"
2025-09-13T22:06:12.570226,NO_MOVEMENT_POINTS,P_Kompania__5_Infanterie_Regiment,"43,-15",0,0,"36,-14",7,False,False,N/A,N/A,N/A,{'no_mp': True}
2025-09-13T22:06:12.571332,NO_FUEL,P_Kompania__5_Infanterie_Regiment,"43,-15",0,0,"36,-14",7,False,False,N/A,N/A,N/A,"{'no_mp': True, 'no_fuel': True}"
2025-09-13T22:06:12.572102,NO_MOVEMENT_POINTS,P_Pluton__5_Sch_tzen_Kompanie,"43,-15",0,0,"37,-15",6,False,False,N/A,N/A,N/A,{'no_mp': True}
2025-09-13T22:06:12.574599,NO_FUEL,P_Pluton__5_Sch_tzen_Kompanie,"43,-15",0,0,"37,-15",6,False,False,N/A,N/A,N/A,"{'no_mp': True, 'no_fuel': True}"
2025-09-13T22:06:12.575711,NO_MOVEMENT_POINTS,AC_Kompania__5_schwere_Artillerie,"43,-15",0,0,"36,-16",8,False,False,N/A,N/A,N/A,{'no_mp': True}
2025-09-13T22:06:12.575711,NO_FUEL,AC_Kompania__5_schwere_Artillerie,"43,-15",0,0,"36,-16",8,False,False,N/A,N/A,N/A,"{'no_mp': True, 'no_fuel': True}"
2025-09-13T22:06:12.577221,NO_MOVEMENT_POINTS,AL_Batalion__5_Artillerie_Abteilung,"43,-15",0,0,"37,-16",7,False,False,N/A,N/A,N/A,{'no_mp': True}
2025-09-13T22:06:12.577621,NO_FUEL,AL_Batalion__5_Artillerie_Abteilung,"43,-15",0,0,"37,-16",7,False,False,N/A,N/A,N/A,"{'no_mp': True, 'no_fuel': True}"
2025-09-13T22:06:12.582742,INSUFFICIENT_SUPPORT,Z_Pluton__5_Unterst_tzungs_Bataillon,"43,-15",N/A,N/A,N/A,N/A,N/A,N/A,0,150,5,"{'enemies_list': [], 'units_found': 0, 'units_needed': 2, 'shortage': 2}"
2025-09-13T22:06:12.759755,NO_MOVEMENT_POINTS,P_Batalion__2_Batalion_Strzelc_w_20250913214005,"28,3",0,0,"25,-9",15,False,False,N/A,N/A,N/A,{'no_mp': True}
2025-09-13T22:06:12.759755,NO_FUEL,P_Batalion__2_Batalion_Strzelc_w_20250913214005,"28,3",0,0,"25,-9",15,False,False,N/A,N/A,N/A,"{'no_mp': True, 'no_fuel': True}"
2025-09-13T22:06:12.761096,NO_MOVEMENT_POINTS,P_Pluton__2_Kompania_Grenadier_w,"28,3",0,0,"26,6",3,False,False,N/A,N/A,N/A,{'no_mp': True}
2025-09-13T22:06:12.764734,NO_FUEL,P_Pluton__2_Kompania_Grenadier_w,"28,3",0,0,"26,6",3,False,False,N/A,N/A,N/A,"{'no_mp': True, 'no_fuel': True}"
2025-09-13T22:06:12.767076,NO_MOVEMENT_POINTS,Z_Pluton__2_Batalion_Wsparcia,"28,3",0,0,"28,5",2,False,False,N/A,N/A,N/A,{'no_mp': True}
2025-09-13T22:06:12.768083,NO_FUEL,Z_Pluton__2_Batalion_Wsparcia,"28,3",0,0,"28,5",2,False,False,N/A,N/A,N/A,"{'no_mp': True, 'no_fuel': True}"
2025-09-13T22:06:12.769380,NO_MOVEMENT_POINTS,P_Pluton__2_Kompania_Grenadier_w_20250913214010,"28,3",0,0,"27,6",3,False,False,N/A,N/A,N/A,{'no_mp': True}
2025-09-13T22:06:12.769380,NO_FUEL,P_Pluton__2_Kompania_Grenadier_w_20250913214010,"28,3",0,0,"27,6",3,False,False,N/A,N/A,N/A,"{'no_mp': True, 'no_fuel': True}"
2025-09-13T22:06:12.770426,INSUFFICIENT_SUPPORT,P_Kompania__2_Pu_k_Piechoty,"28,3",N/A,N/A,N/A,N/A,N/A,N/A,0,75,4,"{'enemies_list': [], 'units_found': 0, 'units_needed': 1, 'shortage': 1}"
2025-09-13T22:06:12.772426,NO_MOVEMENT_POINTS,P_Batalion__2_Batalion_Strzelc_w_20250913214005,"27,4",0,0,"25,-9",15,False,False,N/A,N/A,N/A,{'no_mp': True}
2025-09-13T22:06:12.774472,NO_FUEL,P_Batalion__2_Batalion_Strzelc_w_20250913214005,"27,4",0,0,"25,-9",15,False,False,N/A,N/A,N/A,"{'no_mp': True, 'no_fuel': True}"
2025-09-13T22:06:12.775473,NO_MOVEMENT_POINTS,P_Pluton__2_Kompania_Grenadier_w,"27,4",0,0,"26,6",2,False,False,N/A,N/A,N/A,{'no_mp': True}
2025-09-13T22:06:12.776470,NO_FUEL,P_Pluton__2_Kompania_Grenadier_w,"27,4",0,0,"26,6",2,False,False,N/A,N/A,N/A,"{'no_mp': True, 'no_fuel': True}"
2025-09-13T22:06:12.777475,NO_MOVEMENT_POINTS,Z_Pluton__2_Batalion_Wsparcia,"27,4",0,0,"28,5",2,False,False,N/A,N/A,N/A,{'no_mp': True}
2025-09-13T22:06:12.779866,NO_FUEL,Z_Pluton__2_Batalion_Wsparcia,"27,4",0,0,"28,5",2,False,False,N/A,N/A,N/A,"{'no_mp': True, 'no_fuel': True}"
2025-09-13T22:06:12.782911,NO_MOVEMENT_POINTS,P_Pluton__2_Kompania_Grenadier_w_20250913214010,"27,4",0,0,"27,6",2,False,False,N/A,N/A,N/A,{'no_mp': True}
2025-09-13T22:06:12.784659,NO_FUEL,P_Pluton__2_Kompania_Grenadier_w_20250913214010,"27,4",0,0,"27,6",2,False,False,N/A,N/A,N/A,"{'no_mp': True, 'no_fuel': True}"
2025-09-13T22:06:12.785952,INSUFFICIENT_SUPPORT,Z_Pluton__2_Oddzia_Rozpoznawczy,"27,4",N/A,N/A,N/A,N/A,N/A,N/A,0,75,4,"{'enemies_list': [], 'units_found': 0, 'units_needed': 1, 'shortage': 1}"
2025-09-13T22:06:12.788505,NO_MOVEMENT_POINTS,P_Batalion__2_Batalion_Strzelc_w_20250913214005,"15,-7",0,0,"25,-9",10,False,False,N/A,N/A,N/A,{'no_mp': True}
2025-09-13T22:06:12.790544,NO_FUEL,P_Batalion__2_Batalion_Strzelc_w_20250913214005,"15,-7",0,0,"25,-9",10,False,False,N/A,N/A,N/A,"{'no_mp': True, 'no_fuel': True}"
2025-09-13T22:06:12.790544,NO_MOVEMENT_POINTS,P_Pluton__2_Kompania_Grenadier_w,"15,-7",0,0,"26,6",24,False,False,N/A,N/A,N/A,{'no_mp': True}
2025-09-13T22:06:12.792511,NO_FUEL,P_Pluton__2_Kompania_Grenadier_w,"15,-7",0,0,"26,6",24,False,False,N/A,N/A,N/A,"{'no_mp': True, 'no_fuel': True}"
2025-09-13T22:06:12.798512,NO_MOVEMENT_POINTS,Z_Pluton__2_Batalion_Wsparcia,"15,-7",0,0,"28,5",25,False,False,N/A,N/A,N/A,{'no_mp': True}
2025-09-13T22:06:12.798512,NO_FUEL,Z_Pluton__2_Batalion_Wsparcia,"15,-7",0,0,"28,5",25,False,False,N/A,N/A,N/A,"{'no_mp': True, 'no_fuel': True}"
2025-09-13T22:06:12.801656,NO_MOVEMENT_POINTS,P_Pluton__2_Kompania_Grenadier_w_20250913214010,"15,-7",0,0,"27,6",25,False,False,N/A,N/A,N/A,{'no_mp': True}
2025-09-13T22:06:12.802657,NO_FUEL,P_Pluton__2_Kompania_Grenadier_w_20250913214010,"15,-7",0,0,"27,6",25,False,False,N/A,N/A,N/A,"{'no_mp': True, 'no_fuel': True}"
2025-09-13T22:06:12.804650,INSUFFICIENT_SUPPORT,D_Pluton__2_Dow_dztwo_Einheit,"15,-7",N/A,N/A,N/A,N/A,N/A,N/A,0,100,4,"{'enemies_list': [], 'units_found': 0, 'units_needed': 2, 'shortage': 2}"
2025-09-13T22:06:13.094241,NO_MOVEMENT_POINTS,P_Pluton__5_Infanterie_Regiment,"43,-15",0,0,"36,-15",7,False,False,N/A,N/A,N/A,{'no_mp': True}
2025-09-13T22:06:13.094241,NO_FUEL,P_Pluton__5_Infanterie_Regiment,"43,-15",0,0,"36,-15",7,False,False,N/A,N/A,N/A,"{'no_mp': True, 'no_fuel': True}"
2025-09-13T22:06:13.097577,NO_MOVEMENT_POINTS,P_Kompania__5_Infanterie_Regiment,"43,-15",0,0,"36,-14",7,False,False,N/A,N/A,N/A,{'no_mp': True}
2025-09-13T22:06:13.100656,NO_FUEL,P_Kompania__5_Infanterie_Regiment,"43,-15",0,0,"36,-14",7,False,False,N/A,N/A,N/A,"{'no_mp': True, 'no_fuel': True}"
2025-09-13T22:06:13.102069,NO_MOVEMENT_POINTS,P_Pluton__5_Sch_tzen_Kompanie,"43,-15",0,0,"37,-15",6,False,False,N/A,N/A,N/A,{'no_mp': True}
2025-09-13T22:06:13.102069,NO_FUEL,P_Pluton__5_Sch_tzen_Kompanie,"43,-15",0,0,"37,-15",6,False,False,N/A,N/A,N/A,"{'no_mp': True, 'no_fuel': True}"
2025-09-13T22:06:13.103144,NO_MOVEMENT_POINTS,AC_Kompania__5_schwere_Artillerie,"43,-15",0,0,"36,-16",8,False,False,N/A,N/A,N/A,{'no_mp': True}
2025-09-13T22:06:13.104150,NO_FUEL,AC_Kompania__5_schwere_Artillerie,"43,-15",0,0,"36,-16",8,False,False,N/A,N/A,N/A,"{'no_mp': True, 'no_fuel': True}"
2025-09-13T22:06:13.105277,NO_MOVEMENT_POINTS,AL_Batalion__5_Artillerie_Abteilung,"43,-15",0,0,"37,-17",8,False,False,N/A,N/A,N/A,{'no_mp': True}
2025-09-13T22:06:13.106043,NO_FUEL,AL_Batalion__5_Artillerie_Abteilung,"43,-15",0,0,"37,-17",8,False,False,N/A,N/A,N/A,"{'no_mp': True, 'no_fuel': True}"
2025-09-13T22:06:13.106675,INSUFFICIENT_SUPPORT,Z_Pluton__5_Unterst_tzungs_Bataillon,"43,-15",N/A,N/A,N/A,N/A,N/A,N/A,0,150,5,"{'enemies_list': [], 'units_found': 0, 'units_needed': 2, 'shortage': 2}"
2025-09-13T22:06:13.289498,NO_MOVEMENT_POINTS,P_Batalion__2_Batalion_Strzelc_w_20250913214005,"28,3",0,0,"25,-9",15,False,False,N/A,N/A,N/A,{'no_mp': True}
2025-09-13T22:06:13.289498,NO_FUEL,P_Batalion__2_Batalion_Strzelc_w_20250913214005,"28,3",0,0,"25,-9",15,False,False,N/A,N/A,N/A,"{'no_mp': True, 'no_fuel': True}"
2025-09-13T22:06:13.293757,NO_MOVEMENT_POINTS,P_Pluton__2_Kompania_Grenadier_w,"28,3",0,0,"26,6",3,False,False,N/A,N/A,N/A,{'no_mp': True}
2025-09-13T22:06:13.294770,NO_FUEL,P_Pluton__2_Kompania_Grenadier_w,"28,3",0,0,"26,6",3,False,False,N/A,N/A,N/A,"{'no_mp': True, 'no_fuel': True}"
2025-09-13T22:06:13.296073,NO_MOVEMENT_POINTS,Z_Pluton__2_Batalion_Wsparcia,"28,3",0,0,"28,5",2,False,False,N/A,N/A,N/A,{'no_mp': True}
2025-09-13T22:06:13.300557,NO_FUEL,Z_Pluton__2_Batalion_Wsparcia,"28,3",0,0,"28,5",2,False,False,N/A,N/A,N/A,"{'no_mp': True, 'no_fuel': True}"
2025-09-13T22:06:13.300946,NO_MOVEMENT_POINTS,P_Pluton__2_Kompania_Grenadier_w_20250913214010,"28,3",0,0,"27,6",3,False,False,N/A,N/A,N/A,{'no_mp': True}
2025-09-13T22:06:13.302157,NO_FUEL,P_Pluton__2_Kompania_Grenadier_w_20250913214010,"28,3",0,0,"27,6",3,False,False,N/A,N/A,N/A,"{'no_mp': True, 'no_fuel': True}"
2025-09-13T22:06:13.303443,INSUFFICIENT_SUPPORT,P_Kompania__2_Pu_k_Piechoty,"28,3",N/A,N/A,N/A,N/A,N/A,N/A,0,75,4,"{'enemies_list': [], 'units_found': 0, 'units_needed': 1, 'shortage': 1}"
2025-09-13T22:06:13.304448,NO_MOVEMENT_POINTS,P_Batalion__2_Batalion_Strzelc_w_20250913214005,"27,4",0,0,"25,-9",15,False,False,N/A,N/A,N/A,{'no_mp': True}
2025-09-13T22:06:13.305452,NO_FUEL,P_Batalion__2_Batalion_Strzelc_w_20250913214005,"27,4",0,0,"25,-9",15,False,False,N/A,N/A,N/A,"{'no_mp': True, 'no_fuel': True}"
2025-09-13T22:06:13.306479,NO_MOVEMENT_POINTS,P_Pluton__2_Kompania_Grenadier_w,"27,4",0,0,"26,6",2,False,False,N/A,N/A,N/A,{'no_mp': True}
2025-09-13T22:06:13.307537,NO_FUEL,P_Pluton__2_Kompania_Grenadier_w,"27,4",0,0,"26,6",2,False,False,N/A,N/A,N/A,"{'no_mp': True, 'no_fuel': True}"
2025-09-13T22:06:13.308543,NO_MOVEMENT_POINTS,Z_Pluton__2_Batalion_Wsparcia,"27,4",0,0,"28,5",2,False,False,N/A,N/A,N/A,{'no_mp': True}
2025-09-13T22:06:13.308543,NO_FUEL,Z_Pluton__2_Batalion_Wsparcia,"27,4",0,0,"28,5",2,False,False,N/A,N/A,N/A,"{'no_mp': True, 'no_fuel': True}"
2025-09-13T22:06:13.309720,NO_MOVEMENT_POINTS,P_Pluton__2_Kompania_Grenadier_w_20250913214010,"27,4",0,0,"27,6",2,False,False,N/A,N/A,N/A,{'no_mp': True}
2025-09-13T22:06:13.310921,NO_FUEL,P_Pluton__2_Kompania_Grenadier_w_20250913214010,"27,4",0,0,"27,6",2,False,False,N/A,N/A,N/A,"{'no_mp': True, 'no_fuel': True}"
2025-09-13T22:06:13.311904,INSUFFICIENT_SUPPORT,Z_Pluton__2_Oddzia_Rozpoznawczy,"27,4",N/A,N/A,N/A,N/A,N/A,N/A,0,75,4,"{'enemies_list': [], 'units_found': 0, 'units_needed': 1, 'shortage': 1}"
2025-09-13T22:06:13.317074,NO_MOVEMENT_POINTS,P_Batalion__2_Batalion_Strzelc_w_20250913214005,"24,-7",0,0,"25,-9",2,False,False,N/A,N/A,N/A,{'no_mp': True}
2025-09-13T22:06:13.318073,NO_FUEL,P_Batalion__2_Batalion_Strzelc_w_20250913214005,"24,-7",0,0,"25,-9",2,False,False,N/A,N/A,N/A,"{'no_mp': True, 'no_fuel': True}"
2025-09-13T22:06:13.319375,NO_MOVEMENT_POINTS,P_Pluton__2_Kompania_Grenadier_w,"24,-7",0,0,"26,6",15,False,False,N/A,N/A,N/A,{'no_mp': True}
2025-09-13T22:06:13.319375,NO_FUEL,P_Pluton__2_Kompania_Grenadier_w,"24,-7",0,0,"26,6",15,False,False,N/A,N/A,N/A,"{'no_mp': True, 'no_fuel': True}"
2025-09-13T22:06:13.320748,NO_MOVEMENT_POINTS,Z_Pluton__2_Batalion_Wsparcia,"24,-7",0,0,"28,5",16,False,False,N/A,N/A,N/A,{'no_mp': True}
2025-09-13T22:06:13.321901,NO_FUEL,Z_Pluton__2_Batalion_Wsparcia,"24,-7",0,0,"28,5",16,False,False,N/A,N/A,N/A,"{'no_mp': True, 'no_fuel': True}"
2025-09-13T22:06:13.321901,NO_MOVEMENT_POINTS,P_Pluton__2_Kompania_Grenadier_w_20250913214010,"24,-7",0,0,"27,6",16,False,False,N/A,N/A,N/A,{'no_mp': True}
2025-09-13T22:06:13.323094,NO_FUEL,P_Pluton__2_Kompania_Grenadier_w_20250913214010,"24,-7",0,0,"27,6",16,False,False,N/A,N/A,N/A,"{'no_mp': True, 'no_fuel': True}"
2025-09-13T22:06:13.325171,INSUFFICIENT_SUPPORT,Z_Batalion__2_Kompania_Zaopatrzeniowa,"24,-7",N/A,N/A,N/A,N/A,N/A,N/A,0,50,4,"{'enemies_list': [], 'units_found': 0, 'units_needed': 1, 'shortage': 1}"
2025-09-13T22:06:13.325171,NO_MOVEMENT_POINTS,P_Batalion__2_Batalion_Strzelc_w_20250913214005,"15,-7",0,0,"25,-9",10,False,False,N/A,N/A,N/A,{'no_mp': True}
2025-09-13T22:06:13.326269,NO_FUEL,P_Batalion__2_Batalion_Strzelc_w_20250913214005,"15,-7",0,0,"25,-9",10,False,False,N/A,N/A,N/A,"{'no_mp': True, 'no_fuel': True}"
2025-09-13T22:06:13.327272,NO_MOVEMENT_POINTS,P_Pluton__2_Kompania_Grenadier_w,"15,-7",0,0,"26,6",24,False,False,N/A,N/A,N/A,{'no_mp': True}
2025-09-13T22:06:13.328457,NO_FUEL,P_Pluton__2_Kompania_Grenadier_w,"15,-7",0,0,"26,6",24,False,False,N/A,N/A,N/A,"{'no_mp': True, 'no_fuel': True}"
2025-09-13T22:06:13.333644,NO_MOVEMENT_POINTS,Z_Pluton__2_Batalion_Wsparcia,"15,-7",0,0,"28,5",25,False,False,N/A,N/A,N/A,{'no_mp': True}
2025-09-13T22:06:13.335637,NO_FUEL,Z_Pluton__2_Batalion_Wsparcia,"15,-7",0,0,"28,5",25,False,False,N/A,N/A,N/A,"{'no_mp': True, 'no_fuel': True}"
2025-09-13T22:06:13.335637,NO_MOVEMENT_POINTS,P_Pluton__2_Kompania_Grenadier_w_20250913214010,"15,-7",0,0,"27,6",25,False,False,N/A,N/A,N/A,{'no_mp': True}
2025-09-13T22:06:13.336973,NO_FUEL,P_Pluton__2_Kompania_Grenadier_w_20250913214010,"15,-7",0,0,"27,6",25,False,False,N/A,N/A,N/A,"{'no_mp': True, 'no_fuel': True}"
2025-09-13T22:06:13.338071,INSUFFICIENT_SUPPORT,D_Pluton__2_Dow_dztwo_Einheit,"15,-7",N/A,N/A,N/A,N/A,N/A,N/A,0,100,4,"{'enemies_list': [], 'units_found': 0, 'units_needed': 2, 'shortage': 2}"
2025-09-13T22:06:13.512181,NO_MOVEMENT_POINTS,P_Pluton__5_Infanterie_Regiment,"45,-15",0,0,"36,-15",9,False,False,N/A,N/A,N/A,{'no_mp': True}
2025-09-13T22:06:13.515588,NO_FUEL,P_Pluton__5_Infanterie_Regiment,"45,-15",0,0,"36,-15",9,False,False,N/A,N/A,N/A,"{'no_mp': True, 'no_fuel': True}"
2025-09-13T22:06:13.517618,NO_MOVEMENT_POINTS,P_Kompania__5_Infanterie_Regiment,"45,-15",0,0,"36,-14",9,False,False,N/A,N/A,N/A,{'no_mp': True}
2025-09-13T22:06:13.519629,NO_FUEL,P_Kompania__5_Infanterie_Regiment,"45,-15",0,0,"36,-14",9,False,False,N/A,N/A,N/A,"{'no_mp': True, 'no_fuel': True}"
2025-09-13T22:06:13.519629,NO_MOVEMENT_POINTS,P_Pluton__5_Sch_tzen_Kompanie,"45,-15",0,0,"37,-15",8,False,False,N/A,N/A,N/A,{'no_mp': True}
2025-09-13T22:06:13.521945,NO_FUEL,P_Pluton__5_Sch_tzen_Kompanie,"45,-15",0,0,"37,-15",8,False,False,N/A,N/A,N/A,"{'no_mp': True, 'no_fuel': True}"
2025-09-13T22:06:13.522943,NO_MOVEMENT_POINTS,AC_Kompania__5_schwere_Artillerie,"45,-15",0,0,"36,-16",10,False,False,N/A,N/A,N/A,{'no_mp': True}
2025-09-13T22:06:13.524414,NO_FUEL,AC_Kompania__5_schwere_Artillerie,"45,-15",0,0,"36,-16",10,False,False,N/A,N/A,N/A,"{'no_mp': True, 'no_fuel': True}"
2025-09-13T22:06:13.525421,NO_MOVEMENT_POINTS,AL_Batalion__5_Artillerie_Abteilung,"45,-15",0,0,"37,-17",10,False,False,N/A,N/A,N/A,{'no_mp': True}
2025-09-13T22:06:13.525421,NO_FUEL,AL_Batalion__5_Artillerie_Abteilung,"45,-15",0,0,"37,-17",10,False,False,N/A,N/A,N/A,"{'no_mp': True, 'no_fuel': True}"
2025-09-13T22:06:13.526672,INSUFFICIENT_SUPPORT,Z_Kompania__5_Unterst_tzungs_Bataillon,"45,-15",N/A,N/A,N/A,N/A,N/A,N/A,0,100,5,"{'enemies_list': [], 'units_found': 0, 'units_needed': 2, 'shortage': 2}"
2025-09-13T22:06:13.527682,NO_MOVEMENT_POINTS,P_Pluton__5_Infanterie_Regiment,"43,-15",0,0,"36,-15",7,False,False,N/A,N/A,N/A,{'no_mp': True}
2025-09-13T22:06:13.528838,NO_FUEL,P_Pluton__5_Infanterie_Regiment,"43,-15",0,0,"36,-15",7,False,False,N/A,N/A,N/A,"{'no_mp': True, 'no_fuel': True}"
2025-09-13T22:06:13.533076,NO_MOVEMENT_POINTS,P_Kompania__5_Infanterie_Regiment,"43,-15",0,0,"36,-14",7,False,False,N/A,N/A,N/A,{'no_mp': True}
2025-09-13T22:06:13.534838,NO_FUEL,P_Kompania__5_Infanterie_Regiment,"43,-15",0,0,"36,-14",7,False,False,N/A,N/A,N/A,"{'no_mp': True, 'no_fuel': True}"
2025-09-13T22:06:13.534838,NO_MOVEMENT_POINTS,P_Pluton__5_Sch_tzen_Kompanie,"43,-15",0,0,"37,-15",6,False,False,N/A,N/A,N/A,{'no_mp': True}
2025-09-13T22:06:13.534838,NO_FUEL,P_Pluton__5_Sch_tzen_Kompanie,"43,-15",0,0,"37,-15",6,False,False,N/A,N/A,N/A,"{'no_mp': True, 'no_fuel': True}"
2025-09-13T22:06:13.534838,NO_MOVEMENT_POINTS,AC_Kompania__5_schwere_Artillerie,"43,-15",0,0,"36,-16",8,False,False,N/A,N/A,N/A,{'no_mp': True}
2025-09-13T22:06:13.534838,NO_FUEL,AC_Kompania__5_schwere_Artillerie,"43,-15",0,0,"36,-16",8,False,False,N/A,N/A,N/A,"{'no_mp': True, 'no_fuel': True}"
2025-09-13T22:06:13.539806,NO_MOVEMENT_POINTS,AL_Batalion__5_Artillerie_Abteilung,"43,-15",0,0,"37,-17",8,False,False,N/A,N/A,N/A,{'no_mp': True}
2025-09-13T22:06:13.539806,NO_FUEL,AL_Batalion__5_Artillerie_Abteilung,"43,-15",0,0,"37,-17",8,False,False,N/A,N/A,N/A,"{'no_mp': True, 'no_fuel': True}"
2025-09-13T22:06:13.540978,INSUFFICIENT_SUPPORT,Z_Pluton__5_Unterst_tzungs_Bataillon,"43,-15",N/A,N/A,N/A,N/A,N/A,N/A,0,150,5,"{'enemies_list': [], 'units_found': 0, 'units_needed': 2, 'shortage': 2}"
2025-09-13T22:06:13.542373,NO_MOVEMENT_POINTS,P_Pluton__5_Infanterie_Regiment,"52,-13",0,0,"36,-15",18,False,False,N/A,N/A,N/A,{'no_mp': True}
2025-09-13T22:06:13.542373,NO_FUEL,P_Pluton__5_Infanterie_Regiment,"52,-13",0,0,"36,-15",18,False,False,N/A,N/A,N/A,"{'no_mp': True, 'no_fuel': True}"
2025-09-13T22:06:13.544749,NO_MOVEMENT_POINTS,P_Kompania__5_Infanterie_Regiment,"52,-13",0,0,"36,-14",17,False,False,N/A,N/A,N/A,{'no_mp': True}
2025-09-13T22:06:13.544749,NO_FUEL,P_Kompania__5_Infanterie_Regiment,"52,-13",0,0,"36,-14",17,False,False,N/A,N/A,N/A,"{'no_mp': True, 'no_fuel': True}"
2025-09-13T22:06:13.546630,NO_MOVEMENT_POINTS,P_Pluton__5_Sch_tzen_Kompanie,"52,-13",0,0,"37,-15",17,False,False,N/A,N/A,N/A,{'no_mp': True}
2025-09-13T22:06:13.549022,NO_FUEL,P_Pluton__5_Sch_tzen_Kompanie,"52,-13",0,0,"37,-15",17,False,False,N/A,N/A,N/A,"{'no_mp': True, 'no_fuel': True}"
2025-09-13T22:06:13.551675,NO_MOVEMENT_POINTS,AC_Kompania__5_schwere_Artillerie,"52,-13",0,0,"36,-16",19,False,False,N/A,N/A,N/A,{'no_mp': True}
2025-09-13T22:06:13.552674,NO_FUEL,AC_Kompania__5_schwere_Artillerie,"52,-13",0,0,"36,-16",19,False,False,N/A,N/A,N/A,"{'no_mp': True, 'no_fuel': True}"
2025-09-13T22:06:13.553776,NO_MOVEMENT_POINTS,AL_Batalion__5_Artillerie_Abteilung,"52,-13",0,0,"37,-17",19,False,False,N/A,N/A,N/A,{'no_mp': True}
2025-09-13T22:06:13.553776,NO_FUEL,AL_Batalion__5_Artillerie_Abteilung,"52,-13",0,0,"37,-17",19,False,False,N/A,N/A,N/A,"{'no_mp': True, 'no_fuel': True}"
2025-09-13T22:06:13.555073,INSUFFICIENT_SUPPORT,Z_Pluton__5_Unterst_tzungs_Bataillon_20250913214038,"52,-13",N/A,N/A,N/A,N/A,N/A,N/A,0,100,5,"{'enemies_list': [], 'units_found': 0, 'units_needed': 2, 'shortage': 2}"
2025-09-13T22:06:13.753205,NO_MOVEMENT_POINTS,P_Batalion__2_Batalion_Strzelc_w_20250913214005,"28,3",0,0,"25,-9",15,False,False,N/A,N/A,N/A,{'no_mp': True}
2025-09-13T22:06:13.754218,NO_FUEL,P_Batalion__2_Batalion_Strzelc_w_20250913214005,"28,3",0,0,"25,-9",15,False,False,N/A,N/A,N/A,"{'no_mp': True, 'no_fuel': True}"
2025-09-13T22:06:13.755221,NO_MOVEMENT_POINTS,P_Pluton__2_Kompania_Grenadier_w,"28,3",0,0,"26,6",3,False,False,N/A,N/A,N/A,{'no_mp': True}
2025-09-13T22:06:13.756558,NO_FUEL,P_Pluton__2_Kompania_Grenadier_w,"28,3",0,0,"26,6",3,False,False,N/A,N/A,N/A,"{'no_mp': True, 'no_fuel': True}"
2025-09-13T22:06:13.756558,NO_MOVEMENT_POINTS,Z_Pluton__2_Batalion_Wsparcia,"28,3",0,0,"28,5",2,False,False,N/A,N/A,N/A,{'no_mp': True}
2025-09-13T22:06:13.758239,NO_FUEL,Z_Pluton__2_Batalion_Wsparcia,"28,3",0,0,"28,5",2,False,False,N/A,N/A,N/A,"{'no_mp': True, 'no_fuel': True}"
2025-09-13T22:06:13.758842,NO_MOVEMENT_POINTS,P_Pluton__2_Kompania_Grenadier_w_20250913214010,"28,3",0,0,"27,6",3,False,False,N/A,N/A,N/A,{'no_mp': True}
2025-09-13T22:06:13.759868,NO_FUEL,P_Pluton__2_Kompania_Grenadier_w_20250913214010,"28,3",0,0,"27,6",3,False,False,N/A,N/A,N/A,"{'no_mp': True, 'no_fuel': True}"
2025-09-13T22:06:13.760872,INSUFFICIENT_SUPPORT,P_Kompania__2_Pu_k_Piechoty,"28,3",N/A,N/A,N/A,N/A,N/A,N/A,0,75,4,"{'enemies_list': [], 'units_found': 0, 'units_needed': 1, 'shortage': 1}"
2025-09-13T22:06:13.762057,NO_MOVEMENT_POINTS,P_Batalion__2_Batalion_Strzelc_w_20250913214005,"27,4",0,0,"25,-9",15,False,False,N/A,N/A,N/A,{'no_mp': True}
2025-09-13T22:06:13.763561,NO_FUEL,P_Batalion__2_Batalion_Strzelc_w_20250913214005,"27,4",0,0,"25,-9",15,False,False,N/A,N/A,N/A,"{'no_mp': True, 'no_fuel': True}"
2025-09-13T22:06:13.765649,NO_MOVEMENT_POINTS,P_Pluton__2_Kompania_Grenadier_w,"27,4",0,0,"26,6",2,False,False,N/A,N/A,N/A,{'no_mp': True}
2025-09-13T22:06:13.768715,NO_FUEL,P_Pluton__2_Kompania_Grenadier_w,"27,4",0,0,"26,6",2,False,False,N/A,N/A,N/A,"{'no_mp': True, 'no_fuel': True}"
2025-09-13T22:06:13.769992,NO_MOVEMENT_POINTS,Z_Pluton__2_Batalion_Wsparcia,"27,4",0,0,"28,5",2,False,False,N/A,N/A,N/A,{'no_mp': True}
2025-09-13T22:06:13.769992,NO_FUEL,Z_Pluton__2_Batalion_Wsparcia,"27,4",0,0,"28,5",2,False,False,N/A,N/A,N/A,"{'no_mp': True, 'no_fuel': True}"
2025-09-13T22:06:13.772200,NO_MOVEMENT_POINTS,P_Pluton__2_Kompania_Grenadier_w_20250913214010,"27,4",0,0,"27,6",2,False,False,N/A,N/A,N/A,{'no_mp': True}
2025-09-13T22:06:13.772200,NO_FUEL,P_Pluton__2_Kompania_Grenadier_w_20250913214010,"27,4",0,0,"27,6",2,False,False,N/A,N/A,N/A,"{'no_mp': True, 'no_fuel': True}"
2025-09-13T22:06:13.773209,INSUFFICIENT_SUPPORT,Z_Pluton__2_Oddzia_Rozpoznawczy,"27,4",N/A,N/A,N/A,N/A,N/A,N/A,0,75,4,"{'enemies_list': [], 'units_found': 0, 'units_needed': 1, 'shortage': 1}"
2025-09-13T22:06:13.774220,NO_MOVEMENT_POINTS,P_Batalion__2_Batalion_Strzelc_w_20250913214005,"24,-7",0,0,"25,-9",2,False,False,N/A,N/A,N/A,{'no_mp': True}
2025-09-13T22:06:13.774220,NO_FUEL,P_Batalion__2_Batalion_Strzelc_w_20250913214005,"24,-7",0,0,"25,-9",2,False,False,N/A,N/A,N/A,"{'no_mp': True, 'no_fuel': True}"
2025-09-13T22:06:13.774220,NO_MOVEMENT_POINTS,P_Pluton__2_Kompania_Grenadier_w,"24,-7",0,0,"26,6",15,False,False,N/A,N/A,N/A,{'no_mp': True}
2025-09-13T22:06:13.774220,NO_FUEL,P_Pluton__2_Kompania_Grenadier_w,"24,-7",0,0,"26,6",15,False,False,N/A,N/A,N/A,"{'no_mp': True, 'no_fuel': True}"
2025-09-13T22:06:13.778800,NO_MOVEMENT_POINTS,Z_Pluton__2_Batalion_Wsparcia,"24,-7",0,0,"28,5",16,False,False,N/A,N/A,N/A,{'no_mp': True}
2025-09-13T22:06:13.780185,NO_FUEL,Z_Pluton__2_Batalion_Wsparcia,"24,-7",0,0,"28,5",16,False,False,N/A,N/A,N/A,"{'no_mp': True, 'no_fuel': True}"
2025-09-13T22:06:13.783755,NO_MOVEMENT_POINTS,P_Pluton__2_Kompania_Grenadier_w_20250913214010,"24,-7",0,0,"27,6",16,False,False,N/A,N/A,N/A,{'no_mp': True}
2025-09-13T22:06:13.785518,NO_FUEL,P_Pluton__2_Kompania_Grenadier_w_20250913214010,"24,-7",0,0,"27,6",16,False,False,N/A,N/A,N/A,"{'no_mp': True, 'no_fuel': True}"
2025-09-13T22:06:13.786538,INSUFFICIENT_SUPPORT,Z_Batalion__2_Kompania_Zaopatrzeniowa,"24,-7",N/A,N/A,N/A,N/A,N/A,N/A,0,50,4,"{'enemies_list': [], 'units_found': 0, 'units_needed': 1, 'shortage': 1}"
2025-09-13T22:06:13.786538,NO_MOVEMENT_POINTS,P_Batalion__2_Batalion_Strzelc_w_20250913214005,"15,-7",0,0,"25,-9",10,False,False,N/A,N/A,N/A,{'no_mp': True}
2025-09-13T22:06:13.787692,NO_FUEL,P_Batalion__2_Batalion_Strzelc_w_20250913214005,"15,-7",0,0,"25,-9",10,False,False,N/A,N/A,N/A,"{'no_mp': True, 'no_fuel': True}"
2025-09-13T22:06:13.788714,NO_MOVEMENT_POINTS,P_Pluton__2_Kompania_Grenadier_w,"15,-7",0,0,"26,6",24,False,False,N/A,N/A,N/A,{'no_mp': True}
2025-09-13T22:06:13.789813,NO_FUEL,P_Pluton__2_Kompania_Grenadier_w,"15,-7",0,0,"26,6",24,False,False,N/A,N/A,N/A,"{'no_mp': True, 'no_fuel': True}"
2025-09-13T22:06:13.789813,NO_MOVEMENT_POINTS,Z_Pluton__2_Batalion_Wsparcia,"15,-7",0,0,"28,5",25,False,False,N/A,N/A,N/A,{'no_mp': True}
2025-09-13T22:06:13.791974,NO_FUEL,Z_Pluton__2_Batalion_Wsparcia,"15,-7",0,0,"28,5",25,False,False,N/A,N/A,N/A,"{'no_mp': True, 'no_fuel': True}"
2025-09-13T22:06:13.791974,NO_MOVEMENT_POINTS,P_Pluton__2_Kompania_Grenadier_w_20250913214010,"15,-7",0,0,"27,6",25,False,False,N/A,N/A,N/A,{'no_mp': True}
2025-09-13T22:06:13.792986,NO_FUEL,P_Pluton__2_Kompania_Grenadier_w_20250913214010,"15,-7",0,0,"27,6",25,False,False,N/A,N/A,N/A,"{'no_mp': True, 'no_fuel': True}"
2025-09-13T22:06:13.794000,INSUFFICIENT_SUPPORT,D_Pluton__2_Dow_dztwo_Einheit,"15,-7",N/A,N/A,N/A,N/A,N/A,N/A,0,100,4,"{'enemies_list': [], 'units_found': 0, 'units_needed': 2, 'shortage': 2}"
2025-09-13T22:06:14.055980,NO_MOVEMENT_POINTS,P_Pluton__5_Infanterie_Regiment,"45,-15",0,0,"36,-15",9,False,False,N/A,N/A,N/A,{'no_mp': True}
2025-09-13T22:06:14.057461,NO_FUEL,P_Pluton__5_Infanterie_Regiment,"45,-15",0,0,"36,-15",9,False,False,N/A,N/A,N/A,"{'no_mp': True, 'no_fuel': True}"
2025-09-13T22:06:14.058548,NO_MOVEMENT_POINTS,P_Kompania__5_Infanterie_Regiment,"45,-15",0,0,"36,-14",9,False,False,N/A,N/A,N/A,{'no_mp': True}
2025-09-13T22:06:14.058548,NO_FUEL,P_Kompania__5_Infanterie_Regiment,"45,-15",0,0,"36,-14",9,False,False,N/A,N/A,N/A,"{'no_mp': True, 'no_fuel': True}"
2025-09-13T22:06:14.058548,NO_MOVEMENT_POINTS,P_Pluton__5_Sch_tzen_Kompanie,"45,-15",0,0,"37,-15",8,False,False,N/A,N/A,N/A,{'no_mp': True}
2025-09-13T22:06:14.058548,NO_FUEL,P_Pluton__5_Sch_tzen_Kompanie,"45,-15",0,0,"37,-15",8,False,False,N/A,N/A,N/A,"{'no_mp': True, 'no_fuel': True}"
2025-09-13T22:06:14.058548,NO_MOVEMENT_POINTS,AC_Kompania__5_schwere_Artillerie,"45,-15",0,0,"36,-16",10,False,False,N/A,N/A,N/A,{'no_mp': True}
2025-09-13T22:06:14.064409,NO_FUEL,AC_Kompania__5_schwere_Artillerie,"45,-15",0,0,"36,-16",10,False,False,N/A,N/A,N/A,"{'no_mp': True, 'no_fuel': True}"
2025-09-13T22:06:14.066437,NO_MOVEMENT_POINTS,AL_Batalion__5_Artillerie_Abteilung,"45,-15",0,0,"37,-17",10,False,False,N/A,N/A,N/A,{'no_mp': True}
2025-09-13T22:06:14.069254,NO_FUEL,AL_Batalion__5_Artillerie_Abteilung,"45,-15",0,0,"37,-17",10,False,False,N/A,N/A,N/A,"{'no_mp': True, 'no_fuel': True}"
2025-09-13T22:06:14.070267,INSUFFICIENT_SUPPORT,Z_Kompania__5_Unterst_tzungs_Bataillon,"45,-15",N/A,N/A,N/A,N/A,N/A,N/A,0,100,5,"{'enemies_list': [], 'units_found': 0, 'units_needed': 2, 'shortage': 2}"
2025-09-13T22:06:14.070267,NO_MOVEMENT_POINTS,P_Pluton__5_Infanterie_Regiment,"43,-15",0,0,"36,-15",7,False,False,N/A,N/A,N/A,{'no_mp': True}
2025-09-13T22:06:14.071715,NO_FUEL,P_Pluton__5_Infanterie_Regiment,"43,-15",0,0,"36,-15",7,False,False,N/A,N/A,N/A,"{'no_mp': True, 'no_fuel': True}"
2025-09-13T22:06:14.072721,NO_MOVEMENT_POINTS,P_Kompania__5_Infanterie_Regiment,"43,-15",0,0,"36,-14",7,False,False,N/A,N/A,N/A,{'no_mp': True}
2025-09-13T22:06:14.073853,NO_FUEL,P_Kompania__5_Infanterie_Regiment,"43,-15",0,0,"36,-14",7,False,False,N/A,N/A,N/A,"{'no_mp': True, 'no_fuel': True}"
2025-09-13T22:06:14.073853,NO_MOVEMENT_POINTS,P_Pluton__5_Sch_tzen_Kompanie,"43,-15",0,0,"37,-15",6,False,False,N/A,N/A,N/A,{'no_mp': True}
2025-09-13T22:06:14.075110,NO_FUEL,P_Pluton__5_Sch_tzen_Kompanie,"43,-15",0,0,"37,-15",6,False,False,N/A,N/A,N/A,"{'no_mp': True, 'no_fuel': True}"
2025-09-13T22:06:14.077140,NO_MOVEMENT_POINTS,AC_Kompania__5_schwere_Artillerie,"43,-15",0,0,"36,-16",8,False,False,N/A,N/A,N/A,{'no_mp': True}
2025-09-13T22:06:14.077140,NO_FUEL,AC_Kompania__5_schwere_Artillerie,"43,-15",0,0,"36,-16",8,False,False,N/A,N/A,N/A,"{'no_mp': True, 'no_fuel': True}"
2025-09-13T22:06:14.079151,NO_MOVEMENT_POINTS,AL_Batalion__5_Artillerie_Abteilung,"43,-15",0,0,"37,-17",8,False,False,N/A,N/A,N/A,{'no_mp': True}
2025-09-13T22:06:14.083776,NO_FUEL,AL_Batalion__5_Artillerie_Abteilung,"43,-15",0,0,"37,-17",8,False,False,N/A,N/A,N/A,"{'no_mp': True, 'no_fuel': True}"
2025-09-13T22:06:14.083776,INSUFFICIENT_SUPPORT,Z_Pluton__5_Unterst_tzungs_Bataillon,"43,-15",N/A,N/A,N/A,N/A,N/A,N/A,0,150,5,"{'enemies_list': [], 'units_found': 0, 'units_needed': 2, 'shortage': 2}"
2025-09-13T22:06:14.083776,NO_MOVEMENT_POINTS,P_Pluton__5_Infanterie_Regiment,"52,-13",0,0,"36,-15",18,False,False,N/A,N/A,N/A,{'no_mp': True}
2025-09-13T22:06:14.083776,NO_FUEL,P_Pluton__5_Infanterie_Regiment,"52,-13",0,0,"36,-15",18,False,False,N/A,N/A,N/A,"{'no_mp': True, 'no_fuel': True}"
2025-09-13T22:06:14.083776,NO_MOVEMENT_POINTS,P_Kompania__5_Infanterie_Regiment,"52,-13",0,0,"36,-14",17,False,False,N/A,N/A,N/A,{'no_mp': True}
2025-09-13T22:06:14.083776,NO_FUEL,P_Kompania__5_Infanterie_Regiment,"52,-13",0,0,"36,-14",17,False,False,N/A,N/A,N/A,"{'no_mp': True, 'no_fuel': True}"
2025-09-13T22:06:14.083776,NO_MOVEMENT_POINTS,P_Pluton__5_Sch_tzen_Kompanie,"52,-13",0,0,"37,-15",17,False,False,N/A,N/A,N/A,{'no_mp': True}
2025-09-13T22:06:14.090817,NO_FUEL,P_Pluton__5_Sch_tzen_Kompanie,"52,-13",0,0,"37,-15",17,False,False,N/A,N/A,N/A,"{'no_mp': True, 'no_fuel': True}"
2025-09-13T22:06:14.090817,NO_MOVEMENT_POINTS,AC_Kompania__5_schwere_Artillerie,"52,-13",0,0,"36,-16",19,False,False,N/A,N/A,N/A,{'no_mp': True}
2025-09-13T22:06:14.090817,NO_FUEL,AC_Kompania__5_schwere_Artillerie,"52,-13",0,0,"36,-16",19,False,False,N/A,N/A,N/A,"{'no_mp': True, 'no_fuel': True}"
2025-09-13T22:06:14.090817,NO_MOVEMENT_POINTS,AL_Batalion__5_Artillerie_Abteilung,"52,-13",0,0,"37,-17",19,False,False,N/A,N/A,N/A,{'no_mp': True}
2025-09-13T22:06:14.090817,NO_FUEL,AL_Batalion__5_Artillerie_Abteilung,"52,-13",0,0,"37,-17",19,False,False,N/A,N/A,N/A,"{'no_mp': True, 'no_fuel': True}"
2025-09-13T22:06:14.090817,INSUFFICIENT_SUPPORT,Z_Pluton__5_Unterst_tzungs_Bataillon_20250913214038,"52,-13",N/A,N/A,N/A,N/A,N/A,N/A,0,100,5,"{'enemies_list': [], 'units_found': 0, 'units_needed': 2, 'shortage': 2}"
2025-09-13T22:06:14.299561,NO_MOVEMENT_POINTS,P_Batalion__2_Batalion_Strzelc_w_20250913214005,"28,3",0,0,"25,-9",15,False,False,N/A,N/A,N/A,{'no_mp': True}
2025-09-13T22:06:14.301924,NO_FUEL,P_Batalion__2_Batalion_Strzelc_w_20250913214005,"28,3",0,0,"25,-9",15,False,False,N/A,N/A,N/A,"{'no_mp': True, 'no_fuel': True}"
2025-09-13T22:06:14.303146,NO_MOVEMENT_POINTS,P_Pluton__2_Kompania_Grenadier_w,"28,3",0,0,"26,6",3,False,False,N/A,N/A,N/A,{'no_mp': True}
2025-09-13T22:06:14.304283,NO_FUEL,P_Pluton__2_Kompania_Grenadier_w,"28,3",0,0,"26,6",3,False,False,N/A,N/A,N/A,"{'no_mp': True, 'no_fuel': True}"
2025-09-13T22:06:14.305289,NO_MOVEMENT_POINTS,Z_Pluton__2_Batalion_Wsparcia,"28,3",0,0,"28,5",2,False,False,N/A,N/A,N/A,{'no_mp': True}
2025-09-13T22:06:14.305289,NO_FUEL,Z_Pluton__2_Batalion_Wsparcia,"28,3",0,0,"28,5",2,False,False,N/A,N/A,N/A,"{'no_mp': True, 'no_fuel': True}"
2025-09-13T22:06:14.306872,NO_MOVEMENT_POINTS,P_Pluton__2_Kompania_Grenadier_w_20250913214010,"28,3",0,0,"27,6",3,False,False,N/A,N/A,N/A,{'no_mp': True}
2025-09-13T22:06:14.307435,NO_FUEL,P_Pluton__2_Kompania_Grenadier_w_20250913214010,"28,3",0,0,"27,6",3,False,False,N/A,N/A,N/A,"{'no_mp': True, 'no_fuel': True}"
2025-09-13T22:06:14.308681,INSUFFICIENT_SUPPORT,P_Kompania__2_Pu_k_Piechoty,"28,3",N/A,N/A,N/A,N/A,N/A,N/A,0,75,4,"{'enemies_list': [], 'units_found': 0, 'units_needed': 1, 'shortage': 1}"
2025-09-13T22:06:14.309788,NO_MOVEMENT_POINTS,P_Batalion__2_Batalion_Strzelc_w_20250913214005,"27,4",0,0,"25,-9",15,False,False,N/A,N/A,N/A,{'no_mp': True}
2025-09-13T22:06:14.310845,NO_FUEL,P_Batalion__2_Batalion_Strzelc_w_20250913214005,"27,4",0,0,"25,-9",15,False,False,N/A,N/A,N/A,"{'no_mp': True, 'no_fuel': True}"
2025-09-13T22:06:14.310845,NO_MOVEMENT_POINTS,P_Pluton__2_Kompania_Grenadier_w,"27,4",0,0,"26,6",2,False,False,N/A,N/A,N/A,{'no_mp': True}
2025-09-13T22:06:14.312289,NO_FUEL,P_Pluton__2_Kompania_Grenadier_w,"27,4",0,0,"26,6",2,False,False,N/A,N/A,N/A,"{'no_mp': True, 'no_fuel': True}"
2025-09-13T22:06:14.314050,NO_MOVEMENT_POINTS,Z_Pluton__2_Batalion_Wsparcia,"27,4",0,0,"28,5",2,False,False,N/A,N/A,N/A,{'no_mp': True}
2025-09-13T22:06:14.316434,NO_FUEL,Z_Pluton__2_Batalion_Wsparcia,"27,4",0,0,"28,5",2,False,False,N/A,N/A,N/A,"{'no_mp': True, 'no_fuel': True}"
2025-09-13T22:06:14.319298,NO_MOVEMENT_POINTS,P_Pluton__2_Kompania_Grenadier_w_20250913214010,"27,4",0,0,"27,6",2,False,False,N/A,N/A,N/A,{'no_mp': True}
2025-09-13T22:06:14.319298,NO_FUEL,P_Pluton__2_Kompania_Grenadier_w_20250913214010,"27,4",0,0,"27,6",2,False,False,N/A,N/A,N/A,"{'no_mp': True, 'no_fuel': True}"
2025-09-13T22:06:14.320574,INSUFFICIENT_SUPPORT,Z_Pluton__2_Oddzia_Rozpoznawczy,"27,4",N/A,N/A,N/A,N/A,N/A,N/A,0,75,4,"{'enemies_list': [], 'units_found': 0, 'units_needed': 1, 'shortage': 1}"
2025-09-13T22:06:14.321884,NO_MOVEMENT_POINTS,P_Batalion__2_Batalion_Strzelc_w_20250913214005,"24,-7",0,0,"25,-9",2,False,False,N/A,N/A,N/A,{'no_mp': True}
2025-09-13T22:06:14.323038,NO_FUEL,P_Batalion__2_Batalion_Strzelc_w_20250913214005,"24,-7",0,0,"25,-9",2,False,False,N/A,N/A,N/A,"{'no_mp': True, 'no_fuel': True}"
2025-09-13T22:06:14.323038,NO_MOVEMENT_POINTS,P_Pluton__2_Kompania_Grenadier_w,"24,-7",0,0,"26,6",15,False,False,N/A,N/A,N/A,{'no_mp': True}
2025-09-13T22:06:14.324194,NO_FUEL,P_Pluton__2_Kompania_Grenadier_w,"24,-7",0,0,"26,6",15,False,False,N/A,N/A,N/A,"{'no_mp': True, 'no_fuel': True}"
2025-09-13T22:06:14.325271,NO_MOVEMENT_POINTS,Z_Pluton__2_Batalion_Wsparcia,"24,-7",0,0,"28,5",16,False,False,N/A,N/A,N/A,{'no_mp': True}
2025-09-13T22:06:14.325779,NO_FUEL,Z_Pluton__2_Batalion_Wsparcia,"24,-7",0,0,"28,5",16,False,False,N/A,N/A,N/A,"{'no_mp': True, 'no_fuel': True}"
2025-09-13T22:06:14.327027,NO_MOVEMENT_POINTS,P_Pluton__2_Kompania_Grenadier_w_20250913214010,"24,-7",0,0,"27,6",16,False,False,N/A,N/A,N/A,{'no_mp': True}
2025-09-13T22:06:14.328212,NO_FUEL,P_Pluton__2_Kompania_Grenadier_w_20250913214010,"24,-7",0,0,"27,6",16,False,False,N/A,N/A,N/A,"{'no_mp': True, 'no_fuel': True}"
2025-09-13T22:06:14.329217,INSUFFICIENT_SUPPORT,Z_Batalion__2_Kompania_Zaopatrzeniowa,"24,-7",N/A,N/A,N/A,N/A,N/A,N/A,0,50,4,"{'enemies_list': [], 'units_found': 0, 'units_needed': 1, 'shortage': 1}"
2025-09-13T22:06:14.330222,NO_MOVEMENT_POINTS,P_Batalion__2_Batalion_Strzelc_w_20250913214005,"15,-7",0,0,"25,-9",10,False,False,N/A,N/A,N/A,{'no_mp': True}
2025-09-13T22:06:14.332784,NO_FUEL,P_Batalion__2_Batalion_Strzelc_w_20250913214005,"15,-7",0,0,"25,-9",10,False,False,N/A,N/A,N/A,"{'no_mp': True, 'no_fuel': True}"
2025-09-13T22:06:14.335894,NO_MOVEMENT_POINTS,P_Pluton__2_Kompania_Grenadier_w,"15,-7",0,0,"26,6",24,False,False,N/A,N/A,N/A,{'no_mp': True}
2025-09-13T22:06:14.336891,NO_FUEL,P_Pluton__2_Kompania_Grenadier_w,"15,-7",0,0,"26,6",24,False,False,N/A,N/A,N/A,"{'no_mp': True, 'no_fuel': True}"
2025-09-13T22:06:14.336891,NO_MOVEMENT_POINTS,Z_Pluton__2_Batalion_Wsparcia,"15,-7",0,0,"28,5",25,False,False,N/A,N/A,N/A,{'no_mp': True}
2025-09-13T22:06:14.338216,NO_FUEL,Z_Pluton__2_Batalion_Wsparcia,"15,-7",0,0,"28,5",25,False,False,N/A,N/A,N/A,"{'no_mp': True, 'no_fuel': True}"
2025-09-13T22:06:14.339268,NO_MOVEMENT_POINTS,P_Pluton__2_Kompania_Grenadier_w_20250913214010,"15,-7",0,0,"27,6",25,False,False,N/A,N/A,N/A,{'no_mp': True}
2025-09-13T22:06:14.340103,NO_FUEL,P_Pluton__2_Kompania_Grenadier_w_20250913214010,"15,-7",0,0,"27,6",25,False,False,N/A,N/A,N/A,"{'no_mp': True, 'no_fuel': True}"
2025-09-13T22:06:14.340103,INSUFFICIENT_SUPPORT,D_Pluton__2_Dow_dztwo_Einheit,"15,-7",N/A,N/A,N/A,N/A,N/A,N/A,0,100,4,"{'enemies_list': [], 'units_found': 0, 'units_needed': 2, 'shortage': 2}"
2025-09-13T22:06:14.518465,NO_MOVEMENT_POINTS,P_Pluton__5_Infanterie_Regiment,"45,-15",0,0,"36,-15",9,False,False,N/A,N/A,N/A,{'no_mp': True}
2025-09-13T22:06:14.518465,NO_FUEL,P_Pluton__5_Infanterie_Regiment,"45,-15",0,0,"36,-15",9,False,False,N/A,N/A,N/A,"{'no_mp': True, 'no_fuel': True}"
2025-09-13T22:06:14.518465,NO_MOVEMENT_POINTS,P_Kompania__5_Infanterie_Regiment,"45,-15",0,0,"36,-14",9,False,False,N/A,N/A,N/A,{'no_mp': True}
2025-09-13T22:06:14.523546,NO_FUEL,P_Kompania__5_Infanterie_Regiment,"45,-15",0,0,"36,-14",9,False,False,N/A,N/A,N/A,"{'no_mp': True, 'no_fuel': True}"
2025-09-13T22:06:14.524555,NO_MOVEMENT_POINTS,P_Pluton__5_Sch_tzen_Kompanie,"45,-15",0,0,"37,-15",8,False,False,N/A,N/A,N/A,{'no_mp': True}
2025-09-13T22:06:14.524555,NO_FUEL,P_Pluton__5_Sch_tzen_Kompanie,"45,-15",0,0,"37,-15",8,False,False,N/A,N/A,N/A,"{'no_mp': True, 'no_fuel': True}"
2025-09-13T22:06:14.525911,NO_MOVEMENT_POINTS,AC_Kompania__5_schwere_Artillerie,"45,-15",0,0,"36,-16",10,False,False,N/A,N/A,N/A,{'no_mp': True}
2025-09-13T22:06:14.526986,NO_FUEL,AC_Kompania__5_schwere_Artillerie,"45,-15",0,0,"36,-16",10,False,False,N/A,N/A,N/A,"{'no_mp': True, 'no_fuel': True}"
2025-09-13T22:06:14.526986,NO_MOVEMENT_POINTS,AL_Batalion__5_Artillerie_Abteilung,"45,-15",0,0,"37,-17",10,False,False,N/A,N/A,N/A,{'no_mp': True}
2025-09-13T22:06:14.528252,NO_FUEL,AL_Batalion__5_Artillerie_Abteilung,"45,-15",0,0,"37,-17",10,False,False,N/A,N/A,N/A,"{'no_mp': True, 'no_fuel': True}"
2025-09-13T22:06:14.530130,INSUFFICIENT_SUPPORT,Z_Kompania__5_Unterst_tzungs_Bataillon,"45,-15",N/A,N/A,N/A,N/A,N/A,N/A,0,100,5,"{'enemies_list': [], 'units_found': 0, 'units_needed': 2, 'shortage': 2}"
2025-09-13T22:06:14.534833,NO_MOVEMENT_POINTS,P_Pluton__5_Infanterie_Regiment,"43,-15",0,0,"36,-15",7,False,False,N/A,N/A,N/A,{'no_mp': True}
2025-09-13T22:06:14.536589,NO_FUEL,P_Pluton__5_Infanterie_Regiment,"43,-15",0,0,"36,-15",7,False,False,N/A,N/A,N/A,"{'no_mp': True, 'no_fuel': True}"
2025-09-13T22:06:14.536589,NO_MOVEMENT_POINTS,P_Kompania__5_Infanterie_Regiment,"43,-15",0,0,"36,-14",7,False,False,N/A,N/A,N/A,{'no_mp': True}
2025-09-13T22:06:14.537610,NO_FUEL,P_Kompania__5_Infanterie_Regiment,"43,-15",0,0,"36,-14",7,False,False,N/A,N/A,N/A,"{'no_mp': True, 'no_fuel': True}"
2025-09-13T22:06:14.538640,NO_MOVEMENT_POINTS,P_Pluton__5_Sch_tzen_Kompanie,"43,-15",0,0,"37,-15",6,False,False,N/A,N/A,N/A,{'no_mp': True}
2025-09-13T22:06:14.539774,NO_FUEL,P_Pluton__5_Sch_tzen_Kompanie,"43,-15",0,0,"37,-15",6,False,False,N/A,N/A,N/A,"{'no_mp': True, 'no_fuel': True}"
2025-09-13T22:06:14.540777,NO_MOVEMENT_POINTS,AC_Kompania__5_schwere_Artillerie,"43,-15",0,0,"36,-16",8,False,False,N/A,N/A,N/A,{'no_mp': True}
2025-09-13T22:06:14.540777,NO_FUEL,AC_Kompania__5_schwere_Artillerie,"43,-15",0,0,"36,-16",8,False,False,N/A,N/A,N/A,"{'no_mp': True, 'no_fuel': True}"
2025-09-13T22:06:14.542856,NO_MOVEMENT_POINTS,AL_Batalion__5_Artillerie_Abteilung,"43,-15",0,0,"37,-17",8,False,False,N/A,N/A,N/A,{'no_mp': True}
2025-09-13T22:06:14.543864,NO_FUEL,AL_Batalion__5_Artillerie_Abteilung,"43,-15",0,0,"37,-17",8,False,False,N/A,N/A,N/A,"{'no_mp': True, 'no_fuel': True}"
2025-09-13T22:06:14.543864,INSUFFICIENT_SUPPORT,Z_Pluton__5_Unterst_tzungs_Bataillon,"43,-15",N/A,N/A,N/A,N/A,N/A,N/A,0,150,5,"{'enemies_list': [], 'units_found': 0, 'units_needed': 2, 'shortage': 2}"
2025-09-13T22:06:14.544969,NO_MOVEMENT_POINTS,P_Pluton__5_Infanterie_Regiment,"52,-13",0,0,"36,-15",18,False,False,N/A,N/A,N/A,{'no_mp': True}
2025-09-13T22:06:14.545974,NO_FUEL,P_Pluton__5_Infanterie_Regiment,"52,-13",0,0,"36,-15",18,False,False,N/A,N/A,N/A,"{'no_mp': True, 'no_fuel': True}"
2025-09-13T22:06:14.549631,NO_MOVEMENT_POINTS,P_Kompania__5_Infanterie_Regiment,"52,-13",0,0,"36,-14",17,False,False,N/A,N/A,N/A,{'no_mp': True}
2025-09-13T22:06:14.552196,NO_FUEL,P_Kompania__5_Infanterie_Regiment,"52,-13",0,0,"36,-14",17,False,False,N/A,N/A,N/A,"{'no_mp': True, 'no_fuel': True}"
2025-09-13T22:06:14.553222,NO_MOVEMENT_POINTS,P_Pluton__5_Sch_tzen_Kompanie,"52,-13",0,0,"37,-15",17,False,False,N/A,N/A,N/A,{'no_mp': True}
2025-09-13T22:06:14.553222,NO_FUEL,P_Pluton__5_Sch_tzen_Kompanie,"52,-13",0,0,"37,-15",17,False,False,N/A,N/A,N/A,"{'no_mp': True, 'no_fuel': True}"
2025-09-13T22:06:14.554226,NO_MOVEMENT_POINTS,AC_Kompania__5_schwere_Artillerie,"52,-13",0,0,"36,-16",19,False,False,N/A,N/A,N/A,{'no_mp': True}
2025-09-13T22:06:14.555258,NO_FUEL,AC_Kompania__5_schwere_Artillerie,"52,-13",0,0,"36,-16",19,False,False,N/A,N/A,N/A,"{'no_mp': True, 'no_fuel': True}"
2025-09-13T22:06:14.556462,NO_MOVEMENT_POINTS,AL_Batalion__5_Artillerie_Abteilung,"52,-13",0,0,"37,-17",19,False,False,N/A,N/A,N/A,{'no_mp': True}
2025-09-13T22:06:14.557466,NO_FUEL,AL_Batalion__5_Artillerie_Abteilung,"52,-13",0,0,"37,-17",19,False,False,N/A,N/A,N/A,"{'no_mp': True, 'no_fuel': True}"
2025-09-13T22:06:14.558606,INSUFFICIENT_SUPPORT,Z_Pluton__5_Unterst_tzungs_Bataillon_20250913214038,"52,-13",N/A,N/A,N/A,N/A,N/A,N/A,0,100,5,"{'enemies_list': [], 'units_found': 0, 'units_needed': 2, 'shortage': 2}"
2025-09-13T22:06:14.756136,NO_MOVEMENT_POINTS,P_Batalion__2_Batalion_Strzelc_w_20250913214005,"28,3",0,0,"25,-9",15,False,False,N/A,N/A,N/A,{'no_mp': True}
2025-09-13T22:06:14.757860,NO_FUEL,P_Batalion__2_Batalion_Strzelc_w_20250913214005,"28,3",0,0,"25,-9",15,False,False,N/A,N/A,N/A,"{'no_mp': True, 'no_fuel': True}"
2025-09-13T22:06:14.757860,NO_MOVEMENT_POINTS,P_Pluton__2_Kompania_Grenadier_w,"28,3",0,0,"26,6",3,False,False,N/A,N/A,N/A,{'no_mp': True}
2025-09-13T22:06:14.757860,NO_FUEL,P_Pluton__2_Kompania_Grenadier_w,"28,3",0,0,"26,6",3,False,False,N/A,N/A,N/A,"{'no_mp': True, 'no_fuel': True}"
2025-09-13T22:06:14.757860,NO_MOVEMENT_POINTS,Z_Pluton__2_Batalion_Wsparcia,"28,3",0,0,"28,5",2,False,False,N/A,N/A,N/A,{'no_mp': True}
2025-09-13T22:06:14.757860,NO_FUEL,Z_Pluton__2_Batalion_Wsparcia,"28,3",0,0,"28,5",2,False,False,N/A,N/A,N/A,"{'no_mp': True, 'no_fuel': True}"
2025-09-13T22:06:14.757860,NO_MOVEMENT_POINTS,P_Pluton__2_Kompania_Grenadier_w_20250913214010,"28,3",0,0,"27,6",3,False,False,N/A,N/A,N/A,{'no_mp': True}
2025-09-13T22:06:14.763662,NO_FUEL,P_Pluton__2_Kompania_Grenadier_w_20250913214010,"28,3",0,0,"27,6",3,False,False,N/A,N/A,N/A,"{'no_mp': True, 'no_fuel': True}"
2025-09-13T22:06:14.764526,INSUFFICIENT_SUPPORT,P_Kompania__2_Pu_k_Piechoty,"28,3",N/A,N/A,N/A,N/A,N/A,N/A,0,75,4,"{'enemies_list': [], 'units_found': 0, 'units_needed': 1, 'shortage': 1}"
2025-09-13T22:06:14.770083,NO_MOVEMENT_POINTS,P_Batalion__2_Batalion_Strzelc_w_20250913214005,"27,4",0,0,"25,-9",15,False,False,N/A,N/A,N/A,{'no_mp': True}
2025-09-13T22:06:14.771093,NO_FUEL,P_Batalion__2_Batalion_Strzelc_w_20250913214005,"27,4",0,0,"25,-9",15,False,False,N/A,N/A,N/A,"{'no_mp': True, 'no_fuel': True}"
2025-09-13T22:06:14.771093,NO_MOVEMENT_POINTS,P_Pluton__2_Kompania_Grenadier_w,"27,4",0,0,"26,6",2,False,False,N/A,N/A,N/A,{'no_mp': True}
2025-09-13T22:06:14.772413,NO_FUEL,P_Pluton__2_Kompania_Grenadier_w,"27,4",0,0,"26,6",2,False,False,N/A,N/A,N/A,"{'no_mp': True, 'no_fuel': True}"
2025-09-13T22:06:14.773513,NO_MOVEMENT_POINTS,Z_Pluton__2_Batalion_Wsparcia,"27,4",0,0,"28,5",2,False,False,N/A,N/A,N/A,{'no_mp': True}
2025-09-13T22:06:14.774517,NO_FUEL,Z_Pluton__2_Batalion_Wsparcia,"27,4",0,0,"28,5",2,False,False,N/A,N/A,N/A,"{'no_mp': True, 'no_fuel': True}"
2025-09-13T22:06:14.775219,NO_MOVEMENT_POINTS,P_Pluton__2_Kompania_Grenadier_w_20250913214010,"27,4",0,0,"27,6",2,False,False,N/A,N/A,N/A,{'no_mp': True}
2025-09-13T22:06:14.775872,NO_FUEL,P_Pluton__2_Kompania_Grenadier_w_20250913214010,"27,4",0,0,"27,6",2,False,False,N/A,N/A,N/A,"{'no_mp': True, 'no_fuel': True}"
2025-09-13T22:06:14.777313,INSUFFICIENT_SUPPORT,Z_Pluton__2_Oddzia_Rozpoznawczy,"27,4",N/A,N/A,N/A,N/A,N/A,N/A,0,75,4,"{'enemies_list': [], 'units_found': 0, 'units_needed': 1, 'shortage': 1}"
2025-09-13T22:06:14.778341,NO_MOVEMENT_POINTS,P_Batalion__2_Batalion_Strzelc_w_20250913214005,"24,-7",0,0,"25,-9",2,False,False,N/A,N/A,N/A,{'no_mp': True}
2025-09-13T22:06:14.779356,NO_FUEL,P_Batalion__2_Batalion_Strzelc_w_20250913214005,"24,-7",0,0,"25,-9",2,False,False,N/A,N/A,N/A,"{'no_mp': True, 'no_fuel': True}"
2025-09-13T22:06:14.780219,NO_MOVEMENT_POINTS,P_Pluton__2_Kompania_Grenadier_w,"24,-7",0,0,"26,6",15,False,False,N/A,N/A,N/A,{'no_mp': True}
2025-09-13T22:06:14.784319,NO_FUEL,P_Pluton__2_Kompania_Grenadier_w,"24,-7",0,0,"26,6",15,False,False,N/A,N/A,N/A,"{'no_mp': True, 'no_fuel': True}"
2025-09-13T22:06:14.784319,NO_MOVEMENT_POINTS,Z_Pluton__2_Batalion_Wsparcia,"24,-7",0,0,"28,5",16,False,False,N/A,N/A,N/A,{'no_mp': True}
2025-09-13T22:06:14.784319,NO_FUEL,Z_Pluton__2_Batalion_Wsparcia,"24,-7",0,0,"28,5",16,False,False,N/A,N/A,N/A,"{'no_mp': True, 'no_fuel': True}"
2025-09-13T22:06:14.787110,NO_MOVEMENT_POINTS,P_Pluton__2_Kompania_Grenadier_w_20250913214010,"24,-7",0,0,"27,6",16,False,False,N/A,N/A,N/A,{'no_mp': True}
2025-09-13T22:06:14.788124,NO_FUEL,P_Pluton__2_Kompania_Grenadier_w_20250913214010,"24,-7",0,0,"27,6",16,False,False,N/A,N/A,N/A,"{'no_mp': True, 'no_fuel': True}"
2025-09-13T22:06:14.789343,INSUFFICIENT_SUPPORT,Z_Batalion__2_Kompania_Zaopatrzeniowa,"24,-7",N/A,N/A,N/A,N/A,N/A,N/A,0,50,4,"{'enemies_list': [], 'units_found': 0, 'units_needed': 1, 'shortage': 1}"
2025-09-13T22:06:14.789343,NO_MOVEMENT_POINTS,P_Batalion__2_Batalion_Strzelc_w_20250913214005,"15,-7",0,0,"25,-9",10,False,False,N/A,N/A,N/A,{'no_mp': True}
2025-09-13T22:06:14.790708,NO_FUEL,P_Batalion__2_Batalion_Strzelc_w_20250913214005,"15,-7",0,0,"25,-9",10,False,False,N/A,N/A,N/A,"{'no_mp': True, 'no_fuel': True}"
2025-09-13T22:06:14.792018,NO_MOVEMENT_POINTS,P_Pluton__2_Kompania_Grenadier_w,"15,-7",0,0,"26,6",24,False,False,N/A,N/A,N/A,{'no_mp': True}
2025-09-13T22:06:14.792917,NO_FUEL,P_Pluton__2_Kompania_Grenadier_w,"15,-7",0,0,"26,6",24,False,False,N/A,N/A,N/A,"{'no_mp': True, 'no_fuel': True}"
2025-09-13T22:06:14.794138,NO_MOVEMENT_POINTS,Z_Pluton__2_Batalion_Wsparcia,"15,-7",0,0,"28,5",25,False,False,N/A,N/A,N/A,{'no_mp': True}
2025-09-13T22:06:14.794138,NO_FUEL,Z_Pluton__2_Batalion_Wsparcia,"15,-7",0,0,"28,5",25,False,False,N/A,N/A,N/A,"{'no_mp': True, 'no_fuel': True}"
2025-09-13T22:06:14.795564,NO_MOVEMENT_POINTS,P_Pluton__2_Kompania_Grenadier_w_20250913214010,"15,-7",0,0,"27,6",25,False,False,N/A,N/A,N/A,{'no_mp': True}
2025-09-13T22:06:14.796628,NO_FUEL,P_Pluton__2_Kompania_Grenadier_w_20250913214010,"15,-7",0,0,"27,6",25,False,False,N/A,N/A,N/A,"{'no_mp': True, 'no_fuel': True}"
2025-09-13T22:06:14.799481,INSUFFICIENT_SUPPORT,D_Pluton__2_Dow_dztwo_Einheit,"15,-7",N/A,N/A,N/A,N/A,N/A,N/A,0,100,4,"{'enemies_list': [], 'units_found': 0, 'units_needed': 2, 'shortage': 2}"
2025-09-13T22:06:14.957440,NO_MOVEMENT_POINTS,P_Pluton__5_Infanterie_Regiment,"45,-15",0,0,"36,-15",9,False,False,N/A,N/A,N/A,{'no_mp': True}
2025-09-13T22:06:14.957440,NO_FUEL,P_Pluton__5_Infanterie_Regiment,"45,-15",0,0,"36,-15",9,False,False,N/A,N/A,N/A,"{'no_mp': True, 'no_fuel': True}"
2025-09-13T22:06:14.957440,NO_MOVEMENT_POINTS,P_Kompania__5_Infanterie_Regiment,"45,-15",0,0,"36,-14",9,False,False,N/A,N/A,N/A,{'no_mp': True}
2025-09-13T22:06:14.957440,NO_FUEL,P_Kompania__5_Infanterie_Regiment,"45,-15",0,0,"36,-14",9,False,False,N/A,N/A,N/A,"{'no_mp': True, 'no_fuel': True}"
2025-09-13T22:06:14.963522,NO_MOVEMENT_POINTS,P_Pluton__5_Sch_tzen_Kompanie,"45,-15",0,0,"37,-15",8,False,False,N/A,N/A,N/A,{'no_mp': True}
2025-09-13T22:06:14.964537,NO_FUEL,P_Pluton__5_Sch_tzen_Kompanie,"45,-15",0,0,"37,-15",8,False,False,N/A,N/A,N/A,"{'no_mp': True, 'no_fuel': True}"
2025-09-13T22:06:14.964537,NO_MOVEMENT_POINTS,AC_Kompania__5_schwere_Artillerie,"45,-15",0,0,"36,-16",10,False,False,N/A,N/A,N/A,{'no_mp': True}
2025-09-13T22:06:14.964537,NO_FUEL,AC_Kompania__5_schwere_Artillerie,"45,-15",0,0,"36,-16",10,False,False,N/A,N/A,N/A,"{'no_mp': True, 'no_fuel': True}"
2025-09-13T22:06:14.970506,NO_MOVEMENT_POINTS,AL_Batalion__5_Artillerie_Abteilung,"45,-15",0,0,"37,-17",10,False,False,N/A,N/A,N/A,{'no_mp': True}
2025-09-13T22:06:14.972536,NO_FUEL,AL_Batalion__5_Artillerie_Abteilung,"45,-15",0,0,"37,-17",10,False,False,N/A,N/A,N/A,"{'no_mp': True, 'no_fuel': True}"
2025-09-13T22:06:14.972536,INSUFFICIENT_SUPPORT,Z_Kompania__5_Unterst_tzungs_Bataillon,"45,-15",N/A,N/A,N/A,N/A,N/A,N/A,0,100,5,"{'enemies_list': [], 'units_found': 0, 'units_needed': 2, 'shortage': 2}"
2025-09-13T22:06:14.973954,NO_MOVEMENT_POINTS,P_Pluton__5_Infanterie_Regiment,"43,-14",0,0,"36,-15",8,False,False,N/A,N/A,N/A,{'no_mp': True}
2025-09-13T22:06:14.975404,NO_FUEL,P_Pluton__5_Infanterie_Regiment,"43,-14",0,0,"36,-15",8,False,False,N/A,N/A,N/A,"{'no_mp': True, 'no_fuel': True}"
2025-09-13T22:06:14.976375,NO_MOVEMENT_POINTS,P_Kompania__5_Infanterie_Regiment,"43,-14",0,0,"36,-14",7,False,False,N/A,N/A,N/A,{'no_mp': True}
2025-09-13T22:06:14.976933,NO_FUEL,P_Kompania__5_Infanterie_Regiment,"43,-14",0,0,"36,-14",7,False,False,N/A,N/A,N/A,"{'no_mp': True, 'no_fuel': True}"
2025-09-13T22:06:14.978391,NO_MOVEMENT_POINTS,P_Pluton__5_Sch_tzen_Kompanie,"43,-14",0,0,"37,-15",7,False,False,N/A,N/A,N/A,{'no_mp': True}
2025-09-13T22:06:14.978391,NO_FUEL,P_Pluton__5_Sch_tzen_Kompanie,"43,-14",0,0,"37,-15",7,False,False,N/A,N/A,N/A,"{'no_mp': True, 'no_fuel': True}"
2025-09-13T22:06:14.979675,NO_MOVEMENT_POINTS,AC_Kompania__5_schwere_Artillerie,"43,-14",0,0,"36,-16",9,False,False,N/A,N/A,N/A,{'no_mp': True}
2025-09-13T22:06:14.980784,NO_FUEL,AC_Kompania__5_schwere_Artillerie,"43,-14",0,0,"36,-16",9,False,False,N/A,N/A,N/A,"{'no_mp': True, 'no_fuel': True}"
2025-09-13T22:06:14.984112,NO_MOVEMENT_POINTS,AL_Batalion__5_Artillerie_Abteilung,"43,-14",0,0,"37,-17",9,False,False,N/A,N/A,N/A,{'no_mp': True}
2025-09-13T22:06:14.986167,NO_FUEL,AL_Batalion__5_Artillerie_Abteilung,"43,-14",0,0,"37,-17",9,False,False,N/A,N/A,N/A,"{'no_mp': True, 'no_fuel': True}"
2025-09-13T22:06:14.987164,INSUFFICIENT_SUPPORT,Z_Pluton__5_Versorgungs_Kompanie,"43,-14",N/A,N/A,N/A,N/A,N/A,N/A,0,150,5,"{'enemies_list': [], 'units_found': 0, 'units_needed': 2, 'shortage': 2}"
2025-09-13T22:06:14.988379,NO_MOVEMENT_POINTS,P_Pluton__5_Infanterie_Regiment,"52,-13",0,0,"36,-15",18,False,False,N/A,N/A,N/A,{'no_mp': True}
2025-09-13T22:06:14.989511,NO_FUEL,P_Pluton__5_Infanterie_Regiment,"52,-13",0,0,"36,-15",18,False,False,N/A,N/A,N/A,"{'no_mp': True, 'no_fuel': True}"
2025-09-13T22:06:14.990434,NO_MOVEMENT_POINTS,P_Kompania__5_Infanterie_Regiment,"52,-13",0,0,"36,-14",17,False,False,N/A,N/A,N/A,{'no_mp': True}
2025-09-13T22:06:14.990434,NO_FUEL,P_Kompania__5_Infanterie_Regiment,"52,-13",0,0,"36,-14",17,False,False,N/A,N/A,N/A,"{'no_mp': True, 'no_fuel': True}"
2025-09-13T22:06:14.990434,NO_MOVEMENT_POINTS,P_Pluton__5_Sch_tzen_Kompanie,"52,-13",0,0,"37,-15",17,False,False,N/A,N/A,N/A,{'no_mp': True}
2025-09-13T22:06:14.990434,NO_FUEL,P_Pluton__5_Sch_tzen_Kompanie,"52,-13",0,0,"37,-15",17,False,False,N/A,N/A,N/A,"{'no_mp': True, 'no_fuel': True}"
2025-09-13T22:06:14.990434,NO_MOVEMENT_POINTS,AC_Kompania__5_schwere_Artillerie,"52,-13",0,0,"36,-16",19,False,False,N/A,N/A,N/A,{'no_mp': True}
2025-09-13T22:06:14.990434,NO_FUEL,AC_Kompania__5_schwere_Artillerie,"52,-13",0,0,"36,-16",19,False,False,N/A,N/A,N/A,"{'no_mp': True, 'no_fuel': True}"
2025-09-13T22:06:14.990434,NO_MOVEMENT_POINTS,AL_Batalion__5_Artillerie_Abteilung,"52,-13",0,0,"37,-17",19,False,False,N/A,N/A,N/A,{'no_mp': True}
2025-09-13T22:06:14.990434,NO_FUEL,AL_Batalion__5_Artillerie_Abteilung,"52,-13",0,0,"37,-17",19,False,False,N/A,N/A,N/A,"{'no_mp': True, 'no_fuel': True}"
2025-09-13T22:06:15.000249,INSUFFICIENT_SUPPORT,Z_Pluton__5_Unterst_tzungs_Bataillon_20250913214038,"52,-13",N/A,N/A,N/A,N/A,N/A,N/A,0,100,5,"{'enemies_list': [], 'units_found': 0, 'units_needed': 2, 'shortage': 2}"
2025-09-13T22:06:15.203939,NO_MOVEMENT_POINTS,P_Batalion__2_Batalion_Strzelc_w_20250913214005,"28,3",0,0,"25,-9",15,False,False,N/A,N/A,N/A,{'no_mp': True}
2025-09-13T22:06:15.205203,NO_FUEL,P_Batalion__2_Batalion_Strzelc_w_20250913214005,"28,3",0,0,"25,-9",15,False,False,N/A,N/A,N/A,"{'no_mp': True, 'no_fuel': True}"
2025-09-13T22:06:15.205203,NO_MOVEMENT_POINTS,P_Pluton__2_Kompania_Grenadier_w,"28,3",0,0,"26,6",3,False,False,N/A,N/A,N/A,{'no_mp': True}
2025-09-13T22:06:15.206359,NO_FUEL,P_Pluton__2_Kompania_Grenadier_w,"28,3",0,0,"26,6",3,False,False,N/A,N/A,N/A,"{'no_mp': True, 'no_fuel': True}"
2025-09-13T22:06:15.207535,NO_MOVEMENT_POINTS,Z_Pluton__2_Batalion_Wsparcia,"28,3",0,0,"28,5",2,False,False,N/A,N/A,N/A,{'no_mp': True}
2025-09-13T22:06:15.207535,NO_FUEL,Z_Pluton__2_Batalion_Wsparcia,"28,3",0,0,"28,5",2,False,False,N/A,N/A,N/A,"{'no_mp': True, 'no_fuel': True}"
2025-09-13T22:06:15.209166,NO_MOVEMENT_POINTS,P_Pluton__2_Kompania_Grenadier_w_20250913214010,"28,3",0,0,"27,6",3,False,False,N/A,N/A,N/A,{'no_mp': True}
2025-09-13T22:06:15.209694,NO_FUEL,P_Pluton__2_Kompania_Grenadier_w_20250913214010,"28,3",0,0,"27,6",3,False,False,N/A,N/A,N/A,"{'no_mp': True, 'no_fuel': True}"
2025-09-13T22:06:15.211069,INSUFFICIENT_SUPPORT,P_Kompania__2_Pu_k_Piechoty,"28,3",N/A,N/A,N/A,N/A,N/A,N/A,0,75,4,"{'enemies_list': [], 'units_found': 0, 'units_needed': 1, 'shortage': 1}"
2025-09-13T22:06:15.212201,NO_MOVEMENT_POINTS,P_Batalion__2_Batalion_Strzelc_w_20250913214005,"27,4",0,0,"25,-9",15,False,False,N/A,N/A,N/A,{'no_mp': True}
2025-09-13T22:06:15.213240,NO_FUEL,P_Batalion__2_Batalion_Strzelc_w_20250913214005,"27,4",0,0,"25,-9",15,False,False,N/A,N/A,N/A,"{'no_mp': True, 'no_fuel': True}"
2025-09-13T22:06:15.214247,NO_MOVEMENT_POINTS,P_Pluton__2_Kompania_Grenadier_w,"27,4",0,0,"26,6",2,False,False,N/A,N/A,N/A,{'no_mp': True}
2025-09-13T22:06:15.217008,NO_FUEL,P_Pluton__2_Kompania_Grenadier_w,"27,4",0,0,"26,6",2,False,False,N/A,N/A,N/A,"{'no_mp': True, 'no_fuel': True}"
2025-09-13T22:06:15.219434,NO_MOVEMENT_POINTS,Z_Pluton__2_Batalion_Wsparcia,"27,4",0,0,"28,5",2,False,False,N/A,N/A,N/A,{'no_mp': True}
2025-09-13T22:06:15.220792,NO_FUEL,Z_Pluton__2_Batalion_Wsparcia,"27,4",0,0,"28,5",2,False,False,N/A,N/A,N/A,"{'no_mp': True, 'no_fuel': True}"
2025-09-13T22:06:15.221799,NO_MOVEMENT_POINTS,P_Pluton__2_Kompania_Grenadier_w_20250913214010,"27,4",0,0,"27,6",2,False,False,N/A,N/A,N/A,{'no_mp': True}
2025-09-13T22:06:15.221799,NO_FUEL,P_Pluton__2_Kompania_Grenadier_w_20250913214010,"27,4",0,0,"27,6",2,False,False,N/A,N/A,N/A,"{'no_mp': True, 'no_fuel': True}"
2025-09-13T22:06:15.223844,INSUFFICIENT_SUPPORT,Z_Pluton__2_Oddzia_Rozpoznawczy,"27,4",N/A,N/A,N/A,N/A,N/A,N/A,0,75,4,"{'enemies_list': [], 'units_found': 0, 'units_needed': 1, 'shortage': 1}"
2025-09-13T22:06:15.224193,NO_MOVEMENT_POINTS,P_Batalion__2_Batalion_Strzelc_w_20250913214005,"24,-7",0,0,"25,-9",2,False,False,N/A,N/A,N/A,{'no_mp': True}
2025-09-13T22:06:15.225191,NO_FUEL,P_Batalion__2_Batalion_Strzelc_w_20250913214005,"24,-7",0,0,"25,-9",2,False,False,N/A,N/A,N/A,"{'no_mp': True, 'no_fuel': True}"
2025-09-13T22:06:15.226209,NO_MOVEMENT_POINTS,P_Pluton__2_Kompania_Grenadier_w,"24,-7",0,0,"26,6",15,False,False,N/A,N/A,N/A,{'no_mp': True}
2025-09-13T22:06:15.226209,NO_FUEL,P_Pluton__2_Kompania_Grenadier_w,"24,-7",0,0,"26,6",15,False,False,N/A,N/A,N/A,"{'no_mp': True, 'no_fuel': True}"
2025-09-13T22:06:15.228177,NO_MOVEMENT_POINTS,Z_Pluton__2_Batalion_Wsparcia,"24,-7",0,0,"28,5",16,False,False,N/A,N/A,N/A,{'no_mp': True}
2025-09-13T22:06:15.229191,NO_FUEL,Z_Pluton__2_Batalion_Wsparcia,"24,-7",0,0,"28,5",16,False,False,N/A,N/A,N/A,"{'no_mp': True, 'no_fuel': True}"
2025-09-13T22:06:15.230237,NO_MOVEMENT_POINTS,P_Pluton__2_Kompania_Grenadier_w_20250913214010,"24,-7",0,0,"27,6",16,False,False,N/A,N/A,N/A,{'no_mp': True}
2025-09-13T22:06:15.231361,NO_FUEL,P_Pluton__2_Kompania_Grenadier_w_20250913214010,"24,-7",0,0,"27,6",16,False,False,N/A,N/A,N/A,"{'no_mp': True, 'no_fuel': True}"
2025-09-13T22:06:15.236556,INSUFFICIENT_SUPPORT,Z_Batalion__2_Kompania_Zaopatrzeniowa,"24,-7",N/A,N/A,N/A,N/A,N/A,N/A,0,50,4,"{'enemies_list': [], 'units_found': 0, 'units_needed': 1, 'shortage': 1}"
2025-09-13T22:06:15.237555,NO_MOVEMENT_POINTS,P_Batalion__2_Batalion_Strzelc_w_20250913214005,"15,-7",0,0,"25,-9",10,False,False,N/A,N/A,N/A,{'no_mp': True}
2025-09-13T22:06:15.237555,NO_FUEL,P_Batalion__2_Batalion_Strzelc_w_20250913214005,"15,-7",0,0,"25,-9",10,False,False,N/A,N/A,N/A,"{'no_mp': True, 'no_fuel': True}"
2025-09-13T22:06:15.238560,NO_MOVEMENT_POINTS,P_Pluton__2_Kompania_Grenadier_w,"15,-7",0,0,"26,6",24,False,False,N/A,N/A,N/A,{'no_mp': True}
2025-09-13T22:06:15.240071,NO_FUEL,P_Pluton__2_Kompania_Grenadier_w,"15,-7",0,0,"26,6",24,False,False,N/A,N/A,N/A,"{'no_mp': True, 'no_fuel': True}"
2025-09-13T22:06:15.240071,NO_MOVEMENT_POINTS,Z_Pluton__2_Batalion_Wsparcia,"15,-7",0,0,"28,5",25,False,False,N/A,N/A,N/A,{'no_mp': True}
2025-09-13T22:06:15.240071,NO_FUEL,Z_Pluton__2_Batalion_Wsparcia,"15,-7",0,0,"28,5",25,False,False,N/A,N/A,N/A,"{'no_mp': True, 'no_fuel': True}"
2025-09-13T22:06:15.240071,NO_MOVEMENT_POINTS,P_Pluton__2_Kompania_Grenadier_w_20250913214010,"15,-7",0,0,"27,6",25,False,False,N/A,N/A,N/A,{'no_mp': True}
2025-09-13T22:06:15.240071,NO_FUEL,P_Pluton__2_Kompania_Grenadier_w_20250913214010,"15,-7",0,0,"27,6",25,False,False,N/A,N/A,N/A,"{'no_mp': True, 'no_fuel': True}"
2025-09-13T22:06:15.246469,INSUFFICIENT_SUPPORT,D_Pluton__2_Dow_dztwo_Einheit,"15,-7",N/A,N/A,N/A,N/A,N/A,N/A,0,100,4,"{'enemies_list': [], 'units_found': 0, 'units_needed': 2, 'shortage': 2}"
2025-09-13T22:06:15.392436,NO_MOVEMENT_POINTS,P_Pluton__5_Infanterie_Regiment,"45,-15",0,0,"36,-15",9,False,False,N/A,N/A,N/A,{'no_mp': True}
2025-09-13T22:06:15.393443,NO_FUEL,P_Pluton__5_Infanterie_Regiment,"45,-15",0,0,"36,-15",9,False,False,N/A,N/A,N/A,"{'no_mp': True, 'no_fuel': True}"
2025-09-13T22:06:15.393443,NO_MOVEMENT_POINTS,P_Kompania__5_Infanterie_Regiment,"45,-15",0,0,"36,-14",9,False,False,N/A,N/A,N/A,{'no_mp': True}
2025-09-13T22:06:15.394491,NO_FUEL,P_Kompania__5_Infanterie_Regiment,"45,-15",0,0,"36,-14",9,False,False,N/A,N/A,N/A,"{'no_mp': True, 'no_fuel': True}"
2025-09-13T22:06:15.395508,NO_MOVEMENT_POINTS,P_Pluton__5_Sch_tzen_Kompanie,"45,-15",0,0,"37,-15",8,False,False,N/A,N/A,N/A,{'no_mp': True}
2025-09-13T22:06:15.396590,NO_FUEL,P_Pluton__5_Sch_tzen_Kompanie,"45,-15",0,0,"37,-15",8,False,False,N/A,N/A,N/A,"{'no_mp': True, 'no_fuel': True}"
2025-09-13T22:06:15.398016,NO_MOVEMENT_POINTS,AC_Kompania__5_schwere_Artillerie,"45,-15",0,0,"36,-16",10,False,False,N/A,N/A,N/A,{'no_mp': True}
2025-09-13T22:06:15.402165,NO_FUEL,AC_Kompania__5_schwere_Artillerie,"45,-15",0,0,"36,-16",10,False,False,N/A,N/A,N/A,"{'no_mp': True, 'no_fuel': True}"
2025-09-13T22:06:15.403169,NO_MOVEMENT_POINTS,AL_Batalion__5_Artillerie_Abteilung,"45,-15",0,0,"37,-17",10,False,False,N/A,N/A,N/A,{'no_mp': True}
2025-09-13T22:06:15.404319,NO_FUEL,AL_Batalion__5_Artillerie_Abteilung,"45,-15",0,0,"37,-17",10,False,False,N/A,N/A,N/A,"{'no_mp': True, 'no_fuel': True}"
2025-09-13T22:06:15.405466,INSUFFICIENT_SUPPORT,Z_Kompania__5_Unterst_tzungs_Bataillon,"45,-15",N/A,N/A,N/A,N/A,N/A,N/A,0,100,5,"{'enemies_list': [], 'units_found': 0, 'units_needed': 2, 'shortage': 2}"
2025-09-13T22:06:15.405466,NO_MOVEMENT_POINTS,P_Pluton__5_Infanterie_Regiment,"43,-14",0,0,"36,-15",8,False,False,N/A,N/A,N/A,{'no_mp': True}
2025-09-13T22:06:15.406852,NO_FUEL,P_Pluton__5_Infanterie_Regiment,"43,-14",0,0,"36,-15",8,False,False,N/A,N/A,N/A,"{'no_mp': True, 'no_fuel': True}"
2025-09-13T22:06:15.407867,NO_MOVEMENT_POINTS,P_Kompania__5_Infanterie_Regiment,"43,-14",0,0,"36,-14",7,False,False,N/A,N/A,N/A,{'no_mp': True}
2025-09-13T22:06:15.409304,NO_FUEL,P_Kompania__5_Infanterie_Regiment,"43,-14",0,0,"36,-14",7,False,False,N/A,N/A,N/A,"{'no_mp': True, 'no_fuel': True}"
2025-09-13T22:06:15.409304,NO_MOVEMENT_POINTS,P_Pluton__5_Sch_tzen_Kompanie,"43,-14",0,0,"37,-15",7,False,False,N/A,N/A,N/A,{'no_mp': True}
2025-09-13T22:06:15.409304,NO_FUEL,P_Pluton__5_Sch_tzen_Kompanie,"43,-14",0,0,"37,-15",7,False,False,N/A,N/A,N/A,"{'no_mp': True, 'no_fuel': True}"
2025-09-13T22:06:15.409304,NO_MOVEMENT_POINTS,AC_Kompania__5_schwere_Artillerie,"43,-14",0,0,"36,-16",9,False,False,N/A,N/A,N/A,{'no_mp': True}
2025-09-13T22:06:15.409304,NO_FUEL,AC_Kompania__5_schwere_Artillerie,"43,-14",0,0,"36,-16",9,False,False,N/A,N/A,N/A,"{'no_mp': True, 'no_fuel': True}"
2025-09-13T22:06:15.409304,NO_MOVEMENT_POINTS,AL_Batalion__5_Artillerie_Abteilung,"43,-14",0,0,"37,-17",9,False,False,N/A,N/A,N/A,{'no_mp': True}
2025-09-13T22:06:15.409304,NO_FUEL,AL_Batalion__5_Artillerie_Abteilung,"43,-14",0,0,"37,-17",9,False,False,N/A,N/A,N/A,"{'no_mp': True, 'no_fuel': True}"
2025-09-13T22:06:15.419031,INSUFFICIENT_SUPPORT,Z_Pluton__5_Versorgungs_Kompanie,"43,-14",N/A,N/A,N/A,N/A,N/A,N/A,0,150,5,"{'enemies_list': [], 'units_found': 0, 'units_needed': 2, 'shortage': 2}"
2025-09-13T22:06:15.420041,NO_MOVEMENT_POINTS,P_Pluton__5_Infanterie_Regiment,"52,-13",0,0,"36,-15",18,False,False,N/A,N/A,N/A,{'no_mp': True}
2025-09-13T22:06:15.420041,NO_FUEL,P_Pluton__5_Infanterie_Regiment,"52,-13",0,0,"36,-15",18,False,False,N/A,N/A,N/A,"{'no_mp': True, 'no_fuel': True}"
2025-09-13T22:06:15.421787,NO_MOVEMENT_POINTS,P_Kompania__5_Infanterie_Regiment,"52,-13",0,0,"36,-14",17,False,False,N/A,N/A,N/A,{'no_mp': True}
2025-09-13T22:06:15.422813,NO_FUEL,P_Kompania__5_Infanterie_Regiment,"52,-13",0,0,"36,-14",17,False,False,N/A,N/A,N/A,"{'no_mp': True, 'no_fuel': True}"
2025-09-13T22:06:15.424138,NO_MOVEMENT_POINTS,P_Pluton__5_Sch_tzen_Kompanie,"52,-13",0,0,"37,-15",17,False,False,N/A,N/A,N/A,{'no_mp': True}
2025-09-13T22:06:15.424138,NO_FUEL,P_Pluton__5_Sch_tzen_Kompanie,"52,-13",0,0,"37,-15",17,False,False,N/A,N/A,N/A,"{'no_mp': True, 'no_fuel': True}"
2025-09-13T22:06:15.425299,NO_MOVEMENT_POINTS,AC_Kompania__5_schwere_Artillerie,"52,-13",0,0,"36,-16",19,False,False,N/A,N/A,N/A,{'no_mp': True}
2025-09-13T22:06:15.426412,NO_FUEL,AC_Kompania__5_schwere_Artillerie,"52,-13",0,0,"36,-16",19,False,False,N/A,N/A,N/A,"{'no_mp': True, 'no_fuel': True}"
2025-09-13T22:06:15.427095,NO_MOVEMENT_POINTS,AL_Batalion__5_Artillerie_Abteilung,"52,-13",0,0,"37,-17",19,False,False,N/A,N/A,N/A,{'no_mp': True}
2025-09-13T22:06:15.428216,NO_FUEL,AL_Batalion__5_Artillerie_Abteilung,"52,-13",0,0,"37,-17",19,False,False,N/A,N/A,N/A,"{'no_mp': True, 'no_fuel': True}"
2025-09-13T22:06:15.430223,INSUFFICIENT_SUPPORT,Z_Pluton__5_Unterst_tzungs_Bataillon_20250913214038,"52,-13",N/A,N/A,N/A,N/A,N/A,N/A,0,100,5,"{'enemies_list': [], 'units_found': 0, 'units_needed': 2, 'shortage': 2}"
2025-09-13T22:06:15.634610,NO_MOVEMENT_POINTS,P_Batalion__2_Batalion_Strzelc_w_20250913214005,"28,3",0,0,"25,-9",15,False,False,N/A,N/A,N/A,{'no_mp': True}
2025-09-13T22:06:15.634610,NO_FUEL,P_Batalion__2_Batalion_Strzelc_w_20250913214005,"28,3",0,0,"25,-9",15,False,False,N/A,N/A,N/A,"{'no_mp': True, 'no_fuel': True}"
2025-09-13T22:06:15.634610,NO_MOVEMENT_POINTS,P_Pluton__2_Kompania_Grenadier_w,"28,3",0,0,"26,6",3,False,False,N/A,N/A,N/A,{'no_mp': True}
2025-09-13T22:06:15.634610,NO_FUEL,P_Pluton__2_Kompania_Grenadier_w,"28,3",0,0,"26,6",3,False,False,N/A,N/A,N/A,"{'no_mp': True, 'no_fuel': True}"
2025-09-13T22:06:15.634610,NO_MOVEMENT_POINTS,Z_Pluton__2_Batalion_Wsparcia,"28,3",0,0,"28,5",2,False,False,N/A,N/A,N/A,{'no_mp': True}
2025-09-13T22:06:15.634610,NO_FUEL,Z_Pluton__2_Batalion_Wsparcia,"28,3",0,0,"28,5",2,False,False,N/A,N/A,N/A,"{'no_mp': True, 'no_fuel': True}"
2025-09-13T22:06:15.642249,NO_MOVEMENT_POINTS,P_Pluton__2_Kompania_Grenadier_w_20250913214010,"28,3",0,0,"27,6",3,False,False,N/A,N/A,N/A,{'no_mp': True}
2025-09-13T22:06:15.642249,NO_FUEL,P_Pluton__2_Kompania_Grenadier_w_20250913214010,"28,3",0,0,"27,6",3,False,False,N/A,N/A,N/A,"{'no_mp': True, 'no_fuel': True}"
2025-09-13T22:06:15.643270,INSUFFICIENT_SUPPORT,P_Kompania__2_Pu_k_Piechoty,"28,3",N/A,N/A,N/A,N/A,N/A,N/A,0,75,4,"{'enemies_list': [], 'units_found': 0, 'units_needed': 1, 'shortage': 1}"
2025-09-13T22:06:15.644285,NO_MOVEMENT_POINTS,P_Batalion__2_Batalion_Strzelc_w_20250913214005,"27,4",0,0,"25,-9",15,False,False,N/A,N/A,N/A,{'no_mp': True}
2025-09-13T22:06:15.645282,NO_FUEL,P_Batalion__2_Batalion_Strzelc_w_20250913214005,"27,4",0,0,"25,-9",15,False,False,N/A,N/A,N/A,"{'no_mp': True, 'no_fuel': True}"
2025-09-13T22:06:15.646358,NO_MOVEMENT_POINTS,P_Pluton__2_Kompania_Grenadier_w,"27,4",0,0,"26,6",2,False,False,N/A,N/A,N/A,{'no_mp': True}
2025-09-13T22:06:15.647428,NO_FUEL,P_Pluton__2_Kompania_Grenadier_w,"27,4",0,0,"26,6",2,False,False,N/A,N/A,N/A,"{'no_mp': True, 'no_fuel': True}"
2025-09-13T22:06:15.648730,NO_MOVEMENT_POINTS,Z_Pluton__2_Batalion_Wsparcia,"27,4",0,0,"28,5",2,False,False,N/A,N/A,N/A,{'no_mp': True}
2025-09-13T22:06:15.652976,NO_FUEL,Z_Pluton__2_Batalion_Wsparcia,"27,4",0,0,"28,5",2,False,False,N/A,N/A,N/A,"{'no_mp': True, 'no_fuel': True}"
2025-09-13T22:06:15.652976,NO_MOVEMENT_POINTS,P_Pluton__2_Kompania_Grenadier_w_20250913214010,"27,4",0,0,"27,6",2,False,False,N/A,N/A,N/A,{'no_mp': True}
2025-09-13T22:06:15.652976,NO_FUEL,P_Pluton__2_Kompania_Grenadier_w_20250913214010,"27,4",0,0,"27,6",2,False,False,N/A,N/A,N/A,"{'no_mp': True, 'no_fuel': True}"
2025-09-13T22:06:15.652976,INSUFFICIENT_SUPPORT,Z_Pluton__2_Oddzia_Rozpoznawczy,"27,4",N/A,N/A,N/A,N/A,N/A,N/A,0,75,4,"{'enemies_list': [], 'units_found': 0, 'units_needed': 1, 'shortage': 1}"
2025-09-13T22:06:15.652976,NO_MOVEMENT_POINTS,P_Batalion__2_Batalion_Strzelc_w_20250913214005,"24,-7",0,0,"25,-9",2,False,False,N/A,N/A,N/A,{'no_mp': True}
2025-09-13T22:06:15.652976,NO_FUEL,P_Batalion__2_Batalion_Strzelc_w_20250913214005,"24,-7",0,0,"25,-9",2,False,False,N/A,N/A,N/A,"{'no_mp': True, 'no_fuel': True}"
2025-09-13T22:06:15.652976,NO_MOVEMENT_POINTS,P_Pluton__2_Kompania_Grenadier_w,"24,-7",0,0,"26,6",15,False,False,N/A,N/A,N/A,{'no_mp': True}
2025-09-13T22:06:15.659338,NO_FUEL,P_Pluton__2_Kompania_Grenadier_w,"24,-7",0,0,"26,6",15,False,False,N/A,N/A,N/A,"{'no_mp': True, 'no_fuel': True}"
2025-09-13T22:06:15.660361,NO_MOVEMENT_POINTS,Z_Pluton__2_Batalion_Wsparcia,"24,-7",0,0,"28,5",16,False,False,N/A,N/A,N/A,{'no_mp': True}
2025-09-13T22:06:15.661579,NO_FUEL,Z_Pluton__2_Batalion_Wsparcia,"24,-7",0,0,"28,5",16,False,False,N/A,N/A,N/A,"{'no_mp': True, 'no_fuel': True}"
2025-09-13T22:06:15.661579,NO_MOVEMENT_POINTS,P_Pluton__2_Kompania_Grenadier_w_20250913214010,"24,-7",0,0,"27,6",16,False,False,N/A,N/A,N/A,{'no_mp': True}
2025-09-13T22:06:15.662584,NO_FUEL,P_Pluton__2_Kompania_Grenadier_w_20250913214010,"24,-7",0,0,"27,6",16,False,False,N/A,N/A,N/A,"{'no_mp': True, 'no_fuel': True}"
2025-09-13T22:06:15.663997,INSUFFICIENT_SUPPORT,Z_Batalion__2_Kompania_Zaopatrzeniowa,"24,-7",N/A,N/A,N/A,N/A,N/A,N/A,0,50,4,"{'enemies_list': [], 'units_found': 0, 'units_needed': 1, 'shortage': 1}"
2025-09-13T22:06:15.669317,NO_MOVEMENT_POINTS,P_Batalion__2_Batalion_Strzelc_w_20250913214005,"15,-7",0,0,"25,-9",10,False,False,N/A,N/A,N/A,{'no_mp': True}
2025-09-13T22:06:15.670533,NO_FUEL,P_Batalion__2_Batalion_Strzelc_w_20250913214005,"15,-7",0,0,"25,-9",10,False,False,N/A,N/A,N/A,"{'no_mp': True, 'no_fuel': True}"
2025-09-13T22:06:15.671530,NO_MOVEMENT_POINTS,P_Pluton__2_Kompania_Grenadier_w,"15,-7",0,0,"26,6",24,False,False,N/A,N/A,N/A,{'no_mp': True}
2025-09-13T22:06:15.672692,NO_FUEL,P_Pluton__2_Kompania_Grenadier_w,"15,-7",0,0,"26,6",24,False,False,N/A,N/A,N/A,"{'no_mp': True, 'no_fuel': True}"
2025-09-13T22:06:15.672692,NO_MOVEMENT_POINTS,Z_Pluton__2_Batalion_Wsparcia,"15,-7",0,0,"28,5",25,False,False,N/A,N/A,N/A,{'no_mp': True}
2025-09-13T22:06:15.674376,NO_FUEL,Z_Pluton__2_Batalion_Wsparcia,"15,-7",0,0,"28,5",25,False,False,N/A,N/A,N/A,"{'no_mp': True, 'no_fuel': True}"
2025-09-13T22:06:15.674791,NO_MOVEMENT_POINTS,P_Pluton__2_Kompania_Grenadier_w_20250913214010,"15,-7",0,0,"27,6",25,False,False,N/A,N/A,N/A,{'no_mp': True}
2025-09-13T22:06:15.675810,NO_FUEL,P_Pluton__2_Kompania_Grenadier_w_20250913214010,"15,-7",0,0,"27,6",25,False,False,N/A,N/A,N/A,"{'no_mp': True, 'no_fuel': True}"
2025-09-13T22:06:15.675810,INSUFFICIENT_SUPPORT,D_Pluton__2_Dow_dztwo_Einheit,"15,-7",N/A,N/A,N/A,N/A,N/A,N/A,0,100,4,"{'enemies_list': [], 'units_found': 0, 'units_needed': 2, 'shortage': 2}"
2025-09-13T22:06:15.823669,NO_MOVEMENT_POINTS,P_Pluton__5_Infanterie_Regiment,"45,-15",0,0,"36,-15",9,False,False,N/A,N/A,N/A,{'no_mp': True}
2025-09-13T22:06:15.825068,NO_FUEL,P_Pluton__5_Infanterie_Regiment,"45,-15",0,0,"36,-15",9,False,False,N/A,N/A,N/A,"{'no_mp': True, 'no_fuel': True}"
2025-09-13T22:06:15.826071,NO_MOVEMENT_POINTS,P_Kompania__5_Infanterie_Regiment,"45,-15",0,0,"36,-14",9,False,False,N/A,N/A,N/A,{'no_mp': True}
2025-09-13T22:06:15.827410,NO_FUEL,P_Kompania__5_Infanterie_Regiment,"45,-15",0,0,"36,-14",9,False,False,N/A,N/A,N/A,"{'no_mp': True, 'no_fuel': True}"
2025-09-13T22:06:15.827410,NO_MOVEMENT_POINTS,P_Pluton__5_Sch_tzen_Kompanie,"45,-15",0,0,"37,-15",8,False,False,N/A,N/A,N/A,{'no_mp': True}
2025-09-13T22:06:15.828786,NO_FUEL,P_Pluton__5_Sch_tzen_Kompanie,"45,-15",0,0,"37,-15",8,False,False,N/A,N/A,N/A,"{'no_mp': True, 'no_fuel': True}"
2025-09-13T22:06:15.829993,NO_MOVEMENT_POINTS,AC_Kompania__5_schwere_Artillerie,"45,-15",0,0,"36,-16",10,False,False,N/A,N/A,N/A,{'no_mp': True}
2025-09-13T22:06:15.831009,NO_FUEL,AC_Kompania__5_schwere_Artillerie,"45,-15",0,0,"36,-16",10,False,False,N/A,N/A,N/A,"{'no_mp': True, 'no_fuel': True}"
2025-09-13T22:06:15.832077,NO_MOVEMENT_POINTS,AL_Batalion__5_Artillerie_Abteilung,"45,-15",0,0,"37,-17",10,False,False,N/A,N/A,N/A,{'no_mp': True}
2025-09-13T22:06:15.836713,NO_FUEL,AL_Batalion__5_Artillerie_Abteilung,"45,-15",0,0,"37,-17",10,False,False,N/A,N/A,N/A,"{'no_mp': True, 'no_fuel': True}"
2025-09-13T22:06:15.838080,INSUFFICIENT_SUPPORT,Z_Kompania__5_Unterst_tzungs_Bataillon,"45,-15",N/A,N/A,N/A,N/A,N/A,N/A,0,100,5,"{'enemies_list': [], 'units_found': 0, 'units_needed': 2, 'shortage': 2}"
2025-09-13T22:06:15.839083,NO_MOVEMENT_POINTS,P_Pluton__5_Infanterie_Regiment,"43,-14",0,0,"36,-15",8,False,False,N/A,N/A,N/A,{'no_mp': True}
2025-09-13T22:06:15.839083,NO_FUEL,P_Pluton__5_Infanterie_Regiment,"43,-14",0,0,"36,-15",8,False,False,N/A,N/A,N/A,"{'no_mp': True, 'no_fuel': True}"
2025-09-13T22:06:15.840332,NO_MOVEMENT_POINTS,P_Kompania__5_Infanterie_Regiment,"43,-14",0,0,"36,-14",7,False,False,N/A,N/A,N/A,{'no_mp': True}
2025-09-13T22:06:15.841450,NO_FUEL,P_Kompania__5_Infanterie_Regiment,"43,-14",0,0,"36,-14",7,False,False,N/A,N/A,N/A,"{'no_mp': True, 'no_fuel': True}"
2025-09-13T22:06:15.841450,NO_MOVEMENT_POINTS,P_Pluton__5_Sch_tzen_Kompanie,"43,-14",0,0,"37,-15",7,False,False,N/A,N/A,N/A,{'no_mp': True}
2025-09-13T22:06:15.841450,NO_FUEL,P_Pluton__5_Sch_tzen_Kompanie,"43,-14",0,0,"37,-15",7,False,False,N/A,N/A,N/A,"{'no_mp': True, 'no_fuel': True}"
2025-09-13T22:06:15.841450,NO_MOVEMENT_POINTS,AC_Kompania__5_schwere_Artillerie,"43,-14",0,0,"36,-16",9,False,False,N/A,N/A,N/A,{'no_mp': True}
2025-09-13T22:06:15.841450,NO_FUEL,AC_Kompania__5_schwere_Artillerie,"43,-14",0,0,"36,-16",9,False,False,N/A,N/A,N/A,"{'no_mp': True, 'no_fuel': True}"
2025-09-13T22:06:15.841450,NO_MOVEMENT_POINTS,AL_Batalion__5_Artillerie_Abteilung,"43,-14",0,0,"37,-17",9,False,False,N/A,N/A,N/A,{'no_mp': True}
2025-09-13T22:06:15.841450,NO_FUEL,AL_Batalion__5_Artillerie_Abteilung,"43,-14",0,0,"37,-17",9,False,False,N/A,N/A,N/A,"{'no_mp': True, 'no_fuel': True}"
2025-09-13T22:06:15.847455,INSUFFICIENT_SUPPORT,Z_Pluton__5_Versorgungs_Kompanie,"43,-14",N/A,N/A,N/A,N/A,N/A,N/A,0,150,5,"{'enemies_list': [], 'units_found': 0, 'units_needed': 2, 'shortage': 2}"
2025-09-13T22:06:15.851080,NO_MOVEMENT_POINTS,P_Pluton__5_Infanterie_Regiment,"52,-13",0,0,"36,-15",18,False,False,N/A,N/A,N/A,{'no_mp': True}
2025-09-13T22:06:15.854158,NO_FUEL,P_Pluton__5_Infanterie_Regiment,"52,-13",0,0,"36,-15",18,False,False,N/A,N/A,N/A,"{'no_mp': True, 'no_fuel': True}"
2025-09-13T22:06:15.854158,NO_MOVEMENT_POINTS,P_Kompania__5_Infanterie_Regiment,"52,-13",0,0,"36,-14",17,False,False,N/A,N/A,N/A,{'no_mp': True}
2025-09-13T22:06:15.855180,NO_FUEL,P_Kompania__5_Infanterie_Regiment,"52,-13",0,0,"36,-14",17,False,False,N/A,N/A,N/A,"{'no_mp': True, 'no_fuel': True}"
2025-09-13T22:06:15.856191,NO_MOVEMENT_POINTS,P_Pluton__5_Sch_tzen_Kompanie,"52,-13",0,0,"37,-15",17,False,False,N/A,N/A,N/A,{'no_mp': True}
2025-09-13T22:06:15.857348,NO_FUEL,P_Pluton__5_Sch_tzen_Kompanie,"52,-13",0,0,"37,-15",17,False,False,N/A,N/A,N/A,"{'no_mp': True, 'no_fuel': True}"
2025-09-13T22:06:15.858351,NO_MOVEMENT_POINTS,AC_Kompania__5_schwere_Artillerie,"52,-13",0,0,"36,-16",19,False,False,N/A,N/A,N/A,{'no_mp': True}
2025-09-13T22:06:15.858351,NO_FUEL,AC_Kompania__5_schwere_Artillerie,"52,-13",0,0,"36,-16",19,False,False,N/A,N/A,N/A,"{'no_mp': True, 'no_fuel': True}"
2025-09-13T22:06:15.860327,NO_MOVEMENT_POINTS,AL_Batalion__5_Artillerie_Abteilung,"52,-13",0,0,"37,-17",19,False,False,N/A,N/A,N/A,{'no_mp': True}
2025-09-13T22:06:15.860327,NO_FUEL,AL_Batalion__5_Artillerie_Abteilung,"52,-13",0,0,"37,-17",19,False,False,N/A,N/A,N/A,"{'no_mp': True, 'no_fuel': True}"
2025-09-13T22:06:15.861338,INSUFFICIENT_SUPPORT,Z_Pluton__5_Unterst_tzungs_Bataillon_20250913214038,"52,-13",N/A,N/A,N/A,N/A,N/A,N/A,0,100,5,"{'enemies_list': [], 'units_found': 0, 'units_needed': 2, 'shortage': 2}"
2025-09-13T22:06:16.061059,NO_MOVEMENT_POINTS,P_Batalion__2_Batalion_Strzelc_w_20250913214005,"28,3",0,0,"25,-9",15,False,False,N/A,N/A,N/A,{'no_mp': True}
2025-09-13T22:06:16.062068,NO_FUEL,P_Batalion__2_Batalion_Strzelc_w_20250913214005,"28,3",0,0,"25,-9",15,False,False,N/A,N/A,N/A,"{'no_mp': True, 'no_fuel': True}"
2025-09-13T22:06:16.062068,NO_MOVEMENT_POINTS,P_Pluton__2_Kompania_Grenadier_w,"28,3",0,0,"26,6",3,False,False,N/A,N/A,N/A,{'no_mp': True}
2025-09-13T22:06:16.063516,NO_FUEL,P_Pluton__2_Kompania_Grenadier_w,"28,3",0,0,"26,6",3,False,False,N/A,N/A,N/A,"{'no_mp': True, 'no_fuel': True}"
2025-09-13T22:06:16.064931,NO_MOVEMENT_POINTS,Z_Pluton__2_Batalion_Wsparcia,"28,3",0,0,"28,5",2,False,False,N/A,N/A,N/A,{'no_mp': True}
2025-09-13T22:06:16.065820,NO_FUEL,Z_Pluton__2_Batalion_Wsparcia,"28,3",0,0,"28,5",2,False,False,N/A,N/A,N/A,"{'no_mp': True, 'no_fuel': True}"
2025-09-13T22:06:16.067965,NO_MOVEMENT_POINTS,P_Pluton__2_Kompania_Grenadier_w_20250913214010,"28,3",0,0,"27,6",3,False,False,N/A,N/A,N/A,{'no_mp': True}
2025-09-13T22:06:16.071138,NO_FUEL,P_Pluton__2_Kompania_Grenadier_w_20250913214010,"28,3",0,0,"27,6",3,False,False,N/A,N/A,N/A,"{'no_mp': True, 'no_fuel': True}"
2025-09-13T22:06:16.072135,INSUFFICIENT_SUPPORT,P_Kompania__2_Pu_k_Piechoty,"28,3",N/A,N/A,N/A,N/A,N/A,N/A,0,75,4,"{'enemies_list': [], 'units_found': 0, 'units_needed': 1, 'shortage': 1}"
2025-09-13T22:06:16.073144,NO_MOVEMENT_POINTS,P_Batalion__2_Batalion_Strzelc_w_20250913214005,"27,4",0,0,"25,-9",15,False,False,N/A,N/A,N/A,{'no_mp': True}
2025-09-13T22:06:16.074148,NO_FUEL,P_Batalion__2_Batalion_Strzelc_w_20250913214005,"27,4",0,0,"25,-9",15,False,False,N/A,N/A,N/A,"{'no_mp': True, 'no_fuel': True}"
2025-09-13T22:06:16.074148,NO_MOVEMENT_POINTS,P_Pluton__2_Kompania_Grenadier_w,"27,4",0,0,"26,6",2,False,False,N/A,N/A,N/A,{'no_mp': True}
2025-09-13T22:06:16.075380,NO_FUEL,P_Pluton__2_Kompania_Grenadier_w,"27,4",0,0,"26,6",2,False,False,N/A,N/A,N/A,"{'no_mp': True, 'no_fuel': True}"
2025-09-13T22:06:16.076473,NO_MOVEMENT_POINTS,Z_Pluton__2_Batalion_Wsparcia,"27,4",0,0,"28,5",2,False,False,N/A,N/A,N/A,{'no_mp': True}
2025-09-13T22:06:16.077185,NO_FUEL,Z_Pluton__2_Batalion_Wsparcia,"27,4",0,0,"28,5",2,False,False,N/A,N/A,N/A,"{'no_mp': True, 'no_fuel': True}"
2025-09-13T22:06:16.078402,NO_MOVEMENT_POINTS,P_Pluton__2_Kompania_Grenadier_w_20250913214010,"27,4",0,0,"27,6",2,False,False,N/A,N/A,N/A,{'no_mp': True}
2025-09-13T22:06:16.079508,NO_FUEL,P_Pluton__2_Kompania_Grenadier_w_20250913214010,"27,4",0,0,"27,6",2,False,False,N/A,N/A,N/A,"{'no_mp': True, 'no_fuel': True}"
2025-09-13T22:06:16.080515,INSUFFICIENT_SUPPORT,Z_Pluton__2_Oddzia_Rozpoznawczy,"27,4",N/A,N/A,N/A,N/A,N/A,N/A,0,75,4,"{'enemies_list': [], 'units_found': 0, 'units_needed': 1, 'shortage': 1}"
2025-09-13T22:06:16.080515,NO_MOVEMENT_POINTS,P_Batalion__2_Batalion_Strzelc_w_20250913214005,"24,-7",0,0,"25,-9",2,False,False,N/A,N/A,N/A,{'no_mp': True}
2025-09-13T22:06:16.082164,NO_FUEL,P_Batalion__2_Batalion_Strzelc_w_20250913214005,"24,-7",0,0,"25,-9",2,False,False,N/A,N/A,N/A,"{'no_mp': True, 'no_fuel': True}"
2025-09-13T22:06:16.085729,NO_MOVEMENT_POINTS,P_Pluton__2_Kompania_Grenadier_w,"24,-7",0,0,"26,6",15,False,False,N/A,N/A,N/A,{'no_mp': True}
2025-09-13T22:06:16.087670,NO_FUEL,P_Pluton__2_Kompania_Grenadier_w,"24,-7",0,0,"26,6",15,False,False,N/A,N/A,N/A,"{'no_mp': True, 'no_fuel': True}"
2025-09-13T22:06:16.087670,NO_MOVEMENT_POINTS,Z_Pluton__2_Batalion_Wsparcia,"24,-7",0,0,"28,5",16,False,False,N/A,N/A,N/A,{'no_mp': True}
2025-09-13T22:06:16.088674,NO_FUEL,Z_Pluton__2_Batalion_Wsparcia,"24,-7",0,0,"28,5",16,False,False,N/A,N/A,N/A,"{'no_mp': True, 'no_fuel': True}"
2025-09-13T22:06:16.088674,NO_MOVEMENT_POINTS,P_Pluton__2_Kompania_Grenadier_w_20250913214010,"24,-7",0,0,"27,6",16,False,False,N/A,N/A,N/A,{'no_mp': True}
2025-09-13T22:06:16.088674,NO_FUEL,P_Pluton__2_Kompania_Grenadier_w_20250913214010,"24,-7",0,0,"27,6",16,False,False,N/A,N/A,N/A,"{'no_mp': True, 'no_fuel': True}"
2025-09-13T22:06:16.091448,INSUFFICIENT_SUPPORT,Z_Batalion__2_Kompania_Zaopatrzeniowa,"24,-7",N/A,N/A,N/A,N/A,N/A,N/A,0,50,4,"{'enemies_list': [], 'units_found': 0, 'units_needed': 1, 'shortage': 1}"
2025-09-13T22:06:16.092468,NO_MOVEMENT_POINTS,P_Batalion__2_Batalion_Strzelc_w_20250913214005,"15,-7",0,0,"25,-9",10,False,False,N/A,N/A,N/A,{'no_mp': True}
2025-09-13T22:06:16.093475,NO_FUEL,P_Batalion__2_Batalion_Strzelc_w_20250913214005,"15,-7",0,0,"25,-9",10,False,False,N/A,N/A,N/A,"{'no_mp': True, 'no_fuel': True}"
2025-09-13T22:06:16.094582,NO_MOVEMENT_POINTS,P_Pluton__2_Kompania_Grenadier_w,"15,-7",0,0,"26,6",24,False,False,N/A,N/A,N/A,{'no_mp': True}
2025-09-13T22:06:16.095625,NO_FUEL,P_Pluton__2_Kompania_Grenadier_w,"15,-7",0,0,"26,6",24,False,False,N/A,N/A,N/A,"{'no_mp': True, 'no_fuel': True}"
2025-09-13T22:06:16.095625,NO_MOVEMENT_POINTS,Z_Pluton__2_Batalion_Wsparcia,"15,-7",0,0,"28,5",25,False,False,N/A,N/A,N/A,{'no_mp': True}
2025-09-13T22:06:16.097739,NO_FUEL,Z_Pluton__2_Batalion_Wsparcia,"15,-7",0,0,"28,5",25,False,False,N/A,N/A,N/A,"{'no_mp': True, 'no_fuel': True}"
2025-09-13T22:06:16.099052,NO_MOVEMENT_POINTS,P_Pluton__2_Kompania_Grenadier_w_20250913214010,"15,-7",0,0,"27,6",25,False,False,N/A,N/A,N/A,{'no_mp': True}
2025-09-13T22:06:16.101309,NO_FUEL,P_Pluton__2_Kompania_Grenadier_w_20250913214010,"15,-7",0,0,"27,6",25,False,False,N/A,N/A,N/A,"{'no_mp': True, 'no_fuel': True}"
2025-09-13T22:06:16.104557,INSUFFICIENT_SUPPORT,D_Pluton__2_Dow_dztwo_Einheit,"15,-7",N/A,N/A,N/A,N/A,N/A,N/A,0,100,4,"{'enemies_list': [], 'units_found': 0, 'units_needed': 2, 'shortage': 2}"
2025-09-13T22:06:16.238431,NO_MOVEMENT_POINTS,P_Pluton__5_Infanterie_Regiment,"45,-15",0,0,"36,-15",9,False,False,N/A,N/A,N/A,{'no_mp': True}
2025-09-13T22:06:16.239745,NO_FUEL,P_Pluton__5_Infanterie_Regiment,"45,-15",0,0,"36,-15",9,False,False,N/A,N/A,N/A,"{'no_mp': True, 'no_fuel': True}"
2025-09-13T22:06:16.240750,NO_MOVEMENT_POINTS,P_Kompania__5_Infanterie_Regiment,"45,-15",0,0,"36,-14",9,False,False,N/A,N/A,N/A,{'no_mp': True}
2025-09-13T22:06:16.241536,NO_FUEL,P_Kompania__5_Infanterie_Regiment,"45,-15",0,0,"36,-14",9,False,False,N/A,N/A,N/A,"{'no_mp': True, 'no_fuel': True}"
2025-09-13T22:06:16.241536,NO_MOVEMENT_POINTS,P_Pluton__5_Sch_tzen_Kompanie,"45,-15",0,0,"37,-15",8,False,False,N/A,N/A,N/A,{'no_mp': True}
2025-09-13T22:06:16.241536,NO_FUEL,P_Pluton__5_Sch_tzen_Kompanie,"45,-15",0,0,"37,-15",8,False,False,N/A,N/A,N/A,"{'no_mp': True, 'no_fuel': True}"
2025-09-13T22:06:16.241536,NO_MOVEMENT_POINTS,AC_Kompania__5_schwere_Artillerie,"45,-15",0,0,"36,-16",10,False,False,N/A,N/A,N/A,{'no_mp': True}
2025-09-13T22:06:16.241536,NO_FUEL,AC_Kompania__5_schwere_Artillerie,"45,-15",0,0,"36,-16",10,False,False,N/A,N/A,N/A,"{'no_mp': True, 'no_fuel': True}"
2025-09-13T22:06:16.241536,NO_MOVEMENT_POINTS,AL_Batalion__5_Artillerie_Abteilung,"45,-15",0,0,"37,-17",10,False,False,N/A,N/A,N/A,{'no_mp': True}
2025-09-13T22:06:16.241536,NO_FUEL,AL_Batalion__5_Artillerie_Abteilung,"45,-15",0,0,"37,-17",10,False,False,N/A,N/A,N/A,"{'no_mp': True, 'no_fuel': True}"
2025-09-13T22:06:16.249325,INSUFFICIENT_SUPPORT,Z_Kompania__5_Unterst_tzungs_Bataillon,"45,-15",N/A,N/A,N/A,N/A,N/A,N/A,0,100,5,"{'enemies_list': [], 'units_found': 0, 'units_needed': 2, 'shortage': 2}"
2025-09-13T22:06:16.253235,NO_MOVEMENT_POINTS,P_Pluton__5_Infanterie_Regiment,"43,-14",0,0,"36,-15",8,False,False,N/A,N/A,N/A,{'no_mp': True}
2025-09-13T22:06:16.255114,NO_FUEL,P_Pluton__5_Infanterie_Regiment,"43,-14",0,0,"36,-15",8,False,False,N/A,N/A,N/A,"{'no_mp': True, 'no_fuel': True}"
2025-09-13T22:06:16.255114,NO_MOVEMENT_POINTS,P_Kompania__5_Infanterie_Regiment,"43,-14",0,0,"36,-14",7,False,False,N/A,N/A,N/A,{'no_mp': True}
2025-09-13T22:06:16.256125,NO_FUEL,P_Kompania__5_Infanterie_Regiment,"43,-14",0,0,"36,-14",7,False,False,N/A,N/A,N/A,"{'no_mp': True, 'no_fuel': True}"
2025-09-13T22:06:16.257149,NO_MOVEMENT_POINTS,P_Pluton__5_Sch_tzen_Kompanie,"43,-14",0,0,"37,-15",7,False,False,N/A,N/A,N/A,{'no_mp': True}
2025-09-13T22:06:16.258327,NO_FUEL,P_Pluton__5_Sch_tzen_Kompanie,"43,-14",0,0,"37,-15",7,False,False,N/A,N/A,N/A,"{'no_mp': True, 'no_fuel': True}"
2025-09-13T22:06:16.258327,NO_MOVEMENT_POINTS,AC_Kompania__5_schwere_Artillerie,"43,-14",0,0,"36,-16",9,False,False,N/A,N/A,N/A,{'no_mp': True}
2025-09-13T22:06:16.259586,NO_FUEL,AC_Kompania__5_schwere_Artillerie,"43,-14",0,0,"36,-16",9,False,False,N/A,N/A,N/A,"{'no_mp': True, 'no_fuel': True}"
2025-09-13T22:06:16.260735,NO_MOVEMENT_POINTS,AL_Batalion__5_Artillerie_Abteilung,"43,-14",0,0,"37,-17",9,False,False,N/A,N/A,N/A,{'no_mp': True}
2025-09-13T22:06:16.262003,NO_FUEL,AL_Batalion__5_Artillerie_Abteilung,"43,-14",0,0,"37,-17",9,False,False,N/A,N/A,N/A,"{'no_mp': True, 'no_fuel': True}"
2025-09-13T22:06:16.263017,INSUFFICIENT_SUPPORT,Z_Pluton__5_Versorgungs_Kompanie,"43,-14",N/A,N/A,N/A,N/A,N/A,N/A,0,150,5,"{'enemies_list': [], 'units_found': 0, 'units_needed': 2, 'shortage': 2}"
2025-09-13T22:06:16.264024,NO_MOVEMENT_POINTS,P_Pluton__5_Infanterie_Regiment,"42,-14",0,0,"36,-15",7,False,False,N/A,N/A,N/A,{'no_mp': True}
2025-09-13T22:06:16.264024,NO_FUEL,P_Pluton__5_Infanterie_Regiment,"42,-14",0,0,"36,-15",7,False,False,N/A,N/A,N/A,"{'no_mp': True, 'no_fuel': True}"
2025-09-13T22:06:16.266029,NO_MOVEMENT_POINTS,P_Kompania__5_Infanterie_Regiment,"42,-14",0,0,"36,-14",6,False,False,N/A,N/A,N/A,{'no_mp': True}
2025-09-13T22:06:16.269376,NO_FUEL,P_Kompania__5_Infanterie_Regiment,"42,-14",0,0,"36,-14",6,False,False,N/A,N/A,N/A,"{'no_mp': True, 'no_fuel': True}"
2025-09-13T22:06:16.270378,NO_MOVEMENT_POINTS,P_Pluton__5_Sch_tzen_Kompanie,"42,-14",0,0,"37,-15",6,False,False,N/A,N/A,N/A,{'no_mp': True}
2025-09-13T22:06:16.271688,NO_FUEL,P_Pluton__5_Sch_tzen_Kompanie,"42,-14",0,0,"37,-15",6,False,False,N/A,N/A,N/A,"{'no_mp': True, 'no_fuel': True}"
2025-09-13T22:06:16.272927,NO_MOVEMENT_POINTS,AC_Kompania__5_schwere_Artillerie,"42,-14",0,0,"36,-16",8,False,False,N/A,N/A,N/A,{'no_mp': True}
2025-09-13T22:06:16.272927,NO_FUEL,AC_Kompania__5_schwere_Artillerie,"42,-14",0,0,"36,-16",8,False,False,N/A,N/A,N/A,"{'no_mp': True, 'no_fuel': True}"
2025-09-13T22:06:16.274231,NO_MOVEMENT_POINTS,AL_Batalion__5_Artillerie_Abteilung,"42,-14",0,0,"37,-17",8,False,False,N/A,N/A,N/A,{'no_mp': True}
2025-09-13T22:06:16.275399,NO_FUEL,AL_Batalion__5_Artillerie_Abteilung,"42,-14",0,0,"37,-17",8,False,False,N/A,N/A,N/A,"{'no_mp': True, 'no_fuel': True}"
2025-09-13T22:06:16.276704,INSUFFICIENT_SUPPORT,Z_Pluton__5_Unterst_tzungs_Bataillon,"42,-14",N/A,N/A,N/A,N/A,N/A,N/A,0,150,5,"{'enemies_list': [], 'units_found': 0, 'units_needed': 2, 'shortage': 2}"
2025-09-13T22:06:16.277726,NO_MOVEMENT_POINTS,P_Pluton__5_Infanterie_Regiment,"52,-13",0,0,"36,-15",18,False,False,N/A,N/A,N/A,{'no_mp': True}
2025-09-13T22:06:16.278763,NO_FUEL,P_Pluton__5_Infanterie_Regiment,"52,-13",0,0,"36,-15",18,False,False,N/A,N/A,N/A,"{'no_mp': True, 'no_fuel': True}"
2025-09-13T22:06:16.278763,NO_MOVEMENT_POINTS,P_Kompania__5_Infanterie_Regiment,"52,-13",0,0,"36,-14",17,False,False,N/A,N/A,N/A,{'no_mp': True}
2025-09-13T22:06:16.280049,NO_FUEL,P_Kompania__5_Infanterie_Regiment,"52,-13",0,0,"36,-14",17,False,False,N/A,N/A,N/A,"{'no_mp': True, 'no_fuel': True}"
2025-09-13T22:06:16.281181,NO_MOVEMENT_POINTS,P_Pluton__5_Sch_tzen_Kompanie,"52,-13",0,0,"37,-15",17,False,False,N/A,N/A,N/A,{'no_mp': True}
2025-09-13T22:06:16.284158,NO_FUEL,P_Pluton__5_Sch_tzen_Kompanie,"52,-13",0,0,"37,-15",17,False,False,N/A,N/A,N/A,"{'no_mp': True, 'no_fuel': True}"
2025-09-13T22:06:16.287587,NO_MOVEMENT_POINTS,AC_Kompania__5_schwere_Artillerie,"52,-13",0,0,"36,-16",19,False,False,N/A,N/A,N/A,{'no_mp': True}
2025-09-13T22:06:16.287587,NO_FUEL,AC_Kompania__5_schwere_Artillerie,"52,-13",0,0,"36,-16",19,False,False,N/A,N/A,N/A,"{'no_mp': True, 'no_fuel': True}"
2025-09-13T22:06:16.288599,NO_MOVEMENT_POINTS,AL_Batalion__5_Artillerie_Abteilung,"52,-13",0,0,"37,-17",19,False,False,N/A,N/A,N/A,{'no_mp': True}
2025-09-13T22:06:16.289604,NO_FUEL,AL_Batalion__5_Artillerie_Abteilung,"52,-13",0,0,"37,-17",19,False,False,N/A,N/A,N/A,"{'no_mp': True, 'no_fuel': True}"
2025-09-13T22:06:16.290865,INSUFFICIENT_SUPPORT,Z_Pluton__5_Unterst_tzungs_Bataillon_20250913214038,"52,-13",N/A,N/A,N/A,N/A,N/A,N/A,0,100,5,"{'enemies_list': [], 'units_found': 0, 'units_needed': 2, 'shortage': 2}"
2025-09-13T22:06:16.488082,NO_MOVEMENT_POINTS,P_Batalion__2_Batalion_Strzelc_w_20250913214005,"28,3",0,0,"25,-9",15,False,False,N/A,N/A,N/A,{'no_mp': True}
2025-09-13T22:06:16.489079,NO_FUEL,P_Batalion__2_Batalion_Strzelc_w_20250913214005,"28,3",0,0,"25,-9",15,False,False,N/A,N/A,N/A,"{'no_mp': True, 'no_fuel': True}"
2025-09-13T22:06:16.489079,NO_MOVEMENT_POINTS,P_Pluton__2_Kompania_Grenadier_w,"28,3",0,0,"26,6",3,False,False,N/A,N/A,N/A,{'no_mp': True}
2025-09-13T22:06:16.490292,NO_FUEL,P_Pluton__2_Kompania_Grenadier_w,"28,3",0,0,"26,6",3,False,False,N/A,N/A,N/A,"{'no_mp': True, 'no_fuel': True}"
2025-09-13T22:06:16.491434,NO_MOVEMENT_POINTS,Z_Pluton__2_Batalion_Wsparcia,"28,3",0,0,"28,5",2,False,False,N/A,N/A,N/A,{'no_mp': True}
2025-09-13T22:06:16.492550,NO_FUEL,Z_Pluton__2_Batalion_Wsparcia,"28,3",0,0,"28,5",2,False,False,N/A,N/A,N/A,"{'no_mp': True, 'no_fuel': True}"
2025-09-13T22:06:16.493491,NO_MOVEMENT_POINTS,P_Pluton__2_Kompania_Grenadier_w_20250913214010,"28,3",0,0,"27,6",3,False,False,N/A,N/A,N/A,{'no_mp': True}
2025-09-13T22:06:16.494780,NO_FUEL,P_Pluton__2_Kompania_Grenadier_w_20250913214010,"28,3",0,0,"27,6",3,False,False,N/A,N/A,N/A,"{'no_mp': True, 'no_fuel': True}"
2025-09-13T22:06:16.495934,INSUFFICIENT_SUPPORT,P_Kompania__2_Pu_k_Piechoty,"28,3",N/A,N/A,N/A,N/A,N/A,N/A,0,75,4,"{'enemies_list': [], 'units_found': 0, 'units_needed': 1, 'shortage': 1}"
2025-09-13T22:06:16.496952,NO_MOVEMENT_POINTS,P_Batalion__2_Batalion_Strzelc_w_20250913214005,"27,4",0,0,"25,-9",15,False,False,N/A,N/A,N/A,{'no_mp': True}
2025-09-13T22:06:16.497981,NO_FUEL,P_Batalion__2_Batalion_Strzelc_w_20250913214005,"27,4",0,0,"25,-9",15,False,False,N/A,N/A,N/A,"{'no_mp': True, 'no_fuel': True}"
2025-09-13T22:06:16.497981,NO_MOVEMENT_POINTS,P_Pluton__2_Kompania_Grenadier_w,"27,4",0,0,"26,6",2,False,False,N/A,N/A,N/A,{'no_mp': True}
2025-09-13T22:06:16.499171,NO_FUEL,P_Pluton__2_Kompania_Grenadier_w,"27,4",0,0,"26,6",2,False,False,N/A,N/A,N/A,"{'no_mp': True, 'no_fuel': True}"
2025-09-13T22:06:16.502190,NO_MOVEMENT_POINTS,Z_Pluton__2_Batalion_Wsparcia,"27,4",0,0,"28,5",2,False,False,N/A,N/A,N/A,{'no_mp': True}
2025-09-13T22:06:16.504465,NO_FUEL,Z_Pluton__2_Batalion_Wsparcia,"27,4",0,0,"28,5",2,False,False,N/A,N/A,N/A,"{'no_mp': True, 'no_fuel': True}"
2025-09-13T22:06:16.505661,NO_MOVEMENT_POINTS,P_Pluton__2_Kompania_Grenadier_w_20250913214010,"27,4",0,0,"27,6",2,False,False,N/A,N/A,N/A,{'no_mp': True}
2025-09-13T22:06:16.506746,NO_FUEL,P_Pluton__2_Kompania_Grenadier_w_20250913214010,"27,4",0,0,"27,6",2,False,False,N/A,N/A,N/A,"{'no_mp': True, 'no_fuel': True}"
2025-09-13T22:06:16.508254,INSUFFICIENT_SUPPORT,Z_Pluton__2_Oddzia_Rozpoznawczy,"27,4",N/A,N/A,N/A,N/A,N/A,N/A,0,75,4,"{'enemies_list': [], 'units_found': 0, 'units_needed': 1, 'shortage': 1}"
2025-09-13T22:06:16.509265,NO_MOVEMENT_POINTS,P_Batalion__2_Batalion_Strzelc_w_20250913214005,"24,-7",0,0,"25,-9",2,False,False,N/A,N/A,N/A,{'no_mp': True}
2025-09-13T22:06:16.509265,NO_FUEL,P_Batalion__2_Batalion_Strzelc_w_20250913214005,"24,-7",0,0,"25,-9",2,False,False,N/A,N/A,N/A,"{'no_mp': True, 'no_fuel': True}"
2025-09-13T22:06:16.509265,NO_MOVEMENT_POINTS,P_Pluton__2_Kompania_Grenadier_w,"24,-7",0,0,"26,6",15,False,False,N/A,N/A,N/A,{'no_mp': True}
2025-09-13T22:06:16.509265,NO_FUEL,P_Pluton__2_Kompania_Grenadier_w,"24,-7",0,0,"26,6",15,False,False,N/A,N/A,N/A,"{'no_mp': True, 'no_fuel': True}"
2025-09-13T22:06:16.509265,NO_MOVEMENT_POINTS,Z_Pluton__2_Batalion_Wsparcia,"24,-7",0,0,"28,5",16,False,False,N/A,N/A,N/A,{'no_mp': True}
2025-09-13T22:06:16.509265,NO_FUEL,Z_Pluton__2_Batalion_Wsparcia,"24,-7",0,0,"28,5",16,False,False,N/A,N/A,N/A,"{'no_mp': True, 'no_fuel': True}"
2025-09-13T22:06:16.509265,NO_MOVEMENT_POINTS,P_Pluton__2_Kompania_Grenadier_w_20250913214010,"24,-7",0,0,"27,6",16,False,False,N/A,N/A,N/A,{'no_mp': True}
2025-09-13T22:06:16.514732,NO_FUEL,P_Pluton__2_Kompania_Grenadier_w_20250913214010,"24,-7",0,0,"27,6",16,False,False,N/A,N/A,N/A,"{'no_mp': True, 'no_fuel': True}"
2025-09-13T22:06:16.516284,INSUFFICIENT_SUPPORT,Z_Batalion__2_Kompania_Zaopatrzeniowa,"24,-7",N/A,N/A,N/A,N/A,N/A,N/A,0,50,4,"{'enemies_list': [], 'units_found': 0, 'units_needed': 1, 'shortage': 1}"
2025-09-13T22:06:16.516284,NO_MOVEMENT_POINTS,P_Batalion__2_Batalion_Strzelc_w_20250913214005,"15,-7",0,0,"25,-9",10,False,False,N/A,N/A,N/A,{'no_mp': True}
2025-09-13T22:06:16.522213,NO_FUEL,P_Batalion__2_Batalion_Strzelc_w_20250913214005,"15,-7",0,0,"25,-9",10,False,False,N/A,N/A,N/A,"{'no_mp': True, 'no_fuel': True}"
2025-09-13T22:06:16.522213,NO_MOVEMENT_POINTS,P_Pluton__2_Kompania_Grenadier_w,"15,-7",0,0,"26,6",24,False,False,N/A,N/A,N/A,{'no_mp': True}
2025-09-13T22:06:16.524696,NO_FUEL,P_Pluton__2_Kompania_Grenadier_w,"15,-7",0,0,"26,6",24,False,False,N/A,N/A,N/A,"{'no_mp': True, 'no_fuel': True}"
2025-09-13T22:06:16.526307,NO_MOVEMENT_POINTS,Z_Pluton__2_Batalion_Wsparcia,"15,-7",0,0,"28,5",25,False,False,N/A,N/A,N/A,{'no_mp': True}
2025-09-13T22:06:16.526307,NO_FUEL,Z_Pluton__2_Batalion_Wsparcia,"15,-7",0,0,"28,5",25,False,False,N/A,N/A,N/A,"{'no_mp': True, 'no_fuel': True}"
2025-09-13T22:06:16.527317,NO_MOVEMENT_POINTS,P_Pluton__2_Kompania_Grenadier_w_20250913214010,"15,-7",0,0,"27,6",25,False,False,N/A,N/A,N/A,{'no_mp': True}
2025-09-13T22:06:16.528328,NO_FUEL,P_Pluton__2_Kompania_Grenadier_w_20250913214010,"15,-7",0,0,"27,6",25,False,False,N/A,N/A,N/A,"{'no_mp': True, 'no_fuel': True}"
2025-09-13T22:06:16.529491,INSUFFICIENT_SUPPORT,D_Pluton__2_Dow_dztwo_Einheit,"15,-7",N/A,N/A,N/A,N/A,N/A,N/A,0,100,4,"{'enemies_list': [], 'units_found': 0, 'units_needed': 2, 'shortage': 2}"
2025-09-13T22:06:16.654554,NO_MOVEMENT_POINTS,P_Pluton__5_Infanterie_Regiment,"45,-15",0,0,"36,-15",9,False,False,N/A,N/A,N/A,{'no_mp': True}
2025-09-13T22:06:16.655569,NO_FUEL,P_Pluton__5_Infanterie_Regiment,"45,-15",0,0,"36,-15",9,False,False,N/A,N/A,N/A,"{'no_mp': True, 'no_fuel': True}"
2025-09-13T22:06:16.656681,NO_MOVEMENT_POINTS,P_Kompania__5_Infanterie_Regiment,"45,-15",0,0,"36,-14",9,False,False,N/A,N/A,N/A,{'no_mp': True}
2025-09-13T22:06:16.656681,NO_FUEL,P_Kompania__5_Infanterie_Regiment,"45,-15",0,0,"36,-14",9,False,False,N/A,N/A,N/A,"{'no_mp': True, 'no_fuel': True}"
2025-09-13T22:06:16.658423,NO_MOVEMENT_POINTS,P_Pluton__5_Sch_tzen_Kompanie,"45,-15",0,0,"37,-15",8,False,False,N/A,N/A,N/A,{'no_mp': True}
2025-09-13T22:06:16.659023,NO_FUEL,P_Pluton__5_Sch_tzen_Kompanie,"45,-15",0,0,"37,-15",8,False,False,N/A,N/A,N/A,"{'no_mp': True, 'no_fuel': True}"
2025-09-13T22:06:16.659023,NO_MOVEMENT_POINTS,AC_Kompania__5_schwere_Artillerie,"45,-15",0,0,"36,-16",10,False,False,N/A,N/A,N/A,{'no_mp': True}
2025-09-13T22:06:16.659023,NO_FUEL,AC_Kompania__5_schwere_Artillerie,"45,-15",0,0,"36,-16",10,False,False,N/A,N/A,N/A,"{'no_mp': True, 'no_fuel': True}"
2025-09-13T22:06:16.659023,NO_MOVEMENT_POINTS,AL_Batalion__5_Artillerie_Abteilung,"45,-15",0,0,"37,-17",10,False,False,N/A,N/A,N/A,{'no_mp': True}
2025-09-13T22:06:16.659023,NO_FUEL,AL_Batalion__5_Artillerie_Abteilung,"45,-15",0,0,"37,-17",10,False,False,N/A,N/A,N/A,"{'no_mp': True, 'no_fuel': True}"
2025-09-13T22:06:16.664334,INSUFFICIENT_SUPPORT,Z_Kompania__5_Unterst_tzungs_Bataillon,"45,-15",N/A,N/A,N/A,N/A,N/A,N/A,0,100,5,"{'enemies_list': [], 'units_found': 0, 'units_needed': 2, 'shortage': 2}"
2025-09-13T22:06:16.665347,NO_MOVEMENT_POINTS,P_Pluton__5_Infanterie_Regiment,"43,-14",0,0,"36,-15",8,False,False,N/A,N/A,N/A,{'no_mp': True}
2025-09-13T22:06:16.666352,NO_FUEL,P_Pluton__5_Infanterie_Regiment,"43,-14",0,0,"36,-15",8,False,False,N/A,N/A,N/A,"{'no_mp': True, 'no_fuel': True}"
2025-09-13T22:06:16.668600,NO_MOVEMENT_POINTS,P_Kompania__5_Infanterie_Regiment,"43,-14",0,0,"36,-14",7,False,False,N/A,N/A,N/A,{'no_mp': True}
2025-09-13T22:06:16.671437,NO_FUEL,P_Kompania__5_Infanterie_Regiment,"43,-14",0,0,"36,-14",7,False,False,N/A,N/A,N/A,"{'no_mp': True, 'no_fuel': True}"
2025-09-13T22:06:16.671437,NO_MOVEMENT_POINTS,P_Pluton__5_Sch_tzen_Kompanie,"43,-14",0,0,"37,-15",7,False,False,N/A,N/A,N/A,{'no_mp': True}
2025-09-13T22:06:16.675016,NO_FUEL,P_Pluton__5_Sch_tzen_Kompanie,"43,-14",0,0,"37,-15",7,False,False,N/A,N/A,N/A,"{'no_mp': True, 'no_fuel': True}"
2025-09-13T22:06:16.675016,NO_MOVEMENT_POINTS,AC_Kompania__5_schwere_Artillerie,"43,-14",0,0,"36,-16",9,False,False,N/A,N/A,N/A,{'no_mp': True}
2025-09-13T22:06:16.675016,NO_FUEL,AC_Kompania__5_schwere_Artillerie,"43,-14",0,0,"36,-16",9,False,False,N/A,N/A,N/A,"{'no_mp': True, 'no_fuel': True}"
2025-09-13T22:06:16.675016,NO_MOVEMENT_POINTS,AL_Batalion__5_Artillerie_Abteilung,"43,-14",0,0,"37,-17",9,False,False,N/A,N/A,N/A,{'no_mp': True}
2025-09-13T22:06:16.675016,NO_FUEL,AL_Batalion__5_Artillerie_Abteilung,"43,-14",0,0,"37,-17",9,False,False,N/A,N/A,N/A,"{'no_mp': True, 'no_fuel': True}"
2025-09-13T22:06:16.675016,INSUFFICIENT_SUPPORT,Z_Pluton__5_Versorgungs_Kompanie,"43,-14",N/A,N/A,N/A,N/A,N/A,N/A,0,150,5,"{'enemies_list': [], 'units_found': 0, 'units_needed': 2, 'shortage': 2}"
2025-09-13T22:06:16.675016,NO_MOVEMENT_POINTS,P_Pluton__5_Infanterie_Regiment,"42,-14",0,0,"36,-15",7,False,False,N/A,N/A,N/A,{'no_mp': True}
2025-09-13T22:06:16.684109,NO_FUEL,P_Pluton__5_Infanterie_Regiment,"42,-14",0,0,"36,-15",7,False,False,N/A,N/A,N/A,"{'no_mp': True, 'no_fuel': True}"
2025-09-13T22:06:16.686623,NO_MOVEMENT_POINTS,P_Kompania__5_Infanterie_Regiment,"42,-14",0,0,"36,-14",6,False,False,N/A,N/A,N/A,{'no_mp': True}
2025-09-13T22:06:16.686623,NO_FUEL,P_Kompania__5_Infanterie_Regiment,"42,-14",0,0,"36,-14",6,False,False,N/A,N/A,N/A,"{'no_mp': True, 'no_fuel': True}"
2025-09-13T22:06:16.686623,NO_MOVEMENT_POINTS,P_Pluton__5_Sch_tzen_Kompanie,"42,-14",0,0,"37,-15",6,False,False,N/A,N/A,N/A,{'no_mp': True}
2025-09-13T22:06:16.686623,NO_FUEL,P_Pluton__5_Sch_tzen_Kompanie,"42,-14",0,0,"37,-15",6,False,False,N/A,N/A,N/A,"{'no_mp': True, 'no_fuel': True}"
2025-09-13T22:06:16.686623,NO_MOVEMENT_POINTS,AC_Kompania__5_schwere_Artillerie,"42,-14",0,0,"36,-16",8,False,False,N/A,N/A,N/A,{'no_mp': True}
2025-09-13T22:06:16.686623,NO_FUEL,AC_Kompania__5_schwere_Artillerie,"42,-14",0,0,"36,-16",8,False,False,N/A,N/A,N/A,"{'no_mp': True, 'no_fuel': True}"
2025-09-13T22:06:16.686623,NO_MOVEMENT_POINTS,AL_Batalion__5_Artillerie_Abteilung,"42,-14",0,0,"37,-17",8,False,False,N/A,N/A,N/A,{'no_mp': True}
2025-09-13T22:06:16.686623,NO_FUEL,AL_Batalion__5_Artillerie_Abteilung,"42,-14",0,0,"37,-17",8,False,False,N/A,N/A,N/A,"{'no_mp': True, 'no_fuel': True}"
2025-09-13T22:06:16.686623,INSUFFICIENT_SUPPORT,Z_Pluton__5_Unterst_tzungs_Bataillon,"42,-14",N/A,N/A,N/A,N/A,N/A,N/A,0,150,5,"{'enemies_list': [], 'units_found': 0, 'units_needed': 2, 'shortage': 2}"
2025-09-13T22:06:16.686623,NO_MOVEMENT_POINTS,P_Pluton__5_Infanterie_Regiment,"52,-13",0,0,"36,-15",18,False,False,N/A,N/A,N/A,{'no_mp': True}
2025-09-13T22:06:16.686623,NO_FUEL,P_Pluton__5_Infanterie_Regiment,"52,-13",0,0,"36,-15",18,False,False,N/A,N/A,N/A,"{'no_mp': True, 'no_fuel': True}"
2025-09-13T22:06:16.697827,NO_MOVEMENT_POINTS,P_Kompania__5_Infanterie_Regiment,"52,-13",0,0,"36,-14",17,False,False,N/A,N/A,N/A,{'no_mp': True}
2025-09-13T22:06:16.699860,NO_FUEL,P_Kompania__5_Infanterie_Regiment,"52,-13",0,0,"36,-14",17,False,False,N/A,N/A,N/A,"{'no_mp': True, 'no_fuel': True}"
2025-09-13T22:06:16.702126,NO_MOVEMENT_POINTS,P_Pluton__5_Sch_tzen_Kompanie,"52,-13",0,0,"37,-15",17,False,False,N/A,N/A,N/A,{'no_mp': True}
2025-09-13T22:06:16.703123,NO_FUEL,P_Pluton__5_Sch_tzen_Kompanie,"52,-13",0,0,"37,-15",17,False,False,N/A,N/A,N/A,"{'no_mp': True, 'no_fuel': True}"
2025-09-13T22:06:16.704113,NO_MOVEMENT_POINTS,AC_Kompania__5_schwere_Artillerie,"52,-13",0,0,"36,-16",19,False,False,N/A,N/A,N/A,{'no_mp': True}
2025-09-13T22:06:16.705615,NO_FUEL,AC_Kompania__5_schwere_Artillerie,"52,-13",0,0,"36,-16",19,False,False,N/A,N/A,N/A,"{'no_mp': True, 'no_fuel': True}"
2025-09-13T22:06:16.706604,NO_MOVEMENT_POINTS,AL_Batalion__5_Artillerie_Abteilung,"52,-13",0,0,"37,-17",19,False,False,N/A,N/A,N/A,{'no_mp': True}
2025-09-13T22:06:16.707601,NO_FUEL,AL_Batalion__5_Artillerie_Abteilung,"52,-13",0,0,"37,-17",19,False,False,N/A,N/A,N/A,"{'no_mp': True, 'no_fuel': True}"
2025-09-13T22:06:16.709021,INSUFFICIENT_SUPPORT,Z_Pluton__5_Unterst_tzungs_Bataillon_20250913214038,"52,-13",N/A,N/A,N/A,N/A,N/A,N/A,0,100,5,"{'enemies_list': [], 'units_found': 0, 'units_needed': 2, 'shortage': 2}"
2025-09-13T22:06:18.476481,NO_MOVEMENT_POINTS,P_Batalion__2_Batalion_Strzelc_w,"24,-8",0,0,"25,-9",1,False,False,N/A,N/A,N/A,{'no_mp': True}
2025-09-13T22:06:18.477492,NO_FUEL,P_Batalion__2_Batalion_Strzelc_w,"24,-8",0,0,"25,-9",1,False,False,N/A,N/A,N/A,"{'no_mp': True, 'no_fuel': True}"
2025-09-13T22:06:18.477492,NO_MOVEMENT_POINTS,P_Batalion__2_Batalion_Strzelc_w_20250913214005,"24,-8",0,0,"26,-9",2,False,False,N/A,N/A,N/A,{'no_mp': True}
2025-09-13T22:06:18.477492,NO_FUEL,P_Batalion__2_Batalion_Strzelc_w_20250913214005,"24,-8",0,0,"26,-9",2,False,False,N/A,N/A,N/A,"{'no_mp': True, 'no_fuel': True}"
2025-09-13T22:06:18.477492,NO_MOVEMENT_POINTS,P_Pluton__2_Kompania_Grenadier_w,"24,-8",0,0,"27,5",16,False,False,N/A,N/A,N/A,{'no_mp': True}
2025-09-13T22:06:18.481735,NO_FUEL,P_Pluton__2_Kompania_Grenadier_w,"24,-8",0,0,"27,5",16,False,False,N/A,N/A,N/A,"{'no_mp': True, 'no_fuel': True}"
2025-09-13T22:06:18.482742,NO_MOVEMENT_POINTS,P_Pluton__2_Kompania_Grenadier_w_20250913214010,"24,-8",0,0,"28,4",16,False,False,N/A,N/A,N/A,{'no_mp': True}
2025-09-13T22:06:18.483252,NO_FUEL,P_Pluton__2_Kompania_Grenadier_w_20250913214010,"24,-8",0,0,"28,4",16,False,False,N/A,N/A,N/A,"{'no_mp': True, 'no_fuel': True}"
2025-09-13T22:06:18.485248,INSUFFICIENT_SUPPORT,TL_Kompania__2_Batalion_Pancerny,"24,-8",N/A,N/A,N/A,N/A,N/A,N/A,0,100,4,"{'enemies_list': [], 'units_found': 0, 'units_needed': 2, 'shortage': 2}"
2025-09-13T22:06:18.490000,NO_MOVEMENT_POINTS,P_Batalion__2_Batalion_Strzelc_w,"28,3",0,0,"25,-9",15,False,False,N/A,N/A,N/A,{'no_mp': True}
2025-09-13T22:06:18.491013,NO_FUEL,P_Batalion__2_Batalion_Strzelc_w,"28,3",0,0,"25,-9",15,False,False,N/A,N/A,N/A,"{'no_mp': True, 'no_fuel': True}"
2025-09-13T22:06:18.492101,NO_MOVEMENT_POINTS,P_Batalion__2_Batalion_Strzelc_w_20250913214005,"28,3",0,0,"26,-9",14,False,False,N/A,N/A,N/A,{'no_mp': True}
2025-09-13T22:06:18.493028,NO_FUEL,P_Batalion__2_Batalion_Strzelc_w_20250913214005,"28,3",0,0,"26,-9",14,False,False,N/A,N/A,N/A,"{'no_mp': True, 'no_fuel': True}"
2025-09-13T22:06:18.493439,NO_MOVEMENT_POINTS,P_Pluton__2_Kompania_Grenadier_w,"28,3",0,0,"27,5",2,False,False,N/A,N/A,N/A,{'no_mp': True}
2025-09-13T22:06:18.494465,NO_FUEL,P_Pluton__2_Kompania_Grenadier_w,"28,3",0,0,"27,5",2,False,False,N/A,N/A,N/A,"{'no_mp': True, 'no_fuel': True}"
2025-09-13T22:06:18.494465,NO_MOVEMENT_POINTS,P_Pluton__2_Kompania_Grenadier_w_20250913214010,"28,3",0,0,"28,4",1,False,False,N/A,N/A,N/A,{'no_mp': True}
2025-09-13T22:06:18.494465,NO_FUEL,P_Pluton__2_Kompania_Grenadier_w_20250913214010,"28,3",0,0,"28,4",1,False,False,N/A,N/A,N/A,"{'no_mp': True, 'no_fuel': True}"
2025-09-13T22:06:18.494465,INSUFFICIENT_SUPPORT,P_Kompania__2_Pu_k_Piechoty,"28,3",N/A,N/A,N/A,N/A,N/A,N/A,0,75,4,"{'enemies_list': [], 'units_found': 0, 'units_needed': 1, 'shortage': 1}"
2025-09-13T22:06:18.498279,NO_MOVEMENT_POINTS,P_Batalion__2_Batalion_Strzelc_w,"15,-7",0,0,"25,-9",10,False,False,N/A,N/A,N/A,{'no_mp': True}
2025-09-13T22:06:18.499300,NO_FUEL,P_Batalion__2_Batalion_Strzelc_w,"15,-7",0,0,"25,-9",10,False,False,N/A,N/A,N/A,"{'no_mp': True, 'no_fuel': True}"
2025-09-13T22:06:18.500446,NO_MOVEMENT_POINTS,P_Batalion__2_Batalion_Strzelc_w_20250913214005,"15,-7",0,0,"26,-9",11,False,False,N/A,N/A,N/A,{'no_mp': True}
2025-09-13T22:06:18.501968,NO_FUEL,P_Batalion__2_Batalion_Strzelc_w_20250913214005,"15,-7",0,0,"26,-9",11,False,False,N/A,N/A,N/A,"{'no_mp': True, 'no_fuel': True}"
2025-09-13T22:06:18.506729,NO_MOVEMENT_POINTS,P_Pluton__2_Kompania_Grenadier_w,"15,-7",0,0,"27,5",24,False,False,N/A,N/A,N/A,{'no_mp': True}
2025-09-13T22:06:18.507924,NO_FUEL,P_Pluton__2_Kompania_Grenadier_w,"15,-7",0,0,"27,5",24,False,False,N/A,N/A,N/A,"{'no_mp': True, 'no_fuel': True}"
2025-09-13T22:06:18.509058,NO_MOVEMENT_POINTS,P_Pluton__2_Kompania_Grenadier_w_20250913214010,"15,-7",0,0,"28,4",24,False,False,N/A,N/A,N/A,{'no_mp': True}
2025-09-13T22:06:18.510647,NO_FUEL,P_Pluton__2_Kompania_Grenadier_w_20250913214010,"15,-7",0,0,"28,4",24,False,False,N/A,N/A,N/A,"{'no_mp': True, 'no_fuel': True}"
2025-09-13T22:06:18.511656,INSUFFICIENT_SUPPORT,D_Pluton__2_Dow_dztwo_Einheit,"15,-7",N/A,N/A,N/A,N/A,N/A,N/A,0,100,4,"{'enemies_list': [], 'units_found': 0, 'units_needed': 2, 'shortage': 2}"
2025-09-13T22:06:19.266354,NO_MOVEMENT_POINTS,P_Pluton__5_Infanterie_Regiment,"43,-14",0,0,"35,-15",9,False,False,N/A,N/A,N/A,{'no_mp': True}
2025-09-13T22:06:19.267366,NO_FUEL,P_Pluton__5_Infanterie_Regiment,"43,-14",0,0,"35,-15",9,False,False,N/A,N/A,N/A,"{'no_mp': True, 'no_fuel': True}"
2025-09-13T22:06:19.268384,NO_MOVEMENT_POINTS,P_Kompania__5_Infanterie_Regiment,"43,-14",0,0,"36,-15",8,False,False,N/A,N/A,N/A,{'no_mp': True}
2025-09-13T22:06:19.271649,NO_FUEL,P_Kompania__5_Infanterie_Regiment,"43,-14",0,0,"36,-15",8,False,False,N/A,N/A,N/A,"{'no_mp': True, 'no_fuel': True}"
2025-09-13T22:06:19.274537,NO_MOVEMENT_POINTS,P_Pluton__5_Sch_tzen_Kompanie,"43,-14",0,0,"37,-15",7,False,False,N/A,N/A,N/A,{'no_mp': True}
2025-09-13T22:06:19.275536,NO_FUEL,P_Pluton__5_Sch_tzen_Kompanie,"43,-14",0,0,"37,-15",7,False,False,N/A,N/A,N/A,"{'no_mp': True, 'no_fuel': True}"
2025-09-13T22:06:19.275536,NO_MOVEMENT_POINTS,AC_Kompania__5_schwere_Artillerie,"43,-14",0,0,"36,-16",9,False,False,N/A,N/A,N/A,{'no_mp': True}
2025-09-13T22:06:19.276546,NO_FUEL,AC_Kompania__5_schwere_Artillerie,"43,-14",0,0,"36,-16",9,False,False,N/A,N/A,N/A,"{'no_mp': True, 'no_fuel': True}"
2025-09-13T22:06:19.277702,NO_MOVEMENT_POINTS,AL_Batalion__5_Artillerie_Abteilung,"43,-14",0,0,"37,-16",8,False,False,N/A,N/A,N/A,{'no_mp': True}
2025-09-13T22:06:19.278798,NO_FUEL,AL_Batalion__5_Artillerie_Abteilung,"43,-14",0,0,"37,-16",8,False,False,N/A,N/A,N/A,"{'no_mp': True, 'no_fuel': True}"
2025-09-13T22:06:19.278798,INSUFFICIENT_SUPPORT,Z_Pluton__5_Versorgungs_Kompanie,"43,-14",N/A,N/A,N/A,N/A,N/A,N/A,0,150,5,"{'enemies_list': [], 'units_found': 0, 'units_needed': 2, 'shortage': 2}"
2025-09-13T22:06:19.613357,NO_MOVEMENT_POINTS,P_Batalion__2_Batalion_Strzelc_w_20250913214005,"24,-7",0,0,"25,-9",2,False,False,N/A,N/A,N/A,{'no_mp': True}
2025-09-13T22:06:19.613357,NO_FUEL,P_Batalion__2_Batalion_Strzelc_w_20250913214005,"24,-7",0,0,"25,-9",2,False,False,N/A,N/A,N/A,"{'no_mp': True, 'no_fuel': True}"
2025-09-13T22:06:19.618608,NO_MOVEMENT_POINTS,P_Pluton__2_Kompania_Grenadier_w,"24,-7",0,0,"26,6",15,False,False,N/A,N/A,N/A,{'no_mp': True}
2025-09-13T22:06:19.623512,NO_FUEL,P_Pluton__2_Kompania_Grenadier_w,"24,-7",0,0,"26,6",15,False,False,N/A,N/A,N/A,"{'no_mp': True, 'no_fuel': True}"
2025-09-13T22:06:19.623512,NO_MOVEMENT_POINTS,Z_Pluton__2_Batalion_Wsparcia,"24,-7",0,0,"28,5",16,False,False,N/A,N/A,N/A,{'no_mp': True}
2025-09-13T22:06:19.627184,NO_FUEL,Z_Pluton__2_Batalion_Wsparcia,"24,-7",0,0,"28,5",16,False,False,N/A,N/A,N/A,"{'no_mp': True, 'no_fuel': True}"
2025-09-13T22:06:19.628179,NO_MOVEMENT_POINTS,P_Pluton__2_Kompania_Grenadier_w_20250913214010,"24,-7",0,0,"27,6",16,False,False,N/A,N/A,N/A,{'no_mp': True}
2025-09-13T22:06:19.629403,NO_FUEL,P_Pluton__2_Kompania_Grenadier_w_20250913214010,"24,-7",0,0,"27,6",16,False,False,N/A,N/A,N/A,"{'no_mp': True, 'no_fuel': True}"
2025-09-13T22:06:19.630773,INSUFFICIENT_SUPPORT,P_Batalion__2_Batalion_Strzelc_w,"24,-7",N/A,N/A,N/A,N/A,N/A,N/A,0,50,4,"{'enemies_list': [], 'units_found': 0, 'units_needed': 1, 'shortage': 1}"
2025-09-13T22:06:19.631785,NO_MOVEMENT_POINTS,P_Batalion__2_Batalion_Strzelc_w_20250913214005,"28,3",0,0,"25,-9",15,False,False,N/A,N/A,N/A,{'no_mp': True}
2025-09-13T22:06:19.631785,NO_FUEL,P_Batalion__2_Batalion_Strzelc_w_20250913214005,"28,3",0,0,"25,-9",15,False,False,N/A,N/A,N/A,"{'no_mp': True, 'no_fuel': True}"
2025-09-13T22:06:19.633309,NO_MOVEMENT_POINTS,P_Pluton__2_Kompania_Grenadier_w,"28,3",0,0,"26,6",3,False,False,N/A,N/A,N/A,{'no_mp': True}
2025-09-13T22:06:19.633309,NO_FUEL,P_Pluton__2_Kompania_Grenadier_w,"28,3",0,0,"26,6",3,False,False,N/A,N/A,N/A,"{'no_mp': True, 'no_fuel': True}"
2025-09-13T22:06:19.633309,NO_MOVEMENT_POINTS,Z_Pluton__2_Batalion_Wsparcia,"28,3",0,0,"28,5",2,False,False,N/A,N/A,N/A,{'no_mp': True}
2025-09-13T22:06:19.640845,NO_FUEL,Z_Pluton__2_Batalion_Wsparcia,"28,3",0,0,"28,5",2,False,False,N/A,N/A,N/A,"{'no_mp': True, 'no_fuel': True}"
2025-09-13T22:06:19.641873,NO_MOVEMENT_POINTS,P_Pluton__2_Kompania_Grenadier_w_20250913214010,"28,3",0,0,"27,6",3,False,False,N/A,N/A,N/A,{'no_mp': True}
2025-09-13T22:06:19.641873,NO_FUEL,P_Pluton__2_Kompania_Grenadier_w_20250913214010,"28,3",0,0,"27,6",3,False,False,N/A,N/A,N/A,"{'no_mp': True, 'no_fuel': True}"
2025-09-13T22:06:19.644371,INSUFFICIENT_SUPPORT,P_Kompania__2_Pu_k_Piechoty,"28,3",N/A,N/A,N/A,N/A,N/A,N/A,0,75,4,"{'enemies_list': [], 'units_found': 0, 'units_needed': 1, 'shortage': 1}"
2025-09-13T22:06:19.645375,NO_MOVEMENT_POINTS,P_Batalion__2_Batalion_Strzelc_w_20250913214005,"27,4",0,0,"25,-9",15,False,False,N/A,N/A,N/A,{'no_mp': True}
2025-09-13T22:06:19.645375,NO_FUEL,P_Batalion__2_Batalion_Strzelc_w_20250913214005,"27,4",0,0,"25,-9",15,False,False,N/A,N/A,N/A,"{'no_mp': True, 'no_fuel': True}"
2025-09-13T22:06:19.646659,NO_MOVEMENT_POINTS,P_Pluton__2_Kompania_Grenadier_w,"27,4",0,0,"26,6",2,False,False,N/A,N/A,N/A,{'no_mp': True}
2025-09-13T22:06:19.647752,NO_FUEL,P_Pluton__2_Kompania_Grenadier_w,"27,4",0,0,"26,6",2,False,False,N/A,N/A,N/A,"{'no_mp': True, 'no_fuel': True}"
2025-09-13T22:06:19.647752,NO_MOVEMENT_POINTS,Z_Pluton__2_Batalion_Wsparcia,"27,4",0,0,"28,5",2,False,False,N/A,N/A,N/A,{'no_mp': True}
2025-09-13T22:06:19.648931,NO_FUEL,Z_Pluton__2_Batalion_Wsparcia,"27,4",0,0,"28,5",2,False,False,N/A,N/A,N/A,"{'no_mp': True, 'no_fuel': True}"
2025-09-13T22:06:19.649873,NO_MOVEMENT_POINTS,P_Pluton__2_Kompania_Grenadier_w_20250913214010,"27,4",0,0,"27,6",2,False,False,N/A,N/A,N/A,{'no_mp': True}
2025-09-13T22:06:19.650886,NO_FUEL,P_Pluton__2_Kompania_Grenadier_w_20250913214010,"27,4",0,0,"27,6",2,False,False,N/A,N/A,N/A,"{'no_mp': True, 'no_fuel': True}"
2025-09-13T22:06:19.652175,INSUFFICIENT_SUPPORT,Z_Pluton__2_Oddzia_Rozpoznawczy,"27,4",N/A,N/A,N/A,N/A,N/A,N/A,0,75,4,"{'enemies_list': [], 'units_found': 0, 'units_needed': 1, 'shortage': 1}"
2025-09-13T22:06:19.657605,NO_MOVEMENT_POINTS,P_Batalion__2_Batalion_Strzelc_w_20250913214005,"15,-7",0,0,"25,-9",10,False,False,N/A,N/A,N/A,{'no_mp': True}
2025-09-13T22:06:19.658820,NO_FUEL,P_Batalion__2_Batalion_Strzelc_w_20250913214005,"15,-7",0,0,"25,-9",10,False,False,N/A,N/A,N/A,"{'no_mp': True, 'no_fuel': True}"
2025-09-13T22:06:19.660054,NO_MOVEMENT_POINTS,P_Pluton__2_Kompania_Grenadier_w,"15,-7",0,0,"26,6",24,False,False,N/A,N/A,N/A,{'no_mp': True}
2025-09-13T22:06:19.661063,NO_FUEL,P_Pluton__2_Kompania_Grenadier_w,"15,-7",0,0,"26,6",24,False,False,N/A,N/A,N/A,"{'no_mp': True, 'no_fuel': True}"
2025-09-13T22:06:19.661063,NO_MOVEMENT_POINTS,Z_Pluton__2_Batalion_Wsparcia,"15,-7",0,0,"28,5",25,False,False,N/A,N/A,N/A,{'no_mp': True}
2025-09-13T22:06:19.662301,NO_FUEL,Z_Pluton__2_Batalion_Wsparcia,"15,-7",0,0,"28,5",25,False,False,N/A,N/A,N/A,"{'no_mp': True, 'no_fuel': True}"
2025-09-13T22:06:19.663287,NO_MOVEMENT_POINTS,P_Pluton__2_Kompania_Grenadier_w_20250913214010,"15,-7",0,0,"27,6",25,False,False,N/A,N/A,N/A,{'no_mp': True}
2025-09-13T22:06:19.664592,NO_FUEL,P_Pluton__2_Kompania_Grenadier_w_20250913214010,"15,-7",0,0,"27,6",25,False,False,N/A,N/A,N/A,"{'no_mp': True, 'no_fuel': True}"
2025-09-13T22:06:19.664592,INSUFFICIENT_SUPPORT,D_Pluton__2_Dow_dztwo_Einheit,"15,-7",N/A,N/A,N/A,N/A,N/A,N/A,0,100,4,"{'enemies_list': [], 'units_found': 0, 'units_needed': 2, 'shortage': 2}"
2025-09-13T22:06:20.045447,NO_MOVEMENT_POINTS,P_Pluton__5_Infanterie_Regiment,"43,-14",0,0,"36,-15",8,False,False,N/A,N/A,N/A,{'no_mp': True}
2025-09-13T22:06:20.046466,NO_FUEL,P_Pluton__5_Infanterie_Regiment,"43,-14",0,0,"36,-15",8,False,False,N/A,N/A,N/A,"{'no_mp': True, 'no_fuel': True}"
2025-09-13T22:06:20.047481,NO_MOVEMENT_POINTS,P_Kompania__5_Infanterie_Regiment,"43,-14",0,0,"36,-14",7,False,False,N/A,N/A,N/A,{'no_mp': True}
2025-09-13T22:06:20.047481,NO_FUEL,P_Kompania__5_Infanterie_Regiment,"43,-14",0,0,"36,-14",7,False,False,N/A,N/A,N/A,"{'no_mp': True, 'no_fuel': True}"
2025-09-13T22:06:20.047481,NO_MOVEMENT_POINTS,P_Pluton__5_Sch_tzen_Kompanie,"43,-14",0,0,"37,-15",7,False,False,N/A,N/A,N/A,{'no_mp': True}
2025-09-13T22:06:20.050080,NO_FUEL,P_Pluton__5_Sch_tzen_Kompanie,"43,-14",0,0,"37,-15",7,False,False,N/A,N/A,N/A,"{'no_mp': True, 'no_fuel': True}"
2025-09-13T22:06:20.051093,NO_MOVEMENT_POINTS,AC_Kompania__5_schwere_Artillerie,"43,-14",0,0,"36,-16",9,False,False,N/A,N/A,N/A,{'no_mp': True}
2025-09-13T22:06:20.052352,NO_FUEL,AC_Kompania__5_schwere_Artillerie,"43,-14",0,0,"36,-16",9,False,False,N/A,N/A,N/A,"{'no_mp': True, 'no_fuel': True}"
2025-09-13T22:06:20.053710,NO_MOVEMENT_POINTS,AL_Batalion__5_Artillerie_Abteilung,"43,-14",0,0,"37,-16",8,False,False,N/A,N/A,N/A,{'no_mp': True}
2025-09-13T22:06:20.055726,NO_FUEL,AL_Batalion__5_Artillerie_Abteilung,"43,-14",0,0,"37,-16",8,False,False,N/A,N/A,N/A,"{'no_mp': True, 'no_fuel': True}"
2025-09-13T22:06:20.058718,INSUFFICIENT_SUPPORT,Z_Pluton__5_Versorgungs_Kompanie,"43,-14",N/A,N/A,N/A,N/A,N/A,N/A,0,150,5,"{'enemies_list': [], 'units_found': 0, 'units_needed': 2, 'shortage': 2}"
2025-09-13T22:06:20.059731,NO_MOVEMENT_POINTS,P_Pluton__5_Infanterie_Regiment,"43,-15",0,0,"36,-15",7,False,False,N/A,N/A,N/A,{'no_mp': True}
2025-09-13T22:06:20.061038,NO_FUEL,P_Pluton__5_Infanterie_Regiment,"43,-15",0,0,"36,-15",7,False,False,N/A,N/A,N/A,"{'no_mp': True, 'no_fuel': True}"
2025-09-13T22:06:20.061038,NO_MOVEMENT_POINTS,P_Kompania__5_Infanterie_Regiment,"43,-15",0,0,"36,-14",7,False,False,N/A,N/A,N/A,{'no_mp': True}
2025-09-13T22:06:20.062417,NO_FUEL,P_Kompania__5_Infanterie_Regiment,"43,-15",0,0,"36,-14",7,False,False,N/A,N/A,N/A,"{'no_mp': True, 'no_fuel': True}"
2025-09-13T22:06:20.063403,NO_MOVEMENT_POINTS,P_Pluton__5_Sch_tzen_Kompanie,"43,-15",0,0,"37,-15",6,False,False,N/A,N/A,N/A,{'no_mp': True}
2025-09-13T22:06:20.064241,NO_FUEL,P_Pluton__5_Sch_tzen_Kompanie,"43,-15",0,0,"37,-15",6,False,False,N/A,N/A,N/A,"{'no_mp': True, 'no_fuel': True}"
2025-09-13T22:06:20.064241,NO_MOVEMENT_POINTS,AC_Kompania__5_schwere_Artillerie,"43,-15",0,0,"36,-16",8,False,False,N/A,N/A,N/A,{'no_mp': True}
2025-09-13T22:06:20.066302,NO_FUEL,AC_Kompania__5_schwere_Artillerie,"43,-15",0,0,"36,-16",8,False,False,N/A,N/A,N/A,"{'no_mp': True, 'no_fuel': True}"
2025-09-13T22:06:20.067306,NO_MOVEMENT_POINTS,AL_Batalion__5_Artillerie_Abteilung,"43,-15",0,0,"37,-16",7,False,False,N/A,N/A,N/A,{'no_mp': True}
2025-09-13T22:06:20.067306,NO_FUEL,AL_Batalion__5_Artillerie_Abteilung,"43,-15",0,0,"37,-16",7,False,False,N/A,N/A,N/A,"{'no_mp': True, 'no_fuel': True}"
2025-09-13T22:06:20.068859,INSUFFICIENT_SUPPORT,Z_Pluton__5_Unterst_tzungs_Bataillon,"43,-15",N/A,N/A,N/A,N/A,N/A,N/A,0,150,5,"{'enemies_list': [], 'units_found': 0, 'units_needed': 2, 'shortage': 2}"
2025-09-13T22:06:20.252536,NO_MOVEMENT_POINTS,P_Batalion__2_Batalion_Strzelc_w_20250913214005,"28,3",0,0,"25,-9",15,False,False,N/A,N/A,N/A,{'no_mp': True}
2025-09-13T22:06:20.256801,NO_FUEL,P_Batalion__2_Batalion_Strzelc_w_20250913214005,"28,3",0,0,"25,-9",15,False,False,N/A,N/A,N/A,"{'no_mp': True, 'no_fuel': True}"
2025-09-13T22:06:20.258451,NO_MOVEMENT_POINTS,P_Pluton__2_Kompania_Grenadier_w,"28,3",0,0,"26,6",3,False,False,N/A,N/A,N/A,{'no_mp': True}
2025-09-13T22:06:20.258451,NO_FUEL,P_Pluton__2_Kompania_Grenadier_w,"28,3",0,0,"26,6",3,False,False,N/A,N/A,N/A,"{'no_mp': True, 'no_fuel': True}"
2025-09-13T22:06:20.259707,NO_MOVEMENT_POINTS,Z_Pluton__2_Batalion_Wsparcia,"28,3",0,0,"28,5",2,False,False,N/A,N/A,N/A,{'no_mp': True}
2025-09-13T22:06:20.260989,NO_FUEL,Z_Pluton__2_Batalion_Wsparcia,"28,3",0,0,"28,5",2,False,False,N/A,N/A,N/A,"{'no_mp': True, 'no_fuel': True}"
2025-09-13T22:06:20.260989,NO_MOVEMENT_POINTS,P_Pluton__2_Kompania_Grenadier_w_20250913214010,"28,3",0,0,"27,6",3,False,False,N/A,N/A,N/A,{'no_mp': True}
2025-09-13T22:06:20.262273,NO_FUEL,P_Pluton__2_Kompania_Grenadier_w_20250913214010,"28,3",0,0,"27,6",3,False,False,N/A,N/A,N/A,"{'no_mp': True, 'no_fuel': True}"
2025-09-13T22:06:20.264060,INSUFFICIENT_SUPPORT,P_Kompania__2_Pu_k_Piechoty,"28,3",N/A,N/A,N/A,N/A,N/A,N/A,0,75,4,"{'enemies_list': [], 'units_found': 0, 'units_needed': 1, 'shortage': 1}"
2025-09-13T22:06:20.265326,NO_MOVEMENT_POINTS,P_Batalion__2_Batalion_Strzelc_w_20250913214005,"27,4",0,0,"25,-9",15,False,False,N/A,N/A,N/A,{'no_mp': True}
2025-09-13T22:06:20.265326,NO_FUEL,P_Batalion__2_Batalion_Strzelc_w_20250913214005,"27,4",0,0,"25,-9",15,False,False,N/A,N/A,N/A,"{'no_mp': True, 'no_fuel': True}"
2025-09-13T22:06:20.266653,NO_MOVEMENT_POINTS,P_Pluton__2_Kompania_Grenadier_w,"27,4",0,0,"26,6",2,False,False,N/A,N/A,N/A,{'no_mp': True}
2025-09-13T22:06:20.267785,NO_FUEL,P_Pluton__2_Kompania_Grenadier_w,"27,4",0,0,"26,6",2,False,False,N/A,N/A,N/A,"{'no_mp': True, 'no_fuel': True}"
2025-09-13T22:06:20.268331,NO_MOVEMENT_POINTS,Z_Pluton__2_Batalion_Wsparcia,"27,4",0,0,"28,5",2,False,False,N/A,N/A,N/A,{'no_mp': True}
2025-09-13T22:06:20.271372,NO_FUEL,Z_Pluton__2_Batalion_Wsparcia,"27,4",0,0,"28,5",2,False,False,N/A,N/A,N/A,"{'no_mp': True, 'no_fuel': True}"
2025-09-13T22:06:20.273380,NO_MOVEMENT_POINTS,P_Pluton__2_Kompania_Grenadier_w_20250913214010,"27,4",0,0,"27,6",2,False,False,N/A,N/A,N/A,{'no_mp': True}
2025-09-13T22:06:20.275200,NO_FUEL,P_Pluton__2_Kompania_Grenadier_w_20250913214010,"27,4",0,0,"27,6",2,False,False,N/A,N/A,N/A,"{'no_mp': True, 'no_fuel': True}"
2025-09-13T22:06:20.275200,INSUFFICIENT_SUPPORT,Z_Pluton__2_Oddzia_Rozpoznawczy,"27,4",N/A,N/A,N/A,N/A,N/A,N/A,0,75,4,"{'enemies_list': [], 'units_found': 0, 'units_needed': 1, 'shortage': 1}"
2025-09-13T22:06:20.276335,NO_MOVEMENT_POINTS,P_Batalion__2_Batalion_Strzelc_w_20250913214005,"15,-7",0,0,"25,-9",10,False,False,N/A,N/A,N/A,{'no_mp': True}
2025-09-13T22:06:20.277404,NO_FUEL,P_Batalion__2_Batalion_Strzelc_w_20250913214005,"15,-7",0,0,"25,-9",10,False,False,N/A,N/A,N/A,"{'no_mp': True, 'no_fuel': True}"
2025-09-13T22:06:20.278414,NO_MOVEMENT_POINTS,P_Pluton__2_Kompania_Grenadier_w,"15,-7",0,0,"26,6",24,False,False,N/A,N/A,N/A,{'no_mp': True}
2025-09-13T22:06:20.279713,NO_FUEL,P_Pluton__2_Kompania_Grenadier_w,"15,-7",0,0,"26,6",24,False,False,N/A,N/A,N/A,"{'no_mp': True, 'no_fuel': True}"
2025-09-13T22:06:20.281080,NO_MOVEMENT_POINTS,Z_Pluton__2_Batalion_Wsparcia,"15,-7",0,0,"28,5",25,False,False,N/A,N/A,N/A,{'no_mp': True}
2025-09-13T22:06:20.281432,NO_FUEL,Z_Pluton__2_Batalion_Wsparcia,"15,-7",0,0,"28,5",25,False,False,N/A,N/A,N/A,"{'no_mp': True, 'no_fuel': True}"
2025-09-13T22:06:20.283501,NO_MOVEMENT_POINTS,P_Pluton__2_Kompania_Grenadier_w_20250913214010,"15,-7",0,0,"27,6",25,False,False,N/A,N/A,N/A,{'no_mp': True}
2025-09-13T22:06:20.284786,NO_FUEL,P_Pluton__2_Kompania_Grenadier_w_20250913214010,"15,-7",0,0,"27,6",25,False,False,N/A,N/A,N/A,"{'no_mp': True, 'no_fuel': True}"
2025-09-13T22:06:20.288135,INSUFFICIENT_SUPPORT,D_Pluton__2_Dow_dztwo_Einheit,"15,-7",N/A,N/A,N/A,N/A,N/A,N/A,0,100,4,"{'enemies_list': [], 'units_found': 0, 'units_needed': 2, 'shortage': 2}"
2025-09-13T22:06:20.568473,NO_MOVEMENT_POINTS,P_Pluton__5_Infanterie_Regiment,"43,-15",0,0,"36,-15",7,False,False,N/A,N/A,N/A,{'no_mp': True}
2025-09-13T22:06:20.568473,NO_FUEL,P_Pluton__5_Infanterie_Regiment,"43,-15",0,0,"36,-15",7,False,False,N/A,N/A,N/A,"{'no_mp': True, 'no_fuel': True}"
2025-09-13T22:06:20.570315,NO_MOVEMENT_POINTS,P_Kompania__5_Infanterie_Regiment,"43,-15",0,0,"36,-14",7,False,False,N/A,N/A,N/A,{'no_mp': True}
2025-09-13T22:06:20.573415,NO_FUEL,P_Kompania__5_Infanterie_Regiment,"43,-15",0,0,"36,-14",7,False,False,N/A,N/A,N/A,"{'no_mp': True, 'no_fuel': True}"
2025-09-13T22:06:20.574705,NO_MOVEMENT_POINTS,P_Pluton__5_Sch_tzen_Kompanie,"43,-15",0,0,"37,-15",6,False,False,N/A,N/A,N/A,{'no_mp': True}
2025-09-13T22:06:20.575998,NO_FUEL,P_Pluton__5_Sch_tzen_Kompanie,"43,-15",0,0,"37,-15",6,False,False,N/A,N/A,N/A,"{'no_mp': True, 'no_fuel': True}"
2025-09-13T22:06:20.577157,NO_MOVEMENT_POINTS,AC_Kompania__5_schwere_Artillerie,"43,-15",0,0,"36,-16",8,False,False,N/A,N/A,N/A,{'no_mp': True}
2025-09-13T22:06:20.577157,NO_FUEL,AC_Kompania__5_schwere_Artillerie,"43,-15",0,0,"36,-16",8,False,False,N/A,N/A,N/A,"{'no_mp': True, 'no_fuel': True}"
2025-09-13T22:06:20.578435,NO_MOVEMENT_POINTS,AL_Batalion__5_Artillerie_Abteilung,"43,-15",0,0,"37,-17",8,False,False,N/A,N/A,N/A,{'no_mp': True}
2025-09-13T22:06:20.579569,NO_FUEL,AL_Batalion__5_Artillerie_Abteilung,"43,-15",0,0,"37,-17",8,False,False,N/A,N/A,N/A,"{'no_mp': True, 'no_fuel': True}"
2025-09-13T22:06:20.580954,INSUFFICIENT_SUPPORT,Z_Pluton__5_Unterst_tzungs_Bataillon,"43,-15",N/A,N/A,N/A,N/A,N/A,N/A,0,150,5,"{'enemies_list': [], 'units_found': 0, 'units_needed': 2, 'shortage': 2}"
2025-09-13T22:06:20.766329,NO_MOVEMENT_POINTS,P_Batalion__2_Batalion_Strzelc_w_20250913214005,"28,3",0,0,"25,-9",15,False,False,N/A,N/A,N/A,{'no_mp': True}
2025-09-13T22:06:20.767567,NO_FUEL,P_Batalion__2_Batalion_Strzelc_w_20250913214005,"28,3",0,0,"25,-9",15,False,False,N/A,N/A,N/A,"{'no_mp': True, 'no_fuel': True}"
2025-09-13T22:06:20.768629,NO_MOVEMENT_POINTS,P_Pluton__2_Kompania_Grenadier_w,"28,3",0,0,"26,6",3,False,False,N/A,N/A,N/A,{'no_mp': True}
2025-09-13T22:06:20.768629,NO_FUEL,P_Pluton__2_Kompania_Grenadier_w,"28,3",0,0,"26,6",3,False,False,N/A,N/A,N/A,"{'no_mp': True, 'no_fuel': True}"
2025-09-13T22:06:20.770503,NO_MOVEMENT_POINTS,Z_Pluton__2_Batalion_Wsparcia,"28,3",0,0,"28,5",2,False,False,N/A,N/A,N/A,{'no_mp': True}
2025-09-13T22:06:20.773540,NO_FUEL,Z_Pluton__2_Batalion_Wsparcia,"28,3",0,0,"28,5",2,False,False,N/A,N/A,N/A,"{'no_mp': True, 'no_fuel': True}"
2025-09-13T22:06:20.775133,NO_MOVEMENT_POINTS,P_Pluton__2_Kompania_Grenadier_w_20250913214010,"28,3",0,0,"27,6",3,False,False,N/A,N/A,N/A,{'no_mp': True}
2025-09-13T22:06:20.776364,NO_FUEL,P_Pluton__2_Kompania_Grenadier_w_20250913214010,"28,3",0,0,"27,6",3,False,False,N/A,N/A,N/A,"{'no_mp': True, 'no_fuel': True}"
2025-09-13T22:06:20.777549,INSUFFICIENT_SUPPORT,P_Kompania__2_Pu_k_Piechoty,"28,3",N/A,N/A,N/A,N/A,N/A,N/A,0,75,4,"{'enemies_list': [], 'units_found': 0, 'units_needed': 1, 'shortage': 1}"
2025-09-13T22:06:20.778552,NO_MOVEMENT_POINTS,P_Batalion__2_Batalion_Strzelc_w_20250913214005,"27,4",0,0,"25,-9",15,False,False,N/A,N/A,N/A,{'no_mp': True}
2025-09-13T22:06:20.779556,NO_FUEL,P_Batalion__2_Batalion_Strzelc_w_20250913214005,"27,4",0,0,"25,-9",15,False,False,N/A,N/A,N/A,"{'no_mp': True, 'no_fuel': True}"
2025-09-13T22:06:20.779556,NO_MOVEMENT_POINTS,P_Pluton__2_Kompania_Grenadier_w,"27,4",0,0,"26,6",2,False,False,N/A,N/A,N/A,{'no_mp': True}
2025-09-13T22:06:20.780850,NO_FUEL,P_Pluton__2_Kompania_Grenadier_w,"27,4",0,0,"26,6",2,False,False,N/A,N/A,N/A,"{'no_mp': True, 'no_fuel': True}"
2025-09-13T22:06:20.781898,NO_MOVEMENT_POINTS,Z_Pluton__2_Batalion_Wsparcia,"27,4",0,0,"28,5",2,False,False,N/A,N/A,N/A,{'no_mp': True}
2025-09-13T22:06:20.783575,NO_FUEL,Z_Pluton__2_Batalion_Wsparcia,"27,4",0,0,"28,5",2,False,False,N/A,N/A,N/A,"{'no_mp': True, 'no_fuel': True}"
2025-09-13T22:06:20.783575,NO_MOVEMENT_POINTS,P_Pluton__2_Kompania_Grenadier_w_20250913214010,"27,4",0,0,"27,6",2,False,False,N/A,N/A,N/A,{'no_mp': True}
2025-09-13T22:06:20.784590,NO_FUEL,P_Pluton__2_Kompania_Grenadier_w_20250913214010,"27,4",0,0,"27,6",2,False,False,N/A,N/A,N/A,"{'no_mp': True, 'no_fuel': True}"
2025-09-13T22:06:20.785922,INSUFFICIENT_SUPPORT,Z_Pluton__2_Oddzia_Rozpoznawczy,"27,4",N/A,N/A,N/A,N/A,N/A,N/A,0,75,4,"{'enemies_list': [], 'units_found': 0, 'units_needed': 1, 'shortage': 1}"
2025-09-13T22:06:20.788448,NO_MOVEMENT_POINTS,P_Batalion__2_Batalion_Strzelc_w_20250913214005,"24,-7",0,0,"25,-9",2,False,False,N/A,N/A,N/A,{'no_mp': True}
2025-09-13T22:06:20.788448,NO_FUEL,P_Batalion__2_Batalion_Strzelc_w_20250913214005,"24,-7",0,0,"25,-9",2,False,False,N/A,N/A,N/A,"{'no_mp': True, 'no_fuel': True}"
2025-09-13T22:06:20.791744,NO_MOVEMENT_POINTS,P_Pluton__2_Kompania_Grenadier_w,"24,-7",0,0,"26,6",15,False,False,N/A,N/A,N/A,{'no_mp': True}
2025-09-13T22:06:20.793251,NO_FUEL,P_Pluton__2_Kompania_Grenadier_w,"24,-7",0,0,"26,6",15,False,False,N/A,N/A,N/A,"{'no_mp': True, 'no_fuel': True}"
2025-09-13T22:06:20.794084,NO_MOVEMENT_POINTS,Z_Pluton__2_Batalion_Wsparcia,"24,-7",0,0,"28,5",16,False,False,N/A,N/A,N/A,{'no_mp': True}
2025-09-13T22:06:20.794464,NO_FUEL,Z_Pluton__2_Batalion_Wsparcia,"24,-7",0,0,"28,5",16,False,False,N/A,N/A,N/A,"{'no_mp': True, 'no_fuel': True}"
2025-09-13T22:06:20.795473,NO_MOVEMENT_POINTS,P_Pluton__2_Kompania_Grenadier_w_20250913214010,"24,-7",0,0,"27,6",16,False,False,N/A,N/A,N/A,{'no_mp': True}
2025-09-13T22:06:20.796763,NO_FUEL,P_Pluton__2_Kompania_Grenadier_w_20250913214010,"24,-7",0,0,"27,6",16,False,False,N/A,N/A,N/A,"{'no_mp': True, 'no_fuel': True}"
2025-09-13T22:06:20.796763,INSUFFICIENT_SUPPORT,Z_Batalion__2_Kompania_Zaopatrzeniowa,"24,-7",N/A,N/A,N/A,N/A,N/A,N/A,0,50,4,"{'enemies_list': [], 'units_found': 0, 'units_needed': 1, 'shortage': 1}"
2025-09-13T22:06:20.796763,NO_MOVEMENT_POINTS,P_Batalion__2_Batalion_Strzelc_w_20250913214005,"15,-7",0,0,"25,-9",10,False,False,N/A,N/A,N/A,{'no_mp': True}
2025-09-13T22:06:20.796763,NO_FUEL,P_Batalion__2_Batalion_Strzelc_w_20250913214005,"15,-7",0,0,"25,-9",10,False,False,N/A,N/A,N/A,"{'no_mp': True, 'no_fuel': True}"
2025-09-13T22:06:20.800328,NO_MOVEMENT_POINTS,P_Pluton__2_Kompania_Grenadier_w,"15,-7",0,0,"26,6",24,False,False,N/A,N/A,N/A,{'no_mp': True}
2025-09-13T22:06:20.801341,NO_FUEL,P_Pluton__2_Kompania_Grenadier_w,"15,-7",0,0,"26,6",24,False,False,N/A,N/A,N/A,"{'no_mp': True, 'no_fuel': True}"
2025-09-13T22:06:20.802585,NO_MOVEMENT_POINTS,Z_Pluton__2_Batalion_Wsparcia,"15,-7",0,0,"28,5",25,False,False,N/A,N/A,N/A,{'no_mp': True}
2025-09-13T22:06:20.802585,NO_FUEL,Z_Pluton__2_Batalion_Wsparcia,"15,-7",0,0,"28,5",25,False,False,N/A,N/A,N/A,"{'no_mp': True, 'no_fuel': True}"
2025-09-13T22:06:20.803885,NO_MOVEMENT_POINTS,P_Pluton__2_Kompania_Grenadier_w_20250913214010,"15,-7",0,0,"27,6",25,False,False,N/A,N/A,N/A,{'no_mp': True}
2025-09-13T22:06:20.808489,NO_FUEL,P_Pluton__2_Kompania_Grenadier_w_20250913214010,"15,-7",0,0,"27,6",25,False,False,N/A,N/A,N/A,"{'no_mp': True, 'no_fuel': True}"
2025-09-13T22:06:20.809487,INSUFFICIENT_SUPPORT,D_Pluton__2_Dow_dztwo_Einheit,"15,-7",N/A,N/A,N/A,N/A,N/A,N/A,0,100,4,"{'enemies_list': [], 'units_found': 0, 'units_needed': 2, 'shortage': 2}"
2025-09-13T22:06:20.981332,NO_MOVEMENT_POINTS,P_Pluton__5_Infanterie_Regiment,"45,-15",0,0,"36,-15",9,False,False,N/A,N/A,N/A,{'no_mp': True}
2025-09-13T22:06:20.982389,NO_FUEL,P_Pluton__5_Infanterie_Regiment,"45,-15",0,0,"36,-15",9,False,False,N/A,N/A,N/A,"{'no_mp': True, 'no_fuel': True}"
2025-09-13T22:06:20.983385,NO_MOVEMENT_POINTS,P_Kompania__5_Infanterie_Regiment,"45,-15",0,0,"36,-14",9,False,False,N/A,N/A,N/A,{'no_mp': True}
2025-09-13T22:06:20.983891,NO_FUEL,P_Kompania__5_Infanterie_Regiment,"45,-15",0,0,"36,-14",9,False,False,N/A,N/A,N/A,"{'no_mp': True, 'no_fuel': True}"
2025-09-13T22:06:20.984975,NO_MOVEMENT_POINTS,P_Pluton__5_Sch_tzen_Kompanie,"45,-15",0,0,"37,-15",8,False,False,N/A,N/A,N/A,{'no_mp': True}
2025-09-13T22:06:20.986262,NO_FUEL,P_Pluton__5_Sch_tzen_Kompanie,"45,-15",0,0,"37,-15",8,False,False,N/A,N/A,N/A,"{'no_mp': True, 'no_fuel': True}"
2025-09-13T22:06:20.989816,NO_MOVEMENT_POINTS,AC_Kompania__5_schwere_Artillerie,"45,-15",0,0,"36,-16",10,False,False,N/A,N/A,N/A,{'no_mp': True}
2025-09-13T22:06:20.989816,NO_FUEL,AC_Kompania__5_schwere_Artillerie,"45,-15",0,0,"36,-16",10,False,False,N/A,N/A,N/A,"{'no_mp': True, 'no_fuel': True}"
2025-09-13T22:06:20.989816,NO_MOVEMENT_POINTS,AL_Batalion__5_Artillerie_Abteilung,"45,-15",0,0,"37,-17",10,False,False,N/A,N/A,N/A,{'no_mp': True}
2025-09-13T22:06:20.993329,NO_FUEL,AL_Batalion__5_Artillerie_Abteilung,"45,-15",0,0,"37,-17",10,False,False,N/A,N/A,N/A,"{'no_mp': True, 'no_fuel': True}"
2025-09-13T22:06:20.994366,INSUFFICIENT_SUPPORT,Z_Kompania__5_Unterst_tzungs_Bataillon,"45,-15",N/A,N/A,N/A,N/A,N/A,N/A,0,100,5,"{'enemies_list': [], 'units_found': 0, 'units_needed': 2, 'shortage': 2}"
2025-09-13T22:06:20.995369,NO_MOVEMENT_POINTS,P_Pluton__5_Infanterie_Regiment,"43,-15",0,0,"36,-15",7,False,False,N/A,N/A,N/A,{'no_mp': True}
2025-09-13T22:06:20.995369,NO_FUEL,P_Pluton__5_Infanterie_Regiment,"43,-15",0,0,"36,-15",7,False,False,N/A,N/A,N/A,"{'no_mp': True, 'no_fuel': True}"
2025-09-13T22:06:20.996823,NO_MOVEMENT_POINTS,P_Kompania__5_Infanterie_Regiment,"43,-15",0,0,"36,-14",7,False,False,N/A,N/A,N/A,{'no_mp': True}
2025-09-13T22:06:20.998002,NO_FUEL,P_Kompania__5_Infanterie_Regiment,"43,-15",0,0,"36,-14",7,False,False,N/A,N/A,N/A,"{'no_mp': True, 'no_fuel': True}"
2025-09-13T22:06:20.998951,NO_MOVEMENT_POINTS,P_Pluton__5_Sch_tzen_Kompanie,"43,-15",0,0,"37,-15",6,False,False,N/A,N/A,N/A,{'no_mp': True}
2025-09-13T22:06:21.000019,NO_FUEL,P_Pluton__5_Sch_tzen_Kompanie,"43,-15",0,0,"37,-15",6,False,False,N/A,N/A,N/A,"{'no_mp': True, 'no_fuel': True}"
2025-09-13T22:06:21.001023,NO_MOVEMENT_POINTS,AC_Kompania__5_schwere_Artillerie,"43,-15",0,0,"36,-16",8,False,False,N/A,N/A,N/A,{'no_mp': True}
2025-09-13T22:06:21.002219,NO_FUEL,AC_Kompania__5_schwere_Artillerie,"43,-15",0,0,"36,-16",8,False,False,N/A,N/A,N/A,"{'no_mp': True, 'no_fuel': True}"
2025-09-13T22:06:21.002219,NO_MOVEMENT_POINTS,AL_Batalion__5_Artillerie_Abteilung,"43,-15",0,0,"37,-17",8,False,False,N/A,N/A,N/A,{'no_mp': True}
2025-09-13T22:06:21.005954,NO_FUEL,AL_Batalion__5_Artillerie_Abteilung,"43,-15",0,0,"37,-17",8,False,False,N/A,N/A,N/A,"{'no_mp': True, 'no_fuel': True}"
2025-09-13T22:06:21.007968,INSUFFICIENT_SUPPORT,Z_Pluton__5_Unterst_tzungs_Bataillon,"43,-15",N/A,N/A,N/A,N/A,N/A,N/A,0,150,5,"{'enemies_list': [], 'units_found': 0, 'units_needed': 2, 'shortage': 2}"
2025-09-13T22:06:21.009132,NO_MOVEMENT_POINTS,P_Pluton__5_Infanterie_Regiment,"52,-13",0,0,"36,-15",18,False,False,N/A,N/A,N/A,{'no_mp': True}
2025-09-13T22:06:21.010381,NO_FUEL,P_Pluton__5_Infanterie_Regiment,"52,-13",0,0,"36,-15",18,False,False,N/A,N/A,N/A,"{'no_mp': True, 'no_fuel': True}"
2025-09-13T22:06:21.011424,NO_MOVEMENT_POINTS,P_Kompania__5_Infanterie_Regiment,"52,-13",0,0,"36,-14",17,False,False,N/A,N/A,N/A,{'no_mp': True}
2025-09-13T22:06:21.011424,NO_FUEL,P_Kompania__5_Infanterie_Regiment,"52,-13",0,0,"36,-14",17,False,False,N/A,N/A,N/A,"{'no_mp': True, 'no_fuel': True}"
2025-09-13T22:06:21.013300,NO_MOVEMENT_POINTS,P_Pluton__5_Sch_tzen_Kompanie,"52,-13",0,0,"37,-15",17,False,False,N/A,N/A,N/A,{'no_mp': True}
2025-09-13T22:06:21.014161,NO_FUEL,P_Pluton__5_Sch_tzen_Kompanie,"52,-13",0,0,"37,-15",17,False,False,N/A,N/A,N/A,"{'no_mp': True, 'no_fuel': True}"
2025-09-13T22:06:21.015576,NO_MOVEMENT_POINTS,AC_Kompania__5_schwere_Artillerie,"52,-13",0,0,"36,-16",19,False,False,N/A,N/A,N/A,{'no_mp': True}
2025-09-13T22:06:21.016819,NO_FUEL,AC_Kompania__5_schwere_Artillerie,"52,-13",0,0,"36,-16",19,False,False,N/A,N/A,N/A,"{'no_mp': True, 'no_fuel': True}"
2025-09-13T22:06:21.018794,NO_MOVEMENT_POINTS,AL_Batalion__5_Artillerie_Abteilung,"52,-13",0,0,"37,-17",19,False,False,N/A,N/A,N/A,{'no_mp': True}
2025-09-13T22:06:21.019803,NO_FUEL,AL_Batalion__5_Artillerie_Abteilung,"52,-13",0,0,"37,-17",19,False,False,N/A,N/A,N/A,"{'no_mp': True, 'no_fuel': True}"
2025-09-13T22:06:21.023304,INSUFFICIENT_SUPPORT,Z_Pluton__5_Unterst_tzungs_Bataillon_20250913214038,"52,-13",N/A,N/A,N/A,N/A,N/A,N/A,0,100,5,"{'enemies_list': [], 'units_found': 0, 'units_needed': 2, 'shortage': 2}"
2025-09-13T22:06:21.215466,NO_MOVEMENT_POINTS,P_Batalion__2_Batalion_Strzelc_w_20250913214005,"28,3",0,0,"25,-9",15,False,False,N/A,N/A,N/A,{'no_mp': True}
2025-09-13T22:06:21.216480,NO_FUEL,P_Batalion__2_Batalion_Strzelc_w_20250913214005,"28,3",0,0,"25,-9",15,False,False,N/A,N/A,N/A,"{'no_mp': True, 'no_fuel': True}"
2025-09-13T22:06:21.217532,NO_MOVEMENT_POINTS,P_Pluton__2_Kompania_Grenadier_w,"28,3",0,0,"26,6",3,False,False,N/A,N/A,N/A,{'no_mp': True}
2025-09-13T22:06:21.217532,NO_FUEL,P_Pluton__2_Kompania_Grenadier_w,"28,3",0,0,"26,6",3,False,False,N/A,N/A,N/A,"{'no_mp': True, 'no_fuel': True}"
2025-09-13T22:06:21.218748,NO_MOVEMENT_POINTS,Z_Pluton__2_Batalion_Wsparcia,"28,3",0,0,"28,5",2,False,False,N/A,N/A,N/A,{'no_mp': True}
2025-09-13T22:06:21.219919,NO_FUEL,Z_Pluton__2_Batalion_Wsparcia,"28,3",0,0,"28,5",2,False,False,N/A,N/A,N/A,"{'no_mp': True, 'no_fuel': True}"
2025-09-13T22:06:21.223360,NO_MOVEMENT_POINTS,P_Pluton__2_Kompania_Grenadier_w_20250913214010,"28,3",0,0,"27,6",3,False,False,N/A,N/A,N/A,{'no_mp': True}
2025-09-13T22:06:21.225564,NO_FUEL,P_Pluton__2_Kompania_Grenadier_w_20250913214010,"28,3",0,0,"27,6",3,False,False,N/A,N/A,N/A,"{'no_mp': True, 'no_fuel': True}"
2025-09-13T22:06:21.226587,INSUFFICIENT_SUPPORT,P_Kompania__2_Pu_k_Piechoty,"28,3",N/A,N/A,N/A,N/A,N/A,N/A,0,75,4,"{'enemies_list': [], 'units_found': 0, 'units_needed': 1, 'shortage': 1}"
2025-09-13T22:06:21.227591,NO_MOVEMENT_POINTS,P_Batalion__2_Batalion_Strzelc_w_20250913214005,"27,4",0,0,"25,-9",15,False,False,N/A,N/A,N/A,{'no_mp': True}
2025-09-13T22:06:21.227591,NO_FUEL,P_Batalion__2_Batalion_Strzelc_w_20250913214005,"27,4",0,0,"25,-9",15,False,False,N/A,N/A,N/A,"{'no_mp': True, 'no_fuel': True}"
2025-09-13T22:06:21.228999,NO_MOVEMENT_POINTS,P_Pluton__2_Kompania_Grenadier_w,"27,4",0,0,"26,6",2,False,False,N/A,N/A,N/A,{'no_mp': True}
2025-09-13T22:06:21.230121,NO_FUEL,P_Pluton__2_Kompania_Grenadier_w,"27,4",0,0,"26,6",2,False,False,N/A,N/A,N/A,"{'no_mp': True, 'no_fuel': True}"
2025-09-13T22:06:21.230874,NO_MOVEMENT_POINTS,Z_Pluton__2_Batalion_Wsparcia,"27,4",0,0,"28,5",2,False,False,N/A,N/A,N/A,{'no_mp': True}
2025-09-13T22:06:21.231494,NO_FUEL,Z_Pluton__2_Batalion_Wsparcia,"27,4",0,0,"28,5",2,False,False,N/A,N/A,N/A,"{'no_mp': True, 'no_fuel': True}"
2025-09-13T22:06:21.232671,NO_MOVEMENT_POINTS,P_Pluton__2_Kompania_Grenadier_w_20250913214010,"27,4",0,0,"27,6",2,False,False,N/A,N/A,N/A,{'no_mp': True}
2025-09-13T22:06:21.233177,NO_FUEL,P_Pluton__2_Kompania_Grenadier_w_20250913214010,"27,4",0,0,"27,6",2,False,False,N/A,N/A,N/A,"{'no_mp': True, 'no_fuel': True}"
2025-09-13T22:06:21.234188,INSUFFICIENT_SUPPORT,Z_Pluton__2_Oddzia_Rozpoznawczy,"27,4",N/A,N/A,N/A,N/A,N/A,N/A,0,75,4,"{'enemies_list': [], 'units_found': 0, 'units_needed': 1, 'shortage': 1}"
2025-09-13T22:06:21.236222,NO_MOVEMENT_POINTS,P_Batalion__2_Batalion_Strzelc_w_20250913214005,"24,-7",0,0,"25,-9",2,False,False,N/A,N/A,N/A,{'no_mp': True}
2025-09-13T22:06:21.236222,NO_FUEL,P_Batalion__2_Batalion_Strzelc_w_20250913214005,"24,-7",0,0,"25,-9",2,False,False,N/A,N/A,N/A,"{'no_mp': True, 'no_fuel': True}"
2025-09-13T22:06:21.239280,NO_MOVEMENT_POINTS,P_Pluton__2_Kompania_Grenadier_w,"24,-7",0,0,"26,6",15,False,False,N/A,N/A,N/A,{'no_mp': True}
2025-09-13T22:06:21.242428,NO_FUEL,P_Pluton__2_Kompania_Grenadier_w,"24,-7",0,0,"26,6",15,False,False,N/A,N/A,N/A,"{'no_mp': True, 'no_fuel': True}"
2025-09-13T22:06:21.243305,NO_MOVEMENT_POINTS,Z_Pluton__2_Batalion_Wsparcia,"24,-7",0,0,"28,5",16,False,False,N/A,N/A,N/A,{'no_mp': True}
2025-09-13T22:06:21.244323,NO_FUEL,Z_Pluton__2_Batalion_Wsparcia,"24,-7",0,0,"28,5",16,False,False,N/A,N/A,N/A,"{'no_mp': True, 'no_fuel': True}"
2025-09-13T22:06:21.244323,NO_MOVEMENT_POINTS,P_Pluton__2_Kompania_Grenadier_w_20250913214010,"24,-7",0,0,"27,6",16,False,False,N/A,N/A,N/A,{'no_mp': True}
2025-09-13T22:06:21.245758,NO_FUEL,P_Pluton__2_Kompania_Grenadier_w_20250913214010,"24,-7",0,0,"27,6",16,False,False,N/A,N/A,N/A,"{'no_mp': True, 'no_fuel': True}"
2025-09-13T22:06:21.246783,INSUFFICIENT_SUPPORT,Z_Batalion__2_Kompania_Zaopatrzeniowa,"24,-7",N/A,N/A,N/A,N/A,N/A,N/A,0,50,4,"{'enemies_list': [], 'units_found': 0, 'units_needed': 1, 'shortage': 1}"
2025-09-13T22:06:21.247843,NO_MOVEMENT_POINTS,P_Batalion__2_Batalion_Strzelc_w_20250913214005,"15,-7",0,0,"25,-9",10,False,False,N/A,N/A,N/A,{'no_mp': True}
2025-09-13T22:06:21.248516,NO_FUEL,P_Batalion__2_Batalion_Strzelc_w_20250913214005,"15,-7",0,0,"25,-9",10,False,False,N/A,N/A,N/A,"{'no_mp': True, 'no_fuel': True}"
2025-09-13T22:06:21.249525,NO_MOVEMENT_POINTS,P_Pluton__2_Kompania_Grenadier_w,"15,-7",0,0,"26,6",24,False,False,N/A,N/A,N/A,{'no_mp': True}
2025-09-13T22:06:21.250543,NO_FUEL,P_Pluton__2_Kompania_Grenadier_w,"15,-7",0,0,"26,6",24,False,False,N/A,N/A,N/A,"{'no_mp': True, 'no_fuel': True}"
2025-09-13T22:06:21.251698,NO_MOVEMENT_POINTS,Z_Pluton__2_Batalion_Wsparcia,"15,-7",0,0,"28,5",25,False,False,N/A,N/A,N/A,{'no_mp': True}
2025-09-13T22:06:21.251698,NO_FUEL,Z_Pluton__2_Batalion_Wsparcia,"15,-7",0,0,"28,5",25,False,False,N/A,N/A,N/A,"{'no_mp': True, 'no_fuel': True}"
2025-09-13T22:06:21.253178,NO_MOVEMENT_POINTS,P_Pluton__2_Kompania_Grenadier_w_20250913214010,"15,-7",0,0,"27,6",25,False,False,N/A,N/A,N/A,{'no_mp': True}
2025-09-13T22:06:21.257240,NO_FUEL,P_Pluton__2_Kompania_Grenadier_w_20250913214010,"15,-7",0,0,"27,6",25,False,False,N/A,N/A,N/A,"{'no_mp': True, 'no_fuel': True}"
2025-09-13T22:06:21.259529,INSUFFICIENT_SUPPORT,D_Pluton__2_Dow_dztwo_Einheit,"15,-7",N/A,N/A,N/A,N/A,N/A,N/A,0,100,4,"{'enemies_list': [], 'units_found': 0, 'units_needed': 2, 'shortage': 2}"
2025-09-13T22:06:21.510537,NO_MOVEMENT_POINTS,P_Pluton__5_Infanterie_Regiment,"45,-15",0,0,"36,-15",9,False,False,N/A,N/A,N/A,{'no_mp': True}
2025-09-13T22:06:21.510537,NO_FUEL,P_Pluton__5_Infanterie_Regiment,"45,-15",0,0,"36,-15",9,False,False,N/A,N/A,N/A,"{'no_mp': True, 'no_fuel': True}"
2025-09-13T22:06:21.511873,NO_MOVEMENT_POINTS,P_Kompania__5_Infanterie_Regiment,"45,-15",0,0,"36,-14",9,False,False,N/A,N/A,N/A,{'no_mp': True}
2025-09-13T22:06:21.513782,NO_FUEL,P_Kompania__5_Infanterie_Regiment,"45,-15",0,0,"36,-14",9,False,False,N/A,N/A,N/A,"{'no_mp': True, 'no_fuel': True}"
2025-09-13T22:06:21.513782,NO_MOVEMENT_POINTS,P_Pluton__5_Sch_tzen_Kompanie,"45,-15",0,0,"37,-15",8,False,False,N/A,N/A,N/A,{'no_mp': True}
2025-09-13T22:06:21.514853,NO_FUEL,P_Pluton__5_Sch_tzen_Kompanie,"45,-15",0,0,"37,-15",8,False,False,N/A,N/A,N/A,"{'no_mp': True, 'no_fuel': True}"
2025-09-13T22:06:21.516018,NO_MOVEMENT_POINTS,AC_Kompania__5_schwere_Artillerie,"45,-15",0,0,"36,-16",10,False,False,N/A,N/A,N/A,{'no_mp': True}
2025-09-13T22:06:21.516018,NO_FUEL,AC_Kompania__5_schwere_Artillerie,"45,-15",0,0,"36,-16",10,False,False,N/A,N/A,N/A,"{'no_mp': True, 'no_fuel': True}"
2025-09-13T22:06:21.516018,NO_MOVEMENT_POINTS,AL_Batalion__5_Artillerie_Abteilung,"45,-15",0,0,"37,-17",10,False,False,N/A,N/A,N/A,{'no_mp': True}
2025-09-13T22:06:21.516018,NO_FUEL,AL_Batalion__5_Artillerie_Abteilung,"45,-15",0,0,"37,-17",10,False,False,N/A,N/A,N/A,"{'no_mp': True, 'no_fuel': True}"
2025-09-13T22:06:21.520267,INSUFFICIENT_SUPPORT,Z_Kompania__5_Unterst_tzungs_Bataillon,"45,-15",N/A,N/A,N/A,N/A,N/A,N/A,0,100,5,"{'enemies_list': [], 'units_found': 0, 'units_needed': 2, 'shortage': 2}"
2025-09-13T22:06:21.521255,NO_MOVEMENT_POINTS,P_Pluton__5_Infanterie_Regiment,"43,-15",0,0,"36,-15",7,False,False,N/A,N/A,N/A,{'no_mp': True}
2025-09-13T22:06:21.523400,NO_FUEL,P_Pluton__5_Infanterie_Regiment,"43,-15",0,0,"36,-15",7,False,False,N/A,N/A,N/A,"{'no_mp': True, 'no_fuel': True}"
2025-09-13T22:06:21.526440,NO_MOVEMENT_POINTS,P_Kompania__5_Infanterie_Regiment,"43,-15",0,0,"36,-14",7,False,False,N/A,N/A,N/A,{'no_mp': True}
2025-09-13T22:06:21.526440,NO_FUEL,P_Kompania__5_Infanterie_Regiment,"43,-15",0,0,"36,-14",7,False,False,N/A,N/A,N/A,"{'no_mp': True, 'no_fuel': True}"
2025-09-13T22:06:21.527464,NO_MOVEMENT_POINTS,P_Pluton__5_Sch_tzen_Kompanie,"43,-15",0,0,"37,-15",6,False,False,N/A,N/A,N/A,{'no_mp': True}
2025-09-13T22:06:21.528468,NO_FUEL,P_Pluton__5_Sch_tzen_Kompanie,"43,-15",0,0,"37,-15",6,False,False,N/A,N/A,N/A,"{'no_mp': True, 'no_fuel': True}"
2025-09-13T22:06:21.529652,NO_MOVEMENT_POINTS,AC_Kompania__5_schwere_Artillerie,"43,-15",0,0,"36,-16",8,False,False,N/A,N/A,N/A,{'no_mp': True}
2025-09-13T22:06:21.529652,NO_FUEL,AC_Kompania__5_schwere_Artillerie,"43,-15",0,0,"36,-16",8,False,False,N/A,N/A,N/A,"{'no_mp': True, 'no_fuel': True}"
2025-09-13T22:06:21.530905,NO_MOVEMENT_POINTS,AL_Batalion__5_Artillerie_Abteilung,"43,-15",0,0,"37,-17",8,False,False,N/A,N/A,N/A,{'no_mp': True}
2025-09-13T22:06:21.531957,NO_FUEL,AL_Batalion__5_Artillerie_Abteilung,"43,-15",0,0,"37,-17",8,False,False,N/A,N/A,N/A,"{'no_mp': True, 'no_fuel': True}"
2025-09-13T22:06:21.533756,INSUFFICIENT_SUPPORT,Z_Pluton__5_Unterst_tzungs_Bataillon,"43,-15",N/A,N/A,N/A,N/A,N/A,N/A,0,150,5,"{'enemies_list': [], 'units_found': 0, 'units_needed': 2, 'shortage': 2}"
2025-09-13T22:06:21.533756,NO_MOVEMENT_POINTS,P_Pluton__5_Infanterie_Regiment,"52,-13",0,0,"36,-15",18,False,False,N/A,N/A,N/A,{'no_mp': True}
2025-09-13T22:06:21.534938,NO_FUEL,P_Pluton__5_Infanterie_Regiment,"52,-13",0,0,"36,-15",18,False,False,N/A,N/A,N/A,"{'no_mp': True, 'no_fuel': True}"
2025-09-13T22:06:21.536222,NO_MOVEMENT_POINTS,P_Kompania__5_Infanterie_Regiment,"52,-13",0,0,"36,-14",17,False,False,N/A,N/A,N/A,{'no_mp': True}
2025-09-13T22:06:21.536222,NO_FUEL,P_Kompania__5_Infanterie_Regiment,"52,-13",0,0,"36,-14",17,False,False,N/A,N/A,N/A,"{'no_mp': True, 'no_fuel': True}"
2025-09-13T22:06:21.540199,NO_MOVEMENT_POINTS,P_Pluton__5_Sch_tzen_Kompanie,"52,-13",0,0,"37,-15",17,False,False,N/A,N/A,N/A,{'no_mp': True}
2025-09-13T22:06:21.542230,NO_FUEL,P_Pluton__5_Sch_tzen_Kompanie,"52,-13",0,0,"37,-15",17,False,False,N/A,N/A,N/A,"{'no_mp': True, 'no_fuel': True}"
2025-09-13T22:06:21.542230,NO_MOVEMENT_POINTS,AC_Kompania__5_schwere_Artillerie,"52,-13",0,0,"36,-16",19,False,False,N/A,N/A,N/A,{'no_mp': True}
2025-09-13T22:06:21.543880,NO_FUEL,AC_Kompania__5_schwere_Artillerie,"52,-13",0,0,"36,-16",19,False,False,N/A,N/A,N/A,"{'no_mp': True, 'no_fuel': True}"
2025-09-13T22:06:21.543880,NO_MOVEMENT_POINTS,AL_Batalion__5_Artillerie_Abteilung,"52,-13",0,0,"37,-17",19,False,False,N/A,N/A,N/A,{'no_mp': True}
2025-09-13T22:06:21.544892,NO_FUEL,AL_Batalion__5_Artillerie_Abteilung,"52,-13",0,0,"37,-17",19,False,False,N/A,N/A,N/A,"{'no_mp': True, 'no_fuel': True}"
2025-09-13T22:06:21.546639,INSUFFICIENT_SUPPORT,Z_Pluton__5_Unterst_tzungs_Bataillon_20250913214038,"52,-13",N/A,N/A,N/A,N/A,N/A,N/A,0,100,5,"{'enemies_list': [], 'units_found': 0, 'units_needed': 2, 'shortage': 2}"
2025-09-13T22:06:21.734482,NO_MOVEMENT_POINTS,P_Batalion__2_Batalion_Strzelc_w_20250913214005,"28,3",0,0,"25,-9",15,False,False,N/A,N/A,N/A,{'no_mp': True}
2025-09-13T22:06:21.735860,NO_FUEL,P_Batalion__2_Batalion_Strzelc_w_20250913214005,"28,3",0,0,"25,-9",15,False,False,N/A,N/A,N/A,"{'no_mp': True, 'no_fuel': True}"
2025-09-13T22:06:21.735860,NO_MOVEMENT_POINTS,P_Pluton__2_Kompania_Grenadier_w,"28,3",0,0,"26,6",3,False,False,N/A,N/A,N/A,{'no_mp': True}
2025-09-13T22:06:21.737089,NO_FUEL,P_Pluton__2_Kompania_Grenadier_w,"28,3",0,0,"26,6",3,False,False,N/A,N/A,N/A,"{'no_mp': True, 'no_fuel': True}"
2025-09-13T22:06:21.740758,NO_MOVEMENT_POINTS,Z_Pluton__2_Batalion_Wsparcia,"28,3",0,0,"28,5",2,False,False,N/A,N/A,N/A,{'no_mp': True}
2025-09-13T22:06:21.741915,NO_FUEL,Z_Pluton__2_Batalion_Wsparcia,"28,3",0,0,"28,5",2,False,False,N/A,N/A,N/A,"{'no_mp': True, 'no_fuel': True}"
2025-09-13T22:06:21.743423,NO_MOVEMENT_POINTS,P_Pluton__2_Kompania_Grenadier_w_20250913214010,"28,3",0,0,"27,6",3,False,False,N/A,N/A,N/A,{'no_mp': True}
2025-09-13T22:06:21.744469,NO_FUEL,P_Pluton__2_Kompania_Grenadier_w_20250913214010,"28,3",0,0,"27,6",3,False,False,N/A,N/A,N/A,"{'no_mp': True, 'no_fuel': True}"
2025-09-13T22:06:21.745474,INSUFFICIENT_SUPPORT,P_Kompania__2_Pu_k_Piechoty,"28,3",N/A,N/A,N/A,N/A,N/A,N/A,0,75,4,"{'enemies_list': [], 'units_found': 0, 'units_needed': 1, 'shortage': 1}"
2025-09-13T22:06:21.745474,NO_MOVEMENT_POINTS,P_Batalion__2_Batalion_Strzelc_w_20250913214005,"27,4",0,0,"25,-9",15,False,False,N/A,N/A,N/A,{'no_mp': True}
2025-09-13T22:06:21.746942,NO_FUEL,P_Batalion__2_Batalion_Strzelc_w_20250913214005,"27,4",0,0,"25,-9",15,False,False,N/A,N/A,N/A,"{'no_mp': True, 'no_fuel': True}"
2025-09-13T22:06:21.747947,NO_MOVEMENT_POINTS,P_Pluton__2_Kompania_Grenadier_w,"27,4",0,0,"26,6",2,False,False,N/A,N/A,N/A,{'no_mp': True}
2025-09-13T22:06:21.749326,NO_FUEL,P_Pluton__2_Kompania_Grenadier_w,"27,4",0,0,"26,6",2,False,False,N/A,N/A,N/A,"{'no_mp': True, 'no_fuel': True}"
2025-09-13T22:06:21.750468,NO_MOVEMENT_POINTS,Z_Pluton__2_Batalion_Wsparcia,"27,4",0,0,"28,5",2,False,False,N/A,N/A,N/A,{'no_mp': True}
2025-09-13T22:06:21.750468,NO_FUEL,Z_Pluton__2_Batalion_Wsparcia,"27,4",0,0,"28,5",2,False,False,N/A,N/A,N/A,"{'no_mp': True, 'no_fuel': True}"
2025-09-13T22:06:21.751712,NO_MOVEMENT_POINTS,P_Pluton__2_Kompania_Grenadier_w_20250913214010,"27,4",0,0,"27,6",2,False,False,N/A,N/A,N/A,{'no_mp': True}
2025-09-13T22:06:21.751712,NO_FUEL,P_Pluton__2_Kompania_Grenadier_w_20250913214010,"27,4",0,0,"27,6",2,False,False,N/A,N/A,N/A,"{'no_mp': True, 'no_fuel': True}"
2025-09-13T22:06:21.754345,INSUFFICIENT_SUPPORT,Z_Pluton__2_Oddzia_Rozpoznawczy,"27,4",N/A,N/A,N/A,N/A,N/A,N/A,0,75,4,"{'enemies_list': [], 'units_found': 0, 'units_needed': 1, 'shortage': 1}"
2025-09-13T22:06:21.758446,NO_MOVEMENT_POINTS,P_Batalion__2_Batalion_Strzelc_w_20250913214005,"24,-7",0,0,"25,-9",2,False,False,N/A,N/A,N/A,{'no_mp': True}
2025-09-13T22:06:21.759458,NO_FUEL,P_Batalion__2_Batalion_Strzelc_w_20250913214005,"24,-7",0,0,"25,-9",2,False,False,N/A,N/A,N/A,"{'no_mp': True, 'no_fuel': True}"
2025-09-13T22:06:21.760384,NO_MOVEMENT_POINTS,P_Pluton__2_Kompania_Grenadier_w,"24,-7",0,0,"26,6",15,False,False,N/A,N/A,N/A,{'no_mp': True}
2025-09-13T22:06:21.761394,NO_FUEL,P_Pluton__2_Kompania_Grenadier_w,"24,-7",0,0,"26,6",15,False,False,N/A,N/A,N/A,"{'no_mp': True, 'no_fuel': True}"
2025-09-13T22:06:21.762398,NO_MOVEMENT_POINTS,Z_Pluton__2_Batalion_Wsparcia,"24,-7",0,0,"28,5",16,False,False,N/A,N/A,N/A,{'no_mp': True}
2025-09-13T22:06:21.763395,NO_FUEL,Z_Pluton__2_Batalion_Wsparcia,"24,-7",0,0,"28,5",16,False,False,N/A,N/A,N/A,"{'no_mp': True, 'no_fuel': True}"
2025-09-13T22:06:21.763395,NO_MOVEMENT_POINTS,P_Pluton__2_Kompania_Grenadier_w_20250913214010,"24,-7",0,0,"27,6",16,False,False,N/A,N/A,N/A,{'no_mp': True}
2025-09-13T22:06:21.764815,NO_FUEL,P_Pluton__2_Kompania_Grenadier_w_20250913214010,"24,-7",0,0,"27,6",16,False,False,N/A,N/A,N/A,"{'no_mp': True, 'no_fuel': True}"
2025-09-13T22:06:21.766626,INSUFFICIENT_SUPPORT,Z_Batalion__2_Kompania_Zaopatrzeniowa,"24,-7",N/A,N/A,N/A,N/A,N/A,N/A,0,50,4,"{'enemies_list': [], 'units_found': 0, 'units_needed': 1, 'shortage': 1}"
2025-09-13T22:06:21.767636,NO_MOVEMENT_POINTS,P_Batalion__2_Batalion_Strzelc_w_20250913214005,"15,-7",0,0,"25,-9",10,False,False,N/A,N/A,N/A,{'no_mp': True}
2025-09-13T22:06:21.767636,NO_FUEL,P_Batalion__2_Batalion_Strzelc_w_20250913214005,"15,-7",0,0,"25,-9",10,False,False,N/A,N/A,N/A,"{'no_mp': True, 'no_fuel': True}"
2025-09-13T22:06:21.768810,NO_MOVEMENT_POINTS,P_Pluton__2_Kompania_Grenadier_w,"15,-7",0,0,"26,6",24,False,False,N/A,N/A,N/A,{'no_mp': True}
2025-09-13T22:06:21.770017,NO_FUEL,P_Pluton__2_Kompania_Grenadier_w,"15,-7",0,0,"26,6",24,False,False,N/A,N/A,N/A,"{'no_mp': True, 'no_fuel': True}"
2025-09-13T22:06:21.773970,NO_MOVEMENT_POINTS,Z_Pluton__2_Batalion_Wsparcia,"15,-7",0,0,"28,5",25,False,False,N/A,N/A,N/A,{'no_mp': True}
2025-09-13T22:06:21.773970,NO_FUEL,Z_Pluton__2_Batalion_Wsparcia,"15,-7",0,0,"28,5",25,False,False,N/A,N/A,N/A,"{'no_mp': True, 'no_fuel': True}"
2025-09-13T22:06:21.773970,NO_MOVEMENT_POINTS,P_Pluton__2_Kompania_Grenadier_w_20250913214010,"15,-7",0,0,"27,6",25,False,False,N/A,N/A,N/A,{'no_mp': True}
2025-09-13T22:06:21.773970,NO_FUEL,P_Pluton__2_Kompania_Grenadier_w_20250913214010,"15,-7",0,0,"27,6",25,False,False,N/A,N/A,N/A,"{'no_mp': True, 'no_fuel': True}"
2025-09-13T22:06:21.773970,INSUFFICIENT_SUPPORT,D_Pluton__2_Dow_dztwo_Einheit,"15,-7",N/A,N/A,N/A,N/A,N/A,N/A,0,100,4,"{'enemies_list': [], 'units_found': 0, 'units_needed': 2, 'shortage': 2}"
2025-09-13T22:06:22.080666,NO_MOVEMENT_POINTS,P_Pluton__5_Infanterie_Regiment,"45,-15",0,0,"36,-15",9,False,False,N/A,N/A,N/A,{'no_mp': True}
2025-09-13T22:06:22.082851,NO_FUEL,P_Pluton__5_Infanterie_Regiment,"45,-15",0,0,"36,-15",9,False,False,N/A,N/A,N/A,"{'no_mp': True, 'no_fuel': True}"
2025-09-13T22:06:22.084405,NO_MOVEMENT_POINTS,P_Kompania__5_Infanterie_Regiment,"45,-15",0,0,"36,-14",9,False,False,N/A,N/A,N/A,{'no_mp': True}
2025-09-13T22:06:22.086549,NO_FUEL,P_Kompania__5_Infanterie_Regiment,"45,-15",0,0,"36,-14",9,False,False,N/A,N/A,N/A,"{'no_mp': True, 'no_fuel': True}"
2025-09-13T22:06:22.087142,NO_MOVEMENT_POINTS,P_Pluton__5_Sch_tzen_Kompanie,"45,-15",0,0,"37,-15",8,False,False,N/A,N/A,N/A,{'no_mp': True}
2025-09-13T22:06:22.093354,NO_FUEL,P_Pluton__5_Sch_tzen_Kompanie,"45,-15",0,0,"37,-15",8,False,False,N/A,N/A,N/A,"{'no_mp': True, 'no_fuel': True}"
2025-09-13T22:06:22.100133,NO_MOVEMENT_POINTS,AC_Kompania__5_schwere_Artillerie,"45,-15",0,0,"36,-16",10,False,False,N/A,N/A,N/A,{'no_mp': True}
2025-09-13T22:06:22.102823,NO_FUEL,AC_Kompania__5_schwere_Artillerie,"45,-15",0,0,"36,-16",10,False,False,N/A,N/A,N/A,"{'no_mp': True, 'no_fuel': True}"
2025-09-13T22:06:22.103328,NO_MOVEMENT_POINTS,AL_Batalion__5_Artillerie_Abteilung,"45,-15",0,0,"37,-17",10,False,False,N/A,N/A,N/A,{'no_mp': True}
2025-09-13T22:06:22.107312,NO_FUEL,AL_Batalion__5_Artillerie_Abteilung,"45,-15",0,0,"37,-17",10,False,False,N/A,N/A,N/A,"{'no_mp': True, 'no_fuel': True}"
2025-09-13T22:06:22.111577,INSUFFICIENT_SUPPORT,Z_Kompania__5_Unterst_tzungs_Bataillon,"45,-15",N/A,N/A,N/A,N/A,N/A,N/A,0,100,5,"{'enemies_list': [], 'units_found': 0, 'units_needed': 2, 'shortage': 2}"
2025-09-13T22:06:22.112590,NO_MOVEMENT_POINTS,P_Pluton__5_Infanterie_Regiment,"43,-15",0,0,"36,-15",7,False,False,N/A,N/A,N/A,{'no_mp': True}
2025-09-13T22:06:22.115079,NO_FUEL,P_Pluton__5_Infanterie_Regiment,"43,-15",0,0,"36,-15",7,False,False,N/A,N/A,N/A,"{'no_mp': True, 'no_fuel': True}"
2025-09-13T22:06:22.116390,NO_MOVEMENT_POINTS,P_Kompania__5_Infanterie_Regiment,"43,-15",0,0,"36,-14",7,False,False,N/A,N/A,N/A,{'no_mp': True}
2025-09-13T22:06:22.117466,NO_FUEL,P_Kompania__5_Infanterie_Regiment,"43,-15",0,0,"36,-14",7,False,False,N/A,N/A,N/A,"{'no_mp': True, 'no_fuel': True}"
2025-09-13T22:06:22.117466,NO_MOVEMENT_POINTS,P_Pluton__5_Sch_tzen_Kompanie,"43,-15",0,0,"37,-15",6,False,False,N/A,N/A,N/A,{'no_mp': True}
2025-09-13T22:06:22.117466,NO_FUEL,P_Pluton__5_Sch_tzen_Kompanie,"43,-15",0,0,"37,-15",6,False,False,N/A,N/A,N/A,"{'no_mp': True, 'no_fuel': True}"
2025-09-13T22:06:22.121877,NO_MOVEMENT_POINTS,AC_Kompania__5_schwere_Artillerie,"43,-15",0,0,"36,-16",8,False,False,N/A,N/A,N/A,{'no_mp': True}
2025-09-13T22:06:22.125331,NO_FUEL,AC_Kompania__5_schwere_Artillerie,"43,-15",0,0,"36,-16",8,False,False,N/A,N/A,N/A,"{'no_mp': True, 'no_fuel': True}"
2025-09-13T22:06:22.127384,NO_MOVEMENT_POINTS,AL_Batalion__5_Artillerie_Abteilung,"43,-15",0,0,"37,-17",8,False,False,N/A,N/A,N/A,{'no_mp': True}
2025-09-13T22:06:22.127384,NO_FUEL,AL_Batalion__5_Artillerie_Abteilung,"43,-15",0,0,"37,-17",8,False,False,N/A,N/A,N/A,"{'no_mp': True, 'no_fuel': True}"
2025-09-13T22:06:22.132370,INSUFFICIENT_SUPPORT,Z_Pluton__5_Unterst_tzungs_Bataillon,"43,-15",N/A,N/A,N/A,N/A,N/A,N/A,0,150,5,"{'enemies_list': [], 'units_found': 0, 'units_needed': 2, 'shortage': 2}"
2025-09-13T22:06:22.133377,NO_MOVEMENT_POINTS,P_Pluton__5_Infanterie_Regiment,"52,-13",0,0,"36,-15",18,False,False,N/A,N/A,N/A,{'no_mp': True}
2025-09-13T22:06:22.134599,NO_FUEL,P_Pluton__5_Infanterie_Regiment,"52,-13",0,0,"36,-15",18,False,False,N/A,N/A,N/A,"{'no_mp': True, 'no_fuel': True}"
2025-09-13T22:06:22.135862,NO_MOVEMENT_POINTS,P_Kompania__5_Infanterie_Regiment,"52,-13",0,0,"36,-14",17,False,False,N/A,N/A,N/A,{'no_mp': True}
2025-09-13T22:06:22.137806,NO_FUEL,P_Kompania__5_Infanterie_Regiment,"52,-13",0,0,"36,-14",17,False,False,N/A,N/A,N/A,"{'no_mp': True, 'no_fuel': True}"
2025-09-13T22:06:22.142065,NO_MOVEMENT_POINTS,P_Pluton__5_Sch_tzen_Kompanie,"52,-13",0,0,"37,-15",17,False,False,N/A,N/A,N/A,{'no_mp': True}
2025-09-13T22:06:22.144046,NO_FUEL,P_Pluton__5_Sch_tzen_Kompanie,"52,-13",0,0,"37,-15",17,False,False,N/A,N/A,N/A,"{'no_mp': True, 'no_fuel': True}"
2025-09-13T22:06:22.145044,NO_MOVEMENT_POINTS,AC_Kompania__5_schwere_Artillerie,"52,-13",0,0,"36,-16",19,False,False,N/A,N/A,N/A,{'no_mp': True}
2025-09-13T22:06:22.146437,NO_FUEL,AC_Kompania__5_schwere_Artillerie,"52,-13",0,0,"36,-16",19,False,False,N/A,N/A,N/A,"{'no_mp': True, 'no_fuel': True}"
2025-09-13T22:06:22.147445,NO_MOVEMENT_POINTS,AL_Batalion__5_Artillerie_Abteilung,"52,-13",0,0,"37,-17",19,False,False,N/A,N/A,N/A,{'no_mp': True}
2025-09-13T22:06:22.148442,NO_FUEL,AL_Batalion__5_Artillerie_Abteilung,"52,-13",0,0,"37,-17",19,False,False,N/A,N/A,N/A,"{'no_mp': True, 'no_fuel': True}"
2025-09-13T22:06:22.161431,INSUFFICIENT_SUPPORT,Z_Pluton__5_Unterst_tzungs_Bataillon_20250913214038,"52,-13",N/A,N/A,N/A,N/A,N/A,N/A,0,100,5,"{'enemies_list': [], 'units_found': 0, 'units_needed': 2, 'shortage': 2}"
2025-09-13T22:06:22.483319,NO_MOVEMENT_POINTS,P_Batalion__2_Batalion_Strzelc_w_20250913214005,"28,3",0,0,"25,-9",15,False,False,N/A,N/A,N/A,{'no_mp': True}
2025-09-13T22:06:22.484481,NO_FUEL,P_Batalion__2_Batalion_Strzelc_w_20250913214005,"28,3",0,0,"25,-9",15,False,False,N/A,N/A,N/A,"{'no_mp': True, 'no_fuel': True}"
2025-09-13T22:06:22.485787,NO_MOVEMENT_POINTS,P_Pluton__2_Kompania_Grenadier_w,"28,3",0,0,"26,6",3,False,False,N/A,N/A,N/A,{'no_mp': True}
2025-09-13T22:06:22.486802,NO_FUEL,P_Pluton__2_Kompania_Grenadier_w,"28,3",0,0,"26,6",3,False,False,N/A,N/A,N/A,"{'no_mp': True, 'no_fuel': True}"
2025-09-13T22:06:22.486802,NO_MOVEMENT_POINTS,Z_Pluton__2_Batalion_Wsparcia,"28,3",0,0,"28,5",2,False,False,N/A,N/A,N/A,{'no_mp': True}
2025-09-13T22:06:22.488079,NO_FUEL,Z_Pluton__2_Batalion_Wsparcia,"28,3",0,0,"28,5",2,False,False,N/A,N/A,N/A,"{'no_mp': True, 'no_fuel': True}"
2025-09-13T22:06:22.492064,NO_MOVEMENT_POINTS,P_Pluton__2_Kompania_Grenadier_w_20250913214010,"28,3",0,0,"27,6",3,False,False,N/A,N/A,N/A,{'no_mp': True}
2025-09-13T22:06:22.493573,NO_FUEL,P_Pluton__2_Kompania_Grenadier_w_20250913214010,"28,3",0,0,"27,6",3,False,False,N/A,N/A,N/A,"{'no_mp': True, 'no_fuel': True}"
2025-09-13T22:06:22.494591,INSUFFICIENT_SUPPORT,P_Kompania__2_Pu_k_Piechoty,"28,3",N/A,N/A,N/A,N/A,N/A,N/A,0,75,4,"{'enemies_list': [], 'units_found': 0, 'units_needed': 1, 'shortage': 1}"
2025-09-13T22:06:22.495752,NO_MOVEMENT_POINTS,P_Batalion__2_Batalion_Strzelc_w_20250913214005,"27,4",0,0,"25,-9",15,False,False,N/A,N/A,N/A,{'no_mp': True}
2025-09-13T22:06:22.496783,NO_FUEL,P_Batalion__2_Batalion_Strzelc_w_20250913214005,"27,4",0,0,"25,-9",15,False,False,N/A,N/A,N/A,"{'no_mp': True, 'no_fuel': True}"
2025-09-13T22:06:22.496783,NO_MOVEMENT_POINTS,P_Pluton__2_Kompania_Grenadier_w,"27,4",0,0,"26,6",2,False,False,N/A,N/A,N/A,{'no_mp': True}
2025-09-13T22:06:22.497788,NO_FUEL,P_Pluton__2_Kompania_Grenadier_w,"27,4",0,0,"26,6",2,False,False,N/A,N/A,N/A,"{'no_mp': True, 'no_fuel': True}"
2025-09-13T22:06:22.498794,NO_MOVEMENT_POINTS,Z_Pluton__2_Batalion_Wsparcia,"27,4",0,0,"28,5",2,False,False,N/A,N/A,N/A,{'no_mp': True}
2025-09-13T22:06:22.500041,NO_FUEL,Z_Pluton__2_Batalion_Wsparcia,"27,4",0,0,"28,5",2,False,False,N/A,N/A,N/A,"{'no_mp': True, 'no_fuel': True}"
2025-09-13T22:06:22.501263,NO_MOVEMENT_POINTS,P_Pluton__2_Kompania_Grenadier_w_20250913214010,"27,4",0,0,"27,6",2,False,False,N/A,N/A,N/A,{'no_mp': True}
2025-09-13T22:06:22.501263,NO_FUEL,P_Pluton__2_Kompania_Grenadier_w_20250913214010,"27,4",0,0,"27,6",2,False,False,N/A,N/A,N/A,"{'no_mp': True, 'no_fuel': True}"
2025-09-13T22:06:22.502516,INSUFFICIENT_SUPPORT,Z_Pluton__2_Oddzia_Rozpoznawczy,"27,4",N/A,N/A,N/A,N/A,N/A,N/A,0,75,4,"{'enemies_list': [], 'units_found': 0, 'units_needed': 1, 'shortage': 1}"
2025-09-13T22:06:22.504019,NO_MOVEMENT_POINTS,P_Batalion__2_Batalion_Strzelc_w_20250913214005,"24,-7",0,0,"25,-9",2,False,False,N/A,N/A,N/A,{'no_mp': True}
2025-09-13T22:06:22.508327,NO_FUEL,P_Batalion__2_Batalion_Strzelc_w_20250913214005,"24,-7",0,0,"25,-9",2,False,False,N/A,N/A,N/A,"{'no_mp': True, 'no_fuel': True}"
2025-09-13T22:06:22.509740,NO_MOVEMENT_POINTS,P_Pluton__2_Kompania_Grenadier_w,"24,-7",0,0,"26,6",15,False,False,N/A,N/A,N/A,{'no_mp': True}
2025-09-13T22:06:22.511102,NO_FUEL,P_Pluton__2_Kompania_Grenadier_w,"24,-7",0,0,"26,6",15,False,False,N/A,N/A,N/A,"{'no_mp': True, 'no_fuel': True}"
2025-09-13T22:06:22.511102,NO_MOVEMENT_POINTS,Z_Pluton__2_Batalion_Wsparcia,"24,-7",0,0,"28,5",16,False,False,N/A,N/A,N/A,{'no_mp': True}
2025-09-13T22:06:22.512454,NO_FUEL,Z_Pluton__2_Batalion_Wsparcia,"24,-7",0,0,"28,5",16,False,False,N/A,N/A,N/A,"{'no_mp': True, 'no_fuel': True}"
2025-09-13T22:06:22.513451,NO_MOVEMENT_POINTS,P_Pluton__2_Kompania_Grenadier_w_20250913214010,"24,-7",0,0,"27,6",16,False,False,N/A,N/A,N/A,{'no_mp': True}
2025-09-13T22:06:22.514538,NO_FUEL,P_Pluton__2_Kompania_Grenadier_w_20250913214010,"24,-7",0,0,"27,6",16,False,False,N/A,N/A,N/A,"{'no_mp': True, 'no_fuel': True}"
2025-09-13T22:06:22.515610,INSUFFICIENT_SUPPORT,Z_Batalion__2_Kompania_Zaopatrzeniowa,"24,-7",N/A,N/A,N/A,N/A,N/A,N/A,0,50,4,"{'enemies_list': [], 'units_found': 0, 'units_needed': 1, 'shortage': 1}"
2025-09-13T22:06:22.516610,NO_MOVEMENT_POINTS,P_Batalion__2_Batalion_Strzelc_w_20250913214005,"15,-7",0,0,"25,-9",10,False,False,N/A,N/A,N/A,{'no_mp': True}
2025-09-13T22:06:22.517899,NO_FUEL,P_Batalion__2_Batalion_Strzelc_w_20250913214005,"15,-7",0,0,"25,-9",10,False,False,N/A,N/A,N/A,"{'no_mp': True, 'no_fuel': True}"
2025-09-13T22:06:22.518942,NO_MOVEMENT_POINTS,P_Pluton__2_Kompania_Grenadier_w,"15,-7",0,0,"26,6",24,False,False,N/A,N/A,N/A,{'no_mp': True}
2025-09-13T22:06:22.518942,NO_FUEL,P_Pluton__2_Kompania_Grenadier_w,"15,-7",0,0,"26,6",24,False,False,N/A,N/A,N/A,"{'no_mp': True, 'no_fuel': True}"
2025-09-13T22:06:22.520860,NO_MOVEMENT_POINTS,Z_Pluton__2_Batalion_Wsparcia,"15,-7",0,0,"28,5",25,False,False,N/A,N/A,N/A,{'no_mp': True}
2025-09-13T22:06:22.521245,NO_FUEL,Z_Pluton__2_Batalion_Wsparcia,"15,-7",0,0,"28,5",25,False,False,N/A,N/A,N/A,"{'no_mp': True, 'no_fuel': True}"
2025-09-13T22:06:22.523764,NO_MOVEMENT_POINTS,P_Pluton__2_Kompania_Grenadier_w_20250913214010,"15,-7",0,0,"27,6",25,False,False,N/A,N/A,N/A,{'no_mp': True}
2025-09-13T22:06:22.527208,NO_FUEL,P_Pluton__2_Kompania_Grenadier_w_20250913214010,"15,-7",0,0,"27,6",25,False,False,N/A,N/A,N/A,"{'no_mp': True, 'no_fuel': True}"
2025-09-13T22:06:22.528219,INSUFFICIENT_SUPPORT,D_Pluton__2_Dow_dztwo_Einheit,"15,-7",N/A,N/A,N/A,N/A,N/A,N/A,0,100,4,"{'enemies_list': [], 'units_found': 0, 'units_needed': 2, 'shortage': 2}"
2025-09-13T22:06:22.685728,NO_MOVEMENT_POINTS,P_Pluton__5_Infanterie_Regiment,"45,-15",0,0,"36,-15",9,False,False,N/A,N/A,N/A,{'no_mp': True}
2025-09-13T22:06:22.685728,NO_FUEL,P_Pluton__5_Infanterie_Regiment,"45,-15",0,0,"36,-15",9,False,False,N/A,N/A,N/A,"{'no_mp': True, 'no_fuel': True}"
2025-09-13T22:06:22.685728,NO_MOVEMENT_POINTS,P_Kompania__5_Infanterie_Regiment,"45,-15",0,0,"36,-14",9,False,False,N/A,N/A,N/A,{'no_mp': True}
2025-09-13T22:06:22.691354,NO_FUEL,P_Kompania__5_Infanterie_Regiment,"45,-15",0,0,"36,-14",9,False,False,N/A,N/A,N/A,"{'no_mp': True, 'no_fuel': True}"
2025-09-13T22:06:22.693785,NO_MOVEMENT_POINTS,P_Pluton__5_Sch_tzen_Kompanie,"45,-15",0,0,"37,-15",8,False,False,N/A,N/A,N/A,{'no_mp': True}
2025-09-13T22:06:22.694799,NO_FUEL,P_Pluton__5_Sch_tzen_Kompanie,"45,-15",0,0,"37,-15",8,False,False,N/A,N/A,N/A,"{'no_mp': True, 'no_fuel': True}"
2025-09-13T22:06:22.695903,NO_MOVEMENT_POINTS,AC_Kompania__5_schwere_Artillerie,"45,-15",0,0,"36,-16",10,False,False,N/A,N/A,N/A,{'no_mp': True}
2025-09-13T22:06:22.696925,NO_FUEL,AC_Kompania__5_schwere_Artillerie,"45,-15",0,0,"36,-16",10,False,False,N/A,N/A,N/A,"{'no_mp': True, 'no_fuel': True}"
2025-09-13T22:06:22.696925,NO_MOVEMENT_POINTS,AL_Batalion__5_Artillerie_Abteilung,"45,-15",0,0,"37,-17",10,False,False,N/A,N/A,N/A,{'no_mp': True}
2025-09-13T22:06:22.698247,NO_FUEL,AL_Batalion__5_Artillerie_Abteilung,"45,-15",0,0,"37,-17",10,False,False,N/A,N/A,N/A,"{'no_mp': True, 'no_fuel': True}"
2025-09-13T22:06:22.699473,INSUFFICIENT_SUPPORT,Z_Kompania__5_Unterst_tzungs_Bataillon,"45,-15",N/A,N/A,N/A,N/A,N/A,N/A,0,100,5,"{'enemies_list': [], 'units_found': 0, 'units_needed': 2, 'shortage': 2}"
2025-09-13T22:06:22.700478,NO_MOVEMENT_POINTS,P_Pluton__5_Infanterie_Regiment,"43,-14",0,0,"36,-15",8,False,False,N/A,N/A,N/A,{'no_mp': True}
2025-09-13T22:06:22.700478,NO_FUEL,P_Pluton__5_Infanterie_Regiment,"43,-14",0,0,"36,-15",8,False,False,N/A,N/A,N/A,"{'no_mp': True, 'no_fuel': True}"
2025-09-13T22:06:22.702716,NO_MOVEMENT_POINTS,P_Kompania__5_Infanterie_Regiment,"43,-14",0,0,"36,-14",7,False,False,N/A,N/A,N/A,{'no_mp': True}
2025-09-13T22:06:22.702716,NO_FUEL,P_Kompania__5_Infanterie_Regiment,"43,-14",0,0,"36,-14",7,False,False,N/A,N/A,N/A,"{'no_mp': True, 'no_fuel': True}"
2025-09-13T22:06:22.703724,NO_MOVEMENT_POINTS,P_Pluton__5_Sch_tzen_Kompanie,"43,-14",0,0,"37,-15",7,False,False,N/A,N/A,N/A,{'no_mp': True}
2025-09-13T22:06:22.704747,NO_FUEL,P_Pluton__5_Sch_tzen_Kompanie,"43,-14",0,0,"37,-15",7,False,False,N/A,N/A,N/A,"{'no_mp': True, 'no_fuel': True}"
2025-09-13T22:06:22.707935,NO_MOVEMENT_POINTS,AC_Kompania__5_schwere_Artillerie,"43,-14",0,0,"36,-16",9,False,False,N/A,N/A,N/A,{'no_mp': True}
2025-09-13T22:06:22.710165,NO_FUEL,AC_Kompania__5_schwere_Artillerie,"43,-14",0,0,"36,-16",9,False,False,N/A,N/A,N/A,"{'no_mp': True, 'no_fuel': True}"
2025-09-13T22:06:22.711166,NO_MOVEMENT_POINTS,AL_Batalion__5_Artillerie_Abteilung,"43,-14",0,0,"37,-17",9,False,False,N/A,N/A,N/A,{'no_mp': True}
2025-09-13T22:06:22.712441,NO_FUEL,AL_Batalion__5_Artillerie_Abteilung,"43,-14",0,0,"37,-17",9,False,False,N/A,N/A,N/A,"{'no_mp': True, 'no_fuel': True}"
2025-09-13T22:06:22.713432,INSUFFICIENT_SUPPORT,Z_Pluton__5_Versorgungs_Kompanie,"43,-14",N/A,N/A,N/A,N/A,N/A,N/A,0,150,5,"{'enemies_list': [], 'units_found': 0, 'units_needed': 2, 'shortage': 2}"
2025-09-13T22:06:22.713432,NO_MOVEMENT_POINTS,P_Pluton__5_Infanterie_Regiment,"52,-13",0,0,"36,-15",18,False,False,N/A,N/A,N/A,{'no_mp': True}
2025-09-13T22:06:22.715415,NO_FUEL,P_Pluton__5_Infanterie_Regiment,"52,-13",0,0,"36,-15",18,False,False,N/A,N/A,N/A,"{'no_mp': True, 'no_fuel': True}"
2025-09-13T22:06:22.716265,NO_MOVEMENT_POINTS,P_Kompania__5_Infanterie_Regiment,"52,-13",0,0,"36,-14",17,False,False,N/A,N/A,N/A,{'no_mp': True}
2025-09-13T22:06:22.717698,NO_FUEL,P_Kompania__5_Infanterie_Regiment,"52,-13",0,0,"36,-14",17,False,False,N/A,N/A,N/A,"{'no_mp': True, 'no_fuel': True}"
2025-09-13T22:06:22.717698,NO_MOVEMENT_POINTS,P_Pluton__5_Sch_tzen_Kompanie,"52,-13",0,0,"37,-15",17,False,False,N/A,N/A,N/A,{'no_mp': True}
2025-09-13T22:06:22.719045,NO_FUEL,P_Pluton__5_Sch_tzen_Kompanie,"52,-13",0,0,"37,-15",17,False,False,N/A,N/A,N/A,"{'no_mp': True, 'no_fuel': True}"
2025-09-13T22:06:22.720132,NO_MOVEMENT_POINTS,AC_Kompania__5_schwere_Artillerie,"52,-13",0,0,"36,-16",19,False,False,N/A,N/A,N/A,{'no_mp': True}
2025-09-13T22:06:22.720880,NO_FUEL,AC_Kompania__5_schwere_Artillerie,"52,-13",0,0,"36,-16",19,False,False,N/A,N/A,N/A,"{'no_mp': True, 'no_fuel': True}"
2025-09-13T22:06:22.723720,NO_MOVEMENT_POINTS,AL_Batalion__5_Artillerie_Abteilung,"52,-13",0,0,"37,-17",19,False,False,N/A,N/A,N/A,{'no_mp': True}
2025-09-13T22:06:22.724817,NO_FUEL,AL_Batalion__5_Artillerie_Abteilung,"52,-13",0,0,"37,-17",19,False,False,N/A,N/A,N/A,"{'no_mp': True, 'no_fuel': True}"
2025-09-13T22:06:22.727002,INSUFFICIENT_SUPPORT,Z_Pluton__5_Unterst_tzungs_Bataillon_20250913214038,"52,-13",N/A,N/A,N/A,N/A,N/A,N/A,0,100,5,"{'enemies_list': [], 'units_found': 0, 'units_needed': 2, 'shortage': 2}"
2025-09-13T22:06:22.920650,NO_MOVEMENT_POINTS,P_Batalion__2_Batalion_Strzelc_w_20250913214005,"28,3",0,0,"25,-9",15,False,False,N/A,N/A,N/A,{'no_mp': True}
2025-09-13T22:06:22.923539,NO_FUEL,P_Batalion__2_Batalion_Strzelc_w_20250913214005,"28,3",0,0,"25,-9",15,False,False,N/A,N/A,N/A,"{'no_mp': True, 'no_fuel': True}"
2025-09-13T22:06:22.927397,NO_MOVEMENT_POINTS,P_Pluton__2_Kompania_Grenadier_w,"28,3",0,0,"26,6",3,False,False,N/A,N/A,N/A,{'no_mp': True}
2025-09-13T22:06:22.928409,NO_FUEL,P_Pluton__2_Kompania_Grenadier_w,"28,3",0,0,"26,6",3,False,False,N/A,N/A,N/A,"{'no_mp': True, 'no_fuel': True}"
2025-09-13T22:06:22.928409,NO_MOVEMENT_POINTS,Z_Pluton__2_Batalion_Wsparcia,"28,3",0,0,"28,5",2,False,False,N/A,N/A,N/A,{'no_mp': True}
2025-09-13T22:06:22.929636,NO_FUEL,Z_Pluton__2_Batalion_Wsparcia,"28,3",0,0,"28,5",2,False,False,N/A,N/A,N/A,"{'no_mp': True, 'no_fuel': True}"
2025-09-13T22:06:22.930864,NO_MOVEMENT_POINTS,P_Pluton__2_Kompania_Grenadier_w_20250913214010,"28,3",0,0,"27,6",3,False,False,N/A,N/A,N/A,{'no_mp': True}
2025-09-13T22:06:22.930864,NO_FUEL,P_Pluton__2_Kompania_Grenadier_w_20250913214010,"28,3",0,0,"27,6",3,False,False,N/A,N/A,N/A,"{'no_mp': True, 'no_fuel': True}"
2025-09-13T22:06:22.932088,INSUFFICIENT_SUPPORT,P_Kompania__2_Pu_k_Piechoty,"28,3",N/A,N/A,N/A,N/A,N/A,N/A,0,75,4,"{'enemies_list': [], 'units_found': 0, 'units_needed': 1, 'shortage': 1}"
2025-09-13T22:06:22.933815,NO_MOVEMENT_POINTS,P_Batalion__2_Batalion_Strzelc_w_20250913214005,"27,4",0,0,"25,-9",15,False,False,N/A,N/A,N/A,{'no_mp': True}
2025-09-13T22:06:22.934837,NO_FUEL,P_Batalion__2_Batalion_Strzelc_w_20250913214005,"27,4",0,0,"25,-9",15,False,False,N/A,N/A,N/A,"{'no_mp': True, 'no_fuel': True}"
2025-09-13T22:06:22.935839,NO_MOVEMENT_POINTS,P_Pluton__2_Kompania_Grenadier_w,"27,4",0,0,"26,6",2,False,False,N/A,N/A,N/A,{'no_mp': True}
2025-09-13T22:06:22.937076,NO_FUEL,P_Pluton__2_Kompania_Grenadier_w,"27,4",0,0,"26,6",2,False,False,N/A,N/A,N/A,"{'no_mp': True, 'no_fuel': True}"
2025-09-13T22:06:22.937076,NO_MOVEMENT_POINTS,Z_Pluton__2_Batalion_Wsparcia,"27,4",0,0,"28,5",2,False,False,N/A,N/A,N/A,{'no_mp': True}
2025-09-13T22:06:22.940358,NO_FUEL,Z_Pluton__2_Batalion_Wsparcia,"27,4",0,0,"28,5",2,False,False,N/A,N/A,N/A,"{'no_mp': True, 'no_fuel': True}"
2025-09-13T22:06:22.942192,NO_MOVEMENT_POINTS,P_Pluton__2_Kompania_Grenadier_w_20250913214010,"27,4",0,0,"27,6",2,False,False,N/A,N/A,N/A,{'no_mp': True}
2025-09-13T22:06:22.943702,NO_FUEL,P_Pluton__2_Kompania_Grenadier_w_20250913214010,"27,4",0,0,"27,6",2,False,False,N/A,N/A,N/A,"{'no_mp': True, 'no_fuel': True}"
2025-09-13T22:06:22.945018,INSUFFICIENT_SUPPORT,Z_Pluton__2_Oddzia_Rozpoznawczy,"27,4",N/A,N/A,N/A,N/A,N/A,N/A,0,75,4,"{'enemies_list': [], 'units_found': 0, 'units_needed': 1, 'shortage': 1}"
2025-09-13T22:06:22.946143,NO_MOVEMENT_POINTS,P_Batalion__2_Batalion_Strzelc_w_20250913214005,"24,-7",0,0,"25,-9",2,False,False,N/A,N/A,N/A,{'no_mp': True}
2025-09-13T22:06:22.947155,NO_FUEL,P_Batalion__2_Batalion_Strzelc_w_20250913214005,"24,-7",0,0,"25,-9",2,False,False,N/A,N/A,N/A,"{'no_mp': True, 'no_fuel': True}"
2025-09-13T22:06:22.947155,NO_MOVEMENT_POINTS,P_Pluton__2_Kompania_Grenadier_w,"24,-7",0,0,"26,6",15,False,False,N/A,N/A,N/A,{'no_mp': True}
2025-09-13T22:06:22.948397,NO_FUEL,P_Pluton__2_Kompania_Grenadier_w,"24,-7",0,0,"26,6",15,False,False,N/A,N/A,N/A,"{'no_mp': True, 'no_fuel': True}"
2025-09-13T22:06:22.949549,NO_MOVEMENT_POINTS,Z_Pluton__2_Batalion_Wsparcia,"24,-7",0,0,"28,5",16,False,False,N/A,N/A,N/A,{'no_mp': True}
2025-09-13T22:06:22.950693,NO_FUEL,Z_Pluton__2_Batalion_Wsparcia,"24,-7",0,0,"28,5",16,False,False,N/A,N/A,N/A,"{'no_mp': True, 'no_fuel': True}"
2025-09-13T22:06:22.952102,NO_MOVEMENT_POINTS,P_Pluton__2_Kompania_Grenadier_w_20250913214010,"24,-7",0,0,"27,6",16,False,False,N/A,N/A,N/A,{'no_mp': True}
2025-09-13T22:06:22.952102,NO_FUEL,P_Pluton__2_Kompania_Grenadier_w_20250913214010,"24,-7",0,0,"27,6",16,False,False,N/A,N/A,N/A,"{'no_mp': True, 'no_fuel': True}"
2025-09-13T22:06:22.953609,INSUFFICIENT_SUPPORT,Z_Batalion__2_Kompania_Zaopatrzeniowa,"24,-7",N/A,N/A,N/A,N/A,N/A,N/A,0,50,4,"{'enemies_list': [], 'units_found': 0, 'units_needed': 1, 'shortage': 1}"
2025-09-13T22:06:22.954626,NO_MOVEMENT_POINTS,P_Batalion__2_Batalion_Strzelc_w_20250913214005,"15,-7",0,0,"25,-9",10,False,False,N/A,N/A,N/A,{'no_mp': True}
2025-09-13T22:06:22.957733,NO_FUEL,P_Batalion__2_Batalion_Strzelc_w_20250913214005,"15,-7",0,0,"25,-9",10,False,False,N/A,N/A,N/A,"{'no_mp': True, 'no_fuel': True}"
2025-09-13T22:06:22.959694,NO_MOVEMENT_POINTS,P_Pluton__2_Kompania_Grenadier_w,"15,-7",0,0,"26,6",24,False,False,N/A,N/A,N/A,{'no_mp': True}
2025-09-13T22:06:22.961150,NO_FUEL,P_Pluton__2_Kompania_Grenadier_w,"15,-7",0,0,"26,6",24,False,False,N/A,N/A,N/A,"{'no_mp': True, 'no_fuel': True}"
2025-09-13T22:06:22.961150,NO_MOVEMENT_POINTS,Z_Pluton__2_Batalion_Wsparcia,"15,-7",0,0,"28,5",25,False,False,N/A,N/A,N/A,{'no_mp': True}
2025-09-13T22:06:22.962354,NO_FUEL,Z_Pluton__2_Batalion_Wsparcia,"15,-7",0,0,"28,5",25,False,False,N/A,N/A,N/A,"{'no_mp': True, 'no_fuel': True}"
2025-09-13T22:06:22.963351,NO_MOVEMENT_POINTS,P_Pluton__2_Kompania_Grenadier_w_20250913214010,"15,-7",0,0,"27,6",25,False,False,N/A,N/A,N/A,{'no_mp': True}
2025-09-13T22:06:22.964441,NO_FUEL,P_Pluton__2_Kompania_Grenadier_w_20250913214010,"15,-7",0,0,"27,6",25,False,False,N/A,N/A,N/A,"{'no_mp': True, 'no_fuel': True}"
2025-09-13T22:06:22.965546,INSUFFICIENT_SUPPORT,D_Pluton__2_Dow_dztwo_Einheit,"15,-7",N/A,N/A,N/A,N/A,N/A,N/A,0,100,4,"{'enemies_list': [], 'units_found': 0, 'units_needed': 2, 'shortage': 2}"
2025-09-13T22:06:23.103538,NO_MOVEMENT_POINTS,P_Pluton__5_Infanterie_Regiment,"45,-15",0,0,"36,-15",9,False,False,N/A,N/A,N/A,{'no_mp': True}
2025-09-13T22:06:23.104557,NO_FUEL,P_Pluton__5_Infanterie_Regiment,"45,-15",0,0,"36,-15",9,False,False,N/A,N/A,N/A,"{'no_mp': True, 'no_fuel': True}"
2025-09-13T22:06:23.105692,NO_MOVEMENT_POINTS,P_Kompania__5_Infanterie_Regiment,"45,-15",0,0,"36,-14",9,False,False,N/A,N/A,N/A,{'no_mp': True}
2025-09-13T22:06:23.108772,NO_FUEL,P_Kompania__5_Infanterie_Regiment,"45,-15",0,0,"36,-14",9,False,False,N/A,N/A,N/A,"{'no_mp': True, 'no_fuel': True}"
2025-09-13T22:06:23.111272,NO_MOVEMENT_POINTS,P_Pluton__5_Sch_tzen_Kompanie,"45,-15",0,0,"37,-15",8,False,False,N/A,N/A,N/A,{'no_mp': True}
2025-09-13T22:06:23.112270,NO_FUEL,P_Pluton__5_Sch_tzen_Kompanie,"45,-15",0,0,"37,-15",8,False,False,N/A,N/A,N/A,"{'no_mp': True, 'no_fuel': True}"
2025-09-13T22:06:23.113267,NO_MOVEMENT_POINTS,AC_Kompania__5_schwere_Artillerie,"45,-15",0,0,"36,-16",10,False,False,N/A,N/A,N/A,{'no_mp': True}
2025-09-13T22:06:23.114302,NO_FUEL,AC_Kompania__5_schwere_Artillerie,"45,-15",0,0,"36,-16",10,False,False,N/A,N/A,N/A,"{'no_mp': True, 'no_fuel': True}"
2025-09-13T22:06:23.114302,NO_MOVEMENT_POINTS,AL_Batalion__5_Artillerie_Abteilung,"45,-15",0,0,"37,-17",10,False,False,N/A,N/A,N/A,{'no_mp': True}
2025-09-13T22:06:23.115315,NO_FUEL,AL_Batalion__5_Artillerie_Abteilung,"45,-15",0,0,"37,-17",10,False,False,N/A,N/A,N/A,"{'no_mp': True, 'no_fuel': True}"
2025-09-13T22:06:23.116615,INSUFFICIENT_SUPPORT,Z_Kompania__5_Unterst_tzungs_Bataillon,"45,-15",N/A,N/A,N/A,N/A,N/A,N/A,0,100,5,"{'enemies_list': [], 'units_found': 0, 'units_needed': 2, 'shortage': 2}"
2025-09-13T22:06:23.116615,NO_MOVEMENT_POINTS,P_Pluton__5_Infanterie_Regiment,"43,-14",0,0,"36,-15",8,False,False,N/A,N/A,N/A,{'no_mp': True}
2025-09-13T22:06:23.116615,NO_FUEL,P_Pluton__5_Infanterie_Regiment,"43,-14",0,0,"36,-15",8,False,False,N/A,N/A,N/A,"{'no_mp': True, 'no_fuel': True}"
2025-09-13T22:06:23.116615,NO_MOVEMENT_POINTS,P_Kompania__5_Infanterie_Regiment,"43,-14",0,0,"36,-14",7,False,False,N/A,N/A,N/A,{'no_mp': True}
2025-09-13T22:06:23.116615,NO_FUEL,P_Kompania__5_Infanterie_Regiment,"43,-14",0,0,"36,-14",7,False,False,N/A,N/A,N/A,"{'no_mp': True, 'no_fuel': True}"
2025-09-13T22:06:23.121031,NO_MOVEMENT_POINTS,P_Pluton__5_Sch_tzen_Kompanie,"43,-14",0,0,"37,-15",7,False,False,N/A,N/A,N/A,{'no_mp': True}
2025-09-13T22:06:23.122042,NO_FUEL,P_Pluton__5_Sch_tzen_Kompanie,"43,-14",0,0,"37,-15",7,False,False,N/A,N/A,N/A,"{'no_mp': True, 'no_fuel': True}"
2025-09-13T22:06:23.125542,NO_MOVEMENT_POINTS,AC_Kompania__5_schwere_Artillerie,"43,-14",0,0,"36,-16",9,False,False,N/A,N/A,N/A,{'no_mp': True}
2025-09-13T22:06:23.127397,NO_FUEL,AC_Kompania__5_schwere_Artillerie,"43,-14",0,0,"36,-16",9,False,False,N/A,N/A,N/A,"{'no_mp': True, 'no_fuel': True}"
2025-09-13T22:06:23.128395,NO_MOVEMENT_POINTS,AL_Batalion__5_Artillerie_Abteilung,"43,-14",0,0,"37,-17",9,False,False,N/A,N/A,N/A,{'no_mp': True}
2025-09-13T22:06:23.129632,NO_FUEL,AL_Batalion__5_Artillerie_Abteilung,"43,-14",0,0,"37,-17",9,False,False,N/A,N/A,N/A,"{'no_mp': True, 'no_fuel': True}"
2025-09-13T22:06:23.129632,INSUFFICIENT_SUPPORT,Z_Pluton__5_Versorgungs_Kompanie,"43,-14",N/A,N/A,N/A,N/A,N/A,N/A,0,150,5,"{'enemies_list': [], 'units_found': 0, 'units_needed': 2, 'shortage': 2}"
2025-09-13T22:06:23.130861,NO_MOVEMENT_POINTS,P_Pluton__5_Infanterie_Regiment,"52,-13",0,0,"36,-15",18,False,False,N/A,N/A,N/A,{'no_mp': True}
2025-09-13T22:06:23.131867,NO_FUEL,P_Pluton__5_Infanterie_Regiment,"52,-13",0,0,"36,-15",18,False,False,N/A,N/A,N/A,"{'no_mp': True, 'no_fuel': True}"
2025-09-13T22:06:23.133149,NO_MOVEMENT_POINTS,P_Kompania__5_Infanterie_Regiment,"52,-13",0,0,"36,-14",17,False,False,N/A,N/A,N/A,{'no_mp': True}
2025-09-13T22:06:23.134019,NO_FUEL,P_Kompania__5_Infanterie_Regiment,"52,-13",0,0,"36,-14",17,False,False,N/A,N/A,N/A,"{'no_mp': True, 'no_fuel': True}"
2025-09-13T22:06:23.135017,NO_MOVEMENT_POINTS,P_Pluton__5_Sch_tzen_Kompanie,"52,-13",0,0,"37,-15",17,False,False,N/A,N/A,N/A,{'no_mp': True}
2025-09-13T22:06:23.136174,NO_FUEL,P_Pluton__5_Sch_tzen_Kompanie,"52,-13",0,0,"37,-15",17,False,False,N/A,N/A,N/A,"{'no_mp': True, 'no_fuel': True}"
2025-09-13T22:06:23.136174,NO_MOVEMENT_POINTS,AC_Kompania__5_schwere_Artillerie,"52,-13",0,0,"36,-16",19,False,False,N/A,N/A,N/A,{'no_mp': True}
2025-09-13T22:06:23.137490,NO_FUEL,AC_Kompania__5_schwere_Artillerie,"52,-13",0,0,"36,-16",19,False,False,N/A,N/A,N/A,"{'no_mp': True, 'no_fuel': True}"
2025-09-13T22:06:23.138490,NO_MOVEMENT_POINTS,AL_Batalion__5_Artillerie_Abteilung,"52,-13",0,0,"37,-17",19,False,False,N/A,N/A,N/A,{'no_mp': True}
2025-09-13T22:06:23.140730,NO_FUEL,AL_Batalion__5_Artillerie_Abteilung,"52,-13",0,0,"37,-17",19,False,False,N/A,N/A,N/A,"{'no_mp': True, 'no_fuel': True}"
2025-09-13T22:06:23.143246,INSUFFICIENT_SUPPORT,Z_Pluton__5_Unterst_tzungs_Bataillon_20250913214038,"52,-13",N/A,N/A,N/A,N/A,N/A,N/A,0,100,5,"{'enemies_list': [], 'units_found': 0, 'units_needed': 2, 'shortage': 2}"
2025-09-13T22:06:23.339735,NO_MOVEMENT_POINTS,P_Batalion__2_Batalion_Strzelc_w_20250913214005,"28,3",0,0,"25,-9",15,False,False,N/A,N/A,N/A,{'no_mp': True}
2025-09-13T22:06:23.343031,NO_FUEL,P_Batalion__2_Batalion_Strzelc_w_20250913214005,"28,3",0,0,"25,-9",15,False,False,N/A,N/A,N/A,"{'no_mp': True, 'no_fuel': True}"
2025-09-13T22:06:23.343946,NO_MOVEMENT_POINTS,P_Pluton__2_Kompania_Grenadier_w,"28,3",0,0,"26,6",3,False,False,N/A,N/A,N/A,{'no_mp': True}
2025-09-13T22:06:23.343946,NO_FUEL,P_Pluton__2_Kompania_Grenadier_w,"28,3",0,0,"26,6",3,False,False,N/A,N/A,N/A,"{'no_mp': True, 'no_fuel': True}"
2025-09-13T22:06:23.343946,NO_MOVEMENT_POINTS,Z_Pluton__2_Batalion_Wsparcia,"28,3",0,0,"28,5",2,False,False,N/A,N/A,N/A,{'no_mp': True}
2025-09-13T22:06:23.343946,NO_FUEL,Z_Pluton__2_Batalion_Wsparcia,"28,3",0,0,"28,5",2,False,False,N/A,N/A,N/A,"{'no_mp': True, 'no_fuel': True}"
2025-09-13T22:06:23.343946,NO_MOVEMENT_POINTS,P_Pluton__2_Kompania_Grenadier_w_20250913214010,"28,3",0,0,"27,6",3,False,False,N/A,N/A,N/A,{'no_mp': True}
2025-09-13T22:06:23.343946,NO_FUEL,P_Pluton__2_Kompania_Grenadier_w_20250913214010,"28,3",0,0,"27,6",3,False,False,N/A,N/A,N/A,"{'no_mp': True, 'no_fuel': True}"
2025-09-13T22:06:23.343946,INSUFFICIENT_SUPPORT,P_Kompania__2_Pu_k_Piechoty,"28,3",N/A,N/A,N/A,N/A,N/A,N/A,0,75,4,"{'enemies_list': [], 'units_found': 0, 'units_needed': 1, 'shortage': 1}"
2025-09-13T22:06:23.350865,NO_MOVEMENT_POINTS,P_Batalion__2_Batalion_Strzelc_w_20250913214005,"27,4",0,0,"25,-9",15,False,False,N/A,N/A,N/A,{'no_mp': True}
2025-09-13T22:06:23.351878,NO_FUEL,P_Batalion__2_Batalion_Strzelc_w_20250913214005,"27,4",0,0,"25,-9",15,False,False,N/A,N/A,N/A,"{'no_mp': True, 'no_fuel': True}"
2025-09-13T22:06:23.351878,NO_MOVEMENT_POINTS,P_Pluton__2_Kompania_Grenadier_w,"27,4",0,0,"26,6",2,False,False,N/A,N/A,N/A,{'no_mp': True}
2025-09-13T22:06:23.353385,NO_FUEL,P_Pluton__2_Kompania_Grenadier_w,"27,4",0,0,"26,6",2,False,False,N/A,N/A,N/A,"{'no_mp': True, 'no_fuel': True}"
2025-09-13T22:06:23.353385,NO_MOVEMENT_POINTS,Z_Pluton__2_Batalion_Wsparcia,"27,4",0,0,"28,5",2,False,False,N/A,N/A,N/A,{'no_mp': True}
2025-09-13T22:06:23.354994,NO_FUEL,Z_Pluton__2_Batalion_Wsparcia,"27,4",0,0,"28,5",2,False,False,N/A,N/A,N/A,"{'no_mp': True, 'no_fuel': True}"
2025-09-13T22:06:23.356459,NO_MOVEMENT_POINTS,P_Pluton__2_Kompania_Grenadier_w_20250913214010,"27,4",0,0,"27,6",2,False,False,N/A,N/A,N/A,{'no_mp': True}
2025-09-13T22:06:23.360578,NO_FUEL,P_Pluton__2_Kompania_Grenadier_w_20250913214010,"27,4",0,0,"27,6",2,False,False,N/A,N/A,N/A,"{'no_mp': True, 'no_fuel': True}"
2025-09-13T22:06:23.362276,INSUFFICIENT_SUPPORT,Z_Pluton__2_Oddzia_Rozpoznawczy,"27,4",N/A,N/A,N/A,N/A,N/A,N/A,0,75,4,"{'enemies_list': [], 'units_found': 0, 'units_needed': 1, 'shortage': 1}"
2025-09-13T22:06:23.363281,NO_MOVEMENT_POINTS,P_Batalion__2_Batalion_Strzelc_w_20250913214005,"24,-7",0,0,"25,-9",2,False,False,N/A,N/A,N/A,{'no_mp': True}
2025-09-13T22:06:23.363281,NO_FUEL,P_Batalion__2_Batalion_Strzelc_w_20250913214005,"24,-7",0,0,"25,-9",2,False,False,N/A,N/A,N/A,"{'no_mp': True, 'no_fuel': True}"
2025-09-13T22:06:23.364778,NO_MOVEMENT_POINTS,P_Pluton__2_Kompania_Grenadier_w,"24,-7",0,0,"26,6",15,False,False,N/A,N/A,N/A,{'no_mp': True}
2025-09-13T22:06:23.365818,NO_FUEL,P_Pluton__2_Kompania_Grenadier_w,"24,-7",0,0,"26,6",15,False,False,N/A,N/A,N/A,"{'no_mp': True, 'no_fuel': True}"
2025-09-13T22:06:23.366890,NO_MOVEMENT_POINTS,Z_Pluton__2_Batalion_Wsparcia,"24,-7",0,0,"28,5",16,False,False,N/A,N/A,N/A,{'no_mp': True}
2025-09-13T22:06:23.368080,NO_FUEL,Z_Pluton__2_Batalion_Wsparcia,"24,-7",0,0,"28,5",16,False,False,N/A,N/A,N/A,"{'no_mp': True, 'no_fuel': True}"
2025-09-13T22:06:23.368080,NO_MOVEMENT_POINTS,P_Pluton__2_Kompania_Grenadier_w_20250913214010,"24,-7",0,0,"27,6",16,False,False,N/A,N/A,N/A,{'no_mp': True}
2025-09-13T22:06:23.369084,NO_FUEL,P_Pluton__2_Kompania_Grenadier_w_20250913214010,"24,-7",0,0,"27,6",16,False,False,N/A,N/A,N/A,"{'no_mp': True, 'no_fuel': True}"
2025-09-13T22:06:23.370441,INSUFFICIENT_SUPPORT,Z_Batalion__2_Kompania_Zaopatrzeniowa,"24,-7",N/A,N/A,N/A,N/A,N/A,N/A,0,50,4,"{'enemies_list': [], 'units_found': 0, 'units_needed': 1, 'shortage': 1}"
2025-09-13T22:06:23.370441,NO_MOVEMENT_POINTS,P_Batalion__2_Batalion_Strzelc_w_20250913214005,"15,-7",0,0,"25,-9",10,False,False,N/A,N/A,N/A,{'no_mp': True}
2025-09-13T22:06:23.371846,NO_FUEL,P_Batalion__2_Batalion_Strzelc_w_20250913214005,"15,-7",0,0,"25,-9",10,False,False,N/A,N/A,N/A,"{'no_mp': True, 'no_fuel': True}"
2025-09-13T22:06:23.375389,NO_MOVEMENT_POINTS,P_Pluton__2_Kompania_Grenadier_w,"15,-7",0,0,"26,6",24,False,False,N/A,N/A,N/A,{'no_mp': True}
2025-09-13T22:06:23.377388,NO_FUEL,P_Pluton__2_Kompania_Grenadier_w,"15,-7",0,0,"26,6",24,False,False,N/A,N/A,N/A,"{'no_mp': True, 'no_fuel': True}"
2025-09-13T22:06:23.377388,NO_MOVEMENT_POINTS,Z_Pluton__2_Batalion_Wsparcia,"15,-7",0,0,"28,5",25,False,False,N/A,N/A,N/A,{'no_mp': True}
2025-09-13T22:06:23.378837,NO_FUEL,Z_Pluton__2_Batalion_Wsparcia,"15,-7",0,0,"28,5",25,False,False,N/A,N/A,N/A,"{'no_mp': True, 'no_fuel': True}"
2025-09-13T22:06:23.380111,NO_MOVEMENT_POINTS,P_Pluton__2_Kompania_Grenadier_w_20250913214010,"15,-7",0,0,"27,6",25,False,False,N/A,N/A,N/A,{'no_mp': True}
2025-09-13T22:06:23.380111,NO_FUEL,P_Pluton__2_Kompania_Grenadier_w_20250913214010,"15,-7",0,0,"27,6",25,False,False,N/A,N/A,N/A,"{'no_mp': True, 'no_fuel': True}"
2025-09-13T22:06:23.381548,INSUFFICIENT_SUPPORT,D_Pluton__2_Dow_dztwo_Einheit,"15,-7",N/A,N/A,N/A,N/A,N/A,N/A,0,100,4,"{'enemies_list': [], 'units_found': 0, 'units_needed': 2, 'shortage': 2}"
2025-09-13T22:06:23.515588,NO_MOVEMENT_POINTS,P_Pluton__5_Infanterie_Regiment,"45,-15",0,0,"36,-15",9,False,False,N/A,N/A,N/A,{'no_mp': True}
2025-09-13T22:06:23.515588,NO_FUEL,P_Pluton__5_Infanterie_Regiment,"45,-15",0,0,"36,-15",9,False,False,N/A,N/A,N/A,"{'no_mp': True, 'no_fuel': True}"
2025-09-13T22:06:23.516591,NO_MOVEMENT_POINTS,P_Kompania__5_Infanterie_Regiment,"45,-15",0,0,"36,-14",9,False,False,N/A,N/A,N/A,{'no_mp': True}
2025-09-13T22:06:23.516591,NO_FUEL,P_Kompania__5_Infanterie_Regiment,"45,-15",0,0,"36,-14",9,False,False,N/A,N/A,N/A,"{'no_mp': True, 'no_fuel': True}"
2025-09-13T22:06:23.516591,NO_MOVEMENT_POINTS,P_Pluton__5_Sch_tzen_Kompanie,"45,-15",0,0,"37,-15",8,False,False,N/A,N/A,N/A,{'no_mp': True}
2025-09-13T22:06:23.519615,NO_FUEL,P_Pluton__5_Sch_tzen_Kompanie,"45,-15",0,0,"37,-15",8,False,False,N/A,N/A,N/A,"{'no_mp': True, 'no_fuel': True}"
2025-09-13T22:06:23.520631,NO_MOVEMENT_POINTS,AC_Kompania__5_schwere_Artillerie,"45,-15",0,0,"36,-16",10,False,False,N/A,N/A,N/A,{'no_mp': True}
2025-09-13T22:06:23.521635,NO_FUEL,AC_Kompania__5_schwere_Artillerie,"45,-15",0,0,"36,-16",10,False,False,N/A,N/A,N/A,"{'no_mp': True, 'no_fuel': True}"
2025-09-13T22:06:23.522733,NO_MOVEMENT_POINTS,AL_Batalion__5_Artillerie_Abteilung,"45,-15",0,0,"37,-17",10,False,False,N/A,N/A,N/A,{'no_mp': True}
2025-09-13T22:06:23.523237,NO_FUEL,AL_Batalion__5_Artillerie_Abteilung,"45,-15",0,0,"37,-17",10,False,False,N/A,N/A,N/A,"{'no_mp': True, 'no_fuel': True}"
2025-09-13T22:06:23.528977,INSUFFICIENT_SUPPORT,Z_Kompania__5_Unterst_tzungs_Bataillon,"45,-15",N/A,N/A,N/A,N/A,N/A,N/A,0,100,5,"{'enemies_list': [], 'units_found': 0, 'units_needed': 2, 'shortage': 2}"
2025-09-13T22:06:23.529871,NO_MOVEMENT_POINTS,P_Pluton__5_Infanterie_Regiment,"43,-14",0,0,"36,-15",8,False,False,N/A,N/A,N/A,{'no_mp': True}
2025-09-13T22:06:23.530966,NO_FUEL,P_Pluton__5_Infanterie_Regiment,"43,-14",0,0,"36,-15",8,False,False,N/A,N/A,N/A,"{'no_mp': True, 'no_fuel': True}"
2025-09-13T22:06:23.531987,NO_MOVEMENT_POINTS,P_Kompania__5_Infanterie_Regiment,"43,-14",0,0,"36,-14",7,False,False,N/A,N/A,N/A,{'no_mp': True}
2025-09-13T22:06:23.533152,NO_FUEL,P_Kompania__5_Infanterie_Regiment,"43,-14",0,0,"36,-14",7,False,False,N/A,N/A,N/A,"{'no_mp': True, 'no_fuel': True}"
2025-09-13T22:06:23.534051,NO_MOVEMENT_POINTS,P_Pluton__5_Sch_tzen_Kompanie,"43,-14",0,0,"37,-15",7,False,False,N/A,N/A,N/A,{'no_mp': True}
2025-09-13T22:06:23.535181,NO_FUEL,P_Pluton__5_Sch_tzen_Kompanie,"43,-14",0,0,"37,-15",7,False,False,N/A,N/A,N/A,"{'no_mp': True, 'no_fuel': True}"
2025-09-13T22:06:23.536197,NO_MOVEMENT_POINTS,AC_Kompania__5_schwere_Artillerie,"43,-14",0,0,"36,-16",9,False,False,N/A,N/A,N/A,{'no_mp': True}
2025-09-13T22:06:23.537207,NO_FUEL,AC_Kompania__5_schwere_Artillerie,"43,-14",0,0,"36,-16",9,False,False,N/A,N/A,N/A,"{'no_mp': True, 'no_fuel': True}"
2025-09-13T22:06:23.537207,NO_MOVEMENT_POINTS,AL_Batalion__5_Artillerie_Abteilung,"43,-14",0,0,"37,-17",9,False,False,N/A,N/A,N/A,{'no_mp': True}
2025-09-13T22:06:23.538427,NO_FUEL,AL_Batalion__5_Artillerie_Abteilung,"43,-14",0,0,"37,-17",9,False,False,N/A,N/A,N/A,"{'no_mp': True, 'no_fuel': True}"
2025-09-13T22:06:23.541383,INSUFFICIENT_SUPPORT,Z_Pluton__5_Versorgungs_Kompanie,"43,-14",N/A,N/A,N/A,N/A,N/A,N/A,0,150,5,"{'enemies_list': [], 'units_found': 0, 'units_needed': 2, 'shortage': 2}"
2025-09-13T22:06:23.544583,NO_MOVEMENT_POINTS,P_Pluton__5_Infanterie_Regiment,"52,-13",0,0,"36,-15",18,False,False,N/A,N/A,N/A,{'no_mp': True}
2025-09-13T22:06:23.545594,NO_FUEL,P_Pluton__5_Infanterie_Regiment,"52,-13",0,0,"36,-15",18,False,False,N/A,N/A,N/A,"{'no_mp': True, 'no_fuel': True}"
2025-09-13T22:06:23.545594,NO_MOVEMENT_POINTS,P_Kompania__5_Infanterie_Regiment,"52,-13",0,0,"36,-14",17,False,False,N/A,N/A,N/A,{'no_mp': True}
2025-09-13T22:06:23.545594,NO_FUEL,P_Kompania__5_Infanterie_Regiment,"52,-13",0,0,"36,-14",17,False,False,N/A,N/A,N/A,"{'no_mp': True, 'no_fuel': True}"
2025-09-13T22:06:23.545594,NO_MOVEMENT_POINTS,P_Pluton__5_Sch_tzen_Kompanie,"52,-13",0,0,"37,-15",17,False,False,N/A,N/A,N/A,{'no_mp': True}
2025-09-13T22:06:23.545594,NO_FUEL,P_Pluton__5_Sch_tzen_Kompanie,"52,-13",0,0,"37,-15",17,False,False,N/A,N/A,N/A,"{'no_mp': True, 'no_fuel': True}"
2025-09-13T22:06:23.549443,NO_MOVEMENT_POINTS,AC_Kompania__5_schwere_Artillerie,"52,-13",0,0,"36,-16",19,False,False,N/A,N/A,N/A,{'no_mp': True}
2025-09-13T22:06:23.550454,NO_FUEL,AC_Kompania__5_schwere_Artillerie,"52,-13",0,0,"36,-16",19,False,False,N/A,N/A,N/A,"{'no_mp': True, 'no_fuel': True}"
2025-09-13T22:06:23.551487,NO_MOVEMENT_POINTS,AL_Batalion__5_Artillerie_Abteilung,"52,-13",0,0,"37,-17",19,False,False,N/A,N/A,N/A,{'no_mp': True}
2025-09-13T22:06:23.552623,NO_FUEL,AL_Batalion__5_Artillerie_Abteilung,"52,-13",0,0,"37,-17",19,False,False,N/A,N/A,N/A,"{'no_mp': True, 'no_fuel': True}"
2025-09-13T22:06:23.552623,INSUFFICIENT_SUPPORT,Z_Pluton__5_Unterst_tzungs_Bataillon_20250913214038,"52,-13",N/A,N/A,N/A,N/A,N/A,N/A,0,100,5,"{'enemies_list': [], 'units_found': 0, 'units_needed': 2, 'shortage': 2}"
2025-09-13T22:06:23.749025,NO_MOVEMENT_POINTS,P_Batalion__2_Batalion_Strzelc_w_20250913214005,"28,3",0,0,"25,-9",15,False,False,N/A,N/A,N/A,{'no_mp': True}
2025-09-13T22:06:23.749025,NO_FUEL,P_Batalion__2_Batalion_Strzelc_w_20250913214005,"28,3",0,0,"25,-9",15,False,False,N/A,N/A,N/A,"{'no_mp': True, 'no_fuel': True}"
2025-09-13T22:06:23.751166,NO_MOVEMENT_POINTS,P_Pluton__2_Kompania_Grenadier_w,"28,3",0,0,"26,6",3,False,False,N/A,N/A,N/A,{'no_mp': True}
2025-09-13T22:06:23.752165,NO_FUEL,P_Pluton__2_Kompania_Grenadier_w,"28,3",0,0,"26,6",3,False,False,N/A,N/A,N/A,"{'no_mp': True, 'no_fuel': True}"
2025-09-13T22:06:23.752165,NO_MOVEMENT_POINTS,Z_Pluton__2_Batalion_Wsparcia,"28,3",0,0,"28,5",2,False,False,N/A,N/A,N/A,{'no_mp': True}
2025-09-13T22:06:23.753673,NO_FUEL,Z_Pluton__2_Batalion_Wsparcia,"28,3",0,0,"28,5",2,False,False,N/A,N/A,N/A,"{'no_mp': True, 'no_fuel': True}"
2025-09-13T22:06:23.754828,NO_MOVEMENT_POINTS,P_Pluton__2_Kompania_Grenadier_w_20250913214010,"28,3",0,0,"27,6",3,False,False,N/A,N/A,N/A,{'no_mp': True}
2025-09-13T22:06:23.754828,NO_FUEL,P_Pluton__2_Kompania_Grenadier_w_20250913214010,"28,3",0,0,"27,6",3,False,False,N/A,N/A,N/A,"{'no_mp': True, 'no_fuel': True}"
2025-09-13T22:06:23.758237,INSUFFICIENT_SUPPORT,P_Kompania__2_Pu_k_Piechoty,"28,3",N/A,N/A,N/A,N/A,N/A,N/A,0,75,4,"{'enemies_list': [], 'units_found': 0, 'units_needed': 1, 'shortage': 1}"
2025-09-13T22:06:23.760514,NO_MOVEMENT_POINTS,P_Batalion__2_Batalion_Strzelc_w_20250913214005,"27,4",0,0,"25,-9",15,False,False,N/A,N/A,N/A,{'no_mp': True}
2025-09-13T22:06:23.762393,NO_FUEL,P_Batalion__2_Batalion_Strzelc_w_20250913214005,"27,4",0,0,"25,-9",15,False,False,N/A,N/A,N/A,"{'no_mp': True, 'no_fuel': True}"
2025-09-13T22:06:23.763717,NO_MOVEMENT_POINTS,P_Pluton__2_Kompania_Grenadier_w,"27,4",0,0,"26,6",2,False,False,N/A,N/A,N/A,{'no_mp': True}
2025-09-13T22:06:23.764739,NO_FUEL,P_Pluton__2_Kompania_Grenadier_w,"27,4",0,0,"26,6",2,False,False,N/A,N/A,N/A,"{'no_mp': True, 'no_fuel': True}"
2025-09-13T22:06:23.764739,NO_MOVEMENT_POINTS,Z_Pluton__2_Batalion_Wsparcia,"27,4",0,0,"28,5",2,False,False,N/A,N/A,N/A,{'no_mp': True}
2025-09-13T22:06:23.765744,NO_FUEL,Z_Pluton__2_Batalion_Wsparcia,"27,4",0,0,"28,5",2,False,False,N/A,N/A,N/A,"{'no_mp': True, 'no_fuel': True}"
2025-09-13T22:06:23.766751,NO_MOVEMENT_POINTS,P_Pluton__2_Kompania_Grenadier_w_20250913214010,"27,4",0,0,"27,6",2,False,False,N/A,N/A,N/A,{'no_mp': True}
2025-09-13T22:06:23.767893,NO_FUEL,P_Pluton__2_Kompania_Grenadier_w_20250913214010,"27,4",0,0,"27,6",2,False,False,N/A,N/A,N/A,"{'no_mp': True, 'no_fuel': True}"
2025-09-13T22:06:23.769562,INSUFFICIENT_SUPPORT,Z_Pluton__2_Oddzia_Rozpoznawczy,"27,4",N/A,N/A,N/A,N/A,N/A,N/A,0,75,4,"{'enemies_list': [], 'units_found': 0, 'units_needed': 1, 'shortage': 1}"
2025-09-13T22:06:23.770566,NO_MOVEMENT_POINTS,P_Batalion__2_Batalion_Strzelc_w_20250913214005,"24,-7",0,0,"25,-9",2,False,False,N/A,N/A,N/A,{'no_mp': True}
2025-09-13T22:06:23.771600,NO_FUEL,P_Batalion__2_Batalion_Strzelc_w_20250913214005,"24,-7",0,0,"25,-9",2,False,False,N/A,N/A,N/A,"{'no_mp': True, 'no_fuel': True}"
2025-09-13T22:06:23.771600,NO_MOVEMENT_POINTS,P_Pluton__2_Kompania_Grenadier_w,"24,-7",0,0,"26,6",15,False,False,N/A,N/A,N/A,{'no_mp': True}
2025-09-13T22:06:23.772716,NO_FUEL,P_Pluton__2_Kompania_Grenadier_w,"24,-7",0,0,"26,6",15,False,False,N/A,N/A,N/A,"{'no_mp': True, 'no_fuel': True}"
2025-09-13T22:06:23.776031,NO_MOVEMENT_POINTS,Z_Pluton__2_Batalion_Wsparcia,"24,-7",0,0,"28,5",16,False,False,N/A,N/A,N/A,{'no_mp': True}
2025-09-13T22:06:23.777730,NO_FUEL,Z_Pluton__2_Batalion_Wsparcia,"24,-7",0,0,"28,5",16,False,False,N/A,N/A,N/A,"{'no_mp': True, 'no_fuel': True}"
2025-09-13T22:06:23.779134,NO_MOVEMENT_POINTS,P_Pluton__2_Kompania_Grenadier_w_20250913214010,"24,-7",0,0,"27,6",16,False,False,N/A,N/A,N/A,{'no_mp': True}
2025-09-13T22:06:23.780137,NO_FUEL,P_Pluton__2_Kompania_Grenadier_w_20250913214010,"24,-7",0,0,"27,6",16,False,False,N/A,N/A,N/A,"{'no_mp': True, 'no_fuel': True}"
2025-09-13T22:06:23.780137,INSUFFICIENT_SUPPORT,Z_Batalion__2_Kompania_Zaopatrzeniowa,"24,-7",N/A,N/A,N/A,N/A,N/A,N/A,0,50,4,"{'enemies_list': [], 'units_found': 0, 'units_needed': 1, 'shortage': 1}"
2025-09-13T22:06:23.781325,NO_MOVEMENT_POINTS,P_Batalion__2_Batalion_Strzelc_w_20250913214005,"15,-7",0,0,"25,-9",10,False,False,N/A,N/A,N/A,{'no_mp': True}
2025-09-13T22:06:23.783407,NO_FUEL,P_Batalion__2_Batalion_Strzelc_w_20250913214005,"15,-7",0,0,"25,-9",10,False,False,N/A,N/A,N/A,"{'no_mp': True, 'no_fuel': True}"
2025-09-13T22:06:23.783851,NO_MOVEMENT_POINTS,P_Pluton__2_Kompania_Grenadier_w,"15,-7",0,0,"26,6",24,False,False,N/A,N/A,N/A,{'no_mp': True}
2025-09-13T22:06:23.784850,NO_FUEL,P_Pluton__2_Kompania_Grenadier_w,"15,-7",0,0,"26,6",24,False,False,N/A,N/A,N/A,"{'no_mp': True, 'no_fuel': True}"
2025-09-13T22:06:23.786286,NO_MOVEMENT_POINTS,Z_Pluton__2_Batalion_Wsparcia,"15,-7",0,0,"28,5",25,False,False,N/A,N/A,N/A,{'no_mp': True}
2025-09-13T22:06:23.786286,NO_FUEL,Z_Pluton__2_Batalion_Wsparcia,"15,-7",0,0,"28,5",25,False,False,N/A,N/A,N/A,"{'no_mp': True, 'no_fuel': True}"
2025-09-13T22:06:23.787895,NO_MOVEMENT_POINTS,P_Pluton__2_Kompania_Grenadier_w_20250913214010,"15,-7",0,0,"27,6",25,False,False,N/A,N/A,N/A,{'no_mp': True}
2025-09-13T22:06:23.788376,NO_FUEL,P_Pluton__2_Kompania_Grenadier_w_20250913214010,"15,-7",0,0,"27,6",25,False,False,N/A,N/A,N/A,"{'no_mp': True, 'no_fuel': True}"
2025-09-13T22:06:23.792880,INSUFFICIENT_SUPPORT,D_Pluton__2_Dow_dztwo_Einheit,"15,-7",N/A,N/A,N/A,N/A,N/A,N/A,0,100,4,"{'enemies_list': [], 'units_found': 0, 'units_needed': 2, 'shortage': 2}"
2025-09-13T22:06:23.911216,NO_MOVEMENT_POINTS,P_Pluton__5_Infanterie_Regiment,"45,-15",0,0,"36,-15",9,False,False,N/A,N/A,N/A,{'no_mp': True}
2025-09-13T22:06:23.912415,NO_FUEL,P_Pluton__5_Infanterie_Regiment,"45,-15",0,0,"36,-15",9,False,False,N/A,N/A,N/A,"{'no_mp': True, 'no_fuel': True}"
2025-09-13T22:06:23.913411,NO_MOVEMENT_POINTS,P_Kompania__5_Infanterie_Regiment,"45,-15",0,0,"36,-14",9,False,False,N/A,N/A,N/A,{'no_mp': True}
2025-09-13T22:06:23.914583,NO_FUEL,P_Kompania__5_Infanterie_Regiment,"45,-15",0,0,"36,-14",9,False,False,N/A,N/A,N/A,"{'no_mp': True, 'no_fuel': True}"
2025-09-13T22:06:23.915432,NO_MOVEMENT_POINTS,P_Pluton__5_Sch_tzen_Kompanie,"45,-15",0,0,"37,-15",8,False,False,N/A,N/A,N/A,{'no_mp': True}
2025-09-13T22:06:23.916024,NO_FUEL,P_Pluton__5_Sch_tzen_Kompanie,"45,-15",0,0,"37,-15",8,False,False,N/A,N/A,N/A,"{'no_mp': True, 'no_fuel': True}"
2025-09-13T22:06:23.916024,NO_MOVEMENT_POINTS,AC_Kompania__5_schwere_Artillerie,"45,-15",0,0,"36,-16",10,False,False,N/A,N/A,N/A,{'no_mp': True}
2025-09-13T22:06:23.916024,NO_FUEL,AC_Kompania__5_schwere_Artillerie,"45,-15",0,0,"36,-16",10,False,False,N/A,N/A,N/A,"{'no_mp': True, 'no_fuel': True}"
2025-09-13T22:06:23.916024,NO_MOVEMENT_POINTS,AL_Batalion__5_Artillerie_Abteilung,"45,-15",0,0,"37,-17",10,False,False,N/A,N/A,N/A,{'no_mp': True}
2025-09-13T22:06:23.916024,NO_FUEL,AL_Batalion__5_Artillerie_Abteilung,"45,-15",0,0,"37,-17",10,False,False,N/A,N/A,N/A,"{'no_mp': True, 'no_fuel': True}"
2025-09-13T22:06:23.921191,INSUFFICIENT_SUPPORT,Z_Kompania__5_Unterst_tzungs_Bataillon,"45,-15",N/A,N/A,N/A,N/A,N/A,N/A,0,100,5,"{'enemies_list': [], 'units_found': 0, 'units_needed': 2, 'shortage': 2}"
2025-09-13T22:06:23.922203,NO_MOVEMENT_POINTS,P_Pluton__5_Infanterie_Regiment,"43,-14",0,0,"36,-15",8,False,False,N/A,N/A,N/A,{'no_mp': True}
2025-09-13T22:06:23.922203,NO_FUEL,P_Pluton__5_Infanterie_Regiment,"43,-14",0,0,"36,-15",8,False,False,N/A,N/A,N/A,"{'no_mp': True, 'no_fuel': True}"
2025-09-13T22:06:23.923680,NO_MOVEMENT_POINTS,P_Kompania__5_Infanterie_Regiment,"43,-14",0,0,"36,-14",7,False,False,N/A,N/A,N/A,{'no_mp': True}
2025-09-13T22:06:23.925830,NO_FUEL,P_Kompania__5_Infanterie_Regiment,"43,-14",0,0,"36,-14",7,False,False,N/A,N/A,N/A,"{'no_mp': True, 'no_fuel': True}"
2025-09-13T22:06:23.928673,NO_MOVEMENT_POINTS,P_Pluton__5_Sch_tzen_Kompanie,"43,-14",0,0,"37,-15",7,False,False,N/A,N/A,N/A,{'no_mp': True}
2025-09-13T22:06:23.928673,NO_FUEL,P_Pluton__5_Sch_tzen_Kompanie,"43,-14",0,0,"37,-15",7,False,False,N/A,N/A,N/A,"{'no_mp': True, 'no_fuel': True}"
2025-09-13T22:06:23.929685,NO_MOVEMENT_POINTS,AC_Kompania__5_schwere_Artillerie,"43,-14",0,0,"36,-16",9,False,False,N/A,N/A,N/A,{'no_mp': True}
2025-09-13T22:06:23.931291,NO_FUEL,AC_Kompania__5_schwere_Artillerie,"43,-14",0,0,"36,-16",9,False,False,N/A,N/A,N/A,"{'no_mp': True, 'no_fuel': True}"
2025-09-13T22:06:23.932564,NO_MOVEMENT_POINTS,AL_Batalion__5_Artillerie_Abteilung,"43,-14",0,0,"37,-17",9,False,False,N/A,N/A,N/A,{'no_mp': True}
2025-09-13T22:06:23.933437,NO_FUEL,AL_Batalion__5_Artillerie_Abteilung,"43,-14",0,0,"37,-17",9,False,False,N/A,N/A,N/A,"{'no_mp': True, 'no_fuel': True}"
2025-09-13T22:06:23.935152,INSUFFICIENT_SUPPORT,Z_Pluton__5_Versorgungs_Kompanie,"43,-14",N/A,N/A,N/A,N/A,N/A,N/A,0,150,5,"{'enemies_list': [], 'units_found': 0, 'units_needed': 2, 'shortage': 2}"
2025-09-13T22:06:23.936160,NO_MOVEMENT_POINTS,P_Pluton__5_Infanterie_Regiment,"42,-14",0,0,"36,-15",7,False,False,N/A,N/A,N/A,{'no_mp': True}
2025-09-13T22:06:23.936160,NO_FUEL,P_Pluton__5_Infanterie_Regiment,"42,-14",0,0,"36,-15",7,False,False,N/A,N/A,N/A,"{'no_mp': True, 'no_fuel': True}"
2025-09-13T22:06:23.937636,NO_MOVEMENT_POINTS,P_Kompania__5_Infanterie_Regiment,"42,-14",0,0,"36,-14",6,False,False,N/A,N/A,N/A,{'no_mp': True}
2025-09-13T22:06:23.938644,NO_FUEL,P_Kompania__5_Infanterie_Regiment,"42,-14",0,0,"36,-14",6,False,False,N/A,N/A,N/A,"{'no_mp': True, 'no_fuel': True}"
2025-09-13T22:06:23.938644,NO_MOVEMENT_POINTS,P_Pluton__5_Sch_tzen_Kompanie,"42,-14",0,0,"37,-15",6,False,False,N/A,N/A,N/A,{'no_mp': True}
2025-09-13T22:06:23.942091,NO_FUEL,P_Pluton__5_Sch_tzen_Kompanie,"42,-14",0,0,"37,-15",6,False,False,N/A,N/A,N/A,"{'no_mp': True, 'no_fuel': True}"
2025-09-13T22:06:23.944207,NO_MOVEMENT_POINTS,AC_Kompania__5_schwere_Artillerie,"42,-14",0,0,"36,-16",8,False,False,N/A,N/A,N/A,{'no_mp': True}
2025-09-13T22:06:23.945302,NO_FUEL,AC_Kompania__5_schwere_Artillerie,"42,-14",0,0,"36,-16",8,False,False,N/A,N/A,N/A,"{'no_mp': True, 'no_fuel': True}"
2025-09-13T22:06:23.945302,NO_MOVEMENT_POINTS,AL_Batalion__5_Artillerie_Abteilung,"42,-14",0,0,"37,-17",8,False,False,N/A,N/A,N/A,{'no_mp': True}
2025-09-13T22:06:23.946601,NO_FUEL,AL_Batalion__5_Artillerie_Abteilung,"42,-14",0,0,"37,-17",8,False,False,N/A,N/A,N/A,"{'no_mp': True, 'no_fuel': True}"
2025-09-13T22:06:23.948283,INSUFFICIENT_SUPPORT,Z_Pluton__5_Unterst_tzungs_Bataillon,"42,-14",N/A,N/A,N/A,N/A,N/A,N/A,0,150,5,"{'enemies_list': [], 'units_found': 0, 'units_needed': 2, 'shortage': 2}"
2025-09-13T22:06:23.949297,NO_MOVEMENT_POINTS,P_Pluton__5_Infanterie_Regiment,"52,-13",0,0,"36,-15",18,False,False,N/A,N/A,N/A,{'no_mp': True}
2025-09-13T22:06:23.949297,NO_FUEL,P_Pluton__5_Infanterie_Regiment,"52,-13",0,0,"36,-15",18,False,False,N/A,N/A,N/A,"{'no_mp': True, 'no_fuel': True}"
2025-09-13T22:06:23.950309,NO_MOVEMENT_POINTS,P_Kompania__5_Infanterie_Regiment,"52,-13",0,0,"36,-14",17,False,False,N/A,N/A,N/A,{'no_mp': True}
2025-09-13T22:06:23.951583,NO_FUEL,P_Kompania__5_Infanterie_Regiment,"52,-13",0,0,"36,-14",17,False,False,N/A,N/A,N/A,"{'no_mp': True, 'no_fuel': True}"
2025-09-13T22:06:23.951583,NO_MOVEMENT_POINTS,P_Pluton__5_Sch_tzen_Kompanie,"52,-13",0,0,"37,-15",17,False,False,N/A,N/A,N/A,{'no_mp': True}
2025-09-13T22:06:23.952733,NO_FUEL,P_Pluton__5_Sch_tzen_Kompanie,"52,-13",0,0,"37,-15",17,False,False,N/A,N/A,N/A,"{'no_mp': True, 'no_fuel': True}"
2025-09-13T22:06:23.953882,NO_MOVEMENT_POINTS,AC_Kompania__5_schwere_Artillerie,"52,-13",0,0,"36,-16",19,False,False,N/A,N/A,N/A,{'no_mp': True}
2025-09-13T22:06:23.955024,NO_FUEL,AC_Kompania__5_schwere_Artillerie,"52,-13",0,0,"36,-16",19,False,False,N/A,N/A,N/A,"{'no_mp': True, 'no_fuel': True}"
2025-09-13T22:06:23.956022,NO_MOVEMENT_POINTS,AL_Batalion__5_Artillerie_Abteilung,"52,-13",0,0,"37,-17",19,False,False,N/A,N/A,N/A,{'no_mp': True}
2025-09-13T22:06:23.959170,NO_FUEL,AL_Batalion__5_Artillerie_Abteilung,"52,-13",0,0,"37,-17",19,False,False,N/A,N/A,N/A,"{'no_mp': True, 'no_fuel': True}"
2025-09-13T22:06:23.961725,INSUFFICIENT_SUPPORT,Z_Pluton__5_Unterst_tzungs_Bataillon_20250913214038,"52,-13",N/A,N/A,N/A,N/A,N/A,N/A,0,100,5,"{'enemies_list': [], 'units_found': 0, 'units_needed': 2, 'shortage': 2}"
2025-09-13T22:06:24.155585,NO_MOVEMENT_POINTS,P_Batalion__2_Batalion_Strzelc_w_20250913214005,"28,3",0,0,"25,-9",15,False,False,N/A,N/A,N/A,{'no_mp': True}
2025-09-13T22:06:24.159365,NO_FUEL,P_Batalion__2_Batalion_Strzelc_w_20250913214005,"28,3",0,0,"25,-9",15,False,False,N/A,N/A,N/A,"{'no_mp': True, 'no_fuel': True}"
2025-09-13T22:06:24.161141,NO_MOVEMENT_POINTS,P_Pluton__2_Kompania_Grenadier_w,"28,3",0,0,"26,6",3,False,False,N/A,N/A,N/A,{'no_mp': True}
2025-09-13T22:06:24.162595,NO_FUEL,P_Pluton__2_Kompania_Grenadier_w,"28,3",0,0,"26,6",3,False,False,N/A,N/A,N/A,"{'no_mp': True, 'no_fuel': True}"
2025-09-13T22:06:24.163594,NO_MOVEMENT_POINTS,Z_Pluton__2_Batalion_Wsparcia,"28,3",0,0,"28,5",2,False,False,N/A,N/A,N/A,{'no_mp': True}
2025-09-13T22:06:24.164646,NO_FUEL,Z_Pluton__2_Batalion_Wsparcia,"28,3",0,0,"28,5",2,False,False,N/A,N/A,N/A,"{'no_mp': True, 'no_fuel': True}"
2025-09-13T22:06:24.166276,NO_MOVEMENT_POINTS,P_Pluton__2_Kompania_Grenadier_w_20250913214010,"28,3",0,0,"27,6",3,False,False,N/A,N/A,N/A,{'no_mp': True}
2025-09-13T22:06:24.167050,NO_FUEL,P_Pluton__2_Kompania_Grenadier_w_20250913214010,"28,3",0,0,"27,6",3,False,False,N/A,N/A,N/A,"{'no_mp': True, 'no_fuel': True}"
2025-09-13T22:06:24.168349,INSUFFICIENT_SUPPORT,P_Kompania__2_Pu_k_Piechoty,"28,3",N/A,N/A,N/A,N/A,N/A,N/A,0,75,4,"{'enemies_list': [], 'units_found': 0, 'units_needed': 1, 'shortage': 1}"
2025-09-13T22:06:24.169424,NO_MOVEMENT_POINTS,P_Batalion__2_Batalion_Strzelc_w_20250913214005,"27,4",0,0,"25,-9",15,False,False,N/A,N/A,N/A,{'no_mp': True}
2025-09-13T22:06:24.170455,NO_FUEL,P_Batalion__2_Batalion_Strzelc_w_20250913214005,"27,4",0,0,"25,-9",15,False,False,N/A,N/A,N/A,"{'no_mp': True, 'no_fuel': True}"
2025-09-13T22:06:24.170455,NO_MOVEMENT_POINTS,P_Pluton__2_Kompania_Grenadier_w,"27,4",0,0,"26,6",2,False,False,N/A,N/A,N/A,{'no_mp': True}
2025-09-13T22:06:24.171890,NO_FUEL,P_Pluton__2_Kompania_Grenadier_w,"27,4",0,0,"26,6",2,False,False,N/A,N/A,N/A,"{'no_mp': True, 'no_fuel': True}"
2025-09-13T22:06:24.173469,NO_MOVEMENT_POINTS,Z_Pluton__2_Batalion_Wsparcia,"27,4",0,0,"28,5",2,False,False,N/A,N/A,N/A,{'no_mp': True}
2025-09-13T22:06:24.173933,NO_FUEL,Z_Pluton__2_Batalion_Wsparcia,"27,4",0,0,"28,5",2,False,False,N/A,N/A,N/A,"{'no_mp': True, 'no_fuel': True}"
2025-09-13T22:06:24.173933,NO_MOVEMENT_POINTS,P_Pluton__2_Kompania_Grenadier_w_20250913214010,"27,4",0,0,"27,6",2,False,False,N/A,N/A,N/A,{'no_mp': True}
2025-09-13T22:06:24.173933,NO_FUEL,P_Pluton__2_Kompania_Grenadier_w_20250913214010,"27,4",0,0,"27,6",2,False,False,N/A,N/A,N/A,"{'no_mp': True, 'no_fuel': True}"
2025-09-13T22:06:24.173933,INSUFFICIENT_SUPPORT,Z_Pluton__2_Oddzia_Rozpoznawczy,"27,4",N/A,N/A,N/A,N/A,N/A,N/A,0,75,4,"{'enemies_list': [], 'units_found': 0, 'units_needed': 1, 'shortage': 1}"
2025-09-13T22:06:24.173933,NO_MOVEMENT_POINTS,P_Batalion__2_Batalion_Strzelc_w_20250913214005,"24,-7",0,0,"25,-9",2,False,False,N/A,N/A,N/A,{'no_mp': True}
2025-09-13T22:06:24.173933,NO_FUEL,P_Batalion__2_Batalion_Strzelc_w_20250913214005,"24,-7",0,0,"25,-9",2,False,False,N/A,N/A,N/A,"{'no_mp': True, 'no_fuel': True}"
2025-09-13T22:06:24.183435,NO_MOVEMENT_POINTS,P_Pluton__2_Kompania_Grenadier_w,"24,-7",0,0,"26,6",15,False,False,N/A,N/A,N/A,{'no_mp': True}
2025-09-13T22:06:24.183435,NO_FUEL,P_Pluton__2_Kompania_Grenadier_w,"24,-7",0,0,"26,6",15,False,False,N/A,N/A,N/A,"{'no_mp': True, 'no_fuel': True}"
2025-09-13T22:06:24.184637,NO_MOVEMENT_POINTS,Z_Pluton__2_Batalion_Wsparcia,"24,-7",0,0,"28,5",16,False,False,N/A,N/A,N/A,{'no_mp': True}
2025-09-13T22:06:24.185850,NO_FUEL,Z_Pluton__2_Batalion_Wsparcia,"24,-7",0,0,"28,5",16,False,False,N/A,N/A,N/A,"{'no_mp': True, 'no_fuel': True}"
2025-09-13T22:06:24.185850,NO_MOVEMENT_POINTS,P_Pluton__2_Kompania_Grenadier_w_20250913214010,"24,-7",0,0,"27,6",16,False,False,N/A,N/A,N/A,{'no_mp': True}
2025-09-13T22:06:24.186853,NO_FUEL,P_Pluton__2_Kompania_Grenadier_w_20250913214010,"24,-7",0,0,"27,6",16,False,False,N/A,N/A,N/A,"{'no_mp': True, 'no_fuel': True}"
2025-09-13T22:06:24.187857,INSUFFICIENT_SUPPORT,Z_Batalion__2_Kompania_Zaopatrzeniowa,"24,-7",N/A,N/A,N/A,N/A,N/A,N/A,0,50,4,"{'enemies_list': [], 'units_found': 0, 'units_needed': 1, 'shortage': 1}"
2025-09-13T22:06:24.189941,NO_MOVEMENT_POINTS,P_Batalion__2_Batalion_Strzelc_w_20250913214005,"15,-7",0,0,"25,-9",10,False,False,N/A,N/A,N/A,{'no_mp': True}
2025-09-13T22:06:24.193314,NO_FUEL,P_Batalion__2_Batalion_Strzelc_w_20250913214005,"15,-7",0,0,"25,-9",10,False,False,N/A,N/A,N/A,"{'no_mp': True, 'no_fuel': True}"
2025-09-13T22:06:24.194722,NO_MOVEMENT_POINTS,P_Pluton__2_Kompania_Grenadier_w,"15,-7",0,0,"26,6",24,False,False,N/A,N/A,N/A,{'no_mp': True}
2025-09-13T22:06:24.195816,NO_FUEL,P_Pluton__2_Kompania_Grenadier_w,"15,-7",0,0,"26,6",24,False,False,N/A,N/A,N/A,"{'no_mp': True, 'no_fuel': True}"
2025-09-13T22:06:24.196851,NO_MOVEMENT_POINTS,Z_Pluton__2_Batalion_Wsparcia,"15,-7",0,0,"28,5",25,False,False,N/A,N/A,N/A,{'no_mp': True}
2025-09-13T22:06:24.197916,NO_FUEL,Z_Pluton__2_Batalion_Wsparcia,"15,-7",0,0,"28,5",25,False,False,N/A,N/A,N/A,"{'no_mp': True, 'no_fuel': True}"
2025-09-13T22:06:24.198934,NO_MOVEMENT_POINTS,P_Pluton__2_Kompania_Grenadier_w_20250913214010,"15,-7",0,0,"27,6",25,False,False,N/A,N/A,N/A,{'no_mp': True}
2025-09-13T22:06:24.198934,NO_FUEL,P_Pluton__2_Kompania_Grenadier_w_20250913214010,"15,-7",0,0,"27,6",25,False,False,N/A,N/A,N/A,"{'no_mp': True, 'no_fuel': True}"
2025-09-13T22:06:24.199939,INSUFFICIENT_SUPPORT,D_Pluton__2_Dow_dztwo_Einheit,"15,-7",N/A,N/A,N/A,N/A,N/A,N/A,0,100,4,"{'enemies_list': [], 'units_found': 0, 'units_needed': 2, 'shortage': 2}"
2025-09-13T22:06:24.328101,NO_MOVEMENT_POINTS,P_Pluton__5_Infanterie_Regiment,"45,-15",0,0,"36,-15",9,False,False,N/A,N/A,N/A,{'no_mp': True}
2025-09-13T22:06:24.329133,NO_FUEL,P_Pluton__5_Infanterie_Regiment,"45,-15",0,0,"36,-15",9,False,False,N/A,N/A,N/A,"{'no_mp': True, 'no_fuel': True}"
2025-09-13T22:06:24.329133,NO_MOVEMENT_POINTS,P_Kompania__5_Infanterie_Regiment,"45,-15",0,0,"36,-14",9,False,False,N/A,N/A,N/A,{'no_mp': True}
2025-09-13T22:06:24.330550,NO_FUEL,P_Kompania__5_Infanterie_Regiment,"45,-15",0,0,"36,-14",9,False,False,N/A,N/A,N/A,"{'no_mp': True, 'no_fuel': True}"
2025-09-13T22:06:24.332031,NO_MOVEMENT_POINTS,P_Pluton__5_Sch_tzen_Kompanie,"45,-15",0,0,"37,-15",8,False,False,N/A,N/A,N/A,{'no_mp': True}
2025-09-13T22:06:24.333539,NO_FUEL,P_Pluton__5_Sch_tzen_Kompanie,"45,-15",0,0,"37,-15",8,False,False,N/A,N/A,N/A,"{'no_mp': True, 'no_fuel': True}"
2025-09-13T22:06:24.335562,NO_MOVEMENT_POINTS,AC_Kompania__5_schwere_Artillerie,"45,-15",0,0,"36,-16",10,False,False,N/A,N/A,N/A,{'no_mp': True}
2025-09-13T22:06:24.335562,NO_FUEL,AC_Kompania__5_schwere_Artillerie,"45,-15",0,0,"36,-16",10,False,False,N/A,N/A,N/A,"{'no_mp': True, 'no_fuel': True}"
2025-09-13T22:06:24.335562,NO_MOVEMENT_POINTS,AL_Batalion__5_Artillerie_Abteilung,"45,-15",0,0,"37,-17",10,False,False,N/A,N/A,N/A,{'no_mp': True}
2025-09-13T22:06:24.337914,NO_FUEL,AL_Batalion__5_Artillerie_Abteilung,"45,-15",0,0,"37,-17",10,False,False,N/A,N/A,N/A,"{'no_mp': True, 'no_fuel': True}"
2025-09-13T22:06:24.338928,INSUFFICIENT_SUPPORT,Z_Kompania__5_Unterst_tzungs_Bataillon,"45,-15",N/A,N/A,N/A,N/A,N/A,N/A,0,100,5,"{'enemies_list': [], 'units_found': 0, 'units_needed': 2, 'shortage': 2}"
2025-09-13T22:06:24.341060,NO_MOVEMENT_POINTS,P_Pluton__5_Infanterie_Regiment,"43,-14",0,0,"36,-15",8,False,False,N/A,N/A,N/A,{'no_mp': True}
2025-09-13T22:06:24.343566,NO_FUEL,P_Pluton__5_Infanterie_Regiment,"43,-14",0,0,"36,-15",8,False,False,N/A,N/A,N/A,"{'no_mp': True, 'no_fuel': True}"
2025-09-13T22:06:24.345136,NO_MOVEMENT_POINTS,P_Kompania__5_Infanterie_Regiment,"43,-14",0,0,"36,-14",7,False,False,N/A,N/A,N/A,{'no_mp': True}
2025-09-13T22:06:24.346538,NO_FUEL,P_Kompania__5_Infanterie_Regiment,"43,-14",0,0,"36,-14",7,False,False,N/A,N/A,N/A,"{'no_mp': True, 'no_fuel': True}"
2025-09-13T22:06:24.347695,NO_MOVEMENT_POINTS,P_Pluton__5_Sch_tzen_Kompanie,"43,-14",0,0,"37,-15",7,False,False,N/A,N/A,N/A,{'no_mp': True}
2025-09-13T22:06:24.347695,NO_FUEL,P_Pluton__5_Sch_tzen_Kompanie,"43,-14",0,0,"37,-15",7,False,False,N/A,N/A,N/A,"{'no_mp': True, 'no_fuel': True}"
2025-09-13T22:06:24.349316,NO_MOVEMENT_POINTS,AC_Kompania__5_schwere_Artillerie,"43,-14",0,0,"36,-16",9,False,False,N/A,N/A,N/A,{'no_mp': True}
2025-09-13T22:06:24.350404,NO_FUEL,AC_Kompania__5_schwere_Artillerie,"43,-14",0,0,"36,-16",9,False,False,N/A,N/A,N/A,"{'no_mp': True, 'no_fuel': True}"
2025-09-13T22:06:24.351589,NO_MOVEMENT_POINTS,AL_Batalion__5_Artillerie_Abteilung,"43,-14",0,0,"37,-17",9,False,False,N/A,N/A,N/A,{'no_mp': True}
2025-09-13T22:06:24.351589,NO_FUEL,AL_Batalion__5_Artillerie_Abteilung,"43,-14",0,0,"37,-17",9,False,False,N/A,N/A,N/A,"{'no_mp': True, 'no_fuel': True}"
2025-09-13T22:06:24.353263,INSUFFICIENT_SUPPORT,Z_Pluton__5_Versorgungs_Kompanie,"43,-14",N/A,N/A,N/A,N/A,N/A,N/A,0,150,5,"{'enemies_list': [], 'units_found': 0, 'units_needed': 2, 'shortage': 2}"
2025-09-13T22:06:24.354276,NO_MOVEMENT_POINTS,P_Pluton__5_Infanterie_Regiment,"42,-14",0,0,"36,-15",7,False,False,N/A,N/A,N/A,{'no_mp': True}
2025-09-13T22:06:24.355286,NO_FUEL,P_Pluton__5_Infanterie_Regiment,"42,-14",0,0,"36,-15",7,False,False,N/A,N/A,N/A,"{'no_mp': True, 'no_fuel': True}"
2025-09-13T22:06:24.356365,NO_MOVEMENT_POINTS,P_Kompania__5_Infanterie_Regiment,"42,-14",0,0,"36,-14",6,False,False,N/A,N/A,N/A,{'no_mp': True}
2025-09-13T22:06:24.356365,NO_FUEL,P_Kompania__5_Infanterie_Regiment,"42,-14",0,0,"36,-14",6,False,False,N/A,N/A,N/A,"{'no_mp': True, 'no_fuel': True}"
2025-09-13T22:06:24.360011,NO_MOVEMENT_POINTS,P_Pluton__5_Sch_tzen_Kompanie,"42,-14",0,0,"37,-15",6,False,False,N/A,N/A,N/A,{'no_mp': True}
2025-09-13T22:06:24.362505,NO_FUEL,P_Pluton__5_Sch_tzen_Kompanie,"42,-14",0,0,"37,-15",6,False,False,N/A,N/A,N/A,"{'no_mp': True, 'no_fuel': True}"
2025-09-13T22:06:24.362505,NO_MOVEMENT_POINTS,AC_Kompania__5_schwere_Artillerie,"42,-14",0,0,"36,-16",8,False,False,N/A,N/A,N/A,{'no_mp': True}
2025-09-13T22:06:24.363510,NO_FUEL,AC_Kompania__5_schwere_Artillerie,"42,-14",0,0,"36,-16",8,False,False,N/A,N/A,N/A,"{'no_mp': True, 'no_fuel': True}"
2025-09-13T22:06:24.364707,NO_MOVEMENT_POINTS,AL_Batalion__5_Artillerie_Abteilung,"42,-14",0,0,"37,-17",8,False,False,N/A,N/A,N/A,{'no_mp': True}
2025-09-13T22:06:24.366207,NO_FUEL,AL_Batalion__5_Artillerie_Abteilung,"42,-14",0,0,"37,-17",8,False,False,N/A,N/A,N/A,"{'no_mp': True, 'no_fuel': True}"
2025-09-13T22:06:24.367210,INSUFFICIENT_SUPPORT,Z_Pluton__5_Unterst_tzungs_Bataillon,"42,-14",N/A,N/A,N/A,N/A,N/A,N/A,0,150,5,"{'enemies_list': [], 'units_found': 0, 'units_needed': 2, 'shortage': 2}"
2025-09-13T22:06:24.368747,NO_MOVEMENT_POINTS,P_Pluton__5_Infanterie_Regiment,"52,-13",0,0,"36,-15",18,False,False,N/A,N/A,N/A,{'no_mp': True}
2025-09-13T22:06:24.368747,NO_FUEL,P_Pluton__5_Infanterie_Regiment,"52,-13",0,0,"36,-15",18,False,False,N/A,N/A,N/A,"{'no_mp': True, 'no_fuel': True}"
2025-09-13T22:06:24.369988,NO_MOVEMENT_POINTS,P_Kompania__5_Infanterie_Regiment,"52,-13",0,0,"36,-14",17,False,False,N/A,N/A,N/A,{'no_mp': True}
2025-09-13T22:06:24.371257,NO_FUEL,P_Kompania__5_Infanterie_Regiment,"52,-13",0,0,"36,-14",17,False,False,N/A,N/A,N/A,"{'no_mp': True, 'no_fuel': True}"
2025-09-13T22:06:24.371257,NO_MOVEMENT_POINTS,P_Pluton__5_Sch_tzen_Kompanie,"52,-13",0,0,"37,-15",17,False,False,N/A,N/A,N/A,{'no_mp': True}
2025-09-13T22:06:24.372924,NO_FUEL,P_Pluton__5_Sch_tzen_Kompanie,"52,-13",0,0,"37,-15",17,False,False,N/A,N/A,N/A,"{'no_mp': True, 'no_fuel': True}"
2025-09-13T22:06:24.375605,NO_MOVEMENT_POINTS,AC_Kompania__5_schwere_Artillerie,"52,-13",0,0,"36,-16",19,False,False,N/A,N/A,N/A,{'no_mp': True}
2025-09-13T22:06:24.378610,NO_FUEL,AC_Kompania__5_schwere_Artillerie,"52,-13",0,0,"36,-16",19,False,False,N/A,N/A,N/A,"{'no_mp': True, 'no_fuel': True}"
2025-09-13T22:06:24.379620,NO_MOVEMENT_POINTS,AL_Batalion__5_Artillerie_Abteilung,"52,-13",0,0,"37,-17",19,False,False,N/A,N/A,N/A,{'no_mp': True}
2025-09-13T22:06:24.379620,NO_FUEL,AL_Batalion__5_Artillerie_Abteilung,"52,-13",0,0,"37,-17",19,False,False,N/A,N/A,N/A,"{'no_mp': True, 'no_fuel': True}"
2025-09-13T22:06:24.380802,INSUFFICIENT_SUPPORT,Z_Pluton__5_Unterst_tzungs_Bataillon_20250913214038,"52,-13",N/A,N/A,N/A,N/A,N/A,N/A,0,100,5,"{'enemies_list': [], 'units_found': 0, 'units_needed': 2, 'shortage': 2}"
2025-09-13T22:06:24.570823,NO_MOVEMENT_POINTS,P_Batalion__2_Batalion_Strzelc_w_20250913214005,"28,3",0,0,"25,-9",15,False,False,N/A,N/A,N/A,{'no_mp': True}
2025-09-13T22:06:24.571836,NO_FUEL,P_Batalion__2_Batalion_Strzelc_w_20250913214005,"28,3",0,0,"25,-9",15,False,False,N/A,N/A,N/A,"{'no_mp': True, 'no_fuel': True}"
2025-09-13T22:06:24.571836,NO_MOVEMENT_POINTS,P_Pluton__2_Kompania_Grenadier_w,"28,3",0,0,"26,6",3,False,False,N/A,N/A,N/A,{'no_mp': True}
2025-09-13T22:06:24.573345,NO_FUEL,P_Pluton__2_Kompania_Grenadier_w,"28,3",0,0,"26,6",3,False,False,N/A,N/A,N/A,"{'no_mp': True, 'no_fuel': True}"
2025-09-13T22:06:24.576561,NO_MOVEMENT_POINTS,Z_Pluton__2_Batalion_Wsparcia,"28,3",0,0,"28,5",2,False,False,N/A,N/A,N/A,{'no_mp': True}
2025-09-13T22:06:24.578528,NO_FUEL,Z_Pluton__2_Batalion_Wsparcia,"28,3",0,0,"28,5",2,False,False,N/A,N/A,N/A,"{'no_mp': True, 'no_fuel': True}"
2025-09-13T22:06:24.579781,NO_MOVEMENT_POINTS,P_Pluton__2_Kompania_Grenadier_w_20250913214010,"28,3",0,0,"27,6",3,False,False,N/A,N/A,N/A,{'no_mp': True}
2025-09-13T22:06:24.581066,NO_FUEL,P_Pluton__2_Kompania_Grenadier_w_20250913214010,"28,3",0,0,"27,6",3,False,False,N/A,N/A,N/A,"{'no_mp': True, 'no_fuel': True}"
2025-09-13T22:06:24.582328,INSUFFICIENT_SUPPORT,P_Kompania__2_Pu_k_Piechoty,"28,3",N/A,N/A,N/A,N/A,N/A,N/A,0,75,4,"{'enemies_list': [], 'units_found': 0, 'units_needed': 1, 'shortage': 1}"
2025-09-13T22:06:24.582328,NO_MOVEMENT_POINTS,P_Batalion__2_Batalion_Strzelc_w_20250913214005,"27,4",0,0,"25,-9",15,False,False,N/A,N/A,N/A,{'no_mp': True}
2025-09-13T22:06:24.583626,NO_FUEL,P_Batalion__2_Batalion_Strzelc_w_20250913214005,"27,4",0,0,"25,-9",15,False,False,N/A,N/A,N/A,"{'no_mp': True, 'no_fuel': True}"
2025-09-13T22:06:24.583626,NO_MOVEMENT_POINTS,P_Pluton__2_Kompania_Grenadier_w,"27,4",0,0,"26,6",2,False,False,N/A,N/A,N/A,{'no_mp': True}
2025-09-13T22:06:24.583626,NO_FUEL,P_Pluton__2_Kompania_Grenadier_w,"27,4",0,0,"26,6",2,False,False,N/A,N/A,N/A,"{'no_mp': True, 'no_fuel': True}"
2025-09-13T22:06:24.583626,NO_MOVEMENT_POINTS,Z_Pluton__2_Batalion_Wsparcia,"27,4",0,0,"28,5",2,False,False,N/A,N/A,N/A,{'no_mp': True}
2025-09-13T22:06:24.587434,NO_FUEL,Z_Pluton__2_Batalion_Wsparcia,"27,4",0,0,"28,5",2,False,False,N/A,N/A,N/A,"{'no_mp': True, 'no_fuel': True}"
2025-09-13T22:06:24.588462,NO_MOVEMENT_POINTS,P_Pluton__2_Kompania_Grenadier_w_20250913214010,"27,4",0,0,"27,6",2,False,False,N/A,N/A,N/A,{'no_mp': True}
2025-09-13T22:06:24.589484,NO_FUEL,P_Pluton__2_Kompania_Grenadier_w_20250913214010,"27,4",0,0,"27,6",2,False,False,N/A,N/A,N/A,"{'no_mp': True, 'no_fuel': True}"
2025-09-13T22:06:24.591041,INSUFFICIENT_SUPPORT,Z_Pluton__2_Oddzia_Rozpoznawczy,"27,4",N/A,N/A,N/A,N/A,N/A,N/A,0,75,4,"{'enemies_list': [], 'units_found': 0, 'units_needed': 1, 'shortage': 1}"
2025-09-13T22:06:24.595279,NO_MOVEMENT_POINTS,P_Batalion__2_Batalion_Strzelc_w_20250913214005,"24,-7",0,0,"25,-9",2,False,False,N/A,N/A,N/A,{'no_mp': True}
2025-09-13T22:06:24.600286,NO_FUEL,P_Batalion__2_Batalion_Strzelc_w_20250913214005,"24,-7",0,0,"25,-9",2,False,False,N/A,N/A,N/A,"{'no_mp': True, 'no_fuel': True}"
2025-09-13T22:06:24.604007,NO_MOVEMENT_POINTS,P_Pluton__2_Kompania_Grenadier_w,"24,-7",0,0,"26,6",15,False,False,N/A,N/A,N/A,{'no_mp': True}
2025-09-13T22:06:24.604007,NO_FUEL,P_Pluton__2_Kompania_Grenadier_w,"24,-7",0,0,"26,6",15,False,False,N/A,N/A,N/A,"{'no_mp': True, 'no_fuel': True}"
2025-09-13T22:06:24.605020,NO_MOVEMENT_POINTS,Z_Pluton__2_Batalion_Wsparcia,"24,-7",0,0,"28,5",16,False,False,N/A,N/A,N/A,{'no_mp': True}
2025-09-13T22:06:24.606097,NO_FUEL,Z_Pluton__2_Batalion_Wsparcia,"24,-7",0,0,"28,5",16,False,False,N/A,N/A,N/A,"{'no_mp': True, 'no_fuel': True}"
2025-09-13T22:06:24.607143,NO_MOVEMENT_POINTS,P_Pluton__2_Kompania_Grenadier_w_20250913214010,"24,-7",0,0,"27,6",16,False,False,N/A,N/A,N/A,{'no_mp': True}
2025-09-13T22:06:24.609882,NO_FUEL,P_Pluton__2_Kompania_Grenadier_w_20250913214010,"24,-7",0,0,"27,6",16,False,False,N/A,N/A,N/A,"{'no_mp': True, 'no_fuel': True}"
2025-09-13T22:06:24.611895,INSUFFICIENT_SUPPORT,Z_Batalion__2_Kompania_Zaopatrzeniowa,"24,-7",N/A,N/A,N/A,N/A,N/A,N/A,0,50,4,"{'enemies_list': [], 'units_found': 0, 'units_needed': 1, 'shortage': 1}"
2025-09-13T22:06:24.613667,NO_MOVEMENT_POINTS,P_Batalion__2_Batalion_Strzelc_w_20250913214005,"15,-7",0,0,"25,-9",10,False,False,N/A,N/A,N/A,{'no_mp': True}
2025-09-13T22:06:24.614679,NO_FUEL,P_Batalion__2_Batalion_Strzelc_w_20250913214005,"15,-7",0,0,"25,-9",10,False,False,N/A,N/A,N/A,"{'no_mp': True, 'no_fuel': True}"
2025-09-13T22:06:24.614679,NO_MOVEMENT_POINTS,P_Pluton__2_Kompania_Grenadier_w,"15,-7",0,0,"26,6",24,False,False,N/A,N/A,N/A,{'no_mp': True}
2025-09-13T22:06:24.616259,NO_FUEL,P_Pluton__2_Kompania_Grenadier_w,"15,-7",0,0,"26,6",24,False,False,N/A,N/A,N/A,"{'no_mp': True, 'no_fuel': True}"
2025-09-13T22:06:24.616629,NO_MOVEMENT_POINTS,Z_Pluton__2_Batalion_Wsparcia,"15,-7",0,0,"28,5",25,False,False,N/A,N/A,N/A,{'no_mp': True}
2025-09-13T22:06:24.617647,NO_FUEL,Z_Pluton__2_Batalion_Wsparcia,"15,-7",0,0,"28,5",25,False,False,N/A,N/A,N/A,"{'no_mp': True, 'no_fuel': True}"
2025-09-13T22:06:24.617647,NO_MOVEMENT_POINTS,P_Pluton__2_Kompania_Grenadier_w_20250913214010,"15,-7",0,0,"27,6",25,False,False,N/A,N/A,N/A,{'no_mp': True}
2025-09-13T22:06:24.617647,NO_FUEL,P_Pluton__2_Kompania_Grenadier_w_20250913214010,"15,-7",0,0,"27,6",25,False,False,N/A,N/A,N/A,"{'no_mp': True, 'no_fuel': True}"
2025-09-13T22:06:24.617647,INSUFFICIENT_SUPPORT,D_Pluton__2_Dow_dztwo_Einheit,"15,-7",N/A,N/A,N/A,N/A,N/A,N/A,0,100,4,"{'enemies_list': [], 'units_found': 0, 'units_needed': 2, 'shortage': 2}"
2025-09-13T22:06:24.743759,NO_MOVEMENT_POINTS,P_Pluton__5_Infanterie_Regiment,"45,-15",0,0,"36,-15",9,False,False,N/A,N/A,N/A,{'no_mp': True}
2025-09-13T22:06:24.743759,NO_FUEL,P_Pluton__5_Infanterie_Regiment,"45,-15",0,0,"36,-15",9,False,False,N/A,N/A,N/A,"{'no_mp': True, 'no_fuel': True}"
2025-09-13T22:06:24.743759,NO_MOVEMENT_POINTS,P_Kompania__5_Infanterie_Regiment,"45,-15",0,0,"36,-14",9,False,False,N/A,N/A,N/A,{'no_mp': True}
2025-09-13T22:06:24.743759,NO_FUEL,P_Kompania__5_Infanterie_Regiment,"45,-15",0,0,"36,-14",9,False,False,N/A,N/A,N/A,"{'no_mp': True, 'no_fuel': True}"
2025-09-13T22:06:24.743759,NO_MOVEMENT_POINTS,P_Pluton__5_Sch_tzen_Kompanie,"45,-15",0,0,"37,-15",8,False,False,N/A,N/A,N/A,{'no_mp': True}
2025-09-13T22:06:24.750493,NO_FUEL,P_Pluton__5_Sch_tzen_Kompanie,"45,-15",0,0,"37,-15",8,False,False,N/A,N/A,N/A,"{'no_mp': True, 'no_fuel': True}"
2025-09-13T22:06:24.752391,NO_MOVEMENT_POINTS,AC_Kompania__5_schwere_Artillerie,"45,-15",0,0,"36,-16",10,False,False,N/A,N/A,N/A,{'no_mp': True}
2025-09-13T22:06:24.753577,NO_FUEL,AC_Kompania__5_schwere_Artillerie,"45,-15",0,0,"36,-16",10,False,False,N/A,N/A,N/A,"{'no_mp': True, 'no_fuel': True}"
2025-09-13T22:06:24.753577,NO_MOVEMENT_POINTS,AL_Batalion__5_Artillerie_Abteilung,"45,-15",0,0,"37,-17",10,False,False,N/A,N/A,N/A,{'no_mp': True}
2025-09-13T22:06:24.755201,NO_FUEL,AL_Batalion__5_Artillerie_Abteilung,"45,-15",0,0,"37,-17",10,False,False,N/A,N/A,N/A,"{'no_mp': True, 'no_fuel': True}"
2025-09-13T22:06:24.756796,INSUFFICIENT_SUPPORT,Z_Kompania__5_Unterst_tzungs_Bataillon,"45,-15",N/A,N/A,N/A,N/A,N/A,N/A,0,100,5,"{'enemies_list': [], 'units_found': 0, 'units_needed': 2, 'shortage': 2}"
2025-09-13T22:06:24.757858,NO_MOVEMENT_POINTS,P_Pluton__5_Infanterie_Regiment,"43,-14",0,0,"36,-15",8,False,False,N/A,N/A,N/A,{'no_mp': True}
2025-09-13T22:06:24.757858,NO_FUEL,P_Pluton__5_Infanterie_Regiment,"43,-14",0,0,"36,-15",8,False,False,N/A,N/A,N/A,"{'no_mp': True, 'no_fuel': True}"
2025-09-13T22:06:24.762342,NO_MOVEMENT_POINTS,P_Kompania__5_Infanterie_Regiment,"43,-14",0,0,"36,-14",7,False,False,N/A,N/A,N/A,{'no_mp': True}
2025-09-13T22:06:24.763348,NO_FUEL,P_Kompania__5_Infanterie_Regiment,"43,-14",0,0,"36,-14",7,False,False,N/A,N/A,N/A,"{'no_mp': True, 'no_fuel': True}"
2025-09-13T22:06:24.764733,NO_MOVEMENT_POINTS,P_Pluton__5_Sch_tzen_Kompanie,"43,-14",0,0,"37,-15",7,False,False,N/A,N/A,N/A,{'no_mp': True}
2025-09-13T22:06:24.765744,NO_FUEL,P_Pluton__5_Sch_tzen_Kompanie,"43,-14",0,0,"37,-15",7,False,False,N/A,N/A,N/A,"{'no_mp': True, 'no_fuel': True}"
2025-09-13T22:06:24.765744,NO_MOVEMENT_POINTS,AC_Kompania__5_schwere_Artillerie,"43,-14",0,0,"36,-16",9,False,False,N/A,N/A,N/A,{'no_mp': True}
2025-09-13T22:06:24.767295,NO_FUEL,AC_Kompania__5_schwere_Artillerie,"43,-14",0,0,"36,-16",9,False,False,N/A,N/A,N/A,"{'no_mp': True, 'no_fuel': True}"
2025-09-13T22:06:24.767849,NO_MOVEMENT_POINTS,AL_Batalion__5_Artillerie_Abteilung,"43,-14",0,0,"37,-17",9,False,False,N/A,N/A,N/A,{'no_mp': True}
2025-09-13T22:06:24.769122,NO_FUEL,AL_Batalion__5_Artillerie_Abteilung,"43,-14",0,0,"37,-17",9,False,False,N/A,N/A,N/A,"{'no_mp': True, 'no_fuel': True}"
2025-09-13T22:06:24.770212,INSUFFICIENT_SUPPORT,Z_Pluton__5_Versorgungs_Kompanie,"43,-14",N/A,N/A,N/A,N/A,N/A,N/A,0,150,5,"{'enemies_list': [], 'units_found': 0, 'units_needed': 2, 'shortage': 2}"
2025-09-13T22:06:24.771234,NO_MOVEMENT_POINTS,P_Pluton__5_Infanterie_Regiment,"42,-14",0,0,"36,-15",7,False,False,N/A,N/A,N/A,{'no_mp': True}
2025-09-13T22:06:24.771234,NO_FUEL,P_Pluton__5_Infanterie_Regiment,"42,-14",0,0,"36,-15",7,False,False,N/A,N/A,N/A,"{'no_mp': True, 'no_fuel': True}"
2025-09-13T22:06:24.772697,NO_MOVEMENT_POINTS,P_Kompania__5_Infanterie_Regiment,"42,-14",0,0,"36,-14",6,False,False,N/A,N/A,N/A,{'no_mp': True}
2025-09-13T22:06:24.775006,NO_FUEL,P_Kompania__5_Infanterie_Regiment,"42,-14",0,0,"36,-14",6,False,False,N/A,N/A,N/A,"{'no_mp': True, 'no_fuel': True}"
2025-09-13T22:06:24.778003,NO_MOVEMENT_POINTS,P_Pluton__5_Sch_tzen_Kompanie,"42,-14",0,0,"37,-15",6,False,False,N/A,N/A,N/A,{'no_mp': True}
2025-09-13T22:06:24.779002,NO_FUEL,P_Pluton__5_Sch_tzen_Kompanie,"42,-14",0,0,"37,-15",6,False,False,N/A,N/A,N/A,"{'no_mp': True, 'no_fuel': True}"
2025-09-13T22:06:24.780178,NO_MOVEMENT_POINTS,AC_Kompania__5_schwere_Artillerie,"42,-14",0,0,"36,-16",8,False,False,N/A,N/A,N/A,{'no_mp': True}
2025-09-13T22:06:24.781621,NO_FUEL,AC_Kompania__5_schwere_Artillerie,"42,-14",0,0,"36,-16",8,False,False,N/A,N/A,N/A,"{'no_mp': True, 'no_fuel': True}"
2025-09-13T22:06:24.781621,NO_MOVEMENT_POINTS,AL_Batalion__5_Artillerie_Abteilung,"42,-14",0,0,"37,-17",8,False,False,N/A,N/A,N/A,{'no_mp': True}
2025-09-13T22:06:24.783399,NO_FUEL,AL_Batalion__5_Artillerie_Abteilung,"42,-14",0,0,"37,-17",8,False,False,N/A,N/A,N/A,"{'no_mp': True, 'no_fuel': True}"
2025-09-13T22:06:24.784529,INSUFFICIENT_SUPPORT,Z_Pluton__5_Unterst_tzungs_Bataillon,"42,-14",N/A,N/A,N/A,N/A,N/A,N/A,0,150,5,"{'enemies_list': [], 'units_found': 0, 'units_needed': 2, 'shortage': 2}"
2025-09-13T22:06:24.785808,NO_MOVEMENT_POINTS,P_Pluton__5_Infanterie_Regiment,"52,-13",0,0,"36,-15",18,False,False,N/A,N/A,N/A,{'no_mp': True}
2025-09-13T22:06:24.786992,NO_FUEL,P_Pluton__5_Infanterie_Regiment,"52,-13",0,0,"36,-15",18,False,False,N/A,N/A,N/A,"{'no_mp': True, 'no_fuel': True}"
2025-09-13T22:06:24.787998,NO_MOVEMENT_POINTS,P_Kompania__5_Infanterie_Regiment,"52,-13",0,0,"36,-14",17,False,False,N/A,N/A,N/A,{'no_mp': True}
2025-09-13T22:06:24.787998,NO_FUEL,P_Kompania__5_Infanterie_Regiment,"52,-13",0,0,"36,-14",17,False,False,N/A,N/A,N/A,"{'no_mp': True, 'no_fuel': True}"
2025-09-13T22:06:24.789168,NO_MOVEMENT_POINTS,P_Pluton__5_Sch_tzen_Kompanie,"52,-13",0,0,"37,-15",17,False,False,N/A,N/A,N/A,{'no_mp': True}
2025-09-13T22:06:24.790196,NO_FUEL,P_Pluton__5_Sch_tzen_Kompanie,"52,-13",0,0,"37,-15",17,False,False,N/A,N/A,N/A,"{'no_mp': True, 'no_fuel': True}"
2025-09-13T22:06:24.791204,NO_MOVEMENT_POINTS,AC_Kompania__5_schwere_Artillerie,"52,-13",0,0,"36,-16",19,False,False,N/A,N/A,N/A,{'no_mp': True}
2025-09-13T22:06:24.793725,NO_FUEL,AC_Kompania__5_schwere_Artillerie,"52,-13",0,0,"36,-16",19,False,False,N/A,N/A,N/A,"{'no_mp': True, 'no_fuel': True}"
2025-09-13T22:06:24.796303,NO_MOVEMENT_POINTS,AL_Batalion__5_Artillerie_Abteilung,"52,-13",0,0,"37,-17",19,False,False,N/A,N/A,N/A,{'no_mp': True}
2025-09-13T22:06:24.796303,NO_FUEL,AL_Batalion__5_Artillerie_Abteilung,"52,-13",0,0,"37,-17",19,False,False,N/A,N/A,N/A,"{'no_mp': True, 'no_fuel': True}"
2025-09-13T22:06:24.797316,INSUFFICIENT_SUPPORT,Z_Pluton__5_Unterst_tzungs_Bataillon_20250913214038,"52,-13",N/A,N/A,N/A,N/A,N/A,N/A,0,100,5,"{'enemies_list': [], 'units_found': 0, 'units_needed': 2, 'shortage': 2}"
2025-09-13T22:06:24.989517,NO_MOVEMENT_POINTS,P_Batalion__2_Batalion_Strzelc_w_20250913214005,"28,3",0,0,"25,-9",15,False,False,N/A,N/A,N/A,{'no_mp': True}
2025-09-13T22:06:24.990528,NO_FUEL,P_Batalion__2_Batalion_Strzelc_w_20250913214005,"28,3",0,0,"25,-9",15,False,False,N/A,N/A,N/A,"{'no_mp': True, 'no_fuel': True}"
2025-09-13T22:06:24.991826,NO_MOVEMENT_POINTS,P_Pluton__2_Kompania_Grenadier_w,"28,3",0,0,"26,6",3,False,False,N/A,N/A,N/A,{'no_mp': True}
2025-09-13T22:06:24.994151,NO_FUEL,P_Pluton__2_Kompania_Grenadier_w,"28,3",0,0,"26,6",3,False,False,N/A,N/A,N/A,"{'no_mp': True, 'no_fuel': True}"
2025-09-13T22:06:24.995785,NO_MOVEMENT_POINTS,Z_Pluton__2_Batalion_Wsparcia,"28,3",0,0,"28,5",2,False,False,N/A,N/A,N/A,{'no_mp': True}
2025-09-13T22:06:24.997225,NO_FUEL,Z_Pluton__2_Batalion_Wsparcia,"28,3",0,0,"28,5",2,False,False,N/A,N/A,N/A,"{'no_mp': True, 'no_fuel': True}"
2025-09-13T22:06:24.998265,NO_MOVEMENT_POINTS,P_Pluton__2_Kompania_Grenadier_w_20250913214010,"28,3",0,0,"27,6",3,False,False,N/A,N/A,N/A,{'no_mp': True}
2025-09-13T22:06:24.998265,NO_FUEL,P_Pluton__2_Kompania_Grenadier_w_20250913214010,"28,3",0,0,"27,6",3,False,False,N/A,N/A,N/A,"{'no_mp': True, 'no_fuel': True}"
2025-09-13T22:06:25.000273,INSUFFICIENT_SUPPORT,P_Kompania__2_Pu_k_Piechoty,"28,3",N/A,N/A,N/A,N/A,N/A,N/A,0,75,4,"{'enemies_list': [], 'units_found': 0, 'units_needed': 1, 'shortage': 1}"
2025-09-13T22:06:25.001282,NO_MOVEMENT_POINTS,P_Batalion__2_Batalion_Strzelc_w_20250913214005,"27,4",0,0,"25,-9",15,False,False,N/A,N/A,N/A,{'no_mp': True}
2025-09-13T22:06:25.001282,NO_FUEL,P_Batalion__2_Batalion_Strzelc_w_20250913214005,"27,4",0,0,"25,-9",15,False,False,N/A,N/A,N/A,"{'no_mp': True, 'no_fuel': True}"
2025-09-13T22:06:25.003306,NO_MOVEMENT_POINTS,P_Pluton__2_Kompania_Grenadier_w,"27,4",0,0,"26,6",2,False,False,N/A,N/A,N/A,{'no_mp': True}
2025-09-13T22:06:25.003306,NO_FUEL,P_Pluton__2_Kompania_Grenadier_w,"27,4",0,0,"26,6",2,False,False,N/A,N/A,N/A,"{'no_mp': True, 'no_fuel': True}"
2025-09-13T22:06:25.003306,NO_MOVEMENT_POINTS,Z_Pluton__2_Batalion_Wsparcia,"27,4",0,0,"28,5",2,False,False,N/A,N/A,N/A,{'no_mp': True}
2025-09-13T22:06:25.006660,NO_FUEL,Z_Pluton__2_Batalion_Wsparcia,"27,4",0,0,"28,5",2,False,False,N/A,N/A,N/A,"{'no_mp': True, 'no_fuel': True}"
2025-09-13T22:06:25.006660,NO_MOVEMENT_POINTS,P_Pluton__2_Kompania_Grenadier_w_20250913214010,"27,4",0,0,"27,6",2,False,False,N/A,N/A,N/A,{'no_mp': True}
2025-09-13T22:06:25.010219,NO_FUEL,P_Pluton__2_Kompania_Grenadier_w_20250913214010,"27,4",0,0,"27,6",2,False,False,N/A,N/A,N/A,"{'no_mp': True, 'no_fuel': True}"
2025-09-13T22:06:25.012705,INSUFFICIENT_SUPPORT,Z_Pluton__2_Oddzia_Rozpoznawczy,"27,4",N/A,N/A,N/A,N/A,N/A,N/A,0,75,4,"{'enemies_list': [], 'units_found': 0, 'units_needed': 1, 'shortage': 1}"
2025-09-13T22:06:25.013711,NO_MOVEMENT_POINTS,P_Batalion__2_Batalion_Strzelc_w_20250913214005,"24,-7",0,0,"25,-9",2,False,False,N/A,N/A,N/A,{'no_mp': True}
2025-09-13T22:06:25.014784,NO_FUEL,P_Batalion__2_Batalion_Strzelc_w_20250913214005,"24,-7",0,0,"25,-9",2,False,False,N/A,N/A,N/A,"{'no_mp': True, 'no_fuel': True}"
2025-09-13T22:06:25.015832,NO_MOVEMENT_POINTS,P_Pluton__2_Kompania_Grenadier_w,"24,-7",0,0,"26,6",15,False,False,N/A,N/A,N/A,{'no_mp': True}
2025-09-13T22:06:25.015832,NO_FUEL,P_Pluton__2_Kompania_Grenadier_w,"24,-7",0,0,"26,6",15,False,False,N/A,N/A,N/A,"{'no_mp': True, 'no_fuel': True}"
2025-09-13T22:06:25.016937,NO_MOVEMENT_POINTS,Z_Pluton__2_Batalion_Wsparcia,"24,-7",0,0,"28,5",16,False,False,N/A,N/A,N/A,{'no_mp': True}
2025-09-13T22:06:25.018296,NO_FUEL,Z_Pluton__2_Batalion_Wsparcia,"24,-7",0,0,"28,5",16,False,False,N/A,N/A,N/A,"{'no_mp': True, 'no_fuel': True}"
2025-09-13T22:06:25.018296,NO_MOVEMENT_POINTS,P_Pluton__2_Kompania_Grenadier_w_20250913214010,"24,-7",0,0,"27,6",16,False,False,N/A,N/A,N/A,{'no_mp': True}
2025-09-13T22:06:25.018296,NO_FUEL,P_Pluton__2_Kompania_Grenadier_w_20250913214010,"24,-7",0,0,"27,6",16,False,False,N/A,N/A,N/A,"{'no_mp': True, 'no_fuel': True}"
2025-09-13T22:06:25.018296,INSUFFICIENT_SUPPORT,Z_Batalion__2_Kompania_Zaopatrzeniowa,"24,-7",N/A,N/A,N/A,N/A,N/A,N/A,0,50,4,"{'enemies_list': [], 'units_found': 0, 'units_needed': 1, 'shortage': 1}"
2025-09-13T22:06:25.018296,NO_MOVEMENT_POINTS,P_Batalion__2_Batalion_Strzelc_w_20250913214005,"15,-7",0,0,"25,-9",10,False,False,N/A,N/A,N/A,{'no_mp': True}
2025-09-13T22:06:25.018296,NO_FUEL,P_Batalion__2_Batalion_Strzelc_w_20250913214005,"15,-7",0,0,"25,-9",10,False,False,N/A,N/A,N/A,"{'no_mp': True, 'no_fuel': True}"
2025-09-13T22:06:25.023497,NO_MOVEMENT_POINTS,P_Pluton__2_Kompania_Grenadier_w,"15,-7",0,0,"26,6",24,False,False,N/A,N/A,N/A,{'no_mp': True}
2025-09-13T22:06:25.026930,NO_FUEL,P_Pluton__2_Kompania_Grenadier_w,"15,-7",0,0,"26,6",24,False,False,N/A,N/A,N/A,"{'no_mp': True, 'no_fuel': True}"
2025-09-13T22:06:25.029653,NO_MOVEMENT_POINTS,Z_Pluton__2_Batalion_Wsparcia,"15,-7",0,0,"28,5",25,False,False,N/A,N/A,N/A,{'no_mp': True}
2025-09-13T22:06:25.029653,NO_FUEL,Z_Pluton__2_Batalion_Wsparcia,"15,-7",0,0,"28,5",25,False,False,N/A,N/A,N/A,"{'no_mp': True, 'no_fuel': True}"
2025-09-13T22:06:25.030927,NO_MOVEMENT_POINTS,P_Pluton__2_Kompania_Grenadier_w_20250913214010,"15,-7",0,0,"27,6",25,False,False,N/A,N/A,N/A,{'no_mp': True}
2025-09-13T22:06:25.031937,NO_FUEL,P_Pluton__2_Kompania_Grenadier_w_20250913214010,"15,-7",0,0,"27,6",25,False,False,N/A,N/A,N/A,"{'no_mp': True, 'no_fuel': True}"
2025-09-13T22:06:25.031937,INSUFFICIENT_SUPPORT,D_Pluton__2_Dow_dztwo_Einheit,"15,-7",N/A,N/A,N/A,N/A,N/A,N/A,0,100,4,"{'enemies_list': [], 'units_found': 0, 'units_needed': 2, 'shortage': 2}"
2025-09-13T22:06:25.152694,NO_MOVEMENT_POINTS,P_Pluton__5_Infanterie_Regiment,"45,-15",0,0,"36,-15",9,False,False,N/A,N/A,N/A,{'no_mp': True}
2025-09-13T22:06:25.153220,NO_FUEL,P_Pluton__5_Infanterie_Regiment,"45,-15",0,0,"36,-15",9,False,False,N/A,N/A,N/A,"{'no_mp': True, 'no_fuel': True}"
2025-09-13T22:06:25.153220,NO_MOVEMENT_POINTS,P_Kompania__5_Infanterie_Regiment,"45,-15",0,0,"36,-14",9,False,False,N/A,N/A,N/A,{'no_mp': True}
2025-09-13T22:06:25.153220,NO_FUEL,P_Kompania__5_Infanterie_Regiment,"45,-15",0,0,"36,-14",9,False,False,N/A,N/A,N/A,"{'no_mp': True, 'no_fuel': True}"
2025-09-13T22:06:25.156217,NO_MOVEMENT_POINTS,P_Pluton__5_Sch_tzen_Kompanie,"45,-15",0,0,"37,-15",8,False,False,N/A,N/A,N/A,{'no_mp': True}
2025-09-13T22:06:25.157400,NO_FUEL,P_Pluton__5_Sch_tzen_Kompanie,"45,-15",0,0,"37,-15",8,False,False,N/A,N/A,N/A,"{'no_mp': True, 'no_fuel': True}"
2025-09-13T22:06:25.160422,NO_MOVEMENT_POINTS,AC_Kompania__5_schwere_Artillerie,"45,-15",0,0,"36,-16",10,False,False,N/A,N/A,N/A,{'no_mp': True}
2025-09-13T22:06:25.162444,NO_FUEL,AC_Kompania__5_schwere_Artillerie,"45,-15",0,0,"36,-16",10,False,False,N/A,N/A,N/A,"{'no_mp': True, 'no_fuel': True}"
2025-09-13T22:06:25.164142,NO_MOVEMENT_POINTS,AL_Batalion__5_Artillerie_Abteilung,"45,-15",0,0,"37,-17",10,False,False,N/A,N/A,N/A,{'no_mp': True}
2025-09-13T22:06:25.165190,NO_FUEL,AL_Batalion__5_Artillerie_Abteilung,"45,-15",0,0,"37,-17",10,False,False,N/A,N/A,N/A,"{'no_mp': True, 'no_fuel': True}"
2025-09-13T22:06:25.166551,INSUFFICIENT_SUPPORT,Z_Kompania__5_Unterst_tzungs_Bataillon,"45,-15",N/A,N/A,N/A,N/A,N/A,N/A,0,100,5,"{'enemies_list': [], 'units_found': 0, 'units_needed': 2, 'shortage': 2}"
2025-09-13T22:06:25.167565,NO_MOVEMENT_POINTS,P_Pluton__5_Infanterie_Regiment,"43,-14",0,0,"36,-15",8,False,False,N/A,N/A,N/A,{'no_mp': True}
2025-09-13T22:06:25.167565,NO_FUEL,P_Pluton__5_Infanterie_Regiment,"43,-14",0,0,"36,-15",8,False,False,N/A,N/A,N/A,"{'no_mp': True, 'no_fuel': True}"
2025-09-13T22:06:25.169052,NO_MOVEMENT_POINTS,P_Kompania__5_Infanterie_Regiment,"43,-14",0,0,"36,-14",7,False,False,N/A,N/A,N/A,{'no_mp': True}
2025-09-13T22:06:25.169052,NO_FUEL,P_Kompania__5_Infanterie_Regiment,"43,-14",0,0,"36,-14",7,False,False,N/A,N/A,N/A,"{'no_mp': True, 'no_fuel': True}"
2025-09-13T22:06:25.169052,NO_MOVEMENT_POINTS,P_Pluton__5_Sch_tzen_Kompanie,"43,-14",0,0,"37,-15",7,False,False,N/A,N/A,N/A,{'no_mp': True}
2025-09-13T22:06:25.171489,NO_FUEL,P_Pluton__5_Sch_tzen_Kompanie,"43,-14",0,0,"37,-15",7,False,False,N/A,N/A,N/A,"{'no_mp': True, 'no_fuel': True}"
2025-09-13T22:06:25.172500,NO_MOVEMENT_POINTS,AC_Kompania__5_schwere_Artillerie,"43,-14",0,0,"36,-16",9,False,False,N/A,N/A,N/A,{'no_mp': True}
2025-09-13T22:06:25.173497,NO_FUEL,AC_Kompania__5_schwere_Artillerie,"43,-14",0,0,"36,-16",9,False,False,N/A,N/A,N/A,"{'no_mp': True, 'no_fuel': True}"
2025-09-13T22:06:25.174927,NO_MOVEMENT_POINTS,AL_Batalion__5_Artillerie_Abteilung,"43,-14",0,0,"37,-17",9,False,False,N/A,N/A,N/A,{'no_mp': True}
2025-09-13T22:06:25.177057,NO_FUEL,AL_Batalion__5_Artillerie_Abteilung,"43,-14",0,0,"37,-17",9,False,False,N/A,N/A,N/A,"{'no_mp': True, 'no_fuel': True}"
2025-09-13T22:06:25.181215,INSUFFICIENT_SUPPORT,Z_Pluton__5_Versorgungs_Kompanie,"43,-14",N/A,N/A,N/A,N/A,N/A,N/A,0,150,5,"{'enemies_list': [], 'units_found': 0, 'units_needed': 2, 'shortage': 2}"
2025-09-13T22:06:25.182225,NO_MOVEMENT_POINTS,P_Pluton__5_Infanterie_Regiment,"42,-14",0,0,"36,-15",7,False,False,N/A,N/A,N/A,{'no_mp': True}
2025-09-13T22:06:25.183239,NO_FUEL,P_Pluton__5_Infanterie_Regiment,"42,-14",0,0,"36,-15",7,False,False,N/A,N/A,N/A,"{'no_mp': True, 'no_fuel': True}"
2025-09-13T22:06:25.183684,NO_MOVEMENT_POINTS,P_Kompania__5_Infanterie_Regiment,"42,-14",0,0,"36,-14",6,False,False,N/A,N/A,N/A,{'no_mp': True}
2025-09-13T22:06:25.184681,NO_FUEL,P_Kompania__5_Infanterie_Regiment,"42,-14",0,0,"36,-14",6,False,False,N/A,N/A,N/A,"{'no_mp': True, 'no_fuel': True}"
2025-09-13T22:06:25.185740,NO_MOVEMENT_POINTS,P_Pluton__5_Sch_tzen_Kompanie,"42,-14",0,0,"37,-15",6,False,False,N/A,N/A,N/A,{'no_mp': True}
2025-09-13T22:06:25.185740,NO_FUEL,P_Pluton__5_Sch_tzen_Kompanie,"42,-14",0,0,"37,-15",6,False,False,N/A,N/A,N/A,"{'no_mp': True, 'no_fuel': True}"
2025-09-13T22:06:25.185740,NO_MOVEMENT_POINTS,AC_Kompania__5_schwere_Artillerie,"42,-14",0,0,"36,-16",8,False,False,N/A,N/A,N/A,{'no_mp': True}
2025-09-13T22:06:25.185740,NO_FUEL,AC_Kompania__5_schwere_Artillerie,"42,-14",0,0,"36,-16",8,False,False,N/A,N/A,N/A,"{'no_mp': True, 'no_fuel': True}"
2025-09-13T22:06:25.185740,NO_MOVEMENT_POINTS,AL_Batalion__5_Artillerie_Abteilung,"42,-14",0,0,"37,-17",8,False,False,N/A,N/A,N/A,{'no_mp': True}
2025-09-13T22:06:25.189964,NO_FUEL,AL_Batalion__5_Artillerie_Abteilung,"42,-14",0,0,"37,-17",8,False,False,N/A,N/A,N/A,"{'no_mp': True, 'no_fuel': True}"
2025-09-13T22:06:25.191663,INSUFFICIENT_SUPPORT,Z_Pluton__5_Unterst_tzungs_Bataillon,"42,-14",N/A,N/A,N/A,N/A,N/A,N/A,0,150,5,"{'enemies_list': [], 'units_found': 0, 'units_needed': 2, 'shortage': 2}"
2025-09-13T22:06:25.196082,NO_MOVEMENT_POINTS,P_Pluton__5_Infanterie_Regiment,"52,-13",0,0,"36,-15",18,False,False,N/A,N/A,N/A,{'no_mp': True}
2025-09-13T22:06:25.197079,NO_FUEL,P_Pluton__5_Infanterie_Regiment,"52,-13",0,0,"36,-15",18,False,False,N/A,N/A,N/A,"{'no_mp': True, 'no_fuel': True}"
2025-09-13T22:06:25.197079,NO_MOVEMENT_POINTS,P_Kompania__5_Infanterie_Regiment,"52,-13",0,0,"36,-14",17,False,False,N/A,N/A,N/A,{'no_mp': True}
2025-09-13T22:06:25.198500,NO_FUEL,P_Kompania__5_Infanterie_Regiment,"52,-13",0,0,"36,-14",17,False,False,N/A,N/A,N/A,"{'no_mp': True, 'no_fuel': True}"
2025-09-13T22:06:25.199512,NO_MOVEMENT_POINTS,P_Pluton__5_Sch_tzen_Kompanie,"52,-13",0,0,"37,-15",17,False,False,N/A,N/A,N/A,{'no_mp': True}
2025-09-13T22:06:25.200392,NO_FUEL,P_Pluton__5_Sch_tzen_Kompanie,"52,-13",0,0,"37,-15",17,False,False,N/A,N/A,N/A,"{'no_mp': True, 'no_fuel': True}"
2025-09-13T22:06:25.200392,NO_MOVEMENT_POINTS,AC_Kompania__5_schwere_Artillerie,"52,-13",0,0,"36,-16",19,False,False,N/A,N/A,N/A,{'no_mp': True}
2025-09-13T22:06:25.200392,NO_FUEL,AC_Kompania__5_schwere_Artillerie,"52,-13",0,0,"36,-16",19,False,False,N/A,N/A,N/A,"{'no_mp': True, 'no_fuel': True}"
2025-09-13T22:06:25.203276,NO_MOVEMENT_POINTS,AL_Batalion__5_Artillerie_Abteilung,"52,-13",0,0,"37,-17",19,False,False,N/A,N/A,N/A,{'no_mp': True}
2025-09-13T22:06:25.203276,NO_FUEL,AL_Batalion__5_Artillerie_Abteilung,"52,-13",0,0,"37,-17",19,False,False,N/A,N/A,N/A,"{'no_mp': True, 'no_fuel': True}"
2025-09-13T22:06:25.203276,INSUFFICIENT_SUPPORT,Z_Pluton__5_Unterst_tzungs_Bataillon_20250913214038,"52,-13",N/A,N/A,N/A,N/A,N/A,N/A,0,100,5,"{'enemies_list': [], 'units_found': 0, 'units_needed': 2, 'shortage': 2}"
2025-09-13T22:06:25.520078,NO_MOVEMENT_POINTS,P_Batalion__2_Batalion_Strzelc_w_20250913214005,"28,3",0,0,"25,-9",15,False,False,N/A,N/A,N/A,{'no_mp': True}
2025-09-13T22:06:25.522141,NO_FUEL,P_Batalion__2_Batalion_Strzelc_w_20250913214005,"28,3",0,0,"25,-9",15,False,False,N/A,N/A,N/A,"{'no_mp': True, 'no_fuel': True}"
2025-09-13T22:06:25.522141,NO_MOVEMENT_POINTS,P_Pluton__2_Kompania_Grenadier_w,"28,3",0,0,"26,6",3,False,False,N/A,N/A,N/A,{'no_mp': True}
2025-09-13T22:06:25.523649,NO_FUEL,P_Pluton__2_Kompania_Grenadier_w,"28,3",0,0,"26,6",3,False,False,N/A,N/A,N/A,"{'no_mp': True, 'no_fuel': True}"
2025-09-13T22:06:25.523649,NO_MOVEMENT_POINTS,Z_Pluton__2_Batalion_Wsparcia,"28,3",0,0,"28,5",2,False,False,N/A,N/A,N/A,{'no_mp': True}
2025-09-13T22:06:25.528093,NO_FUEL,Z_Pluton__2_Batalion_Wsparcia,"28,3",0,0,"28,5",2,False,False,N/A,N/A,N/A,"{'no_mp': True, 'no_fuel': True}"
2025-09-13T22:06:25.530548,NO_MOVEMENT_POINTS,P_Pluton__2_Kompania_Grenadier_w_20250913214010,"28,3",0,0,"27,6",3,False,False,N/A,N/A,N/A,{'no_mp': True}
2025-09-13T22:06:25.531552,NO_FUEL,P_Pluton__2_Kompania_Grenadier_w_20250913214010,"28,3",0,0,"27,6",3,False,False,N/A,N/A,N/A,"{'no_mp': True, 'no_fuel': True}"
2025-09-13T22:06:25.532557,INSUFFICIENT_SUPPORT,P_Kompania__2_Pu_k_Piechoty,"28,3",N/A,N/A,N/A,N/A,N/A,N/A,0,75,4,"{'enemies_list': [], 'units_found': 0, 'units_needed': 1, 'shortage': 1}"
2025-09-13T22:06:25.533560,NO_MOVEMENT_POINTS,P_Batalion__2_Batalion_Strzelc_w_20250913214005,"27,4",0,0,"25,-9",15,False,False,N/A,N/A,N/A,{'no_mp': True}
2025-09-13T22:06:25.535580,NO_FUEL,P_Batalion__2_Batalion_Strzelc_w_20250913214005,"27,4",0,0,"25,-9",15,False,False,N/A,N/A,N/A,"{'no_mp': True, 'no_fuel': True}"
2025-09-13T22:06:25.535580,NO_MOVEMENT_POINTS,P_Pluton__2_Kompania_Grenadier_w,"27,4",0,0,"26,6",2,False,False,N/A,N/A,N/A,{'no_mp': True}
2025-09-13T22:06:25.536746,NO_FUEL,P_Pluton__2_Kompania_Grenadier_w,"27,4",0,0,"26,6",2,False,False,N/A,N/A,N/A,"{'no_mp': True, 'no_fuel': True}"
2025-09-13T22:06:25.537940,NO_MOVEMENT_POINTS,Z_Pluton__2_Batalion_Wsparcia,"27,4",0,0,"28,5",2,False,False,N/A,N/A,N/A,{'no_mp': True}
2025-09-13T22:06:25.537940,NO_FUEL,Z_Pluton__2_Batalion_Wsparcia,"27,4",0,0,"28,5",2,False,False,N/A,N/A,N/A,"{'no_mp': True, 'no_fuel': True}"
2025-09-13T22:06:25.539249,NO_MOVEMENT_POINTS,P_Pluton__2_Kompania_Grenadier_w_20250913214010,"27,4",0,0,"27,6",2,False,False,N/A,N/A,N/A,{'no_mp': True}
2025-09-13T22:06:25.540252,NO_FUEL,P_Pluton__2_Kompania_Grenadier_w_20250913214010,"27,4",0,0,"27,6",2,False,False,N/A,N/A,N/A,"{'no_mp': True, 'no_fuel': True}"
2025-09-13T22:06:25.543679,INSUFFICIENT_SUPPORT,Z_Pluton__2_Oddzia_Rozpoznawczy,"27,4",N/A,N/A,N/A,N/A,N/A,N/A,0,75,4,"{'enemies_list': [], 'units_found': 0, 'units_needed': 1, 'shortage': 1}"
2025-09-13T22:06:25.545209,NO_MOVEMENT_POINTS,P_Batalion__2_Batalion_Strzelc_w_20250913214005,"24,-7",0,0,"25,-9",2,False,False,N/A,N/A,N/A,{'no_mp': True}
2025-09-13T22:06:25.546706,NO_FUEL,P_Batalion__2_Batalion_Strzelc_w_20250913214005,"24,-7",0,0,"25,-9",2,False,False,N/A,N/A,N/A,"{'no_mp': True, 'no_fuel': True}"
2025-09-13T22:06:25.547762,NO_MOVEMENT_POINTS,P_Pluton__2_Kompania_Grenadier_w,"24,-7",0,0,"26,6",15,False,False,N/A,N/A,N/A,{'no_mp': True}
2025-09-13T22:06:25.548881,NO_FUEL,P_Pluton__2_Kompania_Grenadier_w,"24,-7",0,0,"26,6",15,False,False,N/A,N/A,N/A,"{'no_mp': True, 'no_fuel': True}"
2025-09-13T22:06:25.548881,NO_MOVEMENT_POINTS,Z_Pluton__2_Batalion_Wsparcia,"24,-7",0,0,"28,5",16,False,False,N/A,N/A,N/A,{'no_mp': True}
2025-09-13T22:06:25.550263,NO_FUEL,Z_Pluton__2_Batalion_Wsparcia,"24,-7",0,0,"28,5",16,False,False,N/A,N/A,N/A,"{'no_mp': True, 'no_fuel': True}"
2025-09-13T22:06:25.551415,NO_MOVEMENT_POINTS,P_Pluton__2_Kompania_Grenadier_w_20250913214010,"24,-7",0,0,"27,6",16,False,False,N/A,N/A,N/A,{'no_mp': True}
2025-09-13T22:06:25.552593,NO_FUEL,P_Pluton__2_Kompania_Grenadier_w_20250913214010,"24,-7",0,0,"27,6",16,False,False,N/A,N/A,N/A,"{'no_mp': True, 'no_fuel': True}"
2025-09-13T22:06:25.553596,INSUFFICIENT_SUPPORT,Z_Batalion__2_Kompania_Zaopatrzeniowa,"24,-7",N/A,N/A,N/A,N/A,N/A,N/A,0,50,4,"{'enemies_list': [], 'units_found': 0, 'units_needed': 1, 'shortage': 1}"
2025-09-13T22:06:25.553596,NO_MOVEMENT_POINTS,P_Batalion__2_Batalion_Strzelc_w_20250913214005,"15,-7",0,0,"25,-9",10,False,False,N/A,N/A,N/A,{'no_mp': True}
2025-09-13T22:06:25.555064,NO_FUEL,P_Batalion__2_Batalion_Strzelc_w_20250913214005,"15,-7",0,0,"25,-9",10,False,False,N/A,N/A,N/A,"{'no_mp': True, 'no_fuel': True}"
2025-09-13T22:06:25.556241,NO_MOVEMENT_POINTS,P_Pluton__2_Kompania_Grenadier_w,"15,-7",0,0,"26,6",24,False,False,N/A,N/A,N/A,{'no_mp': True}
2025-09-13T22:06:25.557404,NO_FUEL,P_Pluton__2_Kompania_Grenadier_w,"15,-7",0,0,"26,6",24,False,False,N/A,N/A,N/A,"{'no_mp': True, 'no_fuel': True}"
2025-09-13T22:06:25.560659,NO_MOVEMENT_POINTS,Z_Pluton__2_Batalion_Wsparcia,"15,-7",0,0,"28,5",25,False,False,N/A,N/A,N/A,{'no_mp': True}
2025-09-13T22:06:25.562645,NO_FUEL,Z_Pluton__2_Batalion_Wsparcia,"15,-7",0,0,"28,5",25,False,False,N/A,N/A,N/A,"{'no_mp': True, 'no_fuel': True}"
2025-09-13T22:06:25.563643,NO_MOVEMENT_POINTS,P_Pluton__2_Kompania_Grenadier_w_20250913214010,"15,-7",0,0,"27,6",25,False,False,N/A,N/A,N/A,{'no_mp': True}
2025-09-13T22:06:25.564921,NO_FUEL,P_Pluton__2_Kompania_Grenadier_w_20250913214010,"15,-7",0,0,"27,6",25,False,False,N/A,N/A,N/A,"{'no_mp': True, 'no_fuel': True}"
2025-09-13T22:06:25.565928,INSUFFICIENT_SUPPORT,D_Pluton__2_Dow_dztwo_Einheit,"15,-7",N/A,N/A,N/A,N/A,N/A,N/A,0,100,4,"{'enemies_list': [], 'units_found': 0, 'units_needed': 2, 'shortage': 2}"
2025-09-13T22:06:25.685344,NO_MOVEMENT_POINTS,P_Pluton__5_Infanterie_Regiment,"45,-15",0,0,"36,-15",9,False,False,N/A,N/A,N/A,{'no_mp': True}
2025-09-13T22:06:25.685344,NO_FUEL,P_Pluton__5_Infanterie_Regiment,"45,-15",0,0,"36,-15",9,False,False,N/A,N/A,N/A,"{'no_mp': True, 'no_fuel': True}"
2025-09-13T22:06:25.686355,NO_MOVEMENT_POINTS,P_Kompania__5_Infanterie_Regiment,"45,-15",0,0,"36,-14",9,False,False,N/A,N/A,N/A,{'no_mp': True}
2025-09-13T22:06:25.687408,NO_FUEL,P_Kompania__5_Infanterie_Regiment,"45,-15",0,0,"36,-14",9,False,False,N/A,N/A,N/A,"{'no_mp': True, 'no_fuel': True}"
2025-09-13T22:06:25.688583,NO_MOVEMENT_POINTS,P_Pluton__5_Sch_tzen_Kompanie,"45,-15",0,0,"37,-15",8,False,False,N/A,N/A,N/A,{'no_mp': True}
2025-09-13T22:06:25.689587,NO_FUEL,P_Pluton__5_Sch_tzen_Kompanie,"45,-15",0,0,"37,-15",8,False,False,N/A,N/A,N/A,"{'no_mp': True, 'no_fuel': True}"
2025-09-13T22:06:25.690297,NO_MOVEMENT_POINTS,AC_Kompania__5_schwere_Artillerie,"45,-15",0,0,"36,-16",10,False,False,N/A,N/A,N/A,{'no_mp': True}
2025-09-13T22:06:25.691042,NO_FUEL,AC_Kompania__5_schwere_Artillerie,"45,-15",0,0,"36,-16",10,False,False,N/A,N/A,N/A,"{'no_mp': True, 'no_fuel': True}"
2025-09-13T22:06:25.693704,NO_MOVEMENT_POINTS,AL_Batalion__5_Artillerie_Abteilung,"45,-15",0,0,"37,-17",10,False,False,N/A,N/A,N/A,{'no_mp': True}
2025-09-13T22:06:25.696911,NO_FUEL,AL_Batalion__5_Artillerie_Abteilung,"45,-15",0,0,"37,-17",10,False,False,N/A,N/A,N/A,"{'no_mp': True, 'no_fuel': True}"
2025-09-13T22:06:25.698217,INSUFFICIENT_SUPPORT,Z_Kompania__5_Unterst_tzungs_Bataillon,"45,-15",N/A,N/A,N/A,N/A,N/A,N/A,0,100,5,"{'enemies_list': [], 'units_found': 0, 'units_needed': 2, 'shortage': 2}"
2025-09-13T22:06:25.698217,NO_MOVEMENT_POINTS,P_Pluton__5_Infanterie_Regiment,"43,-14",0,0,"36,-15",8,False,False,N/A,N/A,N/A,{'no_mp': True}
2025-09-13T22:06:25.699431,NO_FUEL,P_Pluton__5_Infanterie_Regiment,"43,-14",0,0,"36,-15",8,False,False,N/A,N/A,N/A,"{'no_mp': True, 'no_fuel': True}"
2025-09-13T22:06:25.700780,NO_MOVEMENT_POINTS,P_Kompania__5_Infanterie_Regiment,"43,-14",0,0,"36,-14",7,False,False,N/A,N/A,N/A,{'no_mp': True}
2025-09-13T22:06:25.700780,NO_FUEL,P_Kompania__5_Infanterie_Regiment,"43,-14",0,0,"36,-14",7,False,False,N/A,N/A,N/A,"{'no_mp': True, 'no_fuel': True}"
2025-09-13T22:06:25.702076,NO_MOVEMENT_POINTS,P_Pluton__5_Sch_tzen_Kompanie,"43,-14",0,0,"37,-15",7,False,False,N/A,N/A,N/A,{'no_mp': True}
2025-09-13T22:06:25.703615,NO_FUEL,P_Pluton__5_Sch_tzen_Kompanie,"43,-14",0,0,"37,-15",7,False,False,N/A,N/A,N/A,"{'no_mp': True, 'no_fuel': True}"
2025-09-13T22:06:25.703615,NO_MOVEMENT_POINTS,AC_Kompania__5_schwere_Artillerie,"43,-14",0,0,"36,-16",9,False,False,N/A,N/A,N/A,{'no_mp': True}
2025-09-13T22:06:25.704851,NO_FUEL,AC_Kompania__5_schwere_Artillerie,"43,-14",0,0,"36,-16",9,False,False,N/A,N/A,N/A,"{'no_mp': True, 'no_fuel': True}"
2025-09-13T22:06:25.706127,NO_MOVEMENT_POINTS,AL_Batalion__5_Artillerie_Abteilung,"43,-14",0,0,"37,-17",9,False,False,N/A,N/A,N/A,{'no_mp': True}
2025-09-13T22:06:25.706127,NO_FUEL,AL_Batalion__5_Artillerie_Abteilung,"43,-14",0,0,"37,-17",9,False,False,N/A,N/A,N/A,"{'no_mp': True, 'no_fuel': True}"
2025-09-13T22:06:25.708699,INSUFFICIENT_SUPPORT,Z_Pluton__5_Versorgungs_Kompanie,"43,-14",N/A,N/A,N/A,N/A,N/A,N/A,0,150,5,"{'enemies_list': [], 'units_found': 0, 'units_needed': 2, 'shortage': 2}"
2025-09-13T22:06:25.713709,NO_MOVEMENT_POINTS,P_Pluton__5_Infanterie_Regiment,"42,-14",0,0,"36,-15",7,False,False,N/A,N/A,N/A,{'no_mp': True}
2025-09-13T22:06:25.714723,NO_FUEL,P_Pluton__5_Infanterie_Regiment,"42,-14",0,0,"36,-15",7,False,False,N/A,N/A,N/A,"{'no_mp': True, 'no_fuel': True}"
2025-09-13T22:06:25.714723,NO_MOVEMENT_POINTS,P_Kompania__5_Infanterie_Regiment,"42,-14",0,0,"36,-14",6,False,False,N/A,N/A,N/A,{'no_mp': True}
2025-09-13T22:06:25.715866,NO_FUEL,P_Kompania__5_Infanterie_Regiment,"42,-14",0,0,"36,-14",6,False,False,N/A,N/A,N/A,"{'no_mp': True, 'no_fuel': True}"
2025-09-13T22:06:25.717031,NO_MOVEMENT_POINTS,P_Pluton__5_Sch_tzen_Kompanie,"42,-14",0,0,"37,-15",6,False,False,N/A,N/A,N/A,{'no_mp': True}
2025-09-13T22:06:25.717874,NO_FUEL,P_Pluton__5_Sch_tzen_Kompanie,"42,-14",0,0,"37,-15",6,False,False,N/A,N/A,N/A,"{'no_mp': True, 'no_fuel': True}"
2025-09-13T22:06:25.717874,NO_MOVEMENT_POINTS,AC_Kompania__5_schwere_Artillerie,"42,-14",0,0,"36,-16",8,False,False,N/A,N/A,N/A,{'no_mp': True}
2025-09-13T22:06:25.717874,NO_FUEL,AC_Kompania__5_schwere_Artillerie,"42,-14",0,0,"36,-16",8,False,False,N/A,N/A,N/A,"{'no_mp': True, 'no_fuel': True}"
2025-09-13T22:06:25.717874,NO_MOVEMENT_POINTS,AL_Batalion__5_Artillerie_Abteilung,"42,-14",0,0,"37,-17",8,False,False,N/A,N/A,N/A,{'no_mp': True}
2025-09-13T22:06:25.717874,NO_FUEL,AL_Batalion__5_Artillerie_Abteilung,"42,-14",0,0,"37,-17",8,False,False,N/A,N/A,N/A,"{'no_mp': True, 'no_fuel': True}"
2025-09-13T22:06:25.717874,INSUFFICIENT_SUPPORT,Z_Pluton__5_Unterst_tzungs_Bataillon,"42,-14",N/A,N/A,N/A,N/A,N/A,N/A,0,150,5,"{'enemies_list': [], 'units_found': 0, 'units_needed': 2, 'shortage': 2}"
2025-09-13T22:06:25.724289,NO_MOVEMENT_POINTS,P_Pluton__5_Infanterie_Regiment,"52,-13",0,0,"36,-15",18,False,False,N/A,N/A,N/A,{'no_mp': True}
2025-09-13T22:06:25.724289,NO_FUEL,P_Pluton__5_Infanterie_Regiment,"52,-13",0,0,"36,-15",18,False,False,N/A,N/A,N/A,"{'no_mp': True, 'no_fuel': True}"
2025-09-13T22:06:25.728068,NO_MOVEMENT_POINTS,P_Kompania__5_Infanterie_Regiment,"52,-13",0,0,"36,-14",17,False,False,N/A,N/A,N/A,{'no_mp': True}
2025-09-13T22:06:25.730226,NO_FUEL,P_Kompania__5_Infanterie_Regiment,"52,-13",0,0,"36,-14",17,False,False,N/A,N/A,N/A,"{'no_mp': True, 'no_fuel': True}"
2025-09-13T22:06:25.731554,NO_MOVEMENT_POINTS,P_Pluton__5_Sch_tzen_Kompanie,"52,-13",0,0,"37,-15",17,False,False,N/A,N/A,N/A,{'no_mp': True}
2025-09-13T22:06:25.732826,NO_FUEL,P_Pluton__5_Sch_tzen_Kompanie,"52,-13",0,0,"37,-15",17,False,False,N/A,N/A,N/A,"{'no_mp': True, 'no_fuel': True}"
2025-09-13T22:06:25.733330,NO_MOVEMENT_POINTS,AC_Kompania__5_schwere_Artillerie,"52,-13",0,0,"36,-16",19,False,False,N/A,N/A,N/A,{'no_mp': True}
2025-09-13T22:06:25.734436,NO_FUEL,AC_Kompania__5_schwere_Artillerie,"52,-13",0,0,"36,-16",19,False,False,N/A,N/A,N/A,"{'no_mp': True, 'no_fuel': True}"
2025-09-13T22:06:25.735448,NO_MOVEMENT_POINTS,AL_Batalion__5_Artillerie_Abteilung,"52,-13",0,0,"37,-17",19,False,False,N/A,N/A,N/A,{'no_mp': True}
2025-09-13T22:06:25.736583,NO_FUEL,AL_Batalion__5_Artillerie_Abteilung,"52,-13",0,0,"37,-17",19,False,False,N/A,N/A,N/A,"{'no_mp': True, 'no_fuel': True}"
2025-09-13T22:06:25.737595,INSUFFICIENT_SUPPORT,Z_Pluton__5_Unterst_tzungs_Bataillon_20250913214038,"52,-13",N/A,N/A,N/A,N/A,N/A,N/A,0,100,5,"{'enemies_list': [], 'units_found': 0, 'units_needed': 2, 'shortage': 2}"
2025-09-13T22:06:27.447922,NO_MOVEMENT_POINTS,P_Batalion__2_Batalion_Strzelc_w,"24,-8",0,0,"25,-9",1,False,False,N/A,N/A,N/A,{'no_mp': True}
2025-09-13T22:06:27.447922,NO_FUEL,P_Batalion__2_Batalion_Strzelc_w,"24,-8",0,0,"25,-9",1,False,False,N/A,N/A,N/A,"{'no_mp': True, 'no_fuel': True}"
2025-09-13T22:06:27.447922,NO_MOVEMENT_POINTS,P_Batalion__2_Batalion_Strzelc_w_20250913214005,"24,-8",0,0,"26,-9",2,False,False,N/A,N/A,N/A,{'no_mp': True}
2025-09-13T22:06:27.453334,NO_FUEL,P_Batalion__2_Batalion_Strzelc_w_20250913214005,"24,-8",0,0,"26,-9",2,False,False,N/A,N/A,N/A,"{'no_mp': True, 'no_fuel': True}"
2025-09-13T22:06:27.454546,NO_MOVEMENT_POINTS,P_Pluton__2_Kompania_Grenadier_w,"24,-8",0,0,"27,5",16,False,False,N/A,N/A,N/A,{'no_mp': True}
2025-09-13T22:06:27.455545,NO_FUEL,P_Pluton__2_Kompania_Grenadier_w,"24,-8",0,0,"27,5",16,False,False,N/A,N/A,N/A,"{'no_mp': True, 'no_fuel': True}"
2025-09-13T22:06:27.456608,NO_MOVEMENT_POINTS,P_Pluton__2_Kompania_Grenadier_w_20250913214010,"24,-8",0,0,"28,4",16,False,False,N/A,N/A,N/A,{'no_mp': True}
2025-09-13T22:06:27.456608,NO_FUEL,P_Pluton__2_Kompania_Grenadier_w_20250913214010,"24,-8",0,0,"28,4",16,False,False,N/A,N/A,N/A,"{'no_mp': True, 'no_fuel': True}"
2025-09-13T22:06:27.457874,INSUFFICIENT_SUPPORT,TL_Kompania__2_Batalion_Pancerny,"24,-8",N/A,N/A,N/A,N/A,N/A,N/A,0,100,4,"{'enemies_list': [], 'units_found': 0, 'units_needed': 2, 'shortage': 2}"
2025-09-13T22:06:27.459755,NO_MOVEMENT_POINTS,P_Batalion__2_Batalion_Strzelc_w,"28,3",0,0,"25,-9",15,False,False,N/A,N/A,N/A,{'no_mp': True}
2025-09-13T22:06:27.463247,NO_FUEL,P_Batalion__2_Batalion_Strzelc_w,"28,3",0,0,"25,-9",15,False,False,N/A,N/A,N/A,"{'no_mp': True, 'no_fuel': True}"
2025-09-13T22:06:27.465422,NO_MOVEMENT_POINTS,P_Batalion__2_Batalion_Strzelc_w_20250913214005,"28,3",0,0,"26,-9",14,False,False,N/A,N/A,N/A,{'no_mp': True}
2025-09-13T22:06:27.465422,NO_FUEL,P_Batalion__2_Batalion_Strzelc_w_20250913214005,"28,3",0,0,"26,-9",14,False,False,N/A,N/A,N/A,"{'no_mp': True, 'no_fuel': True}"
2025-09-13T22:06:27.466695,NO_MOVEMENT_POINTS,P_Pluton__2_Kompania_Grenadier_w,"28,3",0,0,"27,5",2,False,False,N/A,N/A,N/A,{'no_mp': True}
2025-09-13T22:06:27.467708,NO_FUEL,P_Pluton__2_Kompania_Grenadier_w,"28,3",0,0,"27,5",2,False,False,N/A,N/A,N/A,"{'no_mp': True, 'no_fuel': True}"
2025-09-13T22:06:27.469064,NO_MOVEMENT_POINTS,P_Pluton__2_Kompania_Grenadier_w_20250913214010,"28,3",0,0,"28,4",1,False,False,N/A,N/A,N/A,{'no_mp': True}
2025-09-13T22:06:27.469064,NO_FUEL,P_Pluton__2_Kompania_Grenadier_w_20250913214010,"28,3",0,0,"28,4",1,False,False,N/A,N/A,N/A,"{'no_mp': True, 'no_fuel': True}"
2025-09-13T22:06:27.470071,INSUFFICIENT_SUPPORT,P_Kompania__2_Pu_k_Piechoty,"28,3",N/A,N/A,N/A,N/A,N/A,N/A,0,75,4,"{'enemies_list': [], 'units_found': 0, 'units_needed': 1, 'shortage': 1}"
2025-09-13T22:06:27.472078,NO_MOVEMENT_POINTS,P_Batalion__2_Batalion_Strzelc_w,"15,-7",0,0,"25,-9",10,False,False,N/A,N/A,N/A,{'no_mp': True}
2025-09-13T22:06:27.472078,NO_FUEL,P_Batalion__2_Batalion_Strzelc_w,"15,-7",0,0,"25,-9",10,False,False,N/A,N/A,N/A,"{'no_mp': True, 'no_fuel': True}"
2025-09-13T22:06:27.473587,NO_MOVEMENT_POINTS,P_Batalion__2_Batalion_Strzelc_w_20250913214005,"15,-7",0,0,"26,-9",11,False,False,N/A,N/A,N/A,{'no_mp': True}
2025-09-13T22:06:27.474863,NO_FUEL,P_Batalion__2_Batalion_Strzelc_w_20250913214005,"15,-7",0,0,"26,-9",11,False,False,N/A,N/A,N/A,"{'no_mp': True, 'no_fuel': True}"
2025-09-13T22:06:27.474863,NO_MOVEMENT_POINTS,P_Pluton__2_Kompania_Grenadier_w,"15,-7",0,0,"27,5",24,False,False,N/A,N/A,N/A,{'no_mp': True}
2025-09-13T22:06:27.476209,NO_FUEL,P_Pluton__2_Kompania_Grenadier_w,"15,-7",0,0,"27,5",24,False,False,N/A,N/A,N/A,"{'no_mp': True, 'no_fuel': True}"
2025-09-13T22:06:27.479304,NO_MOVEMENT_POINTS,P_Pluton__2_Kompania_Grenadier_w_20250913214010,"15,-7",0,0,"28,4",24,False,False,N/A,N/A,N/A,{'no_mp': True}
2025-09-13T22:06:27.481226,NO_FUEL,P_Pluton__2_Kompania_Grenadier_w_20250913214010,"15,-7",0,0,"28,4",24,False,False,N/A,N/A,N/A,"{'no_mp': True, 'no_fuel': True}"
2025-09-13T22:06:27.482244,INSUFFICIENT_SUPPORT,D_Pluton__2_Dow_dztwo_Einheit,"15,-7",N/A,N/A,N/A,N/A,N/A,N/A,0,100,4,"{'enemies_list': [], 'units_found': 0, 'units_needed': 2, 'shortage': 2}"
2025-09-13T22:06:27.905328,NO_MOVEMENT_POINTS,P_Pluton__5_Infanterie_Regiment,"43,-14",0,0,"35,-15",9,False,False,N/A,N/A,N/A,{'no_mp': True}
2025-09-13T22:06:27.906350,NO_FUEL,P_Pluton__5_Infanterie_Regiment,"43,-14",0,0,"35,-15",9,False,False,N/A,N/A,N/A,"{'no_mp': True, 'no_fuel': True}"
2025-09-13T22:06:27.907541,NO_MOVEMENT_POINTS,P_Kompania__5_Infanterie_Regiment,"43,-14",0,0,"36,-15",8,False,False,N/A,N/A,N/A,{'no_mp': True}
2025-09-13T22:06:27.907541,NO_FUEL,P_Kompania__5_Infanterie_Regiment,"43,-14",0,0,"36,-15",8,False,False,N/A,N/A,N/A,"{'no_mp': True, 'no_fuel': True}"
2025-09-13T22:06:27.908752,NO_MOVEMENT_POINTS,P_Pluton__5_Sch_tzen_Kompanie,"43,-14",0,0,"37,-15",7,False,False,N/A,N/A,N/A,{'no_mp': True}
2025-09-13T22:06:27.909934,NO_FUEL,P_Pluton__5_Sch_tzen_Kompanie,"43,-14",0,0,"37,-15",7,False,False,N/A,N/A,N/A,"{'no_mp': True, 'no_fuel': True}"
2025-09-13T22:06:27.913331,NO_MOVEMENT_POINTS,AC_Kompania__5_schwere_Artillerie,"43,-14",0,0,"36,-16",9,False,False,N/A,N/A,N/A,{'no_mp': True}
2025-09-13T22:06:27.915753,NO_FUEL,AC_Kompania__5_schwere_Artillerie,"43,-14",0,0,"36,-16",9,False,False,N/A,N/A,N/A,"{'no_mp': True, 'no_fuel': True}"
2025-09-13T22:06:27.915753,NO_MOVEMENT_POINTS,AL_Batalion__5_Artillerie_Abteilung,"43,-14",0,0,"37,-16",8,False,False,N/A,N/A,N/A,{'no_mp': True}
2025-09-13T22:06:27.916775,NO_FUEL,AL_Batalion__5_Artillerie_Abteilung,"43,-14",0,0,"37,-16",8,False,False,N/A,N/A,N/A,"{'no_mp': True, 'no_fuel': True}"
2025-09-13T22:06:27.917779,INSUFFICIENT_SUPPORT,Z_Pluton__5_Versorgungs_Kompanie,"43,-14",N/A,N/A,N/A,N/A,N/A,N/A,0,150,5,"{'enemies_list': [], 'units_found': 0, 'units_needed': 2, 'shortage': 2}"
2025-09-13T22:06:28.204301,NO_MOVEMENT_POINTS,P_Batalion__2_Batalion_Strzelc_w_20250913214005,"24,-7",0,0,"25,-9",2,False,False,N/A,N/A,N/A,{'no_mp': True}
2025-09-13T22:06:28.208029,NO_FUEL,P_Batalion__2_Batalion_Strzelc_w_20250913214005,"24,-7",0,0,"25,-9",2,False,False,N/A,N/A,N/A,"{'no_mp': True, 'no_fuel': True}"
2025-09-13T22:06:28.209027,NO_MOVEMENT_POINTS,P_Pluton__2_Kompania_Grenadier_w,"24,-7",0,0,"26,6",15,False,False,N/A,N/A,N/A,{'no_mp': True}
2025-09-13T22:06:28.210283,NO_FUEL,P_Pluton__2_Kompania_Grenadier_w,"24,-7",0,0,"26,6",15,False,False,N/A,N/A,N/A,"{'no_mp': True, 'no_fuel': True}"
2025-09-13T22:06:28.211287,NO_MOVEMENT_POINTS,Z_Pluton__2_Batalion_Wsparcia,"24,-7",0,0,"28,5",16,False,False,N/A,N/A,N/A,{'no_mp': True}
2025-09-13T22:06:28.213674,NO_FUEL,Z_Pluton__2_Batalion_Wsparcia,"24,-7",0,0,"28,5",16,False,False,N/A,N/A,N/A,"{'no_mp': True, 'no_fuel': True}"
2025-09-13T22:06:28.215988,NO_MOVEMENT_POINTS,P_Pluton__2_Kompania_Grenadier_w_20250913214010,"24,-7",0,0,"27,6",16,False,False,N/A,N/A,N/A,{'no_mp': True}
2025-09-13T22:06:28.216985,NO_FUEL,P_Pluton__2_Kompania_Grenadier_w_20250913214010,"24,-7",0,0,"27,6",16,False,False,N/A,N/A,N/A,"{'no_mp': True, 'no_fuel': True}"
2025-09-13T22:06:28.218182,INSUFFICIENT_SUPPORT,P_Batalion__2_Batalion_Strzelc_w,"24,-7",N/A,N/A,N/A,N/A,N/A,N/A,0,50,4,"{'enemies_list': [], 'units_found': 0, 'units_needed': 1, 'shortage': 1}"
2025-09-13T22:06:28.219508,NO_MOVEMENT_POINTS,P_Batalion__2_Batalion_Strzelc_w_20250913214005,"28,3",0,0,"25,-9",15,False,False,N/A,N/A,N/A,{'no_mp': True}
2025-09-13T22:06:28.220520,NO_FUEL,P_Batalion__2_Batalion_Strzelc_w_20250913214005,"28,3",0,0,"25,-9",15,False,False,N/A,N/A,N/A,"{'no_mp': True, 'no_fuel': True}"
2025-09-13T22:06:28.220520,NO_MOVEMENT_POINTS,P_Pluton__2_Kompania_Grenadier_w,"28,3",0,0,"26,6",3,False,False,N/A,N/A,N/A,{'no_mp': True}
2025-09-13T22:06:28.221748,NO_FUEL,P_Pluton__2_Kompania_Grenadier_w,"28,3",0,0,"26,6",3,False,False,N/A,N/A,N/A,"{'no_mp': True, 'no_fuel': True}"
2025-09-13T22:06:28.223284,NO_MOVEMENT_POINTS,Z_Pluton__2_Batalion_Wsparcia,"28,3",0,0,"28,5",2,False,False,N/A,N/A,N/A,{'no_mp': True}
2025-09-13T22:06:28.223284,NO_FUEL,Z_Pluton__2_Batalion_Wsparcia,"28,3",0,0,"28,5",2,False,False,N/A,N/A,N/A,"{'no_mp': True, 'no_fuel': True}"
2025-09-13T22:06:28.224392,NO_MOVEMENT_POINTS,P_Pluton__2_Kompania_Grenadier_w_20250913214010,"28,3",0,0,"27,6",3,False,False,N/A,N/A,N/A,{'no_mp': True}
2025-09-13T22:06:28.225412,NO_FUEL,P_Pluton__2_Kompania_Grenadier_w_20250913214010,"28,3",0,0,"27,6",3,False,False,N/A,N/A,N/A,"{'no_mp': True, 'no_fuel': True}"
2025-09-13T22:06:28.226708,INSUFFICIENT_SUPPORT,P_Kompania__2_Pu_k_Piechoty,"28,3",N/A,N/A,N/A,N/A,N/A,N/A,0,75,4,"{'enemies_list': [], 'units_found': 0, 'units_needed': 1, 'shortage': 1}"
2025-09-13T22:06:28.230101,NO_MOVEMENT_POINTS,P_Batalion__2_Batalion_Strzelc_w_20250913214005,"27,4",0,0,"25,-9",15,False,False,N/A,N/A,N/A,{'no_mp': True}
2025-09-13T22:06:28.232439,NO_FUEL,P_Batalion__2_Batalion_Strzelc_w_20250913214005,"27,4",0,0,"25,-9",15,False,False,N/A,N/A,N/A,"{'no_mp': True, 'no_fuel': True}"
2025-09-13T22:06:28.233448,NO_MOVEMENT_POINTS,P_Pluton__2_Kompania_Grenadier_w,"27,4",0,0,"26,6",2,False,False,N/A,N/A,N/A,{'no_mp': True}
2025-09-13T22:06:28.234628,NO_FUEL,P_Pluton__2_Kompania_Grenadier_w,"27,4",0,0,"26,6",2,False,False,N/A,N/A,N/A,"{'no_mp': True, 'no_fuel': True}"
2025-09-13T22:06:28.236613,NO_MOVEMENT_POINTS,Z_Pluton__2_Batalion_Wsparcia,"27,4",0,0,"28,5",2,False,False,N/A,N/A,N/A,{'no_mp': True}
2025-09-13T22:06:28.236613,NO_FUEL,Z_Pluton__2_Batalion_Wsparcia,"27,4",0,0,"28,5",2,False,False,N/A,N/A,N/A,"{'no_mp': True, 'no_fuel': True}"
2025-09-13T22:06:28.237621,NO_MOVEMENT_POINTS,P_Pluton__2_Kompania_Grenadier_w_20250913214010,"27,4",0,0,"27,6",2,False,False,N/A,N/A,N/A,{'no_mp': True}
2025-09-13T22:06:28.238768,NO_FUEL,P_Pluton__2_Kompania_Grenadier_w_20250913214010,"27,4",0,0,"27,6",2,False,False,N/A,N/A,N/A,"{'no_mp': True, 'no_fuel': True}"
2025-09-13T22:06:28.238768,INSUFFICIENT_SUPPORT,Z_Pluton__2_Oddzia_Rozpoznawczy,"27,4",N/A,N/A,N/A,N/A,N/A,N/A,0,75,4,"{'enemies_list': [], 'units_found': 0, 'units_needed': 1, 'shortage': 1}"
2025-09-13T22:06:28.238768,NO_MOVEMENT_POINTS,P_Batalion__2_Batalion_Strzelc_w_20250913214005,"15,-7",0,0,"25,-9",10,False,False,N/A,N/A,N/A,{'no_mp': True}
2025-09-13T22:06:28.238768,NO_FUEL,P_Batalion__2_Batalion_Strzelc_w_20250913214005,"15,-7",0,0,"25,-9",10,False,False,N/A,N/A,N/A,"{'no_mp': True, 'no_fuel': True}"
2025-09-13T22:06:28.242871,NO_MOVEMENT_POINTS,P_Pluton__2_Kompania_Grenadier_w,"15,-7",0,0,"26,6",24,False,False,N/A,N/A,N/A,{'no_mp': True}
2025-09-13T22:06:28.243376,NO_FUEL,P_Pluton__2_Kompania_Grenadier_w,"15,-7",0,0,"26,6",24,False,False,N/A,N/A,N/A,"{'no_mp': True, 'no_fuel': True}"
2025-09-13T22:06:28.246855,NO_MOVEMENT_POINTS,Z_Pluton__2_Batalion_Wsparcia,"15,-7",0,0,"28,5",25,False,False,N/A,N/A,N/A,{'no_mp': True}
2025-09-13T22:06:28.249072,NO_FUEL,Z_Pluton__2_Batalion_Wsparcia,"15,-7",0,0,"28,5",25,False,False,N/A,N/A,N/A,"{'no_mp': True, 'no_fuel': True}"
2025-09-13T22:06:28.250085,NO_MOVEMENT_POINTS,P_Pluton__2_Kompania_Grenadier_w_20250913214010,"15,-7",0,0,"27,6",25,False,False,N/A,N/A,N/A,{'no_mp': True}
2025-09-13T22:06:28.251106,NO_FUEL,P_Pluton__2_Kompania_Grenadier_w_20250913214010,"15,-7",0,0,"27,6",25,False,False,N/A,N/A,N/A,"{'no_mp': True, 'no_fuel': True}"
2025-09-13T22:06:28.251106,INSUFFICIENT_SUPPORT,D_Pluton__2_Dow_dztwo_Einheit,"15,-7",N/A,N/A,N/A,N/A,N/A,N/A,0,100,4,"{'enemies_list': [], 'units_found': 0, 'units_needed': 2, 'shortage': 2}"
2025-09-13T22:06:28.588942,NO_MOVEMENT_POINTS,P_Pluton__5_Infanterie_Regiment,"43,-14",0,0,"36,-15",8,False,False,N/A,N/A,N/A,{'no_mp': True}
2025-09-13T22:06:28.590215,NO_FUEL,P_Pluton__5_Infanterie_Regiment,"43,-14",0,0,"36,-15",8,False,False,N/A,N/A,N/A,"{'no_mp': True, 'no_fuel': True}"
2025-09-13T22:06:28.591220,NO_MOVEMENT_POINTS,P_Kompania__5_Infanterie_Regiment,"43,-14",0,0,"36,-14",7,False,False,N/A,N/A,N/A,{'no_mp': True}
2025-09-13T22:06:28.591220,NO_FUEL,P_Kompania__5_Infanterie_Regiment,"43,-14",0,0,"36,-14",7,False,False,N/A,N/A,N/A,"{'no_mp': True, 'no_fuel': True}"
2025-09-13T22:06:28.592405,NO_MOVEMENT_POINTS,P_Pluton__5_Sch_tzen_Kompanie,"43,-14",0,0,"37,-15",7,False,False,N/A,N/A,N/A,{'no_mp': True}
2025-09-13T22:06:28.593832,NO_FUEL,P_Pluton__5_Sch_tzen_Kompanie,"43,-14",0,0,"37,-15",7,False,False,N/A,N/A,N/A,"{'no_mp': True, 'no_fuel': True}"
2025-09-13T22:06:28.593832,NO_MOVEMENT_POINTS,AC_Kompania__5_schwere_Artillerie,"43,-14",0,0,"36,-16",9,False,False,N/A,N/A,N/A,{'no_mp': True}
2025-09-13T22:06:28.597781,NO_FUEL,AC_Kompania__5_schwere_Artillerie,"43,-14",0,0,"36,-16",9,False,False,N/A,N/A,N/A,"{'no_mp': True, 'no_fuel': True}"
2025-09-13T22:06:28.598958,NO_MOVEMENT_POINTS,AL_Batalion__5_Artillerie_Abteilung,"43,-14",0,0,"37,-16",8,False,False,N/A,N/A,N/A,{'no_mp': True}
2025-09-13T22:06:28.600236,NO_FUEL,AL_Batalion__5_Artillerie_Abteilung,"43,-14",0,0,"37,-16",8,False,False,N/A,N/A,N/A,"{'no_mp': True, 'no_fuel': True}"
2025-09-13T22:06:28.601688,INSUFFICIENT_SUPPORT,Z_Pluton__5_Versorgungs_Kompanie,"43,-14",N/A,N/A,N/A,N/A,N/A,N/A,0,150,5,"{'enemies_list': [], 'units_found': 0, 'units_needed': 2, 'shortage': 2}"
2025-09-13T22:06:28.602691,NO_MOVEMENT_POINTS,P_Pluton__5_Infanterie_Regiment,"43,-15",0,0,"36,-15",7,False,False,N/A,N/A,N/A,{'no_mp': True}
2025-09-13T22:06:28.602691,NO_FUEL,P_Pluton__5_Infanterie_Regiment,"43,-15",0,0,"36,-15",7,False,False,N/A,N/A,N/A,"{'no_mp': True, 'no_fuel': True}"
2025-09-13T22:06:28.604111,NO_MOVEMENT_POINTS,P_Kompania__5_Infanterie_Regiment,"43,-15",0,0,"36,-14",7,False,False,N/A,N/A,N/A,{'no_mp': True}
2025-09-13T22:06:28.605431,NO_FUEL,P_Kompania__5_Infanterie_Regiment,"43,-15",0,0,"36,-14",7,False,False,N/A,N/A,N/A,"{'no_mp': True, 'no_fuel': True}"
2025-09-13T22:06:28.606679,NO_MOVEMENT_POINTS,P_Pluton__5_Sch_tzen_Kompanie,"43,-15",0,0,"37,-15",6,False,False,N/A,N/A,N/A,{'no_mp': True}
2025-09-13T22:06:28.607691,NO_FUEL,P_Pluton__5_Sch_tzen_Kompanie,"43,-15",0,0,"37,-15",6,False,False,N/A,N/A,N/A,"{'no_mp': True, 'no_fuel': True}"
2025-09-13T22:06:28.607691,NO_MOVEMENT_POINTS,AC_Kompania__5_schwere_Artillerie,"43,-15",0,0,"36,-16",8,False,False,N/A,N/A,N/A,{'no_mp': True}
2025-09-13T22:06:28.608852,NO_FUEL,AC_Kompania__5_schwere_Artillerie,"43,-15",0,0,"36,-16",8,False,False,N/A,N/A,N/A,"{'no_mp': True, 'no_fuel': True}"
2025-09-13T22:06:28.610075,NO_MOVEMENT_POINTS,AL_Batalion__5_Artillerie_Abteilung,"43,-15",0,0,"37,-16",7,False,False,N/A,N/A,N/A,{'no_mp': True}
2025-09-13T22:06:28.610075,NO_FUEL,AL_Batalion__5_Artillerie_Abteilung,"43,-15",0,0,"37,-16",7,False,False,N/A,N/A,N/A,"{'no_mp': True, 'no_fuel': True}"
2025-09-13T22:06:28.614317,INSUFFICIENT_SUPPORT,Z_Pluton__5_Unterst_tzungs_Bataillon,"43,-15",N/A,N/A,N/A,N/A,N/A,N/A,0,150,5,"{'enemies_list': [], 'units_found': 0, 'units_needed': 2, 'shortage': 2}"
2025-09-13T22:06:28.789825,NO_MOVEMENT_POINTS,P_Batalion__2_Batalion_Strzelc_w_20250913214005,"28,3",0,0,"25,-9",15,False,False,N/A,N/A,N/A,{'no_mp': True}
2025-09-13T22:06:28.790828,NO_FUEL,P_Batalion__2_Batalion_Strzelc_w_20250913214005,"28,3",0,0,"25,-9",15,False,False,N/A,N/A,N/A,"{'no_mp': True, 'no_fuel': True}"
2025-09-13T22:06:28.792361,NO_MOVEMENT_POINTS,P_Pluton__2_Kompania_Grenadier_w,"28,3",0,0,"26,6",3,False,False,N/A,N/A,N/A,{'no_mp': True}
2025-09-13T22:06:28.792766,NO_FUEL,P_Pluton__2_Kompania_Grenadier_w,"28,3",0,0,"26,6",3,False,False,N/A,N/A,N/A,"{'no_mp': True, 'no_fuel': True}"
2025-09-13T22:06:28.793779,NO_MOVEMENT_POINTS,Z_Pluton__2_Batalion_Wsparcia,"28,3",0,0,"28,5",2,False,False,N/A,N/A,N/A,{'no_mp': True}
2025-09-13T22:06:28.797691,NO_FUEL,Z_Pluton__2_Batalion_Wsparcia,"28,3",0,0,"28,5",2,False,False,N/A,N/A,N/A,"{'no_mp': True, 'no_fuel': True}"
2025-09-13T22:06:28.799602,NO_MOVEMENT_POINTS,P_Pluton__2_Kompania_Grenadier_w_20250913214010,"28,3",0,0,"27,6",3,False,False,N/A,N/A,N/A,{'no_mp': True}
2025-09-13T22:06:28.800623,NO_FUEL,P_Pluton__2_Kompania_Grenadier_w_20250913214010,"28,3",0,0,"27,6",3,False,False,N/A,N/A,N/A,"{'no_mp': True, 'no_fuel': True}"
2025-09-13T22:06:28.800623,INSUFFICIENT_SUPPORT,P_Kompania__2_Pu_k_Piechoty,"28,3",N/A,N/A,N/A,N/A,N/A,N/A,0,75,4,"{'enemies_list': [], 'units_found': 0, 'units_needed': 1, 'shortage': 1}"
2025-09-13T22:06:28.801759,NO_MOVEMENT_POINTS,P_Batalion__2_Batalion_Strzelc_w_20250913214005,"27,4",0,0,"25,-9",15,False,False,N/A,N/A,N/A,{'no_mp': True}
2025-09-13T22:06:28.802770,NO_FUEL,P_Batalion__2_Batalion_Strzelc_w_20250913214005,"27,4",0,0,"25,-9",15,False,False,N/A,N/A,N/A,"{'no_mp': True, 'no_fuel': True}"
2025-09-13T22:06:28.803785,NO_MOVEMENT_POINTS,P_Pluton__2_Kompania_Grenadier_w,"27,4",0,0,"26,6",2,False,False,N/A,N/A,N/A,{'no_mp': True}
2025-09-13T22:06:28.804965,NO_FUEL,P_Pluton__2_Kompania_Grenadier_w,"27,4",0,0,"26,6",2,False,False,N/A,N/A,N/A,"{'no_mp': True, 'no_fuel': True}"
2025-09-13T22:06:28.805499,NO_MOVEMENT_POINTS,Z_Pluton__2_Batalion_Wsparcia,"27,4",0,0,"28,5",2,False,False,N/A,N/A,N/A,{'no_mp': True}
2025-09-13T22:06:28.806587,NO_FUEL,Z_Pluton__2_Batalion_Wsparcia,"27,4",0,0,"28,5",2,False,False,N/A,N/A,N/A,"{'no_mp': True, 'no_fuel': True}"
2025-09-13T22:06:28.807590,NO_MOVEMENT_POINTS,P_Pluton__2_Kompania_Grenadier_w_20250913214010,"27,4",0,0,"27,6",2,False,False,N/A,N/A,N/A,{'no_mp': True}
2025-09-13T22:06:28.809050,NO_FUEL,P_Pluton__2_Kompania_Grenadier_w_20250913214010,"27,4",0,0,"27,6",2,False,False,N/A,N/A,N/A,"{'no_mp': True, 'no_fuel': True}"
2025-09-13T22:06:28.810216,INSUFFICIENT_SUPPORT,Z_Pluton__2_Oddzia_Rozpoznawczy,"27,4",N/A,N/A,N/A,N/A,N/A,N/A,0,75,4,"{'enemies_list': [], 'units_found': 0, 'units_needed': 1, 'shortage': 1}"
2025-09-13T22:06:28.813279,NO_MOVEMENT_POINTS,P_Batalion__2_Batalion_Strzelc_w_20250913214005,"15,-7",0,0,"25,-9",10,False,False,N/A,N/A,N/A,{'no_mp': True}
2025-09-13T22:06:28.815345,NO_FUEL,P_Batalion__2_Batalion_Strzelc_w_20250913214005,"15,-7",0,0,"25,-9",10,False,False,N/A,N/A,N/A,"{'no_mp': True, 'no_fuel': True}"
2025-09-13T22:06:28.816806,NO_MOVEMENT_POINTS,P_Pluton__2_Kompania_Grenadier_w,"15,-7",0,0,"26,6",24,False,False,N/A,N/A,N/A,{'no_mp': True}
2025-09-13T22:06:28.818800,NO_FUEL,P_Pluton__2_Kompania_Grenadier_w,"15,-7",0,0,"26,6",24,False,False,N/A,N/A,N/A,"{'no_mp': True, 'no_fuel': True}"
2025-09-13T22:06:28.819941,NO_MOVEMENT_POINTS,Z_Pluton__2_Batalion_Wsparcia,"15,-7",0,0,"28,5",25,False,False,N/A,N/A,N/A,{'no_mp': True}
2025-09-13T22:06:28.821363,NO_FUEL,Z_Pluton__2_Batalion_Wsparcia,"15,-7",0,0,"28,5",25,False,False,N/A,N/A,N/A,"{'no_mp': True, 'no_fuel': True}"
2025-09-13T22:06:28.822393,NO_MOVEMENT_POINTS,P_Pluton__2_Kompania_Grenadier_w_20250913214010,"15,-7",0,0,"27,6",25,False,False,N/A,N/A,N/A,{'no_mp': True}
2025-09-13T22:06:28.823858,NO_FUEL,P_Pluton__2_Kompania_Grenadier_w_20250913214010,"15,-7",0,0,"27,6",25,False,False,N/A,N/A,N/A,"{'no_mp': True, 'no_fuel': True}"
2025-09-13T22:06:28.824903,INSUFFICIENT_SUPPORT,D_Pluton__2_Dow_dztwo_Einheit,"15,-7",N/A,N/A,N/A,N/A,N/A,N/A,0,100,4,"{'enemies_list': [], 'units_found': 0, 'units_needed': 2, 'shortage': 2}"
2025-09-13T22:06:29.128945,NO_MOVEMENT_POINTS,P_Pluton__5_Infanterie_Regiment,"43,-15",0,0,"36,-15",7,False,False,N/A,N/A,N/A,{'no_mp': True}
2025-09-13T22:06:29.131084,NO_FUEL,P_Pluton__5_Infanterie_Regiment,"43,-15",0,0,"36,-15",7,False,False,N/A,N/A,N/A,"{'no_mp': True, 'no_fuel': True}"
2025-09-13T22:06:29.133490,NO_MOVEMENT_POINTS,P_Kompania__5_Infanterie_Regiment,"43,-15",0,0,"36,-14",7,False,False,N/A,N/A,N/A,{'no_mp': True}
2025-09-13T22:06:29.133490,NO_FUEL,P_Kompania__5_Infanterie_Regiment,"43,-15",0,0,"36,-14",7,False,False,N/A,N/A,N/A,"{'no_mp': True, 'no_fuel': True}"
2025-09-13T22:06:29.134968,NO_MOVEMENT_POINTS,P_Pluton__5_Sch_tzen_Kompanie,"43,-15",0,0,"37,-15",6,False,False,N/A,N/A,N/A,{'no_mp': True}
2025-09-13T22:06:29.136016,NO_FUEL,P_Pluton__5_Sch_tzen_Kompanie,"43,-15",0,0,"37,-15",6,False,False,N/A,N/A,N/A,"{'no_mp': True, 'no_fuel': True}"
2025-09-13T22:06:29.137539,NO_MOVEMENT_POINTS,AC_Kompania__5_schwere_Artillerie,"43,-15",0,0,"36,-16",8,False,False,N/A,N/A,N/A,{'no_mp': True}
2025-09-13T22:06:29.137539,NO_FUEL,AC_Kompania__5_schwere_Artillerie,"43,-15",0,0,"36,-16",8,False,False,N/A,N/A,N/A,"{'no_mp': True, 'no_fuel': True}"
2025-09-13T22:06:29.138549,NO_MOVEMENT_POINTS,AL_Batalion__5_Artillerie_Abteilung,"43,-15",0,0,"37,-17",8,False,False,N/A,N/A,N/A,{'no_mp': True}
2025-09-13T22:06:29.138549,NO_FUEL,AL_Batalion__5_Artillerie_Abteilung,"43,-15",0,0,"37,-17",8,False,False,N/A,N/A,N/A,"{'no_mp': True, 'no_fuel': True}"
2025-09-13T22:06:29.138549,INSUFFICIENT_SUPPORT,Z_Pluton__5_Unterst_tzungs_Bataillon,"43,-15",N/A,N/A,N/A,N/A,N/A,N/A,0,150,5,"{'enemies_list': [], 'units_found': 0, 'units_needed': 2, 'shortage': 2}"
2025-09-13T22:06:29.325364,NO_MOVEMENT_POINTS,P_Batalion__2_Batalion_Strzelc_w_20250913214005,"28,3",0,0,"25,-9",15,False,False,N/A,N/A,N/A,{'no_mp': True}
2025-09-13T22:06:29.326376,NO_FUEL,P_Batalion__2_Batalion_Strzelc_w_20250913214005,"28,3",0,0,"25,-9",15,False,False,N/A,N/A,N/A,"{'no_mp': True, 'no_fuel': True}"
2025-09-13T22:06:29.326376,NO_MOVEMENT_POINTS,P_Pluton__2_Kompania_Grenadier_w,"28,3",0,0,"26,6",3,False,False,N/A,N/A,N/A,{'no_mp': True}
2025-09-13T22:06:29.327806,NO_FUEL,P_Pluton__2_Kompania_Grenadier_w,"28,3",0,0,"26,6",3,False,False,N/A,N/A,N/A,"{'no_mp': True, 'no_fuel': True}"
2025-09-13T22:06:29.331214,NO_MOVEMENT_POINTS,Z_Pluton__2_Batalion_Wsparcia,"28,3",0,0,"28,5",2,False,False,N/A,N/A,N/A,{'no_mp': True}
2025-09-13T22:06:29.333049,NO_FUEL,Z_Pluton__2_Batalion_Wsparcia,"28,3",0,0,"28,5",2,False,False,N/A,N/A,N/A,"{'no_mp': True, 'no_fuel': True}"
2025-09-13T22:06:29.334296,NO_MOVEMENT_POINTS,P_Pluton__2_Kompania_Grenadier_w_20250913214010,"28,3",0,0,"27,6",3,False,False,N/A,N/A,N/A,{'no_mp': True}
2025-09-13T22:06:29.335404,NO_FUEL,P_Pluton__2_Kompania_Grenadier_w_20250913214010,"28,3",0,0,"27,6",3,False,False,N/A,N/A,N/A,"{'no_mp': True, 'no_fuel': True}"
2025-09-13T22:06:29.335404,INSUFFICIENT_SUPPORT,P_Kompania__2_Pu_k_Piechoty,"28,3",N/A,N/A,N/A,N/A,N/A,N/A,0,75,4,"{'enemies_list': [], 'units_found': 0, 'units_needed': 1, 'shortage': 1}"
2025-09-13T22:06:29.336738,NO_MOVEMENT_POINTS,P_Batalion__2_Batalion_Strzelc_w_20250913214005,"27,4",0,0,"25,-9",15,False,False,N/A,N/A,N/A,{'no_mp': True}
2025-09-13T22:06:29.338147,NO_FUEL,P_Batalion__2_Batalion_Strzelc_w_20250913214005,"27,4",0,0,"25,-9",15,False,False,N/A,N/A,N/A,"{'no_mp': True, 'no_fuel': True}"
2025-09-13T22:06:29.338915,NO_MOVEMENT_POINTS,P_Pluton__2_Kompania_Grenadier_w,"27,4",0,0,"26,6",2,False,False,N/A,N/A,N/A,{'no_mp': True}
2025-09-13T22:06:29.339925,NO_FUEL,P_Pluton__2_Kompania_Grenadier_w,"27,4",0,0,"26,6",2,False,False,N/A,N/A,N/A,"{'no_mp': True, 'no_fuel': True}"
2025-09-13T22:06:29.340989,NO_MOVEMENT_POINTS,Z_Pluton__2_Batalion_Wsparcia,"27,4",0,0,"28,5",2,False,False,N/A,N/A,N/A,{'no_mp': True}
2025-09-13T22:06:29.342181,NO_FUEL,Z_Pluton__2_Batalion_Wsparcia,"27,4",0,0,"28,5",2,False,False,N/A,N/A,N/A,"{'no_mp': True, 'no_fuel': True}"
2025-09-13T22:06:29.342181,NO_MOVEMENT_POINTS,P_Pluton__2_Kompania_Grenadier_w_20250913214010,"27,4",0,0,"27,6",2,False,False,N/A,N/A,N/A,{'no_mp': True}
2025-09-13T22:06:29.343360,NO_FUEL,P_Pluton__2_Kompania_Grenadier_w_20250913214010,"27,4",0,0,"27,6",2,False,False,N/A,N/A,N/A,"{'no_mp': True, 'no_fuel': True}"
2025-09-13T22:06:29.345289,INSUFFICIENT_SUPPORT,Z_Pluton__2_Oddzia_Rozpoznawczy,"27,4",N/A,N/A,N/A,N/A,N/A,N/A,0,75,4,"{'enemies_list': [], 'units_found': 0, 'units_needed': 1, 'shortage': 1}"
2025-09-13T22:06:29.349260,NO_MOVEMENT_POINTS,P_Batalion__2_Batalion_Strzelc_w_20250913214005,"24,-7",0,0,"25,-9",2,False,False,N/A,N/A,N/A,{'no_mp': True}
2025-09-13T22:06:29.350793,NO_FUEL,P_Batalion__2_Batalion_Strzelc_w_20250913214005,"24,-7",0,0,"25,-9",2,False,False,N/A,N/A,N/A,"{'no_mp': True, 'no_fuel': True}"
2025-09-13T22:06:29.350793,NO_MOVEMENT_POINTS,P_Pluton__2_Kompania_Grenadier_w,"24,-7",0,0,"26,6",15,False,False,N/A,N/A,N/A,{'no_mp': True}
2025-09-13T22:06:29.351938,NO_FUEL,P_Pluton__2_Kompania_Grenadier_w,"24,-7",0,0,"26,6",15,False,False,N/A,N/A,N/A,"{'no_mp': True, 'no_fuel': True}"
2025-09-13T22:06:29.352947,NO_MOVEMENT_POINTS,Z_Pluton__2_Batalion_Wsparcia,"24,-7",0,0,"28,5",16,False,False,N/A,N/A,N/A,{'no_mp': True}
2025-09-13T22:06:29.354110,NO_FUEL,Z_Pluton__2_Batalion_Wsparcia,"24,-7",0,0,"28,5",16,False,False,N/A,N/A,N/A,"{'no_mp': True, 'no_fuel': True}"
2025-09-13T22:06:29.354110,NO_MOVEMENT_POINTS,P_Pluton__2_Kompania_Grenadier_w_20250913214010,"24,-7",0,0,"27,6",16,False,False,N/A,N/A,N/A,{'no_mp': True}
2025-09-13T22:06:29.355376,NO_FUEL,P_Pluton__2_Kompania_Grenadier_w_20250913214010,"24,-7",0,0,"27,6",16,False,False,N/A,N/A,N/A,"{'no_mp': True, 'no_fuel': True}"
2025-09-13T22:06:29.357146,INSUFFICIENT_SUPPORT,Z_Batalion__2_Kompania_Zaopatrzeniowa,"24,-7",N/A,N/A,N/A,N/A,N/A,N/A,0,50,4,"{'enemies_list': [], 'units_found': 0, 'units_needed': 1, 'shortage': 1}"
2025-09-13T22:06:29.358371,NO_MOVEMENT_POINTS,P_Batalion__2_Batalion_Strzelc_w_20250913214005,"15,-7",0,0,"25,-9",10,False,False,N/A,N/A,N/A,{'no_mp': True}
2025-09-13T22:06:29.358371,NO_FUEL,P_Batalion__2_Batalion_Strzelc_w_20250913214005,"15,-7",0,0,"25,-9",10,False,False,N/A,N/A,N/A,"{'no_mp': True, 'no_fuel': True}"
2025-09-13T22:06:29.359377,NO_MOVEMENT_POINTS,P_Pluton__2_Kompania_Grenadier_w,"15,-7",0,0,"26,6",24,False,False,N/A,N/A,N/A,{'no_mp': True}
2025-09-13T22:06:29.360392,NO_FUEL,P_Pluton__2_Kompania_Grenadier_w,"15,-7",0,0,"26,6",24,False,False,N/A,N/A,N/A,"{'no_mp': True, 'no_fuel': True}"
2025-09-13T22:06:29.361499,NO_MOVEMENT_POINTS,Z_Pluton__2_Batalion_Wsparcia,"15,-7",0,0,"28,5",25,False,False,N/A,N/A,N/A,{'no_mp': True}
2025-09-13T22:06:29.363985,NO_FUEL,Z_Pluton__2_Batalion_Wsparcia,"15,-7",0,0,"28,5",25,False,False,N/A,N/A,N/A,"{'no_mp': True, 'no_fuel': True}"
2025-09-13T22:06:29.366244,NO_MOVEMENT_POINTS,P_Pluton__2_Kompania_Grenadier_w_20250913214010,"15,-7",0,0,"27,6",25,False,False,N/A,N/A,N/A,{'no_mp': True}
2025-09-13T22:06:29.367276,NO_FUEL,P_Pluton__2_Kompania_Grenadier_w_20250913214010,"15,-7",0,0,"27,6",25,False,False,N/A,N/A,N/A,"{'no_mp': True, 'no_fuel': True}"
2025-09-13T22:06:29.368592,INSUFFICIENT_SUPPORT,D_Pluton__2_Dow_dztwo_Einheit,"15,-7",N/A,N/A,N/A,N/A,N/A,N/A,0,100,4,"{'enemies_list': [], 'units_found': 0, 'units_needed': 2, 'shortage': 2}"
2025-09-13T22:06:29.532770,NO_MOVEMENT_POINTS,P_Pluton__5_Infanterie_Regiment,"45,-15",0,0,"36,-15",9,False,False,N/A,N/A,N/A,{'no_mp': True}
2025-09-13T22:06:29.532770,NO_FUEL,P_Pluton__5_Infanterie_Regiment,"45,-15",0,0,"36,-15",9,False,False,N/A,N/A,N/A,"{'no_mp': True, 'no_fuel': True}"
2025-09-13T22:06:29.538556,NO_MOVEMENT_POINTS,P_Kompania__5_Infanterie_Regiment,"45,-15",0,0,"36,-14",9,False,False,N/A,N/A,N/A,{'no_mp': True}
2025-09-13T22:06:29.539578,NO_FUEL,P_Kompania__5_Infanterie_Regiment,"45,-15",0,0,"36,-14",9,False,False,N/A,N/A,N/A,"{'no_mp': True, 'no_fuel': True}"
2025-09-13T22:06:29.540581,NO_MOVEMENT_POINTS,P_Pluton__5_Sch_tzen_Kompanie,"45,-15",0,0,"37,-15",8,False,False,N/A,N/A,N/A,{'no_mp': True}
2025-09-13T22:06:29.541657,NO_FUEL,P_Pluton__5_Sch_tzen_Kompanie,"45,-15",0,0,"37,-15",8,False,False,N/A,N/A,N/A,"{'no_mp': True, 'no_fuel': True}"
2025-09-13T22:06:29.541657,NO_MOVEMENT_POINTS,AC_Kompania__5_schwere_Artillerie,"45,-15",0,0,"36,-16",10,False,False,N/A,N/A,N/A,{'no_mp': True}
2025-09-13T22:06:29.542931,NO_FUEL,AC_Kompania__5_schwere_Artillerie,"45,-15",0,0,"36,-16",10,False,False,N/A,N/A,N/A,"{'no_mp': True, 'no_fuel': True}"
2025-09-13T22:06:29.544734,NO_MOVEMENT_POINTS,AL_Batalion__5_Artillerie_Abteilung,"45,-15",0,0,"37,-17",10,False,False,N/A,N/A,N/A,{'no_mp': True}
2025-09-13T22:06:29.544734,NO_FUEL,AL_Batalion__5_Artillerie_Abteilung,"45,-15",0,0,"37,-17",10,False,False,N/A,N/A,N/A,"{'no_mp': True, 'no_fuel': True}"
2025-09-13T22:06:29.548097,INSUFFICIENT_SUPPORT,Z_Kompania__5_Unterst_tzungs_Bataillon,"45,-15",N/A,N/A,N/A,N/A,N/A,N/A,0,100,5,"{'enemies_list': [], 'units_found': 0, 'units_needed': 2, 'shortage': 2}"
2025-09-13T22:06:29.548097,NO_MOVEMENT_POINTS,P_Pluton__5_Infanterie_Regiment,"43,-15",0,0,"36,-15",7,False,False,N/A,N/A,N/A,{'no_mp': True}
2025-09-13T22:06:29.548097,NO_FUEL,P_Pluton__5_Infanterie_Regiment,"43,-15",0,0,"36,-15",7,False,False,N/A,N/A,N/A,"{'no_mp': True, 'no_fuel': True}"
2025-09-13T22:06:29.548097,NO_MOVEMENT_POINTS,P_Kompania__5_Infanterie_Regiment,"43,-15",0,0,"36,-14",7,False,False,N/A,N/A,N/A,{'no_mp': True}
2025-09-13T22:06:29.548097,NO_FUEL,P_Kompania__5_Infanterie_Regiment,"43,-15",0,0,"36,-14",7,False,False,N/A,N/A,N/A,"{'no_mp': True, 'no_fuel': True}"
2025-09-13T22:06:29.548097,NO_MOVEMENT_POINTS,P_Pluton__5_Sch_tzen_Kompanie,"43,-15",0,0,"37,-15",6,False,False,N/A,N/A,N/A,{'no_mp': True}
2025-09-13T22:06:29.554796,NO_FUEL,P_Pluton__5_Sch_tzen_Kompanie,"43,-15",0,0,"37,-15",6,False,False,N/A,N/A,N/A,"{'no_mp': True, 'no_fuel': True}"
2025-09-13T22:06:29.555807,NO_MOVEMENT_POINTS,AC_Kompania__5_schwere_Artillerie,"43,-15",0,0,"36,-16",8,False,False,N/A,N/A,N/A,{'no_mp': True}
2025-09-13T22:06:29.557020,NO_FUEL,AC_Kompania__5_schwere_Artillerie,"43,-15",0,0,"36,-16",8,False,False,N/A,N/A,N/A,"{'no_mp': True, 'no_fuel': True}"
2025-09-13T22:06:29.558025,NO_MOVEMENT_POINTS,AL_Batalion__5_Artillerie_Abteilung,"43,-15",0,0,"37,-17",8,False,False,N/A,N/A,N/A,{'no_mp': True}
2025-09-13T22:06:29.558025,NO_FUEL,AL_Batalion__5_Artillerie_Abteilung,"43,-15",0,0,"37,-17",8,False,False,N/A,N/A,N/A,"{'no_mp': True, 'no_fuel': True}"
2025-09-13T22:06:29.559123,INSUFFICIENT_SUPPORT,Z_Pluton__5_Unterst_tzungs_Bataillon,"43,-15",N/A,N/A,N/A,N/A,N/A,N/A,0,150,5,"{'enemies_list': [], 'units_found': 0, 'units_needed': 2, 'shortage': 2}"
2025-09-13T22:06:29.561083,NO_MOVEMENT_POINTS,P_Pluton__5_Infanterie_Regiment,"52,-13",0,0,"36,-15",18,False,False,N/A,N/A,N/A,{'no_mp': True}
2025-09-13T22:06:29.561083,NO_FUEL,P_Pluton__5_Infanterie_Regiment,"52,-13",0,0,"36,-15",18,False,False,N/A,N/A,N/A,"{'no_mp': True, 'no_fuel': True}"
2025-09-13T22:06:29.564850,NO_MOVEMENT_POINTS,P_Kompania__5_Infanterie_Regiment,"52,-13",0,0,"36,-14",17,False,False,N/A,N/A,N/A,{'no_mp': True}
2025-09-13T22:06:29.567594,NO_FUEL,P_Kompania__5_Infanterie_Regiment,"52,-13",0,0,"36,-14",17,False,False,N/A,N/A,N/A,"{'no_mp': True, 'no_fuel': True}"
2025-09-13T22:06:29.567594,NO_MOVEMENT_POINTS,P_Pluton__5_Sch_tzen_Kompanie,"52,-13",0,0,"37,-15",17,False,False,N/A,N/A,N/A,{'no_mp': True}
2025-09-13T22:06:29.568642,NO_FUEL,P_Pluton__5_Sch_tzen_Kompanie,"52,-13",0,0,"37,-15",17,False,False,N/A,N/A,N/A,"{'no_mp': True, 'no_fuel': True}"
2025-09-13T22:06:29.569663,NO_MOVEMENT_POINTS,AC_Kompania__5_schwere_Artillerie,"52,-13",0,0,"36,-16",19,False,False,N/A,N/A,N/A,{'no_mp': True}
2025-09-13T22:06:29.570893,NO_FUEL,AC_Kompania__5_schwere_Artillerie,"52,-13",0,0,"36,-16",19,False,False,N/A,N/A,N/A,"{'no_mp': True, 'no_fuel': True}"
2025-09-13T22:06:29.570893,NO_MOVEMENT_POINTS,AL_Batalion__5_Artillerie_Abteilung,"52,-13",0,0,"37,-17",19,False,False,N/A,N/A,N/A,{'no_mp': True}
2025-09-13T22:06:29.572179,NO_FUEL,AL_Batalion__5_Artillerie_Abteilung,"52,-13",0,0,"37,-17",19,False,False,N/A,N/A,N/A,"{'no_mp': True, 'no_fuel': True}"
2025-09-13T22:06:29.573967,INSUFFICIENT_SUPPORT,Z_Pluton__5_Unterst_tzungs_Bataillon_20250913214038,"52,-13",N/A,N/A,N/A,N/A,N/A,N/A,0,100,5,"{'enemies_list': [], 'units_found': 0, 'units_needed': 2, 'shortage': 2}"
2025-09-13T22:06:29.761295,NO_MOVEMENT_POINTS,P_Batalion__2_Batalion_Strzelc_w_20250913214005,"28,3",0,0,"25,-9",15,False,False,N/A,N/A,N/A,{'no_mp': True}
2025-09-13T22:06:29.766985,NO_FUEL,P_Batalion__2_Batalion_Strzelc_w_20250913214005,"28,3",0,0,"25,-9",15,False,False,N/A,N/A,N/A,"{'no_mp': True, 'no_fuel': True}"
2025-09-13T22:06:29.767991,NO_MOVEMENT_POINTS,P_Pluton__2_Kompania_Grenadier_w,"28,3",0,0,"26,6",3,False,False,N/A,N/A,N/A,{'no_mp': True}
2025-09-13T22:06:29.769087,NO_FUEL,P_Pluton__2_Kompania_Grenadier_w,"28,3",0,0,"26,6",3,False,False,N/A,N/A,N/A,"{'no_mp': True, 'no_fuel': True}"
2025-09-13T22:06:29.769087,NO_MOVEMENT_POINTS,Z_Pluton__2_Batalion_Wsparcia,"28,3",0,0,"28,5",2,False,False,N/A,N/A,N/A,{'no_mp': True}
2025-09-13T22:06:29.769087,NO_FUEL,Z_Pluton__2_Batalion_Wsparcia,"28,3",0,0,"28,5",2,False,False,N/A,N/A,N/A,"{'no_mp': True, 'no_fuel': True}"
2025-09-13T22:06:29.769087,NO_MOVEMENT_POINTS,P_Pluton__2_Kompania_Grenadier_w_20250913214010,"28,3",0,0,"27,6",3,False,False,N/A,N/A,N/A,{'no_mp': True}
2025-09-13T22:06:29.773598,NO_FUEL,P_Pluton__2_Kompania_Grenadier_w_20250913214010,"28,3",0,0,"27,6",3,False,False,N/A,N/A,N/A,"{'no_mp': True, 'no_fuel': True}"
2025-09-13T22:06:29.774608,INSUFFICIENT_SUPPORT,P_Kompania__2_Pu_k_Piechoty,"28,3",N/A,N/A,N/A,N/A,N/A,N/A,0,75,4,"{'enemies_list': [], 'units_found': 0, 'units_needed': 1, 'shortage': 1}"
2025-09-13T22:06:29.774608,NO_MOVEMENT_POINTS,P_Batalion__2_Batalion_Strzelc_w_20250913214005,"27,4",0,0,"25,-9",15,False,False,N/A,N/A,N/A,{'no_mp': True}
2025-09-13T22:06:29.775887,NO_FUEL,P_Batalion__2_Batalion_Strzelc_w_20250913214005,"27,4",0,0,"25,-9",15,False,False,N/A,N/A,N/A,"{'no_mp': True, 'no_fuel': True}"
2025-09-13T22:06:29.776914,NO_MOVEMENT_POINTS,P_Pluton__2_Kompania_Grenadier_w,"27,4",0,0,"26,6",2,False,False,N/A,N/A,N/A,{'no_mp': True}
2025-09-13T22:06:29.778040,NO_FUEL,P_Pluton__2_Kompania_Grenadier_w,"27,4",0,0,"26,6",2,False,False,N/A,N/A,N/A,"{'no_mp': True, 'no_fuel': True}"
2025-09-13T22:06:29.778932,NO_MOVEMENT_POINTS,Z_Pluton__2_Batalion_Wsparcia,"27,4",0,0,"28,5",2,False,False,N/A,N/A,N/A,{'no_mp': True}
2025-09-13T22:06:29.780975,NO_FUEL,Z_Pluton__2_Batalion_Wsparcia,"27,4",0,0,"28,5",2,False,False,N/A,N/A,N/A,"{'no_mp': True, 'no_fuel': True}"
2025-09-13T22:06:29.784122,NO_MOVEMENT_POINTS,P_Pluton__2_Kompania_Grenadier_w_20250913214010,"27,4",0,0,"27,6",2,False,False,N/A,N/A,N/A,{'no_mp': True}
2025-09-13T22:06:29.784122,NO_FUEL,P_Pluton__2_Kompania_Grenadier_w_20250913214010,"27,4",0,0,"27,6",2,False,False,N/A,N/A,N/A,"{'no_mp': True, 'no_fuel': True}"
2025-09-13T22:06:29.785311,INSUFFICIENT_SUPPORT,Z_Pluton__2_Oddzia_Rozpoznawczy,"27,4",N/A,N/A,N/A,N/A,N/A,N/A,0,75,4,"{'enemies_list': [], 'units_found': 0, 'units_needed': 1, 'shortage': 1}"
2025-09-13T22:06:29.787514,NO_MOVEMENT_POINTS,P_Batalion__2_Batalion_Strzelc_w_20250913214005,"24,-7",0,0,"25,-9",2,False,False,N/A,N/A,N/A,{'no_mp': True}
2025-09-13T22:06:29.787514,NO_FUEL,P_Batalion__2_Batalion_Strzelc_w_20250913214005,"24,-7",0,0,"25,-9",2,False,False,N/A,N/A,N/A,"{'no_mp': True, 'no_fuel': True}"
2025-09-13T22:06:29.788526,NO_MOVEMENT_POINTS,P_Pluton__2_Kompania_Grenadier_w,"24,-7",0,0,"26,6",15,False,False,N/A,N/A,N/A,{'no_mp': True}
2025-09-13T22:06:29.789611,NO_FUEL,P_Pluton__2_Kompania_Grenadier_w,"24,-7",0,0,"26,6",15,False,False,N/A,N/A,N/A,"{'no_mp': True, 'no_fuel': True}"
2025-09-13T22:06:29.790867,NO_MOVEMENT_POINTS,Z_Pluton__2_Batalion_Wsparcia,"24,-7",0,0,"28,5",16,False,False,N/A,N/A,N/A,{'no_mp': True}
2025-09-13T22:06:29.790867,NO_FUEL,Z_Pluton__2_Batalion_Wsparcia,"24,-7",0,0,"28,5",16,False,False,N/A,N/A,N/A,"{'no_mp': True, 'no_fuel': True}"
2025-09-13T22:06:29.792472,NO_MOVEMENT_POINTS,P_Pluton__2_Kompania_Grenadier_w_20250913214010,"24,-7",0,0,"27,6",16,False,False,N/A,N/A,N/A,{'no_mp': True}
2025-09-13T22:06:29.793014,NO_FUEL,P_Pluton__2_Kompania_Grenadier_w_20250913214010,"24,-7",0,0,"27,6",16,False,False,N/A,N/A,N/A,"{'no_mp': True, 'no_fuel': True}"
2025-09-13T22:06:29.794275,INSUFFICIENT_SUPPORT,Z_Batalion__2_Kompania_Zaopatrzeniowa,"24,-7",N/A,N/A,N/A,N/A,N/A,N/A,0,50,4,"{'enemies_list': [], 'units_found': 0, 'units_needed': 1, 'shortage': 1}"
2025-09-13T22:06:29.795398,NO_MOVEMENT_POINTS,P_Batalion__2_Batalion_Strzelc_w_20250913214005,"15,-7",0,0,"25,-9",10,False,False,N/A,N/A,N/A,{'no_mp': True}
2025-09-13T22:06:29.799871,NO_FUEL,P_Batalion__2_Batalion_Strzelc_w_20250913214005,"15,-7",0,0,"25,-9",10,False,False,N/A,N/A,N/A,"{'no_mp': True, 'no_fuel': True}"
2025-09-13T22:06:29.800596,NO_MOVEMENT_POINTS,P_Pluton__2_Kompania_Grenadier_w,"15,-7",0,0,"26,6",24,False,False,N/A,N/A,N/A,{'no_mp': True}
2025-09-13T22:06:29.801970,NO_FUEL,P_Pluton__2_Kompania_Grenadier_w,"15,-7",0,0,"26,6",24,False,False,N/A,N/A,N/A,"{'no_mp': True, 'no_fuel': True}"
2025-09-13T22:06:29.803050,NO_MOVEMENT_POINTS,Z_Pluton__2_Batalion_Wsparcia,"15,-7",0,0,"28,5",25,False,False,N/A,N/A,N/A,{'no_mp': True}
2025-09-13T22:06:29.803050,NO_FUEL,Z_Pluton__2_Batalion_Wsparcia,"15,-7",0,0,"28,5",25,False,False,N/A,N/A,N/A,"{'no_mp': True, 'no_fuel': True}"
2025-09-13T22:06:29.804391,NO_MOVEMENT_POINTS,P_Pluton__2_Kompania_Grenadier_w_20250913214010,"15,-7",0,0,"27,6",25,False,False,N/A,N/A,N/A,{'no_mp': True}
2025-09-13T22:06:29.805544,NO_FUEL,P_Pluton__2_Kompania_Grenadier_w_20250913214010,"15,-7",0,0,"27,6",25,False,False,N/A,N/A,N/A,"{'no_mp': True, 'no_fuel': True}"
2025-09-13T22:06:29.806560,INSUFFICIENT_SUPPORT,D_Pluton__2_Dow_dztwo_Einheit,"15,-7",N/A,N/A,N/A,N/A,N/A,N/A,0,100,4,"{'enemies_list': [], 'units_found': 0, 'units_needed': 2, 'shortage': 2}"
2025-09-13T22:06:30.058829,NO_MOVEMENT_POINTS,P_Pluton__5_Infanterie_Regiment,"45,-15",0,0,"36,-15",9,False,False,N/A,N/A,N/A,{'no_mp': True}
2025-09-13T22:06:30.059839,NO_FUEL,P_Pluton__5_Infanterie_Regiment,"45,-15",0,0,"36,-15",9,False,False,N/A,N/A,N/A,"{'no_mp': True, 'no_fuel': True}"
2025-09-13T22:06:30.061190,NO_MOVEMENT_POINTS,P_Kompania__5_Infanterie_Regiment,"45,-15",0,0,"36,-14",9,False,False,N/A,N/A,N/A,{'no_mp': True}
2025-09-13T22:06:30.062155,NO_FUEL,P_Kompania__5_Infanterie_Regiment,"45,-15",0,0,"36,-14",9,False,False,N/A,N/A,N/A,"{'no_mp': True, 'no_fuel': True}"
2025-09-13T22:06:30.065253,NO_MOVEMENT_POINTS,P_Pluton__5_Sch_tzen_Kompanie,"45,-15",0,0,"37,-15",8,False,False,N/A,N/A,N/A,{'no_mp': True}
2025-09-13T22:06:30.068277,NO_FUEL,P_Pluton__5_Sch_tzen_Kompanie,"45,-15",0,0,"37,-15",8,False,False,N/A,N/A,N/A,"{'no_mp': True, 'no_fuel': True}"
2025-09-13T22:06:30.069288,NO_MOVEMENT_POINTS,AC_Kompania__5_schwere_Artillerie,"45,-15",0,0,"36,-16",10,False,False,N/A,N/A,N/A,{'no_mp': True}
2025-09-13T22:06:30.070455,NO_FUEL,AC_Kompania__5_schwere_Artillerie,"45,-15",0,0,"36,-16",10,False,False,N/A,N/A,N/A,"{'no_mp': True, 'no_fuel': True}"
2025-09-13T22:06:30.071584,NO_MOVEMENT_POINTS,AL_Batalion__5_Artillerie_Abteilung,"45,-15",0,0,"37,-17",10,False,False,N/A,N/A,N/A,{'no_mp': True}
2025-09-13T22:06:30.071584,NO_FUEL,AL_Batalion__5_Artillerie_Abteilung,"45,-15",0,0,"37,-17",10,False,False,N/A,N/A,N/A,"{'no_mp': True, 'no_fuel': True}"
2025-09-13T22:06:30.072593,INSUFFICIENT_SUPPORT,Z_Kompania__5_Unterst_tzungs_Bataillon,"45,-15",N/A,N/A,N/A,N/A,N/A,N/A,0,100,5,"{'enemies_list': [], 'units_found': 0, 'units_needed': 2, 'shortage': 2}"
2025-09-13T22:06:30.072593,NO_MOVEMENT_POINTS,P_Pluton__5_Infanterie_Regiment,"43,-15",0,0,"36,-15",7,False,False,N/A,N/A,N/A,{'no_mp': True}
2025-09-13T22:06:30.072593,NO_FUEL,P_Pluton__5_Infanterie_Regiment,"43,-15",0,0,"36,-15",7,False,False,N/A,N/A,N/A,"{'no_mp': True, 'no_fuel': True}"
2025-09-13T22:06:30.072593,NO_MOVEMENT_POINTS,P_Kompania__5_Infanterie_Regiment,"43,-15",0,0,"36,-14",7,False,False,N/A,N/A,N/A,{'no_mp': True}
2025-09-13T22:06:30.076887,NO_FUEL,P_Kompania__5_Infanterie_Regiment,"43,-15",0,0,"36,-14",7,False,False,N/A,N/A,N/A,"{'no_mp': True, 'no_fuel': True}"
2025-09-13T22:06:30.077912,NO_MOVEMENT_POINTS,P_Pluton__5_Sch_tzen_Kompanie,"43,-15",0,0,"37,-15",6,False,False,N/A,N/A,N/A,{'no_mp': True}
2025-09-13T22:06:30.079132,NO_FUEL,P_Pluton__5_Sch_tzen_Kompanie,"43,-15",0,0,"37,-15",6,False,False,N/A,N/A,N/A,"{'no_mp': True, 'no_fuel': True}"
2025-09-13T22:06:30.082842,NO_MOVEMENT_POINTS,AC_Kompania__5_schwere_Artillerie,"43,-15",0,0,"36,-16",8,False,False,N/A,N/A,N/A,{'no_mp': True}
2025-09-13T22:06:30.083856,NO_FUEL,AC_Kompania__5_schwere_Artillerie,"43,-15",0,0,"36,-16",8,False,False,N/A,N/A,N/A,"{'no_mp': True, 'no_fuel': True}"
2025-09-13T22:06:30.084952,NO_MOVEMENT_POINTS,AL_Batalion__5_Artillerie_Abteilung,"43,-15",0,0,"37,-17",8,False,False,N/A,N/A,N/A,{'no_mp': True}
2025-09-13T22:06:30.085955,NO_FUEL,AL_Batalion__5_Artillerie_Abteilung,"43,-15",0,0,"37,-17",8,False,False,N/A,N/A,N/A,"{'no_mp': True, 'no_fuel': True}"
2025-09-13T22:06:30.087187,INSUFFICIENT_SUPPORT,Z_Pluton__5_Unterst_tzungs_Bataillon,"43,-15",N/A,N/A,N/A,N/A,N/A,N/A,0,150,5,"{'enemies_list': [], 'units_found': 0, 'units_needed': 2, 'shortage': 2}"
2025-09-13T22:06:30.088261,NO_MOVEMENT_POINTS,P_Pluton__5_Infanterie_Regiment,"52,-13",0,0,"36,-15",18,False,False,N/A,N/A,N/A,{'no_mp': True}
2025-09-13T22:06:30.089336,NO_FUEL,P_Pluton__5_Infanterie_Regiment,"52,-13",0,0,"36,-15",18,False,False,N/A,N/A,N/A,"{'no_mp': True, 'no_fuel': True}"
2025-09-13T22:06:30.090486,NO_MOVEMENT_POINTS,P_Kompania__5_Infanterie_Regiment,"52,-13",0,0,"36,-14",17,False,False,N/A,N/A,N/A,{'no_mp': True}
2025-09-13T22:06:30.091493,NO_FUEL,P_Kompania__5_Infanterie_Regiment,"52,-13",0,0,"36,-14",17,False,False,N/A,N/A,N/A,"{'no_mp': True, 'no_fuel': True}"
2025-09-13T22:06:30.091493,NO_MOVEMENT_POINTS,P_Pluton__5_Sch_tzen_Kompanie,"52,-13",0,0,"37,-15",17,False,False,N/A,N/A,N/A,{'no_mp': True}
2025-09-13T22:06:30.092689,NO_FUEL,P_Pluton__5_Sch_tzen_Kompanie,"52,-13",0,0,"37,-15",17,False,False,N/A,N/A,N/A,"{'no_mp': True, 'no_fuel': True}"
2025-09-13T22:06:30.093821,NO_MOVEMENT_POINTS,AC_Kompania__5_schwere_Artillerie,"52,-13",0,0,"36,-16",19,False,False,N/A,N/A,N/A,{'no_mp': True}
2025-09-13T22:06:30.093821,NO_FUEL,AC_Kompania__5_schwere_Artillerie,"52,-13",0,0,"36,-16",19,False,False,N/A,N/A,N/A,"{'no_mp': True, 'no_fuel': True}"
2025-09-13T22:06:30.094825,NO_MOVEMENT_POINTS,AL_Batalion__5_Artillerie_Abteilung,"52,-13",0,0,"37,-17",19,False,False,N/A,N/A,N/A,{'no_mp': True}
2025-09-13T22:06:30.098835,NO_FUEL,AL_Batalion__5_Artillerie_Abteilung,"52,-13",0,0,"37,-17",19,False,False,N/A,N/A,N/A,"{'no_mp': True, 'no_fuel': True}"
2025-09-13T22:06:30.100353,INSUFFICIENT_SUPPORT,Z_Pluton__5_Unterst_tzungs_Bataillon_20250913214038,"52,-13",N/A,N/A,N/A,N/A,N/A,N/A,0,100,5,"{'enemies_list': [], 'units_found': 0, 'units_needed': 2, 'shortage': 2}"
2025-09-13T22:06:31.576187,NO_MOVEMENT_POINTS,P_Batalion__2_Batalion_Strzelc_w,"24,-8",0,0,"25,-9",1,False,False,N/A,N/A,N/A,{'no_mp': True}
2025-09-13T22:06:31.577236,NO_FUEL,P_Batalion__2_Batalion_Strzelc_w,"24,-8",0,0,"25,-9",1,False,False,N/A,N/A,N/A,"{'no_mp': True, 'no_fuel': True}"
2025-09-13T22:06:31.578316,NO_MOVEMENT_POINTS,P_Batalion__2_Batalion_Strzelc_w_20250913214005,"24,-8",0,0,"26,-9",2,False,False,N/A,N/A,N/A,{'no_mp': True}
2025-09-13T22:06:31.578316,NO_FUEL,P_Batalion__2_Batalion_Strzelc_w_20250913214005,"24,-8",0,0,"26,-9",2,False,False,N/A,N/A,N/A,"{'no_mp': True, 'no_fuel': True}"
2025-09-13T22:06:31.579598,NO_MOVEMENT_POINTS,P_Pluton__2_Kompania_Grenadier_w,"24,-8",0,0,"27,5",16,False,False,N/A,N/A,N/A,{'no_mp': True}
2025-09-13T22:06:31.581616,NO_FUEL,P_Pluton__2_Kompania_Grenadier_w,"24,-8",0,0,"27,5",16,False,False,N/A,N/A,N/A,"{'no_mp': True, 'no_fuel': True}"
2025-09-13T22:06:31.586738,NO_MOVEMENT_POINTS,P_Pluton__2_Kompania_Grenadier_w_20250913214010,"24,-8",0,0,"28,4",16,False,False,N/A,N/A,N/A,{'no_mp': True}
2025-09-13T22:06:31.586738,NO_FUEL,P_Pluton__2_Kompania_Grenadier_w_20250913214010,"24,-8",0,0,"28,4",16,False,False,N/A,N/A,N/A,"{'no_mp': True, 'no_fuel': True}"
2025-09-13T22:06:31.587745,INSUFFICIENT_SUPPORT,TL_Kompania__2_Batalion_Pancerny,"24,-8",N/A,N/A,N/A,N/A,N/A,N/A,0,100,4,"{'enemies_list': [], 'units_found': 0, 'units_needed': 2, 'shortage': 2}"
2025-09-13T22:06:31.589085,NO_MOVEMENT_POINTS,P_Batalion__2_Batalion_Strzelc_w,"28,3",0,0,"25,-9",15,False,False,N/A,N/A,N/A,{'no_mp': True}
2025-09-13T22:06:31.590350,NO_FUEL,P_Batalion__2_Batalion_Strzelc_w,"28,3",0,0,"25,-9",15,False,False,N/A,N/A,N/A,"{'no_mp': True, 'no_fuel': True}"
2025-09-13T22:06:31.590350,NO_MOVEMENT_POINTS,P_Batalion__2_Batalion_Strzelc_w_20250913214005,"28,3",0,0,"26,-9",14,False,False,N/A,N/A,N/A,{'no_mp': True}
2025-09-13T22:06:31.591605,NO_FUEL,P_Batalion__2_Batalion_Strzelc_w_20250913214005,"28,3",0,0,"26,-9",14,False,False,N/A,N/A,N/A,"{'no_mp': True, 'no_fuel': True}"
2025-09-13T22:06:31.592921,NO_MOVEMENT_POINTS,P_Pluton__2_Kompania_Grenadier_w,"28,3",0,0,"27,5",2,False,False,N/A,N/A,N/A,{'no_mp': True}
2025-09-13T22:06:31.594125,NO_FUEL,P_Pluton__2_Kompania_Grenadier_w,"28,3",0,0,"27,5",2,False,False,N/A,N/A,N/A,"{'no_mp': True, 'no_fuel': True}"
2025-09-13T22:06:31.594125,NO_MOVEMENT_POINTS,P_Pluton__2_Kompania_Grenadier_w_20250913214010,"28,3",0,0,"28,4",1,False,False,N/A,N/A,N/A,{'no_mp': True}
2025-09-13T22:06:31.595161,NO_FUEL,P_Pluton__2_Kompania_Grenadier_w_20250913214010,"28,3",0,0,"28,4",1,False,False,N/A,N/A,N/A,"{'no_mp': True, 'no_fuel': True}"
2025-09-13T22:06:31.596166,INSUFFICIENT_SUPPORT,P_Kompania__2_Pu_k_Piechoty,"28,3",N/A,N/A,N/A,N/A,N/A,N/A,0,75,4,"{'enemies_list': [], 'units_found': 0, 'units_needed': 1, 'shortage': 1}"
2025-09-13T22:06:31.600507,NO_MOVEMENT_POINTS,P_Batalion__2_Batalion_Strzelc_w,"15,-7",0,0,"25,-9",10,False,False,N/A,N/A,N/A,{'no_mp': True}
2025-09-13T22:06:31.602024,NO_FUEL,P_Batalion__2_Batalion_Strzelc_w,"15,-7",0,0,"25,-9",10,False,False,N/A,N/A,N/A,"{'no_mp': True, 'no_fuel': True}"
2025-09-13T22:06:31.603192,NO_MOVEMENT_POINTS,P_Batalion__2_Batalion_Strzelc_w_20250913214005,"15,-7",0,0,"26,-9",11,False,False,N/A,N/A,N/A,{'no_mp': True}
2025-09-13T22:06:31.604261,NO_FUEL,P_Batalion__2_Batalion_Strzelc_w_20250913214005,"15,-7",0,0,"26,-9",11,False,False,N/A,N/A,N/A,"{'no_mp': True, 'no_fuel': True}"
2025-09-13T22:06:31.605343,NO_MOVEMENT_POINTS,P_Pluton__2_Kompania_Grenadier_w,"15,-7",0,0,"27,5",24,False,False,N/A,N/A,N/A,{'no_mp': True}
2025-09-13T22:06:31.606346,NO_FUEL,P_Pluton__2_Kompania_Grenadier_w,"15,-7",0,0,"27,5",24,False,False,N/A,N/A,N/A,"{'no_mp': True, 'no_fuel': True}"
2025-09-13T22:06:31.606346,NO_MOVEMENT_POINTS,P_Pluton__2_Kompania_Grenadier_w_20250913214010,"15,-7",0,0,"28,4",24,False,False,N/A,N/A,N/A,{'no_mp': True}
2025-09-13T22:06:31.607564,NO_FUEL,P_Pluton__2_Kompania_Grenadier_w_20250913214010,"15,-7",0,0,"28,4",24,False,False,N/A,N/A,N/A,"{'no_mp': True, 'no_fuel': True}"
2025-09-13T22:06:31.608679,INSUFFICIENT_SUPPORT,D_Pluton__2_Dow_dztwo_Einheit,"15,-7",N/A,N/A,N/A,N/A,N/A,N/A,0,100,4,"{'enemies_list': [], 'units_found': 0, 'units_needed': 2, 'shortage': 2}"
2025-09-13T22:06:32.031772,NO_MOVEMENT_POINTS,P_Pluton__5_Infanterie_Regiment,"43,-14",0,0,"35,-15",9,False,False,N/A,N/A,N/A,{'no_mp': True}
2025-09-13T22:06:32.036407,NO_FUEL,P_Pluton__5_Infanterie_Regiment,"43,-14",0,0,"35,-15",9,False,False,N/A,N/A,N/A,"{'no_mp': True, 'no_fuel': True}"
2025-09-13T22:06:32.037485,NO_MOVEMENT_POINTS,P_Kompania__5_Infanterie_Regiment,"43,-14",0,0,"36,-15",8,False,False,N/A,N/A,N/A,{'no_mp': True}
2025-09-13T22:06:32.038489,NO_FUEL,P_Kompania__5_Infanterie_Regiment,"43,-14",0,0,"36,-15",8,False,False,N/A,N/A,N/A,"{'no_mp': True, 'no_fuel': True}"
2025-09-13T22:06:32.038489,NO_MOVEMENT_POINTS,P_Pluton__5_Sch_tzen_Kompanie,"43,-14",0,0,"37,-15",7,False,False,N/A,N/A,N/A,{'no_mp': True}
2025-09-13T22:06:32.039795,NO_FUEL,P_Pluton__5_Sch_tzen_Kompanie,"43,-14",0,0,"37,-15",7,False,False,N/A,N/A,N/A,"{'no_mp': True, 'no_fuel': True}"
2025-09-13T22:06:32.041042,NO_MOVEMENT_POINTS,AC_Kompania__5_schwere_Artillerie,"43,-14",0,0,"36,-16",9,False,False,N/A,N/A,N/A,{'no_mp': True}
2025-09-13T22:06:32.042427,NO_FUEL,AC_Kompania__5_schwere_Artillerie,"43,-14",0,0,"36,-16",9,False,False,N/A,N/A,N/A,"{'no_mp': True, 'no_fuel': True}"
2025-09-13T22:06:32.042427,NO_MOVEMENT_POINTS,AL_Batalion__5_Artillerie_Abteilung,"43,-14",0,0,"37,-16",8,False,False,N/A,N/A,N/A,{'no_mp': True}
2025-09-13T22:06:32.043657,NO_FUEL,AL_Batalion__5_Artillerie_Abteilung,"43,-14",0,0,"37,-16",8,False,False,N/A,N/A,N/A,"{'no_mp': True, 'no_fuel': True}"
2025-09-13T22:06:32.044994,INSUFFICIENT_SUPPORT,Z_Pluton__5_Versorgungs_Kompanie,"43,-14",N/A,N/A,N/A,N/A,N/A,N/A,0,150,5,"{'enemies_list': [], 'units_found': 0, 'units_needed': 2, 'shortage': 2}"
2025-09-13T22:06:32.537626,NO_MOVEMENT_POINTS,P_Batalion__2_Batalion_Strzelc_w_20250913214005,"24,-7",0,0,"25,-9",2,False,False,N/A,N/A,N/A,{'no_mp': True}
2025-09-13T22:06:32.541772,NO_FUEL,P_Batalion__2_Batalion_Strzelc_w_20250913214005,"24,-7",0,0,"25,-9",2,False,False,N/A,N/A,N/A,"{'no_mp': True, 'no_fuel': True}"
2025-09-13T22:06:32.542770,NO_MOVEMENT_POINTS,P_Pluton__2_Kompania_Grenadier_w,"24,-7",0,0,"26,6",15,False,False,N/A,N/A,N/A,{'no_mp': True}
2025-09-13T22:06:32.543913,NO_FUEL,P_Pluton__2_Kompania_Grenadier_w,"24,-7",0,0,"26,6",15,False,False,N/A,N/A,N/A,"{'no_mp': True, 'no_fuel': True}"
2025-09-13T22:06:32.543913,NO_MOVEMENT_POINTS,Z_Pluton__2_Batalion_Wsparcia,"24,-7",0,0,"28,5",16,False,False,N/A,N/A,N/A,{'no_mp': True}
2025-09-13T22:06:32.544919,NO_FUEL,Z_Pluton__2_Batalion_Wsparcia,"24,-7",0,0,"28,5",16,False,False,N/A,N/A,N/A,"{'no_mp': True, 'no_fuel': True}"
2025-09-13T22:06:32.546315,NO_MOVEMENT_POINTS,P_Pluton__2_Kompania_Grenadier_w_20250913214010,"24,-7",0,0,"27,6",16,False,False,N/A,N/A,N/A,{'no_mp': True}
2025-09-13T22:06:32.546917,NO_FUEL,P_Pluton__2_Kompania_Grenadier_w_20250913214010,"24,-7",0,0,"27,6",16,False,False,N/A,N/A,N/A,"{'no_mp': True, 'no_fuel': True}"
2025-09-13T22:06:32.548378,INSUFFICIENT_SUPPORT,P_Batalion__2_Batalion_Strzelc_w,"24,-7",N/A,N/A,N/A,N/A,N/A,N/A,0,50,4,"{'enemies_list': [], 'units_found': 0, 'units_needed': 1, 'shortage': 1}"
2025-09-13T22:06:32.551103,NO_MOVEMENT_POINTS,P_Batalion__2_Batalion_Strzelc_w_20250913214005,"28,3",0,0,"25,-9",15,False,False,N/A,N/A,N/A,{'no_mp': True}
2025-09-13T22:06:32.554487,NO_FUEL,P_Batalion__2_Batalion_Strzelc_w_20250913214005,"28,3",0,0,"25,-9",15,False,False,N/A,N/A,N/A,"{'no_mp': True, 'no_fuel': True}"
2025-09-13T22:06:32.556563,NO_MOVEMENT_POINTS,P_Pluton__2_Kompania_Grenadier_w,"28,3",0,0,"26,6",3,False,False,N/A,N/A,N/A,{'no_mp': True}
2025-09-13T22:06:32.557762,NO_FUEL,P_Pluton__2_Kompania_Grenadier_w,"28,3",0,0,"26,6",3,False,False,N/A,N/A,N/A,"{'no_mp': True, 'no_fuel': True}"
2025-09-13T22:06:32.557762,NO_MOVEMENT_POINTS,Z_Pluton__2_Batalion_Wsparcia,"28,3",0,0,"28,5",2,False,False,N/A,N/A,N/A,{'no_mp': True}
2025-09-13T22:06:32.558772,NO_FUEL,Z_Pluton__2_Batalion_Wsparcia,"28,3",0,0,"28,5",2,False,False,N/A,N/A,N/A,"{'no_mp': True, 'no_fuel': True}"
2025-09-13T22:06:32.559787,NO_MOVEMENT_POINTS,P_Pluton__2_Kompania_Grenadier_w_20250913214010,"28,3",0,0,"27,6",3,False,False,N/A,N/A,N/A,{'no_mp': True}
2025-09-13T22:06:32.559787,NO_FUEL,P_Pluton__2_Kompania_Grenadier_w_20250913214010,"28,3",0,0,"27,6",3,False,False,N/A,N/A,N/A,"{'no_mp': True, 'no_fuel': True}"
2025-09-13T22:06:32.559787,INSUFFICIENT_SUPPORT,P_Kompania__2_Pu_k_Piechoty,"28,3",N/A,N/A,N/A,N/A,N/A,N/A,0,75,4,"{'enemies_list': [], 'units_found': 0, 'units_needed': 1, 'shortage': 1}"
2025-09-13T22:06:32.563356,NO_MOVEMENT_POINTS,P_Batalion__2_Batalion_Strzelc_w_20250913214005,"27,4",0,0,"25,-9",15,False,False,N/A,N/A,N/A,{'no_mp': True}
2025-09-13T22:06:32.563685,NO_FUEL,P_Batalion__2_Batalion_Strzelc_w_20250913214005,"27,4",0,0,"25,-9",15,False,False,N/A,N/A,N/A,"{'no_mp': True, 'no_fuel': True}"
2025-09-13T22:06:32.564684,NO_MOVEMENT_POINTS,P_Pluton__2_Kompania_Grenadier_w,"27,4",0,0,"26,6",2,False,False,N/A,N/A,N/A,{'no_mp': True}
2025-09-13T22:06:32.567874,NO_FUEL,P_Pluton__2_Kompania_Grenadier_w,"27,4",0,0,"26,6",2,False,False,N/A,N/A,N/A,"{'no_mp': True, 'no_fuel': True}"
2025-09-13T22:06:32.570354,NO_MOVEMENT_POINTS,Z_Pluton__2_Batalion_Wsparcia,"27,4",0,0,"28,5",2,False,False,N/A,N/A,N/A,{'no_mp': True}
2025-09-13T22:06:32.571365,NO_FUEL,Z_Pluton__2_Batalion_Wsparcia,"27,4",0,0,"28,5",2,False,False,N/A,N/A,N/A,"{'no_mp': True, 'no_fuel': True}"
2025-09-13T22:06:32.571365,NO_MOVEMENT_POINTS,P_Pluton__2_Kompania_Grenadier_w_20250913214010,"27,4",0,0,"27,6",2,False,False,N/A,N/A,N/A,{'no_mp': True}
2025-09-13T22:06:32.572368,NO_FUEL,P_Pluton__2_Kompania_Grenadier_w_20250913214010,"27,4",0,0,"27,6",2,False,False,N/A,N/A,N/A,"{'no_mp': True, 'no_fuel': True}"
2025-09-13T22:06:32.573413,INSUFFICIENT_SUPPORT,Z_Pluton__2_Oddzia_Rozpoznawczy,"27,4",N/A,N/A,N/A,N/A,N/A,N/A,0,75,4,"{'enemies_list': [], 'units_found': 0, 'units_needed': 1, 'shortage': 1}"
2025-09-13T22:06:32.574688,NO_MOVEMENT_POINTS,P_Batalion__2_Batalion_Strzelc_w_20250913214005,"15,-7",0,0,"25,-9",10,False,False,N/A,N/A,N/A,{'no_mp': True}
2025-09-13T22:06:32.575395,NO_FUEL,P_Batalion__2_Batalion_Strzelc_w_20250913214005,"15,-7",0,0,"25,-9",10,False,False,N/A,N/A,N/A,"{'no_mp': True, 'no_fuel': True}"
2025-09-13T22:06:32.576699,NO_MOVEMENT_POINTS,P_Pluton__2_Kompania_Grenadier_w,"15,-7",0,0,"26,6",24,False,False,N/A,N/A,N/A,{'no_mp': True}
2025-09-13T22:06:32.577703,NO_FUEL,P_Pluton__2_Kompania_Grenadier_w,"15,-7",0,0,"26,6",24,False,False,N/A,N/A,N/A,"{'no_mp': True, 'no_fuel': True}"
2025-09-13T22:06:32.578807,NO_MOVEMENT_POINTS,Z_Pluton__2_Batalion_Wsparcia,"15,-7",0,0,"28,5",25,False,False,N/A,N/A,N/A,{'no_mp': True}
2025-09-13T22:06:32.578807,NO_FUEL,Z_Pluton__2_Batalion_Wsparcia,"15,-7",0,0,"28,5",25,False,False,N/A,N/A,N/A,"{'no_mp': True, 'no_fuel': True}"
2025-09-13T22:06:32.580311,NO_MOVEMENT_POINTS,P_Pluton__2_Kompania_Grenadier_w_20250913214010,"15,-7",0,0,"27,6",25,False,False,N/A,N/A,N/A,{'no_mp': True}
2025-09-13T22:06:32.580812,NO_FUEL,P_Pluton__2_Kompania_Grenadier_w_20250913214010,"15,-7",0,0,"27,6",25,False,False,N/A,N/A,N/A,"{'no_mp': True, 'no_fuel': True}"
2025-09-13T22:06:32.584447,INSUFFICIENT_SUPPORT,D_Pluton__2_Dow_dztwo_Einheit,"15,-7",N/A,N/A,N/A,N/A,N/A,N/A,0,100,4,"{'enemies_list': [], 'units_found': 0, 'units_needed': 2, 'shortage': 2}"
2025-09-13T22:06:32.921728,NO_MOVEMENT_POINTS,P_Pluton__5_Infanterie_Regiment,"43,-14",0,0,"36,-15",8,False,False,N/A,N/A,N/A,{'no_mp': True}
2025-09-13T22:06:32.922756,NO_FUEL,P_Pluton__5_Infanterie_Regiment,"43,-14",0,0,"36,-15",8,False,False,N/A,N/A,N/A,"{'no_mp': True, 'no_fuel': True}"
2025-09-13T22:06:32.924164,NO_MOVEMENT_POINTS,P_Kompania__5_Infanterie_Regiment,"43,-14",0,0,"36,-14",7,False,False,N/A,N/A,N/A,{'no_mp': True}
2025-09-13T22:06:32.924631,NO_FUEL,P_Kompania__5_Infanterie_Regiment,"43,-14",0,0,"36,-14",7,False,False,N/A,N/A,N/A,"{'no_mp': True, 'no_fuel': True}"
2025-09-13T22:06:32.925643,NO_MOVEMENT_POINTS,P_Pluton__5_Sch_tzen_Kompanie,"43,-14",0,0,"37,-15",7,False,False,N/A,N/A,N/A,{'no_mp': True}
2025-09-13T22:06:32.925643,NO_FUEL,P_Pluton__5_Sch_tzen_Kompanie,"43,-14",0,0,"37,-15",7,False,False,N/A,N/A,N/A,"{'no_mp': True, 'no_fuel': True}"
2025-09-13T22:06:32.925643,NO_MOVEMENT_POINTS,AC_Kompania__5_schwere_Artillerie,"43,-14",0,0,"36,-16",9,False,False,N/A,N/A,N/A,{'no_mp': True}
2025-09-13T22:06:32.925643,NO_FUEL,AC_Kompania__5_schwere_Artillerie,"43,-14",0,0,"36,-16",9,False,False,N/A,N/A,N/A,"{'no_mp': True, 'no_fuel': True}"
2025-09-13T22:06:32.925643,NO_MOVEMENT_POINTS,AL_Batalion__5_Artillerie_Abteilung,"43,-14",0,0,"37,-16",8,False,False,N/A,N/A,N/A,{'no_mp': True}
2025-09-13T22:06:32.930869,NO_FUEL,AL_Batalion__5_Artillerie_Abteilung,"43,-14",0,0,"37,-16",8,False,False,N/A,N/A,N/A,"{'no_mp': True, 'no_fuel': True}"
2025-09-13T22:06:32.932689,INSUFFICIENT_SUPPORT,Z_Pluton__5_Versorgungs_Kompanie,"43,-14",N/A,N/A,N/A,N/A,N/A,N/A,0,150,5,"{'enemies_list': [], 'units_found': 0, 'units_needed': 2, 'shortage': 2}"
2025-09-13T22:06:32.934713,NO_MOVEMENT_POINTS,P_Pluton__5_Infanterie_Regiment,"43,-15",0,0,"36,-15",7,False,False,N/A,N/A,N/A,{'no_mp': True}
2025-09-13T22:06:32.937049,NO_FUEL,P_Pluton__5_Infanterie_Regiment,"43,-15",0,0,"36,-15",7,False,False,N/A,N/A,N/A,"{'no_mp': True, 'no_fuel': True}"
2025-09-13T22:06:32.938263,NO_MOVEMENT_POINTS,P_Kompania__5_Infanterie_Regiment,"43,-15",0,0,"36,-14",7,False,False,N/A,N/A,N/A,{'no_mp': True}
2025-09-13T22:06:32.939538,NO_FUEL,P_Kompania__5_Infanterie_Regiment,"43,-15",0,0,"36,-14",7,False,False,N/A,N/A,N/A,"{'no_mp': True, 'no_fuel': True}"
2025-09-13T22:06:32.939538,NO_MOVEMENT_POINTS,P_Pluton__5_Sch_tzen_Kompanie,"43,-15",0,0,"37,-15",6,False,False,N/A,N/A,N/A,{'no_mp': True}
2025-09-13T22:06:32.941219,NO_FUEL,P_Pluton__5_Sch_tzen_Kompanie,"43,-15",0,0,"37,-15",6,False,False,N/A,N/A,N/A,"{'no_mp': True, 'no_fuel': True}"
2025-09-13T22:06:32.942478,NO_MOVEMENT_POINTS,AC_Kompania__5_schwere_Artillerie,"43,-15",0,0,"36,-16",8,False,False,N/A,N/A,N/A,{'no_mp': True}
2025-09-13T22:06:32.943651,NO_FUEL,AC_Kompania__5_schwere_Artillerie,"43,-15",0,0,"36,-16",8,False,False,N/A,N/A,N/A,"{'no_mp': True, 'no_fuel': True}"
2025-09-13T22:06:32.943651,NO_MOVEMENT_POINTS,AL_Batalion__5_Artillerie_Abteilung,"43,-15",0,0,"37,-16",7,False,False,N/A,N/A,N/A,{'no_mp': True}
2025-09-13T22:06:32.944930,NO_FUEL,AL_Batalion__5_Artillerie_Abteilung,"43,-15",0,0,"37,-16",7,False,False,N/A,N/A,N/A,"{'no_mp': True, 'no_fuel': True}"
2025-09-13T22:06:32.946001,INSUFFICIENT_SUPPORT,Z_Pluton__5_Unterst_tzungs_Bataillon,"43,-15",N/A,N/A,N/A,N/A,N/A,N/A,0,150,5,"{'enemies_list': [], 'units_found': 0, 'units_needed': 2, 'shortage': 2}"
2025-09-13T22:06:33.122103,NO_MOVEMENT_POINTS,P_Batalion__2_Batalion_Strzelc_w_20250913214005,"28,3",0,0,"25,-9",15,False,False,N/A,N/A,N/A,{'no_mp': True}
2025-09-13T22:06:33.122103,NO_FUEL,P_Batalion__2_Batalion_Strzelc_w_20250913214005,"28,3",0,0,"25,-9",15,False,False,N/A,N/A,N/A,"{'no_mp': True, 'no_fuel': True}"
2025-09-13T22:06:33.123905,NO_MOVEMENT_POINTS,P_Pluton__2_Kompania_Grenadier_w,"28,3",0,0,"26,6",3,False,False,N/A,N/A,N/A,{'no_mp': True}
2025-09-13T22:06:33.124359,NO_FUEL,P_Pluton__2_Kompania_Grenadier_w,"28,3",0,0,"26,6",3,False,False,N/A,N/A,N/A,"{'no_mp': True, 'no_fuel': True}"
2025-09-13T22:06:33.125369,NO_MOVEMENT_POINTS,Z_Pluton__2_Batalion_Wsparcia,"28,3",0,0,"28,5",2,False,False,N/A,N/A,N/A,{'no_mp': True}
2025-09-13T22:06:33.126748,NO_FUEL,Z_Pluton__2_Batalion_Wsparcia,"28,3",0,0,"28,5",2,False,False,N/A,N/A,N/A,"{'no_mp': True, 'no_fuel': True}"
2025-09-13T22:06:33.126748,NO_MOVEMENT_POINTS,P_Pluton__2_Kompania_Grenadier_w_20250913214010,"28,3",0,0,"27,6",3,False,False,N/A,N/A,N/A,{'no_mp': True}
2025-09-13T22:06:33.126748,NO_FUEL,P_Pluton__2_Kompania_Grenadier_w_20250913214010,"28,3",0,0,"27,6",3,False,False,N/A,N/A,N/A,"{'no_mp': True, 'no_fuel': True}"
2025-09-13T22:06:33.129767,INSUFFICIENT_SUPPORT,P_Kompania__2_Pu_k_Piechoty,"28,3",N/A,N/A,N/A,N/A,N/A,N/A,0,75,4,"{'enemies_list': [], 'units_found': 0, 'units_needed': 1, 'shortage': 1}"
2025-09-13T22:06:33.130777,NO_MOVEMENT_POINTS,P_Batalion__2_Batalion_Strzelc_w_20250913214005,"27,4",0,0,"25,-9",15,False,False,N/A,N/A,N/A,{'no_mp': True}
2025-09-13T22:06:33.130777,NO_FUEL,P_Batalion__2_Batalion_Strzelc_w_20250913214005,"27,4",0,0,"25,-9",15,False,False,N/A,N/A,N/A,"{'no_mp': True, 'no_fuel': True}"
2025-09-13T22:06:33.132097,NO_MOVEMENT_POINTS,P_Pluton__2_Kompania_Grenadier_w,"27,4",0,0,"26,6",2,False,False,N/A,N/A,N/A,{'no_mp': True}
2025-09-13T22:06:33.135476,NO_FUEL,P_Pluton__2_Kompania_Grenadier_w,"27,4",0,0,"26,6",2,False,False,N/A,N/A,N/A,"{'no_mp': True, 'no_fuel': True}"
2025-09-13T22:06:33.137584,NO_MOVEMENT_POINTS,Z_Pluton__2_Batalion_Wsparcia,"27,4",0,0,"28,5",2,False,False,N/A,N/A,N/A,{'no_mp': True}
2025-09-13T22:06:33.138848,NO_FUEL,Z_Pluton__2_Batalion_Wsparcia,"27,4",0,0,"28,5",2,False,False,N/A,N/A,N/A,"{'no_mp': True, 'no_fuel': True}"
2025-09-13T22:06:33.140100,NO_MOVEMENT_POINTS,P_Pluton__2_Kompania_Grenadier_w_20250913214010,"27,4",0,0,"27,6",2,False,False,N/A,N/A,N/A,{'no_mp': True}
2025-09-13T22:06:33.141692,NO_FUEL,P_Pluton__2_Kompania_Grenadier_w_20250913214010,"27,4",0,0,"27,6",2,False,False,N/A,N/A,N/A,"{'no_mp': True, 'no_fuel': True}"
2025-09-13T22:06:33.142701,INSUFFICIENT_SUPPORT,Z_Pluton__2_Oddzia_Rozpoznawczy,"27,4",N/A,N/A,N/A,N/A,N/A,N/A,0,75,4,"{'enemies_list': [], 'units_found': 0, 'units_needed': 1, 'shortage': 1}"
2025-09-13T22:06:33.142701,NO_MOVEMENT_POINTS,P_Batalion__2_Batalion_Strzelc_w_20250913214005,"15,-7",0,0,"25,-9",10,False,False,N/A,N/A,N/A,{'no_mp': True}
2025-09-13T22:06:33.142701,NO_FUEL,P_Batalion__2_Batalion_Strzelc_w_20250913214005,"15,-7",0,0,"25,-9",10,False,False,N/A,N/A,N/A,"{'no_mp': True, 'no_fuel': True}"
2025-09-13T22:06:33.142701,NO_MOVEMENT_POINTS,P_Pluton__2_Kompania_Grenadier_w,"15,-7",0,0,"26,6",24,False,False,N/A,N/A,N/A,{'no_mp': True}
2025-09-13T22:06:33.148123,NO_FUEL,P_Pluton__2_Kompania_Grenadier_w,"15,-7",0,0,"26,6",24,False,False,N/A,N/A,N/A,"{'no_mp': True, 'no_fuel': True}"
2025-09-13T22:06:33.150132,NO_MOVEMENT_POINTS,Z_Pluton__2_Batalion_Wsparcia,"15,-7",0,0,"28,5",25,False,False,N/A,N/A,N/A,{'no_mp': True}
2025-09-13T22:06:33.152152,NO_FUEL,Z_Pluton__2_Batalion_Wsparcia,"15,-7",0,0,"28,5",25,False,False,N/A,N/A,N/A,"{'no_mp': True, 'no_fuel': True}"
2025-09-13T22:06:33.155428,NO_MOVEMENT_POINTS,P_Pluton__2_Kompania_Grenadier_w_20250913214010,"15,-7",0,0,"27,6",25,False,False,N/A,N/A,N/A,{'no_mp': True}
2025-09-13T22:06:33.156438,NO_FUEL,P_Pluton__2_Kompania_Grenadier_w_20250913214010,"15,-7",0,0,"27,6",25,False,False,N/A,N/A,N/A,"{'no_mp': True, 'no_fuel': True}"
2025-09-13T22:06:33.157443,INSUFFICIENT_SUPPORT,D_Pluton__2_Dow_dztwo_Einheit,"15,-7",N/A,N/A,N/A,N/A,N/A,N/A,0,100,4,"{'enemies_list': [], 'units_found': 0, 'units_needed': 2, 'shortage': 2}"
2025-09-13T22:06:33.439315,NO_MOVEMENT_POINTS,P_Pluton__5_Infanterie_Regiment,"43,-15",0,0,"36,-15",7,False,False,N/A,N/A,N/A,{'no_mp': True}
2025-09-13T22:06:33.440505,NO_FUEL,P_Pluton__5_Infanterie_Regiment,"43,-15",0,0,"36,-15",7,False,False,N/A,N/A,N/A,"{'no_mp': True, 'no_fuel': True}"
2025-09-13T22:06:33.441719,NO_MOVEMENT_POINTS,P_Kompania__5_Infanterie_Regiment,"43,-15",0,0,"36,-14",7,False,False,N/A,N/A,N/A,{'no_mp': True}
2025-09-13T22:06:33.441719,NO_FUEL,P_Kompania__5_Infanterie_Regiment,"43,-15",0,0,"36,-14",7,False,False,N/A,N/A,N/A,"{'no_mp': True, 'no_fuel': True}"
2025-09-13T22:06:33.443303,NO_MOVEMENT_POINTS,P_Pluton__5_Sch_tzen_Kompanie,"43,-15",0,0,"37,-15",6,False,False,N/A,N/A,N/A,{'no_mp': True}
2025-09-13T22:06:33.443303,NO_FUEL,P_Pluton__5_Sch_tzen_Kompanie,"43,-15",0,0,"37,-15",6,False,False,N/A,N/A,N/A,"{'no_mp': True, 'no_fuel': True}"
2025-09-13T22:06:33.443303,NO_MOVEMENT_POINTS,AC_Kompania__5_schwere_Artillerie,"43,-15",0,0,"36,-16",8,False,False,N/A,N/A,N/A,{'no_mp': True}
2025-09-13T22:06:33.443303,NO_FUEL,AC_Kompania__5_schwere_Artillerie,"43,-15",0,0,"36,-16",8,False,False,N/A,N/A,N/A,"{'no_mp': True, 'no_fuel': True}"
2025-09-13T22:06:33.443303,NO_MOVEMENT_POINTS,AL_Batalion__5_Artillerie_Abteilung,"43,-15",0,0,"37,-17",8,False,False,N/A,N/A,N/A,{'no_mp': True}
2025-09-13T22:06:33.443303,NO_FUEL,AL_Batalion__5_Artillerie_Abteilung,"43,-15",0,0,"37,-17",8,False,False,N/A,N/A,N/A,"{'no_mp': True, 'no_fuel': True}"
2025-09-13T22:06:33.448827,INSUFFICIENT_SUPPORT,Z_Pluton__5_Unterst_tzungs_Bataillon,"43,-15",N/A,N/A,N/A,N/A,N/A,N/A,0,150,5,"{'enemies_list': [], 'units_found': 0, 'units_needed': 2, 'shortage': 2}"
2025-09-13T22:06:33.637646,NO_MOVEMENT_POINTS,P_Batalion__2_Batalion_Strzelc_w_20250913214005,"28,3",0,0,"25,-9",15,False,False,N/A,N/A,N/A,{'no_mp': True}
2025-09-13T22:06:33.638657,NO_FUEL,P_Batalion__2_Batalion_Strzelc_w_20250913214005,"28,3",0,0,"25,-9",15,False,False,N/A,N/A,N/A,"{'no_mp': True, 'no_fuel': True}"
2025-09-13T22:06:33.639902,NO_MOVEMENT_POINTS,P_Pluton__2_Kompania_Grenadier_w,"28,3",0,0,"26,6",3,False,False,N/A,N/A,N/A,{'no_mp': True}
2025-09-13T22:06:33.639902,NO_FUEL,P_Pluton__2_Kompania_Grenadier_w,"28,3",0,0,"26,6",3,False,False,N/A,N/A,N/A,"{'no_mp': True, 'no_fuel': True}"
2025-09-13T22:06:33.641210,NO_MOVEMENT_POINTS,Z_Pluton__2_Batalion_Wsparcia,"28,3",0,0,"28,5",2,False,False,N/A,N/A,N/A,{'no_mp': True}
2025-09-13T22:06:33.642365,NO_FUEL,Z_Pluton__2_Batalion_Wsparcia,"28,3",0,0,"28,5",2,False,False,N/A,N/A,N/A,"{'no_mp': True, 'no_fuel': True}"
2025-09-13T22:06:33.642365,NO_MOVEMENT_POINTS,P_Pluton__2_Kompania_Grenadier_w_20250913214010,"28,3",0,0,"27,6",3,False,False,N/A,N/A,N/A,{'no_mp': True}
2025-09-13T22:06:33.642365,NO_FUEL,P_Pluton__2_Kompania_Grenadier_w_20250913214010,"28,3",0,0,"27,6",3,False,False,N/A,N/A,N/A,"{'no_mp': True, 'no_fuel': True}"
2025-09-13T22:06:33.642365,INSUFFICIENT_SUPPORT,P_Kompania__2_Pu_k_Piechoty,"28,3",N/A,N/A,N/A,N/A,N/A,N/A,0,75,4,"{'enemies_list': [], 'units_found': 0, 'units_needed': 1, 'shortage': 1}"
2025-09-13T22:06:33.642365,NO_MOVEMENT_POINTS,P_Batalion__2_Batalion_Strzelc_w_20250913214005,"27,4",0,0,"25,-9",15,False,False,N/A,N/A,N/A,{'no_mp': True}
2025-09-13T22:06:33.642365,NO_FUEL,P_Batalion__2_Batalion_Strzelc_w_20250913214005,"27,4",0,0,"25,-9",15,False,False,N/A,N/A,N/A,"{'no_mp': True, 'no_fuel': True}"
2025-09-13T22:06:33.642365,NO_MOVEMENT_POINTS,P_Pluton__2_Kompania_Grenadier_w,"27,4",0,0,"26,6",2,False,False,N/A,N/A,N/A,{'no_mp': True}
2025-09-13T22:06:33.648696,NO_FUEL,P_Pluton__2_Kompania_Grenadier_w,"27,4",0,0,"26,6",2,False,False,N/A,N/A,N/A,"{'no_mp': True, 'no_fuel': True}"
2025-09-13T22:06:33.650670,NO_MOVEMENT_POINTS,Z_Pluton__2_Batalion_Wsparcia,"27,4",0,0,"28,5",2,False,False,N/A,N/A,N/A,{'no_mp': True}
2025-09-13T22:06:33.650670,NO_FUEL,Z_Pluton__2_Batalion_Wsparcia,"27,4",0,0,"28,5",2,False,False,N/A,N/A,N/A,"{'no_mp': True, 'no_fuel': True}"
2025-09-13T22:06:33.655524,NO_MOVEMENT_POINTS,P_Pluton__2_Kompania_Grenadier_w_20250913214010,"27,4",0,0,"27,6",2,False,False,N/A,N/A,N/A,{'no_mp': True}
2025-09-13T22:06:33.655524,NO_FUEL,P_Pluton__2_Kompania_Grenadier_w_20250913214010,"27,4",0,0,"27,6",2,False,False,N/A,N/A,N/A,"{'no_mp': True, 'no_fuel': True}"
2025-09-13T22:06:33.656534,INSUFFICIENT_SUPPORT,Z_Pluton__2_Oddzia_Rozpoznawczy,"27,4",N/A,N/A,N/A,N/A,N/A,N/A,0,75,4,"{'enemies_list': [], 'units_found': 0, 'units_needed': 1, 'shortage': 1}"
2025-09-13T22:06:33.657558,NO_MOVEMENT_POINTS,P_Batalion__2_Batalion_Strzelc_w_20250913214005,"24,-7",0,0,"25,-9",2,False,False,N/A,N/A,N/A,{'no_mp': True}
2025-09-13T22:06:33.658664,NO_FUEL,P_Batalion__2_Batalion_Strzelc_w_20250913214005,"24,-7",0,0,"25,-9",2,False,False,N/A,N/A,N/A,"{'no_mp': True, 'no_fuel': True}"
2025-09-13T22:06:33.659667,NO_MOVEMENT_POINTS,P_Pluton__2_Kompania_Grenadier_w,"24,-7",0,0,"26,6",15,False,False,N/A,N/A,N/A,{'no_mp': True}
2025-09-13T22:06:33.660720,NO_FUEL,P_Pluton__2_Kompania_Grenadier_w,"24,-7",0,0,"26,6",15,False,False,N/A,N/A,N/A,"{'no_mp': True, 'no_fuel': True}"
2025-09-13T22:06:33.661971,NO_MOVEMENT_POINTS,Z_Pluton__2_Batalion_Wsparcia,"24,-7",0,0,"28,5",16,False,False,N/A,N/A,N/A,{'no_mp': True}
2025-09-13T22:06:33.662980,NO_FUEL,Z_Pluton__2_Batalion_Wsparcia,"24,-7",0,0,"28,5",16,False,False,N/A,N/A,N/A,"{'no_mp': True, 'no_fuel': True}"
2025-09-13T22:06:33.662980,NO_MOVEMENT_POINTS,P_Pluton__2_Kompania_Grenadier_w_20250913214010,"24,-7",0,0,"27,6",16,False,False,N/A,N/A,N/A,{'no_mp': True}
2025-09-13T22:06:33.664098,NO_FUEL,P_Pluton__2_Kompania_Grenadier_w_20250913214010,"24,-7",0,0,"27,6",16,False,False,N/A,N/A,N/A,"{'no_mp': True, 'no_fuel': True}"
2025-09-13T22:06:33.665236,INSUFFICIENT_SUPPORT,Z_Batalion__2_Kompania_Zaopatrzeniowa,"24,-7",N/A,N/A,N/A,N/A,N/A,N/A,0,50,4,"{'enemies_list': [], 'units_found': 0, 'units_needed': 1, 'shortage': 1}"
2025-09-13T22:06:33.666743,NO_MOVEMENT_POINTS,P_Batalion__2_Batalion_Strzelc_w_20250913214005,"15,-7",0,0,"25,-9",10,False,False,N/A,N/A,N/A,{'no_mp': True}
2025-09-13T22:06:33.666743,NO_FUEL,P_Batalion__2_Batalion_Strzelc_w_20250913214005,"15,-7",0,0,"25,-9",10,False,False,N/A,N/A,N/A,"{'no_mp': True, 'no_fuel': True}"
2025-09-13T22:06:33.671473,NO_MOVEMENT_POINTS,P_Pluton__2_Kompania_Grenadier_w,"15,-7",0,0,"26,6",24,False,False,N/A,N/A,N/A,{'no_mp': True}
2025-09-13T22:06:33.672792,NO_FUEL,P_Pluton__2_Kompania_Grenadier_w,"15,-7",0,0,"26,6",24,False,False,N/A,N/A,N/A,"{'no_mp': True, 'no_fuel': True}"
2025-09-13T22:06:33.672792,NO_MOVEMENT_POINTS,Z_Pluton__2_Batalion_Wsparcia,"15,-7",0,0,"28,5",25,False,False,N/A,N/A,N/A,{'no_mp': True}
2025-09-13T22:06:33.674097,NO_FUEL,Z_Pluton__2_Batalion_Wsparcia,"15,-7",0,0,"28,5",25,False,False,N/A,N/A,N/A,"{'no_mp': True, 'no_fuel': True}"
2025-09-13T22:06:33.675181,NO_MOVEMENT_POINTS,P_Pluton__2_Kompania_Grenadier_w_20250913214010,"15,-7",0,0,"27,6",25,False,False,N/A,N/A,N/A,{'no_mp': True}
2025-09-13T22:06:33.675181,NO_FUEL,P_Pluton__2_Kompania_Grenadier_w_20250913214010,"15,-7",0,0,"27,6",25,False,False,N/A,N/A,N/A,"{'no_mp': True, 'no_fuel': True}"
2025-09-13T22:06:33.676856,INSUFFICIENT_SUPPORT,D_Pluton__2_Dow_dztwo_Einheit,"15,-7",N/A,N/A,N/A,N/A,N/A,N/A,0,100,4,"{'enemies_list': [], 'units_found': 0, 'units_needed': 2, 'shortage': 2}"
2025-09-13T22:06:33.854877,NO_MOVEMENT_POINTS,P_Pluton__5_Infanterie_Regiment,"45,-15",0,0,"36,-15",9,False,False,N/A,N/A,N/A,{'no_mp': True}
2025-09-13T22:06:33.855899,NO_FUEL,P_Pluton__5_Infanterie_Regiment,"45,-15",0,0,"36,-15",9,False,False,N/A,N/A,N/A,"{'no_mp': True, 'no_fuel': True}"
2025-09-13T22:06:33.855899,NO_MOVEMENT_POINTS,P_Kompania__5_Infanterie_Regiment,"45,-15",0,0,"36,-14",9,False,False,N/A,N/A,N/A,{'no_mp': True}
2025-09-13T22:06:33.855899,NO_FUEL,P_Kompania__5_Infanterie_Regiment,"45,-15",0,0,"36,-14",9,False,False,N/A,N/A,N/A,"{'no_mp': True, 'no_fuel': True}"
2025-09-13T22:06:33.855899,NO_MOVEMENT_POINTS,P_Pluton__5_Sch_tzen_Kompanie,"45,-15",0,0,"37,-15",8,False,False,N/A,N/A,N/A,{'no_mp': True}
2025-09-13T22:06:33.855899,NO_FUEL,P_Pluton__5_Sch_tzen_Kompanie,"45,-15",0,0,"37,-15",8,False,False,N/A,N/A,N/A,"{'no_mp': True, 'no_fuel': True}"
2025-09-13T22:06:33.860503,NO_MOVEMENT_POINTS,AC_Kompania__5_schwere_Artillerie,"45,-15",0,0,"36,-16",10,False,False,N/A,N/A,N/A,{'no_mp': True}
2025-09-13T22:06:33.861516,NO_FUEL,AC_Kompania__5_schwere_Artillerie,"45,-15",0,0,"36,-16",10,False,False,N/A,N/A,N/A,"{'no_mp': True, 'no_fuel': True}"
2025-09-13T22:06:33.862695,NO_MOVEMENT_POINTS,AL_Batalion__5_Artillerie_Abteilung,"45,-15",0,0,"37,-17",10,False,False,N/A,N/A,N/A,{'no_mp': True}
2025-09-13T22:06:33.862695,NO_FUEL,AL_Batalion__5_Artillerie_Abteilung,"45,-15",0,0,"37,-17",10,False,False,N/A,N/A,N/A,"{'no_mp': True, 'no_fuel': True}"
2025-09-13T22:06:33.863967,INSUFFICIENT_SUPPORT,Z_Kompania__5_Unterst_tzungs_Bataillon,"45,-15",N/A,N/A,N/A,N/A,N/A,N/A,0,100,5,"{'enemies_list': [], 'units_found': 0, 'units_needed': 2, 'shortage': 2}"
2025-09-13T22:06:33.865269,NO_MOVEMENT_POINTS,P_Pluton__5_Infanterie_Regiment,"43,-15",0,0,"36,-15",7,False,False,N/A,N/A,N/A,{'no_mp': True}
2025-09-13T22:06:33.868323,NO_FUEL,P_Pluton__5_Infanterie_Regiment,"43,-15",0,0,"36,-15",7,False,False,N/A,N/A,N/A,"{'no_mp': True, 'no_fuel': True}"
2025-09-13T22:06:33.872002,NO_MOVEMENT_POINTS,P_Kompania__5_Infanterie_Regiment,"43,-15",0,0,"36,-14",7,False,False,N/A,N/A,N/A,{'no_mp': True}
2025-09-13T22:06:33.872836,NO_FUEL,P_Kompania__5_Infanterie_Regiment,"43,-15",0,0,"36,-14",7,False,False,N/A,N/A,N/A,"{'no_mp': True, 'no_fuel': True}"
2025-09-13T22:06:33.873872,NO_MOVEMENT_POINTS,P_Pluton__5_Sch_tzen_Kompanie,"43,-15",0,0,"37,-15",6,False,False,N/A,N/A,N/A,{'no_mp': True}
2025-09-13T22:06:33.874870,NO_FUEL,P_Pluton__5_Sch_tzen_Kompanie,"43,-15",0,0,"37,-15",6,False,False,N/A,N/A,N/A,"{'no_mp': True, 'no_fuel': True}"
2025-09-13T22:06:33.876062,NO_MOVEMENT_POINTS,AC_Kompania__5_schwere_Artillerie,"43,-15",0,0,"36,-16",8,False,False,N/A,N/A,N/A,{'no_mp': True}
2025-09-13T22:06:33.876062,NO_FUEL,AC_Kompania__5_schwere_Artillerie,"43,-15",0,0,"36,-16",8,False,False,N/A,N/A,N/A,"{'no_mp': True, 'no_fuel': True}"
2025-09-13T22:06:33.877367,NO_MOVEMENT_POINTS,AL_Batalion__5_Artillerie_Abteilung,"43,-15",0,0,"37,-17",8,False,False,N/A,N/A,N/A,{'no_mp': True}
2025-09-13T22:06:33.878523,NO_FUEL,AL_Batalion__5_Artillerie_Abteilung,"43,-15",0,0,"37,-17",8,False,False,N/A,N/A,N/A,"{'no_mp': True, 'no_fuel': True}"
2025-09-13T22:06:33.879883,INSUFFICIENT_SUPPORT,Z_Pluton__5_Unterst_tzungs_Bataillon,"43,-15",N/A,N/A,N/A,N/A,N/A,N/A,0,150,5,"{'enemies_list': [], 'units_found': 0, 'units_needed': 2, 'shortage': 2}"
2025-09-13T22:06:33.881089,NO_MOVEMENT_POINTS,P_Pluton__5_Infanterie_Regiment,"52,-13",0,0,"36,-15",18,False,False,N/A,N/A,N/A,{'no_mp': True}
2025-09-13T22:06:33.881089,NO_FUEL,P_Pluton__5_Infanterie_Regiment,"52,-13",0,0,"36,-15",18,False,False,N/A,N/A,N/A,"{'no_mp': True, 'no_fuel': True}"
2025-09-13T22:06:33.882318,NO_MOVEMENT_POINTS,P_Kompania__5_Infanterie_Regiment,"52,-13",0,0,"36,-14",17,False,False,N/A,N/A,N/A,{'no_mp': True}
2025-09-13T22:06:33.883424,NO_FUEL,P_Kompania__5_Infanterie_Regiment,"52,-13",0,0,"36,-14",17,False,False,N/A,N/A,N/A,"{'no_mp': True, 'no_fuel': True}"
2025-09-13T22:06:33.888012,NO_MOVEMENT_POINTS,P_Pluton__5_Sch_tzen_Kompanie,"52,-13",0,0,"37,-15",17,False,False,N/A,N/A,N/A,{'no_mp': True}
2025-09-13T22:06:33.889033,NO_FUEL,P_Pluton__5_Sch_tzen_Kompanie,"52,-13",0,0,"37,-15",17,False,False,N/A,N/A,N/A,"{'no_mp': True, 'no_fuel': True}"
2025-09-13T22:06:33.889033,NO_MOVEMENT_POINTS,AC_Kompania__5_schwere_Artillerie,"52,-13",0,0,"36,-16",19,False,False,N/A,N/A,N/A,{'no_mp': True}
2025-09-13T22:06:33.890040,NO_FUEL,AC_Kompania__5_schwere_Artillerie,"52,-13",0,0,"36,-16",19,False,False,N/A,N/A,N/A,"{'no_mp': True, 'no_fuel': True}"
2025-09-13T22:06:33.891370,NO_MOVEMENT_POINTS,AL_Batalion__5_Artillerie_Abteilung,"52,-13",0,0,"37,-17",19,False,False,N/A,N/A,N/A,{'no_mp': True}
2025-09-13T22:06:33.891370,NO_FUEL,AL_Batalion__5_Artillerie_Abteilung,"52,-13",0,0,"37,-17",19,False,False,N/A,N/A,N/A,"{'no_mp': True, 'no_fuel': True}"
2025-09-13T22:06:33.892620,INSUFFICIENT_SUPPORT,Z_Pluton__5_Unterst_tzungs_Bataillon_20250913214038,"52,-13",N/A,N/A,N/A,N/A,N/A,N/A,0,100,5,"{'enemies_list': [], 'units_found': 0, 'units_needed': 2, 'shortage': 2}"
2025-09-13T22:06:34.080874,NO_MOVEMENT_POINTS,P_Batalion__2_Batalion_Strzelc_w_20250913214005,"28,3",0,0,"25,-9",15,False,False,N/A,N/A,N/A,{'no_mp': True}
2025-09-13T22:06:34.081992,NO_FUEL,P_Batalion__2_Batalion_Strzelc_w_20250913214005,"28,3",0,0,"25,-9",15,False,False,N/A,N/A,N/A,"{'no_mp': True, 'no_fuel': True}"
2025-09-13T22:06:34.085046,NO_MOVEMENT_POINTS,P_Pluton__2_Kompania_Grenadier_w,"28,3",0,0,"26,6",3,False,False,N/A,N/A,N/A,{'no_mp': True}
2025-09-13T22:06:34.087315,NO_FUEL,P_Pluton__2_Kompania_Grenadier_w,"28,3",0,0,"26,6",3,False,False,N/A,N/A,N/A,"{'no_mp': True, 'no_fuel': True}"
2025-09-13T22:06:34.088759,NO_MOVEMENT_POINTS,Z_Pluton__2_Batalion_Wsparcia,"28,3",0,0,"28,5",2,False,False,N/A,N/A,N/A,{'no_mp': True}
2025-09-13T22:06:34.088759,NO_FUEL,Z_Pluton__2_Batalion_Wsparcia,"28,3",0,0,"28,5",2,False,False,N/A,N/A,N/A,"{'no_mp': True, 'no_fuel': True}"
2025-09-13T22:06:34.090048,NO_MOVEMENT_POINTS,P_Pluton__2_Kompania_Grenadier_w_20250913214010,"28,3",0,0,"27,6",3,False,False,N/A,N/A,N/A,{'no_mp': True}
2025-09-13T22:06:34.090048,NO_FUEL,P_Pluton__2_Kompania_Grenadier_w_20250913214010,"28,3",0,0,"27,6",3,False,False,N/A,N/A,N/A,"{'no_mp': True, 'no_fuel': True}"
2025-09-13T22:06:34.092822,INSUFFICIENT_SUPPORT,P_Kompania__2_Pu_k_Piechoty,"28,3",N/A,N/A,N/A,N/A,N/A,N/A,0,75,4,"{'enemies_list': [], 'units_found': 0, 'units_needed': 1, 'shortage': 1}"
2025-09-13T22:06:34.093835,NO_MOVEMENT_POINTS,P_Batalion__2_Batalion_Strzelc_w_20250913214005,"27,4",0,0,"25,-9",15,False,False,N/A,N/A,N/A,{'no_mp': True}
2025-09-13T22:06:34.093835,NO_FUEL,P_Batalion__2_Batalion_Strzelc_w_20250913214005,"27,4",0,0,"25,-9",15,False,False,N/A,N/A,N/A,"{'no_mp': True, 'no_fuel': True}"
2025-09-13T22:06:34.095119,NO_MOVEMENT_POINTS,P_Pluton__2_Kompania_Grenadier_w,"27,4",0,0,"26,6",2,False,False,N/A,N/A,N/A,{'no_mp': True}
2025-09-13T22:06:34.096276,NO_FUEL,P_Pluton__2_Kompania_Grenadier_w,"27,4",0,0,"26,6",2,False,False,N/A,N/A,N/A,"{'no_mp': True, 'no_fuel': True}"
2025-09-13T22:06:34.097261,NO_MOVEMENT_POINTS,Z_Pluton__2_Batalion_Wsparcia,"27,4",0,0,"28,5",2,False,False,N/A,N/A,N/A,{'no_mp': True}
2025-09-13T22:06:34.097261,NO_FUEL,Z_Pluton__2_Batalion_Wsparcia,"27,4",0,0,"28,5",2,False,False,N/A,N/A,N/A,"{'no_mp': True, 'no_fuel': True}"
2025-09-13T22:06:34.097261,NO_MOVEMENT_POINTS,P_Pluton__2_Kompania_Grenadier_w_20250913214010,"27,4",0,0,"27,6",2,False,False,N/A,N/A,N/A,{'no_mp': True}
2025-09-13T22:06:34.097261,NO_FUEL,P_Pluton__2_Kompania_Grenadier_w_20250913214010,"27,4",0,0,"27,6",2,False,False,N/A,N/A,N/A,"{'no_mp': True, 'no_fuel': True}"
2025-09-13T22:06:34.104559,INSUFFICIENT_SUPPORT,Z_Pluton__2_Oddzia_Rozpoznawczy,"27,4",N/A,N/A,N/A,N/A,N/A,N/A,0,75,4,"{'enemies_list': [], 'units_found': 0, 'units_needed': 1, 'shortage': 1}"
2025-09-13T22:06:34.105574,NO_MOVEMENT_POINTS,P_Batalion__2_Batalion_Strzelc_w_20250913214005,"24,-7",0,0,"25,-9",2,False,False,N/A,N/A,N/A,{'no_mp': True}
2025-09-13T22:06:34.105574,NO_FUEL,P_Batalion__2_Batalion_Strzelc_w_20250913214005,"24,-7",0,0,"25,-9",2,False,False,N/A,N/A,N/A,"{'no_mp': True, 'no_fuel': True}"
2025-09-13T22:06:34.106990,NO_MOVEMENT_POINTS,P_Pluton__2_Kompania_Grenadier_w,"24,-7",0,0,"26,6",15,False,False,N/A,N/A,N/A,{'no_mp': True}
2025-09-13T22:06:34.108122,NO_FUEL,P_Pluton__2_Kompania_Grenadier_w,"24,-7",0,0,"26,6",15,False,False,N/A,N/A,N/A,"{'no_mp': True, 'no_fuel': True}"
2025-09-13T22:06:34.108671,NO_MOVEMENT_POINTS,Z_Pluton__2_Batalion_Wsparcia,"24,-7",0,0,"28,5",16,False,False,N/A,N/A,N/A,{'no_mp': True}
2025-09-13T22:06:34.109684,NO_FUEL,Z_Pluton__2_Batalion_Wsparcia,"24,-7",0,0,"28,5",16,False,False,N/A,N/A,N/A,"{'no_mp': True, 'no_fuel': True}"
2025-09-13T22:06:34.109684,NO_MOVEMENT_POINTS,P_Pluton__2_Kompania_Grenadier_w_20250913214010,"24,-7",0,0,"27,6",16,False,False,N/A,N/A,N/A,{'no_mp': True}
2025-09-13T22:06:34.109684,NO_FUEL,P_Pluton__2_Kompania_Grenadier_w_20250913214010,"24,-7",0,0,"27,6",16,False,False,N/A,N/A,N/A,"{'no_mp': True, 'no_fuel': True}"
2025-09-13T22:06:34.113447,INSUFFICIENT_SUPPORT,Z_Batalion__2_Kompania_Zaopatrzeniowa,"24,-7",N/A,N/A,N/A,N/A,N/A,N/A,0,50,4,"{'enemies_list': [], 'units_found': 0, 'units_needed': 1, 'shortage': 1}"
2025-09-13T22:06:34.114459,NO_MOVEMENT_POINTS,P_Batalion__2_Batalion_Strzelc_w_20250913214005,"15,-7",0,0,"25,-9",10,False,False,N/A,N/A,N/A,{'no_mp': True}
2025-09-13T22:06:34.114459,NO_FUEL,P_Batalion__2_Batalion_Strzelc_w_20250913214005,"15,-7",0,0,"25,-9",10,False,False,N/A,N/A,N/A,"{'no_mp': True, 'no_fuel': True}"
2025-09-13T22:06:34.115774,NO_MOVEMENT_POINTS,P_Pluton__2_Kompania_Grenadier_w,"15,-7",0,0,"26,6",24,False,False,N/A,N/A,N/A,{'no_mp': True}
2025-09-13T22:06:34.116910,NO_FUEL,P_Pluton__2_Kompania_Grenadier_w,"15,-7",0,0,"26,6",24,False,False,N/A,N/A,N/A,"{'no_mp': True, 'no_fuel': True}"
2025-09-13T22:06:34.120977,NO_MOVEMENT_POINTS,Z_Pluton__2_Batalion_Wsparcia,"15,-7",0,0,"28,5",25,False,False,N/A,N/A,N/A,{'no_mp': True}
2025-09-13T22:06:34.122132,NO_FUEL,Z_Pluton__2_Batalion_Wsparcia,"15,-7",0,0,"28,5",25,False,False,N/A,N/A,N/A,"{'no_mp': True, 'no_fuel': True}"
2025-09-13T22:06:34.123145,NO_MOVEMENT_POINTS,P_Pluton__2_Kompania_Grenadier_w_20250913214010,"15,-7",0,0,"27,6",25,False,False,N/A,N/A,N/A,{'no_mp': True}
2025-09-13T22:06:34.123145,NO_FUEL,P_Pluton__2_Kompania_Grenadier_w_20250913214010,"15,-7",0,0,"27,6",25,False,False,N/A,N/A,N/A,"{'no_mp': True, 'no_fuel': True}"
2025-09-13T22:06:34.125216,INSUFFICIENT_SUPPORT,D_Pluton__2_Dow_dztwo_Einheit,"15,-7",N/A,N/A,N/A,N/A,N/A,N/A,0,100,4,"{'enemies_list': [], 'units_found': 0, 'units_needed': 2, 'shortage': 2}"
2025-09-13T22:06:34.376386,NO_MOVEMENT_POINTS,P_Pluton__5_Infanterie_Regiment,"45,-15",0,0,"36,-15",9,False,False,N/A,N/A,N/A,{'no_mp': True}
2025-09-13T22:06:34.376386,NO_FUEL,P_Pluton__5_Infanterie_Regiment,"45,-15",0,0,"36,-15",9,False,False,N/A,N/A,N/A,"{'no_mp': True, 'no_fuel': True}"
2025-09-13T22:06:34.376386,NO_MOVEMENT_POINTS,P_Kompania__5_Infanterie_Regiment,"45,-15",0,0,"36,-14",9,False,False,N/A,N/A,N/A,{'no_mp': True}
2025-09-13T22:06:34.376386,NO_FUEL,P_Kompania__5_Infanterie_Regiment,"45,-15",0,0,"36,-14",9,False,False,N/A,N/A,N/A,"{'no_mp': True, 'no_fuel': True}"
2025-09-13T22:06:34.380340,NO_MOVEMENT_POINTS,P_Pluton__5_Sch_tzen_Kompanie,"45,-15",0,0,"37,-15",8,False,False,N/A,N/A,N/A,{'no_mp': True}
2025-09-13T22:06:34.381357,NO_FUEL,P_Pluton__5_Sch_tzen_Kompanie,"45,-15",0,0,"37,-15",8,False,False,N/A,N/A,N/A,"{'no_mp': True, 'no_fuel': True}"
2025-09-13T22:06:34.382360,NO_MOVEMENT_POINTS,AC_Kompania__5_schwere_Artillerie,"45,-15",0,0,"36,-16",10,False,False,N/A,N/A,N/A,{'no_mp': True}
2025-09-13T22:06:34.383470,NO_FUEL,AC_Kompania__5_schwere_Artillerie,"45,-15",0,0,"36,-16",10,False,False,N/A,N/A,N/A,"{'no_mp': True, 'no_fuel': True}"
2025-09-13T22:06:34.386290,NO_MOVEMENT_POINTS,AL_Batalion__5_Artillerie_Abteilung,"45,-15",0,0,"37,-17",10,False,False,N/A,N/A,N/A,{'no_mp': True}
2025-09-13T22:06:34.389358,NO_FUEL,AL_Batalion__5_Artillerie_Abteilung,"45,-15",0,0,"37,-17",10,False,False,N/A,N/A,N/A,"{'no_mp': True, 'no_fuel': True}"
2025-09-13T22:06:34.391326,INSUFFICIENT_SUPPORT,Z_Kompania__5_Unterst_tzungs_Bataillon,"45,-15",N/A,N/A,N/A,N/A,N/A,N/A,0,100,5,"{'enemies_list': [], 'units_found': 0, 'units_needed': 2, 'shortage': 2}"
2025-09-13T22:06:34.392758,NO_MOVEMENT_POINTS,P_Pluton__5_Infanterie_Regiment,"43,-15",0,0,"36,-15",7,False,False,N/A,N/A,N/A,{'no_mp': True}
2025-09-13T22:06:34.393755,NO_FUEL,P_Pluton__5_Infanterie_Regiment,"43,-15",0,0,"36,-15",7,False,False,N/A,N/A,N/A,"{'no_mp': True, 'no_fuel': True}"
2025-09-13T22:06:34.393755,NO_MOVEMENT_POINTS,P_Kompania__5_Infanterie_Regiment,"43,-15",0,0,"36,-14",7,False,False,N/A,N/A,N/A,{'no_mp': True}
2025-09-13T22:06:34.394940,NO_FUEL,P_Kompania__5_Infanterie_Regiment,"43,-15",0,0,"36,-14",7,False,False,N/A,N/A,N/A,"{'no_mp': True, 'no_fuel': True}"
2025-09-13T22:06:34.394940,NO_MOVEMENT_POINTS,P_Pluton__5_Sch_tzen_Kompanie,"43,-15",0,0,"37,-15",6,False,False,N/A,N/A,N/A,{'no_mp': True}
2025-09-13T22:06:34.394940,NO_FUEL,P_Pluton__5_Sch_tzen_Kompanie,"43,-15",0,0,"37,-15",6,False,False,N/A,N/A,N/A,"{'no_mp': True, 'no_fuel': True}"
2025-09-13T22:06:34.397565,NO_MOVEMENT_POINTS,AC_Kompania__5_schwere_Artillerie,"43,-15",0,0,"36,-16",8,False,False,N/A,N/A,N/A,{'no_mp': True}
2025-09-13T22:06:34.398590,NO_FUEL,AC_Kompania__5_schwere_Artillerie,"43,-15",0,0,"36,-16",8,False,False,N/A,N/A,N/A,"{'no_mp': True, 'no_fuel': True}"
2025-09-13T22:06:34.399851,NO_MOVEMENT_POINTS,AL_Batalion__5_Artillerie_Abteilung,"43,-15",0,0,"37,-17",8,False,False,N/A,N/A,N/A,{'no_mp': True}
2025-09-13T22:06:34.400817,NO_FUEL,AL_Batalion__5_Artillerie_Abteilung,"43,-15",0,0,"37,-17",8,False,False,N/A,N/A,N/A,"{'no_mp': True, 'no_fuel': True}"
2025-09-13T22:06:34.405086,INSUFFICIENT_SUPPORT,Z_Pluton__5_Unterst_tzungs_Bataillon,"43,-15",N/A,N/A,N/A,N/A,N/A,N/A,0,150,5,"{'enemies_list': [], 'units_found': 0, 'units_needed': 2, 'shortage': 2}"
2025-09-13T22:06:34.406412,NO_MOVEMENT_POINTS,P_Pluton__5_Infanterie_Regiment,"52,-13",0,0,"36,-15",18,False,False,N/A,N/A,N/A,{'no_mp': True}
2025-09-13T22:06:34.406412,NO_FUEL,P_Pluton__5_Infanterie_Regiment,"52,-13",0,0,"36,-15",18,False,False,N/A,N/A,N/A,"{'no_mp': True, 'no_fuel': True}"
2025-09-13T22:06:34.407416,NO_MOVEMENT_POINTS,P_Kompania__5_Infanterie_Regiment,"52,-13",0,0,"36,-14",17,False,False,N/A,N/A,N/A,{'no_mp': True}
2025-09-13T22:06:34.408419,NO_FUEL,P_Kompania__5_Infanterie_Regiment,"52,-13",0,0,"36,-14",17,False,False,N/A,N/A,N/A,"{'no_mp': True, 'no_fuel': True}"
2025-09-13T22:06:34.409451,NO_MOVEMENT_POINTS,P_Pluton__5_Sch_tzen_Kompanie,"52,-13",0,0,"37,-15",17,False,False,N/A,N/A,N/A,{'no_mp': True}
2025-09-13T22:06:34.409451,NO_FUEL,P_Pluton__5_Sch_tzen_Kompanie,"52,-13",0,0,"37,-15",17,False,False,N/A,N/A,N/A,"{'no_mp': True, 'no_fuel': True}"
2025-09-13T22:06:34.409451,NO_MOVEMENT_POINTS,AC_Kompania__5_schwere_Artillerie,"52,-13",0,0,"36,-16",19,False,False,N/A,N/A,N/A,{'no_mp': True}
2025-09-13T22:06:34.409451,NO_FUEL,AC_Kompania__5_schwere_Artillerie,"52,-13",0,0,"36,-16",19,False,False,N/A,N/A,N/A,"{'no_mp': True, 'no_fuel': True}"
2025-09-13T22:06:34.409451,NO_MOVEMENT_POINTS,AL_Batalion__5_Artillerie_Abteilung,"52,-13",0,0,"37,-17",19,False,False,N/A,N/A,N/A,{'no_mp': True}
2025-09-13T22:06:34.409451,NO_FUEL,AL_Batalion__5_Artillerie_Abteilung,"52,-13",0,0,"37,-17",19,False,False,N/A,N/A,N/A,"{'no_mp': True, 'no_fuel': True}"
2025-09-13T22:06:34.409451,INSUFFICIENT_SUPPORT,Z_Pluton__5_Unterst_tzungs_Bataillon_20250913214038,"52,-13",N/A,N/A,N/A,N/A,N/A,N/A,0,100,5,"{'enemies_list': [], 'units_found': 0, 'units_needed': 2, 'shortage': 2}"
2025-09-13T22:06:34.613090,NO_MOVEMENT_POINTS,P_Batalion__2_Batalion_Strzelc_w_20250913214005,"28,3",0,0,"25,-9",15,False,False,N/A,N/A,N/A,{'no_mp': True}
2025-09-13T22:06:34.614268,NO_FUEL,P_Batalion__2_Batalion_Strzelc_w_20250913214005,"28,3",0,0,"25,-9",15,False,False,N/A,N/A,N/A,"{'no_mp': True, 'no_fuel': True}"
2025-09-13T22:06:34.614268,NO_MOVEMENT_POINTS,P_Pluton__2_Kompania_Grenadier_w,"28,3",0,0,"26,6",3,False,False,N/A,N/A,N/A,{'no_mp': True}
2025-09-13T22:06:34.615272,NO_FUEL,P_Pluton__2_Kompania_Grenadier_w,"28,3",0,0,"26,6",3,False,False,N/A,N/A,N/A,"{'no_mp': True, 'no_fuel': True}"
2025-09-13T22:06:34.616337,NO_MOVEMENT_POINTS,Z_Pluton__2_Batalion_Wsparcia,"28,3",0,0,"28,5",2,False,False,N/A,N/A,N/A,{'no_mp': True}
2025-09-13T22:06:34.618497,NO_FUEL,Z_Pluton__2_Batalion_Wsparcia,"28,3",0,0,"28,5",2,False,False,N/A,N/A,N/A,"{'no_mp': True, 'no_fuel': True}"
2025-09-13T22:06:34.620491,NO_MOVEMENT_POINTS,P_Pluton__2_Kompania_Grenadier_w_20250913214010,"28,3",0,0,"27,6",3,False,False,N/A,N/A,N/A,{'no_mp': True}
2025-09-13T22:06:34.622965,NO_FUEL,P_Pluton__2_Kompania_Grenadier_w_20250913214010,"28,3",0,0,"27,6",3,False,False,N/A,N/A,N/A,"{'no_mp': True, 'no_fuel': True}"
2025-09-13T22:06:34.623966,INSUFFICIENT_SUPPORT,P_Kompania__2_Pu_k_Piechoty,"28,3",N/A,N/A,N/A,N/A,N/A,N/A,0,75,4,"{'enemies_list': [], 'units_found': 0, 'units_needed': 1, 'shortage': 1}"
2025-09-13T22:06:34.625185,NO_MOVEMENT_POINTS,P_Batalion__2_Batalion_Strzelc_w_20250913214005,"27,4",0,0,"25,-9",15,False,False,N/A,N/A,N/A,{'no_mp': True}
2025-09-13T22:06:34.626512,NO_FUEL,P_Batalion__2_Batalion_Strzelc_w_20250913214005,"27,4",0,0,"25,-9",15,False,False,N/A,N/A,N/A,"{'no_mp': True, 'no_fuel': True}"
2025-09-13T22:06:34.627515,NO_MOVEMENT_POINTS,P_Pluton__2_Kompania_Grenadier_w,"27,4",0,0,"26,6",2,False,False,N/A,N/A,N/A,{'no_mp': True}
2025-09-13T22:06:34.627992,NO_FUEL,P_Pluton__2_Kompania_Grenadier_w,"27,4",0,0,"26,6",2,False,False,N/A,N/A,N/A,"{'no_mp': True, 'no_fuel': True}"
2025-09-13T22:06:34.629280,NO_MOVEMENT_POINTS,Z_Pluton__2_Batalion_Wsparcia,"27,4",0,0,"28,5",2,False,False,N/A,N/A,N/A,{'no_mp': True}
2025-09-13T22:06:34.630369,NO_FUEL,Z_Pluton__2_Batalion_Wsparcia,"27,4",0,0,"28,5",2,False,False,N/A,N/A,N/A,"{'no_mp': True, 'no_fuel': True}"
2025-09-13T22:06:34.630369,NO_MOVEMENT_POINTS,P_Pluton__2_Kompania_Grenadier_w_20250913214010,"27,4",0,0,"27,6",2,False,False,N/A,N/A,N/A,{'no_mp': True}
2025-09-13T22:06:34.631390,NO_FUEL,P_Pluton__2_Kompania_Grenadier_w_20250913214010,"27,4",0,0,"27,6",2,False,False,N/A,N/A,N/A,"{'no_mp': True, 'no_fuel': True}"
2025-09-13T22:06:34.632897,INSUFFICIENT_SUPPORT,Z_Pluton__2_Oddzia_Rozpoznawczy,"27,4",N/A,N/A,N/A,N/A,N/A,N/A,0,75,4,"{'enemies_list': [], 'units_found': 0, 'units_needed': 1, 'shortage': 1}"
2025-09-13T22:06:34.634402,NO_MOVEMENT_POINTS,P_Batalion__2_Batalion_Strzelc_w_20250913214005,"24,-7",0,0,"25,-9",2,False,False,N/A,N/A,N/A,{'no_mp': True}
2025-09-13T22:06:34.638413,NO_FUEL,P_Batalion__2_Batalion_Strzelc_w_20250913214005,"24,-7",0,0,"25,-9",2,False,False,N/A,N/A,N/A,"{'no_mp': True, 'no_fuel': True}"
2025-09-13T22:06:34.638413,NO_MOVEMENT_POINTS,P_Pluton__2_Kompania_Grenadier_w,"24,-7",0,0,"26,6",15,False,False,N/A,N/A,N/A,{'no_mp': True}
2025-09-13T22:06:34.638413,NO_FUEL,P_Pluton__2_Kompania_Grenadier_w,"24,-7",0,0,"26,6",15,False,False,N/A,N/A,N/A,"{'no_mp': True, 'no_fuel': True}"
2025-09-13T22:06:34.638413,NO_MOVEMENT_POINTS,Z_Pluton__2_Batalion_Wsparcia,"24,-7",0,0,"28,5",16,False,False,N/A,N/A,N/A,{'no_mp': True}
2025-09-13T22:06:34.638413,NO_FUEL,Z_Pluton__2_Batalion_Wsparcia,"24,-7",0,0,"28,5",16,False,False,N/A,N/A,N/A,"{'no_mp': True, 'no_fuel': True}"
2025-09-13T22:06:34.638413,NO_MOVEMENT_POINTS,P_Pluton__2_Kompania_Grenadier_w_20250913214010,"24,-7",0,0,"27,6",16,False,False,N/A,N/A,N/A,{'no_mp': True}
2025-09-13T22:06:34.638413,NO_FUEL,P_Pluton__2_Kompania_Grenadier_w_20250913214010,"24,-7",0,0,"27,6",16,False,False,N/A,N/A,N/A,"{'no_mp': True, 'no_fuel': True}"
2025-09-13T22:06:34.645620,INSUFFICIENT_SUPPORT,Z_Batalion__2_Kompania_Zaopatrzeniowa,"24,-7",N/A,N/A,N/A,N/A,N/A,N/A,0,50,4,"{'enemies_list': [], 'units_found': 0, 'units_needed': 1, 'shortage': 1}"
2025-09-13T22:06:34.645620,NO_MOVEMENT_POINTS,P_Batalion__2_Batalion_Strzelc_w_20250913214005,"15,-7",0,0,"25,-9",10,False,False,N/A,N/A,N/A,{'no_mp': True}
2025-09-13T22:06:34.646743,NO_FUEL,P_Batalion__2_Batalion_Strzelc_w_20250913214005,"15,-7",0,0,"25,-9",10,False,False,N/A,N/A,N/A,"{'no_mp': True, 'no_fuel': True}"
2025-09-13T22:06:34.647755,NO_MOVEMENT_POINTS,P_Pluton__2_Kompania_Grenadier_w,"15,-7",0,0,"26,6",24,False,False,N/A,N/A,N/A,{'no_mp': True}
2025-09-13T22:06:34.648896,NO_FUEL,P_Pluton__2_Kompania_Grenadier_w,"15,-7",0,0,"26,6",24,False,False,N/A,N/A,N/A,"{'no_mp': True, 'no_fuel': True}"
2025-09-13T22:06:34.648896,NO_MOVEMENT_POINTS,Z_Pluton__2_Batalion_Wsparcia,"15,-7",0,0,"28,5",25,False,False,N/A,N/A,N/A,{'no_mp': True}
2025-09-13T22:06:34.651942,NO_FUEL,Z_Pluton__2_Batalion_Wsparcia,"15,-7",0,0,"28,5",25,False,False,N/A,N/A,N/A,"{'no_mp': True, 'no_fuel': True}"
2025-09-13T22:06:34.654557,NO_MOVEMENT_POINTS,P_Pluton__2_Kompania_Grenadier_w_20250913214010,"15,-7",0,0,"27,6",25,False,False,N/A,N/A,N/A,{'no_mp': True}
2025-09-13T22:06:34.655568,NO_FUEL,P_Pluton__2_Kompania_Grenadier_w_20250913214010,"15,-7",0,0,"27,6",25,False,False,N/A,N/A,N/A,"{'no_mp': True, 'no_fuel': True}"
2025-09-13T22:06:34.656594,INSUFFICIENT_SUPPORT,D_Pluton__2_Dow_dztwo_Einheit,"15,-7",N/A,N/A,N/A,N/A,N/A,N/A,0,100,4,"{'enemies_list': [], 'units_found': 0, 'units_needed': 2, 'shortage': 2}"
2025-09-13T22:06:34.818002,NO_MOVEMENT_POINTS,P_Pluton__5_Infanterie_Regiment,"45,-15",0,0,"36,-15",9,False,False,N/A,N/A,N/A,{'no_mp': True}
2025-09-13T22:06:34.820190,NO_FUEL,P_Pluton__5_Infanterie_Regiment,"45,-15",0,0,"36,-15",9,False,False,N/A,N/A,N/A,"{'no_mp': True, 'no_fuel': True}"
2025-09-13T22:06:34.823256,NO_MOVEMENT_POINTS,P_Kompania__5_Infanterie_Regiment,"45,-15",0,0,"36,-14",9,False,False,N/A,N/A,N/A,{'no_mp': True}
2025-09-13T22:06:34.823256,NO_FUEL,P_Kompania__5_Infanterie_Regiment,"45,-15",0,0,"36,-14",9,False,False,N/A,N/A,N/A,"{'no_mp': True, 'no_fuel': True}"
2025-09-13T22:06:34.824416,NO_MOVEMENT_POINTS,P_Pluton__5_Sch_tzen_Kompanie,"45,-15",0,0,"37,-15",8,False,False,N/A,N/A,N/A,{'no_mp': True}
2025-09-13T22:06:34.825422,NO_FUEL,P_Pluton__5_Sch_tzen_Kompanie,"45,-15",0,0,"37,-15",8,False,False,N/A,N/A,N/A,"{'no_mp': True, 'no_fuel': True}"
2025-09-13T22:06:34.826605,NO_MOVEMENT_POINTS,AC_Kompania__5_schwere_Artillerie,"45,-15",0,0,"36,-16",10,False,False,N/A,N/A,N/A,{'no_mp': True}
2025-09-13T22:06:34.826605,NO_FUEL,AC_Kompania__5_schwere_Artillerie,"45,-15",0,0,"36,-16",10,False,False,N/A,N/A,N/A,"{'no_mp': True, 'no_fuel': True}"
2025-09-13T22:06:34.827609,NO_MOVEMENT_POINTS,AL_Batalion__5_Artillerie_Abteilung,"45,-15",0,0,"37,-17",10,False,False,N/A,N/A,N/A,{'no_mp': True}
2025-09-13T22:06:34.828618,NO_FUEL,AL_Batalion__5_Artillerie_Abteilung,"45,-15",0,0,"37,-17",10,False,False,N/A,N/A,N/A,"{'no_mp': True, 'no_fuel': True}"
2025-09-13T22:06:34.829550,INSUFFICIENT_SUPPORT,Z_Kompania__5_Unterst_tzungs_Bataillon,"45,-15",N/A,N/A,N/A,N/A,N/A,N/A,0,100,5,"{'enemies_list': [], 'units_found': 0, 'units_needed': 2, 'shortage': 2}"
2025-09-13T22:06:34.830563,NO_MOVEMENT_POINTS,P_Pluton__5_Infanterie_Regiment,"43,-15",0,0,"36,-15",7,False,False,N/A,N/A,N/A,{'no_mp': True}
2025-09-13T22:06:34.831821,NO_FUEL,P_Pluton__5_Infanterie_Regiment,"43,-15",0,0,"36,-15",7,False,False,N/A,N/A,N/A,"{'no_mp': True, 'no_fuel': True}"
2025-09-13T22:06:34.832913,NO_MOVEMENT_POINTS,P_Kompania__5_Infanterie_Regiment,"43,-15",0,0,"36,-14",7,False,False,N/A,N/A,N/A,{'no_mp': True}
2025-09-13T22:06:34.832913,NO_FUEL,P_Kompania__5_Infanterie_Regiment,"43,-15",0,0,"36,-14",7,False,False,N/A,N/A,N/A,"{'no_mp': True, 'no_fuel': True}"
2025-09-13T22:06:34.834579,NO_MOVEMENT_POINTS,P_Pluton__5_Sch_tzen_Kompanie,"43,-15",0,0,"37,-15",6,False,False,N/A,N/A,N/A,{'no_mp': True}
2025-09-13T22:06:34.834579,NO_FUEL,P_Pluton__5_Sch_tzen_Kompanie,"43,-15",0,0,"37,-15",6,False,False,N/A,N/A,N/A,"{'no_mp': True, 'no_fuel': True}"
2025-09-13T22:06:34.839524,NO_MOVEMENT_POINTS,AC_Kompania__5_schwere_Artillerie,"43,-15",0,0,"36,-16",8,False,False,N/A,N/A,N/A,{'no_mp': True}
2025-09-13T22:06:34.840633,NO_FUEL,AC_Kompania__5_schwere_Artillerie,"43,-15",0,0,"36,-16",8,False,False,N/A,N/A,N/A,"{'no_mp': True, 'no_fuel': True}"
2025-09-13T22:06:34.840633,NO_MOVEMENT_POINTS,AL_Batalion__5_Artillerie_Abteilung,"43,-15",0,0,"37,-17",8,False,False,N/A,N/A,N/A,{'no_mp': True}
2025-09-13T22:06:34.841934,NO_FUEL,AL_Batalion__5_Artillerie_Abteilung,"43,-15",0,0,"37,-17",8,False,False,N/A,N/A,N/A,"{'no_mp': True, 'no_fuel': True}"
2025-09-13T22:06:34.843066,INSUFFICIENT_SUPPORT,Z_Pluton__5_Unterst_tzungs_Bataillon,"43,-15",N/A,N/A,N/A,N/A,N/A,N/A,0,150,5,"{'enemies_list': [], 'units_found': 0, 'units_needed': 2, 'shortage': 2}"
2025-09-13T22:06:34.844065,NO_MOVEMENT_POINTS,P_Pluton__5_Infanterie_Regiment,"52,-13",0,0,"36,-15",18,False,False,N/A,N/A,N/A,{'no_mp': True}
2025-09-13T22:06:34.844065,NO_FUEL,P_Pluton__5_Infanterie_Regiment,"52,-13",0,0,"36,-15",18,False,False,N/A,N/A,N/A,"{'no_mp': True, 'no_fuel': True}"
2025-09-13T22:06:34.844065,NO_MOVEMENT_POINTS,P_Kompania__5_Infanterie_Regiment,"52,-13",0,0,"36,-14",17,False,False,N/A,N/A,N/A,{'no_mp': True}
2025-09-13T22:06:34.844065,NO_FUEL,P_Kompania__5_Infanterie_Regiment,"52,-13",0,0,"36,-14",17,False,False,N/A,N/A,N/A,"{'no_mp': True, 'no_fuel': True}"
2025-09-13T22:06:34.844065,NO_MOVEMENT_POINTS,P_Pluton__5_Sch_tzen_Kompanie,"52,-13",0,0,"37,-15",17,False,False,N/A,N/A,N/A,{'no_mp': True}
2025-09-13T22:06:34.844065,NO_FUEL,P_Pluton__5_Sch_tzen_Kompanie,"52,-13",0,0,"37,-15",17,False,False,N/A,N/A,N/A,"{'no_mp': True, 'no_fuel': True}"
2025-09-13T22:06:34.844065,NO_MOVEMENT_POINTS,AC_Kompania__5_schwere_Artillerie,"52,-13",0,0,"36,-16",19,False,False,N/A,N/A,N/A,{'no_mp': True}
2025-09-13T22:06:34.849787,NO_FUEL,AC_Kompania__5_schwere_Artillerie,"52,-13",0,0,"36,-16",19,False,False,N/A,N/A,N/A,"{'no_mp': True, 'no_fuel': True}"
2025-09-13T22:06:34.853408,NO_MOVEMENT_POINTS,AL_Batalion__5_Artillerie_Abteilung,"52,-13",0,0,"37,-17",19,False,False,N/A,N/A,N/A,{'no_mp': True}
2025-09-13T22:06:34.855646,NO_FUEL,AL_Batalion__5_Artillerie_Abteilung,"52,-13",0,0,"37,-17",19,False,False,N/A,N/A,N/A,"{'no_mp': True, 'no_fuel': True}"
2025-09-13T22:06:34.856916,INSUFFICIENT_SUPPORT,Z_Pluton__5_Unterst_tzungs_Bataillon_20250913214038,"52,-13",N/A,N/A,N/A,N/A,N/A,N/A,0,100,5,"{'enemies_list': [], 'units_found': 0, 'units_needed': 2, 'shortage': 2}"
2025-09-13T22:06:35.049272,NO_MOVEMENT_POINTS,P_Batalion__2_Batalion_Strzelc_w_20250913214005,"28,3",0,0,"25,-9",15,False,False,N/A,N/A,N/A,{'no_mp': True}
2025-09-13T22:06:35.053153,NO_FUEL,P_Batalion__2_Batalion_Strzelc_w_20250913214005,"28,3",0,0,"25,-9",15,False,False,N/A,N/A,N/A,"{'no_mp': True, 'no_fuel': True}"
2025-09-13T22:06:35.055349,NO_MOVEMENT_POINTS,P_Pluton__2_Kompania_Grenadier_w,"28,3",0,0,"26,6",3,False,False,N/A,N/A,N/A,{'no_mp': True}
2025-09-13T22:06:35.056640,NO_FUEL,P_Pluton__2_Kompania_Grenadier_w,"28,3",0,0,"26,6",3,False,False,N/A,N/A,N/A,"{'no_mp': True, 'no_fuel': True}"
2025-09-13T22:06:35.056640,NO_MOVEMENT_POINTS,Z_Pluton__2_Batalion_Wsparcia,"28,3",0,0,"28,5",2,False,False,N/A,N/A,N/A,{'no_mp': True}
2025-09-13T22:06:35.057654,NO_FUEL,Z_Pluton__2_Batalion_Wsparcia,"28,3",0,0,"28,5",2,False,False,N/A,N/A,N/A,"{'no_mp': True, 'no_fuel': True}"
2025-09-13T22:06:35.059872,NO_MOVEMENT_POINTS,P_Pluton__2_Kompania_Grenadier_w_20250913214010,"28,3",0,0,"27,6",3,False,False,N/A,N/A,N/A,{'no_mp': True}
2025-09-13T22:06:35.059872,NO_FUEL,P_Pluton__2_Kompania_Grenadier_w_20250913214010,"28,3",0,0,"27,6",3,False,False,N/A,N/A,N/A,"{'no_mp': True, 'no_fuel': True}"
2025-09-13T22:06:35.060884,INSUFFICIENT_SUPPORT,P_Kompania__2_Pu_k_Piechoty,"28,3",N/A,N/A,N/A,N/A,N/A,N/A,0,75,4,"{'enemies_list': [], 'units_found': 0, 'units_needed': 1, 'shortage': 1}"
2025-09-13T22:06:35.061887,NO_MOVEMENT_POINTS,P_Batalion__2_Batalion_Strzelc_w_20250913214005,"27,4",0,0,"25,-9",15,False,False,N/A,N/A,N/A,{'no_mp': True}
2025-09-13T22:06:35.062933,NO_FUEL,P_Batalion__2_Batalion_Strzelc_w_20250913214005,"27,4",0,0,"25,-9",15,False,False,N/A,N/A,N/A,"{'no_mp': True, 'no_fuel': True}"
2025-09-13T22:06:35.064124,NO_MOVEMENT_POINTS,P_Pluton__2_Kompania_Grenadier_w,"27,4",0,0,"26,6",2,False,False,N/A,N/A,N/A,{'no_mp': True}
2025-09-13T22:06:35.064932,NO_FUEL,P_Pluton__2_Kompania_Grenadier_w,"27,4",0,0,"26,6",2,False,False,N/A,N/A,N/A,"{'no_mp': True, 'no_fuel': True}"
2025-09-13T22:06:35.065862,NO_MOVEMENT_POINTS,Z_Pluton__2_Batalion_Wsparcia,"27,4",0,0,"28,5",2,False,False,N/A,N/A,N/A,{'no_mp': True}
2025-09-13T22:06:35.066944,NO_FUEL,Z_Pluton__2_Batalion_Wsparcia,"27,4",0,0,"28,5",2,False,False,N/A,N/A,N/A,"{'no_mp': True, 'no_fuel': True}"
2025-09-13T22:06:35.066944,NO_MOVEMENT_POINTS,P_Pluton__2_Kompania_Grenadier_w_20250913214010,"27,4",0,0,"27,6",2,False,False,N/A,N/A,N/A,{'no_mp': True}
2025-09-13T22:06:35.070293,NO_FUEL,P_Pluton__2_Kompania_Grenadier_w_20250913214010,"27,4",0,0,"27,6",2,False,False,N/A,N/A,N/A,"{'no_mp': True, 'no_fuel': True}"
2025-09-13T22:06:35.074017,INSUFFICIENT_SUPPORT,Z_Pluton__2_Oddzia_Rozpoznawczy,"27,4",N/A,N/A,N/A,N/A,N/A,N/A,0,75,4,"{'enemies_list': [], 'units_found': 0, 'units_needed': 1, 'shortage': 1}"
2025-09-13T22:06:35.075163,NO_MOVEMENT_POINTS,P_Batalion__2_Batalion_Strzelc_w_20250913214005,"24,-7",0,0,"25,-9",2,False,False,N/A,N/A,N/A,{'no_mp': True}
2025-09-13T22:06:35.075163,NO_FUEL,P_Batalion__2_Batalion_Strzelc_w_20250913214005,"24,-7",0,0,"25,-9",2,False,False,N/A,N/A,N/A,"{'no_mp': True, 'no_fuel': True}"
2025-09-13T22:06:35.076590,NO_MOVEMENT_POINTS,P_Pluton__2_Kompania_Grenadier_w,"24,-7",0,0,"26,6",15,False,False,N/A,N/A,N/A,{'no_mp': True}
2025-09-13T22:06:35.078061,NO_FUEL,P_Pluton__2_Kompania_Grenadier_w,"24,-7",0,0,"26,6",15,False,False,N/A,N/A,N/A,"{'no_mp': True, 'no_fuel': True}"
2025-09-13T22:06:35.079035,NO_MOVEMENT_POINTS,Z_Pluton__2_Batalion_Wsparcia,"24,-7",0,0,"28,5",16,False,False,N/A,N/A,N/A,{'no_mp': True}
2025-09-13T22:06:35.080048,NO_FUEL,Z_Pluton__2_Batalion_Wsparcia,"24,-7",0,0,"28,5",16,False,False,N/A,N/A,N/A,"{'no_mp': True, 'no_fuel': True}"
2025-09-13T22:06:35.081180,NO_MOVEMENT_POINTS,P_Pluton__2_Kompania_Grenadier_w_20250913214010,"24,-7",0,0,"27,6",16,False,False,N/A,N/A,N/A,{'no_mp': True}
2025-09-13T22:06:35.081180,NO_FUEL,P_Pluton__2_Kompania_Grenadier_w_20250913214010,"24,-7",0,0,"27,6",16,False,False,N/A,N/A,N/A,"{'no_mp': True, 'no_fuel': True}"
2025-09-13T22:06:35.082333,INSUFFICIENT_SUPPORT,Z_Batalion__2_Kompania_Zaopatrzeniowa,"24,-7",N/A,N/A,N/A,N/A,N/A,N/A,0,50,4,"{'enemies_list': [], 'units_found': 0, 'units_needed': 1, 'shortage': 1}"
2025-09-13T22:06:35.083500,NO_MOVEMENT_POINTS,P_Batalion__2_Batalion_Strzelc_w_20250913214005,"15,-7",0,0,"25,-9",10,False,False,N/A,N/A,N/A,{'no_mp': True}
2025-09-13T22:06:35.084533,NO_FUEL,P_Batalion__2_Batalion_Strzelc_w_20250913214005,"15,-7",0,0,"25,-9",10,False,False,N/A,N/A,N/A,"{'no_mp': True, 'no_fuel': True}"
2025-09-13T22:06:35.086697,NO_MOVEMENT_POINTS,P_Pluton__2_Kompania_Grenadier_w,"15,-7",0,0,"26,6",24,False,False,N/A,N/A,N/A,{'no_mp': True}
2025-09-13T22:06:35.089977,NO_FUEL,P_Pluton__2_Kompania_Grenadier_w,"15,-7",0,0,"26,6",24,False,False,N/A,N/A,N/A,"{'no_mp': True, 'no_fuel': True}"
2025-09-13T22:06:35.090991,NO_MOVEMENT_POINTS,Z_Pluton__2_Batalion_Wsparcia,"15,-7",0,0,"28,5",25,False,False,N/A,N/A,N/A,{'no_mp': True}
2025-09-13T22:06:35.092176,NO_FUEL,Z_Pluton__2_Batalion_Wsparcia,"15,-7",0,0,"28,5",25,False,False,N/A,N/A,N/A,"{'no_mp': True, 'no_fuel': True}"
2025-09-13T22:06:35.093006,NO_MOVEMENT_POINTS,P_Pluton__2_Kompania_Grenadier_w_20250913214010,"15,-7",0,0,"27,6",25,False,False,N/A,N/A,N/A,{'no_mp': True}
2025-09-13T22:06:35.093403,NO_FUEL,P_Pluton__2_Kompania_Grenadier_w_20250913214010,"15,-7",0,0,"27,6",25,False,False,N/A,N/A,N/A,"{'no_mp': True, 'no_fuel': True}"
2025-09-13T22:06:35.094415,INSUFFICIENT_SUPPORT,D_Pluton__2_Dow_dztwo_Einheit,"15,-7",N/A,N/A,N/A,N/A,N/A,N/A,0,100,4,"{'enemies_list': [], 'units_found': 0, 'units_needed': 2, 'shortage': 2}"
2025-09-13T22:06:35.252931,NO_MOVEMENT_POINTS,P_Pluton__5_Infanterie_Regiment,"45,-15",0,0,"36,-15",9,False,False,N/A,N/A,N/A,{'no_mp': True}
2025-09-13T22:06:35.254943,NO_FUEL,P_Pluton__5_Infanterie_Regiment,"45,-15",0,0,"36,-15",9,False,False,N/A,N/A,N/A,"{'no_mp': True, 'no_fuel': True}"
2025-09-13T22:06:35.254943,NO_MOVEMENT_POINTS,P_Kompania__5_Infanterie_Regiment,"45,-15",0,0,"36,-14",9,False,False,N/A,N/A,N/A,{'no_mp': True}
2025-09-13T22:06:35.257421,NO_FUEL,P_Kompania__5_Infanterie_Regiment,"45,-15",0,0,"36,-14",9,False,False,N/A,N/A,N/A,"{'no_mp': True, 'no_fuel': True}"
2025-09-13T22:06:35.258431,NO_MOVEMENT_POINTS,P_Pluton__5_Sch_tzen_Kompanie,"45,-15",0,0,"37,-15",8,False,False,N/A,N/A,N/A,{'no_mp': True}
2025-09-13T22:06:35.259733,NO_FUEL,P_Pluton__5_Sch_tzen_Kompanie,"45,-15",0,0,"37,-15",8,False,False,N/A,N/A,N/A,"{'no_mp': True, 'no_fuel': True}"
2025-09-13T22:06:35.259733,NO_MOVEMENT_POINTS,AC_Kompania__5_schwere_Artillerie,"45,-15",0,0,"36,-16",10,False,False,N/A,N/A,N/A,{'no_mp': True}
2025-09-13T22:06:35.260738,NO_FUEL,AC_Kompania__5_schwere_Artillerie,"45,-15",0,0,"36,-16",10,False,False,N/A,N/A,N/A,"{'no_mp': True, 'no_fuel': True}"
2025-09-13T22:06:35.261842,NO_MOVEMENT_POINTS,AL_Batalion__5_Artillerie_Abteilung,"45,-15",0,0,"37,-17",10,False,False,N/A,N/A,N/A,{'no_mp': True}
2025-09-13T22:06:35.262960,NO_FUEL,AL_Batalion__5_Artillerie_Abteilung,"45,-15",0,0,"37,-17",10,False,False,N/A,N/A,N/A,"{'no_mp': True, 'no_fuel': True}"
2025-09-13T22:06:35.263674,INSUFFICIENT_SUPPORT,Z_Kompania__5_Unterst_tzungs_Bataillon,"45,-15",N/A,N/A,N/A,N/A,N/A,N/A,0,100,5,"{'enemies_list': [], 'units_found': 0, 'units_needed': 2, 'shortage': 2}"
2025-09-13T22:06:35.264732,NO_MOVEMENT_POINTS,P_Pluton__5_Infanterie_Regiment,"43,-14",0,0,"36,-15",8,False,False,N/A,N/A,N/A,{'no_mp': True}
2025-09-13T22:06:35.265785,NO_FUEL,P_Pluton__5_Infanterie_Regiment,"43,-14",0,0,"36,-15",8,False,False,N/A,N/A,N/A,"{'no_mp': True, 'no_fuel': True}"
2025-09-13T22:06:35.267164,NO_MOVEMENT_POINTS,P_Kompania__5_Infanterie_Regiment,"43,-14",0,0,"36,-14",7,False,False,N/A,N/A,N/A,{'no_mp': True}
2025-09-13T22:06:35.268294,NO_FUEL,P_Kompania__5_Infanterie_Regiment,"43,-14",0,0,"36,-14",7,False,False,N/A,N/A,N/A,"{'no_mp': True, 'no_fuel': True}"
2025-09-13T22:06:35.270494,NO_MOVEMENT_POINTS,P_Pluton__5_Sch_tzen_Kompanie,"43,-14",0,0,"37,-15",7,False,False,N/A,N/A,N/A,{'no_mp': True}
2025-09-13T22:06:35.273057,NO_FUEL,P_Pluton__5_Sch_tzen_Kompanie,"43,-14",0,0,"37,-15",7,False,False,N/A,N/A,N/A,"{'no_mp': True, 'no_fuel': True}"
2025-09-13T22:06:35.274345,NO_MOVEMENT_POINTS,AC_Kompania__5_schwere_Artillerie,"43,-14",0,0,"36,-16",9,False,False,N/A,N/A,N/A,{'no_mp': True}
2025-09-13T22:06:35.274345,NO_FUEL,AC_Kompania__5_schwere_Artillerie,"43,-14",0,0,"36,-16",9,False,False,N/A,N/A,N/A,"{'no_mp': True, 'no_fuel': True}"
2025-09-13T22:06:35.275699,NO_MOVEMENT_POINTS,AL_Batalion__5_Artillerie_Abteilung,"43,-14",0,0,"37,-17",9,False,False,N/A,N/A,N/A,{'no_mp': True}
2025-09-13T22:06:35.276869,NO_FUEL,AL_Batalion__5_Artillerie_Abteilung,"43,-14",0,0,"37,-17",9,False,False,N/A,N/A,N/A,"{'no_mp': True, 'no_fuel': True}"
2025-09-13T22:06:35.277890,INSUFFICIENT_SUPPORT,Z_Pluton__5_Versorgungs_Kompanie,"43,-14",N/A,N/A,N/A,N/A,N/A,N/A,0,150,5,"{'enemies_list': [], 'units_found': 0, 'units_needed': 2, 'shortage': 2}"
2025-09-13T22:06:35.278411,NO_MOVEMENT_POINTS,P_Pluton__5_Infanterie_Regiment,"52,-13",0,0,"36,-15",18,False,False,N/A,N/A,N/A,{'no_mp': True}
2025-09-13T22:06:35.279670,NO_FUEL,P_Pluton__5_Infanterie_Regiment,"52,-13",0,0,"36,-15",18,False,False,N/A,N/A,N/A,"{'no_mp': True, 'no_fuel': True}"
2025-09-13T22:06:35.280716,NO_MOVEMENT_POINTS,P_Kompania__5_Infanterie_Regiment,"52,-13",0,0,"36,-14",17,False,False,N/A,N/A,N/A,{'no_mp': True}
2025-09-13T22:06:35.281853,NO_FUEL,P_Kompania__5_Infanterie_Regiment,"52,-13",0,0,"36,-14",17,False,False,N/A,N/A,N/A,"{'no_mp': True, 'no_fuel': True}"
2025-09-13T22:06:35.281853,NO_MOVEMENT_POINTS,P_Pluton__5_Sch_tzen_Kompanie,"52,-13",0,0,"37,-15",17,False,False,N/A,N/A,N/A,{'no_mp': True}
2025-09-13T22:06:35.283538,NO_FUEL,P_Pluton__5_Sch_tzen_Kompanie,"52,-13",0,0,"37,-15",17,False,False,N/A,N/A,N/A,"{'no_mp': True, 'no_fuel': True}"
2025-09-13T22:06:35.285025,NO_MOVEMENT_POINTS,AC_Kompania__5_schwere_Artillerie,"52,-13",0,0,"36,-16",19,False,False,N/A,N/A,N/A,{'no_mp': True}
2025-09-13T22:06:35.287143,NO_FUEL,AC_Kompania__5_schwere_Artillerie,"52,-13",0,0,"36,-16",19,False,False,N/A,N/A,N/A,"{'no_mp': True, 'no_fuel': True}"
2025-09-13T22:06:35.289958,NO_MOVEMENT_POINTS,AL_Batalion__5_Artillerie_Abteilung,"52,-13",0,0,"37,-17",19,False,False,N/A,N/A,N/A,{'no_mp': True}
2025-09-13T22:06:35.289958,NO_FUEL,AL_Batalion__5_Artillerie_Abteilung,"52,-13",0,0,"37,-17",19,False,False,N/A,N/A,N/A,"{'no_mp': True, 'no_fuel': True}"
2025-09-13T22:06:35.291254,INSUFFICIENT_SUPPORT,Z_Pluton__5_Unterst_tzungs_Bataillon_20250913214038,"52,-13",N/A,N/A,N/A,N/A,N/A,N/A,0,100,5,"{'enemies_list': [], 'units_found': 0, 'units_needed': 2, 'shortage': 2}"
2025-09-13T22:06:35.490852,NO_MOVEMENT_POINTS,P_Batalion__2_Batalion_Strzelc_w_20250913214005,"28,3",0,0,"25,-9",15,False,False,N/A,N/A,N/A,{'no_mp': True}
2025-09-13T22:06:35.491871,NO_FUEL,P_Batalion__2_Batalion_Strzelc_w_20250913214005,"28,3",0,0,"25,-9",15,False,False,N/A,N/A,N/A,"{'no_mp': True, 'no_fuel': True}"
2025-09-13T22:06:35.492879,NO_MOVEMENT_POINTS,P_Pluton__2_Kompania_Grenadier_w,"28,3",0,0,"26,6",3,False,False,N/A,N/A,N/A,{'no_mp': True}
2025-09-13T22:06:35.492879,NO_FUEL,P_Pluton__2_Kompania_Grenadier_w,"28,3",0,0,"26,6",3,False,False,N/A,N/A,N/A,"{'no_mp': True, 'no_fuel': True}"
2025-09-13T22:06:35.493883,NO_MOVEMENT_POINTS,Z_Pluton__2_Batalion_Wsparcia,"28,3",0,0,"28,5",2,False,False,N/A,N/A,N/A,{'no_mp': True}
2025-09-13T22:06:35.495381,NO_FUEL,Z_Pluton__2_Batalion_Wsparcia,"28,3",0,0,"28,5",2,False,False,N/A,N/A,N/A,"{'no_mp': True, 'no_fuel': True}"
2025-09-13T22:06:35.495381,NO_MOVEMENT_POINTS,P_Pluton__2_Kompania_Grenadier_w_20250913214010,"28,3",0,0,"27,6",3,False,False,N/A,N/A,N/A,{'no_mp': True}
2025-09-13T22:06:35.495381,NO_FUEL,P_Pluton__2_Kompania_Grenadier_w_20250913214010,"28,3",0,0,"27,6",3,False,False,N/A,N/A,N/A,"{'no_mp': True, 'no_fuel': True}"
2025-09-13T22:06:35.495381,INSUFFICIENT_SUPPORT,P_Kompania__2_Pu_k_Piechoty,"28,3",N/A,N/A,N/A,N/A,N/A,N/A,0,75,4,"{'enemies_list': [], 'units_found': 0, 'units_needed': 1, 'shortage': 1}"
2025-09-13T22:06:35.495381,NO_MOVEMENT_POINTS,P_Batalion__2_Batalion_Strzelc_w_20250913214005,"27,4",0,0,"25,-9",15,False,False,N/A,N/A,N/A,{'no_mp': True}
2025-09-13T22:06:35.495381,NO_FUEL,P_Batalion__2_Batalion_Strzelc_w_20250913214005,"27,4",0,0,"25,-9",15,False,False,N/A,N/A,N/A,"{'no_mp': True, 'no_fuel': True}"
2025-09-13T22:06:35.501906,NO_MOVEMENT_POINTS,P_Pluton__2_Kompania_Grenadier_w,"27,4",0,0,"26,6",2,False,False,N/A,N/A,N/A,{'no_mp': True}
2025-09-13T22:06:35.504558,NO_FUEL,P_Pluton__2_Kompania_Grenadier_w,"27,4",0,0,"26,6",2,False,False,N/A,N/A,N/A,"{'no_mp': True, 'no_fuel': True}"
2025-09-13T22:06:35.506736,NO_MOVEMENT_POINTS,Z_Pluton__2_Batalion_Wsparcia,"27,4",0,0,"28,5",2,False,False,N/A,N/A,N/A,{'no_mp': True}
2025-09-13T22:06:35.506736,NO_FUEL,Z_Pluton__2_Batalion_Wsparcia,"27,4",0,0,"28,5",2,False,False,N/A,N/A,N/A,"{'no_mp': True, 'no_fuel': True}"
2025-09-13T22:06:35.506736,NO_MOVEMENT_POINTS,P_Pluton__2_Kompania_Grenadier_w_20250913214010,"27,4",0,0,"27,6",2,False,False,N/A,N/A,N/A,{'no_mp': True}
2025-09-13T22:06:35.506736,NO_FUEL,P_Pluton__2_Kompania_Grenadier_w_20250913214010,"27,4",0,0,"27,6",2,False,False,N/A,N/A,N/A,"{'no_mp': True, 'no_fuel': True}"
2025-09-13T22:06:35.510443,INSUFFICIENT_SUPPORT,Z_Pluton__2_Oddzia_Rozpoznawczy,"27,4",N/A,N/A,N/A,N/A,N/A,N/A,0,75,4,"{'enemies_list': [], 'units_found': 0, 'units_needed': 1, 'shortage': 1}"
2025-09-13T22:06:35.511473,NO_MOVEMENT_POINTS,P_Batalion__2_Batalion_Strzelc_w_20250913214005,"24,-7",0,0,"25,-9",2,False,False,N/A,N/A,N/A,{'no_mp': True}
2025-09-13T22:06:35.512863,NO_FUEL,P_Batalion__2_Batalion_Strzelc_w_20250913214005,"24,-7",0,0,"25,-9",2,False,False,N/A,N/A,N/A,"{'no_mp': True, 'no_fuel': True}"
2025-09-13T22:06:35.513882,NO_MOVEMENT_POINTS,P_Pluton__2_Kompania_Grenadier_w,"24,-7",0,0,"26,6",15,False,False,N/A,N/A,N/A,{'no_mp': True}
2025-09-13T22:06:35.513882,NO_FUEL,P_Pluton__2_Kompania_Grenadier_w,"24,-7",0,0,"26,6",15,False,False,N/A,N/A,N/A,"{'no_mp': True, 'no_fuel': True}"
2025-09-13T22:06:35.515014,NO_MOVEMENT_POINTS,Z_Pluton__2_Batalion_Wsparcia,"24,-7",0,0,"28,5",16,False,False,N/A,N/A,N/A,{'no_mp': True}
2025-09-13T22:06:35.516140,NO_FUEL,Z_Pluton__2_Batalion_Wsparcia,"24,-7",0,0,"28,5",16,False,False,N/A,N/A,N/A,"{'no_mp': True, 'no_fuel': True}"
2025-09-13T22:06:35.517115,NO_MOVEMENT_POINTS,P_Pluton__2_Kompania_Grenadier_w_20250913214010,"24,-7",0,0,"27,6",16,False,False,N/A,N/A,N/A,{'no_mp': True}
2025-09-13T22:06:35.520763,NO_FUEL,P_Pluton__2_Kompania_Grenadier_w_20250913214010,"24,-7",0,0,"27,6",16,False,False,N/A,N/A,N/A,"{'no_mp': True, 'no_fuel': True}"
2025-09-13T22:06:35.522780,INSUFFICIENT_SUPPORT,Z_Batalion__2_Kompania_Zaopatrzeniowa,"24,-7",N/A,N/A,N/A,N/A,N/A,N/A,0,50,4,"{'enemies_list': [], 'units_found': 0, 'units_needed': 1, 'shortage': 1}"
2025-09-13T22:06:35.523439,NO_MOVEMENT_POINTS,P_Batalion__2_Batalion_Strzelc_w_20250913214005,"15,-7",0,0,"25,-9",10,False,False,N/A,N/A,N/A,{'no_mp': True}
2025-09-13T22:06:35.524701,NO_FUEL,P_Batalion__2_Batalion_Strzelc_w_20250913214005,"15,-7",0,0,"25,-9",10,False,False,N/A,N/A,N/A,"{'no_mp': True, 'no_fuel': True}"
2025-09-13T22:06:35.526077,NO_MOVEMENT_POINTS,P_Pluton__2_Kompania_Grenadier_w,"15,-7",0,0,"26,6",24,False,False,N/A,N/A,N/A,{'no_mp': True}
2025-09-13T22:06:35.526834,NO_FUEL,P_Pluton__2_Kompania_Grenadier_w,"15,-7",0,0,"26,6",24,False,False,N/A,N/A,N/A,"{'no_mp': True, 'no_fuel': True}"
2025-09-13T22:06:35.527304,NO_MOVEMENT_POINTS,Z_Pluton__2_Batalion_Wsparcia,"15,-7",0,0,"28,5",25,False,False,N/A,N/A,N/A,{'no_mp': True}
2025-09-13T22:06:35.528337,NO_FUEL,Z_Pluton__2_Batalion_Wsparcia,"15,-7",0,0,"28,5",25,False,False,N/A,N/A,N/A,"{'no_mp': True, 'no_fuel': True}"
2025-09-13T22:06:35.528337,NO_MOVEMENT_POINTS,P_Pluton__2_Kompania_Grenadier_w_20250913214010,"15,-7",0,0,"27,6",25,False,False,N/A,N/A,N/A,{'no_mp': True}
2025-09-13T22:06:35.528337,NO_FUEL,P_Pluton__2_Kompania_Grenadier_w_20250913214010,"15,-7",0,0,"27,6",25,False,False,N/A,N/A,N/A,"{'no_mp': True, 'no_fuel': True}"
2025-09-13T22:06:35.528337,INSUFFICIENT_SUPPORT,D_Pluton__2_Dow_dztwo_Einheit,"15,-7",N/A,N/A,N/A,N/A,N/A,N/A,0,100,4,"{'enemies_list': [], 'units_found': 0, 'units_needed': 2, 'shortage': 2}"
2025-09-13T22:06:35.675315,NO_MOVEMENT_POINTS,P_Pluton__5_Infanterie_Regiment,"45,-15",0,0,"36,-15",9,False,False,N/A,N/A,N/A,{'no_mp': True}
2025-09-13T22:06:35.676515,NO_FUEL,P_Pluton__5_Infanterie_Regiment,"45,-15",0,0,"36,-15",9,False,False,N/A,N/A,N/A,"{'no_mp': True, 'no_fuel': True}"
2025-09-13T22:06:35.678841,NO_MOVEMENT_POINTS,P_Kompania__5_Infanterie_Regiment,"45,-15",0,0,"36,-14",9,False,False,N/A,N/A,N/A,{'no_mp': True}
2025-09-13T22:06:35.680181,NO_FUEL,P_Kompania__5_Infanterie_Regiment,"45,-15",0,0,"36,-14",9,False,False,N/A,N/A,N/A,"{'no_mp': True, 'no_fuel': True}"
2025-09-13T22:06:35.681268,NO_MOVEMENT_POINTS,P_Pluton__5_Sch_tzen_Kompanie,"45,-15",0,0,"37,-15",8,False,False,N/A,N/A,N/A,{'no_mp': True}
2025-09-13T22:06:35.682271,NO_FUEL,P_Pluton__5_Sch_tzen_Kompanie,"45,-15",0,0,"37,-15",8,False,False,N/A,N/A,N/A,"{'no_mp': True, 'no_fuel': True}"
2025-09-13T22:06:35.682271,NO_MOVEMENT_POINTS,AC_Kompania__5_schwere_Artillerie,"45,-15",0,0,"36,-16",10,False,False,N/A,N/A,N/A,{'no_mp': True}
2025-09-13T22:06:35.683464,NO_FUEL,AC_Kompania__5_schwere_Artillerie,"45,-15",0,0,"36,-16",10,False,False,N/A,N/A,N/A,"{'no_mp': True, 'no_fuel': True}"
2025-09-13T22:06:35.684651,NO_MOVEMENT_POINTS,AL_Batalion__5_Artillerie_Abteilung,"45,-15",0,0,"37,-17",10,False,False,N/A,N/A,N/A,{'no_mp': True}
2025-09-13T22:06:35.686607,NO_FUEL,AL_Batalion__5_Artillerie_Abteilung,"45,-15",0,0,"37,-17",10,False,False,N/A,N/A,N/A,"{'no_mp': True, 'no_fuel': True}"
2025-09-13T22:06:35.689463,INSUFFICIENT_SUPPORT,Z_Kompania__5_Unterst_tzungs_Bataillon,"45,-15",N/A,N/A,N/A,N/A,N/A,N/A,0,100,5,"{'enemies_list': [], 'units_found': 0, 'units_needed': 2, 'shortage': 2}"
2025-09-13T22:06:35.690602,NO_MOVEMENT_POINTS,P_Pluton__5_Infanterie_Regiment,"43,-14",0,0,"36,-15",8,False,False,N/A,N/A,N/A,{'no_mp': True}
2025-09-13T22:06:35.691605,NO_FUEL,P_Pluton__5_Infanterie_Regiment,"43,-14",0,0,"36,-15",8,False,False,N/A,N/A,N/A,"{'no_mp': True, 'no_fuel': True}"
2025-09-13T22:06:35.692820,NO_MOVEMENT_POINTS,P_Kompania__5_Infanterie_Regiment,"43,-14",0,0,"36,-14",7,False,False,N/A,N/A,N/A,{'no_mp': True}
2025-09-13T22:06:35.692820,NO_FUEL,P_Kompania__5_Infanterie_Regiment,"43,-14",0,0,"36,-14",7,False,False,N/A,N/A,N/A,"{'no_mp': True, 'no_fuel': True}"
2025-09-13T22:06:35.694121,NO_MOVEMENT_POINTS,P_Pluton__5_Sch_tzen_Kompanie,"43,-14",0,0,"37,-15",7,False,False,N/A,N/A,N/A,{'no_mp': True}
2025-09-13T22:06:35.695284,NO_FUEL,P_Pluton__5_Sch_tzen_Kompanie,"43,-14",0,0,"37,-15",7,False,False,N/A,N/A,N/A,"{'no_mp': True, 'no_fuel': True}"
2025-09-13T22:06:35.695783,NO_MOVEMENT_POINTS,AC_Kompania__5_schwere_Artillerie,"43,-14",0,0,"36,-16",9,False,False,N/A,N/A,N/A,{'no_mp': True}
2025-09-13T22:06:35.697256,NO_FUEL,AC_Kompania__5_schwere_Artillerie,"43,-14",0,0,"36,-16",9,False,False,N/A,N/A,N/A,"{'no_mp': True, 'no_fuel': True}"
2025-09-13T22:06:35.698260,NO_MOVEMENT_POINTS,AL_Batalion__5_Artillerie_Abteilung,"43,-14",0,0,"37,-17",9,False,False,N/A,N/A,N/A,{'no_mp': True}
2025-09-13T22:06:35.698260,NO_FUEL,AL_Batalion__5_Artillerie_Abteilung,"43,-14",0,0,"37,-17",9,False,False,N/A,N/A,N/A,"{'no_mp': True, 'no_fuel': True}"
2025-09-13T22:06:35.699410,INSUFFICIENT_SUPPORT,Z_Pluton__5_Versorgungs_Kompanie,"43,-14",N/A,N/A,N/A,N/A,N/A,N/A,0,150,5,"{'enemies_list': [], 'units_found': 0, 'units_needed': 2, 'shortage': 2}"
2025-09-13T22:06:35.700721,NO_MOVEMENT_POINTS,P_Pluton__5_Infanterie_Regiment,"52,-13",0,0,"36,-15",18,False,False,N/A,N/A,N/A,{'no_mp': True}
2025-09-13T22:06:35.702103,NO_FUEL,P_Pluton__5_Infanterie_Regiment,"52,-13",0,0,"36,-15",18,False,False,N/A,N/A,N/A,"{'no_mp': True, 'no_fuel': True}"
2025-09-13T22:06:35.705587,NO_MOVEMENT_POINTS,P_Kompania__5_Infanterie_Regiment,"52,-13",0,0,"36,-14",17,False,False,N/A,N/A,N/A,{'no_mp': True}
2025-09-13T22:06:35.706602,NO_FUEL,P_Kompania__5_Infanterie_Regiment,"52,-13",0,0,"36,-14",17,False,False,N/A,N/A,N/A,"{'no_mp': True, 'no_fuel': True}"
2025-09-13T22:06:35.706602,NO_MOVEMENT_POINTS,P_Pluton__5_Sch_tzen_Kompanie,"52,-13",0,0,"37,-15",17,False,False,N/A,N/A,N/A,{'no_mp': True}
2025-09-13T22:06:35.708135,NO_FUEL,P_Pluton__5_Sch_tzen_Kompanie,"52,-13",0,0,"37,-15",17,False,False,N/A,N/A,N/A,"{'no_mp': True, 'no_fuel': True}"
2025-09-13T22:06:35.709149,NO_MOVEMENT_POINTS,AC_Kompania__5_schwere_Artillerie,"52,-13",0,0,"36,-16",19,False,False,N/A,N/A,N/A,{'no_mp': True}
2025-09-13T22:06:35.710305,NO_FUEL,AC_Kompania__5_schwere_Artillerie,"52,-13",0,0,"36,-16",19,False,False,N/A,N/A,N/A,"{'no_mp': True, 'no_fuel': True}"
2025-09-13T22:06:35.710305,NO_MOVEMENT_POINTS,AL_Batalion__5_Artillerie_Abteilung,"52,-13",0,0,"37,-17",19,False,False,N/A,N/A,N/A,{'no_mp': True}
2025-09-13T22:06:35.711584,NO_FUEL,AL_Batalion__5_Artillerie_Abteilung,"52,-13",0,0,"37,-17",19,False,False,N/A,N/A,N/A,"{'no_mp': True, 'no_fuel': True}"
2025-09-13T22:06:35.712739,INSUFFICIENT_SUPPORT,Z_Pluton__5_Unterst_tzungs_Bataillon_20250913214038,"52,-13",N/A,N/A,N/A,N/A,N/A,N/A,0,100,5,"{'enemies_list': [], 'units_found': 0, 'units_needed': 2, 'shortage': 2}"
2025-09-13T22:06:35.907506,NO_MOVEMENT_POINTS,P_Batalion__2_Batalion_Strzelc_w_20250913214005,"28,3",0,0,"25,-9",15,False,False,N/A,N/A,N/A,{'no_mp': True}
2025-09-13T22:06:35.908523,NO_FUEL,P_Batalion__2_Batalion_Strzelc_w_20250913214005,"28,3",0,0,"25,-9",15,False,False,N/A,N/A,N/A,"{'no_mp': True, 'no_fuel': True}"
2025-09-13T22:06:35.909528,NO_MOVEMENT_POINTS,P_Pluton__2_Kompania_Grenadier_w,"28,3",0,0,"26,6",3,False,False,N/A,N/A,N/A,{'no_mp': True}
2025-09-13T22:06:35.909528,NO_FUEL,P_Pluton__2_Kompania_Grenadier_w,"28,3",0,0,"26,6",3,False,False,N/A,N/A,N/A,"{'no_mp': True, 'no_fuel': True}"
2025-09-13T22:06:35.910742,NO_MOVEMENT_POINTS,Z_Pluton__2_Batalion_Wsparcia,"28,3",0,0,"28,5",2,False,False,N/A,N/A,N/A,{'no_mp': True}
2025-09-13T22:06:35.911968,NO_FUEL,Z_Pluton__2_Batalion_Wsparcia,"28,3",0,0,"28,5",2,False,False,N/A,N/A,N/A,"{'no_mp': True, 'no_fuel': True}"
2025-09-13T22:06:35.911968,NO_MOVEMENT_POINTS,P_Pluton__2_Kompania_Grenadier_w_20250913214010,"28,3",0,0,"27,6",3,False,False,N/A,N/A,N/A,{'no_mp': True}
2025-09-13T22:06:35.911968,NO_FUEL,P_Pluton__2_Kompania_Grenadier_w_20250913214010,"28,3",0,0,"27,6",3,False,False,N/A,N/A,N/A,"{'no_mp': True, 'no_fuel': True}"
2025-09-13T22:06:35.911968,INSUFFICIENT_SUPPORT,P_Kompania__2_Pu_k_Piechoty,"28,3",N/A,N/A,N/A,N/A,N/A,N/A,0,75,4,"{'enemies_list': [], 'units_found': 0, 'units_needed': 1, 'shortage': 1}"
2025-09-13T22:06:35.911968,NO_MOVEMENT_POINTS,P_Batalion__2_Batalion_Strzelc_w_20250913214005,"27,4",0,0,"25,-9",15,False,False,N/A,N/A,N/A,{'no_mp': True}
2025-09-13T22:06:35.911968,NO_FUEL,P_Batalion__2_Batalion_Strzelc_w_20250913214005,"27,4",0,0,"25,-9",15,False,False,N/A,N/A,N/A,"{'no_mp': True, 'no_fuel': True}"
2025-09-13T22:06:35.911968,NO_MOVEMENT_POINTS,P_Pluton__2_Kompania_Grenadier_w,"27,4",0,0,"26,6",2,False,False,N/A,N/A,N/A,{'no_mp': True}
2025-09-13T22:06:35.919403,NO_FUEL,P_Pluton__2_Kompania_Grenadier_w,"27,4",0,0,"26,6",2,False,False,N/A,N/A,N/A,"{'no_mp': True, 'no_fuel': True}"
2025-09-13T22:06:35.921612,NO_MOVEMENT_POINTS,Z_Pluton__2_Batalion_Wsparcia,"27,4",0,0,"28,5",2,False,False,N/A,N/A,N/A,{'no_mp': True}
2025-09-13T22:06:35.922896,NO_FUEL,Z_Pluton__2_Batalion_Wsparcia,"27,4",0,0,"28,5",2,False,False,N/A,N/A,N/A,"{'no_mp': True, 'no_fuel': True}"
2025-09-13T22:06:35.925455,NO_MOVEMENT_POINTS,P_Pluton__2_Kompania_Grenadier_w_20250913214010,"27,4",0,0,"27,6",2,False,False,N/A,N/A,N/A,{'no_mp': True}
2025-09-13T22:06:35.925455,NO_FUEL,P_Pluton__2_Kompania_Grenadier_w_20250913214010,"27,4",0,0,"27,6",2,False,False,N/A,N/A,N/A,"{'no_mp': True, 'no_fuel': True}"
2025-09-13T22:06:35.926467,INSUFFICIENT_SUPPORT,Z_Pluton__2_Oddzia_Rozpoznawczy,"27,4",N/A,N/A,N/A,N/A,N/A,N/A,0,75,4,"{'enemies_list': [], 'units_found': 0, 'units_needed': 1, 'shortage': 1}"
2025-09-13T22:06:35.927497,NO_MOVEMENT_POINTS,P_Batalion__2_Batalion_Strzelc_w_20250913214005,"24,-7",0,0,"25,-9",2,False,False,N/A,N/A,N/A,{'no_mp': True}
2025-09-13T22:06:35.928524,NO_FUEL,P_Batalion__2_Batalion_Strzelc_w_20250913214005,"24,-7",0,0,"25,-9",2,False,False,N/A,N/A,N/A,"{'no_mp': True, 'no_fuel': True}"
2025-09-13T22:06:35.929635,NO_MOVEMENT_POINTS,P_Pluton__2_Kompania_Grenadier_w,"24,-7",0,0,"26,6",15,False,False,N/A,N/A,N/A,{'no_mp': True}
2025-09-13T22:06:35.930706,NO_FUEL,P_Pluton__2_Kompania_Grenadier_w,"24,-7",0,0,"26,6",15,False,False,N/A,N/A,N/A,"{'no_mp': True, 'no_fuel': True}"
2025-09-13T22:06:35.930706,NO_MOVEMENT_POINTS,Z_Pluton__2_Batalion_Wsparcia,"24,-7",0,0,"28,5",16,False,False,N/A,N/A,N/A,{'no_mp': True}
2025-09-13T22:06:35.932301,NO_FUEL,Z_Pluton__2_Batalion_Wsparcia,"24,-7",0,0,"28,5",16,False,False,N/A,N/A,N/A,"{'no_mp': True, 'no_fuel': True}"
2025-09-13T22:06:35.933314,NO_MOVEMENT_POINTS,P_Pluton__2_Kompania_Grenadier_w_20250913214010,"24,-7",0,0,"27,6",16,False,False,N/A,N/A,N/A,{'no_mp': True}
2025-09-13T22:06:35.934626,NO_FUEL,P_Pluton__2_Kompania_Grenadier_w_20250913214010,"24,-7",0,0,"27,6",16,False,False,N/A,N/A,N/A,"{'no_mp': True, 'no_fuel': True}"
2025-09-13T22:06:35.935684,INSUFFICIENT_SUPPORT,Z_Batalion__2_Kompania_Zaopatrzeniowa,"24,-7",N/A,N/A,N/A,N/A,N/A,N/A,0,50,4,"{'enemies_list': [], 'units_found': 0, 'units_needed': 1, 'shortage': 1}"
2025-09-13T22:06:35.939907,NO_MOVEMENT_POINTS,P_Batalion__2_Batalion_Strzelc_w_20250913214005,"15,-7",0,0,"25,-9",10,False,False,N/A,N/A,N/A,{'no_mp': True}
2025-09-13T22:06:35.941276,NO_FUEL,P_Batalion__2_Batalion_Strzelc_w_20250913214005,"15,-7",0,0,"25,-9",10,False,False,N/A,N/A,N/A,"{'no_mp': True, 'no_fuel': True}"
2025-09-13T22:06:35.942279,NO_MOVEMENT_POINTS,P_Pluton__2_Kompania_Grenadier_w,"15,-7",0,0,"26,6",24,False,False,N/A,N/A,N/A,{'no_mp': True}
2025-09-13T22:06:35.942279,NO_FUEL,P_Pluton__2_Kompania_Grenadier_w,"15,-7",0,0,"26,6",24,False,False,N/A,N/A,N/A,"{'no_mp': True, 'no_fuel': True}"
2025-09-13T22:06:35.943583,NO_MOVEMENT_POINTS,Z_Pluton__2_Batalion_Wsparcia,"15,-7",0,0,"28,5",25,False,False,N/A,N/A,N/A,{'no_mp': True}
2025-09-13T22:06:35.943583,NO_FUEL,Z_Pluton__2_Batalion_Wsparcia,"15,-7",0,0,"28,5",25,False,False,N/A,N/A,N/A,"{'no_mp': True, 'no_fuel': True}"
2025-09-13T22:06:35.943583,NO_MOVEMENT_POINTS,P_Pluton__2_Kompania_Grenadier_w_20250913214010,"15,-7",0,0,"27,6",25,False,False,N/A,N/A,N/A,{'no_mp': True}
2025-09-13T22:06:35.943583,NO_FUEL,P_Pluton__2_Kompania_Grenadier_w_20250913214010,"15,-7",0,0,"27,6",25,False,False,N/A,N/A,N/A,"{'no_mp': True, 'no_fuel': True}"
2025-09-13T22:06:35.943583,INSUFFICIENT_SUPPORT,D_Pluton__2_Dow_dztwo_Einheit,"15,-7",N/A,N/A,N/A,N/A,N/A,N/A,0,100,4,"{'enemies_list': [], 'units_found': 0, 'units_needed': 2, 'shortage': 2}"
2025-09-13T22:06:36.087974,NO_MOVEMENT_POINTS,P_Pluton__5_Infanterie_Regiment,"45,-15",0,0,"36,-15",9,False,False,N/A,N/A,N/A,{'no_mp': True}
2025-09-13T22:06:36.090812,NO_FUEL,P_Pluton__5_Infanterie_Regiment,"45,-15",0,0,"36,-15",9,False,False,N/A,N/A,N/A,"{'no_mp': True, 'no_fuel': True}"
2025-09-13T22:06:36.091489,NO_MOVEMENT_POINTS,P_Kompania__5_Infanterie_Regiment,"45,-15",0,0,"36,-14",9,False,False,N/A,N/A,N/A,{'no_mp': True}
2025-09-13T22:06:36.092576,NO_FUEL,P_Kompania__5_Infanterie_Regiment,"45,-15",0,0,"36,-14",9,False,False,N/A,N/A,N/A,"{'no_mp': True, 'no_fuel': True}"
2025-09-13T22:06:36.093581,NO_MOVEMENT_POINTS,P_Pluton__5_Sch_tzen_Kompanie,"45,-15",0,0,"37,-15",8,False,False,N/A,N/A,N/A,{'no_mp': True}
2025-09-13T22:06:36.095246,NO_FUEL,P_Pluton__5_Sch_tzen_Kompanie,"45,-15",0,0,"37,-15",8,False,False,N/A,N/A,N/A,"{'no_mp': True, 'no_fuel': True}"
2025-09-13T22:06:36.096254,NO_MOVEMENT_POINTS,AC_Kompania__5_schwere_Artillerie,"45,-15",0,0,"36,-16",10,False,False,N/A,N/A,N/A,{'no_mp': True}
2025-09-13T22:06:36.096254,NO_FUEL,AC_Kompania__5_schwere_Artillerie,"45,-15",0,0,"36,-16",10,False,False,N/A,N/A,N/A,"{'no_mp': True, 'no_fuel': True}"
2025-09-13T22:06:36.096254,NO_MOVEMENT_POINTS,AL_Batalion__5_Artillerie_Abteilung,"45,-15",0,0,"37,-17",10,False,False,N/A,N/A,N/A,{'no_mp': True}
2025-09-13T22:06:36.096254,NO_FUEL,AL_Batalion__5_Artillerie_Abteilung,"45,-15",0,0,"37,-17",10,False,False,N/A,N/A,N/A,"{'no_mp': True, 'no_fuel': True}"
2025-09-13T22:06:36.096254,INSUFFICIENT_SUPPORT,Z_Kompania__5_Unterst_tzungs_Bataillon,"45,-15",N/A,N/A,N/A,N/A,N/A,N/A,0,100,5,"{'enemies_list': [], 'units_found': 0, 'units_needed': 2, 'shortage': 2}"
2025-09-13T22:06:36.101594,NO_MOVEMENT_POINTS,P_Pluton__5_Infanterie_Regiment,"43,-14",0,0,"36,-15",8,False,False,N/A,N/A,N/A,{'no_mp': True}
2025-09-13T22:06:36.103672,NO_FUEL,P_Pluton__5_Infanterie_Regiment,"43,-14",0,0,"36,-15",8,False,False,N/A,N/A,N/A,"{'no_mp': True, 'no_fuel': True}"
2025-09-13T22:06:36.106668,NO_MOVEMENT_POINTS,P_Kompania__5_Infanterie_Regiment,"43,-14",0,0,"36,-14",7,False,False,N/A,N/A,N/A,{'no_mp': True}
2025-09-13T22:06:36.107921,NO_FUEL,P_Kompania__5_Infanterie_Regiment,"43,-14",0,0,"36,-14",7,False,False,N/A,N/A,N/A,"{'no_mp': True, 'no_fuel': True}"
2025-09-13T22:06:36.107921,NO_MOVEMENT_POINTS,P_Pluton__5_Sch_tzen_Kompanie,"43,-14",0,0,"37,-15",7,False,False,N/A,N/A,N/A,{'no_mp': True}
2025-09-13T22:06:36.108926,NO_FUEL,P_Pluton__5_Sch_tzen_Kompanie,"43,-14",0,0,"37,-15",7,False,False,N/A,N/A,N/A,"{'no_mp': True, 'no_fuel': True}"
2025-09-13T22:06:36.110014,NO_MOVEMENT_POINTS,AC_Kompania__5_schwere_Artillerie,"43,-14",0,0,"36,-16",9,False,False,N/A,N/A,N/A,{'no_mp': True}
2025-09-13T22:06:36.111248,NO_FUEL,AC_Kompania__5_schwere_Artillerie,"43,-14",0,0,"36,-16",9,False,False,N/A,N/A,N/A,"{'no_mp': True, 'no_fuel': True}"
2025-09-13T22:06:36.111248,NO_MOVEMENT_POINTS,AL_Batalion__5_Artillerie_Abteilung,"43,-14",0,0,"37,-17",9,False,False,N/A,N/A,N/A,{'no_mp': True}
2025-09-13T22:06:36.112252,NO_FUEL,AL_Batalion__5_Artillerie_Abteilung,"43,-14",0,0,"37,-17",9,False,False,N/A,N/A,N/A,"{'no_mp': True, 'no_fuel': True}"
2025-09-13T22:06:36.113323,INSUFFICIENT_SUPPORT,Z_Pluton__5_Versorgungs_Kompanie,"43,-14",N/A,N/A,N/A,N/A,N/A,N/A,0,150,5,"{'enemies_list': [], 'units_found': 0, 'units_needed': 2, 'shortage': 2}"
2025-09-13T22:06:36.114327,NO_MOVEMENT_POINTS,P_Pluton__5_Infanterie_Regiment,"52,-13",0,0,"36,-15",18,False,False,N/A,N/A,N/A,{'no_mp': True}
2025-09-13T22:06:36.115401,NO_FUEL,P_Pluton__5_Infanterie_Regiment,"52,-13",0,0,"36,-15",18,False,False,N/A,N/A,N/A,"{'no_mp': True, 'no_fuel': True}"
2025-09-13T22:06:36.116411,NO_MOVEMENT_POINTS,P_Kompania__5_Infanterie_Regiment,"52,-13",0,0,"36,-14",17,False,False,N/A,N/A,N/A,{'no_mp': True}
2025-09-13T22:06:36.117542,NO_FUEL,P_Kompania__5_Infanterie_Regiment,"52,-13",0,0,"36,-14",17,False,False,N/A,N/A,N/A,"{'no_mp': True, 'no_fuel': True}"
2025-09-13T22:06:36.117542,NO_MOVEMENT_POINTS,P_Pluton__5_Sch_tzen_Kompanie,"52,-13",0,0,"37,-15",17,False,False,N/A,N/A,N/A,{'no_mp': True}
2025-09-13T22:06:36.122952,NO_FUEL,P_Pluton__5_Sch_tzen_Kompanie,"52,-13",0,0,"37,-15",17,False,False,N/A,N/A,N/A,"{'no_mp': True, 'no_fuel': True}"
2025-09-13T22:06:36.123954,NO_MOVEMENT_POINTS,AC_Kompania__5_schwere_Artillerie,"52,-13",0,0,"36,-16",19,False,False,N/A,N/A,N/A,{'no_mp': True}
2025-09-13T22:06:36.123954,NO_FUEL,AC_Kompania__5_schwere_Artillerie,"52,-13",0,0,"36,-16",19,False,False,N/A,N/A,N/A,"{'no_mp': True, 'no_fuel': True}"
2025-09-13T22:06:36.125440,NO_MOVEMENT_POINTS,AL_Batalion__5_Artillerie_Abteilung,"52,-13",0,0,"37,-17",19,False,False,N/A,N/A,N/A,{'no_mp': True}
2025-09-13T22:06:36.126670,NO_FUEL,AL_Batalion__5_Artillerie_Abteilung,"52,-13",0,0,"37,-17",19,False,False,N/A,N/A,N/A,"{'no_mp': True, 'no_fuel': True}"
2025-09-13T22:06:36.128106,INSUFFICIENT_SUPPORT,Z_Pluton__5_Unterst_tzungs_Bataillon_20250913214038,"52,-13",N/A,N/A,N/A,N/A,N/A,N/A,0,100,5,"{'enemies_list': [], 'units_found': 0, 'units_needed': 2, 'shortage': 2}"
2025-09-13T22:06:36.318213,NO_MOVEMENT_POINTS,P_Batalion__2_Batalion_Strzelc_w_20250913214005,"28,3",0,0,"25,-9",15,False,False,N/A,N/A,N/A,{'no_mp': True}
2025-09-13T22:06:36.322728,NO_FUEL,P_Batalion__2_Batalion_Strzelc_w_20250913214005,"28,3",0,0,"25,-9",15,False,False,N/A,N/A,N/A,"{'no_mp': True, 'no_fuel': True}"
2025-09-13T22:06:36.323742,NO_MOVEMENT_POINTS,P_Pluton__2_Kompania_Grenadier_w,"28,3",0,0,"26,6",3,False,False,N/A,N/A,N/A,{'no_mp': True}
2025-09-13T22:06:36.324930,NO_FUEL,P_Pluton__2_Kompania_Grenadier_w,"28,3",0,0,"26,6",3,False,False,N/A,N/A,N/A,"{'no_mp': True, 'no_fuel': True}"
2025-09-13T22:06:36.325936,NO_MOVEMENT_POINTS,Z_Pluton__2_Batalion_Wsparcia,"28,3",0,0,"28,5",2,False,False,N/A,N/A,N/A,{'no_mp': True}
2025-09-13T22:06:36.325936,NO_FUEL,Z_Pluton__2_Batalion_Wsparcia,"28,3",0,0,"28,5",2,False,False,N/A,N/A,N/A,"{'no_mp': True, 'no_fuel': True}"
2025-09-13T22:06:36.327128,NO_MOVEMENT_POINTS,P_Pluton__2_Kompania_Grenadier_w_20250913214010,"28,3",0,0,"27,6",3,False,False,N/A,N/A,N/A,{'no_mp': True}
2025-09-13T22:06:36.328280,NO_FUEL,P_Pluton__2_Kompania_Grenadier_w_20250913214010,"28,3",0,0,"27,6",3,False,False,N/A,N/A,N/A,"{'no_mp': True, 'no_fuel': True}"
2025-09-13T22:06:36.329284,INSUFFICIENT_SUPPORT,P_Kompania__2_Pu_k_Piechoty,"28,3",N/A,N/A,N/A,N/A,N/A,N/A,0,75,4,"{'enemies_list': [], 'units_found': 0, 'units_needed': 1, 'shortage': 1}"
2025-09-13T22:06:36.330498,NO_MOVEMENT_POINTS,P_Batalion__2_Batalion_Strzelc_w_20250913214005,"27,4",0,0,"25,-9",15,False,False,N/A,N/A,N/A,{'no_mp': True}
2025-09-13T22:06:36.331559,NO_FUEL,P_Batalion__2_Batalion_Strzelc_w_20250913214005,"27,4",0,0,"25,-9",15,False,False,N/A,N/A,N/A,"{'no_mp': True, 'no_fuel': True}"
2025-09-13T22:06:36.332594,NO_MOVEMENT_POINTS,P_Pluton__2_Kompania_Grenadier_w,"27,4",0,0,"26,6",2,False,False,N/A,N/A,N/A,{'no_mp': True}
2025-09-13T22:06:36.332594,NO_FUEL,P_Pluton__2_Kompania_Grenadier_w,"27,4",0,0,"26,6",2,False,False,N/A,N/A,N/A,"{'no_mp': True, 'no_fuel': True}"
2025-09-13T22:06:36.333893,NO_MOVEMENT_POINTS,Z_Pluton__2_Batalion_Wsparcia,"27,4",0,0,"28,5",2,False,False,N/A,N/A,N/A,{'no_mp': True}
2025-09-13T22:06:36.338203,NO_FUEL,Z_Pluton__2_Batalion_Wsparcia,"27,4",0,0,"28,5",2,False,False,N/A,N/A,N/A,"{'no_mp': True, 'no_fuel': True}"
2025-09-13T22:06:36.340310,NO_MOVEMENT_POINTS,P_Pluton__2_Kompania_Grenadier_w_20250913214010,"27,4",0,0,"27,6",2,False,False,N/A,N/A,N/A,{'no_mp': True}
2025-09-13T22:06:36.341792,NO_FUEL,P_Pluton__2_Kompania_Grenadier_w_20250913214010,"27,4",0,0,"27,6",2,False,False,N/A,N/A,N/A,"{'no_mp': True, 'no_fuel': True}"
2025-09-13T22:06:36.341792,INSUFFICIENT_SUPPORT,Z_Pluton__2_Oddzia_Rozpoznawczy,"27,4",N/A,N/A,N/A,N/A,N/A,N/A,0,75,4,"{'enemies_list': [], 'units_found': 0, 'units_needed': 1, 'shortage': 1}"
2025-09-13T22:06:36.343057,NO_MOVEMENT_POINTS,P_Batalion__2_Batalion_Strzelc_w_20250913214005,"24,-7",0,0,"25,-9",2,False,False,N/A,N/A,N/A,{'no_mp': True}
2025-09-13T22:06:36.344062,NO_FUEL,P_Batalion__2_Batalion_Strzelc_w_20250913214005,"24,-7",0,0,"25,-9",2,False,False,N/A,N/A,N/A,"{'no_mp': True, 'no_fuel': True}"
2025-09-13T22:06:36.345116,NO_MOVEMENT_POINTS,P_Pluton__2_Kompania_Grenadier_w,"24,-7",0,0,"26,6",15,False,False,N/A,N/A,N/A,{'no_mp': True}
2025-09-13T22:06:36.346286,NO_FUEL,P_Pluton__2_Kompania_Grenadier_w,"24,-7",0,0,"26,6",15,False,False,N/A,N/A,N/A,"{'no_mp': True, 'no_fuel': True}"
2025-09-13T22:06:36.346976,NO_MOVEMENT_POINTS,Z_Pluton__2_Batalion_Wsparcia,"24,-7",0,0,"28,5",16,False,False,N/A,N/A,N/A,{'no_mp': True}
2025-09-13T22:06:36.348353,NO_FUEL,Z_Pluton__2_Batalion_Wsparcia,"24,-7",0,0,"28,5",16,False,False,N/A,N/A,N/A,"{'no_mp': True, 'no_fuel': True}"
2025-09-13T22:06:36.349369,NO_MOVEMENT_POINTS,P_Pluton__2_Kompania_Grenadier_w_20250913214010,"24,-7",0,0,"27,6",16,False,False,N/A,N/A,N/A,{'no_mp': True}
2025-09-13T22:06:36.349369,NO_FUEL,P_Pluton__2_Kompania_Grenadier_w_20250913214010,"24,-7",0,0,"27,6",16,False,False,N/A,N/A,N/A,"{'no_mp': True, 'no_fuel': True}"
2025-09-13T22:06:36.351378,INSUFFICIENT_SUPPORT,Z_Batalion__2_Kompania_Zaopatrzeniowa,"24,-7",N/A,N/A,N/A,N/A,N/A,N/A,0,50,4,"{'enemies_list': [], 'units_found': 0, 'units_needed': 1, 'shortage': 1}"
2025-09-13T22:06:36.352700,NO_MOVEMENT_POINTS,P_Batalion__2_Batalion_Strzelc_w_20250913214005,"15,-7",0,0,"25,-9",10,False,False,N/A,N/A,N/A,{'no_mp': True}
2025-09-13T22:06:36.354770,NO_FUEL,P_Batalion__2_Batalion_Strzelc_w_20250913214005,"15,-7",0,0,"25,-9",10,False,False,N/A,N/A,N/A,"{'no_mp': True, 'no_fuel': True}"
2025-09-13T22:06:36.356799,NO_MOVEMENT_POINTS,P_Pluton__2_Kompania_Grenadier_w,"15,-7",0,0,"26,6",24,False,False,N/A,N/A,N/A,{'no_mp': True}
2025-09-13T22:06:36.358253,NO_FUEL,P_Pluton__2_Kompania_Grenadier_w,"15,-7",0,0,"26,6",24,False,False,N/A,N/A,N/A,"{'no_mp': True, 'no_fuel': True}"
2025-09-13T22:06:36.359467,NO_MOVEMENT_POINTS,Z_Pluton__2_Batalion_Wsparcia,"15,-7",0,0,"28,5",25,False,False,N/A,N/A,N/A,{'no_mp': True}
2025-09-13T22:06:36.359467,NO_FUEL,Z_Pluton__2_Batalion_Wsparcia,"15,-7",0,0,"28,5",25,False,False,N/A,N/A,N/A,"{'no_mp': True, 'no_fuel': True}"
2025-09-13T22:06:36.360836,NO_MOVEMENT_POINTS,P_Pluton__2_Kompania_Grenadier_w_20250913214010,"15,-7",0,0,"27,6",25,False,False,N/A,N/A,N/A,{'no_mp': True}
2025-09-13T22:06:36.361973,NO_FUEL,P_Pluton__2_Kompania_Grenadier_w_20250913214010,"15,-7",0,0,"27,6",25,False,False,N/A,N/A,N/A,"{'no_mp': True, 'no_fuel': True}"
2025-09-13T22:06:36.361973,INSUFFICIENT_SUPPORT,D_Pluton__2_Dow_dztwo_Einheit,"15,-7",N/A,N/A,N/A,N/A,N/A,N/A,0,100,4,"{'enemies_list': [], 'units_found': 0, 'units_needed': 2, 'shortage': 2}"
2025-09-13T22:06:36.471678,NO_MOVEMENT_POINTS,P_Pluton__5_Infanterie_Regiment,"45,-15",0,0,"36,-15",9,False,False,N/A,N/A,N/A,{'no_mp': True}
2025-09-13T22:06:36.471678,NO_FUEL,P_Pluton__5_Infanterie_Regiment,"45,-15",0,0,"36,-15",9,False,False,N/A,N/A,N/A,"{'no_mp': True, 'no_fuel': True}"
2025-09-13T22:06:36.484955,NO_MOVEMENT_POINTS,P_Kompania__5_Infanterie_Regiment,"45,-15",0,0,"36,-14",9,False,False,N/A,N/A,N/A,{'no_mp': True}
2025-09-13T22:06:36.484955,NO_FUEL,P_Kompania__5_Infanterie_Regiment,"45,-15",0,0,"36,-14",9,False,False,N/A,N/A,N/A,"{'no_mp': True, 'no_fuel': True}"
2025-09-13T22:06:36.487718,NO_MOVEMENT_POINTS,P_Pluton__5_Sch_tzen_Kompanie,"45,-15",0,0,"37,-15",8,False,False,N/A,N/A,N/A,{'no_mp': True}
2025-09-13T22:06:36.487718,NO_FUEL,P_Pluton__5_Sch_tzen_Kompanie,"45,-15",0,0,"37,-15",8,False,False,N/A,N/A,N/A,"{'no_mp': True, 'no_fuel': True}"
2025-09-13T22:06:36.491111,NO_MOVEMENT_POINTS,AC_Kompania__5_schwere_Artillerie,"45,-15",0,0,"36,-16",10,False,False,N/A,N/A,N/A,{'no_mp': True}
2025-09-13T22:06:36.491111,NO_FUEL,AC_Kompania__5_schwere_Artillerie,"45,-15",0,0,"36,-16",10,False,False,N/A,N/A,N/A,"{'no_mp': True, 'no_fuel': True}"
2025-09-13T22:06:36.491111,NO_MOVEMENT_POINTS,AL_Batalion__5_Artillerie_Abteilung,"45,-15",0,0,"37,-17",10,False,False,N/A,N/A,N/A,{'no_mp': True}
2025-09-13T22:06:36.491111,NO_FUEL,AL_Batalion__5_Artillerie_Abteilung,"45,-15",0,0,"37,-17",10,False,False,N/A,N/A,N/A,"{'no_mp': True, 'no_fuel': True}"
2025-09-13T22:06:36.491111,INSUFFICIENT_SUPPORT,Z_Kompania__5_Unterst_tzungs_Bataillon,"45,-15",N/A,N/A,N/A,N/A,N/A,N/A,0,100,5,"{'enemies_list': [], 'units_found': 0, 'units_needed': 2, 'shortage': 2}"
2025-09-13T22:06:36.491111,NO_MOVEMENT_POINTS,P_Pluton__5_Infanterie_Regiment,"43,-14",0,0,"36,-15",8,False,False,N/A,N/A,N/A,{'no_mp': True}
2025-09-13T22:06:36.491111,NO_FUEL,P_Pluton__5_Infanterie_Regiment,"43,-14",0,0,"36,-15",8,False,False,N/A,N/A,N/A,"{'no_mp': True, 'no_fuel': True}"
2025-09-13T22:06:36.491111,NO_MOVEMENT_POINTS,P_Kompania__5_Infanterie_Regiment,"43,-14",0,0,"36,-14",7,False,False,N/A,N/A,N/A,{'no_mp': True}
2025-09-13T22:06:36.491111,NO_FUEL,P_Kompania__5_Infanterie_Regiment,"43,-14",0,0,"36,-14",7,False,False,N/A,N/A,N/A,"{'no_mp': True, 'no_fuel': True}"
2025-09-13T22:06:36.491111,NO_MOVEMENT_POINTS,P_Pluton__5_Sch_tzen_Kompanie,"43,-14",0,0,"37,-15",7,False,False,N/A,N/A,N/A,{'no_mp': True}
2025-09-13T22:06:36.500859,NO_FUEL,P_Pluton__5_Sch_tzen_Kompanie,"43,-14",0,0,"37,-15",7,False,False,N/A,N/A,N/A,"{'no_mp': True, 'no_fuel': True}"
2025-09-13T22:06:36.502985,NO_MOVEMENT_POINTS,AC_Kompania__5_schwere_Artillerie,"43,-14",0,0,"36,-16",9,False,False,N/A,N/A,N/A,{'no_mp': True}
2025-09-13T22:06:36.504259,NO_FUEL,AC_Kompania__5_schwere_Artillerie,"43,-14",0,0,"36,-16",9,False,False,N/A,N/A,N/A,"{'no_mp': True, 'no_fuel': True}"
2025-09-13T22:06:36.505776,NO_MOVEMENT_POINTS,AL_Batalion__5_Artillerie_Abteilung,"43,-14",0,0,"37,-17",9,False,False,N/A,N/A,N/A,{'no_mp': True}
2025-09-13T22:06:36.507199,NO_FUEL,AL_Batalion__5_Artillerie_Abteilung,"43,-14",0,0,"37,-17",9,False,False,N/A,N/A,N/A,"{'no_mp': True, 'no_fuel': True}"
2025-09-13T22:06:36.508196,INSUFFICIENT_SUPPORT,Z_Pluton__5_Versorgungs_Kompanie,"43,-14",N/A,N/A,N/A,N/A,N/A,N/A,0,150,5,"{'enemies_list': [], 'units_found': 0, 'units_needed': 2, 'shortage': 2}"
2025-09-13T22:06:36.509288,NO_MOVEMENT_POINTS,P_Pluton__5_Infanterie_Regiment,"42,-14",0,0,"36,-15",7,False,False,N/A,N/A,N/A,{'no_mp': True}
2025-09-13T22:06:36.510560,NO_FUEL,P_Pluton__5_Infanterie_Regiment,"42,-14",0,0,"36,-15",7,False,False,N/A,N/A,N/A,"{'no_mp': True, 'no_fuel': True}"
2025-09-13T22:06:36.511827,NO_MOVEMENT_POINTS,P_Kompania__5_Infanterie_Regiment,"42,-14",0,0,"36,-14",6,False,False,N/A,N/A,N/A,{'no_mp': True}
2025-09-13T22:06:36.513212,NO_FUEL,P_Kompania__5_Infanterie_Regiment,"42,-14",0,0,"36,-14",6,False,False,N/A,N/A,N/A,"{'no_mp': True, 'no_fuel': True}"
2025-09-13T22:06:36.513212,NO_MOVEMENT_POINTS,P_Pluton__5_Sch_tzen_Kompanie,"42,-14",0,0,"37,-15",6,False,False,N/A,N/A,N/A,{'no_mp': True}
2025-09-13T22:06:36.514368,NO_FUEL,P_Pluton__5_Sch_tzen_Kompanie,"42,-14",0,0,"37,-15",6,False,False,N/A,N/A,N/A,"{'no_mp': True, 'no_fuel': True}"
2025-09-13T22:06:36.515804,NO_MOVEMENT_POINTS,AC_Kompania__5_schwere_Artillerie,"42,-14",0,0,"36,-16",8,False,False,N/A,N/A,N/A,{'no_mp': True}
2025-09-13T22:06:36.517290,NO_FUEL,AC_Kompania__5_schwere_Artillerie,"42,-14",0,0,"36,-16",8,False,False,N/A,N/A,N/A,"{'no_mp': True, 'no_fuel': True}"
2025-09-13T22:06:36.518293,NO_MOVEMENT_POINTS,AL_Batalion__5_Artillerie_Abteilung,"42,-14",0,0,"37,-17",8,False,False,N/A,N/A,N/A,{'no_mp': True}
2025-09-13T22:06:36.520687,NO_FUEL,AL_Batalion__5_Artillerie_Abteilung,"42,-14",0,0,"37,-17",8,False,False,N/A,N/A,N/A,"{'no_mp': True, 'no_fuel': True}"
2025-09-13T22:06:36.522104,INSUFFICIENT_SUPPORT,Z_Pluton__5_Unterst_tzungs_Bataillon,"42,-14",N/A,N/A,N/A,N/A,N/A,N/A,0,150,5,"{'enemies_list': [], 'units_found': 0, 'units_needed': 2, 'shortage': 2}"
2025-09-13T22:06:36.523529,NO_MOVEMENT_POINTS,P_Pluton__5_Infanterie_Regiment,"52,-13",0,0,"36,-15",18,False,False,N/A,N/A,N/A,{'no_mp': True}
2025-09-13T22:06:36.526023,NO_FUEL,P_Pluton__5_Infanterie_Regiment,"52,-13",0,0,"36,-15",18,False,False,N/A,N/A,N/A,"{'no_mp': True, 'no_fuel': True}"
2025-09-13T22:06:36.528019,NO_MOVEMENT_POINTS,P_Kompania__5_Infanterie_Regiment,"52,-13",0,0,"36,-14",17,False,False,N/A,N/A,N/A,{'no_mp': True}
2025-09-13T22:06:36.529346,NO_FUEL,P_Kompania__5_Infanterie_Regiment,"52,-13",0,0,"36,-14",17,False,False,N/A,N/A,N/A,"{'no_mp': True, 'no_fuel': True}"
2025-09-13T22:06:36.530612,NO_MOVEMENT_POINTS,P_Pluton__5_Sch_tzen_Kompanie,"52,-13",0,0,"37,-15",17,False,False,N/A,N/A,N/A,{'no_mp': True}
2025-09-13T22:06:36.531998,NO_FUEL,P_Pluton__5_Sch_tzen_Kompanie,"52,-13",0,0,"37,-15",17,False,False,N/A,N/A,N/A,"{'no_mp': True, 'no_fuel': True}"
2025-09-13T22:06:36.533027,NO_MOVEMENT_POINTS,AC_Kompania__5_schwere_Artillerie,"52,-13",0,0,"36,-16",19,False,False,N/A,N/A,N/A,{'no_mp': True}
2025-09-13T22:06:36.534442,NO_FUEL,AC_Kompania__5_schwere_Artillerie,"52,-13",0,0,"36,-16",19,False,False,N/A,N/A,N/A,"{'no_mp': True, 'no_fuel': True}"
2025-09-13T22:06:36.535740,NO_MOVEMENT_POINTS,AL_Batalion__5_Artillerie_Abteilung,"52,-13",0,0,"37,-17",19,False,False,N/A,N/A,N/A,{'no_mp': True}
2025-09-13T22:06:36.538995,NO_FUEL,AL_Batalion__5_Artillerie_Abteilung,"52,-13",0,0,"37,-17",19,False,False,N/A,N/A,N/A,"{'no_mp': True, 'no_fuel': True}"
2025-09-13T22:06:36.541071,INSUFFICIENT_SUPPORT,Z_Pluton__5_Unterst_tzungs_Bataillon_20250913214038,"52,-13",N/A,N/A,N/A,N/A,N/A,N/A,0,100,5,"{'enemies_list': [], 'units_found': 0, 'units_needed': 2, 'shortage': 2}"
2025-09-13T22:06:36.733840,NO_MOVEMENT_POINTS,P_Batalion__2_Batalion_Strzelc_w_20250913214005,"28,3",0,0,"25,-9",15,False,False,N/A,N/A,N/A,{'no_mp': True}
2025-09-13T22:06:36.735452,NO_FUEL,P_Batalion__2_Batalion_Strzelc_w_20250913214005,"28,3",0,0,"25,-9",15,False,False,N/A,N/A,N/A,"{'no_mp': True, 'no_fuel': True}"
2025-09-13T22:06:36.738588,NO_MOVEMENT_POINTS,P_Pluton__2_Kompania_Grenadier_w,"28,3",0,0,"26,6",3,False,False,N/A,N/A,N/A,{'no_mp': True}
2025-09-13T22:06:36.740766,NO_FUEL,P_Pluton__2_Kompania_Grenadier_w,"28,3",0,0,"26,6",3,False,False,N/A,N/A,N/A,"{'no_mp': True, 'no_fuel': True}"
2025-09-13T22:06:36.740766,NO_MOVEMENT_POINTS,Z_Pluton__2_Batalion_Wsparcia,"28,3",0,0,"28,5",2,False,False,N/A,N/A,N/A,{'no_mp': True}
2025-09-13T22:06:36.741771,NO_FUEL,Z_Pluton__2_Batalion_Wsparcia,"28,3",0,0,"28,5",2,False,False,N/A,N/A,N/A,"{'no_mp': True, 'no_fuel': True}"
2025-09-13T22:06:36.743850,NO_MOVEMENT_POINTS,P_Pluton__2_Kompania_Grenadier_w_20250913214010,"28,3",0,0,"27,6",3,False,False,N/A,N/A,N/A,{'no_mp': True}
2025-09-13T22:06:36.743850,NO_FUEL,P_Pluton__2_Kompania_Grenadier_w_20250913214010,"28,3",0,0,"27,6",3,False,False,N/A,N/A,N/A,"{'no_mp': True, 'no_fuel': True}"
2025-09-13T22:06:36.744861,INSUFFICIENT_SUPPORT,P_Kompania__2_Pu_k_Piechoty,"28,3",N/A,N/A,N/A,N/A,N/A,N/A,0,75,4,"{'enemies_list': [], 'units_found': 0, 'units_needed': 1, 'shortage': 1}"
2025-09-13T22:06:36.745880,NO_MOVEMENT_POINTS,P_Batalion__2_Batalion_Strzelc_w_20250913214005,"27,4",0,0,"25,-9",15,False,False,N/A,N/A,N/A,{'no_mp': True}
2025-09-13T22:06:36.746930,NO_FUEL,P_Batalion__2_Batalion_Strzelc_w_20250913214005,"27,4",0,0,"25,-9",15,False,False,N/A,N/A,N/A,"{'no_mp': True, 'no_fuel': True}"
2025-09-13T22:06:36.748032,NO_MOVEMENT_POINTS,P_Pluton__2_Kompania_Grenadier_w,"27,4",0,0,"26,6",2,False,False,N/A,N/A,N/A,{'no_mp': True}
2025-09-13T22:06:36.749627,NO_FUEL,P_Pluton__2_Kompania_Grenadier_w,"27,4",0,0,"26,6",2,False,False,N/A,N/A,N/A,"{'no_mp': True, 'no_fuel': True}"
2025-09-13T22:06:36.749627,NO_MOVEMENT_POINTS,Z_Pluton__2_Batalion_Wsparcia,"27,4",0,0,"28,5",2,False,False,N/A,N/A,N/A,{'no_mp': True}
2025-09-13T22:06:36.750873,NO_FUEL,Z_Pluton__2_Batalion_Wsparcia,"27,4",0,0,"28,5",2,False,False,N/A,N/A,N/A,"{'no_mp': True, 'no_fuel': True}"
2025-09-13T22:06:36.752163,NO_MOVEMENT_POINTS,P_Pluton__2_Kompania_Grenadier_w_20250913214010,"27,4",0,0,"27,6",2,False,False,N/A,N/A,N/A,{'no_mp': True}
2025-09-13T22:06:36.755085,NO_FUEL,P_Pluton__2_Kompania_Grenadier_w_20250913214010,"27,4",0,0,"27,6",2,False,False,N/A,N/A,N/A,"{'no_mp': True, 'no_fuel': True}"
2025-09-13T22:06:36.757324,INSUFFICIENT_SUPPORT,Z_Pluton__2_Oddzia_Rozpoznawczy,"27,4",N/A,N/A,N/A,N/A,N/A,N/A,0,75,4,"{'enemies_list': [], 'units_found': 0, 'units_needed': 1, 'shortage': 1}"
2025-09-13T22:06:36.757324,NO_MOVEMENT_POINTS,P_Batalion__2_Batalion_Strzelc_w_20250913214005,"24,-7",0,0,"25,-9",2,False,False,N/A,N/A,N/A,{'no_mp': True}
2025-09-13T22:06:36.758711,NO_FUEL,P_Batalion__2_Batalion_Strzelc_w_20250913214005,"24,-7",0,0,"25,-9",2,False,False,N/A,N/A,N/A,"{'no_mp': True, 'no_fuel': True}"
2025-09-13T22:06:36.759715,NO_MOVEMENT_POINTS,P_Pluton__2_Kompania_Grenadier_w,"24,-7",0,0,"26,6",15,False,False,N/A,N/A,N/A,{'no_mp': True}
2025-09-13T22:06:36.760937,NO_FUEL,P_Pluton__2_Kompania_Grenadier_w,"24,-7",0,0,"26,6",15,False,False,N/A,N/A,N/A,"{'no_mp': True, 'no_fuel': True}"
2025-09-13T22:06:36.761997,NO_MOVEMENT_POINTS,Z_Pluton__2_Batalion_Wsparcia,"24,-7",0,0,"28,5",16,False,False,N/A,N/A,N/A,{'no_mp': True}
2025-09-13T22:06:36.761997,NO_FUEL,Z_Pluton__2_Batalion_Wsparcia,"24,-7",0,0,"28,5",16,False,False,N/A,N/A,N/A,"{'no_mp': True, 'no_fuel': True}"
2025-09-13T22:06:36.763005,NO_MOVEMENT_POINTS,P_Pluton__2_Kompania_Grenadier_w_20250913214010,"24,-7",0,0,"27,6",16,False,False,N/A,N/A,N/A,{'no_mp': True}
2025-09-13T22:06:36.764159,NO_FUEL,P_Pluton__2_Kompania_Grenadier_w_20250913214010,"24,-7",0,0,"27,6",16,False,False,N/A,N/A,N/A,"{'no_mp': True, 'no_fuel': True}"
2025-09-13T22:06:36.765171,INSUFFICIENT_SUPPORT,Z_Batalion__2_Kompania_Zaopatrzeniowa,"24,-7",N/A,N/A,N/A,N/A,N/A,N/A,0,50,4,"{'enemies_list': [], 'units_found': 0, 'units_needed': 1, 'shortage': 1}"
2025-09-13T22:06:36.766326,NO_MOVEMENT_POINTS,P_Batalion__2_Batalion_Strzelc_w_20250913214005,"15,-7",0,0,"25,-9",10,False,False,N/A,N/A,N/A,{'no_mp': True}
2025-09-13T22:06:36.767533,NO_FUEL,P_Batalion__2_Batalion_Strzelc_w_20250913214005,"15,-7",0,0,"25,-9",10,False,False,N/A,N/A,N/A,"{'no_mp': True, 'no_fuel': True}"
2025-09-13T22:06:36.768660,NO_MOVEMENT_POINTS,P_Pluton__2_Kompania_Grenadier_w,"15,-7",0,0,"26,6",24,False,False,N/A,N/A,N/A,{'no_mp': True}
2025-09-13T22:06:36.768660,NO_FUEL,P_Pluton__2_Kompania_Grenadier_w,"15,-7",0,0,"26,6",24,False,False,N/A,N/A,N/A,"{'no_mp': True, 'no_fuel': True}"
2025-09-13T22:06:36.771982,NO_MOVEMENT_POINTS,Z_Pluton__2_Batalion_Wsparcia,"15,-7",0,0,"28,5",25,False,False,N/A,N/A,N/A,{'no_mp': True}
2025-09-13T22:06:36.774330,NO_FUEL,Z_Pluton__2_Batalion_Wsparcia,"15,-7",0,0,"28,5",25,False,False,N/A,N/A,N/A,"{'no_mp': True, 'no_fuel': True}"
2025-09-13T22:06:36.775450,NO_MOVEMENT_POINTS,P_Pluton__2_Kompania_Grenadier_w_20250913214010,"15,-7",0,0,"27,6",25,False,False,N/A,N/A,N/A,{'no_mp': True}
2025-09-13T22:06:36.776511,NO_FUEL,P_Pluton__2_Kompania_Grenadier_w_20250913214010,"15,-7",0,0,"27,6",25,False,False,N/A,N/A,N/A,"{'no_mp': True, 'no_fuel': True}"
2025-09-13T22:06:36.776511,INSUFFICIENT_SUPPORT,D_Pluton__2_Dow_dztwo_Einheit,"15,-7",N/A,N/A,N/A,N/A,N/A,N/A,0,100,4,"{'enemies_list': [], 'units_found': 0, 'units_needed': 2, 'shortage': 2}"
2025-09-13T22:06:36.900033,NO_MOVEMENT_POINTS,P_Pluton__5_Infanterie_Regiment,"45,-15",0,0,"36,-15",9,False,False,N/A,N/A,N/A,{'no_mp': True}
2025-09-13T22:06:36.901353,NO_FUEL,P_Pluton__5_Infanterie_Regiment,"45,-15",0,0,"36,-15",9,False,False,N/A,N/A,N/A,"{'no_mp': True, 'no_fuel': True}"
2025-09-13T22:06:36.903303,NO_MOVEMENT_POINTS,P_Kompania__5_Infanterie_Regiment,"45,-15",0,0,"36,-14",9,False,False,N/A,N/A,N/A,{'no_mp': True}
2025-09-13T22:06:36.907107,NO_FUEL,P_Kompania__5_Infanterie_Regiment,"45,-15",0,0,"36,-14",9,False,False,N/A,N/A,N/A,"{'no_mp': True, 'no_fuel': True}"
2025-09-13T22:06:36.909134,NO_MOVEMENT_POINTS,P_Pluton__5_Sch_tzen_Kompanie,"45,-15",0,0,"37,-15",8,False,False,N/A,N/A,N/A,{'no_mp': True}
2025-09-13T22:06:36.909134,NO_FUEL,P_Pluton__5_Sch_tzen_Kompanie,"45,-15",0,0,"37,-15",8,False,False,N/A,N/A,N/A,"{'no_mp': True, 'no_fuel': True}"
2025-09-13T22:06:36.909134,NO_MOVEMENT_POINTS,AC_Kompania__5_schwere_Artillerie,"45,-15",0,0,"36,-16",10,False,False,N/A,N/A,N/A,{'no_mp': True}
2025-09-13T22:06:36.909134,NO_FUEL,AC_Kompania__5_schwere_Artillerie,"45,-15",0,0,"36,-16",10,False,False,N/A,N/A,N/A,"{'no_mp': True, 'no_fuel': True}"
2025-09-13T22:06:36.909134,NO_MOVEMENT_POINTS,AL_Batalion__5_Artillerie_Abteilung,"45,-15",0,0,"37,-17",10,False,False,N/A,N/A,N/A,{'no_mp': True}
2025-09-13T22:06:36.909134,NO_FUEL,AL_Batalion__5_Artillerie_Abteilung,"45,-15",0,0,"37,-17",10,False,False,N/A,N/A,N/A,"{'no_mp': True, 'no_fuel': True}"
2025-09-13T22:06:36.914790,INSUFFICIENT_SUPPORT,Z_Kompania__5_Unterst_tzungs_Bataillon,"45,-15",N/A,N/A,N/A,N/A,N/A,N/A,0,100,5,"{'enemies_list': [], 'units_found': 0, 'units_needed': 2, 'shortage': 2}"
2025-09-13T22:06:36.915802,NO_MOVEMENT_POINTS,P_Pluton__5_Infanterie_Regiment,"43,-14",0,0,"36,-15",8,False,False,N/A,N/A,N/A,{'no_mp': True}
2025-09-13T22:06:36.916813,NO_FUEL,P_Pluton__5_Infanterie_Regiment,"43,-14",0,0,"36,-15",8,False,False,N/A,N/A,N/A,"{'no_mp': True, 'no_fuel': True}"
2025-09-13T22:06:36.916813,NO_MOVEMENT_POINTS,P_Kompania__5_Infanterie_Regiment,"43,-14",0,0,"36,-14",7,False,False,N/A,N/A,N/A,{'no_mp': True}
2025-09-13T22:06:36.917987,NO_FUEL,P_Kompania__5_Infanterie_Regiment,"43,-14",0,0,"36,-14",7,False,False,N/A,N/A,N/A,"{'no_mp': True, 'no_fuel': True}"
2025-09-13T22:06:36.919987,NO_MOVEMENT_POINTS,P_Pluton__5_Sch_tzen_Kompanie,"43,-14",0,0,"37,-15",7,False,False,N/A,N/A,N/A,{'no_mp': True}
2025-09-13T22:06:36.919987,NO_FUEL,P_Pluton__5_Sch_tzen_Kompanie,"43,-14",0,0,"37,-15",7,False,False,N/A,N/A,N/A,"{'no_mp': True, 'no_fuel': True}"
2025-09-13T22:06:36.925022,NO_MOVEMENT_POINTS,AC_Kompania__5_schwere_Artillerie,"43,-14",0,0,"36,-16",9,False,False,N/A,N/A,N/A,{'no_mp': True}
2025-09-13T22:06:36.926032,NO_FUEL,AC_Kompania__5_schwere_Artillerie,"43,-14",0,0,"36,-16",9,False,False,N/A,N/A,N/A,"{'no_mp': True, 'no_fuel': True}"
2025-09-13T22:06:36.926032,NO_MOVEMENT_POINTS,AL_Batalion__5_Artillerie_Abteilung,"43,-14",0,0,"37,-17",9,False,False,N/A,N/A,N/A,{'no_mp': True}
2025-09-13T22:06:36.927139,NO_FUEL,AL_Batalion__5_Artillerie_Abteilung,"43,-14",0,0,"37,-17",9,False,False,N/A,N/A,N/A,"{'no_mp': True, 'no_fuel': True}"
2025-09-13T22:06:36.928319,INSUFFICIENT_SUPPORT,Z_Pluton__5_Versorgungs_Kompanie,"43,-14",N/A,N/A,N/A,N/A,N/A,N/A,0,150,5,"{'enemies_list': [], 'units_found': 0, 'units_needed': 2, 'shortage': 2}"
2025-09-13T22:06:36.929384,NO_MOVEMENT_POINTS,P_Pluton__5_Infanterie_Regiment,"42,-14",0,0,"36,-15",7,False,False,N/A,N/A,N/A,{'no_mp': True}
2025-09-13T22:06:36.930391,NO_FUEL,P_Pluton__5_Infanterie_Regiment,"42,-14",0,0,"36,-15",7,False,False,N/A,N/A,N/A,"{'no_mp': True, 'no_fuel': True}"
2025-09-13T22:06:36.931699,NO_MOVEMENT_POINTS,P_Kompania__5_Infanterie_Regiment,"42,-14",0,0,"36,-14",6,False,False,N/A,N/A,N/A,{'no_mp': True}
2025-09-13T22:06:36.931699,NO_FUEL,P_Kompania__5_Infanterie_Regiment,"42,-14",0,0,"36,-14",6,False,False,N/A,N/A,N/A,"{'no_mp': True, 'no_fuel': True}"
2025-09-13T22:06:36.932707,NO_MOVEMENT_POINTS,P_Pluton__5_Sch_tzen_Kompanie,"42,-14",0,0,"37,-15",6,False,False,N/A,N/A,N/A,{'no_mp': True}
2025-09-13T22:06:36.933868,NO_FUEL,P_Pluton__5_Sch_tzen_Kompanie,"42,-14",0,0,"37,-15",6,False,False,N/A,N/A,N/A,"{'no_mp': True, 'no_fuel': True}"
2025-09-13T22:06:36.935073,NO_MOVEMENT_POINTS,AC_Kompania__5_schwere_Artillerie,"42,-14",0,0,"36,-16",8,False,False,N/A,N/A,N/A,{'no_mp': True}
2025-09-13T22:06:36.935073,NO_FUEL,AC_Kompania__5_schwere_Artillerie,"42,-14",0,0,"36,-16",8,False,False,N/A,N/A,N/A,"{'no_mp': True, 'no_fuel': True}"
2025-09-13T22:06:36.936780,NO_MOVEMENT_POINTS,AL_Batalion__5_Artillerie_Abteilung,"42,-14",0,0,"37,-17",8,False,False,N/A,N/A,N/A,{'no_mp': True}
2025-09-13T22:06:36.940979,NO_FUEL,AL_Batalion__5_Artillerie_Abteilung,"42,-14",0,0,"37,-17",8,False,False,N/A,N/A,N/A,"{'no_mp': True, 'no_fuel': True}"
2025-09-13T22:06:36.942447,INSUFFICIENT_SUPPORT,Z_Pluton__5_Unterst_tzungs_Bataillon,"42,-14",N/A,N/A,N/A,N/A,N/A,N/A,0,150,5,"{'enemies_list': [], 'units_found': 0, 'units_needed': 2, 'shortage': 2}"
2025-09-13T22:06:36.943523,NO_MOVEMENT_POINTS,P_Pluton__5_Infanterie_Regiment,"52,-13",0,0,"36,-15",18,False,False,N/A,N/A,N/A,{'no_mp': True}
2025-09-13T22:06:36.944540,NO_FUEL,P_Pluton__5_Infanterie_Regiment,"52,-13",0,0,"36,-15",18,False,False,N/A,N/A,N/A,"{'no_mp': True, 'no_fuel': True}"
2025-09-13T22:06:36.944540,NO_MOVEMENT_POINTS,P_Kompania__5_Infanterie_Regiment,"52,-13",0,0,"36,-14",17,False,False,N/A,N/A,N/A,{'no_mp': True}
2025-09-13T22:06:36.946249,NO_FUEL,P_Kompania__5_Infanterie_Regiment,"52,-13",0,0,"36,-14",17,False,False,N/A,N/A,N/A,"{'no_mp': True, 'no_fuel': True}"
2025-09-13T22:06:36.946790,NO_MOVEMENT_POINTS,P_Pluton__5_Sch_tzen_Kompanie,"52,-13",0,0,"37,-15",17,False,False,N/A,N/A,N/A,{'no_mp': True}
2025-09-13T22:06:36.948239,NO_FUEL,P_Pluton__5_Sch_tzen_Kompanie,"52,-13",0,0,"37,-15",17,False,False,N/A,N/A,N/A,"{'no_mp': True, 'no_fuel': True}"
2025-09-13T22:06:36.948239,NO_MOVEMENT_POINTS,AC_Kompania__5_schwere_Artillerie,"52,-13",0,0,"36,-16",19,False,False,N/A,N/A,N/A,{'no_mp': True}
2025-09-13T22:06:36.949732,NO_FUEL,AC_Kompania__5_schwere_Artillerie,"52,-13",0,0,"36,-16",19,False,False,N/A,N/A,N/A,"{'no_mp': True, 'no_fuel': True}"
2025-09-13T22:06:36.950823,NO_MOVEMENT_POINTS,AL_Batalion__5_Artillerie_Abteilung,"52,-13",0,0,"37,-17",19,False,False,N/A,N/A,N/A,{'no_mp': True}
2025-09-13T22:06:36.951171,NO_FUEL,AL_Batalion__5_Artillerie_Abteilung,"52,-13",0,0,"37,-17",19,False,False,N/A,N/A,N/A,"{'no_mp': True, 'no_fuel': True}"
2025-09-13T22:06:36.952167,INSUFFICIENT_SUPPORT,Z_Pluton__5_Unterst_tzungs_Bataillon_20250913214038,"52,-13",N/A,N/A,N/A,N/A,N/A,N/A,0,100,5,"{'enemies_list': [], 'units_found': 0, 'units_needed': 2, 'shortage': 2}"
2025-09-13T22:06:37.148303,NO_MOVEMENT_POINTS,P_Batalion__2_Batalion_Strzelc_w_20250913214005,"28,3",0,0,"25,-9",15,False,False,N/A,N/A,N/A,{'no_mp': True}
2025-09-13T22:06:37.149537,NO_FUEL,P_Batalion__2_Batalion_Strzelc_w_20250913214005,"28,3",0,0,"25,-9",15,False,False,N/A,N/A,N/A,"{'no_mp': True, 'no_fuel': True}"
2025-09-13T22:06:37.150541,NO_MOVEMENT_POINTS,P_Pluton__2_Kompania_Grenadier_w,"28,3",0,0,"26,6",3,False,False,N/A,N/A,N/A,{'no_mp': True}
2025-09-13T22:06:37.151841,NO_FUEL,P_Pluton__2_Kompania_Grenadier_w,"28,3",0,0,"26,6",3,False,False,N/A,N/A,N/A,"{'no_mp': True, 'no_fuel': True}"
2025-09-13T22:06:37.151841,NO_MOVEMENT_POINTS,Z_Pluton__2_Batalion_Wsparcia,"28,3",0,0,"28,5",2,False,False,N/A,N/A,N/A,{'no_mp': True}
2025-09-13T22:06:37.154170,NO_FUEL,Z_Pluton__2_Batalion_Wsparcia,"28,3",0,0,"28,5",2,False,False,N/A,N/A,N/A,"{'no_mp': True, 'no_fuel': True}"
2025-09-13T22:06:37.156163,NO_MOVEMENT_POINTS,P_Pluton__2_Kompania_Grenadier_w_20250913214010,"28,3",0,0,"27,6",3,False,False,N/A,N/A,N/A,{'no_mp': True}
2025-09-13T22:06:37.158530,NO_FUEL,P_Pluton__2_Kompania_Grenadier_w_20250913214010,"28,3",0,0,"27,6",3,False,False,N/A,N/A,N/A,"{'no_mp': True, 'no_fuel': True}"
2025-09-13T22:06:37.159535,INSUFFICIENT_SUPPORT,P_Kompania__2_Pu_k_Piechoty,"28,3",N/A,N/A,N/A,N/A,N/A,N/A,0,75,4,"{'enemies_list': [], 'units_found': 0, 'units_needed': 1, 'shortage': 1}"
2025-09-13T22:06:37.160583,NO_MOVEMENT_POINTS,P_Batalion__2_Batalion_Strzelc_w_20250913214005,"27,4",0,0,"25,-9",15,False,False,N/A,N/A,N/A,{'no_mp': True}
2025-09-13T22:06:37.161595,NO_FUEL,P_Batalion__2_Batalion_Strzelc_w_20250913214005,"27,4",0,0,"25,-9",15,False,False,N/A,N/A,N/A,"{'no_mp': True, 'no_fuel': True}"
2025-09-13T22:06:37.162597,NO_MOVEMENT_POINTS,P_Pluton__2_Kompania_Grenadier_w,"27,4",0,0,"26,6",2,False,False,N/A,N/A,N/A,{'no_mp': True}
2025-09-13T22:06:37.162597,NO_FUEL,P_Pluton__2_Kompania_Grenadier_w,"27,4",0,0,"26,6",2,False,False,N/A,N/A,N/A,"{'no_mp': True, 'no_fuel': True}"
2025-09-13T22:06:37.163939,NO_MOVEMENT_POINTS,Z_Pluton__2_Batalion_Wsparcia,"27,4",0,0,"28,5",2,False,False,N/A,N/A,N/A,{'no_mp': True}
2025-09-13T22:06:37.165344,NO_FUEL,Z_Pluton__2_Batalion_Wsparcia,"27,4",0,0,"28,5",2,False,False,N/A,N/A,N/A,"{'no_mp': True, 'no_fuel': True}"
2025-09-13T22:06:37.166355,NO_MOVEMENT_POINTS,P_Pluton__2_Kompania_Grenadier_w_20250913214010,"27,4",0,0,"27,6",2,False,False,N/A,N/A,N/A,{'no_mp': True}
2025-09-13T22:06:37.167532,NO_FUEL,P_Pluton__2_Kompania_Grenadier_w_20250913214010,"27,4",0,0,"27,6",2,False,False,N/A,N/A,N/A,"{'no_mp': True, 'no_fuel': True}"
2025-09-13T22:06:37.167532,INSUFFICIENT_SUPPORT,Z_Pluton__2_Oddzia_Rozpoznawczy,"27,4",N/A,N/A,N/A,N/A,N/A,N/A,0,75,4,"{'enemies_list': [], 'units_found': 0, 'units_needed': 1, 'shortage': 1}"
2025-09-13T22:06:37.169882,NO_MOVEMENT_POINTS,P_Batalion__2_Batalion_Strzelc_w_20250913214005,"24,-7",0,0,"25,-9",2,False,False,N/A,N/A,N/A,{'no_mp': True}
2025-09-13T22:06:37.172978,NO_FUEL,P_Batalion__2_Batalion_Strzelc_w_20250913214005,"24,-7",0,0,"25,-9",2,False,False,N/A,N/A,N/A,"{'no_mp': True, 'no_fuel': True}"
2025-09-13T22:06:37.174278,NO_MOVEMENT_POINTS,P_Pluton__2_Kompania_Grenadier_w,"24,-7",0,0,"26,6",15,False,False,N/A,N/A,N/A,{'no_mp': True}
2025-09-13T22:06:37.175709,NO_FUEL,P_Pluton__2_Kompania_Grenadier_w,"24,-7",0,0,"26,6",15,False,False,N/A,N/A,N/A,"{'no_mp': True, 'no_fuel': True}"
2025-09-13T22:06:37.176750,NO_MOVEMENT_POINTS,Z_Pluton__2_Batalion_Wsparcia,"24,-7",0,0,"28,5",16,False,False,N/A,N/A,N/A,{'no_mp': True}
2025-09-13T22:06:37.177753,NO_FUEL,Z_Pluton__2_Batalion_Wsparcia,"24,-7",0,0,"28,5",16,False,False,N/A,N/A,N/A,"{'no_mp': True, 'no_fuel': True}"
2025-09-13T22:06:37.177753,NO_MOVEMENT_POINTS,P_Pluton__2_Kompania_Grenadier_w_20250913214010,"24,-7",0,0,"27,6",16,False,False,N/A,N/A,N/A,{'no_mp': True}
2025-09-13T22:06:37.178971,NO_FUEL,P_Pluton__2_Kompania_Grenadier_w_20250913214010,"24,-7",0,0,"27,6",16,False,False,N/A,N/A,N/A,"{'no_mp': True, 'no_fuel': True}"
2025-09-13T22:06:37.180136,INSUFFICIENT_SUPPORT,Z_Batalion__2_Kompania_Zaopatrzeniowa,"24,-7",N/A,N/A,N/A,N/A,N/A,N/A,0,50,4,"{'enemies_list': [], 'units_found': 0, 'units_needed': 1, 'shortage': 1}"
2025-09-13T22:06:37.181221,NO_MOVEMENT_POINTS,P_Batalion__2_Batalion_Strzelc_w_20250913214005,"15,-7",0,0,"25,-9",10,False,False,N/A,N/A,N/A,{'no_mp': True}
2025-09-13T22:06:37.182263,NO_FUEL,P_Batalion__2_Batalion_Strzelc_w_20250913214005,"15,-7",0,0,"25,-9",10,False,False,N/A,N/A,N/A,"{'no_mp': True, 'no_fuel': True}"
2025-09-13T22:06:37.183391,NO_MOVEMENT_POINTS,P_Pluton__2_Kompania_Grenadier_w,"15,-7",0,0,"26,6",24,False,False,N/A,N/A,N/A,{'no_mp': True}
2025-09-13T22:06:37.183391,NO_FUEL,P_Pluton__2_Kompania_Grenadier_w,"15,-7",0,0,"26,6",24,False,False,N/A,N/A,N/A,"{'no_mp': True, 'no_fuel': True}"
2025-09-13T22:06:37.184682,NO_MOVEMENT_POINTS,Z_Pluton__2_Batalion_Wsparcia,"15,-7",0,0,"28,5",25,False,False,N/A,N/A,N/A,{'no_mp': True}
2025-09-13T22:06:37.185821,NO_FUEL,Z_Pluton__2_Batalion_Wsparcia,"15,-7",0,0,"28,5",25,False,False,N/A,N/A,N/A,"{'no_mp': True, 'no_fuel': True}"
2025-09-13T22:06:37.189036,NO_MOVEMENT_POINTS,P_Pluton__2_Kompania_Grenadier_w_20250913214010,"15,-7",0,0,"27,6",25,False,False,N/A,N/A,N/A,{'no_mp': True}
2025-09-13T22:06:37.190308,NO_FUEL,P_Pluton__2_Kompania_Grenadier_w_20250913214010,"15,-7",0,0,"27,6",25,False,False,N/A,N/A,N/A,"{'no_mp': True, 'no_fuel': True}"
2025-09-13T22:06:37.192649,INSUFFICIENT_SUPPORT,D_Pluton__2_Dow_dztwo_Einheit,"15,-7",N/A,N/A,N/A,N/A,N/A,N/A,0,100,4,"{'enemies_list': [], 'units_found': 0, 'units_needed': 2, 'shortage': 2}"
2025-09-13T22:06:37.309653,NO_MOVEMENT_POINTS,P_Pluton__5_Infanterie_Regiment,"45,-15",0,0,"36,-15",9,False,False,N/A,N/A,N/A,{'no_mp': True}
2025-09-13T22:06:37.310657,NO_FUEL,P_Pluton__5_Infanterie_Regiment,"45,-15",0,0,"36,-15",9,False,False,N/A,N/A,N/A,"{'no_mp': True, 'no_fuel': True}"
2025-09-13T22:06:37.311660,NO_MOVEMENT_POINTS,P_Kompania__5_Infanterie_Regiment,"45,-15",0,0,"36,-14",9,False,False,N/A,N/A,N/A,{'no_mp': True}
2025-09-13T22:06:37.311660,NO_FUEL,P_Kompania__5_Infanterie_Regiment,"45,-15",0,0,"36,-14",9,False,False,N/A,N/A,N/A,"{'no_mp': True, 'no_fuel': True}"
2025-09-13T22:06:37.313306,NO_MOVEMENT_POINTS,P_Pluton__5_Sch_tzen_Kompanie,"45,-15",0,0,"37,-15",8,False,False,N/A,N/A,N/A,{'no_mp': True}
2025-09-13T22:06:37.313306,NO_FUEL,P_Pluton__5_Sch_tzen_Kompanie,"45,-15",0,0,"37,-15",8,False,False,N/A,N/A,N/A,"{'no_mp': True, 'no_fuel': True}"
2025-09-13T22:06:37.313306,NO_MOVEMENT_POINTS,AC_Kompania__5_schwere_Artillerie,"45,-15",0,0,"36,-16",10,False,False,N/A,N/A,N/A,{'no_mp': True}
2025-09-13T22:06:37.313306,NO_FUEL,AC_Kompania__5_schwere_Artillerie,"45,-15",0,0,"36,-16",10,False,False,N/A,N/A,N/A,"{'no_mp': True, 'no_fuel': True}"
2025-09-13T22:06:37.313306,NO_MOVEMENT_POINTS,AL_Batalion__5_Artillerie_Abteilung,"45,-15",0,0,"37,-17",10,False,False,N/A,N/A,N/A,{'no_mp': True}
2025-09-13T22:06:37.313306,NO_FUEL,AL_Batalion__5_Artillerie_Abteilung,"45,-15",0,0,"37,-17",10,False,False,N/A,N/A,N/A,"{'no_mp': True, 'no_fuel': True}"
2025-09-13T22:06:37.319255,INSUFFICIENT_SUPPORT,Z_Kompania__5_Unterst_tzungs_Bataillon,"45,-15",N/A,N/A,N/A,N/A,N/A,N/A,0,100,5,"{'enemies_list': [], 'units_found': 0, 'units_needed': 2, 'shortage': 2}"
2025-09-13T22:06:37.322529,NO_MOVEMENT_POINTS,P_Pluton__5_Infanterie_Regiment,"43,-14",0,0,"36,-15",8,False,False,N/A,N/A,N/A,{'no_mp': True}
2025-09-13T22:06:37.325008,NO_FUEL,P_Pluton__5_Infanterie_Regiment,"43,-14",0,0,"36,-15",8,False,False,N/A,N/A,N/A,"{'no_mp': True, 'no_fuel': True}"
2025-09-13T22:06:37.325870,NO_MOVEMENT_POINTS,P_Kompania__5_Infanterie_Regiment,"43,-14",0,0,"36,-14",7,False,False,N/A,N/A,N/A,{'no_mp': True}
2025-09-13T22:06:37.326925,NO_FUEL,P_Kompania__5_Infanterie_Regiment,"43,-14",0,0,"36,-14",7,False,False,N/A,N/A,N/A,"{'no_mp': True, 'no_fuel': True}"
2025-09-13T22:06:37.328306,NO_MOVEMENT_POINTS,P_Pluton__5_Sch_tzen_Kompanie,"43,-14",0,0,"37,-15",7,False,False,N/A,N/A,N/A,{'no_mp': True}
2025-09-13T22:06:37.328306,NO_FUEL,P_Pluton__5_Sch_tzen_Kompanie,"43,-14",0,0,"37,-15",7,False,False,N/A,N/A,N/A,"{'no_mp': True, 'no_fuel': True}"
2025-09-13T22:06:37.329496,NO_MOVEMENT_POINTS,AC_Kompania__5_schwere_Artillerie,"43,-14",0,0,"36,-16",9,False,False,N/A,N/A,N/A,{'no_mp': True}
2025-09-13T22:06:37.330650,NO_FUEL,AC_Kompania__5_schwere_Artillerie,"43,-14",0,0,"36,-16",9,False,False,N/A,N/A,N/A,"{'no_mp': True, 'no_fuel': True}"
2025-09-13T22:06:37.331455,NO_MOVEMENT_POINTS,AL_Batalion__5_Artillerie_Abteilung,"43,-14",0,0,"37,-17",9,False,False,N/A,N/A,N/A,{'no_mp': True}
2025-09-13T22:06:37.332067,NO_FUEL,AL_Batalion__5_Artillerie_Abteilung,"43,-14",0,0,"37,-17",9,False,False,N/A,N/A,N/A,"{'no_mp': True, 'no_fuel': True}"
2025-09-13T22:06:37.333290,INSUFFICIENT_SUPPORT,Z_Pluton__5_Versorgungs_Kompanie,"43,-14",N/A,N/A,N/A,N/A,N/A,N/A,0,150,5,"{'enemies_list': [], 'units_found': 0, 'units_needed': 2, 'shortage': 2}"
2025-09-13T22:06:37.334477,NO_MOVEMENT_POINTS,P_Pluton__5_Infanterie_Regiment,"42,-14",0,0,"36,-15",7,False,False,N/A,N/A,N/A,{'no_mp': True}
2025-09-13T22:06:37.335572,NO_FUEL,P_Pluton__5_Infanterie_Regiment,"42,-14",0,0,"36,-15",7,False,False,N/A,N/A,N/A,"{'no_mp': True, 'no_fuel': True}"
2025-09-13T22:06:37.336583,NO_MOVEMENT_POINTS,P_Kompania__5_Infanterie_Regiment,"42,-14",0,0,"36,-14",6,False,False,N/A,N/A,N/A,{'no_mp': True}
2025-09-13T22:06:37.339203,NO_FUEL,P_Kompania__5_Infanterie_Regiment,"42,-14",0,0,"36,-14",6,False,False,N/A,N/A,N/A,"{'no_mp': True, 'no_fuel': True}"
2025-09-13T22:06:37.341138,NO_MOVEMENT_POINTS,P_Pluton__5_Sch_tzen_Kompanie,"42,-14",0,0,"37,-15",6,False,False,N/A,N/A,N/A,{'no_mp': True}
2025-09-13T22:06:37.342139,NO_FUEL,P_Pluton__5_Sch_tzen_Kompanie,"42,-14",0,0,"37,-15",6,False,False,N/A,N/A,N/A,"{'no_mp': True, 'no_fuel': True}"
2025-09-13T22:06:37.343168,NO_MOVEMENT_POINTS,AC_Kompania__5_schwere_Artillerie,"42,-14",0,0,"36,-16",8,False,False,N/A,N/A,N/A,{'no_mp': True}
2025-09-13T22:06:37.344355,NO_FUEL,AC_Kompania__5_schwere_Artillerie,"42,-14",0,0,"36,-16",8,False,False,N/A,N/A,N/A,"{'no_mp': True, 'no_fuel': True}"
2025-09-13T22:06:37.344355,NO_MOVEMENT_POINTS,AL_Batalion__5_Artillerie_Abteilung,"42,-14",0,0,"37,-17",8,False,False,N/A,N/A,N/A,{'no_mp': True}
2025-09-13T22:06:37.345965,NO_FUEL,AL_Batalion__5_Artillerie_Abteilung,"42,-14",0,0,"37,-17",8,False,False,N/A,N/A,N/A,"{'no_mp': True, 'no_fuel': True}"
2025-09-13T22:06:37.345965,INSUFFICIENT_SUPPORT,Z_Pluton__5_Unterst_tzungs_Bataillon,"42,-14",N/A,N/A,N/A,N/A,N/A,N/A,0,150,5,"{'enemies_list': [], 'units_found': 0, 'units_needed': 2, 'shortage': 2}"
2025-09-13T22:06:37.345965,NO_MOVEMENT_POINTS,P_Pluton__5_Infanterie_Regiment,"52,-13",0,0,"36,-15",18,False,False,N/A,N/A,N/A,{'no_mp': True}
2025-09-13T22:06:37.345965,NO_FUEL,P_Pluton__5_Infanterie_Regiment,"52,-13",0,0,"36,-15",18,False,False,N/A,N/A,N/A,"{'no_mp': True, 'no_fuel': True}"
2025-09-13T22:06:37.345965,NO_MOVEMENT_POINTS,P_Kompania__5_Infanterie_Regiment,"52,-13",0,0,"36,-14",17,False,False,N/A,N/A,N/A,{'no_mp': True}
2025-09-13T22:06:37.345965,NO_FUEL,P_Kompania__5_Infanterie_Regiment,"52,-13",0,0,"36,-14",17,False,False,N/A,N/A,N/A,"{'no_mp': True, 'no_fuel': True}"
2025-09-13T22:06:37.351571,NO_MOVEMENT_POINTS,P_Pluton__5_Sch_tzen_Kompanie,"52,-13",0,0,"37,-15",17,False,False,N/A,N/A,N/A,{'no_mp': True}
2025-09-13T22:06:37.352582,NO_FUEL,P_Pluton__5_Sch_tzen_Kompanie,"52,-13",0,0,"37,-15",17,False,False,N/A,N/A,N/A,"{'no_mp': True, 'no_fuel': True}"
2025-09-13T22:06:37.356389,NO_MOVEMENT_POINTS,AC_Kompania__5_schwere_Artillerie,"52,-13",0,0,"36,-16",19,False,False,N/A,N/A,N/A,{'no_mp': True}
2025-09-13T22:06:37.358070,NO_FUEL,AC_Kompania__5_schwere_Artillerie,"52,-13",0,0,"36,-16",19,False,False,N/A,N/A,N/A,"{'no_mp': True, 'no_fuel': True}"
2025-09-13T22:06:37.358420,NO_MOVEMENT_POINTS,AL_Batalion__5_Artillerie_Abteilung,"52,-13",0,0,"37,-17",19,False,False,N/A,N/A,N/A,{'no_mp': True}
2025-09-13T22:06:37.359418,NO_FUEL,AL_Batalion__5_Artillerie_Abteilung,"52,-13",0,0,"37,-17",19,False,False,N/A,N/A,N/A,"{'no_mp': True, 'no_fuel': True}"
2025-09-13T22:06:37.360430,INSUFFICIENT_SUPPORT,Z_Pluton__5_Unterst_tzungs_Bataillon_20250913214038,"52,-13",N/A,N/A,N/A,N/A,N/A,N/A,0,100,5,"{'enemies_list': [], 'units_found': 0, 'units_needed': 2, 'shortage': 2}"
2025-09-13T22:06:37.552208,NO_MOVEMENT_POINTS,P_Batalion__2_Batalion_Strzelc_w_20250913214005,"28,3",0,0,"25,-9",15,False,False,N/A,N/A,N/A,{'no_mp': True}
2025-09-13T22:06:37.556106,NO_FUEL,P_Batalion__2_Batalion_Strzelc_w_20250913214005,"28,3",0,0,"25,-9",15,False,False,N/A,N/A,N/A,"{'no_mp': True, 'no_fuel': True}"
2025-09-13T22:06:37.557999,NO_MOVEMENT_POINTS,P_Pluton__2_Kompania_Grenadier_w,"28,3",0,0,"26,6",3,False,False,N/A,N/A,N/A,{'no_mp': True}
2025-09-13T22:06:37.559319,NO_FUEL,P_Pluton__2_Kompania_Grenadier_w,"28,3",0,0,"26,6",3,False,False,N/A,N/A,N/A,"{'no_mp': True, 'no_fuel': True}"
2025-09-13T22:06:37.560466,NO_MOVEMENT_POINTS,Z_Pluton__2_Batalion_Wsparcia,"28,3",0,0,"28,5",2,False,False,N/A,N/A,N/A,{'no_mp': True}
2025-09-13T22:06:37.560466,NO_FUEL,Z_Pluton__2_Batalion_Wsparcia,"28,3",0,0,"28,5",2,False,False,N/A,N/A,N/A,"{'no_mp': True, 'no_fuel': True}"
2025-09-13T22:06:37.561714,NO_MOVEMENT_POINTS,P_Pluton__2_Kompania_Grenadier_w_20250913214010,"28,3",0,0,"27,6",3,False,False,N/A,N/A,N/A,{'no_mp': True}
2025-09-13T22:06:37.562928,NO_FUEL,P_Pluton__2_Kompania_Grenadier_w_20250913214010,"28,3",0,0,"27,6",3,False,False,N/A,N/A,N/A,"{'no_mp': True, 'no_fuel': True}"
2025-09-13T22:06:37.563587,INSUFFICIENT_SUPPORT,P_Kompania__2_Pu_k_Piechoty,"28,3",N/A,N/A,N/A,N/A,N/A,N/A,0,75,4,"{'enemies_list': [], 'units_found': 0, 'units_needed': 1, 'shortage': 1}"
2025-09-13T22:06:37.564783,NO_MOVEMENT_POINTS,P_Batalion__2_Batalion_Strzelc_w_20250913214005,"27,4",0,0,"25,-9",15,False,False,N/A,N/A,N/A,{'no_mp': True}
2025-09-13T22:06:37.565824,NO_FUEL,P_Batalion__2_Batalion_Strzelc_w_20250913214005,"27,4",0,0,"25,-9",15,False,False,N/A,N/A,N/A,"{'no_mp': True, 'no_fuel': True}"
2025-09-13T22:06:37.566888,NO_MOVEMENT_POINTS,P_Pluton__2_Kompania_Grenadier_w,"27,4",0,0,"26,6",2,False,False,N/A,N/A,N/A,{'no_mp': True}
2025-09-13T22:06:37.568005,NO_FUEL,P_Pluton__2_Kompania_Grenadier_w,"27,4",0,0,"26,6",2,False,False,N/A,N/A,N/A,"{'no_mp': True, 'no_fuel': True}"
2025-09-13T22:06:37.568438,NO_MOVEMENT_POINTS,Z_Pluton__2_Batalion_Wsparcia,"27,4",0,0,"28,5",2,False,False,N/A,N/A,N/A,{'no_mp': True}
2025-09-13T22:06:37.569435,NO_FUEL,Z_Pluton__2_Batalion_Wsparcia,"27,4",0,0,"28,5",2,False,False,N/A,N/A,N/A,"{'no_mp': True, 'no_fuel': True}"
2025-09-13T22:06:37.570650,NO_MOVEMENT_POINTS,P_Pluton__2_Kompania_Grenadier_w_20250913214010,"27,4",0,0,"27,6",2,False,False,N/A,N/A,N/A,{'no_mp': True}
2025-09-13T22:06:37.575135,NO_FUEL,P_Pluton__2_Kompania_Grenadier_w_20250913214010,"27,4",0,0,"27,6",2,False,False,N/A,N/A,N/A,"{'no_mp': True, 'no_fuel': True}"
2025-09-13T22:06:37.576148,INSUFFICIENT_SUPPORT,Z_Pluton__2_Oddzia_Rozpoznawczy,"27,4",N/A,N/A,N/A,N/A,N/A,N/A,0,75,4,"{'enemies_list': [], 'units_found': 0, 'units_needed': 1, 'shortage': 1}"
2025-09-13T22:06:37.577274,NO_MOVEMENT_POINTS,P_Batalion__2_Batalion_Strzelc_w_20250913214005,"24,-7",0,0,"25,-9",2,False,False,N/A,N/A,N/A,{'no_mp': True}
2025-09-13T22:06:37.578283,NO_FUEL,P_Batalion__2_Batalion_Strzelc_w_20250913214005,"24,-7",0,0,"25,-9",2,False,False,N/A,N/A,N/A,"{'no_mp': True, 'no_fuel': True}"
2025-09-13T22:06:37.578283,NO_MOVEMENT_POINTS,P_Pluton__2_Kompania_Grenadier_w,"24,-7",0,0,"26,6",15,False,False,N/A,N/A,N/A,{'no_mp': True}
2025-09-13T22:06:37.579654,NO_FUEL,P_Pluton__2_Kompania_Grenadier_w,"24,-7",0,0,"26,6",15,False,False,N/A,N/A,N/A,"{'no_mp': True, 'no_fuel': True}"
2025-09-13T22:06:37.580741,NO_MOVEMENT_POINTS,Z_Pluton__2_Batalion_Wsparcia,"24,-7",0,0,"28,5",16,False,False,N/A,N/A,N/A,{'no_mp': True}
2025-09-13T22:06:37.582156,NO_FUEL,Z_Pluton__2_Batalion_Wsparcia,"24,-7",0,0,"28,5",16,False,False,N/A,N/A,N/A,"{'no_mp': True, 'no_fuel': True}"
2025-09-13T22:06:37.582156,NO_MOVEMENT_POINTS,P_Pluton__2_Kompania_Grenadier_w_20250913214010,"24,-7",0,0,"27,6",16,False,False,N/A,N/A,N/A,{'no_mp': True}
2025-09-13T22:06:37.583168,NO_FUEL,P_Pluton__2_Kompania_Grenadier_w_20250913214010,"24,-7",0,0,"27,6",16,False,False,N/A,N/A,N/A,"{'no_mp': True, 'no_fuel': True}"
2025-09-13T22:06:37.584255,INSUFFICIENT_SUPPORT,Z_Batalion__2_Kompania_Zaopatrzeniowa,"24,-7",N/A,N/A,N/A,N/A,N/A,N/A,0,50,4,"{'enemies_list': [], 'units_found': 0, 'units_needed': 1, 'shortage': 1}"
2025-09-13T22:06:37.585382,NO_MOVEMENT_POINTS,P_Batalion__2_Batalion_Strzelc_w_20250913214005,"15,-7",0,0,"25,-9",10,False,False,N/A,N/A,N/A,{'no_mp': True}
2025-09-13T22:06:37.586466,NO_FUEL,P_Batalion__2_Batalion_Strzelc_w_20250913214005,"15,-7",0,0,"25,-9",10,False,False,N/A,N/A,N/A,"{'no_mp': True, 'no_fuel': True}"
2025-09-13T22:06:37.587690,NO_MOVEMENT_POINTS,P_Pluton__2_Kompania_Grenadier_w,"15,-7",0,0,"26,6",24,False,False,N/A,N/A,N/A,{'no_mp': True}
2025-09-13T22:06:37.592303,NO_FUEL,P_Pluton__2_Kompania_Grenadier_w,"15,-7",0,0,"26,6",24,False,False,N/A,N/A,N/A,"{'no_mp': True, 'no_fuel': True}"
2025-09-13T22:06:37.592303,NO_MOVEMENT_POINTS,Z_Pluton__2_Batalion_Wsparcia,"15,-7",0,0,"28,5",25,False,False,N/A,N/A,N/A,{'no_mp': True}
2025-09-13T22:06:37.593331,NO_FUEL,Z_Pluton__2_Batalion_Wsparcia,"15,-7",0,0,"28,5",25,False,False,N/A,N/A,N/A,"{'no_mp': True, 'no_fuel': True}"
2025-09-13T22:06:37.594340,NO_MOVEMENT_POINTS,P_Pluton__2_Kompania_Grenadier_w_20250913214010,"15,-7",0,0,"27,6",25,False,False,N/A,N/A,N/A,{'no_mp': True}
2025-09-13T22:06:37.595578,NO_FUEL,P_Pluton__2_Kompania_Grenadier_w_20250913214010,"15,-7",0,0,"27,6",25,False,False,N/A,N/A,N/A,"{'no_mp': True, 'no_fuel': True}"
2025-09-13T22:06:37.596387,INSUFFICIENT_SUPPORT,D_Pluton__2_Dow_dztwo_Einheit,"15,-7",N/A,N/A,N/A,N/A,N/A,N/A,0,100,4,"{'enemies_list': [], 'units_found': 0, 'units_needed': 2, 'shortage': 2}"
2025-09-13T22:06:37.908373,NO_MOVEMENT_POINTS,P_Pluton__5_Infanterie_Regiment,"45,-15",0,0,"36,-15",9,False,False,N/A,N/A,N/A,{'no_mp': True}
2025-09-13T22:06:37.908373,NO_FUEL,P_Pluton__5_Infanterie_Regiment,"45,-15",0,0,"36,-15",9,False,False,N/A,N/A,N/A,"{'no_mp': True, 'no_fuel': True}"
2025-09-13T22:06:37.908373,NO_MOVEMENT_POINTS,P_Kompania__5_Infanterie_Regiment,"45,-15",0,0,"36,-14",9,False,False,N/A,N/A,N/A,{'no_mp': True}
2025-09-13T22:06:37.908373,NO_FUEL,P_Kompania__5_Infanterie_Regiment,"45,-15",0,0,"36,-14",9,False,False,N/A,N/A,N/A,"{'no_mp': True, 'no_fuel': True}"
2025-09-13T22:06:37.908373,NO_MOVEMENT_POINTS,P_Pluton__5_Sch_tzen_Kompanie,"45,-15",0,0,"37,-15",8,False,False,N/A,N/A,N/A,{'no_mp': True}
2025-09-13T22:06:37.915080,NO_FUEL,P_Pluton__5_Sch_tzen_Kompanie,"45,-15",0,0,"37,-15",8,False,False,N/A,N/A,N/A,"{'no_mp': True, 'no_fuel': True}"
2025-09-13T22:06:37.916077,NO_MOVEMENT_POINTS,AC_Kompania__5_schwere_Artillerie,"45,-15",0,0,"36,-16",10,False,False,N/A,N/A,N/A,{'no_mp': True}
2025-09-13T22:06:37.916077,NO_FUEL,AC_Kompania__5_schwere_Artillerie,"45,-15",0,0,"36,-16",10,False,False,N/A,N/A,N/A,"{'no_mp': True, 'no_fuel': True}"
2025-09-13T22:06:37.917375,NO_MOVEMENT_POINTS,AL_Batalion__5_Artillerie_Abteilung,"45,-15",0,0,"37,-17",10,False,False,N/A,N/A,N/A,{'no_mp': True}
2025-09-13T22:06:37.918471,NO_FUEL,AL_Batalion__5_Artillerie_Abteilung,"45,-15",0,0,"37,-17",10,False,False,N/A,N/A,N/A,"{'no_mp': True, 'no_fuel': True}"
2025-09-13T22:06:37.918471,INSUFFICIENT_SUPPORT,Z_Kompania__5_Unterst_tzungs_Bataillon,"45,-15",N/A,N/A,N/A,N/A,N/A,N/A,0,100,5,"{'enemies_list': [], 'units_found': 0, 'units_needed': 2, 'shortage': 2}"
2025-09-13T22:06:37.923039,NO_MOVEMENT_POINTS,P_Pluton__5_Infanterie_Regiment,"43,-14",0,0,"36,-15",8,False,False,N/A,N/A,N/A,{'no_mp': True}
2025-09-13T22:06:37.924903,NO_FUEL,P_Pluton__5_Infanterie_Regiment,"43,-14",0,0,"36,-15",8,False,False,N/A,N/A,N/A,"{'no_mp': True, 'no_fuel': True}"
2025-09-13T22:06:37.925976,NO_MOVEMENT_POINTS,P_Kompania__5_Infanterie_Regiment,"43,-14",0,0,"36,-14",7,False,False,N/A,N/A,N/A,{'no_mp': True}
2025-09-13T22:06:37.926631,NO_FUEL,P_Kompania__5_Infanterie_Regiment,"43,-14",0,0,"36,-14",7,False,False,N/A,N/A,N/A,"{'no_mp': True, 'no_fuel': True}"
2025-09-13T22:06:37.927845,NO_MOVEMENT_POINTS,P_Pluton__5_Sch_tzen_Kompanie,"43,-14",0,0,"37,-15",7,False,False,N/A,N/A,N/A,{'no_mp': True}
2025-09-13T22:06:37.929000,NO_FUEL,P_Pluton__5_Sch_tzen_Kompanie,"43,-14",0,0,"37,-15",7,False,False,N/A,N/A,N/A,"{'no_mp': True, 'no_fuel': True}"
2025-09-13T22:06:37.929000,NO_MOVEMENT_POINTS,AC_Kompania__5_schwere_Artillerie,"43,-14",0,0,"36,-16",9,False,False,N/A,N/A,N/A,{'no_mp': True}
2025-09-13T22:06:37.930242,NO_FUEL,AC_Kompania__5_schwere_Artillerie,"43,-14",0,0,"36,-16",9,False,False,N/A,N/A,N/A,"{'no_mp': True, 'no_fuel': True}"
2025-09-13T22:06:37.931456,NO_MOVEMENT_POINTS,AL_Batalion__5_Artillerie_Abteilung,"43,-14",0,0,"37,-17",9,False,False,N/A,N/A,N/A,{'no_mp': True}
2025-09-13T22:06:37.932286,NO_FUEL,AL_Batalion__5_Artillerie_Abteilung,"43,-14",0,0,"37,-17",9,False,False,N/A,N/A,N/A,"{'no_mp': True, 'no_fuel': True}"
2025-09-13T22:06:37.934154,INSUFFICIENT_SUPPORT,Z_Pluton__5_Versorgungs_Kompanie,"43,-14",N/A,N/A,N/A,N/A,N/A,N/A,0,150,5,"{'enemies_list': [], 'units_found': 0, 'units_needed': 2, 'shortage': 2}"
2025-09-13T22:06:37.935159,NO_MOVEMENT_POINTS,P_Pluton__5_Infanterie_Regiment,"42,-14",0,0,"36,-15",7,False,False,N/A,N/A,N/A,{'no_mp': True}
2025-09-13T22:06:37.936163,NO_FUEL,P_Pluton__5_Infanterie_Regiment,"42,-14",0,0,"36,-15",7,False,False,N/A,N/A,N/A,"{'no_mp': True, 'no_fuel': True}"
2025-09-13T22:06:37.937757,NO_MOVEMENT_POINTS,P_Kompania__5_Infanterie_Regiment,"42,-14",0,0,"36,-14",6,False,False,N/A,N/A,N/A,{'no_mp': True}
2025-09-13T22:06:37.940846,NO_FUEL,P_Kompania__5_Infanterie_Regiment,"42,-14",0,0,"36,-14",6,False,False,N/A,N/A,N/A,"{'no_mp': True, 'no_fuel': True}"
2025-09-13T22:06:37.941172,NO_MOVEMENT_POINTS,P_Pluton__5_Sch_tzen_Kompanie,"42,-14",0,0,"37,-15",6,False,False,N/A,N/A,N/A,{'no_mp': True}
2025-09-13T22:06:37.941172,NO_FUEL,P_Pluton__5_Sch_tzen_Kompanie,"42,-14",0,0,"37,-15",6,False,False,N/A,N/A,N/A,"{'no_mp': True, 'no_fuel': True}"
2025-09-13T22:06:37.941172,NO_MOVEMENT_POINTS,AC_Kompania__5_schwere_Artillerie,"42,-14",0,0,"36,-16",8,False,False,N/A,N/A,N/A,{'no_mp': True}
2025-09-13T22:06:37.941172,NO_FUEL,AC_Kompania__5_schwere_Artillerie,"42,-14",0,0,"36,-16",8,False,False,N/A,N/A,N/A,"{'no_mp': True, 'no_fuel': True}"
2025-09-13T22:06:37.945861,NO_MOVEMENT_POINTS,AL_Batalion__5_Artillerie_Abteilung,"42,-14",0,0,"37,-17",8,False,False,N/A,N/A,N/A,{'no_mp': True}
2025-09-13T22:06:37.946871,NO_FUEL,AL_Batalion__5_Artillerie_Abteilung,"42,-14",0,0,"37,-17",8,False,False,N/A,N/A,N/A,"{'no_mp': True, 'no_fuel': True}"
2025-09-13T22:06:37.948168,INSUFFICIENT_SUPPORT,Z_Pluton__5_Unterst_tzungs_Bataillon,"42,-14",N/A,N/A,N/A,N/A,N/A,N/A,0,150,5,"{'enemies_list': [], 'units_found': 0, 'units_needed': 2, 'shortage': 2}"
2025-09-13T22:06:37.949245,NO_MOVEMENT_POINTS,P_Pluton__5_Infanterie_Regiment,"52,-13",0,0,"36,-15",18,False,False,N/A,N/A,N/A,{'no_mp': True}
2025-09-13T22:06:37.949245,NO_FUEL,P_Pluton__5_Infanterie_Regiment,"52,-13",0,0,"36,-15",18,False,False,N/A,N/A,N/A,"{'no_mp': True, 'no_fuel': True}"
2025-09-13T22:06:37.950940,NO_MOVEMENT_POINTS,P_Kompania__5_Infanterie_Regiment,"52,-13",0,0,"36,-14",17,False,False,N/A,N/A,N/A,{'no_mp': True}
2025-09-13T22:06:37.951783,NO_FUEL,P_Kompania__5_Infanterie_Regiment,"52,-13",0,0,"36,-14",17,False,False,N/A,N/A,N/A,"{'no_mp': True, 'no_fuel': True}"
2025-09-13T22:06:37.953069,NO_MOVEMENT_POINTS,P_Pluton__5_Sch_tzen_Kompanie,"52,-13",0,0,"37,-15",17,False,False,N/A,N/A,N/A,{'no_mp': True}
2025-09-13T22:06:37.954083,NO_FUEL,P_Pluton__5_Sch_tzen_Kompanie,"52,-13",0,0,"37,-15",17,False,False,N/A,N/A,N/A,"{'no_mp': True, 'no_fuel': True}"
2025-09-13T22:06:37.958328,NO_MOVEMENT_POINTS,AC_Kompania__5_schwere_Artillerie,"52,-13",0,0,"36,-16",19,False,False,N/A,N/A,N/A,{'no_mp': True}
2025-09-13T22:06:37.959453,NO_FUEL,AC_Kompania__5_schwere_Artillerie,"52,-13",0,0,"36,-16",19,False,False,N/A,N/A,N/A,"{'no_mp': True, 'no_fuel': True}"
2025-09-13T22:06:37.959453,NO_MOVEMENT_POINTS,AL_Batalion__5_Artillerie_Abteilung,"52,-13",0,0,"37,-17",19,False,False,N/A,N/A,N/A,{'no_mp': True}
2025-09-13T22:06:37.960601,NO_FUEL,AL_Batalion__5_Artillerie_Abteilung,"52,-13",0,0,"37,-17",19,False,False,N/A,N/A,N/A,"{'no_mp': True, 'no_fuel': True}"
2025-09-13T22:06:37.961754,INSUFFICIENT_SUPPORT,Z_Pluton__5_Unterst_tzungs_Bataillon_20250913214038,"52,-13",N/A,N/A,N/A,N/A,N/A,N/A,0,100,5,"{'enemies_list': [], 'units_found': 0, 'units_needed': 2, 'shortage': 2}"
2025-09-13T22:06:38.185740,NO_MOVEMENT_POINTS,P_Batalion__2_Batalion_Strzelc_w_20250913214005,"28,3",0,0,"25,-9",15,False,False,N/A,N/A,N/A,{'no_mp': True}
2025-09-13T22:06:38.186757,NO_FUEL,P_Batalion__2_Batalion_Strzelc_w_20250913214005,"28,3",0,0,"25,-9",15,False,False,N/A,N/A,N/A,"{'no_mp': True, 'no_fuel': True}"
2025-09-13T22:06:38.188818,NO_MOVEMENT_POINTS,P_Pluton__2_Kompania_Grenadier_w,"28,3",0,0,"26,6",3,False,False,N/A,N/A,N/A,{'no_mp': True}
2025-09-13T22:06:38.191345,NO_FUEL,P_Pluton__2_Kompania_Grenadier_w,"28,3",0,0,"26,6",3,False,False,N/A,N/A,N/A,"{'no_mp': True, 'no_fuel': True}"
2025-09-13T22:06:38.192387,NO_MOVEMENT_POINTS,Z_Pluton__2_Batalion_Wsparcia,"28,3",0,0,"28,5",2,False,False,N/A,N/A,N/A,{'no_mp': True}
2025-09-13T22:06:38.193708,NO_FUEL,Z_Pluton__2_Batalion_Wsparcia,"28,3",0,0,"28,5",2,False,False,N/A,N/A,N/A,"{'no_mp': True, 'no_fuel': True}"
2025-09-13T22:06:38.194982,NO_MOVEMENT_POINTS,P_Pluton__2_Kompania_Grenadier_w_20250913214010,"28,3",0,0,"27,6",3,False,False,N/A,N/A,N/A,{'no_mp': True}
2025-09-13T22:06:38.195988,NO_FUEL,P_Pluton__2_Kompania_Grenadier_w_20250913214010,"28,3",0,0,"27,6",3,False,False,N/A,N/A,N/A,"{'no_mp': True, 'no_fuel': True}"
2025-09-13T22:06:38.195988,INSUFFICIENT_SUPPORT,P_Kompania__2_Pu_k_Piechoty,"28,3",N/A,N/A,N/A,N/A,N/A,N/A,0,75,4,"{'enemies_list': [], 'units_found': 0, 'units_needed': 1, 'shortage': 1}"
2025-09-13T22:06:38.198193,NO_MOVEMENT_POINTS,P_Batalion__2_Batalion_Strzelc_w_20250913214005,"27,4",0,0,"25,-9",15,False,False,N/A,N/A,N/A,{'no_mp': True}
2025-09-13T22:06:38.199198,NO_FUEL,P_Batalion__2_Batalion_Strzelc_w_20250913214005,"27,4",0,0,"25,-9",15,False,False,N/A,N/A,N/A,"{'no_mp': True, 'no_fuel': True}"
2025-09-13T22:06:38.200202,NO_MOVEMENT_POINTS,P_Pluton__2_Kompania_Grenadier_w,"27,4",0,0,"26,6",2,False,False,N/A,N/A,N/A,{'no_mp': True}
2025-09-13T22:06:38.200202,NO_FUEL,P_Pluton__2_Kompania_Grenadier_w,"27,4",0,0,"26,6",2,False,False,N/A,N/A,N/A,"{'no_mp': True, 'no_fuel': True}"
2025-09-13T22:06:38.201403,NO_MOVEMENT_POINTS,Z_Pluton__2_Batalion_Wsparcia,"27,4",0,0,"28,5",2,False,False,N/A,N/A,N/A,{'no_mp': True}
2025-09-13T22:06:38.202534,NO_FUEL,Z_Pluton__2_Batalion_Wsparcia,"27,4",0,0,"28,5",2,False,False,N/A,N/A,N/A,"{'no_mp': True, 'no_fuel': True}"
2025-09-13T22:06:38.202534,NO_MOVEMENT_POINTS,P_Pluton__2_Kompania_Grenadier_w_20250913214010,"27,4",0,0,"27,6",2,False,False,N/A,N/A,N/A,{'no_mp': True}
2025-09-13T22:06:38.203790,NO_FUEL,P_Pluton__2_Kompania_Grenadier_w_20250913214010,"27,4",0,0,"27,6",2,False,False,N/A,N/A,N/A,"{'no_mp': True, 'no_fuel': True}"
2025-09-13T22:06:38.207658,INSUFFICIENT_SUPPORT,Z_Pluton__2_Oddzia_Rozpoznawczy,"27,4",N/A,N/A,N/A,N/A,N/A,N/A,0,75,4,"{'enemies_list': [], 'units_found': 0, 'units_needed': 1, 'shortage': 1}"
2025-09-13T22:06:38.209252,NO_MOVEMENT_POINTS,P_Batalion__2_Batalion_Strzelc_w_20250913214005,"24,-7",0,0,"25,-9",2,False,False,N/A,N/A,N/A,{'no_mp': True}
2025-09-13T22:06:38.211154,NO_FUEL,P_Batalion__2_Batalion_Strzelc_w_20250913214005,"24,-7",0,0,"25,-9",2,False,False,N/A,N/A,N/A,"{'no_mp': True, 'no_fuel': True}"
2025-09-13T22:06:38.211705,NO_MOVEMENT_POINTS,P_Pluton__2_Kompania_Grenadier_w,"24,-7",0,0,"26,6",15,False,False,N/A,N/A,N/A,{'no_mp': True}
2025-09-13T22:06:38.213649,NO_FUEL,P_Pluton__2_Kompania_Grenadier_w,"24,-7",0,0,"26,6",15,False,False,N/A,N/A,N/A,"{'no_mp': True, 'no_fuel': True}"
2025-09-13T22:06:38.214237,NO_MOVEMENT_POINTS,Z_Pluton__2_Batalion_Wsparcia,"24,-7",0,0,"28,5",16,False,False,N/A,N/A,N/A,{'no_mp': True}
2025-09-13T22:06:38.215251,NO_FUEL,Z_Pluton__2_Batalion_Wsparcia,"24,-7",0,0,"28,5",16,False,False,N/A,N/A,N/A,"{'no_mp': True, 'no_fuel': True}"
2025-09-13T22:06:38.215251,NO_MOVEMENT_POINTS,P_Pluton__2_Kompania_Grenadier_w_20250913214010,"24,-7",0,0,"27,6",16,False,False,N/A,N/A,N/A,{'no_mp': True}
2025-09-13T22:06:38.215251,NO_FUEL,P_Pluton__2_Kompania_Grenadier_w_20250913214010,"24,-7",0,0,"27,6",16,False,False,N/A,N/A,N/A,"{'no_mp': True, 'no_fuel': True}"
2025-09-13T22:06:38.215251,INSUFFICIENT_SUPPORT,Z_Batalion__2_Kompania_Zaopatrzeniowa,"24,-7",N/A,N/A,N/A,N/A,N/A,N/A,0,50,4,"{'enemies_list': [], 'units_found': 0, 'units_needed': 1, 'shortage': 1}"
2025-09-13T22:06:38.215251,NO_MOVEMENT_POINTS,P_Batalion__2_Batalion_Strzelc_w_20250913214005,"15,-7",0,0,"25,-9",10,False,False,N/A,N/A,N/A,{'no_mp': True}
2025-09-13T22:06:38.215251,NO_FUEL,P_Batalion__2_Batalion_Strzelc_w_20250913214005,"15,-7",0,0,"25,-9",10,False,False,N/A,N/A,N/A,"{'no_mp': True, 'no_fuel': True}"
2025-09-13T22:06:38.222698,NO_MOVEMENT_POINTS,P_Pluton__2_Kompania_Grenadier_w,"15,-7",0,0,"26,6",24,False,False,N/A,N/A,N/A,{'no_mp': True}
2025-09-13T22:06:38.226123,NO_FUEL,P_Pluton__2_Kompania_Grenadier_w,"15,-7",0,0,"26,6",24,False,False,N/A,N/A,N/A,"{'no_mp': True, 'no_fuel': True}"
2025-09-13T22:06:38.228620,NO_MOVEMENT_POINTS,Z_Pluton__2_Batalion_Wsparcia,"15,-7",0,0,"28,5",25,False,False,N/A,N/A,N/A,{'no_mp': True}
2025-09-13T22:06:38.229621,NO_FUEL,Z_Pluton__2_Batalion_Wsparcia,"15,-7",0,0,"28,5",25,False,False,N/A,N/A,N/A,"{'no_mp': True, 'no_fuel': True}"
2025-09-13T22:06:38.229621,NO_MOVEMENT_POINTS,P_Pluton__2_Kompania_Grenadier_w_20250913214010,"15,-7",0,0,"27,6",25,False,False,N/A,N/A,N/A,{'no_mp': True}
2025-09-13T22:06:38.230975,NO_FUEL,P_Pluton__2_Kompania_Grenadier_w_20250913214010,"15,-7",0,0,"27,6",25,False,False,N/A,N/A,N/A,"{'no_mp': True, 'no_fuel': True}"
2025-09-13T22:06:38.232166,INSUFFICIENT_SUPPORT,D_Pluton__2_Dow_dztwo_Einheit,"15,-7",N/A,N/A,N/A,N/A,N/A,N/A,0,100,4,"{'enemies_list': [], 'units_found': 0, 'units_needed': 2, 'shortage': 2}"
2025-09-13T22:06:38.347438,NO_MOVEMENT_POINTS,P_Pluton__5_Infanterie_Regiment,"45,-15",0,0,"36,-15",9,False,False,N/A,N/A,N/A,{'no_mp': True}
2025-09-13T22:06:38.347438,NO_FUEL,P_Pluton__5_Infanterie_Regiment,"45,-15",0,0,"36,-15",9,False,False,N/A,N/A,N/A,"{'no_mp': True, 'no_fuel': True}"
2025-09-13T22:06:38.347438,NO_MOVEMENT_POINTS,P_Kompania__5_Infanterie_Regiment,"45,-15",0,0,"36,-14",9,False,False,N/A,N/A,N/A,{'no_mp': True}
2025-09-13T22:06:38.347438,NO_FUEL,P_Kompania__5_Infanterie_Regiment,"45,-15",0,0,"36,-14",9,False,False,N/A,N/A,N/A,"{'no_mp': True, 'no_fuel': True}"
2025-09-13T22:06:38.347438,NO_MOVEMENT_POINTS,P_Pluton__5_Sch_tzen_Kompanie,"45,-15",0,0,"37,-15",8,False,False,N/A,N/A,N/A,{'no_mp': True}
2025-09-13T22:06:38.351929,NO_FUEL,P_Pluton__5_Sch_tzen_Kompanie,"45,-15",0,0,"37,-15",8,False,False,N/A,N/A,N/A,"{'no_mp': True, 'no_fuel': True}"
2025-09-13T22:06:38.352926,NO_MOVEMENT_POINTS,AC_Kompania__5_schwere_Artillerie,"45,-15",0,0,"36,-16",10,False,False,N/A,N/A,N/A,{'no_mp': True}
2025-09-13T22:06:38.354188,NO_FUEL,AC_Kompania__5_schwere_Artillerie,"45,-15",0,0,"36,-16",10,False,False,N/A,N/A,N/A,"{'no_mp': True, 'no_fuel': True}"
2025-09-13T22:06:38.355326,NO_MOVEMENT_POINTS,AL_Batalion__5_Artillerie_Abteilung,"45,-15",0,0,"37,-17",10,False,False,N/A,N/A,N/A,{'no_mp': True}
2025-09-13T22:06:38.357405,NO_FUEL,AL_Batalion__5_Artillerie_Abteilung,"45,-15",0,0,"37,-17",10,False,False,N/A,N/A,N/A,"{'no_mp': True, 'no_fuel': True}"
2025-09-13T22:06:38.359659,INSUFFICIENT_SUPPORT,Z_Kompania__5_Unterst_tzungs_Bataillon,"45,-15",N/A,N/A,N/A,N/A,N/A,N/A,0,100,5,"{'enemies_list': [], 'units_found': 0, 'units_needed': 2, 'shortage': 2}"
2025-09-13T22:06:38.360658,NO_MOVEMENT_POINTS,P_Pluton__5_Infanterie_Regiment,"43,-14",0,0,"36,-15",8,False,False,N/A,N/A,N/A,{'no_mp': True}
2025-09-13T22:06:38.361760,NO_FUEL,P_Pluton__5_Infanterie_Regiment,"43,-14",0,0,"36,-15",8,False,False,N/A,N/A,N/A,"{'no_mp': True, 'no_fuel': True}"
2025-09-13T22:06:38.362985,NO_MOVEMENT_POINTS,P_Kompania__5_Infanterie_Regiment,"43,-14",0,0,"36,-14",7,False,False,N/A,N/A,N/A,{'no_mp': True}
2025-09-13T22:06:38.362985,NO_FUEL,P_Kompania__5_Infanterie_Regiment,"43,-14",0,0,"36,-14",7,False,False,N/A,N/A,N/A,"{'no_mp': True, 'no_fuel': True}"
2025-09-13T22:06:38.364224,NO_MOVEMENT_POINTS,P_Pluton__5_Sch_tzen_Kompanie,"43,-14",0,0,"37,-15",7,False,False,N/A,N/A,N/A,{'no_mp': True}
2025-09-13T22:06:38.365305,NO_FUEL,P_Pluton__5_Sch_tzen_Kompanie,"43,-14",0,0,"37,-15",7,False,False,N/A,N/A,N/A,"{'no_mp': True, 'no_fuel': True}"
2025-09-13T22:06:38.366637,NO_MOVEMENT_POINTS,AC_Kompania__5_schwere_Artillerie,"43,-14",0,0,"36,-16",9,False,False,N/A,N/A,N/A,{'no_mp': True}
2025-09-13T22:06:38.368391,NO_FUEL,AC_Kompania__5_schwere_Artillerie,"43,-14",0,0,"36,-16",9,False,False,N/A,N/A,N/A,"{'no_mp': True, 'no_fuel': True}"
2025-09-13T22:06:38.369403,NO_MOVEMENT_POINTS,AL_Batalion__5_Artillerie_Abteilung,"43,-14",0,0,"37,-17",9,False,False,N/A,N/A,N/A,{'no_mp': True}
2025-09-13T22:06:38.369403,NO_FUEL,AL_Batalion__5_Artillerie_Abteilung,"43,-14",0,0,"37,-17",9,False,False,N/A,N/A,N/A,"{'no_mp': True, 'no_fuel': True}"
2025-09-13T22:06:38.371533,INSUFFICIENT_SUPPORT,Z_Pluton__5_Versorgungs_Kompanie,"43,-14",N/A,N/A,N/A,N/A,N/A,N/A,0,150,5,"{'enemies_list': [], 'units_found': 0, 'units_needed': 2, 'shortage': 2}"
2025-09-13T22:06:38.374886,NO_MOVEMENT_POINTS,P_Pluton__5_Infanterie_Regiment,"42,-14",0,0,"36,-15",7,False,False,N/A,N/A,N/A,{'no_mp': True}
2025-09-13T22:06:38.376335,NO_FUEL,P_Pluton__5_Infanterie_Regiment,"42,-14",0,0,"36,-15",7,False,False,N/A,N/A,N/A,"{'no_mp': True, 'no_fuel': True}"
2025-09-13T22:06:38.376335,NO_MOVEMENT_POINTS,P_Kompania__5_Infanterie_Regiment,"42,-14",0,0,"36,-14",6,False,False,N/A,N/A,N/A,{'no_mp': True}
2025-09-13T22:06:38.376335,NO_FUEL,P_Kompania__5_Infanterie_Regiment,"42,-14",0,0,"36,-14",6,False,False,N/A,N/A,N/A,"{'no_mp': True, 'no_fuel': True}"
2025-09-13T22:06:38.376335,NO_MOVEMENT_POINTS,P_Pluton__5_Sch_tzen_Kompanie,"42,-14",0,0,"37,-15",6,False,False,N/A,N/A,N/A,{'no_mp': True}
2025-09-13T22:06:38.376335,NO_FUEL,P_Pluton__5_Sch_tzen_Kompanie,"42,-14",0,0,"37,-15",6,False,False,N/A,N/A,N/A,"{'no_mp': True, 'no_fuel': True}"
2025-09-13T22:06:38.376335,NO_MOVEMENT_POINTS,AC_Kompania__5_schwere_Artillerie,"42,-14",0,0,"36,-16",8,False,False,N/A,N/A,N/A,{'no_mp': True}
2025-09-13T22:06:38.376335,NO_FUEL,AC_Kompania__5_schwere_Artillerie,"42,-14",0,0,"36,-16",8,False,False,N/A,N/A,N/A,"{'no_mp': True, 'no_fuel': True}"
2025-09-13T22:06:38.382728,NO_MOVEMENT_POINTS,AL_Batalion__5_Artillerie_Abteilung,"42,-14",0,0,"37,-17",8,False,False,N/A,N/A,N/A,{'no_mp': True}
2025-09-13T22:06:38.382728,NO_FUEL,AL_Batalion__5_Artillerie_Abteilung,"42,-14",0,0,"37,-17",8,False,False,N/A,N/A,N/A,"{'no_mp': True, 'no_fuel': True}"
2025-09-13T22:06:38.383738,INSUFFICIENT_SUPPORT,Z_Pluton__5_Unterst_tzungs_Bataillon,"42,-14",N/A,N/A,N/A,N/A,N/A,N/A,0,150,5,"{'enemies_list': [], 'units_found': 0, 'units_needed': 2, 'shortage': 2}"
2025-09-13T22:06:38.385046,NO_MOVEMENT_POINTS,P_Pluton__5_Infanterie_Regiment,"52,-13",0,0,"36,-15",18,False,False,N/A,N/A,N/A,{'no_mp': True}
2025-09-13T22:06:38.386106,NO_FUEL,P_Pluton__5_Infanterie_Regiment,"52,-13",0,0,"36,-15",18,False,False,N/A,N/A,N/A,"{'no_mp': True, 'no_fuel': True}"
2025-09-13T22:06:38.387118,NO_MOVEMENT_POINTS,P_Kompania__5_Infanterie_Regiment,"52,-13",0,0,"36,-14",17,False,False,N/A,N/A,N/A,{'no_mp': True}
2025-09-13T22:06:38.387118,NO_FUEL,P_Kompania__5_Infanterie_Regiment,"52,-13",0,0,"36,-14",17,False,False,N/A,N/A,N/A,"{'no_mp': True, 'no_fuel': True}"
2025-09-13T22:06:38.392386,NO_MOVEMENT_POINTS,P_Pluton__5_Sch_tzen_Kompanie,"52,-13",0,0,"37,-15",17,False,False,N/A,N/A,N/A,{'no_mp': True}
2025-09-13T22:06:38.392810,NO_FUEL,P_Pluton__5_Sch_tzen_Kompanie,"52,-13",0,0,"37,-15",17,False,False,N/A,N/A,N/A,"{'no_mp': True, 'no_fuel': True}"
2025-09-13T22:06:38.393976,NO_MOVEMENT_POINTS,AC_Kompania__5_schwere_Artillerie,"52,-13",0,0,"36,-16",19,False,False,N/A,N/A,N/A,{'no_mp': True}
2025-09-13T22:06:38.395100,NO_FUEL,AC_Kompania__5_schwere_Artillerie,"52,-13",0,0,"36,-16",19,False,False,N/A,N/A,N/A,"{'no_mp': True, 'no_fuel': True}"
2025-09-13T22:06:38.395908,NO_MOVEMENT_POINTS,AL_Batalion__5_Artillerie_Abteilung,"52,-13",0,0,"37,-17",19,False,False,N/A,N/A,N/A,{'no_mp': True}
2025-09-13T22:06:38.396256,NO_FUEL,AL_Batalion__5_Artillerie_Abteilung,"52,-13",0,0,"37,-17",19,False,False,N/A,N/A,N/A,"{'no_mp': True, 'no_fuel': True}"
2025-09-13T22:06:38.397279,INSUFFICIENT_SUPPORT,Z_Pluton__5_Unterst_tzungs_Bataillon_20250913214038,"52,-13",N/A,N/A,N/A,N/A,N/A,N/A,0,100,5,"{'enemies_list': [], 'units_found': 0, 'units_needed': 2, 'shortage': 2}"
2025-09-13T22:06:38.607300,NO_MOVEMENT_POINTS,P_Batalion__2_Batalion_Strzelc_w_20250913214005,"28,3",0,0,"25,-9",15,False,False,N/A,N/A,N/A,{'no_mp': True}
2025-09-13T22:06:38.610120,NO_FUEL,P_Batalion__2_Batalion_Strzelc_w_20250913214005,"28,3",0,0,"25,-9",15,False,False,N/A,N/A,N/A,"{'no_mp': True, 'no_fuel': True}"
2025-09-13T22:06:38.611433,NO_MOVEMENT_POINTS,P_Pluton__2_Kompania_Grenadier_w,"28,3",0,0,"26,6",3,False,False,N/A,N/A,N/A,{'no_mp': True}
2025-09-13T22:06:38.612436,NO_FUEL,P_Pluton__2_Kompania_Grenadier_w,"28,3",0,0,"26,6",3,False,False,N/A,N/A,N/A,"{'no_mp': True, 'no_fuel': True}"
2025-09-13T22:06:38.614058,NO_MOVEMENT_POINTS,Z_Pluton__2_Batalion_Wsparcia,"28,3",0,0,"28,5",2,False,False,N/A,N/A,N/A,{'no_mp': True}
2025-09-13T22:06:38.615396,NO_FUEL,Z_Pluton__2_Batalion_Wsparcia,"28,3",0,0,"28,5",2,False,False,N/A,N/A,N/A,"{'no_mp': True, 'no_fuel': True}"
2025-09-13T22:06:38.615396,NO_MOVEMENT_POINTS,P_Pluton__2_Kompania_Grenadier_w_20250913214010,"28,3",0,0,"27,6",3,False,False,N/A,N/A,N/A,{'no_mp': True}
2025-09-13T22:06:38.616546,NO_FUEL,P_Pluton__2_Kompania_Grenadier_w_20250913214010,"28,3",0,0,"27,6",3,False,False,N/A,N/A,N/A,"{'no_mp': True, 'no_fuel': True}"
2025-09-13T22:06:38.616546,INSUFFICIENT_SUPPORT,P_Kompania__2_Pu_k_Piechoty,"28,3",N/A,N/A,N/A,N/A,N/A,N/A,0,75,4,"{'enemies_list': [], 'units_found': 0, 'units_needed': 1, 'shortage': 1}"
2025-09-13T22:06:38.616546,NO_MOVEMENT_POINTS,P_Batalion__2_Batalion_Strzelc_w_20250913214005,"27,4",0,0,"25,-9",15,False,False,N/A,N/A,N/A,{'no_mp': True}
2025-09-13T22:06:38.616546,NO_FUEL,P_Batalion__2_Batalion_Strzelc_w_20250913214005,"27,4",0,0,"25,-9",15,False,False,N/A,N/A,N/A,"{'no_mp': True, 'no_fuel': True}"
2025-09-13T22:06:38.621684,NO_MOVEMENT_POINTS,P_Pluton__2_Kompania_Grenadier_w,"27,4",0,0,"26,6",2,False,False,N/A,N/A,N/A,{'no_mp': True}
2025-09-13T22:06:38.625165,NO_FUEL,P_Pluton__2_Kompania_Grenadier_w,"27,4",0,0,"26,6",2,False,False,N/A,N/A,N/A,"{'no_mp': True, 'no_fuel': True}"
2025-09-13T22:06:38.626943,NO_MOVEMENT_POINTS,Z_Pluton__2_Batalion_Wsparcia,"27,4",0,0,"28,5",2,False,False,N/A,N/A,N/A,{'no_mp': True}
2025-09-13T22:06:38.626943,NO_FUEL,Z_Pluton__2_Batalion_Wsparcia,"27,4",0,0,"28,5",2,False,False,N/A,N/A,N/A,"{'no_mp': True, 'no_fuel': True}"
2025-09-13T22:06:38.627952,NO_MOVEMENT_POINTS,P_Pluton__2_Kompania_Grenadier_w_20250913214010,"27,4",0,0,"27,6",2,False,False,N/A,N/A,N/A,{'no_mp': True}
2025-09-13T22:06:38.628965,NO_FUEL,P_Pluton__2_Kompania_Grenadier_w_20250913214010,"27,4",0,0,"27,6",2,False,False,N/A,N/A,N/A,"{'no_mp': True, 'no_fuel': True}"
2025-09-13T22:06:38.630105,INSUFFICIENT_SUPPORT,Z_Pluton__2_Oddzia_Rozpoznawczy,"27,4",N/A,N/A,N/A,N/A,N/A,N/A,0,75,4,"{'enemies_list': [], 'units_found': 0, 'units_needed': 1, 'shortage': 1}"
2025-09-13T22:06:38.631112,NO_MOVEMENT_POINTS,P_Batalion__2_Batalion_Strzelc_w_20250913214005,"24,-7",0,0,"25,-9",2,False,False,N/A,N/A,N/A,{'no_mp': True}
2025-09-13T22:06:38.632644,NO_FUEL,P_Batalion__2_Batalion_Strzelc_w_20250913214005,"24,-7",0,0,"25,-9",2,False,False,N/A,N/A,N/A,"{'no_mp': True, 'no_fuel': True}"
2025-09-13T22:06:38.633938,NO_MOVEMENT_POINTS,P_Pluton__2_Kompania_Grenadier_w,"24,-7",0,0,"26,6",15,False,False,N/A,N/A,N/A,{'no_mp': True}
2025-09-13T22:06:38.634943,NO_FUEL,P_Pluton__2_Kompania_Grenadier_w,"24,-7",0,0,"26,6",15,False,False,N/A,N/A,N/A,"{'no_mp': True, 'no_fuel': True}"
2025-09-13T22:06:38.635946,NO_MOVEMENT_POINTS,Z_Pluton__2_Batalion_Wsparcia,"24,-7",0,0,"28,5",16,False,False,N/A,N/A,N/A,{'no_mp': True}
2025-09-13T22:06:38.637091,NO_FUEL,Z_Pluton__2_Batalion_Wsparcia,"24,-7",0,0,"28,5",16,False,False,N/A,N/A,N/A,"{'no_mp': True, 'no_fuel': True}"
2025-09-13T22:06:38.641401,NO_MOVEMENT_POINTS,P_Pluton__2_Kompania_Grenadier_w_20250913214010,"24,-7",0,0,"27,6",16,False,False,N/A,N/A,N/A,{'no_mp': True}
2025-09-13T22:06:38.641401,NO_FUEL,P_Pluton__2_Kompania_Grenadier_w_20250913214010,"24,-7",0,0,"27,6",16,False,False,N/A,N/A,N/A,"{'no_mp': True, 'no_fuel': True}"
2025-09-13T22:06:38.642864,INSUFFICIENT_SUPPORT,Z_Batalion__2_Kompania_Zaopatrzeniowa,"24,-7",N/A,N/A,N/A,N/A,N/A,N/A,0,50,4,"{'enemies_list': [], 'units_found': 0, 'units_needed': 1, 'shortage': 1}"
2025-09-13T22:06:38.644011,NO_MOVEMENT_POINTS,P_Batalion__2_Batalion_Strzelc_w_20250913214005,"15,-7",0,0,"25,-9",10,False,False,N/A,N/A,N/A,{'no_mp': True}
2025-09-13T22:06:38.645459,NO_FUEL,P_Batalion__2_Batalion_Strzelc_w_20250913214005,"15,-7",0,0,"25,-9",10,False,False,N/A,N/A,N/A,"{'no_mp': True, 'no_fuel': True}"
2025-09-13T22:06:38.646470,NO_MOVEMENT_POINTS,P_Pluton__2_Kompania_Grenadier_w,"15,-7",0,0,"26,6",24,False,False,N/A,N/A,N/A,{'no_mp': True}
2025-09-13T22:06:38.647545,NO_FUEL,P_Pluton__2_Kompania_Grenadier_w,"15,-7",0,0,"26,6",24,False,False,N/A,N/A,N/A,"{'no_mp': True, 'no_fuel': True}"
2025-09-13T22:06:38.647545,NO_MOVEMENT_POINTS,Z_Pluton__2_Batalion_Wsparcia,"15,-7",0,0,"28,5",25,False,False,N/A,N/A,N/A,{'no_mp': True}
2025-09-13T22:06:38.648728,NO_FUEL,Z_Pluton__2_Batalion_Wsparcia,"15,-7",0,0,"28,5",25,False,False,N/A,N/A,N/A,"{'no_mp': True, 'no_fuel': True}"
2025-09-13T22:06:38.649731,NO_MOVEMENT_POINTS,P_Pluton__2_Kompania_Grenadier_w_20250913214010,"15,-7",0,0,"27,6",25,False,False,N/A,N/A,N/A,{'no_mp': True}
2025-09-13T22:06:38.650736,NO_FUEL,P_Pluton__2_Kompania_Grenadier_w_20250913214010,"15,-7",0,0,"27,6",25,False,False,N/A,N/A,N/A,"{'no_mp': True, 'no_fuel': True}"
2025-09-13T22:06:38.651944,INSUFFICIENT_SUPPORT,D_Pluton__2_Dow_dztwo_Einheit,"15,-7",N/A,N/A,N/A,N/A,N/A,N/A,0,100,4,"{'enemies_list': [], 'units_found': 0, 'units_needed': 2, 'shortage': 2}"
2025-09-13T22:06:38.767939,NO_MOVEMENT_POINTS,P_Pluton__5_Infanterie_Regiment,"45,-15",0,0,"36,-15",9,False,False,N/A,N/A,N/A,{'no_mp': True}
2025-09-13T22:06:38.767939,NO_FUEL,P_Pluton__5_Infanterie_Regiment,"45,-15",0,0,"36,-15",9,False,False,N/A,N/A,N/A,"{'no_mp': True, 'no_fuel': True}"
2025-09-13T22:06:38.769298,NO_MOVEMENT_POINTS,P_Kompania__5_Infanterie_Regiment,"45,-15",0,0,"36,-14",9,False,False,N/A,N/A,N/A,{'no_mp': True}
2025-09-13T22:06:38.770517,NO_FUEL,P_Kompania__5_Infanterie_Regiment,"45,-15",0,0,"36,-14",9,False,False,N/A,N/A,N/A,"{'no_mp': True, 'no_fuel': True}"
2025-09-13T22:06:38.772640,NO_MOVEMENT_POINTS,P_Pluton__5_Sch_tzen_Kompanie,"45,-15",0,0,"37,-15",8,False,False,N/A,N/A,N/A,{'no_mp': True}
2025-09-13T22:06:38.776219,NO_FUEL,P_Pluton__5_Sch_tzen_Kompanie,"45,-15",0,0,"37,-15",8,False,False,N/A,N/A,N/A,"{'no_mp': True, 'no_fuel': True}"
2025-09-13T22:06:38.777327,NO_MOVEMENT_POINTS,AC_Kompania__5_schwere_Artillerie,"45,-15",0,0,"36,-16",10,False,False,N/A,N/A,N/A,{'no_mp': True}
2025-09-13T22:06:38.777327,NO_FUEL,AC_Kompania__5_schwere_Artillerie,"45,-15",0,0,"36,-16",10,False,False,N/A,N/A,N/A,"{'no_mp': True, 'no_fuel': True}"
2025-09-13T22:06:38.778500,NO_MOVEMENT_POINTS,AL_Batalion__5_Artillerie_Abteilung,"45,-15",0,0,"37,-17",10,False,False,N/A,N/A,N/A,{'no_mp': True}
2025-09-13T22:06:38.779679,NO_FUEL,AL_Batalion__5_Artillerie_Abteilung,"45,-15",0,0,"37,-17",10,False,False,N/A,N/A,N/A,"{'no_mp': True, 'no_fuel': True}"
2025-09-13T22:06:38.779679,INSUFFICIENT_SUPPORT,Z_Kompania__5_Unterst_tzungs_Bataillon,"45,-15",N/A,N/A,N/A,N/A,N/A,N/A,0,100,5,"{'enemies_list': [], 'units_found': 0, 'units_needed': 2, 'shortage': 2}"
2025-09-13T22:06:38.780998,NO_MOVEMENT_POINTS,P_Pluton__5_Infanterie_Regiment,"43,-14",0,0,"36,-15",8,False,False,N/A,N/A,N/A,{'no_mp': True}
2025-09-13T22:06:38.783052,NO_FUEL,P_Pluton__5_Infanterie_Regiment,"43,-14",0,0,"36,-15",8,False,False,N/A,N/A,N/A,"{'no_mp': True, 'no_fuel': True}"
2025-09-13T22:06:38.784074,NO_MOVEMENT_POINTS,P_Kompania__5_Infanterie_Regiment,"43,-14",0,0,"36,-14",7,False,False,N/A,N/A,N/A,{'no_mp': True}
2025-09-13T22:06:38.784074,NO_FUEL,P_Kompania__5_Infanterie_Regiment,"43,-14",0,0,"36,-14",7,False,False,N/A,N/A,N/A,"{'no_mp': True, 'no_fuel': True}"
2025-09-13T22:06:38.785272,NO_MOVEMENT_POINTS,P_Pluton__5_Sch_tzen_Kompanie,"43,-14",0,0,"37,-15",7,False,False,N/A,N/A,N/A,{'no_mp': True}
2025-09-13T22:06:38.786353,NO_FUEL,P_Pluton__5_Sch_tzen_Kompanie,"43,-14",0,0,"37,-15",7,False,False,N/A,N/A,N/A,"{'no_mp': True, 'no_fuel': True}"
2025-09-13T22:06:38.787773,NO_MOVEMENT_POINTS,AC_Kompania__5_schwere_Artillerie,"43,-14",0,0,"36,-16",9,False,False,N/A,N/A,N/A,{'no_mp': True}
2025-09-13T22:06:38.790026,NO_FUEL,AC_Kompania__5_schwere_Artillerie,"43,-14",0,0,"36,-16",9,False,False,N/A,N/A,N/A,"{'no_mp': True, 'no_fuel': True}"
2025-09-13T22:06:38.792766,NO_MOVEMENT_POINTS,AL_Batalion__5_Artillerie_Abteilung,"43,-14",0,0,"37,-17",9,False,False,N/A,N/A,N/A,{'no_mp': True}
2025-09-13T22:06:38.793780,NO_FUEL,AL_Batalion__5_Artillerie_Abteilung,"43,-14",0,0,"37,-17",9,False,False,N/A,N/A,N/A,"{'no_mp': True, 'no_fuel': True}"
2025-09-13T22:06:38.794790,INSUFFICIENT_SUPPORT,Z_Pluton__5_Versorgungs_Kompanie,"43,-14",N/A,N/A,N/A,N/A,N/A,N/A,0,150,5,"{'enemies_list': [], 'units_found': 0, 'units_needed': 2, 'shortage': 2}"
2025-09-13T22:06:38.796021,NO_MOVEMENT_POINTS,P_Pluton__5_Infanterie_Regiment,"42,-14",0,0,"36,-15",7,False,False,N/A,N/A,N/A,{'no_mp': True}
2025-09-13T22:06:38.797104,NO_FUEL,P_Pluton__5_Infanterie_Regiment,"42,-14",0,0,"36,-15",7,False,False,N/A,N/A,N/A,"{'no_mp': True, 'no_fuel': True}"
2025-09-13T22:06:38.798078,NO_MOVEMENT_POINTS,P_Kompania__5_Infanterie_Regiment,"42,-14",0,0,"36,-14",6,False,False,N/A,N/A,N/A,{'no_mp': True}
2025-09-13T22:06:38.798717,NO_FUEL,P_Kompania__5_Infanterie_Regiment,"42,-14",0,0,"36,-14",6,False,False,N/A,N/A,N/A,"{'no_mp': True, 'no_fuel': True}"
2025-09-13T22:06:38.799873,NO_MOVEMENT_POINTS,P_Pluton__5_Sch_tzen_Kompanie,"42,-14",0,0,"37,-15",6,False,False,N/A,N/A,N/A,{'no_mp': True}
2025-09-13T22:06:38.801090,NO_FUEL,P_Pluton__5_Sch_tzen_Kompanie,"42,-14",0,0,"37,-15",6,False,False,N/A,N/A,N/A,"{'no_mp': True, 'no_fuel': True}"
2025-09-13T22:06:38.801090,NO_MOVEMENT_POINTS,AC_Kompania__5_schwere_Artillerie,"42,-14",0,0,"36,-16",8,False,False,N/A,N/A,N/A,{'no_mp': True}
2025-09-13T22:06:38.802337,NO_FUEL,AC_Kompania__5_schwere_Artillerie,"42,-14",0,0,"36,-16",8,False,False,N/A,N/A,N/A,"{'no_mp': True, 'no_fuel': True}"
2025-09-13T22:06:38.803464,NO_MOVEMENT_POINTS,AL_Batalion__5_Artillerie_Abteilung,"42,-14",0,0,"37,-17",8,False,False,N/A,N/A,N/A,{'no_mp': True}
2025-09-13T22:06:38.803464,NO_FUEL,AL_Batalion__5_Artillerie_Abteilung,"42,-14",0,0,"37,-17",8,False,False,N/A,N/A,N/A,"{'no_mp': True, 'no_fuel': True}"
2025-09-13T22:06:38.808707,INSUFFICIENT_SUPPORT,Z_Pluton__5_Unterst_tzungs_Bataillon,"42,-14",N/A,N/A,N/A,N/A,N/A,N/A,0,150,5,"{'enemies_list': [], 'units_found': 0, 'units_needed': 2, 'shortage': 2}"
2025-09-13T22:06:38.810163,NO_MOVEMENT_POINTS,P_Pluton__5_Infanterie_Regiment,"52,-13",0,0,"36,-15",18,False,False,N/A,N/A,N/A,{'no_mp': True}
2025-09-13T22:06:38.811186,NO_FUEL,P_Pluton__5_Infanterie_Regiment,"52,-13",0,0,"36,-15",18,False,False,N/A,N/A,N/A,"{'no_mp': True, 'no_fuel': True}"
2025-09-13T22:06:38.811186,NO_MOVEMENT_POINTS,P_Kompania__5_Infanterie_Regiment,"52,-13",0,0,"36,-14",17,False,False,N/A,N/A,N/A,{'no_mp': True}
2025-09-13T22:06:38.812537,NO_FUEL,P_Kompania__5_Infanterie_Regiment,"52,-13",0,0,"36,-14",17,False,False,N/A,N/A,N/A,"{'no_mp': True, 'no_fuel': True}"
2025-09-13T22:06:38.813679,NO_MOVEMENT_POINTS,P_Pluton__5_Sch_tzen_Kompanie,"52,-13",0,0,"37,-15",17,False,False,N/A,N/A,N/A,{'no_mp': True}
2025-09-13T22:06:38.813679,NO_FUEL,P_Pluton__5_Sch_tzen_Kompanie,"52,-13",0,0,"37,-15",17,False,False,N/A,N/A,N/A,"{'no_mp': True, 'no_fuel': True}"
2025-09-13T22:06:38.815374,NO_MOVEMENT_POINTS,AC_Kompania__5_schwere_Artillerie,"52,-13",0,0,"36,-16",19,False,False,N/A,N/A,N/A,{'no_mp': True}
2025-09-13T22:06:38.816263,NO_FUEL,AC_Kompania__5_schwere_Artillerie,"52,-13",0,0,"36,-16",19,False,False,N/A,N/A,N/A,"{'no_mp': True, 'no_fuel': True}"
2025-09-13T22:06:38.817385,NO_MOVEMENT_POINTS,AL_Batalion__5_Artillerie_Abteilung,"52,-13",0,0,"37,-17",19,False,False,N/A,N/A,N/A,{'no_mp': True}
2025-09-13T22:06:38.818736,NO_FUEL,AL_Batalion__5_Artillerie_Abteilung,"52,-13",0,0,"37,-17",19,False,False,N/A,N/A,N/A,"{'no_mp': True, 'no_fuel': True}"
2025-09-13T22:06:38.819747,INSUFFICIENT_SUPPORT,Z_Pluton__5_Unterst_tzungs_Bataillon_20250913214038,"52,-13",N/A,N/A,N/A,N/A,N/A,N/A,0,100,5,"{'enemies_list': [], 'units_found': 0, 'units_needed': 2, 'shortage': 2}"
2025-09-13T22:06:39.017820,NO_MOVEMENT_POINTS,P_Batalion__2_Batalion_Strzelc_w_20250913214005,"28,3",0,0,"25,-9",15,False,False,N/A,N/A,N/A,{'no_mp': True}
2025-09-13T22:06:39.018830,NO_FUEL,P_Batalion__2_Batalion_Strzelc_w_20250913214005,"28,3",0,0,"25,-9",15,False,False,N/A,N/A,N/A,"{'no_mp': True, 'no_fuel': True}"
2025-09-13T22:06:39.018830,NO_MOVEMENT_POINTS,P_Pluton__2_Kompania_Grenadier_w,"28,3",0,0,"26,6",3,False,False,N/A,N/A,N/A,{'no_mp': True}
2025-09-13T22:06:39.020087,NO_FUEL,P_Pluton__2_Kompania_Grenadier_w,"28,3",0,0,"26,6",3,False,False,N/A,N/A,N/A,"{'no_mp': True, 'no_fuel': True}"
2025-09-13T22:06:39.021318,NO_MOVEMENT_POINTS,Z_Pluton__2_Batalion_Wsparcia,"28,3",0,0,"28,5",2,False,False,N/A,N/A,N/A,{'no_mp': True}
2025-09-13T22:06:39.024684,NO_FUEL,Z_Pluton__2_Batalion_Wsparcia,"28,3",0,0,"28,5",2,False,False,N/A,N/A,N/A,"{'no_mp': True, 'no_fuel': True}"
2025-09-13T22:06:39.026696,NO_MOVEMENT_POINTS,P_Pluton__2_Kompania_Grenadier_w_20250913214010,"28,3",0,0,"27,6",3,False,False,N/A,N/A,N/A,{'no_mp': True}
2025-09-13T22:06:39.027924,NO_FUEL,P_Pluton__2_Kompania_Grenadier_w_20250913214010,"28,3",0,0,"27,6",3,False,False,N/A,N/A,N/A,"{'no_mp': True, 'no_fuel': True}"
2025-09-13T22:06:39.027924,INSUFFICIENT_SUPPORT,P_Kompania__2_Pu_k_Piechoty,"28,3",N/A,N/A,N/A,N/A,N/A,N/A,0,75,4,"{'enemies_list': [], 'units_found': 0, 'units_needed': 1, 'shortage': 1}"
2025-09-13T22:06:39.029801,NO_MOVEMENT_POINTS,P_Batalion__2_Batalion_Strzelc_w_20250913214005,"27,4",0,0,"25,-9",15,False,False,N/A,N/A,N/A,{'no_mp': True}
2025-09-13T22:06:39.030643,NO_FUEL,P_Batalion__2_Batalion_Strzelc_w_20250913214005,"27,4",0,0,"25,-9",15,False,False,N/A,N/A,N/A,"{'no_mp': True, 'no_fuel': True}"
2025-09-13T22:06:39.031646,NO_MOVEMENT_POINTS,P_Pluton__2_Kompania_Grenadier_w,"27,4",0,0,"26,6",2,False,False,N/A,N/A,N/A,{'no_mp': True}
2025-09-13T22:06:39.031646,NO_FUEL,P_Pluton__2_Kompania_Grenadier_w,"27,4",0,0,"26,6",2,False,False,N/A,N/A,N/A,"{'no_mp': True, 'no_fuel': True}"
2025-09-13T22:06:39.031646,NO_MOVEMENT_POINTS,Z_Pluton__2_Batalion_Wsparcia,"27,4",0,0,"28,5",2,False,False,N/A,N/A,N/A,{'no_mp': True}
2025-09-13T22:06:39.031646,NO_FUEL,Z_Pluton__2_Batalion_Wsparcia,"27,4",0,0,"28,5",2,False,False,N/A,N/A,N/A,"{'no_mp': True, 'no_fuel': True}"
2025-09-13T22:06:39.035870,NO_MOVEMENT_POINTS,P_Pluton__2_Kompania_Grenadier_w_20250913214010,"27,4",0,0,"27,6",2,False,False,N/A,N/A,N/A,{'no_mp': True}
2025-09-13T22:06:39.035870,NO_FUEL,P_Pluton__2_Kompania_Grenadier_w_20250913214010,"27,4",0,0,"27,6",2,False,False,N/A,N/A,N/A,"{'no_mp': True, 'no_fuel': True}"
2025-09-13T22:06:39.036879,INSUFFICIENT_SUPPORT,Z_Pluton__2_Oddzia_Rozpoznawczy,"27,4",N/A,N/A,N/A,N/A,N/A,N/A,0,75,4,"{'enemies_list': [], 'units_found': 0, 'units_needed': 1, 'shortage': 1}"
2025-09-13T22:06:39.038200,NO_MOVEMENT_POINTS,P_Batalion__2_Batalion_Strzelc_w_20250913214005,"24,-7",0,0,"25,-9",2,False,False,N/A,N/A,N/A,{'no_mp': True}
2025-09-13T22:06:39.039246,NO_FUEL,P_Batalion__2_Batalion_Strzelc_w_20250913214005,"24,-7",0,0,"25,-9",2,False,False,N/A,N/A,N/A,"{'no_mp': True, 'no_fuel': True}"
2025-09-13T22:06:39.043958,NO_MOVEMENT_POINTS,P_Pluton__2_Kompania_Grenadier_w,"24,-7",0,0,"26,6",15,False,False,N/A,N/A,N/A,{'no_mp': True}
2025-09-13T22:06:39.043958,NO_FUEL,P_Pluton__2_Kompania_Grenadier_w,"24,-7",0,0,"26,6",15,False,False,N/A,N/A,N/A,"{'no_mp': True, 'no_fuel': True}"
2025-09-13T22:06:39.045228,NO_MOVEMENT_POINTS,Z_Pluton__2_Batalion_Wsparcia,"24,-7",0,0,"28,5",16,False,False,N/A,N/A,N/A,{'no_mp': True}
2025-09-13T22:06:39.046442,NO_FUEL,Z_Pluton__2_Batalion_Wsparcia,"24,-7",0,0,"28,5",16,False,False,N/A,N/A,N/A,"{'no_mp': True, 'no_fuel': True}"
2025-09-13T22:06:39.047454,NO_MOVEMENT_POINTS,P_Pluton__2_Kompania_Grenadier_w_20250913214010,"24,-7",0,0,"27,6",16,False,False,N/A,N/A,N/A,{'no_mp': True}
2025-09-13T22:06:39.048491,NO_FUEL,P_Pluton__2_Kompania_Grenadier_w_20250913214010,"24,-7",0,0,"27,6",16,False,False,N/A,N/A,N/A,"{'no_mp': True, 'no_fuel': True}"
2025-09-13T22:06:39.049502,INSUFFICIENT_SUPPORT,Z_Batalion__2_Kompania_Zaopatrzeniowa,"24,-7",N/A,N/A,N/A,N/A,N/A,N/A,0,50,4,"{'enemies_list': [], 'units_found': 0, 'units_needed': 1, 'shortage': 1}"
2025-09-13T22:06:39.049502,NO_MOVEMENT_POINTS,P_Batalion__2_Batalion_Strzelc_w_20250913214005,"15,-7",0,0,"25,-9",10,False,False,N/A,N/A,N/A,{'no_mp': True}
2025-09-13T22:06:39.049502,NO_FUEL,P_Batalion__2_Batalion_Strzelc_w_20250913214005,"15,-7",0,0,"25,-9",10,False,False,N/A,N/A,N/A,"{'no_mp': True, 'no_fuel': True}"
2025-09-13T22:06:39.049502,NO_MOVEMENT_POINTS,P_Pluton__2_Kompania_Grenadier_w,"15,-7",0,0,"26,6",24,False,False,N/A,N/A,N/A,{'no_mp': True}
2025-09-13T22:06:39.049502,NO_FUEL,P_Pluton__2_Kompania_Grenadier_w,"15,-7",0,0,"26,6",24,False,False,N/A,N/A,N/A,"{'no_mp': True, 'no_fuel': True}"
2025-09-13T22:06:39.049502,NO_MOVEMENT_POINTS,Z_Pluton__2_Batalion_Wsparcia,"15,-7",0,0,"28,5",25,False,False,N/A,N/A,N/A,{'no_mp': True}
2025-09-13T22:06:39.054386,NO_FUEL,Z_Pluton__2_Batalion_Wsparcia,"15,-7",0,0,"28,5",25,False,False,N/A,N/A,N/A,"{'no_mp': True, 'no_fuel': True}"
2025-09-13T22:06:39.058161,NO_MOVEMENT_POINTS,P_Pluton__2_Kompania_Grenadier_w_20250913214010,"15,-7",0,0,"27,6",25,False,False,N/A,N/A,N/A,{'no_mp': True}
2025-09-13T22:06:39.061017,NO_FUEL,P_Pluton__2_Kompania_Grenadier_w_20250913214010,"15,-7",0,0,"27,6",25,False,False,N/A,N/A,N/A,"{'no_mp': True, 'no_fuel': True}"
2025-09-13T22:06:39.062027,INSUFFICIENT_SUPPORT,D_Pluton__2_Dow_dztwo_Einheit,"15,-7",N/A,N/A,N/A,N/A,N/A,N/A,0,100,4,"{'enemies_list': [], 'units_found': 0, 'units_needed': 2, 'shortage': 2}"
2025-09-13T22:06:39.180712,NO_MOVEMENT_POINTS,P_Pluton__5_Infanterie_Regiment,"45,-15",0,0,"36,-15",9,False,False,N/A,N/A,N/A,{'no_mp': True}
2025-09-13T22:06:39.181714,NO_FUEL,P_Pluton__5_Infanterie_Regiment,"45,-15",0,0,"36,-15",9,False,False,N/A,N/A,N/A,"{'no_mp': True, 'no_fuel': True}"
2025-09-13T22:06:39.182814,NO_MOVEMENT_POINTS,P_Kompania__5_Infanterie_Regiment,"45,-15",0,0,"36,-14",9,False,False,N/A,N/A,N/A,{'no_mp': True}
2025-09-13T22:06:39.183862,NO_FUEL,P_Kompania__5_Infanterie_Regiment,"45,-15",0,0,"36,-14",9,False,False,N/A,N/A,N/A,"{'no_mp': True, 'no_fuel': True}"
2025-09-13T22:06:39.183862,NO_MOVEMENT_POINTS,P_Pluton__5_Sch_tzen_Kompanie,"45,-15",0,0,"37,-15",8,False,False,N/A,N/A,N/A,{'no_mp': True}
2025-09-13T22:06:39.184869,NO_FUEL,P_Pluton__5_Sch_tzen_Kompanie,"45,-15",0,0,"37,-15",8,False,False,N/A,N/A,N/A,"{'no_mp': True, 'no_fuel': True}"
2025-09-13T22:06:39.185952,NO_MOVEMENT_POINTS,AC_Kompania__5_schwere_Artillerie,"45,-15",0,0,"36,-16",10,False,False,N/A,N/A,N/A,{'no_mp': True}
2025-09-13T22:06:39.187129,NO_FUEL,AC_Kompania__5_schwere_Artillerie,"45,-15",0,0,"36,-16",10,False,False,N/A,N/A,N/A,"{'no_mp': True, 'no_fuel': True}"
2025-09-13T22:06:39.187129,NO_MOVEMENT_POINTS,AL_Batalion__5_Artillerie_Abteilung,"45,-15",0,0,"37,-17",10,False,False,N/A,N/A,N/A,{'no_mp': True}
2025-09-13T22:06:39.191315,NO_FUEL,AL_Batalion__5_Artillerie_Abteilung,"45,-15",0,0,"37,-17",10,False,False,N/A,N/A,N/A,"{'no_mp': True, 'no_fuel': True}"
2025-09-13T22:06:39.194432,INSUFFICIENT_SUPPORT,Z_Kompania__5_Unterst_tzungs_Bataillon,"45,-15",N/A,N/A,N/A,N/A,N/A,N/A,0,100,5,"{'enemies_list': [], 'units_found': 0, 'units_needed': 2, 'shortage': 2}"
2025-09-13T22:06:39.195707,NO_MOVEMENT_POINTS,P_Pluton__5_Infanterie_Regiment,"43,-14",0,0,"36,-15",8,False,False,N/A,N/A,N/A,{'no_mp': True}
2025-09-13T22:06:39.196878,NO_FUEL,P_Pluton__5_Infanterie_Regiment,"43,-14",0,0,"36,-15",8,False,False,N/A,N/A,N/A,"{'no_mp': True, 'no_fuel': True}"
2025-09-13T22:06:39.197964,NO_MOVEMENT_POINTS,P_Kompania__5_Infanterie_Regiment,"43,-14",0,0,"36,-14",7,False,False,N/A,N/A,N/A,{'no_mp': True}
2025-09-13T22:06:39.197964,NO_FUEL,P_Kompania__5_Infanterie_Regiment,"43,-14",0,0,"36,-14",7,False,False,N/A,N/A,N/A,"{'no_mp': True, 'no_fuel': True}"
2025-09-13T22:06:39.199580,NO_MOVEMENT_POINTS,P_Pluton__5_Sch_tzen_Kompanie,"43,-14",0,0,"37,-15",7,False,False,N/A,N/A,N/A,{'no_mp': True}
2025-09-13T22:06:39.200208,NO_FUEL,P_Pluton__5_Sch_tzen_Kompanie,"43,-14",0,0,"37,-15",7,False,False,N/A,N/A,N/A,"{'no_mp': True, 'no_fuel': True}"
2025-09-13T22:06:39.201428,NO_MOVEMENT_POINTS,AC_Kompania__5_schwere_Artillerie,"43,-14",0,0,"36,-16",9,False,False,N/A,N/A,N/A,{'no_mp': True}
2025-09-13T22:06:39.202485,NO_FUEL,AC_Kompania__5_schwere_Artillerie,"43,-14",0,0,"36,-16",9,False,False,N/A,N/A,N/A,"{'no_mp': True, 'no_fuel': True}"
2025-09-13T22:06:39.202485,NO_MOVEMENT_POINTS,AL_Batalion__5_Artillerie_Abteilung,"43,-14",0,0,"37,-17",9,False,False,N/A,N/A,N/A,{'no_mp': True}
2025-09-13T22:06:39.203722,NO_FUEL,AL_Batalion__5_Artillerie_Abteilung,"43,-14",0,0,"37,-17",9,False,False,N/A,N/A,N/A,"{'no_mp': True, 'no_fuel': True}"
2025-09-13T22:06:39.204872,INSUFFICIENT_SUPPORT,Z_Pluton__5_Versorgungs_Kompanie,"43,-14",N/A,N/A,N/A,N/A,N/A,N/A,0,150,5,"{'enemies_list': [], 'units_found': 0, 'units_needed': 2, 'shortage': 2}"
2025-09-13T22:06:39.209080,NO_MOVEMENT_POINTS,P_Pluton__5_Infanterie_Regiment,"42,-14",0,0,"36,-15",7,False,False,N/A,N/A,N/A,{'no_mp': True}
2025-09-13T22:06:39.210796,NO_FUEL,P_Pluton__5_Infanterie_Regiment,"42,-14",0,0,"36,-15",7,False,False,N/A,N/A,N/A,"{'no_mp': True, 'no_fuel': True}"
2025-09-13T22:06:39.210796,NO_MOVEMENT_POINTS,P_Kompania__5_Infanterie_Regiment,"42,-14",0,0,"36,-14",6,False,False,N/A,N/A,N/A,{'no_mp': True}
2025-09-13T22:06:39.211806,NO_FUEL,P_Kompania__5_Infanterie_Regiment,"42,-14",0,0,"36,-14",6,False,False,N/A,N/A,N/A,"{'no_mp': True, 'no_fuel': True}"
2025-09-13T22:06:39.212816,NO_MOVEMENT_POINTS,P_Pluton__5_Sch_tzen_Kompanie,"42,-14",0,0,"37,-15",6,False,False,N/A,N/A,N/A,{'no_mp': True}
2025-09-13T22:06:39.213997,NO_FUEL,P_Pluton__5_Sch_tzen_Kompanie,"42,-14",0,0,"37,-15",6,False,False,N/A,N/A,N/A,"{'no_mp': True, 'no_fuel': True}"
2025-09-13T22:06:39.213997,NO_MOVEMENT_POINTS,AC_Kompania__5_schwere_Artillerie,"42,-14",0,0,"36,-16",8,False,False,N/A,N/A,N/A,{'no_mp': True}
2025-09-13T22:06:39.215225,NO_FUEL,AC_Kompania__5_schwere_Artillerie,"42,-14",0,0,"36,-16",8,False,False,N/A,N/A,N/A,"{'no_mp': True, 'no_fuel': True}"
2025-09-13T22:06:39.216426,NO_MOVEMENT_POINTS,AL_Batalion__5_Artillerie_Abteilung,"42,-14",0,0,"37,-17",8,False,False,N/A,N/A,N/A,{'no_mp': True}
2025-09-13T22:06:39.217122,NO_FUEL,AL_Batalion__5_Artillerie_Abteilung,"42,-14",0,0,"37,-17",8,False,False,N/A,N/A,N/A,"{'no_mp': True, 'no_fuel': True}"
2025-09-13T22:06:39.218134,INSUFFICIENT_SUPPORT,Z_Pluton__5_Unterst_tzungs_Bataillon,"42,-14",N/A,N/A,N/A,N/A,N/A,N/A,0,150,5,"{'enemies_list': [], 'units_found': 0, 'units_needed': 2, 'shortage': 2}"
2025-09-13T22:06:39.219486,NO_MOVEMENT_POINTS,P_Pluton__5_Infanterie_Regiment,"52,-13",0,0,"36,-15",18,False,False,N/A,N/A,N/A,{'no_mp': True}
2025-09-13T22:06:39.220577,NO_FUEL,P_Pluton__5_Infanterie_Regiment,"52,-13",0,0,"36,-15",18,False,False,N/A,N/A,N/A,"{'no_mp': True, 'no_fuel': True}"
2025-09-13T22:06:39.220577,NO_MOVEMENT_POINTS,P_Kompania__5_Infanterie_Regiment,"52,-13",0,0,"36,-14",17,False,False,N/A,N/A,N/A,{'no_mp': True}
2025-09-13T22:06:39.224343,NO_FUEL,P_Kompania__5_Infanterie_Regiment,"52,-13",0,0,"36,-14",17,False,False,N/A,N/A,N/A,"{'no_mp': True, 'no_fuel': True}"
2025-09-13T22:06:39.226378,NO_MOVEMENT_POINTS,P_Pluton__5_Sch_tzen_Kompanie,"52,-13",0,0,"37,-15",17,False,False,N/A,N/A,N/A,{'no_mp': True}
2025-09-13T22:06:39.227420,NO_FUEL,P_Pluton__5_Sch_tzen_Kompanie,"52,-13",0,0,"37,-15",17,False,False,N/A,N/A,N/A,"{'no_mp': True, 'no_fuel': True}"
2025-09-13T22:06:39.228798,NO_MOVEMENT_POINTS,AC_Kompania__5_schwere_Artillerie,"52,-13",0,0,"36,-16",19,False,False,N/A,N/A,N/A,{'no_mp': True}
2025-09-13T22:06:39.228798,NO_FUEL,AC_Kompania__5_schwere_Artillerie,"52,-13",0,0,"36,-16",19,False,False,N/A,N/A,N/A,"{'no_mp': True, 'no_fuel': True}"
2025-09-13T22:06:39.230812,NO_MOVEMENT_POINTS,AL_Batalion__5_Artillerie_Abteilung,"52,-13",0,0,"37,-17",19,False,False,N/A,N/A,N/A,{'no_mp': True}
2025-09-13T22:06:39.231176,NO_FUEL,AL_Batalion__5_Artillerie_Abteilung,"52,-13",0,0,"37,-17",19,False,False,N/A,N/A,N/A,"{'no_mp': True, 'no_fuel': True}"
2025-09-13T22:06:39.232175,INSUFFICIENT_SUPPORT,Z_Pluton__5_Unterst_tzungs_Bataillon_20250913214038,"52,-13",N/A,N/A,N/A,N/A,N/A,N/A,0,100,5,"{'enemies_list': [], 'units_found': 0, 'units_needed': 2, 'shortage': 2}"
2025-09-13T22:06:39.425746,NO_MOVEMENT_POINTS,P_Batalion__2_Batalion_Strzelc_w_20250913214005,"28,3",0,0,"25,-9",15,False,False,N/A,N/A,N/A,{'no_mp': True}
2025-09-13T22:06:39.426757,NO_FUEL,P_Batalion__2_Batalion_Strzelc_w_20250913214005,"28,3",0,0,"25,-9",15,False,False,N/A,N/A,N/A,"{'no_mp': True, 'no_fuel': True}"
2025-09-13T22:06:39.428364,NO_MOVEMENT_POINTS,P_Pluton__2_Kompania_Grenadier_w,"28,3",0,0,"26,6",3,False,False,N/A,N/A,N/A,{'no_mp': True}
2025-09-13T22:06:39.429519,NO_FUEL,P_Pluton__2_Kompania_Grenadier_w,"28,3",0,0,"26,6",3,False,False,N/A,N/A,N/A,"{'no_mp': True, 'no_fuel': True}"
2025-09-13T22:06:39.429519,NO_MOVEMENT_POINTS,Z_Pluton__2_Batalion_Wsparcia,"28,3",0,0,"28,5",2,False,False,N/A,N/A,N/A,{'no_mp': True}
2025-09-13T22:06:39.430772,NO_FUEL,Z_Pluton__2_Batalion_Wsparcia,"28,3",0,0,"28,5",2,False,False,N/A,N/A,N/A,"{'no_mp': True, 'no_fuel': True}"
2025-09-13T22:06:39.431904,NO_MOVEMENT_POINTS,P_Pluton__2_Kompania_Grenadier_w_20250913214010,"28,3",0,0,"27,6",3,False,False,N/A,N/A,N/A,{'no_mp': True}
2025-09-13T22:06:39.431904,NO_FUEL,P_Pluton__2_Kompania_Grenadier_w_20250913214010,"28,3",0,0,"27,6",3,False,False,N/A,N/A,N/A,"{'no_mp': True, 'no_fuel': True}"
2025-09-13T22:06:39.434069,INSUFFICIENT_SUPPORT,P_Kompania__2_Pu_k_Piechoty,"28,3",N/A,N/A,N/A,N/A,N/A,N/A,0,75,4,"{'enemies_list': [], 'units_found': 0, 'units_needed': 1, 'shortage': 1}"
2025-09-13T22:06:39.434069,NO_MOVEMENT_POINTS,P_Batalion__2_Batalion_Strzelc_w_20250913214005,"27,4",0,0,"25,-9",15,False,False,N/A,N/A,N/A,{'no_mp': True}
2025-09-13T22:06:39.435372,NO_FUEL,P_Batalion__2_Batalion_Strzelc_w_20250913214005,"27,4",0,0,"25,-9",15,False,False,N/A,N/A,N/A,"{'no_mp': True, 'no_fuel': True}"
2025-09-13T22:06:39.436379,NO_MOVEMENT_POINTS,P_Pluton__2_Kompania_Grenadier_w,"27,4",0,0,"26,6",2,False,False,N/A,N/A,N/A,{'no_mp': True}
2025-09-13T22:06:39.437622,NO_FUEL,P_Pluton__2_Kompania_Grenadier_w,"27,4",0,0,"26,6",2,False,False,N/A,N/A,N/A,"{'no_mp': True, 'no_fuel': True}"
2025-09-13T22:06:39.437622,NO_MOVEMENT_POINTS,Z_Pluton__2_Batalion_Wsparcia,"27,4",0,0,"28,5",2,False,False,N/A,N/A,N/A,{'no_mp': True}
2025-09-13T22:06:39.441785,NO_FUEL,Z_Pluton__2_Batalion_Wsparcia,"27,4",0,0,"28,5",2,False,False,N/A,N/A,N/A,"{'no_mp': True, 'no_fuel': True}"
2025-09-13T22:06:39.441785,NO_MOVEMENT_POINTS,P_Pluton__2_Kompania_Grenadier_w_20250913214010,"27,4",0,0,"27,6",2,False,False,N/A,N/A,N/A,{'no_mp': True}
2025-09-13T22:06:39.443796,NO_FUEL,P_Pluton__2_Kompania_Grenadier_w_20250913214010,"27,4",0,0,"27,6",2,False,False,N/A,N/A,N/A,"{'no_mp': True, 'no_fuel': True}"
2025-09-13T22:06:39.446052,INSUFFICIENT_SUPPORT,Z_Pluton__2_Oddzia_Rozpoznawczy,"27,4",N/A,N/A,N/A,N/A,N/A,N/A,0,75,4,"{'enemies_list': [], 'units_found': 0, 'units_needed': 1, 'shortage': 1}"
2025-09-13T22:06:39.447242,NO_MOVEMENT_POINTS,P_Batalion__2_Batalion_Strzelc_w_20250913214005,"24,-7",0,0,"25,-9",2,False,False,N/A,N/A,N/A,{'no_mp': True}
2025-09-13T22:06:39.447242,NO_FUEL,P_Batalion__2_Batalion_Strzelc_w_20250913214005,"24,-7",0,0,"25,-9",2,False,False,N/A,N/A,N/A,"{'no_mp': True, 'no_fuel': True}"
2025-09-13T22:06:39.448253,NO_MOVEMENT_POINTS,P_Pluton__2_Kompania_Grenadier_w,"24,-7",0,0,"26,6",15,False,False,N/A,N/A,N/A,{'no_mp': True}
2025-09-13T22:06:39.449258,NO_FUEL,P_Pluton__2_Kompania_Grenadier_w,"24,-7",0,0,"26,6",15,False,False,N/A,N/A,N/A,"{'no_mp': True, 'no_fuel': True}"
2025-09-13T22:06:39.449258,NO_MOVEMENT_POINTS,Z_Pluton__2_Batalion_Wsparcia,"24,-7",0,0,"28,5",16,False,False,N/A,N/A,N/A,{'no_mp': True}
2025-09-13T22:06:39.449258,NO_FUEL,Z_Pluton__2_Batalion_Wsparcia,"24,-7",0,0,"28,5",16,False,False,N/A,N/A,N/A,"{'no_mp': True, 'no_fuel': True}"
2025-09-13T22:06:39.452772,NO_MOVEMENT_POINTS,P_Pluton__2_Kompania_Grenadier_w_20250913214010,"24,-7",0,0,"27,6",16,False,False,N/A,N/A,N/A,{'no_mp': True}
2025-09-13T22:06:39.452772,NO_FUEL,P_Pluton__2_Kompania_Grenadier_w_20250913214010,"24,-7",0,0,"27,6",16,False,False,N/A,N/A,N/A,"{'no_mp': True, 'no_fuel': True}"
2025-09-13T22:06:39.453782,INSUFFICIENT_SUPPORT,Z_Batalion__2_Kompania_Zaopatrzeniowa,"24,-7",N/A,N/A,N/A,N/A,N/A,N/A,0,50,4,"{'enemies_list': [], 'units_found': 0, 'units_needed': 1, 'shortage': 1}"
2025-09-13T22:06:39.454795,NO_MOVEMENT_POINTS,P_Batalion__2_Batalion_Strzelc_w_20250913214005,"15,-7",0,0,"25,-9",10,False,False,N/A,N/A,N/A,{'no_mp': True}
2025-09-13T22:06:39.458433,NO_FUEL,P_Batalion__2_Batalion_Strzelc_w_20250913214005,"15,-7",0,0,"25,-9",10,False,False,N/A,N/A,N/A,"{'no_mp': True, 'no_fuel': True}"
2025-09-13T22:06:39.460339,NO_MOVEMENT_POINTS,P_Pluton__2_Kompania_Grenadier_w,"15,-7",0,0,"26,6",24,False,False,N/A,N/A,N/A,{'no_mp': True}
2025-09-13T22:06:39.461585,NO_FUEL,P_Pluton__2_Kompania_Grenadier_w,"15,-7",0,0,"26,6",24,False,False,N/A,N/A,N/A,"{'no_mp': True, 'no_fuel': True}"
2025-09-13T22:06:39.462628,NO_MOVEMENT_POINTS,Z_Pluton__2_Batalion_Wsparcia,"15,-7",0,0,"28,5",25,False,False,N/A,N/A,N/A,{'no_mp': True}
2025-09-13T22:06:39.463630,NO_FUEL,Z_Pluton__2_Batalion_Wsparcia,"15,-7",0,0,"28,5",25,False,False,N/A,N/A,N/A,"{'no_mp': True, 'no_fuel': True}"
2025-09-13T22:06:39.463630,NO_MOVEMENT_POINTS,P_Pluton__2_Kompania_Grenadier_w_20250913214010,"15,-7",0,0,"27,6",25,False,False,N/A,N/A,N/A,{'no_mp': True}
2025-09-13T22:06:39.464841,NO_FUEL,P_Pluton__2_Kompania_Grenadier_w_20250913214010,"15,-7",0,0,"27,6",25,False,False,N/A,N/A,N/A,"{'no_mp': True, 'no_fuel': True}"
2025-09-13T22:06:39.466448,INSUFFICIENT_SUPPORT,D_Pluton__2_Dow_dztwo_Einheit,"15,-7",N/A,N/A,N/A,N/A,N/A,N/A,0,100,4,"{'enemies_list': [], 'units_found': 0, 'units_needed': 2, 'shortage': 2}"
2025-09-13T22:06:39.581945,NO_MOVEMENT_POINTS,P_Pluton__5_Infanterie_Regiment,"45,-15",0,0,"36,-15",9,False,False,N/A,N/A,N/A,{'no_mp': True}
2025-09-13T22:06:39.581945,NO_FUEL,P_Pluton__5_Infanterie_Regiment,"45,-15",0,0,"36,-15",9,False,False,N/A,N/A,N/A,"{'no_mp': True, 'no_fuel': True}"
2025-09-13T22:06:39.587538,NO_MOVEMENT_POINTS,P_Kompania__5_Infanterie_Regiment,"45,-15",0,0,"36,-14",9,False,False,N/A,N/A,N/A,{'no_mp': True}
2025-09-13T22:06:39.588773,NO_FUEL,P_Kompania__5_Infanterie_Regiment,"45,-15",0,0,"36,-14",9,False,False,N/A,N/A,N/A,"{'no_mp': True, 'no_fuel': True}"
2025-09-13T22:06:39.591466,NO_MOVEMENT_POINTS,P_Pluton__5_Sch_tzen_Kompanie,"45,-15",0,0,"37,-15",8,False,False,N/A,N/A,N/A,{'no_mp': True}
2025-09-13T22:06:39.595477,NO_FUEL,P_Pluton__5_Sch_tzen_Kompanie,"45,-15",0,0,"37,-15",8,False,False,N/A,N/A,N/A,"{'no_mp': True, 'no_fuel': True}"
2025-09-13T22:06:39.596477,NO_MOVEMENT_POINTS,AC_Kompania__5_schwere_Artillerie,"45,-15",0,0,"36,-16",10,False,False,N/A,N/A,N/A,{'no_mp': True}
2025-09-13T22:06:39.596477,NO_FUEL,AC_Kompania__5_schwere_Artillerie,"45,-15",0,0,"36,-16",10,False,False,N/A,N/A,N/A,"{'no_mp': True, 'no_fuel': True}"
2025-09-13T22:06:39.597852,NO_MOVEMENT_POINTS,AL_Batalion__5_Artillerie_Abteilung,"45,-15",0,0,"37,-17",10,False,False,N/A,N/A,N/A,{'no_mp': True}
2025-09-13T22:06:39.598929,NO_FUEL,AL_Batalion__5_Artillerie_Abteilung,"45,-15",0,0,"37,-17",10,False,False,N/A,N/A,N/A,"{'no_mp': True, 'no_fuel': True}"
2025-09-13T22:06:39.598929,INSUFFICIENT_SUPPORT,Z_Kompania__5_Unterst_tzungs_Bataillon,"45,-15",N/A,N/A,N/A,N/A,N/A,N/A,0,100,5,"{'enemies_list': [], 'units_found': 0, 'units_needed': 2, 'shortage': 2}"
2025-09-13T22:06:39.601339,NO_MOVEMENT_POINTS,P_Pluton__5_Infanterie_Regiment,"43,-14",0,0,"36,-15",8,False,False,N/A,N/A,N/A,{'no_mp': True}
2025-09-13T22:06:39.602671,NO_FUEL,P_Pluton__5_Infanterie_Regiment,"43,-14",0,0,"36,-15",8,False,False,N/A,N/A,N/A,"{'no_mp': True, 'no_fuel': True}"
2025-09-13T22:06:39.603669,NO_MOVEMENT_POINTS,P_Kompania__5_Infanterie_Regiment,"43,-14",0,0,"36,-14",7,False,False,N/A,N/A,N/A,{'no_mp': True}
2025-09-13T22:06:39.604748,NO_FUEL,P_Kompania__5_Infanterie_Regiment,"43,-14",0,0,"36,-14",7,False,False,N/A,N/A,N/A,"{'no_mp': True, 'no_fuel': True}"
2025-09-13T22:06:39.605778,NO_MOVEMENT_POINTS,P_Pluton__5_Sch_tzen_Kompanie,"43,-14",0,0,"37,-15",7,False,False,N/A,N/A,N/A,{'no_mp': True}
2025-09-13T22:06:39.609294,NO_FUEL,P_Pluton__5_Sch_tzen_Kompanie,"43,-14",0,0,"37,-15",7,False,False,N/A,N/A,N/A,"{'no_mp': True, 'no_fuel': True}"
2025-09-13T22:06:39.610310,NO_MOVEMENT_POINTS,AC_Kompania__5_schwere_Artillerie,"43,-14",0,0,"36,-16",9,False,False,N/A,N/A,N/A,{'no_mp': True}
2025-09-13T22:06:39.611527,NO_FUEL,AC_Kompania__5_schwere_Artillerie,"43,-14",0,0,"36,-16",9,False,False,N/A,N/A,N/A,"{'no_mp': True, 'no_fuel': True}"
2025-09-13T22:06:39.611527,NO_MOVEMENT_POINTS,AL_Batalion__5_Artillerie_Abteilung,"43,-14",0,0,"37,-17",9,False,False,N/A,N/A,N/A,{'no_mp': True}
2025-09-13T22:06:39.612887,NO_FUEL,AL_Batalion__5_Artillerie_Abteilung,"43,-14",0,0,"37,-17",9,False,False,N/A,N/A,N/A,"{'no_mp': True, 'no_fuel': True}"
2025-09-13T22:06:39.614135,INSUFFICIENT_SUPPORT,Z_Pluton__5_Versorgungs_Kompanie,"43,-14",N/A,N/A,N/A,N/A,N/A,N/A,0,150,5,"{'enemies_list': [], 'units_found': 0, 'units_needed': 2, 'shortage': 2}"
2025-09-13T22:06:39.615148,NO_MOVEMENT_POINTS,P_Pluton__5_Infanterie_Regiment,"42,-14",0,0,"36,-15",7,False,False,N/A,N/A,N/A,{'no_mp': True}
2025-09-13T22:06:39.616301,NO_FUEL,P_Pluton__5_Infanterie_Regiment,"42,-14",0,0,"36,-15",7,False,False,N/A,N/A,N/A,"{'no_mp': True, 'no_fuel': True}"
2025-09-13T22:06:39.617579,NO_MOVEMENT_POINTS,P_Kompania__5_Infanterie_Regiment,"42,-14",0,0,"36,-14",6,False,False,N/A,N/A,N/A,{'no_mp': True}
2025-09-13T22:06:39.617579,NO_FUEL,P_Kompania__5_Infanterie_Regiment,"42,-14",0,0,"36,-14",6,False,False,N/A,N/A,N/A,"{'no_mp': True, 'no_fuel': True}"
2025-09-13T22:06:39.618585,NO_MOVEMENT_POINTS,P_Pluton__5_Sch_tzen_Kompanie,"42,-14",0,0,"37,-15",6,False,False,N/A,N/A,N/A,{'no_mp': True}
2025-09-13T22:06:39.619589,NO_FUEL,P_Pluton__5_Sch_tzen_Kompanie,"42,-14",0,0,"37,-15",6,False,False,N/A,N/A,N/A,"{'no_mp': True, 'no_fuel': True}"
2025-09-13T22:06:39.620767,NO_MOVEMENT_POINTS,AC_Kompania__5_schwere_Artillerie,"42,-14",0,0,"36,-16",8,False,False,N/A,N/A,N/A,{'no_mp': True}
2025-09-13T22:06:39.622021,NO_FUEL,AC_Kompania__5_schwere_Artillerie,"42,-14",0,0,"36,-16",8,False,False,N/A,N/A,N/A,"{'no_mp': True, 'no_fuel': True}"
2025-09-13T22:06:39.625232,NO_MOVEMENT_POINTS,AL_Batalion__5_Artillerie_Abteilung,"42,-14",0,0,"37,-17",8,False,False,N/A,N/A,N/A,{'no_mp': True}
2025-09-13T22:06:39.626231,NO_FUEL,AL_Batalion__5_Artillerie_Abteilung,"42,-14",0,0,"37,-17",8,False,False,N/A,N/A,N/A,"{'no_mp': True, 'no_fuel': True}"
2025-09-13T22:06:39.628363,INSUFFICIENT_SUPPORT,Z_Pluton__5_Unterst_tzungs_Bataillon,"42,-14",N/A,N/A,N/A,N/A,N/A,N/A,0,150,5,"{'enemies_list': [], 'units_found': 0, 'units_needed': 2, 'shortage': 2}"
2025-09-13T22:06:39.628363,NO_MOVEMENT_POINTS,P_Pluton__5_Infanterie_Regiment,"52,-13",0,0,"36,-15",18,False,False,N/A,N/A,N/A,{'no_mp': True}
2025-09-13T22:06:39.629594,NO_FUEL,P_Pluton__5_Infanterie_Regiment,"52,-13",0,0,"36,-15",18,False,False,N/A,N/A,N/A,"{'no_mp': True, 'no_fuel': True}"
2025-09-13T22:06:39.630602,NO_MOVEMENT_POINTS,P_Kompania__5_Infanterie_Regiment,"52,-13",0,0,"36,-14",17,False,False,N/A,N/A,N/A,{'no_mp': True}
2025-09-13T22:06:39.631689,NO_FUEL,P_Kompania__5_Infanterie_Regiment,"52,-13",0,0,"36,-14",17,False,False,N/A,N/A,N/A,"{'no_mp': True, 'no_fuel': True}"
2025-09-13T22:06:39.631689,NO_MOVEMENT_POINTS,P_Pluton__5_Sch_tzen_Kompanie,"52,-13",0,0,"37,-15",17,False,False,N/A,N/A,N/A,{'no_mp': True}
2025-09-13T22:06:39.634018,NO_FUEL,P_Pluton__5_Sch_tzen_Kompanie,"52,-13",0,0,"37,-15",17,False,False,N/A,N/A,N/A,"{'no_mp': True, 'no_fuel': True}"
2025-09-13T22:06:39.635030,NO_MOVEMENT_POINTS,AC_Kompania__5_schwere_Artillerie,"52,-13",0,0,"36,-16",19,False,False,N/A,N/A,N/A,{'no_mp': True}
2025-09-13T22:06:39.635030,NO_FUEL,AC_Kompania__5_schwere_Artillerie,"52,-13",0,0,"36,-16",19,False,False,N/A,N/A,N/A,"{'no_mp': True, 'no_fuel': True}"
2025-09-13T22:06:39.636034,NO_MOVEMENT_POINTS,AL_Batalion__5_Artillerie_Abteilung,"52,-13",0,0,"37,-17",19,False,False,N/A,N/A,N/A,{'no_mp': True}
2025-09-13T22:06:39.637066,NO_FUEL,AL_Batalion__5_Artillerie_Abteilung,"52,-13",0,0,"37,-17",19,False,False,N/A,N/A,N/A,"{'no_mp': True, 'no_fuel': True}"
2025-09-13T22:06:39.638252,INSUFFICIENT_SUPPORT,Z_Pluton__5_Unterst_tzungs_Bataillon_20250913214038,"52,-13",N/A,N/A,N/A,N/A,N/A,N/A,0,100,5,"{'enemies_list': [], 'units_found': 0, 'units_needed': 2, 'shortage': 2}"
2025-09-13T22:06:39.833302,NO_MOVEMENT_POINTS,P_Batalion__2_Batalion_Strzelc_w_20250913214005,"28,3",0,0,"25,-9",15,False,False,N/A,N/A,N/A,{'no_mp': True}
2025-09-13T22:06:39.834765,NO_FUEL,P_Batalion__2_Batalion_Strzelc_w_20250913214005,"28,3",0,0,"25,-9",15,False,False,N/A,N/A,N/A,"{'no_mp': True, 'no_fuel': True}"
2025-09-13T22:06:39.835776,NO_MOVEMENT_POINTS,P_Pluton__2_Kompania_Grenadier_w,"28,3",0,0,"26,6",3,False,False,N/A,N/A,N/A,{'no_mp': True}
2025-09-13T22:06:39.835776,NO_FUEL,P_Pluton__2_Kompania_Grenadier_w,"28,3",0,0,"26,6",3,False,False,N/A,N/A,N/A,"{'no_mp': True, 'no_fuel': True}"
2025-09-13T22:06:39.836781,NO_MOVEMENT_POINTS,Z_Pluton__2_Batalion_Wsparcia,"28,3",0,0,"28,5",2,False,False,N/A,N/A,N/A,{'no_mp': True}
2025-09-13T22:06:39.837803,NO_FUEL,Z_Pluton__2_Batalion_Wsparcia,"28,3",0,0,"28,5",2,False,False,N/A,N/A,N/A,"{'no_mp': True, 'no_fuel': True}"
2025-09-13T22:06:39.841274,NO_MOVEMENT_POINTS,P_Pluton__2_Kompania_Grenadier_w_20250913214010,"28,3",0,0,"27,6",3,False,False,N/A,N/A,N/A,{'no_mp': True}
2025-09-13T22:06:39.843257,NO_FUEL,P_Pluton__2_Kompania_Grenadier_w_20250913214010,"28,3",0,0,"27,6",3,False,False,N/A,N/A,N/A,"{'no_mp': True, 'no_fuel': True}"
2025-09-13T22:06:39.844262,INSUFFICIENT_SUPPORT,P_Kompania__2_Pu_k_Piechoty,"28,3",N/A,N/A,N/A,N/A,N/A,N/A,0,75,4,"{'enemies_list': [], 'units_found': 0, 'units_needed': 1, 'shortage': 1}"
2025-09-13T22:06:39.845265,NO_MOVEMENT_POINTS,P_Batalion__2_Batalion_Strzelc_w_20250913214005,"27,4",0,0,"25,-9",15,False,False,N/A,N/A,N/A,{'no_mp': True}
2025-09-13T22:06:39.846437,NO_FUEL,P_Batalion__2_Batalion_Strzelc_w_20250913214005,"27,4",0,0,"25,-9",15,False,False,N/A,N/A,N/A,"{'no_mp': True, 'no_fuel': True}"
2025-09-13T22:06:39.847577,NO_MOVEMENT_POINTS,P_Pluton__2_Kompania_Grenadier_w,"27,4",0,0,"26,6",2,False,False,N/A,N/A,N/A,{'no_mp': True}
2025-09-13T22:06:39.847577,NO_FUEL,P_Pluton__2_Kompania_Grenadier_w,"27,4",0,0,"26,6",2,False,False,N/A,N/A,N/A,"{'no_mp': True, 'no_fuel': True}"
2025-09-13T22:06:39.849164,NO_MOVEMENT_POINTS,Z_Pluton__2_Batalion_Wsparcia,"27,4",0,0,"28,5",2,False,False,N/A,N/A,N/A,{'no_mp': True}
2025-09-13T22:06:39.849691,NO_FUEL,Z_Pluton__2_Batalion_Wsparcia,"27,4",0,0,"28,5",2,False,False,N/A,N/A,N/A,"{'no_mp': True, 'no_fuel': True}"
2025-09-13T22:06:39.849691,NO_MOVEMENT_POINTS,P_Pluton__2_Kompania_Grenadier_w_20250913214010,"27,4",0,0,"27,6",2,False,False,N/A,N/A,N/A,{'no_mp': True}
2025-09-13T22:06:39.849691,NO_FUEL,P_Pluton__2_Kompania_Grenadier_w_20250913214010,"27,4",0,0,"27,6",2,False,False,N/A,N/A,N/A,"{'no_mp': True, 'no_fuel': True}"
2025-09-13T22:06:39.849691,INSUFFICIENT_SUPPORT,Z_Pluton__2_Oddzia_Rozpoznawczy,"27,4",N/A,N/A,N/A,N/A,N/A,N/A,0,75,4,"{'enemies_list': [], 'units_found': 0, 'units_needed': 1, 'shortage': 1}"
2025-09-13T22:06:39.849691,NO_MOVEMENT_POINTS,P_Batalion__2_Batalion_Strzelc_w_20250913214005,"24,-7",0,0,"25,-9",2,False,False,N/A,N/A,N/A,{'no_mp': True}
2025-09-13T22:06:39.849691,NO_FUEL,P_Batalion__2_Batalion_Strzelc_w_20250913214005,"24,-7",0,0,"25,-9",2,False,False,N/A,N/A,N/A,"{'no_mp': True, 'no_fuel': True}"
2025-09-13T22:06:39.858418,NO_MOVEMENT_POINTS,P_Pluton__2_Kompania_Grenadier_w,"24,-7",0,0,"26,6",15,False,False,N/A,N/A,N/A,{'no_mp': True}
2025-09-13T22:06:39.859746,NO_FUEL,P_Pluton__2_Kompania_Grenadier_w,"24,-7",0,0,"26,6",15,False,False,N/A,N/A,N/A,"{'no_mp': True, 'no_fuel': True}"
2025-09-13T22:06:39.861734,NO_MOVEMENT_POINTS,Z_Pluton__2_Batalion_Wsparcia,"24,-7",0,0,"28,5",16,False,False,N/A,N/A,N/A,{'no_mp': True}
2025-09-13T22:06:39.861734,NO_FUEL,Z_Pluton__2_Batalion_Wsparcia,"24,-7",0,0,"28,5",16,False,False,N/A,N/A,N/A,"{'no_mp': True, 'no_fuel': True}"
2025-09-13T22:06:39.862748,NO_MOVEMENT_POINTS,P_Pluton__2_Kompania_Grenadier_w_20250913214010,"24,-7",0,0,"27,6",16,False,False,N/A,N/A,N/A,{'no_mp': True}
2025-09-13T22:06:39.864079,NO_FUEL,P_Pluton__2_Kompania_Grenadier_w_20250913214010,"24,-7",0,0,"27,6",16,False,False,N/A,N/A,N/A,"{'no_mp': True, 'no_fuel': True}"
2025-09-13T22:06:39.864079,INSUFFICIENT_SUPPORT,Z_Batalion__2_Kompania_Zaopatrzeniowa,"24,-7",N/A,N/A,N/A,N/A,N/A,N/A,0,50,4,"{'enemies_list': [], 'units_found': 0, 'units_needed': 1, 'shortage': 1}"
2025-09-13T22:06:39.865428,NO_MOVEMENT_POINTS,P_Batalion__2_Batalion_Strzelc_w_20250913214005,"15,-7",0,0,"25,-9",10,False,False,N/A,N/A,N/A,{'no_mp': True}
2025-09-13T22:06:39.867063,NO_FUEL,P_Batalion__2_Batalion_Strzelc_w_20250913214005,"15,-7",0,0,"25,-9",10,False,False,N/A,N/A,N/A,"{'no_mp': True, 'no_fuel': True}"
2025-09-13T22:06:39.868393,NO_MOVEMENT_POINTS,P_Pluton__2_Kompania_Grenadier_w,"15,-7",0,0,"26,6",24,False,False,N/A,N/A,N/A,{'no_mp': True}
2025-09-13T22:06:39.869436,NO_FUEL,P_Pluton__2_Kompania_Grenadier_w,"15,-7",0,0,"26,6",24,False,False,N/A,N/A,N/A,"{'no_mp': True, 'no_fuel': True}"
2025-09-13T22:06:39.870432,NO_MOVEMENT_POINTS,Z_Pluton__2_Batalion_Wsparcia,"15,-7",0,0,"28,5",25,False,False,N/A,N/A,N/A,{'no_mp': True}
2025-09-13T22:06:39.871903,NO_FUEL,Z_Pluton__2_Batalion_Wsparcia,"15,-7",0,0,"28,5",25,False,False,N/A,N/A,N/A,"{'no_mp': True, 'no_fuel': True}"
2025-09-13T22:06:39.875107,NO_MOVEMENT_POINTS,P_Pluton__2_Kompania_Grenadier_w_20250913214010,"15,-7",0,0,"27,6",25,False,False,N/A,N/A,N/A,{'no_mp': True}
2025-09-13T22:06:39.877108,NO_FUEL,P_Pluton__2_Kompania_Grenadier_w_20250913214010,"15,-7",0,0,"27,6",25,False,False,N/A,N/A,N/A,"{'no_mp': True, 'no_fuel': True}"
2025-09-13T22:06:39.878132,INSUFFICIENT_SUPPORT,D_Pluton__2_Dow_dztwo_Einheit,"15,-7",N/A,N/A,N/A,N/A,N/A,N/A,0,100,4,"{'enemies_list': [], 'units_found': 0, 'units_needed': 2, 'shortage': 2}"
2025-09-13T22:06:39.997247,NO_MOVEMENT_POINTS,P_Pluton__5_Infanterie_Regiment,"45,-15",0,0,"36,-15",9,False,False,N/A,N/A,N/A,{'no_mp': True}
2025-09-13T22:06:39.998321,NO_FUEL,P_Pluton__5_Infanterie_Regiment,"45,-15",0,0,"36,-15",9,False,False,N/A,N/A,N/A,"{'no_mp': True, 'no_fuel': True}"
2025-09-13T22:06:39.998321,NO_MOVEMENT_POINTS,P_Kompania__5_Infanterie_Regiment,"45,-15",0,0,"36,-14",9,False,False,N/A,N/A,N/A,{'no_mp': True}
2025-09-13T22:06:39.998321,NO_FUEL,P_Kompania__5_Infanterie_Regiment,"45,-15",0,0,"36,-14",9,False,False,N/A,N/A,N/A,"{'no_mp': True, 'no_fuel': True}"
2025-09-13T22:06:39.998321,NO_MOVEMENT_POINTS,P_Pluton__5_Sch_tzen_Kompanie,"45,-15",0,0,"37,-15",8,False,False,N/A,N/A,N/A,{'no_mp': True}
2025-09-13T22:06:39.998321,NO_FUEL,P_Pluton__5_Sch_tzen_Kompanie,"45,-15",0,0,"37,-15",8,False,False,N/A,N/A,N/A,"{'no_mp': True, 'no_fuel': True}"
2025-09-13T22:06:39.998321,NO_MOVEMENT_POINTS,AC_Kompania__5_schwere_Artillerie,"45,-15",0,0,"36,-16",10,False,False,N/A,N/A,N/A,{'no_mp': True}
2025-09-13T22:06:39.998321,NO_FUEL,AC_Kompania__5_schwere_Artillerie,"45,-15",0,0,"36,-16",10,False,False,N/A,N/A,N/A,"{'no_mp': True, 'no_fuel': True}"
2025-09-13T22:06:40.004454,NO_MOVEMENT_POINTS,AL_Batalion__5_Artillerie_Abteilung,"45,-15",0,0,"37,-17",10,False,False,N/A,N/A,N/A,{'no_mp': True}
2025-09-13T22:06:40.005465,NO_FUEL,AL_Batalion__5_Artillerie_Abteilung,"45,-15",0,0,"37,-17",10,False,False,N/A,N/A,N/A,"{'no_mp': True, 'no_fuel': True}"
2025-09-13T22:06:40.009567,INSUFFICIENT_SUPPORT,Z_Kompania__5_Unterst_tzungs_Bataillon,"45,-15",N/A,N/A,N/A,N/A,N/A,N/A,0,100,5,"{'enemies_list': [], 'units_found': 0, 'units_needed': 2, 'shortage': 2}"
2025-09-13T22:06:40.013219,NO_MOVEMENT_POINTS,P_Pluton__5_Infanterie_Regiment,"43,-14",0,0,"36,-15",8,False,False,N/A,N/A,N/A,{'no_mp': True}
2025-09-13T22:06:40.013219,NO_FUEL,P_Pluton__5_Infanterie_Regiment,"43,-14",0,0,"36,-15",8,False,False,N/A,N/A,N/A,"{'no_mp': True, 'no_fuel': True}"
2025-09-13T22:06:40.014951,NO_MOVEMENT_POINTS,P_Kompania__5_Infanterie_Regiment,"43,-14",0,0,"36,-14",7,False,False,N/A,N/A,N/A,{'no_mp': True}
2025-09-13T22:06:40.015356,NO_FUEL,P_Kompania__5_Infanterie_Regiment,"43,-14",0,0,"36,-14",7,False,False,N/A,N/A,N/A,"{'no_mp': True, 'no_fuel': True}"
2025-09-13T22:06:40.016385,NO_MOVEMENT_POINTS,P_Pluton__5_Sch_tzen_Kompanie,"43,-14",0,0,"37,-15",7,False,False,N/A,N/A,N/A,{'no_mp': True}
2025-09-13T22:06:40.017618,NO_FUEL,P_Pluton__5_Sch_tzen_Kompanie,"43,-14",0,0,"37,-15",7,False,False,N/A,N/A,N/A,"{'no_mp': True, 'no_fuel': True}"
2025-09-13T22:06:40.017618,NO_MOVEMENT_POINTS,AC_Kompania__5_schwere_Artillerie,"43,-14",0,0,"36,-16",9,False,False,N/A,N/A,N/A,{'no_mp': True}
2025-09-13T22:06:40.017618,NO_FUEL,AC_Kompania__5_schwere_Artillerie,"43,-14",0,0,"36,-16",9,False,False,N/A,N/A,N/A,"{'no_mp': True, 'no_fuel': True}"
2025-09-13T22:06:40.017618,NO_MOVEMENT_POINTS,AL_Batalion__5_Artillerie_Abteilung,"43,-14",0,0,"37,-17",9,False,False,N/A,N/A,N/A,{'no_mp': True}
2025-09-13T22:06:40.017618,NO_FUEL,AL_Batalion__5_Artillerie_Abteilung,"43,-14",0,0,"37,-17",9,False,False,N/A,N/A,N/A,"{'no_mp': True, 'no_fuel': True}"
2025-09-13T22:06:40.022636,INSUFFICIENT_SUPPORT,Z_Pluton__5_Versorgungs_Kompanie,"43,-14",N/A,N/A,N/A,N/A,N/A,N/A,0,150,5,"{'enemies_list': [], 'units_found': 0, 'units_needed': 2, 'shortage': 2}"
2025-09-13T22:06:40.025623,NO_MOVEMENT_POINTS,P_Pluton__5_Infanterie_Regiment,"42,-14",0,0,"36,-15",7,False,False,N/A,N/A,N/A,{'no_mp': True}
2025-09-13T22:06:40.028567,NO_FUEL,P_Pluton__5_Infanterie_Regiment,"42,-14",0,0,"36,-15",7,False,False,N/A,N/A,N/A,"{'no_mp': True, 'no_fuel': True}"
2025-09-13T22:06:40.028567,NO_MOVEMENT_POINTS,P_Kompania__5_Infanterie_Regiment,"42,-14",0,0,"36,-14",6,False,False,N/A,N/A,N/A,{'no_mp': True}
2025-09-13T22:06:40.029578,NO_FUEL,P_Kompania__5_Infanterie_Regiment,"42,-14",0,0,"36,-14",6,False,False,N/A,N/A,N/A,"{'no_mp': True, 'no_fuel': True}"
2025-09-13T22:06:40.030642,NO_MOVEMENT_POINTS,P_Pluton__5_Sch_tzen_Kompanie,"42,-14",0,0,"37,-15",6,False,False,N/A,N/A,N/A,{'no_mp': True}
2025-09-13T22:06:40.031766,NO_FUEL,P_Pluton__5_Sch_tzen_Kompanie,"42,-14",0,0,"37,-15",6,False,False,N/A,N/A,N/A,"{'no_mp': True, 'no_fuel': True}"
2025-09-13T22:06:40.031766,NO_MOVEMENT_POINTS,AC_Kompania__5_schwere_Artillerie,"42,-14",0,0,"36,-16",8,False,False,N/A,N/A,N/A,{'no_mp': True}
2025-09-13T22:06:40.032969,NO_FUEL,AC_Kompania__5_schwere_Artillerie,"42,-14",0,0,"36,-16",8,False,False,N/A,N/A,N/A,"{'no_mp': True, 'no_fuel': True}"
2025-09-13T22:06:40.034146,NO_MOVEMENT_POINTS,AL_Batalion__5_Artillerie_Abteilung,"42,-14",0,0,"37,-17",8,False,False,N/A,N/A,N/A,{'no_mp': True}
2025-09-13T22:06:40.035433,NO_FUEL,AL_Batalion__5_Artillerie_Abteilung,"42,-14",0,0,"37,-17",8,False,False,N/A,N/A,N/A,"{'no_mp': True, 'no_fuel': True}"
2025-09-13T22:06:40.035433,INSUFFICIENT_SUPPORT,Z_Pluton__5_Unterst_tzungs_Bataillon,"42,-14",N/A,N/A,N/A,N/A,N/A,N/A,0,150,5,"{'enemies_list': [], 'units_found': 0, 'units_needed': 2, 'shortage': 2}"
2025-09-13T22:06:40.036814,NO_MOVEMENT_POINTS,P_Pluton__5_Infanterie_Regiment,"52,-13",0,0,"36,-15",18,False,False,N/A,N/A,N/A,{'no_mp': True}
2025-09-13T22:06:40.037835,NO_FUEL,P_Pluton__5_Infanterie_Regiment,"52,-13",0,0,"36,-15",18,False,False,N/A,N/A,N/A,"{'no_mp': True, 'no_fuel': True}"
2025-09-13T22:06:40.039168,NO_MOVEMENT_POINTS,P_Kompania__5_Infanterie_Regiment,"52,-13",0,0,"36,-14",17,False,False,N/A,N/A,N/A,{'no_mp': True}
2025-09-13T22:06:40.042189,NO_FUEL,P_Kompania__5_Infanterie_Regiment,"52,-13",0,0,"36,-14",17,False,False,N/A,N/A,N/A,"{'no_mp': True, 'no_fuel': True}"
2025-09-13T22:06:40.044306,NO_MOVEMENT_POINTS,P_Pluton__5_Sch_tzen_Kompanie,"52,-13",0,0,"37,-15",17,False,False,N/A,N/A,N/A,{'no_mp': True}
2025-09-13T22:06:40.045310,NO_FUEL,P_Pluton__5_Sch_tzen_Kompanie,"52,-13",0,0,"37,-15",17,False,False,N/A,N/A,N/A,"{'no_mp': True, 'no_fuel': True}"
2025-09-13T22:06:40.045310,NO_MOVEMENT_POINTS,AC_Kompania__5_schwere_Artillerie,"52,-13",0,0,"36,-16",19,False,False,N/A,N/A,N/A,{'no_mp': True}
2025-09-13T22:06:40.046513,NO_FUEL,AC_Kompania__5_schwere_Artillerie,"52,-13",0,0,"36,-16",19,False,False,N/A,N/A,N/A,"{'no_mp': True, 'no_fuel': True}"
2025-09-13T22:06:40.047685,NO_MOVEMENT_POINTS,AL_Batalion__5_Artillerie_Abteilung,"52,-13",0,0,"37,-17",19,False,False,N/A,N/A,N/A,{'no_mp': True}
2025-09-13T22:06:40.047685,NO_FUEL,AL_Batalion__5_Artillerie_Abteilung,"52,-13",0,0,"37,-17",19,False,False,N/A,N/A,N/A,"{'no_mp': True, 'no_fuel': True}"
2025-09-13T22:06:40.048981,INSUFFICIENT_SUPPORT,Z_Pluton__5_Unterst_tzungs_Bataillon_20250913214038,"52,-13",N/A,N/A,N/A,N/A,N/A,N/A,0,100,5,"{'enemies_list': [], 'units_found': 0, 'units_needed': 2, 'shortage': 2}"
2025-09-13T22:06:40.243900,NO_MOVEMENT_POINTS,P_Batalion__2_Batalion_Strzelc_w_20250913214005,"28,3",0,0,"25,-9",15,False,False,N/A,N/A,N/A,{'no_mp': True}
2025-09-13T22:06:40.245172,NO_FUEL,P_Batalion__2_Batalion_Strzelc_w_20250913214005,"28,3",0,0,"25,-9",15,False,False,N/A,N/A,N/A,"{'no_mp': True, 'no_fuel': True}"
2025-09-13T22:06:40.245172,NO_MOVEMENT_POINTS,P_Pluton__2_Kompania_Grenadier_w,"28,3",0,0,"26,6",3,False,False,N/A,N/A,N/A,{'no_mp': True}
2025-09-13T22:06:40.246439,NO_FUEL,P_Pluton__2_Kompania_Grenadier_w,"28,3",0,0,"26,6",3,False,False,N/A,N/A,N/A,"{'no_mp': True, 'no_fuel': True}"
2025-09-13T22:06:40.247715,NO_MOVEMENT_POINTS,Z_Pluton__2_Batalion_Wsparcia,"28,3",0,0,"28,5",2,False,False,N/A,N/A,N/A,{'no_mp': True}
2025-09-13T22:06:40.248586,NO_FUEL,Z_Pluton__2_Batalion_Wsparcia,"28,3",0,0,"28,5",2,False,False,N/A,N/A,N/A,"{'no_mp': True, 'no_fuel': True}"
2025-09-13T22:06:40.248586,NO_MOVEMENT_POINTS,P_Pluton__2_Kompania_Grenadier_w_20250913214010,"28,3",0,0,"27,6",3,False,False,N/A,N/A,N/A,{'no_mp': True}
2025-09-13T22:06:40.248586,NO_FUEL,P_Pluton__2_Kompania_Grenadier_w_20250913214010,"28,3",0,0,"27,6",3,False,False,N/A,N/A,N/A,"{'no_mp': True, 'no_fuel': True}"
2025-09-13T22:06:40.248586,INSUFFICIENT_SUPPORT,P_Kompania__2_Pu_k_Piechoty,"28,3",N/A,N/A,N/A,N/A,N/A,N/A,0,75,4,"{'enemies_list': [], 'units_found': 0, 'units_needed': 1, 'shortage': 1}"
2025-09-13T22:06:40.248586,NO_MOVEMENT_POINTS,P_Batalion__2_Batalion_Strzelc_w_20250913214005,"27,4",0,0,"25,-9",15,False,False,N/A,N/A,N/A,{'no_mp': True}
2025-09-13T22:06:40.248586,NO_FUEL,P_Batalion__2_Batalion_Strzelc_w_20250913214005,"27,4",0,0,"25,-9",15,False,False,N/A,N/A,N/A,"{'no_mp': True, 'no_fuel': True}"
2025-09-13T22:06:40.248586,NO_MOVEMENT_POINTS,P_Pluton__2_Kompania_Grenadier_w,"27,4",0,0,"26,6",2,False,False,N/A,N/A,N/A,{'no_mp': True}
2025-09-13T22:06:40.254934,NO_FUEL,P_Pluton__2_Kompania_Grenadier_w,"27,4",0,0,"26,6",2,False,False,N/A,N/A,N/A,"{'no_mp': True, 'no_fuel': True}"
2025-09-13T22:06:40.256651,NO_MOVEMENT_POINTS,Z_Pluton__2_Batalion_Wsparcia,"27,4",0,0,"28,5",2,False,False,N/A,N/A,N/A,{'no_mp': True}
2025-09-13T22:06:40.260367,NO_FUEL,Z_Pluton__2_Batalion_Wsparcia,"27,4",0,0,"28,5",2,False,False,N/A,N/A,N/A,"{'no_mp': True, 'no_fuel': True}"
2025-09-13T22:06:40.261434,NO_MOVEMENT_POINTS,P_Pluton__2_Kompania_Grenadier_w_20250913214010,"27,4",0,0,"27,6",2,False,False,N/A,N/A,N/A,{'no_mp': True}
2025-09-13T22:06:40.262432,NO_FUEL,P_Pluton__2_Kompania_Grenadier_w_20250913214010,"27,4",0,0,"27,6",2,False,False,N/A,N/A,N/A,"{'no_mp': True, 'no_fuel': True}"
2025-09-13T22:06:40.263586,INSUFFICIENT_SUPPORT,Z_Pluton__2_Oddzia_Rozpoznawczy,"27,4",N/A,N/A,N/A,N/A,N/A,N/A,0,75,4,"{'enemies_list': [], 'units_found': 0, 'units_needed': 1, 'shortage': 1}"
2025-09-13T22:06:40.264632,NO_MOVEMENT_POINTS,P_Batalion__2_Batalion_Strzelc_w_20250913214005,"24,-7",0,0,"25,-9",2,False,False,N/A,N/A,N/A,{'no_mp': True}
2025-09-13T22:06:40.265673,NO_FUEL,P_Batalion__2_Batalion_Strzelc_w_20250913214005,"24,-7",0,0,"25,-9",2,False,False,N/A,N/A,N/A,"{'no_mp': True, 'no_fuel': True}"
2025-09-13T22:06:40.265673,NO_MOVEMENT_POINTS,P_Pluton__2_Kompania_Grenadier_w,"24,-7",0,0,"26,6",15,False,False,N/A,N/A,N/A,{'no_mp': True}
2025-09-13T22:06:40.267906,NO_FUEL,P_Pluton__2_Kompania_Grenadier_w,"24,-7",0,0,"26,6",15,False,False,N/A,N/A,N/A,"{'no_mp': True, 'no_fuel': True}"
2025-09-13T22:06:40.267906,NO_MOVEMENT_POINTS,Z_Pluton__2_Batalion_Wsparcia,"24,-7",0,0,"28,5",16,False,False,N/A,N/A,N/A,{'no_mp': True}
2025-09-13T22:06:40.268915,NO_FUEL,Z_Pluton__2_Batalion_Wsparcia,"24,-7",0,0,"28,5",16,False,False,N/A,N/A,N/A,"{'no_mp': True, 'no_fuel': True}"
2025-09-13T22:06:40.269963,NO_MOVEMENT_POINTS,P_Pluton__2_Kompania_Grenadier_w_20250913214010,"24,-7",0,0,"27,6",16,False,False,N/A,N/A,N/A,{'no_mp': True}
2025-09-13T22:06:40.271229,NO_FUEL,P_Pluton__2_Kompania_Grenadier_w_20250913214010,"24,-7",0,0,"27,6",16,False,False,N/A,N/A,N/A,"{'no_mp': True, 'no_fuel': True}"
2025-09-13T22:06:40.271229,INSUFFICIENT_SUPPORT,Z_Batalion__2_Kompania_Zaopatrzeniowa,"24,-7",N/A,N/A,N/A,N/A,N/A,N/A,0,50,4,"{'enemies_list': [], 'units_found': 0, 'units_needed': 1, 'shortage': 1}"
2025-09-13T22:06:40.275037,NO_MOVEMENT_POINTS,P_Batalion__2_Batalion_Strzelc_w_20250913214005,"15,-7",0,0,"25,-9",10,False,False,N/A,N/A,N/A,{'no_mp': True}
2025-09-13T22:06:40.277056,NO_FUEL,P_Batalion__2_Batalion_Strzelc_w_20250913214005,"15,-7",0,0,"25,-9",10,False,False,N/A,N/A,N/A,"{'no_mp': True, 'no_fuel': True}"
2025-09-13T22:06:40.278725,NO_MOVEMENT_POINTS,P_Pluton__2_Kompania_Grenadier_w,"15,-7",0,0,"26,6",24,False,False,N/A,N/A,N/A,{'no_mp': True}
2025-09-13T22:06:40.279239,NO_FUEL,P_Pluton__2_Kompania_Grenadier_w,"15,-7",0,0,"26,6",24,False,False,N/A,N/A,N/A,"{'no_mp': True, 'no_fuel': True}"
2025-09-13T22:06:40.280498,NO_MOVEMENT_POINTS,Z_Pluton__2_Batalion_Wsparcia,"15,-7",0,0,"28,5",25,False,False,N/A,N/A,N/A,{'no_mp': True}
2025-09-13T22:06:40.281637,NO_FUEL,Z_Pluton__2_Batalion_Wsparcia,"15,-7",0,0,"28,5",25,False,False,N/A,N/A,N/A,"{'no_mp': True, 'no_fuel': True}"
2025-09-13T22:06:40.281637,NO_MOVEMENT_POINTS,P_Pluton__2_Kompania_Grenadier_w_20250913214010,"15,-7",0,0,"27,6",25,False,False,N/A,N/A,N/A,{'no_mp': True}
2025-09-13T22:06:40.282643,NO_FUEL,P_Pluton__2_Kompania_Grenadier_w_20250913214010,"15,-7",0,0,"27,6",25,False,False,N/A,N/A,N/A,"{'no_mp': True, 'no_fuel': True}"
2025-09-13T22:06:40.283677,INSUFFICIENT_SUPPORT,D_Pluton__2_Dow_dztwo_Einheit,"15,-7",N/A,N/A,N/A,N/A,N/A,N/A,0,100,4,"{'enemies_list': [], 'units_found': 0, 'units_needed': 2, 'shortage': 2}"
2025-09-13T22:06:40.409756,NO_MOVEMENT_POINTS,P_Pluton__5_Infanterie_Regiment,"45,-15",0,0,"36,-15",9,False,False,N/A,N/A,N/A,{'no_mp': True}
2025-09-13T22:06:40.409756,NO_FUEL,P_Pluton__5_Infanterie_Regiment,"45,-15",0,0,"36,-15",9,False,False,N/A,N/A,N/A,"{'no_mp': True, 'no_fuel': True}"
2025-09-13T22:06:40.421974,NO_MOVEMENT_POINTS,P_Kompania__5_Infanterie_Regiment,"45,-15",0,0,"36,-14",9,False,False,N/A,N/A,N/A,{'no_mp': True}
2025-09-13T22:06:40.423663,NO_FUEL,P_Kompania__5_Infanterie_Regiment,"45,-15",0,0,"36,-14",9,False,False,N/A,N/A,N/A,"{'no_mp': True, 'no_fuel': True}"
2025-09-13T22:06:40.426928,NO_MOVEMENT_POINTS,P_Pluton__5_Sch_tzen_Kompanie,"45,-15",0,0,"37,-15",8,False,False,N/A,N/A,N/A,{'no_mp': True}
2025-09-13T22:06:40.428345,NO_FUEL,P_Pluton__5_Sch_tzen_Kompanie,"45,-15",0,0,"37,-15",8,False,False,N/A,N/A,N/A,"{'no_mp': True, 'no_fuel': True}"
2025-09-13T22:06:40.429347,NO_MOVEMENT_POINTS,AC_Kompania__5_schwere_Artillerie,"45,-15",0,0,"36,-16",10,False,False,N/A,N/A,N/A,{'no_mp': True}
2025-09-13T22:06:40.430348,NO_FUEL,AC_Kompania__5_schwere_Artillerie,"45,-15",0,0,"36,-16",10,False,False,N/A,N/A,N/A,"{'no_mp': True, 'no_fuel': True}"
2025-09-13T22:06:40.431342,NO_MOVEMENT_POINTS,AL_Batalion__5_Artillerie_Abteilung,"45,-15",0,0,"37,-17",10,False,False,N/A,N/A,N/A,{'no_mp': True}
2025-09-13T22:06:40.432339,NO_FUEL,AL_Batalion__5_Artillerie_Abteilung,"45,-15",0,0,"37,-17",10,False,False,N/A,N/A,N/A,"{'no_mp': True, 'no_fuel': True}"
2025-09-13T22:06:40.433336,INSUFFICIENT_SUPPORT,Z_Kompania__5_Unterst_tzungs_Bataillon,"45,-15",N/A,N/A,N/A,N/A,N/A,N/A,0,100,5,"{'enemies_list': [], 'units_found': 0, 'units_needed': 2, 'shortage': 2}"
2025-09-13T22:06:40.434425,NO_MOVEMENT_POINTS,P_Pluton__5_Infanterie_Regiment,"43,-14",0,0,"36,-15",8,False,False,N/A,N/A,N/A,{'no_mp': True}
2025-09-13T22:06:40.435778,NO_FUEL,P_Pluton__5_Infanterie_Regiment,"43,-14",0,0,"36,-15",8,False,False,N/A,N/A,N/A,"{'no_mp': True, 'no_fuel': True}"
2025-09-13T22:06:40.436801,NO_MOVEMENT_POINTS,P_Kompania__5_Infanterie_Regiment,"43,-14",0,0,"36,-14",7,False,False,N/A,N/A,N/A,{'no_mp': True}
2025-09-13T22:06:40.438066,NO_FUEL,P_Kompania__5_Infanterie_Regiment,"43,-14",0,0,"36,-14",7,False,False,N/A,N/A,N/A,"{'no_mp': True, 'no_fuel': True}"
2025-09-13T22:06:40.440416,NO_MOVEMENT_POINTS,P_Pluton__5_Sch_tzen_Kompanie,"43,-14",0,0,"37,-15",7,False,False,N/A,N/A,N/A,{'no_mp': True}
2025-09-13T22:06:40.442414,NO_FUEL,P_Pluton__5_Sch_tzen_Kompanie,"43,-14",0,0,"37,-15",7,False,False,N/A,N/A,N/A,"{'no_mp': True, 'no_fuel': True}"
2025-09-13T22:06:40.443411,NO_MOVEMENT_POINTS,AC_Kompania__5_schwere_Artillerie,"43,-14",0,0,"36,-16",9,False,False,N/A,N/A,N/A,{'no_mp': True}
2025-09-13T22:06:40.444409,NO_FUEL,AC_Kompania__5_schwere_Artillerie,"43,-14",0,0,"36,-16",9,False,False,N/A,N/A,N/A,"{'no_mp': True, 'no_fuel': True}"
2025-09-13T22:06:40.445906,NO_MOVEMENT_POINTS,AL_Batalion__5_Artillerie_Abteilung,"43,-14",0,0,"37,-17",9,False,False,N/A,N/A,N/A,{'no_mp': True}
2025-09-13T22:06:40.447102,NO_FUEL,AL_Batalion__5_Artillerie_Abteilung,"43,-14",0,0,"37,-17",9,False,False,N/A,N/A,N/A,"{'no_mp': True, 'no_fuel': True}"
2025-09-13T22:06:40.449513,INSUFFICIENT_SUPPORT,Z_Pluton__5_Versorgungs_Kompanie,"43,-14",N/A,N/A,N/A,N/A,N/A,N/A,0,150,5,"{'enemies_list': [], 'units_found': 0, 'units_needed': 2, 'shortage': 2}"
2025-09-13T22:06:40.450999,NO_MOVEMENT_POINTS,P_Pluton__5_Infanterie_Regiment,"42,-14",0,0,"36,-15",7,False,False,N/A,N/A,N/A,{'no_mp': True}
2025-09-13T22:06:40.452004,NO_FUEL,P_Pluton__5_Infanterie_Regiment,"42,-14",0,0,"36,-15",7,False,False,N/A,N/A,N/A,"{'no_mp': True, 'no_fuel': True}"
2025-09-13T22:06:40.453013,NO_MOVEMENT_POINTS,P_Kompania__5_Infanterie_Regiment,"42,-14",0,0,"36,-14",6,False,False,N/A,N/A,N/A,{'no_mp': True}
2025-09-13T22:06:40.455071,NO_FUEL,P_Kompania__5_Infanterie_Regiment,"42,-14",0,0,"36,-14",6,False,False,N/A,N/A,N/A,"{'no_mp': True, 'no_fuel': True}"
2025-09-13T22:06:40.457182,NO_MOVEMENT_POINTS,P_Pluton__5_Sch_tzen_Kompanie,"42,-14",0,0,"37,-15",6,False,False,N/A,N/A,N/A,{'no_mp': True}
2025-09-13T22:06:40.459220,NO_FUEL,P_Pluton__5_Sch_tzen_Kompanie,"42,-14",0,0,"37,-15",6,False,False,N/A,N/A,N/A,"{'no_mp': True, 'no_fuel': True}"
2025-09-13T22:06:40.460222,NO_MOVEMENT_POINTS,AC_Kompania__5_schwere_Artillerie,"42,-14",0,0,"36,-16",8,False,False,N/A,N/A,N/A,{'no_mp': True}
2025-09-13T22:06:40.461313,NO_FUEL,AC_Kompania__5_schwere_Artillerie,"42,-14",0,0,"36,-16",8,False,False,N/A,N/A,N/A,"{'no_mp': True, 'no_fuel': True}"
2025-09-13T22:06:40.462347,NO_MOVEMENT_POINTS,AL_Batalion__5_Artillerie_Abteilung,"42,-14",0,0,"37,-17",8,False,False,N/A,N/A,N/A,{'no_mp': True}
2025-09-13T22:06:40.463814,NO_FUEL,AL_Batalion__5_Artillerie_Abteilung,"42,-14",0,0,"37,-17",8,False,False,N/A,N/A,N/A,"{'no_mp': True, 'no_fuel': True}"
2025-09-13T22:06:40.464817,INSUFFICIENT_SUPPORT,Z_Pluton__5_Unterst_tzungs_Bataillon,"42,-14",N/A,N/A,N/A,N/A,N/A,N/A,0,150,5,"{'enemies_list': [], 'units_found': 0, 'units_needed': 2, 'shortage': 2}"
2025-09-13T22:06:40.465814,NO_MOVEMENT_POINTS,P_Pluton__5_Infanterie_Regiment,"52,-13",0,0,"36,-15",18,False,False,N/A,N/A,N/A,{'no_mp': True}
2025-09-13T22:06:40.466823,NO_FUEL,P_Pluton__5_Infanterie_Regiment,"52,-13",0,0,"36,-15",18,False,False,N/A,N/A,N/A,"{'no_mp': True, 'no_fuel': True}"
2025-09-13T22:06:40.468806,NO_MOVEMENT_POINTS,P_Kompania__5_Infanterie_Regiment,"52,-13",0,0,"36,-14",17,False,False,N/A,N/A,N/A,{'no_mp': True}
2025-09-13T22:06:40.469804,NO_FUEL,P_Kompania__5_Infanterie_Regiment,"52,-13",0,0,"36,-14",17,False,False,N/A,N/A,N/A,"{'no_mp': True, 'no_fuel': True}"
2025-09-13T22:06:40.470801,NO_MOVEMENT_POINTS,P_Pluton__5_Sch_tzen_Kompanie,"52,-13",0,0,"37,-15",17,False,False,N/A,N/A,N/A,{'no_mp': True}
2025-09-13T22:06:40.471807,NO_FUEL,P_Pluton__5_Sch_tzen_Kompanie,"52,-13",0,0,"37,-15",17,False,False,N/A,N/A,N/A,"{'no_mp': True, 'no_fuel': True}"
2025-09-13T22:06:40.474226,NO_MOVEMENT_POINTS,AC_Kompania__5_schwere_Artillerie,"52,-13",0,0,"36,-16",19,False,False,N/A,N/A,N/A,{'no_mp': True}
2025-09-13T22:06:40.475286,NO_FUEL,AC_Kompania__5_schwere_Artillerie,"52,-13",0,0,"36,-16",19,False,False,N/A,N/A,N/A,"{'no_mp': True, 'no_fuel': True}"
2025-09-13T22:06:40.476472,NO_MOVEMENT_POINTS,AL_Batalion__5_Artillerie_Abteilung,"52,-13",0,0,"37,-17",19,False,False,N/A,N/A,N/A,{'no_mp': True}
2025-09-13T22:06:40.477475,NO_FUEL,AL_Batalion__5_Artillerie_Abteilung,"52,-13",0,0,"37,-17",19,False,False,N/A,N/A,N/A,"{'no_mp': True, 'no_fuel': True}"
2025-09-13T22:06:40.479470,INSUFFICIENT_SUPPORT,Z_Pluton__5_Unterst_tzungs_Bataillon_20250913214038,"52,-13",N/A,N/A,N/A,N/A,N/A,N/A,0,100,5,"{'enemies_list': [], 'units_found': 0, 'units_needed': 2, 'shortage': 2}"
2025-09-13T22:06:42.636935,NO_MOVEMENT_POINTS,P_Batalion__2_Batalion_Strzelc_w,"24,-8",0,0,"25,-9",1,False,False,N/A,N/A,N/A,{'no_mp': True}
2025-09-13T22:06:42.636935,NO_FUEL,P_Batalion__2_Batalion_Strzelc_w,"24,-8",0,0,"25,-9",1,False,False,N/A,N/A,N/A,"{'no_mp': True, 'no_fuel': True}"
2025-09-13T22:06:42.639524,NO_MOVEMENT_POINTS,P_Batalion__2_Batalion_Strzelc_w_20250913214005,"24,-8",0,0,"26,-9",2,False,False,N/A,N/A,N/A,{'no_mp': True}
2025-09-13T22:06:42.640537,NO_FUEL,P_Batalion__2_Batalion_Strzelc_w_20250913214005,"24,-8",0,0,"26,-9",2,False,False,N/A,N/A,N/A,"{'no_mp': True, 'no_fuel': True}"
2025-09-13T22:06:42.641772,NO_MOVEMENT_POINTS,P_Pluton__2_Kompania_Grenadier_w,"24,-8",0,0,"27,5",16,False,False,N/A,N/A,N/A,{'no_mp': True}
2025-09-13T22:06:42.646412,NO_FUEL,P_Pluton__2_Kompania_Grenadier_w,"24,-8",0,0,"27,5",16,False,False,N/A,N/A,N/A,"{'no_mp': True, 'no_fuel': True}"
2025-09-13T22:06:42.650613,NO_MOVEMENT_POINTS,P_Pluton__2_Kompania_Grenadier_w_20250913214010,"24,-8",0,0,"28,4",16,False,False,N/A,N/A,N/A,{'no_mp': True}
2025-09-13T22:06:42.651615,NO_FUEL,P_Pluton__2_Kompania_Grenadier_w_20250913214010,"24,-8",0,0,"28,4",16,False,False,N/A,N/A,N/A,"{'no_mp': True, 'no_fuel': True}"
2025-09-13T22:06:42.653696,INSUFFICIENT_SUPPORT,TL_Kompania__2_Batalion_Pancerny,"24,-8",N/A,N/A,N/A,N/A,N/A,N/A,0,100,4,"{'enemies_list': [], 'units_found': 0, 'units_needed': 2, 'shortage': 2}"
2025-09-13T22:06:42.654707,NO_MOVEMENT_POINTS,P_Batalion__2_Batalion_Strzelc_w,"28,3",0,0,"25,-9",15,False,False,N/A,N/A,N/A,{'no_mp': True}
2025-09-13T22:06:42.655810,NO_FUEL,P_Batalion__2_Batalion_Strzelc_w,"28,3",0,0,"25,-9",15,False,False,N/A,N/A,N/A,"{'no_mp': True, 'no_fuel': True}"
2025-09-13T22:06:42.655810,NO_MOVEMENT_POINTS,P_Batalion__2_Batalion_Strzelc_w_20250913214005,"28,3",0,0,"26,-9",14,False,False,N/A,N/A,N/A,{'no_mp': True}
2025-09-13T22:06:42.660389,NO_FUEL,P_Batalion__2_Batalion_Strzelc_w_20250913214005,"28,3",0,0,"26,-9",14,False,False,N/A,N/A,N/A,"{'no_mp': True, 'no_fuel': True}"
2025-09-13T22:06:42.662724,NO_MOVEMENT_POINTS,P_Pluton__2_Kompania_Grenadier_w,"28,3",0,0,"27,5",2,False,False,N/A,N/A,N/A,{'no_mp': True}
2025-09-13T22:06:42.663839,NO_FUEL,P_Pluton__2_Kompania_Grenadier_w,"28,3",0,0,"27,5",2,False,False,N/A,N/A,N/A,"{'no_mp': True, 'no_fuel': True}"
2025-09-13T22:06:42.666971,NO_MOVEMENT_POINTS,P_Pluton__2_Kompania_Grenadier_w_20250913214010,"28,3",0,0,"28,4",1,False,False,N/A,N/A,N/A,{'no_mp': True}
2025-09-13T22:06:42.668190,NO_FUEL,P_Pluton__2_Kompania_Grenadier_w_20250913214010,"28,3",0,0,"28,4",1,False,False,N/A,N/A,N/A,"{'no_mp': True, 'no_fuel': True}"
2025-09-13T22:06:42.670501,INSUFFICIENT_SUPPORT,P_Kompania__2_Pu_k_Piechoty,"28,3",N/A,N/A,N/A,N/A,N/A,N/A,0,75,4,"{'enemies_list': [], 'units_found': 0, 'units_needed': 1, 'shortage': 1}"
2025-09-13T22:06:42.671522,NO_MOVEMENT_POINTS,P_Batalion__2_Batalion_Strzelc_w,"15,-7",0,0,"25,-9",10,False,False,N/A,N/A,N/A,{'no_mp': True}
2025-09-13T22:06:42.672682,NO_FUEL,P_Batalion__2_Batalion_Strzelc_w,"15,-7",0,0,"25,-9",10,False,False,N/A,N/A,N/A,"{'no_mp': True, 'no_fuel': True}"
2025-09-13T22:06:42.673877,NO_MOVEMENT_POINTS,P_Batalion__2_Batalion_Strzelc_w_20250913214005,"15,-7",0,0,"26,-9",11,False,False,N/A,N/A,N/A,{'no_mp': True}
2025-09-13T22:06:42.674880,NO_FUEL,P_Batalion__2_Batalion_Strzelc_w_20250913214005,"15,-7",0,0,"26,-9",11,False,False,N/A,N/A,N/A,"{'no_mp': True, 'no_fuel': True}"
2025-09-13T22:06:42.679614,NO_MOVEMENT_POINTS,P_Pluton__2_Kompania_Grenadier_w,"15,-7",0,0,"27,5",24,False,False,N/A,N/A,N/A,{'no_mp': True}
2025-09-13T22:06:42.683343,NO_FUEL,P_Pluton__2_Kompania_Grenadier_w,"15,-7",0,0,"27,5",24,False,False,N/A,N/A,N/A,"{'no_mp': True, 'no_fuel': True}"
2025-09-13T22:06:42.684999,NO_MOVEMENT_POINTS,P_Pluton__2_Kompania_Grenadier_w_20250913214010,"15,-7",0,0,"28,4",24,False,False,N/A,N/A,N/A,{'no_mp': True}
2025-09-13T22:06:42.685976,NO_FUEL,P_Pluton__2_Kompania_Grenadier_w_20250913214010,"15,-7",0,0,"28,4",24,False,False,N/A,N/A,N/A,"{'no_mp': True, 'no_fuel': True}"
2025-09-13T22:06:42.686326,INSUFFICIENT_SUPPORT,D_Pluton__2_Dow_dztwo_Einheit,"15,-7",N/A,N/A,N/A,N/A,N/A,N/A,0,100,4,"{'enemies_list': [], 'units_found': 0, 'units_needed': 2, 'shortage': 2}"
2025-09-13T22:06:43.181590,NO_MOVEMENT_POINTS,P_Pluton__5_Infanterie_Regiment,"43,-14",0,0,"35,-15",9,False,False,N/A,N/A,N/A,{'no_mp': True}
2025-09-13T22:06:43.182785,NO_FUEL,P_Pluton__5_Infanterie_Regiment,"43,-14",0,0,"35,-15",9,False,False,N/A,N/A,N/A,"{'no_mp': True, 'no_fuel': True}"
2025-09-13T22:06:43.183814,NO_MOVEMENT_POINTS,P_Kompania__5_Infanterie_Regiment,"43,-14",0,0,"36,-15",8,False,False,N/A,N/A,N/A,{'no_mp': True}
2025-09-13T22:06:43.184854,NO_FUEL,P_Kompania__5_Infanterie_Regiment,"43,-14",0,0,"36,-15",8,False,False,N/A,N/A,N/A,"{'no_mp': True, 'no_fuel': True}"
2025-09-13T22:06:43.186001,NO_MOVEMENT_POINTS,P_Pluton__5_Sch_tzen_Kompanie,"43,-14",0,0,"37,-15",7,False,False,N/A,N/A,N/A,{'no_mp': True}
2025-09-13T22:06:43.187012,NO_FUEL,P_Pluton__5_Sch_tzen_Kompanie,"43,-14",0,0,"37,-15",7,False,False,N/A,N/A,N/A,"{'no_mp': True, 'no_fuel': True}"
2025-09-13T22:06:43.188009,NO_MOVEMENT_POINTS,AC_Kompania__5_schwere_Artillerie,"43,-14",0,0,"36,-16",9,False,False,N/A,N/A,N/A,{'no_mp': True}
2025-09-13T22:06:43.189690,NO_FUEL,AC_Kompania__5_schwere_Artillerie,"43,-14",0,0,"36,-16",9,False,False,N/A,N/A,N/A,"{'no_mp': True, 'no_fuel': True}"
2025-09-13T22:06:43.190799,NO_MOVEMENT_POINTS,AL_Batalion__5_Artillerie_Abteilung,"43,-14",0,0,"37,-16",8,False,False,N/A,N/A,N/A,{'no_mp': True}
2025-09-13T22:06:43.192974,NO_FUEL,AL_Batalion__5_Artillerie_Abteilung,"43,-14",0,0,"37,-16",8,False,False,N/A,N/A,N/A,"{'no_mp': True, 'no_fuel': True}"
2025-09-13T22:06:43.195433,INSUFFICIENT_SUPPORT,Z_Pluton__5_Versorgungs_Kompanie,"43,-14",N/A,N/A,N/A,N/A,N/A,N/A,0,150,5,"{'enemies_list': [], 'units_found': 0, 'units_needed': 2, 'shortage': 2}"
2025-09-13T22:06:43.517437,NO_MOVEMENT_POINTS,P_Batalion__2_Batalion_Strzelc_w_20250913214005,"24,-7",0,0,"25,-9",2,False,False,N/A,N/A,N/A,{'no_mp': True}
2025-09-13T22:06:43.518448,NO_FUEL,P_Batalion__2_Batalion_Strzelc_w_20250913214005,"24,-7",0,0,"25,-9",2,False,False,N/A,N/A,N/A,"{'no_mp': True, 'no_fuel': True}"
2025-09-13T22:06:43.518448,NO_MOVEMENT_POINTS,P_Pluton__2_Kompania_Grenadier_w,"24,-7",0,0,"26,6",15,False,False,N/A,N/A,N/A,{'no_mp': True}
2025-09-13T22:06:43.519764,NO_FUEL,P_Pluton__2_Kompania_Grenadier_w,"24,-7",0,0,"26,6",15,False,False,N/A,N/A,N/A,"{'no_mp': True, 'no_fuel': True}"
2025-09-13T22:06:43.519764,NO_MOVEMENT_POINTS,Z_Pluton__2_Batalion_Wsparcia,"24,-7",0,0,"28,5",16,False,False,N/A,N/A,N/A,{'no_mp': True}
2025-09-13T22:06:43.519764,NO_FUEL,Z_Pluton__2_Batalion_Wsparcia,"24,-7",0,0,"28,5",16,False,False,N/A,N/A,N/A,"{'no_mp': True, 'no_fuel': True}"
2025-09-13T22:06:43.523316,NO_MOVEMENT_POINTS,P_Pluton__2_Kompania_Grenadier_w_20250913214010,"24,-7",0,0,"27,6",16,False,False,N/A,N/A,N/A,{'no_mp': True}
2025-09-13T22:06:43.524313,NO_FUEL,P_Pluton__2_Kompania_Grenadier_w_20250913214010,"24,-7",0,0,"27,6",16,False,False,N/A,N/A,N/A,"{'no_mp': True, 'no_fuel': True}"
2025-09-13T22:06:43.525410,INSUFFICIENT_SUPPORT,P_Batalion__2_Batalion_Strzelc_w,"24,-7",N/A,N/A,N/A,N/A,N/A,N/A,0,50,4,"{'enemies_list': [], 'units_found': 0, 'units_needed': 1, 'shortage': 1}"
2025-09-13T22:06:43.529412,NO_MOVEMENT_POINTS,P_Batalion__2_Batalion_Strzelc_w_20250913214005,"28,3",0,0,"25,-9",15,False,False,N/A,N/A,N/A,{'no_mp': True}
2025-09-13T22:06:43.531546,NO_FUEL,P_Batalion__2_Batalion_Strzelc_w_20250913214005,"28,3",0,0,"25,-9",15,False,False,N/A,N/A,N/A,"{'no_mp': True, 'no_fuel': True}"
2025-09-13T22:06:43.532551,NO_MOVEMENT_POINTS,P_Pluton__2_Kompania_Grenadier_w,"28,3",0,0,"26,6",3,False,False,N/A,N/A,N/A,{'no_mp': True}
2025-09-13T22:06:43.532551,NO_FUEL,P_Pluton__2_Kompania_Grenadier_w,"28,3",0,0,"26,6",3,False,False,N/A,N/A,N/A,"{'no_mp': True, 'no_fuel': True}"
2025-09-13T22:06:43.533673,NO_MOVEMENT_POINTS,Z_Pluton__2_Batalion_Wsparcia,"28,3",0,0,"28,5",2,False,False,N/A,N/A,N/A,{'no_mp': True}
2025-09-13T22:06:43.534990,NO_FUEL,Z_Pluton__2_Batalion_Wsparcia,"28,3",0,0,"28,5",2,False,False,N/A,N/A,N/A,"{'no_mp': True, 'no_fuel': True}"
2025-09-13T22:06:43.534990,NO_MOVEMENT_POINTS,P_Pluton__2_Kompania_Grenadier_w_20250913214010,"28,3",0,0,"27,6",3,False,False,N/A,N/A,N/A,{'no_mp': True}
2025-09-13T22:06:43.536196,NO_FUEL,P_Pluton__2_Kompania_Grenadier_w_20250913214010,"28,3",0,0,"27,6",3,False,False,N/A,N/A,N/A,"{'no_mp': True, 'no_fuel': True}"
2025-09-13T22:06:43.537640,INSUFFICIENT_SUPPORT,P_Kompania__2_Pu_k_Piechoty,"28,3",N/A,N/A,N/A,N/A,N/A,N/A,0,75,4,"{'enemies_list': [], 'units_found': 0, 'units_needed': 1, 'shortage': 1}"
2025-09-13T22:06:43.539642,NO_MOVEMENT_POINTS,P_Batalion__2_Batalion_Strzelc_w_20250913214005,"27,4",0,0,"25,-9",15,False,False,N/A,N/A,N/A,{'no_mp': True}
2025-09-13T22:06:43.540639,NO_FUEL,P_Batalion__2_Batalion_Strzelc_w_20250913214005,"27,4",0,0,"25,-9",15,False,False,N/A,N/A,N/A,"{'no_mp': True, 'no_fuel': True}"
2025-09-13T22:06:43.541668,NO_MOVEMENT_POINTS,P_Pluton__2_Kompania_Grenadier_w,"27,4",0,0,"26,6",2,False,False,N/A,N/A,N/A,{'no_mp': True}
2025-09-13T22:06:43.546958,NO_FUEL,P_Pluton__2_Kompania_Grenadier_w,"27,4",0,0,"26,6",2,False,False,N/A,N/A,N/A,"{'no_mp': True, 'no_fuel': True}"
2025-09-13T22:06:43.547964,NO_MOVEMENT_POINTS,Z_Pluton__2_Batalion_Wsparcia,"27,4",0,0,"28,5",2,False,False,N/A,N/A,N/A,{'no_mp': True}
2025-09-13T22:06:43.549097,NO_FUEL,Z_Pluton__2_Batalion_Wsparcia,"27,4",0,0,"28,5",2,False,False,N/A,N/A,N/A,"{'no_mp': True, 'no_fuel': True}"
2025-09-13T22:06:43.550102,NO_MOVEMENT_POINTS,P_Pluton__2_Kompania_Grenadier_w_20250913214010,"27,4",0,0,"27,6",2,False,False,N/A,N/A,N/A,{'no_mp': True}
2025-09-13T22:06:43.550102,NO_FUEL,P_Pluton__2_Kompania_Grenadier_w_20250913214010,"27,4",0,0,"27,6",2,False,False,N/A,N/A,N/A,"{'no_mp': True, 'no_fuel': True}"
2025-09-13T22:06:43.551472,INSUFFICIENT_SUPPORT,Z_Pluton__2_Oddzia_Rozpoznawczy,"27,4",N/A,N/A,N/A,N/A,N/A,N/A,0,75,4,"{'enemies_list': [], 'units_found': 0, 'units_needed': 1, 'shortage': 1}"
2025-09-13T22:06:43.553481,NO_MOVEMENT_POINTS,P_Batalion__2_Batalion_Strzelc_w_20250913214005,"15,-7",0,0,"25,-9",10,False,False,N/A,N/A,N/A,{'no_mp': True}
2025-09-13T22:06:43.554498,NO_FUEL,P_Batalion__2_Batalion_Strzelc_w_20250913214005,"15,-7",0,0,"25,-9",10,False,False,N/A,N/A,N/A,"{'no_mp': True, 'no_fuel': True}"
2025-09-13T22:06:43.555566,NO_MOVEMENT_POINTS,P_Pluton__2_Kompania_Grenadier_w,"15,-7",0,0,"26,6",24,False,False,N/A,N/A,N/A,{'no_mp': True}
2025-09-13T22:06:43.555566,NO_FUEL,P_Pluton__2_Kompania_Grenadier_w,"15,-7",0,0,"26,6",24,False,False,N/A,N/A,N/A,"{'no_mp': True, 'no_fuel': True}"
2025-09-13T22:06:43.556910,NO_MOVEMENT_POINTS,Z_Pluton__2_Batalion_Wsparcia,"15,-7",0,0,"28,5",25,False,False,N/A,N/A,N/A,{'no_mp': True}
2025-09-13T22:06:43.558110,NO_FUEL,Z_Pluton__2_Batalion_Wsparcia,"15,-7",0,0,"28,5",25,False,False,N/A,N/A,N/A,"{'no_mp': True, 'no_fuel': True}"
2025-09-13T22:06:43.562229,NO_MOVEMENT_POINTS,P_Pluton__2_Kompania_Grenadier_w_20250913214010,"15,-7",0,0,"27,6",25,False,False,N/A,N/A,N/A,{'no_mp': True}
2025-09-13T22:06:43.562229,NO_FUEL,P_Pluton__2_Kompania_Grenadier_w_20250913214010,"15,-7",0,0,"27,6",25,False,False,N/A,N/A,N/A,"{'no_mp': True, 'no_fuel': True}"
2025-09-13T22:06:43.562229,INSUFFICIENT_SUPPORT,D_Pluton__2_Dow_dztwo_Einheit,"15,-7",N/A,N/A,N/A,N/A,N/A,N/A,0,100,4,"{'enemies_list': [], 'units_found': 0, 'units_needed': 2, 'shortage': 2}"
2025-09-13T22:06:44.147541,NO_MOVEMENT_POINTS,P_Pluton__5_Infanterie_Regiment,"43,-14",0,0,"36,-15",8,False,False,N/A,N/A,N/A,{'no_mp': True}
2025-09-13T22:06:44.147541,NO_FUEL,P_Pluton__5_Infanterie_Regiment,"43,-14",0,0,"36,-15",8,False,False,N/A,N/A,N/A,"{'no_mp': True, 'no_fuel': True}"
2025-09-13T22:06:44.147541,NO_MOVEMENT_POINTS,P_Kompania__5_Infanterie_Regiment,"43,-14",0,0,"36,-14",7,False,False,N/A,N/A,N/A,{'no_mp': True}
2025-09-13T22:06:44.147541,NO_FUEL,P_Kompania__5_Infanterie_Regiment,"43,-14",0,0,"36,-14",7,False,False,N/A,N/A,N/A,"{'no_mp': True, 'no_fuel': True}"
2025-09-13T22:06:44.152924,NO_MOVEMENT_POINTS,P_Pluton__5_Sch_tzen_Kompanie,"43,-14",0,0,"37,-15",7,False,False,N/A,N/A,N/A,{'no_mp': True}
2025-09-13T22:06:44.153938,NO_FUEL,P_Pluton__5_Sch_tzen_Kompanie,"43,-14",0,0,"37,-15",7,False,False,N/A,N/A,N/A,"{'no_mp': True, 'no_fuel': True}"
2025-09-13T22:06:44.155295,NO_MOVEMENT_POINTS,AC_Kompania__5_schwere_Artillerie,"43,-14",0,0,"36,-16",9,False,False,N/A,N/A,N/A,{'no_mp': True}
2025-09-13T22:06:44.155295,NO_FUEL,AC_Kompania__5_schwere_Artillerie,"43,-14",0,0,"36,-16",9,False,False,N/A,N/A,N/A,"{'no_mp': True, 'no_fuel': True}"
2025-09-13T22:06:44.156699,NO_MOVEMENT_POINTS,AL_Batalion__5_Artillerie_Abteilung,"43,-14",0,0,"37,-16",8,False,False,N/A,N/A,N/A,{'no_mp': True}
2025-09-13T22:06:44.157881,NO_FUEL,AL_Batalion__5_Artillerie_Abteilung,"43,-14",0,0,"37,-16",8,False,False,N/A,N/A,N/A,"{'no_mp': True, 'no_fuel': True}"
2025-09-13T22:06:44.158539,INSUFFICIENT_SUPPORT,Z_Pluton__5_Versorgungs_Kompanie,"43,-14",N/A,N/A,N/A,N/A,N/A,N/A,0,150,5,"{'enemies_list': [], 'units_found': 0, 'units_needed': 2, 'shortage': 2}"
2025-09-13T22:06:44.160904,NO_MOVEMENT_POINTS,P_Pluton__5_Infanterie_Regiment,"43,-15",0,0,"36,-15",7,False,False,N/A,N/A,N/A,{'no_mp': True}
2025-09-13T22:06:44.164900,NO_FUEL,P_Pluton__5_Infanterie_Regiment,"43,-15",0,0,"36,-15",7,False,False,N/A,N/A,N/A,"{'no_mp': True, 'no_fuel': True}"
2025-09-13T22:06:44.166001,NO_MOVEMENT_POINTS,P_Kompania__5_Infanterie_Regiment,"43,-15",0,0,"36,-14",7,False,False,N/A,N/A,N/A,{'no_mp': True}
2025-09-13T22:06:44.166001,NO_FUEL,P_Kompania__5_Infanterie_Regiment,"43,-15",0,0,"36,-14",7,False,False,N/A,N/A,N/A,"{'no_mp': True, 'no_fuel': True}"
2025-09-13T22:06:44.167174,NO_MOVEMENT_POINTS,P_Pluton__5_Sch_tzen_Kompanie,"43,-15",0,0,"37,-15",6,False,False,N/A,N/A,N/A,{'no_mp': True}
2025-09-13T22:06:44.168348,NO_FUEL,P_Pluton__5_Sch_tzen_Kompanie,"43,-15",0,0,"37,-15",6,False,False,N/A,N/A,N/A,"{'no_mp': True, 'no_fuel': True}"
2025-09-13T22:06:44.168348,NO_MOVEMENT_POINTS,AC_Kompania__5_schwere_Artillerie,"43,-15",0,0,"36,-16",8,False,False,N/A,N/A,N/A,{'no_mp': True}
2025-09-13T22:06:44.169561,NO_FUEL,AC_Kompania__5_schwere_Artillerie,"43,-15",0,0,"36,-16",8,False,False,N/A,N/A,N/A,"{'no_mp': True, 'no_fuel': True}"
2025-09-13T22:06:44.170745,NO_MOVEMENT_POINTS,AL_Batalion__5_Artillerie_Abteilung,"43,-15",0,0,"37,-16",7,False,False,N/A,N/A,N/A,{'no_mp': True}
2025-09-13T22:06:44.172082,NO_FUEL,AL_Batalion__5_Artillerie_Abteilung,"43,-15",0,0,"37,-16",7,False,False,N/A,N/A,N/A,"{'no_mp': True, 'no_fuel': True}"
2025-09-13T22:06:44.173092,INSUFFICIENT_SUPPORT,Z_Pluton__5_Unterst_tzungs_Bataillon,"43,-15",N/A,N/A,N/A,N/A,N/A,N/A,0,150,5,"{'enemies_list': [], 'units_found': 0, 'units_needed': 2, 'shortage': 2}"
2025-09-13T22:06:44.359419,NO_MOVEMENT_POINTS,P_Batalion__2_Batalion_Strzelc_w_20250913214005,"28,3",0,0,"25,-9",15,False,False,N/A,N/A,N/A,{'no_mp': True}
2025-09-13T22:06:44.361086,NO_FUEL,P_Batalion__2_Batalion_Strzelc_w_20250913214005,"28,3",0,0,"25,-9",15,False,False,N/A,N/A,N/A,"{'no_mp': True, 'no_fuel': True}"
2025-09-13T22:06:44.363932,NO_MOVEMENT_POINTS,P_Pluton__2_Kompania_Grenadier_w,"28,3",0,0,"26,6",3,False,False,N/A,N/A,N/A,{'no_mp': True}
2025-09-13T22:06:44.365242,NO_FUEL,P_Pluton__2_Kompania_Grenadier_w,"28,3",0,0,"26,6",3,False,False,N/A,N/A,N/A,"{'no_mp': True, 'no_fuel': True}"
2025-09-13T22:06:44.366241,NO_MOVEMENT_POINTS,Z_Pluton__2_Batalion_Wsparcia,"28,3",0,0,"28,5",2,False,False,N/A,N/A,N/A,{'no_mp': True}
2025-09-13T22:06:44.367289,NO_FUEL,Z_Pluton__2_Batalion_Wsparcia,"28,3",0,0,"28,5",2,False,False,N/A,N/A,N/A,"{'no_mp': True, 'no_fuel': True}"
2025-09-13T22:06:44.368514,NO_MOVEMENT_POINTS,P_Pluton__2_Kompania_Grenadier_w_20250913214010,"28,3",0,0,"27,6",3,False,False,N/A,N/A,N/A,{'no_mp': True}
2025-09-13T22:06:44.368514,NO_FUEL,P_Pluton__2_Kompania_Grenadier_w_20250913214010,"28,3",0,0,"27,6",3,False,False,N/A,N/A,N/A,"{'no_mp': True, 'no_fuel': True}"
2025-09-13T22:06:44.369833,INSUFFICIENT_SUPPORT,P_Kompania__2_Pu_k_Piechoty,"28,3",N/A,N/A,N/A,N/A,N/A,N/A,0,75,4,"{'enemies_list': [], 'units_found': 0, 'units_needed': 1, 'shortage': 1}"
2025-09-13T22:06:44.371857,NO_MOVEMENT_POINTS,P_Batalion__2_Batalion_Strzelc_w_20250913214005,"27,4",0,0,"25,-9",15,False,False,N/A,N/A,N/A,{'no_mp': True}
2025-09-13T22:06:44.372870,NO_FUEL,P_Batalion__2_Batalion_Strzelc_w_20250913214005,"27,4",0,0,"25,-9",15,False,False,N/A,N/A,N/A,"{'no_mp': True, 'no_fuel': True}"
2025-09-13T22:06:44.373876,NO_MOVEMENT_POINTS,P_Pluton__2_Kompania_Grenadier_w,"27,4",0,0,"26,6",2,False,False,N/A,N/A,N/A,{'no_mp': True}
2025-09-13T22:06:44.374891,NO_FUEL,P_Pluton__2_Kompania_Grenadier_w,"27,4",0,0,"26,6",2,False,False,N/A,N/A,N/A,"{'no_mp': True, 'no_fuel': True}"
2025-09-13T22:06:44.374891,NO_MOVEMENT_POINTS,Z_Pluton__2_Batalion_Wsparcia,"27,4",0,0,"28,5",2,False,False,N/A,N/A,N/A,{'no_mp': True}
2025-09-13T22:06:44.376432,NO_FUEL,Z_Pluton__2_Batalion_Wsparcia,"27,4",0,0,"28,5",2,False,False,N/A,N/A,N/A,"{'no_mp': True, 'no_fuel': True}"
2025-09-13T22:06:44.379600,NO_MOVEMENT_POINTS,P_Pluton__2_Kompania_Grenadier_w_20250913214010,"27,4",0,0,"27,6",2,False,False,N/A,N/A,N/A,{'no_mp': True}
2025-09-13T22:06:44.382471,NO_FUEL,P_Pluton__2_Kompania_Grenadier_w_20250913214010,"27,4",0,0,"27,6",2,False,False,N/A,N/A,N/A,"{'no_mp': True, 'no_fuel': True}"
2025-09-13T22:06:44.383486,INSUFFICIENT_SUPPORT,Z_Pluton__2_Oddzia_Rozpoznawczy,"27,4",N/A,N/A,N/A,N/A,N/A,N/A,0,75,4,"{'enemies_list': [], 'units_found': 0, 'units_needed': 1, 'shortage': 1}"
2025-09-13T22:06:44.384501,NO_MOVEMENT_POINTS,P_Batalion__2_Batalion_Strzelc_w_20250913214005,"15,-7",0,0,"25,-9",10,False,False,N/A,N/A,N/A,{'no_mp': True}
2025-09-13T22:06:44.385591,NO_FUEL,P_Batalion__2_Batalion_Strzelc_w_20250913214005,"15,-7",0,0,"25,-9",10,False,False,N/A,N/A,N/A,"{'no_mp': True, 'no_fuel': True}"
2025-09-13T22:06:44.386604,NO_MOVEMENT_POINTS,P_Pluton__2_Kompania_Grenadier_w,"15,-7",0,0,"26,6",24,False,False,N/A,N/A,N/A,{'no_mp': True}
2025-09-13T22:06:44.386604,NO_FUEL,P_Pluton__2_Kompania_Grenadier_w,"15,-7",0,0,"26,6",24,False,False,N/A,N/A,N/A,"{'no_mp': True, 'no_fuel': True}"
2025-09-13T22:06:44.388703,NO_MOVEMENT_POINTS,Z_Pluton__2_Batalion_Wsparcia,"15,-7",0,0,"28,5",25,False,False,N/A,N/A,N/A,{'no_mp': True}
2025-09-13T22:06:44.389716,NO_FUEL,Z_Pluton__2_Batalion_Wsparcia,"15,-7",0,0,"28,5",25,False,False,N/A,N/A,N/A,"{'no_mp': True, 'no_fuel': True}"
2025-09-13T22:06:44.389716,NO_MOVEMENT_POINTS,P_Pluton__2_Kompania_Grenadier_w_20250913214010,"15,-7",0,0,"27,6",25,False,False,N/A,N/A,N/A,{'no_mp': True}
2025-09-13T22:06:44.390838,NO_FUEL,P_Pluton__2_Kompania_Grenadier_w_20250913214010,"15,-7",0,0,"27,6",25,False,False,N/A,N/A,N/A,"{'no_mp': True, 'no_fuel': True}"
2025-09-13T22:06:44.392110,INSUFFICIENT_SUPPORT,D_Pluton__2_Dow_dztwo_Einheit,"15,-7",N/A,N/A,N/A,N/A,N/A,N/A,0,100,4,"{'enemies_list': [], 'units_found': 0, 'units_needed': 2, 'shortage': 2}"
2025-09-13T22:06:44.686283,NO_MOVEMENT_POINTS,P_Pluton__5_Infanterie_Regiment,"43,-15",0,0,"36,-15",7,False,False,N/A,N/A,N/A,{'no_mp': True}
2025-09-13T22:06:44.687304,NO_FUEL,P_Pluton__5_Infanterie_Regiment,"43,-15",0,0,"36,-15",7,False,False,N/A,N/A,N/A,"{'no_mp': True, 'no_fuel': True}"
2025-09-13T22:06:44.688340,NO_MOVEMENT_POINTS,P_Kompania__5_Infanterie_Regiment,"43,-15",0,0,"36,-14",7,False,False,N/A,N/A,N/A,{'no_mp': True}
2025-09-13T22:06:44.688340,NO_FUEL,P_Kompania__5_Infanterie_Regiment,"43,-15",0,0,"36,-14",7,False,False,N/A,N/A,N/A,"{'no_mp': True, 'no_fuel': True}"
2025-09-13T22:06:44.688340,NO_MOVEMENT_POINTS,P_Pluton__5_Sch_tzen_Kompanie,"43,-15",0,0,"37,-15",6,False,False,N/A,N/A,N/A,{'no_mp': True}
2025-09-13T22:06:44.688340,NO_FUEL,P_Pluton__5_Sch_tzen_Kompanie,"43,-15",0,0,"37,-15",6,False,False,N/A,N/A,N/A,"{'no_mp': True, 'no_fuel': True}"
2025-09-13T22:06:44.688340,NO_MOVEMENT_POINTS,AC_Kompania__5_schwere_Artillerie,"43,-15",0,0,"36,-16",8,False,False,N/A,N/A,N/A,{'no_mp': True}
2025-09-13T22:06:44.688340,NO_FUEL,AC_Kompania__5_schwere_Artillerie,"43,-15",0,0,"36,-16",8,False,False,N/A,N/A,N/A,"{'no_mp': True, 'no_fuel': True}"
2025-09-13T22:06:44.694097,NO_MOVEMENT_POINTS,AL_Batalion__5_Artillerie_Abteilung,"43,-15",0,0,"37,-17",8,False,False,N/A,N/A,N/A,{'no_mp': True}
2025-09-13T22:06:44.697607,NO_FUEL,AL_Batalion__5_Artillerie_Abteilung,"43,-15",0,0,"37,-17",8,False,False,N/A,N/A,N/A,"{'no_mp': True, 'no_fuel': True}"
2025-09-13T22:06:44.699448,INSUFFICIENT_SUPPORT,Z_Pluton__5_Unterst_tzungs_Bataillon,"43,-15",N/A,N/A,N/A,N/A,N/A,N/A,0,150,5,"{'enemies_list': [], 'units_found': 0, 'units_needed': 2, 'shortage': 2}"
2025-09-13T22:06:44.887210,NO_MOVEMENT_POINTS,P_Batalion__2_Batalion_Strzelc_w_20250913214005,"28,3",0,0,"25,-9",15,False,False,N/A,N/A,N/A,{'no_mp': True}
2025-09-13T22:06:44.887210,NO_FUEL,P_Batalion__2_Batalion_Strzelc_w_20250913214005,"28,3",0,0,"25,-9",15,False,False,N/A,N/A,N/A,"{'no_mp': True, 'no_fuel': True}"
2025-09-13T22:06:44.890781,NO_MOVEMENT_POINTS,P_Pluton__2_Kompania_Grenadier_w,"28,3",0,0,"26,6",3,False,False,N/A,N/A,N/A,{'no_mp': True}
2025-09-13T22:06:44.891795,NO_FUEL,P_Pluton__2_Kompania_Grenadier_w,"28,3",0,0,"26,6",3,False,False,N/A,N/A,N/A,"{'no_mp': True, 'no_fuel': True}"
2025-09-13T22:06:44.892872,NO_MOVEMENT_POINTS,Z_Pluton__2_Batalion_Wsparcia,"28,3",0,0,"28,5",2,False,False,N/A,N/A,N/A,{'no_mp': True}
2025-09-13T22:06:44.893996,NO_FUEL,Z_Pluton__2_Batalion_Wsparcia,"28,3",0,0,"28,5",2,False,False,N/A,N/A,N/A,"{'no_mp': True, 'no_fuel': True}"
2025-09-13T22:06:44.896369,NO_MOVEMENT_POINTS,P_Pluton__2_Kompania_Grenadier_w_20250913214010,"28,3",0,0,"27,6",3,False,False,N/A,N/A,N/A,{'no_mp': True}
2025-09-13T22:06:44.898405,NO_FUEL,P_Pluton__2_Kompania_Grenadier_w_20250913214010,"28,3",0,0,"27,6",3,False,False,N/A,N/A,N/A,"{'no_mp': True, 'no_fuel': True}"
2025-09-13T22:06:44.901373,INSUFFICIENT_SUPPORT,P_Kompania__2_Pu_k_Piechoty,"28,3",N/A,N/A,N/A,N/A,N/A,N/A,0,75,4,"{'enemies_list': [], 'units_found': 0, 'units_needed': 1, 'shortage': 1}"
2025-09-13T22:06:44.902385,NO_MOVEMENT_POINTS,P_Batalion__2_Batalion_Strzelc_w_20250913214005,"27,4",0,0,"25,-9",15,False,False,N/A,N/A,N/A,{'no_mp': True}
2025-09-13T22:06:44.903488,NO_FUEL,P_Batalion__2_Batalion_Strzelc_w_20250913214005,"27,4",0,0,"25,-9",15,False,False,N/A,N/A,N/A,"{'no_mp': True, 'no_fuel': True}"
2025-09-13T22:06:44.903908,NO_MOVEMENT_POINTS,P_Pluton__2_Kompania_Grenadier_w,"27,4",0,0,"26,6",2,False,False,N/A,N/A,N/A,{'no_mp': True}
2025-09-13T22:06:44.904905,NO_FUEL,P_Pluton__2_Kompania_Grenadier_w,"27,4",0,0,"26,6",2,False,False,N/A,N/A,N/A,"{'no_mp': True, 'no_fuel': True}"
2025-09-13T22:06:44.905939,NO_MOVEMENT_POINTS,Z_Pluton__2_Batalion_Wsparcia,"27,4",0,0,"28,5",2,False,False,N/A,N/A,N/A,{'no_mp': True}
2025-09-13T22:06:44.905939,NO_FUEL,Z_Pluton__2_Batalion_Wsparcia,"27,4",0,0,"28,5",2,False,False,N/A,N/A,N/A,"{'no_mp': True, 'no_fuel': True}"
2025-09-13T22:06:44.905939,NO_MOVEMENT_POINTS,P_Pluton__2_Kompania_Grenadier_w_20250913214010,"27,4",0,0,"27,6",2,False,False,N/A,N/A,N/A,{'no_mp': True}
2025-09-13T22:06:44.905939,NO_FUEL,P_Pluton__2_Kompania_Grenadier_w_20250913214010,"27,4",0,0,"27,6",2,False,False,N/A,N/A,N/A,"{'no_mp': True, 'no_fuel': True}"
2025-09-13T22:06:44.910541,INSUFFICIENT_SUPPORT,Z_Pluton__2_Oddzia_Rozpoznawczy,"27,4",N/A,N/A,N/A,N/A,N/A,N/A,0,75,4,"{'enemies_list': [], 'units_found': 0, 'units_needed': 1, 'shortage': 1}"
2025-09-13T22:06:44.913680,NO_MOVEMENT_POINTS,P_Batalion__2_Batalion_Strzelc_w_20250913214005,"24,-7",0,0,"25,-9",2,False,False,N/A,N/A,N/A,{'no_mp': True}
2025-09-13T22:06:44.916393,NO_FUEL,P_Batalion__2_Batalion_Strzelc_w_20250913214005,"24,-7",0,0,"25,-9",2,False,False,N/A,N/A,N/A,"{'no_mp': True, 'no_fuel': True}"
2025-09-13T22:06:44.916700,NO_MOVEMENT_POINTS,P_Pluton__2_Kompania_Grenadier_w,"24,-7",0,0,"26,6",15,False,False,N/A,N/A,N/A,{'no_mp': True}
2025-09-13T22:06:44.917691,NO_FUEL,P_Pluton__2_Kompania_Grenadier_w,"24,-7",0,0,"26,6",15,False,False,N/A,N/A,N/A,"{'no_mp': True, 'no_fuel': True}"
2025-09-13T22:06:44.918923,NO_MOVEMENT_POINTS,Z_Pluton__2_Batalion_Wsparcia,"24,-7",0,0,"28,5",16,False,False,N/A,N/A,N/A,{'no_mp': True}
2025-09-13T22:06:44.918923,NO_FUEL,Z_Pluton__2_Batalion_Wsparcia,"24,-7",0,0,"28,5",16,False,False,N/A,N/A,N/A,"{'no_mp': True, 'no_fuel': True}"
2025-09-13T22:06:44.920245,NO_MOVEMENT_POINTS,P_Pluton__2_Kompania_Grenadier_w_20250913214010,"24,-7",0,0,"27,6",16,False,False,N/A,N/A,N/A,{'no_mp': True}
2025-09-13T22:06:44.921417,NO_FUEL,P_Pluton__2_Kompania_Grenadier_w_20250913214010,"24,-7",0,0,"27,6",16,False,False,N/A,N/A,N/A,"{'no_mp': True, 'no_fuel': True}"
2025-09-13T22:06:44.923041,INSUFFICIENT_SUPPORT,Z_Batalion__2_Kompania_Zaopatrzeniowa,"24,-7",N/A,N/A,N/A,N/A,N/A,N/A,0,50,4,"{'enemies_list': [], 'units_found': 0, 'units_needed': 1, 'shortage': 1}"
2025-09-13T22:06:44.924266,NO_MOVEMENT_POINTS,P_Batalion__2_Batalion_Strzelc_w_20250913214005,"15,-7",0,0,"25,-9",10,False,False,N/A,N/A,N/A,{'no_mp': True}
2025-09-13T22:06:44.924266,NO_FUEL,P_Batalion__2_Batalion_Strzelc_w_20250913214005,"15,-7",0,0,"25,-9",10,False,False,N/A,N/A,N/A,"{'no_mp': True, 'no_fuel': True}"
2025-09-13T22:06:44.925455,NO_MOVEMENT_POINTS,P_Pluton__2_Kompania_Grenadier_w,"15,-7",0,0,"26,6",24,False,False,N/A,N/A,N/A,{'no_mp': True}
2025-09-13T22:06:44.926768,NO_FUEL,P_Pluton__2_Kompania_Grenadier_w,"15,-7",0,0,"26,6",24,False,False,N/A,N/A,N/A,"{'no_mp': True, 'no_fuel': True}"
2025-09-13T22:06:44.928095,NO_MOVEMENT_POINTS,Z_Pluton__2_Batalion_Wsparcia,"15,-7",0,0,"28,5",25,False,False,N/A,N/A,N/A,{'no_mp': True}
2025-09-13T22:06:44.931481,NO_FUEL,Z_Pluton__2_Batalion_Wsparcia,"15,-7",0,0,"28,5",25,False,False,N/A,N/A,N/A,"{'no_mp': True, 'no_fuel': True}"
2025-09-13T22:06:44.931822,NO_MOVEMENT_POINTS,P_Pluton__2_Kompania_Grenadier_w_20250913214010,"15,-7",0,0,"27,6",25,False,False,N/A,N/A,N/A,{'no_mp': True}
2025-09-13T22:06:44.931822,NO_FUEL,P_Pluton__2_Kompania_Grenadier_w_20250913214010,"15,-7",0,0,"27,6",25,False,False,N/A,N/A,N/A,"{'no_mp': True, 'no_fuel': True}"
2025-09-13T22:06:44.931822,INSUFFICIENT_SUPPORT,D_Pluton__2_Dow_dztwo_Einheit,"15,-7",N/A,N/A,N/A,N/A,N/A,N/A,0,100,4,"{'enemies_list': [], 'units_found': 0, 'units_needed': 2, 'shortage': 2}"
2025-09-13T22:06:45.124456,NO_MOVEMENT_POINTS,P_Pluton__5_Infanterie_Regiment,"45,-15",0,0,"36,-15",9,False,False,N/A,N/A,N/A,{'no_mp': True}
2025-09-13T22:06:45.125713,NO_FUEL,P_Pluton__5_Infanterie_Regiment,"45,-15",0,0,"36,-15",9,False,False,N/A,N/A,N/A,"{'no_mp': True, 'no_fuel': True}"
2025-09-13T22:06:45.125713,NO_MOVEMENT_POINTS,P_Kompania__5_Infanterie_Regiment,"45,-15",0,0,"36,-14",9,False,False,N/A,N/A,N/A,{'no_mp': True}
2025-09-13T22:06:45.126979,NO_FUEL,P_Kompania__5_Infanterie_Regiment,"45,-15",0,0,"36,-14",9,False,False,N/A,N/A,N/A,"{'no_mp': True, 'no_fuel': True}"
2025-09-13T22:06:45.129591,NO_MOVEMENT_POINTS,P_Pluton__5_Sch_tzen_Kompanie,"45,-15",0,0,"37,-15",8,False,False,N/A,N/A,N/A,{'no_mp': True}
2025-09-13T22:06:45.132402,NO_FUEL,P_Pluton__5_Sch_tzen_Kompanie,"45,-15",0,0,"37,-15",8,False,False,N/A,N/A,N/A,"{'no_mp': True, 'no_fuel': True}"
2025-09-13T22:06:45.133702,NO_MOVEMENT_POINTS,AC_Kompania__5_schwere_Artillerie,"45,-15",0,0,"36,-16",10,False,False,N/A,N/A,N/A,{'no_mp': True}
2025-09-13T22:06:45.133702,NO_FUEL,AC_Kompania__5_schwere_Artillerie,"45,-15",0,0,"36,-16",10,False,False,N/A,N/A,N/A,"{'no_mp': True, 'no_fuel': True}"
2025-09-13T22:06:45.134979,NO_MOVEMENT_POINTS,AL_Batalion__5_Artillerie_Abteilung,"45,-15",0,0,"37,-17",10,False,False,N/A,N/A,N/A,{'no_mp': True}
2025-09-13T22:06:45.136363,NO_FUEL,AL_Batalion__5_Artillerie_Abteilung,"45,-15",0,0,"37,-17",10,False,False,N/A,N/A,N/A,"{'no_mp': True, 'no_fuel': True}"
2025-09-13T22:06:45.137741,INSUFFICIENT_SUPPORT,Z_Kompania__5_Unterst_tzungs_Bataillon,"45,-15",N/A,N/A,N/A,N/A,N/A,N/A,0,100,5,"{'enemies_list': [], 'units_found': 0, 'units_needed': 2, 'shortage': 2}"
2025-09-13T22:06:45.137741,NO_MOVEMENT_POINTS,P_Pluton__5_Infanterie_Regiment,"43,-15",0,0,"36,-15",7,False,False,N/A,N/A,N/A,{'no_mp': True}
2025-09-13T22:06:45.137741,NO_FUEL,P_Pluton__5_Infanterie_Regiment,"43,-15",0,0,"36,-15",7,False,False,N/A,N/A,N/A,"{'no_mp': True, 'no_fuel': True}"
2025-09-13T22:06:45.137741,NO_MOVEMENT_POINTS,P_Kompania__5_Infanterie_Regiment,"43,-15",0,0,"36,-14",7,False,False,N/A,N/A,N/A,{'no_mp': True}
2025-09-13T22:06:45.137741,NO_FUEL,P_Kompania__5_Infanterie_Regiment,"43,-15",0,0,"36,-14",7,False,False,N/A,N/A,N/A,"{'no_mp': True, 'no_fuel': True}"
2025-09-13T22:06:45.137741,NO_MOVEMENT_POINTS,P_Pluton__5_Sch_tzen_Kompanie,"43,-15",0,0,"37,-15",6,False,False,N/A,N/A,N/A,{'no_mp': True}
2025-09-13T22:06:45.142641,NO_FUEL,P_Pluton__5_Sch_tzen_Kompanie,"43,-15",0,0,"37,-15",6,False,False,N/A,N/A,N/A,"{'no_mp': True, 'no_fuel': True}"
2025-09-13T22:06:45.143653,NO_MOVEMENT_POINTS,AC_Kompania__5_schwere_Artillerie,"43,-15",0,0,"36,-16",8,False,False,N/A,N/A,N/A,{'no_mp': True}
2025-09-13T22:06:45.146255,NO_FUEL,AC_Kompania__5_schwere_Artillerie,"43,-15",0,0,"36,-16",8,False,False,N/A,N/A,N/A,"{'no_mp': True, 'no_fuel': True}"
2025-09-13T22:06:45.149320,NO_MOVEMENT_POINTS,AL_Batalion__5_Artillerie_Abteilung,"43,-15",0,0,"37,-17",8,False,False,N/A,N/A,N/A,{'no_mp': True}
2025-09-13T22:06:45.150417,NO_FUEL,AL_Batalion__5_Artillerie_Abteilung,"43,-15",0,0,"37,-17",8,False,False,N/A,N/A,N/A,"{'no_mp': True, 'no_fuel': True}"
2025-09-13T22:06:45.151431,INSUFFICIENT_SUPPORT,Z_Pluton__5_Unterst_tzungs_Bataillon,"43,-15",N/A,N/A,N/A,N/A,N/A,N/A,0,150,5,"{'enemies_list': [], 'units_found': 0, 'units_needed': 2, 'shortage': 2}"
2025-09-13T22:06:45.151431,NO_MOVEMENT_POINTS,P_Pluton__5_Infanterie_Regiment,"52,-13",0,0,"36,-15",18,False,False,N/A,N/A,N/A,{'no_mp': True}
2025-09-13T22:06:45.152865,NO_FUEL,P_Pluton__5_Infanterie_Regiment,"52,-13",0,0,"36,-15",18,False,False,N/A,N/A,N/A,"{'no_mp': True, 'no_fuel': True}"
2025-09-13T22:06:45.153906,NO_MOVEMENT_POINTS,P_Kompania__5_Infanterie_Regiment,"52,-13",0,0,"36,-14",17,False,False,N/A,N/A,N/A,{'no_mp': True}
2025-09-13T22:06:45.155072,NO_FUEL,P_Kompania__5_Infanterie_Regiment,"52,-13",0,0,"36,-14",17,False,False,N/A,N/A,N/A,"{'no_mp': True, 'no_fuel': True}"
2025-09-13T22:06:45.155831,NO_MOVEMENT_POINTS,P_Pluton__5_Sch_tzen_Kompanie,"52,-13",0,0,"37,-15",17,False,False,N/A,N/A,N/A,{'no_mp': True}
2025-09-13T22:06:45.156847,NO_FUEL,P_Pluton__5_Sch_tzen_Kompanie,"52,-13",0,0,"37,-15",17,False,False,N/A,N/A,N/A,"{'no_mp': True, 'no_fuel': True}"
2025-09-13T22:06:45.158082,NO_MOVEMENT_POINTS,AC_Kompania__5_schwere_Artillerie,"52,-13",0,0,"36,-16",19,False,False,N/A,N/A,N/A,{'no_mp': True}
2025-09-13T22:06:45.158082,NO_FUEL,AC_Kompania__5_schwere_Artillerie,"52,-13",0,0,"36,-16",19,False,False,N/A,N/A,N/A,"{'no_mp': True, 'no_fuel': True}"
2025-09-13T22:06:45.159087,NO_MOVEMENT_POINTS,AL_Batalion__5_Artillerie_Abteilung,"52,-13",0,0,"37,-17",19,False,False,N/A,N/A,N/A,{'no_mp': True}
2025-09-13T22:06:45.160156,NO_FUEL,AL_Batalion__5_Artillerie_Abteilung,"52,-13",0,0,"37,-17",19,False,False,N/A,N/A,N/A,"{'no_mp': True, 'no_fuel': True}"
2025-09-13T22:06:45.162945,INSUFFICIENT_SUPPORT,Z_Pluton__5_Unterst_tzungs_Bataillon_20250913214038,"52,-13",N/A,N/A,N/A,N/A,N/A,N/A,0,100,5,"{'enemies_list': [], 'units_found': 0, 'units_needed': 2, 'shortage': 2}"
2025-09-13T22:06:45.374800,NO_MOVEMENT_POINTS,P_Batalion__2_Batalion_Strzelc_w_20250913214005,"28,3",0,0,"25,-9",15,False,False,N/A,N/A,N/A,{'no_mp': True}
2025-09-13T22:06:45.375798,NO_FUEL,P_Batalion__2_Batalion_Strzelc_w_20250913214005,"28,3",0,0,"25,-9",15,False,False,N/A,N/A,N/A,"{'no_mp': True, 'no_fuel': True}"
2025-09-13T22:06:45.376904,NO_MOVEMENT_POINTS,P_Pluton__2_Kompania_Grenadier_w,"28,3",0,0,"26,6",3,False,False,N/A,N/A,N/A,{'no_mp': True}
2025-09-13T22:06:45.376904,NO_FUEL,P_Pluton__2_Kompania_Grenadier_w,"28,3",0,0,"26,6",3,False,False,N/A,N/A,N/A,"{'no_mp': True, 'no_fuel': True}"
2025-09-13T22:06:45.380595,NO_MOVEMENT_POINTS,Z_Pluton__2_Batalion_Wsparcia,"28,3",0,0,"28,5",2,False,False,N/A,N/A,N/A,{'no_mp': True}
2025-09-13T22:06:45.382621,NO_FUEL,Z_Pluton__2_Batalion_Wsparcia,"28,3",0,0,"28,5",2,False,False,N/A,N/A,N/A,"{'no_mp': True, 'no_fuel': True}"
2025-09-13T22:06:45.383854,NO_MOVEMENT_POINTS,P_Pluton__2_Kompania_Grenadier_w_20250913214010,"28,3",0,0,"27,6",3,False,False,N/A,N/A,N/A,{'no_mp': True}
2025-09-13T22:06:45.384862,NO_FUEL,P_Pluton__2_Kompania_Grenadier_w_20250913214010,"28,3",0,0,"27,6",3,False,False,N/A,N/A,N/A,"{'no_mp': True, 'no_fuel': True}"
2025-09-13T22:06:45.384862,INSUFFICIENT_SUPPORT,P_Kompania__2_Pu_k_Piechoty,"28,3",N/A,N/A,N/A,N/A,N/A,N/A,0,75,4,"{'enemies_list': [], 'units_found': 0, 'units_needed': 1, 'shortage': 1}"
2025-09-13T22:06:45.386050,NO_MOVEMENT_POINTS,P_Batalion__2_Batalion_Strzelc_w_20250913214005,"27,4",0,0,"25,-9",15,False,False,N/A,N/A,N/A,{'no_mp': True}
2025-09-13T22:06:45.388027,NO_FUEL,P_Batalion__2_Batalion_Strzelc_w_20250913214005,"27,4",0,0,"25,-9",15,False,False,N/A,N/A,N/A,"{'no_mp': True, 'no_fuel': True}"
2025-09-13T22:06:45.388671,NO_MOVEMENT_POINTS,P_Pluton__2_Kompania_Grenadier_w,"27,4",0,0,"26,6",2,False,False,N/A,N/A,N/A,{'no_mp': True}
2025-09-13T22:06:45.389833,NO_FUEL,P_Pluton__2_Kompania_Grenadier_w,"27,4",0,0,"26,6",2,False,False,N/A,N/A,N/A,"{'no_mp': True, 'no_fuel': True}"
2025-09-13T22:06:45.391166,NO_MOVEMENT_POINTS,Z_Pluton__2_Batalion_Wsparcia,"27,4",0,0,"28,5",2,False,False,N/A,N/A,N/A,{'no_mp': True}
2025-09-13T22:06:45.391166,NO_FUEL,Z_Pluton__2_Batalion_Wsparcia,"27,4",0,0,"28,5",2,False,False,N/A,N/A,N/A,"{'no_mp': True, 'no_fuel': True}"
2025-09-13T22:06:45.392844,NO_MOVEMENT_POINTS,P_Pluton__2_Kompania_Grenadier_w_20250913214010,"27,4",0,0,"27,6",2,False,False,N/A,N/A,N/A,{'no_mp': True}
2025-09-13T22:06:45.393919,NO_FUEL,P_Pluton__2_Kompania_Grenadier_w_20250913214010,"27,4",0,0,"27,6",2,False,False,N/A,N/A,N/A,"{'no_mp': True, 'no_fuel': True}"
2025-09-13T22:06:45.397109,INSUFFICIENT_SUPPORT,Z_Pluton__2_Oddzia_Rozpoznawczy,"27,4",N/A,N/A,N/A,N/A,N/A,N/A,0,75,4,"{'enemies_list': [], 'units_found': 0, 'units_needed': 1, 'shortage': 1}"
2025-09-13T22:06:45.399099,NO_MOVEMENT_POINTS,P_Batalion__2_Batalion_Strzelc_w_20250913214005,"24,-7",0,0,"25,-9",2,False,False,N/A,N/A,N/A,{'no_mp': True}
2025-09-13T22:06:45.400116,NO_FUEL,P_Batalion__2_Batalion_Strzelc_w_20250913214005,"24,-7",0,0,"25,-9",2,False,False,N/A,N/A,N/A,"{'no_mp': True, 'no_fuel': True}"
2025-09-13T22:06:45.401367,NO_MOVEMENT_POINTS,P_Pluton__2_Kompania_Grenadier_w,"24,-7",0,0,"26,6",15,False,False,N/A,N/A,N/A,{'no_mp': True}
2025-09-13T22:06:45.402391,NO_FUEL,P_Pluton__2_Kompania_Grenadier_w,"24,-7",0,0,"26,6",15,False,False,N/A,N/A,N/A,"{'no_mp': True, 'no_fuel': True}"
2025-09-13T22:06:45.402391,NO_MOVEMENT_POINTS,Z_Pluton__2_Batalion_Wsparcia,"24,-7",0,0,"28,5",16,False,False,N/A,N/A,N/A,{'no_mp': True}
2025-09-13T22:06:45.403716,NO_FUEL,Z_Pluton__2_Batalion_Wsparcia,"24,-7",0,0,"28,5",16,False,False,N/A,N/A,N/A,"{'no_mp': True, 'no_fuel': True}"
2025-09-13T22:06:45.404938,NO_MOVEMENT_POINTS,P_Pluton__2_Kompania_Grenadier_w_20250913214010,"24,-7",0,0,"27,6",16,False,False,N/A,N/A,N/A,{'no_mp': True}
2025-09-13T22:06:45.405959,NO_FUEL,P_Pluton__2_Kompania_Grenadier_w_20250913214010,"24,-7",0,0,"27,6",16,False,False,N/A,N/A,N/A,"{'no_mp': True, 'no_fuel': True}"
2025-09-13T22:06:45.406994,INSUFFICIENT_SUPPORT,Z_Batalion__2_Kompania_Zaopatrzeniowa,"24,-7",N/A,N/A,N/A,N/A,N/A,N/A,0,50,4,"{'enemies_list': [], 'units_found': 0, 'units_needed': 1, 'shortage': 1}"
2025-09-13T22:06:45.408082,NO_MOVEMENT_POINTS,P_Batalion__2_Batalion_Strzelc_w_20250913214005,"15,-7",0,0,"25,-9",10,False,False,N/A,N/A,N/A,{'no_mp': True}
2025-09-13T22:06:45.410300,NO_FUEL,P_Batalion__2_Batalion_Strzelc_w_20250913214005,"15,-7",0,0,"25,-9",10,False,False,N/A,N/A,N/A,"{'no_mp': True, 'no_fuel': True}"
2025-09-13T22:06:45.413811,NO_MOVEMENT_POINTS,P_Pluton__2_Kompania_Grenadier_w,"15,-7",0,0,"26,6",24,False,False,N/A,N/A,N/A,{'no_mp': True}
2025-09-13T22:06:45.416230,NO_FUEL,P_Pluton__2_Kompania_Grenadier_w,"15,-7",0,0,"26,6",24,False,False,N/A,N/A,N/A,"{'no_mp': True, 'no_fuel': True}"
2025-09-13T22:06:45.418537,NO_MOVEMENT_POINTS,Z_Pluton__2_Batalion_Wsparcia,"15,-7",0,0,"28,5",25,False,False,N/A,N/A,N/A,{'no_mp': True}
2025-09-13T22:06:45.419542,NO_FUEL,Z_Pluton__2_Batalion_Wsparcia,"15,-7",0,0,"28,5",25,False,False,N/A,N/A,N/A,"{'no_mp': True, 'no_fuel': True}"
2025-09-13T22:06:45.420607,NO_MOVEMENT_POINTS,P_Pluton__2_Kompania_Grenadier_w_20250913214010,"15,-7",0,0,"27,6",25,False,False,N/A,N/A,N/A,{'no_mp': True}
2025-09-13T22:06:45.421611,NO_FUEL,P_Pluton__2_Kompania_Grenadier_w_20250913214010,"15,-7",0,0,"27,6",25,False,False,N/A,N/A,N/A,"{'no_mp': True, 'no_fuel': True}"
2025-09-13T22:06:45.422636,INSUFFICIENT_SUPPORT,D_Pluton__2_Dow_dztwo_Einheit,"15,-7",N/A,N/A,N/A,N/A,N/A,N/A,0,100,4,"{'enemies_list': [], 'units_found': 0, 'units_needed': 2, 'shortage': 2}"
2025-09-13T22:06:45.692675,NO_MOVEMENT_POINTS,P_Pluton__5_Infanterie_Regiment,"45,-15",0,0,"36,-15",9,False,False,N/A,N/A,N/A,{'no_mp': True}
2025-09-13T22:06:45.693705,NO_FUEL,P_Pluton__5_Infanterie_Regiment,"45,-15",0,0,"36,-15",9,False,False,N/A,N/A,N/A,"{'no_mp': True, 'no_fuel': True}"
2025-09-13T22:06:45.694753,NO_MOVEMENT_POINTS,P_Kompania__5_Infanterie_Regiment,"45,-15",0,0,"36,-14",9,False,False,N/A,N/A,N/A,{'no_mp': True}
2025-09-13T22:06:45.697606,NO_FUEL,P_Kompania__5_Infanterie_Regiment,"45,-15",0,0,"36,-14",9,False,False,N/A,N/A,N/A,"{'no_mp': True, 'no_fuel': True}"
2025-09-13T22:06:45.700251,NO_MOVEMENT_POINTS,P_Pluton__5_Sch_tzen_Kompanie,"45,-15",0,0,"37,-15",8,False,False,N/A,N/A,N/A,{'no_mp': True}
2025-09-13T22:06:45.701261,NO_FUEL,P_Pluton__5_Sch_tzen_Kompanie,"45,-15",0,0,"37,-15",8,False,False,N/A,N/A,N/A,"{'no_mp': True, 'no_fuel': True}"
2025-09-13T22:06:45.702440,NO_MOVEMENT_POINTS,AC_Kompania__5_schwere_Artillerie,"45,-15",0,0,"36,-16",10,False,False,N/A,N/A,N/A,{'no_mp': True}
2025-09-13T22:06:45.702440,NO_FUEL,AC_Kompania__5_schwere_Artillerie,"45,-15",0,0,"36,-16",10,False,False,N/A,N/A,N/A,"{'no_mp': True, 'no_fuel': True}"
2025-09-13T22:06:45.704297,NO_MOVEMENT_POINTS,AL_Batalion__5_Artillerie_Abteilung,"45,-15",0,0,"37,-17",10,False,False,N/A,N/A,N/A,{'no_mp': True}
2025-09-13T22:06:45.704297,NO_FUEL,AL_Batalion__5_Artillerie_Abteilung,"45,-15",0,0,"37,-17",10,False,False,N/A,N/A,N/A,"{'no_mp': True, 'no_fuel': True}"
2025-09-13T22:06:45.704297,INSUFFICIENT_SUPPORT,Z_Kompania__5_Unterst_tzungs_Bataillon,"45,-15",N/A,N/A,N/A,N/A,N/A,N/A,0,100,5,"{'enemies_list': [], 'units_found': 0, 'units_needed': 2, 'shortage': 2}"
2025-09-13T22:06:45.704297,NO_MOVEMENT_POINTS,P_Pluton__5_Infanterie_Regiment,"43,-15",0,0,"36,-15",7,False,False,N/A,N/A,N/A,{'no_mp': True}
2025-09-13T22:06:45.704297,NO_FUEL,P_Pluton__5_Infanterie_Regiment,"43,-15",0,0,"36,-15",7,False,False,N/A,N/A,N/A,"{'no_mp': True, 'no_fuel': True}"
2025-09-13T22:06:45.704297,NO_MOVEMENT_POINTS,P_Kompania__5_Infanterie_Regiment,"43,-15",0,0,"36,-14",7,False,False,N/A,N/A,N/A,{'no_mp': True}
2025-09-13T22:06:45.704297,NO_FUEL,P_Kompania__5_Infanterie_Regiment,"43,-15",0,0,"36,-14",7,False,False,N/A,N/A,N/A,"{'no_mp': True, 'no_fuel': True}"
2025-09-13T22:06:45.710736,NO_MOVEMENT_POINTS,P_Pluton__5_Sch_tzen_Kompanie,"43,-15",0,0,"37,-15",6,False,False,N/A,N/A,N/A,{'no_mp': True}
2025-09-13T22:06:45.714239,NO_FUEL,P_Pluton__5_Sch_tzen_Kompanie,"43,-15",0,0,"37,-15",6,False,False,N/A,N/A,N/A,"{'no_mp': True, 'no_fuel': True}"
2025-09-13T22:06:45.714239,NO_MOVEMENT_POINTS,AC_Kompania__5_schwere_Artillerie,"43,-15",0,0,"36,-16",8,False,False,N/A,N/A,N/A,{'no_mp': True}
2025-09-13T22:06:45.717656,NO_FUEL,AC_Kompania__5_schwere_Artillerie,"43,-15",0,0,"36,-16",8,False,False,N/A,N/A,N/A,"{'no_mp': True, 'no_fuel': True}"
2025-09-13T22:06:45.718667,NO_MOVEMENT_POINTS,AL_Batalion__5_Artillerie_Abteilung,"43,-15",0,0,"37,-17",8,False,False,N/A,N/A,N/A,{'no_mp': True}
2025-09-13T22:06:45.718667,NO_FUEL,AL_Batalion__5_Artillerie_Abteilung,"43,-15",0,0,"37,-17",8,False,False,N/A,N/A,N/A,"{'no_mp': True, 'no_fuel': True}"
2025-09-13T22:06:45.719821,INSUFFICIENT_SUPPORT,Z_Pluton__5_Unterst_tzungs_Bataillon,"43,-15",N/A,N/A,N/A,N/A,N/A,N/A,0,150,5,"{'enemies_list': [], 'units_found': 0, 'units_needed': 2, 'shortage': 2}"
2025-09-13T22:06:45.721069,NO_MOVEMENT_POINTS,P_Pluton__5_Infanterie_Regiment,"52,-13",0,0,"36,-15",18,False,False,N/A,N/A,N/A,{'no_mp': True}
2025-09-13T22:06:45.722129,NO_FUEL,P_Pluton__5_Infanterie_Regiment,"52,-13",0,0,"36,-15",18,False,False,N/A,N/A,N/A,"{'no_mp': True, 'no_fuel': True}"
2025-09-13T22:06:45.723182,NO_MOVEMENT_POINTS,P_Kompania__5_Infanterie_Regiment,"52,-13",0,0,"36,-14",17,False,False,N/A,N/A,N/A,{'no_mp': True}
2025-09-13T22:06:45.723846,NO_FUEL,P_Kompania__5_Infanterie_Regiment,"52,-13",0,0,"36,-14",17,False,False,N/A,N/A,N/A,"{'no_mp': True, 'no_fuel': True}"
2025-09-13T22:06:45.724855,NO_MOVEMENT_POINTS,P_Pluton__5_Sch_tzen_Kompanie,"52,-13",0,0,"37,-15",17,False,False,N/A,N/A,N/A,{'no_mp': True}
2025-09-13T22:06:45.726018,NO_FUEL,P_Pluton__5_Sch_tzen_Kompanie,"52,-13",0,0,"37,-15",17,False,False,N/A,N/A,N/A,"{'no_mp': True, 'no_fuel': True}"
2025-09-13T22:06:45.727177,NO_MOVEMENT_POINTS,AC_Kompania__5_schwere_Artillerie,"52,-13",0,0,"36,-16",19,False,False,N/A,N/A,N/A,{'no_mp': True}
2025-09-13T22:06:45.727177,NO_FUEL,AC_Kompania__5_schwere_Artillerie,"52,-13",0,0,"36,-16",19,False,False,N/A,N/A,N/A,"{'no_mp': True, 'no_fuel': True}"
2025-09-13T22:06:45.731745,NO_MOVEMENT_POINTS,AL_Batalion__5_Artillerie_Abteilung,"52,-13",0,0,"37,-17",19,False,False,N/A,N/A,N/A,{'no_mp': True}
2025-09-13T22:06:45.732990,NO_FUEL,AL_Batalion__5_Artillerie_Abteilung,"52,-13",0,0,"37,-17",19,False,False,N/A,N/A,N/A,"{'no_mp': True, 'no_fuel': True}"
2025-09-13T22:06:45.734120,INSUFFICIENT_SUPPORT,Z_Pluton__5_Unterst_tzungs_Bataillon_20250913214038,"52,-13",N/A,N/A,N/A,N/A,N/A,N/A,0,100,5,"{'enemies_list': [], 'units_found': 0, 'units_needed': 2, 'shortage': 2}"
2025-09-13T22:06:45.934149,NO_MOVEMENT_POINTS,P_Batalion__2_Batalion_Strzelc_w_20250913214005,"28,3",0,0,"25,-9",15,False,False,N/A,N/A,N/A,{'no_mp': True}
2025-09-13T22:06:45.934149,NO_FUEL,P_Batalion__2_Batalion_Strzelc_w_20250913214005,"28,3",0,0,"25,-9",15,False,False,N/A,N/A,N/A,"{'no_mp': True, 'no_fuel': True}"
2025-09-13T22:06:45.935153,NO_MOVEMENT_POINTS,P_Pluton__2_Kompania_Grenadier_w,"28,3",0,0,"26,6",3,False,False,N/A,N/A,N/A,{'no_mp': True}
2025-09-13T22:06:45.936467,NO_FUEL,P_Pluton__2_Kompania_Grenadier_w,"28,3",0,0,"26,6",3,False,False,N/A,N/A,N/A,"{'no_mp': True, 'no_fuel': True}"
2025-09-13T22:06:45.936467,NO_MOVEMENT_POINTS,Z_Pluton__2_Batalion_Wsparcia,"28,3",0,0,"28,5",2,False,False,N/A,N/A,N/A,{'no_mp': True}
2025-09-13T22:06:45.938230,NO_FUEL,Z_Pluton__2_Batalion_Wsparcia,"28,3",0,0,"28,5",2,False,False,N/A,N/A,N/A,"{'no_mp': True, 'no_fuel': True}"
2025-09-13T22:06:45.939163,NO_MOVEMENT_POINTS,P_Pluton__2_Kompania_Grenadier_w_20250913214010,"28,3",0,0,"27,6",3,False,False,N/A,N/A,N/A,{'no_mp': True}
2025-09-13T22:06:45.940162,NO_FUEL,P_Pluton__2_Kompania_Grenadier_w_20250913214010,"28,3",0,0,"27,6",3,False,False,N/A,N/A,N/A,"{'no_mp': True, 'no_fuel': True}"
2025-09-13T22:06:45.941387,INSUFFICIENT_SUPPORT,P_Kompania__2_Pu_k_Piechoty,"28,3",N/A,N/A,N/A,N/A,N/A,N/A,0,75,4,"{'enemies_list': [], 'units_found': 0, 'units_needed': 1, 'shortage': 1}"
2025-09-13T22:06:45.942406,NO_MOVEMENT_POINTS,P_Batalion__2_Batalion_Strzelc_w_20250913214005,"27,4",0,0,"25,-9",15,False,False,N/A,N/A,N/A,{'no_mp': True}
2025-09-13T22:06:45.943415,NO_FUEL,P_Batalion__2_Batalion_Strzelc_w_20250913214005,"27,4",0,0,"25,-9",15,False,False,N/A,N/A,N/A,"{'no_mp': True, 'no_fuel': True}"
2025-09-13T22:06:45.943415,NO_MOVEMENT_POINTS,P_Pluton__2_Kompania_Grenadier_w,"27,4",0,0,"26,6",2,False,False,N/A,N/A,N/A,{'no_mp': True}
2025-09-13T22:06:45.947064,NO_FUEL,P_Pluton__2_Kompania_Grenadier_w,"27,4",0,0,"26,6",2,False,False,N/A,N/A,N/A,"{'no_mp': True, 'no_fuel': True}"
2025-09-13T22:06:45.949827,NO_MOVEMENT_POINTS,Z_Pluton__2_Batalion_Wsparcia,"27,4",0,0,"28,5",2,False,False,N/A,N/A,N/A,{'no_mp': True}
2025-09-13T22:06:45.950860,NO_FUEL,Z_Pluton__2_Batalion_Wsparcia,"27,4",0,0,"28,5",2,False,False,N/A,N/A,N/A,"{'no_mp': True, 'no_fuel': True}"
2025-09-13T22:06:45.951865,NO_MOVEMENT_POINTS,P_Pluton__2_Kompania_Grenadier_w_20250913214010,"27,4",0,0,"27,6",2,False,False,N/A,N/A,N/A,{'no_mp': True}
2025-09-13T22:06:45.951865,NO_FUEL,P_Pluton__2_Kompania_Grenadier_w_20250913214010,"27,4",0,0,"27,6",2,False,False,N/A,N/A,N/A,"{'no_mp': True, 'no_fuel': True}"
2025-09-13T22:06:45.953874,INSUFFICIENT_SUPPORT,Z_Pluton__2_Oddzia_Rozpoznawczy,"27,4",N/A,N/A,N/A,N/A,N/A,N/A,0,75,4,"{'enemies_list': [], 'units_found': 0, 'units_needed': 1, 'shortage': 1}"
2025-09-13T22:06:45.953874,NO_MOVEMENT_POINTS,P_Batalion__2_Batalion_Strzelc_w_20250913214005,"24,-7",0,0,"25,-9",2,False,False,N/A,N/A,N/A,{'no_mp': True}
2025-09-13T22:06:45.955037,NO_FUEL,P_Batalion__2_Batalion_Strzelc_w_20250913214005,"24,-7",0,0,"25,-9",2,False,False,N/A,N/A,N/A,"{'no_mp': True, 'no_fuel': True}"
2025-09-13T22:06:45.955037,NO_MOVEMENT_POINTS,P_Pluton__2_Kompania_Grenadier_w,"24,-7",0,0,"26,6",15,False,False,N/A,N/A,N/A,{'no_mp': True}
2025-09-13T22:06:45.957257,NO_FUEL,P_Pluton__2_Kompania_Grenadier_w,"24,-7",0,0,"26,6",15,False,False,N/A,N/A,N/A,"{'no_mp': True, 'no_fuel': True}"
2025-09-13T22:06:45.958268,NO_MOVEMENT_POINTS,Z_Pluton__2_Batalion_Wsparcia,"24,-7",0,0,"28,5",16,False,False,N/A,N/A,N/A,{'no_mp': True}
2025-09-13T22:06:45.959498,NO_FUEL,Z_Pluton__2_Batalion_Wsparcia,"24,-7",0,0,"28,5",16,False,False,N/A,N/A,N/A,"{'no_mp': True, 'no_fuel': True}"
2025-09-13T22:06:45.959498,NO_MOVEMENT_POINTS,P_Pluton__2_Kompania_Grenadier_w_20250913214010,"24,-7",0,0,"27,6",16,False,False,N/A,N/A,N/A,{'no_mp': True}
2025-09-13T22:06:45.960888,NO_FUEL,P_Pluton__2_Kompania_Grenadier_w_20250913214010,"24,-7",0,0,"27,6",16,False,False,N/A,N/A,N/A,"{'no_mp': True, 'no_fuel': True}"
2025-09-13T22:06:45.964261,INSUFFICIENT_SUPPORT,Z_Batalion__2_Kompania_Zaopatrzeniowa,"24,-7",N/A,N/A,N/A,N/A,N/A,N/A,0,50,4,"{'enemies_list': [], 'units_found': 0, 'units_needed': 1, 'shortage': 1}"
2025-09-13T22:06:45.966702,NO_MOVEMENT_POINTS,P_Batalion__2_Batalion_Strzelc_w_20250913214005,"15,-7",0,0,"25,-9",10,False,False,N/A,N/A,N/A,{'no_mp': True}
2025-09-13T22:06:45.967780,NO_FUEL,P_Batalion__2_Batalion_Strzelc_w_20250913214005,"15,-7",0,0,"25,-9",10,False,False,N/A,N/A,N/A,"{'no_mp': True, 'no_fuel': True}"
2025-09-13T22:06:45.968894,NO_MOVEMENT_POINTS,P_Pluton__2_Kompania_Grenadier_w,"15,-7",0,0,"26,6",24,False,False,N/A,N/A,N/A,{'no_mp': True}
2025-09-13T22:06:45.968894,NO_FUEL,P_Pluton__2_Kompania_Grenadier_w,"15,-7",0,0,"26,6",24,False,False,N/A,N/A,N/A,"{'no_mp': True, 'no_fuel': True}"
2025-09-13T22:06:45.970119,NO_MOVEMENT_POINTS,Z_Pluton__2_Batalion_Wsparcia,"15,-7",0,0,"28,5",25,False,False,N/A,N/A,N/A,{'no_mp': True}
2025-09-13T22:06:45.971276,NO_FUEL,Z_Pluton__2_Batalion_Wsparcia,"15,-7",0,0,"28,5",25,False,False,N/A,N/A,N/A,"{'no_mp': True, 'no_fuel': True}"
2025-09-13T22:06:45.971276,NO_MOVEMENT_POINTS,P_Pluton__2_Kompania_Grenadier_w_20250913214010,"15,-7",0,0,"27,6",25,False,False,N/A,N/A,N/A,{'no_mp': True}
2025-09-13T22:06:45.971276,NO_FUEL,P_Pluton__2_Kompania_Grenadier_w_20250913214010,"15,-7",0,0,"27,6",25,False,False,N/A,N/A,N/A,"{'no_mp': True, 'no_fuel': True}"
2025-09-13T22:06:45.971276,INSUFFICIENT_SUPPORT,D_Pluton__2_Dow_dztwo_Einheit,"15,-7",N/A,N/A,N/A,N/A,N/A,N/A,0,100,4,"{'enemies_list': [], 'units_found': 0, 'units_needed': 2, 'shortage': 2}"
2025-09-13T22:06:46.159048,NO_MOVEMENT_POINTS,P_Pluton__5_Infanterie_Regiment,"45,-15",0,0,"36,-15",9,False,False,N/A,N/A,N/A,{'no_mp': True}
2025-09-13T22:06:46.160406,NO_FUEL,P_Pluton__5_Infanterie_Regiment,"45,-15",0,0,"36,-15",9,False,False,N/A,N/A,N/A,"{'no_mp': True, 'no_fuel': True}"
2025-09-13T22:06:46.161413,NO_MOVEMENT_POINTS,P_Kompania__5_Infanterie_Regiment,"45,-15",0,0,"36,-14",9,False,False,N/A,N/A,N/A,{'no_mp': True}
2025-09-13T22:06:46.162576,NO_FUEL,P_Kompania__5_Infanterie_Regiment,"45,-15",0,0,"36,-14",9,False,False,N/A,N/A,N/A,"{'no_mp': True, 'no_fuel': True}"
2025-09-13T22:06:46.164693,NO_MOVEMENT_POINTS,P_Pluton__5_Sch_tzen_Kompanie,"45,-15",0,0,"37,-15",8,False,False,N/A,N/A,N/A,{'no_mp': True}
2025-09-13T22:06:46.166625,NO_FUEL,P_Pluton__5_Sch_tzen_Kompanie,"45,-15",0,0,"37,-15",8,False,False,N/A,N/A,N/A,"{'no_mp': True, 'no_fuel': True}"
2025-09-13T22:06:46.167762,NO_MOVEMENT_POINTS,AC_Kompania__5_schwere_Artillerie,"45,-15",0,0,"36,-16",10,False,False,N/A,N/A,N/A,{'no_mp': True}
2025-09-13T22:06:46.168843,NO_FUEL,AC_Kompania__5_schwere_Artillerie,"45,-15",0,0,"36,-16",10,False,False,N/A,N/A,N/A,"{'no_mp': True, 'no_fuel': True}"
2025-09-13T22:06:46.170584,NO_MOVEMENT_POINTS,AL_Batalion__5_Artillerie_Abteilung,"45,-15",0,0,"37,-17",10,False,False,N/A,N/A,N/A,{'no_mp': True}
2025-09-13T22:06:46.170584,NO_FUEL,AL_Batalion__5_Artillerie_Abteilung,"45,-15",0,0,"37,-17",10,False,False,N/A,N/A,N/A,"{'no_mp': True, 'no_fuel': True}"
2025-09-13T22:06:46.171596,INSUFFICIENT_SUPPORT,Z_Kompania__5_Unterst_tzungs_Bataillon,"45,-15",N/A,N/A,N/A,N/A,N/A,N/A,0,100,5,"{'enemies_list': [], 'units_found': 0, 'units_needed': 2, 'shortage': 2}"
2025-09-13T22:06:46.171596,NO_MOVEMENT_POINTS,P_Pluton__5_Infanterie_Regiment,"43,-15",0,0,"36,-15",7,False,False,N/A,N/A,N/A,{'no_mp': True}
2025-09-13T22:06:46.171596,NO_FUEL,P_Pluton__5_Infanterie_Regiment,"43,-15",0,0,"36,-15",7,False,False,N/A,N/A,N/A,"{'no_mp': True, 'no_fuel': True}"
2025-09-13T22:06:46.175791,NO_MOVEMENT_POINTS,P_Kompania__5_Infanterie_Regiment,"43,-15",0,0,"36,-14",7,False,False,N/A,N/A,N/A,{'no_mp': True}
2025-09-13T22:06:46.176789,NO_FUEL,P_Kompania__5_Infanterie_Regiment,"43,-15",0,0,"36,-14",7,False,False,N/A,N/A,N/A,"{'no_mp': True, 'no_fuel': True}"
2025-09-13T22:06:46.177862,NO_MOVEMENT_POINTS,P_Pluton__5_Sch_tzen_Kompanie,"43,-15",0,0,"37,-15",6,False,False,N/A,N/A,N/A,{'no_mp': True}
2025-09-13T22:06:46.178867,NO_FUEL,P_Pluton__5_Sch_tzen_Kompanie,"43,-15",0,0,"37,-15",6,False,False,N/A,N/A,N/A,"{'no_mp': True, 'no_fuel': True}"
2025-09-13T22:06:46.181866,NO_MOVEMENT_POINTS,AC_Kompania__5_schwere_Artillerie,"43,-15",0,0,"36,-16",8,False,False,N/A,N/A,N/A,{'no_mp': True}
2025-09-13T22:06:46.184076,NO_FUEL,AC_Kompania__5_schwere_Artillerie,"43,-15",0,0,"36,-16",8,False,False,N/A,N/A,N/A,"{'no_mp': True, 'no_fuel': True}"
2025-09-13T22:06:46.184076,NO_MOVEMENT_POINTS,AL_Batalion__5_Artillerie_Abteilung,"43,-15",0,0,"37,-17",8,False,False,N/A,N/A,N/A,{'no_mp': True}
2025-09-13T22:06:46.185495,NO_FUEL,AL_Batalion__5_Artillerie_Abteilung,"43,-15",0,0,"37,-17",8,False,False,N/A,N/A,N/A,"{'no_mp': True, 'no_fuel': True}"
2025-09-13T22:06:46.186654,INSUFFICIENT_SUPPORT,Z_Pluton__5_Unterst_tzungs_Bataillon,"43,-15",N/A,N/A,N/A,N/A,N/A,N/A,0,150,5,"{'enemies_list': [], 'units_found': 0, 'units_needed': 2, 'shortage': 2}"
2025-09-13T22:06:46.187662,NO_MOVEMENT_POINTS,P_Pluton__5_Infanterie_Regiment,"52,-13",0,0,"36,-15",18,False,False,N/A,N/A,N/A,{'no_mp': True}
2025-09-13T22:06:46.188665,NO_FUEL,P_Pluton__5_Infanterie_Regiment,"52,-13",0,0,"36,-15",18,False,False,N/A,N/A,N/A,"{'no_mp': True, 'no_fuel': True}"
2025-09-13T22:06:46.189808,NO_MOVEMENT_POINTS,P_Kompania__5_Infanterie_Regiment,"52,-13",0,0,"36,-14",17,False,False,N/A,N/A,N/A,{'no_mp': True}
2025-09-13T22:06:46.190226,NO_FUEL,P_Kompania__5_Infanterie_Regiment,"52,-13",0,0,"36,-14",17,False,False,N/A,N/A,N/A,"{'no_mp': True, 'no_fuel': True}"
2025-09-13T22:06:46.191223,NO_MOVEMENT_POINTS,P_Pluton__5_Sch_tzen_Kompanie,"52,-13",0,0,"37,-15",17,False,False,N/A,N/A,N/A,{'no_mp': True}
2025-09-13T22:06:46.192637,NO_FUEL,P_Pluton__5_Sch_tzen_Kompanie,"52,-13",0,0,"37,-15",17,False,False,N/A,N/A,N/A,"{'no_mp': True, 'no_fuel': True}"
2025-09-13T22:06:46.192637,NO_MOVEMENT_POINTS,AC_Kompania__5_schwere_Artillerie,"52,-13",0,0,"36,-16",19,False,False,N/A,N/A,N/A,{'no_mp': True}
2025-09-13T22:06:46.193885,NO_FUEL,AC_Kompania__5_schwere_Artillerie,"52,-13",0,0,"36,-16",19,False,False,N/A,N/A,N/A,"{'no_mp': True, 'no_fuel': True}"
2025-09-13T22:06:46.195149,NO_MOVEMENT_POINTS,AL_Batalion__5_Artillerie_Abteilung,"52,-13",0,0,"37,-17",19,False,False,N/A,N/A,N/A,{'no_mp': True}
2025-09-13T22:06:46.197976,NO_FUEL,AL_Batalion__5_Artillerie_Abteilung,"52,-13",0,0,"37,-17",19,False,False,N/A,N/A,N/A,"{'no_mp': True, 'no_fuel': True}"
2025-09-13T22:06:46.200193,INSUFFICIENT_SUPPORT,Z_Pluton__5_Unterst_tzungs_Bataillon_20250913214038,"52,-13",N/A,N/A,N/A,N/A,N/A,N/A,0,100,5,"{'enemies_list': [], 'units_found': 0, 'units_needed': 2, 'shortage': 2}"
2025-09-13T22:06:46.403231,NO_MOVEMENT_POINTS,P_Batalion__2_Batalion_Strzelc_w_20250913214005,"28,3",0,0,"25,-9",15,False,False,N/A,N/A,N/A,{'no_mp': True}
2025-09-13T22:06:46.403231,NO_FUEL,P_Batalion__2_Batalion_Strzelc_w_20250913214005,"28,3",0,0,"25,-9",15,False,False,N/A,N/A,N/A,"{'no_mp': True, 'no_fuel': True}"
2025-09-13T22:06:46.404649,NO_MOVEMENT_POINTS,P_Pluton__2_Kompania_Grenadier_w,"28,3",0,0,"26,6",3,False,False,N/A,N/A,N/A,{'no_mp': True}
2025-09-13T22:06:46.405892,NO_FUEL,P_Pluton__2_Kompania_Grenadier_w,"28,3",0,0,"26,6",3,False,False,N/A,N/A,N/A,"{'no_mp': True, 'no_fuel': True}"
2025-09-13T22:06:46.406898,NO_MOVEMENT_POINTS,Z_Pluton__2_Batalion_Wsparcia,"28,3",0,0,"28,5",2,False,False,N/A,N/A,N/A,{'no_mp': True}
2025-09-13T22:06:46.406898,NO_FUEL,Z_Pluton__2_Batalion_Wsparcia,"28,3",0,0,"28,5",2,False,False,N/A,N/A,N/A,"{'no_mp': True, 'no_fuel': True}"
2025-09-13T22:06:46.407902,NO_MOVEMENT_POINTS,P_Pluton__2_Kompania_Grenadier_w_20250913214010,"28,3",0,0,"27,6",3,False,False,N/A,N/A,N/A,{'no_mp': True}
2025-09-13T22:06:46.409055,NO_FUEL,P_Pluton__2_Kompania_Grenadier_w_20250913214010,"28,3",0,0,"27,6",3,False,False,N/A,N/A,N/A,"{'no_mp': True, 'no_fuel': True}"
2025-09-13T22:06:46.411095,INSUFFICIENT_SUPPORT,P_Kompania__2_Pu_k_Piechoty,"28,3",N/A,N/A,N/A,N/A,N/A,N/A,0,75,4,"{'enemies_list': [], 'units_found': 0, 'units_needed': 1, 'shortage': 1}"
2025-09-13T22:06:46.411095,NO_MOVEMENT_POINTS,P_Batalion__2_Batalion_Strzelc_w_20250913214005,"27,4",0,0,"25,-9",15,False,False,N/A,N/A,N/A,{'no_mp': True}
2025-09-13T22:06:46.415082,NO_FUEL,P_Batalion__2_Batalion_Strzelc_w_20250913214005,"27,4",0,0,"25,-9",15,False,False,N/A,N/A,N/A,"{'no_mp': True, 'no_fuel': True}"
2025-09-13T22:06:46.455865,NO_MOVEMENT_POINTS,P_Pluton__2_Kompania_Grenadier_w,"27,4",0,0,"26,6",2,False,False,N/A,N/A,N/A,{'no_mp': True}
2025-09-13T22:06:46.460211,NO_FUEL,P_Pluton__2_Kompania_Grenadier_w,"27,4",0,0,"26,6",2,False,False,N/A,N/A,N/A,"{'no_mp': True, 'no_fuel': True}"
2025-09-13T22:06:46.469265,NO_MOVEMENT_POINTS,Z_Pluton__2_Batalion_Wsparcia,"27,4",0,0,"28,5",2,False,False,N/A,N/A,N/A,{'no_mp': True}
2025-09-13T22:06:46.476111,NO_FUEL,Z_Pluton__2_Batalion_Wsparcia,"27,4",0,0,"28,5",2,False,False,N/A,N/A,N/A,"{'no_mp': True, 'no_fuel': True}"
2025-09-13T22:06:46.478400,NO_MOVEMENT_POINTS,P_Pluton__2_Kompania_Grenadier_w_20250913214010,"27,4",0,0,"27,6",2,False,False,N/A,N/A,N/A,{'no_mp': True}
2025-09-13T22:06:46.483741,NO_FUEL,P_Pluton__2_Kompania_Grenadier_w_20250913214010,"27,4",0,0,"27,6",2,False,False,N/A,N/A,N/A,"{'no_mp': True, 'no_fuel': True}"
2025-09-13T22:06:46.488378,INSUFFICIENT_SUPPORT,Z_Pluton__2_Oddzia_Rozpoznawczy,"27,4",N/A,N/A,N/A,N/A,N/A,N/A,0,75,4,"{'enemies_list': [], 'units_found': 0, 'units_needed': 1, 'shortage': 1}"
2025-09-13T22:06:46.490877,NO_MOVEMENT_POINTS,P_Batalion__2_Batalion_Strzelc_w_20250913214005,"24,-7",0,0,"25,-9",2,False,False,N/A,N/A,N/A,{'no_mp': True}
2025-09-13T22:06:46.491893,NO_FUEL,P_Batalion__2_Batalion_Strzelc_w_20250913214005,"24,-7",0,0,"25,-9",2,False,False,N/A,N/A,N/A,"{'no_mp': True, 'no_fuel': True}"
2025-09-13T22:06:46.494039,NO_MOVEMENT_POINTS,P_Pluton__2_Kompania_Grenadier_w,"24,-7",0,0,"26,6",15,False,False,N/A,N/A,N/A,{'no_mp': True}
2025-09-13T22:06:46.496459,NO_FUEL,P_Pluton__2_Kompania_Grenadier_w,"24,-7",0,0,"26,6",15,False,False,N/A,N/A,N/A,"{'no_mp': True, 'no_fuel': True}"
2025-09-13T22:06:46.498489,NO_MOVEMENT_POINTS,Z_Pluton__2_Batalion_Wsparcia,"24,-7",0,0,"28,5",16,False,False,N/A,N/A,N/A,{'no_mp': True}
2025-09-13T22:06:46.501711,NO_FUEL,Z_Pluton__2_Batalion_Wsparcia,"24,-7",0,0,"28,5",16,False,False,N/A,N/A,N/A,"{'no_mp': True, 'no_fuel': True}"
2025-09-13T22:06:46.501711,NO_MOVEMENT_POINTS,P_Pluton__2_Kompania_Grenadier_w_20250913214010,"24,-7",0,0,"27,6",16,False,False,N/A,N/A,N/A,{'no_mp': True}
2025-09-13T22:06:46.505163,NO_FUEL,P_Pluton__2_Kompania_Grenadier_w_20250913214010,"24,-7",0,0,"27,6",16,False,False,N/A,N/A,N/A,"{'no_mp': True, 'no_fuel': True}"
2025-09-13T22:06:46.506182,INSUFFICIENT_SUPPORT,Z_Batalion__2_Kompania_Zaopatrzeniowa,"24,-7",N/A,N/A,N/A,N/A,N/A,N/A,0,50,4,"{'enemies_list': [], 'units_found': 0, 'units_needed': 1, 'shortage': 1}"
2025-09-13T22:06:46.507316,NO_MOVEMENT_POINTS,P_Batalion__2_Batalion_Strzelc_w_20250913214005,"15,-7",0,0,"25,-9",10,False,False,N/A,N/A,N/A,{'no_mp': True}
2025-09-13T22:06:46.508367,NO_FUEL,P_Batalion__2_Batalion_Strzelc_w_20250913214005,"15,-7",0,0,"25,-9",10,False,False,N/A,N/A,N/A,"{'no_mp': True, 'no_fuel': True}"
2025-09-13T22:06:46.509720,NO_MOVEMENT_POINTS,P_Pluton__2_Kompania_Grenadier_w,"15,-7",0,0,"26,6",24,False,False,N/A,N/A,N/A,{'no_mp': True}
2025-09-13T22:06:46.510726,NO_FUEL,P_Pluton__2_Kompania_Grenadier_w,"15,-7",0,0,"26,6",24,False,False,N/A,N/A,N/A,"{'no_mp': True, 'no_fuel': True}"
2025-09-13T22:06:46.512966,NO_MOVEMENT_POINTS,Z_Pluton__2_Batalion_Wsparcia,"15,-7",0,0,"28,5",25,False,False,N/A,N/A,N/A,{'no_mp': True}
2025-09-13T22:06:46.515565,NO_FUEL,Z_Pluton__2_Batalion_Wsparcia,"15,-7",0,0,"28,5",25,False,False,N/A,N/A,N/A,"{'no_mp': True, 'no_fuel': True}"
2025-09-13T22:06:46.518489,NO_MOVEMENT_POINTS,P_Pluton__2_Kompania_Grenadier_w_20250913214010,"15,-7",0,0,"27,6",25,False,False,N/A,N/A,N/A,{'no_mp': True}
2025-09-13T22:06:46.518489,NO_FUEL,P_Pluton__2_Kompania_Grenadier_w_20250913214010,"15,-7",0,0,"27,6",25,False,False,N/A,N/A,N/A,"{'no_mp': True, 'no_fuel': True}"
2025-09-13T22:06:46.520619,INSUFFICIENT_SUPPORT,D_Pluton__2_Dow_dztwo_Einheit,"15,-7",N/A,N/A,N/A,N/A,N/A,N/A,0,100,4,"{'enemies_list': [], 'units_found': 0, 'units_needed': 2, 'shortage': 2}"
2025-09-13T22:06:46.689907,NO_MOVEMENT_POINTS,P_Pluton__5_Infanterie_Regiment,"45,-15",0,0,"36,-15",9,False,False,N/A,N/A,N/A,{'no_mp': True}
2025-09-13T22:06:46.690905,NO_FUEL,P_Pluton__5_Infanterie_Regiment,"45,-15",0,0,"36,-15",9,False,False,N/A,N/A,N/A,"{'no_mp': True, 'no_fuel': True}"
2025-09-13T22:06:46.691910,NO_MOVEMENT_POINTS,P_Kompania__5_Infanterie_Regiment,"45,-15",0,0,"36,-14",9,False,False,N/A,N/A,N/A,{'no_mp': True}
2025-09-13T22:06:46.691910,NO_FUEL,P_Kompania__5_Infanterie_Regiment,"45,-15",0,0,"36,-14",9,False,False,N/A,N/A,N/A,"{'no_mp': True, 'no_fuel': True}"
2025-09-13T22:06:46.693164,NO_MOVEMENT_POINTS,P_Pluton__5_Sch_tzen_Kompanie,"45,-15",0,0,"37,-15",8,False,False,N/A,N/A,N/A,{'no_mp': True}
2025-09-13T22:06:46.694819,NO_FUEL,P_Pluton__5_Sch_tzen_Kompanie,"45,-15",0,0,"37,-15",8,False,False,N/A,N/A,N/A,"{'no_mp': True, 'no_fuel': True}"
2025-09-13T22:06:46.696444,NO_MOVEMENT_POINTS,AC_Kompania__5_schwere_Artillerie,"45,-15",0,0,"36,-16",10,False,False,N/A,N/A,N/A,{'no_mp': True}
2025-09-13T22:06:46.696444,NO_FUEL,AC_Kompania__5_schwere_Artillerie,"45,-15",0,0,"36,-16",10,False,False,N/A,N/A,N/A,"{'no_mp': True, 'no_fuel': True}"
2025-09-13T22:06:46.696444,NO_MOVEMENT_POINTS,AL_Batalion__5_Artillerie_Abteilung,"45,-15",0,0,"37,-17",10,False,False,N/A,N/A,N/A,{'no_mp': True}
2025-09-13T22:06:46.696444,NO_FUEL,AL_Batalion__5_Artillerie_Abteilung,"45,-15",0,0,"37,-17",10,False,False,N/A,N/A,N/A,"{'no_mp': True, 'no_fuel': True}"
2025-09-13T22:06:46.696444,INSUFFICIENT_SUPPORT,Z_Kompania__5_Unterst_tzungs_Bataillon,"45,-15",N/A,N/A,N/A,N/A,N/A,N/A,0,100,5,"{'enemies_list': [], 'units_found': 0, 'units_needed': 2, 'shortage': 2}"
2025-09-13T22:06:46.696444,NO_MOVEMENT_POINTS,P_Pluton__5_Infanterie_Regiment,"43,-14",0,0,"36,-15",8,False,False,N/A,N/A,N/A,{'no_mp': True}
2025-09-13T22:06:46.696444,NO_FUEL,P_Pluton__5_Infanterie_Regiment,"43,-14",0,0,"36,-15",8,False,False,N/A,N/A,N/A,"{'no_mp': True, 'no_fuel': True}"
2025-09-13T22:06:46.696444,NO_MOVEMENT_POINTS,P_Kompania__5_Infanterie_Regiment,"43,-14",0,0,"36,-14",7,False,False,N/A,N/A,N/A,{'no_mp': True}
2025-09-13T22:06:46.707768,NO_FUEL,P_Kompania__5_Infanterie_Regiment,"43,-14",0,0,"36,-14",7,False,False,N/A,N/A,N/A,"{'no_mp': True, 'no_fuel': True}"
2025-09-13T22:06:46.708786,NO_MOVEMENT_POINTS,P_Pluton__5_Sch_tzen_Kompanie,"43,-14",0,0,"37,-15",7,False,False,N/A,N/A,N/A,{'no_mp': True}
2025-09-13T22:06:46.709793,NO_FUEL,P_Pluton__5_Sch_tzen_Kompanie,"43,-14",0,0,"37,-15",7,False,False,N/A,N/A,N/A,"{'no_mp': True, 'no_fuel': True}"
2025-09-13T22:06:46.710796,NO_MOVEMENT_POINTS,AC_Kompania__5_schwere_Artillerie,"43,-14",0,0,"36,-16",9,False,False,N/A,N/A,N/A,{'no_mp': True}
2025-09-13T22:06:46.711958,NO_FUEL,AC_Kompania__5_schwere_Artillerie,"43,-14",0,0,"36,-16",9,False,False,N/A,N/A,N/A,"{'no_mp': True, 'no_fuel': True}"
2025-09-13T22:06:46.715642,NO_MOVEMENT_POINTS,AL_Batalion__5_Artillerie_Abteilung,"43,-14",0,0,"37,-17",9,False,False,N/A,N/A,N/A,{'no_mp': True}
2025-09-13T22:06:46.717652,NO_FUEL,AL_Batalion__5_Artillerie_Abteilung,"43,-14",0,0,"37,-17",9,False,False,N/A,N/A,N/A,"{'no_mp': True, 'no_fuel': True}"
2025-09-13T22:06:46.718857,INSUFFICIENT_SUPPORT,Z_Pluton__5_Versorgungs_Kompanie,"43,-14",N/A,N/A,N/A,N/A,N/A,N/A,0,150,5,"{'enemies_list': [], 'units_found': 0, 'units_needed': 2, 'shortage': 2}"
2025-09-13T22:06:46.720319,NO_MOVEMENT_POINTS,P_Pluton__5_Infanterie_Regiment,"52,-13",0,0,"36,-15",18,False,False,N/A,N/A,N/A,{'no_mp': True}
2025-09-13T22:06:46.721555,NO_FUEL,P_Pluton__5_Infanterie_Regiment,"52,-13",0,0,"36,-15",18,False,False,N/A,N/A,N/A,"{'no_mp': True, 'no_fuel': True}"
2025-09-13T22:06:46.723663,NO_MOVEMENT_POINTS,P_Kompania__5_Infanterie_Regiment,"52,-13",0,0,"36,-14",17,False,False,N/A,N/A,N/A,{'no_mp': True}
2025-09-13T22:06:46.724673,NO_FUEL,P_Kompania__5_Infanterie_Regiment,"52,-13",0,0,"36,-14",17,False,False,N/A,N/A,N/A,"{'no_mp': True, 'no_fuel': True}"
2025-09-13T22:06:46.724673,NO_MOVEMENT_POINTS,P_Pluton__5_Sch_tzen_Kompanie,"52,-13",0,0,"37,-15",17,False,False,N/A,N/A,N/A,{'no_mp': True}
2025-09-13T22:06:46.725860,NO_FUEL,P_Pluton__5_Sch_tzen_Kompanie,"52,-13",0,0,"37,-15",17,False,False,N/A,N/A,N/A,"{'no_mp': True, 'no_fuel': True}"
2025-09-13T22:06:46.726885,NO_MOVEMENT_POINTS,AC_Kompania__5_schwere_Artillerie,"52,-13",0,0,"36,-16",19,False,False,N/A,N/A,N/A,{'no_mp': True}
2025-09-13T22:06:46.727901,NO_FUEL,AC_Kompania__5_schwere_Artillerie,"52,-13",0,0,"36,-16",19,False,False,N/A,N/A,N/A,"{'no_mp': True, 'no_fuel': True}"
2025-09-13T22:06:46.732944,NO_MOVEMENT_POINTS,AL_Batalion__5_Artillerie_Abteilung,"52,-13",0,0,"37,-17",19,False,False,N/A,N/A,N/A,{'no_mp': True}
2025-09-13T22:06:46.734644,NO_FUEL,AL_Batalion__5_Artillerie_Abteilung,"52,-13",0,0,"37,-17",19,False,False,N/A,N/A,N/A,"{'no_mp': True, 'no_fuel': True}"
2025-09-13T22:06:46.735649,INSUFFICIENT_SUPPORT,Z_Pluton__5_Unterst_tzungs_Bataillon_20250913214038,"52,-13",N/A,N/A,N/A,N/A,N/A,N/A,0,100,5,"{'enemies_list': [], 'units_found': 0, 'units_needed': 2, 'shortage': 2}"
2025-09-13T22:06:46.987691,NO_MOVEMENT_POINTS,P_Batalion__2_Batalion_Strzelc_w_20250913214005,"28,3",0,0,"25,-9",15,False,False,N/A,N/A,N/A,{'no_mp': True}
2025-09-13T22:06:46.988704,NO_FUEL,P_Batalion__2_Batalion_Strzelc_w_20250913214005,"28,3",0,0,"25,-9",15,False,False,N/A,N/A,N/A,"{'no_mp': True, 'no_fuel': True}"
2025-09-13T22:06:46.989738,NO_MOVEMENT_POINTS,P_Pluton__2_Kompania_Grenadier_w,"28,3",0,0,"26,6",3,False,False,N/A,N/A,N/A,{'no_mp': True}
2025-09-13T22:06:46.989738,NO_FUEL,P_Pluton__2_Kompania_Grenadier_w,"28,3",0,0,"26,6",3,False,False,N/A,N/A,N/A,"{'no_mp': True, 'no_fuel': True}"
2025-09-13T22:06:46.991087,NO_MOVEMENT_POINTS,Z_Pluton__2_Batalion_Wsparcia,"28,3",0,0,"28,5",2,False,False,N/A,N/A,N/A,{'no_mp': True}
2025-09-13T22:06:46.992365,NO_FUEL,Z_Pluton__2_Batalion_Wsparcia,"28,3",0,0,"28,5",2,False,False,N/A,N/A,N/A,"{'no_mp': True, 'no_fuel': True}"
2025-09-13T22:06:46.992365,NO_MOVEMENT_POINTS,P_Pluton__2_Kompania_Grenadier_w_20250913214010,"28,3",0,0,"27,6",3,False,False,N/A,N/A,N/A,{'no_mp': True}
2025-09-13T22:06:46.992365,NO_FUEL,P_Pluton__2_Kompania_Grenadier_w_20250913214010,"28,3",0,0,"27,6",3,False,False,N/A,N/A,N/A,"{'no_mp': True, 'no_fuel': True}"
2025-09-13T22:06:46.992365,INSUFFICIENT_SUPPORT,P_Kompania__2_Pu_k_Piechoty,"28,3",N/A,N/A,N/A,N/A,N/A,N/A,0,75,4,"{'enemies_list': [], 'units_found': 0, 'units_needed': 1, 'shortage': 1}"
2025-09-13T22:06:46.998184,NO_MOVEMENT_POINTS,P_Batalion__2_Batalion_Strzelc_w_20250913214005,"27,4",0,0,"25,-9",15,False,False,N/A,N/A,N/A,{'no_mp': True}
2025-09-13T22:06:47.001844,NO_FUEL,P_Batalion__2_Batalion_Strzelc_w_20250913214005,"27,4",0,0,"25,-9",15,False,False,N/A,N/A,N/A,"{'no_mp': True, 'no_fuel': True}"
2025-09-13T22:06:47.001844,NO_MOVEMENT_POINTS,P_Pluton__2_Kompania_Grenadier_w,"27,4",0,0,"26,6",2,False,False,N/A,N/A,N/A,{'no_mp': True}
2025-09-13T22:06:47.003017,NO_FUEL,P_Pluton__2_Kompania_Grenadier_w,"27,4",0,0,"26,6",2,False,False,N/A,N/A,N/A,"{'no_mp': True, 'no_fuel': True}"
2025-09-13T22:06:47.004963,NO_MOVEMENT_POINTS,Z_Pluton__2_Batalion_Wsparcia,"27,4",0,0,"28,5",2,False,False,N/A,N/A,N/A,{'no_mp': True}
2025-09-13T22:06:47.004963,NO_FUEL,Z_Pluton__2_Batalion_Wsparcia,"27,4",0,0,"28,5",2,False,False,N/A,N/A,N/A,"{'no_mp': True, 'no_fuel': True}"
2025-09-13T22:06:47.007223,NO_MOVEMENT_POINTS,P_Pluton__2_Kompania_Grenadier_w_20250913214010,"27,4",0,0,"27,6",2,False,False,N/A,N/A,N/A,{'no_mp': True}
2025-09-13T22:06:47.007223,NO_FUEL,P_Pluton__2_Kompania_Grenadier_w_20250913214010,"27,4",0,0,"27,6",2,False,False,N/A,N/A,N/A,"{'no_mp': True, 'no_fuel': True}"
2025-09-13T22:06:47.011161,INSUFFICIENT_SUPPORT,Z_Pluton__2_Oddzia_Rozpoznawczy,"27,4",N/A,N/A,N/A,N/A,N/A,N/A,0,75,4,"{'enemies_list': [], 'units_found': 0, 'units_needed': 1, 'shortage': 1}"
2025-09-13T22:06:47.012176,NO_MOVEMENT_POINTS,P_Batalion__2_Batalion_Strzelc_w_20250913214005,"24,-7",0,0,"25,-9",2,False,False,N/A,N/A,N/A,{'no_mp': True}
2025-09-13T22:06:47.016053,NO_FUEL,P_Batalion__2_Batalion_Strzelc_w_20250913214005,"24,-7",0,0,"25,-9",2,False,False,N/A,N/A,N/A,"{'no_mp': True, 'no_fuel': True}"
2025-09-13T22:06:47.018176,NO_MOVEMENT_POINTS,P_Pluton__2_Kompania_Grenadier_w,"24,-7",0,0,"26,6",15,False,False,N/A,N/A,N/A,{'no_mp': True}
2025-09-13T22:06:47.019295,NO_FUEL,P_Pluton__2_Kompania_Grenadier_w,"24,-7",0,0,"26,6",15,False,False,N/A,N/A,N/A,"{'no_mp': True, 'no_fuel': True}"
2025-09-13T22:06:47.019295,NO_MOVEMENT_POINTS,Z_Pluton__2_Batalion_Wsparcia,"24,-7",0,0,"28,5",16,False,False,N/A,N/A,N/A,{'no_mp': True}
2025-09-13T22:06:47.020413,NO_FUEL,Z_Pluton__2_Batalion_Wsparcia,"24,-7",0,0,"28,5",16,False,False,N/A,N/A,N/A,"{'no_mp': True, 'no_fuel': True}"
2025-09-13T22:06:47.021823,NO_MOVEMENT_POINTS,P_Pluton__2_Kompania_Grenadier_w_20250913214010,"24,-7",0,0,"27,6",16,False,False,N/A,N/A,N/A,{'no_mp': True}
2025-09-13T22:06:47.022827,NO_FUEL,P_Pluton__2_Kompania_Grenadier_w_20250913214010,"24,-7",0,0,"27,6",16,False,False,N/A,N/A,N/A,"{'no_mp': True, 'no_fuel': True}"
2025-09-13T22:06:47.023877,INSUFFICIENT_SUPPORT,Z_Batalion__2_Kompania_Zaopatrzeniowa,"24,-7",N/A,N/A,N/A,N/A,N/A,N/A,0,50,4,"{'enemies_list': [], 'units_found': 0, 'units_needed': 1, 'shortage': 1}"
2025-09-13T22:06:47.024491,NO_MOVEMENT_POINTS,P_Batalion__2_Batalion_Strzelc_w_20250913214005,"15,-7",0,0,"25,-9",10,False,False,N/A,N/A,N/A,{'no_mp': True}
2025-09-13T22:06:47.025716,NO_FUEL,P_Batalion__2_Batalion_Strzelc_w_20250913214005,"15,-7",0,0,"25,-9",10,False,False,N/A,N/A,N/A,"{'no_mp': True, 'no_fuel': True}"
2025-09-13T22:06:47.026730,NO_MOVEMENT_POINTS,P_Pluton__2_Kompania_Grenadier_w,"15,-7",0,0,"26,6",24,False,False,N/A,N/A,N/A,{'no_mp': True}
2025-09-13T22:06:47.027733,NO_FUEL,P_Pluton__2_Kompania_Grenadier_w,"15,-7",0,0,"26,6",24,False,False,N/A,N/A,N/A,"{'no_mp': True, 'no_fuel': True}"
2025-09-13T22:06:47.028933,NO_MOVEMENT_POINTS,Z_Pluton__2_Batalion_Wsparcia,"15,-7",0,0,"28,5",25,False,False,N/A,N/A,N/A,{'no_mp': True}
2025-09-13T22:06:47.031118,NO_FUEL,Z_Pluton__2_Batalion_Wsparcia,"15,-7",0,0,"28,5",25,False,False,N/A,N/A,N/A,"{'no_mp': True, 'no_fuel': True}"
2025-09-13T22:06:47.031118,NO_MOVEMENT_POINTS,P_Pluton__2_Kompania_Grenadier_w_20250913214010,"15,-7",0,0,"27,6",25,False,False,N/A,N/A,N/A,{'no_mp': True}
2025-09-13T22:06:47.031118,NO_FUEL,P_Pluton__2_Kompania_Grenadier_w_20250913214010,"15,-7",0,0,"27,6",25,False,False,N/A,N/A,N/A,"{'no_mp': True, 'no_fuel': True}"
2025-09-13T22:06:47.036786,INSUFFICIENT_SUPPORT,D_Pluton__2_Dow_dztwo_Einheit,"15,-7",N/A,N/A,N/A,N/A,N/A,N/A,0,100,4,"{'enemies_list': [], 'units_found': 0, 'units_needed': 2, 'shortage': 2}"
2025-09-13T22:06:47.198943,NO_MOVEMENT_POINTS,P_Pluton__5_Infanterie_Regiment,"45,-15",0,0,"36,-15",9,False,False,N/A,N/A,N/A,{'no_mp': True}
2025-09-13T22:06:47.202528,NO_FUEL,P_Pluton__5_Infanterie_Regiment,"45,-15",0,0,"36,-15",9,False,False,N/A,N/A,N/A,"{'no_mp': True, 'no_fuel': True}"
2025-09-13T22:06:47.202528,NO_MOVEMENT_POINTS,P_Kompania__5_Infanterie_Regiment,"45,-15",0,0,"36,-14",9,False,False,N/A,N/A,N/A,{'no_mp': True}
2025-09-13T22:06:47.203707,NO_FUEL,P_Kompania__5_Infanterie_Regiment,"45,-15",0,0,"36,-14",9,False,False,N/A,N/A,N/A,"{'no_mp': True, 'no_fuel': True}"
2025-09-13T22:06:47.205271,NO_MOVEMENT_POINTS,P_Pluton__5_Sch_tzen_Kompanie,"45,-15",0,0,"37,-15",8,False,False,N/A,N/A,N/A,{'no_mp': True}
2025-09-13T22:06:47.205602,NO_FUEL,P_Pluton__5_Sch_tzen_Kompanie,"45,-15",0,0,"37,-15",8,False,False,N/A,N/A,N/A,"{'no_mp': True, 'no_fuel': True}"
2025-09-13T22:06:47.206625,NO_MOVEMENT_POINTS,AC_Kompania__5_schwere_Artillerie,"45,-15",0,0,"36,-16",10,False,False,N/A,N/A,N/A,{'no_mp': True}
2025-09-13T22:06:47.206625,NO_FUEL,AC_Kompania__5_schwere_Artillerie,"45,-15",0,0,"36,-16",10,False,False,N/A,N/A,N/A,"{'no_mp': True, 'no_fuel': True}"
2025-09-13T22:06:47.206625,NO_MOVEMENT_POINTS,AL_Batalion__5_Artillerie_Abteilung,"45,-15",0,0,"37,-17",10,False,False,N/A,N/A,N/A,{'no_mp': True}
2025-09-13T22:06:47.206625,NO_FUEL,AL_Batalion__5_Artillerie_Abteilung,"45,-15",0,0,"37,-17",10,False,False,N/A,N/A,N/A,"{'no_mp': True, 'no_fuel': True}"
2025-09-13T22:06:47.211706,INSUFFICIENT_SUPPORT,Z_Kompania__5_Unterst_tzungs_Bataillon,"45,-15",N/A,N/A,N/A,N/A,N/A,N/A,0,100,5,"{'enemies_list': [], 'units_found': 0, 'units_needed': 2, 'shortage': 2}"
2025-09-13T22:06:47.213063,NO_MOVEMENT_POINTS,P_Pluton__5_Infanterie_Regiment,"43,-14",0,0,"36,-15",8,False,False,N/A,N/A,N/A,{'no_mp': True}
2025-09-13T22:06:47.216303,NO_FUEL,P_Pluton__5_Infanterie_Regiment,"43,-14",0,0,"36,-15",8,False,False,N/A,N/A,N/A,"{'no_mp': True, 'no_fuel': True}"
2025-09-13T22:06:47.218032,NO_MOVEMENT_POINTS,P_Kompania__5_Infanterie_Regiment,"43,-14",0,0,"36,-14",7,False,False,N/A,N/A,N/A,{'no_mp': True}
2025-09-13T22:06:47.219114,NO_FUEL,P_Kompania__5_Infanterie_Regiment,"43,-14",0,0,"36,-14",7,False,False,N/A,N/A,N/A,"{'no_mp': True, 'no_fuel': True}"
2025-09-13T22:06:47.220477,NO_MOVEMENT_POINTS,P_Pluton__5_Sch_tzen_Kompanie,"43,-14",0,0,"37,-15",7,False,False,N/A,N/A,N/A,{'no_mp': True}
2025-09-13T22:06:47.221888,NO_FUEL,P_Pluton__5_Sch_tzen_Kompanie,"43,-14",0,0,"37,-15",7,False,False,N/A,N/A,N/A,"{'no_mp': True, 'no_fuel': True}"
2025-09-13T22:06:47.222905,NO_MOVEMENT_POINTS,AC_Kompania__5_schwere_Artillerie,"43,-14",0,0,"36,-16",9,False,False,N/A,N/A,N/A,{'no_mp': True}
2025-09-13T22:06:47.222905,NO_FUEL,AC_Kompania__5_schwere_Artillerie,"43,-14",0,0,"36,-16",9,False,False,N/A,N/A,N/A,"{'no_mp': True, 'no_fuel': True}"
2025-09-13T22:06:47.222905,NO_MOVEMENT_POINTS,AL_Batalion__5_Artillerie_Abteilung,"43,-14",0,0,"37,-17",9,False,False,N/A,N/A,N/A,{'no_mp': True}
2025-09-13T22:06:47.222905,NO_FUEL,AL_Batalion__5_Artillerie_Abteilung,"43,-14",0,0,"37,-17",9,False,False,N/A,N/A,N/A,"{'no_mp': True, 'no_fuel': True}"
2025-09-13T22:06:47.222905,INSUFFICIENT_SUPPORT,Z_Pluton__5_Versorgungs_Kompanie,"43,-14",N/A,N/A,N/A,N/A,N/A,N/A,0,150,5,"{'enemies_list': [], 'units_found': 0, 'units_needed': 2, 'shortage': 2}"
2025-09-13T22:06:47.228363,NO_MOVEMENT_POINTS,P_Pluton__5_Infanterie_Regiment,"52,-13",0,0,"36,-15",18,False,False,N/A,N/A,N/A,{'no_mp': True}
2025-09-13T22:06:47.228363,NO_FUEL,P_Pluton__5_Infanterie_Regiment,"52,-13",0,0,"36,-15",18,False,False,N/A,N/A,N/A,"{'no_mp': True, 'no_fuel': True}"
2025-09-13T22:06:47.229366,NO_MOVEMENT_POINTS,P_Kompania__5_Infanterie_Regiment,"52,-13",0,0,"36,-14",17,False,False,N/A,N/A,N/A,{'no_mp': True}
2025-09-13T22:06:47.232508,NO_FUEL,P_Kompania__5_Infanterie_Regiment,"52,-13",0,0,"36,-14",17,False,False,N/A,N/A,N/A,"{'no_mp': True, 'no_fuel': True}"
2025-09-13T22:06:47.234902,NO_MOVEMENT_POINTS,P_Pluton__5_Sch_tzen_Kompanie,"52,-13",0,0,"37,-15",17,False,False,N/A,N/A,N/A,{'no_mp': True}
2025-09-13T22:06:47.236027,NO_FUEL,P_Pluton__5_Sch_tzen_Kompanie,"52,-13",0,0,"37,-15",17,False,False,N/A,N/A,N/A,"{'no_mp': True, 'no_fuel': True}"
2025-09-13T22:06:47.237332,NO_MOVEMENT_POINTS,AC_Kompania__5_schwere_Artillerie,"52,-13",0,0,"36,-16",19,False,False,N/A,N/A,N/A,{'no_mp': True}
2025-09-13T22:06:47.238275,NO_FUEL,AC_Kompania__5_schwere_Artillerie,"52,-13",0,0,"36,-16",19,False,False,N/A,N/A,N/A,"{'no_mp': True, 'no_fuel': True}"
2025-09-13T22:06:47.239429,NO_MOVEMENT_POINTS,AL_Batalion__5_Artillerie_Abteilung,"52,-13",0,0,"37,-17",19,False,False,N/A,N/A,N/A,{'no_mp': True}
2025-09-13T22:06:47.240443,NO_FUEL,AL_Batalion__5_Artillerie_Abteilung,"52,-13",0,0,"37,-17",19,False,False,N/A,N/A,N/A,"{'no_mp': True, 'no_fuel': True}"
2025-09-13T22:06:47.241447,INSUFFICIENT_SUPPORT,Z_Pluton__5_Unterst_tzungs_Bataillon_20250913214038,"52,-13",N/A,N/A,N/A,N/A,N/A,N/A,0,100,5,"{'enemies_list': [], 'units_found': 0, 'units_needed': 2, 'shortage': 2}"
2025-09-13T22:06:47.460870,NO_MOVEMENT_POINTS,P_Batalion__2_Batalion_Strzelc_w_20250913214005,"28,3",0,0,"25,-9",15,False,False,N/A,N/A,N/A,{'no_mp': True}
2025-09-13T22:06:47.461905,NO_FUEL,P_Batalion__2_Batalion_Strzelc_w_20250913214005,"28,3",0,0,"25,-9",15,False,False,N/A,N/A,N/A,"{'no_mp': True, 'no_fuel': True}"
2025-09-13T22:06:47.462965,NO_MOVEMENT_POINTS,P_Pluton__2_Kompania_Grenadier_w,"28,3",0,0,"26,6",3,False,False,N/A,N/A,N/A,{'no_mp': True}
2025-09-13T22:06:47.466033,NO_FUEL,P_Pluton__2_Kompania_Grenadier_w,"28,3",0,0,"26,6",3,False,False,N/A,N/A,N/A,"{'no_mp': True, 'no_fuel': True}"
2025-09-13T22:06:47.468482,NO_MOVEMENT_POINTS,Z_Pluton__2_Batalion_Wsparcia,"28,3",0,0,"28,5",2,False,False,N/A,N/A,N/A,{'no_mp': True}
2025-09-13T22:06:47.469480,NO_FUEL,Z_Pluton__2_Batalion_Wsparcia,"28,3",0,0,"28,5",2,False,False,N/A,N/A,N/A,"{'no_mp': True, 'no_fuel': True}"
2025-09-13T22:06:47.470807,NO_MOVEMENT_POINTS,P_Pluton__2_Kompania_Grenadier_w_20250913214010,"28,3",0,0,"27,6",3,False,False,N/A,N/A,N/A,{'no_mp': True}
2025-09-13T22:06:47.470807,NO_FUEL,P_Pluton__2_Kompania_Grenadier_w_20250913214010,"28,3",0,0,"27,6",3,False,False,N/A,N/A,N/A,"{'no_mp': True, 'no_fuel': True}"
2025-09-13T22:06:47.472200,INSUFFICIENT_SUPPORT,P_Kompania__2_Pu_k_Piechoty,"28,3",N/A,N/A,N/A,N/A,N/A,N/A,0,75,4,"{'enemies_list': [], 'units_found': 0, 'units_needed': 1, 'shortage': 1}"
2025-09-13T22:06:47.474420,NO_MOVEMENT_POINTS,P_Batalion__2_Batalion_Strzelc_w_20250913214005,"27,4",0,0,"25,-9",15,False,False,N/A,N/A,N/A,{'no_mp': True}
2025-09-13T22:06:47.475429,NO_FUEL,P_Batalion__2_Batalion_Strzelc_w_20250913214005,"27,4",0,0,"25,-9",15,False,False,N/A,N/A,N/A,"{'no_mp': True, 'no_fuel': True}"
2025-09-13T22:06:47.475429,NO_MOVEMENT_POINTS,P_Pluton__2_Kompania_Grenadier_w,"27,4",0,0,"26,6",2,False,False,N/A,N/A,N/A,{'no_mp': True}
2025-09-13T22:06:47.476549,NO_FUEL,P_Pluton__2_Kompania_Grenadier_w,"27,4",0,0,"26,6",2,False,False,N/A,N/A,N/A,"{'no_mp': True, 'no_fuel': True}"
2025-09-13T22:06:47.477859,NO_MOVEMENT_POINTS,Z_Pluton__2_Batalion_Wsparcia,"27,4",0,0,"28,5",2,False,False,N/A,N/A,N/A,{'no_mp': True}
2025-09-13T22:06:47.478864,NO_FUEL,Z_Pluton__2_Batalion_Wsparcia,"27,4",0,0,"28,5",2,False,False,N/A,N/A,N/A,"{'no_mp': True, 'no_fuel': True}"
2025-09-13T22:06:47.478864,NO_MOVEMENT_POINTS,P_Pluton__2_Kompania_Grenadier_w_20250913214010,"27,4",0,0,"27,6",2,False,False,N/A,N/A,N/A,{'no_mp': True}
2025-09-13T22:06:47.482014,NO_FUEL,P_Pluton__2_Kompania_Grenadier_w_20250913214010,"27,4",0,0,"27,6",2,False,False,N/A,N/A,N/A,"{'no_mp': True, 'no_fuel': True}"
2025-09-13T22:06:47.484553,INSUFFICIENT_SUPPORT,Z_Pluton__2_Oddzia_Rozpoznawczy,"27,4",N/A,N/A,N/A,N/A,N/A,N/A,0,75,4,"{'enemies_list': [], 'units_found': 0, 'units_needed': 1, 'shortage': 1}"
2025-09-13T22:06:47.485764,NO_MOVEMENT_POINTS,P_Batalion__2_Batalion_Strzelc_w_20250913214005,"24,-7",0,0,"25,-9",2,False,False,N/A,N/A,N/A,{'no_mp': True}
2025-09-13T22:06:47.487052,NO_FUEL,P_Batalion__2_Batalion_Strzelc_w_20250913214005,"24,-7",0,0,"25,-9",2,False,False,N/A,N/A,N/A,"{'no_mp': True, 'no_fuel': True}"
2025-09-13T22:06:47.488133,NO_MOVEMENT_POINTS,P_Pluton__2_Kompania_Grenadier_w,"24,-7",0,0,"26,6",15,False,False,N/A,N/A,N/A,{'no_mp': True}
2025-09-13T22:06:47.489149,NO_FUEL,P_Pluton__2_Kompania_Grenadier_w,"24,-7",0,0,"26,6",15,False,False,N/A,N/A,N/A,"{'no_mp': True, 'no_fuel': True}"
2025-09-13T22:06:47.489149,NO_MOVEMENT_POINTS,Z_Pluton__2_Batalion_Wsparcia,"24,-7",0,0,"28,5",16,False,False,N/A,N/A,N/A,{'no_mp': True}
2025-09-13T22:06:47.489149,NO_FUEL,Z_Pluton__2_Batalion_Wsparcia,"24,-7",0,0,"28,5",16,False,False,N/A,N/A,N/A,"{'no_mp': True, 'no_fuel': True}"
2025-09-13T22:06:47.489149,NO_MOVEMENT_POINTS,P_Pluton__2_Kompania_Grenadier_w_20250913214010,"24,-7",0,0,"27,6",16,False,False,N/A,N/A,N/A,{'no_mp': True}
2025-09-13T22:06:47.489149,NO_FUEL,P_Pluton__2_Kompania_Grenadier_w_20250913214010,"24,-7",0,0,"27,6",16,False,False,N/A,N/A,N/A,"{'no_mp': True, 'no_fuel': True}"
2025-09-13T22:06:47.489149,INSUFFICIENT_SUPPORT,Z_Batalion__2_Kompania_Zaopatrzeniowa,"24,-7",N/A,N/A,N/A,N/A,N/A,N/A,0,50,4,"{'enemies_list': [], 'units_found': 0, 'units_needed': 1, 'shortage': 1}"
2025-09-13T22:06:47.495661,NO_MOVEMENT_POINTS,P_Batalion__2_Batalion_Strzelc_w_20250913214005,"15,-7",0,0,"25,-9",10,False,False,N/A,N/A,N/A,{'no_mp': True}
2025-09-13T22:06:47.496675,NO_FUEL,P_Batalion__2_Batalion_Strzelc_w_20250913214005,"15,-7",0,0,"25,-9",10,False,False,N/A,N/A,N/A,"{'no_mp': True, 'no_fuel': True}"
2025-09-13T22:06:47.499430,NO_MOVEMENT_POINTS,P_Pluton__2_Kompania_Grenadier_w,"15,-7",0,0,"26,6",24,False,False,N/A,N/A,N/A,{'no_mp': True}
2025-09-13T22:06:47.502808,NO_FUEL,P_Pluton__2_Kompania_Grenadier_w,"15,-7",0,0,"26,6",24,False,False,N/A,N/A,N/A,"{'no_mp': True, 'no_fuel': True}"
2025-09-13T22:06:47.504018,NO_MOVEMENT_POINTS,Z_Pluton__2_Batalion_Wsparcia,"15,-7",0,0,"28,5",25,False,False,N/A,N/A,N/A,{'no_mp': True}
2025-09-13T22:06:47.505920,NO_FUEL,Z_Pluton__2_Batalion_Wsparcia,"15,-7",0,0,"28,5",25,False,False,N/A,N/A,N/A,"{'no_mp': True, 'no_fuel': True}"
2025-09-13T22:06:47.505920,NO_MOVEMENT_POINTS,P_Pluton__2_Kompania_Grenadier_w_20250913214010,"15,-7",0,0,"27,6",25,False,False,N/A,N/A,N/A,{'no_mp': True}
2025-09-13T22:06:47.507634,NO_FUEL,P_Pluton__2_Kompania_Grenadier_w_20250913214010,"15,-7",0,0,"27,6",25,False,False,N/A,N/A,N/A,"{'no_mp': True, 'no_fuel': True}"
2025-09-13T22:06:47.508711,INSUFFICIENT_SUPPORT,D_Pluton__2_Dow_dztwo_Einheit,"15,-7",N/A,N/A,N/A,N/A,N/A,N/A,0,100,4,"{'enemies_list': [], 'units_found': 0, 'units_needed': 2, 'shortage': 2}"
2025-09-13T22:06:47.656932,NO_MOVEMENT_POINTS,P_Pluton__5_Infanterie_Regiment,"45,-15",0,0,"36,-15",9,False,False,N/A,N/A,N/A,{'no_mp': True}
2025-09-13T22:06:47.656932,NO_FUEL,P_Pluton__5_Infanterie_Regiment,"45,-15",0,0,"36,-15",9,False,False,N/A,N/A,N/A,"{'no_mp': True, 'no_fuel': True}"
2025-09-13T22:06:47.656932,NO_MOVEMENT_POINTS,P_Kompania__5_Infanterie_Regiment,"45,-15",0,0,"36,-14",9,False,False,N/A,N/A,N/A,{'no_mp': True}
2025-09-13T22:06:47.656932,NO_FUEL,P_Kompania__5_Infanterie_Regiment,"45,-15",0,0,"36,-14",9,False,False,N/A,N/A,N/A,"{'no_mp': True, 'no_fuel': True}"
2025-09-13T22:06:47.656932,NO_MOVEMENT_POINTS,P_Pluton__5_Sch_tzen_Kompanie,"45,-15",0,0,"37,-15",8,False,False,N/A,N/A,N/A,{'no_mp': True}
2025-09-13T22:06:47.660955,NO_FUEL,P_Pluton__5_Sch_tzen_Kompanie,"45,-15",0,0,"37,-15",8,False,False,N/A,N/A,N/A,"{'no_mp': True, 'no_fuel': True}"
2025-09-13T22:06:47.661969,NO_MOVEMENT_POINTS,AC_Kompania__5_schwere_Artillerie,"45,-15",0,0,"36,-16",10,False,False,N/A,N/A,N/A,{'no_mp': True}
2025-09-13T22:06:47.662975,NO_FUEL,AC_Kompania__5_schwere_Artillerie,"45,-15",0,0,"36,-16",10,False,False,N/A,N/A,N/A,"{'no_mp': True, 'no_fuel': True}"
2025-09-13T22:06:47.666242,NO_MOVEMENT_POINTS,AL_Batalion__5_Artillerie_Abteilung,"45,-15",0,0,"37,-17",10,False,False,N/A,N/A,N/A,{'no_mp': True}
2025-09-13T22:06:47.668489,NO_FUEL,AL_Batalion__5_Artillerie_Abteilung,"45,-15",0,0,"37,-17",10,False,False,N/A,N/A,N/A,"{'no_mp': True, 'no_fuel': True}"
2025-09-13T22:06:47.669486,INSUFFICIENT_SUPPORT,Z_Kompania__5_Unterst_tzungs_Bataillon,"45,-15",N/A,N/A,N/A,N/A,N/A,N/A,0,100,5,"{'enemies_list': [], 'units_found': 0, 'units_needed': 2, 'shortage': 2}"
2025-09-13T22:06:47.670705,NO_MOVEMENT_POINTS,P_Pluton__5_Infanterie_Regiment,"43,-14",0,0,"36,-15",8,False,False,N/A,N/A,N/A,{'no_mp': True}
2025-09-13T22:06:47.671790,NO_FUEL,P_Pluton__5_Infanterie_Regiment,"43,-14",0,0,"36,-15",8,False,False,N/A,N/A,N/A,"{'no_mp': True, 'no_fuel': True}"
2025-09-13T22:06:47.672882,NO_MOVEMENT_POINTS,P_Kompania__5_Infanterie_Regiment,"43,-14",0,0,"36,-14",7,False,False,N/A,N/A,N/A,{'no_mp': True}
2025-09-13T22:06:47.672882,NO_FUEL,P_Kompania__5_Infanterie_Regiment,"43,-14",0,0,"36,-14",7,False,False,N/A,N/A,N/A,"{'no_mp': True, 'no_fuel': True}"
2025-09-13T22:06:47.672882,NO_MOVEMENT_POINTS,P_Pluton__5_Sch_tzen_Kompanie,"43,-14",0,0,"37,-15",7,False,False,N/A,N/A,N/A,{'no_mp': True}
2025-09-13T22:06:47.672882,NO_FUEL,P_Pluton__5_Sch_tzen_Kompanie,"43,-14",0,0,"37,-15",7,False,False,N/A,N/A,N/A,"{'no_mp': True, 'no_fuel': True}"
2025-09-13T22:06:47.672882,NO_MOVEMENT_POINTS,AC_Kompania__5_schwere_Artillerie,"43,-14",0,0,"36,-16",9,False,False,N/A,N/A,N/A,{'no_mp': True}
2025-09-13T22:06:47.672882,NO_FUEL,AC_Kompania__5_schwere_Artillerie,"43,-14",0,0,"36,-16",9,False,False,N/A,N/A,N/A,"{'no_mp': True, 'no_fuel': True}"
2025-09-13T22:06:47.672882,NO_MOVEMENT_POINTS,AL_Batalion__5_Artillerie_Abteilung,"43,-14",0,0,"37,-17",9,False,False,N/A,N/A,N/A,{'no_mp': True}
2025-09-13T22:06:47.672882,NO_FUEL,AL_Batalion__5_Artillerie_Abteilung,"43,-14",0,0,"37,-17",9,False,False,N/A,N/A,N/A,"{'no_mp': True, 'no_fuel': True}"
2025-09-13T22:06:47.680760,INSUFFICIENT_SUPPORT,Z_Pluton__5_Versorgungs_Kompanie,"43,-14",N/A,N/A,N/A,N/A,N/A,N/A,0,150,5,"{'enemies_list': [], 'units_found': 0, 'units_needed': 2, 'shortage': 2}"
2025-09-13T22:06:47.684345,NO_MOVEMENT_POINTS,P_Pluton__5_Infanterie_Regiment,"52,-13",0,0,"36,-15",18,False,False,N/A,N/A,N/A,{'no_mp': True}
2025-09-13T22:06:47.685358,NO_FUEL,P_Pluton__5_Infanterie_Regiment,"52,-13",0,0,"36,-15",18,False,False,N/A,N/A,N/A,"{'no_mp': True, 'no_fuel': True}"
2025-09-13T22:06:47.686361,NO_MOVEMENT_POINTS,P_Kompania__5_Infanterie_Regiment,"52,-13",0,0,"36,-14",17,False,False,N/A,N/A,N/A,{'no_mp': True}
2025-09-13T22:06:47.687396,NO_FUEL,P_Kompania__5_Infanterie_Regiment,"52,-13",0,0,"36,-14",17,False,False,N/A,N/A,N/A,"{'no_mp': True, 'no_fuel': True}"
2025-09-13T22:06:47.688747,NO_MOVEMENT_POINTS,P_Pluton__5_Sch_tzen_Kompanie,"52,-13",0,0,"37,-15",17,False,False,N/A,N/A,N/A,{'no_mp': True}
2025-09-13T22:06:47.688747,NO_FUEL,P_Pluton__5_Sch_tzen_Kompanie,"52,-13",0,0,"37,-15",17,False,False,N/A,N/A,N/A,"{'no_mp': True, 'no_fuel': True}"
2025-09-13T22:06:47.689980,NO_MOVEMENT_POINTS,AC_Kompania__5_schwere_Artillerie,"52,-13",0,0,"36,-16",19,False,False,N/A,N/A,N/A,{'no_mp': True}
2025-09-13T22:06:47.691215,NO_FUEL,AC_Kompania__5_schwere_Artillerie,"52,-13",0,0,"36,-16",19,False,False,N/A,N/A,N/A,"{'no_mp': True, 'no_fuel': True}"
2025-09-13T22:06:47.692107,NO_MOVEMENT_POINTS,AL_Batalion__5_Artillerie_Abteilung,"52,-13",0,0,"37,-17",19,False,False,N/A,N/A,N/A,{'no_mp': True}
2025-09-13T22:06:47.692687,NO_FUEL,AL_Batalion__5_Artillerie_Abteilung,"52,-13",0,0,"37,-17",19,False,False,N/A,N/A,N/A,"{'no_mp': True, 'no_fuel': True}"
2025-09-13T22:06:47.693956,INSUFFICIENT_SUPPORT,Z_Pluton__5_Unterst_tzungs_Bataillon_20250913214038,"52,-13",N/A,N/A,N/A,N/A,N/A,N/A,0,100,5,"{'enemies_list': [], 'units_found': 0, 'units_needed': 2, 'shortage': 2}"
2025-09-13T22:06:49.241221,NO_MOVEMENT_POINTS,P_Batalion__2_Batalion_Strzelc_w,"24,-8",0,0,"25,-9",1,False,False,N/A,N/A,N/A,{'no_mp': True}
2025-09-13T22:06:49.241221,NO_FUEL,P_Batalion__2_Batalion_Strzelc_w,"24,-8",0,0,"25,-9",1,False,False,N/A,N/A,N/A,"{'no_mp': True, 'no_fuel': True}"
2025-09-13T22:06:49.241221,NO_MOVEMENT_POINTS,P_Batalion__2_Batalion_Strzelc_w_20250913214005,"24,-8",0,0,"26,-9",2,False,False,N/A,N/A,N/A,{'no_mp': True}
2025-09-13T22:06:49.246663,NO_FUEL,P_Batalion__2_Batalion_Strzelc_w_20250913214005,"24,-8",0,0,"26,-9",2,False,False,N/A,N/A,N/A,"{'no_mp': True, 'no_fuel': True}"
2025-09-13T22:06:49.247667,NO_MOVEMENT_POINTS,P_Pluton__2_Kompania_Grenadier_w,"24,-8",0,0,"27,5",16,False,False,N/A,N/A,N/A,{'no_mp': True}
2025-09-13T22:06:49.247667,NO_FUEL,P_Pluton__2_Kompania_Grenadier_w,"24,-8",0,0,"27,5",16,False,False,N/A,N/A,N/A,"{'no_mp': True, 'no_fuel': True}"
2025-09-13T22:06:49.251116,NO_MOVEMENT_POINTS,P_Pluton__2_Kompania_Grenadier_w_20250913214010,"24,-8",0,0,"28,4",16,False,False,N/A,N/A,N/A,{'no_mp': True}
2025-09-13T22:06:49.251116,NO_FUEL,P_Pluton__2_Kompania_Grenadier_w_20250913214010,"24,-8",0,0,"28,4",16,False,False,N/A,N/A,N/A,"{'no_mp': True, 'no_fuel': True}"
2025-09-13T22:06:49.254664,INSUFFICIENT_SUPPORT,TL_Kompania__2_Batalion_Pancerny,"24,-8",N/A,N/A,N/A,N/A,N/A,N/A,0,100,4,"{'enemies_list': [], 'units_found': 0, 'units_needed': 2, 'shortage': 2}"
2025-09-13T22:06:49.255909,NO_MOVEMENT_POINTS,P_Batalion__2_Batalion_Strzelc_w,"28,3",0,0,"25,-9",15,False,False,N/A,N/A,N/A,{'no_mp': True}
2025-09-13T22:06:49.257167,NO_FUEL,P_Batalion__2_Batalion_Strzelc_w,"28,3",0,0,"25,-9",15,False,False,N/A,N/A,N/A,"{'no_mp': True, 'no_fuel': True}"
2025-09-13T22:06:49.257167,NO_MOVEMENT_POINTS,P_Batalion__2_Batalion_Strzelc_w_20250913214005,"28,3",0,0,"26,-9",14,False,False,N/A,N/A,N/A,{'no_mp': True}
2025-09-13T22:06:49.258603,NO_FUEL,P_Batalion__2_Batalion_Strzelc_w_20250913214005,"28,3",0,0,"26,-9",14,False,False,N/A,N/A,N/A,"{'no_mp': True, 'no_fuel': True}"
2025-09-13T22:06:49.259879,NO_MOVEMENT_POINTS,P_Pluton__2_Kompania_Grenadier_w,"28,3",0,0,"27,5",2,False,False,N/A,N/A,N/A,{'no_mp': True}
2025-09-13T22:06:49.261071,NO_FUEL,P_Pluton__2_Kompania_Grenadier_w,"28,3",0,0,"27,5",2,False,False,N/A,N/A,N/A,"{'no_mp': True, 'no_fuel': True}"
2025-09-13T22:06:49.261071,NO_MOVEMENT_POINTS,P_Pluton__2_Kompania_Grenadier_w_20250913214010,"28,3",0,0,"28,4",1,False,False,N/A,N/A,N/A,{'no_mp': True}
2025-09-13T22:06:49.262076,NO_FUEL,P_Pluton__2_Kompania_Grenadier_w_20250913214010,"28,3",0,0,"28,4",1,False,False,N/A,N/A,N/A,"{'no_mp': True, 'no_fuel': True}"
2025-09-13T22:06:49.263339,INSUFFICIENT_SUPPORT,P_Kompania__2_Pu_k_Piechoty,"28,3",N/A,N/A,N/A,N/A,N/A,N/A,0,75,4,"{'enemies_list': [], 'units_found': 0, 'units_needed': 1, 'shortage': 1}"
2025-09-13T22:06:49.264668,NO_MOVEMENT_POINTS,P_Batalion__2_Batalion_Strzelc_w,"15,-7",0,0,"25,-9",10,False,False,N/A,N/A,N/A,{'no_mp': True}
2025-09-13T22:06:49.265673,NO_FUEL,P_Batalion__2_Batalion_Strzelc_w,"15,-7",0,0,"25,-9",10,False,False,N/A,N/A,N/A,"{'no_mp': True, 'no_fuel': True}"
2025-09-13T22:06:49.268666,NO_MOVEMENT_POINTS,P_Batalion__2_Batalion_Strzelc_w_20250913214005,"15,-7",0,0,"26,-9",11,False,False,N/A,N/A,N/A,{'no_mp': True}
2025-09-13T22:06:49.270257,NO_FUEL,P_Batalion__2_Batalion_Strzelc_w_20250913214005,"15,-7",0,0,"26,-9",11,False,False,N/A,N/A,N/A,"{'no_mp': True, 'no_fuel': True}"
2025-09-13T22:06:49.271578,NO_MOVEMENT_POINTS,P_Pluton__2_Kompania_Grenadier_w,"15,-7",0,0,"27,5",24,False,False,N/A,N/A,N/A,{'no_mp': True}
2025-09-13T22:06:49.271578,NO_FUEL,P_Pluton__2_Kompania_Grenadier_w,"15,-7",0,0,"27,5",24,False,False,N/A,N/A,N/A,"{'no_mp': True, 'no_fuel': True}"
2025-09-13T22:06:49.272952,NO_MOVEMENT_POINTS,P_Pluton__2_Kompania_Grenadier_w_20250913214010,"15,-7",0,0,"28,4",24,False,False,N/A,N/A,N/A,{'no_mp': True}
2025-09-13T22:06:49.274062,NO_FUEL,P_Pluton__2_Kompania_Grenadier_w_20250913214010,"15,-7",0,0,"28,4",24,False,False,N/A,N/A,N/A,"{'no_mp': True, 'no_fuel': True}"
2025-09-13T22:06:49.275155,INSUFFICIENT_SUPPORT,D_Pluton__2_Dow_dztwo_Einheit,"15,-7",N/A,N/A,N/A,N/A,N/A,N/A,0,100,4,"{'enemies_list': [], 'units_found': 0, 'units_needed': 2, 'shortage': 2}"
2025-09-13T22:06:49.720513,NO_MOVEMENT_POINTS,P_Pluton__5_Infanterie_Regiment,"43,-14",0,0,"35,-15",9,False,False,N/A,N/A,N/A,{'no_mp': True}
2025-09-13T22:06:49.721789,NO_FUEL,P_Pluton__5_Infanterie_Regiment,"43,-14",0,0,"35,-15",9,False,False,N/A,N/A,N/A,"{'no_mp': True, 'no_fuel': True}"
2025-09-13T22:06:49.722885,NO_MOVEMENT_POINTS,P_Kompania__5_Infanterie_Regiment,"43,-14",0,0,"36,-15",8,False,False,N/A,N/A,N/A,{'no_mp': True}
2025-09-13T22:06:49.722885,NO_FUEL,P_Kompania__5_Infanterie_Regiment,"43,-14",0,0,"36,-15",8,False,False,N/A,N/A,N/A,"{'no_mp': True, 'no_fuel': True}"
2025-09-13T22:06:49.724068,NO_MOVEMENT_POINTS,P_Pluton__5_Sch_tzen_Kompanie,"43,-14",0,0,"37,-15",7,False,False,N/A,N/A,N/A,{'no_mp': True}
2025-09-13T22:06:49.725243,NO_FUEL,P_Pluton__5_Sch_tzen_Kompanie,"43,-14",0,0,"37,-15",7,False,False,N/A,N/A,N/A,"{'no_mp': True, 'no_fuel': True}"
2025-09-13T22:06:49.725243,NO_MOVEMENT_POINTS,AC_Kompania__5_schwere_Artillerie,"43,-14",0,0,"36,-16",9,False,False,N/A,N/A,N/A,{'no_mp': True}
2025-09-13T22:06:49.725243,NO_FUEL,AC_Kompania__5_schwere_Artillerie,"43,-14",0,0,"36,-16",9,False,False,N/A,N/A,N/A,"{'no_mp': True, 'no_fuel': True}"
2025-09-13T22:06:49.725243,NO_MOVEMENT_POINTS,AL_Batalion__5_Artillerie_Abteilung,"43,-14",0,0,"37,-16",8,False,False,N/A,N/A,N/A,{'no_mp': True}
2025-09-13T22:06:49.725243,NO_FUEL,AL_Batalion__5_Artillerie_Abteilung,"43,-14",0,0,"37,-16",8,False,False,N/A,N/A,N/A,"{'no_mp': True, 'no_fuel': True}"
2025-09-13T22:06:49.725243,INSUFFICIENT_SUPPORT,Z_Pluton__5_Versorgungs_Kompanie,"43,-14",N/A,N/A,N/A,N/A,N/A,N/A,0,150,5,"{'enemies_list': [], 'units_found': 0, 'units_needed': 2, 'shortage': 2}"
2025-09-13T22:06:50.023701,NO_MOVEMENT_POINTS,P_Batalion__2_Batalion_Strzelc_w_20250913214005,"24,-7",0,0,"25,-9",2,False,False,N/A,N/A,N/A,{'no_mp': True}
2025-09-13T22:06:50.024856,NO_FUEL,P_Batalion__2_Batalion_Strzelc_w_20250913214005,"24,-7",0,0,"25,-9",2,False,False,N/A,N/A,N/A,"{'no_mp': True, 'no_fuel': True}"
2025-09-13T22:06:50.025859,NO_MOVEMENT_POINTS,P_Pluton__2_Kompania_Grenadier_w,"24,-7",0,0,"26,6",15,False,False,N/A,N/A,N/A,{'no_mp': True}
2025-09-13T22:06:50.027066,NO_FUEL,P_Pluton__2_Kompania_Grenadier_w,"24,-7",0,0,"26,6",15,False,False,N/A,N/A,N/A,"{'no_mp': True, 'no_fuel': True}"
2025-09-13T22:06:50.027805,NO_MOVEMENT_POINTS,Z_Pluton__2_Batalion_Wsparcia,"24,-7",0,0,"28,5",16,False,False,N/A,N/A,N/A,{'no_mp': True}
2025-09-13T22:06:50.029113,NO_FUEL,Z_Pluton__2_Batalion_Wsparcia,"24,-7",0,0,"28,5",16,False,False,N/A,N/A,N/A,"{'no_mp': True, 'no_fuel': True}"
2025-09-13T22:06:50.030122,NO_MOVEMENT_POINTS,P_Pluton__2_Kompania_Grenadier_w_20250913214010,"24,-7",0,0,"27,6",16,False,False,N/A,N/A,N/A,{'no_mp': True}
2025-09-13T22:06:50.030122,NO_FUEL,P_Pluton__2_Kompania_Grenadier_w_20250913214010,"24,-7",0,0,"27,6",16,False,False,N/A,N/A,N/A,"{'no_mp': True, 'no_fuel': True}"
2025-09-13T22:06:50.031127,INSUFFICIENT_SUPPORT,P_Batalion__2_Batalion_Strzelc_w,"24,-7",N/A,N/A,N/A,N/A,N/A,N/A,0,50,4,"{'enemies_list': [], 'units_found': 0, 'units_needed': 1, 'shortage': 1}"
2025-09-13T22:06:50.034840,NO_MOVEMENT_POINTS,P_Batalion__2_Batalion_Strzelc_w_20250913214005,"28,3",0,0,"25,-9",15,False,False,N/A,N/A,N/A,{'no_mp': True}
2025-09-13T22:06:50.037541,NO_FUEL,P_Batalion__2_Batalion_Strzelc_w_20250913214005,"28,3",0,0,"25,-9",15,False,False,N/A,N/A,N/A,"{'no_mp': True, 'no_fuel': True}"
2025-09-13T22:06:50.038395,NO_MOVEMENT_POINTS,P_Pluton__2_Kompania_Grenadier_w,"28,3",0,0,"26,6",3,False,False,N/A,N/A,N/A,{'no_mp': True}
2025-09-13T22:06:50.039613,NO_FUEL,P_Pluton__2_Kompania_Grenadier_w,"28,3",0,0,"26,6",3,False,False,N/A,N/A,N/A,"{'no_mp': True, 'no_fuel': True}"
2025-09-13T22:06:50.039613,NO_MOVEMENT_POINTS,Z_Pluton__2_Batalion_Wsparcia,"28,3",0,0,"28,5",2,False,False,N/A,N/A,N/A,{'no_mp': True}
2025-09-13T22:06:50.040868,NO_FUEL,Z_Pluton__2_Batalion_Wsparcia,"28,3",0,0,"28,5",2,False,False,N/A,N/A,N/A,"{'no_mp': True, 'no_fuel': True}"
2025-09-13T22:06:50.042147,NO_MOVEMENT_POINTS,P_Pluton__2_Kompania_Grenadier_w_20250913214010,"28,3",0,0,"27,6",3,False,False,N/A,N/A,N/A,{'no_mp': True}
2025-09-13T22:06:50.042147,NO_FUEL,P_Pluton__2_Kompania_Grenadier_w_20250913214010,"28,3",0,0,"27,6",3,False,False,N/A,N/A,N/A,"{'no_mp': True, 'no_fuel': True}"
2025-09-13T22:06:50.044159,INSUFFICIENT_SUPPORT,P_Kompania__2_Pu_k_Piechoty,"28,3",N/A,N/A,N/A,N/A,N/A,N/A,0,75,4,"{'enemies_list': [], 'units_found': 0, 'units_needed': 1, 'shortage': 1}"
2025-09-13T22:06:50.045365,NO_MOVEMENT_POINTS,P_Batalion__2_Batalion_Strzelc_w_20250913214005,"27,4",0,0,"25,-9",15,False,False,N/A,N/A,N/A,{'no_mp': True}
2025-09-13T22:06:50.046460,NO_FUEL,P_Batalion__2_Batalion_Strzelc_w_20250913214005,"27,4",0,0,"25,-9",15,False,False,N/A,N/A,N/A,"{'no_mp': True, 'no_fuel': True}"
2025-09-13T22:06:50.047592,NO_MOVEMENT_POINTS,P_Pluton__2_Kompania_Grenadier_w,"27,4",0,0,"26,6",2,False,False,N/A,N/A,N/A,{'no_mp': True}
2025-09-13T22:06:50.047592,NO_FUEL,P_Pluton__2_Kompania_Grenadier_w,"27,4",0,0,"26,6",2,False,False,N/A,N/A,N/A,"{'no_mp': True, 'no_fuel': True}"
2025-09-13T22:06:50.048792,NO_MOVEMENT_POINTS,Z_Pluton__2_Batalion_Wsparcia,"27,4",0,0,"28,5",2,False,False,N/A,N/A,N/A,{'no_mp': True}
2025-09-13T22:06:50.050986,NO_FUEL,Z_Pluton__2_Batalion_Wsparcia,"27,4",0,0,"28,5",2,False,False,N/A,N/A,N/A,"{'no_mp': True, 'no_fuel': True}"
2025-09-13T22:06:50.055203,NO_MOVEMENT_POINTS,P_Pluton__2_Kompania_Grenadier_w_20250913214010,"27,4",0,0,"27,6",2,False,False,N/A,N/A,N/A,{'no_mp': True}
2025-09-13T22:06:50.055203,NO_FUEL,P_Pluton__2_Kompania_Grenadier_w_20250913214010,"27,4",0,0,"27,6",2,False,False,N/A,N/A,N/A,"{'no_mp': True, 'no_fuel': True}"
2025-09-13T22:06:50.059196,INSUFFICIENT_SUPPORT,Z_Pluton__2_Oddzia_Rozpoznawczy,"27,4",N/A,N/A,N/A,N/A,N/A,N/A,0,75,4,"{'enemies_list': [], 'units_found': 0, 'units_needed': 1, 'shortage': 1}"
2025-09-13T22:06:50.060195,NO_MOVEMENT_POINTS,P_Batalion__2_Batalion_Strzelc_w_20250913214005,"15,-7",0,0,"25,-9",10,False,False,N/A,N/A,N/A,{'no_mp': True}
2025-09-13T22:06:50.061201,NO_FUEL,P_Batalion__2_Batalion_Strzelc_w_20250913214005,"15,-7",0,0,"25,-9",10,False,False,N/A,N/A,N/A,"{'no_mp': True, 'no_fuel': True}"
2025-09-13T22:06:50.061201,NO_MOVEMENT_POINTS,P_Pluton__2_Kompania_Grenadier_w,"15,-7",0,0,"26,6",24,False,False,N/A,N/A,N/A,{'no_mp': True}
2025-09-13T22:06:50.062883,NO_FUEL,P_Pluton__2_Kompania_Grenadier_w,"15,-7",0,0,"26,6",24,False,False,N/A,N/A,N/A,"{'no_mp': True, 'no_fuel': True}"
2025-09-13T22:06:50.063354,NO_MOVEMENT_POINTS,Z_Pluton__2_Batalion_Wsparcia,"15,-7",0,0,"28,5",25,False,False,N/A,N/A,N/A,{'no_mp': True}
2025-09-13T22:06:50.064364,NO_FUEL,Z_Pluton__2_Batalion_Wsparcia,"15,-7",0,0,"28,5",25,False,False,N/A,N/A,N/A,"{'no_mp': True, 'no_fuel': True}"
2025-09-13T22:06:50.064364,NO_MOVEMENT_POINTS,P_Pluton__2_Kompania_Grenadier_w_20250913214010,"15,-7",0,0,"27,6",25,False,False,N/A,N/A,N/A,{'no_mp': True}
2025-09-13T22:06:50.067625,NO_FUEL,P_Pluton__2_Kompania_Grenadier_w_20250913214010,"15,-7",0,0,"27,6",25,False,False,N/A,N/A,N/A,"{'no_mp': True, 'no_fuel': True}"
2025-09-13T22:06:50.067625,INSUFFICIENT_SUPPORT,D_Pluton__2_Dow_dztwo_Einheit,"15,-7",N/A,N/A,N/A,N/A,N/A,N/A,0,100,4,"{'enemies_list': [], 'units_found': 0, 'units_needed': 2, 'shortage': 2}"
2025-09-13T22:06:50.582139,NO_MOVEMENT_POINTS,P_Pluton__5_Infanterie_Regiment,"43,-14",0,0,"36,-15",8,False,False,N/A,N/A,N/A,{'no_mp': True}
2025-09-13T22:06:50.587574,NO_FUEL,P_Pluton__5_Infanterie_Regiment,"43,-14",0,0,"36,-15",8,False,False,N/A,N/A,N/A,"{'no_mp': True, 'no_fuel': True}"
2025-09-13T22:06:50.589574,NO_MOVEMENT_POINTS,P_Kompania__5_Infanterie_Regiment,"43,-14",0,0,"36,-14",7,False,False,N/A,N/A,N/A,{'no_mp': True}
2025-09-13T22:06:50.591569,NO_FUEL,P_Kompania__5_Infanterie_Regiment,"43,-14",0,0,"36,-14",7,False,False,N/A,N/A,N/A,"{'no_mp': True, 'no_fuel': True}"
2025-09-13T22:06:50.593563,NO_MOVEMENT_POINTS,P_Pluton__5_Sch_tzen_Kompanie,"43,-14",0,0,"37,-15",7,False,False,N/A,N/A,N/A,{'no_mp': True}
2025-09-13T22:06:50.596324,NO_FUEL,P_Pluton__5_Sch_tzen_Kompanie,"43,-14",0,0,"37,-15",7,False,False,N/A,N/A,N/A,"{'no_mp': True, 'no_fuel': True}"
2025-09-13T22:06:50.597376,NO_MOVEMENT_POINTS,AC_Kompania__5_schwere_Artillerie,"43,-14",0,0,"36,-16",9,False,False,N/A,N/A,N/A,{'no_mp': True}
2025-09-13T22:06:50.598350,NO_FUEL,AC_Kompania__5_schwere_Artillerie,"43,-14",0,0,"36,-16",9,False,False,N/A,N/A,N/A,"{'no_mp': True, 'no_fuel': True}"
2025-09-13T22:06:50.600758,NO_MOVEMENT_POINTS,AL_Batalion__5_Artillerie_Abteilung,"43,-14",0,0,"37,-16",8,False,False,N/A,N/A,N/A,{'no_mp': True}
2025-09-13T22:06:50.602952,NO_FUEL,AL_Batalion__5_Artillerie_Abteilung,"43,-14",0,0,"37,-16",8,False,False,N/A,N/A,N/A,"{'no_mp': True, 'no_fuel': True}"
2025-09-13T22:06:50.605358,INSUFFICIENT_SUPPORT,Z_Pluton__5_Versorgungs_Kompanie,"43,-14",N/A,N/A,N/A,N/A,N/A,N/A,0,150,5,"{'enemies_list': [], 'units_found': 0, 'units_needed': 2, 'shortage': 2}"
2025-09-13T22:06:50.607531,NO_MOVEMENT_POINTS,P_Pluton__5_Infanterie_Regiment,"43,-15",0,0,"36,-15",7,False,False,N/A,N/A,N/A,{'no_mp': True}
2025-09-13T22:06:50.608528,NO_FUEL,P_Pluton__5_Infanterie_Regiment,"43,-15",0,0,"36,-15",7,False,False,N/A,N/A,N/A,"{'no_mp': True, 'no_fuel': True}"
2025-09-13T22:06:50.609348,NO_MOVEMENT_POINTS,P_Kompania__5_Infanterie_Regiment,"43,-15",0,0,"36,-14",7,False,False,N/A,N/A,N/A,{'no_mp': True}
2025-09-13T22:06:50.609944,NO_FUEL,P_Kompania__5_Infanterie_Regiment,"43,-15",0,0,"36,-14",7,False,False,N/A,N/A,N/A,"{'no_mp': True, 'no_fuel': True}"
2025-09-13T22:06:50.609944,NO_MOVEMENT_POINTS,P_Pluton__5_Sch_tzen_Kompanie,"43,-15",0,0,"37,-15",6,False,False,N/A,N/A,N/A,{'no_mp': True}
2025-09-13T22:06:50.609944,NO_FUEL,P_Pluton__5_Sch_tzen_Kompanie,"43,-15",0,0,"37,-15",6,False,False,N/A,N/A,N/A,"{'no_mp': True, 'no_fuel': True}"
2025-09-13T22:06:50.609944,NO_MOVEMENT_POINTS,AC_Kompania__5_schwere_Artillerie,"43,-15",0,0,"36,-16",8,False,False,N/A,N/A,N/A,{'no_mp': True}
2025-09-13T22:06:50.615172,NO_FUEL,AC_Kompania__5_schwere_Artillerie,"43,-15",0,0,"36,-16",8,False,False,N/A,N/A,N/A,"{'no_mp': True, 'no_fuel': True}"
2025-09-13T22:06:50.615172,NO_MOVEMENT_POINTS,AL_Batalion__5_Artillerie_Abteilung,"43,-15",0,0,"37,-16",7,False,False,N/A,N/A,N/A,{'no_mp': True}
2025-09-13T22:06:50.617184,NO_FUEL,AL_Batalion__5_Artillerie_Abteilung,"43,-15",0,0,"37,-16",7,False,False,N/A,N/A,N/A,"{'no_mp': True, 'no_fuel': True}"
2025-09-13T22:06:50.620624,INSUFFICIENT_SUPPORT,Z_Pluton__5_Unterst_tzungs_Bataillon,"43,-15",N/A,N/A,N/A,N/A,N/A,N/A,0,150,5,"{'enemies_list': [], 'units_found': 0, 'units_needed': 2, 'shortage': 2}"
2025-09-13T22:06:50.809889,NO_MOVEMENT_POINTS,P_Batalion__2_Batalion_Strzelc_w_20250913214005,"28,3",0,0,"25,-9",15,False,False,N/A,N/A,N/A,{'no_mp': True}
2025-09-13T22:06:50.809889,NO_FUEL,P_Batalion__2_Batalion_Strzelc_w_20250913214005,"28,3",0,0,"25,-9",15,False,False,N/A,N/A,N/A,"{'no_mp': True, 'no_fuel': True}"
2025-09-13T22:06:50.809889,NO_MOVEMENT_POINTS,P_Pluton__2_Kompania_Grenadier_w,"28,3",0,0,"26,6",3,False,False,N/A,N/A,N/A,{'no_mp': True}
2025-09-13T22:06:50.809889,NO_FUEL,P_Pluton__2_Kompania_Grenadier_w,"28,3",0,0,"26,6",3,False,False,N/A,N/A,N/A,"{'no_mp': True, 'no_fuel': True}"
2025-09-13T22:06:50.809889,NO_MOVEMENT_POINTS,Z_Pluton__2_Batalion_Wsparcia,"28,3",0,0,"28,5",2,False,False,N/A,N/A,N/A,{'no_mp': True}
2025-09-13T22:06:50.815658,NO_FUEL,Z_Pluton__2_Batalion_Wsparcia,"28,3",0,0,"28,5",2,False,False,N/A,N/A,N/A,"{'no_mp': True, 'no_fuel': True}"
2025-09-13T22:06:50.818714,NO_MOVEMENT_POINTS,P_Pluton__2_Kompania_Grenadier_w_20250913214010,"28,3",0,0,"27,6",3,False,False,N/A,N/A,N/A,{'no_mp': True}
2025-09-13T22:06:50.822224,NO_FUEL,P_Pluton__2_Kompania_Grenadier_w_20250913214010,"28,3",0,0,"27,6",3,False,False,N/A,N/A,N/A,"{'no_mp': True, 'no_fuel': True}"
2025-09-13T22:06:50.823275,INSUFFICIENT_SUPPORT,P_Kompania__2_Pu_k_Piechoty,"28,3",N/A,N/A,N/A,N/A,N/A,N/A,0,75,4,"{'enemies_list': [], 'units_found': 0, 'units_needed': 1, 'shortage': 1}"
2025-09-13T22:06:50.824604,NO_MOVEMENT_POINTS,P_Batalion__2_Batalion_Strzelc_w_20250913214005,"27,4",0,0,"25,-9",15,False,False,N/A,N/A,N/A,{'no_mp': True}
2025-09-13T22:06:50.826068,NO_FUEL,P_Batalion__2_Batalion_Strzelc_w_20250913214005,"27,4",0,0,"25,-9",15,False,False,N/A,N/A,N/A,"{'no_mp': True, 'no_fuel': True}"
2025-09-13T22:06:50.827284,NO_MOVEMENT_POINTS,P_Pluton__2_Kompania_Grenadier_w,"27,4",0,0,"26,6",2,False,False,N/A,N/A,N/A,{'no_mp': True}
2025-09-13T22:06:50.829353,NO_FUEL,P_Pluton__2_Kompania_Grenadier_w,"27,4",0,0,"26,6",2,False,False,N/A,N/A,N/A,"{'no_mp': True, 'no_fuel': True}"
2025-09-13T22:06:50.830430,NO_MOVEMENT_POINTS,Z_Pluton__2_Batalion_Wsparcia,"27,4",0,0,"28,5",2,False,False,N/A,N/A,N/A,{'no_mp': True}
2025-09-13T22:06:50.831428,NO_FUEL,Z_Pluton__2_Batalion_Wsparcia,"27,4",0,0,"28,5",2,False,False,N/A,N/A,N/A,"{'no_mp': True, 'no_fuel': True}"
2025-09-13T22:06:50.832425,NO_MOVEMENT_POINTS,P_Pluton__2_Kompania_Grenadier_w_20250913214010,"27,4",0,0,"27,6",2,False,False,N/A,N/A,N/A,{'no_mp': True}
2025-09-13T22:06:50.839407,NO_FUEL,P_Pluton__2_Kompania_Grenadier_w_20250913214010,"27,4",0,0,"27,6",2,False,False,N/A,N/A,N/A,"{'no_mp': True, 'no_fuel': True}"
2025-09-13T22:06:50.841736,INSUFFICIENT_SUPPORT,Z_Pluton__2_Oddzia_Rozpoznawczy,"27,4",N/A,N/A,N/A,N/A,N/A,N/A,0,75,4,"{'enemies_list': [], 'units_found': 0, 'units_needed': 1, 'shortage': 1}"
2025-09-13T22:06:50.842953,NO_MOVEMENT_POINTS,P_Batalion__2_Batalion_Strzelc_w_20250913214005,"15,-7",0,0,"25,-9",10,False,False,N/A,N/A,N/A,{'no_mp': True}
2025-09-13T22:06:50.844455,NO_FUEL,P_Batalion__2_Batalion_Strzelc_w_20250913214005,"15,-7",0,0,"25,-9",10,False,False,N/A,N/A,N/A,"{'no_mp': True, 'no_fuel': True}"
2025-09-13T22:06:50.845886,NO_MOVEMENT_POINTS,P_Pluton__2_Kompania_Grenadier_w,"15,-7",0,0,"26,6",24,False,False,N/A,N/A,N/A,{'no_mp': True}
2025-09-13T22:06:50.847144,NO_FUEL,P_Pluton__2_Kompania_Grenadier_w,"15,-7",0,0,"26,6",24,False,False,N/A,N/A,N/A,"{'no_mp': True, 'no_fuel': True}"
2025-09-13T22:06:50.849322,NO_MOVEMENT_POINTS,Z_Pluton__2_Batalion_Wsparcia,"15,-7",0,0,"28,5",25,False,False,N/A,N/A,N/A,{'no_mp': True}
2025-09-13T22:06:50.852321,NO_FUEL,Z_Pluton__2_Batalion_Wsparcia,"15,-7",0,0,"28,5",25,False,False,N/A,N/A,N/A,"{'no_mp': True, 'no_fuel': True}"
2025-09-13T22:06:50.855306,NO_MOVEMENT_POINTS,P_Pluton__2_Kompania_Grenadier_w_20250913214010,"15,-7",0,0,"27,6",25,False,False,N/A,N/A,N/A,{'no_mp': True}
2025-09-13T22:06:50.856662,NO_FUEL,P_Pluton__2_Kompania_Grenadier_w_20250913214010,"15,-7",0,0,"27,6",25,False,False,N/A,N/A,N/A,"{'no_mp': True, 'no_fuel': True}"
2025-09-13T22:06:50.858005,INSUFFICIENT_SUPPORT,D_Pluton__2_Dow_dztwo_Einheit,"15,-7",N/A,N/A,N/A,N/A,N/A,N/A,0,100,4,"{'enemies_list': [], 'units_found': 0, 'units_needed': 2, 'shortage': 2}"
2025-09-13T22:06:51.143621,NO_MOVEMENT_POINTS,P_Pluton__5_Infanterie_Regiment,"43,-15",0,0,"36,-15",7,False,False,N/A,N/A,N/A,{'no_mp': True}
2025-09-13T22:06:51.143621,NO_FUEL,P_Pluton__5_Infanterie_Regiment,"43,-15",0,0,"36,-15",7,False,False,N/A,N/A,N/A,"{'no_mp': True, 'no_fuel': True}"
2025-09-13T22:06:51.143621,NO_MOVEMENT_POINTS,P_Kompania__5_Infanterie_Regiment,"43,-15",0,0,"36,-14",7,False,False,N/A,N/A,N/A,{'no_mp': True}
2025-09-13T22:06:51.143621,NO_FUEL,P_Kompania__5_Infanterie_Regiment,"43,-15",0,0,"36,-14",7,False,False,N/A,N/A,N/A,"{'no_mp': True, 'no_fuel': True}"
2025-09-13T22:06:51.148911,NO_MOVEMENT_POINTS,P_Pluton__5_Sch_tzen_Kompanie,"43,-15",0,0,"37,-15",6,False,False,N/A,N/A,N/A,{'no_mp': True}
2025-09-13T22:06:51.149925,NO_FUEL,P_Pluton__5_Sch_tzen_Kompanie,"43,-15",0,0,"37,-15",6,False,False,N/A,N/A,N/A,"{'no_mp': True, 'no_fuel': True}"
2025-09-13T22:06:51.153002,NO_MOVEMENT_POINTS,AC_Kompania__5_schwere_Artillerie,"43,-15",0,0,"36,-16",8,False,False,N/A,N/A,N/A,{'no_mp': True}
2025-09-13T22:06:51.155726,NO_FUEL,AC_Kompania__5_schwere_Artillerie,"43,-15",0,0,"36,-16",8,False,False,N/A,N/A,N/A,"{'no_mp': True, 'no_fuel': True}"
2025-09-13T22:06:51.156763,NO_MOVEMENT_POINTS,AL_Batalion__5_Artillerie_Abteilung,"43,-15",0,0,"37,-17",8,False,False,N/A,N/A,N/A,{'no_mp': True}
2025-09-13T22:06:51.156763,NO_FUEL,AL_Batalion__5_Artillerie_Abteilung,"43,-15",0,0,"37,-17",8,False,False,N/A,N/A,N/A,"{'no_mp': True, 'no_fuel': True}"
2025-09-13T22:06:51.158144,INSUFFICIENT_SUPPORT,Z_Pluton__5_Unterst_tzungs_Bataillon,"43,-15",N/A,N/A,N/A,N/A,N/A,N/A,0,150,5,"{'enemies_list': [], 'units_found': 0, 'units_needed': 2, 'shortage': 2}"
2025-09-13T22:06:51.377346,NO_MOVEMENT_POINTS,P_Batalion__2_Batalion_Strzelc_w_20250913214005,"28,3",0,0,"25,-9",15,False,False,N/A,N/A,N/A,{'no_mp': True}
2025-09-13T22:06:51.378372,NO_FUEL,P_Batalion__2_Batalion_Strzelc_w_20250913214005,"28,3",0,0,"25,-9",15,False,False,N/A,N/A,N/A,"{'no_mp': True, 'no_fuel': True}"
2025-09-13T22:06:51.378372,NO_MOVEMENT_POINTS,P_Pluton__2_Kompania_Grenadier_w,"28,3",0,0,"26,6",3,False,False,N/A,N/A,N/A,{'no_mp': True}
2025-09-13T22:06:51.378372,NO_FUEL,P_Pluton__2_Kompania_Grenadier_w,"28,3",0,0,"26,6",3,False,False,N/A,N/A,N/A,"{'no_mp': True, 'no_fuel': True}"
2025-09-13T22:06:51.378372,NO_MOVEMENT_POINTS,Z_Pluton__2_Batalion_Wsparcia,"28,3",0,0,"28,5",2,False,False,N/A,N/A,N/A,{'no_mp': True}
2025-09-13T22:06:51.382190,NO_FUEL,Z_Pluton__2_Batalion_Wsparcia,"28,3",0,0,"28,5",2,False,False,N/A,N/A,N/A,"{'no_mp': True, 'no_fuel': True}"
2025-09-13T22:06:51.383207,NO_MOVEMENT_POINTS,P_Pluton__2_Kompania_Grenadier_w_20250913214010,"28,3",0,0,"27,6",3,False,False,N/A,N/A,N/A,{'no_mp': True}
2025-09-13T22:06:51.386810,NO_FUEL,P_Pluton__2_Kompania_Grenadier_w_20250913214010,"28,3",0,0,"27,6",3,False,False,N/A,N/A,N/A,"{'no_mp': True, 'no_fuel': True}"
2025-09-13T22:06:51.388908,INSUFFICIENT_SUPPORT,P_Kompania__2_Pu_k_Piechoty,"28,3",N/A,N/A,N/A,N/A,N/A,N/A,0,75,4,"{'enemies_list': [], 'units_found': 0, 'units_needed': 1, 'shortage': 1}"
2025-09-13T22:06:51.389972,NO_MOVEMENT_POINTS,P_Batalion__2_Batalion_Strzelc_w_20250913214005,"27,4",0,0,"25,-9",15,False,False,N/A,N/A,N/A,{'no_mp': True}
2025-09-13T22:06:51.391291,NO_FUEL,P_Batalion__2_Batalion_Strzelc_w_20250913214005,"27,4",0,0,"25,-9",15,False,False,N/A,N/A,N/A,"{'no_mp': True, 'no_fuel': True}"
2025-09-13T22:06:51.392299,NO_MOVEMENT_POINTS,P_Pluton__2_Kompania_Grenadier_w,"27,4",0,0,"26,6",2,False,False,N/A,N/A,N/A,{'no_mp': True}
2025-09-13T22:06:51.392299,NO_FUEL,P_Pluton__2_Kompania_Grenadier_w,"27,4",0,0,"26,6",2,False,False,N/A,N/A,N/A,"{'no_mp': True, 'no_fuel': True}"
2025-09-13T22:06:51.394150,NO_MOVEMENT_POINTS,Z_Pluton__2_Batalion_Wsparcia,"27,4",0,0,"28,5",2,False,False,N/A,N/A,N/A,{'no_mp': True}
2025-09-13T22:06:51.395006,NO_FUEL,Z_Pluton__2_Batalion_Wsparcia,"27,4",0,0,"28,5",2,False,False,N/A,N/A,N/A,"{'no_mp': True, 'no_fuel': True}"
2025-09-13T22:06:51.396353,NO_MOVEMENT_POINTS,P_Pluton__2_Kompania_Grenadier_w_20250913214010,"27,4",0,0,"27,6",2,False,False,N/A,N/A,N/A,{'no_mp': True}
2025-09-13T22:06:51.396353,NO_FUEL,P_Pluton__2_Kompania_Grenadier_w_20250913214010,"27,4",0,0,"27,6",2,False,False,N/A,N/A,N/A,"{'no_mp': True, 'no_fuel': True}"
2025-09-13T22:06:51.397852,INSUFFICIENT_SUPPORT,Z_Pluton__2_Oddzia_Rozpoznawczy,"27,4",N/A,N/A,N/A,N/A,N/A,N/A,0,75,4,"{'enemies_list': [], 'units_found': 0, 'units_needed': 1, 'shortage': 1}"
2025-09-13T22:06:51.399621,NO_MOVEMENT_POINTS,P_Batalion__2_Batalion_Strzelc_w_20250913214005,"24,-7",0,0,"25,-9",2,False,False,N/A,N/A,N/A,{'no_mp': True}
2025-09-13T22:06:51.400635,NO_FUEL,P_Batalion__2_Batalion_Strzelc_w_20250913214005,"24,-7",0,0,"25,-9",2,False,False,N/A,N/A,N/A,"{'no_mp': True, 'no_fuel': True}"
2025-09-13T22:06:51.400635,NO_MOVEMENT_POINTS,P_Pluton__2_Kompania_Grenadier_w,"24,-7",0,0,"26,6",15,False,False,N/A,N/A,N/A,{'no_mp': True}
2025-09-13T22:06:51.405319,NO_FUEL,P_Pluton__2_Kompania_Grenadier_w,"24,-7",0,0,"26,6",15,False,False,N/A,N/A,N/A,"{'no_mp': True, 'no_fuel': True}"
2025-09-13T22:06:51.406579,NO_MOVEMENT_POINTS,Z_Pluton__2_Batalion_Wsparcia,"24,-7",0,0,"28,5",16,False,False,N/A,N/A,N/A,{'no_mp': True}
2025-09-13T22:06:51.407734,NO_FUEL,Z_Pluton__2_Batalion_Wsparcia,"24,-7",0,0,"28,5",16,False,False,N/A,N/A,N/A,"{'no_mp': True, 'no_fuel': True}"
2025-09-13T22:06:51.407734,NO_MOVEMENT_POINTS,P_Pluton__2_Kompania_Grenadier_w_20250913214010,"24,-7",0,0,"27,6",16,False,False,N/A,N/A,N/A,{'no_mp': True}
2025-09-13T22:06:51.409065,NO_FUEL,P_Pluton__2_Kompania_Grenadier_w_20250913214010,"24,-7",0,0,"27,6",16,False,False,N/A,N/A,N/A,"{'no_mp': True, 'no_fuel': True}"
2025-09-13T22:06:51.410259,INSUFFICIENT_SUPPORT,Z_Batalion__2_Kompania_Zaopatrzeniowa,"24,-7",N/A,N/A,N/A,N/A,N/A,N/A,0,50,4,"{'enemies_list': [], 'units_found': 0, 'units_needed': 1, 'shortage': 1}"
2025-09-13T22:06:51.411946,NO_MOVEMENT_POINTS,P_Batalion__2_Batalion_Strzelc_w_20250913214005,"15,-7",0,0,"25,-9",10,False,False,N/A,N/A,N/A,{'no_mp': True}
2025-09-13T22:06:51.413047,NO_FUEL,P_Batalion__2_Batalion_Strzelc_w_20250913214005,"15,-7",0,0,"25,-9",10,False,False,N/A,N/A,N/A,"{'no_mp': True, 'no_fuel': True}"
2025-09-13T22:06:51.414052,NO_MOVEMENT_POINTS,P_Pluton__2_Kompania_Grenadier_w,"15,-7",0,0,"26,6",24,False,False,N/A,N/A,N/A,{'no_mp': True}
2025-09-13T22:06:51.414052,NO_FUEL,P_Pluton__2_Kompania_Grenadier_w,"15,-7",0,0,"26,6",24,False,False,N/A,N/A,N/A,"{'no_mp': True, 'no_fuel': True}"
2025-09-13T22:06:51.415057,NO_MOVEMENT_POINTS,Z_Pluton__2_Batalion_Wsparcia,"15,-7",0,0,"28,5",25,False,False,N/A,N/A,N/A,{'no_mp': True}
2025-09-13T22:06:51.416164,NO_FUEL,Z_Pluton__2_Batalion_Wsparcia,"15,-7",0,0,"28,5",25,False,False,N/A,N/A,N/A,"{'no_mp': True, 'no_fuel': True}"
2025-09-13T22:06:51.420624,NO_MOVEMENT_POINTS,P_Pluton__2_Kompania_Grenadier_w_20250913214010,"15,-7",0,0,"27,6",25,False,False,N/A,N/A,N/A,{'no_mp': True}
2025-09-13T22:06:51.421895,NO_FUEL,P_Pluton__2_Kompania_Grenadier_w_20250913214010,"15,-7",0,0,"27,6",25,False,False,N/A,N/A,N/A,"{'no_mp': True, 'no_fuel': True}"
2025-09-13T22:06:51.422901,INSUFFICIENT_SUPPORT,D_Pluton__2_Dow_dztwo_Einheit,"15,-7",N/A,N/A,N/A,N/A,N/A,N/A,0,100,4,"{'enemies_list': [], 'units_found': 0, 'units_needed': 2, 'shortage': 2}"
2025-09-13T22:06:51.607390,NO_MOVEMENT_POINTS,P_Pluton__5_Infanterie_Regiment,"45,-15",0,0,"36,-15",9,False,False,N/A,N/A,N/A,{'no_mp': True}
2025-09-13T22:06:51.608426,NO_FUEL,P_Pluton__5_Infanterie_Regiment,"45,-15",0,0,"36,-15",9,False,False,N/A,N/A,N/A,"{'no_mp': True, 'no_fuel': True}"
2025-09-13T22:06:51.609490,NO_MOVEMENT_POINTS,P_Kompania__5_Infanterie_Regiment,"45,-15",0,0,"36,-14",9,False,False,N/A,N/A,N/A,{'no_mp': True}
2025-09-13T22:06:51.610494,NO_FUEL,P_Kompania__5_Infanterie_Regiment,"45,-15",0,0,"36,-14",9,False,False,N/A,N/A,N/A,"{'no_mp': True, 'no_fuel': True}"
2025-09-13T22:06:51.610494,NO_MOVEMENT_POINTS,P_Pluton__5_Sch_tzen_Kompanie,"45,-15",0,0,"37,-15",8,False,False,N/A,N/A,N/A,{'no_mp': True}
2025-09-13T22:06:51.610494,NO_FUEL,P_Pluton__5_Sch_tzen_Kompanie,"45,-15",0,0,"37,-15",8,False,False,N/A,N/A,N/A,"{'no_mp': True, 'no_fuel': True}"
2025-09-13T22:06:51.612843,NO_MOVEMENT_POINTS,AC_Kompania__5_schwere_Artillerie,"45,-15",0,0,"36,-16",10,False,False,N/A,N/A,N/A,{'no_mp': True}
2025-09-13T22:06:51.613854,NO_FUEL,AC_Kompania__5_schwere_Artillerie,"45,-15",0,0,"36,-16",10,False,False,N/A,N/A,N/A,"{'no_mp': True, 'no_fuel': True}"
2025-09-13T22:06:51.614868,NO_MOVEMENT_POINTS,AL_Batalion__5_Artillerie_Abteilung,"45,-15",0,0,"37,-17",10,False,False,N/A,N/A,N/A,{'no_mp': True}
2025-09-13T22:06:51.615871,NO_FUEL,AL_Batalion__5_Artillerie_Abteilung,"45,-15",0,0,"37,-17",10,False,False,N/A,N/A,N/A,"{'no_mp': True, 'no_fuel': True}"
2025-09-13T22:06:51.616997,INSUFFICIENT_SUPPORT,Z_Kompania__5_Unterst_tzungs_Bataillon,"45,-15",N/A,N/A,N/A,N/A,N/A,N/A,0,100,5,"{'enemies_list': [], 'units_found': 0, 'units_needed': 2, 'shortage': 2}"
2025-09-13T22:06:51.620455,NO_MOVEMENT_POINTS,P_Pluton__5_Infanterie_Regiment,"43,-15",0,0,"36,-15",7,False,False,N/A,N/A,N/A,{'no_mp': True}
2025-09-13T22:06:51.622920,NO_FUEL,P_Pluton__5_Infanterie_Regiment,"43,-15",0,0,"36,-15",7,False,False,N/A,N/A,N/A,"{'no_mp': True, 'no_fuel': True}"
2025-09-13T22:06:51.623924,NO_MOVEMENT_POINTS,P_Kompania__5_Infanterie_Regiment,"43,-15",0,0,"36,-14",7,False,False,N/A,N/A,N/A,{'no_mp': True}
2025-09-13T22:06:51.623924,NO_FUEL,P_Kompania__5_Infanterie_Regiment,"43,-15",0,0,"36,-14",7,False,False,N/A,N/A,N/A,"{'no_mp': True, 'no_fuel': True}"
2025-09-13T22:06:51.625199,NO_MOVEMENT_POINTS,P_Pluton__5_Sch_tzen_Kompanie,"43,-15",0,0,"37,-15",6,False,False,N/A,N/A,N/A,{'no_mp': True}
2025-09-13T22:06:51.626203,NO_FUEL,P_Pluton__5_Sch_tzen_Kompanie,"43,-15",0,0,"37,-15",6,False,False,N/A,N/A,N/A,"{'no_mp': True, 'no_fuel': True}"
2025-09-13T22:06:51.627454,NO_MOVEMENT_POINTS,AC_Kompania__5_schwere_Artillerie,"43,-15",0,0,"36,-16",8,False,False,N/A,N/A,N/A,{'no_mp': True}
2025-09-13T22:06:51.628537,NO_FUEL,AC_Kompania__5_schwere_Artillerie,"43,-15",0,0,"36,-16",8,False,False,N/A,N/A,N/A,"{'no_mp': True, 'no_fuel': True}"
2025-09-13T22:06:51.628537,NO_MOVEMENT_POINTS,AL_Batalion__5_Artillerie_Abteilung,"43,-15",0,0,"37,-17",8,False,False,N/A,N/A,N/A,{'no_mp': True}
2025-09-13T22:06:51.629855,NO_FUEL,AL_Batalion__5_Artillerie_Abteilung,"43,-15",0,0,"37,-17",8,False,False,N/A,N/A,N/A,"{'no_mp': True, 'no_fuel': True}"
2025-09-13T22:06:51.630895,INSUFFICIENT_SUPPORT,Z_Pluton__5_Unterst_tzungs_Bataillon,"43,-15",N/A,N/A,N/A,N/A,N/A,N/A,0,150,5,"{'enemies_list': [], 'units_found': 0, 'units_needed': 2, 'shortage': 2}"
2025-09-13T22:06:51.632153,NO_MOVEMENT_POINTS,P_Pluton__5_Infanterie_Regiment,"52,-13",0,0,"36,-15",18,False,False,N/A,N/A,N/A,{'no_mp': True}
2025-09-13T22:06:51.633569,NO_FUEL,P_Pluton__5_Infanterie_Regiment,"52,-13",0,0,"36,-15",18,False,False,N/A,N/A,N/A,"{'no_mp': True, 'no_fuel': True}"
2025-09-13T22:06:51.634888,NO_MOVEMENT_POINTS,P_Kompania__5_Infanterie_Regiment,"52,-13",0,0,"36,-14",17,False,False,N/A,N/A,N/A,{'no_mp': True}
2025-09-13T22:06:51.636898,NO_FUEL,P_Kompania__5_Infanterie_Regiment,"52,-13",0,0,"36,-14",17,False,False,N/A,N/A,N/A,"{'no_mp': True, 'no_fuel': True}"
2025-09-13T22:06:51.640461,NO_MOVEMENT_POINTS,P_Pluton__5_Sch_tzen_Kompanie,"52,-13",0,0,"37,-15",17,False,False,N/A,N/A,N/A,{'no_mp': True}
2025-09-13T22:06:51.640461,NO_FUEL,P_Pluton__5_Sch_tzen_Kompanie,"52,-13",0,0,"37,-15",17,False,False,N/A,N/A,N/A,"{'no_mp': True, 'no_fuel': True}"
2025-09-13T22:06:51.641710,NO_MOVEMENT_POINTS,AC_Kompania__5_schwere_Artillerie,"52,-13",0,0,"36,-16",19,False,False,N/A,N/A,N/A,{'no_mp': True}
2025-09-13T22:06:51.642931,NO_FUEL,AC_Kompania__5_schwere_Artillerie,"52,-13",0,0,"36,-16",19,False,False,N/A,N/A,N/A,"{'no_mp': True, 'no_fuel': True}"
2025-09-13T22:06:51.643980,NO_MOVEMENT_POINTS,AL_Batalion__5_Artillerie_Abteilung,"52,-13",0,0,"37,-17",19,False,False,N/A,N/A,N/A,{'no_mp': True}
2025-09-13T22:06:51.643980,NO_FUEL,AL_Batalion__5_Artillerie_Abteilung,"52,-13",0,0,"37,-17",19,False,False,N/A,N/A,N/A,"{'no_mp': True, 'no_fuel': True}"
2025-09-13T22:06:51.646067,INSUFFICIENT_SUPPORT,Z_Pluton__5_Unterst_tzungs_Bataillon_20250913214038,"52,-13",N/A,N/A,N/A,N/A,N/A,N/A,0,100,5,"{'enemies_list': [], 'units_found': 0, 'units_needed': 2, 'shortage': 2}"
2025-09-13T22:06:52.060734,NO_MOVEMENT_POINTS,P_Batalion__2_Batalion_Strzelc_w_20250913214005,"28,3",0,0,"25,-9",15,False,False,N/A,N/A,N/A,{'no_mp': True}
2025-09-13T22:06:52.062168,NO_FUEL,P_Batalion__2_Batalion_Strzelc_w_20250913214005,"28,3",0,0,"25,-9",15,False,False,N/A,N/A,N/A,"{'no_mp': True, 'no_fuel': True}"
2025-09-13T22:06:52.062168,NO_MOVEMENT_POINTS,P_Pluton__2_Kompania_Grenadier_w,"28,3",0,0,"26,6",3,False,False,N/A,N/A,N/A,{'no_mp': True}
2025-09-13T22:06:52.062168,NO_FUEL,P_Pluton__2_Kompania_Grenadier_w,"28,3",0,0,"26,6",3,False,False,N/A,N/A,N/A,"{'no_mp': True, 'no_fuel': True}"
2025-09-13T22:06:52.062168,NO_MOVEMENT_POINTS,Z_Pluton__2_Batalion_Wsparcia,"28,3",0,0,"28,5",2,False,False,N/A,N/A,N/A,{'no_mp': True}
2025-09-13T22:06:52.066620,NO_FUEL,Z_Pluton__2_Batalion_Wsparcia,"28,3",0,0,"28,5",2,False,False,N/A,N/A,N/A,"{'no_mp': True, 'no_fuel': True}"
2025-09-13T22:06:52.068459,NO_MOVEMENT_POINTS,P_Pluton__2_Kompania_Grenadier_w_20250913214010,"28,3",0,0,"27,6",3,False,False,N/A,N/A,N/A,{'no_mp': True}
2025-09-13T22:06:52.070855,NO_FUEL,P_Pluton__2_Kompania_Grenadier_w_20250913214010,"28,3",0,0,"27,6",3,False,False,N/A,N/A,N/A,"{'no_mp': True, 'no_fuel': True}"
2025-09-13T22:06:52.073743,INSUFFICIENT_SUPPORT,P_Kompania__2_Pu_k_Piechoty,"28,3",N/A,N/A,N/A,N/A,N/A,N/A,0,75,4,"{'enemies_list': [], 'units_found': 0, 'units_needed': 1, 'shortage': 1}"
2025-09-13T22:06:52.074758,NO_MOVEMENT_POINTS,P_Batalion__2_Batalion_Strzelc_w_20250913214005,"27,4",0,0,"25,-9",15,False,False,N/A,N/A,N/A,{'no_mp': True}
2025-09-13T22:06:52.075944,NO_FUEL,P_Batalion__2_Batalion_Strzelc_w_20250913214005,"27,4",0,0,"25,-9",15,False,False,N/A,N/A,N/A,"{'no_mp': True, 'no_fuel': True}"
2025-09-13T22:06:52.076952,NO_MOVEMENT_POINTS,P_Pluton__2_Kompania_Grenadier_w,"27,4",0,0,"26,6",2,False,False,N/A,N/A,N/A,{'no_mp': True}
2025-09-13T22:06:52.077888,NO_FUEL,P_Pluton__2_Kompania_Grenadier_w,"27,4",0,0,"26,6",2,False,False,N/A,N/A,N/A,"{'no_mp': True, 'no_fuel': True}"
2025-09-13T22:06:52.077888,NO_MOVEMENT_POINTS,Z_Pluton__2_Batalion_Wsparcia,"27,4",0,0,"28,5",2,False,False,N/A,N/A,N/A,{'no_mp': True}
2025-09-13T22:06:52.079899,NO_FUEL,Z_Pluton__2_Batalion_Wsparcia,"27,4",0,0,"28,5",2,False,False,N/A,N/A,N/A,"{'no_mp': True, 'no_fuel': True}"
2025-09-13T22:06:52.079899,NO_MOVEMENT_POINTS,P_Pluton__2_Kompania_Grenadier_w_20250913214010,"27,4",0,0,"27,6",2,False,False,N/A,N/A,N/A,{'no_mp': True}
2025-09-13T22:06:52.079899,NO_FUEL,P_Pluton__2_Kompania_Grenadier_w_20250913214010,"27,4",0,0,"27,6",2,False,False,N/A,N/A,N/A,"{'no_mp': True, 'no_fuel': True}"
2025-09-13T22:06:52.085138,INSUFFICIENT_SUPPORT,Z_Pluton__2_Oddzia_Rozpoznawczy,"27,4",N/A,N/A,N/A,N/A,N/A,N/A,0,75,4,"{'enemies_list': [], 'units_found': 0, 'units_needed': 1, 'shortage': 1}"
2025-09-13T22:06:52.088736,NO_MOVEMENT_POINTS,P_Batalion__2_Batalion_Strzelc_w_20250913214005,"24,-7",0,0,"25,-9",2,False,False,N/A,N/A,N/A,{'no_mp': True}
2025-09-13T22:06:52.090501,NO_FUEL,P_Batalion__2_Batalion_Strzelc_w_20250913214005,"24,-7",0,0,"25,-9",2,False,False,N/A,N/A,N/A,"{'no_mp': True, 'no_fuel': True}"
2025-09-13T22:06:52.090501,NO_MOVEMENT_POINTS,P_Pluton__2_Kompania_Grenadier_w,"24,-7",0,0,"26,6",15,False,False,N/A,N/A,N/A,{'no_mp': True}
2025-09-13T22:06:52.091513,NO_FUEL,P_Pluton__2_Kompania_Grenadier_w,"24,-7",0,0,"26,6",15,False,False,N/A,N/A,N/A,"{'no_mp': True, 'no_fuel': True}"
2025-09-13T22:06:52.092517,NO_MOVEMENT_POINTS,Z_Pluton__2_Batalion_Wsparcia,"24,-7",0,0,"28,5",16,False,False,N/A,N/A,N/A,{'no_mp': True}
2025-09-13T22:06:52.093786,NO_FUEL,Z_Pluton__2_Batalion_Wsparcia,"24,-7",0,0,"28,5",16,False,False,N/A,N/A,N/A,"{'no_mp': True, 'no_fuel': True}"
2025-09-13T22:06:52.093786,NO_MOVEMENT_POINTS,P_Pluton__2_Kompania_Grenadier_w_20250913214010,"24,-7",0,0,"27,6",16,False,False,N/A,N/A,N/A,{'no_mp': True}
2025-09-13T22:06:52.095138,NO_FUEL,P_Pluton__2_Kompania_Grenadier_w_20250913214010,"24,-7",0,0,"27,6",16,False,False,N/A,N/A,N/A,"{'no_mp': True, 'no_fuel': True}"
2025-09-13T22:06:52.097029,INSUFFICIENT_SUPPORT,Z_Batalion__2_Kompania_Zaopatrzeniowa,"24,-7",N/A,N/A,N/A,N/A,N/A,N/A,0,50,4,"{'enemies_list': [], 'units_found': 0, 'units_needed': 1, 'shortage': 1}"
2025-09-13T22:06:52.098279,NO_MOVEMENT_POINTS,P_Batalion__2_Batalion_Strzelc_w_20250913214005,"15,-7",0,0,"25,-9",10,False,False,N/A,N/A,N/A,{'no_mp': True}
2025-09-13T22:06:52.098279,NO_FUEL,P_Batalion__2_Batalion_Strzelc_w_20250913214005,"15,-7",0,0,"25,-9",10,False,False,N/A,N/A,N/A,"{'no_mp': True, 'no_fuel': True}"
2025-09-13T22:06:52.099544,NO_MOVEMENT_POINTS,P_Pluton__2_Kompania_Grenadier_w,"15,-7",0,0,"26,6",24,False,False,N/A,N/A,N/A,{'no_mp': True}
2025-09-13T22:06:52.100838,NO_FUEL,P_Pluton__2_Kompania_Grenadier_w,"15,-7",0,0,"26,6",24,False,False,N/A,N/A,N/A,"{'no_mp': True, 'no_fuel': True}"
2025-09-13T22:06:52.104120,NO_MOVEMENT_POINTS,Z_Pluton__2_Batalion_Wsparcia,"15,-7",0,0,"28,5",25,False,False,N/A,N/A,N/A,{'no_mp': True}
2025-09-13T22:06:52.105403,NO_FUEL,Z_Pluton__2_Batalion_Wsparcia,"15,-7",0,0,"28,5",25,False,False,N/A,N/A,N/A,"{'no_mp': True, 'no_fuel': True}"
2025-09-13T22:06:52.106414,NO_MOVEMENT_POINTS,P_Pluton__2_Kompania_Grenadier_w_20250913214010,"15,-7",0,0,"27,6",25,False,False,N/A,N/A,N/A,{'no_mp': True}
2025-09-13T22:06:52.107589,NO_FUEL,P_Pluton__2_Kompania_Grenadier_w_20250913214010,"15,-7",0,0,"27,6",25,False,False,N/A,N/A,N/A,"{'no_mp': True, 'no_fuel': True}"
2025-09-13T22:06:52.109023,INSUFFICIENT_SUPPORT,D_Pluton__2_Dow_dztwo_Einheit,"15,-7",N/A,N/A,N/A,N/A,N/A,N/A,0,100,4,"{'enemies_list': [], 'units_found': 0, 'units_needed': 2, 'shortage': 2}"
2025-09-13T22:06:52.374018,NO_MOVEMENT_POINTS,P_Pluton__5_Infanterie_Regiment,"45,-15",0,0,"36,-15",9,False,False,N/A,N/A,N/A,{'no_mp': True}
2025-09-13T22:06:52.375518,NO_FUEL,P_Pluton__5_Infanterie_Regiment,"45,-15",0,0,"36,-15",9,False,False,N/A,N/A,N/A,"{'no_mp': True, 'no_fuel': True}"
2025-09-13T22:06:52.376668,NO_MOVEMENT_POINTS,P_Kompania__5_Infanterie_Regiment,"45,-15",0,0,"36,-14",9,False,False,N/A,N/A,N/A,{'no_mp': True}
2025-09-13T22:06:52.377712,NO_FUEL,P_Kompania__5_Infanterie_Regiment,"45,-15",0,0,"36,-14",9,False,False,N/A,N/A,N/A,"{'no_mp': True, 'no_fuel': True}"
2025-09-13T22:06:52.378600,NO_MOVEMENT_POINTS,P_Pluton__5_Sch_tzen_Kompanie,"45,-15",0,0,"37,-15",8,False,False,N/A,N/A,N/A,{'no_mp': True}
2025-09-13T22:06:52.378600,NO_FUEL,P_Pluton__5_Sch_tzen_Kompanie,"45,-15",0,0,"37,-15",8,False,False,N/A,N/A,N/A,"{'no_mp': True, 'no_fuel': True}"
2025-09-13T22:06:52.378600,NO_MOVEMENT_POINTS,AC_Kompania__5_schwere_Artillerie,"45,-15",0,0,"36,-16",10,False,False,N/A,N/A,N/A,{'no_mp': True}
2025-09-13T22:06:52.378600,NO_FUEL,AC_Kompania__5_schwere_Artillerie,"45,-15",0,0,"36,-16",10,False,False,N/A,N/A,N/A,"{'no_mp': True, 'no_fuel': True}"
2025-09-13T22:06:52.378600,NO_MOVEMENT_POINTS,AL_Batalion__5_Artillerie_Abteilung,"45,-15",0,0,"37,-17",10,False,False,N/A,N/A,N/A,{'no_mp': True}
2025-09-13T22:06:52.378600,NO_FUEL,AL_Batalion__5_Artillerie_Abteilung,"45,-15",0,0,"37,-17",10,False,False,N/A,N/A,N/A,"{'no_mp': True, 'no_fuel': True}"
2025-09-13T22:06:52.378600,INSUFFICIENT_SUPPORT,Z_Kompania__5_Unterst_tzungs_Bataillon,"45,-15",N/A,N/A,N/A,N/A,N/A,N/A,0,100,5,"{'enemies_list': [], 'units_found': 0, 'units_needed': 2, 'shortage': 2}"
2025-09-13T22:06:52.386638,NO_MOVEMENT_POINTS,P_Pluton__5_Infanterie_Regiment,"43,-15",0,0,"36,-15",7,False,False,N/A,N/A,N/A,{'no_mp': True}
2025-09-13T22:06:52.389419,NO_FUEL,P_Pluton__5_Infanterie_Regiment,"43,-15",0,0,"36,-15",7,False,False,N/A,N/A,N/A,"{'no_mp': True, 'no_fuel': True}"
2025-09-13T22:06:52.390673,NO_MOVEMENT_POINTS,P_Kompania__5_Infanterie_Regiment,"43,-15",0,0,"36,-14",7,False,False,N/A,N/A,N/A,{'no_mp': True}
2025-09-13T22:06:52.390673,NO_FUEL,P_Kompania__5_Infanterie_Regiment,"43,-15",0,0,"36,-14",7,False,False,N/A,N/A,N/A,"{'no_mp': True, 'no_fuel': True}"
2025-09-13T22:06:52.392064,NO_MOVEMENT_POINTS,P_Pluton__5_Sch_tzen_Kompanie,"43,-15",0,0,"37,-15",6,False,False,N/A,N/A,N/A,{'no_mp': True}
2025-09-13T22:06:52.393848,NO_FUEL,P_Pluton__5_Sch_tzen_Kompanie,"43,-15",0,0,"37,-15",6,False,False,N/A,N/A,N/A,"{'no_mp': True, 'no_fuel': True}"
2025-09-13T22:06:52.393848,NO_MOVEMENT_POINTS,AC_Kompania__5_schwere_Artillerie,"43,-15",0,0,"36,-16",8,False,False,N/A,N/A,N/A,{'no_mp': True}
2025-09-13T22:06:52.394861,NO_FUEL,AC_Kompania__5_schwere_Artillerie,"43,-15",0,0,"36,-16",8,False,False,N/A,N/A,N/A,"{'no_mp': True, 'no_fuel': True}"
2025-09-13T22:06:52.394861,NO_MOVEMENT_POINTS,AL_Batalion__5_Artillerie_Abteilung,"43,-15",0,0,"37,-17",8,False,False,N/A,N/A,N/A,{'no_mp': True}
2025-09-13T22:06:52.394861,NO_FUEL,AL_Batalion__5_Artillerie_Abteilung,"43,-15",0,0,"37,-17",8,False,False,N/A,N/A,N/A,"{'no_mp': True, 'no_fuel': True}"
2025-09-13T22:06:52.394861,INSUFFICIENT_SUPPORT,Z_Pluton__5_Unterst_tzungs_Bataillon,"43,-15",N/A,N/A,N/A,N/A,N/A,N/A,0,150,5,"{'enemies_list': [], 'units_found': 0, 'units_needed': 2, 'shortage': 2}"
2025-09-13T22:06:52.399797,NO_MOVEMENT_POINTS,P_Pluton__5_Infanterie_Regiment,"52,-13",0,0,"36,-15",18,False,False,N/A,N/A,N/A,{'no_mp': True}
2025-09-13T22:06:52.400829,NO_FUEL,P_Pluton__5_Infanterie_Regiment,"52,-13",0,0,"36,-15",18,False,False,N/A,N/A,N/A,"{'no_mp': True, 'no_fuel': True}"
2025-09-13T22:06:52.402183,NO_MOVEMENT_POINTS,P_Kompania__5_Infanterie_Regiment,"52,-13",0,0,"36,-14",17,False,False,N/A,N/A,N/A,{'no_mp': True}
2025-09-13T22:06:52.406168,NO_FUEL,P_Kompania__5_Infanterie_Regiment,"52,-13",0,0,"36,-14",17,False,False,N/A,N/A,N/A,"{'no_mp': True, 'no_fuel': True}"
2025-09-13T22:06:52.406168,NO_MOVEMENT_POINTS,P_Pluton__5_Sch_tzen_Kompanie,"52,-13",0,0,"37,-15",17,False,False,N/A,N/A,N/A,{'no_mp': True}
2025-09-13T22:06:52.407503,NO_FUEL,P_Pluton__5_Sch_tzen_Kompanie,"52,-13",0,0,"37,-15",17,False,False,N/A,N/A,N/A,"{'no_mp': True, 'no_fuel': True}"
2025-09-13T22:06:52.408519,NO_MOVEMENT_POINTS,AC_Kompania__5_schwere_Artillerie,"52,-13",0,0,"36,-16",19,False,False,N/A,N/A,N/A,{'no_mp': True}
2025-09-13T22:06:52.409892,NO_FUEL,AC_Kompania__5_schwere_Artillerie,"52,-13",0,0,"36,-16",19,False,False,N/A,N/A,N/A,"{'no_mp': True, 'no_fuel': True}"
2025-09-13T22:06:52.410227,NO_MOVEMENT_POINTS,AL_Batalion__5_Artillerie_Abteilung,"52,-13",0,0,"37,-17",19,False,False,N/A,N/A,N/A,{'no_mp': True}
2025-09-13T22:06:52.411237,NO_FUEL,AL_Batalion__5_Artillerie_Abteilung,"52,-13",0,0,"37,-17",19,False,False,N/A,N/A,N/A,"{'no_mp': True, 'no_fuel': True}"
2025-09-13T22:06:52.411237,INSUFFICIENT_SUPPORT,Z_Pluton__5_Unterst_tzungs_Bataillon_20250913214038,"52,-13",N/A,N/A,N/A,N/A,N/A,N/A,0,100,5,"{'enemies_list': [], 'units_found': 0, 'units_needed': 2, 'shortage': 2}"
2025-09-13T22:06:52.616657,NO_MOVEMENT_POINTS,P_Batalion__2_Batalion_Strzelc_w_20250913214005,"28,3",0,0,"25,-9",15,False,False,N/A,N/A,N/A,{'no_mp': True}
2025-09-13T22:06:52.617654,NO_FUEL,P_Batalion__2_Batalion_Strzelc_w_20250913214005,"28,3",0,0,"25,-9",15,False,False,N/A,N/A,N/A,"{'no_mp': True, 'no_fuel': True}"
2025-09-13T22:06:52.618933,NO_MOVEMENT_POINTS,P_Pluton__2_Kompania_Grenadier_w,"28,3",0,0,"26,6",3,False,False,N/A,N/A,N/A,{'no_mp': True}
2025-09-13T22:06:52.621697,NO_FUEL,P_Pluton__2_Kompania_Grenadier_w,"28,3",0,0,"26,6",3,False,False,N/A,N/A,N/A,"{'no_mp': True, 'no_fuel': True}"
2025-09-13T22:06:52.623198,NO_MOVEMENT_POINTS,Z_Pluton__2_Batalion_Wsparcia,"28,3",0,0,"28,5",2,False,False,N/A,N/A,N/A,{'no_mp': True}
2025-09-13T22:06:52.624439,NO_FUEL,Z_Pluton__2_Batalion_Wsparcia,"28,3",0,0,"28,5",2,False,False,N/A,N/A,N/A,"{'no_mp': True, 'no_fuel': True}"
2025-09-13T22:06:52.625445,NO_MOVEMENT_POINTS,P_Pluton__2_Kompania_Grenadier_w_20250913214010,"28,3",0,0,"27,6",3,False,False,N/A,N/A,N/A,{'no_mp': True}
2025-09-13T22:06:52.626448,NO_FUEL,P_Pluton__2_Kompania_Grenadier_w_20250913214010,"28,3",0,0,"27,6",3,False,False,N/A,N/A,N/A,"{'no_mp': True, 'no_fuel': True}"
2025-09-13T22:06:52.627599,INSUFFICIENT_SUPPORT,P_Kompania__2_Pu_k_Piechoty,"28,3",N/A,N/A,N/A,N/A,N/A,N/A,0,75,4,"{'enemies_list': [], 'units_found': 0, 'units_needed': 1, 'shortage': 1}"
2025-09-13T22:06:52.628861,NO_MOVEMENT_POINTS,P_Batalion__2_Batalion_Strzelc_w_20250913214005,"27,4",0,0,"25,-9",15,False,False,N/A,N/A,N/A,{'no_mp': True}
2025-09-13T22:06:52.630169,NO_FUEL,P_Batalion__2_Batalion_Strzelc_w_20250913214005,"27,4",0,0,"25,-9",15,False,False,N/A,N/A,N/A,"{'no_mp': True, 'no_fuel': True}"
2025-09-13T22:06:52.630169,NO_MOVEMENT_POINTS,P_Pluton__2_Kompania_Grenadier_w,"27,4",0,0,"26,6",2,False,False,N/A,N/A,N/A,{'no_mp': True}
2025-09-13T22:06:52.631541,NO_FUEL,P_Pluton__2_Kompania_Grenadier_w,"27,4",0,0,"26,6",2,False,False,N/A,N/A,N/A,"{'no_mp': True, 'no_fuel': True}"
2025-09-13T22:06:52.632740,NO_MOVEMENT_POINTS,Z_Pluton__2_Batalion_Wsparcia,"27,4",0,0,"28,5",2,False,False,N/A,N/A,N/A,{'no_mp': True}
2025-09-13T22:06:52.632740,NO_FUEL,Z_Pluton__2_Batalion_Wsparcia,"27,4",0,0,"28,5",2,False,False,N/A,N/A,N/A,"{'no_mp': True, 'no_fuel': True}"
2025-09-13T22:06:52.634035,NO_MOVEMENT_POINTS,P_Pluton__2_Kompania_Grenadier_w_20250913214010,"27,4",0,0,"27,6",2,False,False,N/A,N/A,N/A,{'no_mp': True}
2025-09-13T22:06:52.637386,NO_FUEL,P_Pluton__2_Kompania_Grenadier_w_20250913214010,"27,4",0,0,"27,6",2,False,False,N/A,N/A,N/A,"{'no_mp': True, 'no_fuel': True}"
2025-09-13T22:06:52.639333,INSUFFICIENT_SUPPORT,Z_Pluton__2_Oddzia_Rozpoznawczy,"27,4",N/A,N/A,N/A,N/A,N/A,N/A,0,75,4,"{'enemies_list': [], 'units_found': 0, 'units_needed': 1, 'shortage': 1}"
2025-09-13T22:06:52.640521,NO_MOVEMENT_POINTS,P_Batalion__2_Batalion_Strzelc_w_20250913214005,"24,-7",0,0,"25,-9",2,False,False,N/A,N/A,N/A,{'no_mp': True}
2025-09-13T22:06:52.641579,NO_FUEL,P_Batalion__2_Batalion_Strzelc_w_20250913214005,"24,-7",0,0,"25,-9",2,False,False,N/A,N/A,N/A,"{'no_mp': True, 'no_fuel': True}"
2025-09-13T22:06:52.642582,NO_MOVEMENT_POINTS,P_Pluton__2_Kompania_Grenadier_w,"24,-7",0,0,"26,6",15,False,False,N/A,N/A,N/A,{'no_mp': True}
2025-09-13T22:06:52.643868,NO_FUEL,P_Pluton__2_Kompania_Grenadier_w,"24,-7",0,0,"26,6",15,False,False,N/A,N/A,N/A,"{'no_mp': True, 'no_fuel': True}"
2025-09-13T22:06:52.643868,NO_MOVEMENT_POINTS,Z_Pluton__2_Batalion_Wsparcia,"24,-7",0,0,"28,5",16,False,False,N/A,N/A,N/A,{'no_mp': True}
2025-09-13T22:06:52.645072,NO_FUEL,Z_Pluton__2_Batalion_Wsparcia,"24,-7",0,0,"28,5",16,False,False,N/A,N/A,N/A,"{'no_mp': True, 'no_fuel': True}"
2025-09-13T22:06:52.647059,NO_MOVEMENT_POINTS,P_Pluton__2_Kompania_Grenadier_w_20250913214010,"24,-7",0,0,"27,6",16,False,False,N/A,N/A,N/A,{'no_mp': True}
2025-09-13T22:06:52.648067,NO_FUEL,P_Pluton__2_Kompania_Grenadier_w_20250913214010,"24,-7",0,0,"27,6",16,False,False,N/A,N/A,N/A,"{'no_mp': True, 'no_fuel': True}"
2025-09-13T22:06:52.649071,INSUFFICIENT_SUPPORT,Z_Batalion__2_Kompania_Zaopatrzeniowa,"24,-7",N/A,N/A,N/A,N/A,N/A,N/A,0,50,4,"{'enemies_list': [], 'units_found': 0, 'units_needed': 1, 'shortage': 1}"
2025-09-13T22:06:52.649071,NO_MOVEMENT_POINTS,P_Batalion__2_Batalion_Strzelc_w_20250913214005,"15,-7",0,0,"25,-9",10,False,False,N/A,N/A,N/A,{'no_mp': True}
2025-09-13T22:06:52.650321,NO_FUEL,P_Batalion__2_Batalion_Strzelc_w_20250913214005,"15,-7",0,0,"25,-9",10,False,False,N/A,N/A,N/A,"{'no_mp': True, 'no_fuel': True}"
2025-09-13T22:06:52.651324,NO_MOVEMENT_POINTS,P_Pluton__2_Kompania_Grenadier_w,"15,-7",0,0,"26,6",24,False,False,N/A,N/A,N/A,{'no_mp': True}
2025-09-13T22:06:52.656881,NO_FUEL,P_Pluton__2_Kompania_Grenadier_w,"15,-7",0,0,"26,6",24,False,False,N/A,N/A,N/A,"{'no_mp': True, 'no_fuel': True}"
2025-09-13T22:06:52.656881,NO_MOVEMENT_POINTS,Z_Pluton__2_Batalion_Wsparcia,"15,-7",0,0,"28,5",25,False,False,N/A,N/A,N/A,{'no_mp': True}
2025-09-13T22:06:52.658046,NO_FUEL,Z_Pluton__2_Batalion_Wsparcia,"15,-7",0,0,"28,5",25,False,False,N/A,N/A,N/A,"{'no_mp': True, 'no_fuel': True}"
2025-09-13T22:06:52.659371,NO_MOVEMENT_POINTS,P_Pluton__2_Kompania_Grenadier_w_20250913214010,"15,-7",0,0,"27,6",25,False,False,N/A,N/A,N/A,{'no_mp': True}
2025-09-13T22:06:52.659371,NO_FUEL,P_Pluton__2_Kompania_Grenadier_w_20250913214010,"15,-7",0,0,"27,6",25,False,False,N/A,N/A,N/A,"{'no_mp': True, 'no_fuel': True}"
2025-09-13T22:06:52.661020,INSUFFICIENT_SUPPORT,D_Pluton__2_Dow_dztwo_Einheit,"15,-7",N/A,N/A,N/A,N/A,N/A,N/A,0,100,4,"{'enemies_list': [], 'units_found': 0, 'units_needed': 2, 'shortage': 2}"
2025-09-13T22:06:52.833745,NO_MOVEMENT_POINTS,P_Pluton__5_Infanterie_Regiment,"45,-15",0,0,"36,-15",9,False,False,N/A,N/A,N/A,{'no_mp': True}
2025-09-13T22:06:52.834771,NO_FUEL,P_Pluton__5_Infanterie_Regiment,"45,-15",0,0,"36,-15",9,False,False,N/A,N/A,N/A,"{'no_mp': True, 'no_fuel': True}"
2025-09-13T22:06:52.838050,NO_MOVEMENT_POINTS,P_Kompania__5_Infanterie_Regiment,"45,-15",0,0,"36,-14",9,False,False,N/A,N/A,N/A,{'no_mp': True}
2025-09-13T22:06:52.840436,NO_FUEL,P_Kompania__5_Infanterie_Regiment,"45,-15",0,0,"36,-14",9,False,False,N/A,N/A,N/A,"{'no_mp': True, 'no_fuel': True}"
2025-09-13T22:06:52.841434,NO_MOVEMENT_POINTS,P_Pluton__5_Sch_tzen_Kompanie,"45,-15",0,0,"37,-15",8,False,False,N/A,N/A,N/A,{'no_mp': True}
2025-09-13T22:06:52.842542,NO_FUEL,P_Pluton__5_Sch_tzen_Kompanie,"45,-15",0,0,"37,-15",8,False,False,N/A,N/A,N/A,"{'no_mp': True, 'no_fuel': True}"
2025-09-13T22:06:52.842542,NO_MOVEMENT_POINTS,AC_Kompania__5_schwere_Artillerie,"45,-15",0,0,"36,-16",10,False,False,N/A,N/A,N/A,{'no_mp': True}
2025-09-13T22:06:52.843547,NO_FUEL,AC_Kompania__5_schwere_Artillerie,"45,-15",0,0,"36,-16",10,False,False,N/A,N/A,N/A,"{'no_mp': True, 'no_fuel': True}"
2025-09-13T22:06:52.844937,NO_MOVEMENT_POINTS,AL_Batalion__5_Artillerie_Abteilung,"45,-15",0,0,"37,-17",10,False,False,N/A,N/A,N/A,{'no_mp': True}
2025-09-13T22:06:52.844937,NO_FUEL,AL_Batalion__5_Artillerie_Abteilung,"45,-15",0,0,"37,-17",10,False,False,N/A,N/A,N/A,"{'no_mp': True, 'no_fuel': True}"
2025-09-13T22:06:52.844937,INSUFFICIENT_SUPPORT,Z_Kompania__5_Unterst_tzungs_Bataillon,"45,-15",N/A,N/A,N/A,N/A,N/A,N/A,0,100,5,"{'enemies_list': [], 'units_found': 0, 'units_needed': 2, 'shortage': 2}"
2025-09-13T22:06:52.844937,NO_MOVEMENT_POINTS,P_Pluton__5_Infanterie_Regiment,"43,-15",0,0,"36,-15",7,False,False,N/A,N/A,N/A,{'no_mp': True}
2025-09-13T22:06:52.844937,NO_FUEL,P_Pluton__5_Infanterie_Regiment,"43,-15",0,0,"36,-15",7,False,False,N/A,N/A,N/A,"{'no_mp': True, 'no_fuel': True}"
2025-09-13T22:06:52.844937,NO_MOVEMENT_POINTS,P_Kompania__5_Infanterie_Regiment,"43,-15",0,0,"36,-14",7,False,False,N/A,N/A,N/A,{'no_mp': True}
2025-09-13T22:06:52.844937,NO_FUEL,P_Kompania__5_Infanterie_Regiment,"43,-15",0,0,"36,-14",7,False,False,N/A,N/A,N/A,"{'no_mp': True, 'no_fuel': True}"
2025-09-13T22:06:52.844937,NO_MOVEMENT_POINTS,P_Pluton__5_Sch_tzen_Kompanie,"43,-15",0,0,"37,-15",6,False,False,N/A,N/A,N/A,{'no_mp': True}
2025-09-13T22:06:52.855383,NO_FUEL,P_Pluton__5_Sch_tzen_Kompanie,"43,-15",0,0,"37,-15",6,False,False,N/A,N/A,N/A,"{'no_mp': True, 'no_fuel': True}"
2025-09-13T22:06:52.856427,NO_MOVEMENT_POINTS,AC_Kompania__5_schwere_Artillerie,"43,-15",0,0,"36,-16",8,False,False,N/A,N/A,N/A,{'no_mp': True}
2025-09-13T22:06:52.857495,NO_FUEL,AC_Kompania__5_schwere_Artillerie,"43,-15",0,0,"36,-16",8,False,False,N/A,N/A,N/A,"{'no_mp': True, 'no_fuel': True}"
2025-09-13T22:06:52.858929,NO_MOVEMENT_POINTS,AL_Batalion__5_Artillerie_Abteilung,"43,-15",0,0,"37,-17",8,False,False,N/A,N/A,N/A,{'no_mp': True}
2025-09-13T22:06:52.858929,NO_FUEL,AL_Batalion__5_Artillerie_Abteilung,"43,-15",0,0,"37,-17",8,False,False,N/A,N/A,N/A,"{'no_mp': True, 'no_fuel': True}"
2025-09-13T22:06:52.860331,INSUFFICIENT_SUPPORT,Z_Pluton__5_Unterst_tzungs_Bataillon,"43,-15",N/A,N/A,N/A,N/A,N/A,N/A,0,150,5,"{'enemies_list': [], 'units_found': 0, 'units_needed': 2, 'shortage': 2}"
2025-09-13T22:06:52.861579,NO_MOVEMENT_POINTS,P_Pluton__5_Infanterie_Regiment,"52,-13",0,0,"36,-15",18,False,False,N/A,N/A,N/A,{'no_mp': True}
2025-09-13T22:06:52.862771,NO_FUEL,P_Pluton__5_Infanterie_Regiment,"52,-13",0,0,"36,-15",18,False,False,N/A,N/A,N/A,"{'no_mp': True, 'no_fuel': True}"
2025-09-13T22:06:52.863782,NO_MOVEMENT_POINTS,P_Kompania__5_Infanterie_Regiment,"52,-13",0,0,"36,-14",17,False,False,N/A,N/A,N/A,{'no_mp': True}
2025-09-13T22:06:52.865041,NO_FUEL,P_Kompania__5_Infanterie_Regiment,"52,-13",0,0,"36,-14",17,False,False,N/A,N/A,N/A,"{'no_mp': True, 'no_fuel': True}"
2025-09-13T22:06:52.866065,NO_MOVEMENT_POINTS,P_Pluton__5_Sch_tzen_Kompanie,"52,-13",0,0,"37,-15",17,False,False,N/A,N/A,N/A,{'no_mp': True}
2025-09-13T22:06:52.866065,NO_FUEL,P_Pluton__5_Sch_tzen_Kompanie,"52,-13",0,0,"37,-15",17,False,False,N/A,N/A,N/A,"{'no_mp': True, 'no_fuel': True}"
2025-09-13T22:06:52.867070,NO_MOVEMENT_POINTS,AC_Kompania__5_schwere_Artillerie,"52,-13",0,0,"36,-16",19,False,False,N/A,N/A,N/A,{'no_mp': True}
2025-09-13T22:06:52.868365,NO_FUEL,AC_Kompania__5_schwere_Artillerie,"52,-13",0,0,"36,-16",19,False,False,N/A,N/A,N/A,"{'no_mp': True, 'no_fuel': True}"
2025-09-13T22:06:52.873613,NO_MOVEMENT_POINTS,AL_Batalion__5_Artillerie_Abteilung,"52,-13",0,0,"37,-17",19,False,False,N/A,N/A,N/A,{'no_mp': True}
2025-09-13T22:06:52.874313,NO_FUEL,AL_Batalion__5_Artillerie_Abteilung,"52,-13",0,0,"37,-17",19,False,False,N/A,N/A,N/A,"{'no_mp': True, 'no_fuel': True}"
2025-09-13T22:06:52.875468,INSUFFICIENT_SUPPORT,Z_Pluton__5_Unterst_tzungs_Bataillon_20250913214038,"52,-13",N/A,N/A,N/A,N/A,N/A,N/A,0,100,5,"{'enemies_list': [], 'units_found': 0, 'units_needed': 2, 'shortage': 2}"
2025-09-13T22:06:53.078698,NO_MOVEMENT_POINTS,P_Batalion__2_Batalion_Strzelc_w_20250913214005,"28,3",0,0,"25,-9",15,False,False,N/A,N/A,N/A,{'no_mp': True}
2025-09-13T22:06:53.079461,NO_FUEL,P_Batalion__2_Batalion_Strzelc_w_20250913214005,"28,3",0,0,"25,-9",15,False,False,N/A,N/A,N/A,"{'no_mp': True, 'no_fuel': True}"
2025-09-13T22:06:53.080100,NO_MOVEMENT_POINTS,P_Pluton__2_Kompania_Grenadier_w,"28,3",0,0,"26,6",3,False,False,N/A,N/A,N/A,{'no_mp': True}
2025-09-13T22:06:53.081341,NO_FUEL,P_Pluton__2_Kompania_Grenadier_w,"28,3",0,0,"26,6",3,False,False,N/A,N/A,N/A,"{'no_mp': True, 'no_fuel': True}"
2025-09-13T22:06:53.082602,NO_MOVEMENT_POINTS,Z_Pluton__2_Batalion_Wsparcia,"28,3",0,0,"28,5",2,False,False,N/A,N/A,N/A,{'no_mp': True}
2025-09-13T22:06:53.082602,NO_FUEL,Z_Pluton__2_Batalion_Wsparcia,"28,3",0,0,"28,5",2,False,False,N/A,N/A,N/A,"{'no_mp': True, 'no_fuel': True}"
2025-09-13T22:06:53.083888,NO_MOVEMENT_POINTS,P_Pluton__2_Kompania_Grenadier_w_20250913214010,"28,3",0,0,"27,6",3,False,False,N/A,N/A,N/A,{'no_mp': True}
2025-09-13T22:06:53.085098,NO_FUEL,P_Pluton__2_Kompania_Grenadier_w_20250913214010,"28,3",0,0,"27,6",3,False,False,N/A,N/A,N/A,"{'no_mp': True, 'no_fuel': True}"
2025-09-13T22:06:53.089980,INSUFFICIENT_SUPPORT,P_Kompania__2_Pu_k_Piechoty,"28,3",N/A,N/A,N/A,N/A,N/A,N/A,0,75,4,"{'enemies_list': [], 'units_found': 0, 'units_needed': 1, 'shortage': 1}"
2025-09-13T22:06:53.091078,NO_MOVEMENT_POINTS,P_Batalion__2_Batalion_Strzelc_w_20250913214005,"27,4",0,0,"25,-9",15,False,False,N/A,N/A,N/A,{'no_mp': True}
2025-09-13T22:06:53.091078,NO_FUEL,P_Batalion__2_Batalion_Strzelc_w_20250913214005,"27,4",0,0,"25,-9",15,False,False,N/A,N/A,N/A,"{'no_mp': True, 'no_fuel': True}"
2025-09-13T22:06:53.091078,NO_MOVEMENT_POINTS,P_Pluton__2_Kompania_Grenadier_w,"27,4",0,0,"26,6",2,False,False,N/A,N/A,N/A,{'no_mp': True}
2025-09-13T22:06:53.091078,NO_FUEL,P_Pluton__2_Kompania_Grenadier_w,"27,4",0,0,"26,6",2,False,False,N/A,N/A,N/A,"{'no_mp': True, 'no_fuel': True}"
2025-09-13T22:06:53.094520,NO_MOVEMENT_POINTS,Z_Pluton__2_Batalion_Wsparcia,"27,4",0,0,"28,5",2,False,False,N/A,N/A,N/A,{'no_mp': True}
2025-09-13T22:06:53.095535,NO_FUEL,Z_Pluton__2_Batalion_Wsparcia,"27,4",0,0,"28,5",2,False,False,N/A,N/A,N/A,"{'no_mp': True, 'no_fuel': True}"
2025-09-13T22:06:53.096548,NO_MOVEMENT_POINTS,P_Pluton__2_Kompania_Grenadier_w_20250913214010,"27,4",0,0,"27,6",2,False,False,N/A,N/A,N/A,{'no_mp': True}
2025-09-13T22:06:53.097659,NO_FUEL,P_Pluton__2_Kompania_Grenadier_w_20250913214010,"27,4",0,0,"27,6",2,False,False,N/A,N/A,N/A,"{'no_mp': True, 'no_fuel': True}"
2025-09-13T22:06:53.097659,INSUFFICIENT_SUPPORT,Z_Pluton__2_Oddzia_Rozpoznawczy,"27,4",N/A,N/A,N/A,N/A,N/A,N/A,0,75,4,"{'enemies_list': [], 'units_found': 0, 'units_needed': 1, 'shortage': 1}"
2025-09-13T22:06:53.099881,NO_MOVEMENT_POINTS,P_Batalion__2_Batalion_Strzelc_w_20250913214005,"24,-7",0,0,"25,-9",2,False,False,N/A,N/A,N/A,{'no_mp': True}
2025-09-13T22:06:53.100450,NO_FUEL,P_Batalion__2_Batalion_Strzelc_w_20250913214005,"24,-7",0,0,"25,-9",2,False,False,N/A,N/A,N/A,"{'no_mp': True, 'no_fuel': True}"
2025-09-13T22:06:53.101702,NO_MOVEMENT_POINTS,P_Pluton__2_Kompania_Grenadier_w,"24,-7",0,0,"26,6",15,False,False,N/A,N/A,N/A,{'no_mp': True}
2025-09-13T22:06:53.103413,NO_FUEL,P_Pluton__2_Kompania_Grenadier_w,"24,-7",0,0,"26,6",15,False,False,N/A,N/A,N/A,"{'no_mp': True, 'no_fuel': True}"
2025-09-13T22:06:53.107287,NO_MOVEMENT_POINTS,Z_Pluton__2_Batalion_Wsparcia,"24,-7",0,0,"28,5",16,False,False,N/A,N/A,N/A,{'no_mp': True}
2025-09-13T22:06:53.108300,NO_FUEL,Z_Pluton__2_Batalion_Wsparcia,"24,-7",0,0,"28,5",16,False,False,N/A,N/A,N/A,"{'no_mp': True, 'no_fuel': True}"
2025-09-13T22:06:53.109334,NO_MOVEMENT_POINTS,P_Pluton__2_Kompania_Grenadier_w_20250913214010,"24,-7",0,0,"27,6",16,False,False,N/A,N/A,N/A,{'no_mp': True}
2025-09-13T22:06:53.109334,NO_FUEL,P_Pluton__2_Kompania_Grenadier_w_20250913214010,"24,-7",0,0,"27,6",16,False,False,N/A,N/A,N/A,"{'no_mp': True, 'no_fuel': True}"
2025-09-13T22:06:53.110640,INSUFFICIENT_SUPPORT,Z_Batalion__2_Kompania_Zaopatrzeniowa,"24,-7",N/A,N/A,N/A,N/A,N/A,N/A,0,50,4,"{'enemies_list': [], 'units_found': 0, 'units_needed': 1, 'shortage': 1}"
2025-09-13T22:06:53.111861,NO_MOVEMENT_POINTS,P_Batalion__2_Batalion_Strzelc_w_20250913214005,"15,-7",0,0,"25,-9",10,False,False,N/A,N/A,N/A,{'no_mp': True}
2025-09-13T22:06:53.113017,NO_FUEL,P_Batalion__2_Batalion_Strzelc_w_20250913214005,"15,-7",0,0,"25,-9",10,False,False,N/A,N/A,N/A,"{'no_mp': True, 'no_fuel': True}"
2025-09-13T22:06:53.113782,NO_MOVEMENT_POINTS,P_Pluton__2_Kompania_Grenadier_w,"15,-7",0,0,"26,6",24,False,False,N/A,N/A,N/A,{'no_mp': True}
2025-09-13T22:06:53.114795,NO_FUEL,P_Pluton__2_Kompania_Grenadier_w,"15,-7",0,0,"26,6",24,False,False,N/A,N/A,N/A,"{'no_mp': True, 'no_fuel': True}"
2025-09-13T22:06:53.116139,NO_MOVEMENT_POINTS,Z_Pluton__2_Batalion_Wsparcia,"15,-7",0,0,"28,5",25,False,False,N/A,N/A,N/A,{'no_mp': True}
2025-09-13T22:06:53.117975,NO_FUEL,Z_Pluton__2_Batalion_Wsparcia,"15,-7",0,0,"28,5",25,False,False,N/A,N/A,N/A,"{'no_mp': True, 'no_fuel': True}"
2025-09-13T22:06:53.122133,NO_MOVEMENT_POINTS,P_Pluton__2_Kompania_Grenadier_w_20250913214010,"15,-7",0,0,"27,6",25,False,False,N/A,N/A,N/A,{'no_mp': True}
2025-09-13T22:06:53.122133,NO_FUEL,P_Pluton__2_Kompania_Grenadier_w_20250913214010,"15,-7",0,0,"27,6",25,False,False,N/A,N/A,N/A,"{'no_mp': True, 'no_fuel': True}"
2025-09-13T22:06:53.122133,INSUFFICIENT_SUPPORT,D_Pluton__2_Dow_dztwo_Einheit,"15,-7",N/A,N/A,N/A,N/A,N/A,N/A,0,100,4,"{'enemies_list': [], 'units_found': 0, 'units_needed': 2, 'shortage': 2}"
2025-09-13T22:06:53.292706,NO_MOVEMENT_POINTS,P_Pluton__5_Infanterie_Regiment,"45,-15",0,0,"36,-15",9,False,False,N/A,N/A,N/A,{'no_mp': True}
2025-09-13T22:06:53.293709,NO_FUEL,P_Pluton__5_Infanterie_Regiment,"45,-15",0,0,"36,-15",9,False,False,N/A,N/A,N/A,"{'no_mp': True, 'no_fuel': True}"
2025-09-13T22:06:53.295160,NO_MOVEMENT_POINTS,P_Kompania__5_Infanterie_Regiment,"45,-15",0,0,"36,-14",9,False,False,N/A,N/A,N/A,{'no_mp': True}
2025-09-13T22:06:53.295639,NO_FUEL,P_Kompania__5_Infanterie_Regiment,"45,-15",0,0,"36,-14",9,False,False,N/A,N/A,N/A,"{'no_mp': True, 'no_fuel': True}"
2025-09-13T22:06:53.296664,NO_MOVEMENT_POINTS,P_Pluton__5_Sch_tzen_Kompanie,"45,-15",0,0,"37,-15",8,False,False,N/A,N/A,N/A,{'no_mp': True}
2025-09-13T22:06:53.296664,NO_FUEL,P_Pluton__5_Sch_tzen_Kompanie,"45,-15",0,0,"37,-15",8,False,False,N/A,N/A,N/A,"{'no_mp': True, 'no_fuel': True}"
2025-09-13T22:06:53.296664,NO_MOVEMENT_POINTS,AC_Kompania__5_schwere_Artillerie,"45,-15",0,0,"36,-16",10,False,False,N/A,N/A,N/A,{'no_mp': True}
2025-09-13T22:06:53.296664,NO_FUEL,AC_Kompania__5_schwere_Artillerie,"45,-15",0,0,"36,-16",10,False,False,N/A,N/A,N/A,"{'no_mp': True, 'no_fuel': True}"
2025-09-13T22:06:53.301330,NO_MOVEMENT_POINTS,AL_Batalion__5_Artillerie_Abteilung,"45,-15",0,0,"37,-17",10,False,False,N/A,N/A,N/A,{'no_mp': True}
2025-09-13T22:06:53.301330,NO_FUEL,AL_Batalion__5_Artillerie_Abteilung,"45,-15",0,0,"37,-17",10,False,False,N/A,N/A,N/A,"{'no_mp': True, 'no_fuel': True}"
2025-09-13T22:06:53.305640,INSUFFICIENT_SUPPORT,Z_Kompania__5_Unterst_tzungs_Bataillon,"45,-15",N/A,N/A,N/A,N/A,N/A,N/A,0,100,5,"{'enemies_list': [], 'units_found': 0, 'units_needed': 2, 'shortage': 2}"
2025-09-13T22:06:53.307651,NO_MOVEMENT_POINTS,P_Pluton__5_Infanterie_Regiment,"43,-14",0,0,"36,-15",8,False,False,N/A,N/A,N/A,{'no_mp': True}
2025-09-13T22:06:53.309061,NO_FUEL,P_Pluton__5_Infanterie_Regiment,"43,-14",0,0,"36,-15",8,False,False,N/A,N/A,N/A,"{'no_mp': True, 'no_fuel': True}"
2025-09-13T22:06:53.310064,NO_MOVEMENT_POINTS,P_Kompania__5_Infanterie_Regiment,"43,-14",0,0,"36,-14",7,False,False,N/A,N/A,N/A,{'no_mp': True}
2025-09-13T22:06:53.310064,NO_FUEL,P_Kompania__5_Infanterie_Regiment,"43,-14",0,0,"36,-14",7,False,False,N/A,N/A,N/A,"{'no_mp': True, 'no_fuel': True}"
2025-09-13T22:06:53.311314,NO_MOVEMENT_POINTS,P_Pluton__5_Sch_tzen_Kompanie,"43,-14",0,0,"37,-15",7,False,False,N/A,N/A,N/A,{'no_mp': True}
2025-09-13T22:06:53.312376,NO_FUEL,P_Pluton__5_Sch_tzen_Kompanie,"43,-14",0,0,"37,-15",7,False,False,N/A,N/A,N/A,"{'no_mp': True, 'no_fuel': True}"
2025-09-13T22:06:53.312376,NO_MOVEMENT_POINTS,AC_Kompania__5_schwere_Artillerie,"43,-14",0,0,"36,-16",9,False,False,N/A,N/A,N/A,{'no_mp': True}
2025-09-13T22:06:53.312376,NO_FUEL,AC_Kompania__5_schwere_Artillerie,"43,-14",0,0,"36,-16",9,False,False,N/A,N/A,N/A,"{'no_mp': True, 'no_fuel': True}"
2025-09-13T22:06:53.312376,NO_MOVEMENT_POINTS,AL_Batalion__5_Artillerie_Abteilung,"43,-14",0,0,"37,-17",9,False,False,N/A,N/A,N/A,{'no_mp': True}
2025-09-13T22:06:53.312376,NO_FUEL,AL_Batalion__5_Artillerie_Abteilung,"43,-14",0,0,"37,-17",9,False,False,N/A,N/A,N/A,"{'no_mp': True, 'no_fuel': True}"
2025-09-13T22:06:53.312376,INSUFFICIENT_SUPPORT,Z_Pluton__5_Versorgungs_Kompanie,"43,-14",N/A,N/A,N/A,N/A,N/A,N/A,0,150,5,"{'enemies_list': [], 'units_found': 0, 'units_needed': 2, 'shortage': 2}"
2025-09-13T22:06:53.318488,NO_MOVEMENT_POINTS,P_Pluton__5_Infanterie_Regiment,"52,-13",0,0,"36,-15",18,False,False,N/A,N/A,N/A,{'no_mp': True}
2025-09-13T22:06:53.319504,NO_FUEL,P_Pluton__5_Infanterie_Regiment,"52,-13",0,0,"36,-15",18,False,False,N/A,N/A,N/A,"{'no_mp': True, 'no_fuel': True}"
2025-09-13T22:06:53.322389,NO_MOVEMENT_POINTS,P_Kompania__5_Infanterie_Regiment,"52,-13",0,0,"36,-14",17,False,False,N/A,N/A,N/A,{'no_mp': True}
2025-09-13T22:06:53.324338,NO_FUEL,P_Kompania__5_Infanterie_Regiment,"52,-13",0,0,"36,-14",17,False,False,N/A,N/A,N/A,"{'no_mp': True, 'no_fuel': True}"
2025-09-13T22:06:53.324338,NO_MOVEMENT_POINTS,P_Pluton__5_Sch_tzen_Kompanie,"52,-13",0,0,"37,-15",17,False,False,N/A,N/A,N/A,{'no_mp': True}
2025-09-13T22:06:53.324338,NO_FUEL,P_Pluton__5_Sch_tzen_Kompanie,"52,-13",0,0,"37,-15",17,False,False,N/A,N/A,N/A,"{'no_mp': True, 'no_fuel': True}"
2025-09-13T22:06:53.324338,NO_MOVEMENT_POINTS,AC_Kompania__5_schwere_Artillerie,"52,-13",0,0,"36,-16",19,False,False,N/A,N/A,N/A,{'no_mp': True}
2025-09-13T22:06:53.324338,NO_FUEL,AC_Kompania__5_schwere_Artillerie,"52,-13",0,0,"36,-16",19,False,False,N/A,N/A,N/A,"{'no_mp': True, 'no_fuel': True}"
2025-09-13T22:06:53.324338,NO_MOVEMENT_POINTS,AL_Batalion__5_Artillerie_Abteilung,"52,-13",0,0,"37,-17",19,False,False,N/A,N/A,N/A,{'no_mp': True}
2025-09-13T22:06:53.324338,NO_FUEL,AL_Batalion__5_Artillerie_Abteilung,"52,-13",0,0,"37,-17",19,False,False,N/A,N/A,N/A,"{'no_mp': True, 'no_fuel': True}"
2025-09-13T22:06:53.331304,INSUFFICIENT_SUPPORT,Z_Pluton__5_Unterst_tzungs_Bataillon_20250913214038,"52,-13",N/A,N/A,N/A,N/A,N/A,N/A,0,100,5,"{'enemies_list': [], 'units_found': 0, 'units_needed': 2, 'shortage': 2}"
