timestamp,turn,phase,nation,unit_id,unit_type,action_type,from_q,from_r,to_q,to_r,target_q,target_r,target_type,target_value_before,target_value_after,movement_mode,path_len,path_used,progressive_used,adaptive_frac,mp_before,mp_after,fuel_before,fuel_after,combat_dmg_dealt,combat_dmg_taken,enemy_adj_before,enemy_adj_after,threat_level,decision_reason,extra_tags,reason,skip_reason,target_search_candidates,target_search_best_score,target_search_best_distance,group_id,group_size,group_leader_pos,group_assignment_score,strategic_state,aggression_level,priority_level,target_is_free,fallback_used,enemy_distance,threat_assessment,coordination_mode,ai_memory_target,reassignment_count,tactical_mode,pathfinding_failures,valid_candidates,total_candidates,unit_mp_available,unit_fuel_available
2025-09-11T23:20:08.228237,,,Niemcy,TURN_START,,turn_begin,,,,,,,,,,,,,,,,,,,,,,,,,,AI Commander turn started for player 5,,,,,,,,,,,,,,,,,,,,,,,,
2025-09-11T23:20:09.295333,,strategy,Niemcy,STRATEGY,,strategic_decision,,,,,,,,,,,,,,,,,,,,,,,,,,"Strategy: REASSIGNMENT, aggression 0.50, 4 groups, 0 reassignments",,,,,,,,,REASSIGNMENT,0.5,,,,,,adaptive,,0,dynamic_reassignment,,,,,
2025-09-11T23:20:09.361569,,strategy,Niemcy,STRATEGY,,strategic_decision,,,,,,,,,,,,,,,,,,,,,,,,,,"Strategy: REASSIGNMENT, aggression 0.50, 4 groups, 0 reassignments",,,,,,,,,REASSIGNMENT,0.5,,,,,,adaptive,,0,dynamic_reassignment,,,,,
2025-09-11T23:20:09.405246,,strategy,Niemcy,STRATEGY,,strategic_decision,,,,,,,,,,,,,,,,,,,,,,,,,,"Strategy: REASSIGNMENT, aggression 0.50, 1 groups, 0 reassignments",,,,,,,,,REASSIGNMENT,0.5,,,,,,adaptive,,0,dynamic_reassignment,,,,,
2025-09-11T23:20:09.439206,,target_selection,Niemcy,P_Batalion__5_Sch_tzen_Kompanie,,target_analysis,,,,,34,-6,,,,,,,,,,,,,,,,,,,,"Target analysis: 29 candidates, score -1.00",,29,-1,999,,,,,,,,,False,,,,,,,29,29,29,4,2
2025-09-11T23:20:09.442412,,,Niemcy,P_Batalion__5_Sch_tzen_Kompanie,,adaptive_autonomous,34,-6,34,-6,,,,,,,,,,,,,,,,,,,,,,"Advanced auto mode: group 1 (strategy: TIED, aggr: 0.5)",,,,,,,,,,,,,,,,,,,,,,,,
2025-09-11T23:20:09.491392,,strategy,Niemcy,STRATEGY,,strategic_decision,,,,,,,,,,,,,,,,,,,,,,,,,,"Strategy: REASSIGNMENT, aggression 0.50, 1 groups, 0 reassignments",,,,,,,,,REASSIGNMENT,0.5,,,,,,adaptive,,0,dynamic_reassignment,,,,,
2025-09-11T23:20:09.523624,,target_selection,Niemcy,P_Pluton__5_Grenadier_Bataillon,,target_analysis,,,,,32,-1,,,,,,,,,,,,,,,,,,,,"Target analysis: 29 candidates, score -1.00",,29,-1,999,,,,,,,,,False,,,,,,,29,29,29,4,2
2025-09-11T23:20:09.528411,,,Niemcy,P_Pluton__5_Grenadier_Bataillon,,adaptive_autonomous,32,-1,32,-1,,,,,,,,,,,,,,,,,,,,,,"Advanced auto mode: group 2 (strategy: TIED, aggr: 0.5)",,,,,,,,,,,,,,,,,,,,,,,,
2025-09-11T23:20:09.549066,,strategy,Niemcy,STRATEGY,,strategic_decision,,,,,,,,,,,,,,,,,,,,,,,,,,"Strategy: REASSIGNMENT, aggression 0.50, 1 groups, 0 reassignments",,,,,,,,,REASSIGNMENT,0.5,,,,,,adaptive,,0,dynamic_reassignment,,,,,
2025-09-11T23:20:09.571027,,target_selection,Niemcy,P_Batalion__5_Infanterie_Regiment,,target_analysis,,,,,35,-15,,,,,,,,,,,,,,,,,,,,"Target analysis: 29 candidates, score -1.00",,29,-1,999,,,,,,,,,False,,,,,,,29,29,29,4,2
2025-09-11T23:20:09.582970,,,Niemcy,P_Batalion__5_Infanterie_Regiment,,adaptive_autonomous,35,-15,35,-15,,,,,,,,,,,,,,,,,,,,,,"Advanced auto mode: group 3 (strategy: TIED, aggr: 0.5)",,,,,,,,,,,,,,,,,,,,,,,,
2025-09-11T23:20:09.619341,,,Niemcy,AL_Batalion__5_Artillerie_Abteilung,,adaptive_autonomous,36,-16,35,-15,,,,,,,,,,,,,,,,,,,,,,"Advanced auto mode: group 3 (strategy: TIED, aggr: 0.5)",,,,,,,,,,,,,,,,,,,,,,,,
2025-09-11T23:20:09.661954,,,Niemcy,TL_Kompania__5_Panzer_Abteilung,,adaptive_autonomous,37,-14,35,-15,,,,,,,,,,,,,,,,,,,,,,"Advanced auto mode: group 3 (strategy: TIED, aggr: 0.5)",,,,,,,,,,,,,,,,,,,,,,,,
2025-09-11T23:20:09.680144,,strategy,Niemcy,STRATEGY,,strategic_decision,,,,,,,,,,,,,,,,,,,,,,,,,,"Strategy: REASSIGNMENT, aggression 0.50, 1 groups, 0 reassignments",,,,,,,,,REASSIGNMENT,0.5,,,,,,adaptive,,0,dynamic_reassignment,,,,,
2025-09-11T23:20:09.704409,,target_selection,Niemcy,P_Batalion__5_Infanterie_Regiment_20250907191830,,target_analysis,,,,,40,-13,,,,,,,,,,,,,,,,,,,,"Target analysis: 29 candidates, score -1.00",,29,-1,999,,,,,,,,,False,,,,,,,29,29,29,4,2
2025-09-11T23:20:09.720059,,,Niemcy,P_Batalion__5_Infanterie_Regiment_20250907191830,,adaptive_autonomous,40,-13,40,-13,,,,,,,,,,,,,,,,,,,,,,"Advanced auto mode: group 4 (strategy: TIED, aggr: 0.5)",,,,,,,,,,,,,,,,,,,,,,,,
2025-09-11T23:20:09.722376,,,Niemcy,TURN_END,,turn_summary,,,,,,,,,,,15,6,,,,,,,,,,,,advanced,opp=0;groups=4;adv=True,"Turn completed: 6/15 units moved, 4 groups (advanced)",,,,,,,,,,,,,,,,,,,,,,,,
2025-09-11T23:20:09.789089,,,Niemcy,TURN_START,,turn_begin,,,,,,,,,,,,,,,,,,,,,,,,,,AI Commander turn started for player 6,,,,,,,,,,,,,,,,,,,,,,,,
2025-09-11T23:20:10.532018,,strategy,Niemcy,STRATEGY,,strategic_decision,,,,,,,,,,,,,,,,,,,,,,,,,,"Strategy: REASSIGNMENT, aggression 0.50, 4 groups, 0 reassignments",,,,,,,,,REASSIGNMENT,0.5,,,,,,adaptive,,0,dynamic_reassignment,,,,,
2025-09-11T23:20:10.626581,,strategy,Niemcy,STRATEGY,,strategic_decision,,,,,,,,,,,,,,,,,,,,,,,,,,"Strategy: REASSIGNMENT, aggression 0.50, 4 groups, 0 reassignments",,,,,,,,,REASSIGNMENT,0.5,,,,,,adaptive,,0,dynamic_reassignment,,,,,
2025-09-11T23:20:10.662367,,strategy,Niemcy,STRATEGY,,strategic_decision,,,,,,,,,,,,,,,,,,,,,,,,,,"Strategy: REASSIGNMENT, aggression 0.50, 1 groups, 0 reassignments",,,,,,,,,REASSIGNMENT,0.5,,,,,,adaptive,,0,dynamic_reassignment,,,,,
2025-09-11T23:20:10.713657,,target_selection,Niemcy,TL_Kompania__6_Panzer_Kompanie,,target_analysis,,,,,35,3,,,,,,,,,,,,,,,,,,,,"Target analysis: 29 candidates, score -1.00",,29,-1,999,,,,,,,,,False,,,,,,,29,29,29,5,3
2025-09-11T23:20:10.718047,,,Niemcy,TL_Kompania__6_Panzer_Kompanie,,adaptive_autonomous,35,3,35,3,,,,,,,,,,,,,,,,,,,,,,"Advanced auto mode: group 1 (strategy: TIED, aggr: 0.5)",,,,,,,,,,,,,,,,,,,,,,,,
2025-09-11T23:20:10.726928,,,Niemcy,P_Kompania__6_Sch_tzen_Kompanie,,adaptive_autonomous,36,3,35,3,,,,,,,,,,,,,,,,,,,,,,"Advanced auto mode: group 1 (strategy: TIED, aggr: 0.5)",,,,,,,,,,,,,,,,,,,,,,,,
2025-09-11T23:20:10.733573,,,Niemcy,P_Pluton__6_Sch_tzen_Kompanie,,adaptive_autonomous,37,2,35,3,,,,,,,,,,,,,,,,,,,,,,"Advanced auto mode: group 1 (strategy: TIED, aggr: 0.5)",,,,,,,,,,,,,,,,,,,,,,,,
2025-09-11T23:20:10.742750,,,Niemcy,AL_Pluton__6_Artillerie_Batterie,,adaptive_autonomous,39,0,35,3,,,,,,,,,,,,,,,,,,,,,,"Advanced auto mode: group 1 (strategy: TIED, aggr: 0.5)",,,,,,,,,,,,,,,,,,,,,,,,
2025-09-11T23:20:10.761168,,strategy,Niemcy,STRATEGY,,strategic_decision,,,,,,,,,,,,,,,,,,,,,,,,,,"Strategy: REASSIGNMENT, aggression 0.50, 1 groups, 0 reassignments",,,,,,,,,REASSIGNMENT,0.5,,,,,,adaptive,,0,dynamic_reassignment,,,,,
2025-09-11T23:20:10.806810,,target_selection,Niemcy,P_Kompania__6_Infanterie_Regiment,,target_analysis,,,,,41,8,,,,,,,,,,,,,,,,,,,,"Target analysis: 29 candidates, score -1.00",,29,-1,999,,,,,,,,,False,,,,,,,29,29,29,4,2
2025-09-11T23:20:10.813667,,,Niemcy,P_Kompania__6_Infanterie_Regiment,,adaptive_autonomous,41,8,41,8,,,,,,,,,,,,,,,,,,,,,,"Advanced auto mode: group 2 (strategy: TIED, aggr: 0.5)",,,,,,,,,,,,,,,,,,,,,,,,
2025-09-11T23:20:10.829154,,strategy,Niemcy,STRATEGY,,strategic_decision,,,,,,,,,,,,,,,,,,,,,,,,,,"Strategy: REASSIGNMENT, aggression 0.50, 1 groups, 0 reassignments",,,,,,,,,REASSIGNMENT,0.5,,,,,,adaptive,,0,dynamic_reassignment,,,,,
2025-09-11T23:20:10.859633,,target_selection,Niemcy,P_Pluton__6_Grenadier_Bataillon_20250907191921,,target_analysis,,,,,49,-9,,,,,,,,,,,,,,,,,,,,"Target analysis: 29 candidates, score -1.00",,29,-1,999,,,,,,,,,False,,,,,,,29,29,29,4,2
2025-09-11T23:20:10.863484,,,Niemcy,P_Pluton__6_Grenadier_Bataillon_20250907191921,,adaptive_autonomous,49,-9,49,-9,,,,,,,,,,,,,,,,,,,,,,"Advanced auto mode: group 3 (strategy: TIED, aggr: 0.5)",,,,,,,,,,,,,,,,,,,,,,,,
2025-09-11T23:20:10.926092,,strategy,Niemcy,STRATEGY,,strategic_decision,,,,,,,,,,,,,,,,,,,,,,,,,,"Strategy: REASSIGNMENT, aggression 0.50, 1 groups, 0 reassignments",,,,,,,,,REASSIGNMENT,0.5,,,,,,adaptive,,0,dynamic_reassignment,,,,,
2025-09-11T23:20:10.960866,,target_selection,Niemcy,Z_Pluton__6_Aufkl_rungs_Zug_20250907191928,,target_analysis,,,,,55,-13,,,,,,,,,,,,,,,,,,,,"Target analysis: 29 candidates, score -1.00",,29,-1,999,,,,,,,,,False,,,,,,,29,29,29,5,4
2025-09-11T23:20:10.965880,,,Niemcy,TURN_END,,turn_summary,,,,,,,,,,,13,6,,,,,,,,,,,,advanced,opp=0;groups=4;adv=True,"Turn completed: 6/13 units moved, 4 groups (advanced)",,,,,,,,,,,,,,,,,,,,,,,,
2025-09-11T23:29:11.072828,,,Niemcy,TURN_START,,turn_begin,,,,,,,,,,,,,,,,,,,,,,,,,,AI Commander turn started for player 5,,,,,,,,,,,,,,,,,,,,,,,,
2025-09-11T23:29:11.077753,,,Niemcy,RESUPPLY_NEEDS,,resupply_analysis,,,,,,,,,,,,,,,,,,,,,,,,,,NEEDS_ANALYSIS PRE_RAID_OPTIMIZATION | TOTAL_FUEL_NEEDED: 6 | TOTAL_COMBAT_NEEDED: 0 | TOTAL_PE_NEEDED: 6 | BUDGET_AVAILABLE: 10 | UNITS_REQUIRING_HELP: 6,,,,,,,,,,,,,,,,,,,,,,,,
2025-09-11T23:29:11.078838,,,Niemcy,P_Batalion__5_Sch_tzen_Kompanie,,resupply_detailed,34,-6,34,-6,,,,,,,,,,,,,,,,,,,,,,phase1 PRE_RAID_OPTIMIZATION | PE_SPENT: fuel=1 combat=0 total=1 | BEFORE: fuel=1 combat=14 | AFTER: fuel=2 combat=14,,,,,,,,,,,,,,,,,,,,,,,,
2025-09-11T23:29:11.079833,,,Niemcy,P_Pluton__5_Grenadier_Bataillon,,resupply_detailed,32,-1,32,-1,,,,,,,,,,,,,,,,,,,,,,phase1 PRE_RAID_OPTIMIZATION | PE_SPENT: fuel=1 combat=0 total=1 | BEFORE: fuel=1 combat=8 | AFTER: fuel=2 combat=8,,,,,,,,,,,,,,,,,,,,,,,,
2025-09-11T23:29:11.079833,,,Niemcy,P_Batalion__5_Infanterie_Regiment,,resupply_detailed,35,-15,35,-15,,,,,,,,,,,,,,,,,,,,,,phase1 PRE_RAID_OPTIMIZATION | PE_SPENT: fuel=1 combat=0 total=1 | BEFORE: fuel=1 combat=14 | AFTER: fuel=2 combat=14,,,,,,,,,,,,,,,,,,,,,,,,
2025-09-11T23:29:11.079833,,,Niemcy,AL_Batalion__5_Artillerie_Abteilung,,resupply_detailed,36,-16,36,-16,,,,,,,,,,,,,,,,,,,,,,phase1 PRE_RAID_OPTIMIZATION | PE_SPENT: fuel=1 combat=0 total=1 | BEFORE: fuel=1 combat=11 | AFTER: fuel=2 combat=11,,,,,,,,,,,,,,,,,,,,,,,,
2025-09-11T23:29:11.081189,,,Niemcy,P_Batalion__5_Infanterie_Regiment_20250907191830,,resupply_detailed,40,-13,40,-13,,,,,,,,,,,,,,,,,,,,,,phase1 PRE_RAID_OPTIMIZATION | PE_SPENT: fuel=1 combat=0 total=1 | BEFORE: fuel=1 combat=14 | AFTER: fuel=2 combat=14,,,,,,,,,,,,,,,,,,,,,,,,
2025-09-11T23:29:11.081189,,,Niemcy,RESUPPLY_OPERATION,,resupply_summary,,,,,,,,,,,,,,,,,,,,,,,,,,RESUPPLY_SUMMARY PRE_RAID_OPTIMIZATION | TOTAL_PE_SPENT: 5 | UNITS_RESUPPLIED: 5/6 | BUDGET_ALLOCATED: 10 | PE_REMAINING: 15,,,,,,,,,,,,,,,,,,,,,,,,
2025-09-11T23:29:11.120054,,target_selection,Niemcy,P_Batalion__5_Sch_tzen_Kompanie,,target_analysis,,,,,36,-6,,,,,,,,,,,,,,,,,,,,"Target analysis: 29 candidates, score -1.00",,29,-1,999,,,,,,,,,False,,,,,,,29,29,29,4,2
2025-09-11T23:29:11.131278,,,Niemcy,P_Batalion__5_Sch_tzen_Kompanie,,second_move,,,36,-6,,,,,,,,,,,,,,,,,,,,,,second_chance after PRE_RAID_OPTIMIZATION,,,,,,,,,,,,,,,,,,,,,,,,
2025-09-11T23:29:11.151103,,target_selection,Niemcy,P_Pluton__5_Grenadier_Bataillon,,target_analysis,,,,,30,1,,,,,,,,,,,,,,,,,,,,"Target analysis: 29 candidates, score -1.00",,29,-1,999,,,,,,,,,False,,,,,,,29,29,29,4,2
2025-09-11T23:29:11.165292,,,Niemcy,P_Pluton__5_Grenadier_Bataillon,,second_move,,,30,1,,,,,,,,,,,,,,,,,,,,,,second_chance after PRE_RAID_OPTIMIZATION,,,,,,,,,,,,,,,,,,,,,,,,
2025-09-11T23:29:11.200619,,target_selection,Niemcy,P_Batalion__5_Infanterie_Regiment,,target_analysis,,,,,37,-15,,,,,,,,,,,,,,,,,,,,"Target analysis: 29 candidates, score -1.00",,29,-1,999,,,,,,,,,False,,,,,,,29,29,29,4,2
2025-09-11T23:29:11.200619,,,Niemcy,P_Batalion__5_Infanterie_Regiment,,second_move,,,37,-15,,,,,,,,,,,,,,,,,,,,,,second_chance after PRE_RAID_OPTIMIZATION,,,,,,,,,,,,,,,,,,,,,,,,
2025-09-11T23:29:11.248403,,target_selection,Niemcy,AL_Batalion__5_Artillerie_Abteilung,,target_analysis,,,,,36,-14,,,,,,,,,,,,,,,,,,,,"Target analysis: 29 candidates, score -1.00",,29,-1,999,,,,,,,,,False,,,,,,,29,29,29,6,2
2025-09-11T23:29:11.252888,,,Niemcy,AL_Batalion__5_Artillerie_Abteilung,,second_move,,,36,-14,,,,,,,,,,,,,,,,,,,,,,second_chance after PRE_RAID_OPTIMIZATION,,,,,,,,,,,,,,,,,,,,,,,,
2025-09-11T23:29:11.285939,,target_selection,Niemcy,P_Batalion__5_Infanterie_Regiment_20250907191830,,target_analysis,,,,,38,-11,,,,,,,,,,,,,,,,,,,,"Target analysis: 29 candidates, score -1.00",,29,-1,999,,,,,,,,,False,,,,,,,29,29,29,4,2
2025-09-11T23:29:11.298079,,,Niemcy,P_Batalion__5_Infanterie_Regiment_20250907191830,,second_move,,,38,-11,,,,,,,,,,,,,,,,,,,,,,second_chance after PRE_RAID_OPTIMIZATION,,,,,,,,,,,,,,,,,,,,,,,,
2025-09-11T23:29:11.363605,,target_selection,Niemcy,TL_Kompania__5_Panzer_Abteilung,,target_analysis,,,,,39,-14,,,,,,,,,,,,,,,,,,,,"Target analysis: 29 candidates, score -1.00",,29,-1,999,,,,,,,,,False,,,,,,,29,29,29,5,2
2025-09-11T23:29:11.368914,,,Niemcy,TL_Kompania__5_Panzer_Abteilung,,second_move,,,39,-14,,,,,,,,,,,,,,,,,,,,,,second_chance after PRE_RAID_OPTIMIZATION,,,,,,,,,,,,,,,,,,,,,,,,
2025-09-11T23:29:11.548523,,,Niemcy,RESUPPLY_NEEDS,,resupply_analysis,,,,,,,,,,,,,,,,,,,,,,,,,,NEEDS_ANALYSIS PRE_RAID_OPTIMIZATION | TOTAL_FUEL_NEEDED: 7 | TOTAL_COMBAT_NEEDED: 0 | TOTAL_PE_NEEDED: 7 | BUDGET_AVAILABLE: 7 | UNITS_REQUIRING_HELP: 6,,,,,,,,,,,,,,,,,,,,,,,,
2025-09-11T23:29:11.549520,,,Niemcy,TL_Kompania__5_Panzer_Abteilung,,resupply_detailed,39,-14,39,-14,,,,,,,,,,,,,,,,,,,,,,phase1 PRE_RAID_OPTIMIZATION | PE_SPENT: fuel=1 combat=0 total=1 | BEFORE: fuel=1 combat=14 | AFTER: fuel=2 combat=14,,,,,,,,,,,,,,,,,,,,,,,,
2025-09-11T23:29:11.549520,,,Niemcy,P_Batalion__5_Sch_tzen_Kompanie,,resupply_detailed,36,-6,36,-6,,,,,,,,,,,,,,,,,,,,,,phase1 PRE_RAID_OPTIMIZATION | PE_SPENT: fuel=1 combat=0 total=1 | BEFORE: fuel=1 combat=14 | AFTER: fuel=2 combat=14,,,,,,,,,,,,,,,,,,,,,,,,
2025-09-11T23:29:11.551556,,,Niemcy,P_Pluton__5_Grenadier_Bataillon,,resupply_detailed,30,1,30,1,,,,,,,,,,,,,,,,,,,,,,phase1 PRE_RAID_OPTIMIZATION | PE_SPENT: fuel=1 combat=0 total=1 | BEFORE: fuel=1 combat=8 | AFTER: fuel=2 combat=8,,,,,,,,,,,,,,,,,,,,,,,,
2025-09-11T23:29:11.551556,,,Niemcy,P_Batalion__5_Infanterie_Regiment,,resupply_detailed,37,-15,37,-15,,,,,,,,,,,,,,,,,,,,,,phase1 PRE_RAID_OPTIMIZATION | PE_SPENT: fuel=1 combat=0 total=1 | BEFORE: fuel=1 combat=14 | AFTER: fuel=2 combat=14,,,,,,,,,,,,,,,,,,,,,,,,
2025-09-11T23:29:11.551556,,,Niemcy,AL_Batalion__5_Artillerie_Abteilung,,resupply_detailed,36,-14,36,-14,,,,,,,,,,,,,,,,,,,,,,phase1 PRE_RAID_OPTIMIZATION | PE_SPENT: fuel=1 combat=0 total=1 | BEFORE: fuel=1 combat=11 | AFTER: fuel=2 combat=11,,,,,,,,,,,,,,,,,,,,,,,,
2025-09-11T23:29:11.553565,,,Niemcy,P_Batalion__5_Infanterie_Regiment_20250907191830,,resupply_detailed,38,-11,38,-11,,,,,,,,,,,,,,,,,,,,,,phase1 PRE_RAID_OPTIMIZATION | PE_SPENT: fuel=1 combat=0 total=1 | BEFORE: fuel=1 combat=14 | AFTER: fuel=2 combat=14,,,,,,,,,,,,,,,,,,,,,,,,
2025-09-11T23:29:11.553565,,,Niemcy,RESUPPLY_OPERATION,,resupply_summary,,,,,,,,,,,,,,,,,,,,,,,,,,RESUPPLY_SUMMARY PRE_RAID_OPTIMIZATION | TOTAL_PE_SPENT: 6 | UNITS_RESUPPLIED: 6/6 | BUDGET_ALLOCATED: 7 | PE_REMAINING: 9,,,,,,,,,,,,,,,,,,,,,,,,
2025-09-11T23:29:11.688786,,target_selection,Niemcy,TL_Kompania__5_Panzer_Abteilung,,target_analysis,,,,,41,-14,,,,,,,,,,,,,,,,,,,,"Target analysis: 29 candidates, score -1.00",,29,-1,999,,,,,,,,,False,,,,,,,29,29,29,4,2
2025-09-11T23:29:11.703233,,,Niemcy,TL_Kompania__5_Panzer_Abteilung,,second_move,,,41,-14,,,,,,,,,,,,,,,,,,,,,,second_chance after PRE_RAID_OPTIMIZATION,,,,,,,,,,,,,,,,,,,,,,,,
2025-09-11T23:29:11.739447,,target_selection,Niemcy,P_Batalion__5_Sch_tzen_Kompanie,,target_analysis,,,,,38,-6,,,,,,,,,,,,,,,,,,,,"Target analysis: 29 candidates, score -1.00",,29,-1,999,,,,,,,,,False,,,,,,,29,29,29,3,2
2025-09-11T23:29:11.748277,,,Niemcy,P_Batalion__5_Sch_tzen_Kompanie,,second_move,,,38,-6,,,,,,,,,,,,,,,,,,,,,,second_chance after PRE_RAID_OPTIMIZATION,,,,,,,,,,,,,,,,,,,,,,,,
2025-09-11T23:29:11.775488,,target_selection,Niemcy,P_Pluton__5_Grenadier_Bataillon,,target_analysis,,,,,28,1,,,,,,,,,,,,,,,,,,,,"Target analysis: 29 candidates, score -1.00",,29,-1,999,,,,,,,,,False,,,,,,,29,29,29,3,2
2025-09-11T23:29:11.784504,,,Niemcy,P_Pluton__5_Grenadier_Bataillon,,second_move,,,28,1,,,,,,,,,,,,,,,,,,,,,,second_chance after PRE_RAID_OPTIMIZATION,,,,,,,,,,,,,,,,,,,,,,,,
2025-09-11T23:29:11.824549,,target_selection,Niemcy,P_Batalion__5_Infanterie_Regiment,,target_analysis,,,,,39,-15,,,,,,,,,,,,,,,,,,,,"Target analysis: 29 candidates, score -1.00",,29,-1,999,,,,,,,,,False,,,,,,,29,29,29,3,2
2025-09-11T23:29:11.841874,,,Niemcy,P_Batalion__5_Infanterie_Regiment,,second_move,,,39,-15,,,,,,,,,,,,,,,,,,,,,,second_chance after PRE_RAID_OPTIMIZATION,,,,,,,,,,,,,,,,,,,,,,,,
2025-09-11T23:29:11.968931,,target_selection,Niemcy,AL_Batalion__5_Artillerie_Abteilung,,target_analysis,,,,,38,-14,,,,,,,,,,,,,,,,,,,,"Target analysis: 29 candidates, score -1.00",,29,-1,999,,,,,,,,,False,,,,,,,29,29,29,5,2
2025-09-11T23:29:11.982809,,,Niemcy,AL_Batalion__5_Artillerie_Abteilung,,second_move,,,38,-14,,,,,,,,,,,,,,,,,,,,,,second_chance after PRE_RAID_OPTIMIZATION,,,,,,,,,,,,,,,,,,,,,,,,
2025-09-11T23:29:12.063123,,target_selection,Niemcy,P_Batalion__5_Infanterie_Regiment_20250907191830,,target_analysis,,,,,36,-11,,,,,,,,,,,,,,,,,,,,"Target analysis: 29 candidates, score -1.00",,29,-1,999,,,,,,,,,False,,,,,,,29,29,29,3,2
2025-09-11T23:29:12.072659,,,Niemcy,P_Batalion__5_Infanterie_Regiment_20250907191830,,second_move,,,36,-11,,,,,,,,,,,,,,,,,,,,,,second_chance after PRE_RAID_OPTIMIZATION,,,,,,,,,,,,,,,,,,,,,,,,
2025-09-11T23:29:13.296876,,strategy,Niemcy,STRATEGY,,strategic_decision,,,,,,,,,,,,,,,,,,,,,,,,,,"Strategy: REASSIGNMENT, aggression 0.50, 5 groups, 0 reassignments",,,,,,,,,REASSIGNMENT,0.5,,,,,,adaptive,,0,dynamic_reassignment,,,,,
2025-09-11T23:29:13.381498,,strategy,Niemcy,STRATEGY,,strategic_decision,,,,,,,,,,,,,,,,,,,,,,,,,,"Strategy: REASSIGNMENT, aggression 0.50, 5 groups, 0 reassignments",,,,,,,,,REASSIGNMENT,0.5,,,,,,adaptive,,0,dynamic_reassignment,,,,,
2025-09-11T23:29:13.404071,,strategy,Niemcy,STRATEGY,,strategic_decision,,,,,,,,,,,,,,,,,,,,,,,,,,"Strategy: REASSIGNMENT, aggression 0.50, 1 groups, 0 reassignments",,,,,,,,,REASSIGNMENT,0.5,,,,,,adaptive,,0,dynamic_reassignment,,,,,
2025-09-11T23:29:13.423921,,target_selection,Niemcy,P_Batalion__5_Sch_tzen_Kompanie,,target_analysis,,,,,35,-6,,,,,,,,,,,,,,,,,,,,"Target analysis: 29 candidates, score -1.00",,29,-1,999,,,,,,,,,False,,,,,,,29,29,29,4,1
2025-09-11T23:29:13.435518,,,Niemcy,P_Batalion__5_Sch_tzen_Kompanie,,adaptive_autonomous,35,-6,35,-6,,,,,,,,,,,,,,,,,,,,,,"Advanced auto mode: group 1 (strategy: TIED, aggr: 0.5)",,,,,,,,,,,,,,,,,,,,,,,,
2025-09-11T23:29:13.491949,,strategy,Niemcy,STRATEGY,,strategic_decision,,,,,,,,,,,,,,,,,,,,,,,,,,"Strategy: REASSIGNMENT, aggression 0.50, 1 groups, 0 reassignments",,,,,,,,,REASSIGNMENT,0.5,,,,,,adaptive,,0,dynamic_reassignment,,,,,
2025-09-11T23:29:13.504407,,target_selection,Niemcy,P_Pluton__5_Grenadier_Bataillon,,target_analysis,,,,,32,-1,,,,,,,,,,,,,,,,,,,,"Target analysis: 29 candidates, score -1.00",,29,-1,999,,,,,,,,,False,,,,,,,29,29,29,4,1
2025-09-11T23:29:13.523379,,strategy,Niemcy,STRATEGY,,strategic_decision,,,,,,,,,,,,,,,,,,,,,,,,,,"Strategy: REASSIGNMENT, aggression 0.50, 1 groups, 0 reassignments",,,,,,,,,REASSIGNMENT,0.5,,,,,,adaptive,,0,dynamic_reassignment,,,,,
2025-09-11T23:29:13.546011,,target_selection,Niemcy,P_Batalion__5_Infanterie_Regiment,,target_analysis,,,,,36,-15,,,,,,,,,,,,,,,,,,,,"Target analysis: 29 candidates, score -1.00",,29,-1,999,,,,,,,,,False,,,,,,,29,29,29,4,1
2025-09-11T23:29:13.553891,,,Niemcy,P_Batalion__5_Infanterie_Regiment,,adaptive_autonomous,36,-15,36,-15,,,,,,,,,,,,,,,,,,,,,,"Advanced auto mode: group 3 (strategy: TIED, aggr: 0.5)",,,,,,,,,,,,,,,,,,,,,,,,
2025-09-11T23:29:13.684018,,strategy,Niemcy,STRATEGY,,strategic_decision,,,,,,,,,,,,,,,,,,,,,,,,,,"Strategy: REASSIGNMENT, aggression 0.50, 1 groups, 0 reassignments",,,,,,,,,REASSIGNMENT,0.5,,,,,,adaptive,,0,dynamic_reassignment,,,,,
2025-09-11T23:29:13.700438,,target_selection,Niemcy,P_Batalion__5_Infanterie_Regiment_20250907191830,,target_analysis,,,,,41,-13,,,,,,,,,,,,,,,,,,,,"Target analysis: 29 candidates, score -1.00",,29,-1,999,,,,,,,,,False,,,,,,,29,29,29,4,1
2025-09-11T23:29:13.703912,,,Niemcy,P_Batalion__5_Infanterie_Regiment_20250907191830,,adaptive_autonomous,41,-13,41,-13,,,,,,,,,,,,,,,,,,,,,,"Advanced auto mode: group 4 (strategy: TIED, aggr: 0.5)",,,,,,,,,,,,,,,,,,,,,,,,
2025-09-11T23:29:13.750349,,strategy,Niemcy,STRATEGY,,strategic_decision,,,,,,,,,,,,,,,,,,,,,,,,,,"Strategy: REASSIGNMENT, aggression 0.50, 1 groups, 0 reassignments",,,,,,,,,REASSIGNMENT,0.5,,,,,,adaptive,,0,dynamic_reassignment,,,,,
2025-09-11T23:29:13.821904,,target_selection,Niemcy,Z_Pluton__5_Versorgungs_Kompanie_20250907191837,,target_analysis,,,,,39,-15,,,,,,,,,,,,,,,,,,,,"Target analysis: 29 candidates, score -1.00",,29,-1,999,,,,,,,,,False,,,,,,,29,29,29,9,4
2025-09-11T23:29:13.823199,,,Niemcy,TURN_END,,turn_summary,,,,,,,,,,,15,3,,,,,,,,,,,,advanced,opp=0;groups=5;adv=True,"Turn completed: 3/15 units moved, 5 groups (advanced)",,,,,,,,,,,,,,,,,,,,,,,,
2025-09-11T23:29:13.896313,,,Niemcy,TURN_START,,turn_begin,,,,,,,,,,,,,,,,,,,,,,,,,,AI Commander turn started for player 6,,,,,,,,,,,,,,,,,,,,,,,,
2025-09-11T23:29:13.899169,,,Niemcy,RESUPPLY_NEEDS,,resupply_analysis,,,,,,,,,,,,,,,,,,,,,,,,,,NEEDS_ANALYSIS PRE_RAID_OPTIMIZATION | TOTAL_FUEL_NEEDED: 7 | TOTAL_COMBAT_NEEDED: 0 | TOTAL_PE_NEEDED: 7 | BUDGET_AVAILABLE: 9 | UNITS_REQUIRING_HELP: 7,,,,,,,,,,,,,,,,,,,,,,,,
2025-09-11T23:29:13.899169,,,Niemcy,P_Kompania__6_Sch_tzen_Kompanie,,resupply_detailed,36,3,36,3,,,,,,,,,,,,,,,,,,,,,,phase1 PRE_RAID_OPTIMIZATION | PE_SPENT: fuel=1 combat=0 total=1 | BEFORE: fuel=1 combat=11 | AFTER: fuel=2 combat=11,,,,,,,,,,,,,,,,,,,,,,,,
2025-09-11T23:29:13.899169,,,Niemcy,P_Pluton__6_Sch_tzen_Kompanie,,resupply_detailed,37,2,37,2,,,,,,,,,,,,,,,,,,,,,,phase1 PRE_RAID_OPTIMIZATION | PE_SPENT: fuel=1 combat=0 total=1 | BEFORE: fuel=1 combat=8 | AFTER: fuel=2 combat=8,,,,,,,,,,,,,,,,,,,,,,,,
2025-09-11T23:29:13.899169,,,Niemcy,P_Kompania__6_Infanterie_Regiment,,resupply_detailed,41,8,41,8,,,,,,,,,,,,,,,,,,,,,,phase1 PRE_RAID_OPTIMIZATION | PE_SPENT: fuel=1 combat=0 total=1 | BEFORE: fuel=1 combat=11 | AFTER: fuel=2 combat=11,,,,,,,,,,,,,,,,,,,,,,,,
2025-09-11T23:29:13.904691,,,Niemcy,AL_Pluton__6_Artillerie_Batterie,,resupply_detailed,39,0,39,0,,,,,,,,,,,,,,,,,,,,,,phase1 PRE_RAID_OPTIMIZATION | PE_SPENT: fuel=1 combat=0 total=1 | BEFORE: fuel=1 combat=6 | AFTER: fuel=2 combat=6,,,,,,,,,,,,,,,,,,,,,,,,
2025-09-11T23:29:13.904691,,,Niemcy,P_Pluton__6_Grenadier_Bataillon_20250907191921,,resupply_detailed,49,-9,49,-9,,,,,,,,,,,,,,,,,,,,,,phase1 PRE_RAID_OPTIMIZATION | PE_SPENT: fuel=1 combat=0 total=1 | BEFORE: fuel=1 combat=8 | AFTER: fuel=2 combat=8,,,,,,,,,,,,,,,,,,,,,,,,
2025-09-11T23:29:13.905520,,,Niemcy,RESUPPLY_OPERATION,,resupply_summary,,,,,,,,,,,,,,,,,,,,,,,,,,RESUPPLY_SUMMARY PRE_RAID_OPTIMIZATION | TOTAL_PE_SPENT: 5 | UNITS_RESUPPLIED: 5/7 | BUDGET_ALLOCATED: 9 | PE_REMAINING: 14,,,,,,,,,,,,,,,,,,,,,,,,
2025-09-11T23:29:13.937255,,target_selection,Niemcy,P_Kompania__6_Sch_tzen_Kompanie,,target_analysis,,,,,38,3,,,,,,,,,,,,,,,,,,,,"Target analysis: 29 candidates, score -1.00",,29,-1,999,,,,,,,,,False,,,,,,,29,29,29,4,2
2025-09-11T23:29:13.938439,,,Niemcy,P_Kompania__6_Sch_tzen_Kompanie,,second_move,,,38,3,,,,,,,,,,,,,,,,,,,,,,second_chance after PRE_RAID_OPTIMIZATION,,,,,,,,,,,,,,,,,,,,,,,,
2025-09-11T23:29:13.972112,,target_selection,Niemcy,P_Pluton__6_Sch_tzen_Kompanie,,target_analysis,,,,,39,2,,,,,,,,,,,,,,,,,,,,"Target analysis: 29 candidates, score -1.00",,29,-1,999,,,,,,,,,False,,,,,,,29,29,29,4,2
2025-09-11T23:29:13.978876,,,Niemcy,P_Pluton__6_Sch_tzen_Kompanie,,second_move,,,39,2,,,,,,,,,,,,,,,,,,,,,,second_chance after PRE_RAID_OPTIMIZATION,,,,,,,,,,,,,,,,,,,,,,,,
2025-09-11T23:29:14.019391,,target_selection,Niemcy,P_Kompania__6_Infanterie_Regiment,,target_analysis,,,,,43,8,,,,,,,,,,,,,,,,,,,,"Target analysis: 29 candidates, score -1.00",,29,-1,999,,,,,,,,,False,,,,,,,29,29,29,4,2
2025-09-11T23:29:14.022833,,,Niemcy,P_Kompania__6_Infanterie_Regiment,,second_move,,,43,8,,,,,,,,,,,,,,,,,,,,,,second_chance after PRE_RAID_OPTIMIZATION,,,,,,,,,,,,,,,,,,,,,,,,
2025-09-11T23:29:14.049804,,target_selection,Niemcy,AL_Pluton__6_Artillerie_Batterie,,target_analysis,,,,,37,2,,,,,,,,,,,,,,,,,,,,"Target analysis: 29 candidates, score -1.00",,29,-1,999,,,,,,,,,False,,,,,,,29,29,29,2,2
2025-09-11T23:29:14.054320,,,Niemcy,AL_Pluton__6_Artillerie_Batterie,,second_move,,,37,2,,,,,,,,,,,,,,,,,,,,,,second_chance after PRE_RAID_OPTIMIZATION,,,,,,,,,,,,,,,,,,,,,,,,
2025-09-11T23:29:14.076864,,target_selection,Niemcy,P_Pluton__6_Grenadier_Bataillon_20250907191921,,target_analysis,,,,,51,-9,,,,,,,,,,,,,,,,,,,,"Target analysis: 29 candidates, score -1.00",,29,-1,999,,,,,,,,,False,,,,,,,29,29,29,4,2
2025-09-11T23:29:14.084259,,,Niemcy,P_Pluton__6_Grenadier_Bataillon_20250907191921,,second_move,,,51,-9,,,,,,,,,,,,,,,,,,,,,,second_chance after PRE_RAID_OPTIMIZATION,,,,,,,,,,,,,,,,,,,,,,,,
2025-09-11T23:29:14.105046,,target_selection,Niemcy,TL_Kompania__6_Panzer_Kompanie,,target_analysis,,,,,33,5,,,,,,,,,,,,,,,,,,,,"Target analysis: 29 candidates, score 22.50",,29,22.5,2,,,,,,,,,False,,,,"(33, 5)",,,28,29,29,5,2
2025-09-11T23:29:14.109373,,,Niemcy,TL_Kompania__6_Panzer_Kompanie,,second_move,,,33,5,,,,,,,,,,,,,,,,,,,,,,second_chance after PRE_RAID_OPTIMIZATION,,,,,,,,,,,,,,,,,,,,,,,,
2025-09-11T23:29:14.183522,,target_selection,Niemcy,Z_Pluton__6_Versorgungs_Kompanie_20250907191929,,target_analysis,,,,,35,5,,,,,,,,,,,,,,,,,,,,"Target analysis: 29 candidates, score -1.00",,29,-1,999,,,,,,,,,False,,,,,,,29,29,29,8,3
2025-09-11T23:29:14.187106,,,Niemcy,Z_Pluton__6_Versorgungs_Kompanie_20250907191929,,second_move,,,35,5,,,,,,,,,,,,,,,,,,,,,,second_chance after PRE_RAID_OPTIMIZATION,,,,,,,,,,,,,,,,,,,,,,,,
2025-09-11T23:29:14.287556,,,Niemcy,RESUPPLY_NEEDS,,resupply_analysis,,,,,,,,,,,,,,,,,,,,,,,,,,NEEDS_ANALYSIS MULTI_TURN_START | TOTAL_FUEL_NEEDED: 9 | TOTAL_COMBAT_NEEDED: 0 | TOTAL_PE_NEEDED: 9 | BUDGET_AVAILABLE: 7 | UNITS_REQUIRING_HELP: 7,,,,,,,,,,,,,,,,,,,,,,,,
2025-09-11T23:29:14.289513,,,Niemcy,TL_Kompania__6_Panzer_Kompanie,,resupply_detailed,33,5,33,5,,,,,,,,,,,,,,,,,,,,,,phase1 MULTI_TURN_START | PE_SPENT: fuel=1 combat=0 total=1 | BEFORE: fuel=1 combat=14 | AFTER: fuel=2 combat=14,,,,,,,,,,,,,,,,,,,,,,,,
2025-09-11T23:29:14.290530,,,Niemcy,P_Kompania__6_Sch_tzen_Kompanie,,resupply_detailed,38,3,38,3,,,,,,,,,,,,,,,,,,,,,,phase1 MULTI_TURN_START | PE_SPENT: fuel=1 combat=0 total=1 | BEFORE: fuel=1 combat=11 | AFTER: fuel=2 combat=11,,,,,,,,,,,,,,,,,,,,,,,,
2025-09-11T23:29:14.290530,,,Niemcy,Z_Pluton__6_Versorgungs_Kompanie_20250907191929,,resupply_detailed,35,5,35,5,,,,,,,,,,,,,,,,,,,,,,phase1 MULTI_TURN_START | PE_SPENT: fuel=1 combat=0 total=1 | BEFORE: fuel=2 combat=4 | AFTER: fuel=3 combat=4,,,,,,,,,,,,,,,,,,,,,,,,
2025-09-11T23:29:14.291551,,,Niemcy,P_Pluton__6_Sch_tzen_Kompanie,,resupply_detailed,39,2,39,2,,,,,,,,,,,,,,,,,,,,,,phase1 MULTI_TURN_START | PE_SPENT: fuel=1 combat=0 total=1 | BEFORE: fuel=1 combat=8 | AFTER: fuel=2 combat=8,,,,,,,,,,,,,,,,,,,,,,,,
2025-09-11T23:29:14.291551,,,Niemcy,P_Kompania__6_Infanterie_Regiment,,resupply_detailed,43,8,43,8,,,,,,,,,,,,,,,,,,,,,,phase1 MULTI_TURN_START | PE_SPENT: fuel=1 combat=0 total=1 | BEFORE: fuel=1 combat=11 | AFTER: fuel=2 combat=11,,,,,,,,,,,,,,,,,,,,,,,,
2025-09-11T23:29:14.291551,,,Niemcy,AL_Pluton__6_Artillerie_Batterie,,resupply_detailed,37,2,37,2,,,,,,,,,,,,,,,,,,,,,,phase1 MULTI_TURN_START | PE_SPENT: fuel=1 combat=0 total=1 | BEFORE: fuel=1 combat=6 | AFTER: fuel=2 combat=6,,,,,,,,,,,,,,,,,,,,,,,,
2025-09-11T23:29:14.292553,,,Niemcy,P_Pluton__6_Grenadier_Bataillon_20250907191921,,resupply_detailed,51,-9,51,-9,,,,,,,,,,,,,,,,,,,,,,phase1 MULTI_TURN_START | PE_SPENT: fuel=1 combat=0 total=1 | BEFORE: fuel=1 combat=8 | AFTER: fuel=2 combat=8,,,,,,,,,,,,,,,,,,,,,,,,
2025-09-11T23:29:14.292553,,,Niemcy,RESUPPLY_OPERATION,,resupply_summary,,,,,,,,,,,,,,,,,,,,,,,,,,RESUPPLY_SUMMARY MULTI_TURN_START | TOTAL_PE_SPENT: 7 | UNITS_RESUPPLIED: 7/7 | BUDGET_ALLOCATED: 7 | PE_REMAINING: 7,,,,,,,,,,,,,,,,,,,,,,,,
2025-09-11T23:29:14.320663,,target_selection,Niemcy,TL_Kompania__6_Panzer_Kompanie,,target_analysis,,,,,32,6,,,,,,,,,,,,,,,,,,,,"Target analysis: 29 candidates, score 22.50",,29,22.5,1,,,,,,,,,False,,,,"(32, 6)",,,28,29,29,4,2
2025-09-11T23:29:14.324001,,,Niemcy,TL_Kompania__6_Panzer_Kompanie,,second_move,,,32,6,,,,,,,,,,,,,,,,,,,,,,second_chance after MULTI_TURN_START,,,,,,,,,,,,,,,,,,,,,,,,
2025-09-11T23:29:14.357963,,target_selection,Niemcy,P_Kompania__6_Sch_tzen_Kompanie,,target_analysis,,,,,40,3,,,,,,,,,,,,,,,,,,,,"Target analysis: 29 candidates, score -1.00",,29,-1,999,,,,,,,,,False,,,,,,,29,29,29,3,2
2025-09-11T23:29:14.363458,,,Niemcy,P_Kompania__6_Sch_tzen_Kompanie,,second_move,,,40,3,,,,,,,,,,,,,,,,,,,,,,second_chance after MULTI_TURN_START,,,,,,,,,,,,,,,,,,,,,,,,
2025-09-11T23:29:14.414854,,target_selection,Niemcy,Z_Pluton__6_Versorgungs_Kompanie_20250907191929,,target_analysis,,,,,33,5,,,,,,,,,,,,,,,,,,,,"Target analysis: 29 candidates, score 22.50",,29,22.5,2,,,,,,,,,False,,,,"(33, 5)",,,28,29,29,4,3
2025-09-11T23:29:14.419700,,,Niemcy,Z_Pluton__6_Versorgungs_Kompanie_20250907191929,,second_move,,,33,5,,,,,,,,,,,,,,,,,,,,,,second_chance after MULTI_TURN_START,,,,,,,,,,,,,,,,,,,,,,,,
2025-09-11T23:29:14.449600,,target_selection,Niemcy,P_Pluton__6_Sch_tzen_Kompanie,,target_analysis,,,,,39,4,,,,,,,,,,,,,,,,,,,,"Target analysis: 29 candidates, score -1.00",,29,-1,999,,,,,,,,,False,,,,,,,29,29,29,3,2
2025-09-11T23:29:14.453154,,,Niemcy,P_Pluton__6_Sch_tzen_Kompanie,,second_move,,,39,4,,,,,,,,,,,,,,,,,,,,,,second_chance after MULTI_TURN_START,,,,,,,,,,,,,,,,,,,,,,,,
2025-09-11T23:29:14.488521,,target_selection,Niemcy,P_Kompania__6_Infanterie_Regiment,,target_analysis,,,,,45,8,,,,,,,,,,,,,,,,,,,,"Target analysis: 29 candidates, score -1.00",,29,-1,999,,,,,,,,,False,,,,,,,29,29,29,3,2
2025-09-11T23:29:14.492969,,,Niemcy,P_Kompania__6_Infanterie_Regiment,,second_move,,,45,8,,,,,,,,,,,,,,,,,,,,,,second_chance after MULTI_TURN_START,,,,,,,,,,,,,,,,,,,,,,,,
2025-09-11T23:29:14.509022,,target_selection,Niemcy,AL_Pluton__6_Artillerie_Batterie,,target_analysis,,,,,38,2,,,,,,,,,,,,,,,,,,,,"Target analysis: 29 candidates, score -1.00",,29,-1,999,,,,,,,,,False,,,,,,,29,29,29,1,2
2025-09-11T23:29:14.513593,,,Niemcy,AL_Pluton__6_Artillerie_Batterie,,second_move,,,38,2,,,,,,,,,,,,,,,,,,,,,,second_chance after MULTI_TURN_START,,,,,,,,,,,,,,,,,,,,,,,,
2025-09-11T23:29:14.536960,,target_selection,Niemcy,P_Pluton__6_Grenadier_Bataillon_20250907191921,,target_analysis,,,,,49,-7,,,,,,,,,,,,,,,,,,,,"Target analysis: 29 candidates, score -1.00",,29,-1,999,,,,,,,,,False,,,,,,,29,29,29,3,2
2025-09-11T23:29:14.540326,,,Niemcy,P_Pluton__6_Grenadier_Bataillon_20250907191921,,second_move,,,49,-7,,,,,,,,,,,,,,,,,,,,,,second_chance after MULTI_TURN_START,,,,,,,,,,,,,,,,,,,,,,,,
2025-09-11T23:29:14.549673,,,Niemcy,RESUPPLY_NEEDS,,resupply_analysis,,,,,,,,,,,,,,,,,,,,,,,,,,NEEDS_ANALYSIS PRE_RAID_OPTIMIZATION | TOTAL_FUEL_NEEDED: 10 | TOTAL_COMBAT_NEEDED: 0 | TOTAL_PE_NEEDED: 10 | BUDGET_AVAILABLE: 5 | UNITS_REQUIRING_HELP: 7,,,,,,,,,,,,,,,,,,,,,,,,
2025-09-11T23:29:14.550721,,,Niemcy,Z_Pluton__6_Versorgungs_Kompanie_20250907191929,,resupply_detailed,34,4,34,4,,,,,,,,,,,,,,,,,,,,,,phase1 PRE_RAID_OPTIMIZATION | PE_SPENT: fuel=1 combat=0 total=1 | BEFORE: fuel=1 combat=4 | AFTER: fuel=2 combat=4,,,,,,,,,,,,,,,,,,,,,,,,
2025-09-11T23:29:14.550721,,,Niemcy,TL_Kompania__6_Panzer_Kompanie,,resupply_detailed,32,6,32,6,,,,,,,,,,,,,,,,,,,,,,phase1 PRE_RAID_OPTIMIZATION | PE_SPENT: fuel=1 combat=0 total=1 | BEFORE: fuel=1 combat=14 | AFTER: fuel=2 combat=14,,,,,,,,,,,,,,,,,,,,,,,,
2025-09-11T23:29:14.550721,,,Niemcy,P_Kompania__6_Sch_tzen_Kompanie,,resupply_detailed,40,3,40,3,,,,,,,,,,,,,,,,,,,,,,phase1 PRE_RAID_OPTIMIZATION | PE_SPENT: fuel=1 combat=0 total=1 | BEFORE: fuel=1 combat=11 | AFTER: fuel=2 combat=11,,,,,,,,,,,,,,,,,,,,,,,,
2025-09-11T23:29:14.551898,,,Niemcy,P_Pluton__6_Sch_tzen_Kompanie,,resupply_detailed,39,4,39,4,,,,,,,,,,,,,,,,,,,,,,phase1 PRE_RAID_OPTIMIZATION | PE_SPENT: fuel=1 combat=0 total=1 | BEFORE: fuel=1 combat=8 | AFTER: fuel=2 combat=8,,,,,,,,,,,,,,,,,,,,,,,,
2025-09-11T23:29:14.551898,,,Niemcy,P_Kompania__6_Infanterie_Regiment,,resupply_detailed,45,8,45,8,,,,,,,,,,,,,,,,,,,,,,phase1 PRE_RAID_OPTIMIZATION | PE_SPENT: fuel=1 combat=0 total=1 | BEFORE: fuel=1 combat=11 | AFTER: fuel=2 combat=11,,,,,,,,,,,,,,,,,,,,,,,,
2025-09-11T23:29:14.552895,,,Niemcy,AL_Pluton__6_Artillerie_Batterie,,resupply_detailed,38,2,38,2,,,,,,,,,,,,,,,,,,,,,,phase1 PRE_RAID_OPTIMIZATION | PE_SPENT: fuel=1 combat=0 total=1 | BEFORE: fuel=1 combat=6 | AFTER: fuel=2 combat=6,,,,,,,,,,,,,,,,,,,,,,,,
2025-09-11T23:29:14.552895,,,Niemcy,P_Pluton__6_Grenadier_Bataillon_20250907191921,,resupply_detailed,49,-7,49,-7,,,,,,,,,,,,,,,,,,,,,,phase1 PRE_RAID_OPTIMIZATION | PE_SPENT: fuel=1 combat=0 total=1 | BEFORE: fuel=1 combat=8 | AFTER: fuel=2 combat=8,,,,,,,,,,,,,,,,,,,,,,,,
2025-09-11T23:29:14.553902,,,Niemcy,RESUPPLY_OPERATION,,resupply_summary,,,,,,,,,,,,,,,,,,,,,,,,,,RESUPPLY_SUMMARY PRE_RAID_OPTIMIZATION | TOTAL_PE_SPENT: 7 | UNITS_RESUPPLIED: 7/7 | BUDGET_ALLOCATED: 5 | PE_REMAINING: 0,,,,,,,,,,,,,,,,,,,,,,,,
2025-09-11T23:29:14.558013,,,Niemcy,Z_Pluton__6_Versorgungs_Kompanie_20250907191929,,second_move,,,33,5,,,,,,,,,,,,,,,,,,,,,,second_chance after PRE_RAID_OPTIMIZATION,,,,,,,,,,,,,,,,,,,,,,,,
2025-09-11T23:29:14.581663,,target_selection,Niemcy,TL_Kompania__6_Panzer_Kompanie,,target_analysis,,,,,34,6,,,,,,,,,,,,,,,,,,,,"Target analysis: 29 candidates, score -1.00",,29,-1,999,,,,,,,,,False,,,,,,,29,29,29,3,2
2025-09-11T23:29:14.586063,,,Niemcy,TL_Kompania__6_Panzer_Kompanie,,second_move,,,34,6,,,,,,,,,,,,,,,,,,,,,,second_chance after PRE_RAID_OPTIMIZATION,,,,,,,,,,,,,,,,,,,,,,,,
2025-09-11T23:29:14.616428,,target_selection,Niemcy,P_Kompania__6_Sch_tzen_Kompanie,,target_analysis,,,,,42,3,,,,,,,,,,,,,,,,,,,,"Target analysis: 29 candidates, score -1.00",,29,-1,999,,,,,,,,,False,,,,,,,29,29,29,2,2
2025-09-11T23:29:14.620222,,,Niemcy,P_Kompania__6_Sch_tzen_Kompanie,,second_move,,,42,3,,,,,,,,,,,,,,,,,,,,,,second_chance after PRE_RAID_OPTIMIZATION,,,,,,,,,,,,,,,,,,,,,,,,
2025-09-11T23:29:14.651527,,target_selection,Niemcy,P_Pluton__6_Sch_tzen_Kompanie,,target_analysis,,,,,41,4,,,,,,,,,,,,,,,,,,,,"Target analysis: 29 candidates, score -1.00",,29,-1,999,,,,,,,,,False,,,,,,,29,29,29,2,2
2025-09-11T23:29:14.654856,,,Niemcy,P_Pluton__6_Sch_tzen_Kompanie,,second_move,,,41,4,,,,,,,,,,,,,,,,,,,,,,second_chance after PRE_RAID_OPTIMIZATION,,,,,,,,,,,,,,,,,,,,,,,,
2025-09-11T23:29:14.677938,,target_selection,Niemcy,P_Kompania__6_Infanterie_Regiment,,target_analysis,,,,,43,8,,,,,,,,,,,,,,,,,,,,"Target analysis: 29 candidates, score -1.00",,29,-1,999,,,,,,,,,False,,,,,,,29,29,29,2,2
2025-09-11T23:29:14.685421,,,Niemcy,P_Kompania__6_Infanterie_Regiment,,second_move,,,43,8,,,,,,,,,,,,,,,,,,,,,,second_chance after PRE_RAID_OPTIMIZATION,,,,,,,,,,,,,,,,,,,,,,,,
2025-09-11T23:29:14.711816,,target_selection,Niemcy,P_Pluton__6_Grenadier_Bataillon_20250907191921,,target_analysis,,,,,49,-5,,,,,,,,,,,,,,,,,,,,"Target analysis: 29 candidates, score -1.00",,29,-1,999,,,,,,,,,False,,,,,,,29,29,29,2,2
2025-09-11T23:29:14.718584,,,Niemcy,P_Pluton__6_Grenadier_Bataillon_20250907191921,,second_move,,,49,-5,,,,,,,,,,,,,,,,,,,,,,second_chance after PRE_RAID_OPTIMIZATION,,,,,,,,,,,,,,,,,,,,,,,,
2025-09-11T23:29:15.140155,,strategy,Niemcy,STRATEGY,,strategic_decision,,,,,,,,,,,,,,,,,,,,,,,,,,"Strategy: REASSIGNMENT, aggression 0.50, 5 groups, 0 reassignments",,,,,,,,,REASSIGNMENT,0.5,,,,,,adaptive,,0,dynamic_reassignment,,,,,
2025-09-11T23:29:15.213283,,strategy,Niemcy,STRATEGY,,strategic_decision,,,,,,,,,,,,,,,,,,,,,,,,,,"Strategy: REASSIGNMENT, aggression 0.50, 5 groups, 0 reassignments",,,,,,,,,REASSIGNMENT,0.5,,,,,,adaptive,,0,dynamic_reassignment,,,,,
2025-09-11T23:29:15.239121,,strategy,Niemcy,STRATEGY,,strategic_decision,,,,,,,,,,,,,,,,,,,,,,,,,,"Strategy: REASSIGNMENT, aggression 0.50, 1 groups, 0 reassignments",,,,,,,,,REASSIGNMENT,0.5,,,,,,adaptive,,0,dynamic_reassignment,,,,,
2025-09-11T23:29:15.284223,,target_selection,Niemcy,TL_Kompania__6_Panzer_Kompanie,,target_analysis,,,,,37,3,,,,,,,,,,,,,,,,,,,,"Target analysis: 29 candidates, score -1.00",,29,-1,999,,,,,,,,,False,,,,,,,29,29,29,5,2
2025-09-11T23:29:15.298732,,strategy,Niemcy,STRATEGY,,strategic_decision,,,,,,,,,,,,,,,,,,,,,,,,,,"Strategy: REASSIGNMENT, aggression 0.50, 1 groups, 0 reassignments",,,,,,,,,REASSIGNMENT,0.5,,,,,,adaptive,,0,dynamic_reassignment,,,,,
2025-09-11T23:29:15.322612,,target_selection,Niemcy,P_Kompania__6_Infanterie_Regiment,,target_analysis,,,,,42,8,,,,,,,,,,,,,,,,,,,,"Target analysis: 29 candidates, score -1.00",,29,-1,999,,,,,,,,,False,,,,,,,29,29,29,4,1
2025-09-11T23:29:15.326316,,,Niemcy,P_Kompania__6_Infanterie_Regiment,,adaptive_autonomous,42,8,42,8,,,,,,,,,,,,,,,,,,,,,,"Advanced auto mode: group 2 (strategy: TIED, aggr: 0.5)",,,,,,,,,,,,,,,,,,,,,,,,
2025-09-11T23:29:15.335436,,strategy,Niemcy,STRATEGY,,strategic_decision,,,,,,,,,,,,,,,,,,,,,,,,,,"Strategy: REASSIGNMENT, aggression 0.50, 1 groups, 0 reassignments",,,,,,,,,REASSIGNMENT,0.5,,,,,,adaptive,,0,dynamic_reassignment,,,,,
2025-09-11T23:29:15.348243,,target_selection,Niemcy,AL_Pluton__6_Artillerie_Batterie,,target_analysis,,,,,39,1,,,,,,,,,,,,,,,,,,,,"Target analysis: 29 candidates, score -1.00",,29,-1,999,,,,,,,,,False,,,,,,,29,29,29,2,1
2025-09-11T23:29:15.358570,,strategy,Niemcy,STRATEGY,,strategic_decision,,,,,,,,,,,,,,,,,,,,,,,,,,"Strategy: REASSIGNMENT, aggression 0.50, 1 groups, 0 reassignments",,,,,,,,,REASSIGNMENT,0.5,,,,,,adaptive,,0,dynamic_reassignment,,,,,
2025-09-11T23:29:15.480820,,target_selection,Niemcy,P_Pluton__6_Grenadier_Bataillon_20250907191921,,target_analysis,,,,,50,-9,,,,,,,,,,,,,,,,,,,,"Target analysis: 29 candidates, score -1.00",,29,-1,999,,,,,,,,,False,,,,,,,29,29,29,4,1
2025-09-11T23:29:15.522889,,,Niemcy,P_Pluton__6_Grenadier_Bataillon_20250907191921,,adaptive_autonomous,50,-9,50,-9,,,,,,,,,,,,,,,,,,,,,,"Advanced auto mode: group 4 (strategy: TIED, aggr: 0.5)",,,,,,,,,,,,,,,,,,,,,,,,
2025-09-11T23:29:15.601036,,strategy,Niemcy,STRATEGY,,strategic_decision,,,,,,,,,,,,,,,,,,,,,,,,,,"Strategy: REASSIGNMENT, aggression 0.50, 1 groups, 0 reassignments",,,,,,,,,REASSIGNMENT,0.5,,,,,,adaptive,,0,dynamic_reassignment,,,,,
2025-09-11T23:29:15.632719,,target_selection,Niemcy,Z_Kompania__6_Unterst_tzungs_Bataillon,,target_analysis,,,,,51,-17,,,,,,,,,,,,,,,,,,,,"Target analysis: 29 candidates, score -1.00",,29,-1,999,,,,,,,,,False,,,,,,,29,29,29,5,4
2025-09-11T23:29:15.635093,,,Niemcy,TURN_END,,turn_summary,,,,,,,,,,,13,2,,,,,,,,,,,,advanced,opp=0;groups=5;adv=True,"Turn completed: 2/13 units moved, 5 groups (advanced)",,,,,,,,,,,,,,,,,,,,,,,,
2025-09-11T23:36:45.411678,,,Niemcy,TURN_START,,turn_begin,,,,,,,,,,,,,,,,,,,,,,,,,,AI Commander turn started for player 5,,,,,,,,,,,,,,,,,,,,,,,,
2025-09-11T23:36:45.418149,,,Niemcy,RESUPPLY_NEEDS,,resupply_analysis,,,,,,,,,,,,,,,,,,,,,,,,,,NEEDS_ANALYSIS PRE_RAID_OPTIMIZATION | TOTAL_FUEL_NEEDED: 9 | TOTAL_COMBAT_NEEDED: 0 | TOTAL_PE_NEEDED: 9 | BUDGET_AVAILABLE: 40 | UNITS_REQUIRING_HELP: 5,,,,,,,,,,,,,,,,,,,,,,,,
2025-09-11T23:36:45.419167,,,Niemcy,P_Batalion__5_Sch_tzen_Kompanie,,resupply_detailed,35,-6,35,-6,,,,,,,,,,,,,,,,,,,,,,phase1 PRE_RAID_OPTIMIZATION | PE_SPENT: fuel=2 combat=0 total=2 | BEFORE: fuel=0 combat=14 | AFTER: fuel=2 combat=14,,,,,,,,,,,,,,,,,,,,,,,,
2025-09-11T23:36:45.419167,,,Niemcy,P_Pluton__5_Grenadier_Bataillon,,resupply_detailed,33,-2,33,-2,,,,,,,,,,,,,,,,,,,,,,phase1 PRE_RAID_OPTIMIZATION | PE_SPENT: fuel=2 combat=0 total=2 | BEFORE: fuel=0 combat=8 | AFTER: fuel=2 combat=8,,,,,,,,,,,,,,,,,,,,,,,,
2025-09-11T23:36:45.419167,,,Niemcy,P_Batalion__5_Infanterie_Regiment_20250907191830,,resupply_detailed,41,-13,41,-13,,,,,,,,,,,,,,,,,,,,,,phase1 PRE_RAID_OPTIMIZATION | PE_SPENT: fuel=2 combat=0 total=2 | BEFORE: fuel=0 combat=14 | AFTER: fuel=2 combat=14,,,,,,,,,,,,,,,,,,,,,,,,
2025-09-11T23:36:45.420171,,,Niemcy,TL_Kompania__5_Panzer_Abteilung,,resupply_detailed,41,-14,41,-14,,,,,,,,,,,,,,,,,,,,,,phase1 PRE_RAID_OPTIMIZATION | PE_SPENT: fuel=1 combat=0 total=1 | BEFORE: fuel=1 combat=14 | AFTER: fuel=2 combat=14,,,,,,,,,,,,,,,,,,,,,,,,
2025-09-11T23:36:45.420171,,,Niemcy,AL_Batalion__5_Artillerie_Abteilung,,resupply_detailed,38,-14,38,-14,,,,,,,,,,,,,,,,,,,,,,phase1 PRE_RAID_OPTIMIZATION | PE_SPENT: fuel=1 combat=0 total=1 | BEFORE: fuel=1 combat=11 | AFTER: fuel=2 combat=11,,,,,,,,,,,,,,,,,,,,,,,,
2025-09-11T23:36:45.421372,,,Niemcy,RESUPPLY_OPERATION,,resupply_summary,,,,,,,,,,,,,,,,,,,,,,,,,,RESUPPLY_SUMMARY PRE_RAID_OPTIMIZATION | TOTAL_PE_SPENT: 8 | UNITS_RESUPPLIED: 5/5 | BUDGET_ALLOCATED: 40 | PE_REMAINING: 42,,,,,,,,,,,,,,,,,,,,,,,,
2025-09-11T23:36:45.457759,,target_selection,Niemcy,P_Batalion__5_Sch_tzen_Kompanie,,target_analysis,,,,,37,-6,,,,,,,,,,,,,,,,,,,,"Target analysis: 29 candidates, score -1.00",,29,-1,999,,,,,,,,,False,,,,,,,29,29,29,4,2
2025-09-11T23:36:45.462384,,,Niemcy,P_Batalion__5_Sch_tzen_Kompanie,,second_move,,,37,-6,,,,,,,,,,,,,,,,,,,,,,second_chance after PRE_RAID_OPTIMIZATION,,,,,,,,,,,,,,,,,,,,,,,,
2025-09-11T23:36:45.489837,,target_selection,Niemcy,P_Pluton__5_Grenadier_Bataillon,,target_analysis,,,,,31,0,,,,,,,,,,,,,,,,,,,,"Target analysis: 29 candidates, score -1.00",,29,-1,999,,,,,,,,,False,,,,,,,29,29,29,4,2
2025-09-11T23:36:45.498385,,,Niemcy,P_Pluton__5_Grenadier_Bataillon,,second_move,,,31,0,,,,,,,,,,,,,,,,,,,,,,second_chance after PRE_RAID_OPTIMIZATION,,,,,,,,,,,,,,,,,,,,,,,,
2025-09-11T23:36:45.517046,,target_selection,Niemcy,P_Batalion__5_Infanterie_Regiment_20250907191830,,target_analysis,,,,,39,-13,,,,,,,,,,,,,,,,,,,,"Target analysis: 29 candidates, score -1.00",,29,-1,999,,,,,,,,,False,,,,,,,29,29,29,4,2
2025-09-11T23:36:45.520208,,,Niemcy,P_Batalion__5_Infanterie_Regiment_20250907191830,,second_move,,,39,-13,,,,,,,,,,,,,,,,,,,,,,second_chance after PRE_RAID_OPTIMIZATION,,,,,,,,,,,,,,,,,,,,,,,,
2025-09-11T23:36:45.554364,,target_selection,Niemcy,TL_Kompania__5_Panzer_Abteilung,,target_analysis,,,,,39,-12,,,,,,,,,,,,,,,,,,,,"Target analysis: 29 candidates, score -1.00",,29,-1,999,,,,,,,,,False,,,,,,,29,29,29,5,2
2025-09-11T23:36:45.561660,,,Niemcy,TL_Kompania__5_Panzer_Abteilung,,second_move,,,39,-12,,,,,,,,,,,,,,,,,,,,,,second_chance after PRE_RAID_OPTIMIZATION,,,,,,,,,,,,,,,,,,,,,,,,
2025-09-11T23:36:45.614969,,target_selection,Niemcy,AL_Batalion__5_Artillerie_Abteilung,,target_analysis,,,,,40,-14,,,,,,,,,,,,,,,,,,,,"Target analysis: 29 candidates, score -1.00",,29,-1,999,,,,,,,,,False,,,,,,,29,29,29,6,2
2025-09-11T23:36:45.614969,,,Niemcy,AL_Batalion__5_Artillerie_Abteilung,,second_move,,,40,-14,,,,,,,,,,,,,,,,,,,,,,second_chance after PRE_RAID_OPTIMIZATION,,,,,,,,,,,,,,,,,,,,,,,,
2025-09-11T23:36:45.648391,,,Niemcy,RESUPPLY_NEEDS,,resupply_analysis,,,,,,,,,,,,,,,,,,,,,,,,,,NEEDS_ANALYSIS PRE_RAID_OPTIMIZATION | TOTAL_FUEL_NEEDED: 6 | TOTAL_COMBAT_NEEDED: 0 | TOTAL_PE_NEEDED: 6 | BUDGET_AVAILABLE: 21 | UNITS_REQUIRING_HELP: 5,,,,,,,,,,,,,,,,,,,,,,,,
2025-09-11T23:36:45.648391,,,Niemcy,TL_Kompania__5_Panzer_Abteilung,,resupply_detailed,39,-12,39,-12,,,,,,,,,,,,,,,,,,,,,,phase1 PRE_RAID_OPTIMIZATION | PE_SPENT: fuel=1 combat=0 total=1 | BEFORE: fuel=1 combat=14 | AFTER: fuel=2 combat=14,,,,,,,,,,,,,,,,,,,,,,,,
2025-09-11T23:36:45.648391,,,Niemcy,P_Batalion__5_Sch_tzen_Kompanie,,resupply_detailed,37,-6,37,-6,,,,,,,,,,,,,,,,,,,,,,phase1 PRE_RAID_OPTIMIZATION | PE_SPENT: fuel=1 combat=0 total=1 | BEFORE: fuel=1 combat=14 | AFTER: fuel=2 combat=14,,,,,,,,,,,,,,,,,,,,,,,,
2025-09-11T23:36:45.648391,,,Niemcy,P_Pluton__5_Grenadier_Bataillon,,resupply_detailed,31,0,31,0,,,,,,,,,,,,,,,,,,,,,,phase1 PRE_RAID_OPTIMIZATION | PE_SPENT: fuel=1 combat=0 total=1 | BEFORE: fuel=1 combat=8 | AFTER: fuel=2 combat=8,,,,,,,,,,,,,,,,,,,,,,,,
2025-09-11T23:36:45.651667,,,Niemcy,AL_Batalion__5_Artillerie_Abteilung,,resupply_detailed,40,-14,40,-14,,,,,,,,,,,,,,,,,,,,,,phase1 PRE_RAID_OPTIMIZATION | PE_SPENT: fuel=1 combat=0 total=1 | BEFORE: fuel=1 combat=11 | AFTER: fuel=2 combat=11,,,,,,,,,,,,,,,,,,,,,,,,
2025-09-11T23:36:45.651667,,,Niemcy,P_Batalion__5_Infanterie_Regiment_20250907191830,,resupply_detailed,39,-13,39,-13,,,,,,,,,,,,,,,,,,,,,,phase1 PRE_RAID_OPTIMIZATION | PE_SPENT: fuel=1 combat=0 total=1 | BEFORE: fuel=1 combat=14 | AFTER: fuel=2 combat=14,,,,,,,,,,,,,,,,,,,,,,,,
2025-09-11T23:36:45.651667,,,Niemcy,RESUPPLY_OPERATION,,resupply_summary,,,,,,,,,,,,,,,,,,,,,,,,,,RESUPPLY_SUMMARY PRE_RAID_OPTIMIZATION | TOTAL_PE_SPENT: 5 | UNITS_RESUPPLIED: 5/5 | BUDGET_ALLOCATED: 21 | PE_REMAINING: 37,,,,,,,,,,,,,,,,,,,,,,,,
2025-09-11T23:36:45.672630,,target_selection,Niemcy,TL_Kompania__5_Panzer_Abteilung,,target_analysis,,,,,37,-10,,,,,,,,,,,,,,,,,,,,"Target analysis: 29 candidates, score -1.00",,29,-1,999,,,,,,,,,False,,,,,,,29,29,29,4,2
2025-09-11T23:36:45.685163,,,Niemcy,TL_Kompania__5_Panzer_Abteilung,,second_move,,,37,-10,,,,,,,,,,,,,,,,,,,,,,second_chance after PRE_RAID_OPTIMIZATION,,,,,,,,,,,,,,,,,,,,,,,,
2025-09-11T23:36:45.710803,,target_selection,Niemcy,P_Batalion__5_Sch_tzen_Kompanie,,target_analysis,,,,,37,-4,,,,,,,,,,,,,,,,,,,,"Target analysis: 29 candidates, score -1.00",,29,-1,999,,,,,,,,,False,,,,,,,29,29,29,3,2
2025-09-11T23:36:45.718799,,,Niemcy,P_Batalion__5_Sch_tzen_Kompanie,,second_move,,,37,-4,,,,,,,,,,,,,,,,,,,,,,second_chance after PRE_RAID_OPTIMIZATION,,,,,,,,,,,,,,,,,,,,,,,,
2025-09-11T23:36:45.743969,,target_selection,Niemcy,P_Pluton__5_Grenadier_Bataillon,,target_analysis,,,,,29,2,,,,,,,,,,,,,,,,,,,,"Target analysis: 29 candidates, score -1.00",,29,-1,999,,,,,,,,,False,,,,,,,29,29,29,3,2
2025-09-11T23:36:45.749991,,,Niemcy,P_Pluton__5_Grenadier_Bataillon,,second_move,,,29,2,,,,,,,,,,,,,,,,,,,,,,second_chance after PRE_RAID_OPTIMIZATION,,,,,,,,,,,,,,,,,,,,,,,,
2025-09-11T23:36:45.780899,,target_selection,Niemcy,AL_Batalion__5_Artillerie_Abteilung,,target_analysis,,,,,38,-14,,,,,,,,,,,,,,,,,,,,"Target analysis: 29 candidates, score -1.00",,29,-1,999,,,,,,,,,False,,,,,,,29,29,29,5,2
2025-09-11T23:36:45.793486,,,Niemcy,AL_Batalion__5_Artillerie_Abteilung,,second_move,,,38,-14,,,,,,,,,,,,,,,,,,,,,,second_chance after PRE_RAID_OPTIMIZATION,,,,,,,,,,,,,,,,,,,,,,,,
2025-09-11T23:36:45.824284,,target_selection,Niemcy,P_Batalion__5_Infanterie_Regiment_20250907191830,,target_analysis,,,,,41,-13,,,,,,,,,,,,,,,,,,,,"Target analysis: 29 candidates, score -1.00",,29,-1,999,,,,,,,,,False,,,,,,,29,29,29,3,2
2025-09-11T23:36:45.831923,,,Niemcy,P_Batalion__5_Infanterie_Regiment_20250907191830,,second_move,,,41,-13,,,,,,,,,,,,,,,,,,,,,,second_chance after PRE_RAID_OPTIMIZATION,,,,,,,,,,,,,,,,,,,,,,,,
2025-09-11T23:36:45.855177,,,Niemcy,RESUPPLY_NEEDS,,resupply_analysis,,,,,,,,,,,,,,,,,,,,,,,,,,NEEDS_ANALYSIS PRE_RAID_OPTIMIZATION | TOTAL_FUEL_NEEDED: 6 | TOTAL_COMBAT_NEEDED: 0 | TOTAL_PE_NEEDED: 6 | BUDGET_AVAILABLE: 18 | UNITS_REQUIRING_HELP: 5,,,,,,,,,,,,,,,,,,,,,,,,
2025-09-11T23:36:45.856636,,,Niemcy,TL_Kompania__5_Panzer_Abteilung,,resupply_detailed,37,-10,37,-10,,,,,,,,,,,,,,,,,,,,,,phase1 PRE_RAID_OPTIMIZATION | PE_SPENT: fuel=1 combat=0 total=1 | BEFORE: fuel=1 combat=14 | AFTER: fuel=2 combat=14,,,,,,,,,,,,,,,,,,,,,,,,
2025-09-11T23:36:45.856636,,,Niemcy,P_Batalion__5_Sch_tzen_Kompanie,,resupply_detailed,37,-4,37,-4,,,,,,,,,,,,,,,,,,,,,,phase1 PRE_RAID_OPTIMIZATION | PE_SPENT: fuel=1 combat=0 total=1 | BEFORE: fuel=1 combat=14 | AFTER: fuel=2 combat=14,,,,,,,,,,,,,,,,,,,,,,,,
2025-09-11T23:36:45.857636,,,Niemcy,P_Pluton__5_Grenadier_Bataillon,,resupply_detailed,29,2,29,2,,,,,,,,,,,,,,,,,,,,,,phase1 PRE_RAID_OPTIMIZATION | PE_SPENT: fuel=1 combat=0 total=1 | BEFORE: fuel=1 combat=8 | AFTER: fuel=2 combat=8,,,,,,,,,,,,,,,,,,,,,,,,
2025-09-11T23:36:45.857636,,,Niemcy,AL_Batalion__5_Artillerie_Abteilung,,resupply_detailed,38,-14,38,-14,,,,,,,,,,,,,,,,,,,,,,phase1 PRE_RAID_OPTIMIZATION | PE_SPENT: fuel=1 combat=0 total=1 | BEFORE: fuel=1 combat=11 | AFTER: fuel=2 combat=11,,,,,,,,,,,,,,,,,,,,,,,,
2025-09-11T23:36:45.857636,,,Niemcy,P_Batalion__5_Infanterie_Regiment_20250907191830,,resupply_detailed,41,-13,41,-13,,,,,,,,,,,,,,,,,,,,,,phase1 PRE_RAID_OPTIMIZATION | PE_SPENT: fuel=1 combat=0 total=1 | BEFORE: fuel=1 combat=14 | AFTER: fuel=2 combat=14,,,,,,,,,,,,,,,,,,,,,,,,
2025-09-11T23:36:45.857636,,,Niemcy,RESUPPLY_OPERATION,,resupply_summary,,,,,,,,,,,,,,,,,,,,,,,,,,RESUPPLY_SUMMARY PRE_RAID_OPTIMIZATION | TOTAL_PE_SPENT: 5 | UNITS_RESUPPLIED: 5/5 | BUDGET_ALLOCATED: 18 | PE_REMAINING: 32,,,,,,,,,,,,,,,,,,,,,,,,
2025-09-11T23:36:45.893006,,target_selection,Niemcy,TL_Kompania__5_Panzer_Abteilung,,target_analysis,,,,,35,-10,,,,,,,,,,,,,,,,,,,,"Target analysis: 29 candidates, score -1.00",,29,-1,999,,,,,,,,,False,,,,,,,29,29,29,3,2
2025-09-11T23:36:45.899202,,,Niemcy,TL_Kompania__5_Panzer_Abteilung,,second_move,,,35,-10,,,,,,,,,,,,,,,,,,,,,,second_chance after PRE_RAID_OPTIMIZATION,,,,,,,,,,,,,,,,,,,,,,,,
2025-09-11T23:36:45.927635,,target_selection,Niemcy,P_Batalion__5_Sch_tzen_Kompanie,,target_analysis,,,,,39,-4,,,,,,,,,,,,,,,,,,,,"Target analysis: 29 candidates, score -1.00",,29,-1,999,,,,,,,,,False,,,,,,,29,29,29,2,2
2025-09-11T23:36:45.935470,,,Niemcy,P_Batalion__5_Sch_tzen_Kompanie,,second_move,,,39,-4,,,,,,,,,,,,,,,,,,,,,,second_chance after PRE_RAID_OPTIMIZATION,,,,,,,,,,,,,,,,,,,,,,,,
2025-09-11T23:36:45.972344,,target_selection,Niemcy,P_Pluton__5_Grenadier_Bataillon,,target_analysis,,,,,27,2,,,,,,,,,,,,,,,,,,,,"Target analysis: 29 candidates, score -1.00",,29,-1,999,,,,,,,,,False,,,,,,,29,29,29,2,2
2025-09-11T23:36:45.991974,,,Niemcy,P_Pluton__5_Grenadier_Bataillon,,second_move,,,27,2,,,,,,,,,,,,,,,,,,,,,,second_chance after PRE_RAID_OPTIMIZATION,,,,,,,,,,,,,,,,,,,,,,,,
2025-09-11T23:36:46.066580,,target_selection,Niemcy,AL_Batalion__5_Artillerie_Abteilung,,target_analysis,,,,,40,-14,,,,,,,,,,,,,,,,,,,,"Target analysis: 29 candidates, score -1.00",,29,-1,999,,,,,,,,,False,,,,,,,29,29,29,4,2
2025-09-11T23:36:46.074151,,,Niemcy,AL_Batalion__5_Artillerie_Abteilung,,second_move,,,40,-14,,,,,,,,,,,,,,,,,,,,,,second_chance after PRE_RAID_OPTIMIZATION,,,,,,,,,,,,,,,,,,,,,,,,
2025-09-11T23:36:46.122840,,target_selection,Niemcy,P_Batalion__5_Infanterie_Regiment_20250907191830,,target_analysis,,,,,39,-13,,,,,,,,,,,,,,,,,,,,"Target analysis: 29 candidates, score -1.00",,29,-1,999,,,,,,,,,False,,,,,,,29,29,29,2,2
2025-09-11T23:36:46.138295,,,Niemcy,P_Batalion__5_Infanterie_Regiment_20250907191830,,second_move,,,39,-13,,,,,,,,,,,,,,,,,,,,,,second_chance after PRE_RAID_OPTIMIZATION,,,,,,,,,,,,,,,,,,,,,,,,
2025-09-11T23:36:46.189054,,,Niemcy,RESUPPLY_NEEDS,,resupply_analysis,,,,,,,,,,,,,,,,,,,,,,,,,,NEEDS_ANALYSIS PRE_RAID_OPTIMIZATION | TOTAL_FUEL_NEEDED: 6 | TOTAL_COMBAT_NEEDED: 0 | TOTAL_PE_NEEDED: 6 | BUDGET_AVAILABLE: 16 | UNITS_REQUIRING_HELP: 5,,,,,,,,,,,,,,,,,,,,,,,,
2025-09-11T23:36:46.189054,,,Niemcy,RESUPPLY_OPERATION,,resupply_summary,,,,,,,,,,,,,,,,,,,,,,,,,,RESUPPLY_SUMMARY PRE_RAID_OPTIMIZATION | TOTAL_PE_SPENT: 0 | UNITS_RESUPPLIED: 0/5 | BUDGET_ALLOCATED: 16 | PE_REMAINING: 32,,,,,,,,,,,,,,,,,,,,,,,,
2025-09-11T23:36:46.206574,,target_selection,Niemcy,TL_Kompania__5_Panzer_Abteilung,,target_analysis,,,,,36,-10,,,,,,,,,,,,,,,,,,,,"Target analysis: 29 candidates, score -1.00",,29,-1,999,,,,,,,,,False,,,,,,,29,29,29,2,1
2025-09-11T23:36:46.210512,,,Niemcy,TL_Kompania__5_Panzer_Abteilung,,second_move,,,36,-10,,,,,,,,,,,,,,,,,,,,,,second_chance after PRE_RAID_OPTIMIZATION,,,,,,,,,,,,,,,,,,,,,,,,
2025-09-11T23:36:46.222178,,target_selection,Niemcy,P_Batalion__5_Sch_tzen_Kompanie,,target_analysis,,,,,40,-4,,,,,,,,,,,,,,,,,,,,"Target analysis: 29 candidates, score -1.00",,29,-1,999,,,,,,,,,False,,,,,,,29,29,29,1,1
2025-09-11T23:36:46.228936,,,Niemcy,P_Batalion__5_Sch_tzen_Kompanie,,second_move,,,40,-4,,,,,,,,,,,,,,,,,,,,,,second_chance after PRE_RAID_OPTIMIZATION,,,,,,,,,,,,,,,,,,,,,,,,
2025-09-11T23:36:46.244569,,target_selection,Niemcy,P_Pluton__5_Grenadier_Bataillon,,target_analysis,,,,,28,2,,,,,,,,,,,,,,,,,,,,"Target analysis: 29 candidates, score -1.00",,29,-1,999,,,,,,,,,False,,,,,,,29,29,29,1,1
2025-09-11T23:36:46.250633,,,Niemcy,P_Pluton__5_Grenadier_Bataillon,,second_move,,,28,2,,,,,,,,,,,,,,,,,,,,,,second_chance after PRE_RAID_OPTIMIZATION,,,,,,,,,,,,,,,,,,,,,,,,
2025-09-11T23:36:46.264685,,target_selection,Niemcy,AL_Batalion__5_Artillerie_Abteilung,,target_analysis,,,,,41,-14,,,,,,,,,,,,,,,,,,,,"Target analysis: 29 candidates, score -1.00",,29,-1,999,,,,,,,,,False,,,,,,,29,29,29,3,1
2025-09-11T23:36:46.270383,,,Niemcy,AL_Batalion__5_Artillerie_Abteilung,,second_move,,,41,-14,,,,,,,,,,,,,,,,,,,,,,second_chance after PRE_RAID_OPTIMIZATION,,,,,,,,,,,,,,,,,,,,,,,,
2025-09-11T23:36:46.286273,,target_selection,Niemcy,P_Batalion__5_Infanterie_Regiment_20250907191830,,target_analysis,,,,,40,-13,,,,,,,,,,,,,,,,,,,,"Target analysis: 29 candidates, score -1.00",,29,-1,999,,,,,,,,,False,,,,,,,29,29,29,1,1
2025-09-11T23:36:46.289662,,,Niemcy,P_Batalion__5_Infanterie_Regiment_20250907191830,,second_move,,,40,-13,,,,,,,,,,,,,,,,,,,,,,second_chance after PRE_RAID_OPTIMIZATION,,,,,,,,,,,,,,,,,,,,,,,,
2025-09-11T23:36:46.304923,,,Niemcy,RESUPPLY_NEEDS,,resupply_analysis,,,,,,,,,,,,,,,,,,,,,,,,,,NEEDS_ANALYSIS PRE_RAID_OPTIMIZATION | TOTAL_FUEL_NEEDED: 11 | TOTAL_COMBAT_NEEDED: 0 | TOTAL_PE_NEEDED: 11 | BUDGET_AVAILABLE: 25 | UNITS_REQUIRING_HELP: 5,,,,,,,,,,,,,,,,,,,,,,,,
2025-09-11T23:36:46.304923,,,Niemcy,P_Batalion__5_Sch_tzen_Kompanie,,resupply_bonus,40,-4,40,-4,,,,,,,,,,,,,,,,,,,,,,bonus_phase PRE_RAID_OPTIMIZATION | PE_SPENT: fuel=1 combat=0 total=1 | BONUS_ALLOCATION: 2 PE available | REMAINING_BUDGET: 9 PE,,,,,,,,,,,,,,,,,,,,,,,,
2025-09-11T23:36:46.306030,,,Niemcy,P_Pluton__5_Grenadier_Bataillon,,resupply_bonus,28,2,28,2,,,,,,,,,,,,,,,,,,,,,,bonus_phase PRE_RAID_OPTIMIZATION | PE_SPENT: fuel=1 combat=0 total=1 | BONUS_ALLOCATION: 2 PE available | REMAINING_BUDGET: 8 PE,,,,,,,,,,,,,,,,,,,,,,,,
2025-09-11T23:36:46.306030,,,Niemcy,AL_Batalion__5_Artillerie_Abteilung,,resupply_bonus,41,-14,41,-14,,,,,,,,,,,,,,,,,,,,,,bonus_phase PRE_RAID_OPTIMIZATION | PE_SPENT: fuel=1 combat=0 total=1 | BONUS_ALLOCATION: 2 PE available | REMAINING_BUDGET: 7 PE,,,,,,,,,,,,,,,,,,,,,,,,
2025-09-11T23:36:46.307039,,,Niemcy,TL_Kompania__5_Panzer_Abteilung,,resupply_bonus,36,-10,36,-10,,,,,,,,,,,,,,,,,,,,,,bonus_phase PRE_RAID_OPTIMIZATION | PE_SPENT: fuel=1 combat=0 total=1 | BONUS_ALLOCATION: 2 PE available | REMAINING_BUDGET: 6 PE,,,,,,,,,,,,,,,,,,,,,,,,
2025-09-11T23:36:46.307039,,,Niemcy,P_Batalion__5_Infanterie_Regiment_20250907191830,,resupply_bonus,40,-13,40,-13,,,,,,,,,,,,,,,,,,,,,,bonus_phase PRE_RAID_OPTIMIZATION | PE_SPENT: fuel=1 combat=0 total=1 | BONUS_ALLOCATION: 2 PE available | REMAINING_BUDGET: 5 PE,,,,,,,,,,,,,,,,,,,,,,,,
2025-09-11T23:36:46.307039,,,Niemcy,RESUPPLY_OPERATION,,resupply_summary,,,,,,,,,,,,,,,,,,,,,,,,,,RESUPPLY_SUMMARY PRE_RAID_OPTIMIZATION | TOTAL_PE_SPENT: 5 | UNITS_RESUPPLIED: 0/5 | BUDGET_ALLOCATED: 25 | PE_REMAINING: 27,,,,,,,,,,,,,,,,,,,,,,,,
2025-09-11T23:36:46.320948,,target_selection,Niemcy,AL_Batalion__5_Artillerie_Abteilung,,target_analysis,,,,,41,-13,,,,,,,,,,,,,,,,,,,,"Target analysis: 29 candidates, score -1.00",,29,-1,999,,,,,,,,,False,,,,,,,29,29,29,2,1
2025-09-11T23:36:46.327772,,,Niemcy,AL_Batalion__5_Artillerie_Abteilung,,second_move,,,41,-13,,,,,,,,,,,,,,,,,,,,,,second_chance after PRE_RAID_OPTIMIZATION,,,,,,,,,,,,,,,,,,,,,,,,
2025-09-11T23:36:46.341787,,target_selection,Niemcy,TL_Kompania__5_Panzer_Abteilung,,target_analysis,,,,,37,-10,,,,,,,,,,,,,,,,,,,,"Target analysis: 29 candidates, score -1.00",,29,-1,999,,,,,,,,,False,,,,,,,29,29,29,1,1
2025-09-11T23:36:46.345485,,,Niemcy,TL_Kompania__5_Panzer_Abteilung,,second_move,,,37,-10,,,,,,,,,,,,,,,,,,,,,,second_chance after PRE_RAID_OPTIMIZATION,,,,,,,,,,,,,,,,,,,,,,,,
2025-09-11T23:36:46.382474,,,Niemcy,RESUPPLY_NEEDS,,resupply_analysis,,,,,,,,,,,,,,,,,,,,,,,,,,NEEDS_ANALYSIS PRE_RAID_OPTIMIZATION | TOTAL_FUEL_NEEDED: 8 | TOTAL_COMBAT_NEEDED: 0 | TOTAL_PE_NEEDED: 8 | BUDGET_AVAILABLE: 13 | UNITS_REQUIRING_HELP: 5,,,,,,,,,,,,,,,,,,,,,,,,
2025-09-11T23:36:46.383608,,,Niemcy,RESUPPLY_OPERATION,,resupply_summary,,,,,,,,,,,,,,,,,,,,,,,,,,RESUPPLY_SUMMARY PRE_RAID_OPTIMIZATION | TOTAL_PE_SPENT: 0 | UNITS_RESUPPLIED: 0/5 | BUDGET_ALLOCATED: 13 | PE_REMAINING: 27,,,,,,,,,,,,,,,,,,,,,,,,
2025-09-11T23:36:46.829900,,strategy,Niemcy,STRATEGY,,strategic_decision,,,,,,,,,,,,,,,,,,,,,,,,,,"Strategy: REASSIGNMENT, aggression 0.50, 4 groups, 0 reassignments",,,,,,,,,REASSIGNMENT,0.5,,,,,,adaptive,,0,dynamic_reassignment,,,,,
2025-09-11T23:36:46.893877,,strategy,Niemcy,STRATEGY,,strategic_decision,,,,,,,,,,,,,,,,,,,,,,,,,,"Strategy: REASSIGNMENT, aggression 0.50, 4 groups, 0 reassignments",,,,,,,,,REASSIGNMENT,0.5,,,,,,adaptive,,0,dynamic_reassignment,,,,,
2025-09-11T23:36:46.893877,,,Niemcy,RESUPPLY_NEEDS,,resupply_analysis,,,,,,,,,,,,,,,,,,,,,,,,,,NEEDS_ANALYSIS LOW_FUEL | TOTAL_FUEL_NEEDED: 8 | TOTAL_COMBAT_NEEDED: 0 | TOTAL_PE_NEEDED: 8 | BUDGET_AVAILABLE: 13 | UNITS_REQUIRING_HELP: 5,,,,,,,,,,,,,,,,,,,,,,,,
2025-09-11T23:36:46.893877,,,Niemcy,RESUPPLY_OPERATION,,resupply_summary,,,,,,,,,,,,,,,,,,,,,,,,,,RESUPPLY_SUMMARY LOW_FUEL | TOTAL_PE_SPENT: 0 | UNITS_RESUPPLIED: 0/5 | BUDGET_ALLOCATED: 13 | PE_REMAINING: 27,,,,,,,,,,,,,,,,,,,,,,,,
2025-09-11T23:36:46.900944,,,Niemcy,RESUPPLY_NEEDS,,resupply_analysis,,,,,,,,,,,,,,,,,,,,,,,,,,NEEDS_ANALYSIS LOW_FUEL | TOTAL_FUEL_NEEDED: 8 | TOTAL_COMBAT_NEEDED: 0 | TOTAL_PE_NEEDED: 8 | BUDGET_AVAILABLE: 13 | UNITS_REQUIRING_HELP: 5,,,,,,,,,,,,,,,,,,,,,,,,
2025-09-11T23:36:46.902137,,,Niemcy,RESUPPLY_OPERATION,,resupply_summary,,,,,,,,,,,,,,,,,,,,,,,,,,RESUPPLY_SUMMARY LOW_FUEL | TOTAL_PE_SPENT: 0 | UNITS_RESUPPLIED: 0/5 | BUDGET_ALLOCATED: 13 | PE_REMAINING: 27,,,,,,,,,,,,,,,,,,,,,,,,
2025-09-11T23:36:46.903484,,,Niemcy,RESUPPLY_NEEDS,,resupply_analysis,,,,,,,,,,,,,,,,,,,,,,,,,,NEEDS_ANALYSIS LOW_FUEL | TOTAL_FUEL_NEEDED: 8 | TOTAL_COMBAT_NEEDED: 0 | TOTAL_PE_NEEDED: 8 | BUDGET_AVAILABLE: 13 | UNITS_REQUIRING_HELP: 5,,,,,,,,,,,,,,,,,,,,,,,,
2025-09-11T23:36:46.904484,,,Niemcy,RESUPPLY_OPERATION,,resupply_summary,,,,,,,,,,,,,,,,,,,,,,,,,,RESUPPLY_SUMMARY LOW_FUEL | TOTAL_PE_SPENT: 0 | UNITS_RESUPPLIED: 0/5 | BUDGET_ALLOCATED: 13 | PE_REMAINING: 27,,,,,,,,,,,,,,,,,,,,,,,,
2025-09-11T23:36:46.915557,,strategy,Niemcy,STRATEGY,,strategic_decision,,,,,,,,,,,,,,,,,,,,,,,,,,"Strategy: REASSIGNMENT, aggression 0.50, 1 groups, 0 reassignments",,,,,,,,,REASSIGNMENT,0.5,,,,,,adaptive,,0,dynamic_reassignment,,,,,
2025-09-11T23:36:46.923525,,target_selection,Niemcy,P_Batalion__5_Sch_tzen_Kompanie,,target_analysis,,,,,,,,,,,,,,,,,,,,,,,,,,"Target analysis: 29 candidates, score -1.00",,29,-1,999,,,,,,,,,False,,,,,,,29,29,29,4,0
2025-09-11T23:36:46.927081,,,Niemcy,RESUPPLY_NEEDS,,resupply_analysis,,,,,,,,,,,,,,,,,,,,,,,,,,NEEDS_ANALYSIS LOW_FUEL | TOTAL_FUEL_NEEDED: 8 | TOTAL_COMBAT_NEEDED: 0 | TOTAL_PE_NEEDED: 8 | BUDGET_AVAILABLE: 13 | UNITS_REQUIRING_HELP: 5,,,,,,,,,,,,,,,,,,,,,,,,
2025-09-11T23:36:46.927474,,,Niemcy,RESUPPLY_OPERATION,,resupply_summary,,,,,,,,,,,,,,,,,,,,,,,,,,RESUPPLY_SUMMARY LOW_FUEL | TOTAL_PE_SPENT: 0 | UNITS_RESUPPLIED: 0/5 | BUDGET_ALLOCATED: 13 | PE_REMAINING: 27,,,,,,,,,,,,,,,,,,,,,,,,
2025-09-11T23:36:46.930555,,strategy,Niemcy,STRATEGY,,strategic_decision,,,,,,,,,,,,,,,,,,,,,,,,,,"Strategy: REASSIGNMENT, aggression 0.50, 1 groups, 0 reassignments",,,,,,,,,REASSIGNMENT,0.5,,,,,,adaptive,,0,dynamic_reassignment,,,,,
2025-09-11T23:36:46.941011,,target_selection,Niemcy,P_Pluton__5_Grenadier_Bataillon,,target_analysis,,,,,,,,,,,,,,,,,,,,,,,,,,"Target analysis: 29 candidates, score -1.00",,29,-1,999,,,,,,,,,False,,,,,,,29,29,29,4,0
2025-09-11T23:36:46.941011,,,Niemcy,RESUPPLY_NEEDS,,resupply_analysis,,,,,,,,,,,,,,,,,,,,,,,,,,NEEDS_ANALYSIS LOW_FUEL | TOTAL_FUEL_NEEDED: 8 | TOTAL_COMBAT_NEEDED: 0 | TOTAL_PE_NEEDED: 8 | BUDGET_AVAILABLE: 13 | UNITS_REQUIRING_HELP: 5,,,,,,,,,,,,,,,,,,,,,,,,
2025-09-11T23:36:46.941011,,,Niemcy,RESUPPLY_OPERATION,,resupply_summary,,,,,,,,,,,,,,,,,,,,,,,,,,RESUPPLY_SUMMARY LOW_FUEL | TOTAL_PE_SPENT: 0 | UNITS_RESUPPLIED: 0/5 | BUDGET_ALLOCATED: 13 | PE_REMAINING: 27,,,,,,,,,,,,,,,,,,,,,,,,
2025-09-11T23:36:46.955227,,strategy,Niemcy,STRATEGY,,strategic_decision,,,,,,,,,,,,,,,,,,,,,,,,,,"Strategy: REASSIGNMENT, aggression 0.50, 1 groups, 0 reassignments",,,,,,,,,REASSIGNMENT,0.5,,,,,,adaptive,,0,dynamic_reassignment,,,,,
2025-09-11T23:36:46.974549,,target_selection,Niemcy,AL_Batalion__5_Artillerie_Abteilung,,target_analysis,,,,,39,-14,,,,,,,,,,,,,,,,,,,,"Target analysis: 29 candidates, score -1.00",,29,-1,999,,,,,,,,,False,,,,,,,29,29,29,6,1
2025-09-11T23:36:46.985606,,,Niemcy,Z_Pluton__5_Versorgungs_Kompanie,,adaptive_autonomous,39,-14,39,-14,,,,,,,,,,,,,,,,,,,,,,"Advanced auto mode: group 3 (strategy: LOSING, aggr: 0.9)",,,,,,,,,,,,,,,,,,,,,,,,
2025-09-11T23:36:46.992175,,,Niemcy,RESUPPLY_NEEDS,,resupply_analysis,,,,,,,,,,,,,,,,,,,,,,,,,,NEEDS_ANALYSIS LOW_FUEL | TOTAL_FUEL_NEEDED: 9 | TOTAL_COMBAT_NEEDED: 0 | TOTAL_PE_NEEDED: 9 | BUDGET_AVAILABLE: 13 | UNITS_REQUIRING_HELP: 6,,,,,,,,,,,,,,,,,,,,,,,,
2025-09-11T23:36:46.993220,,,Niemcy,RESUPPLY_OPERATION,,resupply_summary,,,,,,,,,,,,,,,,,,,,,,,,,,RESUPPLY_SUMMARY LOW_FUEL | TOTAL_PE_SPENT: 0 | UNITS_RESUPPLIED: 0/6 | BUDGET_ALLOCATED: 13 | PE_REMAINING: 27,,,,,,,,,,,,,,,,,,,,,,,,
2025-09-11T23:36:47.056040,,target_selection,Niemcy,Z_Pluton__5_Versorgungs_Kompanie,,target_analysis,,,,,36,-11,,,,,,,,,,,,,,,,,,,,"Target analysis: 29 candidates, score -1.00",,29,-1,999,,,,,,,,,False,,,,,,,29,29,29,4,3
2025-09-11T23:36:47.056040,,,Niemcy,Z_Pluton__5_Versorgungs_Kompanie,,second_move,,,36,-11,,,,,,,,,,,,,,,,,,,,,,second_chance after LOW_FUEL,,,,,,,,,,,,,,,,,,,,,,,,
2025-09-11T23:36:47.108152,,strategy,Niemcy,STRATEGY,,strategic_decision,,,,,,,,,,,,,,,,,,,,,,,,,,"Strategy: REASSIGNMENT, aggression 0.50, 1 groups, 0 reassignments",,,,,,,,,REASSIGNMENT,0.5,,,,,,adaptive,,0,dynamic_reassignment,,,,,
2025-09-11T23:36:47.172418,,target_selection,Niemcy,Z_Pluton__5_Versorgungs_Kompanie_20250907191837,,target_analysis,,,,,39,-15,,,,,,,,,,,,,,,,,,,,"Target analysis: 29 candidates, score -1.00",,29,-1,999,,,,,,,,,False,,,,,,,29,29,29,9,4
2025-09-11T23:36:47.175959,,,Niemcy,TURN_END,,turn_summary,,,,,,,,,,,13,1,,,,,,,,,,,,advanced,opp=0;groups=4;adv=True,"Turn completed: 1/13 units moved, 4 groups (advanced)",,,,,,,,,,,,,,,,,,,,,,,,
2025-09-11T23:36:47.246423,,,Niemcy,TURN_START,,turn_begin,,,,,,,,,,,,,,,,,,,,,,,,,,AI Commander turn started for player 6,,,,,,,,,,,,,,,,,,,,,,,,
2025-09-11T23:36:47.253144,,,Niemcy,RESUPPLY_NEEDS,,resupply_analysis,,,,,,,,,,,,,,,,,,,,,,,,,,NEEDS_ANALYSIS PRE_RAID_OPTIMIZATION | TOTAL_FUEL_NEEDED: 13 | TOTAL_COMBAT_NEEDED: 0 | TOTAL_PE_NEEDED: 13 | BUDGET_AVAILABLE: 32 | UNITS_REQUIRING_HELP: 6,,,,,,,,,,,,,,,,,,,,,,,,
2025-09-11T23:36:47.253144,,,Niemcy,P_Kompania__6_Sch_tzen_Kompanie,,resupply_detailed,35,3,35,3,,,,,,,,,,,,,,,,,,,,,,phase1 PRE_RAID_OPTIMIZATION | PE_SPENT: fuel=2 combat=0 total=2 | BEFORE: fuel=0 combat=11 | AFTER: fuel=2 combat=11,,,,,,,,,,,,,,,,,,,,,,,,
2025-09-11T23:36:47.254154,,,Niemcy,P_Pluton__6_Sch_tzen_Kompanie,,resupply_detailed,36,2,36,2,,,,,,,,,,,,,,,,,,,,,,phase1 PRE_RAID_OPTIMIZATION | PE_SPENT: fuel=2 combat=0 total=2 | BEFORE: fuel=0 combat=8 | AFTER: fuel=2 combat=8,,,,,,,,,,,,,,,,,,,,,,,,
2025-09-11T23:36:47.254154,,,Niemcy,P_Kompania__6_Infanterie_Regiment,,resupply_detailed,42,8,42,8,,,,,,,,,,,,,,,,,,,,,,phase1 PRE_RAID_OPTIMIZATION | PE_SPENT: fuel=2 combat=0 total=2 | BEFORE: fuel=0 combat=11 | AFTER: fuel=2 combat=11,,,,,,,,,,,,,,,,,,,,,,,,
2025-09-11T23:36:47.255151,,,Niemcy,P_Pluton__6_Grenadier_Bataillon_20250907191921,,resupply_detailed,50,-9,50,-9,,,,,,,,,,,,,,,,,,,,,,phase1 PRE_RAID_OPTIMIZATION | PE_SPENT: fuel=2 combat=0 total=2 | BEFORE: fuel=0 combat=8 | AFTER: fuel=2 combat=8,,,,,,,,,,,,,,,,,,,,,,,,
2025-09-11T23:36:47.255151,,,Niemcy,Z_Pluton__6_Versorgungs_Kompanie_20250907191929,,resupply_detailed,33,5,33,5,,,,,,,,,,,,,,,,,,,,,,phase1 PRE_RAID_OPTIMIZATION | PE_SPENT: fuel=2 combat=0 total=2 | BEFORE: fuel=1 combat=4 | AFTER: fuel=3 combat=4,,,,,,,,,,,,,,,,,,,,,,,,
2025-09-11T23:36:47.255151,,,Niemcy,TL_Kompania__6_Panzer_Kompanie,,resupply_detailed,34,6,34,6,,,,,,,,,,,,,,,,,,,,,,phase1 PRE_RAID_OPTIMIZATION | PE_SPENT: fuel=1 combat=0 total=1 | BEFORE: fuel=1 combat=14 | AFTER: fuel=2 combat=14,,,,,,,,,,,,,,,,,,,,,,,,
2025-09-11T23:36:47.256478,,,Niemcy,RESUPPLY_OPERATION,,resupply_summary,,,,,,,,,,,,,,,,,,,,,,,,,,RESUPPLY_SUMMARY PRE_RAID_OPTIMIZATION | TOTAL_PE_SPENT: 11 | UNITS_RESUPPLIED: 6/6 | BUDGET_ALLOCATED: 32 | PE_REMAINING: 30,,,,,,,,,,,,,,,,,,,,,,,,
2025-09-11T23:36:47.289211,,target_selection,Niemcy,P_Kompania__6_Sch_tzen_Kompanie,,target_analysis,,,,,37,3,,,,,,,,,,,,,,,,,,,,"Target analysis: 29 candidates, score -1.00",,29,-1,999,,,,,,,,,False,,,,,,,29,29,29,4,2
2025-09-11T23:36:47.292815,,,Niemcy,P_Kompania__6_Sch_tzen_Kompanie,,second_move,,,37,3,,,,,,,,,,,,,,,,,,,,,,second_chance after PRE_RAID_OPTIMIZATION,,,,,,,,,,,,,,,,,,,,,,,,
2025-09-11T23:36:47.322873,,target_selection,Niemcy,P_Pluton__6_Sch_tzen_Kompanie,,target_analysis,,,,,36,4,,,,,,,,,,,,,,,,,,,,"Target analysis: 29 candidates, score -1.00",,29,-1,999,,,,,,,,,False,,,,,,,29,29,29,4,2
2025-09-11T23:36:47.334837,,,Niemcy,P_Pluton__6_Sch_tzen_Kompanie,,second_move,,,36,4,,,,,,,,,,,,,,,,,,,,,,second_chance after PRE_RAID_OPTIMIZATION,,,,,,,,,,,,,,,,,,,,,,,,
2025-09-11T23:36:47.374889,,target_selection,Niemcy,P_Kompania__6_Infanterie_Regiment,,target_analysis,,,,,44,8,,,,,,,,,,,,,,,,,,,,"Target analysis: 29 candidates, score -1.00",,29,-1,999,,,,,,,,,False,,,,,,,29,29,29,4,2
2025-09-11T23:36:47.384486,,,Niemcy,P_Kompania__6_Infanterie_Regiment,,second_move,,,44,8,,,,,,,,,,,,,,,,,,,,,,second_chance after PRE_RAID_OPTIMIZATION,,,,,,,,,,,,,,,,,,,,,,,,
2025-09-11T23:36:47.406746,,target_selection,Niemcy,P_Pluton__6_Grenadier_Bataillon_20250907191921,,target_analysis,,,,,50,-7,,,,,,,,,,,,,,,,,,,,"Target analysis: 29 candidates, score -1.00",,29,-1,999,,,,,,,,,False,,,,,,,29,29,29,4,2
2025-09-11T23:36:47.411199,,,Niemcy,P_Pluton__6_Grenadier_Bataillon_20250907191921,,second_move,,,50,-7,,,,,,,,,,,,,,,,,,,,,,second_chance after PRE_RAID_OPTIMIZATION,,,,,,,,,,,,,,,,,,,,,,,,
2025-09-11T23:36:47.445086,,target_selection,Niemcy,Z_Pluton__6_Versorgungs_Kompanie_20250907191929,,target_analysis,,,,,32,6,,,,,,,,,,,,,,,,,,,,"Target analysis: 29 candidates, score 22.50",,29,22.5,1,,,,,,,,,False,,,,"(32, 6)",,,28,29,29,5,3
2025-09-11T23:36:47.451310,,,Niemcy,Z_Pluton__6_Versorgungs_Kompanie_20250907191929,,second_move,,,32,6,,,,,,,,,,,,,,,,,,,,,,second_chance after PRE_RAID_OPTIMIZATION,,,,,,,,,,,,,,,,,,,,,,,,
2025-09-11T23:36:47.473090,,target_selection,Niemcy,TL_Kompania__6_Panzer_Kompanie,,target_analysis,,,,,33,5,,,,,,,,,,,,,,,,,,,,"Target analysis: 29 candidates, score 22.50",,29,22.5,2,,,,,,,,,False,,,,"(33, 5)",,,28,29,29,5,2
2025-09-11T23:36:47.476964,,,Niemcy,TL_Kompania__6_Panzer_Kompanie,,second_move,,,33,5,,,,,,,,,,,,,,,,,,,,,,second_chance after PRE_RAID_OPTIMIZATION,,,,,,,,,,,,,,,,,,,,,,,,
2025-09-11T23:36:47.529487,,,Niemcy,RESUPPLY_NEEDS,,resupply_analysis,,,,,,,,,,,,,,,,,,,,,,,,,,NEEDS_ANALYSIS PRE_RAID_OPTIMIZATION | TOTAL_FUEL_NEEDED: 8 | TOTAL_COMBAT_NEEDED: 0 | TOTAL_PE_NEEDED: 8 | BUDGET_AVAILABLE: 15 | UNITS_REQUIRING_HELP: 6,,,,,,,,,,,,,,,,,,,,,,,,
2025-09-11T23:36:47.529487,,,Niemcy,TL_Kompania__6_Panzer_Kompanie,,resupply_detailed,33,5,33,5,,,,,,,,,,,,,,,,,,,,,,phase1 PRE_RAID_OPTIMIZATION | PE_SPENT: fuel=1 combat=0 total=1 | BEFORE: fuel=1 combat=14 | AFTER: fuel=2 combat=14,,,,,,,,,,,,,,,,,,,,,,,,
2025-09-11T23:36:47.529487,,,Niemcy,P_Kompania__6_Sch_tzen_Kompanie,,resupply_detailed,37,3,37,3,,,,,,,,,,,,,,,,,,,,,,phase1 PRE_RAID_OPTIMIZATION | PE_SPENT: fuel=1 combat=0 total=1 | BEFORE: fuel=1 combat=11 | AFTER: fuel=2 combat=11,,,,,,,,,,,,,,,,,,,,,,,,
2025-09-11T23:36:47.529487,,,Niemcy,Z_Pluton__6_Versorgungs_Kompanie_20250907191929,,resupply_detailed,32,6,32,6,,,,,,,,,,,,,,,,,,,,,,phase1 PRE_RAID_OPTIMIZATION | PE_SPENT: fuel=1 combat=0 total=1 | BEFORE: fuel=2 combat=4 | AFTER: fuel=3 combat=4,,,,,,,,,,,,,,,,,,,,,,,,
2025-09-11T23:36:47.532959,,,Niemcy,P_Pluton__6_Sch_tzen_Kompanie,,resupply_detailed,36,4,36,4,,,,,,,,,,,,,,,,,,,,,,phase1 PRE_RAID_OPTIMIZATION | PE_SPENT: fuel=1 combat=0 total=1 | BEFORE: fuel=1 combat=8 | AFTER: fuel=2 combat=8,,,,,,,,,,,,,,,,,,,,,,,,
2025-09-11T23:36:47.532959,,,Niemcy,P_Kompania__6_Infanterie_Regiment,,resupply_detailed,44,8,44,8,,,,,,,,,,,,,,,,,,,,,,phase1 PRE_RAID_OPTIMIZATION | PE_SPENT: fuel=1 combat=0 total=1 | BEFORE: fuel=1 combat=11 | AFTER: fuel=2 combat=11,,,,,,,,,,,,,,,,,,,,,,,,
2025-09-11T23:36:47.533962,,,Niemcy,P_Pluton__6_Grenadier_Bataillon_20250907191921,,resupply_detailed,50,-7,50,-7,,,,,,,,,,,,,,,,,,,,,,phase1 PRE_RAID_OPTIMIZATION | PE_SPENT: fuel=1 combat=0 total=1 | BEFORE: fuel=1 combat=8 | AFTER: fuel=2 combat=8,,,,,,,,,,,,,,,,,,,,,,,,
2025-09-11T23:36:47.534974,,,Niemcy,RESUPPLY_OPERATION,,resupply_summary,,,,,,,,,,,,,,,,,,,,,,,,,,RESUPPLY_SUMMARY PRE_RAID_OPTIMIZATION | TOTAL_PE_SPENT: 6 | UNITS_RESUPPLIED: 6/6 | BUDGET_ALLOCATED: 15 | PE_REMAINING: 24,,,,,,,,,,,,,,,,,,,,,,,,
2025-09-11T23:36:47.553856,,target_selection,Niemcy,TL_Kompania__6_Panzer_Kompanie,,target_analysis,,,,,35,5,,,,,,,,,,,,,,,,,,,,"Target analysis: 29 candidates, score -1.00",,29,-1,999,,,,,,,,,False,,,,,,,29,29,29,4,2
2025-09-11T23:36:47.564305,,,Niemcy,TL_Kompania__6_Panzer_Kompanie,,second_move,,,35,5,,,,,,,,,,,,,,,,,,,,,,second_chance after PRE_RAID_OPTIMIZATION,,,,,,,,,,,,,,,,,,,,,,,,
2025-09-11T23:36:47.596030,,target_selection,Niemcy,P_Kompania__6_Sch_tzen_Kompanie,,target_analysis,,,,,39,3,,,,,,,,,,,,,,,,,,,,"Target analysis: 29 candidates, score -1.00",,29,-1,999,,,,,,,,,False,,,,,,,29,29,29,3,2
2025-09-11T23:36:47.602235,,,Niemcy,P_Kompania__6_Sch_tzen_Kompanie,,second_move,,,39,3,,,,,,,,,,,,,,,,,,,,,,second_chance after PRE_RAID_OPTIMIZATION,,,,,,,,,,,,,,,,,,,,,,,,
2025-09-11T23:36:47.639252,,target_selection,Niemcy,Z_Pluton__6_Versorgungs_Kompanie_20250907191929,,target_analysis,,,,,33,5,,,,,,,,,,,,,,,,,,,,"Target analysis: 29 candidates, score 22.50",,29,22.5,1,,,,,,,,,False,,,,"(33, 5)",,,28,29,29,4,3
2025-09-11T23:36:47.643527,,,Niemcy,Z_Pluton__6_Versorgungs_Kompanie_20250907191929,,second_move,,,33,5,,,,,,,,,,,,,,,,,,,,,,second_chance after PRE_RAID_OPTIMIZATION,,,,,,,,,,,,,,,,,,,,,,,,
2025-09-11T23:36:47.673946,,target_selection,Niemcy,P_Pluton__6_Sch_tzen_Kompanie,,target_analysis,,,,,38,4,,,,,,,,,,,,,,,,,,,,"Target analysis: 29 candidates, score -1.00",,29,-1,999,,,,,,,,,False,,,,,,,29,29,29,3,2
2025-09-11T23:36:47.678407,,,Niemcy,P_Pluton__6_Sch_tzen_Kompanie,,second_move,,,38,4,,,,,,,,,,,,,,,,,,,,,,second_chance after PRE_RAID_OPTIMIZATION,,,,,,,,,,,,,,,,,,,,,,,,
2025-09-11T23:36:47.710756,,target_selection,Niemcy,P_Kompania__6_Infanterie_Regiment,,target_analysis,,,,,46,8,,,,,,,,,,,,,,,,,,,,"Target analysis: 29 candidates, score -1.00",,29,-1,999,,,,,,,,,False,,,,,,,29,29,29,3,2
2025-09-11T23:36:47.714633,,,Niemcy,P_Kompania__6_Infanterie_Regiment,,second_move,,,46,8,,,,,,,,,,,,,,,,,,,,,,second_chance after PRE_RAID_OPTIMIZATION,,,,,,,,,,,,,,,,,,,,,,,,
2025-09-11T23:36:47.743604,,target_selection,Niemcy,P_Pluton__6_Grenadier_Bataillon_20250907191921,,target_analysis,,,,,50,-5,,,,,,,,,,,,,,,,,,,,"Target analysis: 29 candidates, score -1.00",,29,-1,999,,,,,,,,,False,,,,,,,29,29,29,3,2
2025-09-11T23:36:47.747149,,,Niemcy,P_Pluton__6_Grenadier_Bataillon_20250907191921,,second_move,,,50,-5,,,,,,,,,,,,,,,,,,,,,,second_chance after PRE_RAID_OPTIMIZATION,,,,,,,,,,,,,,,,,,,,,,,,
2025-09-11T23:36:47.766401,,,Niemcy,RESUPPLY_NEEDS,,resupply_analysis,,,,,,,,,,,,,,,,,,,,,,,,,,NEEDS_ANALYSIS PRE_RAID_OPTIMIZATION | TOTAL_FUEL_NEEDED: 8 | TOTAL_COMBAT_NEEDED: 0 | TOTAL_PE_NEEDED: 8 | BUDGET_AVAILABLE: 12 | UNITS_REQUIRING_HELP: 6,,,,,,,,,,,,,,,,,,,,,,,,
2025-09-11T23:36:47.767396,,,Niemcy,TL_Kompania__6_Panzer_Kompanie,,resupply_detailed,35,5,35,5,,,,,,,,,,,,,,,,,,,,,,phase1 PRE_RAID_OPTIMIZATION | PE_SPENT: fuel=1 combat=0 total=1 | BEFORE: fuel=1 combat=14 | AFTER: fuel=2 combat=14,,,,,,,,,,,,,,,,,,,,,,,,
2025-09-11T23:36:47.769391,,,Niemcy,P_Kompania__6_Sch_tzen_Kompanie,,resupply_detailed,39,3,39,3,,,,,,,,,,,,,,,,,,,,,,phase1 PRE_RAID_OPTIMIZATION | PE_SPENT: fuel=1 combat=0 total=1 | BEFORE: fuel=1 combat=11 | AFTER: fuel=2 combat=11,,,,,,,,,,,,,,,,,,,,,,,,
2025-09-11T23:36:47.769391,,,Niemcy,Z_Pluton__6_Versorgungs_Kompanie_20250907191929,,resupply_detailed,33,5,33,5,,,,,,,,,,,,,,,,,,,,,,phase1 PRE_RAID_OPTIMIZATION | PE_SPENT: fuel=1 combat=0 total=1 | BEFORE: fuel=2 combat=4 | AFTER: fuel=3 combat=4,,,,,,,,,,,,,,,,,,,,,,,,
2025-09-11T23:36:47.770388,,,Niemcy,P_Pluton__6_Sch_tzen_Kompanie,,resupply_detailed,38,4,38,4,,,,,,,,,,,,,,,,,,,,,,phase1 PRE_RAID_OPTIMIZATION | PE_SPENT: fuel=1 combat=0 total=1 | BEFORE: fuel=1 combat=8 | AFTER: fuel=2 combat=8,,,,,,,,,,,,,,,,,,,,,,,,
2025-09-11T23:36:47.770388,,,Niemcy,P_Kompania__6_Infanterie_Regiment,,resupply_detailed,46,8,46,8,,,,,,,,,,,,,,,,,,,,,,phase1 PRE_RAID_OPTIMIZATION | PE_SPENT: fuel=1 combat=0 total=1 | BEFORE: fuel=1 combat=11 | AFTER: fuel=2 combat=11,,,,,,,,,,,,,,,,,,,,,,,,
2025-09-11T23:36:47.771393,,,Niemcy,P_Pluton__6_Grenadier_Bataillon_20250907191921,,resupply_detailed,50,-5,50,-5,,,,,,,,,,,,,,,,,,,,,,phase1 PRE_RAID_OPTIMIZATION | PE_SPENT: fuel=1 combat=0 total=1 | BEFORE: fuel=1 combat=8 | AFTER: fuel=2 combat=8,,,,,,,,,,,,,,,,,,,,,,,,
2025-09-11T23:36:47.771393,,,Niemcy,RESUPPLY_OPERATION,,resupply_summary,,,,,,,,,,,,,,,,,,,,,,,,,,RESUPPLY_SUMMARY PRE_RAID_OPTIMIZATION | TOTAL_PE_SPENT: 6 | UNITS_RESUPPLIED: 6/6 | BUDGET_ALLOCATED: 12 | PE_REMAINING: 18,,,,,,,,,,,,,,,,,,,,,,,,
2025-09-11T23:36:47.804273,,target_selection,Niemcy,TL_Kompania__6_Panzer_Kompanie,,target_analysis,,,,,37,5,,,,,,,,,,,,,,,,,,,,"Target analysis: 29 candidates, score -1.00",,29,-1,999,,,,,,,,,False,,,,,,,29,29,29,3,2
2025-09-11T23:36:47.807557,,,Niemcy,TL_Kompania__6_Panzer_Kompanie,,second_move,,,37,5,,,,,,,,,,,,,,,,,,,,,,second_chance after PRE_RAID_OPTIMIZATION,,,,,,,,,,,,,,,,,,,,,,,,
2025-09-11T23:36:47.836192,,target_selection,Niemcy,P_Kompania__6_Sch_tzen_Kompanie,,target_analysis,,,,,41,3,,,,,,,,,,,,,,,,,,,,"Target analysis: 29 candidates, score -1.00",,29,-1,999,,,,,,,,,False,,,,,,,29,29,29,2,2
2025-09-11T23:36:47.841813,,,Niemcy,P_Kompania__6_Sch_tzen_Kompanie,,second_move,,,41,3,,,,,,,,,,,,,,,,,,,,,,second_chance after PRE_RAID_OPTIMIZATION,,,,,,,,,,,,,,,,,,,,,,,,
2025-09-11T23:36:47.878737,,target_selection,Niemcy,Z_Pluton__6_Versorgungs_Kompanie_20250907191929,,target_analysis,,,,,32,6,,,,,,,,,,,,,,,,,,,,"Target analysis: 29 candidates, score 22.50",,29,22.5,1,,,,,,,,,False,,,,"(32, 6)",,,28,29,29,3,3
2025-09-11T23:36:47.884064,,,Niemcy,Z_Pluton__6_Versorgungs_Kompanie_20250907191929,,second_move,,,32,6,,,,,,,,,,,,,,,,,,,,,,second_chance after PRE_RAID_OPTIMIZATION,,,,,,,,,,,,,,,,,,,,,,,,
2025-09-11T23:36:47.911543,,target_selection,Niemcy,P_Pluton__6_Sch_tzen_Kompanie,,target_analysis,,,,,40,4,,,,,,,,,,,,,,,,,,,,"Target analysis: 29 candidates, score -1.00",,29,-1,999,,,,,,,,,False,,,,,,,29,29,29,2,2
2025-09-11T23:36:47.914636,,,Niemcy,P_Pluton__6_Sch_tzen_Kompanie,,second_move,,,40,4,,,,,,,,,,,,,,,,,,,,,,second_chance after PRE_RAID_OPTIMIZATION,,,,,,,,,,,,,,,,,,,,,,,,
2025-09-11T23:36:47.938406,,target_selection,Niemcy,P_Kompania__6_Infanterie_Regiment,,target_analysis,,,,,44,8,,,,,,,,,,,,,,,,,,,,"Target analysis: 29 candidates, score -1.00",,29,-1,999,,,,,,,,,False,,,,,,,29,29,29,2,2
2025-09-11T23:36:47.942242,,,Niemcy,P_Kompania__6_Infanterie_Regiment,,second_move,,,44,8,,,,,,,,,,,,,,,,,,,,,,second_chance after PRE_RAID_OPTIMIZATION,,,,,,,,,,,,,,,,,,,,,,,,
2025-09-11T23:36:47.971180,,target_selection,Niemcy,P_Pluton__6_Grenadier_Bataillon_20250907191921,,target_analysis,,,,,52,-5,,,,,,,,,,,,,,,,,,,,"Target analysis: 29 candidates, score -1.00",,29,-1,999,,,,,,,,,False,,,,,,,29,29,29,2,2
2025-09-11T23:36:47.974471,,,Niemcy,P_Pluton__6_Grenadier_Bataillon_20250907191921,,second_move,,,52,-5,,,,,,,,,,,,,,,,,,,,,,second_chance after PRE_RAID_OPTIMIZATION,,,,,,,,,,,,,,,,,,,,,,,,
2025-09-11T23:36:47.986955,,,Niemcy,RESUPPLY_NEEDS,,resupply_analysis,,,,,,,,,,,,,,,,,,,,,,,,,,NEEDS_ANALYSIS PRE_RAID_OPTIMIZATION | TOTAL_FUEL_NEEDED: 8 | TOTAL_COMBAT_NEEDED: 0 | TOTAL_PE_NEEDED: 8 | BUDGET_AVAILABLE: 9 | UNITS_REQUIRING_HELP: 6,,,,,,,,,,,,,,,,,,,,,,,,
2025-09-11T23:36:47.988148,,,Niemcy,RESUPPLY_OPERATION,,resupply_summary,,,,,,,,,,,,,,,,,,,,,,,,,,RESUPPLY_SUMMARY PRE_RAID_OPTIMIZATION | TOTAL_PE_SPENT: 0 | UNITS_RESUPPLIED: 0/6 | BUDGET_ALLOCATED: 9 | PE_REMAINING: 18,,,,,,,,,,,,,,,,,,,,,,,,
2025-09-11T23:36:48.004292,,target_selection,Niemcy,TL_Kompania__6_Panzer_Kompanie,,target_analysis,,,,,38,5,,,,,,,,,,,,,,,,,,,,"Target analysis: 29 candidates, score -1.00",,29,-1,999,,,,,,,,,False,,,,,,,29,29,29,2,1
2025-09-11T23:36:48.007989,,,Niemcy,TL_Kompania__6_Panzer_Kompanie,,second_move,,,38,5,,,,,,,,,,,,,,,,,,,,,,second_chance after PRE_RAID_OPTIMIZATION,,,,,,,,,,,,,,,,,,,,,,,,
2025-09-11T23:36:48.018371,,target_selection,Niemcy,P_Kompania__6_Sch_tzen_Kompanie,,target_analysis,,,,,42,3,,,,,,,,,,,,,,,,,,,,"Target analysis: 29 candidates, score -1.00",,29,-1,999,,,,,,,,,False,,,,,,,29,29,29,1,1
2025-09-11T23:36:48.018371,,,Niemcy,P_Kompania__6_Sch_tzen_Kompanie,,second_move,,,42,3,,,,,,,,,,,,,,,,,,,,,,second_chance after PRE_RAID_OPTIMIZATION,,,,,,,,,,,,,,,,,,,,,,,,
2025-09-11T23:36:48.053640,,target_selection,Niemcy,Z_Pluton__6_Versorgungs_Kompanie_20250907191929,,target_analysis,,,,,33,5,,,,,,,,,,,,,,,,,,,,"Target analysis: 29 candidates, score 22.50",,29,22.5,1,,,,,,,,,False,,,,"(33, 5)",,,28,29,29,2,2
2025-09-11T23:36:48.057123,,,Niemcy,Z_Pluton__6_Versorgungs_Kompanie_20250907191929,,second_move,,,33,5,,,,,,,,,,,,,,,,,,,,,,second_chance after PRE_RAID_OPTIMIZATION,,,,,,,,,,,,,,,,,,,,,,,,
2025-09-11T23:36:48.073290,,target_selection,Niemcy,P_Pluton__6_Sch_tzen_Kompanie,,target_analysis,,,,,41,4,,,,,,,,,,,,,,,,,,,,"Target analysis: 29 candidates, score -1.00",,29,-1,999,,,,,,,,,False,,,,,,,29,29,29,1,1
2025-09-11T23:36:48.077575,,,Niemcy,P_Pluton__6_Sch_tzen_Kompanie,,second_move,,,41,4,,,,,,,,,,,,,,,,,,,,,,second_chance after PRE_RAID_OPTIMIZATION,,,,,,,,,,,,,,,,,,,,,,,,
2025-09-11T23:36:48.090748,,target_selection,Niemcy,P_Kompania__6_Infanterie_Regiment,,target_analysis,,,,,45,8,,,,,,,,,,,,,,,,,,,,"Target analysis: 29 candidates, score -1.00",,29,-1,999,,,,,,,,,False,,,,,,,29,29,29,1,1
2025-09-11T23:36:48.095400,,,Niemcy,P_Kompania__6_Infanterie_Regiment,,second_move,,,45,8,,,,,,,,,,,,,,,,,,,,,,second_chance after PRE_RAID_OPTIMIZATION,,,,,,,,,,,,,,,,,,,,,,,,
2025-09-11T23:36:48.108400,,target_selection,Niemcy,P_Pluton__6_Grenadier_Bataillon_20250907191921,,target_analysis,,,,,53,-5,,,,,,,,,,,,,,,,,,,,"Target analysis: 29 candidates, score -1.00",,29,-1,999,,,,,,,,,False,,,,,,,29,29,29,1,1
2025-09-11T23:36:48.114384,,,Niemcy,P_Pluton__6_Grenadier_Bataillon_20250907191921,,second_move,,,53,-5,,,,,,,,,,,,,,,,,,,,,,second_chance after PRE_RAID_OPTIMIZATION,,,,,,,,,,,,,,,,,,,,,,,,
2025-09-11T23:36:48.125227,,,Niemcy,RESUPPLY_NEEDS,,resupply_analysis,,,,,,,,,,,,,,,,,,,,,,,,,,NEEDS_ANALYSIS PRE_RAID_OPTIMIZATION | TOTAL_FUEL_NEEDED: 14 | TOTAL_COMBAT_NEEDED: 0 | TOTAL_PE_NEEDED: 14 | BUDGET_AVAILABLE: 14 | UNITS_REQUIRING_HELP: 6,,,,,,,,,,,,,,,,,,,,,,,,
2025-09-11T23:36:48.126410,,,Niemcy,RESUPPLY_OPERATION,,resupply_summary,,,,,,,,,,,,,,,,,,,,,,,,,,RESUPPLY_SUMMARY PRE_RAID_OPTIMIZATION | TOTAL_PE_SPENT: 0 | UNITS_RESUPPLIED: 0/6 | BUDGET_ALLOCATED: 14 | PE_REMAINING: 18,,,,,,,,,,,,,,,,,,,,,,,,
2025-09-11T23:36:48.138795,,target_selection,Niemcy,Z_Pluton__6_Versorgungs_Kompanie_20250907191929,,target_analysis,,,,,32,6,,,,,,,,,,,,,,,,,,,,"Target analysis: 29 candidates, score 22.50",,29,22.5,1,,,,,,,,,False,,,,"(32, 6)",,,28,29,29,1,1
2025-09-11T23:36:48.144167,,,Niemcy,Z_Pluton__6_Versorgungs_Kompanie_20250907191929,,second_move,,,32,6,,,,,,,,,,,,,,,,,,,,,,second_chance after PRE_RAID_OPTIMIZATION,,,,,,,,,,,,,,,,,,,,,,,,
2025-09-11T23:36:48.625389,,strategy,Niemcy,STRATEGY,,strategic_decision,,,,,,,,,,,,,,,,,,,,,,,,,,"Strategy: REASSIGNMENT, aggression 0.50, 5 groups, 0 reassignments",,,,,,,,,REASSIGNMENT,0.5,,,,,,adaptive,,0,dynamic_reassignment,,,,,
2025-09-11T23:36:48.655453,,strategy,Niemcy,STRATEGY,,strategic_decision,,,,,,,,,,,,,,,,,,,,,,,,,,"Strategy: REASSIGNMENT, aggression 0.50, 5 groups, 0 reassignments",,,,,,,,,REASSIGNMENT,0.5,,,,,,adaptive,,0,dynamic_reassignment,,,,,
2025-09-11T23:36:48.662359,,,Niemcy,RESUPPLY_NEEDS,,resupply_analysis,,,,,,,,,,,,,,,,,,,,,,,,,,NEEDS_ANALYSIS LOW_FUEL | TOTAL_FUEL_NEEDED: 15 | TOTAL_COMBAT_NEEDED: 0 | TOTAL_PE_NEEDED: 15 | BUDGET_AVAILABLE: 14 | UNITS_REQUIRING_HELP: 6,,,,,,,,,,,,,,,,,,,,,,,,
2025-09-11T23:36:48.663388,,,Niemcy,RESUPPLY_OPERATION,,resupply_summary,,,,,,,,,,,,,,,,,,,,,,,,,,RESUPPLY_SUMMARY LOW_FUEL | TOTAL_PE_SPENT: 0 | UNITS_RESUPPLIED: 0/6 | BUDGET_ALLOCATED: 14 | PE_REMAINING: 18,,,,,,,,,,,,,,,,,,,,,,,,
2025-09-11T23:36:48.664559,,,Niemcy,RESUPPLY_NEEDS,,resupply_analysis,,,,,,,,,,,,,,,,,,,,,,,,,,NEEDS_ANALYSIS LOW_FUEL | TOTAL_FUEL_NEEDED: 15 | TOTAL_COMBAT_NEEDED: 0 | TOTAL_PE_NEEDED: 15 | BUDGET_AVAILABLE: 14 | UNITS_REQUIRING_HELP: 6,,,,,,,,,,,,,,,,,,,,,,,,
2025-09-11T23:36:48.666463,,,Niemcy,RESUPPLY_OPERATION,,resupply_summary,,,,,,,,,,,,,,,,,,,,,,,,,,RESUPPLY_SUMMARY LOW_FUEL | TOTAL_PE_SPENT: 0 | UNITS_RESUPPLIED: 0/6 | BUDGET_ALLOCATED: 14 | PE_REMAINING: 18,,,,,,,,,,,,,,,,,,,,,,,,
2025-09-11T23:36:48.666885,,,Niemcy,RESUPPLY_NEEDS,,resupply_analysis,,,,,,,,,,,,,,,,,,,,,,,,,,NEEDS_ANALYSIS LOW_FUEL | TOTAL_FUEL_NEEDED: 15 | TOTAL_COMBAT_NEEDED: 0 | TOTAL_PE_NEEDED: 15 | BUDGET_AVAILABLE: 14 | UNITS_REQUIRING_HELP: 6,,,,,,,,,,,,,,,,,,,,,,,,
2025-09-11T23:36:48.666885,,,Niemcy,RESUPPLY_OPERATION,,resupply_summary,,,,,,,,,,,,,,,,,,,,,,,,,,RESUPPLY_SUMMARY LOW_FUEL | TOTAL_PE_SPENT: 0 | UNITS_RESUPPLIED: 0/6 | BUDGET_ALLOCATED: 14 | PE_REMAINING: 18,,,,,,,,,,,,,,,,,,,,,,,,
2025-09-11T23:36:48.672764,,,Niemcy,RESUPPLY_NEEDS,,resupply_analysis,,,,,,,,,,,,,,,,,,,,,,,,,,NEEDS_ANALYSIS LOW_FUEL | TOTAL_FUEL_NEEDED: 15 | TOTAL_COMBAT_NEEDED: 0 | TOTAL_PE_NEEDED: 15 | BUDGET_AVAILABLE: 14 | UNITS_REQUIRING_HELP: 6,,,,,,,,,,,,,,,,,,,,,,,,
2025-09-11T23:36:48.673800,,,Niemcy,RESUPPLY_OPERATION,,resupply_summary,,,,,,,,,,,,,,,,,,,,,,,,,,RESUPPLY_SUMMARY LOW_FUEL | TOTAL_PE_SPENT: 0 | UNITS_RESUPPLIED: 0/6 | BUDGET_ALLOCATED: 14 | PE_REMAINING: 18,,,,,,,,,,,,,,,,,,,,,,,,
2025-09-11T23:36:48.686505,,strategy,Niemcy,STRATEGY,,strategic_decision,,,,,,,,,,,,,,,,,,,,,,,,,,"Strategy: REASSIGNMENT, aggression 0.50, 1 groups, 0 reassignments",,,,,,,,,REASSIGNMENT,0.5,,,,,,adaptive,,0,dynamic_reassignment,,,,,
2025-09-11T23:36:48.708424,,target_selection,Niemcy,TL_Kompania__6_Panzer_Kompanie,,target_analysis,,,,,34,7,,,,,,,,,,,,,,,,,,,,"Target analysis: 29 candidates, score -1.00",,29,-1,999,,,,,,,,,False,,,,,,,29,29,29,5,1
2025-09-11T23:36:48.710979,,,Niemcy,RESUPPLY_NEEDS,,resupply_analysis,,,,,,,,,,,,,,,,,,,,,,,,,,NEEDS_ANALYSIS LOW_FUEL | TOTAL_FUEL_NEEDED: 16 | TOTAL_COMBAT_NEEDED: 0 | TOTAL_PE_NEEDED: 16 | BUDGET_AVAILABLE: 14 | UNITS_REQUIRING_HELP: 7,,,,,,,,,,,,,,,,,,,,,,,,
2025-09-11T23:36:48.710979,,,Niemcy,AL_Pluton__6_Artillerie_Batterie,,resupply_detailed,36,2,36,2,,,,,,,,,,,,,,,,,,,,,,phase1 LOW_FUEL | PE_SPENT: fuel=1 combat=0 total=1 | BEFORE: fuel=1 combat=6 | AFTER: fuel=2 combat=6,,,,,,,,,,,,,,,,,,,,,,,,
2025-09-11T23:36:48.712010,,,Niemcy,RESUPPLY_OPERATION,,resupply_summary,,,,,,,,,,,,,,,,,,,,,,,,,,RESUPPLY_SUMMARY LOW_FUEL | TOTAL_PE_SPENT: 1 | UNITS_RESUPPLIED: 1/7 | BUDGET_ALLOCATED: 14 | PE_REMAINING: 17,,,,,,,,,,,,,,,,,,,,,,,,
2025-09-11T23:36:48.727176,,target_selection,Niemcy,AL_Pluton__6_Artillerie_Batterie,,target_analysis,,,,,37,2,,,,,,,,,,,,,,,,,,,,"Target analysis: 29 candidates, score -1.00",,29,-1,999,,,,,,,,,False,,,,,,,29,29,29,1,2
2025-09-11T23:36:48.730419,,,Niemcy,AL_Pluton__6_Artillerie_Batterie,,second_move,,,37,2,,,,,,,,,,,,,,,,,,,,,,second_chance after LOW_FUEL,,,,,,,,,,,,,,,,,,,,,,,,
2025-09-11T23:36:48.733585,,strategy,Niemcy,STRATEGY,,strategic_decision,,,,,,,,,,,,,,,,,,,,,,,,,,"Strategy: REASSIGNMENT, aggression 0.50, 1 groups, 0 reassignments",,,,,,,,,REASSIGNMENT,0.5,,,,,,adaptive,,0,dynamic_reassignment,,,,,
2025-09-11T23:36:48.741646,,target_selection,Niemcy,P_Pluton__6_Sch_tzen_Kompanie,,target_analysis,,,,,,,,,,,,,,,,,,,,,,,,,,"Target analysis: 29 candidates, score -1.00",,29,-1,999,,,,,,,,,False,,,,,,,29,29,29,4,0
2025-09-11T23:36:48.743064,,,Niemcy,RESUPPLY_NEEDS,,resupply_analysis,,,,,,,,,,,,,,,,,,,,,,,,,,NEEDS_ANALYSIS LOW_FUEL | TOTAL_FUEL_NEEDED: 16 | TOTAL_COMBAT_NEEDED: 0 | TOTAL_PE_NEEDED: 16 | BUDGET_AVAILABLE: 13 | UNITS_REQUIRING_HELP: 7,,,,,,,,,,,,,,,,,,,,,,,,
2025-09-11T23:36:48.744077,,,Niemcy,AL_Pluton__6_Artillerie_Batterie,,resupply_detailed,37,2,37,2,,,,,,,,,,,,,,,,,,,,,,phase1 LOW_FUEL | PE_SPENT: fuel=1 combat=0 total=1 | BEFORE: fuel=1 combat=6 | AFTER: fuel=2 combat=6,,,,,,,,,,,,,,,,,,,,,,,,
2025-09-11T23:36:48.744077,,,Niemcy,RESUPPLY_OPERATION,,resupply_summary,,,,,,,,,,,,,,,,,,,,,,,,,,RESUPPLY_SUMMARY LOW_FUEL | TOTAL_PE_SPENT: 1 | UNITS_RESUPPLIED: 1/7 | BUDGET_ALLOCATED: 13 | PE_REMAINING: 16,,,,,,,,,,,,,,,,,,,,,,,,
2025-09-11T23:36:48.763866,,strategy,Niemcy,STRATEGY,,strategic_decision,,,,,,,,,,,,,,,,,,,,,,,,,,"Strategy: REASSIGNMENT, aggression 0.50, 1 groups, 0 reassignments",,,,,,,,,REASSIGNMENT,0.5,,,,,,adaptive,,0,dynamic_reassignment,,,,,
2025-09-11T23:36:48.771592,,target_selection,Niemcy,P_Kompania__6_Infanterie_Regiment,,target_analysis,,,,,,,,,,,,,,,,,,,,,,,,,,"Target analysis: 29 candidates, score -1.00",,29,-1,999,,,,,,,,,False,,,,,,,29,29,29,4,0
2025-09-11T23:36:48.775880,,,Niemcy,RESUPPLY_NEEDS,,resupply_analysis,,,,,,,,,,,,,,,,,,,,,,,,,,NEEDS_ANALYSIS LOW_FUEL | TOTAL_FUEL_NEEDED: 15 | TOTAL_COMBAT_NEEDED: 0 | TOTAL_PE_NEEDED: 15 | BUDGET_AVAILABLE: 12 | UNITS_REQUIRING_HELP: 6,,,,,,,,,,,,,,,,,,,,,,,,
2025-09-11T23:36:48.776878,,,Niemcy,RESUPPLY_OPERATION,,resupply_summary,,,,,,,,,,,,,,,,,,,,,,,,,,RESUPPLY_SUMMARY LOW_FUEL | TOTAL_PE_SPENT: 0 | UNITS_RESUPPLIED: 0/6 | BUDGET_ALLOCATED: 12 | PE_REMAINING: 16,,,,,,,,,,,,,,,,,,,,,,,,
2025-09-11T23:36:48.779097,,strategy,Niemcy,STRATEGY,,strategic_decision,,,,,,,,,,,,,,,,,,,,,,,,,,"Strategy: REASSIGNMENT, aggression 0.50, 1 groups, 0 reassignments",,,,,,,,,REASSIGNMENT,0.5,,,,,,adaptive,,0,dynamic_reassignment,,,,,
2025-09-11T23:36:48.790941,,target_selection,Niemcy,P_Pluton__6_Grenadier_Bataillon_20250907191921,,target_analysis,,,,,,,,,,,,,,,,,,,,,,,,,,"Target analysis: 29 candidates, score -1.00",,29,-1,999,,,,,,,,,False,,,,,,,29,29,29,4,0
2025-09-11T23:36:48.792051,,,Niemcy,RESUPPLY_NEEDS,,resupply_analysis,,,,,,,,,,,,,,,,,,,,,,,,,,NEEDS_ANALYSIS LOW_FUEL | TOTAL_FUEL_NEEDED: 15 | TOTAL_COMBAT_NEEDED: 0 | TOTAL_PE_NEEDED: 15 | BUDGET_AVAILABLE: 12 | UNITS_REQUIRING_HELP: 6,,,,,,,,,,,,,,,,,,,,,,,,
2025-09-11T23:36:48.794028,,,Niemcy,RESUPPLY_OPERATION,,resupply_summary,,,,,,,,,,,,,,,,,,,,,,,,,,RESUPPLY_SUMMARY LOW_FUEL | TOTAL_PE_SPENT: 0 | UNITS_RESUPPLIED: 0/6 | BUDGET_ALLOCATED: 12 | PE_REMAINING: 16,,,,,,,,,,,,,,,,,,,,,,,,
2025-09-11T23:36:48.814183,,strategy,Niemcy,STRATEGY,,strategic_decision,,,,,,,,,,,,,,,,,,,,,,,,,,"Strategy: REASSIGNMENT, aggression 0.50, 1 groups, 0 reassignments",,,,,,,,,REASSIGNMENT,0.5,,,,,,adaptive,,0,dynamic_reassignment,,,,,
2025-09-11T23:36:48.853023,,target_selection,Niemcy,Z_Kompania__6_Unterst_tzungs_Bataillon,,target_analysis,,,,,51,-17,,,,,,,,,,,,,,,,,,,,"Target analysis: 29 candidates, score -1.00",,29,-1,999,,,,,,,,,False,,,,,,,29,29,29,5,4
2025-09-11T23:36:48.854039,,,Niemcy,TURN_END,,turn_summary,,,,,,,,,,,14,0,,,,,,,,,,,,advanced,opp=0;groups=5;adv=True,"Turn completed: 0/14 units moved, 5 groups (advanced)",,,,,,,,,,,,,,,,,,,,,,,,
2025-09-11T23:46:24.931317,,,Niemcy,TURN_START,,turn_begin,,,,,,,,,,,,,,,,,,,,,,,,,,AI Commander turn started for player 5,,,,,,,,,,,,,,,,,,,,,,,,
2025-09-11T23:46:24.933847,,,Niemcy,RESUPPLY_NEEDS,,resupply_analysis,,,,,,,,,,,,,,,,,,,,,,,,,,NEEDS_ANALYSIS PRE_RAID_OPTIMIZATION | TOTAL_FUEL_NEEDED: 9 | TOTAL_COMBAT_NEEDED: 3 | TOTAL_PE_NEEDED: 12 | BUDGET_AVAILABLE: 61 | UNITS_REQUIRING_HELP: 6,,,,,,,,,,,,,,,,,,,,,,,,
2025-09-11T23:46:24.934900,,,Niemcy,AL_Batalion__5_Artillerie_Abteilung,,resupply_detailed,41,-13,41,-13,,,,,,,,,,,,,,,,,,,,,,phase1 PRE_RAID_OPTIMIZATION | PE_SPENT: fuel=2 combat=0 total=2 | BEFORE: fuel=0 combat=11 | AFTER: fuel=2 combat=11,,,,,,,,,,,,,,,,,,,,,,,,
2025-09-11T23:46:24.934900,,,Niemcy,TL_Kompania__5_Panzer_Abteilung,,resupply_detailed,37,-10,37,-10,,,,,,,,,,,,,,,,,,,,,,phase1 PRE_RAID_OPTIMIZATION | PE_SPENT: fuel=2 combat=0 total=2 | BEFORE: fuel=0 combat=14 | AFTER: fuel=2 combat=14,,,,,,,,,,,,,,,,,,,,,,,,
2025-09-11T23:46:24.935930,,,Niemcy,Z_Pluton__5_Versorgungs_Kompanie_20250907191826,,resupply_detailed,36,-4,36,-4,,,,,,,,,,,,,,,,,,,,,,phase1 PRE_RAID_OPTIMIZATION | PE_SPENT: fuel=0 combat=3 total=3 | BEFORE: fuel=4 combat=1 | AFTER: fuel=4 combat=4,,,,,,,,,,,,,,,,,,,,,,,,
2025-09-11T23:46:24.935930,,,Niemcy,P_Batalion__5_Sch_tzen_Kompanie,,resupply_detailed,40,-4,40,-4,,,,,,,,,,,,,,,,,,,,,,phase1 PRE_RAID_OPTIMIZATION | PE_SPENT: fuel=1 combat=0 total=1 | BEFORE: fuel=1 combat=14 | AFTER: fuel=2 combat=14,,,,,,,,,,,,,,,,,,,,,,,,
2025-09-11T23:46:24.937091,,,Niemcy,Z_Pluton__5_Versorgungs_Kompanie,,resupply_detailed,36,-11,36,-11,,,,,,,,,,,,,,,,,,,,,,phase1 PRE_RAID_OPTIMIZATION | PE_SPENT: fuel=1 combat=0 total=1 | BEFORE: fuel=2 combat=4 | AFTER: fuel=3 combat=4,,,,,,,,,,,,,,,,,,,,,,,,
2025-09-11T23:46:24.937091,,,Niemcy,P_Batalion__5_Infanterie_Regiment_20250907191830,,resupply_detailed,40,-13,40,-13,,,,,,,,,,,,,,,,,,,,,,phase1 PRE_RAID_OPTIMIZATION | PE_SPENT: fuel=1 combat=0 total=1 | BEFORE: fuel=1 combat=14 | AFTER: fuel=2 combat=14,,,,,,,,,,,,,,,,,,,,,,,,
2025-09-11T23:46:24.938095,,,Niemcy,RESUPPLY_OPERATION,,resupply_summary,,,,,,,,,,,,,,,,,,,,,,,,,,RESUPPLY_SUMMARY PRE_RAID_OPTIMIZATION | TOTAL_PE_SPENT: 10 | UNITS_RESUPPLIED: 6/6 | BUDGET_ALLOCATED: 61 | PE_REMAINING: 67,,,,,,,,,,,,,,,,,,,,,,,,
2025-09-11T23:46:24.954867,,target_selection,Niemcy,AL_Batalion__5_Artillerie_Abteilung,,target_analysis,,,,,41,-15,,,,,,,,,,,,,,,,,,,,"Target analysis: 29 candidates, score -1.00",,29,-1,999,,,,,,,,,False,,,,,,,29,29,29,6,2
2025-09-11T23:46:24.959860,,,Niemcy,AL_Batalion__5_Artillerie_Abteilung,,second_move,,,41,-15,,,,,,,,,,,,,,,,,,,,,,second_chance after PRE_RAID_OPTIMIZATION,,,,,,,,,,,,,,,,,,,,,,,,
2025-09-11T23:46:24.978249,,target_selection,Niemcy,TL_Kompania__5_Panzer_Abteilung,,target_analysis,,,,,35,-10,,,,,,,,,,,,,,,,,,,,"Target analysis: 29 candidates, score -1.00",,29,-1,999,,,,,,,,,False,,,,,,,29,29,29,5,2
2025-09-11T23:46:24.991435,,,Niemcy,TL_Kompania__5_Panzer_Abteilung,,second_move,,,35,-10,,,,,,,,,,,,,,,,,,,,,,second_chance after PRE_RAID_OPTIMIZATION,,,,,,,,,,,,,,,,,,,,,,,,
2025-09-11T23:46:25.033181,,target_selection,Niemcy,P_Batalion__5_Sch_tzen_Kompanie,,target_analysis,,,,,42,-4,,,,,,,,,,,,,,,,,,,,"Target analysis: 29 candidates, score -1.00",,29,-1,999,,,,,,,,,False,,,,,,,29,29,29,4,2
2025-09-11T23:46:25.034204,,,Niemcy,P_Batalion__5_Sch_tzen_Kompanie,,second_move,,,42,-4,,,,,,,,,,,,,,,,,,,,,,second_chance after PRE_RAID_OPTIMIZATION,,,,,,,,,,,,,,,,,,,,,,,,
2025-09-11T23:46:25.118646,,target_selection,Niemcy,Z_Pluton__5_Versorgungs_Kompanie,,target_analysis,,,,,33,-11,,,,,,,,,,,,,,,,,,,,"Target analysis: 29 candidates, score -1.00",,29,-1,999,,,,,,,,,False,,,,,,,29,29,29,5,3
2025-09-11T23:46:25.118646,,,Niemcy,Z_Pluton__5_Versorgungs_Kompanie,,second_move,,,33,-11,,,,,,,,,,,,,,,,,,,,,,second_chance after PRE_RAID_OPTIMIZATION,,,,,,,,,,,,,,,,,,,,,,,,
2025-09-11T23:46:25.154706,,target_selection,Niemcy,P_Batalion__5_Infanterie_Regiment_20250907191830,,target_analysis,,,,,38,-11,,,,,,,,,,,,,,,,,,,,"Target analysis: 29 candidates, score -1.00",,29,-1,999,,,,,,,,,False,,,,,,,29,29,29,4,2
2025-09-11T23:46:25.157979,,,Niemcy,P_Batalion__5_Infanterie_Regiment_20250907191830,,second_move,,,38,-11,,,,,,,,,,,,,,,,,,,,,,second_chance after PRE_RAID_OPTIMIZATION,,,,,,,,,,,,,,,,,,,,,,,,
2025-09-11T23:46:25.200026,,,Niemcy,RESUPPLY_NEEDS,,resupply_analysis,,,,,,,,,,,,,,,,,,,,,,,,,,NEEDS_ANALYSIS PRE_RAID_OPTIMIZATION | TOTAL_FUEL_NEEDED: 7 | TOTAL_COMBAT_NEEDED: 0 | TOTAL_PE_NEEDED: 7 | BUDGET_AVAILABLE: 33 | UNITS_REQUIRING_HELP: 5,,,,,,,,,,,,,,,,,,,,,,,,
2025-09-11T23:46:25.201115,,,Niemcy,TL_Kompania__5_Panzer_Abteilung,,resupply_detailed,35,-10,35,-10,,,,,,,,,,,,,,,,,,,,,,phase1 PRE_RAID_OPTIMIZATION | PE_SPENT: fuel=1 combat=0 total=1 | BEFORE: fuel=1 combat=14 | AFTER: fuel=2 combat=14,,,,,,,,,,,,,,,,,,,,,,,,
2025-09-11T23:46:25.201115,,,Niemcy,P_Batalion__5_Sch_tzen_Kompanie,,resupply_detailed,42,-4,42,-4,,,,,,,,,,,,,,,,,,,,,,phase1 PRE_RAID_OPTIMIZATION | PE_SPENT: fuel=1 combat=0 total=1 | BEFORE: fuel=1 combat=14 | AFTER: fuel=2 combat=14,,,,,,,,,,,,,,,,,,,,,,,,
2025-09-11T23:46:25.202116,,,Niemcy,AL_Batalion__5_Artillerie_Abteilung,,resupply_detailed,41,-15,41,-15,,,,,,,,,,,,,,,,,,,,,,phase1 PRE_RAID_OPTIMIZATION | PE_SPENT: fuel=1 combat=0 total=1 | BEFORE: fuel=1 combat=11 | AFTER: fuel=2 combat=11,,,,,,,,,,,,,,,,,,,,,,,,
2025-09-11T23:46:25.202116,,,Niemcy,Z_Pluton__5_Versorgungs_Kompanie,,resupply_detailed,33,-11,33,-11,,,,,,,,,,,,,,,,,,,,,,phase1 PRE_RAID_OPTIMIZATION | PE_SPENT: fuel=1 combat=0 total=1 | BEFORE: fuel=2 combat=4 | AFTER: fuel=3 combat=4,,,,,,,,,,,,,,,,,,,,,,,,
2025-09-11T23:46:25.202116,,,Niemcy,P_Batalion__5_Infanterie_Regiment_20250907191830,,resupply_detailed,38,-11,38,-11,,,,,,,,,,,,,,,,,,,,,,phase1 PRE_RAID_OPTIMIZATION | PE_SPENT: fuel=1 combat=0 total=1 | BEFORE: fuel=1 combat=14 | AFTER: fuel=2 combat=14,,,,,,,,,,,,,,,,,,,,,,,,
2025-09-11T23:46:25.204158,,,Niemcy,RESUPPLY_OPERATION,,resupply_summary,,,,,,,,,,,,,,,,,,,,,,,,,,RESUPPLY_SUMMARY PRE_RAID_OPTIMIZATION | TOTAL_PE_SPENT: 5 | UNITS_RESUPPLIED: 5/5 | BUDGET_ALLOCATED: 33 | PE_REMAINING: 62,,,,,,,,,,,,,,,,,,,,,,,,
2025-09-11T23:46:25.268101,,target_selection,Niemcy,TL_Kompania__5_Panzer_Abteilung,,target_analysis,,,,,37,-10,,,,,,,,,,,,,,,,,,,,"Target analysis: 29 candidates, score -1.00",,29,-1,999,,,,,,,,,False,,,,,,,29,29,29,4,2
2025-09-11T23:46:25.280024,,,Niemcy,TL_Kompania__5_Panzer_Abteilung,,second_move,,,37,-10,,,,,,,,,,,,,,,,,,,,,,second_chance after PRE_RAID_OPTIMIZATION,,,,,,,,,,,,,,,,,,,,,,,,
2025-09-11T23:46:25.384910,,target_selection,Niemcy,P_Batalion__5_Sch_tzen_Kompanie,,target_analysis,,,,,42,-2,,,,,,,,,,,,,,,,,,,,"Target analysis: 29 candidates, score -1.00",,29,-1,999,,,,,,,,,False,,,,,,,29,29,29,3,2
2025-09-11T23:46:25.405854,,,Niemcy,P_Batalion__5_Sch_tzen_Kompanie,,second_move,,,42,-2,,,,,,,,,,,,,,,,,,,,,,second_chance after PRE_RAID_OPTIMIZATION,,,,,,,,,,,,,,,,,,,,,,,,
2025-09-11T23:46:25.572255,,target_selection,Niemcy,AL_Batalion__5_Artillerie_Abteilung,,target_analysis,,,,,41,-13,,,,,,,,,,,,,,,,,,,,"Target analysis: 29 candidates, score -1.00",,29,-1,999,,,,,,,,,False,,,,,,,29,29,29,5,2
2025-09-11T23:46:25.577273,,,Niemcy,AL_Batalion__5_Artillerie_Abteilung,,second_move,,,41,-13,,,,,,,,,,,,,,,,,,,,,,second_chance after PRE_RAID_OPTIMIZATION,,,,,,,,,,,,,,,,,,,,,,,,
2025-09-11T23:46:25.672985,,target_selection,Niemcy,Z_Pluton__5_Versorgungs_Kompanie,,target_analysis,,,,,36,-11,,,,,,,,,,,,,,,,,,,,"Target analysis: 29 candidates, score -1.00",,29,-1,999,,,,,,,,,False,,,,,,,29,29,29,4,3
2025-09-11T23:46:25.684471,,,Niemcy,Z_Pluton__5_Versorgungs_Kompanie,,second_move,,,36,-11,,,,,,,,,,,,,,,,,,,,,,second_chance after PRE_RAID_OPTIMIZATION,,,,,,,,,,,,,,,,,,,,,,,,
2025-09-11T23:46:25.754609,,target_selection,Niemcy,P_Batalion__5_Infanterie_Regiment_20250907191830,,target_analysis,,,,,38,-13,,,,,,,,,,,,,,,,,,,,"Target analysis: 29 candidates, score -1.00",,29,-1,999,,,,,,,,,False,,,,,,,29,29,29,3,2
2025-09-11T23:46:25.783880,,,Niemcy,P_Batalion__5_Infanterie_Regiment_20250907191830,,second_move,,,38,-13,,,,,,,,,,,,,,,,,,,,,,second_chance after PRE_RAID_OPTIMIZATION,,,,,,,,,,,,,,,,,,,,,,,,
2025-09-11T23:46:25.871481,,,Niemcy,RESUPPLY_NEEDS,,resupply_analysis,,,,,,,,,,,,,,,,,,,,,,,,,,NEEDS_ANALYSIS PRE_RAID_OPTIMIZATION | TOTAL_FUEL_NEEDED: 7 | TOTAL_COMBAT_NEEDED: 0 | TOTAL_PE_NEEDED: 7 | BUDGET_AVAILABLE: 31 | UNITS_REQUIRING_HELP: 5,,,,,,,,,,,,,,,,,,,,,,,,
2025-09-11T23:46:25.873566,,,Niemcy,TL_Kompania__5_Panzer_Abteilung,,resupply_detailed,37,-10,37,-10,,,,,,,,,,,,,,,,,,,,,,phase1 PRE_RAID_OPTIMIZATION | PE_SPENT: fuel=1 combat=0 total=1 | BEFORE: fuel=1 combat=14 | AFTER: fuel=2 combat=14,,,,,,,,,,,,,,,,,,,,,,,,
2025-09-11T23:46:25.873566,,,Niemcy,P_Batalion__5_Sch_tzen_Kompanie,,resupply_detailed,42,-2,42,-2,,,,,,,,,,,,,,,,,,,,,,phase1 PRE_RAID_OPTIMIZATION | PE_SPENT: fuel=1 combat=0 total=1 | BEFORE: fuel=1 combat=14 | AFTER: fuel=2 combat=14,,,,,,,,,,,,,,,,,,,,,,,,
2025-09-11T23:46:25.874596,,,Niemcy,AL_Batalion__5_Artillerie_Abteilung,,resupply_detailed,41,-13,41,-13,,,,,,,,,,,,,,,,,,,,,,phase1 PRE_RAID_OPTIMIZATION | PE_SPENT: fuel=1 combat=0 total=1 | BEFORE: fuel=1 combat=11 | AFTER: fuel=2 combat=11,,,,,,,,,,,,,,,,,,,,,,,,
2025-09-11T23:46:25.874596,,,Niemcy,Z_Pluton__5_Versorgungs_Kompanie,,resupply_detailed,36,-11,36,-11,,,,,,,,,,,,,,,,,,,,,,phase1 PRE_RAID_OPTIMIZATION | PE_SPENT: fuel=1 combat=0 total=1 | BEFORE: fuel=2 combat=4 | AFTER: fuel=3 combat=4,,,,,,,,,,,,,,,,,,,,,,,,
2025-09-11T23:46:25.874596,,,Niemcy,P_Batalion__5_Infanterie_Regiment_20250907191830,,resupply_detailed,38,-13,38,-13,,,,,,,,,,,,,,,,,,,,,,phase1 PRE_RAID_OPTIMIZATION | PE_SPENT: fuel=1 combat=0 total=1 | BEFORE: fuel=1 combat=14 | AFTER: fuel=2 combat=14,,,,,,,,,,,,,,,,,,,,,,,,
2025-09-11T23:46:25.875688,,,Niemcy,RESUPPLY_OPERATION,,resupply_summary,,,,,,,,,,,,,,,,,,,,,,,,,,RESUPPLY_SUMMARY PRE_RAID_OPTIMIZATION | TOTAL_PE_SPENT: 5 | UNITS_RESUPPLIED: 5/5 | BUDGET_ALLOCATED: 31 | PE_REMAINING: 57,,,,,,,,,,,,,,,,,,,,,,,,
2025-09-11T23:46:25.905476,,target_selection,Niemcy,TL_Kompania__5_Panzer_Abteilung,,target_analysis,,,,,35,-10,,,,,,,,,,,,,,,,,,,,"Target analysis: 29 candidates, score -1.00",,29,-1,999,,,,,,,,,False,,,,,,,29,29,29,3,2
2025-09-11T23:46:25.911015,,,Niemcy,TL_Kompania__5_Panzer_Abteilung,,second_move,,,35,-10,,,,,,,,,,,,,,,,,,,,,,second_chance after PRE_RAID_OPTIMIZATION,,,,,,,,,,,,,,,,,,,,,,,,
2025-09-11T23:46:25.939926,,target_selection,Niemcy,P_Batalion__5_Sch_tzen_Kompanie,,target_analysis,,,,,44,-2,,,,,,,,,,,,,,,,,,,,"Target analysis: 29 candidates, score -1.00",,29,-1,999,,,,,,,,,False,,,,,,,29,29,29,2,2
2025-09-11T23:46:25.945259,,,Niemcy,P_Batalion__5_Sch_tzen_Kompanie,,second_move,,,44,-2,,,,,,,,,,,,,,,,,,,,,,second_chance after PRE_RAID_OPTIMIZATION,,,,,,,,,,,,,,,,,,,,,,,,
2025-09-11T23:46:25.967218,,target_selection,Niemcy,AL_Batalion__5_Artillerie_Abteilung,,target_analysis,,,,,39,-13,,,,,,,,,,,,,,,,,,,,"Target analysis: 29 candidates, score -1.00",,29,-1,999,,,,,,,,,False,,,,,,,29,29,29,4,2
2025-09-11T23:46:25.967733,,,Niemcy,AL_Batalion__5_Artillerie_Abteilung,,second_move,,,39,-13,,,,,,,,,,,,,,,,,,,,,,second_chance after PRE_RAID_OPTIMIZATION,,,,,,,,,,,,,,,,,,,,,,,,
2025-09-11T23:46:26.015958,,target_selection,Niemcy,Z_Pluton__5_Versorgungs_Kompanie,,target_analysis,,,,,33,-11,,,,,,,,,,,,,,,,,,,,"Target analysis: 29 candidates, score -1.00",,29,-1,999,,,,,,,,,False,,,,,,,29,29,29,3,3
2025-09-11T23:46:26.018303,,,Niemcy,Z_Pluton__5_Versorgungs_Kompanie,,second_move,,,33,-11,,,,,,,,,,,,,,,,,,,,,,second_chance after PRE_RAID_OPTIMIZATION,,,,,,,,,,,,,,,,,,,,,,,,
2025-09-11T23:46:26.050343,,target_selection,Niemcy,P_Batalion__5_Infanterie_Regiment_20250907191830,,target_analysis,,,,,38,-11,,,,,,,,,,,,,,,,,,,,"Target analysis: 29 candidates, score -1.00",,29,-1,999,,,,,,,,,False,,,,,,,29,29,29,2,2
2025-09-11T23:46:26.053683,,,Niemcy,P_Batalion__5_Infanterie_Regiment_20250907191830,,second_move,,,38,-11,,,,,,,,,,,,,,,,,,,,,,second_chance after PRE_RAID_OPTIMIZATION,,,,,,,,,,,,,,,,,,,,,,,,
2025-09-11T23:46:26.269102,,,Niemcy,RESUPPLY_NEEDS,,resupply_analysis,,,,,,,,,,,,,,,,,,,,,,,,,,NEEDS_ANALYSIS PRE_RAID_OPTIMIZATION | TOTAL_FUEL_NEEDED: 7 | TOTAL_COMBAT_NEEDED: 0 | TOTAL_PE_NEEDED: 7 | BUDGET_AVAILABLE: 28 | UNITS_REQUIRING_HELP: 5,,,,,,,,,,,,,,,,,,,,,,,,
2025-09-11T23:46:26.271097,,,Niemcy,RESUPPLY_OPERATION,,resupply_summary,,,,,,,,,,,,,,,,,,,,,,,,,,RESUPPLY_SUMMARY PRE_RAID_OPTIMIZATION | TOTAL_PE_SPENT: 0 | UNITS_RESUPPLIED: 0/5 | BUDGET_ALLOCATED: 28 | PE_REMAINING: 57,,,,,,,,,,,,,,,,,,,,,,,,
2025-09-11T23:46:26.290117,,target_selection,Niemcy,TL_Kompania__5_Panzer_Abteilung,,target_analysis,,,,,36,-10,,,,,,,,,,,,,,,,,,,,"Target analysis: 29 candidates, score -1.00",,29,-1,999,,,,,,,,,False,,,,,,,29,29,29,2,1
2025-09-11T23:46:26.297009,,,Niemcy,TL_Kompania__5_Panzer_Abteilung,,second_move,,,36,-10,,,,,,,,,,,,,,,,,,,,,,second_chance after PRE_RAID_OPTIMIZATION,,,,,,,,,,,,,,,,,,,,,,,,
2025-09-11T23:46:26.310137,,target_selection,Niemcy,P_Batalion__5_Sch_tzen_Kompanie,,target_analysis,,,,,45,-2,,,,,,,,,,,,,,,,,,,,"Target analysis: 29 candidates, score -1.00",,29,-1,999,,,,,,,,,False,,,,,,,29,29,29,1,1
2025-09-11T23:46:26.315390,,,Niemcy,P_Batalion__5_Sch_tzen_Kompanie,,second_move,,,45,-2,,,,,,,,,,,,,,,,,,,,,,second_chance after PRE_RAID_OPTIMIZATION,,,,,,,,,,,,,,,,,,,,,,,,
2025-09-11T23:46:26.333704,,target_selection,Niemcy,AL_Batalion__5_Artillerie_Abteilung,,target_analysis,,,,,40,-13,,,,,,,,,,,,,,,,,,,,"Target analysis: 29 candidates, score -1.00",,29,-1,999,,,,,,,,,False,,,,,,,29,29,29,3,1
2025-09-11T23:46:26.337957,,,Niemcy,AL_Batalion__5_Artillerie_Abteilung,,second_move,,,40,-13,,,,,,,,,,,,,,,,,,,,,,second_chance after PRE_RAID_OPTIMIZATION,,,,,,,,,,,,,,,,,,,,,,,,
2025-09-11T23:46:26.367423,,target_selection,Niemcy,Z_Pluton__5_Versorgungs_Kompanie,,target_analysis,,,,,35,-11,,,,,,,,,,,,,,,,,,,,"Target analysis: 29 candidates, score -1.00",,29,-1,999,,,,,,,,,False,,,,,,,29,29,29,2,2
2025-09-11T23:46:26.371644,,,Niemcy,Z_Pluton__5_Versorgungs_Kompanie,,second_move,,,35,-11,,,,,,,,,,,,,,,,,,,,,,second_chance after PRE_RAID_OPTIMIZATION,,,,,,,,,,,,,,,,,,,,,,,,
2025-09-11T23:46:26.384009,,target_selection,Niemcy,P_Batalion__5_Infanterie_Regiment_20250907191830,,target_analysis,,,,,37,-10,,,,,,,,,,,,,,,,,,,,"Target analysis: 29 candidates, score -1.00",,29,-1,999,,,,,,,,,False,,,,,,,29,29,29,1,1
2025-09-11T23:46:26.387886,,,Niemcy,P_Batalion__5_Infanterie_Regiment_20250907191830,,second_move,,,37,-10,,,,,,,,,,,,,,,,,,,,,,second_chance after PRE_RAID_OPTIMIZATION,,,,,,,,,,,,,,,,,,,,,,,,
2025-09-11T23:46:26.440392,,,Niemcy,RESUPPLY_NEEDS,,resupply_analysis,,,,,,,,,,,,,,,,,,,,,,,,,,NEEDS_ANALYSIS PRE_RAID_OPTIMIZATION | TOTAL_FUEL_NEEDED: 12 | TOTAL_COMBAT_NEEDED: 0 | TOTAL_PE_NEEDED: 12 | BUDGET_AVAILABLE: 45 | UNITS_REQUIRING_HELP: 5,,,,,,,,,,,,,,,,,,,,,,,,
2025-09-11T23:46:26.443010,,,Niemcy,P_Batalion__5_Sch_tzen_Kompanie,,resupply_bonus,45,-2,45,-2,,,,,,,,,,,,,,,,,,,,,,bonus_phase PRE_RAID_OPTIMIZATION | PE_SPENT: fuel=1 combat=0 total=1 | BONUS_ALLOCATION: 3 PE available | REMAINING_BUDGET: 14 PE,,,,,,,,,,,,,,,,,,,,,,,,
2025-09-11T23:46:26.444041,,,Niemcy,AL_Batalion__5_Artillerie_Abteilung,,resupply_bonus,40,-13,40,-13,,,,,,,,,,,,,,,,,,,,,,bonus_phase PRE_RAID_OPTIMIZATION | PE_SPENT: fuel=1 combat=0 total=1 | BONUS_ALLOCATION: 3 PE available | REMAINING_BUDGET: 13 PE,,,,,,,,,,,,,,,,,,,,,,,,
2025-09-11T23:46:26.444041,,,Niemcy,TL_Kompania__5_Panzer_Abteilung,,resupply_bonus,36,-10,36,-10,,,,,,,,,,,,,,,,,,,,,,bonus_phase PRE_RAID_OPTIMIZATION | PE_SPENT: fuel=1 combat=0 total=1 | BONUS_ALLOCATION: 3 PE available | REMAINING_BUDGET: 12 PE,,,,,,,,,,,,,,,,,,,,,,,,
2025-09-11T23:46:26.445048,,,Niemcy,P_Batalion__5_Infanterie_Regiment_20250907191830,,resupply_bonus,37,-10,37,-10,,,,,,,,,,,,,,,,,,,,,,bonus_phase PRE_RAID_OPTIMIZATION | PE_SPENT: fuel=1 combat=0 total=1 | BONUS_ALLOCATION: 3 PE available | REMAINING_BUDGET: 11 PE,,,,,,,,,,,,,,,,,,,,,,,,
2025-09-11T23:46:26.447164,,,Niemcy,Z_Pluton__5_Versorgungs_Kompanie,,resupply_bonus,35,-11,35,-11,,,,,,,,,,,,,,,,,,,,,,bonus_phase PRE_RAID_OPTIMIZATION | PE_SPENT: fuel=1 combat=0 total=1 | BONUS_ALLOCATION: 3 PE available | REMAINING_BUDGET: 10 PE,,,,,,,,,,,,,,,,,,,,,,,,
2025-09-11T23:46:26.447164,,,Niemcy,RESUPPLY_OPERATION,,resupply_summary,,,,,,,,,,,,,,,,,,,,,,,,,,RESUPPLY_SUMMARY PRE_RAID_OPTIMIZATION | TOTAL_PE_SPENT: 5 | UNITS_RESUPPLIED: 0/5 | BUDGET_ALLOCATED: 45 | PE_REMAINING: 52,,,,,,,,,,,,,,,,,,,,,,,,
2025-09-11T23:46:26.462349,,target_selection,Niemcy,AL_Batalion__5_Artillerie_Abteilung,,target_analysis,,,,,41,-13,,,,,,,,,,,,,,,,,,,,"Target analysis: 29 candidates, score -1.00",,29,-1,999,,,,,,,,,False,,,,,,,29,29,29,2,1
2025-09-11T23:46:26.466426,,,Niemcy,AL_Batalion__5_Artillerie_Abteilung,,second_move,,,41,-13,,,,,,,,,,,,,,,,,,,,,,second_chance after PRE_RAID_OPTIMIZATION,,,,,,,,,,,,,,,,,,,,,,,,
2025-09-11T23:46:26.477391,,target_selection,Niemcy,TL_Kompania__5_Panzer_Abteilung,,target_analysis,,,,,35,-9,,,,,,,,,,,,,,,,,,,,"Target analysis: 29 candidates, score -1.00",,29,-1,999,,,,,,,,,False,,,,,,,29,29,29,1,1
2025-09-11T23:46:26.483595,,,Niemcy,TL_Kompania__5_Panzer_Abteilung,,second_move,,,35,-9,,,,,,,,,,,,,,,,,,,,,,second_chance after PRE_RAID_OPTIMIZATION,,,,,,,,,,,,,,,,,,,,,,,,
2025-09-11T23:46:26.498401,,target_selection,Niemcy,Z_Pluton__5_Versorgungs_Kompanie,,target_analysis,,,,,36,-11,,,,,,,,,,,,,,,,,,,,"Target analysis: 29 candidates, score -1.00",,29,-1,999,,,,,,,,,False,,,,,,,29,29,29,1,2
2025-09-11T23:46:26.501480,,,Niemcy,Z_Pluton__5_Versorgungs_Kompanie,,second_move,,,36,-11,,,,,,,,,,,,,,,,,,,,,,second_chance after PRE_RAID_OPTIMIZATION,,,,,,,,,,,,,,,,,,,,,,,,
2025-09-11T23:46:26.879256,,strategy,Niemcy,STRATEGY,,strategic_decision,,,,,,,,,,,,,,,,,,,,,,,,,,"Strategy: REASSIGNMENT, aggression 0.50, 4 groups, 0 reassignments",,,,,,,,,REASSIGNMENT,0.5,,,,,,adaptive,,0,dynamic_reassignment,,,,,
2025-09-11T23:46:26.958489,,strategy,Niemcy,STRATEGY,,strategic_decision,,,,,,,,,,,,,,,,,,,,,,,,,,"Strategy: REASSIGNMENT, aggression 0.50, 4 groups, 0 reassignments",,,,,,,,,REASSIGNMENT,0.5,,,,,,adaptive,,0,dynamic_reassignment,,,,,
2025-09-11T23:46:26.962816,,,Niemcy,RESUPPLY_NEEDS,,resupply_analysis,,,,,,,,,,,,,,,,,,,,,,,,,,NEEDS_ANALYSIS LOW_FUEL | TOTAL_FUEL_NEEDED: 10 | TOTAL_COMBAT_NEEDED: 0 | TOTAL_PE_NEEDED: 10 | BUDGET_AVAILABLE: 41 | UNITS_REQUIRING_HELP: 5,,,,,,,,,,,,,,,,,,,,,,,,
2025-09-11T23:46:26.964026,,,Niemcy,RESUPPLY_OPERATION,,resupply_summary,,,,,,,,,,,,,,,,,,,,,,,,,,RESUPPLY_SUMMARY LOW_FUEL | TOTAL_PE_SPENT: 0 | UNITS_RESUPPLIED: 0/5 | BUDGET_ALLOCATED: 41 | PE_REMAINING: 52,,,,,,,,,,,,,,,,,,,,,,,,
2025-09-11T23:46:26.967160,,,Niemcy,RESUPPLY_NEEDS,,resupply_analysis,,,,,,,,,,,,,,,,,,,,,,,,,,NEEDS_ANALYSIS LOW_FUEL | TOTAL_FUEL_NEEDED: 10 | TOTAL_COMBAT_NEEDED: 0 | TOTAL_PE_NEEDED: 10 | BUDGET_AVAILABLE: 41 | UNITS_REQUIRING_HELP: 5,,,,,,,,,,,,,,,,,,,,,,,,
2025-09-11T23:46:26.968166,,,Niemcy,RESUPPLY_OPERATION,,resupply_summary,,,,,,,,,,,,,,,,,,,,,,,,,,RESUPPLY_SUMMARY LOW_FUEL | TOTAL_PE_SPENT: 0 | UNITS_RESUPPLIED: 0/5 | BUDGET_ALLOCATED: 41 | PE_REMAINING: 52,,,,,,,,,,,,,,,,,,,,,,,,
2025-09-11T23:46:26.988094,,strategy,Niemcy,STRATEGY,,strategic_decision,,,,,,,,,,,,,,,,,,,,,,,,,,"Strategy: REASSIGNMENT, aggression 0.50, 1 groups, 0 reassignments",,,,,,,,,REASSIGNMENT,0.5,,,,,,adaptive,,0,dynamic_reassignment,,,,,
2025-09-11T23:46:27.005682,,target_selection,Niemcy,P_Batalion__5_Sch_tzen_Kompanie,,target_analysis,,,,,41,-4,,,,,,,,,,,,,,,,,,,,"Target analysis: 29 candidates, score -1.00",,29,-1,999,,,,,,,,,False,,,,,,,29,29,29,4,1
2025-09-11T23:46:27.017476,,strategy,Niemcy,STRATEGY,,strategic_decision,,,,,,,,,,,,,,,,,,,,,,,,,,"Strategy: REASSIGNMENT, aggression 0.50, 1 groups, 0 reassignments",,,,,,,,,REASSIGNMENT,0.5,,,,,,adaptive,,0,dynamic_reassignment,,,,,
2025-09-11T23:46:27.022008,,target_selection,Niemcy,AL_Batalion__5_Artillerie_Abteilung,,target_analysis,,,,,,,,,,,,,,,,,,,,,,,,,,"Target analysis: 29 candidates, score -1.00",,29,-1,999,,,,,,,,,False,,,,,,,29,29,29,6,0
2025-09-11T23:46:27.026625,,,Niemcy,RESUPPLY_NEEDS,,resupply_analysis,,,,,,,,,,,,,,,,,,,,,,,,,,NEEDS_ANALYSIS LOW_FUEL | TOTAL_FUEL_NEEDED: 10 | TOTAL_COMBAT_NEEDED: 0 | TOTAL_PE_NEEDED: 10 | BUDGET_AVAILABLE: 41 | UNITS_REQUIRING_HELP: 5,,,,,,,,,,,,,,,,,,,,,,,,
2025-09-11T23:46:27.027643,,,Niemcy,RESUPPLY_OPERATION,,resupply_summary,,,,,,,,,,,,,,,,,,,,,,,,,,RESUPPLY_SUMMARY LOW_FUEL | TOTAL_PE_SPENT: 0 | UNITS_RESUPPLIED: 0/5 | BUDGET_ALLOCATED: 41 | PE_REMAINING: 52,,,,,,,,,,,,,,,,,,,,,,,,
2025-09-11T23:46:27.052402,,strategy,Niemcy,STRATEGY,,strategic_decision,,,,,,,,,,,,,,,,,,,,,,,,,,"Strategy: REASSIGNMENT, aggression 0.50, 1 groups, 0 reassignments",,,,,,,,,REASSIGNMENT,0.5,,,,,,adaptive,,0,dynamic_reassignment,,,,,
2025-09-11T23:46:27.092041,,target_selection,Niemcy,Z_Pluton__5_Versorgungs_Kompanie,,target_analysis,,,,,38,-11,,,,,,,,,,,,,,,,,,,,"Target analysis: 29 candidates, score -1.00",,29,-1,999,,,,,,,,,False,,,,,,,29,29,29,5,2
2025-09-11T23:46:27.099581,,,Niemcy,RESUPPLY_NEEDS,,resupply_analysis,,,,,,,,,,,,,,,,,,,,,,,,,,NEEDS_ANALYSIS LOW_FUEL | TOTAL_FUEL_NEEDED: 10 | TOTAL_COMBAT_NEEDED: 0 | TOTAL_PE_NEEDED: 10 | BUDGET_AVAILABLE: 41 | UNITS_REQUIRING_HELP: 5,,,,,,,,,,,,,,,,,,,,,,,,
2025-09-11T23:46:27.099581,,,Niemcy,RESUPPLY_OPERATION,,resupply_summary,,,,,,,,,,,,,,,,,,,,,,,,,,RESUPPLY_SUMMARY LOW_FUEL | TOTAL_PE_SPENT: 0 | UNITS_RESUPPLIED: 0/5 | BUDGET_ALLOCATED: 41 | PE_REMAINING: 52,,,,,,,,,,,,,,,,,,,,,,,,
2025-09-11T23:46:27.142267,,strategy,Niemcy,STRATEGY,,strategic_decision,,,,,,,,,,,,,,,,,,,,,,,,,,"Strategy: REASSIGNMENT, aggression 0.50, 1 groups, 0 reassignments",,,,,,,,,REASSIGNMENT,0.5,,,,,,adaptive,,0,dynamic_reassignment,,,,,
2025-09-11T23:46:27.203714,,target_selection,Niemcy,Z_Pluton__5_Unterst_tzungs_Bataillon,,target_analysis,,,,,44,-19,,,,,,,,,,,,,,,,,,,,"Target analysis: 29 candidates, score -1.00",,29,-1,999,,,,,,,,,False,,,,,,,29,29,29,9,4
2025-09-11T23:46:27.205780,,,Niemcy,TURN_END,,turn_summary,,,,,,,,,,,11,0,,,,,,,,,,,,advanced,opp=0;groups=4;adv=True,"Turn completed: 0/11 units moved, 4 groups (advanced)",,,,,,,,,,,,,,,,,,,,,,,,
2025-09-11T23:46:27.278978,,,Niemcy,TURN_START,,turn_begin,,,,,,,,,,,,,,,,,,,,,,,,,,AI Commander turn started for player 6,,,,,,,,,,,,,,,,,,,,,,,,
2025-09-11T23:46:27.285011,,,Niemcy,RESUPPLY_NEEDS,,resupply_analysis,,,,,,,,,,,,,,,,,,,,,,,,,,NEEDS_ANALYSIS PRE_RAID_OPTIMIZATION | TOTAL_FUEL_NEEDED: 11 | TOTAL_COMBAT_NEEDED: 0 | TOTAL_PE_NEEDED: 11 | BUDGET_AVAILABLE: 52 | UNITS_REQUIRING_HELP: 5,,,,,,,,,,,,,,,,,,,,,,,,
2025-09-11T23:46:27.286017,,,Niemcy,TL_Kompania__6_Panzer_Kompanie,,resupply_detailed,38,5,38,5,,,,,,,,,,,,,,,,,,,,,,phase1 PRE_RAID_OPTIMIZATION | PE_SPENT: fuel=2 combat=0 total=2 | BEFORE: fuel=0 combat=14 | AFTER: fuel=2 combat=14,,,,,,,,,,,,,,,,,,,,,,,,
2025-09-11T23:46:27.286017,,,Niemcy,P_Kompania__6_Sch_tzen_Kompanie,,resupply_detailed,42,3,42,3,,,,,,,,,,,,,,,,,,,,,,phase1 PRE_RAID_OPTIMIZATION | PE_SPENT: fuel=2 combat=0 total=2 | BEFORE: fuel=0 combat=11 | AFTER: fuel=2 combat=11,,,,,,,,,,,,,,,,,,,,,,,,
2025-09-11T23:46:27.286017,,,Niemcy,P_Pluton__6_Sch_tzen_Kompanie,,resupply_detailed,41,4,41,4,,,,,,,,,,,,,,,,,,,,,,phase1 PRE_RAID_OPTIMIZATION | PE_SPENT: fuel=2 combat=0 total=2 | BEFORE: fuel=0 combat=8 | AFTER: fuel=2 combat=8,,,,,,,,,,,,,,,,,,,,,,,,
2025-09-11T23:46:27.286017,,,Niemcy,P_Kompania__6_Infanterie_Regiment,,resupply_detailed,45,8,45,8,,,,,,,,,,,,,,,,,,,,,,phase1 PRE_RAID_OPTIMIZATION | PE_SPENT: fuel=2 combat=0 total=2 | BEFORE: fuel=0 combat=11 | AFTER: fuel=2 combat=11,,,,,,,,,,,,,,,,,,,,,,,,
2025-09-11T23:46:27.286017,,,Niemcy,P_Pluton__6_Grenadier_Bataillon_20250907191921,,resupply_detailed,53,-5,53,-5,,,,,,,,,,,,,,,,,,,,,,phase1 PRE_RAID_OPTIMIZATION | PE_SPENT: fuel=2 combat=0 total=2 | BEFORE: fuel=0 combat=8 | AFTER: fuel=2 combat=8,,,,,,,,,,,,,,,,,,,,,,,,
2025-09-11T23:46:27.286017,,,Niemcy,RESUPPLY_OPERATION,,resupply_summary,,,,,,,,,,,,,,,,,,,,,,,,,,RESUPPLY_SUMMARY PRE_RAID_OPTIMIZATION | TOTAL_PE_SPENT: 10 | UNITS_RESUPPLIED: 5/5 | BUDGET_ALLOCATED: 52 | PE_REMAINING: 55,,,,,,,,,,,,,,,,,,,,,,,,
2025-09-11T23:46:27.334933,,target_selection,Niemcy,TL_Kompania__6_Panzer_Kompanie,,target_analysis,,,,,40,5,,,,,,,,,,,,,,,,,,,,"Target analysis: 29 candidates, score -1.00",,29,-1,999,,,,,,,,,False,,,,,,,29,29,29,5,2
2025-09-11T23:46:27.338403,,,Niemcy,TL_Kompania__6_Panzer_Kompanie,,second_move,,,40,5,,,,,,,,,,,,,,,,,,,,,,second_chance after PRE_RAID_OPTIMIZATION,,,,,,,,,,,,,,,,,,,,,,,,
2025-09-11T23:46:27.373798,,target_selection,Niemcy,P_Kompania__6_Sch_tzen_Kompanie,,target_analysis,,,,,44,3,,,,,,,,,,,,,,,,,,,,"Target analysis: 29 candidates, score -1.00",,29,-1,999,,,,,,,,,False,,,,,,,29,29,29,4,2
2025-09-11T23:46:27.377633,,,Niemcy,P_Kompania__6_Sch_tzen_Kompanie,,second_move,,,44,3,,,,,,,,,,,,,,,,,,,,,,second_chance after PRE_RAID_OPTIMIZATION,,,,,,,,,,,,,,,,,,,,,,,,
2025-09-11T23:46:27.415795,,target_selection,Niemcy,P_Pluton__6_Sch_tzen_Kompanie,,target_analysis,,,,,43,4,,,,,,,,,,,,,,,,,,,,"Target analysis: 29 candidates, score -1.00",,29,-1,999,,,,,,,,,False,,,,,,,29,29,29,4,2
2025-09-11T23:46:27.418840,,,Niemcy,P_Pluton__6_Sch_tzen_Kompanie,,second_move,,,43,4,,,,,,,,,,,,,,,,,,,,,,second_chance after PRE_RAID_OPTIMIZATION,,,,,,,,,,,,,,,,,,,,,,,,
2025-09-11T23:46:27.449636,,target_selection,Niemcy,P_Kompania__6_Infanterie_Regiment,,target_analysis,,,,,43,8,,,,,,,,,,,,,,,,,,,,"Target analysis: 29 candidates, score -1.00",,29,-1,999,,,,,,,,,False,,,,,,,29,29,29,4,2
2025-09-11T23:46:27.453006,,,Niemcy,P_Kompania__6_Infanterie_Regiment,,second_move,,,43,8,,,,,,,,,,,,,,,,,,,,,,second_chance after PRE_RAID_OPTIMIZATION,,,,,,,,,,,,,,,,,,,,,,,,
2025-09-11T23:46:27.483407,,target_selection,Niemcy,P_Pluton__6_Grenadier_Bataillon_20250907191921,,target_analysis,,,,,51,-3,,,,,,,,,,,,,,,,,,,,"Target analysis: 29 candidates, score -1.00",,29,-1,999,,,,,,,,,False,,,,,,,29,29,29,4,2
2025-09-11T23:46:27.486605,,,Niemcy,P_Pluton__6_Grenadier_Bataillon_20250907191921,,second_move,,,51,-3,,,,,,,,,,,,,,,,,,,,,,second_chance after PRE_RAID_OPTIMIZATION,,,,,,,,,,,,,,,,,,,,,,,,
2025-09-11T23:46:27.506283,,,Niemcy,RESUPPLY_NEEDS,,resupply_analysis,,,,,,,,,,,,,,,,,,,,,,,,,,NEEDS_ANALYSIS PRE_RAID_OPTIMIZATION | TOTAL_FUEL_NEEDED: 6 | TOTAL_COMBAT_NEEDED: 0 | TOTAL_PE_NEEDED: 6 | BUDGET_AVAILABLE: 27 | UNITS_REQUIRING_HELP: 5,,,,,,,,,,,,,,,,,,,,,,,,
2025-09-11T23:46:27.507627,,,Niemcy,TL_Kompania__6_Panzer_Kompanie,,resupply_detailed,40,5,40,5,,,,,,,,,,,,,,,,,,,,,,phase1 PRE_RAID_OPTIMIZATION | PE_SPENT: fuel=1 combat=0 total=1 | BEFORE: fuel=1 combat=14 | AFTER: fuel=2 combat=14,,,,,,,,,,,,,,,,,,,,,,,,
2025-09-11T23:46:27.507627,,,Niemcy,P_Kompania__6_Sch_tzen_Kompanie,,resupply_detailed,44,3,44,3,,,,,,,,,,,,,,,,,,,,,,phase1 PRE_RAID_OPTIMIZATION | PE_SPENT: fuel=1 combat=0 total=1 | BEFORE: fuel=1 combat=11 | AFTER: fuel=2 combat=11,,,,,,,,,,,,,,,,,,,,,,,,
2025-09-11T23:46:27.508641,,,Niemcy,P_Pluton__6_Sch_tzen_Kompanie,,resupply_detailed,43,4,43,4,,,,,,,,,,,,,,,,,,,,,,phase1 PRE_RAID_OPTIMIZATION | PE_SPENT: fuel=1 combat=0 total=1 | BEFORE: fuel=1 combat=8 | AFTER: fuel=2 combat=8,,,,,,,,,,,,,,,,,,,,,,,,
2025-09-11T23:46:27.508641,,,Niemcy,P_Kompania__6_Infanterie_Regiment,,resupply_detailed,43,8,43,8,,,,,,,,,,,,,,,,,,,,,,phase1 PRE_RAID_OPTIMIZATION | PE_SPENT: fuel=1 combat=0 total=1 | BEFORE: fuel=1 combat=11 | AFTER: fuel=2 combat=11,,,,,,,,,,,,,,,,,,,,,,,,
2025-09-11T23:46:27.509780,,,Niemcy,P_Pluton__6_Grenadier_Bataillon_20250907191921,,resupply_detailed,51,-3,51,-3,,,,,,,,,,,,,,,,,,,,,,phase1 PRE_RAID_OPTIMIZATION | PE_SPENT: fuel=1 combat=0 total=1 | BEFORE: fuel=1 combat=8 | AFTER: fuel=2 combat=8,,,,,,,,,,,,,,,,,,,,,,,,
2025-09-11T23:46:27.509780,,,Niemcy,RESUPPLY_OPERATION,,resupply_summary,,,,,,,,,,,,,,,,,,,,,,,,,,RESUPPLY_SUMMARY PRE_RAID_OPTIMIZATION | TOTAL_PE_SPENT: 5 | UNITS_RESUPPLIED: 5/5 | BUDGET_ALLOCATED: 27 | PE_REMAINING: 50,,,,,,,,,,,,,,,,,,,,,,,,
2025-09-11T23:46:27.552810,,target_selection,Niemcy,TL_Kompania__6_Panzer_Kompanie,,target_analysis,,,,,42,5,,,,,,,,,,,,,,,,,,,,"Target analysis: 29 candidates, score -1.00",,29,-1,999,,,,,,,,,False,,,,,,,29,29,29,4,2
2025-09-11T23:46:27.556749,,,Niemcy,TL_Kompania__6_Panzer_Kompanie,,second_move,,,42,5,,,,,,,,,,,,,,,,,,,,,,second_chance after PRE_RAID_OPTIMIZATION,,,,,,,,,,,,,,,,,,,,,,,,
2025-09-11T23:46:27.584826,,target_selection,Niemcy,P_Kompania__6_Sch_tzen_Kompanie,,target_analysis,,,,,46,3,,,,,,,,,,,,,,,,,,,,"Target analysis: 29 candidates, score -1.00",,29,-1,999,,,,,,,,,False,,,,,,,29,29,29,3,2
2025-09-11T23:46:27.592742,,,Niemcy,P_Kompania__6_Sch_tzen_Kompanie,,second_move,,,46,3,,,,,,,,,,,,,,,,,,,,,,second_chance after PRE_RAID_OPTIMIZATION,,,,,,,,,,,,,,,,,,,,,,,,
2025-09-11T23:46:27.626501,,target_selection,Niemcy,P_Pluton__6_Sch_tzen_Kompanie,,target_analysis,,,,,45,4,,,,,,,,,,,,,,,,,,,,"Target analysis: 29 candidates, score -1.00",,29,-1,999,,,,,,,,,False,,,,,,,29,29,29,3,2
2025-09-11T23:46:27.633589,,,Niemcy,P_Pluton__6_Sch_tzen_Kompanie,,second_move,,,45,4,,,,,,,,,,,,,,,,,,,,,,second_chance after PRE_RAID_OPTIMIZATION,,,,,,,,,,,,,,,,,,,,,,,,
2025-09-11T23:46:27.663183,,target_selection,Niemcy,P_Kompania__6_Infanterie_Regiment,,target_analysis,,,,,45,8,,,,,,,,,,,,,,,,,,,,"Target analysis: 29 candidates, score -1.00",,29,-1,999,,,,,,,,,False,,,,,,,29,29,29,3,2
2025-09-11T23:46:27.668162,,,Niemcy,P_Kompania__6_Infanterie_Regiment,,second_move,,,45,8,,,,,,,,,,,,,,,,,,,,,,second_chance after PRE_RAID_OPTIMIZATION,,,,,,,,,,,,,,,,,,,,,,,,
2025-09-11T23:46:27.688347,,target_selection,Niemcy,P_Pluton__6_Grenadier_Bataillon_20250907191921,,target_analysis,,,,,51,-1,,,,,,,,,,,,,,,,,,,,"Target analysis: 29 candidates, score -1.00",,29,-1,999,,,,,,,,,False,,,,,,,29,29,29,3,2
2025-09-11T23:46:27.694356,,,Niemcy,P_Pluton__6_Grenadier_Bataillon_20250907191921,,second_move,,,51,-1,,,,,,,,,,,,,,,,,,,,,,second_chance after PRE_RAID_OPTIMIZATION,,,,,,,,,,,,,,,,,,,,,,,,
2025-09-11T23:46:27.711929,,,Niemcy,RESUPPLY_NEEDS,,resupply_analysis,,,,,,,,,,,,,,,,,,,,,,,,,,NEEDS_ANALYSIS PRE_RAID_OPTIMIZATION | TOTAL_FUEL_NEEDED: 6 | TOTAL_COMBAT_NEEDED: 0 | TOTAL_PE_NEEDED: 6 | BUDGET_AVAILABLE: 25 | UNITS_REQUIRING_HELP: 5,,,,,,,,,,,,,,,,,,,,,,,,
2025-09-11T23:46:27.711929,,,Niemcy,TL_Kompania__6_Panzer_Kompanie,,resupply_detailed,42,5,42,5,,,,,,,,,,,,,,,,,,,,,,phase1 PRE_RAID_OPTIMIZATION | PE_SPENT: fuel=1 combat=0 total=1 | BEFORE: fuel=1 combat=14 | AFTER: fuel=2 combat=14,,,,,,,,,,,,,,,,,,,,,,,,
2025-09-11T23:46:27.713190,,,Niemcy,P_Kompania__6_Sch_tzen_Kompanie,,resupply_detailed,46,3,46,3,,,,,,,,,,,,,,,,,,,,,,phase1 PRE_RAID_OPTIMIZATION | PE_SPENT: fuel=1 combat=0 total=1 | BEFORE: fuel=1 combat=11 | AFTER: fuel=2 combat=11,,,,,,,,,,,,,,,,,,,,,,,,
2025-09-11T23:46:27.714965,,,Niemcy,P_Pluton__6_Sch_tzen_Kompanie,,resupply_detailed,45,4,45,4,,,,,,,,,,,,,,,,,,,,,,phase1 PRE_RAID_OPTIMIZATION | PE_SPENT: fuel=1 combat=0 total=1 | BEFORE: fuel=1 combat=8 | AFTER: fuel=2 combat=8,,,,,,,,,,,,,,,,,,,,,,,,
2025-09-11T23:46:27.716047,,,Niemcy,P_Kompania__6_Infanterie_Regiment,,resupply_detailed,45,8,45,8,,,,,,,,,,,,,,,,,,,,,,phase1 PRE_RAID_OPTIMIZATION | PE_SPENT: fuel=1 combat=0 total=1 | BEFORE: fuel=1 combat=11 | AFTER: fuel=2 combat=11,,,,,,,,,,,,,,,,,,,,,,,,
2025-09-11T23:46:27.716047,,,Niemcy,P_Pluton__6_Grenadier_Bataillon_20250907191921,,resupply_detailed,51,-1,51,-1,,,,,,,,,,,,,,,,,,,,,,phase1 PRE_RAID_OPTIMIZATION | PE_SPENT: fuel=1 combat=0 total=1 | BEFORE: fuel=1 combat=8 | AFTER: fuel=2 combat=8,,,,,,,,,,,,,,,,,,,,,,,,
2025-09-11T23:46:27.717127,,,Niemcy,RESUPPLY_OPERATION,,resupply_summary,,,,,,,,,,,,,,,,,,,,,,,,,,RESUPPLY_SUMMARY PRE_RAID_OPTIMIZATION | TOTAL_PE_SPENT: 5 | UNITS_RESUPPLIED: 5/5 | BUDGET_ALLOCATED: 25 | PE_REMAINING: 45,,,,,,,,,,,,,,,,,,,,,,,,
2025-09-11T23:46:27.748531,,target_selection,Niemcy,TL_Kompania__6_Panzer_Kompanie,,target_analysis,,,,,44,5,,,,,,,,,,,,,,,,,,,,"Target analysis: 29 candidates, score -1.00",,29,-1,999,,,,,,,,,False,,,,,,,29,29,29,3,2
2025-09-11T23:46:27.755035,,,Niemcy,TL_Kompania__6_Panzer_Kompanie,,second_move,,,44,5,,,,,,,,,,,,,,,,,,,,,,second_chance after PRE_RAID_OPTIMIZATION,,,,,,,,,,,,,,,,,,,,,,,,
2025-09-11T23:46:27.782218,,target_selection,Niemcy,P_Kompania__6_Sch_tzen_Kompanie,,target_analysis,,,,,48,3,,,,,,,,,,,,,,,,,,,,"Target analysis: 29 candidates, score -1.00",,29,-1,999,,,,,,,,,False,,,,,,,29,29,29,2,2
2025-09-11T23:46:27.785937,,,Niemcy,P_Kompania__6_Sch_tzen_Kompanie,,second_move,,,48,3,,,,,,,,,,,,,,,,,,,,,,second_chance after PRE_RAID_OPTIMIZATION,,,,,,,,,,,,,,,,,,,,,,,,
2025-09-11T23:46:27.816817,,target_selection,Niemcy,P_Pluton__6_Sch_tzen_Kompanie,,target_analysis,,,,,47,4,,,,,,,,,,,,,,,,,,,,"Target analysis: 29 candidates, score -1.00",,29,-1,999,,,,,,,,,False,,,,,,,29,29,29,2,2
2025-09-11T23:46:27.821586,,,Niemcy,P_Pluton__6_Sch_tzen_Kompanie,,second_move,,,47,4,,,,,,,,,,,,,,,,,,,,,,second_chance after PRE_RAID_OPTIMIZATION,,,,,,,,,,,,,,,,,,,,,,,,
2025-09-11T23:46:27.844812,,target_selection,Niemcy,P_Kompania__6_Infanterie_Regiment,,target_analysis,,,,,43,8,,,,,,,,,,,,,,,,,,,,"Target analysis: 29 candidates, score -1.00",,29,-1,999,,,,,,,,,False,,,,,,,29,29,29,2,2
2025-09-11T23:46:27.851209,,,Niemcy,P_Kompania__6_Infanterie_Regiment,,second_move,,,43,8,,,,,,,,,,,,,,,,,,,,,,second_chance after PRE_RAID_OPTIMIZATION,,,,,,,,,,,,,,,,,,,,,,,,
2025-09-11T23:46:27.868470,,target_selection,Niemcy,P_Pluton__6_Grenadier_Bataillon_20250907191921,,target_analysis,,,,,51,1,,,,,,,,,,,,,,,,,,,,"Target analysis: 29 candidates, score -1.00",,29,-1,999,,,,,,,,,False,,,,,,,29,29,29,2,2
2025-09-11T23:46:27.877616,,,Niemcy,P_Pluton__6_Grenadier_Bataillon_20250907191921,,second_move,,,51,1,,,,,,,,,,,,,,,,,,,,,,second_chance after PRE_RAID_OPTIMIZATION,,,,,,,,,,,,,,,,,,,,,,,,
2025-09-11T23:46:27.891864,,,Niemcy,RESUPPLY_NEEDS,,resupply_analysis,,,,,,,,,,,,,,,,,,,,,,,,,,NEEDS_ANALYSIS PRE_RAID_OPTIMIZATION | TOTAL_FUEL_NEEDED: 6 | TOTAL_COMBAT_NEEDED: 0 | TOTAL_PE_NEEDED: 6 | BUDGET_AVAILABLE: 22 | UNITS_REQUIRING_HELP: 5,,,,,,,,,,,,,,,,,,,,,,,,
2025-09-11T23:46:27.892879,,,Niemcy,RESUPPLY_OPERATION,,resupply_summary,,,,,,,,,,,,,,,,,,,,,,,,,,RESUPPLY_SUMMARY PRE_RAID_OPTIMIZATION | TOTAL_PE_SPENT: 0 | UNITS_RESUPPLIED: 0/5 | BUDGET_ALLOCATED: 22 | PE_REMAINING: 45,,,,,,,,,,,,,,,,,,,,,,,,
2025-09-11T23:46:27.907075,,target_selection,Niemcy,TL_Kompania__6_Panzer_Kompanie,,target_analysis,,,,,45,5,,,,,,,,,,,,,,,,,,,,"Target analysis: 29 candidates, score -1.00",,29,-1,999,,,,,,,,,False,,,,,,,29,29,29,2,1
2025-09-11T23:46:27.909615,,,Niemcy,TL_Kompania__6_Panzer_Kompanie,,second_move,,,45,5,,,,,,,,,,,,,,,,,,,,,,second_chance after PRE_RAID_OPTIMIZATION,,,,,,,,,,,,,,,,,,,,,,,,
2025-09-11T23:46:27.924023,,target_selection,Niemcy,P_Kompania__6_Sch_tzen_Kompanie,,target_analysis,,,,,49,3,,,,,,,,,,,,,,,,,,,,"Target analysis: 29 candidates, score -1.00",,29,-1,999,,,,,,,,,False,,,,,,,29,29,29,1,1
2025-09-11T23:46:27.927719,,,Niemcy,P_Kompania__6_Sch_tzen_Kompanie,,second_move,,,49,3,,,,,,,,,,,,,,,,,,,,,,second_chance after PRE_RAID_OPTIMIZATION,,,,,,,,,,,,,,,,,,,,,,,,
2025-09-11T23:46:27.941324,,target_selection,Niemcy,P_Pluton__6_Sch_tzen_Kompanie,,target_analysis,,,,,48,4,,,,,,,,,,,,,,,,,,,,"Target analysis: 29 candidates, score -1.00",,29,-1,999,,,,,,,,,False,,,,,,,29,29,29,1,1
2025-09-11T23:46:27.945781,,,Niemcy,P_Pluton__6_Sch_tzen_Kompanie,,second_move,,,48,4,,,,,,,,,,,,,,,,,,,,,,second_chance after PRE_RAID_OPTIMIZATION,,,,,,,,,,,,,,,,,,,,,,,,
2025-09-11T23:46:27.959872,,target_selection,Niemcy,P_Kompania__6_Infanterie_Regiment,,target_analysis,,,,,44,8,,,,,,,,,,,,,,,,,,,,"Target analysis: 29 candidates, score -1.00",,29,-1,999,,,,,,,,,False,,,,,,,29,29,29,1,1
2025-09-11T23:46:27.967021,,,Niemcy,P_Kompania__6_Infanterie_Regiment,,second_move,,,44,8,,,,,,,,,,,,,,,,,,,,,,second_chance after PRE_RAID_OPTIMIZATION,,,,,,,,,,,,,,,,,,,,,,,,
2025-09-11T23:46:27.977240,,target_selection,Niemcy,P_Pluton__6_Grenadier_Bataillon_20250907191921,,target_analysis,,,,,50,2,,,,,,,,,,,,,,,,,,,,"Target analysis: 29 candidates, score -1.00",,29,-1,999,,,,,,,,,False,,,,,,,29,29,29,1,1
2025-09-11T23:46:27.983826,,,Niemcy,P_Pluton__6_Grenadier_Bataillon_20250907191921,,second_move,,,50,2,,,,,,,,,,,,,,,,,,,,,,second_chance after PRE_RAID_OPTIMIZATION,,,,,,,,,,,,,,,,,,,,,,,,
2025-09-11T23:46:28.121222,,strategy,Niemcy,STRATEGY,,strategic_decision,,,,,,,,,,,,,,,,,,,,,,,,,,"Strategy: REASSIGNMENT, aggression 0.50, 5 groups, 0 reassignments",,,,,,,,,REASSIGNMENT,0.5,,,,,,adaptive,,0,dynamic_reassignment,,,,,
2025-09-11T23:46:28.142065,,strategy,Niemcy,STRATEGY,,strategic_decision,,,,,,,,,,,,,,,,,,,,,,,,,,"Strategy: REASSIGNMENT, aggression 0.50, 5 groups, 0 reassignments",,,,,,,,,REASSIGNMENT,0.5,,,,,,adaptive,,0,dynamic_reassignment,,,,,
2025-09-11T23:46:28.144588,,,Niemcy,RESUPPLY_NEEDS,,resupply_analysis,,,,,,,,,,,,,,,,,,,,,,,,,,NEEDS_ANALYSIS LOW_FUEL | TOTAL_FUEL_NEEDED: 11 | TOTAL_COMBAT_NEEDED: 0 | TOTAL_PE_NEEDED: 11 | BUDGET_AVAILABLE: 36 | UNITS_REQUIRING_HELP: 5,,,,,,,,,,,,,,,,,,,,,,,,
2025-09-11T23:46:28.144588,,,Niemcy,RESUPPLY_OPERATION,,resupply_summary,,,,,,,,,,,,,,,,,,,,,,,,,,RESUPPLY_SUMMARY LOW_FUEL | TOTAL_PE_SPENT: 0 | UNITS_RESUPPLIED: 0/5 | BUDGET_ALLOCATED: 36 | PE_REMAINING: 45,,,,,,,,,,,,,,,,,,,,,,,,
2025-09-11T23:46:28.146723,,,Niemcy,RESUPPLY_NEEDS,,resupply_analysis,,,,,,,,,,,,,,,,,,,,,,,,,,NEEDS_ANALYSIS LOW_FUEL | TOTAL_FUEL_NEEDED: 11 | TOTAL_COMBAT_NEEDED: 0 | TOTAL_PE_NEEDED: 11 | BUDGET_AVAILABLE: 36 | UNITS_REQUIRING_HELP: 5,,,,,,,,,,,,,,,,,,,,,,,,
2025-09-11T23:46:28.149766,,,Niemcy,RESUPPLY_OPERATION,,resupply_summary,,,,,,,,,,,,,,,,,,,,,,,,,,RESUPPLY_SUMMARY LOW_FUEL | TOTAL_PE_SPENT: 0 | UNITS_RESUPPLIED: 0/5 | BUDGET_ALLOCATED: 36 | PE_REMAINING: 45,,,,,,,,,,,,,,,,,,,,,,,,
2025-09-11T23:46:28.151098,,,Niemcy,RESUPPLY_NEEDS,,resupply_analysis,,,,,,,,,,,,,,,,,,,,,,,,,,NEEDS_ANALYSIS LOW_FUEL | TOTAL_FUEL_NEEDED: 11 | TOTAL_COMBAT_NEEDED: 0 | TOTAL_PE_NEEDED: 11 | BUDGET_AVAILABLE: 36 | UNITS_REQUIRING_HELP: 5,,,,,,,,,,,,,,,,,,,,,,,,
2025-09-11T23:46:28.152221,,,Niemcy,RESUPPLY_OPERATION,,resupply_summary,,,,,,,,,,,,,,,,,,,,,,,,,,RESUPPLY_SUMMARY LOW_FUEL | TOTAL_PE_SPENT: 0 | UNITS_RESUPPLIED: 0/5 | BUDGET_ALLOCATED: 36 | PE_REMAINING: 45,,,,,,,,,,,,,,,,,,,,,,,,
2025-09-11T23:46:28.153360,,,Niemcy,RESUPPLY_NEEDS,,resupply_analysis,,,,,,,,,,,,,,,,,,,,,,,,,,NEEDS_ANALYSIS LOW_FUEL | TOTAL_FUEL_NEEDED: 11 | TOTAL_COMBAT_NEEDED: 0 | TOTAL_PE_NEEDED: 11 | BUDGET_AVAILABLE: 36 | UNITS_REQUIRING_HELP: 5,,,,,,,,,,,,,,,,,,,,,,,,
2025-09-11T23:46:28.154390,,,Niemcy,RESUPPLY_OPERATION,,resupply_summary,,,,,,,,,,,,,,,,,,,,,,,,,,RESUPPLY_SUMMARY LOW_FUEL | TOTAL_PE_SPENT: 0 | UNITS_RESUPPLIED: 0/5 | BUDGET_ALLOCATED: 36 | PE_REMAINING: 45,,,,,,,,,,,,,,,,,,,,,,,,
2025-09-11T23:46:28.155428,,,Niemcy,RESUPPLY_NEEDS,,resupply_analysis,,,,,,,,,,,,,,,,,,,,,,,,,,NEEDS_ANALYSIS LOW_FUEL | TOTAL_FUEL_NEEDED: 11 | TOTAL_COMBAT_NEEDED: 0 | TOTAL_PE_NEEDED: 11 | BUDGET_AVAILABLE: 36 | UNITS_REQUIRING_HELP: 5,,,,,,,,,,,,,,,,,,,,,,,,
2025-09-11T23:46:28.156684,,,Niemcy,RESUPPLY_OPERATION,,resupply_summary,,,,,,,,,,,,,,,,,,,,,,,,,,RESUPPLY_SUMMARY LOW_FUEL | TOTAL_PE_SPENT: 0 | UNITS_RESUPPLIED: 0/5 | BUDGET_ALLOCATED: 36 | PE_REMAINING: 45,,,,,,,,,,,,,,,,,,,,,,,,
2025-09-11T23:46:28.162781,,strategy,Niemcy,STRATEGY,,strategic_decision,,,,,,,,,,,,,,,,,,,,,,,,,,"Strategy: REASSIGNMENT, aggression 0.50, 1 groups, 0 reassignments",,,,,,,,,REASSIGNMENT,0.5,,,,,,adaptive,,0,dynamic_reassignment,,,,,
2025-09-11T23:46:28.171185,,target_selection,Niemcy,TL_Kompania__6_Panzer_Kompanie,,target_analysis,,,,,,,,,,,,,,,,,,,,,,,,,,"Target analysis: 29 candidates, score -1.00",,29,-1,999,,,,,,,,,False,,,,,,,29,29,29,5,0
2025-09-11T23:46:28.173236,,,Niemcy,RESUPPLY_NEEDS,,resupply_analysis,,,,,,,,,,,,,,,,,,,,,,,,,,NEEDS_ANALYSIS LOW_FUEL | TOTAL_FUEL_NEEDED: 11 | TOTAL_COMBAT_NEEDED: 0 | TOTAL_PE_NEEDED: 11 | BUDGET_AVAILABLE: 36 | UNITS_REQUIRING_HELP: 5,,,,,,,,,,,,,,,,,,,,,,,,
2025-09-11T23:46:28.174246,,,Niemcy,RESUPPLY_OPERATION,,resupply_summary,,,,,,,,,,,,,,,,,,,,,,,,,,RESUPPLY_SUMMARY LOW_FUEL | TOTAL_PE_SPENT: 0 | UNITS_RESUPPLIED: 0/5 | BUDGET_ALLOCATED: 36 | PE_REMAINING: 45,,,,,,,,,,,,,,,,,,,,,,,,
2025-09-11T23:46:28.175381,,,Niemcy,RESUPPLY_NEEDS,,resupply_analysis,,,,,,,,,,,,,,,,,,,,,,,,,,NEEDS_ANALYSIS LOW_FUEL | TOTAL_FUEL_NEEDED: 11 | TOTAL_COMBAT_NEEDED: 0 | TOTAL_PE_NEEDED: 11 | BUDGET_AVAILABLE: 36 | UNITS_REQUIRING_HELP: 5,,,,,,,,,,,,,,,,,,,,,,,,
2025-09-11T23:46:28.176399,,,Niemcy,RESUPPLY_OPERATION,,resupply_summary,,,,,,,,,,,,,,,,,,,,,,,,,,RESUPPLY_SUMMARY LOW_FUEL | TOTAL_PE_SPENT: 0 | UNITS_RESUPPLIED: 0/5 | BUDGET_ALLOCATED: 36 | PE_REMAINING: 45,,,,,,,,,,,,,,,,,,,,,,,,
2025-09-11T23:46:28.178627,,strategy,Niemcy,STRATEGY,,strategic_decision,,,,,,,,,,,,,,,,,,,,,,,,,,"Strategy: REASSIGNMENT, aggression 0.50, 1 groups, 0 reassignments",,,,,,,,,REASSIGNMENT,0.5,,,,,,adaptive,,0,dynamic_reassignment,,,,,
2025-09-11T23:46:28.186896,,target_selection,Niemcy,P_Kompania__6_Sch_tzen_Kompanie,,target_analysis,,,,,,,,,,,,,,,,,,,,,,,,,,"Target analysis: 29 candidates, score -1.00",,29,-1,999,,,,,,,,,False,,,,,,,29,29,29,4,0
2025-09-11T23:46:28.189022,,,Niemcy,RESUPPLY_NEEDS,,resupply_analysis,,,,,,,,,,,,,,,,,,,,,,,,,,NEEDS_ANALYSIS LOW_FUEL | TOTAL_FUEL_NEEDED: 11 | TOTAL_COMBAT_NEEDED: 0 | TOTAL_PE_NEEDED: 11 | BUDGET_AVAILABLE: 36 | UNITS_REQUIRING_HELP: 5,,,,,,,,,,,,,,,,,,,,,,,,
2025-09-11T23:46:28.190176,,,Niemcy,RESUPPLY_OPERATION,,resupply_summary,,,,,,,,,,,,,,,,,,,,,,,,,,RESUPPLY_SUMMARY LOW_FUEL | TOTAL_PE_SPENT: 0 | UNITS_RESUPPLIED: 0/5 | BUDGET_ALLOCATED: 36 | PE_REMAINING: 45,,,,,,,,,,,,,,,,,,,,,,,,
2025-09-11T23:46:28.191355,,strategy,Niemcy,STRATEGY,,strategic_decision,,,,,,,,,,,,,,,,,,,,,,,,,,"Strategy: REASSIGNMENT, aggression 0.50, 1 groups, 0 reassignments",,,,,,,,,REASSIGNMENT,0.5,,,,,,adaptive,,0,dynamic_reassignment,,,,,
2025-09-11T23:46:28.197576,,target_selection,Niemcy,P_Kompania__6_Infanterie_Regiment,,target_analysis,,,,,,,,,,,,,,,,,,,,,,,,,,"Target analysis: 29 candidates, score -1.00",,29,-1,999,,,,,,,,,False,,,,,,,29,29,29,4,0
2025-09-11T23:46:28.202285,,,Niemcy,RESUPPLY_NEEDS,,resupply_analysis,,,,,,,,,,,,,,,,,,,,,,,,,,NEEDS_ANALYSIS LOW_FUEL | TOTAL_FUEL_NEEDED: 11 | TOTAL_COMBAT_NEEDED: 0 | TOTAL_PE_NEEDED: 11 | BUDGET_AVAILABLE: 36 | UNITS_REQUIRING_HELP: 5,,,,,,,,,,,,,,,,,,,,,,,,
2025-09-11T23:46:28.203465,,,Niemcy,RESUPPLY_OPERATION,,resupply_summary,,,,,,,,,,,,,,,,,,,,,,,,,,RESUPPLY_SUMMARY LOW_FUEL | TOTAL_PE_SPENT: 0 | UNITS_RESUPPLIED: 0/5 | BUDGET_ALLOCATED: 36 | PE_REMAINING: 45,,,,,,,,,,,,,,,,,,,,,,,,
2025-09-11T23:46:28.205587,,strategy,Niemcy,STRATEGY,,strategic_decision,,,,,,,,,,,,,,,,,,,,,,,,,,"Strategy: REASSIGNMENT, aggression 0.50, 1 groups, 0 reassignments",,,,,,,,,REASSIGNMENT,0.5,,,,,,adaptive,,0,dynamic_reassignment,,,,,
2025-09-11T23:46:28.212320,,target_selection,Niemcy,P_Pluton__6_Grenadier_Bataillon_20250907191921,,target_analysis,,,,,,,,,,,,,,,,,,,,,,,,,,"Target analysis: 29 candidates, score -1.00",,29,-1,999,,,,,,,,,False,,,,,,,29,29,29,4,0
2025-09-11T23:46:28.214423,,,Niemcy,RESUPPLY_NEEDS,,resupply_analysis,,,,,,,,,,,,,,,,,,,,,,,,,,NEEDS_ANALYSIS LOW_FUEL | TOTAL_FUEL_NEEDED: 11 | TOTAL_COMBAT_NEEDED: 0 | TOTAL_PE_NEEDED: 11 | BUDGET_AVAILABLE: 36 | UNITS_REQUIRING_HELP: 5,,,,,,,,,,,,,,,,,,,,,,,,
2025-09-11T23:46:28.216991,,,Niemcy,RESUPPLY_OPERATION,,resupply_summary,,,,,,,,,,,,,,,,,,,,,,,,,,RESUPPLY_SUMMARY LOW_FUEL | TOTAL_PE_SPENT: 0 | UNITS_RESUPPLIED: 0/5 | BUDGET_ALLOCATED: 36 | PE_REMAINING: 45,,,,,,,,,,,,,,,,,,,,,,,,
2025-09-11T23:46:28.222009,,strategy,Niemcy,STRATEGY,,strategic_decision,,,,,,,,,,,,,,,,,,,,,,,,,,"Strategy: REASSIGNMENT, aggression 0.50, 1 groups, 0 reassignments",,,,,,,,,REASSIGNMENT,0.5,,,,,,adaptive,,0,dynamic_reassignment,,,,,
2025-09-11T23:46:28.235756,,target_selection,Niemcy,P_Pluton__6_Grenadier_Bataillon,,target_analysis,,,,,48,-12,,,,,,,,,,,,,,,,,,,,"Target analysis: 29 candidates, score -1.00",,29,-1,999,,,,,,,,,False,,,,,,,29,29,29,4,2
2025-09-11T23:46:28.242563,,,Niemcy,P_Pluton__6_Sch_tzen_Kompanie_20250907191927,,adaptive_autonomous,48,-10,48,-12,,,,,,,,,,,,,,,,,,,,,,"Advanced auto mode: group 5 (strategy: LOSING, aggr: 0.9)",,,,,,,,,,,,,,,,,,,,,,,,
2025-09-11T23:46:28.243654,,,Niemcy,TURN_END,,turn_summary,,,,,,,,,,,13,1,,,,,,,,,,,,advanced,opp=0;groups=5;adv=True,"Turn completed: 1/13 units moved, 5 groups (advanced)",,,,,,,,,,,,,,,,,,,,,,,,
2025-09-11T23:54:17.439008,,,Niemcy,TURN_START,,turn_begin,,,,,,,,,,,,,,,,,,,,,,,,,,AI Commander turn started for player 5,,,,,,,,,,,,,,,,,,,,,,,,
2025-09-11T23:54:17.443592,,,Niemcy,RESUPPLY_NEEDS,,resupply_analysis,,,,,,,,,,,,,,,,,,,,,,,,,,NEEDS_ANALYSIS PRE_RAID_OPTIMIZATION | TOTAL_FUEL_NEEDED: 7 | TOTAL_COMBAT_NEEDED: 3 | TOTAL_PE_NEEDED: 10 | BUDGET_AVAILABLE: 65 | UNITS_REQUIRING_HELP: 4,,,,,,,,,,,,,,,,,,,,,,,,
2025-09-11T23:54:17.443592,,,Niemcy,AL_Batalion__5_Artillerie_Abteilung,,resupply_detailed,41,-13,41,-13,,,,,,,,,,,,,,,,,,,,,,phase1 PRE_RAID_OPTIMIZATION | PE_SPENT: fuel=2 combat=0 total=2 | BEFORE: fuel=0 combat=11 | AFTER: fuel=2 combat=11,,,,,,,,,,,,,,,,,,,,,,,,
2025-09-11T23:54:17.443592,,,Niemcy,Z_Pluton__5_Versorgungs_Kompanie,,resupply_detailed,37,-11,37,-11,,,,,,,,,,,,,,,,,,,,,,phase1 PRE_RAID_OPTIMIZATION | PE_SPENT: fuel=2 combat=3 total=5 | BEFORE: fuel=1 combat=1 | AFTER: fuel=3 combat=4,,,,,,,,,,,,,,,,,,,,,,,,
2025-09-11T23:54:17.443592,,,Niemcy,P_Batalion__5_Sch_tzen_Kompanie,,resupply_detailed,45,-2,45,-2,,,,,,,,,,,,,,,,,,,,,,phase1 PRE_RAID_OPTIMIZATION | PE_SPENT: fuel=1 combat=0 total=1 | BEFORE: fuel=1 combat=14 | AFTER: fuel=2 combat=14,,,,,,,,,,,,,,,,,,,,,,,,
2025-09-11T23:54:17.446115,,,Niemcy,P_Batalion__5_Infanterie_Regiment_20250907191830,,resupply_detailed,37,-10,37,-10,,,,,,,,,,,,,,,,,,,,,,phase1 PRE_RAID_OPTIMIZATION | PE_SPENT: fuel=1 combat=0 total=1 | BEFORE: fuel=1 combat=14 | AFTER: fuel=2 combat=14,,,,,,,,,,,,,,,,,,,,,,,,
2025-09-11T23:54:17.446115,,,Niemcy,RESUPPLY_OPERATION,,resupply_summary,,,,,,,,,,,,,,,,,,,,,,,,,,RESUPPLY_SUMMARY PRE_RAID_OPTIMIZATION | TOTAL_PE_SPENT: 9 | UNITS_RESUPPLIED: 4/4 | BUDGET_ALLOCATED: 65 | PE_REMAINING: 73,,,,,,,,,,,,,,,,,,,,,,,,
2025-09-11T23:54:17.481906,,target_selection,Niemcy,AL_Batalion__5_Artillerie_Abteilung,,target_analysis,,,,,39,-13,,,,,,,,,,,,,,,,,,,,"Target analysis: 29 candidates, score -1.00",,29,-1,999,,,,,,,,,False,,,,,,,29,29,29,6,2
2025-09-11T23:54:17.492440,,,Niemcy,AL_Batalion__5_Artillerie_Abteilung,,second_move,,,39,-13,,,,,,,,,,,,,,,,,,,,,,second_chance after PRE_RAID_OPTIMIZATION,,,,,,,,,,,,,,,,,,,,,,,,
2025-09-11T23:54:17.552909,,target_selection,Niemcy,Z_Pluton__5_Versorgungs_Kompanie,,target_analysis,,,,,34,-8,,,,,,,,,,,,,,,,,,,,"Target analysis: 29 candidates, score -1.00",,29,-1,999,,,,,,,,,False,,,,,,,29,29,29,5,3
2025-09-11T23:54:17.556450,,,Niemcy,Z_Pluton__5_Versorgungs_Kompanie,,second_move,,,34,-8,,,,,,,,,,,,,,,,,,,,,,second_chance after PRE_RAID_OPTIMIZATION,,,,,,,,,,,,,,,,,,,,,,,,
2025-09-11T23:54:17.624789,,target_selection,Niemcy,P_Batalion__5_Sch_tzen_Kompanie,,target_analysis,,,,,45,0,,,,,,,,,,,,,,,,,,,,"Target analysis: 29 candidates, score -1.00",,29,-1,999,,,,,,,,,False,,,,,,,29,29,29,4,2
2025-09-11T23:54:17.641033,,,Niemcy,P_Batalion__5_Sch_tzen_Kompanie,,second_move,,,45,0,,,,,,,,,,,,,,,,,,,,,,second_chance after PRE_RAID_OPTIMIZATION,,,,,,,,,,,,,,,,,,,,,,,,
2025-09-11T23:54:17.689512,,target_selection,Niemcy,P_Batalion__5_Infanterie_Regiment_20250907191830,,target_analysis,,,,,35,-10,,,,,,,,,,,,,,,,,,,,"Target analysis: 29 candidates, score -1.00",,29,-1,999,,,,,,,,,False,,,,,,,29,29,29,4,2
2025-09-11T23:54:17.692376,,,Niemcy,P_Batalion__5_Infanterie_Regiment_20250907191830,,second_move,,,35,-10,,,,,,,,,,,,,,,,,,,,,,second_chance after PRE_RAID_OPTIMIZATION,,,,,,,,,,,,,,,,,,,,,,,,
2025-09-11T23:54:17.723311,,,Niemcy,RESUPPLY_NEEDS,,resupply_analysis,,,,,,,,,,,,,,,,,,,,,,,,,,NEEDS_ANALYSIS PRE_RAID_OPTIMIZATION | TOTAL_FUEL_NEEDED: 5 | TOTAL_COMBAT_NEEDED: 0 | TOTAL_PE_NEEDED: 5 | BUDGET_AVAILABLE: 36 | UNITS_REQUIRING_HELP: 4,,,,,,,,,,,,,,,,,,,,,,,,
2025-09-11T23:54:17.724532,,,Niemcy,P_Batalion__5_Sch_tzen_Kompanie,,resupply_detailed,45,0,45,0,,,,,,,,,,,,,,,,,,,,,,phase1 PRE_RAID_OPTIMIZATION | PE_SPENT: fuel=1 combat=0 total=1 | BEFORE: fuel=1 combat=14 | AFTER: fuel=2 combat=14,,,,,,,,,,,,,,,,,,,,,,,,
2025-09-11T23:54:17.724532,,,Niemcy,AL_Batalion__5_Artillerie_Abteilung,,resupply_detailed,39,-13,39,-13,,,,,,,,,,,,,,,,,,,,,,phase1 PRE_RAID_OPTIMIZATION | PE_SPENT: fuel=1 combat=0 total=1 | BEFORE: fuel=1 combat=11 | AFTER: fuel=2 combat=11,,,,,,,,,,,,,,,,,,,,,,,,
2025-09-11T23:54:17.725528,,,Niemcy,Z_Pluton__5_Versorgungs_Kompanie,,resupply_detailed,34,-8,34,-8,,,,,,,,,,,,,,,,,,,,,,phase1 PRE_RAID_OPTIMIZATION | PE_SPENT: fuel=1 combat=0 total=1 | BEFORE: fuel=2 combat=4 | AFTER: fuel=3 combat=4,,,,,,,,,,,,,,,,,,,,,,,,
2025-09-11T23:54:17.726525,,,Niemcy,P_Batalion__5_Infanterie_Regiment_20250907191830,,resupply_detailed,35,-10,35,-10,,,,,,,,,,,,,,,,,,,,,,phase1 PRE_RAID_OPTIMIZATION | PE_SPENT: fuel=1 combat=0 total=1 | BEFORE: fuel=1 combat=14 | AFTER: fuel=2 combat=14,,,,,,,,,,,,,,,,,,,,,,,,
2025-09-11T23:54:17.727522,,,Niemcy,RESUPPLY_OPERATION,,resupply_summary,,,,,,,,,,,,,,,,,,,,,,,,,,RESUPPLY_SUMMARY PRE_RAID_OPTIMIZATION | TOTAL_PE_SPENT: 4 | UNITS_RESUPPLIED: 4/4 | BUDGET_ALLOCATED: 36 | PE_REMAINING: 69,,,,,,,,,,,,,,,,,,,,,,,,
2025-09-11T23:54:17.808764,,target_selection,Niemcy,P_Batalion__5_Sch_tzen_Kompanie,,target_analysis,,,,,47,0,,,,,,,,,,,,,,,,,,,,"Target analysis: 29 candidates, score -1.00",,29,-1,999,,,,,,,,,False,,,,,,,29,29,29,3,2
2025-09-11T23:54:17.821957,,,Niemcy,P_Batalion__5_Sch_tzen_Kompanie,,second_move,,,47,0,,,,,,,,,,,,,,,,,,,,,,second_chance after PRE_RAID_OPTIMIZATION,,,,,,,,,,,,,,,,,,,,,,,,
2025-09-11T23:54:17.976816,,target_selection,Niemcy,AL_Batalion__5_Artillerie_Abteilung,,target_analysis,,,,,41,-13,,,,,,,,,,,,,,,,,,,,"Target analysis: 29 candidates, score -1.00",,29,-1,999,,,,,,,,,False,,,,,,,29,29,29,5,2
2025-09-11T23:54:18.040680,,,Niemcy,AL_Batalion__5_Artillerie_Abteilung,,second_move,,,41,-13,,,,,,,,,,,,,,,,,,,,,,second_chance after PRE_RAID_OPTIMIZATION,,,,,,,,,,,,,,,,,,,,,,,,
2025-09-11T23:54:18.387760,,target_selection,Niemcy,Z_Pluton__5_Versorgungs_Kompanie,,target_analysis,,,,,34,-5,,,,,,,,,,,,,,,,,,,,"Target analysis: 29 candidates, score -1.00",,29,-1,999,,,,,,,,,False,,,,,,,29,29,29,4,3
2025-09-11T23:54:18.393042,,,Niemcy,Z_Pluton__5_Versorgungs_Kompanie,,second_move,,,34,-5,,,,,,,,,,,,,,,,,,,,,,second_chance after PRE_RAID_OPTIMIZATION,,,,,,,,,,,,,,,,,,,,,,,,
2025-09-11T23:54:18.445586,,target_selection,Niemcy,P_Batalion__5_Infanterie_Regiment_20250907191830,,target_analysis,,,,,37,-10,,,,,,,,,,,,,,,,,,,,"Target analysis: 29 candidates, score -1.00",,29,-1,999,,,,,,,,,False,,,,,,,29,29,29,3,2
2025-09-11T23:54:18.457403,,,Niemcy,P_Batalion__5_Infanterie_Regiment_20250907191830,,second_move,,,37,-10,,,,,,,,,,,,,,,,,,,,,,second_chance after PRE_RAID_OPTIMIZATION,,,,,,,,,,,,,,,,,,,,,,,,
2025-09-11T23:54:18.519577,,,Niemcy,RESUPPLY_NEEDS,,resupply_analysis,,,,,,,,,,,,,,,,,,,,,,,,,,NEEDS_ANALYSIS PRE_RAID_OPTIMIZATION | TOTAL_FUEL_NEEDED: 5 | TOTAL_COMBAT_NEEDED: 0 | TOTAL_PE_NEEDED: 5 | BUDGET_AVAILABLE: 34 | UNITS_REQUIRING_HELP: 4,,,,,,,,,,,,,,,,,,,,,,,,
2025-09-11T23:54:18.519577,,,Niemcy,P_Batalion__5_Sch_tzen_Kompanie,,resupply_detailed,47,0,47,0,,,,,,,,,,,,,,,,,,,,,,phase1 PRE_RAID_OPTIMIZATION | PE_SPENT: fuel=1 combat=0 total=1 | BEFORE: fuel=1 combat=14 | AFTER: fuel=2 combat=14,,,,,,,,,,,,,,,,,,,,,,,,
2025-09-11T23:54:18.521032,,,Niemcy,AL_Batalion__5_Artillerie_Abteilung,,resupply_detailed,41,-13,41,-13,,,,,,,,,,,,,,,,,,,,,,phase1 PRE_RAID_OPTIMIZATION | PE_SPENT: fuel=1 combat=0 total=1 | BEFORE: fuel=1 combat=11 | AFTER: fuel=2 combat=11,,,,,,,,,,,,,,,,,,,,,,,,
2025-09-11T23:54:18.521032,,,Niemcy,Z_Pluton__5_Versorgungs_Kompanie,,resupply_detailed,34,-5,34,-5,,,,,,,,,,,,,,,,,,,,,,phase1 PRE_RAID_OPTIMIZATION | PE_SPENT: fuel=1 combat=0 total=1 | BEFORE: fuel=2 combat=4 | AFTER: fuel=3 combat=4,,,,,,,,,,,,,,,,,,,,,,,,
2025-09-11T23:54:18.522117,,,Niemcy,P_Batalion__5_Infanterie_Regiment_20250907191830,,resupply_detailed,37,-10,37,-10,,,,,,,,,,,,,,,,,,,,,,phase1 PRE_RAID_OPTIMIZATION | PE_SPENT: fuel=1 combat=0 total=1 | BEFORE: fuel=1 combat=14 | AFTER: fuel=2 combat=14,,,,,,,,,,,,,,,,,,,,,,,,
2025-09-11T23:54:18.522117,,,Niemcy,RESUPPLY_OPERATION,,resupply_summary,,,,,,,,,,,,,,,,,,,,,,,,,,RESUPPLY_SUMMARY PRE_RAID_OPTIMIZATION | TOTAL_PE_SPENT: 4 | UNITS_RESUPPLIED: 4/4 | BUDGET_ALLOCATED: 34 | PE_REMAINING: 65,,,,,,,,,,,,,,,,,,,,,,,,
2025-09-11T23:54:18.564049,,target_selection,Niemcy,P_Batalion__5_Sch_tzen_Kompanie,,target_analysis,,,,,49,0,,,,,,,,,,,,,,,,,,,,"Target analysis: 29 candidates, score -1.00",,29,-1,999,,,,,,,,,False,,,,,,,29,29,29,2,2
2025-09-11T23:54:18.592003,,,Niemcy,P_Batalion__5_Sch_tzen_Kompanie,,second_move,,,49,0,,,,,,,,,,,,,,,,,,,,,,second_chance after PRE_RAID_OPTIMIZATION,,,,,,,,,,,,,,,,,,,,,,,,
2025-09-11T23:54:18.652656,,target_selection,Niemcy,AL_Batalion__5_Artillerie_Abteilung,,target_analysis,,,,,39,-13,,,,,,,,,,,,,,,,,,,,"Target analysis: 29 candidates, score -1.00",,29,-1,999,,,,,,,,,False,,,,,,,29,29,29,4,2
2025-09-11T23:54:18.659078,,,Niemcy,AL_Batalion__5_Artillerie_Abteilung,,second_move,,,39,-13,,,,,,,,,,,,,,,,,,,,,,second_chance after PRE_RAID_OPTIMIZATION,,,,,,,,,,,,,,,,,,,,,,,,
2025-09-11T23:54:18.736340,,target_selection,Niemcy,Z_Pluton__5_Versorgungs_Kompanie,,target_analysis,,,,,31,-2,,,,,,,,,,,,,,,,,,,,"Target analysis: 29 candidates, score -1.00",,29,-1,999,,,,,,,,,False,,,,,,,29,29,29,3,3
2025-09-11T23:54:18.741479,,,Niemcy,Z_Pluton__5_Versorgungs_Kompanie,,second_move,,,31,-2,,,,,,,,,,,,,,,,,,,,,,second_chance after PRE_RAID_OPTIMIZATION,,,,,,,,,,,,,,,,,,,,,,,,
2025-09-11T23:54:18.772812,,target_selection,Niemcy,P_Batalion__5_Infanterie_Regiment_20250907191830,,target_analysis,,,,,35,-10,,,,,,,,,,,,,,,,,,,,"Target analysis: 29 candidates, score -1.00",,29,-1,999,,,,,,,,,False,,,,,,,29,29,29,2,2
2025-09-11T23:54:18.778370,,,Niemcy,P_Batalion__5_Infanterie_Regiment_20250907191830,,second_move,,,35,-10,,,,,,,,,,,,,,,,,,,,,,second_chance after PRE_RAID_OPTIMIZATION,,,,,,,,,,,,,,,,,,,,,,,,
2025-09-11T23:54:18.991707,,,Niemcy,RESUPPLY_NEEDS,,resupply_analysis,,,,,,,,,,,,,,,,,,,,,,,,,,NEEDS_ANALYSIS PRE_RAID_OPTIMIZATION | TOTAL_FUEL_NEEDED: 5 | TOTAL_COMBAT_NEEDED: 0 | TOTAL_PE_NEEDED: 5 | BUDGET_AVAILABLE: 32 | UNITS_REQUIRING_HELP: 4,,,,,,,,,,,,,,,,,,,,,,,,
2025-09-11T23:54:18.993706,,,Niemcy,Z_Pluton__5_Versorgungs_Kompanie,,resupply_bonus,31,-2,31,-2,,,,,,,,,,,,,,,,,,,,,,bonus_phase PRE_RAID_OPTIMIZATION | PE_SPENT: fuel=1 combat=0 total=1 | BONUS_ALLOCATION: 3 PE available | REMAINING_BUDGET: 11 PE,,,,,,,,,,,,,,,,,,,,,,,,
2025-09-11T23:54:19.028539,,,Niemcy,RESUPPLY_OPERATION,,resupply_summary,,,,,,,,,,,,,,,,,,,,,,,,,,RESUPPLY_SUMMARY PRE_RAID_OPTIMIZATION | TOTAL_PE_SPENT: 1 | UNITS_RESUPPLIED: 0/4 | BUDGET_ALLOCATED: 32 | PE_REMAINING: 64,,,,,,,,,,,,,,,,,,,,,,,,
2025-09-11T23:54:19.054428,,target_selection,Niemcy,P_Batalion__5_Sch_tzen_Kompanie,,target_analysis,,,,,50,0,,,,,,,,,,,,,,,,,,,,"Target analysis: 29 candidates, score -1.00",,29,-1,999,,,,,,,,,False,,,,,,,29,29,29,1,1
2025-09-11T23:54:19.059139,,,Niemcy,P_Batalion__5_Sch_tzen_Kompanie,,second_move,,,50,0,,,,,,,,,,,,,,,,,,,,,,second_chance after PRE_RAID_OPTIMIZATION,,,,,,,,,,,,,,,,,,,,,,,,
2025-09-11T23:54:19.089760,,target_selection,Niemcy,AL_Batalion__5_Artillerie_Abteilung,,target_analysis,,,,,40,-13,,,,,,,,,,,,,,,,,,,,"Target analysis: 29 candidates, score -1.00",,29,-1,999,,,,,,,,,False,,,,,,,29,29,29,3,1
2025-09-11T23:54:19.095931,,,Niemcy,AL_Batalion__5_Artillerie_Abteilung,,second_move,,,40,-13,,,,,,,,,,,,,,,,,,,,,,second_chance after PRE_RAID_OPTIMIZATION,,,,,,,,,,,,,,,,,,,,,,,,
2025-09-11T23:54:19.159929,,target_selection,Niemcy,Z_Pluton__5_Versorgungs_Kompanie,,target_analysis,,,,,33,-2,,,,,,,,,,,,,,,,,,,,"Target analysis: 29 candidates, score -1.00",,29,-1,999,,,,,,,,,False,,,,,,,29,29,29,2,3
2025-09-11T23:54:19.181013,,,Niemcy,Z_Pluton__5_Versorgungs_Kompanie,,second_move,,,33,-2,,,,,,,,,,,,,,,,,,,,,,second_chance after PRE_RAID_OPTIMIZATION,,,,,,,,,,,,,,,,,,,,,,,,
2025-09-11T23:54:19.278081,,target_selection,Niemcy,P_Batalion__5_Infanterie_Regiment_20250907191830,,target_analysis,,,,,36,-10,,,,,,,,,,,,,,,,,,,,"Target analysis: 29 candidates, score -1.00",,29,-1,999,,,,,,,,,False,,,,,,,29,29,29,1,1
2025-09-11T23:54:19.306354,,,Niemcy,P_Batalion__5_Infanterie_Regiment_20250907191830,,second_move,,,36,-10,,,,,,,,,,,,,,,,,,,,,,second_chance after PRE_RAID_OPTIMIZATION,,,,,,,,,,,,,,,,,,,,,,,,
2025-09-11T23:54:19.440864,,,Niemcy,RESUPPLY_NEEDS,,resupply_analysis,,,,,,,,,,,,,,,,,,,,,,,,,,NEEDS_ANALYSIS PRE_RAID_OPTIMIZATION | TOTAL_FUEL_NEEDED: 8 | TOTAL_COMBAT_NEEDED: 0 | TOTAL_PE_NEEDED: 8 | BUDGET_AVAILABLE: 51 | UNITS_REQUIRING_HELP: 4,,,,,,,,,,,,,,,,,,,,,,,,
2025-09-11T23:54:19.440864,,,Niemcy,P_Batalion__5_Sch_tzen_Kompanie,,resupply_bonus,50,0,50,0,,,,,,,,,,,,,,,,,,,,,,bonus_phase PRE_RAID_OPTIMIZATION | PE_SPENT: fuel=1 combat=0 total=1 | BONUS_ALLOCATION: 4 PE available | REMAINING_BUDGET: 18 PE,,,,,,,,,,,,,,,,,,,,,,,,
2025-09-11T23:54:19.441862,,,Niemcy,AL_Batalion__5_Artillerie_Abteilung,,resupply_bonus,40,-13,40,-13,,,,,,,,,,,,,,,,,,,,,,bonus_phase PRE_RAID_OPTIMIZATION | PE_SPENT: fuel=1 combat=0 total=1 | BONUS_ALLOCATION: 4 PE available | REMAINING_BUDGET: 17 PE,,,,,,,,,,,,,,,,,,,,,,,,
2025-09-11T23:54:19.441862,,,Niemcy,P_Batalion__5_Infanterie_Regiment_20250907191830,,resupply_bonus,36,-10,36,-10,,,,,,,,,,,,,,,,,,,,,,bonus_phase PRE_RAID_OPTIMIZATION | PE_SPENT: fuel=1 combat=0 total=1 | BONUS_ALLOCATION: 4 PE available | REMAINING_BUDGET: 16 PE,,,,,,,,,,,,,,,,,,,,,,,,
2025-09-11T23:54:19.442859,,,Niemcy,Z_Pluton__5_Versorgungs_Kompanie,,resupply_bonus,33,-2,33,-2,,,,,,,,,,,,,,,,,,,,,,bonus_phase PRE_RAID_OPTIMIZATION | PE_SPENT: fuel=1 combat=0 total=1 | BONUS_ALLOCATION: 4 PE available | REMAINING_BUDGET: 15 PE,,,,,,,,,,,,,,,,,,,,,,,,
2025-09-11T23:54:19.444173,,,Niemcy,RESUPPLY_OPERATION,,resupply_summary,,,,,,,,,,,,,,,,,,,,,,,,,,RESUPPLY_SUMMARY PRE_RAID_OPTIMIZATION | TOTAL_PE_SPENT: 4 | UNITS_RESUPPLIED: 0/4 | BUDGET_ALLOCATED: 51 | PE_REMAINING: 60,,,,,,,,,,,,,,,,,,,,,,,,
2025-09-11T23:54:19.474552,,target_selection,Niemcy,AL_Batalion__5_Artillerie_Abteilung,,target_analysis,,,,,41,-13,,,,,,,,,,,,,,,,,,,,"Target analysis: 29 candidates, score -1.00",,29,-1,999,,,,,,,,,False,,,,,,,29,29,29,2,1
2025-09-11T23:54:19.481186,,,Niemcy,AL_Batalion__5_Artillerie_Abteilung,,second_move,,,41,-13,,,,,,,,,,,,,,,,,,,,,,second_chance after PRE_RAID_OPTIMIZATION,,,,,,,,,,,,,,,,,,,,,,,,
2025-09-11T23:54:19.504522,,target_selection,Niemcy,Z_Pluton__5_Versorgungs_Kompanie,,target_analysis,,,,,32,-1,,,,,,,,,,,,,,,,,,,,"Target analysis: 29 candidates, score -1.00",,29,-1,999,,,,,,,,,False,,,,,,,29,29,29,1,3
2025-09-11T23:54:19.509662,,,Niemcy,Z_Pluton__5_Versorgungs_Kompanie,,second_move,,,32,-1,,,,,,,,,,,,,,,,,,,,,,second_chance after PRE_RAID_OPTIMIZATION,,,,,,,,,,,,,,,,,,,,,,,,
2025-09-11T23:54:19.957591,,strategy,Niemcy,STRATEGY,,strategic_decision,,,,,,,,,,,,,,,,,,,,,,,,,,"Strategy: REASSIGNMENT, aggression 0.50, 4 groups, 0 reassignments",,,,,,,,,REASSIGNMENT,0.5,,,,,,adaptive,,0,dynamic_reassignment,,,,,
2025-09-11T23:54:20.038522,,strategy,Niemcy,STRATEGY,,strategic_decision,,,,,,,,,,,,,,,,,,,,,,,,,,"Strategy: REASSIGNMENT, aggression 0.50, 4 groups, 0 reassignments",,,,,,,,,REASSIGNMENT,0.5,,,,,,adaptive,,0,dynamic_reassignment,,,,,
2025-09-11T23:54:20.038522,,,Niemcy,RESUPPLY_NEEDS,,resupply_analysis,,,,,,,,,,,,,,,,,,,,,,,,,,NEEDS_ANALYSIS LOW_FUEL | TOTAL_FUEL_NEEDED: 6 | TOTAL_COMBAT_NEEDED: 0 | TOTAL_PE_NEEDED: 6 | BUDGET_AVAILABLE: 30 | UNITS_REQUIRING_HELP: 4,,,,,,,,,,,,,,,,,,,,,,,,
2025-09-11T23:54:20.038522,,,Niemcy,RESUPPLY_OPERATION,,resupply_summary,,,,,,,,,,,,,,,,,,,,,,,,,,RESUPPLY_SUMMARY LOW_FUEL | TOTAL_PE_SPENT: 0 | UNITS_RESUPPLIED: 0/4 | BUDGET_ALLOCATED: 30 | PE_REMAINING: 60,,,,,,,,,,,,,,,,,,,,,,,,
2025-09-11T23:54:20.083023,,strategy,Niemcy,STRATEGY,,strategic_decision,,,,,,,,,,,,,,,,,,,,,,,,,,"Strategy: REASSIGNMENT, aggression 0.50, 1 groups, 0 reassignments",,,,,,,,,REASSIGNMENT,0.5,,,,,,adaptive,,0,dynamic_reassignment,,,,,
2025-09-11T23:54:20.122351,,target_selection,Niemcy,P_Batalion__5_Sch_tzen_Kompanie,,target_analysis,,,,,46,-2,,,,,,,,,,,,,,,,,,,,"Target analysis: 29 candidates, score -1.00",,29,-1,999,,,,,,,,,False,,,,,,,29,29,29,4,1
2025-09-11T23:54:20.131085,,strategy,Niemcy,STRATEGY,,strategic_decision,,,,,,,,,,,,,,,,,,,,,,,,,,"Strategy: REASSIGNMENT, aggression 0.50, 1 groups, 0 reassignments",,,,,,,,,REASSIGNMENT,0.5,,,,,,adaptive,,0,dynamic_reassignment,,,,,
2025-09-11T23:54:20.145097,,target_selection,Niemcy,AL_Batalion__5_Artillerie_Abteilung,,target_analysis,,,,,,,,,,,,,,,,,,,,,,,,,,"Target analysis: 29 candidates, score -1.00",,29,-1,999,,,,,,,,,False,,,,,,,29,29,29,6,0
2025-09-11T23:54:20.150518,,,Niemcy,RESUPPLY_NEEDS,,resupply_analysis,,,,,,,,,,,,,,,,,,,,,,,,,,NEEDS_ANALYSIS LOW_FUEL | TOTAL_FUEL_NEEDED: 6 | TOTAL_COMBAT_NEEDED: 0 | TOTAL_PE_NEEDED: 6 | BUDGET_AVAILABLE: 30 | UNITS_REQUIRING_HELP: 4,,,,,,,,,,,,,,,,,,,,,,,,
2025-09-11T23:54:20.151665,,,Niemcy,RESUPPLY_OPERATION,,resupply_summary,,,,,,,,,,,,,,,,,,,,,,,,,,RESUPPLY_SUMMARY LOW_FUEL | TOTAL_PE_SPENT: 0 | UNITS_RESUPPLIED: 0/4 | BUDGET_ALLOCATED: 30 | PE_REMAINING: 60,,,,,,,,,,,,,,,,,,,,,,,,
2025-09-11T23:54:20.181928,,strategy,Niemcy,STRATEGY,,strategic_decision,,,,,,,,,,,,,,,,,,,,,,,,,,"Strategy: REASSIGNMENT, aggression 0.50, 1 groups, 0 reassignments",,,,,,,,,REASSIGNMENT,0.5,,,,,,adaptive,,0,dynamic_reassignment,,,,,
2025-09-11T23:54:20.240257,,target_selection,Niemcy,Z_Pluton__5_Versorgungs_Kompanie,,target_analysis,,,,,35,-11,,,,,,,,,,,,,,,,,,,,"Target analysis: 29 candidates, score -1.00",,29,-1,999,,,,,,,,,False,,,,,,,29,29,29,5,2
2025-09-11T23:54:20.323657,,strategy,Niemcy,STRATEGY,,strategic_decision,,,,,,,,,,,,,,,,,,,,,,,,,,"Strategy: REASSIGNMENT, aggression 0.50, 1 groups, 0 reassignments",,,,,,,,,REASSIGNMENT,0.5,,,,,,adaptive,,0,dynamic_reassignment,,,,,
2025-09-11T23:54:20.426214,,target_selection,Niemcy,Z_Pluton__5_Unterst_tzungs_Bataillon,,target_analysis,,,,,44,-19,,,,,,,,,,,,,,,,,,,,"Target analysis: 29 candidates, score -1.00",,29,-1,999,,,,,,,,,False,,,,,,,29,29,29,9,4
2025-09-11T23:54:20.434653,,,Niemcy,Z_Pluton__5_Unterst_tzungs_Bataillon,,adaptive_autonomous,44,-19,44,-19,,,,,,,,,,,,,,,,,,,,,,"Advanced auto mode: group 4 (strategy: LOSING, aggr: 0.9)",,,,,,,,,,,,,,,,,,,,,,,,
2025-09-11T23:54:20.458403,,,Niemcy,Z_Pluton__5_Aufkl_rungs_Zug,,adaptive_autonomous,45,-19,44,-19,,,,,,,,,,,,,,,,,,,,,,"Advanced auto mode: group 4 (strategy: LOSING, aggr: 0.9)",,,,,,,,,,,,,,,,,,,,,,,,
2025-09-11T23:54:20.461282,,,Niemcy,TURN_END,,turn_summary,,,,,,,,,,,9,2,,,,,,,,,,,,advanced,opp=0;groups=4;adv=True,"Turn completed: 2/9 units moved, 4 groups (advanced)",,,,,,,,,,,,,,,,,,,,,,,,
2025-09-11T23:54:20.574493,,,Niemcy,TURN_START,,turn_begin,,,,,,,,,,,,,,,,,,,,,,,,,,AI Commander turn started for player 6,,,,,,,,,,,,,,,,,,,,,,,,
2025-09-11T23:54:20.579514,,,Niemcy,RESUPPLY_NEEDS,,resupply_analysis,,,,,,,,,,,,,,,,,,,,,,,,,,NEEDS_ANALYSIS PRE_RAID_OPTIMIZATION | TOTAL_FUEL_NEEDED: 12 | TOTAL_COMBAT_NEEDED: 5 | TOTAL_PE_NEEDED: 17 | BUDGET_AVAILABLE: 110 | UNITS_REQUIRING_HELP: 7,,,,,,,,,,,,,,,,,,,,,,,,
2025-09-11T23:54:20.580815,,,Niemcy,TL_Kompania__6_Panzer_Kompanie,,resupply_detailed,45,5,45,5,,,,,,,,,,,,,,,,,,,,,,phase1 PRE_RAID_OPTIMIZATION | PE_SPENT: fuel=2 combat=0 total=2 | BEFORE: fuel=0 combat=14 | AFTER: fuel=2 combat=14,,,,,,,,,,,,,,,,,,,,,,,,
2025-09-11T23:54:20.580815,,,Niemcy,P_Kompania__6_Sch_tzen_Kompanie,,resupply_detailed,49,3,49,3,,,,,,,,,,,,,,,,,,,,,,phase1 PRE_RAID_OPTIMIZATION | PE_SPENT: fuel=2 combat=0 total=2 | BEFORE: fuel=0 combat=11 | AFTER: fuel=2 combat=11,,,,,,,,,,,,,,,,,,,,,,,,
2025-09-11T23:54:20.581812,,,Niemcy,P_Pluton__6_Sch_tzen_Kompanie,,resupply_detailed,48,4,48,4,,,,,,,,,,,,,,,,,,,,,,phase1 PRE_RAID_OPTIMIZATION | PE_SPENT: fuel=2 combat=0 total=2 | BEFORE: fuel=0 combat=8 | AFTER: fuel=2 combat=8,,,,,,,,,,,,,,,,,,,,,,,,
2025-09-11T23:54:20.581812,,,Niemcy,P_Kompania__6_Infanterie_Regiment,,resupply_detailed,44,8,44,8,,,,,,,,,,,,,,,,,,,,,,phase1 PRE_RAID_OPTIMIZATION | PE_SPENT: fuel=2 combat=0 total=2 | BEFORE: fuel=0 combat=11 | AFTER: fuel=2 combat=11,,,,,,,,,,,,,,,,,,,,,,,,
2025-09-11T23:54:20.583013,,,Niemcy,P_Pluton__6_Grenadier_Bataillon_20250907191921,,resupply_detailed,50,2,50,2,,,,,,,,,,,,,,,,,,,,,,phase1 PRE_RAID_OPTIMIZATION | PE_SPENT: fuel=2 combat=0 total=2 | BEFORE: fuel=0 combat=8 | AFTER: fuel=2 combat=8,,,,,,,,,,,,,,,,,,,,,,,,
2025-09-11T23:54:20.584010,,,Niemcy,AL_Pluton__6_Artillerie_Batterie,,resupply_detailed,40,2,40,2,,,,,,,,,,,,,,,,,,,,,,phase1 PRE_RAID_OPTIMIZATION | PE_SPENT: fuel=0 combat=5 total=5 | BEFORE: fuel=2 combat=1 | AFTER: fuel=2 combat=6,,,,,,,,,,,,,,,,,,,,,,,,
2025-09-11T23:54:20.585008,,,Niemcy,P_Pluton__6_Sch_tzen_Kompanie_20250907191927,,resupply_detailed,48,-10,48,-10,,,,,,,,,,,,,,,,,,,,,,phase1 PRE_RAID_OPTIMIZATION | PE_SPENT: fuel=1 combat=0 total=1 | BEFORE: fuel=1 combat=8 | AFTER: fuel=2 combat=8,,,,,,,,,,,,,,,,,,,,,,,,
2025-09-11T23:54:20.589253,,,Niemcy,RESUPPLY_OPERATION,,resupply_summary,,,,,,,,,,,,,,,,,,,,,,,,,,RESUPPLY_SUMMARY PRE_RAID_OPTIMIZATION | TOTAL_PE_SPENT: 16 | UNITS_RESUPPLIED: 7/7 | BUDGET_ALLOCATED: 110 | PE_REMAINING: 122,,,,,,,,,,,,,,,,,,,,,,,,
2025-09-11T23:54:20.663977,,target_selection,Niemcy,TL_Kompania__6_Panzer_Kompanie,,target_analysis,,,,,47,5,,,,,,,,,,,,,,,,,,,,"Target analysis: 29 candidates, score -1.00",,29,-1,999,,,,,,,,,False,,,,,,,29,29,29,5,2
2025-09-11T23:54:20.673424,,,Niemcy,TL_Kompania__6_Panzer_Kompanie,,second_move,,,47,5,,,,,,,,,,,,,,,,,,,,,,second_chance after PRE_RAID_OPTIMIZATION,,,,,,,,,,,,,,,,,,,,,,,,
2025-09-11T23:54:20.729373,,target_selection,Niemcy,P_Kompania__6_Sch_tzen_Kompanie,,target_analysis,,,,,51,3,,,,,,,,,,,,,,,,,,,,"Target analysis: 29 candidates, score -1.00",,29,-1,999,,,,,,,,,False,,,,,,,29,29,29,4,2
2025-09-11T23:54:20.739811,,,Niemcy,P_Kompania__6_Sch_tzen_Kompanie,,second_move,,,51,3,,,,,,,,,,,,,,,,,,,,,,second_chance after PRE_RAID_OPTIMIZATION,,,,,,,,,,,,,,,,,,,,,,,,
2025-09-11T23:54:20.798316,,target_selection,Niemcy,P_Pluton__6_Sch_tzen_Kompanie,,target_analysis,,,,,50,4,,,,,,,,,,,,,,,,,,,,"Target analysis: 29 candidates, score -1.00",,29,-1,999,,,,,,,,,False,,,,,,,29,29,29,4,2
2025-09-11T23:54:20.808453,,,Niemcy,P_Pluton__6_Sch_tzen_Kompanie,,second_move,,,50,4,,,,,,,,,,,,,,,,,,,,,,second_chance after PRE_RAID_OPTIMIZATION,,,,,,,,,,,,,,,,,,,,,,,,
2025-09-11T23:54:20.874166,,target_selection,Niemcy,P_Kompania__6_Infanterie_Regiment,,target_analysis,,,,,46,8,,,,,,,,,,,,,,,,,,,,"Target analysis: 29 candidates, score -1.00",,29,-1,999,,,,,,,,,False,,,,,,,29,29,29,4,2
2025-09-11T23:54:20.879154,,,Niemcy,P_Kompania__6_Infanterie_Regiment,,second_move,,,46,8,,,,,,,,,,,,,,,,,,,,,,second_chance after PRE_RAID_OPTIMIZATION,,,,,,,,,,,,,,,,,,,,,,,,
2025-09-11T23:54:20.930164,,target_selection,Niemcy,P_Pluton__6_Grenadier_Bataillon_20250907191921,,target_analysis,,,,,48,4,,,,,,,,,,,,,,,,,,,,"Target analysis: 29 candidates, score -1.00",,29,-1,999,,,,,,,,,False,,,,,,,29,29,29,4,2
2025-09-11T23:54:20.939593,,,Niemcy,P_Pluton__6_Grenadier_Bataillon_20250907191921,,second_move,,,48,4,,,,,,,,,,,,,,,,,,,,,,second_chance after PRE_RAID_OPTIMIZATION,,,,,,,,,,,,,,,,,,,,,,,,
2025-09-11T23:54:20.989076,,target_selection,Niemcy,P_Pluton__6_Sch_tzen_Kompanie_20250907191927,,target_analysis,,,,,46,-8,,,,,,,,,,,,,,,,,,,,"Target analysis: 29 candidates, score -1.00",,29,-1,999,,,,,,,,,False,,,,,,,29,29,29,2,2
2025-09-11T23:54:20.993605,,,Niemcy,P_Pluton__6_Sch_tzen_Kompanie_20250907191927,,second_move,,,46,-8,,,,,,,,,,,,,,,,,,,,,,second_chance after PRE_RAID_OPTIMIZATION,,,,,,,,,,,,,,,,,,,,,,,,
2025-09-11T23:54:21.033155,,,Niemcy,RESUPPLY_NEEDS,,resupply_analysis,,,,,,,,,,,,,,,,,,,,,,,,,,NEEDS_ANALYSIS PRE_RAID_OPTIMIZATION | TOTAL_FUEL_NEEDED: 7 | TOTAL_COMBAT_NEEDED: 0 | TOTAL_PE_NEEDED: 7 | BUDGET_AVAILABLE: 61 | UNITS_REQUIRING_HELP: 6,,,,,,,,,,,,,,,,,,,,,,,,
2025-09-11T23:54:21.033155,,,Niemcy,TL_Kompania__6_Panzer_Kompanie,,resupply_detailed,47,5,47,5,,,,,,,,,,,,,,,,,,,,,,phase1 PRE_RAID_OPTIMIZATION | PE_SPENT: fuel=1 combat=0 total=1 | BEFORE: fuel=1 combat=14 | AFTER: fuel=2 combat=14,,,,,,,,,,,,,,,,,,,,,,,,
2025-09-11T23:54:21.034152,,,Niemcy,P_Kompania__6_Sch_tzen_Kompanie,,resupply_detailed,51,3,51,3,,,,,,,,,,,,,,,,,,,,,,phase1 PRE_RAID_OPTIMIZATION | PE_SPENT: fuel=1 combat=0 total=1 | BEFORE: fuel=1 combat=11 | AFTER: fuel=2 combat=11,,,,,,,,,,,,,,,,,,,,,,,,
2025-09-11T23:54:21.035150,,,Niemcy,P_Pluton__6_Sch_tzen_Kompanie,,resupply_detailed,50,4,50,4,,,,,,,,,,,,,,,,,,,,,,phase1 PRE_RAID_OPTIMIZATION | PE_SPENT: fuel=1 combat=0 total=1 | BEFORE: fuel=1 combat=8 | AFTER: fuel=2 combat=8,,,,,,,,,,,,,,,,,,,,,,,,
2025-09-11T23:54:21.036147,,,Niemcy,P_Kompania__6_Infanterie_Regiment,,resupply_detailed,46,8,46,8,,,,,,,,,,,,,,,,,,,,,,phase1 PRE_RAID_OPTIMIZATION | PE_SPENT: fuel=1 combat=0 total=1 | BEFORE: fuel=1 combat=11 | AFTER: fuel=2 combat=11,,,,,,,,,,,,,,,,,,,,,,,,
2025-09-11T23:54:21.036147,,,Niemcy,P_Pluton__6_Grenadier_Bataillon_20250907191921,,resupply_detailed,48,4,48,4,,,,,,,,,,,,,,,,,,,,,,phase1 PRE_RAID_OPTIMIZATION | PE_SPENT: fuel=1 combat=0 total=1 | BEFORE: fuel=1 combat=8 | AFTER: fuel=2 combat=8,,,,,,,,,,,,,,,,,,,,,,,,
2025-09-11T23:54:21.038142,,,Niemcy,P_Pluton__6_Sch_tzen_Kompanie_20250907191927,,resupply_detailed,46,-8,46,-8,,,,,,,,,,,,,,,,,,,,,,phase1 PRE_RAID_OPTIMIZATION | PE_SPENT: fuel=1 combat=0 total=1 | BEFORE: fuel=1 combat=8 | AFTER: fuel=2 combat=8,,,,,,,,,,,,,,,,,,,,,,,,
2025-09-11T23:54:21.039863,,,Niemcy,RESUPPLY_OPERATION,,resupply_summary,,,,,,,,,,,,,,,,,,,,,,,,,,RESUPPLY_SUMMARY PRE_RAID_OPTIMIZATION | TOTAL_PE_SPENT: 6 | UNITS_RESUPPLIED: 6/6 | BUDGET_ALLOCATED: 61 | PE_REMAINING: 116,,,,,,,,,,,,,,,,,,,,,,,,
2025-09-11T23:54:21.096556,,target_selection,Niemcy,TL_Kompania__6_Panzer_Kompanie,,target_analysis,,,,,49,5,,,,,,,,,,,,,,,,,,,,"Target analysis: 29 candidates, score -1.00",,29,-1,999,,,,,,,,,False,,,,,,,29,29,29,4,2
2025-09-11T23:54:21.105728,,,Niemcy,TL_Kompania__6_Panzer_Kompanie,,second_move,,,49,5,,,,,,,,,,,,,,,,,,,,,,second_chance after PRE_RAID_OPTIMIZATION,,,,,,,,,,,,,,,,,,,,,,,,
2025-09-11T23:54:21.139211,,target_selection,Niemcy,P_Kompania__6_Sch_tzen_Kompanie,,target_analysis,,,,,53,3,,,,,,,,,,,,,,,,,,,,"Target analysis: 29 candidates, score -1.00",,29,-1,999,,,,,,,,,False,,,,,,,29,29,29,3,2
2025-09-11T23:54:21.146102,,,Niemcy,P_Kompania__6_Sch_tzen_Kompanie,,second_move,,,53,3,,,,,,,,,,,,,,,,,,,,,,second_chance after PRE_RAID_OPTIMIZATION,,,,,,,,,,,,,,,,,,,,,,,,
2025-09-11T23:54:21.178832,,target_selection,Niemcy,P_Pluton__6_Sch_tzen_Kompanie,,target_analysis,,,,,50,2,,,,,,,,,,,,,,,,,,,,"Target analysis: 29 candidates, score -1.00",,29,-1,999,,,,,,,,,False,,,,,,,29,29,29,3,2
2025-09-11T23:54:21.192705,,,Niemcy,P_Pluton__6_Sch_tzen_Kompanie,,second_move,,,50,2,,,,,,,,,,,,,,,,,,,,,,second_chance after PRE_RAID_OPTIMIZATION,,,,,,,,,,,,,,,,,,,,,,,,
2025-09-11T23:54:21.235103,,target_selection,Niemcy,P_Kompania__6_Infanterie_Regiment,,target_analysis,,,,,44,8,,,,,,,,,,,,,,,,,,,,"Target analysis: 29 candidates, score -1.00",,29,-1,999,,,,,,,,,False,,,,,,,29,29,29,3,2
2025-09-11T23:54:21.249972,,,Niemcy,P_Kompania__6_Infanterie_Regiment,,second_move,,,44,8,,,,,,,,,,,,,,,,,,,,,,second_chance after PRE_RAID_OPTIMIZATION,,,,,,,,,,,,,,,,,,,,,,,,
2025-09-11T23:54:21.360568,,target_selection,Niemcy,P_Pluton__6_Grenadier_Bataillon_20250907191921,,target_analysis,,,,,50,4,,,,,,,,,,,,,,,,,,,,"Target analysis: 29 candidates, score -1.00",,29,-1,999,,,,,,,,,False,,,,,,,29,29,29,3,2
2025-09-11T23:54:21.375375,,,Niemcy,P_Pluton__6_Grenadier_Bataillon_20250907191921,,second_move,,,50,4,,,,,,,,,,,,,,,,,,,,,,second_chance after PRE_RAID_OPTIMIZATION,,,,,,,,,,,,,,,,,,,,,,,,
2025-09-11T23:54:21.428134,,target_selection,Niemcy,P_Pluton__6_Sch_tzen_Kompanie_20250907191927,,target_analysis,,,,,47,-8,,,,,,,,,,,,,,,,,,,,"Target analysis: 29 candidates, score -1.00",,29,-1,999,,,,,,,,,False,,,,,,,29,29,29,1,2
2025-09-11T23:54:21.434865,,,Niemcy,P_Pluton__6_Sch_tzen_Kompanie_20250907191927,,second_move,,,47,-8,,,,,,,,,,,,,,,,,,,,,,second_chance after PRE_RAID_OPTIMIZATION,,,,,,,,,,,,,,,,,,,,,,,,
2025-09-11T23:54:21.476863,,,Niemcy,RESUPPLY_NEEDS,,resupply_analysis,,,,,,,,,,,,,,,,,,,,,,,,,,NEEDS_ANALYSIS PRE_RAID_OPTIMIZATION | TOTAL_FUEL_NEEDED: 7 | TOTAL_COMBAT_NEEDED: 0 | TOTAL_PE_NEEDED: 7 | BUDGET_AVAILABLE: 58 | UNITS_REQUIRING_HELP: 6,,,,,,,,,,,,,,,,,,,,,,,,
2025-09-11T23:54:21.478474,,,Niemcy,TL_Kompania__6_Panzer_Kompanie,,resupply_detailed,49,5,49,5,,,,,,,,,,,,,,,,,,,,,,phase1 PRE_RAID_OPTIMIZATION | PE_SPENT: fuel=1 combat=0 total=1 | BEFORE: fuel=1 combat=14 | AFTER: fuel=2 combat=14,,,,,,,,,,,,,,,,,,,,,,,,
2025-09-11T23:54:21.478474,,,Niemcy,P_Kompania__6_Sch_tzen_Kompanie,,resupply_detailed,53,3,53,3,,,,,,,,,,,,,,,,,,,,,,phase1 PRE_RAID_OPTIMIZATION | PE_SPENT: fuel=1 combat=0 total=1 | BEFORE: fuel=1 combat=11 | AFTER: fuel=2 combat=11,,,,,,,,,,,,,,,,,,,,,,,,
2025-09-11T23:54:21.479474,,,Niemcy,P_Pluton__6_Sch_tzen_Kompanie,,resupply_detailed,50,2,50,2,,,,,,,,,,,,,,,,,,,,,,phase1 PRE_RAID_OPTIMIZATION | PE_SPENT: fuel=1 combat=0 total=1 | BEFORE: fuel=1 combat=8 | AFTER: fuel=2 combat=8,,,,,,,,,,,,,,,,,,,,,,,,
2025-09-11T23:54:21.479474,,,Niemcy,P_Kompania__6_Infanterie_Regiment,,resupply_detailed,44,8,44,8,,,,,,,,,,,,,,,,,,,,,,phase1 PRE_RAID_OPTIMIZATION | PE_SPENT: fuel=1 combat=0 total=1 | BEFORE: fuel=1 combat=11 | AFTER: fuel=2 combat=11,,,,,,,,,,,,,,,,,,,,,,,,
2025-09-11T23:54:21.479474,,,Niemcy,P_Pluton__6_Grenadier_Bataillon_20250907191921,,resupply_detailed,50,4,50,4,,,,,,,,,,,,,,,,,,,,,,phase1 PRE_RAID_OPTIMIZATION | PE_SPENT: fuel=1 combat=0 total=1 | BEFORE: fuel=1 combat=8 | AFTER: fuel=2 combat=8,,,,,,,,,,,,,,,,,,,,,,,,
2025-09-11T23:54:21.481538,,,Niemcy,P_Pluton__6_Sch_tzen_Kompanie_20250907191927,,resupply_detailed,47,-8,47,-8,,,,,,,,,,,,,,,,,,,,,,phase1 PRE_RAID_OPTIMIZATION | PE_SPENT: fuel=1 combat=0 total=1 | BEFORE: fuel=1 combat=8 | AFTER: fuel=2 combat=8,,,,,,,,,,,,,,,,,,,,,,,,
2025-09-11T23:54:21.481538,,,Niemcy,RESUPPLY_OPERATION,,resupply_summary,,,,,,,,,,,,,,,,,,,,,,,,,,RESUPPLY_SUMMARY PRE_RAID_OPTIMIZATION | TOTAL_PE_SPENT: 6 | UNITS_RESUPPLIED: 6/6 | BUDGET_ALLOCATED: 58 | PE_REMAINING: 110,,,,,,,,,,,,,,,,,,,,,,,,
2025-09-11T23:54:21.516955,,target_selection,Niemcy,TL_Kompania__6_Panzer_Kompanie,,target_analysis,,,,,49,7,,,,,,,,,,,,,,,,,,,,"Target analysis: 29 candidates, score -1.00",,29,-1,999,,,,,,,,,False,,,,,,,29,29,29,3,2
2025-09-11T23:54:21.524749,,,Niemcy,TL_Kompania__6_Panzer_Kompanie,,second_move,,,49,7,,,,,,,,,,,,,,,,,,,,,,second_chance after PRE_RAID_OPTIMIZATION,,,,,,,,,,,,,,,,,,,,,,,,
2025-09-11T23:54:21.541516,,target_selection,Niemcy,P_Kompania__6_Sch_tzen_Kompanie,,target_analysis,,,,,51,3,,,,,,,,,,,,,,,,,,,,"Target analysis: 29 candidates, score -1.00",,29,-1,999,,,,,,,,,False,,,,,,,29,29,29,2,2
2025-09-11T23:54:21.545035,,,Niemcy,P_Kompania__6_Sch_tzen_Kompanie,,second_move,,,51,3,,,,,,,,,,,,,,,,,,,,,,second_chance after PRE_RAID_OPTIMIZATION,,,,,,,,,,,,,,,,,,,,,,,,
2025-09-11T23:54:21.582012,,target_selection,Niemcy,P_Pluton__6_Sch_tzen_Kompanie,,target_analysis,,,,,48,4,,,,,,,,,,,,,,,,,,,,"Target analysis: 29 candidates, score -1.00",,29,-1,999,,,,,,,,,False,,,,,,,29,29,29,2,2
2025-09-11T23:54:21.592418,,,Niemcy,P_Pluton__6_Sch_tzen_Kompanie,,second_move,,,48,4,,,,,,,,,,,,,,,,,,,,,,second_chance after PRE_RAID_OPTIMIZATION,,,,,,,,,,,,,,,,,,,,,,,,
2025-09-11T23:54:21.640010,,target_selection,Niemcy,P_Kompania__6_Infanterie_Regiment,,target_analysis,,,,,46,8,,,,,,,,,,,,,,,,,,,,"Target analysis: 29 candidates, score -1.00",,29,-1,999,,,,,,,,,False,,,,,,,29,29,29,2,2
2025-09-11T23:54:21.645382,,,Niemcy,P_Kompania__6_Infanterie_Regiment,,second_move,,,46,8,,,,,,,,,,,,,,,,,,,,,,second_chance after PRE_RAID_OPTIMIZATION,,,,,,,,,,,,,,,,,,,,,,,,
2025-09-11T23:54:21.669221,,target_selection,Niemcy,P_Pluton__6_Grenadier_Bataillon_20250907191921,,target_analysis,,,,,48,6,,,,,,,,,,,,,,,,,,,,"Target analysis: 29 candidates, score -1.00",,29,-1,999,,,,,,,,,False,,,,,,,29,29,29,2,2
2025-09-11T23:54:21.675796,,,Niemcy,P_Pluton__6_Grenadier_Bataillon_20250907191921,,second_move,,,48,6,,,,,,,,,,,,,,,,,,,,,,second_chance after PRE_RAID_OPTIMIZATION,,,,,,,,,,,,,,,,,,,,,,,,
2025-09-11T23:54:21.706913,,,Niemcy,RESUPPLY_NEEDS,,resupply_analysis,,,,,,,,,,,,,,,,,,,,,,,,,,NEEDS_ANALYSIS PRE_RAID_OPTIMIZATION | TOTAL_FUEL_NEEDED: 6 | TOTAL_COMBAT_NEEDED: 0 | TOTAL_PE_NEEDED: 6 | BUDGET_AVAILABLE: 55 | UNITS_REQUIRING_HELP: 5,,,,,,,,,,,,,,,,,,,,,,,,
2025-09-11T23:54:21.708038,,,Niemcy,TL_Kompania__6_Panzer_Kompanie,,resupply_bonus,49,7,49,7,,,,,,,,,,,,,,,,,,,,,,bonus_phase PRE_RAID_OPTIMIZATION | PE_SPENT: fuel=1 combat=0 total=1 | BONUS_ALLOCATION: 4 PE available | REMAINING_BUDGET: 19 PE,,,,,,,,,,,,,,,,,,,,,,,,
2025-09-11T23:54:21.709229,,,Niemcy,RESUPPLY_OPERATION,,resupply_summary,,,,,,,,,,,,,,,,,,,,,,,,,,RESUPPLY_SUMMARY PRE_RAID_OPTIMIZATION | TOTAL_PE_SPENT: 1 | UNITS_RESUPPLIED: 0/5 | BUDGET_ALLOCATED: 55 | PE_REMAINING: 109,,,,,,,,,,,,,,,,,,,,,,,,
2025-09-11T23:54:21.731910,,target_selection,Niemcy,TL_Kompania__6_Panzer_Kompanie,,target_analysis,,,,,51,7,,,,,,,,,,,,,,,,,,,,"Target analysis: 29 candidates, score -1.00",,29,-1,999,,,,,,,,,False,,,,,,,29,29,29,2,2
2025-09-11T23:54:21.735569,,,Niemcy,TL_Kompania__6_Panzer_Kompanie,,second_move,,,51,7,,,,,,,,,,,,,,,,,,,,,,second_chance after PRE_RAID_OPTIMIZATION,,,,,,,,,,,,,,,,,,,,,,,,
2025-09-11T23:54:21.747385,,target_selection,Niemcy,P_Kompania__6_Sch_tzen_Kompanie,,target_analysis,,,,,52,3,,,,,,,,,,,,,,,,,,,,"Target analysis: 29 candidates, score -1.00",,29,-1,999,,,,,,,,,False,,,,,,,29,29,29,1,1
2025-09-11T23:54:21.750476,,,Niemcy,P_Kompania__6_Sch_tzen_Kompanie,,second_move,,,52,3,,,,,,,,,,,,,,,,,,,,,,second_chance after PRE_RAID_OPTIMIZATION,,,,,,,,,,,,,,,,,,,,,,,,
2025-09-11T23:54:21.763515,,target_selection,Niemcy,P_Pluton__6_Sch_tzen_Kompanie,,target_analysis,,,,,49,4,,,,,,,,,,,,,,,,,,,,"Target analysis: 29 candidates, score -1.00",,29,-1,999,,,,,,,,,False,,,,,,,29,29,29,1,1
2025-09-11T23:54:21.767173,,,Niemcy,P_Pluton__6_Sch_tzen_Kompanie,,second_move,,,49,4,,,,,,,,,,,,,,,,,,,,,,second_chance after PRE_RAID_OPTIMIZATION,,,,,,,,,,,,,,,,,,,,,,,,
2025-09-11T23:54:21.777746,,target_selection,Niemcy,P_Kompania__6_Infanterie_Regiment,,target_analysis,,,,,45,8,,,,,,,,,,,,,,,,,,,,"Target analysis: 29 candidates, score -1.00",,29,-1,999,,,,,,,,,False,,,,,,,29,29,29,1,1
2025-09-11T23:54:21.777746,,,Niemcy,P_Kompania__6_Infanterie_Regiment,,second_move,,,45,8,,,,,,,,,,,,,,,,,,,,,,second_chance after PRE_RAID_OPTIMIZATION,,,,,,,,,,,,,,,,,,,,,,,,
2025-09-11T23:54:21.795593,,target_selection,Niemcy,P_Pluton__6_Grenadier_Bataillon_20250907191921,,target_analysis,,,,,49,6,,,,,,,,,,,,,,,,,,,,"Target analysis: 29 candidates, score -1.00",,29,-1,999,,,,,,,,,False,,,,,,,29,29,29,1,1
2025-09-11T23:54:21.799520,,,Niemcy,P_Pluton__6_Grenadier_Bataillon_20250907191921,,second_move,,,49,6,,,,,,,,,,,,,,,,,,,,,,second_chance after PRE_RAID_OPTIMIZATION,,,,,,,,,,,,,,,,,,,,,,,,
2025-09-11T23:54:22.110934,,strategy,Niemcy,STRATEGY,,strategic_decision,,,,,,,,,,,,,,,,,,,,,,,,,,"Strategy: REASSIGNMENT, aggression 0.50, 4 groups, 0 reassignments",,,,,,,,,REASSIGNMENT,0.5,,,,,,adaptive,,0,dynamic_reassignment,,,,,
2025-09-11T23:54:22.122951,,strategy,Niemcy,STRATEGY,,strategic_decision,,,,,,,,,,,,,,,,,,,,,,,,,,"Strategy: REASSIGNMENT, aggression 0.50, 4 groups, 0 reassignments",,,,,,,,,REASSIGNMENT,0.5,,,,,,adaptive,,0,dynamic_reassignment,,,,,
2025-09-11T23:54:22.124969,,,Niemcy,RESUPPLY_NEEDS,,resupply_analysis,,,,,,,,,,,,,,,,,,,,,,,,,,NEEDS_ANALYSIS LOW_FUEL | TOTAL_FUEL_NEEDED: 10 | TOTAL_COMBAT_NEEDED: 0 | TOTAL_PE_NEEDED: 10 | BUDGET_AVAILABLE: 87 | UNITS_REQUIRING_HELP: 5,,,,,,,,,,,,,,,,,,,,,,,,
2025-09-11T23:54:22.125985,,,Niemcy,RESUPPLY_OPERATION,,resupply_summary,,,,,,,,,,,,,,,,,,,,,,,,,,RESUPPLY_SUMMARY LOW_FUEL | TOTAL_PE_SPENT: 0 | UNITS_RESUPPLIED: 0/5 | BUDGET_ALLOCATED: 87 | PE_REMAINING: 109,,,,,,,,,,,,,,,,,,,,,,,,
2025-09-11T23:54:22.135336,,target_selection,Niemcy,TL_Kompania__6_Panzer_Kompanie,,target_analysis,,,,,52,7,,,,,,,,,,,,,,,,,,,,"Target analysis: 29 candidates, score -1.00",,29,-1,999,,,,,,,,,False,,,,,,,29,29,29,1,1
2025-09-11T23:54:22.141095,,,Niemcy,TL_Kompania__6_Panzer_Kompanie,,second_move,,,52,7,,,,,,,,,,,,,,,,,,,,,,second_chance after LOW_FUEL,,,,,,,,,,,,,,,,,,,,,,,,
2025-09-11T23:54:22.142107,,,Niemcy,RESUPPLY_NEEDS,,resupply_analysis,,,,,,,,,,,,,,,,,,,,,,,,,,NEEDS_ANALYSIS LOW_FUEL | TOTAL_FUEL_NEEDED: 11 | TOTAL_COMBAT_NEEDED: 0 | TOTAL_PE_NEEDED: 11 | BUDGET_AVAILABLE: 87 | UNITS_REQUIRING_HELP: 5,,,,,,,,,,,,,,,,,,,,,,,,
2025-09-11T23:54:22.143112,,,Niemcy,RESUPPLY_OPERATION,,resupply_summary,,,,,,,,,,,,,,,,,,,,,,,,,,RESUPPLY_SUMMARY LOW_FUEL | TOTAL_PE_SPENT: 0 | UNITS_RESUPPLIED: 0/5 | BUDGET_ALLOCATED: 87 | PE_REMAINING: 109,,,,,,,,,,,,,,,,,,,,,,,,
2025-09-11T23:54:22.144118,,,Niemcy,RESUPPLY_NEEDS,,resupply_analysis,,,,,,,,,,,,,,,,,,,,,,,,,,NEEDS_ANALYSIS LOW_FUEL | TOTAL_FUEL_NEEDED: 11 | TOTAL_COMBAT_NEEDED: 0 | TOTAL_PE_NEEDED: 11 | BUDGET_AVAILABLE: 87 | UNITS_REQUIRING_HELP: 5,,,,,,,,,,,,,,,,,,,,,,,,
2025-09-11T23:54:22.145189,,,Niemcy,RESUPPLY_OPERATION,,resupply_summary,,,,,,,,,,,,,,,,,,,,,,,,,,RESUPPLY_SUMMARY LOW_FUEL | TOTAL_PE_SPENT: 0 | UNITS_RESUPPLIED: 0/5 | BUDGET_ALLOCATED: 87 | PE_REMAINING: 109,,,,,,,,,,,,,,,,,,,,,,,,
2025-09-11T23:54:22.146080,,,Niemcy,RESUPPLY_NEEDS,,resupply_analysis,,,,,,,,,,,,,,,,,,,,,,,,,,NEEDS_ANALYSIS LOW_FUEL | TOTAL_FUEL_NEEDED: 11 | TOTAL_COMBAT_NEEDED: 0 | TOTAL_PE_NEEDED: 11 | BUDGET_AVAILABLE: 87 | UNITS_REQUIRING_HELP: 5,,,,,,,,,,,,,,,,,,,,,,,,
2025-09-11T23:54:22.148228,,,Niemcy,RESUPPLY_OPERATION,,resupply_summary,,,,,,,,,,,,,,,,,,,,,,,,,,RESUPPLY_SUMMARY LOW_FUEL | TOTAL_PE_SPENT: 0 | UNITS_RESUPPLIED: 0/5 | BUDGET_ALLOCATED: 87 | PE_REMAINING: 109,,,,,,,,,,,,,,,,,,,,,,,,
2025-09-11T23:54:22.149239,,,Niemcy,RESUPPLY_NEEDS,,resupply_analysis,,,,,,,,,,,,,,,,,,,,,,,,,,NEEDS_ANALYSIS LOW_FUEL | TOTAL_FUEL_NEEDED: 11 | TOTAL_COMBAT_NEEDED: 0 | TOTAL_PE_NEEDED: 11 | BUDGET_AVAILABLE: 87 | UNITS_REQUIRING_HELP: 5,,,,,,,,,,,,,,,,,,,,,,,,
2025-09-11T23:54:22.150243,,,Niemcy,RESUPPLY_OPERATION,,resupply_summary,,,,,,,,,,,,,,,,,,,,,,,,,,RESUPPLY_SUMMARY LOW_FUEL | TOTAL_PE_SPENT: 0 | UNITS_RESUPPLIED: 0/5 | BUDGET_ALLOCATED: 87 | PE_REMAINING: 109,,,,,,,,,,,,,,,,,,,,,,,,
2025-09-11T23:54:22.158286,,strategy,Niemcy,STRATEGY,,strategic_decision,,,,,,,,,,,,,,,,,,,,,,,,,,"Strategy: REASSIGNMENT, aggression 0.50, 1 groups, 0 reassignments",,,,,,,,,REASSIGNMENT,0.5,,,,,,adaptive,,0,dynamic_reassignment,,,,,
2025-09-11T23:54:22.163381,,target_selection,Niemcy,TL_Kompania__6_Panzer_Kompanie,,target_analysis,,,,,,,,,,,,,,,,,,,,,,,,,,"Target analysis: 29 candidates, score -1.00",,29,-1,999,,,,,,,,,False,,,,,,,29,29,29,5,0
2025-09-11T23:54:22.167900,,,Niemcy,RESUPPLY_NEEDS,,resupply_analysis,,,,,,,,,,,,,,,,,,,,,,,,,,NEEDS_ANALYSIS LOW_FUEL | TOTAL_FUEL_NEEDED: 11 | TOTAL_COMBAT_NEEDED: 0 | TOTAL_PE_NEEDED: 11 | BUDGET_AVAILABLE: 87 | UNITS_REQUIRING_HELP: 5,,,,,,,,,,,,,,,,,,,,,,,,
2025-09-11T23:54:22.168906,,,Niemcy,RESUPPLY_OPERATION,,resupply_summary,,,,,,,,,,,,,,,,,,,,,,,,,,RESUPPLY_SUMMARY LOW_FUEL | TOTAL_PE_SPENT: 0 | UNITS_RESUPPLIED: 0/5 | BUDGET_ALLOCATED: 87 | PE_REMAINING: 109,,,,,,,,,,,,,,,,,,,,,,,,
2025-09-11T23:54:22.173566,,,Niemcy,RESUPPLY_NEEDS,,resupply_analysis,,,,,,,,,,,,,,,,,,,,,,,,,,NEEDS_ANALYSIS LOW_FUEL | TOTAL_FUEL_NEEDED: 11 | TOTAL_COMBAT_NEEDED: 0 | TOTAL_PE_NEEDED: 11 | BUDGET_AVAILABLE: 87 | UNITS_REQUIRING_HELP: 5,,,,,,,,,,,,,,,,,,,,,,,,
2025-09-11T23:54:22.173566,,,Niemcy,RESUPPLY_OPERATION,,resupply_summary,,,,,,,,,,,,,,,,,,,,,,,,,,RESUPPLY_SUMMARY LOW_FUEL | TOTAL_PE_SPENT: 0 | UNITS_RESUPPLIED: 0/5 | BUDGET_ALLOCATED: 87 | PE_REMAINING: 109,,,,,,,,,,,,,,,,,,,,,,,,
2025-09-11T23:54:22.176435,,,Niemcy,RESUPPLY_NEEDS,,resupply_analysis,,,,,,,,,,,,,,,,,,,,,,,,,,NEEDS_ANALYSIS LOW_FUEL | TOTAL_FUEL_NEEDED: 11 | TOTAL_COMBAT_NEEDED: 0 | TOTAL_PE_NEEDED: 11 | BUDGET_AVAILABLE: 87 | UNITS_REQUIRING_HELP: 5,,,,,,,,,,,,,,,,,,,,,,,,
2025-09-11T23:54:22.176435,,,Niemcy,RESUPPLY_OPERATION,,resupply_summary,,,,,,,,,,,,,,,,,,,,,,,,,,RESUPPLY_SUMMARY LOW_FUEL | TOTAL_PE_SPENT: 0 | UNITS_RESUPPLIED: 0/5 | BUDGET_ALLOCATED: 87 | PE_REMAINING: 109,,,,,,,,,,,,,,,,,,,,,,,,
2025-09-11T23:54:22.178822,,strategy,Niemcy,STRATEGY,,strategic_decision,,,,,,,,,,,,,,,,,,,,,,,,,,"Strategy: REASSIGNMENT, aggression 0.50, 1 groups, 0 reassignments",,,,,,,,,REASSIGNMENT,0.5,,,,,,adaptive,,0,dynamic_reassignment,,,,,
2025-09-11T23:54:22.184355,,target_selection,Niemcy,P_Kompania__6_Sch_tzen_Kompanie,,target_analysis,,,,,,,,,,,,,,,,,,,,,,,,,,"Target analysis: 29 candidates, score -1.00",,29,-1,999,,,,,,,,,False,,,,,,,29,29,29,4,0
2025-09-11T23:54:22.187359,,,Niemcy,RESUPPLY_NEEDS,,resupply_analysis,,,,,,,,,,,,,,,,,,,,,,,,,,NEEDS_ANALYSIS LOW_FUEL | TOTAL_FUEL_NEEDED: 11 | TOTAL_COMBAT_NEEDED: 0 | TOTAL_PE_NEEDED: 11 | BUDGET_AVAILABLE: 87 | UNITS_REQUIRING_HELP: 5,,,,,,,,,,,,,,,,,,,,,,,,
2025-09-11T23:54:22.189354,,,Niemcy,RESUPPLY_OPERATION,,resupply_summary,,,,,,,,,,,,,,,,,,,,,,,,,,RESUPPLY_SUMMARY LOW_FUEL | TOTAL_PE_SPENT: 0 | UNITS_RESUPPLIED: 0/5 | BUDGET_ALLOCATED: 87 | PE_REMAINING: 109,,,,,,,,,,,,,,,,,,,,,,,,
2025-09-11T23:54:22.190600,,,Niemcy,RESUPPLY_NEEDS,,resupply_analysis,,,,,,,,,,,,,,,,,,,,,,,,,,NEEDS_ANALYSIS LOW_FUEL | TOTAL_FUEL_NEEDED: 11 | TOTAL_COMBAT_NEEDED: 0 | TOTAL_PE_NEEDED: 11 | BUDGET_AVAILABLE: 87 | UNITS_REQUIRING_HELP: 5,,,,,,,,,,,,,,,,,,,,,,,,
2025-09-11T23:54:22.191686,,,Niemcy,RESUPPLY_OPERATION,,resupply_summary,,,,,,,,,,,,,,,,,,,,,,,,,,RESUPPLY_SUMMARY LOW_FUEL | TOTAL_PE_SPENT: 0 | UNITS_RESUPPLIED: 0/5 | BUDGET_ALLOCATED: 87 | PE_REMAINING: 109,,,,,,,,,,,,,,,,,,,,,,,,
2025-09-11T23:54:22.193719,,strategy,Niemcy,STRATEGY,,strategic_decision,,,,,,,,,,,,,,,,,,,,,,,,,,"Strategy: REASSIGNMENT, aggression 0.50, 1 groups, 0 reassignments",,,,,,,,,REASSIGNMENT,0.5,,,,,,adaptive,,0,dynamic_reassignment,,,,,
2025-09-11T23:54:22.198655,,target_selection,Niemcy,AL_Pluton__6_Artillerie_Batterie,,target_analysis,,,,,,,,,,,,,,,,,,,,,,,,,,"Target analysis: 29 candidates, score -1.00",,29,-1,999,,,,,,,,,False,,,,,,,29,29,29,0,2
2025-09-11T23:54:22.206685,,strategy,Niemcy,STRATEGY,,strategic_decision,,,,,,,,,,,,,,,,,,,,,,,,,,"Strategy: REASSIGNMENT, aggression 0.50, 1 groups, 0 reassignments",,,,,,,,,REASSIGNMENT,0.5,,,,,,adaptive,,0,dynamic_reassignment,,,,,
2025-09-11T23:54:22.218025,,target_selection,Niemcy,P_Pluton__6_Grenadier_Bataillon,,target_analysis,,,,,48,-12,,,,,,,,,,,,,,,,,,,,"Target analysis: 29 candidates, score -1.00",,29,-1,999,,,,,,,,,False,,,,,,,29,29,29,4,2
2025-09-11T23:54:22.225018,,,Niemcy,Z_Pluton__6_Aufkl_rungs_Zug,,adaptive_autonomous,48,-12,48,-12,,,,,,,,,,,,,,,,,,,,,,"Advanced auto mode: group 4 (strategy: LOSING, aggr: 0.9)",,,,,,,,,,,,,,,,,,,,,,,,
2025-09-11T23:54:22.367551,,,Niemcy,TURN_END,,turn_summary,,,,,,,,,,,13,1,,,,,,,,,,,,advanced,opp=0;groups=4;adv=True,"Turn completed: 1/13 units moved, 4 groups (advanced)",,,,,,,,,,,,,,,,,,,,,,,,
2025-09-12T00:00:47.883024,,,Niemcy,TURN_START,,turn_begin,,,,,,,,,,,,,,,,,,,,,,,,,,AI Commander turn started for player 5,,,,,,,,,,,,,,,,,,,,,,,,
2025-09-12T00:00:47.883024,,,Niemcy,RESUPPLY_NEEDS,,resupply_analysis,,,,,,,,,,,,,,,,,,,,,,,,,,NEEDS_ANALYSIS PRE_RAID_OPTIMIZATION | TOTAL_FUEL_NEEDED: 2 | TOTAL_COMBAT_NEEDED: 0 | TOTAL_PE_NEEDED: 2 | BUDGET_AVAILABLE: 59 | UNITS_REQUIRING_HELP: 2,,,,,,,,,,,,,,,,,,,,,,,,
2025-09-12T00:00:47.883024,,,Niemcy,P_Batalion__5_Sch_tzen_Kompanie,,resupply_detailed,50,0,50,0,,,,,,,,,,,,,,,,,,,,,,phase1 PRE_RAID_OPTIMIZATION | PE_SPENT: fuel=1 combat=0 total=1 | BEFORE: fuel=1 combat=14 | AFTER: fuel=2 combat=14,,,,,,,,,,,,,,,,,,,,,,,,
2025-09-12T00:00:47.883024,,,Niemcy,RESUPPLY_OPERATION,,resupply_summary,,,,,,,,,,,,,,,,,,,,,,,,,,RESUPPLY_SUMMARY PRE_RAID_OPTIMIZATION | TOTAL_PE_SPENT: 1 | UNITS_RESUPPLIED: 1/2 | BUDGET_ALLOCATED: 59 | PE_REMAINING: 118,,,,,,,,,,,,,,,,,,,,,,,,
2025-09-12T00:00:47.925154,,target_selection,Niemcy,P_Batalion__5_Sch_tzen_Kompanie,,target_analysis,,,,,52,0,,,,,,,,,,,,,,,,,,,,"Target analysis: 29 candidates, score -1.00",,29,-1,999,,,,,,,,,False,,,,,,,29,29,29,4,2
2025-09-12T00:00:47.930484,,,Niemcy,P_Batalion__5_Sch_tzen_Kompanie,,second_move,,,52,0,,,,,,,,,,,,,,,,,,,,,,second_chance after PRE_RAID_OPTIMIZATION,,,,,,,,,,,,,,,,,,,,,,,,
2025-09-12T00:00:48.004888,,target_selection,Niemcy,Z_Pluton__5_Aufkl_rungs_Zug,,target_analysis,,,,,48,-19,,,,,,,,,,,,,,,,,,,,"Target analysis: 29 candidates, score -1.00",,29,-1,999,,,,,,,,,False,,,,,,,29,29,29,9,3
2025-09-12T00:00:48.004888,,,Niemcy,Z_Pluton__5_Aufkl_rungs_Zug,,second_move,,,48,-19,,,,,,,,,,,,,,,,,,,,,,second_chance after PRE_RAID_OPTIMIZATION,,,,,,,,,,,,,,,,,,,,,,,,
2025-09-12T00:00:48.058964,,,Niemcy,RESUPPLY_NEEDS,,resupply_analysis,,,,,,,,,,,,,,,,,,,,,,,,,,NEEDS_ANALYSIS PRE_RAID_OPTIMIZATION | TOTAL_FUEL_NEEDED: 4 | TOTAL_COMBAT_NEEDED: 0 | TOTAL_PE_NEEDED: 4 | BUDGET_AVAILABLE: 94 | UNITS_REQUIRING_HELP: 3,,,,,,,,,,,,,,,,,,,,,,,,
2025-09-12T00:00:48.058964,,,Niemcy,P_Batalion__5_Sch_tzen_Kompanie,,resupply_detailed,52,0,52,0,,,,,,,,,,,,,,,,,,,,,,phase1 PRE_RAID_OPTIMIZATION | PE_SPENT: fuel=1 combat=0 total=1 | BEFORE: fuel=1 combat=14 | AFTER: fuel=2 combat=14,,,,,,,,,,,,,,,,,,,,,,,,
2025-09-12T00:00:48.058964,,,Niemcy,Z_Pluton__5_Aufkl_rungs_Zug,,resupply_detailed,48,-19,48,-19,,,,,,,,,,,,,,,,,,,,,,phase1 PRE_RAID_OPTIMIZATION | PE_SPENT: fuel=1 combat=0 total=1 | BEFORE: fuel=2 combat=4 | AFTER: fuel=3 combat=4,,,,,,,,,,,,,,,,,,,,,,,,
2025-09-12T00:00:48.058964,,,Niemcy,RESUPPLY_OPERATION,,resupply_summary,,,,,,,,,,,,,,,,,,,,,,,,,,RESUPPLY_SUMMARY PRE_RAID_OPTIMIZATION | TOTAL_PE_SPENT: 2 | UNITS_RESUPPLIED: 2/3 | BUDGET_ALLOCATED: 94 | PE_REMAINING: 116,,,,,,,,,,,,,,,,,,,,,,,,
2025-09-12T00:00:48.094702,,target_selection,Niemcy,P_Batalion__5_Sch_tzen_Kompanie,,target_analysis,,,,,54,0,,,,,,,,,,,,,,,,,,,,"Target analysis: 29 candidates, score -1.00",,29,-1,999,,,,,,,,,False,,,,,,,29,29,29,3,2
2025-09-12T00:00:48.098051,,,Niemcy,P_Batalion__5_Sch_tzen_Kompanie,,second_move,,,54,0,,,,,,,,,,,,,,,,,,,,,,second_chance after PRE_RAID_OPTIMIZATION,,,,,,,,,,,,,,,,,,,,,,,,
2025-09-12T00:00:48.167816,,target_selection,Niemcy,Z_Pluton__5_Aufkl_rungs_Zug,,target_analysis,,,,,48,-16,,,,,,,,,,,,,,,,,,,,"Target analysis: 29 candidates, score -1.00",,29,-1,999,,,,,,,,,False,,,,,,,29,29,29,8,3
2025-09-12T00:00:48.172997,,,Niemcy,Z_Pluton__5_Aufkl_rungs_Zug,,second_move,,,48,-16,,,,,,,,,,,,,,,,,,,,,,second_chance after PRE_RAID_OPTIMIZATION,,,,,,,,,,,,,,,,,,,,,,,,
2025-09-12T00:00:48.201020,,target_selection,Niemcy,Z_Pluton__5_Versorgungs_Kompanie_20250907191837,,target_analysis,,,,,43,-15,,,,,,,,,,,,,,,,,,,,"Target analysis: 29 candidates, score 45.00",,29,45.0,1,,,,,,,,,False,,,,"(43, -15)",,,28,29,29,8,3
2025-09-12T00:00:48.207668,,,Niemcy,Z_Pluton__5_Versorgungs_Kompanie_20250907191837,,second_move,,,43,-15,,,,,,,,,,,,,,,,,,,,,,second_chance after PRE_RAID_OPTIMIZATION,,,,,,,,,,,,,,,,,,,,,,,,
2025-09-12T00:00:48.245833,,,Niemcy,RESUPPLY_NEEDS,,resupply_analysis,,,,,,,,,,,,,,,,,,,,,,,,,,NEEDS_ANALYSIS PRE_RAID_OPTIMIZATION | TOTAL_FUEL_NEEDED: 6 | TOTAL_COMBAT_NEEDED: 0 | TOTAL_PE_NEEDED: 6 | BUDGET_AVAILABLE: 92 | UNITS_REQUIRING_HELP: 4,,,,,,,,,,,,,,,,,,,,,,,,
2025-09-12T00:00:48.245833,,,Niemcy,P_Batalion__5_Sch_tzen_Kompanie,,resupply_detailed,54,0,54,0,,,,,,,,,,,,,,,,,,,,,,phase1 PRE_RAID_OPTIMIZATION | PE_SPENT: fuel=1 combat=0 total=1 | BEFORE: fuel=1 combat=14 | AFTER: fuel=2 combat=14,,,,,,,,,,,,,,,,,,,,,,,,
2025-09-12T00:00:48.245833,,,Niemcy,Z_Pluton__5_Versorgungs_Kompanie_20250907191837,,resupply_detailed,43,-15,43,-15,,,,,,,,,,,,,,,,,,,,,,phase1 PRE_RAID_OPTIMIZATION | PE_SPENT: fuel=1 combat=0 total=1 | BEFORE: fuel=2 combat=4 | AFTER: fuel=3 combat=4,,,,,,,,,,,,,,,,,,,,,,,,
2025-09-12T00:00:48.245833,,,Niemcy,Z_Pluton__5_Aufkl_rungs_Zug,,resupply_detailed,48,-16,48,-16,,,,,,,,,,,,,,,,,,,,,,phase1 PRE_RAID_OPTIMIZATION | PE_SPENT: fuel=1 combat=0 total=1 | BEFORE: fuel=2 combat=4 | AFTER: fuel=3 combat=4,,,,,,,,,,,,,,,,,,,,,,,,
2025-09-12T00:00:48.245833,,,Niemcy,RESUPPLY_OPERATION,,resupply_summary,,,,,,,,,,,,,,,,,,,,,,,,,,RESUPPLY_SUMMARY PRE_RAID_OPTIMIZATION | TOTAL_PE_SPENT: 3 | UNITS_RESUPPLIED: 3/4 | BUDGET_ALLOCATED: 92 | PE_REMAINING: 113,,,,,,,,,,,,,,,,,,,,,,,,
2025-09-12T00:00:48.274038,,target_selection,Niemcy,P_Batalion__5_Sch_tzen_Kompanie,,target_analysis,,,,,52,0,,,,,,,,,,,,,,,,,,,,"Target analysis: 29 candidates, score -1.00",,29,-1,999,,,,,,,,,False,,,,,,,29,29,29,2,2
2025-09-12T00:00:48.274038,,,Niemcy,P_Batalion__5_Sch_tzen_Kompanie,,second_move,,,52,0,,,,,,,,,,,,,,,,,,,,,,second_chance after PRE_RAID_OPTIMIZATION,,,,,,,,,,,,,,,,,,,,,,,,
2025-09-12T00:00:48.306639,,target_selection,Niemcy,Z_Pluton__5_Versorgungs_Kompanie_20250907191837,,target_analysis,,,,,43,-14,,,,,,,,,,,,,,,,,,,,"Target analysis: 29 candidates, score 45.00",,29,45.0,1,,,,,,,,,False,,,,"(43, -14)",,,26,29,29,7,3
2025-09-12T00:00:48.310559,,,Niemcy,Z_Pluton__5_Versorgungs_Kompanie_20250907191837,,second_move,,,43,-14,,,,,,,,,,,,,,,,,,,,,,second_chance after PRE_RAID_OPTIMIZATION,,,,,,,,,,,,,,,,,,,,,,,,
2025-09-12T00:00:48.336376,,target_selection,Niemcy,Z_Pluton__5_Aufkl_rungs_Zug,,target_analysis,,,,,45,-15,,,,,,,,,,,,,,,,,,,,"Target analysis: 29 candidates, score 30.00",,29,30.0,3,,,,,,,,,False,,,,"(45, -15)",,,28,29,29,7,3
2025-09-12T00:00:48.336376,,,Niemcy,Z_Pluton__5_Aufkl_rungs_Zug,,second_move,,,45,-15,,,,,,,,,,,,,,,,,,,,,,second_chance after PRE_RAID_OPTIMIZATION,,,,,,,,,,,,,,,,,,,,,,,,
2025-09-12T00:00:48.352127,,target_selection,Niemcy,Z_Pluton__5_Aufkl_rungs_Zug_20250907191835,,target_analysis,,,,,43,-15,,,,,,,,,,,,,,,,,,,,"Target analysis: 29 candidates, score 45.00",,29,45.0,1,,,,,,,,,False,,,,"(43, -15)",,,28,29,29,8,3
2025-09-12T00:00:48.368144,,,Niemcy,Z_Pluton__5_Aufkl_rungs_Zug_20250907191835,,second_move,,,43,-15,,,,,,,,,,,,,,,,,,,,,,second_chance after PRE_RAID_OPTIMIZATION,,,,,,,,,,,,,,,,,,,,,,,,
2025-09-12T00:00:48.413388,,,Niemcy,RESUPPLY_NEEDS,,resupply_analysis,,,,,,,,,,,,,,,,,,,,,,,,,,NEEDS_ANALYSIS MULTI_TURN_START | TOTAL_FUEL_NEEDED: 7 | TOTAL_COMBAT_NEEDED: 0 | TOTAL_PE_NEEDED: 7 | BUDGET_AVAILABLE: 90 | UNITS_REQUIRING_HELP: 4,,,,,,,,,,,,,,,,,,,,,,,,
2025-09-12T00:00:48.413388,,,Niemcy,Z_Pluton__5_Versorgungs_Kompanie_20250907191837,,resupply_detailed,43,-14,43,-14,,,,,,,,,,,,,,,,,,,,,,phase1 MULTI_TURN_START | PE_SPENT: fuel=1 combat=0 total=1 | BEFORE: fuel=2 combat=4 | AFTER: fuel=3 combat=4,,,,,,,,,,,,,,,,,,,,,,,,
2025-09-12T00:00:48.415398,,,Niemcy,Z_Pluton__5_Aufkl_rungs_Zug_20250907191835,,resupply_detailed,43,-15,43,-15,,,,,,,,,,,,,,,,,,,,,,phase1 MULTI_TURN_START | PE_SPENT: fuel=1 combat=0 total=1 | BEFORE: fuel=2 combat=4 | AFTER: fuel=3 combat=4,,,,,,,,,,,,,,,,,,,,,,,,
2025-09-12T00:00:48.415398,,,Niemcy,Z_Pluton__5_Aufkl_rungs_Zug,,resupply_detailed,45,-15,45,-15,,,,,,,,,,,,,,,,,,,,,,phase1 MULTI_TURN_START | PE_SPENT: fuel=1 combat=0 total=1 | BEFORE: fuel=2 combat=4 | AFTER: fuel=3 combat=4,,,,,,,,,,,,,,,,,,,,,,,,
2025-09-12T00:00:48.416763,,,Niemcy,RESUPPLY_OPERATION,,resupply_summary,,,,,,,,,,,,,,,,,,,,,,,,,,RESUPPLY_SUMMARY MULTI_TURN_START | TOTAL_PE_SPENT: 3 | UNITS_RESUPPLIED: 3/4 | BUDGET_ALLOCATED: 90 | PE_REMAINING: 110,,,,,,,,,,,,,,,,,,,,,,,,
2025-09-12T00:00:48.428927,,target_selection,Niemcy,P_Batalion__5_Sch_tzen_Kompanie,,target_analysis,,,,,53,0,,,,,,,,,,,,,,,,,,,,"Target analysis: 29 candidates, score -1.00",,29,-1,999,,,,,,,,,False,,,,,,,29,29,29,1,1
2025-09-12T00:00:48.428927,,,Niemcy,P_Batalion__5_Sch_tzen_Kompanie,,second_move,,,53,0,,,,,,,,,,,,,,,,,,,,,,second_chance after MULTI_TURN_START,,,,,,,,,,,,,,,,,,,,,,,,
2025-09-12T00:00:48.456721,,target_selection,Niemcy,Z_Pluton__5_Versorgungs_Kompanie_20250907191837,,target_analysis,,,,,42,-14,,,,,,,,,,,,,,,,,,,,"Target analysis: 29 candidates, score 45.00",,29,45.0,1,,,,,,,,,False,,,,"(42, -14)",,,27,29,29,6,3
2025-09-12T00:00:48.464425,,,Niemcy,Z_Pluton__5_Versorgungs_Kompanie_20250907191837,,second_move,,,42,-14,,,,,,,,,,,,,,,,,,,,,,second_chance after MULTI_TURN_START,,,,,,,,,,,,,,,,,,,,,,,,
2025-09-12T00:00:48.496327,,target_selection,Niemcy,Z_Pluton__5_Aufkl_rungs_Zug_20250907191835,,target_analysis,,,,,43,-14,,,,,,,,,,,,,,,,,,,,"Target analysis: 29 candidates, score 45.00",,29,45.0,1,,,,,,,,,False,,,,"(43, -14)",,,27,29,29,7,3
2025-09-12T00:00:48.508042,,,Niemcy,Z_Pluton__5_Aufkl_rungs_Zug_20250907191835,,second_move,,,43,-14,,,,,,,,,,,,,,,,,,,,,,second_chance after MULTI_TURN_START,,,,,,,,,,,,,,,,,,,,,,,,
2025-09-12T00:00:48.538033,,target_selection,Niemcy,Z_Pluton__5_Aufkl_rungs_Zug,,target_analysis,,,,,43,-15,,,,,,,,,,,,,,,,,,,,"Target analysis: 29 candidates, score 45.00",,29,45.0,3,,,,,,,,,False,,,,"(43, -15)",,,27,29,29,6,3
2025-09-12T00:00:48.543444,,,Niemcy,Z_Pluton__5_Aufkl_rungs_Zug,,second_move,,,43,-15,,,,,,,,,,,,,,,,,,,,,,second_chance after MULTI_TURN_START,,,,,,,,,,,,,,,,,,,,,,,,
2025-09-12T00:00:48.572410,,strategy,Niemcy,STRATEGY,,strategic_decision,,,,,,,,,,,,,,,,,,,,,,,,,,"Strategy: REASSIGNMENT, aggression 0.50, 1 groups, 0 reassignments",,,,,,,,,REASSIGNMENT,0.5,,,,,,adaptive,,0,dynamic_reassignment,,,,,
2025-09-12T00:00:48.584673,,strategy,Niemcy,STRATEGY,,strategic_decision,,,,,,,,,,,,,,,,,,,,,,,,,,"Strategy: REASSIGNMENT, aggression 0.50, 1 groups, 0 reassignments",,,,,,,,,REASSIGNMENT,0.5,,,,,,adaptive,,0,dynamic_reassignment,,,,,
2025-09-12T00:00:48.586683,,strategy,Niemcy,STRATEGY,,strategic_decision,,,,,,,,,,,,,,,,,,,,,,,,,,"Strategy: REASSIGNMENT, aggression 0.50, 1 groups, 0 reassignments",,,,,,,,,REASSIGNMENT,0.5,,,,,,adaptive,,0,dynamic_reassignment,,,,,
2025-09-12T00:00:48.618236,,target_selection,Niemcy,P_Batalion__5_Sch_tzen_Kompanie,,target_analysis,,,,,51,0,,,,,,,,,,,,,,,,,,,,"Target analysis: 29 candidates, score -1.00",,29,-1,999,,,,,,,,,False,,,,,,,29,29,29,4,1
2025-09-12T00:00:48.623839,,,Niemcy,TURN_END,,turn_summary,,,,,,,,,,,1,0,,,,,,,,,,,,advanced,opp=2;groups=1;adv=True,"Turn completed: 0/1 units moved, 1 groups (advanced)",,,,,,,,,,,,,,,,,,,,,,,,
2025-09-12T00:00:48.856708,,,Niemcy,TURN_START,,turn_begin,,,,,,,,,,,,,,,,,,,,,,,,,,AI Commander turn started for player 6,,,,,,,,,,,,,,,,,,,,,,,,
2025-09-12T00:00:48.925069,,,Niemcy,RESUPPLY_NEEDS,,resupply_analysis,,,,,,,,,,,,,,,,,,,,,,,,,,NEEDS_ANALYSIS PRE_RAID_OPTIMIZATION | TOTAL_FUEL_NEEDED: 12 | TOTAL_COMBAT_NEEDED: 5 | TOTAL_PE_NEEDED: 17 | BUDGET_AVAILABLE: 133 | UNITS_REQUIRING_HELP: 7,,,,,,,,,,,,,,,,,,,,,,,,
2025-09-12T00:00:48.928370,,,Niemcy,TL_Kompania__6_Panzer_Kompanie,,resupply_detailed,52,7,52,7,,,,,,,,,,,,,,,,,,,,,,phase1 PRE_RAID_OPTIMIZATION | PE_SPENT: fuel=2 combat=0 total=2 | BEFORE: fuel=0 combat=14 | AFTER: fuel=2 combat=14,,,,,,,,,,,,,,,,,,,,,,,,
2025-09-12T00:00:48.928370,,,Niemcy,P_Kompania__6_Sch_tzen_Kompanie,,resupply_detailed,52,3,52,3,,,,,,,,,,,,,,,,,,,,,,phase1 PRE_RAID_OPTIMIZATION | PE_SPENT: fuel=2 combat=0 total=2 | BEFORE: fuel=0 combat=11 | AFTER: fuel=2 combat=11,,,,,,,,,,,,,,,,,,,,,,,,
2025-09-12T00:00:48.930378,,,Niemcy,P_Pluton__6_Sch_tzen_Kompanie,,resupply_detailed,49,4,49,4,,,,,,,,,,,,,,,,,,,,,,phase1 PRE_RAID_OPTIMIZATION | PE_SPENT: fuel=2 combat=0 total=2 | BEFORE: fuel=0 combat=8 | AFTER: fuel=2 combat=8,,,,,,,,,,,,,,,,,,,,,,,,
2025-09-12T00:00:48.930378,,,Niemcy,P_Kompania__6_Infanterie_Regiment,,resupply_detailed,45,8,45,8,,,,,,,,,,,,,,,,,,,,,,phase1 PRE_RAID_OPTIMIZATION | PE_SPENT: fuel=2 combat=0 total=2 | BEFORE: fuel=0 combat=11 | AFTER: fuel=2 combat=11,,,,,,,,,,,,,,,,,,,,,,,,
2025-09-12T00:00:48.932386,,,Niemcy,P_Pluton__6_Grenadier_Bataillon_20250907191921,,resupply_detailed,49,6,49,6,,,,,,,,,,,,,,,,,,,,,,phase1 PRE_RAID_OPTIMIZATION | PE_SPENT: fuel=2 combat=0 total=2 | BEFORE: fuel=0 combat=8 | AFTER: fuel=2 combat=8,,,,,,,,,,,,,,,,,,,,,,,,
2025-09-12T00:00:48.932386,,,Niemcy,AL_Pluton__6_Artillerie_Batterie,,resupply_detailed,41,2,41,2,,,,,,,,,,,,,,,,,,,,,,phase1 PRE_RAID_OPTIMIZATION | PE_SPENT: fuel=0 combat=5 total=5 | BEFORE: fuel=2 combat=1 | AFTER: fuel=2 combat=6,,,,,,,,,,,,,,,,,,,,,,,,
2025-09-12T00:00:48.932386,,,Niemcy,RESUPPLY_OPERATION,,resupply_summary,,,,,,,,,,,,,,,,,,,,,,,,,,RESUPPLY_SUMMARY PRE_RAID_OPTIMIZATION | TOTAL_PE_SPENT: 15 | UNITS_RESUPPLIED: 6/7 | BUDGET_ALLOCATED: 133 | PE_REMAINING: 152,,,,,,,,,,,,,,,,,,,,,,,,
2025-09-12T00:00:49.025473,,target_selection,Niemcy,TL_Kompania__6_Panzer_Kompanie,,target_analysis,,,,,50,7,,,,,,,,,,,,,,,,,,,,"Target analysis: 29 candidates, score -1.00",,29,-1,999,,,,,,,,,False,,,,,,,29,29,29,5,2
2025-09-12T00:00:49.035898,,,Niemcy,TL_Kompania__6_Panzer_Kompanie,,second_move,,,50,7,,,,,,,,,,,,,,,,,,,,,,second_chance after PRE_RAID_OPTIMIZATION,,,,,,,,,,,,,,,,,,,,,,,,
2025-09-12T00:00:49.123379,,target_selection,Niemcy,P_Kompania__6_Sch_tzen_Kompanie,,target_analysis,,,,,50,3,,,,,,,,,,,,,,,,,,,,"Target analysis: 29 candidates, score -1.00",,29,-1,999,,,,,,,,,False,,,,,,,29,29,29,4,2
2025-09-12T00:00:49.129221,,,Niemcy,P_Kompania__6_Sch_tzen_Kompanie,,second_move,,,50,3,,,,,,,,,,,,,,,,,,,,,,second_chance after PRE_RAID_OPTIMIZATION,,,,,,,,,,,,,,,,,,,,,,,,
2025-09-12T00:00:49.176507,,target_selection,Niemcy,P_Pluton__6_Sch_tzen_Kompanie,,target_analysis,,,,,47,6,,,,,,,,,,,,,,,,,,,,"Target analysis: 29 candidates, score -1.00",,29,-1,999,,,,,,,,,False,,,,,,,29,29,29,4,2
2025-09-12T00:00:49.183295,,,Niemcy,P_Pluton__6_Sch_tzen_Kompanie,,second_move,,,47,6,,,,,,,,,,,,,,,,,,,,,,second_chance after PRE_RAID_OPTIMIZATION,,,,,,,,,,,,,,,,,,,,,,,,
2025-09-12T00:00:49.209136,,target_selection,Niemcy,P_Kompania__6_Infanterie_Regiment,,target_analysis,,,,,43,8,,,,,,,,,,,,,,,,,,,,"Target analysis: 29 candidates, score -1.00",,29,-1,999,,,,,,,,,False,,,,,,,29,29,29,4,2
2025-09-12T00:00:49.210552,,,Niemcy,P_Kompania__6_Infanterie_Regiment,,second_move,,,43,8,,,,,,,,,,,,,,,,,,,,,,second_chance after PRE_RAID_OPTIMIZATION,,,,,,,,,,,,,,,,,,,,,,,,
2025-09-12T00:00:49.226242,,target_selection,Niemcy,P_Pluton__6_Grenadier_Bataillon_20250907191921,,target_analysis,,,,,49,4,,,,,,,,,,,,,,,,,,,,"Target analysis: 29 candidates, score -1.00",,29,-1,999,,,,,,,,,False,,,,,,,29,29,29,4,2
2025-09-12T00:00:49.226242,,,Niemcy,P_Pluton__6_Grenadier_Bataillon_20250907191921,,second_move,,,49,4,,,,,,,,,,,,,,,,,,,,,,second_chance after PRE_RAID_OPTIMIZATION,,,,,,,,,,,,,,,,,,,,,,,,
2025-09-12T00:00:49.291889,,target_selection,Niemcy,Z_Pluton__6_Aufkl_rungs_Zug,,target_analysis,,,,,48,-9,,,,,,,,,,,,,,,,,,,,"Target analysis: 29 candidates, score -1.00",,29,-1,999,,,,,,,,,False,,,,,,,29,29,29,5,3
2025-09-12T00:00:49.296138,,,Niemcy,Z_Pluton__6_Aufkl_rungs_Zug,,second_move,,,48,-9,,,,,,,,,,,,,,,,,,,,,,second_chance after PRE_RAID_OPTIMIZATION,,,,,,,,,,,,,,,,,,,,,,,,
2025-09-12T00:00:49.324080,,,Niemcy,RESUPPLY_NEEDS,,resupply_analysis,,,,,,,,,,,,,,,,,,,,,,,,,,NEEDS_ANALYSIS PRE_RAID_OPTIMIZATION | TOTAL_FUEL_NEEDED: 8 | TOTAL_COMBAT_NEEDED: 0 | TOTAL_PE_NEEDED: 8 | BUDGET_AVAILABLE: 76 | UNITS_REQUIRING_HELP: 6,,,,,,,,,,,,,,,,,,,,,,,,
2025-09-12T00:00:49.324080,,,Niemcy,TL_Kompania__6_Panzer_Kompanie,,resupply_detailed,50,7,50,7,,,,,,,,,,,,,,,,,,,,,,phase1 PRE_RAID_OPTIMIZATION | PE_SPENT: fuel=1 combat=0 total=1 | BEFORE: fuel=1 combat=14 | AFTER: fuel=2 combat=14,,,,,,,,,,,,,,,,,,,,,,,,
2025-09-12T00:00:49.325330,,,Niemcy,P_Kompania__6_Sch_tzen_Kompanie,,resupply_detailed,50,3,50,3,,,,,,,,,,,,,,,,,,,,,,phase1 PRE_RAID_OPTIMIZATION | PE_SPENT: fuel=1 combat=0 total=1 | BEFORE: fuel=1 combat=11 | AFTER: fuel=2 combat=11,,,,,,,,,,,,,,,,,,,,,,,,
2025-09-12T00:00:49.325330,,,Niemcy,P_Pluton__6_Sch_tzen_Kompanie,,resupply_detailed,47,6,47,6,,,,,,,,,,,,,,,,,,,,,,phase1 PRE_RAID_OPTIMIZATION | PE_SPENT: fuel=1 combat=0 total=1 | BEFORE: fuel=1 combat=8 | AFTER: fuel=2 combat=8,,,,,,,,,,,,,,,,,,,,,,,,
2025-09-12T00:00:49.326360,,,Niemcy,P_Kompania__6_Infanterie_Regiment,,resupply_detailed,43,8,43,8,,,,,,,,,,,,,,,,,,,,,,phase1 PRE_RAID_OPTIMIZATION | PE_SPENT: fuel=1 combat=0 total=1 | BEFORE: fuel=1 combat=11 | AFTER: fuel=2 combat=11,,,,,,,,,,,,,,,,,,,,,,,,
2025-09-12T00:00:49.326360,,,Niemcy,P_Pluton__6_Grenadier_Bataillon_20250907191921,,resupply_detailed,49,4,49,4,,,,,,,,,,,,,,,,,,,,,,phase1 PRE_RAID_OPTIMIZATION | PE_SPENT: fuel=1 combat=0 total=1 | BEFORE: fuel=1 combat=8 | AFTER: fuel=2 combat=8,,,,,,,,,,,,,,,,,,,,,,,,
2025-09-12T00:00:49.327626,,,Niemcy,Z_Pluton__6_Aufkl_rungs_Zug,,resupply_detailed,48,-9,48,-9,,,,,,,,,,,,,,,,,,,,,,phase1 PRE_RAID_OPTIMIZATION | PE_SPENT: fuel=1 combat=0 total=1 | BEFORE: fuel=2 combat=4 | AFTER: fuel=3 combat=4,,,,,,,,,,,,,,,,,,,,,,,,
2025-09-12T00:00:49.328641,,,Niemcy,RESUPPLY_OPERATION,,resupply_summary,,,,,,,,,,,,,,,,,,,,,,,,,,RESUPPLY_SUMMARY PRE_RAID_OPTIMIZATION | TOTAL_PE_SPENT: 6 | UNITS_RESUPPLIED: 6/6 | BUDGET_ALLOCATED: 76 | PE_REMAINING: 146,,,,,,,,,,,,,,,,,,,,,,,,
2025-09-12T00:00:49.356297,,target_selection,Niemcy,TL_Kompania__6_Panzer_Kompanie,,target_analysis,,,,,52,7,,,,,,,,,,,,,,,,,,,,"Target analysis: 29 candidates, score -1.00",,29,-1,999,,,,,,,,,False,,,,,,,29,29,29,4,2
2025-09-12T00:00:49.360776,,,Niemcy,TL_Kompania__6_Panzer_Kompanie,,second_move,,,52,7,,,,,,,,,,,,,,,,,,,,,,second_chance after PRE_RAID_OPTIMIZATION,,,,,,,,,,,,,,,,,,,,,,,,
2025-09-12T00:00:49.392951,,target_selection,Niemcy,P_Kompania__6_Sch_tzen_Kompanie,,target_analysis,,,,,52,3,,,,,,,,,,,,,,,,,,,,"Target analysis: 29 candidates, score -1.00",,29,-1,999,,,,,,,,,False,,,,,,,29,29,29,3,2
2025-09-12T00:00:49.392951,,,Niemcy,P_Kompania__6_Sch_tzen_Kompanie,,second_move,,,52,3,,,,,,,,,,,,,,,,,,,,,,second_chance after PRE_RAID_OPTIMIZATION,,,,,,,,,,,,,,,,,,,,,,,,
2025-09-12T00:00:49.424013,,target_selection,Niemcy,P_Pluton__6_Sch_tzen_Kompanie,,target_analysis,,,,,49,6,,,,,,,,,,,,,,,,,,,,"Target analysis: 29 candidates, score -1.00",,29,-1,999,,,,,,,,,False,,,,,,,29,29,29,3,2
2025-09-12T00:00:49.424013,,,Niemcy,P_Pluton__6_Sch_tzen_Kompanie,,second_move,,,49,6,,,,,,,,,,,,,,,,,,,,,,second_chance after PRE_RAID_OPTIMIZATION,,,,,,,,,,,,,,,,,,,,,,,,
2025-09-12T00:00:49.465710,,target_selection,Niemcy,P_Kompania__6_Infanterie_Regiment,,target_analysis,,,,,45,8,,,,,,,,,,,,,,,,,,,,"Target analysis: 29 candidates, score -1.00",,29,-1,999,,,,,,,,,False,,,,,,,29,29,29,3,2
2025-09-12T00:00:49.465710,,,Niemcy,P_Kompania__6_Infanterie_Regiment,,second_move,,,45,8,,,,,,,,,,,,,,,,,,,,,,second_chance after PRE_RAID_OPTIMIZATION,,,,,,,,,,,,,,,,,,,,,,,,
2025-09-12T00:00:49.490764,,target_selection,Niemcy,P_Pluton__6_Grenadier_Bataillon_20250907191921,,target_analysis,,,,,47,6,,,,,,,,,,,,,,,,,,,,"Target analysis: 29 candidates, score -1.00",,29,-1,999,,,,,,,,,False,,,,,,,29,29,29,3,2
2025-09-12T00:00:49.490764,,,Niemcy,P_Pluton__6_Grenadier_Bataillon_20250907191921,,second_move,,,47,6,,,,,,,,,,,,,,,,,,,,,,second_chance after PRE_RAID_OPTIMIZATION,,,,,,,,,,,,,,,,,,,,,,,,
2025-09-12T00:00:49.534715,,target_selection,Niemcy,Z_Pluton__6_Aufkl_rungs_Zug,,target_analysis,,,,,51,-9,,,,,,,,,,,,,,,,,,,,"Target analysis: 29 candidates, score -1.00",,29,-1,999,,,,,,,,,False,,,,,,,29,29,29,4,3
2025-09-12T00:00:49.538263,,,Niemcy,Z_Pluton__6_Aufkl_rungs_Zug,,second_move,,,51,-9,,,,,,,,,,,,,,,,,,,,,,second_chance after PRE_RAID_OPTIMIZATION,,,,,,,,,,,,,,,,,,,,,,,,
2025-09-12T00:00:49.540841,,,Niemcy,RESUPPLY_NEEDS,,resupply_analysis,,,,,,,,,,,,,,,,,,,,,,,,,,NEEDS_ANALYSIS PRE_RAID_OPTIMIZATION | TOTAL_FUEL_NEEDED: 9 | TOTAL_COMBAT_NEEDED: 0 | TOTAL_PE_NEEDED: 9 | BUDGET_AVAILABLE: 73 | UNITS_REQUIRING_HELP: 7,,,,,,,,,,,,,,,,,,,,,,,,
2025-09-12T00:00:49.540841,,,Niemcy,TL_Kompania__6_Panzer_Kompanie,,resupply_detailed,52,7,52,7,,,,,,,,,,,,,,,,,,,,,,phase1 PRE_RAID_OPTIMIZATION | PE_SPENT: fuel=1 combat=0 total=1 | BEFORE: fuel=1 combat=14 | AFTER: fuel=2 combat=14,,,,,,,,,,,,,,,,,,,,,,,,
2025-09-12T00:00:49.540841,,,Niemcy,P_Kompania__6_Sch_tzen_Kompanie,,resupply_detailed,52,3,52,3,,,,,,,,,,,,,,,,,,,,,,phase1 PRE_RAID_OPTIMIZATION | PE_SPENT: fuel=1 combat=0 total=1 | BEFORE: fuel=1 combat=11 | AFTER: fuel=2 combat=11,,,,,,,,,,,,,,,,,,,,,,,,
2025-09-12T00:00:49.540841,,,Niemcy,P_Pluton__6_Sch_tzen_Kompanie,,resupply_detailed,49,6,49,6,,,,,,,,,,,,,,,,,,,,,,phase1 PRE_RAID_OPTIMIZATION | PE_SPENT: fuel=1 combat=0 total=1 | BEFORE: fuel=1 combat=8 | AFTER: fuel=2 combat=8,,,,,,,,,,,,,,,,,,,,,,,,
2025-09-12T00:00:49.540841,,,Niemcy,P_Kompania__6_Infanterie_Regiment,,resupply_detailed,45,8,45,8,,,,,,,,,,,,,,,,,,,,,,phase1 PRE_RAID_OPTIMIZATION | PE_SPENT: fuel=1 combat=0 total=1 | BEFORE: fuel=1 combat=11 | AFTER: fuel=2 combat=11,,,,,,,,,,,,,,,,,,,,,,,,
2025-09-12T00:00:49.540841,,,Niemcy,P_Pluton__6_Grenadier_Bataillon_20250907191921,,resupply_detailed,47,6,47,6,,,,,,,,,,,,,,,,,,,,,,phase1 PRE_RAID_OPTIMIZATION | PE_SPENT: fuel=1 combat=0 total=1 | BEFORE: fuel=1 combat=8 | AFTER: fuel=2 combat=8,,,,,,,,,,,,,,,,,,,,,,,,
2025-09-12T00:00:49.540841,,,Niemcy,Z_Pluton__6_Aufkl_rungs_Zug,,resupply_detailed,51,-9,51,-9,,,,,,,,,,,,,,,,,,,,,,phase1 PRE_RAID_OPTIMIZATION | PE_SPENT: fuel=1 combat=0 total=1 | BEFORE: fuel=2 combat=4 | AFTER: fuel=3 combat=4,,,,,,,,,,,,,,,,,,,,,,,,
2025-09-12T00:00:49.540841,,,Niemcy,RESUPPLY_OPERATION,,resupply_summary,,,,,,,,,,,,,,,,,,,,,,,,,,RESUPPLY_SUMMARY PRE_RAID_OPTIMIZATION | TOTAL_PE_SPENT: 6 | UNITS_RESUPPLIED: 6/7 | BUDGET_ALLOCATED: 73 | PE_REMAINING: 140,,,,,,,,,,,,,,,,,,,,,,,,
2025-09-12T00:00:49.557657,,target_selection,Niemcy,TL_Kompania__6_Panzer_Kompanie,,target_analysis,,,,,50,7,,,,,,,,,,,,,,,,,,,,"Target analysis: 29 candidates, score -1.00",,29,-1,999,,,,,,,,,False,,,,,,,29,29,29,3,2
2025-09-12T00:00:49.557657,,,Niemcy,TL_Kompania__6_Panzer_Kompanie,,second_move,,,50,7,,,,,,,,,,,,,,,,,,,,,,second_chance after PRE_RAID_OPTIMIZATION,,,,,,,,,,,,,,,,,,,,,,,,
2025-09-12T00:00:49.574148,,target_selection,Niemcy,P_Kompania__6_Sch_tzen_Kompanie,,target_analysis,,,,,50,3,,,,,,,,,,,,,,,,,,,,"Target analysis: 29 candidates, score -1.00",,29,-1,999,,,,,,,,,False,,,,,,,29,29,29,2,2
2025-09-12T00:00:49.574148,,,Niemcy,P_Kompania__6_Sch_tzen_Kompanie,,second_move,,,50,3,,,,,,,,,,,,,,,,,,,,,,second_chance after PRE_RAID_OPTIMIZATION,,,,,,,,,,,,,,,,,,,,,,,,
2025-09-12T00:00:49.590872,,target_selection,Niemcy,P_Pluton__6_Sch_tzen_Kompanie,,target_analysis,,,,,49,4,,,,,,,,,,,,,,,,,,,,"Target analysis: 29 candidates, score -1.00",,29,-1,999,,,,,,,,,False,,,,,,,29,29,29,2,2
2025-09-12T00:00:49.606520,,,Niemcy,P_Pluton__6_Sch_tzen_Kompanie,,second_move,,,49,4,,,,,,,,,,,,,,,,,,,,,,second_chance after PRE_RAID_OPTIMIZATION,,,,,,,,,,,,,,,,,,,,,,,,
2025-09-12T00:00:49.626326,,target_selection,Niemcy,P_Kompania__6_Infanterie_Regiment,,target_analysis,,,,,43,8,,,,,,,,,,,,,,,,,,,,"Target analysis: 29 candidates, score -1.00",,29,-1,999,,,,,,,,,False,,,,,,,29,29,29,2,2
2025-09-12T00:00:49.630372,,,Niemcy,P_Kompania__6_Infanterie_Regiment,,second_move,,,43,8,,,,,,,,,,,,,,,,,,,,,,second_chance after PRE_RAID_OPTIMIZATION,,,,,,,,,,,,,,,,,,,,,,,,
2025-09-12T00:00:49.657577,,target_selection,Niemcy,P_Pluton__6_Grenadier_Bataillon_20250907191921,,target_analysis,,,,,49,6,,,,,,,,,,,,,,,,,,,,"Target analysis: 29 candidates, score -1.00",,29,-1,999,,,,,,,,,False,,,,,,,29,29,29,2,2
2025-09-12T00:00:49.657577,,,Niemcy,P_Pluton__6_Grenadier_Bataillon_20250907191921,,second_move,,,49,6,,,,,,,,,,,,,,,,,,,,,,second_chance after PRE_RAID_OPTIMIZATION,,,,,,,,,,,,,,,,,,,,,,,,
2025-09-12T00:00:49.690954,,target_selection,Niemcy,Z_Pluton__6_Aufkl_rungs_Zug,,target_analysis,,,,,48,-6,,,,,,,,,,,,,,,,,,,,"Target analysis: 29 candidates, score -1.00",,29,-1,999,,,,,,,,,False,,,,,,,29,29,29,3,3
2025-09-12T00:00:49.693999,,,Niemcy,Z_Pluton__6_Aufkl_rungs_Zug,,second_move,,,48,-6,,,,,,,,,,,,,,,,,,,,,,second_chance after PRE_RAID_OPTIMIZATION,,,,,,,,,,,,,,,,,,,,,,,,
2025-09-12T00:00:49.707892,,target_selection,Niemcy,Z_Kompania__6_Unterst_tzungs_Bataillon,,target_analysis,,,,,50,-9,,,,,,,,,,,,,,,,,,,,"Target analysis: 29 candidates, score -1.00",,29,-1,999,,,,,,,,,False,,,,,,,29,29,29,4,3
2025-09-12T00:00:49.724404,,,Niemcy,Z_Kompania__6_Unterst_tzungs_Bataillon,,second_move,,,50,-9,,,,,,,,,,,,,,,,,,,,,,second_chance after PRE_RAID_OPTIMIZATION,,,,,,,,,,,,,,,,,,,,,,,,
2025-09-12T00:00:49.724404,,,Niemcy,RESUPPLY_NEEDS,,resupply_analysis,,,,,,,,,,,,,,,,,,,,,,,,,,NEEDS_ANALYSIS PRE_RAID_OPTIMIZATION | TOTAL_FUEL_NEEDED: 11 | TOTAL_COMBAT_NEEDED: 0 | TOTAL_PE_NEEDED: 11 | BUDGET_AVAILABLE: 112 | UNITS_REQUIRING_HELP: 8,,,,,,,,,,,,,,,,,,,,,,,,
2025-09-12T00:00:49.724404,,,Niemcy,Z_Pluton__6_Aufkl_rungs_Zug,,resupply_detailed,48,-6,48,-6,,,,,,,,,,,,,,,,,,,,,,phase1 PRE_RAID_OPTIMIZATION | PE_SPENT: fuel=1 combat=0 total=1 | BEFORE: fuel=2 combat=4 | AFTER: fuel=3 combat=4,,,,,,,,,,,,,,,,,,,,,,,,
2025-09-12T00:00:49.724404,,,Niemcy,Z_Kompania__6_Unterst_tzungs_Bataillon,,resupply_detailed,50,-9,50,-9,,,,,,,,,,,,,,,,,,,,,,phase1 PRE_RAID_OPTIMIZATION | PE_SPENT: fuel=1 combat=0 total=1 | BEFORE: fuel=2 combat=6 | AFTER: fuel=3 combat=6,,,,,,,,,,,,,,,,,,,,,,,,
2025-09-12T00:00:49.724404,,,Niemcy,TL_Kompania__6_Panzer_Kompanie,,resupply_bonus,50,7,50,7,,,,,,,,,,,,,,,,,,,,,,bonus_phase PRE_RAID_OPTIMIZATION | PE_SPENT: fuel=1 combat=0 total=1 | BONUS_ALLOCATION: 3 PE available | REMAINING_BUDGET: 23 PE,,,,,,,,,,,,,,,,,,,,,,,,
2025-09-12T00:00:49.733329,,,Niemcy,RESUPPLY_OPERATION,,resupply_summary,,,,,,,,,,,,,,,,,,,,,,,,,,RESUPPLY_SUMMARY PRE_RAID_OPTIMIZATION | TOTAL_PE_SPENT: 3 | UNITS_RESUPPLIED: 2/8 | BUDGET_ALLOCATED: 112 | PE_REMAINING: 137,,,,,,,,,,,,,,,,,,,,,,,,
2025-09-12T00:00:49.750010,,target_selection,Niemcy,TL_Kompania__6_Panzer_Kompanie,,target_analysis,,,,,52,7,,,,,,,,,,,,,,,,,,,,"Target analysis: 29 candidates, score -1.00",,29,-1,999,,,,,,,,,False,,,,,,,29,29,29,2,2
2025-09-12T00:00:49.753650,,,Niemcy,TL_Kompania__6_Panzer_Kompanie,,second_move,,,52,7,,,,,,,,,,,,,,,,,,,,,,second_chance after PRE_RAID_OPTIMIZATION,,,,,,,,,,,,,,,,,,,,,,,,
2025-09-12T00:00:49.758105,,target_selection,Niemcy,P_Kompania__6_Sch_tzen_Kompanie,,target_analysis,,,,,51,3,,,,,,,,,,,,,,,,,,,,"Target analysis: 29 candidates, score -1.00",,29,-1,999,,,,,,,,,False,,,,,,,29,29,29,1,1
2025-09-12T00:00:49.758105,,,Niemcy,P_Kompania__6_Sch_tzen_Kompanie,,second_move,,,51,3,,,,,,,,,,,,,,,,,,,,,,second_chance after PRE_RAID_OPTIMIZATION,,,,,,,,,,,,,,,,,,,,,,,,
2025-09-12T00:00:49.774371,,target_selection,Niemcy,P_Pluton__6_Sch_tzen_Kompanie,,target_analysis,,,,,50,4,,,,,,,,,,,,,,,,,,,,"Target analysis: 29 candidates, score -1.00",,29,-1,999,,,,,,,,,False,,,,,,,29,29,29,1,1
2025-09-12T00:00:49.774371,,,Niemcy,P_Pluton__6_Sch_tzen_Kompanie,,second_move,,,50,4,,,,,,,,,,,,,,,,,,,,,,second_chance after PRE_RAID_OPTIMIZATION,,,,,,,,,,,,,,,,,,,,,,,,
2025-09-12T00:00:49.791051,,target_selection,Niemcy,P_Kompania__6_Infanterie_Regiment,,target_analysis,,,,,44,8,,,,,,,,,,,,,,,,,,,,"Target analysis: 29 candidates, score -1.00",,29,-1,999,,,,,,,,,False,,,,,,,29,29,29,1,1
2025-09-12T00:00:49.791051,,,Niemcy,P_Kompania__6_Infanterie_Regiment,,second_move,,,44,8,,,,,,,,,,,,,,,,,,,,,,second_chance after PRE_RAID_OPTIMIZATION,,,,,,,,,,,,,,,,,,,,,,,,
2025-09-12T00:00:49.807736,,target_selection,Niemcy,P_Pluton__6_Grenadier_Bataillon_20250907191921,,target_analysis,,,,,49,7,,,,,,,,,,,,,,,,,,,,"Target analysis: 29 candidates, score -1.00",,29,-1,999,,,,,,,,,False,,,,,,,29,29,29,1,1
2025-09-12T00:00:49.807736,,,Niemcy,P_Pluton__6_Grenadier_Bataillon_20250907191921,,second_move,,,49,7,,,,,,,,,,,,,,,,,,,,,,second_chance after PRE_RAID_OPTIMIZATION,,,,,,,,,,,,,,,,,,,,,,,,
2025-09-12T00:00:49.824455,,target_selection,Niemcy,Z_Pluton__6_Aufkl_rungs_Zug,,target_analysis,,,,,50,-6,,,,,,,,,,,,,,,,,,,,"Target analysis: 29 candidates, score -1.00",,29,-1,999,,,,,,,,,False,,,,,,,29,29,29,2,3
2025-09-12T00:00:49.824455,,,Niemcy,Z_Pluton__6_Aufkl_rungs_Zug,,second_move,,,50,-6,,,,,,,,,,,,,,,,,,,,,,second_chance after PRE_RAID_OPTIMIZATION,,,,,,,,,,,,,,,,,,,,,,,,
2025-09-12T00:00:49.866135,,target_selection,Niemcy,Z_Kompania__6_Unterst_tzungs_Bataillon,,target_analysis,,,,,47,-9,,,,,,,,,,,,,,,,,,,,"Target analysis: 29 candidates, score -1.00",,29,-1,999,,,,,,,,,False,,,,,,,29,29,29,3,3
2025-09-12T00:00:49.874493,,,Niemcy,Z_Kompania__6_Unterst_tzungs_Bataillon,,second_move,,,47,-9,,,,,,,,,,,,,,,,,,,,,,second_chance after PRE_RAID_OPTIMIZATION,,,,,,,,,,,,,,,,,,,,,,,,
2025-09-12T00:00:49.891432,,target_selection,Niemcy,Z_Pluton__6_Versorgungs_Kompanie,,target_analysis,,,,,51,-11,,,,,,,,,,,,,,,,,,,,"Target analysis: 29 candidates, score 30.00",,29,30.0,1,,,,,,,,,False,,,,"(51, -11)",,,28,29,29,4,3
2025-09-12T00:00:49.891432,,,Niemcy,Z_Pluton__6_Versorgungs_Kompanie,,second_move,,,51,-11,,,,,,,,,,,,,,,,,,,,,,second_chance after PRE_RAID_OPTIMIZATION,,,,,,,,,,,,,,,,,,,,,,,,
2025-09-12T00:00:49.968230,,grouping,Niemcy,GROUP_2,,group_formation,50,-12,51,-13,51,-13,,,,,,,,,,,,,,,,,,,,"Group 2: 3 units, score 0.00",,,,,2,3,"50,-12",0.0,,,,False,,,,advanced,,,,,,,,
2025-09-12T00:00:49.974461,,strategy,Niemcy,STRATEGY,,strategic_decision,,,,,,,,,,,,,,,,,,,,,,,,,,"Strategy: REASSIGNMENT, aggression 0.50, 5 groups, 0 reassignments",,,,,,,,,REASSIGNMENT,0.5,,,,,,adaptive,,0,dynamic_reassignment,,,,,
2025-09-12T00:00:49.976931,,strategy,Niemcy,STRATEGY,,strategic_decision,,,,,,,,,,,,,,,,,,,,,,,,,,"Strategy: REASSIGNMENT, aggression 0.50, 5 groups, 0 reassignments",,,,,,,,,REASSIGNMENT,0.5,,,,,,adaptive,,0,dynamic_reassignment,,,,,
2025-09-12T00:00:49.976931,,,Niemcy,RESUPPLY_NEEDS,,resupply_analysis,,,,,,,,,,,,,,,,,,,,,,,,,,NEEDS_ANALYSIS LOW_FUEL | TOTAL_FUEL_NEEDED: 17 | TOTAL_COMBAT_NEEDED: 0 | TOTAL_PE_NEEDED: 17 | BUDGET_AVAILABLE: 109 | UNITS_REQUIRING_HELP: 9,,,,,,,,,,,,,,,,,,,,,,,,
2025-09-12T00:00:49.976931,,,Niemcy,Z_Kompania__6_Unterst_tzungs_Bataillon,,resupply_detailed,47,-9,47,-9,,,,,,,,,,,,,,,,,,,,,,phase1 LOW_FUEL | PE_SPENT: fuel=1 combat=0 total=1 | BEFORE: fuel=2 combat=6 | AFTER: fuel=3 combat=6,,,,,,,,,,,,,,,,,,,,,,,,
2025-09-12T00:00:49.976931,,,Niemcy,Z_Pluton__6_Versorgungs_Kompanie,,resupply_detailed,51,-11,51,-11,,,,,,,,,,,,,,,,,,,,,,phase1 LOW_FUEL | PE_SPENT: fuel=1 combat=0 total=1 | BEFORE: fuel=2 combat=4 | AFTER: fuel=3 combat=4,,,,,,,,,,,,,,,,,,,,,,,,
2025-09-12T00:00:49.976931,,,Niemcy,RESUPPLY_OPERATION,,resupply_summary,,,,,,,,,,,,,,,,,,,,,,,,,,RESUPPLY_SUMMARY LOW_FUEL | TOTAL_PE_SPENT: 2 | UNITS_RESUPPLIED: 2/9 | BUDGET_ALLOCATED: 109 | PE_REMAINING: 135,,,,,,,,,,,,,,,,,,,,,,,,
2025-09-12T00:00:49.991593,,target_selection,Niemcy,TL_Kompania__6_Panzer_Kompanie,,target_analysis,,,,,51,7,,,,,,,,,,,,,,,,,,,,"Target analysis: 29 candidates, score -1.00",,29,-1,999,,,,,,,,,False,,,,,,,29,29,29,1,1
2025-09-12T00:00:49.991593,,,Niemcy,TL_Kompania__6_Panzer_Kompanie,,second_move,,,51,7,,,,,,,,,,,,,,,,,,,,,,second_chance after LOW_FUEL,,,,,,,,,,,,,,,,,,,,,,,,
2025-09-12T00:00:50.006922,,target_selection,Niemcy,Z_Pluton__6_Aufkl_rungs_Zug,,target_analysis,,,,,50,-5,,,,,,,,,,,,,,,,,,,,"Target analysis: 29 candidates, score -1.00",,29,-1,999,,,,,,,,,False,,,,,,,29,29,29,1,2
2025-09-12T00:00:50.008804,,,Niemcy,Z_Pluton__6_Aufkl_rungs_Zug,,second_move,,,50,-5,,,,,,,,,,,,,,,,,,,,,,second_chance after LOW_FUEL,,,,,,,,,,,,,,,,,,,,,,,,
2025-09-12T00:00:50.024871,,target_selection,Niemcy,Z_Kompania__6_Unterst_tzungs_Bataillon,,target_analysis,,,,,49,-9,,,,,,,,,,,,,,,,,,,,"Target analysis: 29 candidates, score -1.00",,29,-1,999,,,,,,,,,False,,,,,,,29,29,29,2,3
2025-09-12T00:00:50.024871,,,Niemcy,Z_Kompania__6_Unterst_tzungs_Bataillon,,second_move,,,49,-9,,,,,,,,,,,,,,,,,,,,,,second_chance after LOW_FUEL,,,,,,,,,,,,,,,,,,,,,,,,
2025-09-12T00:00:50.041484,,target_selection,Niemcy,Z_Pluton__6_Versorgungs_Kompanie,,target_analysis,,,,,54,-14,,,,,,,,,,,,,,,,,,,,"Target analysis: 29 candidates, score -1.00",,29,-1,999,,,,,,,,,False,,,,,,,29,29,29,3,3
2025-09-12T00:00:50.057003,,,Niemcy,Z_Pluton__6_Versorgungs_Kompanie,,second_move,,,54,-14,,,,,,,,,,,,,,,,,,,,,,second_chance after LOW_FUEL,,,,,,,,,,,,,,,,,,,,,,,,
2025-09-12T00:00:50.071963,,target_selection,Niemcy,Z_Pluton__6_Aufkl_rungs_Zug_20250907191928,,target_analysis,,,,,51,-11,,,,,,,,,,,,,,,,,,,,"Target analysis: 29 candidates, score 30.00",,29,30.0,1,,,,,,,,,False,,,,"(51, -11)",,,28,29,29,4,3
2025-09-12T00:00:50.076972,,,Niemcy,Z_Pluton__6_Aufkl_rungs_Zug_20250907191928,,second_move,,,51,-11,,,,,,,,,,,,,,,,,,,,,,second_chance after LOW_FUEL,,,,,,,,,,,,,,,,,,,,,,,,
2025-09-12T00:00:50.078130,,,Niemcy,RESUPPLY_NEEDS,,resupply_analysis,,,,,,,,,,,,,,,,,,,,,,,,,,NEEDS_ANALYSIS LOW_FUEL | TOTAL_FUEL_NEEDED: 20 | TOTAL_COMBAT_NEEDED: 0 | TOTAL_PE_NEEDED: 20 | BUDGET_AVAILABLE: 108 | UNITS_REQUIRING_HELP: 9,,,,,,,,,,,,,,,,,,,,,,,,
2025-09-12T00:00:50.078130,,,Niemcy,Z_Kompania__6_Unterst_tzungs_Bataillon,,resupply_detailed,49,-9,49,-9,,,,,,,,,,,,,,,,,,,,,,phase1 LOW_FUEL | PE_SPENT: fuel=1 combat=0 total=1 | BEFORE: fuel=2 combat=6 | AFTER: fuel=3 combat=6,,,,,,,,,,,,,,,,,,,,,,,,
2025-09-12T00:00:50.079343,,,Niemcy,Z_Pluton__6_Versorgungs_Kompanie,,resupply_detailed,54,-14,54,-14,,,,,,,,,,,,,,,,,,,,,,phase1 LOW_FUEL | PE_SPENT: fuel=1 combat=0 total=1 | BEFORE: fuel=2 combat=4 | AFTER: fuel=3 combat=4,,,,,,,,,,,,,,,,,,,,,,,,
2025-09-12T00:00:50.079343,,,Niemcy,Z_Pluton__6_Aufkl_rungs_Zug_20250907191928,,resupply_detailed,51,-11,51,-11,,,,,,,,,,,,,,,,,,,,,,phase1 LOW_FUEL | PE_SPENT: fuel=1 combat=0 total=1 | BEFORE: fuel=2 combat=4 | AFTER: fuel=3 combat=4,,,,,,,,,,,,,,,,,,,,,,,,
2025-09-12T00:00:50.080611,,,Niemcy,RESUPPLY_OPERATION,,resupply_summary,,,,,,,,,,,,,,,,,,,,,,,,,,RESUPPLY_SUMMARY LOW_FUEL | TOTAL_PE_SPENT: 3 | UNITS_RESUPPLIED: 3/9 | BUDGET_ALLOCATED: 108 | PE_REMAINING: 132,,,,,,,,,,,,,,,,,,,,,,,,
2025-09-12T00:00:50.088938,,target_selection,Niemcy,Z_Kompania__6_Unterst_tzungs_Bataillon,,target_analysis,,,,,50,-9,,,,,,,,,,,,,,,,,,,,"Target analysis: 29 candidates, score -1.00",,29,-1,999,,,,,,,,,False,,,,,,,29,29,29,1,3
2025-09-12T00:00:50.092396,,,Niemcy,Z_Kompania__6_Unterst_tzungs_Bataillon,,second_move,,,50,-9,,,,,,,,,,,,,,,,,,,,,,second_chance after LOW_FUEL,,,,,,,,,,,,,,,,,,,,,,,,
2025-09-12T00:00:50.106696,,target_selection,Niemcy,Z_Pluton__6_Versorgungs_Kompanie,,target_analysis,,,,,54,-12,,,,,,,,,,,,,,,,,,,,"Target analysis: 29 candidates, score -1.00",,29,-1,999,,,,,,,,,False,,,,,,,29,29,29,2,3
2025-09-12T00:00:50.106696,,,Niemcy,Z_Pluton__6_Versorgungs_Kompanie,,second_move,,,54,-12,,,,,,,,,,,,,,,,,,,,,,second_chance after LOW_FUEL,,,,,,,,,,,,,,,,,,,,,,,,
2025-09-12T00:00:50.122365,,target_selection,Niemcy,Z_Pluton__6_Aufkl_rungs_Zug_20250907191928,,target_analysis,,,,,50,-11,,,,,,,,,,,,,,,,,,,,"Target analysis: 29 candidates, score 30.00",,29,30.0,1,,,,,,,,,False,,,,"(50, -11)",,,28,29,29,3,3
2025-09-12T00:00:50.122365,,,Niemcy,Z_Pluton__6_Aufkl_rungs_Zug_20250907191928,,second_move,,,50,-11,,,,,,,,,,,,,,,,,,,,,,second_chance after LOW_FUEL,,,,,,,,,,,,,,,,,,,,,,,,
2025-09-12T00:00:50.122365,,,Niemcy,RESUPPLY_NEEDS,,resupply_analysis,,,,,,,,,,,,,,,,,,,,,,,,,,NEEDS_ANALYSIS LOW_FUEL | TOTAL_FUEL_NEEDED: 20 | TOTAL_COMBAT_NEEDED: 0 | TOTAL_PE_NEEDED: 20 | BUDGET_AVAILABLE: 105 | UNITS_REQUIRING_HELP: 9,,,,,,,,,,,,,,,,,,,,,,,,
2025-09-12T00:00:50.122365,,,Niemcy,Z_Pluton__6_Versorgungs_Kompanie,,resupply_detailed,54,-12,54,-12,,,,,,,,,,,,,,,,,,,,,,phase1 LOW_FUEL | PE_SPENT: fuel=1 combat=0 total=1 | BEFORE: fuel=2 combat=4 | AFTER: fuel=3 combat=4,,,,,,,,,,,,,,,,,,,,,,,,
2025-09-12T00:00:50.122365,,,Niemcy,Z_Pluton__6_Aufkl_rungs_Zug_20250907191928,,resupply_detailed,50,-11,50,-11,,,,,,,,,,,,,,,,,,,,,,phase1 LOW_FUEL | PE_SPENT: fuel=1 combat=0 total=1 | BEFORE: fuel=2 combat=4 | AFTER: fuel=3 combat=4,,,,,,,,,,,,,,,,,,,,,,,,
2025-09-12T00:00:50.122365,,,Niemcy,RESUPPLY_OPERATION,,resupply_summary,,,,,,,,,,,,,,,,,,,,,,,,,,RESUPPLY_SUMMARY LOW_FUEL | TOTAL_PE_SPENT: 2 | UNITS_RESUPPLIED: 2/9 | BUDGET_ALLOCATED: 105 | PE_REMAINING: 130,,,,,,,,,,,,,,,,,,,,,,,,
2025-09-12T00:00:50.142978,,target_selection,Niemcy,Z_Pluton__6_Versorgungs_Kompanie,,target_analysis,,,,,54,-13,,,,,,,,,,,,,,,,,,,,"Target analysis: 29 candidates, score -1.00",,29,-1,999,,,,,,,,,False,,,,,,,29,29,29,1,3
2025-09-12T00:00:50.146253,,,Niemcy,Z_Pluton__6_Versorgungs_Kompanie,,second_move,,,54,-13,,,,,,,,,,,,,,,,,,,,,,second_chance after LOW_FUEL,,,,,,,,,,,,,,,,,,,,,,,,
2025-09-12T00:00:50.156216,,target_selection,Niemcy,Z_Pluton__6_Aufkl_rungs_Zug_20250907191928,,target_analysis,,,,,48,-9,,,,,,,,,,,,,,,,,,,,"Target analysis: 29 candidates, score -1.00",,29,-1,999,,,,,,,,,False,,,,,,,29,29,29,2,3
2025-09-12T00:00:50.160429,,,Niemcy,Z_Pluton__6_Aufkl_rungs_Zug_20250907191928,,second_move,,,48,-9,,,,,,,,,,,,,,,,,,,,,,second_chance after LOW_FUEL,,,,,,,,,,,,,,,,,,,,,,,,
2025-09-12T00:00:50.161485,,,Niemcy,RESUPPLY_NEEDS,,resupply_analysis,,,,,,,,,,,,,,,,,,,,,,,,,,NEEDS_ANALYSIS LOW_FUEL | TOTAL_FUEL_NEEDED: 20 | TOTAL_COMBAT_NEEDED: 0 | TOTAL_PE_NEEDED: 20 | BUDGET_AVAILABLE: 104 | UNITS_REQUIRING_HELP: 9,,,,,,,,,,,,,,,,,,,,,,,,
2025-09-12T00:00:50.162891,,,Niemcy,Z_Pluton__6_Aufkl_rungs_Zug_20250907191928,,resupply_detailed,48,-9,48,-9,,,,,,,,,,,,,,,,,,,,,,phase1 LOW_FUEL | PE_SPENT: fuel=1 combat=0 total=1 | BEFORE: fuel=2 combat=4 | AFTER: fuel=3 combat=4,,,,,,,,,,,,,,,,,,,,,,,,
2025-09-12T00:00:50.162891,,,Niemcy,RESUPPLY_OPERATION,,resupply_summary,,,,,,,,,,,,,,,,,,,,,,,,,,RESUPPLY_SUMMARY LOW_FUEL | TOTAL_PE_SPENT: 1 | UNITS_RESUPPLIED: 1/9 | BUDGET_ALLOCATED: 104 | PE_REMAINING: 129,,,,,,,,,,,,,,,,,,,,,,,,
2025-09-12T00:00:50.172834,,target_selection,Niemcy,Z_Pluton__6_Aufkl_rungs_Zug_20250907191928,,target_analysis,,,,,49,-9,,,,,,,,,,,,,,,,,,,,"Target analysis: 29 candidates, score -1.00",,29,-1,999,,,,,,,,,False,,,,,,,29,29,29,1,3
2025-09-12T00:00:50.176757,,,Niemcy,Z_Pluton__6_Aufkl_rungs_Zug_20250907191928,,second_move,,,49,-9,,,,,,,,,,,,,,,,,,,,,,second_chance after LOW_FUEL,,,,,,,,,,,,,,,,,,,,,,,,
2025-09-12T00:00:50.178026,,,Niemcy,RESUPPLY_NEEDS,,resupply_analysis,,,,,,,,,,,,,,,,,,,,,,,,,,NEEDS_ANALYSIS LOW_FUEL | TOTAL_FUEL_NEEDED: 20 | TOTAL_COMBAT_NEEDED: 0 | TOTAL_PE_NEEDED: 20 | BUDGET_AVAILABLE: 103 | UNITS_REQUIRING_HELP: 9,,,,,,,,,,,,,,,,,,,,,,,,
2025-09-12T00:00:50.178026,,,Niemcy,RESUPPLY_OPERATION,,resupply_summary,,,,,,,,,,,,,,,,,,,,,,,,,,RESUPPLY_SUMMARY LOW_FUEL | TOTAL_PE_SPENT: 0 | UNITS_RESUPPLIED: 0/9 | BUDGET_ALLOCATED: 103 | PE_REMAINING: 129,,,,,,,,,,,,,,,,,,,,,,,,
2025-09-12T00:00:50.183317,,strategy,Niemcy,STRATEGY,,strategic_decision,,,,,,,,,,,,,,,,,,,,,,,,,,"Strategy: REASSIGNMENT, aggression 0.50, 1 groups, 0 reassignments",,,,,,,,,REASSIGNMENT,0.5,,,,,,adaptive,,0,dynamic_reassignment,,,,,
2025-09-12T00:00:50.186874,,target_selection,Niemcy,TL_Kompania__6_Panzer_Kompanie,,target_analysis,,,,,,,,,,,,,,,,,,,,,,,,,,"Target analysis: 29 candidates, score -1.00",,29,-1,999,,,,,,,,,False,,,,,,,29,29,29,0,0
2025-09-12T00:00:50.188068,,,Niemcy,RESUPPLY_NEEDS,,resupply_analysis,,,,,,,,,,,,,,,,,,,,,,,,,,NEEDS_ANALYSIS LOW_FUEL | TOTAL_FUEL_NEEDED: 20 | TOTAL_COMBAT_NEEDED: 0 | TOTAL_PE_NEEDED: 20 | BUDGET_AVAILABLE: 103 | UNITS_REQUIRING_HELP: 9,,,,,,,,,,,,,,,,,,,,,,,,
2025-09-12T00:00:50.189273,,,Niemcy,RESUPPLY_OPERATION,,resupply_summary,,,,,,,,,,,,,,,,,,,,,,,,,,RESUPPLY_SUMMARY LOW_FUEL | TOTAL_PE_SPENT: 0 | UNITS_RESUPPLIED: 0/9 | BUDGET_ALLOCATED: 103 | PE_REMAINING: 129,,,,,,,,,,,,,,,,,,,,,,,,
2025-09-12T00:00:50.191279,,,Niemcy,RESUPPLY_NEEDS,,resupply_analysis,,,,,,,,,,,,,,,,,,,,,,,,,,NEEDS_ANALYSIS LOW_FUEL | TOTAL_FUEL_NEEDED: 20 | TOTAL_COMBAT_NEEDED: 0 | TOTAL_PE_NEEDED: 20 | BUDGET_AVAILABLE: 103 | UNITS_REQUIRING_HELP: 9,,,,,,,,,,,,,,,,,,,,,,,,
2025-09-12T00:00:50.192654,,,Niemcy,RESUPPLY_OPERATION,,resupply_summary,,,,,,,,,,,,,,,,,,,,,,,,,,RESUPPLY_SUMMARY LOW_FUEL | TOTAL_PE_SPENT: 0 | UNITS_RESUPPLIED: 0/9 | BUDGET_ALLOCATED: 103 | PE_REMAINING: 129,,,,,,,,,,,,,,,,,,,,,,,,
2025-09-12T00:00:50.193831,,,Niemcy,RESUPPLY_NEEDS,,resupply_analysis,,,,,,,,,,,,,,,,,,,,,,,,,,NEEDS_ANALYSIS LOW_FUEL | TOTAL_FUEL_NEEDED: 20 | TOTAL_COMBAT_NEEDED: 0 | TOTAL_PE_NEEDED: 20 | BUDGET_AVAILABLE: 103 | UNITS_REQUIRING_HELP: 9,,,,,,,,,,,,,,,,,,,,,,,,
2025-09-12T00:00:50.194856,,,Niemcy,RESUPPLY_OPERATION,,resupply_summary,,,,,,,,,,,,,,,,,,,,,,,,,,RESUPPLY_SUMMARY LOW_FUEL | TOTAL_PE_SPENT: 0 | UNITS_RESUPPLIED: 0/9 | BUDGET_ALLOCATED: 103 | PE_REMAINING: 129,,,,,,,,,,,,,,,,,,,,,,,,
2025-09-12T00:00:50.194856,,strategy,Niemcy,STRATEGY,,strategic_decision,,,,,,,,,,,,,,,,,,,,,,,,,,"Strategy: REASSIGNMENT, aggression 0.50, 1 groups, 0 reassignments",,,,,,,,,REASSIGNMENT,0.5,,,,,,adaptive,,0,dynamic_reassignment,,,,,
2025-09-12T00:00:50.194856,,target_selection,Niemcy,P_Pluton__6_Sch_tzen_Kompanie,,target_analysis,,,,,,,,,,,,,,,,,,,,,,,,,,"Target analysis: 29 candidates, score -1.00",,29,-1,999,,,,,,,,,False,,,,,,,29,29,29,0,0
2025-09-12T00:00:50.210621,,,Niemcy,RESUPPLY_NEEDS,,resupply_analysis,,,,,,,,,,,,,,,,,,,,,,,,,,NEEDS_ANALYSIS LOW_FUEL | TOTAL_FUEL_NEEDED: 20 | TOTAL_COMBAT_NEEDED: 0 | TOTAL_PE_NEEDED: 20 | BUDGET_AVAILABLE: 103 | UNITS_REQUIRING_HELP: 9,,,,,,,,,,,,,,,,,,,,,,,,
2025-09-12T00:00:50.210621,,,Niemcy,RESUPPLY_OPERATION,,resupply_summary,,,,,,,,,,,,,,,,,,,,,,,,,,RESUPPLY_SUMMARY LOW_FUEL | TOTAL_PE_SPENT: 0 | UNITS_RESUPPLIED: 0/9 | BUDGET_ALLOCATED: 103 | PE_REMAINING: 129,,,,,,,,,,,,,,,,,,,,,,,,
2025-09-12T00:00:50.210621,,strategy,Niemcy,STRATEGY,,strategic_decision,,,,,,,,,,,,,,,,,,,,,,,,,,"Strategy: REASSIGNMENT, aggression 0.50, 1 groups, 0 reassignments",,,,,,,,,REASSIGNMENT,0.5,,,,,,adaptive,,0,dynamic_reassignment,,,,,
2025-09-12T00:00:50.210621,,target_selection,Niemcy,P_Kompania__6_Infanterie_Regiment,,target_analysis,,,,,,,,,,,,,,,,,,,,,,,,,,"Target analysis: 29 candidates, score -1.00",,29,-1,999,,,,,,,,,False,,,,,,,29,29,29,0,0
2025-09-12T00:00:50.210621,,,Niemcy,RESUPPLY_NEEDS,,resupply_analysis,,,,,,,,,,,,,,,,,,,,,,,,,,NEEDS_ANALYSIS LOW_FUEL | TOTAL_FUEL_NEEDED: 20 | TOTAL_COMBAT_NEEDED: 0 | TOTAL_PE_NEEDED: 20 | BUDGET_AVAILABLE: 103 | UNITS_REQUIRING_HELP: 9,,,,,,,,,,,,,,,,,,,,,,,,
2025-09-12T00:00:50.210621,,,Niemcy,RESUPPLY_OPERATION,,resupply_summary,,,,,,,,,,,,,,,,,,,,,,,,,,RESUPPLY_SUMMARY LOW_FUEL | TOTAL_PE_SPENT: 0 | UNITS_RESUPPLIED: 0/9 | BUDGET_ALLOCATED: 103 | PE_REMAINING: 129,,,,,,,,,,,,,,,,,,,,,,,,
2025-09-12T00:00:50.210621,,strategy,Niemcy,STRATEGY,,strategic_decision,,,,,,,,,,,,,,,,,,,,,,,,,,"Strategy: REASSIGNMENT, aggression 0.50, 1 groups, 0 reassignments",,,,,,,,,REASSIGNMENT,0.5,,,,,,adaptive,,0,dynamic_reassignment,,,,,
2025-09-12T00:00:50.226534,,target_selection,Niemcy,AL_Pluton__6_Artillerie_Batterie,,target_analysis,,,,,,,,,,,,,,,,,,,,,,,,,,"Target analysis: 29 candidates, score -1.00",,29,-1,999,,,,,,,,,False,,,,,,,29,29,29,0,2
2025-09-12T00:00:50.226534,,,Niemcy,TURN_END,,turn_summary,,,,,,,,,,,10,0,,,,,,,,,,,,advanced,opp=3;groups=5;adv=True,"Turn completed: 0/10 units moved, 5 groups (advanced)",,,,,,,,,,,,,,,,,,,,,,,,
2025-09-12T00:03:39.252993,,,Niemcy,TURN_START,,turn_begin,,,,,,,,,,,,,,,,,,,,,,,,,,AI Commander turn started for player 5,,,,,,,,,,,,,,,,,,,,,,,,
2025-09-12T00:03:39.268719,,strategy,Niemcy,STRATEGY,,strategic_decision,,,,,,,,,,,,,,,,,,,,,,,,,,"Strategy: REASSIGNMENT, aggression 0.50, 1 groups, 0 reassignments",,,,,,,,,REASSIGNMENT,0.5,,,,,,adaptive,,0,dynamic_reassignment,,,,,
2025-09-12T00:03:39.270786,,strategy,Niemcy,STRATEGY,,strategic_decision,,,,,,,,,,,,,,,,,,,,,,,,,,"Strategy: REASSIGNMENT, aggression 0.50, 1 groups, 0 reassignments",,,,,,,,,REASSIGNMENT,0.5,,,,,,adaptive,,0,dynamic_reassignment,,,,,
2025-09-12T00:03:39.272823,,,Niemcy,RESUPPLY_NEEDS,,resupply_analysis,,,,,,,,,,,,,,,,,,,,,,,,,,NEEDS_ANALYSIS LOW_FUEL | TOTAL_FUEL_NEEDED: 2 | TOTAL_COMBAT_NEEDED: 0 | TOTAL_PE_NEEDED: 2 | BUDGET_AVAILABLE: 170 | UNITS_REQUIRING_HELP: 1,,,,,,,,,,,,,,,,,,,,,,,,
2025-09-12T00:03:39.274833,,,Niemcy,P_Batalion__5_Sch_tzen_Kompanie,,resupply_detailed,53,0,53,0,,,,,,,,,,,,,,,,,,,,,,phase1 LOW_FUEL | PE_SPENT: fuel=2 combat=0 total=2 | BEFORE: fuel=0 combat=14 | AFTER: fuel=2 combat=14,,,,,,,,,,,,,,,,,,,,,,,,
2025-09-12T00:03:39.277126,,,Niemcy,RESUPPLY_OPERATION,,resupply_summary,,,,,,,,,,,,,,,,,,,,,,,,,,RESUPPLY_SUMMARY LOW_FUEL | TOTAL_PE_SPENT: 2 | UNITS_RESUPPLIED: 1/1 | BUDGET_ALLOCATED: 170 | PE_REMAINING: 187,,,,,,,,,,,,,,,,,,,,,,,,
2025-09-12T00:03:39.302080,,target_selection,Niemcy,P_Batalion__5_Sch_tzen_Kompanie,,target_analysis,,,,,53,2,,,,,,,,,,,,,,,,,,,,"Target analysis: 29 candidates, score -1.00",,29,-1,999,,,,,,,,,False,,,,,,,29,29,29,4,2
2025-09-12T00:03:39.304349,,,Niemcy,P_Batalion__5_Sch_tzen_Kompanie,,second_move,,,53,2,,,,,,,,,,,,,,,,,,,,,,second_chance after LOW_FUEL,,,,,,,,,,,,,,,,,,,,,,,,
2025-09-12T00:03:39.319192,,strategy,Niemcy,STRATEGY,,strategic_decision,,,,,,,,,,,,,,,,,,,,,,,,,,"Strategy: REASSIGNMENT, aggression 0.50, 1 groups, 0 reassignments",,,,,,,,,REASSIGNMENT,0.5,,,,,,adaptive,,0,dynamic_reassignment,,,,,
2025-09-12T00:03:39.331673,,target_selection,Niemcy,P_Batalion__5_Sch_tzen_Kompanie,,target_analysis,,,,,53,0,,,,,,,,,,,,,,,,,,,,"Target analysis: 29 candidates, score -1.00",,29,-1,999,,,,,,,,,False,,,,,,,29,29,29,3,1
2025-09-12T00:03:39.335401,,,Niemcy,TURN_END,,turn_summary,,,,,,,,,,,1,0,,,,,,,,,,,,advanced,opp=0;groups=1;adv=True,"Turn completed: 0/1 units moved, 1 groups (advanced)",,,,,,,,,,,,,,,,,,,,,,,,
2025-09-12T00:03:39.388659,,,Niemcy,TURN_START,,turn_begin,,,,,,,,,,,,,,,,,,,,,,,,,,AI Commander turn started for player 6,,,,,,,,,,,,,,,,,,,,,,,,
2025-09-12T00:03:39.391185,,,Niemcy,RESUPPLY_NEEDS,,resupply_analysis,,,,,,,,,,,,,,,,,,,,,,,,,,NEEDS_ANALYSIS PRE_RAID_OPTIMIZATION | TOTAL_FUEL_NEEDED: 20 | TOTAL_COMBAT_NEEDED: 5 | TOTAL_PE_NEEDED: 25 | BUDGET_AVAILABLE: 124 | UNITS_REQUIRING_HELP: 10,,,,,,,,,,,,,,,,,,,,,,,,
2025-09-12T00:03:39.392221,,,Niemcy,TL_Kompania__6_Panzer_Kompanie,,resupply_detailed,51,7,51,7,,,,,,,,,,,,,,,,,,,,,,phase1 PRE_RAID_OPTIMIZATION | PE_SPENT: fuel=2 combat=0 total=2 | BEFORE: fuel=0 combat=14 | AFTER: fuel=2 combat=14,,,,,,,,,,,,,,,,,,,,,,,,
2025-09-12T00:03:39.392221,,,Niemcy,P_Kompania__6_Sch_tzen_Kompanie,,resupply_detailed,51,3,51,3,,,,,,,,,,,,,,,,,,,,,,phase1 PRE_RAID_OPTIMIZATION | PE_SPENT: fuel=2 combat=0 total=2 | BEFORE: fuel=0 combat=11 | AFTER: fuel=2 combat=11,,,,,,,,,,,,,,,,,,,,,,,,
2025-09-12T00:03:39.393896,,,Niemcy,P_Pluton__6_Sch_tzen_Kompanie,,resupply_detailed,50,4,50,4,,,,,,,,,,,,,,,,,,,,,,phase1 PRE_RAID_OPTIMIZATION | PE_SPENT: fuel=2 combat=0 total=2 | BEFORE: fuel=0 combat=8 | AFTER: fuel=2 combat=8,,,,,,,,,,,,,,,,,,,,,,,,
2025-09-12T00:03:39.393896,,,Niemcy,P_Kompania__6_Infanterie_Regiment,,resupply_detailed,44,8,44,8,,,,,,,,,,,,,,,,,,,,,,phase1 PRE_RAID_OPTIMIZATION | PE_SPENT: fuel=2 combat=0 total=2 | BEFORE: fuel=0 combat=11 | AFTER: fuel=2 combat=11,,,,,,,,,,,,,,,,,,,,,,,,
2025-09-12T00:03:39.394917,,,Niemcy,P_Pluton__6_Grenadier_Bataillon_20250907191921,,resupply_detailed,49,7,49,7,,,,,,,,,,,,,,,,,,,,,,phase1 PRE_RAID_OPTIMIZATION | PE_SPENT: fuel=2 combat=0 total=2 | BEFORE: fuel=0 combat=8 | AFTER: fuel=2 combat=8,,,,,,,,,,,,,,,,,,,,,,,,
2025-09-12T00:03:39.394917,,,Niemcy,AL_Pluton__6_Artillerie_Batterie,,resupply_detailed,42,2,42,2,,,,,,,,,,,,,,,,,,,,,,phase1 PRE_RAID_OPTIMIZATION | PE_SPENT: fuel=0 combat=5 total=5 | BEFORE: fuel=2 combat=1 | AFTER: fuel=2 combat=6,,,,,,,,,,,,,,,,,,,,,,,,
2025-09-12T00:03:39.395926,,,Niemcy,Z_Pluton__6_Aufkl_rungs_Zug,,resupply_detailed,50,-5,50,-5,,,,,,,,,,,,,,,,,,,,,,phase1 PRE_RAID_OPTIMIZATION | PE_SPENT: fuel=2 combat=0 total=2 | BEFORE: fuel=1 combat=4 | AFTER: fuel=3 combat=4,,,,,,,,,,,,,,,,,,,,,,,,
2025-09-12T00:03:39.395926,,,Niemcy,Z_Kompania__6_Unterst_tzungs_Bataillon,,resupply_detailed,50,-9,50,-9,,,,,,,,,,,,,,,,,,,,,,phase1 PRE_RAID_OPTIMIZATION | PE_SPENT: fuel=1 combat=0 total=1 | BEFORE: fuel=2 combat=6 | AFTER: fuel=3 combat=6,,,,,,,,,,,,,,,,,,,,,,,,
2025-09-12T00:03:39.397094,,,Niemcy,Z_Pluton__6_Versorgungs_Kompanie,,resupply_detailed,54,-13,54,-13,,,,,,,,,,,,,,,,,,,,,,phase1 PRE_RAID_OPTIMIZATION | PE_SPENT: fuel=1 combat=0 total=1 | BEFORE: fuel=2 combat=4 | AFTER: fuel=3 combat=4,,,,,,,,,,,,,,,,,,,,,,,,
2025-09-12T00:03:39.397094,,,Niemcy,Z_Pluton__6_Aufkl_rungs_Zug_20250907191928,,resupply_detailed,49,-9,49,-9,,,,,,,,,,,,,,,,,,,,,,phase1 PRE_RAID_OPTIMIZATION | PE_SPENT: fuel=1 combat=0 total=1 | BEFORE: fuel=2 combat=4 | AFTER: fuel=3 combat=4,,,,,,,,,,,,,,,,,,,,,,,,
2025-09-12T00:03:39.398097,,,Niemcy,RESUPPLY_OPERATION,,resupply_summary,,,,,,,,,,,,,,,,,,,,,,,,,,RESUPPLY_SUMMARY PRE_RAID_OPTIMIZATION | TOTAL_PE_SPENT: 20 | UNITS_RESUPPLIED: 10/10 | BUDGET_ALLOCATED: 124 | PE_REMAINING: 135,,,,,,,,,,,,,,,,,,,,,,,,
2025-09-12T00:03:39.414260,,target_selection,Niemcy,TL_Kompania__6_Panzer_Kompanie,,target_analysis,,,,,51,5,,,,,,,,,,,,,,,,,,,,"Target analysis: 29 candidates, score -1.00",,29,-1,999,,,,,,,,,False,,,,,,,29,29,29,5,2
2025-09-12T00:03:39.417442,,,Niemcy,TL_Kompania__6_Panzer_Kompanie,,second_move,,,51,5,,,,,,,,,,,,,,,,,,,,,,second_chance after PRE_RAID_OPTIMIZATION,,,,,,,,,,,,,,,,,,,,,,,,
2025-09-12T00:03:39.433347,,target_selection,Niemcy,P_Kompania__6_Sch_tzen_Kompanie,,target_analysis,,,,,53,3,,,,,,,,,,,,,,,,,,,,"Target analysis: 29 candidates, score -1.00",,29,-1,999,,,,,,,,,False,,,,,,,29,29,29,4,2
2025-09-12T00:03:39.437221,,,Niemcy,P_Kompania__6_Sch_tzen_Kompanie,,second_move,,,53,3,,,,,,,,,,,,,,,,,,,,,,second_chance after PRE_RAID_OPTIMIZATION,,,,,,,,,,,,,,,,,,,,,,,,
2025-09-12T00:03:39.460307,,target_selection,Niemcy,P_Pluton__6_Sch_tzen_Kompanie,,target_analysis,,,,,48,6,,,,,,,,,,,,,,,,,,,,"Target analysis: 29 candidates, score -1.00",,29,-1,999,,,,,,,,,False,,,,,,,29,29,29,4,2
2025-09-12T00:03:39.463712,,,Niemcy,P_Pluton__6_Sch_tzen_Kompanie,,second_move,,,48,6,,,,,,,,,,,,,,,,,,,,,,second_chance after PRE_RAID_OPTIMIZATION,,,,,,,,,,,,,,,,,,,,,,,,
2025-09-12T00:03:39.497073,,target_selection,Niemcy,P_Kompania__6_Infanterie_Regiment,,target_analysis,,,,,46,8,,,,,,,,,,,,,,,,,,,,"Target analysis: 29 candidates, score -1.00",,29,-1,999,,,,,,,,,False,,,,,,,29,29,29,4,2
2025-09-12T00:03:39.501761,,,Niemcy,P_Kompania__6_Infanterie_Regiment,,second_move,,,46,8,,,,,,,,,,,,,,,,,,,,,,second_chance after PRE_RAID_OPTIMIZATION,,,,,,,,,,,,,,,,,,,,,,,,
2025-09-12T00:03:39.522491,,target_selection,Niemcy,P_Pluton__6_Grenadier_Bataillon_20250907191921,,target_analysis,,,,,51,7,,,,,,,,,,,,,,,,,,,,"Target analysis: 29 candidates, score -1.00",,29,-1,999,,,,,,,,,False,,,,,,,29,29,29,4,2
2025-09-12T00:03:39.525944,,,Niemcy,P_Pluton__6_Grenadier_Bataillon_20250907191921,,second_move,,,51,7,,,,,,,,,,,,,,,,,,,,,,second_chance after PRE_RAID_OPTIMIZATION,,,,,,,,,,,,,,,,,,,,,,,,
2025-09-12T00:03:39.586618,,target_selection,Niemcy,Z_Pluton__6_Aufkl_rungs_Zug,,target_analysis,,,,,53,-5,,,,,,,,,,,,,,,,,,,,"Target analysis: 29 candidates, score -1.00",,29,-1,999,,,,,,,,,False,,,,,,,29,29,29,5,3
2025-09-12T00:03:39.590351,,,Niemcy,Z_Pluton__6_Aufkl_rungs_Zug,,second_move,,,53,-5,,,,,,,,,,,,,,,,,,,,,,second_chance after PRE_RAID_OPTIMIZATION,,,,,,,,,,,,,,,,,,,,,,,,
2025-09-12T00:03:39.620884,,target_selection,Niemcy,Z_Kompania__6_Unterst_tzungs_Bataillon,,target_analysis,,,,,50,-6,,,,,,,,,,,,,,,,,,,,"Target analysis: 29 candidates, score -1.00",,29,-1,999,,,,,,,,,False,,,,,,,29,29,29,5,3
2025-09-12T00:03:39.624105,,,Niemcy,Z_Kompania__6_Unterst_tzungs_Bataillon,,second_move,,,50,-6,,,,,,,,,,,,,,,,,,,,,,second_chance after PRE_RAID_OPTIMIZATION,,,,,,,,,,,,,,,,,,,,,,,,
2025-09-12T00:03:39.651824,,target_selection,Niemcy,Z_Pluton__6_Versorgungs_Kompanie,,target_analysis,,,,,54,-16,,,,,,,,,,,,,,,,,,,,"Target analysis: 29 candidates, score -1.00",,29,-1,999,,,,,,,,,False,,,,,,,29,29,29,5,3
2025-09-12T00:03:39.655141,,,Niemcy,Z_Pluton__6_Versorgungs_Kompanie,,second_move,,,54,-16,,,,,,,,,,,,,,,,,,,,,,second_chance after PRE_RAID_OPTIMIZATION,,,,,,,,,,,,,,,,,,,,,,,,
2025-09-12T00:03:39.695346,,target_selection,Niemcy,Z_Pluton__6_Aufkl_rungs_Zug_20250907191928,,target_analysis,,,,,46,-9,,,,,,,,,,,,,,,,,,,,"Target analysis: 29 candidates, score -1.00",,29,-1,999,,,,,,,,,False,,,,,,,29,29,29,5,3
2025-09-12T00:03:39.699680,,,Niemcy,Z_Pluton__6_Aufkl_rungs_Zug_20250907191928,,second_move,,,46,-9,,,,,,,,,,,,,,,,,,,,,,second_chance after PRE_RAID_OPTIMIZATION,,,,,,,,,,,,,,,,,,,,,,,,
2025-09-12T00:03:39.777359,,,Niemcy,RESUPPLY_NEEDS,,resupply_analysis,,,,,,,,,,,,,,,,,,,,,,,,,,NEEDS_ANALYSIS PRE_RAID_OPTIMIZATION | TOTAL_FUEL_NEEDED: 14 | TOTAL_COMBAT_NEEDED: 0 | TOTAL_PE_NEEDED: 14 | BUDGET_AVAILABLE: 108 | UNITS_REQUIRING_HELP: 9,,,,,,,,,,,,,,,,,,,,,,,,
2025-09-12T00:03:39.777359,,,Niemcy,TL_Kompania__6_Panzer_Kompanie,,resupply_detailed,51,5,51,5,,,,,,,,,,,,,,,,,,,,,,phase1 PRE_RAID_OPTIMIZATION | PE_SPENT: fuel=1 combat=0 total=1 | BEFORE: fuel=1 combat=14 | AFTER: fuel=2 combat=14,,,,,,,,,,,,,,,,,,,,,,,,
2025-09-12T00:03:39.778700,,,Niemcy,P_Kompania__6_Sch_tzen_Kompanie,,resupply_detailed,53,3,53,3,,,,,,,,,,,,,,,,,,,,,,phase1 PRE_RAID_OPTIMIZATION | PE_SPENT: fuel=1 combat=0 total=1 | BEFORE: fuel=1 combat=11 | AFTER: fuel=2 combat=11,,,,,,,,,,,,,,,,,,,,,,,,
2025-09-12T00:03:39.778700,,,Niemcy,P_Pluton__6_Sch_tzen_Kompanie,,resupply_detailed,48,6,48,6,,,,,,,,,,,,,,,,,,,,,,phase1 PRE_RAID_OPTIMIZATION | PE_SPENT: fuel=1 combat=0 total=1 | BEFORE: fuel=1 combat=8 | AFTER: fuel=2 combat=8,,,,,,,,,,,,,,,,,,,,,,,,
2025-09-12T00:03:39.779710,,,Niemcy,P_Kompania__6_Infanterie_Regiment,,resupply_detailed,46,8,46,8,,,,,,,,,,,,,,,,,,,,,,phase1 PRE_RAID_OPTIMIZATION | PE_SPENT: fuel=1 combat=0 total=1 | BEFORE: fuel=1 combat=11 | AFTER: fuel=2 combat=11,,,,,,,,,,,,,,,,,,,,,,,,
2025-09-12T00:03:39.779710,,,Niemcy,P_Pluton__6_Grenadier_Bataillon_20250907191921,,resupply_detailed,51,7,51,7,,,,,,,,,,,,,,,,,,,,,,phase1 PRE_RAID_OPTIMIZATION | PE_SPENT: fuel=1 combat=0 total=1 | BEFORE: fuel=1 combat=8 | AFTER: fuel=2 combat=8,,,,,,,,,,,,,,,,,,,,,,,,
2025-09-12T00:03:39.780719,,,Niemcy,Z_Pluton__6_Aufkl_rungs_Zug,,resupply_detailed,53,-5,53,-5,,,,,,,,,,,,,,,,,,,,,,phase1 PRE_RAID_OPTIMIZATION | PE_SPENT: fuel=1 combat=0 total=1 | BEFORE: fuel=2 combat=4 | AFTER: fuel=3 combat=4,,,,,,,,,,,,,,,,,,,,,,,,
2025-09-12T00:03:39.780719,,,Niemcy,Z_Kompania__6_Unterst_tzungs_Bataillon,,resupply_detailed,50,-6,50,-6,,,,,,,,,,,,,,,,,,,,,,phase1 PRE_RAID_OPTIMIZATION | PE_SPENT: fuel=1 combat=0 total=1 | BEFORE: fuel=2 combat=6 | AFTER: fuel=3 combat=6,,,,,,,,,,,,,,,,,,,,,,,,
2025-09-12T00:03:39.780719,,,Niemcy,Z_Pluton__6_Versorgungs_Kompanie,,resupply_detailed,54,-16,54,-16,,,,,,,,,,,,,,,,,,,,,,phase1 PRE_RAID_OPTIMIZATION | PE_SPENT: fuel=1 combat=0 total=1 | BEFORE: fuel=2 combat=4 | AFTER: fuel=3 combat=4,,,,,,,,,,,,,,,,,,,,,,,,
2025-09-12T00:03:39.781739,,,Niemcy,Z_Pluton__6_Aufkl_rungs_Zug_20250907191928,,resupply_detailed,46,-9,46,-9,,,,,,,,,,,,,,,,,,,,,,phase1 PRE_RAID_OPTIMIZATION | PE_SPENT: fuel=1 combat=0 total=1 | BEFORE: fuel=2 combat=4 | AFTER: fuel=3 combat=4,,,,,,,,,,,,,,,,,,,,,,,,
2025-09-12T00:03:39.781739,,,Niemcy,RESUPPLY_OPERATION,,resupply_summary,,,,,,,,,,,,,,,,,,,,,,,,,,RESUPPLY_SUMMARY PRE_RAID_OPTIMIZATION | TOTAL_PE_SPENT: 9 | UNITS_RESUPPLIED: 9/9 | BUDGET_ALLOCATED: 108 | PE_REMAINING: 126,,,,,,,,,,,,,,,,,,,,,,,,
2025-09-12T00:03:39.796961,,target_selection,Niemcy,TL_Kompania__6_Panzer_Kompanie,,target_analysis,,,,,52,5,,,,,,,,,,,,,,,,,,,,"Target analysis: 29 candidates, score -1.00",,29,-1,999,,,,,,,,,False,,,,,,,29,29,29,4,2
2025-09-12T00:03:39.800688,,,Niemcy,TL_Kompania__6_Panzer_Kompanie,,second_move,,,52,5,,,,,,,,,,,,,,,,,,,,,,second_chance after PRE_RAID_OPTIMIZATION,,,,,,,,,,,,,,,,,,,,,,,,
2025-09-12T00:03:39.811901,,target_selection,Niemcy,P_Kompania__6_Sch_tzen_Kompanie,,target_analysis,,,,,51,3,,,,,,,,,,,,,,,,,,,,"Target analysis: 29 candidates, score -1.00",,29,-1,999,,,,,,,,,False,,,,,,,29,29,29,3,2
2025-09-12T00:03:39.815216,,,Niemcy,P_Kompania__6_Sch_tzen_Kompanie,,second_move,,,51,3,,,,,,,,,,,,,,,,,,,,,,second_chance after PRE_RAID_OPTIMIZATION,,,,,,,,,,,,,,,,,,,,,,,,
2025-09-12T00:03:39.838763,,target_selection,Niemcy,P_Pluton__6_Sch_tzen_Kompanie,,target_analysis,,,,,46,6,,,,,,,,,,,,,,,,,,,,"Target analysis: 29 candidates, score -1.00",,29,-1,999,,,,,,,,,False,,,,,,,29,29,29,3,2
2025-09-12T00:03:39.843122,,,Niemcy,P_Pluton__6_Sch_tzen_Kompanie,,second_move,,,46,6,,,,,,,,,,,,,,,,,,,,,,second_chance after PRE_RAID_OPTIMIZATION,,,,,,,,,,,,,,,,,,,,,,,,
2025-09-12T00:03:39.906748,,target_selection,Niemcy,P_Kompania__6_Infanterie_Regiment,,target_analysis,,,,,44,8,,,,,,,,,,,,,,,,,,,,"Target analysis: 29 candidates, score -1.00",,29,-1,999,,,,,,,,,False,,,,,,,29,29,29,3,2
2025-09-12T00:03:39.913060,,,Niemcy,P_Kompania__6_Infanterie_Regiment,,second_move,,,44,8,,,,,,,,,,,,,,,,,,,,,,second_chance after PRE_RAID_OPTIMIZATION,,,,,,,,,,,,,,,,,,,,,,,,
2025-09-12T00:03:39.940476,,target_selection,Niemcy,P_Pluton__6_Grenadier_Bataillon_20250907191921,,target_analysis,,,,,49,7,,,,,,,,,,,,,,,,,,,,"Target analysis: 29 candidates, score -1.00",,29,-1,999,,,,,,,,,False,,,,,,,29,29,29,3,2
2025-09-12T00:03:39.945450,,,Niemcy,P_Pluton__6_Grenadier_Bataillon_20250907191921,,second_move,,,49,7,,,,,,,,,,,,,,,,,,,,,,second_chance after PRE_RAID_OPTIMIZATION,,,,,,,,,,,,,,,,,,,,,,,,
2025-09-12T00:03:40.028653,,target_selection,Niemcy,Z_Pluton__6_Aufkl_rungs_Zug,,target_analysis,,,,,50,-2,,,,,,,,,,,,,,,,,,,,"Target analysis: 29 candidates, score -1.00",,29,-1,999,,,,,,,,,False,,,,,,,29,29,29,4,3
2025-09-12T00:03:40.034440,,,Niemcy,Z_Pluton__6_Aufkl_rungs_Zug,,second_move,,,50,-2,,,,,,,,,,,,,,,,,,,,,,second_chance after PRE_RAID_OPTIMIZATION,,,,,,,,,,,,,,,,,,,,,,,,
2025-09-12T00:03:40.086984,,target_selection,Niemcy,Z_Kompania__6_Unterst_tzungs_Bataillon,,target_analysis,,,,,47,-3,,,,,,,,,,,,,,,,,,,,"Target analysis: 29 candidates, score -1.00",,29,-1,999,,,,,,,,,False,,,,,,,29,29,29,4,3
2025-09-12T00:03:40.091654,,,Niemcy,Z_Kompania__6_Unterst_tzungs_Bataillon,,second_move,,,47,-3,,,,,,,,,,,,,,,,,,,,,,second_chance after PRE_RAID_OPTIMIZATION,,,,,,,,,,,,,,,,,,,,,,,,
2025-09-12T00:03:40.119608,,target_selection,Niemcy,Z_Pluton__6_Versorgungs_Kompanie,,target_analysis,,,,,54,-13,,,,,,,,,,,,,,,,,,,,"Target analysis: 29 candidates, score -1.00",,29,-1,999,,,,,,,,,False,,,,,,,29,29,29,4,3
2025-09-12T00:03:40.122996,,,Niemcy,Z_Pluton__6_Versorgungs_Kompanie,,second_move,,,54,-13,,,,,,,,,,,,,,,,,,,,,,second_chance after PRE_RAID_OPTIMIZATION,,,,,,,,,,,,,,,,,,,,,,,,
2025-09-12T00:03:40.159600,,target_selection,Niemcy,Z_Pluton__6_Aufkl_rungs_Zug_20250907191928,,target_analysis,,,,,49,-9,,,,,,,,,,,,,,,,,,,,"Target analysis: 29 candidates, score -1.00",,29,-1,999,,,,,,,,,False,,,,,,,29,29,29,4,3
2025-09-12T00:03:40.163479,,,Niemcy,Z_Pluton__6_Aufkl_rungs_Zug_20250907191928,,second_move,,,49,-9,,,,,,,,,,,,,,,,,,,,,,second_chance after PRE_RAID_OPTIMIZATION,,,,,,,,,,,,,,,,,,,,,,,,
2025-09-12T00:03:40.174152,,,Niemcy,RESUPPLY_NEEDS,,resupply_analysis,,,,,,,,,,,,,,,,,,,,,,,,,,NEEDS_ANALYSIS PRE_RAID_OPTIMIZATION | TOTAL_FUEL_NEEDED: 15 | TOTAL_COMBAT_NEEDED: 0 | TOTAL_PE_NEEDED: 15 | BUDGET_AVAILABLE: 100 | UNITS_REQUIRING_HELP: 9,,,,,,,,,,,,,,,,,,,,,,,,
2025-09-12T00:03:40.174152,,,Niemcy,Z_Kompania__6_Unterst_tzungs_Bataillon,,resupply_detailed,50,-11,50,-11,,,,,,,,,,,,,,,,,,,,,,phase1 PRE_RAID_OPTIMIZATION | PE_SPENT: fuel=2 combat=0 total=2 | BEFORE: fuel=1 combat=6 | AFTER: fuel=3 combat=6,,,,,,,,,,,,,,,,,,,,,,,,
2025-09-12T00:03:40.175202,,,Niemcy,TL_Kompania__6_Panzer_Kompanie,,resupply_detailed,52,5,52,5,,,,,,,,,,,,,,,,,,,,,,phase1 PRE_RAID_OPTIMIZATION | PE_SPENT: fuel=1 combat=0 total=1 | BEFORE: fuel=1 combat=14 | AFTER: fuel=2 combat=14,,,,,,,,,,,,,,,,,,,,,,,,
2025-09-12T00:03:40.175202,,,Niemcy,P_Kompania__6_Sch_tzen_Kompanie,,resupply_detailed,51,3,51,3,,,,,,,,,,,,,,,,,,,,,,phase1 PRE_RAID_OPTIMIZATION | PE_SPENT: fuel=1 combat=0 total=1 | BEFORE: fuel=1 combat=11 | AFTER: fuel=2 combat=11,,,,,,,,,,,,,,,,,,,,,,,,
2025-09-12T00:03:40.175202,,,Niemcy,P_Pluton__6_Sch_tzen_Kompanie,,resupply_detailed,46,6,46,6,,,,,,,,,,,,,,,,,,,,,,phase1 PRE_RAID_OPTIMIZATION | PE_SPENT: fuel=1 combat=0 total=1 | BEFORE: fuel=1 combat=8 | AFTER: fuel=2 combat=8,,,,,,,,,,,,,,,,,,,,,,,,
2025-09-12T00:03:40.176205,,,Niemcy,P_Kompania__6_Infanterie_Regiment,,resupply_detailed,44,8,44,8,,,,,,,,,,,,,,,,,,,,,,phase1 PRE_RAID_OPTIMIZATION | PE_SPENT: fuel=1 combat=0 total=1 | BEFORE: fuel=1 combat=11 | AFTER: fuel=2 combat=11,,,,,,,,,,,,,,,,,,,,,,,,
2025-09-12T00:03:40.177522,,,Niemcy,P_Pluton__6_Grenadier_Bataillon_20250907191921,,resupply_detailed,49,7,49,7,,,,,,,,,,,,,,,,,,,,,,phase1 PRE_RAID_OPTIMIZATION | PE_SPENT: fuel=1 combat=0 total=1 | BEFORE: fuel=1 combat=8 | AFTER: fuel=2 combat=8,,,,,,,,,,,,,,,,,,,,,,,,
2025-09-12T00:03:40.178477,,,Niemcy,Z_Pluton__6_Aufkl_rungs_Zug,,resupply_detailed,50,-2,50,-2,,,,,,,,,,,,,,,,,,,,,,phase1 PRE_RAID_OPTIMIZATION | PE_SPENT: fuel=1 combat=0 total=1 | BEFORE: fuel=2 combat=4 | AFTER: fuel=3 combat=4,,,,,,,,,,,,,,,,,,,,,,,,
2025-09-12T00:03:40.178477,,,Niemcy,Z_Pluton__6_Versorgungs_Kompanie,,resupply_detailed,54,-13,54,-13,,,,,,,,,,,,,,,,,,,,,,phase1 PRE_RAID_OPTIMIZATION | PE_SPENT: fuel=1 combat=0 total=1 | BEFORE: fuel=2 combat=4 | AFTER: fuel=3 combat=4,,,,,,,,,,,,,,,,,,,,,,,,
2025-09-12T00:03:40.179510,,,Niemcy,Z_Pluton__6_Aufkl_rungs_Zug_20250907191928,,resupply_detailed,49,-9,49,-9,,,,,,,,,,,,,,,,,,,,,,phase1 PRE_RAID_OPTIMIZATION | PE_SPENT: fuel=1 combat=0 total=1 | BEFORE: fuel=2 combat=4 | AFTER: fuel=3 combat=4,,,,,,,,,,,,,,,,,,,,,,,,
2025-09-12T00:03:40.179510,,,Niemcy,RESUPPLY_OPERATION,,resupply_summary,,,,,,,,,,,,,,,,,,,,,,,,,,RESUPPLY_SUMMARY PRE_RAID_OPTIMIZATION | TOTAL_PE_SPENT: 10 | UNITS_RESUPPLIED: 9/9 | BUDGET_ALLOCATED: 100 | PE_REMAINING: 116,,,,,,,,,,,,,,,,,,,,,,,,
2025-09-12T00:03:40.187744,,target_selection,Niemcy,Z_Kompania__6_Unterst_tzungs_Bataillon,,target_analysis,,,,,48,-9,,,,,,,,,,,,,,,,,,,,"Target analysis: 29 candidates, score -1.00",,29,-1,999,,,,,,,,,False,,,,,,,29,29,29,2,3
2025-09-12T00:03:40.191579,,,Niemcy,Z_Kompania__6_Unterst_tzungs_Bataillon,,second_move,,,48,-9,,,,,,,,,,,,,,,,,,,,,,second_chance after PRE_RAID_OPTIMIZATION,,,,,,,,,,,,,,,,,,,,,,,,
2025-09-12T00:03:40.209017,,target_selection,Niemcy,TL_Kompania__6_Panzer_Kompanie,,target_analysis,,,,,52,7,,,,,,,,,,,,,,,,,,,,"Target analysis: 29 candidates, score -1.00",,29,-1,999,,,,,,,,,False,,,,,,,29,29,29,3,2
2025-09-12T00:03:40.215251,,,Niemcy,TL_Kompania__6_Panzer_Kompanie,,second_move,,,52,7,,,,,,,,,,,,,,,,,,,,,,second_chance after PRE_RAID_OPTIMIZATION,,,,,,,,,,,,,,,,,,,,,,,,
2025-09-12T00:03:40.231543,,target_selection,Niemcy,P_Kompania__6_Sch_tzen_Kompanie,,target_analysis,,,,,53,3,,,,,,,,,,,,,,,,,,,,"Target analysis: 29 candidates, score -1.00",,29,-1,999,,,,,,,,,False,,,,,,,29,29,29,2,2
2025-09-12T00:03:40.233573,,,Niemcy,P_Kompania__6_Sch_tzen_Kompanie,,second_move,,,53,3,,,,,,,,,,,,,,,,,,,,,,second_chance after PRE_RAID_OPTIMIZATION,,,,,,,,,,,,,,,,,,,,,,,,
2025-09-12T00:03:40.256992,,target_selection,Niemcy,P_Pluton__6_Sch_tzen_Kompanie,,target_analysis,,,,,48,6,,,,,,,,,,,,,,,,,,,,"Target analysis: 29 candidates, score -1.00",,29,-1,999,,,,,,,,,False,,,,,,,29,29,29,2,2
2025-09-12T00:03:40.269905,,,Niemcy,P_Pluton__6_Sch_tzen_Kompanie,,second_move,,,48,6,,,,,,,,,,,,,,,,,,,,,,second_chance after PRE_RAID_OPTIMIZATION,,,,,,,,,,,,,,,,,,,,,,,,
2025-09-12T00:03:40.292182,,target_selection,Niemcy,P_Kompania__6_Infanterie_Regiment,,target_analysis,,,,,46,8,,,,,,,,,,,,,,,,,,,,"Target analysis: 29 candidates, score -1.00",,29,-1,999,,,,,,,,,False,,,,,,,29,29,29,2,2
2025-09-12T00:03:40.295350,,,Niemcy,P_Kompania__6_Infanterie_Regiment,,second_move,,,46,8,,,,,,,,,,,,,,,,,,,,,,second_chance after PRE_RAID_OPTIMIZATION,,,,,,,,,,,,,,,,,,,,,,,,
2025-09-12T00:03:40.311152,,target_selection,Niemcy,P_Pluton__6_Grenadier_Bataillon_20250907191921,,target_analysis,,,,,51,7,,,,,,,,,,,,,,,,,,,,"Target analysis: 29 candidates, score -1.00",,29,-1,999,,,,,,,,,False,,,,,,,29,29,29,2,2
2025-09-12T00:03:40.313488,,,Niemcy,P_Pluton__6_Grenadier_Bataillon_20250907191921,,second_move,,,51,7,,,,,,,,,,,,,,,,,,,,,,second_chance after PRE_RAID_OPTIMIZATION,,,,,,,,,,,,,,,,,,,,,,,,
2025-09-12T00:03:40.350907,,target_selection,Niemcy,Z_Pluton__6_Aufkl_rungs_Zug,,target_analysis,,,,,50,1,,,,,,,,,,,,,,,,,,,,"Target analysis: 29 candidates, score -1.00",,29,-1,999,,,,,,,,,False,,,,,,,29,29,29,3,3
2025-09-12T00:03:40.354965,,,Niemcy,Z_Pluton__6_Aufkl_rungs_Zug,,second_move,,,50,1,,,,,,,,,,,,,,,,,,,,,,second_chance after PRE_RAID_OPTIMIZATION,,,,,,,,,,,,,,,,,,,,,,,,
2025-09-12T00:03:40.374032,,target_selection,Niemcy,Z_Pluton__6_Versorgungs_Kompanie,,target_analysis,,,,,54,-16,,,,,,,,,,,,,,,,,,,,"Target analysis: 29 candidates, score -1.00",,29,-1,999,,,,,,,,,False,,,,,,,29,29,29,3,3
2025-09-12T00:03:40.378386,,,Niemcy,Z_Pluton__6_Versorgungs_Kompanie,,second_move,,,54,-16,,,,,,,,,,,,,,,,,,,,,,second_chance after PRE_RAID_OPTIMIZATION,,,,,,,,,,,,,,,,,,,,,,,,
2025-09-12T00:03:40.403050,,target_selection,Niemcy,Z_Pluton__6_Aufkl_rungs_Zug_20250907191928,,target_analysis,,,,,51,-9,,,,,,,,,,,,,,,,,,,,"Target analysis: 29 candidates, score -1.00",,29,-1,999,,,,,,,,,False,,,,,,,29,29,29,3,3
2025-09-12T00:03:40.405309,,,Niemcy,Z_Pluton__6_Aufkl_rungs_Zug_20250907191928,,second_move,,,51,-9,,,,,,,,,,,,,,,,,,,,,,second_chance after PRE_RAID_OPTIMIZATION,,,,,,,,,,,,,,,,,,,,,,,,
2025-09-12T00:03:40.414403,,,Niemcy,RESUPPLY_NEEDS,,resupply_analysis,,,,,,,,,,,,,,,,,,,,,,,,,,NEEDS_ANALYSIS PRE_RAID_OPTIMIZATION | TOTAL_FUEL_NEEDED: 15 | TOTAL_COMBAT_NEEDED: 0 | TOTAL_PE_NEEDED: 15 | BUDGET_AVAILABLE: 92 | UNITS_REQUIRING_HELP: 9,,,,,,,,,,,,,,,,,,,,,,,,
2025-09-12T00:03:40.414403,,,Niemcy,Z_Pluton__6_Versorgungs_Kompanie,,resupply_bonus,52,-13,52,-13,,,,,,,,,,,,,,,,,,,,,,bonus_phase PRE_RAID_OPTIMIZATION | PE_SPENT: fuel=1 combat=0 total=1 | BONUS_ALLOCATION: 2 PE available | REMAINING_BUDGET: 19 PE,,,,,,,,,,,,,,,,,,,,,,,,
2025-09-12T00:03:40.415437,,,Niemcy,TL_Kompania__6_Panzer_Kompanie,,resupply_bonus,52,7,52,7,,,,,,,,,,,,,,,,,,,,,,bonus_phase PRE_RAID_OPTIMIZATION | PE_SPENT: fuel=1 combat=0 total=1 | BONUS_ALLOCATION: 2 PE available | REMAINING_BUDGET: 18 PE,,,,,,,,,,,,,,,,,,,,,,,,
2025-09-12T00:03:40.415437,,,Niemcy,Z_Pluton__6_Aufkl_rungs_Zug,,resupply_bonus,50,1,50,1,,,,,,,,,,,,,,,,,,,,,,bonus_phase PRE_RAID_OPTIMIZATION | PE_SPENT: fuel=1 combat=0 total=1 | BONUS_ALLOCATION: 2 PE available | REMAINING_BUDGET: 17 PE,,,,,,,,,,,,,,,,,,,,,,,,
2025-09-12T00:03:40.416531,,,Niemcy,Z_Kompania__6_Unterst_tzungs_Bataillon,,resupply_bonus,48,-9,48,-9,,,,,,,,,,,,,,,,,,,,,,bonus_phase PRE_RAID_OPTIMIZATION | PE_SPENT: fuel=1 combat=0 total=1 | BONUS_ALLOCATION: 2 PE available | REMAINING_BUDGET: 16 PE,,,,,,,,,,,,,,,,,,,,,,,,
2025-09-12T00:03:40.416531,,,Niemcy,Z_Pluton__6_Aufkl_rungs_Zug_20250907191928,,resupply_bonus,51,-9,51,-9,,,,,,,,,,,,,,,,,,,,,,bonus_phase PRE_RAID_OPTIMIZATION | PE_SPENT: fuel=1 combat=0 total=1 | BONUS_ALLOCATION: 2 PE available | REMAINING_BUDGET: 15 PE,,,,,,,,,,,,,,,,,,,,,,,,
2025-09-12T00:03:40.417535,,,Niemcy,RESUPPLY_OPERATION,,resupply_summary,,,,,,,,,,,,,,,,,,,,,,,,,,RESUPPLY_SUMMARY PRE_RAID_OPTIMIZATION | TOTAL_PE_SPENT: 5 | UNITS_RESUPPLIED: 0/9 | BUDGET_ALLOCATED: 92 | PE_REMAINING: 111,,,,,,,,,,,,,,,,,,,,,,,,
2025-09-12T00:03:40.425654,,target_selection,Niemcy,Z_Pluton__6_Versorgungs_Kompanie,,target_analysis,,,,,51,-13,,,,,,,,,,,,,,,,,,,,"Target analysis: 29 candidates, score 30.00",,29,30.0,1,,,,,,,,,False,,,,"(51, -13)",,,28,29,29,1,2
2025-09-12T00:03:40.430679,,,Niemcy,Z_Pluton__6_Versorgungs_Kompanie,,second_move,,,51,-13,,,,,,,,,,,,,,,,,,,,,,second_chance after PRE_RAID_OPTIMIZATION,,,,,,,,,,,,,,,,,,,,,,,,
2025-09-12T00:03:40.438347,,target_selection,Niemcy,TL_Kompania__6_Panzer_Kompanie,,target_analysis,,,,,52,5,,,,,,,,,,,,,,,,,,,,"Target analysis: 29 candidates, score -1.00",,29,-1,999,,,,,,,,,False,,,,,,,29,29,29,2,2
2025-09-12T00:03:40.441538,,,Niemcy,TL_Kompania__6_Panzer_Kompanie,,second_move,,,52,5,,,,,,,,,,,,,,,,,,,,,,second_chance after PRE_RAID_OPTIMIZATION,,,,,,,,,,,,,,,,,,,,,,,,
2025-09-12T00:03:40.449402,,target_selection,Niemcy,P_Kompania__6_Sch_tzen_Kompanie,,target_analysis,,,,,53,4,,,,,,,,,,,,,,,,,,,,"Target analysis: 29 candidates, score -1.00",,29,-1,999,,,,,,,,,False,,,,,,,29,29,29,1,1
2025-09-12T00:03:40.453625,,,Niemcy,P_Kompania__6_Sch_tzen_Kompanie,,second_move,,,53,4,,,,,,,,,,,,,,,,,,,,,,second_chance after PRE_RAID_OPTIMIZATION,,,,,,,,,,,,,,,,,,,,,,,,
2025-09-12T00:03:40.465130,,target_selection,Niemcy,P_Pluton__6_Sch_tzen_Kompanie,,target_analysis,,,,,49,6,,,,,,,,,,,,,,,,,,,,"Target analysis: 29 candidates, score -1.00",,29,-1,999,,,,,,,,,False,,,,,,,29,29,29,1,1
2025-09-12T00:03:40.467540,,,Niemcy,P_Pluton__6_Sch_tzen_Kompanie,,second_move,,,49,6,,,,,,,,,,,,,,,,,,,,,,second_chance after PRE_RAID_OPTIMIZATION,,,,,,,,,,,,,,,,,,,,,,,,
2025-09-12T00:03:40.476477,,target_selection,Niemcy,P_Kompania__6_Infanterie_Regiment,,target_analysis,,,,,45,8,,,,,,,,,,,,,,,,,,,,"Target analysis: 29 candidates, score -1.00",,29,-1,999,,,,,,,,,False,,,,,,,29,29,29,1,1
2025-09-12T00:03:40.480248,,,Niemcy,P_Kompania__6_Infanterie_Regiment,,second_move,,,45,8,,,,,,,,,,,,,,,,,,,,,,second_chance after PRE_RAID_OPTIMIZATION,,,,,,,,,,,,,,,,,,,,,,,,
2025-09-12T00:03:40.488868,,target_selection,Niemcy,P_Pluton__6_Grenadier_Bataillon_20250907191921,,target_analysis,,,,,52,7,,,,,,,,,,,,,,,,,,,,"Target analysis: 29 candidates, score -1.00",,29,-1,999,,,,,,,,,False,,,,,,,29,29,29,1,1
2025-09-12T00:03:40.492291,,,Niemcy,P_Pluton__6_Grenadier_Bataillon_20250907191921,,second_move,,,52,7,,,,,,,,,,,,,,,,,,,,,,second_chance after PRE_RAID_OPTIMIZATION,,,,,,,,,,,,,,,,,,,,,,,,
2025-09-12T00:03:40.514450,,target_selection,Niemcy,Z_Pluton__6_Aufkl_rungs_Zug,,target_analysis,,,,,50,3,,,,,,,,,,,,,,,,,,,,"Target analysis: 29 candidates, score -1.00",,29,-1,999,,,,,,,,,False,,,,,,,29,29,29,2,3
2025-09-12T00:03:40.518162,,,Niemcy,Z_Pluton__6_Aufkl_rungs_Zug,,second_move,,,50,3,,,,,,,,,,,,,,,,,,,,,,second_chance after PRE_RAID_OPTIMIZATION,,,,,,,,,,,,,,,,,,,,,,,,
2025-09-12T00:03:40.527905,,target_selection,Niemcy,Z_Kompania__6_Unterst_tzungs_Bataillon,,target_analysis,,,,,49,-9,,,,,,,,,,,,,,,,,,,,"Target analysis: 29 candidates, score -1.00",,29,-1,999,,,,,,,,,False,,,,,,,29,29,29,1,3
2025-09-12T00:03:40.530977,,,Niemcy,Z_Kompania__6_Unterst_tzungs_Bataillon,,second_move,,,49,-9,,,,,,,,,,,,,,,,,,,,,,second_chance after PRE_RAID_OPTIMIZATION,,,,,,,,,,,,,,,,,,,,,,,,
2025-09-12T00:03:40.544494,,target_selection,Niemcy,Z_Pluton__6_Aufkl_rungs_Zug_20250907191928,,target_analysis,,,,,49,-7,,,,,,,,,,,,,,,,,,,,"Target analysis: 29 candidates, score -1.00",,29,-1,999,,,,,,,,,False,,,,,,,29,29,29,2,3
2025-09-12T00:03:40.548185,,,Niemcy,Z_Pluton__6_Aufkl_rungs_Zug_20250907191928,,second_move,,,49,-7,,,,,,,,,,,,,,,,,,,,,,second_chance after PRE_RAID_OPTIMIZATION,,,,,,,,,,,,,,,,,,,,,,,,
2025-09-12T00:03:40.815683,,strategy,Niemcy,STRATEGY,,strategic_decision,,,,,,,,,,,,,,,,,,,,,,,,,,"Strategy: REASSIGNMENT, aggression 0.50, 5 groups, 0 reassignments",,,,,,,,,REASSIGNMENT,0.5,,,,,,adaptive,,0,dynamic_reassignment,,,,,
2025-09-12T00:03:40.840218,,strategy,Niemcy,STRATEGY,,strategic_decision,,,,,,,,,,,,,,,,,,,,,,,,,,"Strategy: REASSIGNMENT, aggression 0.50, 5 groups, 0 reassignments",,,,,,,,,REASSIGNMENT,0.5,,,,,,adaptive,,0,dynamic_reassignment,,,,,
2025-09-12T00:03:40.842857,,,Niemcy,RESUPPLY_NEEDS,,resupply_analysis,,,,,,,,,,,,,,,,,,,,,,,,,,NEEDS_ANALYSIS LOW_FUEL | TOTAL_FUEL_NEEDED: 20 | TOTAL_COMBAT_NEEDED: 0 | TOTAL_PE_NEEDED: 20 | BUDGET_AVAILABLE: 88 | UNITS_REQUIRING_HELP: 9,,,,,,,,,,,,,,,,,,,,,,,,
2025-09-12T00:03:40.843960,,,Niemcy,RESUPPLY_OPERATION,,resupply_summary,,,,,,,,,,,,,,,,,,,,,,,,,,RESUPPLY_SUMMARY LOW_FUEL | TOTAL_PE_SPENT: 0 | UNITS_RESUPPLIED: 0/9 | BUDGET_ALLOCATED: 88 | PE_REMAINING: 111,,,,,,,,,,,,,,,,,,,,,,,,
2025-09-12T00:03:40.852459,,target_selection,Niemcy,TL_Kompania__6_Panzer_Kompanie,,target_analysis,,,,,52,6,,,,,,,,,,,,,,,,,,,,"Target analysis: 29 candidates, score -1.00",,29,-1,999,,,,,,,,,False,,,,,,,29,29,29,1,1
2025-09-12T00:03:40.854686,,,Niemcy,TL_Kompania__6_Panzer_Kompanie,,second_move,,,52,6,,,,,,,,,,,,,,,,,,,,,,second_chance after LOW_FUEL,,,,,,,,,,,,,,,,,,,,,,,,
2025-09-12T00:03:40.866813,,target_selection,Niemcy,Z_Pluton__6_Aufkl_rungs_Zug,,target_analysis,,,,,51,3,,,,,,,,,,,,,,,,,,,,"Target analysis: 29 candidates, score -1.00",,29,-1,999,,,,,,,,,False,,,,,,,29,29,29,1,2
2025-09-12T00:03:40.870352,,,Niemcy,Z_Pluton__6_Aufkl_rungs_Zug,,second_move,,,51,3,,,,,,,,,,,,,,,,,,,,,,second_chance after LOW_FUEL,,,,,,,,,,,,,,,,,,,,,,,,
2025-09-12T00:03:40.871382,,,Niemcy,RESUPPLY_NEEDS,,resupply_analysis,,,,,,,,,,,,,,,,,,,,,,,,,,NEEDS_ANALYSIS LOW_FUEL | TOTAL_FUEL_NEEDED: 22 | TOTAL_COMBAT_NEEDED: 0 | TOTAL_PE_NEEDED: 22 | BUDGET_AVAILABLE: 88 | UNITS_REQUIRING_HELP: 9,,,,,,,,,,,,,,,,,,,,,,,,
2025-09-12T00:03:40.872532,,,Niemcy,RESUPPLY_OPERATION,,resupply_summary,,,,,,,,,,,,,,,,,,,,,,,,,,RESUPPLY_SUMMARY LOW_FUEL | TOTAL_PE_SPENT: 0 | UNITS_RESUPPLIED: 0/9 | BUDGET_ALLOCATED: 88 | PE_REMAINING: 111,,,,,,,,,,,,,,,,,,,,,,,,
2025-09-12T00:03:40.873585,,,Niemcy,RESUPPLY_NEEDS,,resupply_analysis,,,,,,,,,,,,,,,,,,,,,,,,,,NEEDS_ANALYSIS LOW_FUEL | TOTAL_FUEL_NEEDED: 22 | TOTAL_COMBAT_NEEDED: 0 | TOTAL_PE_NEEDED: 22 | BUDGET_AVAILABLE: 88 | UNITS_REQUIRING_HELP: 9,,,,,,,,,,,,,,,,,,,,,,,,
2025-09-12T00:03:40.874645,,,Niemcy,RESUPPLY_OPERATION,,resupply_summary,,,,,,,,,,,,,,,,,,,,,,,,,,RESUPPLY_SUMMARY LOW_FUEL | TOTAL_PE_SPENT: 0 | UNITS_RESUPPLIED: 0/9 | BUDGET_ALLOCATED: 88 | PE_REMAINING: 111,,,,,,,,,,,,,,,,,,,,,,,,
2025-09-12T00:03:40.875902,,,Niemcy,RESUPPLY_NEEDS,,resupply_analysis,,,,,,,,,,,,,,,,,,,,,,,,,,NEEDS_ANALYSIS LOW_FUEL | TOTAL_FUEL_NEEDED: 22 | TOTAL_COMBAT_NEEDED: 0 | TOTAL_PE_NEEDED: 22 | BUDGET_AVAILABLE: 88 | UNITS_REQUIRING_HELP: 9,,,,,,,,,,,,,,,,,,,,,,,,
2025-09-12T00:03:40.878847,,,Niemcy,RESUPPLY_OPERATION,,resupply_summary,,,,,,,,,,,,,,,,,,,,,,,,,,RESUPPLY_SUMMARY LOW_FUEL | TOTAL_PE_SPENT: 0 | UNITS_RESUPPLIED: 0/9 | BUDGET_ALLOCATED: 88 | PE_REMAINING: 111,,,,,,,,,,,,,,,,,,,,,,,,
2025-09-12T00:03:40.879960,,,Niemcy,RESUPPLY_NEEDS,,resupply_analysis,,,,,,,,,,,,,,,,,,,,,,,,,,NEEDS_ANALYSIS LOW_FUEL | TOTAL_FUEL_NEEDED: 22 | TOTAL_COMBAT_NEEDED: 0 | TOTAL_PE_NEEDED: 22 | BUDGET_AVAILABLE: 88 | UNITS_REQUIRING_HELP: 9,,,,,,,,,,,,,,,,,,,,,,,,
2025-09-12T00:03:40.880985,,,Niemcy,RESUPPLY_OPERATION,,resupply_summary,,,,,,,,,,,,,,,,,,,,,,,,,,RESUPPLY_SUMMARY LOW_FUEL | TOTAL_PE_SPENT: 0 | UNITS_RESUPPLIED: 0/9 | BUDGET_ALLOCATED: 88 | PE_REMAINING: 111,,,,,,,,,,,,,,,,,,,,,,,,
2025-09-12T00:03:40.885409,,strategy,Niemcy,STRATEGY,,strategic_decision,,,,,,,,,,,,,,,,,,,,,,,,,,"Strategy: REASSIGNMENT, aggression 0.50, 1 groups, 0 reassignments",,,,,,,,,REASSIGNMENT,0.5,,,,,,adaptive,,0,dynamic_reassignment,,,,,
2025-09-12T00:03:40.889646,,target_selection,Niemcy,TL_Kompania__6_Panzer_Kompanie,,target_analysis,,,,,,,,,,,,,,,,,,,,,,,,,,"Target analysis: 29 candidates, score -1.00",,29,-1,999,,,,,,,,,False,,,,,,,29,29,29,5,0
2025-09-12T00:03:40.891660,,,Niemcy,RESUPPLY_NEEDS,,resupply_analysis,,,,,,,,,,,,,,,,,,,,,,,,,,NEEDS_ANALYSIS LOW_FUEL | TOTAL_FUEL_NEEDED: 22 | TOTAL_COMBAT_NEEDED: 0 | TOTAL_PE_NEEDED: 22 | BUDGET_AVAILABLE: 88 | UNITS_REQUIRING_HELP: 9,,,,,,,,,,,,,,,,,,,,,,,,
2025-09-12T00:03:40.891660,,,Niemcy,RESUPPLY_OPERATION,,resupply_summary,,,,,,,,,,,,,,,,,,,,,,,,,,RESUPPLY_SUMMARY LOW_FUEL | TOTAL_PE_SPENT: 0 | UNITS_RESUPPLIED: 0/9 | BUDGET_ALLOCATED: 88 | PE_REMAINING: 111,,,,,,,,,,,,,,,,,,,,,,,,
2025-09-12T00:03:40.894364,,,Niemcy,RESUPPLY_NEEDS,,resupply_analysis,,,,,,,,,,,,,,,,,,,,,,,,,,NEEDS_ANALYSIS LOW_FUEL | TOTAL_FUEL_NEEDED: 22 | TOTAL_COMBAT_NEEDED: 0 | TOTAL_PE_NEEDED: 22 | BUDGET_AVAILABLE: 88 | UNITS_REQUIRING_HELP: 9,,,,,,,,,,,,,,,,,,,,,,,,
2025-09-12T00:03:40.895348,,,Niemcy,RESUPPLY_OPERATION,,resupply_summary,,,,,,,,,,,,,,,,,,,,,,,,,,RESUPPLY_SUMMARY LOW_FUEL | TOTAL_PE_SPENT: 0 | UNITS_RESUPPLIED: 0/9 | BUDGET_ALLOCATED: 88 | PE_REMAINING: 111,,,,,,,,,,,,,,,,,,,,,,,,
2025-09-12T00:03:40.895348,,,Niemcy,RESUPPLY_NEEDS,,resupply_analysis,,,,,,,,,,,,,,,,,,,,,,,,,,NEEDS_ANALYSIS LOW_FUEL | TOTAL_FUEL_NEEDED: 22 | TOTAL_COMBAT_NEEDED: 0 | TOTAL_PE_NEEDED: 22 | BUDGET_AVAILABLE: 88 | UNITS_REQUIRING_HELP: 9,,,,,,,,,,,,,,,,,,,,,,,,
2025-09-12T00:03:40.898598,,,Niemcy,RESUPPLY_OPERATION,,resupply_summary,,,,,,,,,,,,,,,,,,,,,,,,,,RESUPPLY_SUMMARY LOW_FUEL | TOTAL_PE_SPENT: 0 | UNITS_RESUPPLIED: 0/9 | BUDGET_ALLOCATED: 88 | PE_REMAINING: 111,,,,,,,,,,,,,,,,,,,,,,,,
2025-09-12T00:03:40.899971,,,Niemcy,RESUPPLY_NEEDS,,resupply_analysis,,,,,,,,,,,,,,,,,,,,,,,,,,NEEDS_ANALYSIS LOW_FUEL | TOTAL_FUEL_NEEDED: 22 | TOTAL_COMBAT_NEEDED: 0 | TOTAL_PE_NEEDED: 22 | BUDGET_AVAILABLE: 88 | UNITS_REQUIRING_HELP: 9,,,,,,,,,,,,,,,,,,,,,,,,
2025-09-12T00:03:40.899971,,,Niemcy,RESUPPLY_OPERATION,,resupply_summary,,,,,,,,,,,,,,,,,,,,,,,,,,RESUPPLY_SUMMARY LOW_FUEL | TOTAL_PE_SPENT: 0 | UNITS_RESUPPLIED: 0/9 | BUDGET_ALLOCATED: 88 | PE_REMAINING: 111,,,,,,,,,,,,,,,,,,,,,,,,
2025-09-12T00:03:40.904436,,strategy,Niemcy,STRATEGY,,strategic_decision,,,,,,,,,,,,,,,,,,,,,,,,,,"Strategy: REASSIGNMENT, aggression 0.50, 1 groups, 0 reassignments",,,,,,,,,REASSIGNMENT,0.5,,,,,,adaptive,,0,dynamic_reassignment,,,,,
2025-09-12T00:03:40.914613,,target_selection,Niemcy,P_Pluton__6_Grenadier_Bataillon,,target_analysis,,,,,48,-12,,,,,,,,,,,,,,,,,,,,"Target analysis: 29 candidates, score -1.00",,29,-1,999,,,,,,,,,False,,,,,,,29,29,29,4,2
2025-09-12T00:03:40.918437,,strategy,Niemcy,STRATEGY,,strategic_decision,,,,,,,,,,,,,,,,,,,,,,,,,,"Strategy: REASSIGNMENT, aggression 0.50, 1 groups, 0 reassignments",,,,,,,,,REASSIGNMENT,0.5,,,,,,adaptive,,0,dynamic_reassignment,,,,,
2025-09-12T00:03:40.922964,,target_selection,Niemcy,P_Kompania__6_Infanterie_Regiment,,target_analysis,,,,,,,,,,,,,,,,,,,,,,,,,,"Target analysis: 29 candidates, score -1.00",,29,-1,999,,,,,,,,,False,,,,,,,29,29,29,4,0
2025-09-12T00:03:40.923968,,,Niemcy,RESUPPLY_NEEDS,,resupply_analysis,,,,,,,,,,,,,,,,,,,,,,,,,,NEEDS_ANALYSIS LOW_FUEL | TOTAL_FUEL_NEEDED: 22 | TOTAL_COMBAT_NEEDED: 0 | TOTAL_PE_NEEDED: 22 | BUDGET_AVAILABLE: 88 | UNITS_REQUIRING_HELP: 9,,,,,,,,,,,,,,,,,,,,,,,,
2025-09-12T00:03:40.925174,,,Niemcy,RESUPPLY_OPERATION,,resupply_summary,,,,,,,,,,,,,,,,,,,,,,,,,,RESUPPLY_SUMMARY LOW_FUEL | TOTAL_PE_SPENT: 0 | UNITS_RESUPPLIED: 0/9 | BUDGET_ALLOCATED: 88 | PE_REMAINING: 111,,,,,,,,,,,,,,,,,,,,,,,,
2025-09-12T00:03:40.928404,,strategy,Niemcy,STRATEGY,,strategic_decision,,,,,,,,,,,,,,,,,,,,,,,,,,"Strategy: REASSIGNMENT, aggression 0.50, 1 groups, 0 reassignments",,,,,,,,,REASSIGNMENT,0.5,,,,,,adaptive,,0,dynamic_reassignment,,,,,
2025-09-12T00:03:40.933545,,target_selection,Niemcy,AL_Pluton__6_Artillerie_Batterie,,target_analysis,,,,,,,,,,,,,,,,,,,,,,,,,,"Target analysis: 29 candidates, score -1.00",,29,-1,999,,,,,,,,,False,,,,,,,29,29,29,0,2
2025-09-12T00:03:40.947809,,strategy,Niemcy,STRATEGY,,strategic_decision,,,,,,,,,,,,,,,,,,,,,,,,,,"Strategy: REASSIGNMENT, aggression 0.50, 1 groups, 0 reassignments",,,,,,,,,REASSIGNMENT,0.5,,,,,,adaptive,,0,dynamic_reassignment,,,,,
2025-09-12T00:03:40.974933,,target_selection,Niemcy,Z_Pluton__6_Aufkl_rungs_Zug,,target_analysis,,,,,52,-5,,,,,,,,,,,,,,,,,,,,"Target analysis: 29 candidates, score -1.00",,29,-1,999,,,,,,,,,False,,,,,,,29,29,29,5,2
2025-09-12T00:03:40.981209,,,Niemcy,TURN_END,,turn_summary,,,,,,,,,,,10,0,,,,,,,,,,,,advanced,opp=3;groups=5;adv=True,"Turn completed: 0/10 units moved, 5 groups (advanced)",,,,,,,,,,,,,,,,,,,,,,,,
2025-09-12T00:06:52.088934,,,Niemcy,TURN_START,,turn_begin,,,,,,,,,,,,,,,,,,,,,,,,,,AI Commander turn started for player 5,,,,,,,,,,,,,,,,,,,,,,,,
2025-09-12T00:06:52.098537,,strategy,Niemcy,STRATEGY,,strategic_decision,,,,,,,,,,,,,,,,,,,,,,,,,,"Strategy: REASSIGNMENT, aggression 0.50, 1 groups, 0 reassignments",,,,,,,,,REASSIGNMENT,0.5,,,,,,adaptive,,0,dynamic_reassignment,,,,,
2025-09-12T00:06:52.100772,,strategy,Niemcy,STRATEGY,,strategic_decision,,,,,,,,,,,,,,,,,,,,,,,,,,"Strategy: REASSIGNMENT, aggression 0.50, 1 groups, 0 reassignments",,,,,,,,,REASSIGNMENT,0.5,,,,,,adaptive,,0,dynamic_reassignment,,,,,
2025-09-12T00:06:52.104656,,,Niemcy,RESUPPLY_NEEDS,,resupply_analysis,,,,,,,,,,,,,,,,,,,,,,,,,,NEEDS_ANALYSIS LOW_FUEL | TOTAL_FUEL_NEEDED: 2 | TOTAL_COMBAT_NEEDED: 0 | TOTAL_PE_NEEDED: 2 | BUDGET_AVAILABLE: 241 | UNITS_REQUIRING_HELP: 1,,,,,,,,,,,,,,,,,,,,,,,,
2025-09-12T00:06:52.104656,,,Niemcy,P_Batalion__5_Sch_tzen_Kompanie,,resupply_detailed,52,0,52,0,,,,,,,,,,,,,,,,,,,,,,phase1 LOW_FUEL | PE_SPENT: fuel=2 combat=0 total=2 | BEFORE: fuel=0 combat=14 | AFTER: fuel=2 combat=14,,,,,,,,,,,,,,,,,,,,,,,,
2025-09-12T00:06:52.105699,,,Niemcy,RESUPPLY_OPERATION,,resupply_summary,,,,,,,,,,,,,,,,,,,,,,,,,,RESUPPLY_SUMMARY LOW_FUEL | TOTAL_PE_SPENT: 2 | UNITS_RESUPPLIED: 1/1 | BUDGET_ALLOCATED: 241 | PE_REMAINING: 266,,,,,,,,,,,,,,,,,,,,,,,,
2025-09-12T00:06:52.117055,,target_selection,Niemcy,P_Batalion__5_Sch_tzen_Kompanie,,target_analysis,,,,,54,0,,,,,,,,,,,,,,,,,,,,"Target analysis: 29 candidates, score -1.00",,29,-1,999,,,,,,,,,False,,,,,,,29,29,29,4,2
2025-09-12T00:06:52.138947,,,Niemcy,P_Batalion__5_Sch_tzen_Kompanie,,second_move,,,54,0,,,,,,,,,,,,,,,,,,,,,,second_chance after LOW_FUEL,,,,,,,,,,,,,,,,,,,,,,,,
2025-09-12T00:06:52.150560,,strategy,Niemcy,STRATEGY,,strategic_decision,,,,,,,,,,,,,,,,,,,,,,,,,,"Strategy: REASSIGNMENT, aggression 0.50, 1 groups, 0 reassignments",,,,,,,,,REASSIGNMENT,0.5,,,,,,adaptive,,0,dynamic_reassignment,,,,,
2025-09-12T00:06:52.168241,,target_selection,Niemcy,P_Batalion__5_Sch_tzen_Kompanie,,target_analysis,,,,,52,0,,,,,,,,,,,,,,,,,,,,"Target analysis: 29 candidates, score -1.00",,29,-1,999,,,,,,,,,False,,,,,,,29,29,29,3,1
2025-09-12T00:06:52.168241,,,Niemcy,TURN_END,,turn_summary,,,,,,,,,,,1,0,,,,,,,,,,,,advanced,opp=0;groups=1;adv=True,"Turn completed: 0/1 units moved, 1 groups (advanced)",,,,,,,,,,,,,,,,,,,,,,,,
2025-09-12T00:06:52.239341,,,Niemcy,TURN_START,,turn_begin,,,,,,,,,,,,,,,,,,,,,,,,,,AI Commander turn started for player 6,,,,,,,,,,,,,,,,,,,,,,,,
2025-09-12T00:06:52.241799,,,Niemcy,RESUPPLY_NEEDS,,resupply_analysis,,,,,,,,,,,,,,,,,,,,,,,,,,NEEDS_ANALYSIS PRE_RAID_OPTIMIZATION | TOTAL_FUEL_NEEDED: 22 | TOTAL_COMBAT_NEEDED: 0 | TOTAL_PE_NEEDED: 22 | BUDGET_AVAILABLE: 124 | UNITS_REQUIRING_HELP: 9,,,,,,,,,,,,,,,,,,,,,,,,
2025-09-12T00:06:52.242825,,,Niemcy,TL_Kompania__6_Panzer_Kompanie,,resupply_detailed,52,6,52,6,,,,,,,,,,,,,,,,,,,,,,phase1 PRE_RAID_OPTIMIZATION | PE_SPENT: fuel=2 combat=0 total=2 | BEFORE: fuel=0 combat=14 | AFTER: fuel=2 combat=14,,,,,,,,,,,,,,,,,,,,,,,,
2025-09-12T00:06:52.242825,,,Niemcy,P_Kompania__6_Sch_tzen_Kompanie,,resupply_detailed,53,4,53,4,,,,,,,,,,,,,,,,,,,,,,phase1 PRE_RAID_OPTIMIZATION | PE_SPENT: fuel=2 combat=0 total=2 | BEFORE: fuel=0 combat=11 | AFTER: fuel=2 combat=11,,,,,,,,,,,,,,,,,,,,,,,,
2025-09-12T00:06:52.243823,,,Niemcy,P_Pluton__6_Sch_tzen_Kompanie,,resupply_detailed,49,6,49,6,,,,,,,,,,,,,,,,,,,,,,phase1 PRE_RAID_OPTIMIZATION | PE_SPENT: fuel=2 combat=0 total=2 | BEFORE: fuel=0 combat=8 | AFTER: fuel=2 combat=8,,,,,,,,,,,,,,,,,,,,,,,,
2025-09-12T00:06:52.243823,,,Niemcy,P_Kompania__6_Infanterie_Regiment,,resupply_detailed,45,8,45,8,,,,,,,,,,,,,,,,,,,,,,phase1 PRE_RAID_OPTIMIZATION | PE_SPENT: fuel=2 combat=0 total=2 | BEFORE: fuel=0 combat=11 | AFTER: fuel=2 combat=11,,,,,,,,,,,,,,,,,,,,,,,,
2025-09-12T00:06:52.243823,,,Niemcy,P_Pluton__6_Grenadier_Bataillon_20250907191921,,resupply_detailed,52,7,52,7,,,,,,,,,,,,,,,,,,,,,,phase1 PRE_RAID_OPTIMIZATION | PE_SPENT: fuel=2 combat=0 total=2 | BEFORE: fuel=0 combat=8 | AFTER: fuel=2 combat=8,,,,,,,,,,,,,,,,,,,,,,,,
2025-09-12T00:06:52.244828,,,Niemcy,Z_Pluton__6_Aufkl_rungs_Zug,,resupply_detailed,51,3,51,3,,,,,,,,,,,,,,,,,,,,,,phase1 PRE_RAID_OPTIMIZATION | PE_SPENT: fuel=2 combat=0 total=2 | BEFORE: fuel=1 combat=4 | AFTER: fuel=3 combat=4,,,,,,,,,,,,,,,,,,,,,,,,
2025-09-12T00:06:52.244828,,,Niemcy,Z_Pluton__6_Versorgungs_Kompanie,,resupply_detailed,51,-13,51,-13,,,,,,,,,,,,,,,,,,,,,,phase1 PRE_RAID_OPTIMIZATION | PE_SPENT: fuel=2 combat=0 total=2 | BEFORE: fuel=1 combat=4 | AFTER: fuel=3 combat=4,,,,,,,,,,,,,,,,,,,,,,,,
2025-09-12T00:06:52.245818,,,Niemcy,Z_Pluton__6_Aufkl_rungs_Zug_20250907191928,,resupply_detailed,50,-11,50,-11,,,,,,,,,,,,,,,,,,,,,,phase1 PRE_RAID_OPTIMIZATION | PE_SPENT: fuel=2 combat=0 total=2 | BEFORE: fuel=1 combat=4 | AFTER: fuel=3 combat=4,,,,,,,,,,,,,,,,,,,,,,,,
2025-09-12T00:06:52.245818,,,Niemcy,Z_Kompania__6_Unterst_tzungs_Bataillon,,resupply_detailed,49,-9,49,-9,,,,,,,,,,,,,,,,,,,,,,phase1 PRE_RAID_OPTIMIZATION | PE_SPENT: fuel=1 combat=0 total=1 | BEFORE: fuel=2 combat=6 | AFTER: fuel=3 combat=6,,,,,,,,,,,,,,,,,,,,,,,,
2025-09-12T00:06:52.246815,,,Niemcy,RESUPPLY_OPERATION,,resupply_summary,,,,,,,,,,,,,,,,,,,,,,,,,,RESUPPLY_SUMMARY PRE_RAID_OPTIMIZATION | TOTAL_PE_SPENT: 17 | UNITS_RESUPPLIED: 9/9 | BUDGET_ALLOCATED: 124 | PE_REMAINING: 121,,,,,,,,,,,,,,,,,,,,,,,,
2025-09-12T00:06:52.253901,,target_selection,Niemcy,TL_Kompania__6_Panzer_Kompanie,,target_analysis,,,,,50,8,,,,,,,,,,,,,,,,,,,,"Target analysis: 29 candidates, score -1.00",,29,-1,999,,,,,,,,,False,,,,,,,29,29,29,5,2
2025-09-12T00:06:52.253901,,,Niemcy,TL_Kompania__6_Panzer_Kompanie,,second_move,,,50,8,,,,,,,,,,,,,,,,,,,,,,second_chance after PRE_RAID_OPTIMIZATION,,,,,,,,,,,,,,,,,,,,,,,,
2025-09-12T00:06:52.283856,,target_selection,Niemcy,P_Kompania__6_Sch_tzen_Kompanie,,target_analysis,,,,,51,6,,,,,,,,,,,,,,,,,,,,"Target analysis: 29 candidates, score -1.00",,29,-1,999,,,,,,,,,False,,,,,,,29,29,29,4,2
2025-09-12T00:06:52.287752,,,Niemcy,P_Kompania__6_Sch_tzen_Kompanie,,second_move,,,51,6,,,,,,,,,,,,,,,,,,,,,,second_chance after PRE_RAID_OPTIMIZATION,,,,,,,,,,,,,,,,,,,,,,,,
2025-09-12T00:06:52.302273,,target_selection,Niemcy,P_Pluton__6_Sch_tzen_Kompanie,,target_analysis,,,,,47,6,,,,,,,,,,,,,,,,,,,,"Target analysis: 29 candidates, score -1.00",,29,-1,999,,,,,,,,,False,,,,,,,29,29,29,4,2
2025-09-12T00:06:52.302273,,,Niemcy,P_Pluton__6_Sch_tzen_Kompanie,,second_move,,,47,6,,,,,,,,,,,,,,,,,,,,,,second_chance after PRE_RAID_OPTIMIZATION,,,,,,,,,,,,,,,,,,,,,,,,
2025-09-12T00:06:52.334969,,target_selection,Niemcy,P_Kompania__6_Infanterie_Regiment,,target_analysis,,,,,43,8,,,,,,,,,,,,,,,,,,,,"Target analysis: 29 candidates, score -1.00",,29,-1,999,,,,,,,,,False,,,,,,,29,29,29,4,2
2025-09-12T00:06:52.334969,,,Niemcy,P_Kompania__6_Infanterie_Regiment,,second_move,,,43,8,,,,,,,,,,,,,,,,,,,,,,second_chance after PRE_RAID_OPTIMIZATION,,,,,,,,,,,,,,,,,,,,,,,,
2025-09-12T00:06:52.334969,,target_selection,Niemcy,P_Pluton__6_Grenadier_Bataillon_20250907191921,,target_analysis,,,,,50,7,,,,,,,,,,,,,,,,,,,,"Target analysis: 29 candidates, score -1.00",,29,-1,999,,,,,,,,,False,,,,,,,29,29,29,4,2
2025-09-12T00:06:52.350906,,,Niemcy,P_Pluton__6_Grenadier_Bataillon_20250907191921,,second_move,,,50,7,,,,,,,,,,,,,,,,,,,,,,second_chance after PRE_RAID_OPTIMIZATION,,,,,,,,,,,,,,,,,,,,,,,,
2025-09-12T00:06:52.399562,,target_selection,Niemcy,Z_Pluton__6_Aufkl_rungs_Zug,,target_analysis,,,,,48,6,,,,,,,,,,,,,,,,,,,,"Target analysis: 29 candidates, score -1.00",,29,-1,999,,,,,,,,,False,,,,,,,29,29,29,5,3
2025-09-12T00:06:52.405630,,,Niemcy,Z_Pluton__6_Aufkl_rungs_Zug,,second_move,,,48,6,,,,,,,,,,,,,,,,,,,,,,second_chance after PRE_RAID_OPTIMIZATION,,,,,,,,,,,,,,,,,,,,,,,,
2025-09-12T00:06:52.418985,,target_selection,Niemcy,Z_Pluton__6_Versorgungs_Kompanie,,target_analysis,,,,,52,-13,,,,,,,,,,,,,,,,,,,,"Target analysis: 29 candidates, score 30.00",,29,30.0,1,,,,,,,,,False,,,,"(52, -13)",,,28,29,29,5,3
2025-09-12T00:06:52.418985,,,Niemcy,Z_Pluton__6_Versorgungs_Kompanie,,second_move,,,52,-13,,,,,,,,,,,,,,,,,,,,,,second_chance after PRE_RAID_OPTIMIZATION,,,,,,,,,,,,,,,,,,,,,,,,
2025-09-12T00:06:52.437250,,target_selection,Niemcy,Z_Pluton__6_Aufkl_rungs_Zug_20250907191928,,target_analysis,,,,,51,-11,,,,,,,,,,,,,,,,,,,,"Target analysis: 29 candidates, score 30.00",,29,30.0,1,,,,,,,,,False,,,,"(51, -11)",,,28,29,29,5,3
2025-09-12T00:06:52.440773,,,Niemcy,Z_Pluton__6_Aufkl_rungs_Zug_20250907191928,,second_move,,,51,-11,,,,,,,,,,,,,,,,,,,,,,second_chance after PRE_RAID_OPTIMIZATION,,,,,,,,,,,,,,,,,,,,,,,,
2025-09-12T00:06:52.473902,,target_selection,Niemcy,Z_Kompania__6_Unterst_tzungs_Bataillon,,target_analysis,,,,,46,-9,,,,,,,,,,,,,,,,,,,,"Target analysis: 29 candidates, score -1.00",,29,-1,999,,,,,,,,,False,,,,,,,29,29,29,5,3
2025-09-12T00:06:52.478734,,,Niemcy,Z_Kompania__6_Unterst_tzungs_Bataillon,,second_move,,,46,-9,,,,,,,,,,,,,,,,,,,,,,second_chance after PRE_RAID_OPTIMIZATION,,,,,,,,,,,,,,,,,,,,,,,,
2025-09-12T00:06:52.531820,,,Niemcy,RESUPPLY_NEEDS,,resupply_analysis,,,,,,,,,,,,,,,,,,,,,,,,,,NEEDS_ANALYSIS PRE_RAID_OPTIMIZATION | TOTAL_FUEL_NEEDED: 14 | TOTAL_COMBAT_NEEDED: 0 | TOTAL_PE_NEEDED: 14 | BUDGET_AVAILABLE: 96 | UNITS_REQUIRING_HELP: 9,,,,,,,,,,,,,,,,,,,,,,,,
2025-09-12T00:06:52.531820,,,Niemcy,TL_Kompania__6_Panzer_Kompanie,,resupply_detailed,50,8,50,8,,,,,,,,,,,,,,,,,,,,,,phase1 PRE_RAID_OPTIMIZATION | PE_SPENT: fuel=1 combat=0 total=1 | BEFORE: fuel=1 combat=14 | AFTER: fuel=2 combat=14,,,,,,,,,,,,,,,,,,,,,,,,
2025-09-12T00:06:52.533158,,,Niemcy,P_Kompania__6_Sch_tzen_Kompanie,,resupply_detailed,51,6,51,6,,,,,,,,,,,,,,,,,,,,,,phase1 PRE_RAID_OPTIMIZATION | PE_SPENT: fuel=1 combat=0 total=1 | BEFORE: fuel=1 combat=11 | AFTER: fuel=2 combat=11,,,,,,,,,,,,,,,,,,,,,,,,
2025-09-12T00:06:52.533158,,,Niemcy,P_Pluton__6_Sch_tzen_Kompanie,,resupply_detailed,47,6,47,6,,,,,,,,,,,,,,,,,,,,,,phase1 PRE_RAID_OPTIMIZATION | PE_SPENT: fuel=1 combat=0 total=1 | BEFORE: fuel=1 combat=8 | AFTER: fuel=2 combat=8,,,,,,,,,,,,,,,,,,,,,,,,
2025-09-12T00:06:52.533158,,,Niemcy,P_Kompania__6_Infanterie_Regiment,,resupply_detailed,43,8,43,8,,,,,,,,,,,,,,,,,,,,,,phase1 PRE_RAID_OPTIMIZATION | PE_SPENT: fuel=1 combat=0 total=1 | BEFORE: fuel=1 combat=11 | AFTER: fuel=2 combat=11,,,,,,,,,,,,,,,,,,,,,,,,
2025-09-12T00:06:52.534160,,,Niemcy,P_Pluton__6_Grenadier_Bataillon_20250907191921,,resupply_detailed,50,7,50,7,,,,,,,,,,,,,,,,,,,,,,phase1 PRE_RAID_OPTIMIZATION | PE_SPENT: fuel=1 combat=0 total=1 | BEFORE: fuel=1 combat=8 | AFTER: fuel=2 combat=8,,,,,,,,,,,,,,,,,,,,,,,,
2025-09-12T00:06:52.534160,,,Niemcy,Z_Pluton__6_Aufkl_rungs_Zug,,resupply_detailed,48,6,48,6,,,,,,,,,,,,,,,,,,,,,,phase1 PRE_RAID_OPTIMIZATION | PE_SPENT: fuel=1 combat=0 total=1 | BEFORE: fuel=2 combat=4 | AFTER: fuel=3 combat=4,,,,,,,,,,,,,,,,,,,,,,,,
2025-09-12T00:06:52.535303,,,Niemcy,Z_Kompania__6_Unterst_tzungs_Bataillon,,resupply_detailed,46,-9,46,-9,,,,,,,,,,,,,,,,,,,,,,phase1 PRE_RAID_OPTIMIZATION | PE_SPENT: fuel=1 combat=0 total=1 | BEFORE: fuel=2 combat=6 | AFTER: fuel=3 combat=6,,,,,,,,,,,,,,,,,,,,,,,,
2025-09-12T00:06:52.535303,,,Niemcy,Z_Pluton__6_Versorgungs_Kompanie,,resupply_detailed,52,-13,52,-13,,,,,,,,,,,,,,,,,,,,,,phase1 PRE_RAID_OPTIMIZATION | PE_SPENT: fuel=1 combat=0 total=1 | BEFORE: fuel=2 combat=4 | AFTER: fuel=3 combat=4,,,,,,,,,,,,,,,,,,,,,,,,
2025-09-12T00:06:52.536384,,,Niemcy,Z_Pluton__6_Aufkl_rungs_Zug_20250907191928,,resupply_detailed,51,-11,51,-11,,,,,,,,,,,,,,,,,,,,,,phase1 PRE_RAID_OPTIMIZATION | PE_SPENT: fuel=1 combat=0 total=1 | BEFORE: fuel=2 combat=4 | AFTER: fuel=3 combat=4,,,,,,,,,,,,,,,,,,,,,,,,
2025-09-12T00:06:52.536384,,,Niemcy,RESUPPLY_OPERATION,,resupply_summary,,,,,,,,,,,,,,,,,,,,,,,,,,RESUPPLY_SUMMARY PRE_RAID_OPTIMIZATION | TOTAL_PE_SPENT: 9 | UNITS_RESUPPLIED: 9/9 | BUDGET_ALLOCATED: 96 | PE_REMAINING: 112,,,,,,,,,,,,,,,,,,,,,,,,
2025-09-12T00:06:52.549244,,target_selection,Niemcy,TL_Kompania__6_Panzer_Kompanie,,target_analysis,,,,,52,6,,,,,,,,,,,,,,,,,,,,"Target analysis: 29 candidates, score -1.00",,29,-1,999,,,,,,,,,False,,,,,,,29,29,29,4,2
2025-09-12T00:06:52.552666,,,Niemcy,TL_Kompania__6_Panzer_Kompanie,,second_move,,,52,6,,,,,,,,,,,,,,,,,,,,,,second_chance after PRE_RAID_OPTIMIZATION,,,,,,,,,,,,,,,,,,,,,,,,
2025-09-12T00:06:52.554990,,target_selection,Niemcy,P_Kompania__6_Sch_tzen_Kompanie,,target_analysis,,,,,53,4,,,,,,,,,,,,,,,,,,,,"Target analysis: 29 candidates, score -1.00",,29,-1,999,,,,,,,,,False,,,,,,,29,29,29,3,2
2025-09-12T00:06:52.572820,,,Niemcy,P_Kompania__6_Sch_tzen_Kompanie,,second_move,,,53,4,,,,,,,,,,,,,,,,,,,,,,second_chance after PRE_RAID_OPTIMIZATION,,,,,,,,,,,,,,,,,,,,,,,,
2025-09-12T00:06:52.602181,,target_selection,Niemcy,P_Pluton__6_Sch_tzen_Kompanie,,target_analysis,,,,,45,8,,,,,,,,,,,,,,,,,,,,"Target analysis: 29 candidates, score -1.00",,29,-1,999,,,,,,,,,False,,,,,,,29,29,29,3,2
2025-09-12T00:06:52.602181,,,Niemcy,P_Pluton__6_Sch_tzen_Kompanie,,second_move,,,45,8,,,,,,,,,,,,,,,,,,,,,,second_chance after PRE_RAID_OPTIMIZATION,,,,,,,,,,,,,,,,,,,,,,,,
2025-09-12T00:06:52.633132,,target_selection,Niemcy,P_Kompania__6_Infanterie_Regiment,,target_analysis,,,,,43,10,,,,,,,,,,,,,,,,,,,,"Target analysis: 29 candidates, score -1.00",,29,-1,999,,,,,,,,,False,,,,,,,29,29,29,3,2
2025-09-12T00:06:52.634138,,,Niemcy,P_Kompania__6_Infanterie_Regiment,,second_move,,,43,10,,,,,,,,,,,,,,,,,,,,,,second_chance after PRE_RAID_OPTIMIZATION,,,,,,,,,,,,,,,,,,,,,,,,
2025-09-12T00:06:52.655530,,target_selection,Niemcy,P_Pluton__6_Grenadier_Bataillon_20250907191921,,target_analysis,,,,,52,7,,,,,,,,,,,,,,,,,,,,"Target analysis: 29 candidates, score -1.00",,29,-1,999,,,,,,,,,False,,,,,,,29,29,29,3,2
2025-09-12T00:06:52.659315,,,Niemcy,P_Pluton__6_Grenadier_Bataillon_20250907191921,,second_move,,,52,7,,,,,,,,,,,,,,,,,,,,,,second_chance after PRE_RAID_OPTIMIZATION,,,,,,,,,,,,,,,,,,,,,,,,
2025-09-12T00:06:52.695544,,target_selection,Niemcy,Z_Pluton__6_Aufkl_rungs_Zug,,target_analysis,,,,,45,6,,,,,,,,,,,,,,,,,,,,"Target analysis: 29 candidates, score -1.00",,29,-1,999,,,,,,,,,False,,,,,,,29,29,29,4,3
2025-09-12T00:06:52.695544,,,Niemcy,Z_Pluton__6_Aufkl_rungs_Zug,,second_move,,,45,6,,,,,,,,,,,,,,,,,,,,,,second_chance after PRE_RAID_OPTIMIZATION,,,,,,,,,,,,,,,,,,,,,,,,
2025-09-12T00:06:52.745529,,target_selection,Niemcy,Z_Kompania__6_Unterst_tzungs_Bataillon,,target_analysis,,,,,49,-9,,,,,,,,,,,,,,,,,,,,"Target analysis: 29 candidates, score -1.00",,29,-1,999,,,,,,,,,False,,,,,,,29,29,29,4,3
2025-09-12T00:06:52.748915,,,Niemcy,Z_Kompania__6_Unterst_tzungs_Bataillon,,second_move,,,49,-9,,,,,,,,,,,,,,,,,,,,,,second_chance after PRE_RAID_OPTIMIZATION,,,,,,,,,,,,,,,,,,,,,,,,
2025-09-12T00:06:52.770152,,target_selection,Niemcy,Z_Pluton__6_Versorgungs_Kompanie,,target_analysis,,,,,51,-13,,,,,,,,,,,,,,,,,,,,"Target analysis: 29 candidates, score 30.00",,29,30.0,1,,,,,,,,,False,,,,"(51, -13)",,,28,29,29,4,3
2025-09-12T00:06:52.772464,,,Niemcy,Z_Pluton__6_Versorgungs_Kompanie,,second_move,,,51,-13,,,,,,,,,,,,,,,,,,,,,,second_chance after PRE_RAID_OPTIMIZATION,,,,,,,,,,,,,,,,,,,,,,,,
2025-09-12T00:06:52.788224,,target_selection,Niemcy,Z_Pluton__6_Aufkl_rungs_Zug_20250907191928,,target_analysis,,,,,50,-11,,,,,,,,,,,,,,,,,,,,"Target analysis: 29 candidates, score 30.00",,29,30.0,1,,,,,,,,,False,,,,"(50, -11)",,,28,29,29,4,3
2025-09-12T00:06:52.794112,,,Niemcy,Z_Pluton__6_Aufkl_rungs_Zug_20250907191928,,second_move,,,50,-11,,,,,,,,,,,,,,,,,,,,,,second_chance after PRE_RAID_OPTIMIZATION,,,,,,,,,,,,,,,,,,,,,,,,
2025-09-12T00:06:52.806682,,,Niemcy,RESUPPLY_NEEDS,,resupply_analysis,,,,,,,,,,,,,,,,,,,,,,,,,,NEEDS_ANALYSIS PRE_RAID_OPTIMIZATION | TOTAL_FUEL_NEEDED: 15 | TOTAL_COMBAT_NEEDED: 0 | TOTAL_PE_NEEDED: 15 | BUDGET_AVAILABLE: 89 | UNITS_REQUIRING_HELP: 9,,,,,,,,,,,,,,,,,,,,,,,,
2025-09-12T00:06:52.807969,,,Niemcy,Z_Kompania__6_Unterst_tzungs_Bataillon,,resupply_detailed,51,-11,51,-11,,,,,,,,,,,,,,,,,,,,,,phase1 PRE_RAID_OPTIMIZATION | PE_SPENT: fuel=2 combat=0 total=2 | BEFORE: fuel=1 combat=6 | AFTER: fuel=3 combat=6,,,,,,,,,,,,,,,,,,,,,,,,
2025-09-12T00:06:52.807969,,,Niemcy,TL_Kompania__6_Panzer_Kompanie,,resupply_detailed,52,6,52,6,,,,,,,,,,,,,,,,,,,,,,phase1 PRE_RAID_OPTIMIZATION | PE_SPENT: fuel=1 combat=0 total=1 | BEFORE: fuel=1 combat=14 | AFTER: fuel=2 combat=14,,,,,,,,,,,,,,,,,,,,,,,,
2025-09-12T00:06:52.809235,,,Niemcy,P_Kompania__6_Sch_tzen_Kompanie,,resupply_detailed,53,4,53,4,,,,,,,,,,,,,,,,,,,,,,phase1 PRE_RAID_OPTIMIZATION | PE_SPENT: fuel=1 combat=0 total=1 | BEFORE: fuel=1 combat=11 | AFTER: fuel=2 combat=11,,,,,,,,,,,,,,,,,,,,,,,,
2025-09-12T00:06:52.809235,,,Niemcy,P_Pluton__6_Sch_tzen_Kompanie,,resupply_detailed,45,8,45,8,,,,,,,,,,,,,,,,,,,,,,phase1 PRE_RAID_OPTIMIZATION | PE_SPENT: fuel=1 combat=0 total=1 | BEFORE: fuel=1 combat=8 | AFTER: fuel=2 combat=8,,,,,,,,,,,,,,,,,,,,,,,,
2025-09-12T00:06:52.810444,,,Niemcy,P_Kompania__6_Infanterie_Regiment,,resupply_detailed,43,10,43,10,,,,,,,,,,,,,,,,,,,,,,phase1 PRE_RAID_OPTIMIZATION | PE_SPENT: fuel=1 combat=0 total=1 | BEFORE: fuel=1 combat=11 | AFTER: fuel=2 combat=11,,,,,,,,,,,,,,,,,,,,,,,,
2025-09-12T00:06:52.810444,,,Niemcy,P_Pluton__6_Grenadier_Bataillon_20250907191921,,resupply_detailed,52,7,52,7,,,,,,,,,,,,,,,,,,,,,,phase1 PRE_RAID_OPTIMIZATION | PE_SPENT: fuel=1 combat=0 total=1 | BEFORE: fuel=1 combat=8 | AFTER: fuel=2 combat=8,,,,,,,,,,,,,,,,,,,,,,,,
2025-09-12T00:06:52.810444,,,Niemcy,Z_Pluton__6_Aufkl_rungs_Zug,,resupply_detailed,45,6,45,6,,,,,,,,,,,,,,,,,,,,,,phase1 PRE_RAID_OPTIMIZATION | PE_SPENT: fuel=1 combat=0 total=1 | BEFORE: fuel=2 combat=4 | AFTER: fuel=3 combat=4,,,,,,,,,,,,,,,,,,,,,,,,
2025-09-12T00:06:52.811633,,,Niemcy,Z_Pluton__6_Versorgungs_Kompanie,,resupply_detailed,51,-13,51,-13,,,,,,,,,,,,,,,,,,,,,,phase1 PRE_RAID_OPTIMIZATION | PE_SPENT: fuel=1 combat=0 total=1 | BEFORE: fuel=2 combat=4 | AFTER: fuel=3 combat=4,,,,,,,,,,,,,,,,,,,,,,,,
2025-09-12T00:06:52.811633,,,Niemcy,Z_Pluton__6_Aufkl_rungs_Zug_20250907191928,,resupply_detailed,50,-11,50,-11,,,,,,,,,,,,,,,,,,,,,,phase1 PRE_RAID_OPTIMIZATION | PE_SPENT: fuel=1 combat=0 total=1 | BEFORE: fuel=2 combat=4 | AFTER: fuel=3 combat=4,,,,,,,,,,,,,,,,,,,,,,,,
2025-09-12T00:06:52.811633,,,Niemcy,RESUPPLY_OPERATION,,resupply_summary,,,,,,,,,,,,,,,,,,,,,,,,,,RESUPPLY_SUMMARY PRE_RAID_OPTIMIZATION | TOTAL_PE_SPENT: 10 | UNITS_RESUPPLIED: 9/9 | BUDGET_ALLOCATED: 89 | PE_REMAINING: 102,,,,,,,,,,,,,,,,,,,,,,,,
2025-09-12T00:06:52.820529,,target_selection,Niemcy,Z_Kompania__6_Unterst_tzungs_Bataillon,,target_analysis,,,,,53,-13,,,,,,,,,,,,,,,,,,,,"Target analysis: 29 candidates, score -1.00",,29,-1,999,,,,,,,,,False,,,,,,,29,29,29,2,3
2025-09-12T00:06:52.824077,,,Niemcy,Z_Kompania__6_Unterst_tzungs_Bataillon,,second_move,,,53,-13,,,,,,,,,,,,,,,,,,,,,,second_chance after PRE_RAID_OPTIMIZATION,,,,,,,,,,,,,,,,,,,,,,,,
2025-09-12T00:06:52.844190,,target_selection,Niemcy,TL_Kompania__6_Panzer_Kompanie,,target_analysis,,,,,50,8,,,,,,,,,,,,,,,,,,,,"Target analysis: 29 candidates, score -1.00",,29,-1,999,,,,,,,,,False,,,,,,,29,29,29,3,2
2025-09-12T00:06:52.853223,,,Niemcy,TL_Kompania__6_Panzer_Kompanie,,second_move,,,50,8,,,,,,,,,,,,,,,,,,,,,,second_chance after PRE_RAID_OPTIMIZATION,,,,,,,,,,,,,,,,,,,,,,,,
2025-09-12T00:06:52.882726,,target_selection,Niemcy,P_Kompania__6_Sch_tzen_Kompanie,,target_analysis,,,,,51,6,,,,,,,,,,,,,,,,,,,,"Target analysis: 29 candidates, score -1.00",,29,-1,999,,,,,,,,,False,,,,,,,29,29,29,2,2
2025-09-12T00:06:52.887824,,,Niemcy,P_Kompania__6_Sch_tzen_Kompanie,,second_move,,,51,6,,,,,,,,,,,,,,,,,,,,,,second_chance after PRE_RAID_OPTIMIZATION,,,,,,,,,,,,,,,,,,,,,,,,
2025-09-12T00:06:52.914173,,target_selection,Niemcy,P_Pluton__6_Sch_tzen_Kompanie,,target_analysis,,,,,43,8,,,,,,,,,,,,,,,,,,,,"Target analysis: 29 candidates, score -1.00",,29,-1,999,,,,,,,,,False,,,,,,,29,29,29,2,2
2025-09-12T00:06:52.922308,,,Niemcy,P_Pluton__6_Sch_tzen_Kompanie,,second_move,,,43,8,,,,,,,,,,,,,,,,,,,,,,second_chance after PRE_RAID_OPTIMIZATION,,,,,,,,,,,,,,,,,,,,,,,,
2025-09-12T00:06:52.945599,,target_selection,Niemcy,P_Kompania__6_Infanterie_Regiment,,target_analysis,,,,,41,12,,,,,,,,,,,,,,,,,,,,"Target analysis: 29 candidates, score -1.00",,29,-1,999,,,,,,,,,False,,,,,,,29,29,29,2,2
2025-09-12T00:06:52.963535,,,Niemcy,P_Kompania__6_Infanterie_Regiment,,second_move,,,41,12,,,,,,,,,,,,,,,,,,,,,,second_chance after PRE_RAID_OPTIMIZATION,,,,,,,,,,,,,,,,,,,,,,,,
2025-09-12T00:06:52.989434,,target_selection,Niemcy,P_Pluton__6_Grenadier_Bataillon_20250907191921,,target_analysis,,,,,50,7,,,,,,,,,,,,,,,,,,,,"Target analysis: 29 candidates, score -1.00",,29,-1,999,,,,,,,,,False,,,,,,,29,29,29,2,2
2025-09-12T00:06:52.991791,,,Niemcy,P_Pluton__6_Grenadier_Bataillon_20250907191921,,second_move,,,50,7,,,,,,,,,,,,,,,,,,,,,,second_chance after PRE_RAID_OPTIMIZATION,,,,,,,,,,,,,,,,,,,,,,,,
2025-09-12T00:06:53.056952,,target_selection,Niemcy,Z_Pluton__6_Aufkl_rungs_Zug,,target_analysis,,,,,48,6,,,,,,,,,,,,,,,,,,,,"Target analysis: 29 candidates, score -1.00",,29,-1,999,,,,,,,,,False,,,,,,,29,29,29,3,3
2025-09-12T00:06:53.056952,,,Niemcy,Z_Pluton__6_Aufkl_rungs_Zug,,second_move,,,48,6,,,,,,,,,,,,,,,,,,,,,,second_chance after PRE_RAID_OPTIMIZATION,,,,,,,,,,,,,,,,,,,,,,,,
2025-09-12T00:06:53.078829,,target_selection,Niemcy,Z_Pluton__6_Versorgungs_Kompanie,,target_analysis,,,,,52,-13,,,,,,,,,,,,,,,,,,,,"Target analysis: 29 candidates, score 30.00",,29,30.0,1,,,,,,,,,False,,,,"(52, -13)",,,28,29,29,3,3
2025-09-12T00:06:53.089700,,,Niemcy,Z_Pluton__6_Versorgungs_Kompanie,,second_move,,,52,-13,,,,,,,,,,,,,,,,,,,,,,second_chance after PRE_RAID_OPTIMIZATION,,,,,,,,,,,,,,,,,,,,,,,,
2025-09-12T00:06:53.100601,,target_selection,Niemcy,Z_Pluton__6_Aufkl_rungs_Zug_20250907191928,,target_analysis,,,,,51,-11,,,,,,,,,,,,,,,,,,,,"Target analysis: 29 candidates, score 30.00",,29,30.0,1,,,,,,,,,False,,,,"(51, -11)",,,28,29,29,3,3
2025-09-12T00:06:53.100601,,,Niemcy,Z_Pluton__6_Aufkl_rungs_Zug_20250907191928,,second_move,,,51,-11,,,,,,,,,,,,,,,,,,,,,,second_chance after PRE_RAID_OPTIMIZATION,,,,,,,,,,,,,,,,,,,,,,,,
2025-09-12T00:06:53.132345,,,Niemcy,RESUPPLY_NEEDS,,resupply_analysis,,,,,,,,,,,,,,,,,,,,,,,,,,NEEDS_ANALYSIS PRE_RAID_OPTIMIZATION | TOTAL_FUEL_NEEDED: 14 | TOTAL_COMBAT_NEEDED: 0 | TOTAL_PE_NEEDED: 14 | BUDGET_AVAILABLE: 81 | UNITS_REQUIRING_HELP: 9,,,,,,,,,,,,,,,,,,,,,,,,
2025-09-12T00:06:53.132345,,,Niemcy,TL_Kompania__6_Panzer_Kompanie,,resupply_bonus,50,8,50,8,,,,,,,,,,,,,,,,,,,,,,bonus_phase PRE_RAID_OPTIMIZATION | PE_SPENT: fuel=1 combat=0 total=1 | BONUS_ALLOCATION: 2 PE available | REMAINING_BUDGET: 17 PE,,,,,,,,,,,,,,,,,,,,,,,,
2025-09-12T00:06:53.132345,,,Niemcy,Z_Pluton__6_Aufkl_rungs_Zug,,resupply_bonus,48,6,48,6,,,,,,,,,,,,,,,,,,,,,,bonus_phase PRE_RAID_OPTIMIZATION | PE_SPENT: fuel=1 combat=0 total=1 | BONUS_ALLOCATION: 2 PE available | REMAINING_BUDGET: 16 PE,,,,,,,,,,,,,,,,,,,,,,,,
2025-09-12T00:06:53.132345,,,Niemcy,Z_Kompania__6_Unterst_tzungs_Bataillon,,resupply_bonus,53,-13,53,-13,,,,,,,,,,,,,,,,,,,,,,bonus_phase PRE_RAID_OPTIMIZATION | PE_SPENT: fuel=1 combat=0 total=1 | BONUS_ALLOCATION: 2 PE available | REMAINING_BUDGET: 15 PE,,,,,,,,,,,,,,,,,,,,,,,,
2025-09-12T00:06:53.132345,,,Niemcy,Z_Pluton__6_Versorgungs_Kompanie,,resupply_bonus,52,-13,52,-13,,,,,,,,,,,,,,,,,,,,,,bonus_phase PRE_RAID_OPTIMIZATION | PE_SPENT: fuel=1 combat=0 total=1 | BONUS_ALLOCATION: 2 PE available | REMAINING_BUDGET: 14 PE,,,,,,,,,,,,,,,,,,,,,,,,
2025-09-12T00:06:53.137395,,,Niemcy,Z_Pluton__6_Aufkl_rungs_Zug_20250907191928,,resupply_bonus,51,-11,51,-11,,,,,,,,,,,,,,,,,,,,,,bonus_phase PRE_RAID_OPTIMIZATION | PE_SPENT: fuel=1 combat=0 total=1 | BONUS_ALLOCATION: 2 PE available | REMAINING_BUDGET: 13 PE,,,,,,,,,,,,,,,,,,,,,,,,
2025-09-12T00:06:53.137395,,,Niemcy,RESUPPLY_OPERATION,,resupply_summary,,,,,,,,,,,,,,,,,,,,,,,,,,RESUPPLY_SUMMARY PRE_RAID_OPTIMIZATION | TOTAL_PE_SPENT: 5 | UNITS_RESUPPLIED: 0/9 | BUDGET_ALLOCATED: 81 | PE_REMAINING: 97,,,,,,,,,,,,,,,,,,,,,,,,
2025-09-12T00:06:53.154196,,target_selection,Niemcy,TL_Kompania__6_Panzer_Kompanie,,target_analysis,,,,,52,6,,,,,,,,,,,,,,,,,,,,"Target analysis: 29 candidates, score -1.00",,29,-1,999,,,,,,,,,False,,,,,,,29,29,29,2,2
2025-09-12T00:06:53.158810,,,Niemcy,TL_Kompania__6_Panzer_Kompanie,,second_move,,,52,6,,,,,,,,,,,,,,,,,,,,,,second_chance after PRE_RAID_OPTIMIZATION,,,,,,,,,,,,,,,,,,,,,,,,
2025-09-12T00:06:53.165829,,target_selection,Niemcy,P_Kompania__6_Sch_tzen_Kompanie,,target_analysis,,,,,51,7,,,,,,,,,,,,,,,,,,,,"Target analysis: 29 candidates, score -1.00",,29,-1,999,,,,,,,,,False,,,,,,,29,29,29,1,1
2025-09-12T00:06:53.183421,,,Niemcy,P_Kompania__6_Sch_tzen_Kompanie,,second_move,,,51,7,,,,,,,,,,,,,,,,,,,,,,second_chance after PRE_RAID_OPTIMIZATION,,,,,,,,,,,,,,,,,,,,,,,,
2025-09-12T00:06:53.199204,,target_selection,Niemcy,P_Pluton__6_Sch_tzen_Kompanie,,target_analysis,,,,,44,8,,,,,,,,,,,,,,,,,,,,"Target analysis: 29 candidates, score -1.00",,29,-1,999,,,,,,,,,False,,,,,,,29,29,29,1,1
2025-09-12T00:06:53.204642,,,Niemcy,P_Pluton__6_Sch_tzen_Kompanie,,second_move,,,44,8,,,,,,,,,,,,,,,,,,,,,,second_chance after PRE_RAID_OPTIMIZATION,,,,,,,,,,,,,,,,,,,,,,,,
2025-09-12T00:06:53.219399,,target_selection,Niemcy,P_Kompania__6_Infanterie_Regiment,,target_analysis,,,,,40,12,,,,,,,,,,,,,,,,,,,,"Target analysis: 29 candidates, score -1.00",,29,-1,999,,,,,,,,,False,,,,,,,29,29,29,1,1
2025-09-12T00:06:53.223933,,,Niemcy,P_Kompania__6_Infanterie_Regiment,,second_move,,,40,12,,,,,,,,,,,,,,,,,,,,,,second_chance after PRE_RAID_OPTIMIZATION,,,,,,,,,,,,,,,,,,,,,,,,
2025-09-12T00:06:53.233071,,target_selection,Niemcy,P_Pluton__6_Grenadier_Bataillon_20250907191921,,target_analysis,,,,,50,8,,,,,,,,,,,,,,,,,,,,"Target analysis: 29 candidates, score -1.00",,29,-1,999,,,,,,,,,False,,,,,,,29,29,29,1,1
2025-09-12T00:06:53.238363,,,Niemcy,P_Pluton__6_Grenadier_Bataillon_20250907191921,,second_move,,,50,8,,,,,,,,,,,,,,,,,,,,,,second_chance after PRE_RAID_OPTIMIZATION,,,,,,,,,,,,,,,,,,,,,,,,
2025-09-12T00:06:53.253228,,target_selection,Niemcy,Z_Pluton__6_Aufkl_rungs_Zug,,target_analysis,,,,,46,8,,,,,,,,,,,,,,,,,,,,"Target analysis: 29 candidates, score -1.00",,29,-1,999,,,,,,,,,False,,,,,,,29,29,29,2,3
2025-09-12T00:06:53.265268,,,Niemcy,Z_Pluton__6_Aufkl_rungs_Zug,,second_move,,,46,8,,,,,,,,,,,,,,,,,,,,,,second_chance after PRE_RAID_OPTIMIZATION,,,,,,,,,,,,,,,,,,,,,,,,
2025-09-12T00:06:53.283657,,target_selection,Niemcy,Z_Kompania__6_Unterst_tzungs_Bataillon,,target_analysis,,,,,54,-13,,,,,,,,,,,,,,,,,,,,"Target analysis: 29 candidates, score -1.00",,29,-1,999,,,,,,,,,False,,,,,,,29,29,29,1,3
2025-09-12T00:06:53.288161,,,Niemcy,Z_Kompania__6_Unterst_tzungs_Bataillon,,second_move,,,54,-13,,,,,,,,,,,,,,,,,,,,,,second_chance after PRE_RAID_OPTIMIZATION,,,,,,,,,,,,,,,,,,,,,,,,
2025-09-12T00:06:53.303153,,target_selection,Niemcy,Z_Pluton__6_Versorgungs_Kompanie,,target_analysis,,,,,51,-13,,,,,,,,,,,,,,,,,,,,"Target analysis: 29 candidates, score 30.00",,29,30.0,1,,,,,,,,,False,,,,"(51, -13)",,,28,29,29,2,3
2025-09-12T00:06:53.307693,,,Niemcy,Z_Pluton__6_Versorgungs_Kompanie,,second_move,,,51,-13,,,,,,,,,,,,,,,,,,,,,,second_chance after PRE_RAID_OPTIMIZATION,,,,,,,,,,,,,,,,,,,,,,,,
2025-09-12T00:06:53.317754,,target_selection,Niemcy,Z_Pluton__6_Aufkl_rungs_Zug_20250907191928,,target_analysis,,,,,53,-13,,,,,,,,,,,,,,,,,,,,"Target analysis: 29 candidates, score -1.00",,29,-1,999,,,,,,,,,False,,,,,,,29,29,29,2,3
2025-09-12T00:06:53.320113,,,Niemcy,Z_Pluton__6_Aufkl_rungs_Zug_20250907191928,,second_move,,,53,-13,,,,,,,,,,,,,,,,,,,,,,second_chance after PRE_RAID_OPTIMIZATION,,,,,,,,,,,,,,,,,,,,,,,,
2025-09-12T00:06:53.447993,,strategy,Niemcy,STRATEGY,,strategic_decision,,,,,,,,,,,,,,,,,,,,,,,,,,"Strategy: REASSIGNMENT, aggression 0.50, 4 groups, 0 reassignments",,,,,,,,,REASSIGNMENT,0.5,,,,,,adaptive,,0,dynamic_reassignment,,,,,
2025-09-12T00:06:53.461641,,strategy,Niemcy,STRATEGY,,strategic_decision,,,,,,,,,,,,,,,,,,,,,,,,,,"Strategy: REASSIGNMENT, aggression 0.50, 4 groups, 0 reassignments",,,,,,,,,REASSIGNMENT,0.5,,,,,,adaptive,,0,dynamic_reassignment,,,,,
2025-09-12T00:06:53.461641,,,Niemcy,RESUPPLY_NEEDS,,resupply_analysis,,,,,,,,,,,,,,,,,,,,,,,,,,NEEDS_ANALYSIS LOW_FUEL | TOTAL_FUEL_NEEDED: 19 | TOTAL_COMBAT_NEEDED: 0 | TOTAL_PE_NEEDED: 19 | BUDGET_AVAILABLE: 77 | UNITS_REQUIRING_HELP: 9,,,,,,,,,,,,,,,,,,,,,,,,
2025-09-12T00:06:53.461641,,,Niemcy,RESUPPLY_OPERATION,,resupply_summary,,,,,,,,,,,,,,,,,,,,,,,,,,RESUPPLY_SUMMARY LOW_FUEL | TOTAL_PE_SPENT: 0 | UNITS_RESUPPLIED: 0/9 | BUDGET_ALLOCATED: 77 | PE_REMAINING: 97,,,,,,,,,,,,,,,,,,,,,,,,
2025-09-12T00:06:53.479397,,target_selection,Niemcy,TL_Kompania__6_Panzer_Kompanie,,target_analysis,,,,,52,7,,,,,,,,,,,,,,,,,,,,"Target analysis: 29 candidates, score -1.00",,29,-1,999,,,,,,,,,False,,,,,,,29,29,29,1,1
2025-09-12T00:06:53.479397,,,Niemcy,TL_Kompania__6_Panzer_Kompanie,,second_move,,,52,7,,,,,,,,,,,,,,,,,,,,,,second_chance after LOW_FUEL,,,,,,,,,,,,,,,,,,,,,,,,
2025-09-12T00:06:53.493083,,target_selection,Niemcy,Z_Pluton__6_Aufkl_rungs_Zug,,target_analysis,,,,,45,8,,,,,,,,,,,,,,,,,,,,"Target analysis: 29 candidates, score -1.00",,29,-1,999,,,,,,,,,False,,,,,,,29,29,29,1,2
2025-09-12T00:06:53.493083,,,Niemcy,Z_Pluton__6_Aufkl_rungs_Zug,,second_move,,,45,8,,,,,,,,,,,,,,,,,,,,,,second_chance after LOW_FUEL,,,,,,,,,,,,,,,,,,,,,,,,
2025-09-12T00:06:53.493083,,target_selection,Niemcy,Z_Pluton__6_Versorgungs_Kompanie,,target_analysis,,,,,51,-14,,,,,,,,,,,,,,,,,,,,"Target analysis: 29 candidates, score -1.00",,29,-1,999,,,,,,,,,False,,,,,,,29,29,29,1,2
2025-09-12T00:06:53.493083,,,Niemcy,Z_Pluton__6_Versorgungs_Kompanie,,second_move,,,51,-14,,,,,,,,,,,,,,,,,,,,,,second_chance after LOW_FUEL,,,,,,,,,,,,,,,,,,,,,,,,
2025-09-12T00:06:53.493083,,,Niemcy,RESUPPLY_NEEDS,,resupply_analysis,,,,,,,,,,,,,,,,,,,,,,,,,,NEEDS_ANALYSIS LOW_FUEL | TOTAL_FUEL_NEEDED: 22 | TOTAL_COMBAT_NEEDED: 0 | TOTAL_PE_NEEDED: 22 | BUDGET_AVAILABLE: 87 | UNITS_REQUIRING_HELP: 9,,,,,,,,,,,,,,,,,,,,,,,,
2025-09-12T00:06:53.508887,,,Niemcy,RESUPPLY_OPERATION,,resupply_summary,,,,,,,,,,,,,,,,,,,,,,,,,,RESUPPLY_SUMMARY LOW_FUEL | TOTAL_PE_SPENT: 0 | UNITS_RESUPPLIED: 0/9 | BUDGET_ALLOCATED: 87 | PE_REMAINING: 97,,,,,,,,,,,,,,,,,,,,,,,,
2025-09-12T00:06:53.508887,,,Niemcy,RESUPPLY_NEEDS,,resupply_analysis,,,,,,,,,,,,,,,,,,,,,,,,,,NEEDS_ANALYSIS LOW_FUEL | TOTAL_FUEL_NEEDED: 22 | TOTAL_COMBAT_NEEDED: 0 | TOTAL_PE_NEEDED: 22 | BUDGET_AVAILABLE: 87 | UNITS_REQUIRING_HELP: 9,,,,,,,,,,,,,,,,,,,,,,,,
2025-09-12T00:06:53.508887,,,Niemcy,RESUPPLY_OPERATION,,resupply_summary,,,,,,,,,,,,,,,,,,,,,,,,,,RESUPPLY_SUMMARY LOW_FUEL | TOTAL_PE_SPENT: 0 | UNITS_RESUPPLIED: 0/9 | BUDGET_ALLOCATED: 87 | PE_REMAINING: 97,,,,,,,,,,,,,,,,,,,,,,,,
2025-09-12T00:06:53.508887,,,Niemcy,RESUPPLY_NEEDS,,resupply_analysis,,,,,,,,,,,,,,,,,,,,,,,,,,NEEDS_ANALYSIS LOW_FUEL | TOTAL_FUEL_NEEDED: 22 | TOTAL_COMBAT_NEEDED: 0 | TOTAL_PE_NEEDED: 22 | BUDGET_AVAILABLE: 87 | UNITS_REQUIRING_HELP: 9,,,,,,,,,,,,,,,,,,,,,,,,
2025-09-12T00:06:53.508887,,,Niemcy,RESUPPLY_OPERATION,,resupply_summary,,,,,,,,,,,,,,,,,,,,,,,,,,RESUPPLY_SUMMARY LOW_FUEL | TOTAL_PE_SPENT: 0 | UNITS_RESUPPLIED: 0/9 | BUDGET_ALLOCATED: 87 | PE_REMAINING: 97,,,,,,,,,,,,,,,,,,,,,,,,
2025-09-12T00:06:53.508887,,,Niemcy,RESUPPLY_NEEDS,,resupply_analysis,,,,,,,,,,,,,,,,,,,,,,,,,,NEEDS_ANALYSIS LOW_FUEL | TOTAL_FUEL_NEEDED: 22 | TOTAL_COMBAT_NEEDED: 0 | TOTAL_PE_NEEDED: 22 | BUDGET_AVAILABLE: 87 | UNITS_REQUIRING_HELP: 9,,,,,,,,,,,,,,,,,,,,,,,,
2025-09-12T00:06:53.508887,,,Niemcy,RESUPPLY_OPERATION,,resupply_summary,,,,,,,,,,,,,,,,,,,,,,,,,,RESUPPLY_SUMMARY LOW_FUEL | TOTAL_PE_SPENT: 0 | UNITS_RESUPPLIED: 0/9 | BUDGET_ALLOCATED: 87 | PE_REMAINING: 97,,,,,,,,,,,,,,,,,,,,,,,,
2025-09-12T00:06:53.528323,,strategy,Niemcy,STRATEGY,,strategic_decision,,,,,,,,,,,,,,,,,,,,,,,,,,"Strategy: REASSIGNMENT, aggression 0.50, 1 groups, 0 reassignments",,,,,,,,,REASSIGNMENT,0.5,,,,,,adaptive,,0,dynamic_reassignment,,,,,
2025-09-12T00:06:53.533678,,target_selection,Niemcy,TL_Kompania__6_Panzer_Kompanie,,target_analysis,,,,,,,,,,,,,,,,,,,,,,,,,,"Target analysis: 29 candidates, score -1.00",,29,-1,999,,,,,,,,,False,,,,,,,29,29,29,5,0
2025-09-12T00:06:53.535988,,,Niemcy,RESUPPLY_NEEDS,,resupply_analysis,,,,,,,,,,,,,,,,,,,,,,,,,,NEEDS_ANALYSIS LOW_FUEL | TOTAL_FUEL_NEEDED: 23 | TOTAL_COMBAT_NEEDED: 0 | TOTAL_PE_NEEDED: 23 | BUDGET_AVAILABLE: 87 | UNITS_REQUIRING_HELP: 10,,,,,,,,,,,,,,,,,,,,,,,,
2025-09-12T00:06:53.537073,,,Niemcy,P_Pluton__6_Sch_tzen_Kompanie_20250907191927,,resupply_detailed,49,-10,49,-10,,,,,,,,,,,,,,,,,,,,,,phase1 LOW_FUEL | PE_SPENT: fuel=1 combat=0 total=1 | BEFORE: fuel=1 combat=8 | AFTER: fuel=2 combat=8,,,,,,,,,,,,,,,,,,,,,,,,
2025-09-12T00:06:53.538105,,,Niemcy,RESUPPLY_OPERATION,,resupply_summary,,,,,,,,,,,,,,,,,,,,,,,,,,RESUPPLY_SUMMARY LOW_FUEL | TOTAL_PE_SPENT: 1 | UNITS_RESUPPLIED: 1/10 | BUDGET_ALLOCATED: 87 | PE_REMAINING: 96,,,,,,,,,,,,,,,,,,,,,,,,
2025-09-12T00:06:53.538105,,target_selection,Niemcy,P_Pluton__6_Sch_tzen_Kompanie_20250907191927,,target_analysis,,,,,49,-9,,,,,,,,,,,,,,,,,,,,"Target analysis: 29 candidates, score -1.00",,29,-1,999,,,,,,,,,False,,,,,,,29,29,29,1,2
2025-09-12T00:06:53.538105,,,Niemcy,P_Pluton__6_Sch_tzen_Kompanie_20250907191927,,second_move,,,49,-9,,,,,,,,,,,,,,,,,,,,,,second_chance after LOW_FUEL,,,,,,,,,,,,,,,,,,,,,,,,
2025-09-12T00:06:53.538105,,,Niemcy,RESUPPLY_NEEDS,,resupply_analysis,,,,,,,,,,,,,,,,,,,,,,,,,,NEEDS_ANALYSIS LOW_FUEL | TOTAL_FUEL_NEEDED: 23 | TOTAL_COMBAT_NEEDED: 0 | TOTAL_PE_NEEDED: 23 | BUDGET_AVAILABLE: 86 | UNITS_REQUIRING_HELP: 10,,,,,,,,,,,,,,,,,,,,,,,,
2025-09-12T00:06:53.538105,,,Niemcy,P_Pluton__6_Sch_tzen_Kompanie_20250907191927,,resupply_detailed,49,-9,49,-9,,,,,,,,,,,,,,,,,,,,,,phase1 LOW_FUEL | PE_SPENT: fuel=1 combat=0 total=1 | BEFORE: fuel=1 combat=8 | AFTER: fuel=2 combat=8,,,,,,,,,,,,,,,,,,,,,,,,
2025-09-12T00:06:53.538105,,,Niemcy,RESUPPLY_OPERATION,,resupply_summary,,,,,,,,,,,,,,,,,,,,,,,,,,RESUPPLY_SUMMARY LOW_FUEL | TOTAL_PE_SPENT: 1 | UNITS_RESUPPLIED: 1/10 | BUDGET_ALLOCATED: 86 | PE_REMAINING: 95,,,,,,,,,,,,,,,,,,,,,,,,
2025-09-12T00:06:53.553817,,,Niemcy,RESUPPLY_NEEDS,,resupply_analysis,,,,,,,,,,,,,,,,,,,,,,,,,,NEEDS_ANALYSIS LOW_FUEL | TOTAL_FUEL_NEEDED: 22 | TOTAL_COMBAT_NEEDED: 0 | TOTAL_PE_NEEDED: 22 | BUDGET_AVAILABLE: 85 | UNITS_REQUIRING_HELP: 9,,,,,,,,,,,,,,,,,,,,,,,,
2025-09-12T00:06:53.553817,,,Niemcy,RESUPPLY_OPERATION,,resupply_summary,,,,,,,,,,,,,,,,,,,,,,,,,,RESUPPLY_SUMMARY LOW_FUEL | TOTAL_PE_SPENT: 0 | UNITS_RESUPPLIED: 0/9 | BUDGET_ALLOCATED: 85 | PE_REMAINING: 95,,,,,,,,,,,,,,,,,,,,,,,,
2025-09-12T00:06:53.553817,,,Niemcy,RESUPPLY_NEEDS,,resupply_analysis,,,,,,,,,,,,,,,,,,,,,,,,,,NEEDS_ANALYSIS LOW_FUEL | TOTAL_FUEL_NEEDED: 22 | TOTAL_COMBAT_NEEDED: 0 | TOTAL_PE_NEEDED: 22 | BUDGET_AVAILABLE: 85 | UNITS_REQUIRING_HELP: 9,,,,,,,,,,,,,,,,,,,,,,,,
2025-09-12T00:06:53.557385,,,Niemcy,RESUPPLY_OPERATION,,resupply_summary,,,,,,,,,,,,,,,,,,,,,,,,,,RESUPPLY_SUMMARY LOW_FUEL | TOTAL_PE_SPENT: 0 | UNITS_RESUPPLIED: 0/9 | BUDGET_ALLOCATED: 85 | PE_REMAINING: 95,,,,,,,,,,,,,,,,,,,,,,,,
2025-09-12T00:06:53.557385,,strategy,Niemcy,STRATEGY,,strategic_decision,,,,,,,,,,,,,,,,,,,,,,,,,,"Strategy: REASSIGNMENT, aggression 0.50, 1 groups, 0 reassignments",,,,,,,,,REASSIGNMENT,0.5,,,,,,adaptive,,0,dynamic_reassignment,,,,,
2025-09-12T00:06:53.557385,,target_selection,Niemcy,P_Kompania__6_Infanterie_Regiment,,target_analysis,,,,,,,,,,,,,,,,,,,,,,,,,,"Target analysis: 29 candidates, score -1.00",,29,-1,999,,,,,,,,,False,,,,,,,29,29,29,4,0
2025-09-12T00:06:53.557385,,,Niemcy,RESUPPLY_NEEDS,,resupply_analysis,,,,,,,,,,,,,,,,,,,,,,,,,,NEEDS_ANALYSIS LOW_FUEL | TOTAL_FUEL_NEEDED: 22 | TOTAL_COMBAT_NEEDED: 0 | TOTAL_PE_NEEDED: 22 | BUDGET_AVAILABLE: 85 | UNITS_REQUIRING_HELP: 9,,,,,,,,,,,,,,,,,,,,,,,,
2025-09-12T00:06:53.557385,,,Niemcy,RESUPPLY_OPERATION,,resupply_summary,,,,,,,,,,,,,,,,,,,,,,,,,,RESUPPLY_SUMMARY LOW_FUEL | TOTAL_PE_SPENT: 0 | UNITS_RESUPPLIED: 0/9 | BUDGET_ALLOCATED: 85 | PE_REMAINING: 95,,,,,,,,,,,,,,,,,,,,,,,,
2025-09-12T00:06:53.569480,,strategy,Niemcy,STRATEGY,,strategic_decision,,,,,,,,,,,,,,,,,,,,,,,,,,"Strategy: REASSIGNMENT, aggression 0.50, 1 groups, 1 reassignments",,,,,,,,,REASSIGNMENT,0.5,,,,,,adaptive,,1,dynamic_reassignment,,,,,
2025-09-12T00:06:53.579520,,strategy,Niemcy,STRATEGY,,strategic_decision,,,,,,,,,,,,,,,,,,,,,,,,,,"Strategy: REASSIGNMENT, aggression 0.50, 1 groups, 0 reassignments",,,,,,,,,REASSIGNMENT,0.5,,,,,,adaptive,,0,dynamic_reassignment,,,,,
2025-09-12T00:06:53.585547,,target_selection,Niemcy,P_Pluton__6_Sch_tzen_Kompanie_20250907191927,,target_analysis,,,,,47,-8,,,,,,,,,,,,,,,,,,,,"Target analysis: 29 candidates, score -1.00",,29,-1,999,,,,,,,,,False,,,,,,,29,29,29,2,2
2025-09-12T00:06:53.601435,,,Niemcy,TURN_END,,turn_summary,,,,,,,,,,,10,0,,,,,,,,,,,,advanced,opp=2;groups=4;adv=True,"Turn completed: 0/10 units moved, 4 groups (advanced)",,,,,,,,,,,,,,,,,,,,,,,,
2025-09-12T00:09:18.511500,,,Niemcy,TURN_START,,turn_begin,,,,,,,,,,,,,,,,,,,,,,,,,,AI Commander turn started for player 5,,,,,,,,,,,,,,,,,,,,,,,,
2025-09-12T00:09:18.521283,,strategy,Niemcy,STRATEGY,,strategic_decision,,,,,,,,,,,,,,,,,,,,,,,,,,"Strategy: REASSIGNMENT, aggression 0.50, 1 groups, 0 reassignments",,,,,,,,,REASSIGNMENT,0.5,,,,,,adaptive,,0,dynamic_reassignment,,,,,
2025-09-12T00:09:18.524657,,strategy,Niemcy,STRATEGY,,strategic_decision,,,,,,,,,,,,,,,,,,,,,,,,,,"Strategy: REASSIGNMENT, aggression 0.50, 1 groups, 0 reassignments",,,,,,,,,REASSIGNMENT,0.5,,,,,,adaptive,,0,dynamic_reassignment,,,,,
2025-09-12T00:09:18.525784,,,Niemcy,RESUPPLY_NEEDS,,resupply_analysis,,,,,,,,,,,,,,,,,,,,,,,,,,NEEDS_ANALYSIS LOW_FUEL | TOTAL_FUEL_NEEDED: 2 | TOTAL_COMBAT_NEEDED: 0 | TOTAL_PE_NEEDED: 2 | BUDGET_AVAILABLE: 311 | UNITS_REQUIRING_HELP: 1,,,,,,,,,,,,,,,,,,,,,,,,
2025-09-12T00:09:18.525784,,,Niemcy,P_Batalion__5_Sch_tzen_Kompanie,,resupply_detailed,51,0,51,0,,,,,,,,,,,,,,,,,,,,,,phase1 LOW_FUEL | PE_SPENT: fuel=2 combat=0 total=2 | BEFORE: fuel=0 combat=14 | AFTER: fuel=2 combat=14,,,,,,,,,,,,,,,,,,,,,,,,
2025-09-12T00:09:18.526800,,,Niemcy,RESUPPLY_OPERATION,,resupply_summary,,,,,,,,,,,,,,,,,,,,,,,,,,RESUPPLY_SUMMARY LOW_FUEL | TOTAL_PE_SPENT: 2 | UNITS_RESUPPLIED: 1/1 | BUDGET_ALLOCATED: 311 | PE_REMAINING: 344,,,,,,,,,,,,,,,,,,,,,,,,
2025-09-12T00:09:18.557479,,target_selection,Niemcy,P_Batalion__5_Sch_tzen_Kompanie,,target_analysis,,,,,53,0,,,,,,,,,,,,,,,,,,,,"Target analysis: 29 candidates, score -1.00",,29,-1,999,,,,,,,,,False,,,,,,,29,29,29,4,2
2025-09-12T00:09:18.560676,,,Niemcy,P_Batalion__5_Sch_tzen_Kompanie,,second_move,,,53,0,,,,,,,,,,,,,,,,,,,,,,second_chance after LOW_FUEL,,,,,,,,,,,,,,,,,,,,,,,,
2025-09-12T00:09:18.570495,,strategy,Niemcy,STRATEGY,,strategic_decision,,,,,,,,,,,,,,,,,,,,,,,,,,"Strategy: REASSIGNMENT, aggression 0.50, 1 groups, 0 reassignments",,,,,,,,,REASSIGNMENT,0.5,,,,,,adaptive,,0,dynamic_reassignment,,,,,
2025-09-12T00:09:18.583947,,target_selection,Niemcy,P_Batalion__5_Sch_tzen_Kompanie,,target_analysis,,,,,52,0,,,,,,,,,,,,,,,,,,,,"Target analysis: 29 candidates, score -1.00",,29,-1,999,,,,,,,,,False,,,,,,,29,29,29,3,1
2025-09-12T00:09:18.590280,,,Niemcy,P_Batalion__5_Sch_tzen_Kompanie,,adaptive_autonomous,52,0,52,0,,,,,,,,,,,,,,,,,,,,,,"Advanced auto mode: group 1 (strategy: LOSING, aggr: 0.9)",,,,,,,,,,,,,,,,,,,,,,,,
2025-09-12T00:09:18.591636,,,Niemcy,TURN_END,,turn_summary,,,,,,,,,,,1,1,,,,,,,,,,,,advanced,opp=0;groups=1;adv=True,"Turn completed: 1/1 units moved, 1 groups (advanced)",,,,,,,,,,,,,,,,,,,,,,,,
2025-09-12T00:09:18.645819,,,Niemcy,TURN_START,,turn_begin,,,,,,,,,,,,,,,,,,,,,,,,,,AI Commander turn started for player 6,,,,,,,,,,,,,,,,,,,,,,,,
2025-09-12T00:09:18.649494,,,Niemcy,RESUPPLY_NEEDS,,resupply_analysis,,,,,,,,,,,,,,,,,,,,,,,,,,NEEDS_ANALYSIS PRE_RAID_OPTIMIZATION | TOTAL_FUEL_NEEDED: 14 | TOTAL_COMBAT_NEEDED: 0 | TOTAL_PE_NEEDED: 14 | BUDGET_AVAILABLE: 96 | UNITS_REQUIRING_HELP: 6,,,,,,,,,,,,,,,,,,,,,,,,
2025-09-12T00:09:18.650531,,,Niemcy,TL_Kompania__6_Panzer_Kompanie,,resupply_detailed,52,7,52,7,,,,,,,,,,,,,,,,,,,,,,phase1 PRE_RAID_OPTIMIZATION | PE_SPENT: fuel=2 combat=0 total=2 | BEFORE: fuel=0 combat=14 | AFTER: fuel=2 combat=14,,,,,,,,,,,,,,,,,,,,,,,,
2025-09-12T00:09:18.650531,,,Niemcy,P_Kompania__6_Sch_tzen_Kompanie,,resupply_detailed,51,7,51,7,,,,,,,,,,,,,,,,,,,,,,phase1 PRE_RAID_OPTIMIZATION | PE_SPENT: fuel=2 combat=0 total=2 | BEFORE: fuel=0 combat=11 | AFTER: fuel=2 combat=11,,,,,,,,,,,,,,,,,,,,,,,,
2025-09-12T00:09:18.651529,,,Niemcy,P_Kompania__6_Infanterie_Regiment,,resupply_detailed,40,12,40,12,,,,,,,,,,,,,,,,,,,,,,phase1 PRE_RAID_OPTIMIZATION | PE_SPENT: fuel=2 combat=0 total=2 | BEFORE: fuel=0 combat=11 | AFTER: fuel=2 combat=11,,,,,,,,,,,,,,,,,,,,,,,,
2025-09-12T00:09:18.651529,,,Niemcy,P_Pluton__6_Grenadier_Bataillon_20250907191921,,resupply_detailed,50,8,50,8,,,,,,,,,,,,,,,,,,,,,,phase1 PRE_RAID_OPTIMIZATION | PE_SPENT: fuel=2 combat=0 total=2 | BEFORE: fuel=0 combat=8 | AFTER: fuel=2 combat=8,,,,,,,,,,,,,,,,,,,,,,,,
2025-09-12T00:09:18.652526,,,Niemcy,Z_Pluton__6_Aufkl_rungs_Zug_20250907191928,,resupply_detailed,51,-11,51,-11,,,,,,,,,,,,,,,,,,,,,,phase1 PRE_RAID_OPTIMIZATION | PE_SPENT: fuel=2 combat=0 total=2 | BEFORE: fuel=1 combat=4 | AFTER: fuel=3 combat=4,,,,,,,,,,,,,,,,,,,,,,,,
2025-09-12T00:09:18.652526,,,Niemcy,Z_Kompania__6_Unterst_tzungs_Bataillon,,resupply_detailed,54,-13,54,-13,,,,,,,,,,,,,,,,,,,,,,phase1 PRE_RAID_OPTIMIZATION | PE_SPENT: fuel=1 combat=0 total=1 | BEFORE: fuel=2 combat=6 | AFTER: fuel=3 combat=6,,,,,,,,,,,,,,,,,,,,,,,,
2025-09-12T00:09:18.655375,,,Niemcy,RESUPPLY_OPERATION,,resupply_summary,,,,,,,,,,,,,,,,,,,,,,,,,,RESUPPLY_SUMMARY PRE_RAID_OPTIMIZATION | TOTAL_PE_SPENT: 11 | UNITS_RESUPPLIED: 6/6 | BUDGET_ALLOCATED: 96 | PE_REMAINING: 110,,,,,,,,,,,,,,,,,,,,,,,,
2025-09-12T00:09:18.667496,,target_selection,Niemcy,TL_Kompania__6_Panzer_Kompanie,,target_analysis,,,,,52,5,,,,,,,,,,,,,,,,,,,,"Target analysis: 29 candidates, score -1.00",,29,-1,999,,,,,,,,,False,,,,,,,29,29,29,5,2
2025-09-12T00:09:18.669805,,,Niemcy,TL_Kompania__6_Panzer_Kompanie,,second_move,,,52,5,,,,,,,,,,,,,,,,,,,,,,second_chance after PRE_RAID_OPTIMIZATION,,,,,,,,,,,,,,,,,,,,,,,,
2025-09-12T00:09:18.684630,,target_selection,Niemcy,P_Kompania__6_Sch_tzen_Kompanie,,target_analysis,,,,,49,7,,,,,,,,,,,,,,,,,,,,"Target analysis: 29 candidates, score -1.00",,29,-1,999,,,,,,,,,False,,,,,,,29,29,29,4,2
2025-09-12T00:09:18.688786,,,Niemcy,P_Kompania__6_Sch_tzen_Kompanie,,second_move,,,49,7,,,,,,,,,,,,,,,,,,,,,,second_chance after PRE_RAID_OPTIMIZATION,,,,,,,,,,,,,,,,,,,,,,,,
2025-09-12T00:09:18.713212,,target_selection,Niemcy,P_Kompania__6_Infanterie_Regiment,,target_analysis,,,,,38,12,,,,,,,,,,,,,,,,,,,,"Target analysis: 29 candidates, score -1.00",,29,-1,999,,,,,,,,,False,,,,,,,29,29,29,4,2
2025-09-12T00:09:18.719408,,,Niemcy,P_Kompania__6_Infanterie_Regiment,,second_move,,,38,12,,,,,,,,,,,,,,,,,,,,,,second_chance after PRE_RAID_OPTIMIZATION,,,,,,,,,,,,,,,,,,,,,,,,
2025-09-12T00:09:18.733606,,target_selection,Niemcy,P_Pluton__6_Grenadier_Bataillon_20250907191921,,target_analysis,,,,,52,6,,,,,,,,,,,,,,,,,,,,"Target analysis: 29 candidates, score -1.00",,29,-1,999,,,,,,,,,False,,,,,,,29,29,29,4,2
2025-09-12T00:09:18.737103,,,Niemcy,P_Pluton__6_Grenadier_Bataillon_20250907191921,,second_move,,,52,6,,,,,,,,,,,,,,,,,,,,,,second_chance after PRE_RAID_OPTIMIZATION,,,,,,,,,,,,,,,,,,,,,,,,
2025-09-12T00:09:18.750679,,target_selection,Niemcy,Z_Pluton__6_Aufkl_rungs_Zug_20250907191928,,target_analysis,,,,,50,-11,,,,,,,,,,,,,,,,,,,,"Target analysis: 29 candidates, score 30.00",,29,30.0,1,,,,,,,,,False,,,,"(50, -11)",,,28,29,29,5,3
2025-09-12T00:09:18.761063,,,Niemcy,Z_Pluton__6_Aufkl_rungs_Zug_20250907191928,,second_move,,,50,-11,,,,,,,,,,,,,,,,,,,,,,second_chance after PRE_RAID_OPTIMIZATION,,,,,,,,,,,,,,,,,,,,,,,,
2025-09-12T00:09:18.793763,,target_selection,Niemcy,Z_Kompania__6_Unterst_tzungs_Bataillon,,target_analysis,,,,,54,-16,,,,,,,,,,,,,,,,,,,,"Target analysis: 29 candidates, score -1.00",,29,-1,999,,,,,,,,,False,,,,,,,29,29,29,5,3
2025-09-12T00:09:18.797256,,,Niemcy,Z_Kompania__6_Unterst_tzungs_Bataillon,,second_move,,,54,-16,,,,,,,,,,,,,,,,,,,,,,second_chance after PRE_RAID_OPTIMIZATION,,,,,,,,,,,,,,,,,,,,,,,,
2025-09-12T00:09:18.805759,,,Niemcy,RESUPPLY_NEEDS,,resupply_analysis,,,,,,,,,,,,,,,,,,,,,,,,,,NEEDS_ANALYSIS PRE_RAID_OPTIMIZATION | TOTAL_FUEL_NEEDED: 10 | TOTAL_COMBAT_NEEDED: 0 | TOTAL_PE_NEEDED: 10 | BUDGET_AVAILABLE: 88 | UNITS_REQUIRING_HELP: 6,,,,,,,,,,,,,,,,,,,,,,,,
2025-09-12T00:09:18.806785,,,Niemcy,Z_Kompania__6_Unterst_tzungs_Bataillon,,resupply_detailed,52,-13,52,-13,,,,,,,,,,,,,,,,,,,,,,phase1 PRE_RAID_OPTIMIZATION | PE_SPENT: fuel=2 combat=0 total=2 | BEFORE: fuel=1 combat=6 | AFTER: fuel=3 combat=6,,,,,,,,,,,,,,,,,,,,,,,,
2025-09-12T00:09:18.806785,,,Niemcy,TL_Kompania__6_Panzer_Kompanie,,resupply_detailed,52,5,52,5,,,,,,,,,,,,,,,,,,,,,,phase1 PRE_RAID_OPTIMIZATION | PE_SPENT: fuel=1 combat=0 total=1 | BEFORE: fuel=1 combat=14 | AFTER: fuel=2 combat=14,,,,,,,,,,,,,,,,,,,,,,,,
2025-09-12T00:09:18.806785,,,Niemcy,P_Kompania__6_Sch_tzen_Kompanie,,resupply_detailed,49,7,49,7,,,,,,,,,,,,,,,,,,,,,,phase1 PRE_RAID_OPTIMIZATION | PE_SPENT: fuel=1 combat=0 total=1 | BEFORE: fuel=1 combat=11 | AFTER: fuel=2 combat=11,,,,,,,,,,,,,,,,,,,,,,,,
2025-09-12T00:09:18.808033,,,Niemcy,P_Kompania__6_Infanterie_Regiment,,resupply_detailed,38,12,38,12,,,,,,,,,,,,,,,,,,,,,,phase1 PRE_RAID_OPTIMIZATION | PE_SPENT: fuel=1 combat=0 total=1 | BEFORE: fuel=1 combat=11 | AFTER: fuel=2 combat=11,,,,,,,,,,,,,,,,,,,,,,,,
2025-09-12T00:09:18.808033,,,Niemcy,P_Pluton__6_Grenadier_Bataillon_20250907191921,,resupply_detailed,52,6,52,6,,,,,,,,,,,,,,,,,,,,,,phase1 PRE_RAID_OPTIMIZATION | PE_SPENT: fuel=1 combat=0 total=1 | BEFORE: fuel=1 combat=8 | AFTER: fuel=2 combat=8,,,,,,,,,,,,,,,,,,,,,,,,
2025-09-12T00:09:18.808033,,,Niemcy,Z_Pluton__6_Aufkl_rungs_Zug_20250907191928,,resupply_detailed,50,-11,50,-11,,,,,,,,,,,,,,,,,,,,,,phase1 PRE_RAID_OPTIMIZATION | PE_SPENT: fuel=1 combat=0 total=1 | BEFORE: fuel=2 combat=4 | AFTER: fuel=3 combat=4,,,,,,,,,,,,,,,,,,,,,,,,
2025-09-12T00:09:18.809518,,,Niemcy,RESUPPLY_OPERATION,,resupply_summary,,,,,,,,,,,,,,,,,,,,,,,,,,RESUPPLY_SUMMARY PRE_RAID_OPTIMIZATION | TOTAL_PE_SPENT: 7 | UNITS_RESUPPLIED: 6/6 | BUDGET_ALLOCATED: 88 | PE_REMAINING: 103,,,,,,,,,,,,,,,,,,,,,,,,
2025-09-12T00:09:18.828358,,target_selection,Niemcy,Z_Kompania__6_Unterst_tzungs_Bataillon,,target_analysis,,,,,51,-13,,,,,,,,,,,,,,,,,,,,"Target analysis: 29 candidates, score 30.00",,29,30.0,1,,,,,,,,,False,,,,"(51, -13)",,,28,29,29,3,3
2025-09-12T00:09:18.833316,,,Niemcy,Z_Kompania__6_Unterst_tzungs_Bataillon,,second_move,,,51,-13,,,,,,,,,,,,,,,,,,,,,,second_chance after PRE_RAID_OPTIMIZATION,,,,,,,,,,,,,,,,,,,,,,,,
2025-09-12T00:09:18.846041,,target_selection,Niemcy,TL_Kompania__6_Panzer_Kompanie,,target_analysis,,,,,50,7,,,,,,,,,,,,,,,,,,,,"Target analysis: 29 candidates, score -1.00",,29,-1,999,,,,,,,,,False,,,,,,,29,29,29,4,2
2025-09-12T00:09:18.850960,,,Niemcy,TL_Kompania__6_Panzer_Kompanie,,second_move,,,50,7,,,,,,,,,,,,,,,,,,,,,,second_chance after PRE_RAID_OPTIMIZATION,,,,,,,,,,,,,,,,,,,,,,,,
2025-09-12T00:09:18.862594,,target_selection,Niemcy,P_Kompania__6_Sch_tzen_Kompanie,,target_analysis,,,,,47,7,,,,,,,,,,,,,,,,,,,,"Target analysis: 29 candidates, score -1.00",,29,-1,999,,,,,,,,,False,,,,,,,29,29,29,3,2
2025-09-12T00:09:18.868017,,,Niemcy,P_Kompania__6_Sch_tzen_Kompanie,,second_move,,,47,7,,,,,,,,,,,,,,,,,,,,,,second_chance after PRE_RAID_OPTIMIZATION,,,,,,,,,,,,,,,,,,,,,,,,
2025-09-12T00:09:18.899319,,target_selection,Niemcy,P_Kompania__6_Infanterie_Regiment,,target_analysis,,,,,40,12,,,,,,,,,,,,,,,,,,,,"Target analysis: 29 candidates, score -1.00",,29,-1,999,,,,,,,,,False,,,,,,,29,29,29,3,2
2025-09-12T00:09:18.903191,,,Niemcy,P_Kompania__6_Infanterie_Regiment,,second_move,,,40,12,,,,,,,,,,,,,,,,,,,,,,second_chance after PRE_RAID_OPTIMIZATION,,,,,,,,,,,,,,,,,,,,,,,,
2025-09-12T00:09:18.916013,,target_selection,Niemcy,P_Pluton__6_Grenadier_Bataillon_20250907191921,,target_analysis,,,,,50,8,,,,,,,,,,,,,,,,,,,,"Target analysis: 29 candidates, score -1.00",,29,-1,999,,,,,,,,,False,,,,,,,29,29,29,3,2
2025-09-12T00:09:18.919288,,,Niemcy,P_Pluton__6_Grenadier_Bataillon_20250907191921,,second_move,,,50,8,,,,,,,,,,,,,,,,,,,,,,second_chance after PRE_RAID_OPTIMIZATION,,,,,,,,,,,,,,,,,,,,,,,,
2025-09-12T00:09:18.933212,,target_selection,Niemcy,Z_Pluton__6_Aufkl_rungs_Zug_20250907191928,,target_analysis,,,,,51,-11,,,,,,,,,,,,,,,,,,,,"Target analysis: 29 candidates, score 30.00",,29,30.0,1,,,,,,,,,False,,,,"(51, -11)",,,28,29,29,4,3
2025-09-12T00:09:18.936777,,,Niemcy,Z_Pluton__6_Aufkl_rungs_Zug_20250907191928,,second_move,,,51,-11,,,,,,,,,,,,,,,,,,,,,,second_chance after PRE_RAID_OPTIMIZATION,,,,,,,,,,,,,,,,,,,,,,,,
2025-09-12T00:09:18.989788,,strategy,Niemcy,STRATEGY,,strategic_decision,,,,,,,,,,,,,,,,,,,,,,,,,,"Strategy: REASSIGNMENT, aggression 0.50, 3 groups, 0 reassignments",,,,,,,,,REASSIGNMENT,0.5,,,,,,adaptive,,0,dynamic_reassignment,,,,,
2025-09-12T00:09:19.003773,,strategy,Niemcy,STRATEGY,,strategic_decision,,,,,,,,,,,,,,,,,,,,,,,,,,"Strategy: REASSIGNMENT, aggression 0.50, 3 groups, 0 reassignments",,,,,,,,,REASSIGNMENT,0.5,,,,,,adaptive,,0,dynamic_reassignment,,,,,
2025-09-12T00:09:19.007388,,,Niemcy,RESUPPLY_NEEDS,,resupply_analysis,,,,,,,,,,,,,,,,,,,,,,,,,,NEEDS_ANALYSIS LOW_FUEL | TOTAL_FUEL_NEEDED: 10 | TOTAL_COMBAT_NEEDED: 0 | TOTAL_PE_NEEDED: 10 | BUDGET_AVAILABLE: 82 | UNITS_REQUIRING_HELP: 6,,,,,,,,,,,,,,,,,,,,,,,,
2025-09-12T00:09:19.007388,,,Niemcy,Z_Pluton__6_Aufkl_rungs_Zug_20250907191928,,resupply_detailed,50,-11,50,-11,,,,,,,,,,,,,,,,,,,,,,phase1 LOW_FUEL | PE_SPENT: fuel=2 combat=0 total=2 | BEFORE: fuel=1 combat=4 | AFTER: fuel=3 combat=4,,,,,,,,,,,,,,,,,,,,,,,,
2025-09-12T00:09:19.008556,,,Niemcy,TL_Kompania__6_Panzer_Kompanie,,resupply_detailed,50,7,50,7,,,,,,,,,,,,,,,,,,,,,,phase1 LOW_FUEL | PE_SPENT: fuel=1 combat=0 total=1 | BEFORE: fuel=1 combat=14 | AFTER: fuel=2 combat=14,,,,,,,,,,,,,,,,,,,,,,,,
2025-09-12T00:09:19.008556,,,Niemcy,P_Kompania__6_Sch_tzen_Kompanie,,resupply_detailed,47,7,47,7,,,,,,,,,,,,,,,,,,,,,,phase1 LOW_FUEL | PE_SPENT: fuel=1 combat=0 total=1 | BEFORE: fuel=1 combat=11 | AFTER: fuel=2 combat=11,,,,,,,,,,,,,,,,,,,,,,,,
2025-09-12T00:09:19.009553,,,Niemcy,P_Kompania__6_Infanterie_Regiment,,resupply_detailed,40,12,40,12,,,,,,,,,,,,,,,,,,,,,,phase1 LOW_FUEL | PE_SPENT: fuel=1 combat=0 total=1 | BEFORE: fuel=1 combat=11 | AFTER: fuel=2 combat=11,,,,,,,,,,,,,,,,,,,,,,,,
2025-09-12T00:09:19.009553,,,Niemcy,P_Pluton__6_Grenadier_Bataillon_20250907191921,,resupply_detailed,50,8,50,8,,,,,,,,,,,,,,,,,,,,,,phase1 LOW_FUEL | PE_SPENT: fuel=1 combat=0 total=1 | BEFORE: fuel=1 combat=8 | AFTER: fuel=2 combat=8,,,,,,,,,,,,,,,,,,,,,,,,
2025-09-12T00:09:19.010551,,,Niemcy,Z_Kompania__6_Unterst_tzungs_Bataillon,,resupply_detailed,51,-13,51,-13,,,,,,,,,,,,,,,,,,,,,,phase1 LOW_FUEL | PE_SPENT: fuel=1 combat=0 total=1 | BEFORE: fuel=2 combat=6 | AFTER: fuel=3 combat=6,,,,,,,,,,,,,,,,,,,,,,,,
2025-09-12T00:09:19.011549,,,Niemcy,RESUPPLY_OPERATION,,resupply_summary,,,,,,,,,,,,,,,,,,,,,,,,,,RESUPPLY_SUMMARY LOW_FUEL | TOTAL_PE_SPENT: 7 | UNITS_RESUPPLIED: 6/6 | BUDGET_ALLOCATED: 82 | PE_REMAINING: 96,,,,,,,,,,,,,,,,,,,,,,,,
2025-09-12T00:09:19.018674,,,Niemcy,Z_Pluton__6_Aufkl_rungs_Zug_20250907191928,,second_move,,,51,-11,,,,,,,,,,,,,,,,,,,,,,second_chance after LOW_FUEL,,,,,,,,,,,,,,,,,,,,,,,,
2025-09-12T00:09:19.045334,,target_selection,Niemcy,TL_Kompania__6_Panzer_Kompanie,,target_analysis,,,,,52,7,,,,,,,,,,,,,,,,,,,,"Target analysis: 29 candidates, score -1.00",,29,-1,999,,,,,,,,,False,,,,,,,29,29,29,3,2
2025-09-12T00:09:19.053826,,,Niemcy,TL_Kompania__6_Panzer_Kompanie,,second_move,,,52,7,,,,,,,,,,,,,,,,,,,,,,second_chance after LOW_FUEL,,,,,,,,,,,,,,,,,,,,,,,,
2025-09-12T00:09:19.085501,,target_selection,Niemcy,P_Kompania__6_Sch_tzen_Kompanie,,target_analysis,,,,,49,7,,,,,,,,,,,,,,,,,,,,"Target analysis: 29 candidates, score -1.00",,29,-1,999,,,,,,,,,False,,,,,,,29,29,29,2,2
2025-09-12T00:09:19.092790,,,Niemcy,P_Kompania__6_Sch_tzen_Kompanie,,second_move,,,49,7,,,,,,,,,,,,,,,,,,,,,,second_chance after LOW_FUEL,,,,,,,,,,,,,,,,,,,,,,,,
2025-09-12T00:09:19.283622,,target_selection,Niemcy,P_Kompania__6_Infanterie_Regiment,,target_analysis,,,,,38,12,,,,,,,,,,,,,,,,,,,,"Target analysis: 29 candidates, score -1.00",,29,-1,999,,,,,,,,,False,,,,,,,29,29,29,2,2
2025-09-12T00:09:19.340019,,,Niemcy,P_Kompania__6_Infanterie_Regiment,,second_move,,,38,12,,,,,,,,,,,,,,,,,,,,,,second_chance after LOW_FUEL,,,,,,,,,,,,,,,,,,,,,,,,
2025-09-12T00:09:19.420786,,target_selection,Niemcy,P_Pluton__6_Grenadier_Bataillon_20250907191921,,target_analysis,,,,,52,6,,,,,,,,,,,,,,,,,,,,"Target analysis: 29 candidates, score -1.00",,29,-1,999,,,,,,,,,False,,,,,,,29,29,29,2,2
2025-09-12T00:09:19.424845,,,Niemcy,P_Pluton__6_Grenadier_Bataillon_20250907191921,,second_move,,,52,6,,,,,,,,,,,,,,,,,,,,,,second_chance after LOW_FUEL,,,,,,,,,,,,,,,,,,,,,,,,
2025-09-12T00:09:19.436623,,target_selection,Niemcy,Z_Kompania__6_Unterst_tzungs_Bataillon,,target_analysis,,,,,51,-14,,,,,,,,,,,,,,,,,,,,"Target analysis: 29 candidates, score -1.00",,29,-1,999,,,,,,,,,False,,,,,,,29,29,29,2,3
2025-09-12T00:09:19.439847,,,Niemcy,Z_Kompania__6_Unterst_tzungs_Bataillon,,second_move,,,51,-14,,,,,,,,,,,,,,,,,,,,,,second_chance after LOW_FUEL,,,,,,,,,,,,,,,,,,,,,,,,
2025-09-12T00:09:19.441126,,,Niemcy,RESUPPLY_NEEDS,,resupply_analysis,,,,,,,,,,,,,,,,,,,,,,,,,,NEEDS_ANALYSIS LOW_FUEL | TOTAL_FUEL_NEEDED: 9 | TOTAL_COMBAT_NEEDED: 0 | TOTAL_PE_NEEDED: 9 | BUDGET_AVAILABLE: 76 | UNITS_REQUIRING_HELP: 6,,,,,,,,,,,,,,,,,,,,,,,,
2025-09-12T00:09:19.442303,,,Niemcy,RESUPPLY_OPERATION,,resupply_summary,,,,,,,,,,,,,,,,,,,,,,,,,,RESUPPLY_SUMMARY LOW_FUEL | TOTAL_PE_SPENT: 0 | UNITS_RESUPPLIED: 0/6 | BUDGET_ALLOCATED: 76 | PE_REMAINING: 96,,,,,,,,,,,,,,,,,,,,,,,,
2025-09-12T00:09:19.447610,,target_selection,Niemcy,TL_Kompania__6_Panzer_Kompanie,,target_analysis,,,,,51,7,,,,,,,,,,,,,,,,,,,,"Target analysis: 29 candidates, score -1.00",,29,-1,999,,,,,,,,,False,,,,,,,29,29,29,2,1
2025-09-12T00:09:19.450894,,,Niemcy,TL_Kompania__6_Panzer_Kompanie,,second_move,,,51,7,,,,,,,,,,,,,,,,,,,,,,second_chance after LOW_FUEL,,,,,,,,,,,,,,,,,,,,,,,,
2025-09-12T00:09:19.459161,,target_selection,Niemcy,P_Kompania__6_Sch_tzen_Kompanie,,target_analysis,,,,,50,7,,,,,,,,,,,,,,,,,,,,"Target analysis: 29 candidates, score -1.00",,29,-1,999,,,,,,,,,False,,,,,,,29,29,29,1,1
2025-09-12T00:09:19.462335,,,Niemcy,P_Kompania__6_Sch_tzen_Kompanie,,second_move,,,50,7,,,,,,,,,,,,,,,,,,,,,,second_chance after LOW_FUEL,,,,,,,,,,,,,,,,,,,,,,,,
2025-09-12T00:09:19.475269,,target_selection,Niemcy,P_Kompania__6_Infanterie_Regiment,,target_analysis,,,,,39,12,,,,,,,,,,,,,,,,,,,,"Target analysis: 29 candidates, score -1.00",,29,-1,999,,,,,,,,,False,,,,,,,29,29,29,1,1
2025-09-12T00:09:19.477571,,,Niemcy,P_Kompania__6_Infanterie_Regiment,,second_move,,,39,12,,,,,,,,,,,,,,,,,,,,,,second_chance after LOW_FUEL,,,,,,,,,,,,,,,,,,,,,,,,
2025-09-12T00:09:19.485924,,target_selection,Niemcy,P_Pluton__6_Grenadier_Bataillon_20250907191921,,target_analysis,,,,,52,7,,,,,,,,,,,,,,,,,,,,"Target analysis: 29 candidates, score -1.00",,29,-1,999,,,,,,,,,False,,,,,,,29,29,29,1,1
2025-09-12T00:09:19.490051,,,Niemcy,P_Pluton__6_Grenadier_Bataillon_20250907191921,,second_move,,,52,7,,,,,,,,,,,,,,,,,,,,,,second_chance after LOW_FUEL,,,,,,,,,,,,,,,,,,,,,,,,
2025-09-12T00:09:19.498480,,target_selection,Niemcy,Z_Kompania__6_Unterst_tzungs_Bataillon,,target_analysis,,,,,51,-13,,,,,,,,,,,,,,,,,,,,"Target analysis: 29 candidates, score 30.00",,29,30.0,1,,,,,,,,,False,,,,"(51, -13)",,,28,29,29,1,2
2025-09-12T00:09:19.502498,,,Niemcy,Z_Kompania__6_Unterst_tzungs_Bataillon,,second_move,,,51,-13,,,,,,,,,,,,,,,,,,,,,,second_chance after LOW_FUEL,,,,,,,,,,,,,,,,,,,,,,,,
2025-09-12T00:09:19.508575,,target_selection,Niemcy,Z_Pluton__6_Aufkl_rungs_Zug_20250907191928,,target_analysis,,,,,52,-12,,,,,,,,,,,,,,,,,,,,"Target analysis: 29 candidates, score -1.00",,29,-1,999,,,,,,,,,False,,,,,,,29,29,29,1,2
2025-09-12T00:09:19.511062,,,Niemcy,Z_Pluton__6_Aufkl_rungs_Zug_20250907191928,,second_move,,,52,-12,,,,,,,,,,,,,,,,,,,,,,second_chance after LOW_FUEL,,,,,,,,,,,,,,,,,,,,,,,,
2025-09-12T00:09:19.513254,,,Niemcy,RESUPPLY_NEEDS,,resupply_analysis,,,,,,,,,,,,,,,,,,,,,,,,,,NEEDS_ANALYSIS LOW_FUEL | TOTAL_FUEL_NEEDED: 15 | TOTAL_COMBAT_NEEDED: 0 | TOTAL_PE_NEEDED: 15 | BUDGET_AVAILABLE: 86 | UNITS_REQUIRING_HELP: 6,,,,,,,,,,,,,,,,,,,,,,,,
2025-09-12T00:09:19.514264,,,Niemcy,RESUPPLY_OPERATION,,resupply_summary,,,,,,,,,,,,,,,,,,,,,,,,,,RESUPPLY_SUMMARY LOW_FUEL | TOTAL_PE_SPENT: 0 | UNITS_RESUPPLIED: 0/6 | BUDGET_ALLOCATED: 86 | PE_REMAINING: 96,,,,,,,,,,,,,,,,,,,,,,,,
2025-09-12T00:09:19.515344,,,Niemcy,RESUPPLY_NEEDS,,resupply_analysis,,,,,,,,,,,,,,,,,,,,,,,,,,NEEDS_ANALYSIS LOW_FUEL | TOTAL_FUEL_NEEDED: 15 | TOTAL_COMBAT_NEEDED: 0 | TOTAL_PE_NEEDED: 15 | BUDGET_AVAILABLE: 86 | UNITS_REQUIRING_HELP: 6,,,,,,,,,,,,,,,,,,,,,,,,
2025-09-12T00:09:19.517654,,,Niemcy,RESUPPLY_OPERATION,,resupply_summary,,,,,,,,,,,,,,,,,,,,,,,,,,RESUPPLY_SUMMARY LOW_FUEL | TOTAL_PE_SPENT: 0 | UNITS_RESUPPLIED: 0/6 | BUDGET_ALLOCATED: 86 | PE_REMAINING: 96,,,,,,,,,,,,,,,,,,,,,,,,
2025-09-12T00:09:19.525476,,strategy,Niemcy,STRATEGY,,strategic_decision,,,,,,,,,,,,,,,,,,,,,,,,,,"Strategy: REASSIGNMENT, aggression 0.50, 1 groups, 0 reassignments",,,,,,,,,REASSIGNMENT,0.5,,,,,,adaptive,,0,dynamic_reassignment,,,,,
2025-09-12T00:09:19.532693,,target_selection,Niemcy,TL_Kompania__6_Panzer_Kompanie,,target_analysis,,,,,52,6,,,,,,,,,,,,,,,,,,,,"Target analysis: 29 candidates, score -1.00",,29,-1,999,,,,,,,,,False,,,,,,,29,29,29,2,1
2025-09-12T00:09:19.535777,,,Niemcy,RESUPPLY_NEEDS,,resupply_analysis,,,,,,,,,,,,,,,,,,,,,,,,,,NEEDS_ANALYSIS LOW_FUEL | TOTAL_FUEL_NEEDED: 15 | TOTAL_COMBAT_NEEDED: 0 | TOTAL_PE_NEEDED: 15 | BUDGET_AVAILABLE: 86 | UNITS_REQUIRING_HELP: 6,,,,,,,,,,,,,,,,,,,,,,,,
2025-09-12T00:09:19.536786,,,Niemcy,RESUPPLY_OPERATION,,resupply_summary,,,,,,,,,,,,,,,,,,,,,,,,,,RESUPPLY_SUMMARY LOW_FUEL | TOTAL_PE_SPENT: 0 | UNITS_RESUPPLIED: 0/6 | BUDGET_ALLOCATED: 86 | PE_REMAINING: 96,,,,,,,,,,,,,,,,,,,,,,,,
2025-09-12T00:09:19.537889,,,Niemcy,RESUPPLY_NEEDS,,resupply_analysis,,,,,,,,,,,,,,,,,,,,,,,,,,NEEDS_ANALYSIS LOW_FUEL | TOTAL_FUEL_NEEDED: 15 | TOTAL_COMBAT_NEEDED: 0 | TOTAL_PE_NEEDED: 15 | BUDGET_AVAILABLE: 86 | UNITS_REQUIRING_HELP: 6,,,,,,,,,,,,,,,,,,,,,,,,
2025-09-12T00:09:19.538912,,,Niemcy,RESUPPLY_OPERATION,,resupply_summary,,,,,,,,,,,,,,,,,,,,,,,,,,RESUPPLY_SUMMARY LOW_FUEL | TOTAL_PE_SPENT: 0 | UNITS_RESUPPLIED: 0/6 | BUDGET_ALLOCATED: 86 | PE_REMAINING: 96,,,,,,,,,,,,,,,,,,,,,,,,
2025-09-12T00:09:19.541205,,strategy,Niemcy,STRATEGY,,strategic_decision,,,,,,,,,,,,,,,,,,,,,,,,,,"Strategy: REASSIGNMENT, aggression 0.50, 1 groups, 0 reassignments",,,,,,,,,REASSIGNMENT,0.5,,,,,,adaptive,,0,dynamic_reassignment,,,,,
2025-09-12T00:09:19.546517,,target_selection,Niemcy,P_Kompania__6_Infanterie_Regiment,,target_analysis,,,,,,,,,,,,,,,,,,,,,,,,,,"Target analysis: 29 candidates, score -1.00",,29,-1,999,,,,,,,,,False,,,,,,,29,29,29,4,0
2025-09-12T00:09:19.547541,,,Niemcy,RESUPPLY_NEEDS,,resupply_analysis,,,,,,,,,,,,,,,,,,,,,,,,,,NEEDS_ANALYSIS LOW_FUEL | TOTAL_FUEL_NEEDED: 15 | TOTAL_COMBAT_NEEDED: 0 | TOTAL_PE_NEEDED: 15 | BUDGET_AVAILABLE: 86 | UNITS_REQUIRING_HELP: 6,,,,,,,,,,,,,,,,,,,,,,,,
2025-09-12T00:09:19.548687,,,Niemcy,RESUPPLY_OPERATION,,resupply_summary,,,,,,,,,,,,,,,,,,,,,,,,,,RESUPPLY_SUMMARY LOW_FUEL | TOTAL_PE_SPENT: 0 | UNITS_RESUPPLIED: 0/6 | BUDGET_ALLOCATED: 86 | PE_REMAINING: 96,,,,,,,,,,,,,,,,,,,,,,,,
2025-09-12T00:09:19.553573,,strategy,Niemcy,STRATEGY,,strategic_decision,,,,,,,,,,,,,,,,,,,,,,,,,,"Strategy: REASSIGNMENT, aggression 0.50, 1 groups, 0 reassignments",,,,,,,,,REASSIGNMENT,0.5,,,,,,adaptive,,0,dynamic_reassignment,,,,,
2025-09-12T00:09:19.563448,,target_selection,Niemcy,P_Pluton__6_Grenadier_Bataillon,,target_analysis,,,,,48,-12,,,,,,,,,,,,,,,,,,,,"Target analysis: 29 candidates, score -1.00",,29,-1,999,,,,,,,,,False,,,,,,,29,29,29,4,2
2025-09-12T00:09:19.572984,,,Niemcy,P_Pluton__6_Sch_tzen_Kompanie_20250907191927,,adaptive_autonomous,47,-9,48,-12,,,,,,,,,,,,,,,,,,,,,,"Advanced auto mode: group 3 (strategy: LOSING, aggr: 0.9)",,,,,,,,,,,,,,,,,,,,,,,,
2025-09-12T00:09:19.572984,,,Niemcy,TURN_END,,turn_summary,,,,,,,,,,,7,1,,,,,,,,,,,,advanced,opp=2;groups=3;adv=True,"Turn completed: 1/7 units moved, 3 groups (advanced)",,,,,,,,,,,,,,,,,,,,,,,,
2025-09-12T00:12:26.725155,,,Niemcy,TURN_START,,turn_begin,,,,,,,,,,,,,,,,,,,,,,,,,,AI Commander turn started for player 5,,,,,,,,,,,,,,,,,,,,,,,,
2025-09-12T00:12:26.736226,,strategy,Niemcy,STRATEGY,,strategic_decision,,,,,,,,,,,,,,,,,,,,,,,,,,"Strategy: REASSIGNMENT, aggression 0.50, 1 groups, 0 reassignments",,,,,,,,,REASSIGNMENT,0.5,,,,,,adaptive,,0,dynamic_reassignment,,,,,
2025-09-12T00:12:26.738506,,strategy,Niemcy,STRATEGY,,strategic_decision,,,,,,,,,,,,,,,,,,,,,,,,,,"Strategy: REASSIGNMENT, aggression 0.50, 1 groups, 0 reassignments",,,,,,,,,REASSIGNMENT,0.5,,,,,,adaptive,,0,dynamic_reassignment,,,,,
2025-09-12T00:12:26.740337,,,Niemcy,RESUPPLY_NEEDS,,resupply_analysis,,,,,,,,,,,,,,,,,,,,,,,,,,NEEDS_ANALYSIS LOW_FUEL | TOTAL_FUEL_NEEDED: 2 | TOTAL_COMBAT_NEEDED: 0 | TOTAL_PE_NEEDED: 2 | BUDGET_AVAILABLE: 363 | UNITS_REQUIRING_HELP: 1,,,,,,,,,,,,,,,,,,,,,,,,
2025-09-12T00:12:26.740337,,,Niemcy,P_Batalion__5_Sch_tzen_Kompanie,,resupply_detailed,52,0,52,0,,,,,,,,,,,,,,,,,,,,,,phase1 LOW_FUEL | PE_SPENT: fuel=2 combat=0 total=2 | BEFORE: fuel=0 combat=14 | AFTER: fuel=2 combat=14,,,,,,,,,,,,,,,,,,,,,,,,
2025-09-12T00:12:26.741363,,,Niemcy,RESUPPLY_OPERATION,,resupply_summary,,,,,,,,,,,,,,,,,,,,,,,,,,RESUPPLY_SUMMARY LOW_FUEL | TOTAL_PE_SPENT: 2 | UNITS_RESUPPLIED: 1/1 | BUDGET_ALLOCATED: 363 | PE_REMAINING: 402,,,,,,,,,,,,,,,,,,,,,,,,
2025-09-12T00:12:26.776107,,target_selection,Niemcy,P_Batalion__5_Sch_tzen_Kompanie,,target_analysis,,,,,54,0,,,,,,,,,,,,,,,,,,,,"Target analysis: 29 candidates, score -1.00",,29,-1,999,,,,,,,,,False,,,,,,,29,29,29,4,2
2025-09-12T00:12:26.780631,,,Niemcy,P_Batalion__5_Sch_tzen_Kompanie,,second_move,,,54,0,,,,,,,,,,,,,,,,,,,,,,second_chance after LOW_FUEL,,,,,,,,,,,,,,,,,,,,,,,,
2025-09-12T00:12:26.788062,,strategy,Niemcy,STRATEGY,,strategic_decision,,,,,,,,,,,,,,,,,,,,,,,,,,"Strategy: REASSIGNMENT, aggression 0.50, 1 groups, 0 reassignments",,,,,,,,,REASSIGNMENT,0.5,,,,,,adaptive,,0,dynamic_reassignment,,,,,
2025-09-12T00:12:26.802983,,target_selection,Niemcy,P_Batalion__5_Sch_tzen_Kompanie,,target_analysis,,,,,53,0,,,,,,,,,,,,,,,,,,,,"Target analysis: 29 candidates, score -1.00",,29,-1,999,,,,,,,,,False,,,,,,,29,29,29,3,1
2025-09-12T00:12:26.806202,,,Niemcy,P_Batalion__5_Sch_tzen_Kompanie,,adaptive_autonomous,53,0,53,0,,,,,,,,,,,,,,,,,,,,,,"Advanced auto mode: group 1 (strategy: LOSING, aggr: 0.9)",,,,,,,,,,,,,,,,,,,,,,,,
2025-09-12T00:12:26.808559,,,Niemcy,TURN_END,,turn_summary,,,,,,,,,,,1,1,,,,,,,,,,,,advanced,opp=0;groups=1;adv=True,"Turn completed: 1/1 units moved, 1 groups (advanced)",,,,,,,,,,,,,,,,,,,,,,,,
2025-09-12T00:12:26.866218,,,Niemcy,TURN_START,,turn_begin,,,,,,,,,,,,,,,,,,,,,,,,,,AI Commander turn started for player 6,,,,,,,,,,,,,,,,,,,,,,,,
2025-09-12T00:12:26.868316,,,Niemcy,RESUPPLY_NEEDS,,resupply_analysis,,,,,,,,,,,,,,,,,,,,,,,,,,NEEDS_ANALYSIS PRE_RAID_OPTIMIZATION | TOTAL_FUEL_NEEDED: 13 | TOTAL_COMBAT_NEEDED: 0 | TOTAL_PE_NEEDED: 13 | BUDGET_AVAILABLE: 103 | UNITS_REQUIRING_HELP: 6,,,,,,,,,,,,,,,,,,,,,,,,
2025-09-12T00:12:26.869372,,,Niemcy,TL_Kompania__6_Panzer_Kompanie,,resupply_detailed,51,7,51,7,,,,,,,,,,,,,,,,,,,,,,phase1 PRE_RAID_OPTIMIZATION | PE_SPENT: fuel=2 combat=0 total=2 | BEFORE: fuel=0 combat=14 | AFTER: fuel=2 combat=14,,,,,,,,,,,,,,,,,,,,,,,,
2025-09-12T00:12:26.869372,,,Niemcy,P_Kompania__6_Sch_tzen_Kompanie,,resupply_detailed,50,7,50,7,,,,,,,,,,,,,,,,,,,,,,phase1 PRE_RAID_OPTIMIZATION | PE_SPENT: fuel=2 combat=0 total=2 | BEFORE: fuel=0 combat=11 | AFTER: fuel=2 combat=11,,,,,,,,,,,,,,,,,,,,,,,,
2025-09-12T00:12:26.870561,,,Niemcy,P_Kompania__6_Infanterie_Regiment,,resupply_detailed,39,12,39,12,,,,,,,,,,,,,,,,,,,,,,phase1 PRE_RAID_OPTIMIZATION | PE_SPENT: fuel=2 combat=0 total=2 | BEFORE: fuel=0 combat=11 | AFTER: fuel=2 combat=11,,,,,,,,,,,,,,,,,,,,,,,,
2025-09-12T00:12:26.870561,,,Niemcy,P_Pluton__6_Grenadier_Bataillon_20250907191921,,resupply_detailed,52,7,52,7,,,,,,,,,,,,,,,,,,,,,,phase1 PRE_RAID_OPTIMIZATION | PE_SPENT: fuel=2 combat=0 total=2 | BEFORE: fuel=0 combat=8 | AFTER: fuel=2 combat=8,,,,,,,,,,,,,,,,,,,,,,,,
2025-09-12T00:12:26.871750,,,Niemcy,Z_Pluton__6_Aufkl_rungs_Zug_20250907191928,,resupply_detailed,52,-12,52,-12,,,,,,,,,,,,,,,,,,,,,,phase1 PRE_RAID_OPTIMIZATION | PE_SPENT: fuel=2 combat=0 total=2 | BEFORE: fuel=1 combat=4 | AFTER: fuel=3 combat=4,,,,,,,,,,,,,,,,,,,,,,,,
2025-09-12T00:12:26.871750,,,Niemcy,P_Pluton__6_Sch_tzen_Kompanie_20250907191927,,resupply_detailed,47,-9,47,-9,,,,,,,,,,,,,,,,,,,,,,phase1 PRE_RAID_OPTIMIZATION | PE_SPENT: fuel=1 combat=0 total=1 | BEFORE: fuel=1 combat=8 | AFTER: fuel=2 combat=8,,,,,,,,,,,,,,,,,,,,,,,,
2025-09-12T00:12:26.872753,,,Niemcy,RESUPPLY_OPERATION,,resupply_summary,,,,,,,,,,,,,,,,,,,,,,,,,,RESUPPLY_SUMMARY PRE_RAID_OPTIMIZATION | TOTAL_PE_SPENT: 11 | UNITS_RESUPPLIED: 6/6 | BUDGET_ALLOCATED: 103 | PE_REMAINING: 104,,,,,,,,,,,,,,,,,,,,,,,,
2025-09-12T00:12:26.886960,,target_selection,Niemcy,TL_Kompania__6_Panzer_Kompanie,,target_analysis,,,,,51,5,,,,,,,,,,,,,,,,,,,,"Target analysis: 29 candidates, score -1.00",,29,-1,999,,,,,,,,,False,,,,,,,29,29,29,5,2
2025-09-12T00:12:26.891615,,,Niemcy,TL_Kompania__6_Panzer_Kompanie,,second_move,,,51,5,,,,,,,,,,,,,,,,,,,,,,second_chance after PRE_RAID_OPTIMIZATION,,,,,,,,,,,,,,,,,,,,,,,,
2025-09-12T00:12:26.910894,,target_selection,Niemcy,P_Kompania__6_Sch_tzen_Kompanie,,target_analysis,,,,,48,7,,,,,,,,,,,,,,,,,,,,"Target analysis: 29 candidates, score -1.00",,29,-1,999,,,,,,,,,False,,,,,,,29,29,29,4,2
2025-09-12T00:12:26.914373,,,Niemcy,P_Kompania__6_Sch_tzen_Kompanie,,second_move,,,48,7,,,,,,,,,,,,,,,,,,,,,,second_chance after PRE_RAID_OPTIMIZATION,,,,,,,,,,,,,,,,,,,,,,,,
2025-09-12T00:12:26.943259,,target_selection,Niemcy,P_Kompania__6_Infanterie_Regiment,,target_analysis,,,,,41,12,,,,,,,,,,,,,,,,,,,,"Target analysis: 29 candidates, score -1.00",,29,-1,999,,,,,,,,,False,,,,,,,29,29,29,4,2
2025-09-12T00:12:26.946963,,,Niemcy,P_Kompania__6_Infanterie_Regiment,,second_move,,,41,12,,,,,,,,,,,,,,,,,,,,,,second_chance after PRE_RAID_OPTIMIZATION,,,,,,,,,,,,,,,,,,,,,,,,
2025-09-12T00:12:26.960310,,target_selection,Niemcy,P_Pluton__6_Grenadier_Bataillon_20250907191921,,target_analysis,,,,,50,7,,,,,,,,,,,,,,,,,,,,"Target analysis: 29 candidates, score -1.00",,29,-1,999,,,,,,,,,False,,,,,,,29,29,29,4,2
2025-09-12T00:12:26.964112,,,Niemcy,P_Pluton__6_Grenadier_Bataillon_20250907191921,,second_move,,,50,7,,,,,,,,,,,,,,,,,,,,,,second_chance after PRE_RAID_OPTIMIZATION,,,,,,,,,,,,,,,,,,,,,,,,
2025-09-12T00:12:26.982279,,target_selection,Niemcy,Z_Pluton__6_Aufkl_rungs_Zug_20250907191928,,target_analysis,,,,,52,-13,,,,,,,,,,,,,,,,,,,,"Target analysis: 29 candidates, score 30.00",,29,30.0,1,,,,,,,,,False,,,,"(52, -13)",,,27,29,29,5,3
2025-09-12T00:12:26.990953,,,Niemcy,Z_Pluton__6_Aufkl_rungs_Zug_20250907191928,,second_move,,,52,-13,,,,,,,,,,,,,,,,,,,,,,second_chance after PRE_RAID_OPTIMIZATION,,,,,,,,,,,,,,,,,,,,,,,,
2025-09-12T00:12:27.015829,,target_selection,Niemcy,P_Pluton__6_Sch_tzen_Kompanie_20250907191927,,target_analysis,,,,,49,-9,,,,,,,,,,,,,,,,,,,,"Target analysis: 29 candidates, score -1.00",,29,-1,999,,,,,,,,,False,,,,,,,29,29,29,2,2
2025-09-12T00:12:27.018074,,,Niemcy,P_Pluton__6_Sch_tzen_Kompanie_20250907191927,,second_move,,,49,-9,,,,,,,,,,,,,,,,,,,,,,second_chance after PRE_RAID_OPTIMIZATION,,,,,,,,,,,,,,,,,,,,,,,,
2025-09-12T00:12:27.093790,,strategy,Niemcy,STRATEGY,,strategic_decision,,,,,,,,,,,,,,,,,,,,,,,,,,"Strategy: REASSIGNMENT, aggression 0.50, 4 groups, 0 reassignments",,,,,,,,,REASSIGNMENT,0.5,,,,,,adaptive,,0,dynamic_reassignment,,,,,
2025-09-12T00:12:27.104469,,strategy,Niemcy,STRATEGY,,strategic_decision,,,,,,,,,,,,,,,,,,,,,,,,,,"Strategy: REASSIGNMENT, aggression 0.50, 4 groups, 0 reassignments",,,,,,,,,REASSIGNMENT,0.5,,,,,,adaptive,,0,dynamic_reassignment,,,,,
2025-09-12T00:12:27.107013,,,Niemcy,RESUPPLY_NEEDS,,resupply_analysis,,,,,,,,,,,,,,,,,,,,,,,,,,NEEDS_ANALYSIS LOW_FUEL | TOTAL_FUEL_NEEDED: 8 | TOTAL_COMBAT_NEEDED: 0 | TOTAL_PE_NEEDED: 8 | BUDGET_AVAILABLE: 83 | UNITS_REQUIRING_HELP: 6,,,,,,,,,,,,,,,,,,,,,,,,
2025-09-12T00:12:27.107013,,,Niemcy,TL_Kompania__6_Panzer_Kompanie,,resupply_detailed,51,5,51,5,,,,,,,,,,,,,,,,,,,,,,phase1 LOW_FUEL | PE_SPENT: fuel=1 combat=0 total=1 | BEFORE: fuel=1 combat=14 | AFTER: fuel=2 combat=14,,,,,,,,,,,,,,,,,,,,,,,,
2025-09-12T00:12:27.107013,,,Niemcy,P_Kompania__6_Sch_tzen_Kompanie,,resupply_detailed,48,7,48,7,,,,,,,,,,,,,,,,,,,,,,phase1 LOW_FUEL | PE_SPENT: fuel=1 combat=0 total=1 | BEFORE: fuel=1 combat=11 | AFTER: fuel=2 combat=11,,,,,,,,,,,,,,,,,,,,,,,,
2025-09-12T00:12:27.108334,,,Niemcy,P_Kompania__6_Infanterie_Regiment,,resupply_detailed,41,12,41,12,,,,,,,,,,,,,,,,,,,,,,phase1 LOW_FUEL | PE_SPENT: fuel=1 combat=0 total=1 | BEFORE: fuel=1 combat=11 | AFTER: fuel=2 combat=11,,,,,,,,,,,,,,,,,,,,,,,,
2025-09-12T00:12:27.108334,,,Niemcy,P_Pluton__6_Grenadier_Bataillon_20250907191921,,resupply_detailed,50,7,50,7,,,,,,,,,,,,,,,,,,,,,,phase1 LOW_FUEL | PE_SPENT: fuel=1 combat=0 total=1 | BEFORE: fuel=1 combat=8 | AFTER: fuel=2 combat=8,,,,,,,,,,,,,,,,,,,,,,,,
2025-09-12T00:12:27.109453,,,Niemcy,P_Pluton__6_Sch_tzen_Kompanie_20250907191927,,resupply_detailed,49,-9,49,-9,,,,,,,,,,,,,,,,,,,,,,phase1 LOW_FUEL | PE_SPENT: fuel=1 combat=0 total=1 | BEFORE: fuel=1 combat=8 | AFTER: fuel=2 combat=8,,,,,,,,,,,,,,,,,,,,,,,,
2025-09-12T00:12:27.109453,,,Niemcy,Z_Pluton__6_Aufkl_rungs_Zug_20250907191928,,resupply_detailed,52,-13,52,-13,,,,,,,,,,,,,,,,,,,,,,phase1 LOW_FUEL | PE_SPENT: fuel=1 combat=0 total=1 | BEFORE: fuel=2 combat=4 | AFTER: fuel=3 combat=4,,,,,,,,,,,,,,,,,,,,,,,,
2025-09-12T00:12:27.110487,,,Niemcy,RESUPPLY_OPERATION,,resupply_summary,,,,,,,,,,,,,,,,,,,,,,,,,,RESUPPLY_SUMMARY LOW_FUEL | TOTAL_PE_SPENT: 6 | UNITS_RESUPPLIED: 6/6 | BUDGET_ALLOCATED: 83 | PE_REMAINING: 98,,,,,,,,,,,,,,,,,,,,,,,,
2025-09-12T00:12:27.123004,,target_selection,Niemcy,TL_Kompania__6_Panzer_Kompanie,,target_analysis,,,,,51,7,,,,,,,,,,,,,,,,,,,,"Target analysis: 29 candidates, score -1.00",,29,-1,999,,,,,,,,,False,,,,,,,29,29,29,4,2
2025-09-12T00:12:27.128055,,,Niemcy,TL_Kompania__6_Panzer_Kompanie,,second_move,,,51,7,,,,,,,,,,,,,,,,,,,,,,second_chance after LOW_FUEL,,,,,,,,,,,,,,,,,,,,,,,,
2025-09-12T00:12:27.154889,,target_selection,Niemcy,P_Kompania__6_Sch_tzen_Kompanie,,target_analysis,,,,,46,7,,,,,,,,,,,,,,,,,,,,"Target analysis: 29 candidates, score -1.00",,29,-1,999,,,,,,,,,False,,,,,,,29,29,29,3,2
2025-09-12T00:12:27.162255,,,Niemcy,P_Kompania__6_Sch_tzen_Kompanie,,second_move,,,46,7,,,,,,,,,,,,,,,,,,,,,,second_chance after LOW_FUEL,,,,,,,,,,,,,,,,,,,,,,,,
2025-09-12T00:12:27.185608,,target_selection,Niemcy,P_Kompania__6_Infanterie_Regiment,,target_analysis,,,,,39,12,,,,,,,,,,,,,,,,,,,,"Target analysis: 29 candidates, score -1.00",,29,-1,999,,,,,,,,,False,,,,,,,29,29,29,3,2
2025-09-12T00:12:27.193199,,,Niemcy,P_Kompania__6_Infanterie_Regiment,,second_move,,,39,12,,,,,,,,,,,,,,,,,,,,,,second_chance after LOW_FUEL,,,,,,,,,,,,,,,,,,,,,,,,
2025-09-12T00:12:27.221203,,target_selection,Niemcy,P_Pluton__6_Grenadier_Bataillon_20250907191921,,target_analysis,,,,,48,7,,,,,,,,,,,,,,,,,,,,"Target analysis: 29 candidates, score -1.00",,29,-1,999,,,,,,,,,False,,,,,,,29,29,29,3,2
2025-09-12T00:12:27.225333,,,Niemcy,P_Pluton__6_Grenadier_Bataillon_20250907191921,,second_move,,,48,7,,,,,,,,,,,,,,,,,,,,,,second_chance after LOW_FUEL,,,,,,,,,,,,,,,,,,,,,,,,
2025-09-12T00:12:27.238957,,target_selection,Niemcy,P_Pluton__6_Sch_tzen_Kompanie_20250907191927,,target_analysis,,,,,50,-9,,,,,,,,,,,,,,,,,,,,"Target analysis: 29 candidates, score -1.00",,29,-1,999,,,,,,,,,False,,,,,,,29,29,29,1,2
2025-09-12T00:12:27.245719,,,Niemcy,P_Pluton__6_Sch_tzen_Kompanie_20250907191927,,second_move,,,50,-9,,,,,,,,,,,,,,,,,,,,,,second_chance after LOW_FUEL,,,,,,,,,,,,,,,,,,,,,,,,
2025-09-12T00:12:27.345284,,target_selection,Niemcy,Z_Pluton__6_Aufkl_rungs_Zug_20250907191928,,target_analysis,,,,,51,-13,,,,,,,,,,,,,,,,,,,,"Target analysis: 29 candidates, score 30.00",,29,30.0,1,,,,,,,,,False,,,,"(51, -13)",,,28,29,29,4,3
2025-09-12T00:12:27.349654,,,Niemcy,Z_Pluton__6_Aufkl_rungs_Zug_20250907191928,,second_move,,,51,-13,,,,,,,,,,,,,,,,,,,,,,second_chance after LOW_FUEL,,,,,,,,,,,,,,,,,,,,,,,,
2025-09-12T00:12:27.352045,,,Niemcy,RESUPPLY_NEEDS,,resupply_analysis,,,,,,,,,,,,,,,,,,,,,,,,,,NEEDS_ANALYSIS LOW_FUEL | TOTAL_FUEL_NEEDED: 8 | TOTAL_COMBAT_NEEDED: 0 | TOTAL_PE_NEEDED: 8 | BUDGET_AVAILABLE: 78 | UNITS_REQUIRING_HELP: 6,,,,,,,,,,,,,,,,,,,,,,,,
2025-09-12T00:12:27.352045,,,Niemcy,TL_Kompania__6_Panzer_Kompanie,,resupply_detailed,51,7,51,7,,,,,,,,,,,,,,,,,,,,,,phase1 LOW_FUEL | PE_SPENT: fuel=1 combat=0 total=1 | BEFORE: fuel=1 combat=14 | AFTER: fuel=2 combat=14,,,,,,,,,,,,,,,,,,,,,,,,
2025-09-12T00:12:27.353262,,,Niemcy,P_Kompania__6_Sch_tzen_Kompanie,,resupply_detailed,46,7,46,7,,,,,,,,,,,,,,,,,,,,,,phase1 LOW_FUEL | PE_SPENT: fuel=1 combat=0 total=1 | BEFORE: fuel=1 combat=11 | AFTER: fuel=2 combat=11,,,,,,,,,,,,,,,,,,,,,,,,
2025-09-12T00:12:27.354564,,,Niemcy,P_Kompania__6_Infanterie_Regiment,,resupply_detailed,39,12,39,12,,,,,,,,,,,,,,,,,,,,,,phase1 LOW_FUEL | PE_SPENT: fuel=1 combat=0 total=1 | BEFORE: fuel=1 combat=11 | AFTER: fuel=2 combat=11,,,,,,,,,,,,,,,,,,,,,,,,
2025-09-12T00:12:27.356572,,,Niemcy,P_Pluton__6_Grenadier_Bataillon_20250907191921,,resupply_detailed,48,7,48,7,,,,,,,,,,,,,,,,,,,,,,phase1 LOW_FUEL | PE_SPENT: fuel=1 combat=0 total=1 | BEFORE: fuel=1 combat=8 | AFTER: fuel=2 combat=8,,,,,,,,,,,,,,,,,,,,,,,,
2025-09-12T00:12:27.357569,,,Niemcy,P_Pluton__6_Sch_tzen_Kompanie_20250907191927,,resupply_detailed,50,-9,50,-9,,,,,,,,,,,,,,,,,,,,,,phase1 LOW_FUEL | PE_SPENT: fuel=1 combat=0 total=1 | BEFORE: fuel=1 combat=8 | AFTER: fuel=2 combat=8,,,,,,,,,,,,,,,,,,,,,,,,
2025-09-12T00:12:27.358567,,,Niemcy,Z_Pluton__6_Aufkl_rungs_Zug_20250907191928,,resupply_detailed,51,-13,51,-13,,,,,,,,,,,,,,,,,,,,,,phase1 LOW_FUEL | PE_SPENT: fuel=1 combat=0 total=1 | BEFORE: fuel=2 combat=4 | AFTER: fuel=3 combat=4,,,,,,,,,,,,,,,,,,,,,,,,
2025-09-12T00:12:27.361559,,,Niemcy,RESUPPLY_OPERATION,,resupply_summary,,,,,,,,,,,,,,,,,,,,,,,,,,RESUPPLY_SUMMARY LOW_FUEL | TOTAL_PE_SPENT: 6 | UNITS_RESUPPLIED: 6/6 | BUDGET_ALLOCATED: 78 | PE_REMAINING: 92,,,,,,,,,,,,,,,,,,,,,,,,
2025-09-12T00:12:27.497035,,target_selection,Niemcy,TL_Kompania__6_Panzer_Kompanie,,target_analysis,,,,,49,7,,,,,,,,,,,,,,,,,,,,"Target analysis: 29 candidates, score -1.00",,29,-1,999,,,,,,,,,False,,,,,,,29,29,29,3,2
2025-09-12T00:12:27.539644,,,Niemcy,TL_Kompania__6_Panzer_Kompanie,,second_move,,,49,7,,,,,,,,,,,,,,,,,,,,,,second_chance after LOW_FUEL,,,,,,,,,,,,,,,,,,,,,,,,
2025-09-12T00:12:27.607878,,target_selection,Niemcy,P_Kompania__6_Sch_tzen_Kompanie,,target_analysis,,,,,44,7,,,,,,,,,,,,,,,,,,,,"Target analysis: 29 candidates, score -1.00",,29,-1,999,,,,,,,,,False,,,,,,,29,29,29,2,2
2025-09-12T00:12:27.614272,,,Niemcy,P_Kompania__6_Sch_tzen_Kompanie,,second_move,,,44,7,,,,,,,,,,,,,,,,,,,,,,second_chance after LOW_FUEL,,,,,,,,,,,,,,,,,,,,,,,,
2025-09-12T00:12:27.690985,,target_selection,Niemcy,P_Kompania__6_Infanterie_Regiment,,target_analysis,,,,,41,12,,,,,,,,,,,,,,,,,,,,"Target analysis: 29 candidates, score -1.00",,29,-1,999,,,,,,,,,False,,,,,,,29,29,29,2,2
2025-09-12T00:12:27.694300,,,Niemcy,P_Kompania__6_Infanterie_Regiment,,second_move,,,41,12,,,,,,,,,,,,,,,,,,,,,,second_chance after LOW_FUEL,,,,,,,,,,,,,,,,,,,,,,,,
2025-09-12T00:12:27.708280,,target_selection,Niemcy,P_Pluton__6_Grenadier_Bataillon_20250907191921,,target_analysis,,,,,46,7,,,,,,,,,,,,,,,,,,,,"Target analysis: 29 candidates, score -1.00",,29,-1,999,,,,,,,,,False,,,,,,,29,29,29,2,2
2025-09-12T00:12:27.711465,,,Niemcy,P_Pluton__6_Grenadier_Bataillon_20250907191921,,second_move,,,46,7,,,,,,,,,,,,,,,,,,,,,,second_chance after LOW_FUEL,,,,,,,,,,,,,,,,,,,,,,,,
2025-09-12T00:12:27.724027,,target_selection,Niemcy,Z_Pluton__6_Aufkl_rungs_Zug_20250907191928,,target_analysis,,,,,52,-13,,,,,,,,,,,,,,,,,,,,"Target analysis: 29 candidates, score 30.00",,29,30.0,1,,,,,,,,,False,,,,"(52, -13)",,,28,29,29,3,3
2025-09-12T00:12:27.727752,,,Niemcy,Z_Pluton__6_Aufkl_rungs_Zug_20250907191928,,second_move,,,52,-13,,,,,,,,,,,,,,,,,,,,,,second_chance after LOW_FUEL,,,,,,,,,,,,,,,,,,,,,,,,
2025-09-12T00:12:27.729858,,,Niemcy,RESUPPLY_NEEDS,,resupply_analysis,,,,,,,,,,,,,,,,,,,,,,,,,,NEEDS_ANALYSIS LOW_FUEL | TOTAL_FUEL_NEEDED: 7 | TOTAL_COMBAT_NEEDED: 0 | TOTAL_PE_NEEDED: 7 | BUDGET_AVAILABLE: 73 | UNITS_REQUIRING_HELP: 5,,,,,,,,,,,,,,,,,,,,,,,,
2025-09-12T00:12:27.730856,,,Niemcy,RESUPPLY_OPERATION,,resupply_summary,,,,,,,,,,,,,,,,,,,,,,,,,,RESUPPLY_SUMMARY LOW_FUEL | TOTAL_PE_SPENT: 0 | UNITS_RESUPPLIED: 0/5 | BUDGET_ALLOCATED: 73 | PE_REMAINING: 92,,,,,,,,,,,,,,,,,,,,,,,,
2025-09-12T00:12:27.739537,,target_selection,Niemcy,TL_Kompania__6_Panzer_Kompanie,,target_analysis,,,,,50,7,,,,,,,,,,,,,,,,,,,,"Target analysis: 29 candidates, score -1.00",,29,-1,999,,,,,,,,,False,,,,,,,29,29,29,2,1
2025-09-12T00:12:27.743260,,,Niemcy,TL_Kompania__6_Panzer_Kompanie,,second_move,,,50,7,,,,,,,,,,,,,,,,,,,,,,second_chance after LOW_FUEL,,,,,,,,,,,,,,,,,,,,,,,,
2025-09-12T00:12:27.756038,,target_selection,Niemcy,P_Kompania__6_Sch_tzen_Kompanie,,target_analysis,,,,,45,7,,,,,,,,,,,,,,,,,,,,"Target analysis: 29 candidates, score -1.00",,29,-1,999,,,,,,,,,False,,,,,,,29,29,29,1,1
2025-09-12T00:12:27.759596,,,Niemcy,P_Kompania__6_Sch_tzen_Kompanie,,second_move,,,45,7,,,,,,,,,,,,,,,,,,,,,,second_chance after LOW_FUEL,,,,,,,,,,,,,,,,,,,,,,,,
2025-09-12T00:12:27.767684,,target_selection,Niemcy,P_Kompania__6_Infanterie_Regiment,,target_analysis,,,,,40,12,,,,,,,,,,,,,,,,,,,,"Target analysis: 29 candidates, score -1.00",,29,-1,999,,,,,,,,,False,,,,,,,29,29,29,1,1
2025-09-12T00:12:27.771098,,,Niemcy,P_Kompania__6_Infanterie_Regiment,,second_move,,,40,12,,,,,,,,,,,,,,,,,,,,,,second_chance after LOW_FUEL,,,,,,,,,,,,,,,,,,,,,,,,
2025-09-12T00:12:27.783248,,target_selection,Niemcy,P_Pluton__6_Grenadier_Bataillon_20250907191921,,target_analysis,,,,,47,7,,,,,,,,,,,,,,,,,,,,"Target analysis: 29 candidates, score -1.00",,29,-1,999,,,,,,,,,False,,,,,,,29,29,29,1,1
2025-09-12T00:12:27.785638,,,Niemcy,P_Pluton__6_Grenadier_Bataillon_20250907191921,,second_move,,,47,7,,,,,,,,,,,,,,,,,,,,,,second_chance after LOW_FUEL,,,,,,,,,,,,,,,,,,,,,,,,
2025-09-12T00:12:27.801579,,target_selection,Niemcy,Z_Pluton__6_Aufkl_rungs_Zug_20250907191928,,target_analysis,,,,,51,-13,,,,,,,,,,,,,,,,,,,,"Target analysis: 29 candidates, score 30.00",,29,30.0,1,,,,,,,,,False,,,,"(51, -13)",,,28,29,29,2,2
2025-09-12T00:12:27.806480,,,Niemcy,Z_Pluton__6_Aufkl_rungs_Zug_20250907191928,,second_move,,,51,-13,,,,,,,,,,,,,,,,,,,,,,second_chance after LOW_FUEL,,,,,,,,,,,,,,,,,,,,,,,,
2025-09-12T00:12:27.807498,,,Niemcy,RESUPPLY_NEEDS,,resupply_analysis,,,,,,,,,,,,,,,,,,,,,,,,,,NEEDS_ANALYSIS LOW_FUEL | TOTAL_FUEL_NEEDED: 12 | TOTAL_COMBAT_NEEDED: 0 | TOTAL_PE_NEEDED: 12 | BUDGET_AVAILABLE: 73 | UNITS_REQUIRING_HELP: 5,,,,,,,,,,,,,,,,,,,,,,,,
2025-09-12T00:12:27.808723,,,Niemcy,RESUPPLY_OPERATION,,resupply_summary,,,,,,,,,,,,,,,,,,,,,,,,,,RESUPPLY_SUMMARY LOW_FUEL | TOTAL_PE_SPENT: 0 | UNITS_RESUPPLIED: 0/5 | BUDGET_ALLOCATED: 73 | PE_REMAINING: 92,,,,,,,,,,,,,,,,,,,,,,,,
2025-09-12T00:12:27.814212,,target_selection,Niemcy,Z_Pluton__6_Aufkl_rungs_Zug_20250907191928,,target_analysis,,,,,51,-14,,,,,,,,,,,,,,,,,,,,"Target analysis: 29 candidates, score -1.00",,29,-1,999,,,,,,,,,False,,,,,,,29,29,29,1,1
2025-09-12T00:12:27.818411,,,Niemcy,Z_Pluton__6_Aufkl_rungs_Zug_20250907191928,,second_move,,,51,-14,,,,,,,,,,,,,,,,,,,,,,second_chance after LOW_FUEL,,,,,,,,,,,,,,,,,,,,,,,,
2025-09-12T00:12:27.828413,,strategy,Niemcy,STRATEGY,,strategic_decision,,,,,,,,,,,,,,,,,,,,,,,,,,"Strategy: REASSIGNMENT, aggression 0.50, 1 groups, 0 reassignments",,,,,,,,,REASSIGNMENT,0.5,,,,,,adaptive,,0,dynamic_reassignment,,,,,
2025-09-12T00:12:27.838331,,target_selection,Niemcy,TL_Kompania__6_Panzer_Kompanie,,target_analysis,,,,,52,7,,,,,,,,,,,,,,,,,,,,"Target analysis: 29 candidates, score -1.00",,29,-1,999,,,,,,,,,False,,,,,,,29,29,29,3,1
2025-09-12T00:12:27.843445,,,Niemcy,RESUPPLY_NEEDS,,resupply_analysis,,,,,,,,,,,,,,,,,,,,,,,,,,NEEDS_ANALYSIS LOW_FUEL | TOTAL_FUEL_NEEDED: 13 | TOTAL_COMBAT_NEEDED: 0 | TOTAL_PE_NEEDED: 13 | BUDGET_AVAILABLE: 82 | UNITS_REQUIRING_HELP: 5,,,,,,,,,,,,,,,,,,,,,,,,
2025-09-12T00:12:27.844455,,,Niemcy,RESUPPLY_OPERATION,,resupply_summary,,,,,,,,,,,,,,,,,,,,,,,,,,RESUPPLY_SUMMARY LOW_FUEL | TOTAL_PE_SPENT: 0 | UNITS_RESUPPLIED: 0/5 | BUDGET_ALLOCATED: 82 | PE_REMAINING: 92,,,,,,,,,,,,,,,,,,,,,,,,
2025-09-12T00:12:27.846684,,strategy,Niemcy,STRATEGY,,strategic_decision,,,,,,,,,,,,,,,,,,,,,,,,,,"Strategy: REASSIGNMENT, aggression 0.50, 1 groups, 0 reassignments",,,,,,,,,REASSIGNMENT,0.5,,,,,,adaptive,,0,dynamic_reassignment,,,,,
2025-09-12T00:12:28.001771,,target_selection,Niemcy,P_Kompania__6_Infanterie_Regiment,,target_analysis,,,,,,,,,,,,,,,,,,,,,,,,,,"Target analysis: 29 candidates, score -1.00",,29,-1,999,,,,,,,,,False,,,,,,,29,29,29,4,0
2025-09-12T00:12:28.006530,,,Niemcy,RESUPPLY_NEEDS,,resupply_analysis,,,,,,,,,,,,,,,,,,,,,,,,,,NEEDS_ANALYSIS LOW_FUEL | TOTAL_FUEL_NEEDED: 13 | TOTAL_COMBAT_NEEDED: 0 | TOTAL_PE_NEEDED: 13 | BUDGET_AVAILABLE: 82 | UNITS_REQUIRING_HELP: 5,,,,,,,,,,,,,,,,,,,,,,,,
2025-09-12T00:12:28.009140,,,Niemcy,RESUPPLY_OPERATION,,resupply_summary,,,,,,,,,,,,,,,,,,,,,,,,,,RESUPPLY_SUMMARY LOW_FUEL | TOTAL_PE_SPENT: 0 | UNITS_RESUPPLIED: 0/5 | BUDGET_ALLOCATED: 82 | PE_REMAINING: 92,,,,,,,,,,,,,,,,,,,,,,,,
2025-09-12T00:12:28.042766,,strategy,Niemcy,STRATEGY,,strategic_decision,,,,,,,,,,,,,,,,,,,,,,,,,,"Strategy: REASSIGNMENT, aggression 0.50, 1 groups, 0 reassignments",,,,,,,,,REASSIGNMENT,0.5,,,,,,adaptive,,0,dynamic_reassignment,,,,,
2025-09-12T00:12:28.053326,,target_selection,Niemcy,P_Pluton__6_Grenadier_Bataillon,,target_analysis,,,,,,,,,,,,,,,,,,,,,,,,,,"Target analysis: 29 candidates, score -1.00",,29,-1,999,,,,,,,,,False,,,,,,,29,29,29,0,2
2025-09-12T00:12:28.065531,,strategy,Niemcy,STRATEGY,,strategic_decision,,,,,,,,,,,,,,,,,,,,,,,,,,"Strategy: REASSIGNMENT, aggression 0.50, 1 groups, 0 reassignments",,,,,,,,,REASSIGNMENT,0.5,,,,,,adaptive,,0,dynamic_reassignment,,,,,
2025-09-12T00:12:28.088132,,target_selection,Niemcy,P_Pluton__6_Sch_tzen_Kompanie_20250907191927,,target_analysis,,,,,48,-9,,,,,,,,,,,,,,,,,,,,"Target analysis: 29 candidates, score -1.00",,29,-1,999,,,,,,,,,False,,,,,,,29,29,29,2,1
2025-09-12T00:12:28.093009,,,Niemcy,TURN_END,,turn_summary,,,,,,,,,,,8,0,,,,,,,,,,,,advanced,opp=0;groups=4;adv=True,"Turn completed: 0/8 units moved, 4 groups (advanced)",,,,,,,,,,,,,,,,,,,,,,,,
2025-09-12T00:14:37.718549,,,Niemcy,TURN_START,,turn_begin,,,,,,,,,,,,,,,,,,,,,,,,,,AI Commander turn started for player 5,,,,,,,,,,,,,,,,,,,,,,,,
2025-09-12T00:14:37.726663,,strategy,Niemcy,STRATEGY,,strategic_decision,,,,,,,,,,,,,,,,,,,,,,,,,,"Strategy: REASSIGNMENT, aggression 0.50, 1 groups, 0 reassignments",,,,,,,,,REASSIGNMENT,0.5,,,,,,adaptive,,0,dynamic_reassignment,,,,,
2025-09-12T00:14:37.729030,,strategy,Niemcy,STRATEGY,,strategic_decision,,,,,,,,,,,,,,,,,,,,,,,,,,"Strategy: REASSIGNMENT, aggression 0.50, 1 groups, 0 reassignments",,,,,,,,,REASSIGNMENT,0.5,,,,,,adaptive,,0,dynamic_reassignment,,,,,
2025-09-12T00:14:37.731183,,,Niemcy,RESUPPLY_NEEDS,,resupply_analysis,,,,,,,,,,,,,,,,,,,,,,,,,,NEEDS_ANALYSIS LOW_FUEL | TOTAL_FUEL_NEEDED: 2 | TOTAL_COMBAT_NEEDED: 0 | TOTAL_PE_NEEDED: 2 | BUDGET_AVAILABLE: 404 | UNITS_REQUIRING_HELP: 1,,,,,,,,,,,,,,,,,,,,,,,,
2025-09-12T00:14:37.731183,,,Niemcy,P_Batalion__5_Sch_tzen_Kompanie,,resupply_detailed,53,0,53,0,,,,,,,,,,,,,,,,,,,,,,phase1 LOW_FUEL | PE_SPENT: fuel=2 combat=0 total=2 | BEFORE: fuel=0 combat=14 | AFTER: fuel=2 combat=14,,,,,,,,,,,,,,,,,,,,,,,,
2025-09-12T00:14:37.732187,,,Niemcy,RESUPPLY_OPERATION,,resupply_summary,,,,,,,,,,,,,,,,,,,,,,,,,,RESUPPLY_SUMMARY LOW_FUEL | TOTAL_PE_SPENT: 2 | UNITS_RESUPPLIED: 1/1 | BUDGET_ALLOCATED: 404 | PE_REMAINING: 447,,,,,,,,,,,,,,,,,,,,,,,,
2025-09-12T00:14:37.749901,,target_selection,Niemcy,P_Batalion__5_Sch_tzen_Kompanie,,target_analysis,,,,,53,2,,,,,,,,,,,,,,,,,,,,"Target analysis: 22 candidates, score -1.00",,22,-1,999,,,,,,,,,False,,,,,,,22,22,22,4,2
2025-09-12T00:14:37.754865,,,Niemcy,P_Batalion__5_Sch_tzen_Kompanie,,second_move,,,53,2,,,,,,,,,,,,,,,,,,,,,,second_chance after LOW_FUEL,,,,,,,,,,,,,,,,,,,,,,,,
2025-09-12T00:14:37.761719,,strategy,Niemcy,STRATEGY,,strategic_decision,,,,,,,,,,,,,,,,,,,,,,,,,,"Strategy: REASSIGNMENT, aggression 0.50, 1 groups, 0 reassignments",,,,,,,,,REASSIGNMENT,0.5,,,,,,adaptive,,0,dynamic_reassignment,,,,,
2025-09-12T00:14:37.773641,,target_selection,Niemcy,P_Batalion__5_Sch_tzen_Kompanie,,target_analysis,,,,,54,0,,,,,,,,,,,,,,,,,,,,"Target analysis: 22 candidates, score -1.00",,22,-1,999,,,,,,,,,False,,,,,,,22,22,22,3,1
2025-09-12T00:14:37.779764,,,Niemcy,P_Batalion__5_Sch_tzen_Kompanie,,adaptive_autonomous,54,0,54,0,,,,,,,,,,,,,,,,,,,,,,"Advanced auto mode: group 1 (strategy: LOSING, aggr: 0.9)",,,,,,,,,,,,,,,,,,,,,,,,
2025-09-12T00:14:37.781010,,,Niemcy,TURN_END,,turn_summary,,,,,,,,,,,1,1,,,,,,,,,,,,advanced,opp=0;groups=1;adv=True,"Turn completed: 1/1 units moved, 1 groups (advanced)",,,,,,,,,,,,,,,,,,,,,,,,
2025-09-12T00:14:37.837626,,,Niemcy,TURN_START,,turn_begin,,,,,,,,,,,,,,,,,,,,,,,,,,AI Commander turn started for player 6,,,,,,,,,,,,,,,,,,,,,,,,
2025-09-12T00:14:37.840014,,,Niemcy,RESUPPLY_NEEDS,,resupply_analysis,,,,,,,,,,,,,,,,,,,,,,,,,,NEEDS_ANALYSIS PRE_RAID_OPTIMIZATION | TOTAL_FUEL_NEEDED: 13 | TOTAL_COMBAT_NEEDED: 3 | TOTAL_PE_NEEDED: 16 | BUDGET_AVAILABLE: 96 | UNITS_REQUIRING_HELP: 5,,,,,,,,,,,,,,,,,,,,,,,,
2025-09-12T00:14:37.841060,,,Niemcy,TL_Kompania__6_Panzer_Kompanie,,resupply_detailed,50,7,50,7,,,,,,,,,,,,,,,,,,,,,,phase1 PRE_RAID_OPTIMIZATION | PE_SPENT: fuel=2 combat=0 total=2 | BEFORE: fuel=0 combat=14 | AFTER: fuel=2 combat=14,,,,,,,,,,,,,,,,,,,,,,,,
2025-09-12T00:14:37.841060,,,Niemcy,P_Kompania__6_Sch_tzen_Kompanie,,resupply_detailed,45,7,45,7,,,,,,,,,,,,,,,,,,,,,,phase1 PRE_RAID_OPTIMIZATION | PE_SPENT: fuel=2 combat=0 total=2 | BEFORE: fuel=0 combat=11 | AFTER: fuel=2 combat=11,,,,,,,,,,,,,,,,,,,,,,,,
2025-09-12T00:14:37.841060,,,Niemcy,P_Kompania__6_Infanterie_Regiment,,resupply_detailed,40,12,40,12,,,,,,,,,,,,,,,,,,,,,,phase1 PRE_RAID_OPTIMIZATION | PE_SPENT: fuel=2 combat=0 total=2 | BEFORE: fuel=0 combat=11 | AFTER: fuel=2 combat=11,,,,,,,,,,,,,,,,,,,,,,,,
2025-09-12T00:14:37.842553,,,Niemcy,P_Pluton__6_Grenadier_Bataillon_20250907191921,,resupply_detailed,47,7,47,7,,,,,,,,,,,,,,,,,,,,,,phase1 PRE_RAID_OPTIMIZATION | PE_SPENT: fuel=2 combat=0 total=2 | BEFORE: fuel=0 combat=8 | AFTER: fuel=2 combat=8,,,,,,,,,,,,,,,,,,,,,,,,
2025-09-12T00:14:37.842553,,,Niemcy,Z_Pluton__6_Aufkl_rungs_Zug_20250907191928,,resupply_detailed,52,-14,52,-14,,,,,,,,,,,,,,,,,,,,,,phase1 PRE_RAID_OPTIMIZATION | PE_SPENT: fuel=3 combat=3 total=6 | BEFORE: fuel=0 combat=1 | AFTER: fuel=3 combat=4,,,,,,,,,,,,,,,,,,,,,,,,
2025-09-12T00:14:37.843575,,,Niemcy,RESUPPLY_OPERATION,,resupply_summary,,,,,,,,,,,,,,,,,,,,,,,,,,RESUPPLY_SUMMARY PRE_RAID_OPTIMIZATION | TOTAL_PE_SPENT: 14 | UNITS_RESUPPLIED: 5/5 | BUDGET_ALLOCATED: 96 | PE_REMAINING: 93,,,,,,,,,,,,,,,,,,,,,,,,
2025-09-12T00:14:37.869718,,target_selection,Niemcy,TL_Kompania__6_Panzer_Kompanie,,target_analysis,,,,,52,7,,,,,,,,,,,,,,,,,,,,"Target analysis: 22 candidates, score -1.00",,22,-1,999,,,,,,,,,False,,,,,,,22,22,22,5,2
2025-09-12T00:14:37.873613,,,Niemcy,TL_Kompania__6_Panzer_Kompanie,,second_move,,,52,7,,,,,,,,,,,,,,,,,,,,,,second_chance after PRE_RAID_OPTIMIZATION,,,,,,,,,,,,,,,,,,,,,,,,
2025-09-12T00:14:37.897726,,target_selection,Niemcy,P_Kompania__6_Sch_tzen_Kompanie,,target_analysis,,,,,43,9,,,,,,,,,,,,,,,,,,,,"Target analysis: 22 candidates, score -1.00",,22,-1,999,,,,,,,,,False,,,,,,,22,22,22,4,2
2025-09-12T00:14:37.902455,,,Niemcy,P_Kompania__6_Sch_tzen_Kompanie,,second_move,,,43,9,,,,,,,,,,,,,,,,,,,,,,second_chance after PRE_RAID_OPTIMIZATION,,,,,,,,,,,,,,,,,,,,,,,,
2025-09-12T00:14:37.922260,,target_selection,Niemcy,P_Kompania__6_Infanterie_Regiment,,target_analysis,,,,,38,12,,,,,,,,,,,,,,,,,,,,"Target analysis: 22 candidates, score -1.00",,22,-1,999,,,,,,,,,False,,,,,,,22,22,22,4,2
2025-09-12T00:14:37.925837,,,Niemcy,P_Kompania__6_Infanterie_Regiment,,second_move,,,38,12,,,,,,,,,,,,,,,,,,,,,,second_chance after PRE_RAID_OPTIMIZATION,,,,,,,,,,,,,,,,,,,,,,,,
2025-09-12T00:14:37.946913,,target_selection,Niemcy,P_Pluton__6_Grenadier_Bataillon_20250907191921,,target_analysis,,,,,49,7,,,,,,,,,,,,,,,,,,,,"Target analysis: 22 candidates, score -1.00",,22,-1,999,,,,,,,,,False,,,,,,,22,22,22,4,2
2025-09-12T00:14:37.951456,,,Niemcy,P_Pluton__6_Grenadier_Bataillon_20250907191921,,second_move,,,49,7,,,,,,,,,,,,,,,,,,,,,,second_chance after PRE_RAID_OPTIMIZATION,,,,,,,,,,,,,,,,,,,,,,,,
2025-09-12T00:14:37.969669,,target_selection,Niemcy,Z_Pluton__6_Aufkl_rungs_Zug_20250907191928,,target_analysis,,,,,51,-13,,,,,,,,,,,,,,,,,,,,"Target analysis: 22 candidates, score 30.00",,22,30.0,1,,,,,,,,,False,,,,"(51, -13)",,,20,22,22,5,3
2025-09-12T00:14:37.973721,,,Niemcy,Z_Pluton__6_Aufkl_rungs_Zug_20250907191928,,second_move,,,51,-13,,,,,,,,,,,,,,,,,,,,,,second_chance after PRE_RAID_OPTIMIZATION,,,,,,,,,,,,,,,,,,,,,,,,
2025-09-12T00:14:38.037456,,grouping,Niemcy,GROUP_4,,group_formation,50,-12,51,-13,51,-13,,,,,,,,,,,,,,,,,,,,"Group 4: 3 units, score 0.00",,,,,4,3,"50,-12",0.0,,,,False,,,,advanced,,,,,,,,
2025-09-12T00:14:38.040468,,strategy,Niemcy,STRATEGY,,strategic_decision,,,,,,,,,,,,,,,,,,,,,,,,,,"Strategy: REASSIGNMENT, aggression 0.50, 4 groups, 0 reassignments",,,,,,,,,REASSIGNMENT,0.5,,,,,,adaptive,,0,dynamic_reassignment,,,,,
2025-09-12T00:14:38.045268,,strategy,Niemcy,STRATEGY,,strategic_decision,,,,,,,,,,,,,,,,,,,,,,,,,,"Strategy: REASSIGNMENT, aggression 0.50, 4 groups, 0 reassignments",,,,,,,,,REASSIGNMENT,0.5,,,,,,adaptive,,0,dynamic_reassignment,,,,,
2025-09-12T00:14:38.046503,,,Niemcy,RESUPPLY_NEEDS,,resupply_analysis,,,,,,,,,,,,,,,,,,,,,,,,,,NEEDS_ANALYSIS LOW_FUEL | TOTAL_FUEL_NEEDED: 8 | TOTAL_COMBAT_NEEDED: 0 | TOTAL_PE_NEEDED: 8 | BUDGET_AVAILABLE: 74 | UNITS_REQUIRING_HELP: 5,,,,,,,,,,,,,,,,,,,,,,,,
2025-09-12T00:14:38.047611,,,Niemcy,Z_Pluton__6_Aufkl_rungs_Zug_20250907191928,,resupply_detailed,52,-13,52,-13,,,,,,,,,,,,,,,,,,,,,,phase1 LOW_FUEL | PE_SPENT: fuel=2 combat=0 total=2 | BEFORE: fuel=1 combat=4 | AFTER: fuel=3 combat=4,,,,,,,,,,,,,,,,,,,,,,,,
2025-09-12T00:14:38.047611,,,Niemcy,TL_Kompania__6_Panzer_Kompanie,,resupply_detailed,52,7,52,7,,,,,,,,,,,,,,,,,,,,,,phase1 LOW_FUEL | PE_SPENT: fuel=1 combat=0 total=1 | BEFORE: fuel=1 combat=14 | AFTER: fuel=2 combat=14,,,,,,,,,,,,,,,,,,,,,,,,
2025-09-12T00:14:38.047611,,,Niemcy,P_Kompania__6_Sch_tzen_Kompanie,,resupply_detailed,43,9,43,9,,,,,,,,,,,,,,,,,,,,,,phase1 LOW_FUEL | PE_SPENT: fuel=1 combat=0 total=1 | BEFORE: fuel=1 combat=11 | AFTER: fuel=2 combat=11,,,,,,,,,,,,,,,,,,,,,,,,
2025-09-12T00:14:38.048714,,,Niemcy,P_Kompania__6_Infanterie_Regiment,,resupply_detailed,38,12,38,12,,,,,,,,,,,,,,,,,,,,,,phase1 LOW_FUEL | PE_SPENT: fuel=1 combat=0 total=1 | BEFORE: fuel=1 combat=11 | AFTER: fuel=2 combat=11,,,,,,,,,,,,,,,,,,,,,,,,
2025-09-12T00:14:38.048714,,,Niemcy,P_Pluton__6_Grenadier_Bataillon_20250907191921,,resupply_detailed,49,7,49,7,,,,,,,,,,,,,,,,,,,,,,phase1 LOW_FUEL | PE_SPENT: fuel=1 combat=0 total=1 | BEFORE: fuel=1 combat=8 | AFTER: fuel=2 combat=8,,,,,,,,,,,,,,,,,,,,,,,,
2025-09-12T00:14:38.049935,,,Niemcy,RESUPPLY_OPERATION,,resupply_summary,,,,,,,,,,,,,,,,,,,,,,,,,,RESUPPLY_SUMMARY LOW_FUEL | TOTAL_PE_SPENT: 6 | UNITS_RESUPPLIED: 5/5 | BUDGET_ALLOCATED: 74 | PE_REMAINING: 87,,,,,,,,,,,,,,,,,,,,,,,,
2025-09-12T00:14:38.054168,,,Niemcy,Z_Pluton__6_Aufkl_rungs_Zug_20250907191928,,second_move,,,51,-13,,,,,,,,,,,,,,,,,,,,,,second_chance after LOW_FUEL,,,,,,,,,,,,,,,,,,,,,,,,
2025-09-12T00:14:38.065221,,target_selection,Niemcy,TL_Kompania__6_Panzer_Kompanie,,target_analysis,,,,,50,7,,,,,,,,,,,,,,,,,,,,"Target analysis: 22 candidates, score -1.00",,22,-1,999,,,,,,,,,False,,,,,,,22,22,22,4,2
2025-09-12T00:14:38.069547,,,Niemcy,TL_Kompania__6_Panzer_Kompanie,,second_move,,,50,7,,,,,,,,,,,,,,,,,,,,,,second_chance after LOW_FUEL,,,,,,,,,,,,,,,,,,,,,,,,
2025-09-12T00:14:38.089523,,target_selection,Niemcy,P_Kompania__6_Sch_tzen_Kompanie,,target_analysis,,,,,41,11,,,,,,,,,,,,,,,,,,,,"Target analysis: 22 candidates, score -1.00",,22,-1,999,,,,,,,,,False,,,,,,,22,22,22,3,2
2025-09-12T00:14:38.092871,,,Niemcy,P_Kompania__6_Sch_tzen_Kompanie,,second_move,,,41,11,,,,,,,,,,,,,,,,,,,,,,second_chance after LOW_FUEL,,,,,,,,,,,,,,,,,,,,,,,,
2025-09-12T00:14:38.114389,,target_selection,Niemcy,P_Kompania__6_Infanterie_Regiment,,target_analysis,,,,,40,12,,,,,,,,,,,,,,,,,,,,"Target analysis: 22 candidates, score -1.00",,22,-1,999,,,,,,,,,False,,,,,,,22,22,22,3,2
2025-09-12T00:14:38.116564,,,Niemcy,P_Kompania__6_Infanterie_Regiment,,second_move,,,40,12,,,,,,,,,,,,,,,,,,,,,,second_chance after LOW_FUEL,,,,,,,,,,,,,,,,,,,,,,,,
2025-09-12T00:14:38.128626,,target_selection,Niemcy,P_Pluton__6_Grenadier_Bataillon_20250907191921,,target_analysis,,,,,47,7,,,,,,,,,,,,,,,,,,,,"Target analysis: 22 candidates, score -1.00",,22,-1,999,,,,,,,,,False,,,,,,,22,22,22,3,2
2025-09-12T00:14:38.131968,,,Niemcy,P_Pluton__6_Grenadier_Bataillon_20250907191921,,second_move,,,47,7,,,,,,,,,,,,,,,,,,,,,,second_chance after LOW_FUEL,,,,,,,,,,,,,,,,,,,,,,,,
2025-09-12T00:14:38.132974,,,Niemcy,RESUPPLY_NEEDS,,resupply_analysis,,,,,,,,,,,,,,,,,,,,,,,,,,NEEDS_ANALYSIS LOW_FUEL | TOTAL_FUEL_NEEDED: 7 | TOTAL_COMBAT_NEEDED: 0 | TOTAL_PE_NEEDED: 7 | BUDGET_AVAILABLE: 69 | UNITS_REQUIRING_HELP: 5,,,,,,,,,,,,,,,,,,,,,,,,
2025-09-12T00:14:38.134323,,,Niemcy,TL_Kompania__6_Panzer_Kompanie,,resupply_detailed,50,7,50,7,,,,,,,,,,,,,,,,,,,,,,phase1 LOW_FUEL | PE_SPENT: fuel=1 combat=0 total=1 | BEFORE: fuel=1 combat=14 | AFTER: fuel=2 combat=14,,,,,,,,,,,,,,,,,,,,,,,,
2025-09-12T00:14:38.135666,,,Niemcy,P_Kompania__6_Sch_tzen_Kompanie,,resupply_detailed,41,11,41,11,,,,,,,,,,,,,,,,,,,,,,phase1 LOW_FUEL | PE_SPENT: fuel=1 combat=0 total=1 | BEFORE: fuel=1 combat=11 | AFTER: fuel=2 combat=11,,,,,,,,,,,,,,,,,,,,,,,,
2025-09-12T00:14:38.136092,,,Niemcy,P_Kompania__6_Infanterie_Regiment,,resupply_detailed,40,12,40,12,,,,,,,,,,,,,,,,,,,,,,phase1 LOW_FUEL | PE_SPENT: fuel=1 combat=0 total=1 | BEFORE: fuel=1 combat=11 | AFTER: fuel=2 combat=11,,,,,,,,,,,,,,,,,,,,,,,,
2025-09-12T00:14:38.136092,,,Niemcy,P_Pluton__6_Grenadier_Bataillon_20250907191921,,resupply_detailed,47,7,47,7,,,,,,,,,,,,,,,,,,,,,,phase1 LOW_FUEL | PE_SPENT: fuel=1 combat=0 total=1 | BEFORE: fuel=1 combat=8 | AFTER: fuel=2 combat=8,,,,,,,,,,,,,,,,,,,,,,,,
2025-09-12T00:14:38.137324,,,Niemcy,Z_Pluton__6_Aufkl_rungs_Zug_20250907191928,,resupply_detailed,51,-13,51,-13,,,,,,,,,,,,,,,,,,,,,,phase1 LOW_FUEL | PE_SPENT: fuel=1 combat=0 total=1 | BEFORE: fuel=2 combat=4 | AFTER: fuel=3 combat=4,,,,,,,,,,,,,,,,,,,,,,,,
2025-09-12T00:14:38.137324,,,Niemcy,RESUPPLY_OPERATION,,resupply_summary,,,,,,,,,,,,,,,,,,,,,,,,,,RESUPPLY_SUMMARY LOW_FUEL | TOTAL_PE_SPENT: 5 | UNITS_RESUPPLIED: 5/5 | BUDGET_ALLOCATED: 69 | PE_REMAINING: 82,,,,,,,,,,,,,,,,,,,,,,,,
2025-09-12T00:14:38.152776,,target_selection,Niemcy,TL_Kompania__6_Panzer_Kompanie,,target_analysis,,,,,52,7,,,,,,,,,,,,,,,,,,,,"Target analysis: 22 candidates, score -1.00",,22,-1,999,,,,,,,,,False,,,,,,,22,22,22,3,2
2025-09-12T00:14:38.156226,,,Niemcy,TL_Kompania__6_Panzer_Kompanie,,second_move,,,52,7,,,,,,,,,,,,,,,,,,,,,,second_chance after LOW_FUEL,,,,,,,,,,,,,,,,,,,,,,,,
2025-09-12T00:14:38.170135,,target_selection,Niemcy,P_Kompania__6_Sch_tzen_Kompanie,,target_analysis,,,,,39,11,,,,,,,,,,,,,,,,,,,,"Target analysis: 22 candidates, score -1.00",,22,-1,999,,,,,,,,,False,,,,,,,22,22,22,2,2
2025-09-12T00:14:38.173422,,,Niemcy,P_Kompania__6_Sch_tzen_Kompanie,,second_move,,,39,11,,,,,,,,,,,,,,,,,,,,,,second_chance after LOW_FUEL,,,,,,,,,,,,,,,,,,,,,,,,
2025-09-12T00:14:38.187738,,target_selection,Niemcy,P_Kompania__6_Infanterie_Regiment,,target_analysis,,,,,38,12,,,,,,,,,,,,,,,,,,,,"Target analysis: 22 candidates, score -1.00",,22,-1,999,,,,,,,,,False,,,,,,,22,22,22,2,2
2025-09-12T00:14:38.190350,,,Niemcy,P_Kompania__6_Infanterie_Regiment,,second_move,,,38,12,,,,,,,,,,,,,,,,,,,,,,second_chance after LOW_FUEL,,,,,,,,,,,,,,,,,,,,,,,,
2025-09-12T00:14:38.205366,,target_selection,Niemcy,P_Pluton__6_Grenadier_Bataillon_20250907191921,,target_analysis,,,,,49,7,,,,,,,,,,,,,,,,,,,,"Target analysis: 22 candidates, score -1.00",,22,-1,999,,,,,,,,,False,,,,,,,22,22,22,2,2
2025-09-12T00:14:38.208809,,,Niemcy,P_Pluton__6_Grenadier_Bataillon_20250907191921,,second_move,,,49,7,,,,,,,,,,,,,,,,,,,,,,second_chance after LOW_FUEL,,,,,,,,,,,,,,,,,,,,,,,,
2025-09-12T00:14:38.215408,,target_selection,Niemcy,Z_Pluton__6_Aufkl_rungs_Zug_20250907191928,,target_analysis,,,,,51,-15,,,,,,,,,,,,,,,,,,,,"Target analysis: 22 candidates, score -1.00",,22,-1,999,,,,,,,,,False,,,,,,,22,22,22,2,3
2025-09-12T00:14:38.220002,,,Niemcy,Z_Pluton__6_Aufkl_rungs_Zug_20250907191928,,second_move,,,51,-15,,,,,,,,,,,,,,,,,,,,,,second_chance after LOW_FUEL,,,,,,,,,,,,,,,,,,,,,,,,
2025-09-12T00:14:38.221050,,,Niemcy,RESUPPLY_NEEDS,,resupply_analysis,,,,,,,,,,,,,,,,,,,,,,,,,,NEEDS_ANALYSIS LOW_FUEL | TOTAL_FUEL_NEEDED: 7 | TOTAL_COMBAT_NEEDED: 0 | TOTAL_PE_NEEDED: 7 | BUDGET_AVAILABLE: 65 | UNITS_REQUIRING_HELP: 5,,,,,,,,,,,,,,,,,,,,,,,,
2025-09-12T00:14:38.222332,,,Niemcy,RESUPPLY_OPERATION,,resupply_summary,,,,,,,,,,,,,,,,,,,,,,,,,,RESUPPLY_SUMMARY LOW_FUEL | TOTAL_PE_SPENT: 0 | UNITS_RESUPPLIED: 0/5 | BUDGET_ALLOCATED: 65 | PE_REMAINING: 82,,,,,,,,,,,,,,,,,,,,,,,,
2025-09-12T00:14:38.227617,,target_selection,Niemcy,TL_Kompania__6_Panzer_Kompanie,,target_analysis,,,,,51,7,,,,,,,,,,,,,,,,,,,,"Target analysis: 22 candidates, score -1.00",,22,-1,999,,,,,,,,,False,,,,,,,22,22,22,2,1
2025-09-12T00:14:38.230099,,,Niemcy,TL_Kompania__6_Panzer_Kompanie,,second_move,,,51,7,,,,,,,,,,,,,,,,,,,,,,second_chance after LOW_FUEL,,,,,,,,,,,,,,,,,,,,,,,,
2025-09-12T00:14:38.238290,,target_selection,Niemcy,P_Kompania__6_Sch_tzen_Kompanie,,target_analysis,,,,,40,11,,,,,,,,,,,,,,,,,,,,"Target analysis: 22 candidates, score -1.00",,22,-1,999,,,,,,,,,False,,,,,,,22,22,22,1,1
2025-09-12T00:14:38.241499,,,Niemcy,P_Kompania__6_Sch_tzen_Kompanie,,second_move,,,40,11,,,,,,,,,,,,,,,,,,,,,,second_chance after LOW_FUEL,,,,,,,,,,,,,,,,,,,,,,,,
2025-09-12T00:14:38.250184,,target_selection,Niemcy,P_Kompania__6_Infanterie_Regiment,,target_analysis,,,,,39,12,,,,,,,,,,,,,,,,,,,,"Target analysis: 22 candidates, score -1.00",,22,-1,999,,,,,,,,,False,,,,,,,22,22,22,1,1
2025-09-12T00:14:38.254855,,,Niemcy,P_Kompania__6_Infanterie_Regiment,,second_move,,,39,12,,,,,,,,,,,,,,,,,,,,,,second_chance after LOW_FUEL,,,,,,,,,,,,,,,,,,,,,,,,
2025-09-12T00:14:38.265764,,target_selection,Niemcy,P_Pluton__6_Grenadier_Bataillon_20250907191921,,target_analysis,,,,,50,7,,,,,,,,,,,,,,,,,,,,"Target analysis: 22 candidates, score -1.00",,22,-1,999,,,,,,,,,False,,,,,,,22,22,22,1,1
2025-09-12T00:14:38.269326,,,Niemcy,P_Pluton__6_Grenadier_Bataillon_20250907191921,,second_move,,,50,7,,,,,,,,,,,,,,,,,,,,,,second_chance after LOW_FUEL,,,,,,,,,,,,,,,,,,,,,,,,
2025-09-12T00:14:38.277206,,target_selection,Niemcy,Z_Pluton__6_Aufkl_rungs_Zug_20250907191928,,target_analysis,,,,,52,-15,,,,,,,,,,,,,,,,,,,,"Target analysis: 22 candidates, score -1.00",,22,-1,999,,,,,,,,,False,,,,,,,22,22,22,1,2
2025-09-12T00:14:38.280366,,,Niemcy,Z_Pluton__6_Aufkl_rungs_Zug_20250907191928,,second_move,,,52,-15,,,,,,,,,,,,,,,,,,,,,,second_chance after LOW_FUEL,,,,,,,,,,,,,,,,,,,,,,,,
2025-09-12T00:14:38.281529,,,Niemcy,RESUPPLY_NEEDS,,resupply_analysis,,,,,,,,,,,,,,,,,,,,,,,,,,NEEDS_ANALYSIS LOW_FUEL | TOTAL_FUEL_NEEDED: 12 | TOTAL_COMBAT_NEEDED: 0 | TOTAL_PE_NEEDED: 12 | BUDGET_AVAILABLE: 65 | UNITS_REQUIRING_HELP: 5,,,,,,,,,,,,,,,,,,,,,,,,
2025-09-12T00:14:38.282599,,,Niemcy,RESUPPLY_OPERATION,,resupply_summary,,,,,,,,,,,,,,,,,,,,,,,,,,RESUPPLY_SUMMARY LOW_FUEL | TOTAL_PE_SPENT: 0 | UNITS_RESUPPLIED: 0/5 | BUDGET_ALLOCATED: 65 | PE_REMAINING: 82,,,,,,,,,,,,,,,,,,,,,,,,
2025-09-12T00:14:38.289523,,strategy,Niemcy,STRATEGY,,strategic_decision,,,,,,,,,,,,,,,,,,,,,,,,,,"Strategy: REASSIGNMENT, aggression 0.50, 1 groups, 0 reassignments",,,,,,,,,REASSIGNMENT,0.5,,,,,,adaptive,,0,dynamic_reassignment,,,,,
2025-09-12T00:14:38.297135,,target_selection,Niemcy,TL_Kompania__6_Panzer_Kompanie,,target_analysis,,,,,50,8,,,,,,,,,,,,,,,,,,,,"Target analysis: 22 candidates, score -1.00",,22,-1,999,,,,,,,,,False,,,,,,,22,22,22,3,1
2025-09-12T00:14:38.299388,,,Niemcy,RESUPPLY_NEEDS,,resupply_analysis,,,,,,,,,,,,,,,,,,,,,,,,,,NEEDS_ANALYSIS LOW_FUEL | TOTAL_FUEL_NEEDED: 12 | TOTAL_COMBAT_NEEDED: 0 | TOTAL_PE_NEEDED: 12 | BUDGET_AVAILABLE: 65 | UNITS_REQUIRING_HELP: 5,,,,,,,,,,,,,,,,,,,,,,,,
2025-09-12T00:14:38.299388,,,Niemcy,RESUPPLY_OPERATION,,resupply_summary,,,,,,,,,,,,,,,,,,,,,,,,,,RESUPPLY_SUMMARY LOW_FUEL | TOTAL_PE_SPENT: 0 | UNITS_RESUPPLIED: 0/5 | BUDGET_ALLOCATED: 65 | PE_REMAINING: 82,,,,,,,,,,,,,,,,,,,,,,,,
2025-09-12T00:14:38.306353,,strategy,Niemcy,STRATEGY,,strategic_decision,,,,,,,,,,,,,,,,,,,,,,,,,,"Strategy: REASSIGNMENT, aggression 0.50, 1 groups, 0 reassignments",,,,,,,,,REASSIGNMENT,0.5,,,,,,adaptive,,0,dynamic_reassignment,,,,,
2025-09-12T00:14:38.315355,,target_selection,Niemcy,P_Kompania__6_Sch_tzen_Kompanie,,target_analysis,,,,,46,7,,,,,,,,,,,,,,,,,,,,"Target analysis: 22 candidates, score -1.00",,22,-1,999,,,,,,,,,False,,,,,,,22,22,22,1,1
2025-09-12T00:14:38.320031,,strategy,Niemcy,STRATEGY,,strategic_decision,,,,,,,,,,,,,,,,,,,,,,,,,,"Strategy: REASSIGNMENT, aggression 0.50, 1 groups, 0 reassignments",,,,,,,,,REASSIGNMENT,0.5,,,,,,adaptive,,0,dynamic_reassignment,,,,,
2025-09-12T00:14:38.324391,,target_selection,Niemcy,P_Kompania__6_Infanterie_Regiment,,target_analysis,,,,,,,,,,,,,,,,,,,,,,,,,,"Target analysis: 22 candidates, score -1.00",,22,-1,999,,,,,,,,,False,,,,,,,22,22,22,4,0
2025-09-12T00:14:38.326556,,,Niemcy,RESUPPLY_NEEDS,,resupply_analysis,,,,,,,,,,,,,,,,,,,,,,,,,,NEEDS_ANALYSIS LOW_FUEL | TOTAL_FUEL_NEEDED: 12 | TOTAL_COMBAT_NEEDED: 0 | TOTAL_PE_NEEDED: 12 | BUDGET_AVAILABLE: 65 | UNITS_REQUIRING_HELP: 5,,,,,,,,,,,,,,,,,,,,,,,,
2025-09-12T00:14:38.327591,,,Niemcy,RESUPPLY_OPERATION,,resupply_summary,,,,,,,,,,,,,,,,,,,,,,,,,,RESUPPLY_SUMMARY LOW_FUEL | TOTAL_PE_SPENT: 0 | UNITS_RESUPPLIED: 0/5 | BUDGET_ALLOCATED: 65 | PE_REMAINING: 82,,,,,,,,,,,,,,,,,,,,,,,,
2025-09-12T00:14:38.328920,,,Niemcy,TURN_END,,turn_summary,,,,,,,,,,,7,0,,,,,,,,,,,,advanced,opp=1;groups=4;adv=True,"Turn completed: 0/7 units moved, 4 groups (advanced)",,,,,,,,,,,,,,,,,,,,,,,,
2025-09-12T00:17:33.721630,,,Niemcy,TURN_START,,turn_begin,,,,,,,,,,,,,,,,,,,,,,,,,,AI Commander turn started for player 5,,,,,,,,,,,,,,,,,,,,,,,,
2025-09-12T00:17:33.735106,,strategy,Niemcy,STRATEGY,,strategic_decision,,,,,,,,,,,,,,,,,,,,,,,,,,"Strategy: REASSIGNMENT, aggression 0.50, 1 groups, 0 reassignments",,,,,,,,,REASSIGNMENT,0.5,,,,,,adaptive,,0,dynamic_reassignment,,,,,
2025-09-12T00:17:33.737107,,strategy,Niemcy,STRATEGY,,strategic_decision,,,,,,,,,,,,,,,,,,,,,,,,,,"Strategy: REASSIGNMENT, aggression 0.50, 1 groups, 0 reassignments",,,,,,,,,REASSIGNMENT,0.5,,,,,,adaptive,,0,dynamic_reassignment,,,,,
2025-09-12T00:17:33.738301,,,Niemcy,RESUPPLY_NEEDS,,resupply_analysis,,,,,,,,,,,,,,,,,,,,,,,,,,NEEDS_ANALYSIS LOW_FUEL | TOTAL_FUEL_NEEDED: 2 | TOTAL_COMBAT_NEEDED: 0 | TOTAL_PE_NEEDED: 2 | BUDGET_AVAILABLE: 442 | UNITS_REQUIRING_HELP: 1,,,,,,,,,,,,,,,,,,,,,,,,
2025-09-12T00:17:33.738301,,,Niemcy,P_Batalion__5_Sch_tzen_Kompanie,,resupply_detailed,54,0,54,0,,,,,,,,,,,,,,,,,,,,,,phase1 LOW_FUEL | PE_SPENT: fuel=2 combat=0 total=2 | BEFORE: fuel=0 combat=14 | AFTER: fuel=2 combat=14,,,,,,,,,,,,,,,,,,,,,,,,
2025-09-12T00:17:33.739406,,,Niemcy,RESUPPLY_OPERATION,,resupply_summary,,,,,,,,,,,,,,,,,,,,,,,,,,RESUPPLY_SUMMARY LOW_FUEL | TOTAL_PE_SPENT: 2 | UNITS_RESUPPLIED: 1/1 | BUDGET_ALLOCATED: 442 | PE_REMAINING: 490,,,,,,,,,,,,,,,,,,,,,,,,
2025-09-12T00:17:33.760686,,target_selection,Niemcy,P_Batalion__5_Sch_tzen_Kompanie,,target_analysis,,,,,52,0,,,,,,,,,,,,,,,,,,,,"Target analysis: 21 candidates, score -1.00",,21,-1,999,,,,,,,,,False,,,,,,,21,21,21,4,2
2025-09-12T00:17:33.763948,,,Niemcy,P_Batalion__5_Sch_tzen_Kompanie,,second_move,,,52,0,,,,,,,,,,,,,,,,,,,,,,second_chance after LOW_FUEL,,,,,,,,,,,,,,,,,,,,,,,,
2025-09-12T00:17:33.769120,,strategy,Niemcy,STRATEGY,,strategic_decision,,,,,,,,,,,,,,,,,,,,,,,,,,"Strategy: REASSIGNMENT, aggression 0.50, 1 groups, 0 reassignments",,,,,,,,,REASSIGNMENT,0.5,,,,,,adaptive,,0,dynamic_reassignment,,,,,
2025-09-12T00:17:33.780283,,target_selection,Niemcy,P_Batalion__5_Sch_tzen_Kompanie,,target_analysis,,,,,53,1,,,,,,,,,,,,,,,,,,,,"Target analysis: 21 candidates, score -1.00",,21,-1,999,,,,,,,,,False,,,,,,,21,21,21,3,1
2025-09-12T00:17:33.784511,,,Niemcy,P_Batalion__5_Sch_tzen_Kompanie,,adaptive_autonomous,53,1,53,1,,,,,,,,,,,,,,,,,,,,,,"Advanced auto mode: group 1 (strategy: LOSING, aggr: 0.9)",,,,,,,,,,,,,,,,,,,,,,,,
2025-09-12T00:17:33.784511,,,Niemcy,TURN_END,,turn_summary,,,,,,,,,,,1,1,,,,,,,,,,,,advanced,opp=0;groups=1;adv=True,"Turn completed: 1/1 units moved, 1 groups (advanced)",,,,,,,,,,,,,,,,,,,,,,,,
2025-09-12T00:17:33.835451,,,Niemcy,TURN_START,,turn_begin,,,,,,,,,,,,,,,,,,,,,,,,,,AI Commander turn started for player 6,,,,,,,,,,,,,,,,,,,,,,,,
2025-09-12T00:17:33.837764,,,Niemcy,RESUPPLY_NEEDS,,resupply_analysis,,,,,,,,,,,,,,,,,,,,,,,,,,NEEDS_ANALYSIS PRE_RAID_OPTIMIZATION | TOTAL_FUEL_NEEDED: 12 | TOTAL_COMBAT_NEEDED: 8 | TOTAL_PE_NEEDED: 20 | BUDGET_AVAILABLE: 86 | UNITS_REQUIRING_HELP: 5,,,,,,,,,,,,,,,,,,,,,,,,
2025-09-12T00:17:33.838768,,,Niemcy,TL_Kompania__6_Panzer_Kompanie,,resupply_detailed,51,7,51,7,,,,,,,,,,,,,,,,,,,,,,phase1 PRE_RAID_OPTIMIZATION | PE_SPENT: fuel=2 combat=0 total=2 | BEFORE: fuel=0 combat=14 | AFTER: fuel=2 combat=14,,,,,,,,,,,,,,,,,,,,,,,,
2025-09-12T00:17:33.838768,,,Niemcy,P_Kompania__6_Sch_tzen_Kompanie,,resupply_detailed,40,11,40,11,,,,,,,,,,,,,,,,,,,,,,phase1 PRE_RAID_OPTIMIZATION | PE_SPENT: fuel=2 combat=5 total=7 | BEFORE: fuel=0 combat=6 | AFTER: fuel=2 combat=11,,,,,,,,,,,,,,,,,,,,,,,,
2025-09-12T00:17:33.838768,,,Niemcy,P_Kompania__6_Infanterie_Regiment,,resupply_detailed,39,12,39,12,,,,,,,,,,,,,,,,,,,,,,phase1 PRE_RAID_OPTIMIZATION | PE_SPENT: fuel=2 combat=0 total=2 | BEFORE: fuel=0 combat=11 | AFTER: fuel=2 combat=11,,,,,,,,,,,,,,,,,,,,,,,,
2025-09-12T00:17:33.839776,,,Niemcy,P_Pluton__6_Grenadier_Bataillon_20250907191921,,resupply_detailed,50,7,50,7,,,,,,,,,,,,,,,,,,,,,,phase1 PRE_RAID_OPTIMIZATION | PE_SPENT: fuel=2 combat=0 total=2 | BEFORE: fuel=0 combat=8 | AFTER: fuel=2 combat=8,,,,,,,,,,,,,,,,,,,,,,,,
2025-09-12T00:17:33.839776,,,Niemcy,Z_Pluton__6_Aufkl_rungs_Zug_20250907191928,,resupply_detailed,53,-15,53,-15,,,,,,,,,,,,,,,,,,,,,,phase1 PRE_RAID_OPTIMIZATION | PE_SPENT: fuel=2 combat=3 total=5 | BEFORE: fuel=1 combat=1 | AFTER: fuel=3 combat=4,,,,,,,,,,,,,,,,,,,,,,,,
2025-09-12T00:17:33.840922,,,Niemcy,RESUPPLY_OPERATION,,resupply_summary,,,,,,,,,,,,,,,,,,,,,,,,,,RESUPPLY_SUMMARY PRE_RAID_OPTIMIZATION | TOTAL_PE_SPENT: 18 | UNITS_RESUPPLIED: 5/5 | BUDGET_ALLOCATED: 86 | PE_REMAINING: 78,,,,,,,,,,,,,,,,,,,,,,,,
2025-09-12T00:17:33.855287,,target_selection,Niemcy,TL_Kompania__6_Panzer_Kompanie,,target_analysis,,,,,51,5,,,,,,,,,,,,,,,,,,,,"Target analysis: 21 candidates, score -1.00",,21,-1,999,,,,,,,,,False,,,,,,,21,21,21,5,2
2025-09-12T00:17:33.865167,,,Niemcy,TL_Kompania__6_Panzer_Kompanie,,second_move,,,51,5,,,,,,,,,,,,,,,,,,,,,,second_chance after PRE_RAID_OPTIMIZATION,,,,,,,,,,,,,,,,,,,,,,,,
2025-09-12T00:17:33.881499,,target_selection,Niemcy,P_Pluton__6_Grenadier_Bataillon_20250907191921,,target_analysis,,,,,52,7,,,,,,,,,,,,,,,,,,,,"Target analysis: 21 candidates, score -1.00",,21,-1,999,,,,,,,,,False,,,,,,,21,21,21,4,2
2025-09-12T00:17:33.885090,,,Niemcy,P_Pluton__6_Grenadier_Bataillon_20250907191921,,second_move,,,52,7,,,,,,,,,,,,,,,,,,,,,,second_chance after PRE_RAID_OPTIMIZATION,,,,,,,,,,,,,,,,,,,,,,,,
2025-09-12T00:17:33.907400,,target_selection,Niemcy,Z_Pluton__6_Aufkl_rungs_Zug_20250907191928,,target_analysis,,,,,51,-13,,,,,,,,,,,,,,,,,,,,"Target analysis: 21 candidates, score 30.00",,21,30.0,3,,,,,,,,,False,,,,"(51, -13)",,,20,21,21,5,3
2025-09-12T00:17:33.911584,,,Niemcy,Z_Pluton__6_Aufkl_rungs_Zug_20250907191928,,second_move,,,51,-13,,,,,,,,,,,,,,,,,,,,,,second_chance after PRE_RAID_OPTIMIZATION,,,,,,,,,,,,,,,,,,,,,,,,
2025-09-12T00:17:33.965448,,strategy,Niemcy,STRATEGY,,strategic_decision,,,,,,,,,,,,,,,,,,,,,,,,,,"Strategy: REASSIGNMENT, aggression 0.50, 3 groups, 0 reassignments",,,,,,,,,REASSIGNMENT,0.5,,,,,,adaptive,,0,dynamic_reassignment,,,,,
2025-09-12T00:17:33.977729,,strategy,Niemcy,STRATEGY,,strategic_decision,,,,,,,,,,,,,,,,,,,,,,,,,,"Strategy: REASSIGNMENT, aggression 0.50, 3 groups, 0 reassignments",,,,,,,,,REASSIGNMENT,0.5,,,,,,adaptive,,0,dynamic_reassignment,,,,,
2025-09-12T00:17:33.980378,,,Niemcy,RESUPPLY_NEEDS,,resupply_analysis,,,,,,,,,,,,,,,,,,,,,,,,,,NEEDS_ANALYSIS LOW_FUEL | TOTAL_FUEL_NEEDED: 6 | TOTAL_COMBAT_NEEDED: 0 | TOTAL_PE_NEEDED: 6 | BUDGET_AVAILABLE: 39 | UNITS_REQUIRING_HELP: 3,,,,,,,,,,,,,,,,,,,,,,,,
2025-09-12T00:17:33.980378,,,Niemcy,Z_Pluton__6_Aufkl_rungs_Zug_20250907191928,,resupply_detailed,52,-13,52,-13,,,,,,,,,,,,,,,,,,,,,,phase1 LOW_FUEL | PE_SPENT: fuel=2 combat=0 total=2 | BEFORE: fuel=1 combat=4 | AFTER: fuel=3 combat=4,,,,,,,,,,,,,,,,,,,,,,,,
2025-09-12T00:17:33.981410,,,Niemcy,TL_Kompania__6_Panzer_Kompanie,,resupply_detailed,51,5,51,5,,,,,,,,,,,,,,,,,,,,,,phase1 LOW_FUEL | PE_SPENT: fuel=1 combat=0 total=1 | BEFORE: fuel=1 combat=14 | AFTER: fuel=2 combat=14,,,,,,,,,,,,,,,,,,,,,,,,
2025-09-12T00:17:33.981410,,,Niemcy,P_Pluton__6_Grenadier_Bataillon_20250907191921,,resupply_detailed,52,7,52,7,,,,,,,,,,,,,,,,,,,,,,phase1 LOW_FUEL | PE_SPENT: fuel=1 combat=0 total=1 | BEFORE: fuel=1 combat=8 | AFTER: fuel=2 combat=8,,,,,,,,,,,,,,,,,,,,,,,,
2025-09-12T00:17:33.982429,,,Niemcy,RESUPPLY_OPERATION,,resupply_summary,,,,,,,,,,,,,,,,,,,,,,,,,,RESUPPLY_SUMMARY LOW_FUEL | TOTAL_PE_SPENT: 4 | UNITS_RESUPPLIED: 3/3 | BUDGET_ALLOCATED: 39 | PE_REMAINING: 74,,,,,,,,,,,,,,,,,,,,,,,,
2025-09-12T00:17:33.985684,,,Niemcy,Z_Pluton__6_Aufkl_rungs_Zug_20250907191928,,second_move,,,51,-13,,,,,,,,,,,,,,,,,,,,,,second_chance after LOW_FUEL,,,,,,,,,,,,,,,,,,,,,,,,
2025-09-12T00:17:34.002799,,target_selection,Niemcy,TL_Kompania__6_Panzer_Kompanie,,target_analysis,,,,,51,7,,,,,,,,,,,,,,,,,,,,"Target analysis: 21 candidates, score -1.00",,21,-1,999,,,,,,,,,False,,,,,,,21,21,21,4,2
2025-09-12T00:17:34.008836,,,Niemcy,TL_Kompania__6_Panzer_Kompanie,,second_move,,,51,7,,,,,,,,,,,,,,,,,,,,,,second_chance after LOW_FUEL,,,,,,,,,,,,,,,,,,,,,,,,
2025-09-12T00:17:34.018334,,target_selection,Niemcy,P_Pluton__6_Grenadier_Bataillon_20250907191921,,target_analysis,,,,,52,5,,,,,,,,,,,,,,,,,,,,"Target analysis: 21 candidates, score -1.00",,21,-1,999,,,,,,,,,False,,,,,,,21,21,21,3,2
2025-09-12T00:17:34.023732,,,Niemcy,P_Pluton__6_Grenadier_Bataillon_20250907191921,,second_move,,,52,5,,,,,,,,,,,,,,,,,,,,,,second_chance after LOW_FUEL,,,,,,,,,,,,,,,,,,,,,,,,
2025-09-12T00:17:34.025033,,,Niemcy,RESUPPLY_NEEDS,,resupply_analysis,,,,,,,,,,,,,,,,,,,,,,,,,,NEEDS_ANALYSIS LOW_FUEL | TOTAL_FUEL_NEEDED: 5 | TOTAL_COMBAT_NEEDED: 0 | TOTAL_PE_NEEDED: 5 | BUDGET_AVAILABLE: 37 | UNITS_REQUIRING_HELP: 3,,,,,,,,,,,,,,,,,,,,,,,,
2025-09-12T00:17:34.026488,,,Niemcy,TL_Kompania__6_Panzer_Kompanie,,resupply_detailed,51,7,51,7,,,,,,,,,,,,,,,,,,,,,,phase1 LOW_FUEL | PE_SPENT: fuel=1 combat=0 total=1 | BEFORE: fuel=1 combat=14 | AFTER: fuel=2 combat=14,,,,,,,,,,,,,,,,,,,,,,,,
2025-09-12T00:17:34.027171,,,Niemcy,P_Pluton__6_Grenadier_Bataillon_20250907191921,,resupply_detailed,52,5,52,5,,,,,,,,,,,,,,,,,,,,,,phase1 LOW_FUEL | PE_SPENT: fuel=1 combat=0 total=1 | BEFORE: fuel=1 combat=8 | AFTER: fuel=2 combat=8,,,,,,,,,,,,,,,,,,,,,,,,
2025-09-12T00:17:34.028317,,,Niemcy,Z_Pluton__6_Aufkl_rungs_Zug_20250907191928,,resupply_detailed,51,-13,51,-13,,,,,,,,,,,,,,,,,,,,,,phase1 LOW_FUEL | PE_SPENT: fuel=1 combat=0 total=1 | BEFORE: fuel=2 combat=4 | AFTER: fuel=3 combat=4,,,,,,,,,,,,,,,,,,,,,,,,
2025-09-12T00:17:34.028317,,,Niemcy,RESUPPLY_OPERATION,,resupply_summary,,,,,,,,,,,,,,,,,,,,,,,,,,RESUPPLY_SUMMARY LOW_FUEL | TOTAL_PE_SPENT: 3 | UNITS_RESUPPLIED: 3/3 | BUDGET_ALLOCATED: 37 | PE_REMAINING: 71,,,,,,,,,,,,,,,,,,,,,,,,
2025-09-12T00:17:34.046011,,target_selection,Niemcy,TL_Kompania__6_Panzer_Kompanie,,target_analysis,,,,,49,7,,,,,,,,,,,,,,,,,,,,"Target analysis: 21 candidates, score -1.00",,21,-1,999,,,,,,,,,False,,,,,,,21,21,21,3,2
2025-09-12T00:17:34.054504,,,Niemcy,TL_Kompania__6_Panzer_Kompanie,,second_move,,,49,7,,,,,,,,,,,,,,,,,,,,,,second_chance after LOW_FUEL,,,,,,,,,,,,,,,,,,,,,,,,
2025-09-12T00:17:34.068739,,target_selection,Niemcy,P_Pluton__6_Grenadier_Bataillon_20250907191921,,target_analysis,,,,,52,7,,,,,,,,,,,,,,,,,,,,"Target analysis: 21 candidates, score -1.00",,21,-1,999,,,,,,,,,False,,,,,,,21,21,21,2,2
2025-09-12T00:17:34.072646,,,Niemcy,P_Pluton__6_Grenadier_Bataillon_20250907191921,,second_move,,,52,7,,,,,,,,,,,,,,,,,,,,,,second_chance after LOW_FUEL,,,,,,,,,,,,,,,,,,,,,,,,
2025-09-12T00:17:34.083617,,target_selection,Niemcy,Z_Pluton__6_Aufkl_rungs_Zug_20250907191928,,target_analysis,,,,,51,-15,,,,,,,,,,,,,,,,,,,,"Target analysis: 21 candidates, score -1.00",,21,-1,999,,,,,,,,,False,,,,,,,21,21,21,2,3
2025-09-12T00:17:34.089936,,,Niemcy,Z_Pluton__6_Aufkl_rungs_Zug_20250907191928,,second_move,,,51,-15,,,,,,,,,,,,,,,,,,,,,,second_chance after LOW_FUEL,,,,,,,,,,,,,,,,,,,,,,,,
2025-09-12T00:17:34.092152,,,Niemcy,RESUPPLY_NEEDS,,resupply_analysis,,,,,,,,,,,,,,,,,,,,,,,,,,NEEDS_ANALYSIS LOW_FUEL | TOTAL_FUEL_NEEDED: 5 | TOTAL_COMBAT_NEEDED: 0 | TOTAL_PE_NEEDED: 5 | BUDGET_AVAILABLE: 35 | UNITS_REQUIRING_HELP: 3,,,,,,,,,,,,,,,,,,,,,,,,
2025-09-12T00:17:34.092152,,,Niemcy,RESUPPLY_OPERATION,,resupply_summary,,,,,,,,,,,,,,,,,,,,,,,,,,RESUPPLY_SUMMARY LOW_FUEL | TOTAL_PE_SPENT: 0 | UNITS_RESUPPLIED: 0/3 | BUDGET_ALLOCATED: 35 | PE_REMAINING: 71,,,,,,,,,,,,,,,,,,,,,,,,
2025-09-12T00:17:34.101674,,target_selection,Niemcy,TL_Kompania__6_Panzer_Kompanie,,target_analysis,,,,,50,7,,,,,,,,,,,,,,,,,,,,"Target analysis: 21 candidates, score -1.00",,21,-1,999,,,,,,,,,False,,,,,,,21,21,21,2,1
2025-09-12T00:17:34.104056,,,Niemcy,TL_Kompania__6_Panzer_Kompanie,,second_move,,,50,7,,,,,,,,,,,,,,,,,,,,,,second_chance after LOW_FUEL,,,,,,,,,,,,,,,,,,,,,,,,
2025-09-12T00:17:34.111859,,target_selection,Niemcy,P_Pluton__6_Grenadier_Bataillon_20250907191921,,target_analysis,,,,,51,7,,,,,,,,,,,,,,,,,,,,"Target analysis: 21 candidates, score -1.00",,21,-1,999,,,,,,,,,False,,,,,,,21,21,21,1,1
2025-09-12T00:17:34.121113,,,Niemcy,P_Pluton__6_Grenadier_Bataillon_20250907191921,,second_move,,,51,7,,,,,,,,,,,,,,,,,,,,,,second_chance after LOW_FUEL,,,,,,,,,,,,,,,,,,,,,,,,
2025-09-12T00:17:34.130935,,target_selection,Niemcy,Z_Pluton__6_Aufkl_rungs_Zug_20250907191928,,target_analysis,,,,,52,-15,,,,,,,,,,,,,,,,,,,,"Target analysis: 21 candidates, score -1.00",,21,-1,999,,,,,,,,,False,,,,,,,21,21,21,1,2
2025-09-12T00:17:34.138558,,,Niemcy,Z_Pluton__6_Aufkl_rungs_Zug_20250907191928,,second_move,,,52,-15,,,,,,,,,,,,,,,,,,,,,,second_chance after LOW_FUEL,,,,,,,,,,,,,,,,,,,,,,,,
2025-09-12T00:17:34.139650,,,Niemcy,RESUPPLY_NEEDS,,resupply_analysis,,,,,,,,,,,,,,,,,,,,,,,,,,NEEDS_ANALYSIS LOW_FUEL | TOTAL_FUEL_NEEDED: 8 | TOTAL_COMBAT_NEEDED: 0 | TOTAL_PE_NEEDED: 8 | BUDGET_AVAILABLE: 56 | UNITS_REQUIRING_HELP: 3,,,,,,,,,,,,,,,,,,,,,,,,
2025-09-12T00:17:34.140910,,,Niemcy,RESUPPLY_OPERATION,,resupply_summary,,,,,,,,,,,,,,,,,,,,,,,,,,RESUPPLY_SUMMARY LOW_FUEL | TOTAL_PE_SPENT: 0 | UNITS_RESUPPLIED: 0/3 | BUDGET_ALLOCATED: 56 | PE_REMAINING: 71,,,,,,,,,,,,,,,,,,,,,,,,
2025-09-12T00:17:34.148789,,strategy,Niemcy,STRATEGY,,strategic_decision,,,,,,,,,,,,,,,,,,,,,,,,,,"Strategy: REASSIGNMENT, aggression 0.50, 1 groups, 0 reassignments",,,,,,,,,REASSIGNMENT,0.5,,,,,,adaptive,,0,dynamic_reassignment,,,,,
2025-09-12T00:17:34.160981,,target_selection,Niemcy,TL_Kompania__6_Panzer_Kompanie,,target_analysis,,,,,52,7,,,,,,,,,,,,,,,,,,,,"Target analysis: 21 candidates, score -1.00",,21,-1,999,,,,,,,,,False,,,,,,,21,21,21,3,1
2025-09-12T00:17:34.163617,,,Niemcy,RESUPPLY_NEEDS,,resupply_analysis,,,,,,,,,,,,,,,,,,,,,,,,,,NEEDS_ANALYSIS LOW_FUEL | TOTAL_FUEL_NEEDED: 8 | TOTAL_COMBAT_NEEDED: 0 | TOTAL_PE_NEEDED: 8 | BUDGET_AVAILABLE: 56 | UNITS_REQUIRING_HELP: 3,,,,,,,,,,,,,,,,,,,,,,,,
2025-09-12T00:17:34.164623,,,Niemcy,RESUPPLY_OPERATION,,resupply_summary,,,,,,,,,,,,,,,,,,,,,,,,,,RESUPPLY_SUMMARY LOW_FUEL | TOTAL_PE_SPENT: 0 | UNITS_RESUPPLIED: 0/3 | BUDGET_ALLOCATED: 56 | PE_REMAINING: 71,,,,,,,,,,,,,,,,,,,,,,,,
2025-09-12T00:17:34.167066,,strategy,Niemcy,STRATEGY,,strategic_decision,,,,,,,,,,,,,,,,,,,,,,,,,,"Strategy: REASSIGNMENT, aggression 0.50, 1 groups, 0 reassignments",,,,,,,,,REASSIGNMENT,0.5,,,,,,adaptive,,0,dynamic_reassignment,,,,,
2025-09-12T00:17:34.174509,,target_selection,Niemcy,P_Kompania__6_Sch_tzen_Kompanie,,target_analysis,,,,,,,,,,,,,,,,,,,,,,,,,,"Target analysis: 21 candidates, score -1.00",,21,-1,999,,,,,,,,,False,,,,,,,21,21,21,0,2
2025-09-12T00:17:34.175534,,,Niemcy,RESUPPLY_NEEDS,,resupply_analysis,,,,,,,,,,,,,,,,,,,,,,,,,,NEEDS_ANALYSIS LOW_FUEL | TOTAL_FUEL_NEEDED: 8 | TOTAL_COMBAT_NEEDED: 0 | TOTAL_PE_NEEDED: 8 | BUDGET_AVAILABLE: 56 | UNITS_REQUIRING_HELP: 3,,,,,,,,,,,,,,,,,,,,,,,,
2025-09-12T00:17:34.175534,,,Niemcy,RESUPPLY_OPERATION,,resupply_summary,,,,,,,,,,,,,,,,,,,,,,,,,,RESUPPLY_SUMMARY LOW_FUEL | TOTAL_PE_SPENT: 0 | UNITS_RESUPPLIED: 0/3 | BUDGET_ALLOCATED: 56 | PE_REMAINING: 71,,,,,,,,,,,,,,,,,,,,,,,,
2025-09-12T00:17:34.184918,,strategy,Niemcy,STRATEGY,,strategic_decision,,,,,,,,,,,,,,,,,,,,,,,,,,"Strategy: REASSIGNMENT, aggression 0.50, 1 groups, 0 reassignments",,,,,,,,,REASSIGNMENT,0.5,,,,,,adaptive,,0,dynamic_reassignment,,,,,
2025-09-12T00:17:34.195014,,target_selection,Niemcy,P_Pluton__6_Sch_tzen_Kompanie_20250907191927,,target_analysis,,,,,50,-7,,,,,,,,,,,,,,,,,,,,"Target analysis: 21 candidates, score -1.00",,21,-1,999,,,,,,,,,False,,,,,,,21,21,21,2,2
2025-09-12T00:17:34.196055,,,Niemcy,P_Pluton__6_Sch_tzen_Kompanie_20250907191927,,adaptive_autonomous,50,-7,50,-7,,,,,,,,,,,,,,,,,,,,,,"Advanced auto mode: group 3 (strategy: LOSING, aggr: 0.9)",,,,,,,,,,,,,,,,,,,,,,,,
2025-09-12T00:17:34.196055,,,Niemcy,TURN_END,,turn_summary,,,,,,,,,,,6,1,,,,,,,,,,,,advanced,opp=1;groups=3;adv=True,"Turn completed: 1/6 units moved, 3 groups (advanced)",,,,,,,,,,,,,,,,,,,,,,,,
2025-09-12T00:20:41.302370,,,Niemcy,TURN_START,,turn_begin,,,,,,,,,,,,,,,,,,,,,,,,,,AI Commander turn started for player 5,,,,,,,,,,,,,,,,,,,,,,,,
2025-09-12T00:20:41.309168,,strategy,Niemcy,STRATEGY,,strategic_decision,,,,,,,,,,,,,,,,,,,,,,,,,,"Strategy: REASSIGNMENT, aggression 0.50, 1 groups, 0 reassignments",,,,,,,,,REASSIGNMENT,0.5,,,,,,adaptive,,0,dynamic_reassignment,,,,,
2025-09-12T00:20:41.311244,,strategy,Niemcy,STRATEGY,,strategic_decision,,,,,,,,,,,,,,,,,,,,,,,,,,"Strategy: REASSIGNMENT, aggression 0.50, 1 groups, 0 reassignments",,,,,,,,,REASSIGNMENT,0.5,,,,,,adaptive,,0,dynamic_reassignment,,,,,
2025-09-12T00:20:41.313373,,,Niemcy,RESUPPLY_NEEDS,,resupply_analysis,,,,,,,,,,,,,,,,,,,,,,,,,,NEEDS_ANALYSIS LOW_FUEL | TOTAL_FUEL_NEEDED: 2 | TOTAL_COMBAT_NEEDED: 0 | TOTAL_PE_NEEDED: 2 | BUDGET_AVAILABLE: 466 | UNITS_REQUIRING_HELP: 1,,,,,,,,,,,,,,,,,,,,,,,,
2025-09-12T00:20:41.313373,,,Niemcy,P_Batalion__5_Sch_tzen_Kompanie,,resupply_detailed,53,1,53,1,,,,,,,,,,,,,,,,,,,,,,phase1 LOW_FUEL | PE_SPENT: fuel=2 combat=0 total=2 | BEFORE: fuel=0 combat=14 | AFTER: fuel=2 combat=14,,,,,,,,,,,,,,,,,,,,,,,,
2025-09-12T00:20:41.315229,,,Niemcy,RESUPPLY_OPERATION,,resupply_summary,,,,,,,,,,,,,,,,,,,,,,,,,,RESUPPLY_SUMMARY LOW_FUEL | TOTAL_PE_SPENT: 2 | UNITS_RESUPPLIED: 1/1 | BUDGET_ALLOCATED: 466 | PE_REMAINING: 516,,,,,,,,,,,,,,,,,,,,,,,,
2025-09-12T00:20:41.333154,,target_selection,Niemcy,P_Batalion__5_Sch_tzen_Kompanie,,target_analysis,,,,,53,3,,,,,,,,,,,,,,,,,,,,"Target analysis: 18 candidates, score -1.00",,18,-1,999,,,,,,,,,False,,,,,,,18,18,18,4,2
2025-09-12T00:20:41.339848,,,Niemcy,P_Batalion__5_Sch_tzen_Kompanie,,second_move,,,53,3,,,,,,,,,,,,,,,,,,,,,,second_chance after LOW_FUEL,,,,,,,,,,,,,,,,,,,,,,,,
2025-09-12T00:20:41.352447,,strategy,Niemcy,STRATEGY,,strategic_decision,,,,,,,,,,,,,,,,,,,,,,,,,,"Strategy: REASSIGNMENT, aggression 0.50, 1 groups, 0 reassignments",,,,,,,,,REASSIGNMENT,0.5,,,,,,adaptive,,0,dynamic_reassignment,,,,,
2025-09-12T00:20:41.364257,,target_selection,Niemcy,P_Batalion__5_Sch_tzen_Kompanie,,target_analysis,,,,,54,0,,,,,,,,,,,,,,,,,,,,"Target analysis: 18 candidates, score -1.00",,18,-1,999,,,,,,,,,False,,,,,,,18,18,18,3,1
2025-09-12T00:20:41.370576,,,Niemcy,TURN_END,,turn_summary,,,,,,,,,,,1,0,,,,,,,,,,,,advanced,opp=0;groups=1;adv=True,"Turn completed: 0/1 units moved, 1 groups (advanced)",,,,,,,,,,,,,,,,,,,,,,,,
2025-09-12T00:20:41.423173,,,Niemcy,TURN_START,,turn_begin,,,,,,,,,,,,,,,,,,,,,,,,,,AI Commander turn started for player 6,,,,,,,,,,,,,,,,,,,,,,,,
2025-09-12T00:20:41.441609,,strategy,Niemcy,STRATEGY,,strategic_decision,,,,,,,,,,,,,,,,,,,,,,,,,,"Strategy: REASSIGNMENT, aggression 0.50, 3 groups, 0 reassignments",,,,,,,,,REASSIGNMENT,0.5,,,,,,adaptive,,0,dynamic_reassignment,,,,,
2025-09-12T00:20:41.448459,,strategy,Niemcy,STRATEGY,,strategic_decision,,,,,,,,,,,,,,,,,,,,,,,,,,"Strategy: REASSIGNMENT, aggression 0.50, 3 groups, 0 reassignments",,,,,,,,,REASSIGNMENT,0.5,,,,,,adaptive,,0,dynamic_reassignment,,,,,
2025-09-12T00:20:41.450048,,,Niemcy,RESUPPLY_NEEDS,,resupply_analysis,,,,,,,,,,,,,,,,,,,,,,,,,,NEEDS_ANALYSIS LOW_FUEL | TOTAL_FUEL_NEEDED: 6 | TOTAL_COMBAT_NEEDED: 20 | TOTAL_PE_NEEDED: 26 | BUDGET_AVAILABLE: 73 | UNITS_REQUIRING_HELP: 5,,,,,,,,,,,,,,,,,,,,,,,,
2025-09-12T00:20:41.450048,,,Niemcy,TL_Kompania__6_Panzer_Kompanie,,resupply_detailed,50,7,50,7,,,,,,,,,,,,,,,,,,,,,,phase1 LOW_FUEL | PE_SPENT: fuel=2 combat=0 total=2 | BEFORE: fuel=0 combat=14 | AFTER: fuel=2 combat=14,,,,,,,,,,,,,,,,,,,,,,,,
2025-09-12T00:20:41.451296,,,Niemcy,P_Pluton__6_Grenadier_Bataillon_20250907191921,,resupply_detailed,51,7,51,7,,,,,,,,,,,,,,,,,,,,,,phase1 LOW_FUEL | PE_SPENT: fuel=2 combat=0 total=2 | BEFORE: fuel=0 combat=8 | AFTER: fuel=2 combat=8,,,,,,,,,,,,,,,,,,,,,,,,
2025-09-12T00:20:41.451296,,,Niemcy,P_Kompania__6_Sch_tzen_Kompanie,,resupply_detailed,41,11,41,11,,,,,,,,,,,,,,,,,,,,,,phase1 LOW_FUEL | PE_SPENT: fuel=0 combat=10 total=10 | BEFORE: fuel=2 combat=1 | AFTER: fuel=2 combat=11,,,,,,,,,,,,,,,,,,,,,,,,
2025-09-12T00:20:41.451296,,,Niemcy,P_Kompania__6_Infanterie_Regiment,,resupply_detailed,40,12,40,12,,,,,,,,,,,,,,,,,,,,,,phase1 LOW_FUEL | PE_SPENT: fuel=0 combat=10 total=10 | BEFORE: fuel=2 combat=1 | AFTER: fuel=2 combat=11,,,,,,,,,,,,,,,,,,,,,,,,
2025-09-12T00:20:41.452435,,,Niemcy,P_Pluton__6_Sch_tzen_Kompanie_20250907191927,,resupply_detailed,50,-7,50,-7,,,,,,,,,,,,,,,,,,,,,,phase1 LOW_FUEL | PE_SPENT: fuel=1 combat=0 total=1 | BEFORE: fuel=1 combat=8 | AFTER: fuel=2 combat=8,,,,,,,,,,,,,,,,,,,,,,,,
2025-09-12T00:20:41.452435,,,Niemcy,RESUPPLY_OPERATION,,resupply_summary,,,,,,,,,,,,,,,,,,,,,,,,,,RESUPPLY_SUMMARY LOW_FUEL | TOTAL_PE_SPENT: 25 | UNITS_RESUPPLIED: 5/5 | BUDGET_ALLOCATED: 73 | PE_REMAINING: 67,,,,,,,,,,,,,,,,,,,,,,,,
2025-09-12T00:20:41.468923,,target_selection,Niemcy,TL_Kompania__6_Panzer_Kompanie,,target_analysis,,,,,48,7,,,,,,,,,,,,,,,,,,,,"Target analysis: 18 candidates, score -1.00",,18,-1,999,,,,,,,,,False,,,,,,,18,18,18,5,2
2025-09-12T00:20:41.472322,,,Niemcy,TL_Kompania__6_Panzer_Kompanie,,second_move,,,48,7,,,,,,,,,,,,,,,,,,,,,,second_chance after LOW_FUEL,,,,,,,,,,,,,,,,,,,,,,,,
2025-09-12T00:20:41.483766,,target_selection,Niemcy,P_Pluton__6_Grenadier_Bataillon_20250907191921,,target_analysis,,,,,49,7,,,,,,,,,,,,,,,,,,,,"Target analysis: 18 candidates, score -1.00",,18,-1,999,,,,,,,,,False,,,,,,,18,18,18,4,2
2025-09-12T00:20:41.486892,,,Niemcy,P_Pluton__6_Grenadier_Bataillon_20250907191921,,second_move,,,49,7,,,,,,,,,,,,,,,,,,,,,,second_chance after LOW_FUEL,,,,,,,,,,,,,,,,,,,,,,,,
2025-09-12T00:20:41.501946,,target_selection,Niemcy,P_Kompania__6_Infanterie_Regiment,,target_analysis,,,,,38,12,,,,,,,,,,,,,,,,,,,,"Target analysis: 18 candidates, score -1.00",,18,-1,999,,,,,,,,,False,,,,,,,18,18,18,4,2
2025-09-12T00:20:41.504212,,,Niemcy,P_Kompania__6_Infanterie_Regiment,,second_move,,,38,12,,,,,,,,,,,,,,,,,,,,,,second_chance after LOW_FUEL,,,,,,,,,,,,,,,,,,,,,,,,
2025-09-12T00:20:41.516321,,target_selection,Niemcy,P_Pluton__6_Sch_tzen_Kompanie_20250907191927,,target_analysis,,,,,50,-5,,,,,,,,,,,,,,,,,,,,"Target analysis: 18 candidates, score -1.00",,18,-1,999,,,,,,,,,False,,,,,,,18,18,18,2,2
2025-09-12T00:20:41.519879,,,Niemcy,P_Pluton__6_Sch_tzen_Kompanie_20250907191927,,second_move,,,50,-5,,,,,,,,,,,,,,,,,,,,,,second_chance after LOW_FUEL,,,,,,,,,,,,,,,,,,,,,,,,
2025-09-12T00:20:41.521885,,,Niemcy,RESUPPLY_NEEDS,,resupply_analysis,,,,,,,,,,,,,,,,,,,,,,,,,,NEEDS_ANALYSIS LOW_FUEL | TOTAL_FUEL_NEEDED: 5 | TOTAL_COMBAT_NEEDED: 0 | TOTAL_PE_NEEDED: 5 | BUDGET_AVAILABLE: 53 | UNITS_REQUIRING_HELP: 4,,,,,,,,,,,,,,,,,,,,,,,,
2025-09-12T00:20:41.521885,,,Niemcy,TL_Kompania__6_Panzer_Kompanie,,resupply_detailed,48,7,48,7,,,,,,,,,,,,,,,,,,,,,,phase1 LOW_FUEL | PE_SPENT: fuel=1 combat=0 total=1 | BEFORE: fuel=1 combat=14 | AFTER: fuel=2 combat=14,,,,,,,,,,,,,,,,,,,,,,,,
2025-09-12T00:20:41.522906,,,Niemcy,P_Kompania__6_Infanterie_Regiment,,resupply_detailed,38,12,38,12,,,,,,,,,,,,,,,,,,,,,,phase1 LOW_FUEL | PE_SPENT: fuel=1 combat=0 total=1 | BEFORE: fuel=1 combat=11 | AFTER: fuel=2 combat=11,,,,,,,,,,,,,,,,,,,,,,,,
2025-09-12T00:20:41.522906,,,Niemcy,P_Pluton__6_Grenadier_Bataillon_20250907191921,,resupply_detailed,49,7,49,7,,,,,,,,,,,,,,,,,,,,,,phase1 LOW_FUEL | PE_SPENT: fuel=1 combat=0 total=1 | BEFORE: fuel=1 combat=8 | AFTER: fuel=2 combat=8,,,,,,,,,,,,,,,,,,,,,,,,
2025-09-12T00:20:41.522906,,,Niemcy,P_Pluton__6_Sch_tzen_Kompanie_20250907191927,,resupply_detailed,50,-5,50,-5,,,,,,,,,,,,,,,,,,,,,,phase1 LOW_FUEL | PE_SPENT: fuel=1 combat=0 total=1 | BEFORE: fuel=1 combat=8 | AFTER: fuel=2 combat=8,,,,,,,,,,,,,,,,,,,,,,,,
2025-09-12T00:20:41.524179,,,Niemcy,RESUPPLY_OPERATION,,resupply_summary,,,,,,,,,,,,,,,,,,,,,,,,,,RESUPPLY_SUMMARY LOW_FUEL | TOTAL_PE_SPENT: 4 | UNITS_RESUPPLIED: 4/4 | BUDGET_ALLOCATED: 53 | PE_REMAINING: 63,,,,,,,,,,,,,,,,,,,,,,,,
2025-09-12T00:20:41.537245,,target_selection,Niemcy,TL_Kompania__6_Panzer_Kompanie,,target_analysis,,,,,46,7,,,,,,,,,,,,,,,,,,,,"Target analysis: 18 candidates, score -1.00",,18,-1,999,,,,,,,,,False,,,,,,,18,18,18,4,2
2025-09-12T00:20:41.539688,,,Niemcy,TL_Kompania__6_Panzer_Kompanie,,second_move,,,46,7,,,,,,,,,,,,,,,,,,,,,,second_chance after LOW_FUEL,,,,,,,,,,,,,,,,,,,,,,,,
2025-09-12T00:20:41.561866,,target_selection,Niemcy,P_Kompania__6_Infanterie_Regiment,,target_analysis,,,,,40,12,,,,,,,,,,,,,,,,,,,,"Target analysis: 18 candidates, score -1.00",,18,-1,999,,,,,,,,,False,,,,,,,18,18,18,3,2
2025-09-12T00:20:41.570225,,,Niemcy,P_Kompania__6_Infanterie_Regiment,,second_move,,,40,12,,,,,,,,,,,,,,,,,,,,,,second_chance after LOW_FUEL,,,,,,,,,,,,,,,,,,,,,,,,
2025-09-12T00:20:41.586707,,target_selection,Niemcy,P_Pluton__6_Grenadier_Bataillon_20250907191921,,target_analysis,,,,,51,7,,,,,,,,,,,,,,,,,,,,"Target analysis: 18 candidates, score -1.00",,18,-1,999,,,,,,,,,False,,,,,,,18,18,18,3,2
2025-09-12T00:20:41.590324,,,Niemcy,P_Pluton__6_Grenadier_Bataillon_20250907191921,,second_move,,,51,7,,,,,,,,,,,,,,,,,,,,,,second_chance after LOW_FUEL,,,,,,,,,,,,,,,,,,,,,,,,
2025-09-12T00:20:41.596956,,target_selection,Niemcy,P_Pluton__6_Sch_tzen_Kompanie_20250907191927,,target_analysis,,,,,51,-5,,,,,,,,,,,,,,,,,,,,"Target analysis: 18 candidates, score -1.00",,18,-1,999,,,,,,,,,False,,,,,,,18,18,18,1,2
2025-09-12T00:20:41.600907,,,Niemcy,P_Pluton__6_Sch_tzen_Kompanie_20250907191927,,second_move,,,51,-5,,,,,,,,,,,,,,,,,,,,,,second_chance after LOW_FUEL,,,,,,,,,,,,,,,,,,,,,,,,
2025-09-12T00:20:41.612968,,strategy,Niemcy,STRATEGY,,strategic_decision,,,,,,,,,,,,,,,,,,,,,,,,,,"Strategy: REASSIGNMENT, aggression 0.50, 1 groups, 0 reassignments",,,,,,,,,REASSIGNMENT,0.5,,,,,,adaptive,,0,dynamic_reassignment,,,,,
2025-09-12T00:20:41.621393,,target_selection,Niemcy,TL_Kompania__6_Panzer_Kompanie,,target_analysis,,,,,50,8,,,,,,,,,,,,,,,,,,,,"Target analysis: 18 candidates, score -1.00",,18,-1,999,,,,,,,,,False,,,,,,,18,18,18,4,1
2025-09-12T00:20:41.625666,,,Niemcy,P_Pluton__6_Grenadier_Bataillon_20250907191921,,adaptive_autonomous,50,8,50,8,,,,,,,,,,,,,,,,,,,,,,"Advanced auto mode: group 1 (strategy: LOSING, aggr: 0.9)",,,,,,,,,,,,,,,,,,,,,,,,
2025-09-12T00:20:41.626733,,strategy,Niemcy,STRATEGY,,strategic_decision,,,,,,,,,,,,,,,,,,,,,,,,,,"Strategy: REASSIGNMENT, aggression 0.50, 1 groups, 0 reassignments",,,,,,,,,REASSIGNMENT,0.5,,,,,,adaptive,,0,dynamic_reassignment,,,,,
2025-09-12T00:20:41.630455,,target_selection,Niemcy,P_Kompania__6_Sch_tzen_Kompanie,,target_analysis,,,,,,,,,,,,,,,,,,,,,,,,,,"Target analysis: 18 candidates, score -1.00",,18,-1,999,,,,,,,,,False,,,,,,,18,18,18,0,2
2025-09-12T00:20:41.635234,,strategy,Niemcy,STRATEGY,,strategic_decision,,,,,,,,,,,,,,,,,,,,,,,,,,"Strategy: REASSIGNMENT, aggression 0.50, 1 groups, 0 reassignments",,,,,,,,,REASSIGNMENT,0.5,,,,,,adaptive,,0,dynamic_reassignment,,,,,
2025-09-12T00:20:41.642160,,target_selection,Niemcy,P_Pluton__6_Sch_tzen_Kompanie_20250907191927,,target_analysis,,,,,50,-6,,,,,,,,,,,,,,,,,,,,"Target analysis: 18 candidates, score -1.00",,18,-1,999,,,,,,,,,False,,,,,,,18,18,18,2,1
2025-09-12T00:20:41.645572,,,Niemcy,TURN_END,,turn_summary,,,,,,,,,,,5,1,,,,,,,,,,,,advanced,opp=0;groups=3;adv=True,"Turn completed: 1/5 units moved, 3 groups (advanced)",,,,,,,,,,,,,,,,,,,,,,,,
2025-09-12T00:24:18.527751,,,Niemcy,TURN_START,,turn_begin,,,,,,,,,,,,,,,,,,,,,,,,,,AI Commander turn started for player 5,,,,,,,,,,,,,,,,,,,,,,,,
2025-09-12T00:24:18.541077,,strategy,Niemcy,STRATEGY,,strategic_decision,,,,,,,,,,,,,,,,,,,,,,,,,,"Strategy: REASSIGNMENT, aggression 0.50, 1 groups, 0 reassignments",,,,,,,,,REASSIGNMENT,0.5,,,,,,adaptive,,0,dynamic_reassignment,,,,,
2025-09-12T00:24:18.542799,,strategy,Niemcy,STRATEGY,,strategic_decision,,,,,,,,,,,,,,,,,,,,,,,,,,"Strategy: REASSIGNMENT, aggression 0.50, 1 groups, 0 reassignments",,,,,,,,,REASSIGNMENT,0.5,,,,,,adaptive,,0,dynamic_reassignment,,,,,
2025-09-12T00:24:18.544908,,,Niemcy,RESUPPLY_NEEDS,,resupply_analysis,,,,,,,,,,,,,,,,,,,,,,,,,,NEEDS_ANALYSIS LOW_FUEL | TOTAL_FUEL_NEEDED: 2 | TOTAL_COMBAT_NEEDED: 0 | TOTAL_PE_NEEDED: 2 | BUDGET_AVAILABLE: 493 | UNITS_REQUIRING_HELP: 1,,,,,,,,,,,,,,,,,,,,,,,,
2025-09-12T00:24:18.544908,,,Niemcy,P_Batalion__5_Sch_tzen_Kompanie,,resupply_detailed,53,0,53,0,,,,,,,,,,,,,,,,,,,,,,phase1 LOW_FUEL | PE_SPENT: fuel=2 combat=0 total=2 | BEFORE: fuel=0 combat=14 | AFTER: fuel=2 combat=14,,,,,,,,,,,,,,,,,,,,,,,,
2025-09-12T00:24:18.545978,,,Niemcy,RESUPPLY_OPERATION,,resupply_summary,,,,,,,,,,,,,,,,,,,,,,,,,,RESUPPLY_SUMMARY LOW_FUEL | TOTAL_PE_SPENT: 2 | UNITS_RESUPPLIED: 1/1 | BUDGET_ALLOCATED: 493 | PE_REMAINING: 546,,,,,,,,,,,,,,,,,,,,,,,,
2025-09-12T00:24:18.569677,,target_selection,Niemcy,P_Batalion__5_Sch_tzen_Kompanie,,target_analysis,,,,,53,2,,,,,,,,,,,,,,,,,,,,"Target analysis: 18 candidates, score -1.00",,18,-1,999,,,,,,,,,False,,,,,,,18,18,18,4,2
2025-09-12T00:24:18.573293,,,Niemcy,P_Batalion__5_Sch_tzen_Kompanie,,second_move,,,53,2,,,,,,,,,,,,,,,,,,,,,,second_chance after LOW_FUEL,,,,,,,,,,,,,,,,,,,,,,,,
2025-09-12T00:24:18.578670,,strategy,Niemcy,STRATEGY,,strategic_decision,,,,,,,,,,,,,,,,,,,,,,,,,,"Strategy: REASSIGNMENT, aggression 0.50, 1 groups, 0 reassignments",,,,,,,,,REASSIGNMENT,0.5,,,,,,adaptive,,0,dynamic_reassignment,,,,,
2025-09-12T00:24:18.590377,,target_selection,Niemcy,P_Batalion__5_Sch_tzen_Kompanie,,target_analysis,,,,,54,0,,,,,,,,,,,,,,,,,,,,"Target analysis: 18 candidates, score -1.00",,18,-1,999,,,,,,,,,False,,,,,,,18,18,18,3,1
2025-09-12T00:24:18.594748,,,Niemcy,P_Batalion__5_Sch_tzen_Kompanie,,adaptive_autonomous,54,0,54,0,,,,,,,,,,,,,,,,,,,,,,"Advanced auto mode: group 1 (strategy: LOSING, aggr: 0.9)",,,,,,,,,,,,,,,,,,,,,,,,
2025-09-12T00:24:18.595910,,,Niemcy,TURN_END,,turn_summary,,,,,,,,,,,1,1,,,,,,,,,,,,advanced,opp=0;groups=1;adv=True,"Turn completed: 1/1 units moved, 1 groups (advanced)",,,,,,,,,,,,,,,,,,,,,,,,
2025-09-12T00:24:18.645846,,,Niemcy,TURN_START,,turn_begin,,,,,,,,,,,,,,,,,,,,,,,,,,AI Commander turn started for player 6,,,,,,,,,,,,,,,,,,,,,,,,
2025-09-12T00:24:18.663994,,strategy,Niemcy,STRATEGY,,strategic_decision,,,,,,,,,,,,,,,,,,,,,,,,,,"Strategy: REASSIGNMENT, aggression 0.50, 2 groups, 0 reassignments",,,,,,,,,REASSIGNMENT,0.5,,,,,,adaptive,,0,dynamic_reassignment,,,,,
2025-09-12T00:24:18.670753,,strategy,Niemcy,STRATEGY,,strategic_decision,,,,,,,,,,,,,,,,,,,,,,,,,,"Strategy: REASSIGNMENT, aggression 0.50, 2 groups, 0 reassignments",,,,,,,,,REASSIGNMENT,0.5,,,,,,adaptive,,0,dynamic_reassignment,,,,,
2025-09-12T00:24:18.671812,,,Niemcy,RESUPPLY_NEEDS,,resupply_analysis,,,,,,,,,,,,,,,,,,,,,,,,,,NEEDS_ANALYSIS LOW_FUEL | TOTAL_FUEL_NEEDED: 4 | TOTAL_COMBAT_NEEDED: 0 | TOTAL_PE_NEEDED: 4 | BUDGET_AVAILABLE: 81 | UNITS_REQUIRING_HELP: 2,,,,,,,,,,,,,,,,,,,,,,,,
2025-09-12T00:24:18.673144,,,Niemcy,P_Pluton__6_Grenadier_Bataillon_20250907191921,,resupply_detailed,50,8,50,8,,,,,,,,,,,,,,,,,,,,,,phase1 LOW_FUEL | PE_SPENT: fuel=2 combat=0 total=2 | BEFORE: fuel=0 combat=8 | AFTER: fuel=2 combat=8,,,,,,,,,,,,,,,,,,,,,,,,
2025-09-12T00:24:18.673144,,,Niemcy,TL_Kompania__6_Panzer_Kompanie,,resupply_detailed,46,7,46,7,,,,,,,,,,,,,,,,,,,,,,phase1 LOW_FUEL | PE_SPENT: fuel=1 combat=0 total=1 | BEFORE: fuel=1 combat=14 | AFTER: fuel=2 combat=14,,,,,,,,,,,,,,,,,,,,,,,,
2025-09-12T00:24:18.674158,,,Niemcy,RESUPPLY_OPERATION,,resupply_summary,,,,,,,,,,,,,,,,,,,,,,,,,,RESUPPLY_SUMMARY LOW_FUEL | TOTAL_PE_SPENT: 3 | UNITS_RESUPPLIED: 2/2 | BUDGET_ALLOCATED: 81 | PE_REMAINING: 87,,,,,,,,,,,,,,,,,,,,,,,,
2025-09-12T00:24:18.687150,,target_selection,Niemcy,P_Pluton__6_Grenadier_Bataillon_20250907191921,,target_analysis,,,,,52,6,,,,,,,,,,,,,,,,,,,,"Target analysis: 18 candidates, score -1.00",,18,-1,999,,,,,,,,,False,,,,,,,18,18,18,4,2
2025-09-12T00:24:18.690357,,,Niemcy,P_Pluton__6_Grenadier_Bataillon_20250907191921,,second_move,,,52,6,,,,,,,,,,,,,,,,,,,,,,second_chance after LOW_FUEL,,,,,,,,,,,,,,,,,,,,,,,,
2025-09-12T00:24:18.710545,,target_selection,Niemcy,TL_Kompania__6_Panzer_Kompanie,,target_analysis,,,,,48,7,,,,,,,,,,,,,,,,,,,,"Target analysis: 18 candidates, score -1.00",,18,-1,999,,,,,,,,,False,,,,,,,18,18,18,5,2
2025-09-12T00:24:18.715352,,,Niemcy,TL_Kompania__6_Panzer_Kompanie,,second_move,,,48,7,,,,,,,,,,,,,,,,,,,,,,second_chance after LOW_FUEL,,,,,,,,,,,,,,,,,,,,,,,,
2025-09-12T00:24:18.721886,,strategy,Niemcy,STRATEGY,,strategic_decision,,,,,,,,,,,,,,,,,,,,,,,,,,"Strategy: REASSIGNMENT, aggression 0.50, 1 groups, 0 reassignments",,,,,,,,,REASSIGNMENT,0.5,,,,,,adaptive,,0,dynamic_reassignment,,,,,
2025-09-12T00:24:18.734757,,target_selection,Niemcy,TL_Kompania__6_Panzer_Kompanie,,target_analysis,,,,,47,7,,,,,,,,,,,,,,,,,,,,"Target analysis: 18 candidates, score -1.00",,18,-1,999,,,,,,,,,False,,,,,,,18,18,18,5,1
2025-09-12T00:24:18.736867,,strategy,Niemcy,STRATEGY,,strategic_decision,,,,,,,,,,,,,,,,,,,,,,,,,,"Strategy: REASSIGNMENT, aggression 0.50, 1 groups, 0 reassignments",,,,,,,,,REASSIGNMENT,0.5,,,,,,adaptive,,0,dynamic_reassignment,,,,,
2025-09-12T00:24:18.742685,,target_selection,Niemcy,P_Pluton__6_Grenadier_Bataillon_20250907191921,,target_analysis,,,,,50,7,,,,,,,,,,,,,,,,,,,,"Target analysis: 18 candidates, score -1.00",,18,-1,999,,,,,,,,,False,,,,,,,18,18,18,3,1
2025-09-12T00:24:18.746763,,,Niemcy,P_Pluton__6_Grenadier_Bataillon_20250907191921,,adaptive_autonomous,50,7,50,7,,,,,,,,,,,,,,,,,,,,,,"Advanced auto mode: group 2 (strategy: LOSING, aggr: 0.9)",,,,,,,,,,,,,,,,,,,,,,,,
2025-09-12T00:24:18.749189,,,Niemcy,TURN_END,,turn_summary,,,,,,,,,,,2,1,,,,,,,,,,,,advanced,opp=0;groups=2;adv=True,"Turn completed: 1/2 units moved, 2 groups (advanced)",,,,,,,,,,,,,,,,,,,,,,,,
